,2019,2020,2021,2022,2023,2024,2025,2026,2027,2028,2029,2030,2031,2032,2033,2034,2035,2036,2037,2038,2039,2040,2041,2042,2043,2044,2045,2046,2047,2048,2049,2050
experiment_000,4373.102774554884,4410.830852525151,4424.995845186895,4452.492470550289,4329.404200767903,5377.251391192698,5418.017142860896,5416.585475256625,5532.510348200411,5536.2515962047455,5566.756648488619,5561.923471261523,5559.009516343421,5537.459442206913,5516.956701094988,5513.82698268346,5521.4165687348595,5486.595271409084,5480.918215600415,5452.873839737054,5430.8809958260745,5413.403322689435,5384.25305243907,5349.504896687471,5296.8278452109225,5314.593003517977,5262.527231876309,5254.509007449404,5220.741140894787,5194.643367802014,5165.109443620985,5119.842656765893
experiment_001,4373.102774554884,4355.522375809813,4341.728752502342,4327.676104440796,4177.195770800396,5057.974670211826,5047.591213159997,5063.959339573955,5163.494389765703,5166.683341343335,5193.618489892651,5197.9786017303195,5223.392645114798,5252.22824456982,5301.690298347081,5367.264071313954,5409.2952214640645,5477.248904252072,5560.495546463208,5652.99286250652,5750.9255386789655,5833.310292360757,5944.604759800923,6040.103910104255,6186.528582930407,6330.195216460004,6416.509614322579,6601.414804353906,6736.955458929355,6918.376820288188,6994.780542879353,7199.696699311644
experiment_002,4373.102774554884,4346.279597844055,4326.906161940202,4307.251608896172,4145.279206228502,5042.355907325548,5006.526020050597,5005.942408183098,5137.025969940618,5176.526246412333,5161.475560033232,5221.805906953777,5278.909717758901,5334.266725836162,5386.143032098314,5465.756889523819,5559.153975644076,5682.466437714125,5801.874333110702,5938.512774667625,6090.296499153942,6269.480014115645,6467.332351522162,6599.864522736099,6845.264379273653,7012.782203445073,7291.003580148767,7541.187488628171,7781.516602238909,8100.7660115666695,8441.070115480117,8741.422197103757
experiment_003,4373.102774554884,4372.372543089126,4236.454887155354,4239.7175105382175,4110.495431876727,5289.416403881153,5299.761424072505,5344.553775785652,5423.692946886633,5472.744082921861,5494.695023082191,5529.50348930441,5612.586593666968,5628.621090844118,5713.308612629806,5774.1655914647545,5847.738628573672,5931.878135596238,5995.931462628194,6080.127011780549,6169.2881740783505,6271.813242438937,6364.799823061772,6449.050732902908,6565.635862542084,6681.433589000779,6795.488620366765,6887.922045088435,7002.458665631464,7134.247903643563,7326.050874608901,7382.895301699625
experiment_004,4373.102774554884,4394.992146785398,4403.413026951286,4428.713656064419,4310.402316371934,5348.553496477405,5389.117596372826,5400.531165242308,5588.006547033924,5637.1114423140325,5693.441626089965,5789.233456552634,5849.344712664226,5934.365747919814,6039.023805355257,6110.494470552882,6215.587348437599,6328.613918426197,6464.716495700442,6559.805987505622,6682.627366326388,6812.614839983718,6927.56772572551,7053.620458966605,7208.395307846265,7352.631891135839,7493.342305215669,7639.07807834252,7818.9104687546205,7971.2126264906365,8106.798927944651,8249.59759200438
experiment_005,4373.102774554884,4217.067174374931,4181.84185329755,4164.416020429635,4002.2877889156803,5104.198864885367,5122.684784818218,5166.279061599017,5214.12425002598,5266.362747277883,5286.2380647127675,5329.794069578926,5384.681718722602,5458.415729463019,5526.840117481501,5621.851899240106,5706.798470211772,5844.583787144873,5947.070797111337,6096.0176791898975,6252.32140576189,6411.762457891722,6567.087573474999,6736.874411095832,6931.159238088986,7151.481195624627,7358.8090413126865,7585.556534080933,7812.184346077224,8124.257007890142,8389.482161586879,8614.716919712067
experiment_006,4373.102774554884,4419.286895712187,4464.40623344599,4516.595170572217,4337.765944189795,5401.2004482088505,5524.593373982704,5574.122552818616,5785.530930555546,5897.7428884351675,5977.023494769042,6093.73475498116,6216.030424864428,6331.546312089976,6451.344585799436,6563.281172408853,6698.802379459776,6831.784999145194,6953.419318541928,7106.89510852015,7258.868258944853,7410.84760029149,7593.013707754553,7774.809359074092,7936.1995402673265,8141.646028389177,8317.854468842268,8442.142785328493,8692.587268785459,8883.75965134504,9000.828797311222,9224.539444125196
experiment_007,4373.102774554884,4344.539130315713,4221.0338476753295,4212.961731350737,4060.504565983292,5183.463851384591,5196.174649336242,5224.477881090654,5343.230182590369,5411.085838926746,5463.107793534215,5537.400322410779,5603.227605656881,5694.61431779542,5832.280036097618,5921.964324082441,6074.4881290999,6213.812409631236,6350.963826890726,6518.136782771722,6701.221771174294,6859.963258176378,7050.818317354733,7257.019605318934,7448.266901393904,7652.44564066549,7882.939897181114,8127.509455341578,8346.162175367075,8599.884840575207,8863.965911981284,9161.741062590783
experiment_008,4373.102774554884,4301.050735021236,4260.822756697454,4219.776898957187,4042.0412220175394,4855.114758969716,4843.026960146087,4795.068909615692,4868.426384196936,4881.787995185323,4854.794266400811,4863.034026129582,4894.486236354729,4927.461215401156,4945.097325937624,5001.8797482318605,5056.017359146435,5134.599299235391,5218.6510996414245,5334.471916419461,5460.1312611943395,5592.760693704647,5737.827821120041,5906.555710710017,6070.909070777916,6285.717285179973,6527.971220389832,6734.984185839479,6990.372579187874,7200.121742581501,7477.23216031683,7738.496331578761
experiment_009,4373.102774554884,4378.01756007165,4273.174732081958,4278.823994741268,4133.252255466998,5248.428209141712,5289.177775666169,5317.422691338605,5494.671483218073,5536.738426960439,5585.663841157174,5663.748521280219,5764.3736566851,5866.393916153258,6011.676724541383,6121.3611567968655,6257.962509412428,6402.733025361669,6568.700032746517,6716.320377141741,6887.713212531922,7100.318099924985,7258.399282519147,7499.88476463782,7740.316449731031,7983.892090232826,8192.307902301458,8483.308211000629,8781.655090946311,9064.32079556899,9356.86286523844,9675.66426792632
experiment_010,4373.102774554884,4399.286893559412,4404.949203577795,4426.600025863866,4301.971217076512,5297.094815546433,5348.6942460568,5302.63614186519,5495.3245893086605,5530.974766355193,5581.917372428464,5614.92321967679,5638.683812729752,5716.541561575252,5754.502763289689,5827.117324443243,5905.7584666143375,5960.965979363392,6055.345198780904,6134.613248413483,6280.14337851588,6366.730564810252,6469.077878720925,6592.926776481198,6747.497893255499,6876.860402559746,7006.558063092849,7135.292246666374,7276.2175745210625,7465.285659407168,7615.09349965661,7777.390804637473
experiment_011,4373.102774554884,4385.4906048442635,4390.730534385707,4392.697027640457,4255.240738889924,5323.233829828917,5374.264555918884,5338.094291226907,5425.051727350571,5434.941685209797,5438.84470967748,5420.211258252717,5436.815556877868,5439.087629362163,5439.041009464874,5457.854022969621,5449.985342587824,5460.025845393361,5467.496733317214,5471.2932040288315,5505.649762599506,5523.687561795214,5513.158086227898,5538.191450525046,5559.858335410044,5583.187899874332,5611.765682133981,5642.213531152296,5683.902301584846,5750.718450683076,5806.821336883984,5868.476952589075
experiment_012,4373.102774554884,4374.4531087901,4376.03315191596,4393.371913695682,4266.214743195202,5197.854305125507,5263.121760074928,5349.525552467289,5504.057319340993,5560.992903215866,5663.890512960972,5747.381178746111,5862.175239194755,5997.071228994122,6111.983542076749,6277.548954321841,6428.394854097958,6598.131907024457,6773.1275424023315,6913.838800658388,7091.703463159987,7297.559791986047,7506.824510200888,7776.3552755473065,8005.6340473874325,8211.083781461075,8452.18434223732,8728.333500727666,9025.270447282966,9339.690405025278,9634.236756113005,9998.043631081995
experiment_013,4373.102774554884,4348.824394436079,4217.914023951232,4206.872333163039,4062.2239750098506,5163.239377649428,5210.599485140881,5198.333829904057,5405.805943050667,5407.093006091234,5470.062173336517,5526.5300521763875,5598.940040322959,5709.554386107506,5796.000584165704,5943.2606457167185,6058.165309721604,6185.060289827054,6353.424505691977,6530.717972723669,6737.558723602152,6929.093895504209,7126.417196759732,7346.359725855095,7571.49356790285,7836.761797830637,8089.25960985442,8319.178267613373,8602.294432594443,8920.108997634285,9218.571606154452,9544.207872133851
experiment_014,4373.102774554884,4321.775374254362,4265.4497370575755,4238.3530256871745,4074.9898731855465,4912.048708402066,4929.187776793409,4934.546164526199,5072.083752364084,5114.210030949378,5152.165576770399,5225.95224776901,5276.058493853441,5395.082345016401,5524.533101030631,5639.678683446718,5811.975391053927,5953.0913951389375,6173.371285300651,6359.093227115101,6605.486188084417,6812.805629276894,7112.670974065502,7378.358562437024,7677.823501914856,7998.893144410662,8334.90155738569,8716.197524018982,9117.37378924468,9530.983487280651,10006.056828668066,10407.984940957274
experiment_015,4373.102774554884,4160.392806637465,4047.5810660245015,3965.006641361023,3786.105657099749,4657.864953267463,4539.97528835338,4482.765854888358,4533.831407620201,4487.783101792438,4437.327827986923,4401.306904684814,4369.531429648923,4370.78666424181,4352.011655377242,4356.549911162809,4373.733422486163,4411.849795668342,4445.301060485667,4494.114355105816,4563.405545101494,4643.316516454881,4735.7324279112745,4854.002184675073,4985.853327529518,5110.901980443739,5285.651143301314,5519.169710633706,5711.333812943236,5942.165683691377,6197.0998756633735,6450.0658283359135
experiment_016,4373.102774554884,4371.939067820904,4231.870181625356,4238.00865407654,4075.1696280278074,5285.431564787397,5303.754504062619,5351.583808956616,5449.628479331272,5496.713541787212,5553.6067615756,5608.956902476839,5648.291497986049,5726.13256319914,5790.939922226045,5873.19825447485,5969.148666223461,6049.358781099784,6145.542735818375,6271.1024071933825,6377.471233123597,6503.176040644914,6657.163927502047,6793.332911405959,6906.374702896395,7045.405374550471,7244.670353372041,7406.8391020117415,7582.608583915107,7813.730567425356,8034.341312675157,8230.132844499758
experiment_017,4373.102774554884,4408.416771444568,4434.065865595854,4471.03316242188,4349.175536376707,5318.69606954732,5323.860584114416,5397.865572648406,5578.04044896686,5636.718678149136,5695.328752088379,5757.543341131167,5825.40976577093,5927.904607098758,5987.6452941889165,6060.407570230367,6163.47610137642,6260.855622891057,6375.332802787486,6491.459745025213,6598.955720707077,6708.755082970038,6825.866200906749,6931.969010909461,7076.737911922953,7240.543519018776,7366.568052554228,7552.860190218642,7747.015251777858,7918.668149494684,8120.914459544868,8293.326601157187
experiment_018,4373.102774554884,4341.293398139092,4203.774121048464,4179.794830253055,4016.8354377295395,5081.834402183092,5040.69619821372,5057.713865698728,5117.708253882587,5116.496740100023,5147.132705140902,5162.409173355057,5142.335251857094,5170.842657630123,5192.035196935468,5256.403956527319,5314.556970067933,5341.690049535255,5429.494042325929,5498.918328457121,5588.299390001299,5676.599915775409,5780.843035704218,5885.967891883369,6011.926128855788,6129.056238631118,6289.109514402076,6430.082101633478,6566.528986577623,6726.162728015126,6891.520529989188,7077.974785588662
experiment_019,4373.102774554884,4417.10829220658,4462.6462477031555,4502.846562101223,4394.100228444588,5483.287660686888,5531.29219515874,5579.433942763072,5768.4129140552695,5837.552811085396,5905.291510814561,5982.327833636556,6048.291797149648,6090.370462344204,6170.415769528168,6217.6540806138855,6284.955029325258,6354.64208028452,6433.833494120616,6518.6526124503125,6597.913923664557,6638.597327001858,6749.707339419749,6831.651481969087,6908.686734307845,6980.736620839956,7099.756674127111,7198.0983828474455,7299.30452962804,7414.79791977591,7519.955189036237,7616.14074123697
experiment_020,4373.102774554884,4313.774542037511,4262.435957312124,4228.152269381195,4053.4052266520016,4854.261204775846,4834.258451000749,4849.938052473664,4972.9284579923915,5016.1192668703,5048.766042802729,5110.670024325129,5144.32924297663,5226.828135456475,5325.523831282477,5420.883728013872,5563.390214593022,5676.062361147935,5824.415995769461,5964.167356444845,6135.8949866463445,6256.278046107558,6492.622802276711,6704.401153857614,6881.129418618531,7112.761557899526,7382.536950619554,7641.345020560033,7936.753764107443,8282.456774634884,8556.761664599446,8927.646093111778
experiment_021,4373.102774554884,4431.126126419441,4480.973755648752,4538.994845960774,4364.392716538357,5544.080320737868,5607.18654453078,5659.135304110501,5883.925307654483,5924.333887088892,5977.836838399155,6047.572066168356,6089.65377997227,6145.3145094175,6214.75180663056,6249.658213105663,6328.552361772294,6393.217087494449,6437.282199145628,6498.36420710942,6587.186198443762,6657.846399267309,6716.023811660218,6770.987378134952,6846.03753101413,6943.465444627489,7007.167126076544,7090.979735870538,7140.796500260179,7242.670575923057,7323.819495992133,7397.660668972855
experiment_022,4373.102774554884,4160.391048879188,4043.4162236338916,3981.4714063846004,3792.9711723960954,4644.255662751402,4584.47910537049,4533.873712317189,4627.983529610957,4605.075737227632,4598.182672605164,4606.550303094102,4663.793352380291,4697.878730259253,4780.576827168086,4841.298343201506,4959.770679001683,5101.715217572472,5250.761187347186,5474.748516543033,5654.348438743245,5893.246482582599,6152.974864073789,6411.421657746177,6644.378745972039,7011.4398970871935,7369.8731987921765,7690.759657933251,8138.6935950299185,8528.384774531514,8921.575151024095,9363.639793944129
experiment_023,4373.102774554884,4392.49971153246,4402.081458799691,4412.410147671321,4283.458378976407,5239.377608047231,5208.973584337051,5254.712905514165,5341.4346002934935,5350.624079818141,5376.9114139963,5390.3848538929215,5422.375944658142,5403.355194800451,5402.111815112369,5423.1987932178035,5424.848135814556,5440.712851312242,5466.844437783488,5499.573203158114,5517.8238311027035,5523.760641391735,5549.499256061745,5590.651371805327,5615.068078521555,5644.887236328637,5684.185253704204,5697.470946712205,5743.5395515662185,5779.263683148245,5832.173287604308,5863.299096251084
experiment_024,4373.102774554884,4290.801770346023,4260.545477912827,4209.269216600909,4038.605506852193,4862.790165823296,4863.556895093134,4873.201817770127,4919.068056478499,4934.847646525204,4969.41205034335,5021.2299643973965,5058.682492709838,5155.669657533107,5248.522001303927,5377.086122064244,5510.156847543161,5655.276677109958,5845.6564790978755,6036.934767594077,6254.269885618354,6519.681713312352,6803.09089895437,7067.24532903762,7324.50640446732,7698.6514723775745,8058.107673906528,8439.223300970978,8796.858530136647,9301.707277995727,9774.967263234817,10252.69634554162
experiment_025,4373.102774554884,4253.454542777521,4167.2152204364875,4096.037043393881,3895.1635198496997,4732.623341586299,4698.0073177009435,4634.95845408029,4714.988376039277,4710.803107776806,4718.750144147962,4738.172148337097,4784.624899574067,4828.807318986233,4919.317437287057,4973.143861070366,5066.052745526526,5174.688044963255,5312.636779935916,5458.474204803975,5632.686846943308,5796.581203944015,5991.418125359746,6221.88553598716,6500.609850869082,6752.41623173492,7038.788755230599,7344.726641576799,7627.698328213337,8015.067136110334,8379.07472971438,8761.521683736442
experiment_026,4373.102774554884,4359.074259914092,4257.429111441006,4232.471043576787,4069.4604888751105,5174.359591673283,5150.661341341399,5144.524371927275,5242.953587148526,5261.206707487472,5260.232721125515,5255.732138021935,5294.855345281421,5332.879305575242,5376.760645744726,5410.493694278032,5463.172190878848,5510.934930024683,5543.367766269417,5651.522407641069,5702.066340991157,5799.811402235351,5861.3518482218215,5982.765972140036,6085.246607231328,6200.062650143795,6296.538655449231,6452.804184560623,6570.738212267224,6704.8088839914735,6816.4635083379035,7000.360878939656
experiment_027,4373.102774554884,4209.537455543212,4157.740590250897,4125.190679565658,3950.861017863764,5080.449109894076,5038.588806839067,5027.866771422936,5073.153511990051,5094.179734339026,5098.457551529121,5154.25163664458,5149.079410235283,5219.377277533629,5282.362398454415,5363.727183332452,5416.155088720936,5519.785335103215,5646.498605858,5750.532163703649,5897.299503216865,6051.996536007473,6198.400130932843,6388.195924006202,6558.491211327499,6782.103995999976,6965.340520247044,7219.525182756366,7480.7845516428915,7745.475971460255,7998.384417197911,8302.94313171156
experiment_028,4373.102774554884,4431.108087289663,4480.1022995995045,4531.616415726716,4434.360474597651,5421.51076487857,5506.321056116852,5569.880100724416,5708.22460815464,5774.650054435711,5829.615986315112,5922.511536123389,5986.165297237747,6041.61591725135,6125.6857317744925,6199.076801011013,6255.220359825185,6376.939026152899,6441.15939802401,6516.548412889793,6633.132351676244,6736.455983724458,6804.147396873132,6921.429404647307,7047.527690483395,7123.226282690539,7232.070596302145,7357.206571439834,7444.588553196239,7507.10441836799,7663.5782089630375,7798.264977298441
experiment_029,4373.102774554884,4375.3275506212385,4383.681611943115,4389.062130947172,4250.621553246735,5159.665343400651,5162.694937920278,5220.89561010405,5316.107815153287,5344.097578374833,5334.761172868148,5372.405635201154,5457.447936420954,5478.309588262699,5539.858171902576,5634.528974182051,5687.036974203048,5747.632558352059,5861.644243999675,5966.2363962726595,6042.073090647033,6157.097373215482,6297.171047351333,6452.541747703658,6607.773243755117,6778.839289518776,6938.638158386601,7141.398666266246,7331.963758750153,7518.138743217154,7717.279442165445,7931.613654721875
experiment_030,4373.102774554884,4424.511068843072,4471.18797690026,4525.18443689962,4344.208867291369,5412.7302821318335,5504.324594254181,5569.049888821931,5752.4674117556515,5816.018678384848,5920.098157984712,6027.401011426821,6137.485813978657,6165.837103660555,6293.979514784395,6387.146748915806,6503.908460368271,6593.553297012853,6680.33220509232,6813.937101483447,6891.780795058579,7014.732709438196,7124.855786014026,7200.710893520274,7332.117690939984,7457.11915867817,7632.603865337658,7724.064418863418,7829.569092588568,7977.730447305659,8072.293255492834,8223.706920685254
experiment_031,4373.102774554884,4410.2700578472195,4432.17641452424,4474.736776723737,4374.482193435536,5426.228975178746,5447.411235141954,5533.908542331639,5726.173138165335,5825.752813742697,5912.404564591077,6014.251700601369,6128.843236669223,6240.736082971287,6384.109072582358,6486.777429671351,6617.500132870395,6734.256552234564,6884.337490486041,7047.438987000352,7172.720891814262,7336.326071603127,7575.41706072438,7752.452293007748,7927.520717136111,8126.944891544467,8321.124109987357,8520.455178694465,8728.855748911694,8990.888617411965,9209.302904033437,9468.74947267605
experiment_032,4373.102774554884,4402.977882192301,4416.995850095439,4447.633193554647,4325.98481490132,5427.4502395158615,5468.1602739797645,5474.97408674279,5631.407164732177,5688.6800538572825,5754.58618340935,5816.930138877265,5886.455777719628,5923.764587612735,5996.1628232768335,6093.834788066733,6178.198327965798,6251.101111916305,6334.833745029879,6443.24772907049,6495.932281082229,6625.483373324865,6770.279813523794,6850.496340157945,6926.070180953893,7087.804899422275,7174.841011216275,7285.293742437587,7440.478560302427,7583.504113110512,7681.471165427187,7816.75286377112
experiment_033,4373.102774554884,4370.91042565546,4361.928748233892,4364.066144910102,4223.275909628671,5160.5084559586785,5186.658123771015,5206.602547285366,5316.294126869175,5329.79288358047,5348.151396318314,5411.871743206972,5418.221192907031,5514.561456098744,5549.752139904653,5604.386481917276,5685.620483122939,5738.7498363226905,5819.741695197819,5872.960725640969,5998.429704404414,6107.380365234534,6220.321656831145,6343.543721279699,6486.9492217494535,6589.917000714806,6749.797104116933,6902.103310061081,7040.486412528089,7227.196849591703,7379.051090334318,7545.668671082964
experiment_034,4373.102774554884,4426.1293806881185,4470.214827398891,4515.457954602425,4409.1430638568345,5393.200664770371,5447.1127261645925,5516.0947466127,5671.556382177947,5716.665725482875,5767.839688601864,5838.866448185068,5883.855835239243,5968.773181875253,6020.861703608665,6078.0580018575,6191.215333848742,6246.265653132269,6337.624578105515,6437.822072999981,6545.1628086508335,6638.950322055089,6733.7041855084535,6851.4616874506155,6987.951772988008,7074.469222999846,7209.634913130014,7340.971876517418,7455.068881988684,7615.1075131228645,7740.047499338581,7906.944050367152
experiment_035,4373.102774554884,4180.149301839876,4120.256496758312,4104.8934050989965,3905.281998251742,4988.003960254975,4943.680717560077,4957.044252576341,5014.93982907035,4995.223009768969,5015.481756425948,5028.021317151473,5089.166385794312,5104.788065743878,5167.899447625636,5247.207634027505,5360.315376994929,5421.131266655577,5540.50455766069,5670.212709778445,5804.745871641186,5937.477395982831,6102.719921538038,6259.752972555103,6378.762268824828,6624.407300547924,6805.7538677640305,7013.821979269211,7234.691343824893,7482.383866331023,7743.243264788191,8023.149504200404
experiment_036,4373.102774554884,4389.871554768184,4402.7928172610755,4420.660298764385,4297.589160199263,5224.390987383151,5250.55428772973,5300.493873824316,5431.830319144643,5471.663643558077,5517.6078105690085,5586.142830142748,5631.497237167002,5715.381368654347,5831.614740241101,5903.136820603704,6005.320089163889,6100.08325043869,6196.69059395051,6312.889018073003,6421.681224821397,6537.878784499453,6665.297238759671,6768.911728455612,6919.484921545374,7001.766032847818,7182.422690837399,7256.39748958971,7444.073911466455,7580.519834783536,7727.961264301033,7846.9310995031665
experiment_037,4373.102774554884,4480.475552105372,4587.323561992067,4586.952444910326,4426.295349519278,5804.935653987271,5918.448119204909,6017.151182332489,6281.986715273539,6311.968334899571,6395.801054062621,6458.609404944511,6523.968129442673,6569.596555345551,6567.310269669529,6645.008087549642,6671.847980116299,6695.756347133609,6723.735428545249,6763.681848343336,6776.989509194909,6783.263430044212,6765.668464062697,6807.4729149847935,6788.896073103242,6806.364197998491,6789.237705473508,6774.958890850443,6802.201791785124,6759.279753379654,6786.861804728794,6754.2091767359
experiment_038,4373.102774554884,4471.740518122586,4568.5983394860905,4580.069594596711,4432.4081192338,5777.890067115308,5896.124710386695,6038.477808333362,6317.146941884918,6460.352416639096,6610.868141215182,6736.021508649146,6908.618529308507,7038.395564615634,7162.255565161111,7321.960069824507,7488.212077152111,7657.742101057277,7812.426613175852,8037.612109432206,8130.092798296266,8354.474478646142,8482.640123161897,8648.44685463087,8828.101789966617,9016.365900049364,9223.615398697812,9404.305670786638,9585.927463839353,9772.647129120016,9967.163986582114,10205.027978257312
experiment_039,4373.102774554884,4400.233218497551,4411.536130581005,4439.447421473373,4323.947048585845,5325.075343779605,5345.26282445118,5394.96360781126,5580.935240898919,5638.229596064853,5682.895367907178,5773.879777118161,5837.399909631005,5936.864522617364,6013.128044074292,6132.8722835429035,6210.278940252204,6334.809183290193,6447.678990610375,6596.459899581043,6717.282877832595,6874.304546327992,7034.181482966459,7191.822772271018,7378.149894961165,7527.183808007465,7711.225144246611,7920.42087882214,8100.010700469971,8356.279622564427,8557.995691266704,8782.338769828828
experiment_040,4373.102774554884,4332.064167082453,4280.296972123724,4256.0721745228475,4091.1946262870124,5024.715882163457,4995.941603061226,4981.435732807184,5091.76660697572,5163.417393873947,5168.965159995101,5204.4256103958905,5280.257688850798,5370.168919375407,5457.252582524841,5503.390532247997,5610.725613324625,5730.044044051714,5885.582589130878,5996.858499083364,6169.302517382084,6346.980013576844,6506.454358804767,6667.213539982029,6897.537472508293,7076.467199028426,7328.666257244804,7593.274274016314,7861.809206554521,8123.187343997417,8444.090471498464,8689.854847050097
experiment_041,4373.102774554884,4166.206641861086,4090.8720105030216,4046.4051120916997,3867.561026061304,4882.540884478698,4822.032966155952,4799.420010351514,4869.577678118498,4842.951057520633,4824.405221118521,4822.378235687384,4840.635094680425,4850.263063132476,4880.91748915268,4905.516873318707,4960.011012195447,5028.954546752428,5087.598854302475,5190.121699623688,5285.614401543179,5385.526296716056,5495.9387663673,5633.488439531193,5785.362921100934,5925.812485810913,6105.597159623563,6280.449796317631,6463.334551645799,6697.771633551998,6881.685683347136,7112.068605718743
experiment_042,4373.102774554884,4420.6227737270565,4468.684684093036,4517.0649422096485,4335.433385492075,5504.298737529003,5548.833616805723,5647.235433142398,5864.4062181595655,5964.187932986,6031.0323971368225,6104.65669769768,6215.341975699345,6304.044355954877,6407.226833293687,6515.101431777985,6597.441625640511,6738.047223358833,6838.926609853201,6953.270222201961,7056.666247224457,7216.05167676575,7384.198796415781,7481.735591858256,7671.635258646482,7818.127361359303,7972.685950366795,8099.311326713879,8313.291041926683,8458.005810990693,8670.283051685421,8873.045438617703
experiment_043,4373.102774554884,4206.310160377356,4192.190645033936,4168.3843750492815,4001.5761972293176,5092.104031602736,5092.21300341886,5083.036020175161,5123.44179820279,5171.801956135945,5175.002373589747,5217.829034019653,5278.0532045690015,5322.9837406724,5389.887022261813,5476.4490266782595,5558.686068908882,5663.548946787951,5764.890319399368,5891.380703320216,6029.909008183168,6154.08368082282,6308.762682464571,6475.039847757674,6599.213797419769,6785.602910228645,6987.69928781861,7153.118468226574,7421.511741373062,7588.517014277259,7851.6843626702575,8033.637075055136
experiment_044,4373.102774554884,4473.076438766981,4566.05401985547,4566.896963623356,4407.38636304776,5701.435927529804,5826.631326757913,5935.66394525725,6215.408863701461,6285.92445594325,6389.009354146149,6514.669531516595,6611.191172707035,6674.885994100605,6761.992480424301,6867.79870606096,6953.4188940653175,6992.4299716446,7066.31756718617,7138.486019990232,7214.343953076146,7313.567701216744,7350.623187500779,7455.588261182615,7502.329136912473,7572.686960858877,7618.056805328257,7660.912637599879,7679.1452682548215,7729.429137659841,7791.999120922386,7800.615274435211
experiment_045,4373.102774554884,4427.668948720175,4477.478814742874,4537.24546566981,4361.173028639676,5511.071559849452,5587.693059421295,5660.64940667474,5896.280699842893,5982.263720706167,6084.626232938438,6187.8391148989285,6294.560757330982,6406.748656808344,6533.609766984398,6660.14736644106,6762.929741785456,6916.704215280028,7018.90785661852,7178.87761711613,7295.523029431264,7443.72781138572,7616.445231095897,7830.144714050574,7951.2503204867335,8185.512334133182,8360.153616723372,8537.430286770725,8764.762987437069,8969.990411621751,9185.870221770972,9466.573809269403
experiment_046,4373.102774554884,4341.997293441538,4210.033320594926,4190.331785999861,4036.0451536876467,5113.582437023719,5093.892758366171,5101.79830067088,5158.715211009311,5163.797006255827,5178.804086407843,5216.632234845596,5250.939738091496,5303.721149750212,5309.284323006293,5362.176638870325,5403.734684586495,5482.615329581238,5556.50521346578,5606.622784460751,5693.210326557911,5789.673904641832,5892.458565409341,5975.034308220678,6076.27583459306,6213.821165427644,6338.40280832939,6433.744679500462,6574.472264100117,6716.421577037532,6856.060385614106,6990.19861267036
experiment_047,4373.102774554884,4381.7357999545575,4244.132118714278,4258.041535949488,4154.924334549535,5298.100739658011,5300.400445644196,5301.298978924879,5436.199886721906,5428.726402498458,5492.313254167842,5540.600830764066,5565.728899517377,5645.031357847423,5667.761824421936,5735.7082369403715,5774.885953268485,5840.489072177217,5899.837898545089,5991.048306140368,6053.0335214001725,6142.227883267453,6192.55723851179,6271.807124929674,6374.770247348392,6461.999618862457,6538.371463669993,6626.355269140277,6713.891268694251,6830.940586557693,6932.374265304982,7033.355088720274
experiment_048,4373.102774554884,4355.515108573782,4346.236561865729,4340.5370665121645,4198.1157277343755,5052.131852598303,5067.493843601884,5077.589226395671,5212.760936057596,5230.2340744892945,5287.613559819623,5322.7848348815605,5374.754189930297,5429.018534528198,5504.676165497938,5587.387133264789,5687.931772928374,5750.019481405265,5859.574753319523,5973.774078419574,6081.639399634749,6196.645464886659,6348.146781749785,6472.80934150337,6593.772996006106,6751.418785670707,6894.2808879976565,7061.692225465209,7184.687636862975,7371.164889228746,7533.687700971988,7704.9962697307565
experiment_049,4373.102774554884,4453.539897726665,4519.87081525139,4594.2689824754125,4409.487396817004,5557.664227846297,5629.055581481738,5675.700018949702,5907.036737103936,5933.531850486956,6017.74502138202,6073.279100452792,6126.021285794329,6219.971451246322,6281.266304586729,6305.396286742556,6410.903951444136,6478.64797438173,6544.036230912182,6623.234646551436,6671.488000589498,6748.04981503497,6840.570032358375,6920.926611217674,7018.046563572336,7080.5034961836955,7165.180831056305,7182.294014299846,7318.098537144253,7426.749474443113,7497.850082676791,7612.013906903962
experiment_050,4373.102774554884,4417.309357113403,4462.14949535901,4508.432880930042,4410.128879880189,5437.443525675144,5538.989036516266,5611.065270358595,5800.6395690478985,5863.843776694041,5957.534299285239,6015.943473348165,6107.274621294193,6200.31144736036,6284.830285278191,6372.9984822114,6462.177194861771,6576.671710777893,6663.9658808442655,6799.375549327886,6928.773730854653,7061.536518464686,7135.5251945963955,7250.848936442829,7397.757409281563,7533.571094663705,7637.495450025937,7806.132232551344,7901.822560072232,8070.920253120979,8195.888577501131,8332.202692099278
experiment_051,4373.102774554884,4160.381442744462,4082.8405299798706,4006.348006180755,3821.2397731627743,4736.603490396166,4677.157744627264,4658.595959568454,4740.610251141781,4721.11922306749,4723.712687122304,4759.716174244784,4789.816663566158,4851.711275665686,4907.537460178233,4991.325672460114,5081.659154234531,5201.6280442089355,5313.735668771356,5483.438683517639,5642.099592852939,5838.927049295846,6024.178430856291,6274.507284743837,6498.103206377162,6797.31961259602,7082.231108463384,7393.742042532524,7727.886488220491,8057.03274261165,8385.275425904898,8812.740228618566
experiment_052,4373.102774554884,4400.459449207427,4408.497066156507,4428.945323229319,4297.099621213696,5315.736804144165,5340.558823717347,5329.1864198715475,5464.02716975377,5453.2483743653975,5468.426195225639,5481.551917650435,5460.511055731849,5506.826567198961,5526.843700400497,5520.377000212025,5516.7379817582105,5500.733556226902,5510.996664415761,5526.760969191403,5521.259428292354,5510.892251459271,5543.4848008749805,5505.449063506963,5534.343684963867,5537.208723035988,5510.127738452291,5540.201813445911,5540.940063463508,5542.264716784039,5542.476301350457,5544.767379285525
experiment_053,4373.102774554884,4205.1076813303,4186.191254447978,4153.09432805064,3981.9019867023335,5038.6180583526775,4983.431258669687,4966.382330988759,5025.810777470713,5001.325232443146,5013.349490244643,5009.362320472792,5043.532853464406,5049.853286430061,5082.45842669725,5095.308756184487,5169.164921813672,5212.447769989385,5298.899669493629,5374.115819432114,5464.775386200472,5553.972296890068,5701.637919388131,5819.232843880812,5940.434634822652,6107.295740521784,6257.829172873802,6345.682257021426,6536.470983915651,6728.411128719108,6882.555402195115,7093.138030004239
experiment_054,4373.102774554884,4440.386047754187,4494.712512470534,4566.930587943433,4290.776643248962,5564.250743481631,5645.87273742092,5686.568968675742,5925.060586244196,6010.162305539103,6071.2091231906725,6141.366243161816,6221.87734691524,6288.00086106751,6372.699983994617,6424.45946864062,6497.780654373043,6543.872030630444,6610.810048413041,6706.847084415298,6785.942167877358,6867.483207058989,6920.624166474043,6974.596235150078,7098.868928229696,7145.527252972903,7279.815450070172,7292.1410975246545,7369.768440362877,7494.766969493554,7578.045246683054,7662.441332809344
experiment_055,4373.102774554884,4404.655186001894,4431.803731449472,4463.551864568819,4361.685843164442,5466.722782869623,5528.737632008458,5529.000106164024,5711.736413701947,5740.674753154761,5770.816527143219,5789.432745701007,5844.006976362445,5871.011944708756,5890.5415394683605,5918.886855637383,5952.234426191733,5962.318491936938,6011.966060688915,6042.893303480476,6048.111466439013,6091.789122167325,6130.008508677427,6150.029175469699,6209.368118582885,6211.614639753728,6265.346345346596,6271.403690706713,6315.0028937443185,6343.138167940055,6414.721923421166,6412.086406505814
experiment_056,4373.102774554884,4413.655855304365,4443.35873949136,4487.237729191897,4375.44206479897,5348.45119255681,5404.39874212507,5442.112499697997,5636.755774345987,5702.515873375612,5773.852777109025,5845.383471371899,5928.563391625719,6022.368323406763,6115.6241439213545,6224.860259396004,6319.362019607523,6443.776252812153,6542.617729504342,6659.85908754357,6793.524961228921,6903.305545267604,7046.762451120852,7202.757908195103,7376.359272276409,7524.522709836774,7750.114671169373,7978.534278980194,8161.893725711456,8372.897166372224,8636.159585454941,8861.377008261969
experiment_057,4373.102774554884,4395.413926201312,4408.094445591394,4437.093335501521,4315.429793901409,5253.891979968634,5311.836151129484,5349.896208884814,5536.938065212522,5588.742561046718,5646.9974405234025,5739.047297360434,5827.114734147732,5914.894727154886,6028.469245706522,6143.000689507704,6246.643880848365,6397.7970946357145,6525.9035872450695,6655.706192309028,6818.191807703721,6994.662973083916,7183.645996405525,7383.270571155581,7550.532703470827,7750.890614407491,7951.777183084471,8213.164801371822,8472.31987567017,8795.311533983207,9059.610953395451,9387.36377374124
experiment_058,4373.102774554884,4430.5671198075615,4485.810014249044,4544.675933082829,4360.054977349371,5471.17928372339,5550.8477056655165,5612.201544697511,5819.653297971543,5902.200301335506,5972.770666154802,6057.540339098212,6112.551920681889,6192.473864779466,6273.967480417741,6344.0832294570055,6418.932508555914,6494.209082893292,6560.450731701896,6644.721851189599,6711.879685055744,6792.104952569848,6859.268191062127,6898.25569482462,6960.026067961478,7013.813063231451,7076.1182339477045,7135.4142812183745,7179.2801270355685,7189.412457237488,7291.510267770298,7286.726937526775
experiment_059,4373.102774554884,4191.0273030659755,4140.775689784708,4127.465126680323,3952.5138302091523,4988.766813313319,4989.28752713435,4961.053085871973,4969.298877133273,4965.313717586271,4955.617641578677,4968.413131355573,4975.6878884676125,4959.072713431954,4987.834352401933,5004.004372921551,5060.5264857558,5098.712283351111,5140.383646411122,5200.403017205188,5270.165356794754,5339.1395544006045,5431.385832210717,5507.325501106974,5614.664705865705,5705.906160995068,5827.066132214557,5934.0583290507,6092.919980633099,6231.8262008011525,6376.823441363291,6517.82196183002
experiment_060,4373.102774554884,4339.465290901926,4203.570746869364,4180.4158023716245,4023.2023264999743,5062.641290829621,5054.8240405743,5051.807810103837,5140.777968438746,5105.495273234345,5119.9376959371,5134.852134545907,5173.409958079763,5197.989632381896,5264.7335556409,5319.994528762254,5387.734283204252,5478.219491658065,5542.257987185491,5647.04928217905,5761.26844330715,5862.533639276893,6026.185482130723,6155.611400159302,6304.575038488122,6467.813124500864,6657.113769287827,6841.465539375184,7027.980081628155,7252.792101599689,7474.571058433269,7684.825352653166
experiment_061,4373.102774554884,4400.874105681035,4425.805774526987,4459.288783303757,4333.425676356083,5391.389703793385,5447.073660713298,5458.48321833411,5618.826782247515,5652.742028945844,5707.182220543241,5729.320555206847,5768.750997066294,5814.611412214414,5839.675971988615,5893.078642611166,5926.259130346259,5952.430511147005,6004.843815597869,6038.932697102635,6082.619614700361,6138.494756224589,6199.839999519854,6251.679745585758,6270.169033356726,6322.507493096682,6393.389669453406,6445.731244611568,6481.151004727753,6560.742119398305,6596.190143818801,6683.749284369025
experiment_062,4373.102774554884,4392.768275815755,4405.834873754346,4417.915427572183,4279.269783619135,5173.509303533236,5195.846415064485,5245.210896595218,5290.000208593423,5294.62067585339,5311.907303575808,5321.521767566717,5304.514232619917,5338.370753216519,5312.479786092394,5341.110649707096,5325.841429317541,5336.979653668886,5340.8474512637595,5383.4628880784085,5391.9955890419105,5366.907169580249,5402.396120730372,5406.7071398535345,5378.476337280096,5404.214020736816,5394.892127636006,5371.541716592021,5365.996748071268,5394.916152842778,5373.366105796727,5361.833554161597
experiment_063,4373.102774554884,4360.006558374471,4314.784718609432,4301.052220316495,4153.915448219758,5101.888080210095,5111.727657371526,5099.981546323215,5155.930282438283,5140.4672336317035,5154.851851790169,5141.478651631609,5126.020742475008,5125.165495690454,5161.288169370176,5148.673005701337,5168.735457901339,5163.354334522165,5176.452224209094,5204.904990802947,5215.964797158364,5258.275767658937,5265.962804449844,5291.833567302161,5331.384963531233,5366.703110723365,5391.329229236469,5448.065435329756,5481.770755081789,5524.173190198561,5566.664281933645,5626.915353715223
experiment_064,4373.102774554884,4356.435854661886,4200.018842709351,4186.3901932793815,4030.7781166456116,5156.746536385848,5114.477089669141,5125.858922327095,5198.553496045116,5203.208508472368,5201.23658322805,5178.9510979072675,5176.335733752376,5204.799080587353,5223.592489111353,5259.0130570911515,5326.411662133509,5357.628504640787,5433.264650012552,5460.543874161998,5555.008981279152,5635.35742084807,5744.4417355907535,5834.393849632517,5945.848024943984,6053.593080838362,6182.25061750356,6293.744305851616,6441.643779679644,6558.709260014797,6667.140938409593,6854.026115418199
experiment_065,4373.102774554884,4326.516312672053,4266.231260119499,4258.985763941742,4097.60371259691,5006.168599036477,4979.802237514521,4962.460772863317,5082.699919868855,5120.256592573725,5148.235798671686,5177.844128628857,5229.56415452611,5305.939838059215,5377.129300728979,5485.518195594419,5574.673573792889,5711.1512848254615,5864.649015495266,5996.914918329308,6186.950037158578,6369.565074675214,6589.445653637151,6794.108781591026,7026.643040451219,7282.873201973496,7571.705582130016,7853.594736807252,8232.248908915717,8590.25576716347,8941.488380632396,9358.43145965902
experiment_066,4373.102774554884,4300.873687822237,4231.9629823821115,4186.326898267011,4001.999584089508,4775.940893716565,4768.181721383397,4725.743486229059,4837.481338604239,4837.734315683433,4850.045623590712,4866.735148118631,4924.809620187022,4973.844805691451,5024.83039991487,5132.567676026674,5227.7473676157615,5366.195578258128,5510.26562991583,5654.815834227899,5830.61033256418,6039.925654663717,6257.176076151009,6494.402914491909,6795.439251314188,7090.02198530623,7385.244887519631,7644.393907716311,8002.585756262875,8401.104524998904,8809.849126535406,9245.993366859922
experiment_067,4373.102774554884,4273.550697644372,4170.938908545591,4083.7111036633005,3875.6244846013324,4608.835030700762,4568.585865022803,4558.368706598252,4663.292663998888,4662.405759254708,4674.432620797423,4737.223618171851,4803.364251065976,4851.335414064999,4955.7797556448495,5072.555778511417,5207.259707268249,5354.529663644984,5531.919685852086,5761.613183028752,6001.389826307105,6274.954254609685,6565.435351642661,6903.687773457092,7224.171766177245,7579.490832530987,8020.900507807368,8477.263613276062,9012.397305066894,9559.36863276214,10199.124764865857,10795.333067975997
experiment_068,4373.102774554884,4366.515878639741,4222.047319579935,4226.791730386772,4068.180849089767,5263.595532812961,5302.331018153331,5327.934114150737,5469.836733976716,5510.419880936486,5551.881848968715,5640.35330248338,5713.717301604194,5809.6042754749315,5910.290366335126,6046.244023120049,6111.798858292152,6228.953381092402,6335.646257905296,6535.00308502301,6647.668689573518,6806.825734044819,6988.282783816231,7155.409476183957,7384.448702997699,7574.2555573487425,7781.38875601368,8057.659801004478,8256.724826926486,8490.762177243978,8797.165811764518,9069.889830248187
experiment_069,4373.102774554884,4148.215512801646,4040.304242294138,3968.310377442467,3788.4261449159258,4726.676116349924,4642.007145697338,4608.997000267678,4666.630349960877,4652.550597565627,4658.666319090974,4681.293087261882,4727.804225130328,4780.895403970009,4849.065863527054,4939.663497728132,5022.924969035753,5156.815418762328,5293.984482400801,5491.875067198896,5649.563806245677,5896.943669303616,6125.284567609782,6401.838451413731,6676.476752803681,6989.056115545096,7360.167349643361,7721.69331630952,8115.179954381688,8500.254103540781,8978.612059782197,9499.298140640645
experiment_070,4373.102774554884,4325.482740366486,4266.964826652638,4233.390239814764,4059.9810515465633,4911.481294225389,4842.630559533577,4834.815736721448,4954.610693034654,4935.506229239336,4981.541724965436,5009.706093539788,5065.726537868119,5114.86400349016,5207.796885200973,5287.0567272297,5440.418386528142,5578.26515832294,5728.731616662691,5894.909903350746,6080.535079392161,6316.632217115879,6582.780361645764,6857.802192615676,7120.663363658936,7432.034432450337,7739.530542650915,8098.505057006014,8504.255275375663,8919.939074146625,9385.080999254693,9872.715657646939
experiment_071,4373.102774554884,4472.007795747052,4558.068979381562,4550.382028384944,4382.37769364735,5633.147362488561,5732.6840202669,5789.230630076965,6010.817479058091,6111.611003402566,6170.735700788069,6225.802695826931,6302.783721989386,6377.152985201388,6422.509416019096,6442.77916914249,6521.3939211958605,6585.054556232508,6608.390071797323,6682.417628597634,6766.864258713311,6827.389058014086,6850.5178345675895,6907.556085792734,6962.020667363855,6961.961928054661,7034.863980229533,7095.525199478712,7177.712371233347,7227.551518357662,7270.304661931902,7352.324810491639
experiment_072,4373.102774554884,4323.857525000892,4271.440020563186,4226.730625744267,4053.63753478474,4831.271233751167,4814.637800607484,4789.429319572764,4862.157516916139,4886.171062263964,4890.184142457526,4912.499857011532,4943.749320833898,4982.109321446904,5041.777112858441,5062.073202095634,5135.499365692133,5257.009443991741,5323.960177284876,5462.64123388709,5589.693767926259,5746.992906379746,5877.0226083877915,6063.433808235035,6269.85489164974,6472.622953243817,6714.288503649264,6915.886761381363,7184.665497899183,7491.258704867158,7797.143489631564,8126.025388666676
experiment_073,4373.102774554884,4360.686311078315,4233.844959746143,4229.390955248885,4093.2025839199696,5190.193596248833,5191.2801269673255,5191.166000188139,5276.468644407384,5304.936661284841,5331.86966897035,5365.686612602338,5403.1758471045205,5423.9321735064495,5511.455368657737,5517.441959260186,5583.507473052282,5618.21932509196,5674.100912958909,5736.204679798819,5780.432985031931,5866.891397693238,5929.287181714983,6013.50931602491,6109.897096369263,6177.704750338005,6231.716367270253,6316.555147093905,6428.004352933793,6497.293084660138,6583.531355337945,6689.472733536353
experiment_074,4373.102774554884,4289.475951909856,4209.890801880702,4155.587763193444,3960.43894650981,4719.426963087904,4687.955194903645,4646.0515995625665,4733.6188869995585,4735.371343149498,4752.670048967939,4781.514493125263,4799.789546218551,4852.668315566116,4929.952747404482,5007.83644716776,5095.935369503635,5238.045721191651,5391.417541811468,5561.167502704227,5773.30077634621,5995.947764743492,6272.4094454676015,6546.263628597284,6867.68575737504,7170.120499379869,7575.898306737912,7944.892026548676,8372.181871899178,8897.617574217547,9454.92860216232,10037.143506865279
experiment_075,4373.102774554884,4209.30970483592,4139.421863819545,4082.240267503043,3873.736297923588,4823.744038345343,4762.458084002683,4732.384735740237,4794.262278088196,4736.292668879336,4730.106832069613,4698.534361558692,4662.055336322113,4670.889291239173,4645.360879191032,4679.099249714194,4679.3831016120175,4695.637743001449,4706.917914329198,4743.487227674304,4776.981242689752,4798.220758062995,4854.837730455518,4930.052750313989,5001.366563741069,5060.629854335549,5147.472235450133,5266.673299789454,5371.435052817573,5511.549147891505,5654.496011242563,5823.201017715862
experiment_076,4373.102774554884,4233.5608742867025,4159.626858384703,4131.304675879188,3961.877466833837,4978.907028773344,4955.43671812357,4940.296583876199,4988.869483617357,5014.583167590565,5032.980688499755,5028.714192134079,5037.778514851146,5075.859841202531,5108.626618801695,5140.1873785904445,5183.513859265061,5241.616258086414,5333.820170290101,5390.625731420004,5458.431232198311,5586.5367501458795,5677.044913553746,5783.601575268943,5886.840339476761,6044.613165497391,6171.210204141022,6358.91391052763,6487.00369021214,6648.075130069911,6857.693626044171,7058.500040543743
experiment_077,4373.102774554884,4480.3263262402925,4571.098291629431,4570.694141659903,4413.050469763224,5687.717776467107,5725.714357382107,5813.835176420174,5994.437488260737,6066.781355119452,6141.685824984044,6224.987445126701,6328.888796179949,6377.965335732708,6449.240926644885,6513.39326983823,6573.59550081083,6621.086319725295,6725.29811520076,6779.3087831022785,6871.583076221878,6898.862164174592,6950.184895712664,7019.949026666158,7088.822302792719,7120.462113259664,7207.834739750976,7210.673917664357,7319.459030060434,7322.501920266326,7361.6823686485695,7490.679348452248
experiment_078,4373.102774554884,4387.2197786434135,4397.076044235108,4409.612449406348,4274.502700759533,5258.743444549623,5300.169543080209,5323.584967125533,5454.863422659719,5487.711029820902,5533.302346264118,5599.153489742941,5620.997250244437,5695.081106397646,5776.560371199575,5855.1364508039305,5954.713156507347,6027.369497917861,6141.888730281085,6268.285228897397,6413.300675112904,6559.268505982023,6684.043619206865,6866.496731376428,7025.312732567556,7216.25963865581,7363.730086327516,7595.213293410982,7815.566692507155,8010.843518332111,8272.437966193917,8497.883467317046
experiment_079,4373.102774554884,4286.400746857054,4236.294438906846,4195.251244613923,3996.882333106191,4854.065427300702,4836.808605489241,4755.03724497133,4836.595782607915,4837.952528236641,4793.815622987287,4801.370786410617,4798.8293388707625,4793.297271566532,4787.455619770693,4802.580429099538,4843.060892715392,4867.255084026132,4903.571833578033,4955.688430045865,4998.529392090122,5074.637593729703,5125.051432916656,5184.414741747396,5270.588933725906,5389.918801479995,5482.697420343356,5570.49309127462,5691.220782854655,5840.649399696951,5964.889201855478,6098.815532494471
experiment_080,4373.102774554884,4363.107072866051,4219.616447018485,4233.281551054098,4057.201437426209,5188.896873551977,5187.822079593975,5182.86436934485,5239.421864492369,5245.819972561319,5230.629148485217,5292.903379257554,5280.249172198554,5291.379405468403,5304.946408363525,5359.706897034962,5368.387176572686,5412.139947016497,5453.459792542774,5494.683482641718,5556.33498355393,5596.864420437432,5630.086157135183,5706.851377516348,5783.60529768021,5831.603549822561,5932.4905900080275,6002.861276818088,6086.911885214331,6181.77499661288,6284.350834949275,6422.048617189721
experiment_081,4373.102774554884,4238.39909991363,4088.572964503507,3994.9518070674676,3798.3070445483745,4658.7836989463985,4584.409779110239,4518.417291888879,4617.145610356497,4584.9489577755085,4558.675395966516,4519.800484120387,4535.556137613582,4561.419860505027,4594.640958599997,4639.101018036199,4689.620748652065,4733.308976661854,4821.497370953883,4893.132934394166,4986.088916477918,5117.975705181207,5239.769750493635,5396.341359782893,5560.58417321351,5732.656726332298,5962.103369420896,6162.982652683231,6401.653436474342,6666.704707000545,6950.59368681945,7239.2735892932615
experiment_082,4373.102774554884,4444.7127958667625,4507.3161180347315,4584.617304405884,4306.57148731747,5578.724590645719,5663.555556758013,5721.645716223775,5958.6345272192175,6064.677701940203,6170.174818210939,6258.668305097099,6303.969483538073,6458.228120570962,6546.929758094918,6652.5612097055555,6735.054473117066,6856.073880047241,6953.975722333036,7071.570814918413,7205.692841440148,7354.125033821127,7464.196104321047,7593.346039638669,7729.404370428068,7906.242480220679,8077.907318166864,8200.082956831318,8338.498715905365,8485.943143801022,8653.729983260104,8823.004173586889
experiment_083,4373.102774554884,4378.615730491692,4379.371505948017,4385.719442579453,4266.556415451777,5359.608931995483,5394.958012642028,5439.736297907015,5574.247823654028,5626.7680014415555,5716.154433942038,5781.815962310962,5877.634110538971,5966.098185198649,6077.145285044804,6191.037078926148,6305.932770402338,6401.968421540537,6574.484044144067,6743.867026138934,6899.242595279313,7052.8796493137115,7220.0143396613,7439.373381140511,7590.125735064002,7819.206401531018,8008.719598150196,8256.993582729094,8459.132704307847,8671.506128484594,8921.683601331466,9146.682837006278
experiment_084,4373.102774554884,4394.380810212404,4407.572767178153,4434.41791004251,4303.868740153705,5339.975162290957,5359.315460146531,5386.643237053001,5548.190333135586,5576.902656718756,5680.830585751839,5732.812735111878,5780.293149209991,5826.1863731915855,5910.634457679663,6009.86975521376,6110.54649604727,6203.689651575939,6292.170264506528,6426.844456138503,6545.111188564251,6687.862581634259,6824.162753814839,6976.884345272352,7153.584495751427,7300.064213342799,7461.58295426684,7632.923351450669,7804.893532833994,7973.118373471647,8166.762141028289,8385.155354129993
experiment_085,4373.102774554884,4412.117213664648,4435.338935233649,4474.794215057287,4388.305363043048,5436.736477235281,5458.891300505084,5534.777598215504,5728.602721009964,5786.926380142821,5864.904609076595,5974.349796432934,6105.82132675083,6180.1333050916455,6297.231620791692,6395.33576817582,6524.69873176866,6655.666949494047,6781.924547882077,6887.149634801293,7041.241879267491,7160.71138279743,7310.098745168216,7450.747191043984,7594.928385996879,7726.358881410201,7898.415243901456,8020.596241857656,8154.4712759094555,8257.711611973435,8430.35367691032,8576.229986507538
experiment_086,4373.102774554884,4406.221046043812,4430.636387775665,4473.160426398455,4365.652114789924,5293.16178903683,5380.710645802519,5464.24594679704,5692.77440382,5792.4785036791955,5916.140684903075,6066.517947229946,6197.911245938987,6355.695246375377,6449.94501625197,6671.747251632347,6895.371894034823,7113.436705972947,7343.406423365697,7661.439453111652,7929.285403380825,8289.515260124912,8643.727943086458,8997.896663625601,9430.917841995168,9850.266684735378,10279.5179904361,10776.475842822188,11307.021175009853,11935.43816795214,12652.214987150195,13311.654575224731
experiment_087,4373.102774554884,4421.865150241676,4469.750365895739,4519.837531938722,4417.1791758509735,5411.16906184283,5533.670537677002,5587.360283088645,5783.510287370058,5840.365000292239,5897.723246905263,6004.217816662738,6082.5792661267305,6186.075110016902,6266.472658624978,6360.37262280975,6429.357802369843,6531.936503362003,6637.452057707529,6669.316407707156,6807.371638361697,6881.839510158641,6951.89481705148,7059.902677439452,7141.756088589647,7212.130878543791,7331.32067252111,7488.7719611286375,7528.638110967273,7585.459547724896,7699.812739513287,7812.806027056082
experiment_088,4373.102774554884,4216.589778242596,4171.105434359404,4141.048420027137,3964.550816190017,5084.532245626528,5046.007425812167,5053.375400674428,5108.009834643259,5087.413745723408,5112.02273216935,5124.962471284029,5124.097662360859,5168.947263760652,5202.682506616188,5234.424427537608,5289.973809432946,5352.798718871951,5408.216608855092,5505.692392557061,5608.12400108541,5711.158667438227,5818.630497092066,5968.2700050511085,6088.1208778323635,6267.4258705040775,6415.82139284514,6605.311763393003,6799.095343226189,6983.547725788867,7225.606296061958,7442.503002201631
experiment_089,4373.102774554884,4399.1351782251795,4409.684300926625,4437.488180947565,4317.644379893094,5353.3986686248045,5388.1140730131465,5463.351341214961,5611.226100224043,5653.556033068951,5720.217444551648,5802.539171591074,5861.483392387271,5968.345104810594,6049.214972166543,6137.591870593183,6231.999865439757,6324.593427715667,6429.431737295117,6551.4584517508165,6659.922496361782,6800.558653770842,6933.778599434667,7021.167054279215,7218.888713513419,7389.063890469362,7531.322906209839,7670.502902883814,7787.389166024031,7981.188174492605,8153.195181084628,8278.604936314032
experiment_090,4373.102774554884,4400.457893437564,4407.864647874131,4433.0577831334895,4313.541426104013,5353.47325614152,5387.103668246155,5392.171117275681,5502.061634707265,5530.18862236561,5570.383561379535,5605.571992756647,5629.9613490540305,5656.857064540057,5719.900650309268,5759.935023028957,5793.856023542641,5830.341371224687,5874.545346174432,5945.434285647156,5983.976568119816,6056.71193708977,6116.091340532876,6185.980035732686,6241.210279175734,6300.952943539847,6355.530874394165,6455.849131672692,6559.801740864199,6622.488580951775,6707.503358692453,6789.88159589407
experiment_091,4373.102774554884,4441.596372371274,4504.211054210607,4571.830374131789,4296.295936171713,5602.540541556468,5699.127274733199,5747.643874937503,6033.738284660763,6083.968908500938,6153.143822352717,6247.254792376895,6306.799591238971,6403.539355067452,6510.307346049318,6581.023002366579,6667.434957303997,6750.638098530297,6846.097948008257,6948.576102533959,7078.222679182067,7170.830176596006,7316.295783027602,7400.828079585368,7507.513647800228,7617.6919544469265,7753.543826313251,7860.526937744408,7977.798768284138,8104.235157259578,8215.714118328802,8383.80805599827
experiment_092,4373.102774554884,4437.642981974269,4495.2138207163425,4572.2336951898105,4406.287397810163,5553.551016418107,5629.494999113089,5705.654615279742,5953.829546695187,6079.446623849695,6176.993055754587,6217.853386405213,6382.375419677122,6446.410186057477,6549.458511128968,6669.70069811117,6777.036862119114,6871.276676418541,6981.013120752517,7058.067536938652,7179.634435257331,7283.6921707280635,7391.3301009025045,7536.264701093305,7601.955100847928,7696.822693582957,7801.858976617163,7868.843845100385,7954.9613170436105,8038.1189048628,8076.145108442547,8180.4872942776965
experiment_093,4373.102774554884,4411.6539935401015,4442.5353188259305,4483.371579241381,4382.950938720943,5378.614164033645,5438.634850220272,5539.381764551374,5753.3198172016655,5851.775737928545,5934.220950192732,6041.4088694054935,6172.748861664146,6265.05035012619,6423.807405436799,6570.368405050243,6709.8540566311995,6857.526166791461,6983.090505613618,7188.637857368143,7348.953863388352,7524.032384639618,7772.239778134353,7978.035454784956,8168.366619087368,8416.025783047298,8667.431379605876,8977.201207694117,9254.345168767166,9598.899647238042,9887.906549114108,10210.527303832885
experiment_094,4373.102774554884,4411.428440914546,4453.7422598895755,4503.923433468277,4319.785807350575,5559.776691393179,5647.30605903924,5725.987823942936,5911.722487545352,6006.279175322397,6076.375972454569,6157.122299119521,6231.693800912669,6395.529548859677,6483.221596169252,6579.196035410369,6648.572056496111,6748.792394391779,6847.058418599802,7024.108198934375,7038.838256463962,7182.6683502266,7276.954814885534,7385.216577534934,7552.702402518205,7638.7931525814,7793.207525923391,7846.736046506494,7958.059906414885,8062.276181015135,8135.025079596362,8253.058597018842
experiment_095,4373.102774554884,4368.887325428767,4369.788102461533,4375.442387380046,4229.252596704355,5159.685157637339,5177.592100809019,5213.4261242349785,5310.715257708571,5355.109685825175,5370.705768471154,5440.721986557866,5516.81693788739,5594.982150319339,5702.093522103769,5799.750743507113,5927.197229817695,6006.797628615135,6152.218792525231,6306.722612962676,6467.799448374581,6622.040206554498,6816.639579906769,7011.390026971118,7227.039223852039,7392.674365075719,7645.962334911101,7865.696507635726,8091.894371652681,8391.054893756165,8653.771835742293,8988.297610911437
experiment_096,4373.102774554884,4333.9661873124305,4282.825958747263,4248.306280162978,4066.4812719360234,4908.146958079591,4866.768335176482,4825.4470304370625,4891.3958332751445,4884.053396402681,4855.800663034439,4859.114644751433,4846.114946429869,4829.665908373558,4841.893939473103,4850.185442662108,4894.945446745473,4908.667429225767,4950.356964987097,4994.768755941031,5053.818758201789,5123.807188545902,5219.056448482091,5314.7107509999105,5393.984036690933,5487.009246996151,5594.322682196728,5712.561381953992,5836.003817397628,5967.40471098327,6141.960357430993,6295.501005216289
experiment_097,4373.102774554884,4482.960790376822,4585.562711108374,4507.4444458766475,4460.58925759081,5707.12439550761,5836.752025223548,5984.31929987146,6285.170981187609,6386.751273661437,6567.254663239102,6700.745678494337,6784.7110719603825,7007.15127278326,7166.233208161395,7336.486775567523,7548.6284779482685,7779.480889016749,7926.933937637903,8130.349303685112,8339.328461499168,8578.245238035439,8811.788043330847,9055.677441788954,9302.950740810133,9610.52787890975,9869.187225248046,10098.062960107934,10427.845423861985,10721.378783527281,11096.167868707087,11418.254700774618
experiment_098,4373.102774554884,4382.026250830373,4385.615451727912,4396.946500246871,4274.656026003941,5353.494601177255,5362.7081168661,5413.421335720846,5549.754269314329,5590.643462743933,5682.148560093725,5737.016613630199,5851.05750782096,5921.325476794949,6010.298616048817,6128.652232970668,6226.178426832614,6337.011845849088,6457.654880079544,6553.026268397089,6717.854647821048,6862.654043339158,7002.759832860606,7147.269819196325,7257.768779103205,7472.633221979666,7635.959979703419,7824.745927445772,8005.442417663558,8222.291112692013,8400.41342328866,8641.327053865072
experiment_099,4373.102774554884,4273.841333401986,4168.147420548289,4074.1049892182427,3863.8884651269273,4584.880900349857,4537.102926724185,4506.446885875098,4583.114914228319,4583.744580841143,4566.141952725662,4582.3713152146265,4604.481528136037,4647.140473654419,4698.869708946834,4754.547188074577,4843.23858767389,4945.487499887811,5066.306349620552,5190.9425598297275,5335.885968028654,5508.497520480234,5688.80073902993,5884.05885652746,6112.103406404572,6388.865538280617,6702.478131330114,7024.278350515736,7345.627059615407,7690.856337132027,8038.4784881172645,8448.013422401575
experiment_100,4373.102774554884,4411.4684118587675,4432.193762140712,4463.6688115688485,4343.426574559622,5413.777157956809,5446.538003075317,5463.84243334939,5633.0117101187825,5667.3613182710815,5697.261746461865,5714.423445477578,5727.68402921888,5742.777741475362,5787.154355073312,5791.988030330782,5800.20293508587,5813.533002132273,5811.981156389527,5810.703936987393,5833.027893169778,5818.174854715069,5834.035173862212,5827.592963977295,5821.618042967586,5804.804735217222,5804.1237932595095,5772.378112881685,5774.900824021197,5770.071288786473,5717.998940930835,5722.377652610068
experiment_101,4373.102774554884,4387.181090553981,4392.443467913845,4400.4251275272645,4272.798378232123,5209.525888316737,5237.096167767615,5247.723668998106,5321.2749737808135,5359.885158724792,5359.353438093534,5383.502404186711,5426.890032635451,5448.939276894131,5511.699339245584,5570.010753956812,5588.0030438539925,5658.726770950034,5734.112164269018,5793.919162168485,5859.321004885527,5953.597381744428,6066.204521946453,6150.052366669604,6247.876163093462,6337.682596098284,6460.740493931842,6617.42324120161,6738.342718987109,6877.383518065797,7021.103612362979,7174.357463223336
experiment_102,4373.102774554884,4342.653047304152,4227.08630797189,4201.927985020886,4056.8494290941853,5118.944501190025,5121.455674829987,5139.986235065503,5242.67673808415,5287.6164719534945,5353.678837605133,5426.392711397981,5519.131370687334,5590.620846336164,5683.814151671052,5780.932212126489,5910.262274974075,6031.238166443867,6198.707399179451,6323.232092929329,6531.623336295238,6697.673239668076,6900.1997469896305,7148.25434509125,7353.374313479933,7593.348559107444,7800.258629573716,8086.302428946627,8357.445142968303,8634.907166939007,8939.514002787937,9306.326069427461
experiment_103,4373.102774554884,4387.7497201761325,4399.722304959794,4421.260577788213,4306.435615820646,5261.8113261354065,5336.3330580559195,5377.138471241791,5600.482716476776,5674.56899406462,5772.591838328488,5895.387296857597,5996.090300046037,6111.4040297973825,6249.21304331839,6415.212932131339,6523.870407547925,6732.562685228836,6872.878531588027,7046.960890914211,7235.216152623334,7480.595263359179,7740.596959608227,7989.75812985057,8240.806761966012,8514.744620351088,8867.03141931064,9149.132921023995,9562.03077747059,9933.18949976924,10323.647904320444,10749.243098163937
experiment_104,4373.102774554884,4383.010151243941,4391.309128996331,4400.431107554716,4273.07970339632,5365.794870810738,5375.141213796537,5423.028116480335,5603.49918208802,5616.670138643298,5646.014205750392,5721.274944856574,5779.618971650996,5852.699223348256,5930.874079613377,5993.158583056176,6081.780439622455,6180.603074814239,6256.738064503328,6384.893229995098,6488.004193971502,6593.58652035558,6713.20305741453,6835.882757518335,6966.342587171064,7112.290007289203,7215.0917835615455,7379.631065418825,7553.946144175232,7690.909139481839,7878.841685381607,8068.466655435937
experiment_105,4373.102774554884,4408.668601069034,4439.1108039937335,4487.734670060757,4392.169513786123,5403.894160378271,5490.213191404199,5586.260284802984,5790.658108503533,5886.342379779946,6021.802399635824,6164.090535416257,6325.524992228677,6455.134284127102,6620.7597489680775,6783.946007873263,6945.577314120969,7131.672124786201,7316.584942634176,7509.125825402602,7653.526537888639,7886.605962993607,8100.802338024739,8315.932183472396,8553.135231851773,8826.448362415396,9062.204596876709,9316.139914335556,9562.154819368367,9850.475898969924,10128.511067316216,10445.796005498274
experiment_106,4373.102774554884,4203.125844249709,4181.349714221641,4147.259793407472,3977.281625376251,5025.881454985662,5002.101961424434,4987.438096731989,5033.284794693737,5044.378075466369,5038.253721231542,5000.986273184519,5014.1558400993445,5036.100562539141,5057.745400074813,5058.781345200334,5068.045992981144,5122.063727600314,5141.970780799629,5187.847377545395,5249.962710581227,5309.891454409301,5380.856010209595,5463.717220608562,5533.274733059852,5617.371675989154,5708.381587916848,5839.308263884814,5946.018958132685,6066.4083417740285,6174.383673689863,6335.376770087401
experiment_107,4373.102774554884,4408.201913452849,4440.985500926889,4478.486779661246,4377.794298078866,5453.019698632164,5459.157191102615,5510.594053205997,5703.270459841848,5747.8938453988285,5785.016738789436,5848.574761282928,5887.634984904297,5931.356446786775,6007.079117237608,6039.234858119931,6085.774932533513,6134.032175898505,6179.981888351782,6242.4306114026585,6283.414475557458,6324.290942869708,6385.693856510899,6425.364346627331,6503.4521711613925,6558.851604371426,6587.042900322634,6648.145868735161,6695.214271541263,6742.537481036702,6799.278770520249,6867.741005386199
experiment_108,4373.102774554884,4449.429160021484,4519.691559013845,4596.8134477635485,4322.697019013264,5592.982540911662,5699.161899406121,5763.378165513959,5991.843270813573,5982.369543630899,6125.844694012841,6173.936675719358,6243.993319585317,6277.5410863338,6338.653408048553,6316.010387067528,6413.1688911043175,6445.740791202139,6478.174212949403,6556.942519215352,6604.380129670788,6590.382715684556,6593.181390437723,6587.42710148233,6672.108185379727,6692.046946791088,6716.3426293692755,6732.700836114545,6741.075102998846,6746.275174196522,6694.169787250075,6813.602472572046
experiment_109,4373.102774554884,4405.22125613137,4422.309478100944,4444.390172575965,4307.964798008876,5331.10662414013,5322.322973719338,5312.31082406106,5344.518138533965,5307.789641072821,5289.264792477436,5222.480818461312,5262.097312445274,5227.003298474658,5178.891131296232,5149.954737974184,5109.276653797051,5096.729995153815,5065.939504921151,5025.512053751096,4989.117238301667,4994.3922735375545,4966.851764093623,4946.118821582783,4924.70081351692,4913.656595475342,4900.116990753621,4905.07751139221,4914.878925890596,4890.0014909286565,4878.174713819543,4890.017118523605
experiment_110,4373.102774554884,4425.228597964995,4471.804726570428,4523.695014578171,4425.629107029517,5410.479731020452,5486.56972149723,5545.6285885996695,5756.158328289557,5825.484380532585,5919.6023565432115,5986.514491896591,6093.198280687966,6170.516710272972,6263.768167830973,6363.515461245628,6421.71603397054,6561.4062325127525,6670.391810437592,6733.283596739495,6855.192133277713,6914.240718686113,7071.2302685714885,7158.979288980678,7271.044890182807,7426.928105179005,7525.274313733269,7659.060147628046,7773.614036687261,7922.155155786015,7999.817157329799,8129.848799700281
experiment_111,4373.102774554884,4405.408390472882,4426.418473677675,4455.011443696469,4319.109005072301,5233.834079668322,5297.106677463453,5326.609728850453,5450.094024239823,5428.10162784792,5472.440147047148,5513.378862419653,5559.343897494934,5648.635540549461,5696.089973182385,5734.225077190687,5826.492695978319,5888.8480679218555,5960.841439380843,6062.144076256504,6134.551186781193,6264.719141635425,6372.559963685417,6499.608725792028,6591.771221030812,6739.74510786997,6865.945571161901,7015.890771642204,7087.398963076454,7240.838422820228,7398.189500583696,7569.570291311213
experiment_112,4373.102774554884,4419.354978290807,4465.459475453723,4502.879750438873,4304.001628654698,5503.234852284928,5568.626077370479,5587.510668541952,5752.478245135072,5800.786628210828,5834.065680048202,5894.429532934592,5925.80379859935,5969.890373036314,6018.922727451682,6045.211881918677,6103.216568718788,6142.0195771378785,6192.712287378505,6247.037049288396,6299.900026372146,6321.932499309909,6410.527523450827,6506.848659400857,6567.278202592744,6662.3576620705935,6718.90995606282,6806.241107370726,6905.775133377242,6964.919693550576,7081.037338548826,7182.2246717666585
experiment_113,4373.102774554884,4393.01420542732,4400.971538897063,4423.798928983437,4293.715618779937,5305.6329785248745,5329.9506525811,5334.634159779234,5485.571831629937,5518.7619548599005,5539.149413535796,5568.432953768419,5606.15590900877,5635.73299301487,5674.811887632624,5708.968597481356,5787.852283718374,5810.690142551165,5894.756615567245,5911.352854767783,5991.735968134635,6035.06682573799,6107.0938447881845,6189.10893185743,6243.195559861686,6307.949778858059,6397.513206992815,6483.869678110256,6576.051420502219,6667.264557076605,6708.542072150014,6780.8087731640335
experiment_114,4373.102774554884,4468.897148063497,4556.812102070944,4546.448552431557,4389.381960228891,5743.344714573892,5840.191962348901,5904.85479850522,6192.677124032554,6214.301273348704,6285.462592784666,6347.34464233039,6396.5036181961,6446.3473161314805,6461.041640675056,6495.649757583638,6488.511562825941,6515.604939706287,6498.230057884379,6498.505772371767,6478.117059415217,6435.262365087396,6415.640665034545,6374.110829692269,6334.206800566161,6261.369692702199,6227.9438491920555,6159.747145485477,6104.031016801708,6033.219207693763,5971.045105657778,5925.16562528166
experiment_115,4373.102774554884,4449.630429578669,4505.453966642626,4567.791911898732,4373.435143285259,5419.2865110375915,5493.177501030126,5503.6442174390995,5663.860087063209,5663.490984208602,5696.929857021648,5705.408427993221,5711.571160920646,5706.779388831822,5709.162178221106,5679.436664153929,5672.226230833499,5674.0889699282725,5637.005357399488,5634.994952896801,5613.691628602566,5584.354233551387,5566.0574131120475,5546.651081773896,5483.833483873088,5441.090073337475,5445.147406798435,5403.312065322578,5356.668753971894,5309.165572607181,5277.9226807789755,5226.427485887281
experiment_116,4373.102774554884,4304.491111194111,4240.317411475908,4192.141421266428,4004.8502913118914,4804.982339506685,4744.061788745434,4730.461901274684,4810.675155551773,4814.091151637296,4828.202457143359,4862.548939032506,4872.979378245586,4912.89343181564,4956.649363650994,4988.350747576232,5078.234133135194,5154.818902736508,5218.581695141827,5311.337308939478,5383.388689186049,5516.392727126663,5662.817842430061,5786.2160384411045,5956.345187959401,6118.29008783766,6328.826974982638,6528.009824718096,6761.190659334629,6952.24256817837,7192.359269397171,7451.271444329879
experiment_117,4373.102774554884,4369.262191782346,4284.667186069532,4263.761538098146,4123.95995446913,5249.32513037047,5237.796191367019,5269.237002701283,5416.659235032252,5466.915625668114,5483.2183207131375,5534.08816993817,5623.312264757032,5662.729984553242,5762.441575161523,5853.47483982851,5946.157738624421,6022.88175058299,6152.783544397371,6306.91669655246,6407.771122940727,6567.346488195587,6722.4003006480925,6848.947844877119,7044.116007430606,7184.191443682554,7372.648477206429,7572.116454817004,7813.9686065293145,7976.815843244538,8188.8542498877505,8399.296862864245
experiment_118,4373.102774554884,4408.275659120084,4429.979462919725,4469.7894343044545,4358.280535663209,5425.592275729433,5471.926904229337,5521.821382706287,5708.42500911975,5802.3217068946515,5854.638310223225,5935.392394454855,6027.685054142819,6112.321043204206,6202.048175528127,6316.640880140075,6400.554901485641,6507.037300803498,6619.945645710259,6746.128994925872,6844.502716835602,6926.65382532454,7050.954005965288,7199.675410450061,7351.444063749864,7438.493957823539,7613.108142742148,7762.023016432999,7886.6267750128945,8022.483460716157,8217.342366490102,8321.463759004786
experiment_119,4373.102774554884,4236.129721667239,4169.17865486786,4134.708905652236,3968.0942814075634,5016.891194213278,4974.171843445962,4959.787910987033,5063.53072044175,5084.925301281401,5072.295752912689,5135.74490460426,5170.5640639258945,5238.646780831771,5278.317263638123,5339.595731478622,5439.457827109431,5555.817647393542,5630.545603228484,5737.229820000408,5885.672684265361,6013.798459109841,6157.941080235192,6307.233447192574,6499.692427207619,6658.875939475536,6821.27849886183,7029.053883521627,7214.517370862304,7437.299673184614,7666.583262523554,7893.238621270925
experiment_120,4373.102774554884,4338.258283776009,4281.211549287909,4255.242004178935,4092.950888141311,5031.697816330877,5066.695889607385,5058.91758563378,5166.529450372566,5176.836137499788,5184.246732128683,5221.561577498076,5279.922238303375,5322.051784495851,5381.538168746021,5443.386980672071,5505.453665966164,5592.834732459386,5682.196829874383,5789.112833144228,5915.65001162005,6014.273966893615,6150.654021260483,6314.900627669875,6439.558990639402,6605.322926544533,6779.812238225838,6971.475618893082,7128.854970256874,7313.560472240815,7551.162948646587,7714.075113837851
experiment_121,4373.102774554884,4412.210933737735,4438.0283518536835,4482.950840021742,4369.723081323225,5462.87585052812,5511.249558594224,5585.214640219371,5774.1952417248285,5856.805732450113,5945.349586762211,6043.463837561785,6146.89895782191,6215.0607411675755,6354.239940434396,6444.629931062119,6536.5621777387005,6708.58545711391,6796.027810861755,6943.489666132635,7065.28046864625,7212.631900633771,7354.083210407087,7527.462983009629,7662.63113414351,7834.9433870792245,7996.449054215922,8226.383809558512,8387.73115416542,8572.109208734619,8750.261363112666,8956.66265579158
experiment_122,4373.102774554884,4377.440548348688,4236.966801017339,4241.602136550971,4076.633946646767,5262.501157900875,5301.741856204292,5293.7161158709005,5385.083066089072,5393.735906535054,5406.013905796622,5422.886581451534,5445.061609909015,5454.049174515833,5480.9833449342495,5520.13705139218,5548.142871351991,5569.852334663944,5595.011838732185,5634.740925900605,5677.140775721589,5714.334026231086,5766.576464065408,5812.068000572558,5867.75115101313,5934.629508949998,5995.392719866168,6077.826793421062,6135.469281045991,6204.84970787289,6297.8609865624385,6396.7420838710805
experiment_123,4373.102774554884,4411.880738985759,4443.829240010334,4478.864325759256,4378.12425390649,5418.909632488563,5439.725221671426,5476.753730184404,5664.454061734075,5708.152077104687,5741.08579685099,5795.5111208262715,5829.601830781852,5833.394689771176,5919.203616383642,5974.802432955401,6003.051869827092,6053.166395492843,6101.2788970210895,6170.787701941063,6242.210985340574,6277.364129249682,6349.721351085869,6436.316090172286,6509.881910587283,6593.57270369485,6687.369769044,6785.66544634554,6908.1429488870635,7017.254417412814,7151.865912522414,7263.222919617209
experiment_124,4373.102774554884,4443.747413423604,4503.314722837978,4575.465710917822,4406.578690940003,5523.436837336842,5597.697865710425,5666.168049095315,5863.157499152172,5925.675199857207,5977.14412899243,6076.81901814869,6186.614910164451,6232.74876302757,6323.286156312797,6401.651873515875,6480.523599095949,6539.626373555577,6634.4207278820995,6718.646764337966,6792.014481987919,6869.306420662344,6953.445608668702,7014.038458899924,7083.993507621542,7158.227892038483,7212.723362808694,7279.70758970032,7361.910573972623,7429.230869540726,7456.899583287106,7543.205919239798
experiment_125,4373.102774554884,4402.57725634804,4424.036521685981,4463.397979555599,4352.323900433004,5320.9516805535895,5376.773766371209,5437.312294770493,5634.861412333294,5706.761930943927,5806.919959266488,5918.9949452442,6049.065291221083,6165.389845327834,6301.995993261045,6432.746355611183,6601.5698185813235,6762.8978481943295,6868.3100445686305,7102.27883225374,7277.822828840325,7518.177203503417,7711.620342495557,7962.076089081349,8178.93404350679,8425.256270092279,8725.025906428764,9031.622207568545,9326.725864486421,9667.655533971873,10034.892270473796,10387.902853337684
experiment_126,4373.102774554884,4462.272769316751,4539.539875352788,4613.57474392319,4346.6220655702355,5625.762602593932,5712.821267091683,5763.286464732112,6027.8580440282785,6071.316085990499,6155.15744703091,6176.536373449674,6233.034923556402,6289.845163456066,6334.645508128588,6353.355672555891,6404.126296609522,6440.9305688174645,6483.241710761797,6504.309409964981,6541.3167586694135,6565.109623473891,6567.752688623095,6604.296228555471,6605.205525145746,6616.363983200274,6633.195123954102,6620.838311443654,6623.521950906084,6623.608249403682,6624.3295658036295,6606.063152455556
experiment_127,4373.102774554884,4375.848195811877,4374.55740226537,4384.099368667199,4245.909833486775,5228.915572617194,5281.515385009173,5281.977266267995,5399.0374914906815,5432.379685266418,5490.146305944334,5507.494025713858,5566.756527688329,5663.348566781933,5731.949231111519,5792.949725985096,5871.196243891702,5965.78630183819,6063.829253621178,6199.245430102395,6293.768873966823,6417.238617404861,6552.01334530599,6707.121399145316,6845.2970115422395,6975.759245577268,7167.590639282931,7365.311161899988,7537.568312395744,7664.260702050045,7919.091701907288,8119.7620376872355
experiment_128,4373.102774554884,4499.081395957317,4606.280882284285,4537.111992878663,4489.504616463635,5799.241659178282,5872.286853752739,6047.760526362939,6263.926369685978,6364.508245243471,6473.235430475396,6625.10047086382,6699.8525043168775,6821.772611101949,6863.392863808097,7017.092379662572,7109.46705270155,7253.850309005039,7300.482221435406,7436.334543448424,7528.82089501767,7616.922072772424,7686.377147430773,7780.573811104933,7852.17925249777,7971.496381281419,8049.775670610259,8131.638416820606,8167.010446844692,8288.429991441302,8353.637100714834,8471.749072938395
experiment_129,4373.102774554884,4408.943983405883,4441.7778448273675,4476.635188793375,4363.220628415608,5521.641334327886,5530.682635449782,5581.857353391411,5731.8893229029945,5772.361152165868,5832.309930819243,5866.2252521705595,5921.355385590961,5991.1039220118255,6060.534847588786,6115.549344182889,6185.362329061215,6232.848838021882,6312.7946280221595,6397.515370950517,6510.651762773585,6595.371509981958,6675.64362928686,6803.3077721688005,6942.306666906862,7029.059126915739,7209.946891014575,7341.448597962184,7484.580905558918,7709.488649811607,7844.338507852421,8040.474660625945
experiment_130,4373.102774554884,4180.811689695953,4120.374632692416,4096.762913404849,3875.0164719342974,4943.841360579281,4896.21193897999,4885.371081677991,4895.012892760785,4881.735085296659,4863.176254113464,4862.895248464359,4869.3297843444225,4887.933676127172,4863.101561339612,4881.5006240275525,4921.757443449433,4979.5106390439505,5019.745682803296,5044.338278706463,5115.75969553508,5197.965083412089,5289.269288298851,5386.883999505303,5470.023172716956,5586.240982435948,5742.439064838265,5841.88404788377,6007.034871775618,6142.700268166251,6287.29922286359,6477.651728226534
experiment_131,4373.102774554884,4352.947635230945,4252.827046383411,4266.91354176496,4139.781970678021,5256.572254773229,5291.605420746922,5363.844053849891,5525.376278390907,5643.512180889804,5756.561554276641,5901.5163057854315,6081.633740728179,6237.17266382407,6424.2280091808225,6586.905457810139,6837.401200086526,7048.629121785023,7257.8875262451365,7553.010008137307,7772.716083264701,8119.593281423202,8408.687018438251,8725.210652860278,9032.622572004952,9344.53303350802,9723.343385325552,10092.452001125543,10461.653355633023,10840.001271284584,11243.775472457743,11705.675175699787
experiment_132,4373.102774554884,4297.751119775168,4223.9747845971015,4165.491150267846,3966.1082224175784,4725.892051348088,4690.966488245875,4654.823464444162,4737.376660397903,4685.620420257263,4681.826282650953,4689.270110468337,4697.3655617272925,4712.698535737097,4728.084369622354,4763.230218185173,4807.910062698749,4847.696767982412,4919.949180806851,4978.385141198545,5061.25953103947,5162.218187630167,5251.095490850566,5367.842733715905,5463.149081804305,5628.745543885754,5772.236816775767,5960.449213235064,6144.935125410546,6356.34995341349,6567.729841501316,6809.773827900065
experiment_133,4373.102774554884,4280.546370448128,4234.4400064947085,4203.312843598322,4017.4759297176543,4935.712822622601,4938.8712348648405,4942.900510651971,5037.233747809187,5071.694119948566,5100.043609995858,5176.8865686122335,5259.471415288266,5346.192052425842,5409.682325213156,5543.101761446654,5674.9447886683765,5805.853022302062,5959.015872549177,6169.879342486312,6358.623753793017,6605.630709465213,6838.630253601439,7096.018520042255,7350.897488706339,7657.85036469461,7978.835612530377,8295.622561397788,8690.755455972507,9100.286976054247,9560.10050467639,10048.997662181037
experiment_134,4373.102774554884,4377.654322644273,4373.254480329205,4370.868590705147,4245.3290391505225,5287.446421355822,5322.304481145351,5329.960977752162,5410.336212963404,5449.809768288601,5488.2828436144555,5515.751426144002,5543.774845140842,5565.866415230919,5599.031262212498,5653.232626888994,5710.532670811252,5724.981452214224,5806.311154036535,5845.914275058926,5935.392764092929,6010.918227431348,6098.71385658335,6217.599709547367,6291.596411685607,6409.208452499363,6513.732548987575,6658.425576644779,6771.557834577447,6923.38139346457,7085.727592050482,7261.743350855935
experiment_135,4373.102774554884,4161.29396867588,4116.356636654866,4062.5468710736727,3869.5464050965115,4897.303790866502,4830.785375372183,4787.379603891188,4865.2712526472405,4845.402594977757,4844.735153007676,4840.357373602172,4864.206963829623,4919.1191189505,4967.963596819323,4980.657619807861,5095.816761133456,5172.415957336196,5284.6925281237145,5397.594289182604,5550.368770522381,5699.750429282234,5830.6387060540255,6022.632620352177,6215.3489056839135,6437.981494970742,6623.935309285156,6856.458419982069,7091.819852312171,7346.148928671091,7582.949388876357,7856.12975913411
experiment_136,4373.102774554884,4384.4062913350635,4250.046267938249,4256.5464112042155,4085.367642556791,5286.455380680154,5269.032127302091,5227.858384807993,5343.61890761075,5332.599540980829,5314.800515908083,5292.920623789265,5263.837610017578,5280.744634334769,5271.885852492139,5243.294663419032,5229.887520271112,5206.800737497053,5222.279183373273,5214.874905127275,5228.3524237518195,5228.038089846474,5249.89762241262,5262.650345603619,5281.5050748150015,5310.697668679567,5351.351010794096,5366.4111889140995,5384.309299966686,5421.694382719896,5457.659887822241,5520.100698304166
experiment_137,4373.102774554884,4426.7070106041065,4467.692153642449,4510.454684771432,4403.858357267649,5401.331394246469,5426.302523705677,5502.502882508156,5622.990432877316,5661.8657613466585,5683.5798790278,5723.001389746544,5728.649859402392,5761.132648643834,5788.076384023969,5800.410301807669,5847.836191804803,5874.231935307425,5884.743481191528,5930.227877053843,5958.065063616941,5963.760157585517,6042.795204800189,6073.817985985782,6071.147195582098,6123.835990935835,6162.560954824356,6194.025726894932,6226.910152270166,6270.458643772006,6296.075893196055,6360.649929197618
experiment_138,4373.102774554884,4424.936699744568,4473.761135061756,4527.147692780346,4344.764471092574,5543.757043562477,5613.181902415089,5675.044159162078,5755.762616103888,5898.206859282048,5938.739781732724,5999.4433907716575,6077.636864141314,6122.7149322036585,6164.950729668555,6233.617278156557,6285.719407612587,6338.1281382514735,6399.289815999413,6448.906412572739,6512.453996898634,6581.619951146387,6635.148165545766,6683.514058250432,6724.895319715903,6812.317765291523,6847.726846217439,6899.003621250433,6955.3481739258095,7031.597810526267,7078.545254657254,7133.895767593678
experiment_139,4373.102774554884,4407.2275222681055,4417.241162103961,4440.398419904008,4313.717274188138,5355.055741044416,5362.714462133412,5358.802548938909,5484.039445798051,5520.697135647597,5538.470812258305,5559.09457964488,5586.394932166684,5574.585183202311,5636.784730622154,5670.137533394425,5708.406421290336,5734.983880591154,5779.9101757955195,5849.813835996111,5911.594763104602,5966.171668959725,6059.201881054396,6125.407850494719,6197.414339562902,6288.150119226533,6368.5566875477025,6448.082258942414,6520.528586410246,6629.195177419839,6615.792548008133,6777.382421081718
experiment_140,4373.102774554884,4393.323556765581,4398.016130525502,4419.321021559875,4297.9119144376145,5349.861199264173,5379.078793678271,5416.669282718702,5542.403672241761,5570.838810997091,5642.890410304048,5699.706318124571,5754.552099347335,5835.671791172637,5891.06557501509,5963.717273170485,6046.433872654021,6120.887952911045,6199.28826312358,6293.714478638269,6364.396965031112,6486.262406509262,6602.070687968938,6689.897262869518,6787.071560145279,6907.108639610645,7024.775688179165,7168.710558920725,7307.164386149974,7410.082835383464,7602.09177592503,7748.808596895053
experiment_141,4373.102774554884,4328.319606879424,4177.7893923056945,4157.5477369109485,3996.0507852743385,5011.56329299244,4986.5710637221855,4946.26409590973,5061.5005181233155,5068.10589739065,5085.201334412141,5134.318912766135,5159.0013535522085,5205.4119221054,5252.582188735216,5352.138191791745,5439.25324967213,5567.994269598319,5682.617801094388,5837.8645917815975,6013.229080083175,6210.013950156679,6403.308605293163,6581.603049092368,6841.110108129663,7094.13886635031,7379.849946718541,7714.134532629565,7991.205197848408,8385.837900340885,8722.306845426468,9139.144148563748
experiment_142,4373.102774554884,4394.371259482834,4410.403105702662,4428.935994600821,4295.660281013539,5192.184305014188,5251.573764439765,5273.314121979898,5367.700890841683,5415.137191586708,5450.003564674878,5452.648436624367,5510.691303177175,5538.954149412683,5599.258295417584,5663.28282567084,5701.206440952422,5775.001636388514,5809.322767072787,5873.605597481805,5967.190388456718,6024.793836012595,6103.250452243272,6178.163625587453,6286.75513564459,6347.934795777243,6470.543167595535,6589.514345205496,6694.697819600743,6783.403543344771,6868.9318666107665,7041.763112311184
experiment_143,4373.102774554884,4183.3636394047335,4108.299009883471,4032.806994615802,3850.9383400492343,4831.969684236933,4780.475164052334,4751.794278808633,4800.556916757487,4788.0985976473485,4770.395218658625,4765.892925833735,4803.989714962396,4823.408922416157,4884.60653579826,4946.8460711108255,5024.270865494326,5124.135869404647,5193.267413637618,5333.705034380156,5457.6589585709835,5607.445881895752,5792.353169276089,5998.518771246605,6229.8235500425335,6469.76070424032,6731.339740110336,7004.886506758219,7256.369929739369,7574.807218850657,7866.896200045208,8219.676481002527
experiment_144,4373.102774554884,4213.525439679754,4175.388400123416,4159.491893541951,4003.3083205973235,5170.326527265711,5159.98725210716,5193.127938666667,5315.186891466873,5387.876645251344,5434.276879802117,5520.338111041423,5599.080517642866,5684.45473707415,5792.3698220867645,5927.988733463332,6088.438164665538,6219.18920620665,6414.077865375413,6547.116267592889,6705.583944798265,6922.511313445496,7089.7027096156835,7321.729562355791,7569.956355225015,7837.884119123498,8052.231047471216,8368.058419140976,8612.122229118873,8938.413034555208,9207.698342276995,9530.310484417781
experiment_145,4373.102774554884,4418.903967730339,4466.050205603633,4523.8114265779805,4347.941457692099,5511.289889433466,5610.659574642852,5672.50075540235,5882.230068491005,6003.634524192953,6092.648568075778,6223.909408394894,6338.573110694331,6380.838620178123,6578.344342259666,6649.604990843693,6785.689769876697,6938.7404404859935,7079.948663518142,7208.852642631509,7348.594459405125,7510.222473601329,7675.352420939727,7861.15751919823,7968.989099992061,8132.697915891324,8302.906341447851,8483.297107652957,8621.058755342237,8827.869501101482,8948.402100085084,9124.707007888277
experiment_146,4373.102774554884,4379.571279098718,4385.698150806087,4398.45665404483,4278.847370093496,5317.468201313954,5359.917688931517,5421.741333642457,5597.332490394436,5672.267398737289,5746.467482524128,5840.265786783823,5934.194470488954,6047.687296104902,6164.812632566208,6281.586323725801,6439.710760932678,6558.236777806933,6682.578564193676,6772.780950211071,6996.846525350914,7183.338442409138,7338.955924869596,7577.603311011106,7779.90627676889,8055.866398143349,8229.071245177096,8440.579110004612,8719.588132440862,8998.82067161709,9258.6434541056,9580.540766271688
experiment_147,4373.102774554884,4334.274362084434,4207.857246219925,4186.867847306465,4013.4682800860755,5056.156341151043,5032.3040027952175,5022.475036073772,5089.118115072863,5133.338027190546,5157.5896002237,5205.830289059278,5235.384133345127,5317.350072912731,5397.777525012186,5461.4889086060375,5592.9160717635095,5677.583464443713,5787.572349842878,5932.953691226037,6102.72082130241,6271.063412701036,6470.144767892072,6669.718800030361,6914.819439683647,7109.941023106008,7336.860519871783,7562.673444566251,7839.4855592401345,8158.328886241186,8408.778928735606,8761.826323551579
experiment_148,4373.102774554884,4359.198219253432,4350.915609542762,4345.193342450208,4204.943174627052,5139.420957577048,5113.384260717906,5128.32608640438,5309.760869145129,5306.997713001754,5355.034667542319,5402.026413776664,5450.690268714097,5543.717204898263,5601.99662606018,5657.311579645897,5760.164309719388,5850.380979732215,5941.886442509354,6067.834914609717,6210.515029442837,6354.184114564043,6479.4488785778285,6637.2252681986965,6781.569962078373,6970.752448526059,7124.90413262355,7329.496234100695,7523.639749045478,7710.46770936201,7926.707382321019,8156.657680212982
experiment_149,4373.102774554884,4378.144189882201,4381.196316134484,4395.694887162682,4260.995032424115,5201.009259815715,5264.697928349164,5284.904359156422,5452.898324879414,5510.110614098436,5563.5818668719385,5632.7941123992305,5723.272707673108,5798.77780942719,5879.004717189996,5967.426305750141,6064.420558442873,6184.041958917382,6314.560514235443,6420.127971576725,6562.047236247454,6710.907986701747,6824.769697693873,6973.115805732952,7136.3057190853,7321.179723145242,7495.635001422652,7694.393659893613,7863.28646141124,8063.479040994982,8286.080699142673,8489.684420767768
experiment_150,4373.102774554884,4409.087608351938,4427.598125646888,4465.440040691801,4358.43840426789,5381.747538646166,5446.385760436688,5512.538530082975,5683.054549083694,5735.554384388234,5774.959619490351,5854.805301406617,5904.6700290464,5999.193073207628,6066.676722736993,6126.161050045934,6155.538535351137,6236.348745236262,6295.112877958471,6377.432112746868,6437.157425632241,6472.612456888864,6496.576960838468,6585.945374675786,6629.509768543185,6649.468467457987,6709.066566192989,6727.790932944012,6779.357805349722,6822.3393536344265,6811.104782355279,6870.580438043295
experiment_151,4373.102774554884,4209.460265796881,4180.411365621252,4160.413222774885,4005.728708560504,5169.589573388845,5158.946898432282,5148.819144256941,5251.321689791796,5318.313421099609,5344.427581195565,5380.986509920343,5437.353333932162,5475.8798490701665,5526.0687538054635,5586.422407607177,5669.869397054294,5741.695956000993,5845.2548226517065,5945.329689564988,6031.266687102261,6120.239389090021,6218.00053362921,6346.245765409367,6478.393091654871,6608.669856748713,6733.586629644004,6902.588899626737,7038.18418108946,7190.273076125573,7335.503539483759,7525.581523010374
experiment_152,4373.102774554884,4456.889224128436,4529.199233076677,4602.877317179658,4340.674428420974,5597.451641961189,5683.628810367674,5691.185037487179,5964.692273132492,6003.559694492156,6100.770988380398,6149.863423333216,6200.952503710789,6296.162803794986,6328.733958066721,6398.06711653583,6458.701285999784,6503.82237174003,6555.38535349301,6587.451172907686,6625.718016004939,6657.922424989767,6689.502152637198,6690.9249714286225,6725.317367545333,6740.154941723355,6755.502429753635,6744.606562581081,6781.842349059142,6760.934067715409,6761.742133216896,6763.799046489544
experiment_153,4373.102774554884,4523.980821962716,4565.245830221402,4607.6055834899535,4494.7417314867835,6007.006637189477,6141.685840486285,6254.291674384078,6575.4182965157015,6682.940655814013,6808.4742993866985,6915.963496865753,7041.35165503863,7108.403931340239,7215.304317785606,7306.126618379819,7375.058619623792,7491.562862223584,7554.377727349662,7634.371620603096,7717.839553806918,7779.372064995212,7833.7686715067675,7879.276422978427,7965.933083616976,7988.083136694055,8056.304663416344,8089.613773402154,8165.218381857858,8226.772282232208,8271.64503763444,8329.957196253697
experiment_154,4373.102774554884,4394.2014308215375,4399.852079723782,4405.132235205062,4270.99626794205,5199.232175009814,5208.8874019219975,5239.491543654075,5355.803168953599,5356.331880323595,5370.287574868064,5379.893110714414,5405.529499664009,5433.711074433153,5484.291330530373,5501.863833801141,5571.63587534127,5630.252604428308,5685.575930868424,5751.332846664885,5839.493478868071,5910.365977217928,6017.94556579384,6102.92440109227,6244.034399492773,6339.886142884571,6466.879117635163,6577.605425977807,6719.99704774815,6767.717027274253,6948.814620978782,7045.38350917734
experiment_155,4373.102774554884,4353.0741665087935,4221.389412378128,4215.711911598055,4059.8318112411152,5186.358994517389,5171.295314803859,5171.058873709448,5308.657249900689,5322.224666903281,5324.349424104571,5360.721921253695,5415.126836710044,5441.29372733323,5519.888408822722,5557.406285848687,5648.152606940181,5703.359167613953,5766.8128199087,5870.855196023604,5976.931736812852,6038.391946716837,6194.299075344015,6288.533292461429,6430.8621372031685,6583.011543736544,6739.626610873962,6862.382019623476,7091.773966304938,7252.031613105655,7432.714759044293,7612.456214800295
experiment_156,4373.102774554884,4202.511431186217,4179.611154896176,4153.623810135337,3980.0715985593524,5023.7272653498185,4971.595704285568,4972.8282903748695,5018.484122056904,5035.303543603275,5011.381295474332,5018.292147891155,5030.480002174243,5044.843462873738,5067.655688968482,5100.070491670513,5144.768716147551,5241.764102848865,5309.790639844599,5383.426087809194,5442.597865375345,5569.797916565683,5668.350476952663,5797.494854772625,5951.798074201699,6073.749394896076,6244.206132753785,6408.947475276566,6577.546396607889,6772.746635625448,6954.972612430858,7126.983851444795
experiment_157,4373.102774554884,4357.205250743233,4348.393341975452,4349.089136341755,4217.209725898882,5135.344045687745,5176.6132913829415,5191.730381491645,5343.473930824407,5413.778417629705,5483.8733990814235,5570.853696375795,5644.756937461656,5777.179460388888,5914.6537165941845,6074.856206473527,6248.845974021147,6423.50339369943,6634.862832866327,6836.258044062318,6980.1769351354715,7253.510367790834,7489.476085026807,7724.113777886454,8096.077816507837,8438.606582878627,8788.579798042465,9154.402310604288,9523.395431752215,9978.771493698267,10425.73494841559,10911.169457583797
experiment_158,4373.102774554884,4257.065787090356,4158.369924286939,4029.3351544817133,3813.070471040986,4575.272245823833,4505.823168637803,4454.842258725235,4560.366967088725,4531.112426716953,4526.482034951867,4510.346840102675,4542.967315416824,4567.520475803436,4611.5555116732485,4674.777613549088,4746.492390455516,4836.248598596213,4973.752565802491,5102.777330012972,5286.244844150408,5491.111379246583,5719.504258630612,5982.611930896781,6279.735015111211,6579.409512528581,6886.666000130406,7234.615826652165,7687.067913370494,8153.135162066406,8668.661438373187,9242.660657840022
experiment_159,4373.102774554884,4139.812311579413,4026.850324359321,3956.2517687142827,3755.820199021194,4635.067122784828,4549.966438615042,4491.218013119615,4611.06561503441,4579.495141974978,4580.650567963356,4608.083925894173,4656.943582656966,4695.060238954364,4791.712266805061,4895.714987941535,5006.560218916301,5154.302359508465,5307.409763152866,5517.1188977804695,5718.974189082514,5969.600884750583,6263.589016370468,6582.493014007903,6913.161327360486,7280.133156062704,7613.071523482204,8040.905409467071,8459.152649252777,8924.669180267614,9398.987545705038,9910.283256066803
experiment_160,4373.102774554884,4199.013982279757,4141.658302290821,4102.880643796172,3930.5643111691434,5049.697072111948,5009.259745673435,4977.253909854403,5025.591209170601,5029.705332803585,5024.781392063927,5076.491015205242,5116.379211506432,5154.088050157445,5205.756015057434,5298.680767242776,5343.799451154496,5433.987569925985,5516.70467979977,5639.919140589063,5777.069187377141,5895.024216056843,6086.420247154158,6231.613920336538,6427.527203542937,6573.164612963787,6793.030661291174,7010.510897420171,7209.521742763726,7451.88236985939,7671.9260563369535,7901.3310669187285
experiment_161,4373.102774554884,4387.521623688935,4396.873470793429,4413.401609900898,4286.750841454876,5288.345330116275,5317.430722780215,5374.912585702073,5499.048513986762,5535.509621474145,5587.656052666434,5657.700639994884,5754.959227561165,5813.391930500018,5912.959071471649,6005.350491174874,6105.455775042069,6218.995319840407,6327.180236494257,6457.239362171747,6601.866066694085,6717.817675052067,6852.887422708542,7018.953490290393,7153.9046049528715,7302.98438871023,7489.1211462641595,7651.576014275539,7837.769136831424,8003.652471593452,8208.195361689255,8374.24834744508
experiment_162,4373.102774554884,4342.806631539421,4229.034882949222,4186.0099431286635,4030.2858358294416,5121.376749423763,5118.245308529584,5089.251578636642,5188.755482509026,5187.033273335535,5209.208615644673,5231.616099120765,5289.613751776727,5325.882590475867,5363.324939197021,5448.960789993581,5503.236111576809,5626.216343175982,5702.900789296306,5805.950431972077,5900.129548041494,6044.49002003243,6170.162078868705,6320.181691836363,6494.076661716659,6658.8289540704345,6825.013949316377,7042.841551992868,7238.259865241605,7456.002622960177,7707.227305889224,7948.281988511971
experiment_163,4373.102774554884,4449.962716487616,4512.413513730926,4586.676824546921,4304.551331467985,5520.407712977285,5583.860903051607,5637.354330325031,5841.88435565902,5896.610383363095,5935.123377366743,6022.201398709236,6027.408687272429,6088.453941739555,6114.790263995819,6141.482614086466,6206.699919844701,6205.724288083633,6225.654706832385,6277.714642069488,6292.611905618377,6289.243110248808,6341.601417801572,6341.417785632078,6368.37045175925,6353.041099209802,6389.878891134568,6381.561226976311,6353.332792362453,6393.881215947096,6377.392739223809,6367.043668547902
experiment_164,4373.102774554884,4410.037018211107,4431.758739279581,4469.9913646637515,4360.915068474565,5362.100235219757,5440.278285675893,5477.430182535709,5685.007219572929,5744.45846561731,5817.084650709181,5900.206675550654,5991.404230025215,6075.971706810362,6175.911350647234,6295.683187958362,6395.235922045649,6530.634813619448,6624.3017527952115,6723.228458800229,6893.138498214425,7062.76618553162,7166.5889676385,7328.367663708774,7499.947504385059,7708.042680872841,7886.337873378376,8061.936265931152,8252.94002931015,8480.504214332686,8693.235164515332,8940.97548309759
experiment_165,4373.102774554884,4361.3855350769645,4318.99047931617,4306.045389325535,4153.136319536586,5125.155337168501,5119.189881772129,5077.424625332163,5189.60888643076,5192.739949092962,5152.528519657399,5178.761378239382,5179.408897500806,5195.310993782887,5213.840243309543,5231.780990351166,5265.856215147562,5304.11234159132,5316.297023828775,5357.464333469939,5434.426387734597,5481.34318276914,5568.682287639433,5657.943809681496,5752.833774561721,5814.955135003027,5907.410392156331,6006.441416848311,6149.91157444939,6262.12855573114,6431.285044602633,6579.604890436458
experiment_166,4373.102774554884,4182.678759782084,4159.806290183578,4123.561049139844,3961.2992455069852,5048.506985568726,5000.604061496317,5020.060837752699,5064.6835533298035,5108.319602669666,5133.263495181974,5138.633358997397,5197.430639167758,5228.339240054688,5319.687112245709,5380.869963062691,5485.978235047053,5588.6439802440755,5675.852760466889,5793.596906289317,5929.1527865926,6067.844349229831,6202.186249788278,6350.107638960486,6452.265601855552,6632.12062304417,6789.832585542836,6958.191016764332,7117.768017072415,7227.754221977747,7434.522772698327,7609.469718748138
experiment_167,4373.102774554884,4154.197831560923,4039.420398391133,3957.7454231376164,3766.5369257754783,4703.087666522503,4651.687625137788,4588.634751961455,4662.968844899615,4640.146525609267,4613.939823749773,4642.1956249274535,4690.200188032964,4714.917149008962,4773.825154855194,4832.859265891619,4951.241015050266,5041.024381929112,5168.681932655221,5316.230055235448,5467.615536096033,5640.5203191836345,5842.785193053374,6075.624851860246,6308.743966589764,6604.751323230727,6911.936048799433,7187.42734658122,7478.6132250616265,7845.373054753439,8172.810780254558,8483.035946825035
experiment_168,4373.102774554884,4465.852588590544,4555.263507455956,4549.486774919976,4393.499924303743,5730.450530919968,5843.781525920852,5953.672301420478,6230.211132863858,6321.899432518381,6449.637525065042,6522.421788585791,6630.155712729322,6683.46250908418,6850.954652370181,6969.4616592265265,7018.098358725927,7158.570886299651,7288.9150369691415,7359.270957235195,7457.485449846636,7576.548510924222,7702.619171897746,7842.895182185468,7944.03610274049,8050.162312961037,8190.504427735324,8302.873531886295,8415.561170061614,8525.277145223758,8695.579407045188,8808.235315608814
experiment_169,4373.102774554884,4338.788344535282,4277.000846134012,4260.007457736013,4076.520015551068,5024.352312972492,4973.806176321039,4928.569500429003,5018.443341037901,4996.26465437524,4991.648028972467,4968.454005954454,4965.199292964031,4959.172862751961,4962.929696618709,4967.378826220529,4973.765220776813,4974.579902809061,4989.239540564371,5016.5062873138395,5033.5665199318,5050.4542120099495,5068.139599350318,5117.931242411441,5156.430048331567,5207.663413031708,5237.327311490256,5292.257471974172,5368.372381187566,5442.646997522712,5512.135367646383,5612.412533810095
experiment_170,4373.102774554884,4374.427950190011,4364.449766577269,4363.810970158922,4219.227084088494,5148.243718306256,5121.264175171186,5115.425247019872,5195.3973736278795,5208.835058198631,5194.456581477536,5183.867466726357,5179.283304509753,5170.424496911097,5171.029328750093,5170.765911747678,5181.462719298694,5195.2066703125,5190.84426742504,5182.445929218778,5226.588074730672,5196.203899765845,5259.118242177747,5253.738051969669,5290.085382599409,5325.191876719868,5373.923023462119,5386.82092406497,5448.645718912389,5498.778521854445,5547.799387344652,5627.424411854758
experiment_171,4373.102774554884,4176.922316707912,4146.430283035242,4107.821368083759,3933.4412937868788,4981.0220294692235,4934.351049374694,4929.13213923037,5007.688330448632,5011.214865283711,5022.234211545098,5037.112724773013,5096.694022678505,5135.455234388224,5178.619659617107,5253.2428149933985,5318.452562065991,5394.967621184182,5497.686604566755,5624.3809560834015,5727.725870635537,5862.828187032523,5996.163843619405,6169.241409988386,6318.51134710183,6473.0689993871165,6720.614701274399,6907.415563547924,7152.9555596571,7372.4543233355835,7587.349050737467,7847.08569732751
experiment_172,4373.102774554884,4439.837744231108,4494.74596646111,4563.3774750490165,4381.482272312862,5492.774079061866,5537.405436029031,5623.450781356994,5863.264717558537,5947.875739076206,6019.582849392434,6098.859643123744,6165.898779234592,6250.669699059818,6372.254224818171,6464.947152333043,6583.314470279571,6692.8039818878115,6765.878517917958,6887.586525389618,6996.666676352161,7106.998094845362,7243.617517574857,7350.294750866918,7464.440407343542,7587.031080255911,7735.155221769994,7852.953181922519,8054.715466245636,8125.921355357771,8332.98809450585,8518.802651678732
experiment_173,4373.102774554884,4164.2163877947205,4114.6077371544725,4040.719544082235,3860.0222847244313,4866.980741695203,4813.229202410876,4740.810682816846,4772.222840957792,4760.412130924613,4742.966026055539,4713.60814593489,4721.674287894823,4722.80548058409,4736.1697558117285,4752.938128458023,4792.205099713796,4840.681401218379,4900.596078522537,4939.596661433242,5025.8178588577985,5112.809368678063,5263.378018003596,5366.990141839172,5528.568996578277,5655.452668188698,5857.718722832185,6044.920138020714,6224.519650054774,6433.908924864943,6672.849266610494,6915.367622502061
experiment_174,4373.102774554884,4456.410172161515,4525.796966939268,4601.923581664172,4319.8967736848845,5554.40640782423,5629.000786469045,5690.690014307595,5855.797231425561,5902.678988224773,5926.290183436234,6000.81052118343,6058.363247918327,6057.712725303625,6093.656784141669,6106.4870863106335,6135.563915832809,6173.456181294869,6170.13757903309,6207.55885162985,6221.737455225813,6230.284917522717,6217.2033221697075,6226.468073382455,6229.793220975589,6241.304954949903,6244.180706007004,6252.953002459859,6227.44741972023,6239.679222626993,6205.349911498375,6182.143592726129
experiment_175,4373.102774554884,4409.372016307549,4435.335856767074,4462.366564805268,4343.574040368138,5294.158397829232,5353.36321934015,5364.276662684803,5523.704903886452,5504.055268069533,5547.642129342265,5561.95022412121,5571.847558087024,5600.0151843643835,5638.762766919077,5677.52902426479,5692.620792050858,5745.2409112341575,5762.849158265928,5806.809157188947,5840.478152291437,5875.221596967262,5916.707440903701,5933.694185037009,5998.449661075281,6038.552894236344,6094.192531297276,6182.780989292103,6227.522830043121,6290.226733757991,6356.481754327788,6438.164159769536
experiment_176,4373.102774554884,4477.436890026371,4577.75858869752,4581.189066417196,4423.302757060889,5788.717926922619,5900.914423892589,6002.721395654475,6264.587482677628,6337.285373932585,6470.520905073156,6624.33301004844,6655.228708253007,6706.273313297081,6864.3030810343025,6973.451033403842,7120.246406023296,7204.585871967295,7317.70853930012,7418.241744432735,7546.945714173302,7660.434179332695,7780.523920346535,7915.212909139269,7975.395905510883,8147.492750906362,8267.777317531727,8358.23398342271,8524.857904192668,8698.285448597742,8781.399799471295,8919.613392834635
experiment_177,4373.102774554884,4401.6694324198525,4423.033328033136,4459.585356554276,4336.45778805364,5302.828523270373,5378.174645017109,5414.107660774453,5627.571828619888,5642.734182748249,5733.443114012693,5777.571746875337,5874.604663223051,5966.623442916163,6037.455612918199,6130.424801515599,6236.476123131613,6320.611011463008,6453.934006923997,6536.9894586202045,6659.492994963779,6764.943675187239,6881.182964396054,6998.564268821976,7123.2834022307015,7217.612764786981,7344.638612284029,7491.603039444291,7621.000602713067,7761.822519108989,7892.845288122707,8060.622926901648
experiment_178,4373.102774554884,4438.70789932183,4500.573774155043,4564.74428805459,4378.884881691717,5444.47416783293,5511.648833099366,5593.526361867174,5854.756100467153,5932.986574061084,6013.586849216617,6115.460660849232,6217.129813611222,6259.5048633354945,6414.151193660287,6485.267203619243,6558.221509016434,6693.905803801731,6841.233266264684,6927.279746008693,7098.2336653821385,7204.009127299283,7367.626708997842,7530.550989772552,7706.6716273251295,7841.209790188502,8014.603641099793,8221.690526014207,8382.43084001054,8608.203474273207,8817.20522236502,9031.015556480064
experiment_179,4373.102774554884,4220.079147928585,4174.023536250741,4138.557274543262,3952.4669656644987,5078.702331820145,5048.382464146804,4951.132103530661,4952.645306696249,4904.221929061703,4859.957509458352,4853.505771096843,4800.663591420731,4783.366100133424,4745.373257758608,4714.035107494268,4707.770883341006,4669.34385281872,4673.961932117792,4654.048217546844,4652.0398287517455,4651.37458645036,4663.557693977983,4664.816813465658,4680.626876460146,4708.032505099376,4735.09552308632,4768.791549508605,4811.989430230187,4860.909866790738,4897.1317852673565,4973.880546481133
experiment_180,4373.102774554884,4386.330688177182,4393.330882717637,4411.86688495855,4281.746223947935,5238.285657809426,5266.183906137778,5346.89447473279,5492.266572335327,5562.127009471641,5603.985633922976,5699.6089875889975,5809.804663212781,5892.633559173633,6027.50462076829,6170.744801445313,6318.134915066951,6491.066149288694,6677.503388296909,6860.659590015537,7094.87385723712,7338.783172532314,7563.2133324601655,7880.167000602776,8153.521951784245,8512.446850367616,8839.036795715892,9237.020794770371,9691.581019019464,10108.562642032755,10597.40239604441,11058.33836873599
experiment_181,4373.102774554884,4349.09473854155,4241.6900064709425,4237.862709492227,4091.894441835734,5185.230721177615,5216.020965025964,5233.0313979744415,5382.431012620249,5403.559974157341,5466.4751610254,5555.947693392307,5615.581409928266,5712.70008721713,5821.146568457885,5936.980796223264,6027.520771900878,6144.527600829808,6306.446886631804,6446.652352266727,6617.319123363227,6796.178369913816,6975.703010440967,7147.762064775653,7349.270451176704,7581.095914925116,7761.430907597269,7992.288847653023,8226.890262272234,8456.646049015513,8734.054722972207,9017.748952154827
experiment_182,4373.102774554884,4398.5351886279195,4404.328935822523,4430.212774489493,4314.48242956217,5341.771148180153,5390.488550482854,5401.627783257061,5605.718942408494,5647.732018535541,5709.322980417205,5776.63182625212,5877.0507435873915,5945.310510863708,6063.513504804051,6150.771483881597,6238.798648899623,6370.615204726626,6506.6086968434975,6644.947424857016,6793.960153846088,6920.028181941114,7090.3032160476705,7301.805723221235,7449.06560712827,7665.88243878187,7875.583999722086,8037.404100054457,8309.212812571543,8530.331750334108,8747.685891073716,8951.111714759896
experiment_183,4373.102774554884,4195.034383787696,4141.921279319477,4097.0337445364,3926.364172897931,4955.157849620732,4954.914017187733,4927.6088630177865,5033.9453075728925,5059.224623460736,5118.4219719649645,5123.195819990529,5193.826141200192,5282.4408662174255,5400.742858284017,5483.59038467606,5592.466609449517,5758.377021560957,5908.721568938106,6092.433397242203,6288.462930062295,6487.746403648231,6671.669298197523,6908.941991038625,7139.097507427356,7431.387349449783,7733.8996636101265,8080.486193699256,8380.760848811697,8679.56582202113,9144.843926117013,9540.956008940564
experiment_184,4373.102774554884,4365.645391003725,4225.2329890114,4227.485016220675,4061.6173820179147,5284.663437195174,5319.008560833105,5333.149957804203,5473.6274906584285,5500.887170609378,5548.011250136459,5607.732115871275,5632.266849970552,5723.818664166562,5797.984542274272,5857.946608395141,5953.907529290418,6055.887811297056,6103.751522334571,6200.031793249191,6273.405263594912,6372.5599778247215,6478.386538528743,6594.5767795628635,6702.12177048183,6773.178254228089,6871.73244369529,6994.050472356597,7092.617848162669,7222.761259345256,7316.683696543476,7401.680308514098
experiment_185,4373.102774554884,4463.064401108337,4540.309385040744,4619.24854205119,4364.080565648082,5607.518219977839,5698.215102804248,5786.753134892653,6011.658678573131,6110.630919073088,6170.01083735945,6254.702784281811,6327.539518712145,6355.213535292,6454.107088732625,6514.015046530951,6586.577097294372,6622.898689951941,6720.804257138741,6738.74141546757,6787.648501961961,6852.928926227959,6912.499939014266,6950.866436894254,7005.108699141465,7046.734164169595,7084.175859993234,7132.8503616752205,7153.205371430901,7214.501934131852,7272.530848445171,7274.192592861991
experiment_186,4373.102774554884,4417.811471841445,4447.056859520581,4486.1920589886,4365.776969340875,5356.493393105678,5396.8463751492845,5400.104278716315,5581.744605592987,5606.257183763374,5641.064139030748,5684.850388952837,5679.317910720003,5737.789679852716,5770.212308135562,5809.949619034558,5827.8530953292775,5871.124931492489,5890.744379242489,5894.574160055743,5944.838808111603,5964.000027440219,6002.339490406774,6015.497622226032,6040.113295512756,6075.719194156967,6124.555154535505,6161.875619962666,6201.755916170296,6195.443744371074,6286.503382229226,6331.562324796105
experiment_187,4373.102774554884,4454.4525591991915,4519.55079338425,4589.535527525031,4410.659762314521,5528.054235514482,5592.544978397502,5619.8658243445725,5818.380699458703,5835.257741226773,5875.122034473678,5935.471975303685,5972.688913248665,5977.82450828326,6029.421473630299,6071.905488738257,6100.090155599655,6149.112632241293,6170.024961837127,6185.7466565890245,6247.367504092226,6264.575584286269,6296.765019296805,6348.691207243606,6397.17827251887,6415.431794094618,6459.015646115216,6502.783993150796,6540.716011438328,6578.734373756142,6621.2913509182235,6660.049722716038
experiment_188,4373.102774554884,4369.155636846186,4332.4445770631155,4332.184286527454,4200.06035021813,5174.8103783749375,5180.260512696888,5164.966523435514,5257.824637270496,5302.02099239409,5328.498608386688,5336.34217958256,5409.259663538058,5420.532867323541,5504.771587848204,5558.034163741157,5601.182032208706,5689.830692694228,5796.417937449266,5857.295293530565,5974.4830410605955,6081.472555908496,6198.206440796945,6318.872785773283,6466.592213667023,6633.19934944875,6755.970652629855,6894.156595771945,7058.738171658762,7215.612101255239,7372.787813332225,7596.479756639303
experiment_189,4373.102774554884,4427.488727889128,4480.686179141777,4533.460424729644,4344.820967910308,5469.395680033738,5554.529658860897,5597.805505216047,5833.457504890289,5885.273452062256,5957.481467079531,6050.19596677937,6122.703270367363,6238.086074953022,6324.353152246575,6433.303882328528,6539.426391600386,6650.416505777,6763.134386557938,6902.999689789143,7028.833297264391,7105.381703476967,7275.454191984732,7381.634621518272,7533.019940364125,7669.723542759044,7779.260822907119,7939.7113868636725,8052.312938071624,8230.574194108536,8357.073825291389,8448.911051299994
experiment_190,4373.102774554884,4405.845666747745,4416.479345914759,4443.8956080187545,4321.9930459333955,5438.329236218862,5442.4362524299595,5474.840326222718,5605.227579218174,5620.882269567013,5666.333519427618,5705.3537346067205,5729.940651499926,5801.540198092043,5855.230595581477,5919.931280871935,5976.552884519282,6002.626995504204,6090.138878259731,6174.239395098458,6261.631945465218,6345.2847541389365,6449.289697741227,6561.743646158819,6635.861984274918,6773.839842280537,6904.537320066545,7050.896350202088,7185.152024292545,7311.573942907932,7450.954963698181,7629.05942164448
experiment_191,4373.102774554884,4537.906138714807,4507.80508285412,4677.453177791647,4505.436235608499,6062.018049947295,6211.540857639185,6424.264872694267,6726.633854322852,6876.259360867363,7092.332052983807,7317.01035099968,7492.1518263027465,7647.768843106407,7869.43498632933,8074.852544611587,8296.610901190465,8489.250760610237,8702.9321442114,8903.63994241914,9152.37166458361,9315.613664357734,9525.955007372359,9749.951367788113,9926.104281749573,10116.838111573446,10346.573645045159,10554.341301955652,10724.662146480767,10940.15439591709,11119.732731445623,11327.777300124335
experiment_192,4373.102774554884,4410.089021621815,4441.220278222595,4479.536240271064,4354.7488800449,5332.347483146593,5372.709182998683,5404.0911844107695,5534.816919406439,5569.486316801971,5589.093991815309,5628.897256343807,5628.734820744588,5666.400820150633,5699.937565438335,5717.025619065327,5781.336747188563,5767.170853766694,5804.052867708581,5809.657748671881,5830.841951438675,5841.413056602812,5874.867814935091,5914.090523681943,5894.890412782412,5924.423533012507,5947.705135904518,5966.519443971316,6014.142753959528,6014.223125247178,6050.6559023181535,6093.600723014682
experiment_193,4373.102774554884,4408.735924641332,4441.3416982811705,4489.496308443035,4380.545445866197,5352.894269544656,5391.0125214785185,5508.794022779891,5721.345298786155,5817.185538306088,5935.766699267469,6079.466282646643,6206.328707715828,6357.107257332438,6494.209039179708,6711.455899664693,6873.022635691473,7075.496833136768,7280.872460336115,7519.343030407335,7779.165191746104,8075.777977480503,8344.170312547063,8655.732114349608,8983.815201862813,9299.532417827026,9681.146092918247,10073.029020491645,10507.210040735386,10936.057193197765,11406.773145612247,11843.83355473025
experiment_194,4373.102774554884,4436.836128428131,4501.843695361594,4577.976397110266,4318.770732380792,5708.195563460605,5790.861363693415,5895.353451191324,6154.255862082584,6264.041265095057,6371.567741204655,6506.860157828044,6651.268015184829,6769.455638222271,6915.377473290382,7035.219912690476,7217.355803994623,7341.033956129827,7477.160820900692,7638.350991507043,7817.304664642224,7988.398724726849,8132.738940891872,8291.501282582321,8465.181278442346,8649.300986713653,8805.730874003902,8996.744777612223,9131.42470769616,9349.713650713262,9519.672160505766,9744.008718216679
experiment_195,4373.102774554884,4386.2374161416665,4395.25906667239,4414.850852898557,4290.787648884279,5223.006987797276,5290.975707956478,5292.945452342739,5456.585623707255,5500.231603455439,5566.8330246568,5621.698628910311,5684.296771287816,5770.116467927916,5893.539618184102,5950.793791374891,6070.113483165485,6158.575370938061,6291.789144645543,6416.28313647694,6525.459026427938,6668.431557782877,6794.314850504625,6937.414039631485,7073.356280951881,7217.391557186638,7399.91344289008,7555.600806669405,7696.861487809131,7858.996264955062,8035.514792291584,8231.259743765295
experiment_196,4373.102774554884,4477.777213476584,4573.27889665504,4577.517391485042,4439.697835061468,5766.257932351361,5861.315394148463,5990.455305597794,6221.203171097493,6333.8621444775035,6469.140921932813,6551.961625774743,6751.270191726094,6862.686266186395,6991.215737544554,7123.974747686089,7234.730238142805,7389.135439463087,7510.892006046747,7690.418205787758,7831.721881897758,8009.416375466421,8154.594928588076,8287.078737287044,8445.114415918193,8642.571094483676,8748.083070442157,8960.477016740424,9164.764473203435,9312.432612681996,9465.57913230224,9656.272657484156
experiment_197,4373.102774554884,4465.231879711528,4547.279403963572,4529.566615019066,4359.305732876625,5667.840066576318,5736.203473024822,5816.451070055375,6037.858891826518,6069.569253713367,6108.1719584441535,6155.2208940291375,6212.657994458856,6244.680984058674,6300.115679650626,6304.086948817725,6346.424856108984,6361.829124844888,6373.905803201288,6390.255798749808,6396.366759028645,6385.229645020458,6405.497657437001,6389.903390679072,6411.106164887724,6378.687340782726,6371.002950087181,6377.541431062618,6343.857225234348,6307.964395139395,6273.70621095314,6259.083813737061
experiment_198,4373.102774554884,4338.255343542511,4314.390437344959,4301.667276065456,4156.021889953821,5019.797521641027,5018.782896755452,5041.486194366681,5140.0745578666465,5219.996297488777,5258.239133846867,5347.668434758542,5476.031432635687,5586.302424063527,5741.321665704763,5912.75604781969,6109.948356837536,6310.011655436891,6513.946687177946,6683.708406964621,7002.422934884594,7272.006393862926,7540.186309133167,7910.151329222472,8298.729115355483,8683.585455514973,9074.72797403497,9532.274773983267,10037.751197010743,10512.648478827661,11096.902789287986,11746.717702728081
experiment_199,4373.102774554884,4341.424998079741,4224.90396143644,4195.619167089075,4041.9542012223164,5106.6343941924315,5073.015926387598,5081.07749352005,5131.098359763488,5157.489798969846,5183.117832496119,5205.840364208275,5238.849495363507,5300.285979134921,5372.189904216459,5377.4090592133,5475.415782617262,5534.053079131663,5619.797242627521,5686.417660298461,5785.801107256705,5887.425535616216,5980.55371637308,6092.338356865199,6242.575823327407,6363.713495918016,6508.7610089990285,6681.277841509689,6831.219432434669,6991.684733911594,7147.499512997583,7337.739217141156
experiment_200,4373.102774554884,4439.387260142867,4502.190653971602,4575.78372495439,4300.55576613495,5585.904331825504,5678.0425599823775,5725.578561601741,5978.482688445171,6062.431316287719,6157.404987623505,6234.299402770606,6334.6239869606525,6424.9397890667,6526.089482915977,6613.953506056741,6657.650383267028,6786.346458833485,6855.146105083859,6903.733632424682,7043.566113804089,7114.258021404124,7203.4775070484375,7307.330559757471,7397.475392601559,7510.576690176204,7642.866796453857,7730.527136661926,7847.177335610621,7926.769408157257,8117.061583330311,8246.737102184938
experiment_201,4373.102774554884,4231.39380513389,4072.4759343653704,3969.6893994928823,3761.027174462749,4608.7729483323765,4518.814707939818,4447.737059712863,4503.051711199147,4454.747454130949,4398.197506112042,4382.03229212383,4360.433481860787,4372.139287634922,4327.64851702778,4350.322491348501,4359.74253988344,4375.946979254117,4415.724670117355,4448.751374232687,4501.119250365584,4550.914698905582,4619.80831187328,4689.346412057834,4780.185478878904,4866.191217937809,4977.805015547601,5111.368673827219,5248.747785695654,5407.466088115242,5589.337505360024,5740.789657187603
experiment_202,4373.102774554884,4393.355813375099,4405.6229549856525,4428.3349500129725,4297.021491159563,5266.434840820351,5299.4194429713325,5344.547789675383,5463.236878529893,5483.859398468772,5534.398728649292,5558.986433100017,5595.428685875117,5648.532492412809,5698.416031584851,5721.312609918165,5780.171978906183,5816.361443572718,5870.082356000226,5923.948780800353,5987.5343030208405,6057.4777522060795,6100.680825850815,6173.410690754035,6231.988540178508,6300.9011704425575,6382.811139397982,6457.5973487762685,6547.351692176686,6635.860816187497,6707.58745306505,6777.273258663569
experiment_203,4373.102774554884,4479.530641657451,4575.6592102669165,4576.200707930453,4424.55003337712,5764.29262792631,5902.539190067442,6006.527005073873,6268.06078618989,6391.5806194072175,6485.0707198795935,6601.122757428315,6716.426550052414,6851.028513615832,6957.41934211247,7016.852270375754,7184.28336226823,7297.5098709135455,7434.292017614085,7476.018728520217,7651.153334985048,7781.743142604888,7888.241197667714,8035.1707371162,8165.529505795004,8285.06028226997,8448.289025103308,8563.70136742876,8700.017941514347,8856.236126392138,9011.974294243304,9125.586932393122
experiment_204,4373.102774554884,4218.665970778484,4164.576151815705,4124.085618889837,3955.525295823115,4943.522947561552,4871.320280748978,4903.033386814544,4980.767487842866,5006.883718096575,5028.772058370944,5066.048024378916,5113.29324103874,5164.802598061855,5251.536252771002,5324.789418358035,5431.401730753145,5527.574853716682,5678.743329312777,5800.367237070892,5953.143848733276,6106.482528962548,6293.692707319386,6504.786555905062,6711.850059747374,6946.406731659905,7220.528133073341,7461.959139170383,7732.738653874535,8024.634561279888,8311.722591135993,8623.840623858408
experiment_205,4373.102774554884,4374.522203226018,4240.350368224414,4276.313139839542,4105.967639604451,5219.562932652433,5224.369558403872,5282.734107375369,5357.771867726762,5424.46385006218,5450.066063505161,5477.990665477835,5517.796096251855,5550.495711710748,5596.318639845994,5664.482106753087,5714.500368232939,5780.797417753651,5854.181540991137,5940.94771805064,6028.211505536427,6112.361929727484,6226.272714148632,6294.537384913481,6412.422599992959,6496.1271891721035,6613.726334482911,6765.078369766426,6883.239177073532,7005.0388208153245,7085.646311009359,7252.115662777333
experiment_206,4373.102774554884,4209.2946768879065,4184.894308810139,4147.241963935085,3976.53016823892,5026.366669395729,4967.05580980245,4930.395437052175,4969.9296269110355,4933.133428617673,4885.6936088540515,4841.740177607146,4861.638103625799,4849.405940516156,4823.5186205771,4840.328683817617,4823.945063265165,4841.420478054709,4889.716700491681,4900.649117882128,4942.33608940878,4956.727607039688,5033.895022172366,5076.524383494946,5134.146037447745,5220.078497279895,5288.412863969772,5364.102536358536,5468.630026160272,5580.351107932513,5651.340259062539,5767.569213444105
experiment_207,4373.102774554884,4308.617608331078,4245.8214406589495,4200.590596479726,4020.593424379508,4790.191681597032,4748.898703831921,4731.619210916268,4861.765067336995,4873.840310559324,4898.113807039435,4926.529258215814,5002.917547043642,5072.149894331639,5174.509916378041,5263.55790583997,5410.839157185941,5554.460016473735,5721.60037649229,5897.670480506111,6119.460943455323,6383.514651378095,6643.345602939018,6909.315957130151,7214.797738965672,7566.751382357333,7912.917980574406,8336.626770416831,8771.148514559265,9232.372894546383,9753.208894045345,10346.838039744824
experiment_208,4373.102774554884,4274.071531319285,4219.880457385782,4128.831124192613,3936.479198122209,4751.341075791817,4690.854405545955,4648.309117981184,4731.20188028858,4736.315940182798,4712.859041763004,4719.5117466356605,4728.422762756842,4736.714172945256,4780.288121822984,4850.9625805091655,4924.761337629869,4990.057595386864,5090.060876156833,5214.138990285897,5333.896514447579,5495.711066385371,5674.8625361643135,5875.917839723797,6098.969145397314,6331.105947021957,6618.769607795935,6905.113272458726,7242.264399438545,7559.170799859645,7881.646355688514,8252.000215238288
experiment_209,4373.102774554884,4216.138334696438,4199.494469506381,4166.414866167019,3996.0871192262084,5121.885280460135,5101.231902036518,5107.32302090066,5122.61526315512,5113.216810547145,5100.440559758067,5105.648980911486,5096.859453771023,5109.26332250824,5126.223499505213,5150.336166769147,5164.112880646331,5196.728430818209,5244.85390996139,5258.060305588051,5335.427857501774,5371.208521264611,5443.973560663521,5492.618174062294,5544.840233183613,5671.62462995932,5751.576823329385,5834.1103405207305,5923.326807282783,6004.162110300051,6138.541621076102,6248.286910106725
experiment_210,4373.102774554884,4460.105369118771,4539.087451824067,4611.571235744974,4359.609369865981,5648.279053182461,5745.057151478617,5809.896671996532,6074.989881663712,6114.946302890629,6229.454959851285,6351.168659503892,6415.5384168643395,6482.8193440985815,6571.13704854024,6659.989241902881,6764.849195817216,6907.0839487089215,6952.461730657466,7075.052278998723,7178.886781040925,7255.186320242346,7362.642450834122,7477.002697069991,7549.074073157342,7665.494051244001,7783.930018426781,7913.439472855962,8002.1503271980855,8153.885654350295,8205.270427126798,8316.585055961528
experiment_211,4373.102774554884,4403.169703879839,4423.924886637432,4457.404233634887,4330.8925843181505,5329.005418998477,5351.426464949562,5398.305930717827,5562.294004186217,5611.391915848393,5664.992166425526,5699.640666479478,5767.274115529401,5811.270468337515,5873.87306022064,5950.440921481863,6017.255805638957,6129.590949758423,6177.830150040434,6265.31108539759,6368.119367825499,6446.637172764319,6551.904391198421,6639.142121628449,6755.921973532232,6889.645343723372,6981.137618015044,7072.714007477978,7190.292465826317,7258.145252108927,7478.0736317555375,7596.6394870710765
experiment_212,4373.102774554884,4391.74533063886,4402.07238099346,4417.2209379117685,4283.13729815489,5166.185449663011,5225.713885878262,5253.041425304535,5344.892945072744,5360.75438677412,5411.627225104923,5433.542870279349,5472.610786374042,5506.291729523923,5558.96692353497,5633.975376901305,5684.458649237887,5761.206317409173,5826.750854888109,5935.973515593883,6033.477465364231,6112.388170877935,6213.87332297801,6336.559574252155,6493.245264516374,6616.640955994907,6737.027116389327,6884.574811703256,7042.663476260702,7224.152488629932,7377.004216235371,7583.409560812824
experiment_213,4373.102774554884,4153.3124195675355,4065.8788363606786,4013.109635535095,3833.3047346398725,4853.0790984024425,4775.67606525645,4735.31032683046,4810.936254908034,4786.034538337186,4780.094967018279,4756.57486997683,4762.446221230632,4783.701519569339,4829.357692289079,4860.7585376244715,4940.400441326339,4972.2328103036525,5073.418692956659,5139.095195457095,5220.356041760957,5339.749613087825,5456.125981421044,5580.558442598877,5695.528533362025,5848.155565966316,6036.638100354881,6197.915709227678,6400.699967975233,6636.11368458114,6856.397662159591,7115.600664200618
experiment_214,4373.102774554884,4543.239813553446,4500.482034470605,4657.043925355739,4481.084523002992,6107.483659881524,6287.502995981864,6427.288644518258,6745.363425353581,6839.538510598395,6897.617042309046,7070.896630528705,7204.891226384507,7168.045476169003,7303.40206950633,7413.243824489264,7448.713379660196,7472.0872646057,7540.848929466341,7566.305682713068,7570.769019257554,7586.192267585298,7564.860343544401,7550.359818289062,7510.812708610663,7480.113427385546,7446.490196689278,7361.754831443835,7301.296352368492,7207.479278623121,7118.4106891388965,7018.336191440516
experiment_215,4373.102774554884,4361.411021085852,4322.490824382072,4329.253699288729,4198.176126120144,5168.03868720873,5182.613411760849,5224.1161701297215,5369.229808568065,5419.214687114663,5461.4844783434,5546.019347276873,5618.597658079241,5722.774617551945,5788.492962455721,5899.356165288573,6018.862089533883,6171.124652061281,6276.368932698464,6411.711116161397,6562.520158684076,6709.175838279311,6869.40360485948,7009.3781622110955,7185.549988323443,7324.8125390241,7530.640640921446,7706.881989152369,7931.905977456861,8125.5174059643205,8326.281031918996,8518.902799333377
experiment_216,4373.102774554884,4327.102076633339,4272.7038514663145,4243.474022432373,4073.259702982734,4923.446394692326,4907.272636400377,4883.580890265614,4960.212324190411,4966.721598068065,4980.832261248965,5000.765066108501,5033.781065509781,5076.562677723273,5136.548637758775,5185.59429597807,5273.694193591724,5357.338137364615,5432.960654795998,5536.445720743496,5650.9189573072645,5796.43077812792,5902.833143063519,6077.463988947379,6232.444833539548,6419.957310493458,6603.652715161565,6822.2622973511625,7042.127866219717,7246.845036378503,7493.624483202195,7722.6670286961635
experiment_217,4373.102774554884,4439.501421490842,4498.4379614232075,4560.97140768095,4379.009467465168,5485.237378201127,5526.864770699838,5570.718918724064,5745.578976718171,5814.050269504247,5877.600324203771,5958.282618880976,6037.75595496252,6124.854260162407,6230.438030910716,6304.284975206033,6387.927925028046,6459.348762872781,6565.676626734223,6653.016084784676,6735.167599825867,6857.622271659181,6943.5783976798375,7017.754968494869,7114.301846551329,7199.247823932186,7337.29157677376,7393.01926514389,7514.47973254004,7649.854098786549,7751.949049299359,7875.940266823209
experiment_218,4373.102774554884,4334.882333681193,4170.634695552017,4168.669401142333,4000.4555180195343,5097.647302777569,5114.987388281597,5106.082831930087,5189.237543325593,5188.41531054906,5187.102620488706,5229.207508304247,5242.9901588713565,5260.054319149623,5310.966308486331,5356.210820368056,5432.377014494431,5468.542731562644,5558.942191466783,5606.553408362459,5693.398833360474,5765.04683897315,5866.750716772532,5965.164800879309,6090.391783383736,6215.746639524332,6325.747521757281,6451.144968463474,6594.033163570407,6706.90996732688,6874.1309552929,7018.431714419752
experiment_219,4373.102774554884,4193.319105474389,4129.867033279272,4067.0912872018307,3876.672822582079,4905.836779074938,4813.5944435782185,4785.5632038011345,4835.96207235946,4784.042835381531,4765.458814053519,4717.182056149244,4731.76538860137,4721.525621747791,4713.803428072309,4734.961593328757,4768.65221743353,4776.072634227534,4794.020934406073,4852.239062648636,4918.055738433678,4979.74471186705,5052.877940928709,5102.043812662708,5231.543846287903,5331.65548018297,5456.3000712483135,5581.059221815023,5712.3789057416725,5926.7126668338815,6105.568493222209,6268.9985266878175
experiment_220,4373.102774554884,4470.756278488856,4551.941939381868,4550.741043237882,4392.323415360339,5611.418401405427,5696.522490102789,5767.200900924953,6046.484563692977,6121.334624672365,6217.260357901942,6318.037182213075,6365.753150811533,6527.801189307416,6616.863842544224,6710.2693718537275,6763.8857553923945,6930.093583287284,7046.210251104737,7137.768627576975,7304.842104531884,7403.7176477106195,7537.4995043311565,7670.064812301589,7838.76328723505,7969.72343768925,8098.2752140575685,8272.573544541698,8406.082313210443,8588.876579173259,8728.475693445094,8910.466147808253
experiment_221,4373.102774554884,4410.643083898536,4440.776603643064,4478.183806079614,4362.175666177854,5336.349302441568,5369.610476724653,5408.277875395639,5553.2708491948,5594.86990057378,5618.732317761851,5653.084128514665,5685.490328054485,5738.1759004079195,5801.724691794074,5832.78159560627,5869.7024633633455,5942.65044852926,5982.620953977851,6053.7586329177375,6107.305501500288,6191.9413396259715,6234.83434472258,6319.424195446554,6411.0504121915,6474.138660381412,6570.597780850583,6650.413934192332,6714.900354144756,6780.080478262484,6846.277860746998,6879.990467424338
experiment_222,4373.102774554884,4273.96143397668,4187.22524314617,4066.480973904568,3857.902893351088,4652.623472844471,4556.014201402586,4501.774814295069,4567.522268279609,4538.713342242997,4517.905390128242,4520.132608775363,4489.673253038576,4502.073263262653,4529.243908913397,4563.416934902192,4612.569199233283,4671.82607244917,4748.762482389164,4839.106966758118,4952.510799001319,5082.20276808726,5194.1661829238465,5364.019015548495,5579.886704746201,5787.021706979064,6046.485155445151,6316.648581930327,6608.107103838171,6857.345687338711,7215.846071948599,7567.322205605895
experiment_223,4373.102774554884,4401.9589834068365,4409.986989895643,4425.998195190382,4285.08349890026,5267.859097660101,5278.292758032104,5264.3280322072405,5387.329014001725,5382.156826708632,5361.008326380023,5350.802393446922,5306.427964215832,5273.369577025009,5266.615753072845,5254.150567816628,5233.106926893082,5227.294748914025,5183.307631937878,5149.585023020383,5115.999205933255,5086.860132952733,5099.99171160527,5049.997145655654,4995.528314081642,4974.960532813551,4936.405381177186,4912.929105826858,4889.805513303586,4855.653217971578,4821.583546560991,4820.504961220291
experiment_224,4373.102774554884,4441.5757572210005,4501.776107082057,4568.73279351159,4379.081182214649,5501.286781194669,5580.494114682031,5635.240535748047,5820.4200360347695,5860.726227924026,5939.770930414702,6032.767730281216,6074.622362414073,6134.034421968507,6195.697699663229,6243.00003026257,6323.965229383823,6375.593336798152,6453.569793165294,6506.507724077925,6570.751349093069,6652.837479201124,6689.065475441031,6769.117231816115,6839.925419139305,6919.744741941522,6993.609015140693,7041.202344158382,7114.745977319421,7200.810859884137,7256.300314433214,7340.608618628025
experiment_225,4373.102774554884,4303.548004175393,4241.204323365695,4196.854635406578,4016.239647142166,4812.583024502042,4794.491676093967,4768.906451013883,4901.720009858936,4937.626376090166,4977.182945427123,5005.644053439888,5103.461312686785,5196.5235038606315,5305.050581288502,5409.153530723927,5564.627597946217,5744.896565726154,5905.656897958283,6102.820171418411,6344.126138674526,6593.332821601029,6851.292331475842,7160.550879255023,7464.599563367818,7786.249158306471,8163.7503625759455,8589.558959254424,9035.399890537454,9541.918723334325,10067.523318740976,10614.16732456359
experiment_226,4373.102774554884,4335.166171418946,4293.190177593791,4277.685152231669,4116.045048078483,4928.69029383219,4949.810792653852,4979.708149550818,5088.840265603408,5138.538623318693,5212.789538252372,5294.199156737792,5402.057859813269,5481.457104925685,5582.014089149456,5730.909660078605,5876.471535661819,6050.1868640663,6237.916616872105,6454.941475684391,6625.508511252738,6854.489542910178,7093.910084611176,7316.423813887219,7611.3992962998855,7915.615989004533,8234.617455557767,8606.205877224624,8928.437308399145,9382.277098573568,9790.591128188627,10186.117492064126
experiment_227,4373.102774554884,4416.817159212531,4463.560391354585,4520.105704668131,4339.782593551549,5464.578423662663,5554.395096221936,5639.703657446039,5900.617977937689,6021.526853598594,6155.808639071674,6262.6384655691545,6404.100242835728,6516.702835511882,6648.576070695804,6840.0686729088975,6968.835208929529,7174.894577875539,7328.278448509691,7555.300692813413,7744.82797998446,7973.186643148632,8132.921862703777,8405.913060159579,8597.898858178796,8835.128471220374,9079.248333104651,9369.71388424694,9624.913510027745,9896.612979924663,10125.190269239536,10374.397691858596
experiment_228,4373.102774554884,4445.859432742353,4507.628064982246,4571.505719024739,4285.785925908576,5629.322973775352,5650.843691356726,5695.927284290686,5857.128873288499,5913.305679171433,5929.134825605048,5966.196782094619,6010.995070692493,5990.824433904707,6024.911479152579,6024.001423524541,6038.637297247897,6034.461989313394,6048.905770735519,6040.448565665372,6044.749553102563,6047.2087201643135,6053.980861620803,6054.823030465752,6056.790149392342,6043.34529046416,6031.792182583085,6037.627459234454,6014.949054096712,6016.394169374902,6021.37178574849,6025.010896672372
experiment_229,4373.102774554884,4185.909055883468,4134.879207517875,4131.680458867804,3950.3011454257876,5061.929004279537,5036.772276989633,5051.723471770065,5158.852183414199,5210.129699949811,5280.03161110921,5359.346256638398,5427.507873599472,5568.355659896721,5665.795335582054,5823.300191481059,5998.80051657615,6134.892314003645,6319.731096853639,6517.375532061529,6743.407266763586,6955.427001156562,7216.807647889399,7475.870737225292,7781.454474438748,8015.743829264595,8322.660470538274,8645.030109230094,9011.582095303977,9331.375549139006,9701.008389780229,10107.125342619645
experiment_230,4373.102774554884,4344.841970972547,4332.471813808464,4328.126467248835,4188.206885504213,5061.52354501839,5116.346870097051,5163.822386213065,5288.5109384303305,5348.415605360033,5438.0604441805035,5546.804212297295,5653.401698316322,5821.334324704699,5965.957988081172,6133.818472524928,6326.183324968182,6542.266412676125,6793.051465887985,7009.222605704221,7212.135647585288,7509.006176874658,7856.131830046156,8136.513697764061,8505.36001494396,8900.383454923052,9343.345127651515,9811.834288288113,10318.310366351567,10801.52284844962,11353.344151582929,11972.906952184556
experiment_231,4373.102774554884,4337.181509713861,4313.353857418375,4306.198025956868,4156.465660163283,5038.2638022721785,5048.812523973638,5081.681873394281,5224.304257181139,5267.5101700986725,5305.930789527241,5362.374015808095,5466.024904828859,5583.443181611261,5685.592009859897,5831.090882996972,5969.182227729867,6103.957874967452,6311.426067304137,6508.184076916779,6708.607344727585,6969.476801065835,7189.760732706083,7469.053669702429,7721.005280921935,8033.055677226137,8338.19189705858,8733.00538532888,9151.268049220203,9575.550169605716,10060.701374216578,10558.426258845737
experiment_232,4373.102774554884,4336.446878952096,4277.797066689849,4185.230165418527,4020.337522298399,5036.646138701634,5009.338880771193,4992.04640545531,5055.255546411972,5079.193006309366,5052.04192023018,5082.782417328202,5128.140669476697,5159.42843731558,5181.072025315134,5249.759075848023,5314.857097583006,5356.378729637209,5471.399256315461,5555.965596646136,5666.510448091258,5781.8810660079,5914.656968744434,6032.812774040345,6163.74172124209,6326.466253021929,6506.525995469553,6680.017068936375,6917.332981570875,7142.3029125507055,7321.5794871114,7556.896222088251
experiment_233,4373.102774554884,4349.62143063823,4304.010776519321,4294.686061838554,4088.2179055081815,5142.068241980012,5146.376604563567,5159.449365781687,5256.61732151531,5292.163830300184,5365.831119957089,5410.8356183333835,5458.560123254705,5525.289670881839,5610.133151642776,5686.392787361548,5767.151237248532,5864.404848974249,5976.634435772221,6093.363071734671,6231.833855092975,6340.173109757696,6501.968966997979,6635.111175498247,6770.420936889195,6909.964857978763,7074.666344093782,7270.372066019528,7449.237755254574,7627.753684127572,7838.168107519097,8050.774894961614
experiment_234,4373.102774554884,4377.321056806724,4293.242831270705,4296.163075558534,4160.586367953292,5248.596251078054,5272.593948836989,5304.45609680546,5451.808435251347,5477.948652904846,5525.922970448648,5556.894113718521,5582.7323846399995,5629.361438753516,5716.383259010815,5811.248719445424,5885.19903703365,5977.502355061756,6059.644588004598,6144.824080284277,6268.113920511094,6419.39749716107,6558.061747232987,6714.578676442747,6881.572322661623,7076.478411659421,7263.858463104563,7453.492114037981,7649.020218013155,7894.603823788348,8148.152016312986,8369.938203862705
experiment_235,4373.102774554884,4387.365668171491,4395.0143808907305,4406.013809848759,4267.8999939598125,5193.266388632207,5212.370074285562,5224.231085074611,5379.136404947483,5352.251414585938,5385.297798430286,5439.213373968691,5493.579240162145,5532.877728341181,5630.475228955454,5666.595623859075,5751.076396857471,5838.753793948603,5908.961095515635,6020.941806290715,6161.621370624629,6287.790973959756,6447.957263919736,6573.952626774306,6762.259309099851,6905.4750233788345,7078.694829531568,7236.791250758522,7387.414940623415,7593.27941422531,7806.6603582976095,7957.637446162044
experiment_236,4373.102774554884,4398.695852341902,4407.854826260307,4440.633313208058,4330.963347356982,5433.611265306781,5483.795305915499,5580.500999908926,5764.501294385382,5848.081725543638,5927.670327091649,6035.40488743994,6141.004383040945,6232.829948709563,6343.400402277466,6458.36411837633,6559.263601614771,6724.001408983104,6849.350488685094,6968.65158176672,7138.496057765448,7338.513543852214,7467.43553862249,7651.645925851584,7807.5180501038685,8012.321988262324,8218.191354221182,8419.739719968104,8634.186176184297,8841.458255325024,9022.309572200353,9331.686604556946
experiment_237,4373.102774554884,4329.104761216907,4282.792500471819,4248.787557965727,4068.338955414277,4884.617498539064,4829.364200905586,4767.949869484402,4808.879083579652,4760.531183096837,4731.650052238353,4700.854448060785,4679.142614116779,4645.486549076657,4617.757598463867,4616.836812822275,4601.860654302533,4608.246137322805,4611.626654883508,4623.094668732156,4641.180481410479,4656.555763858101,4668.04500015631,4710.666805175848,4738.731351846513,4769.139094402645,4837.048503975364,4890.2466852204425,4929.020540003757,5009.514579783203,5107.634799323216,5160.91070478865
experiment_238,4373.102774554884,4334.494834855532,4275.451218380773,4248.6337584137,4018.731757050593,5034.188247721637,5005.469321248488,5041.41891189494,5114.057565653728,5105.334031972598,5131.259520368352,5132.047791017442,5168.120038007612,5202.560845300823,5264.824439494737,5291.365772713675,5348.301127741537,5383.291084360216,5476.729716531845,5548.551128017971,5597.610624485291,5669.8907713644185,5756.712983888031,5839.293686390871,5944.625272030642,6079.425829702899,6160.090309285999,6271.5238251838455,6396.528082184212,6523.986903633682,6664.793557815254,6823.974942980574
experiment_239,4373.102774554884,4444.177045637332,4502.895483800752,4578.4591952340825,4398.717946408857,5497.962981938106,5592.7269090137215,5646.718103437213,5863.0462494138765,5927.880361068666,6001.193720946597,6079.709842664704,6159.417639486827,6233.338200059889,6295.727812281699,6358.815933222819,6430.790388207364,6506.032383949648,6578.0690997196625,6631.431150761191,6663.082864239626,6738.4897462386,6777.789675985482,6830.097005060266,6859.738462467016,6949.4799578758375,7008.212212764936,7030.051266070701,7116.363449252609,7156.6995686624905,7212.69700867601,7276.473878513016
experiment_240,4373.102774554884,4358.639665377386,4315.882418071047,4304.095664118864,4082.16351430956,5112.938639219537,5100.106062548196,5104.315444254161,5171.4176328909225,5174.166221465534,5148.585746019438,5163.3453121569,5157.98435722523,5160.036341791749,5158.743530920236,5160.339607603101,5158.890158507002,5176.244235981446,5183.712354490075,5191.944124310434,5213.829015927198,5216.406976906602,5224.875810128932,5211.163230155686,5225.75746480883,5256.687857810684,5276.10688813096,5271.929954145955,5281.526862783999,5279.445102253167,5314.620240649907,5326.369928512439
experiment_241,4373.102774554884,4348.799249520662,4295.639054164236,4274.9523676174995,4114.438588610124,4991.055936404842,5007.545649205602,5000.810152314962,5081.67357632726,5056.723482572412,5062.412282338442,5069.821757808926,5080.841139444716,5094.173322966497,5120.0517605377945,5178.633114732982,5232.28149390917,5263.766079925702,5353.335536663367,5390.195172182229,5480.876741504324,5553.06330462241,5655.835157458092,5764.5211980894455,5884.45912665193,6005.858833088951,6120.5668929377825,6276.965272711516,6441.333366849183,6609.7642702370595,6750.197993213573,6921.759656917409
experiment_242,4373.102774554884,4411.156907032329,4449.423155179402,4492.220769217293,4387.074967225454,5506.487029428206,5559.852636212598,5618.394231893242,5819.708698014809,5883.820282667515,5952.417314314591,6037.734905354055,6111.395116387075,6158.044916680976,6238.322167553932,6307.034700043065,6372.897174154126,6468.414843125369,6548.890312254274,6615.549021197428,6726.380135247362,6788.199149198112,6876.638447056997,6950.1929699111515,7037.334255635117,7165.580384186612,7224.654344919508,7316.971938219408,7395.032933635312,7506.888917558964,7592.761591211551,7701.805627458392
experiment_243,4373.102774554884,4337.455807563682,4196.330497509221,4180.761956437477,4015.2493102315198,5085.3236585050145,5064.0474676481945,5067.66803403351,5148.606267305056,5182.906425339172,5189.454809867041,5206.8847097329,5251.792164095777,5313.069730919617,5353.590194402469,5456.491808030095,5530.382669708166,5591.4818616049715,5691.543223337468,5841.532983543559,5983.0596288565675,6121.02423971,6295.89153611957,6461.122097976215,6626.547470865584,6856.684588174303,6994.305405625175,7258.87611147228,7503.758583192364,7757.630109705316,8020.928222024157,8243.705874043399
experiment_244,4373.102774554884,4328.339423563465,4181.534017264684,4144.7625799932175,3972.064668024853,5004.846432570087,4943.749404302328,4934.967961196096,5001.051747499369,4968.785431318081,4963.209457369783,4954.232261640496,4961.914990071876,4999.24761246308,5018.923782462508,5021.625916553148,5066.602851005628,5111.699417208419,5153.879372971339,5221.1997708136005,5305.8294960402745,5364.4603236258845,5469.401601455702,5592.103147183017,5705.597080557315,5836.877236402184,5987.531764730713,6135.461289273349,6303.2119753071,6468.101105946298,6643.473327856018,6825.407953617128
experiment_245,4373.102774554884,4456.235158582483,4525.206099711541,4597.204231886676,4333.7822498288715,5611.869882401692,5613.876698916192,5729.839551889403,5925.679350583518,5984.32806262492,6031.539095941858,6110.943278609575,6141.480435620759,6211.842685009108,6251.230638513694,6293.227015775108,6346.571425506501,6369.499741786971,6425.942149091923,6481.041133160882,6495.248054348006,6542.06898842802,6520.120568877399,6567.153805998885,6577.860707451737,6604.865295709107,6621.018581576016,6623.3755159993925,6612.123074093157,6623.725735677798,6618.856460750429,6618.125558641354
experiment_246,4373.102774554884,4366.298096383005,4219.722448796363,4219.560077659307,4096.863679840861,5263.4213470750365,5273.737891873909,5312.2077775647585,5406.011199337855,5410.545200028733,5456.637661885783,5500.540887781132,5528.7870433643875,5583.973942879085,5664.931388480538,5738.453381384601,5793.52602330736,5880.280964450131,5932.510590131139,6048.643058665457,6148.920550420709,6248.2482490521925,6336.067955352183,6467.4247240445,6571.90841593376,6715.1110058569075,6803.72973039401,6953.186157772843,7041.4172240469525,7203.074500788778,7363.061492165581,7509.9462095458075
experiment_247,4373.102774554884,4284.631791426877,4163.502853497546,4112.693928599343,3942.7710774995867,4890.228043384521,4867.784052429699,4835.326689089559,4910.012996097396,4904.125091081408,4869.101214823231,4902.227197751232,4895.923766874565,4936.785792055478,4991.32975677475,5035.204550040056,5099.8969771664015,5150.510380133184,5228.610659066235,5323.337256208637,5412.975571898533,5543.397548337247,5649.827777681569,5757.255837618059,5917.920967540727,6081.614084931751,6240.471867412221,6429.764631208787,6633.924310202454,6809.070259974138,7012.50863073019,7280.53574106527
experiment_248,4373.102774554884,4373.905597249214,4291.5115747161535,4297.865822663318,4170.698934117197,5245.236785604545,5312.052349100105,5333.034687636471,5508.54656065871,5547.194719425521,5608.222120274558,5654.744065086269,5754.507955923664,5835.176412413951,5951.919176632762,6008.436932370127,6118.189802466142,6243.412995000888,6361.7607699333,6486.3602823866595,6617.596906738537,6778.1656900262815,6947.224816735808,7107.547088220474,7284.596571685461,7465.395751491027,7638.639650683836,7832.619774959614,8013.386185650375,8204.540593483911,8405.37820518847,8603.296874375012
experiment_249,4373.102774554884,4484.418370885316,4585.161938530383,4605.436632172539,4455.154450833681,5746.18006163929,5868.036890825382,5994.588351978315,6250.342240428149,6310.505671587821,6474.82122982313,6628.617606062974,6715.464060820503,6844.580889712721,6941.57996695922,7063.628606098047,7196.899256225638,7328.986249606769,7455.070430588687,7591.334001466459,7753.257667835063,7933.725348536989,8036.681722347712,8208.622677380172,8349.671459598227,8473.075807049925,8656.460277031807,8799.49372814605,8956.24567120777,9144.113995286203,9299.740129567113,9439.552201481954
experiment_250,4373.102774554884,4379.467947799112,4377.847237334274,4376.850410332673,4251.024049017415,5292.142831751162,5324.059725502313,5344.554401937392,5445.158094536682,5465.226439554998,5458.468246599417,5523.837854114474,5522.6835554331,5566.183333325259,5572.531501627024,5641.424179425207,5690.4934687511595,5722.8104717192255,5738.963215147969,5791.845981982102,5837.741071423083,5902.787490408941,5962.729539458804,5997.388751656406,6090.99029626534,6164.105887964281,6217.027550616971,6308.341449210335,6381.744471110177,6447.961539776459,6520.005438394687,6616.187480039522
experiment_251,4373.102774554884,4385.914163851459,4401.29965669715,4427.975645614782,4310.188911770291,5314.3915784703995,5399.8277875875065,5442.348491709111,5637.037585059542,5746.833759686659,5847.350845838149,5965.04763926235,6117.026106981944,6273.125747907432,6426.846020164408,6581.138003885882,6737.5623084103645,6885.373625981406,7040.607769468095,7248.731485698567,7440.602264721637,7630.7736775709855,7887.089804830663,8137.914418049897,8335.161418392534,8604.32110003358,8964.488303921782,9191.985256912434,9492.092952068968,9867.783064494382,10126.714019896812,10477.948982074091
experiment_252,4373.102774554884,4376.517487177961,4374.9175310666715,4380.693967415796,4236.109555895622,5183.64967425072,5181.03540396447,5211.702615386121,5370.729529282527,5380.206233860078,5406.736441372463,5411.237019143985,5472.800298669989,5530.96266403629,5586.8960511859505,5632.652180992093,5695.9380905445705,5744.572104145414,5837.132836908739,5896.115979215708,6001.247379888501,6074.934777847937,6197.538154384221,6328.10181336774,6441.945448071863,6575.267973740066,6707.834467371613,6864.590697415293,6978.437877891478,7172.851588811174,7375.848854977266,7576.133769212776
experiment_253,4373.102774554884,4413.624514148827,4442.992397055205,4482.588883177709,4360.468548394803,5322.4656621113045,5373.171344533514,5416.95661724689,5540.945619971718,5584.074604878712,5637.477769354053,5703.139639502024,5772.5594809789,5843.409851344961,5911.787158804958,5993.408375698487,6068.932493772734,6119.859251439189,6178.817602791141,6258.2747748269085,6344.6048463337465,6414.285581252189,6473.845998840805,6569.06432486987,6666.287879002043,6713.675790838887,6830.28370450271,6941.932673620511,6996.219975904733,7108.702092769518,7164.0896695902575,7251.6273793086275
experiment_254,4373.102774554884,4373.029318197036,4277.950273370266,4339.877311060343,4134.254813768264,5210.973625394656,5219.896643977352,5229.666883603987,5299.899064147038,5348.841606501136,5348.498394056358,5394.162026997217,5459.30821171879,5534.691234725196,5585.412544738463,5645.599235914804,5767.870622960484,5874.6347731240785,6005.956863044643,6115.906590063854,6284.742148734202,6430.1679496126735,6597.646016237871,6777.821738718905,6962.90674838273,7172.629988046869,7363.93582463545,7565.998962956952,7813.928228158482,8069.670601877269,8317.108980321389,8614.230785993605
experiment_255,4373.102774554884,4398.306462719835,4406.139397192116,4428.758398344995,4303.972405954688,5404.661614545934,5400.212532043952,5455.948045322315,5589.004444549366,5622.121911683515,5665.058031111084,5692.0790219555,5737.813820820771,5773.208690647756,5805.9473376838705,5866.2916804119295,5906.753930605327,5919.253507664047,5991.073704455569,6054.487933677818,6090.309672939575,6142.264711418932,6174.000903049678,6242.202760543527,6309.196319366694,6370.49272438387,6432.565100778089,6469.27145571957,6553.911717954101,6613.278558081436,6702.821483641559,6751.360263722434
experiment_256,4373.102774554884,4328.37798846724,4288.523909232504,4256.520320715971,4092.994368487476,4916.892595297502,4932.788493804065,4948.42827665957,5089.667198958833,5136.036902828897,5201.273927391638,5303.495350981537,5346.122005987091,5474.6660141990515,5592.762619026778,5721.467302987758,5841.09989191567,5999.046383596469,6157.4119466974025,6341.152835060635,6549.4801790931,6739.65890057572,6922.806390172978,7173.305789210379,7388.89438615363,7665.071962648346,7945.3319424159035,8223.86926920963,8542.157560293337,8863.52095088196,9270.693205594038,9586.326664549819
experiment_257,4373.102774554884,4389.449618881657,4395.744846863932,4421.354460387967,4299.385972266056,5261.210839828615,5311.80352958137,5331.854342433352,5465.833998025877,5462.854277959988,5538.933137666135,5584.50966507396,5697.412343187336,5769.109529269154,5825.746020488896,5888.167513357019,6032.325653583946,6117.781173688241,6238.289522408761,6345.0100323742245,6470.81512750925,6579.5411556670615,6734.955633383068,6898.798138783823,7060.917990527943,7208.871094306359,7394.437501958848,7562.7829639770325,7733.489496183927,7984.732050035094,8190.675442315403,8393.18252258602
experiment_258,4373.102774554884,4200.901769786211,4143.311645260549,4106.332756416987,3928.0652398691777,5055.166082097684,5055.098539697059,5047.524308313419,5174.226313093216,5173.850393019938,5199.8449433754195,5247.292735912014,5306.209146256349,5374.450786585323,5461.684376581914,5550.253781729369,5652.530241227154,5752.524196245557,5915.347820751081,6039.1715312598735,6209.425952382015,6400.365758885054,6604.6539520529,6821.170243169622,7047.456915717043,7329.046813592728,7605.034363668421,7865.048963804633,8155.018290856332,8436.66438975634,8767.594663316475,9119.948957340866
experiment_259,4373.102774554884,4419.087816848019,4454.652420547444,4495.27344800541,4395.765333190023,5361.362557060626,5398.836533254661,5452.1103360999505,5597.979138604076,5603.659999723422,5647.561355769064,5700.163136592235,5751.2802947992095,5793.8656547602895,5829.929127330001,5863.835912907771,5904.590349781338,5919.931519729945,5967.85706678763,5981.159082064307,6035.364833075752,6066.073829266326,6077.667084609756,6096.940561037605,6160.044461935284,6185.873950057755,6164.782706208782,6211.930514921496,6190.066161406008,6255.32570294025,6257.9747432579425,6281.9551083597735
experiment_260,4373.102774554884,4355.138848331877,4227.6137097695855,4223.619365279915,4063.811373852695,5211.134852765307,5238.039633964814,5243.204705325063,5349.806625468167,5380.278321015599,5420.904215714934,5499.60947969356,5561.603546328775,5619.49750011958,5680.639508916815,5763.885233472605,5872.40837050194,5999.541893616819,6079.9128838731995,6180.512168349158,6297.523451220177,6437.036915907889,6580.918985716735,6717.356818533368,6847.588892040507,6977.5112198870975,7081.563407069695,7302.062781009452,7440.250267645617,7632.415000328674,7793.153549291155,7947.585229898195
experiment_261,4373.102774554884,4401.620456619499,4429.559313755586,4467.609297316848,4375.36922971407,5428.7062434850395,5478.960485002199,5521.797692359619,5766.3711700600425,5803.37274877752,5907.824348680281,6010.75575574208,6084.929288102156,6165.488974086345,6276.905817690262,6379.920772142659,6487.053154993699,6622.5247862745455,6697.330151409442,6832.9883594317125,6951.763917078064,7076.337356262764,7215.145502562158,7387.7528443842275,7555.537374505979,7673.3589117787305,7798.929208867879,7972.568932819651,8163.163359583303,8323.321218833218,8491.789227443558,8663.79215264886
experiment_262,4373.102774554884,4439.837534278131,4498.647831783216,4564.423195024987,4288.167227777381,5640.344096180378,5701.647022761235,5720.025690398641,5961.4689422758765,6005.171475947343,6073.347763018779,6122.302872392759,6190.751612565893,6235.016280541458,6303.305101406596,6355.327760311959,6438.366944955019,6479.278144498255,6529.202516451145,6593.523139810646,6650.616372574294,6734.0419453934865,6774.824919187116,6809.010342035385,6910.792905770589,6957.332721979741,6952.203670383874,7078.178494248945,7171.2201843884795,7267.987804916183,7322.509565875684,7401.674672726208
experiment_263,4373.102774554884,4409.668070510252,4440.838370631209,4467.995051114405,4341.366175727506,5342.311333306996,5384.389414956515,5399.848818565668,5545.49802415894,5541.354214995714,5546.314250235278,5528.781901452872,5499.599325921998,5516.217315488281,5450.034622777101,5418.038324921976,5395.488275548229,5356.505809016132,5313.491245609646,5247.2970874945095,5218.86093635782,5159.749213255445,5099.899552672488,5029.570332690834,4981.065994121208,4919.332654855907,4849.533624270157,4797.628342230275,4719.752613919953,4668.641679712526,4604.968969315577,4517.14239022776
experiment_264,4373.102774554884,4361.473015315263,4357.67856281204,4359.120764630433,4220.211026755102,5119.898767711074,5120.399013258881,5168.483774093463,5298.364750645243,5365.4987951863695,5402.064726092637,5454.478088087323,5545.240110329536,5595.7715822069085,5711.918530969492,5821.815697984854,5930.9326705378135,6028.831292390112,6163.215601955176,6315.1645454980335,6481.600057664778,6637.944860711907,6817.565489894376,7013.273771914097,7203.715925848317,7426.369586268178,7667.084439787985,7995.744711909683,8276.954595359706,8599.043940932308,8994.794745677704,9378.984517939924
experiment_265,4373.102774554884,4380.23882455997,4392.345470344675,4418.712973240863,4296.417462952482,5262.867001978359,5290.465012120891,5322.198964271333,5511.2631025996,5624.96496688285,5713.499853091727,5848.364441133128,5958.744539894504,6117.053141415367,6273.827771789151,6440.154628859698,6543.2772457311385,6775.001191836036,6984.941476245194,7201.513990385243,7443.088052811327,7723.366129310401,8002.490595980212,8309.010215345688,8580.127755361358,8902.709947594634,9252.716706553592,9601.337460694858,9946.552641956061,10303.455925798611,10692.473550381392,11097.206085824342
experiment_266,4373.102774554884,4403.6804749149915,4419.346669731758,4457.390825667149,4345.31671039691,5320.014915811646,5414.218371797641,5472.103797412626,5680.563425547787,5732.459957501316,5814.342838351469,5885.216343766866,5993.897418317174,6080.415790312669,6165.195904594268,6283.713721322108,6405.745953612193,6539.284317596184,6664.315659514807,6815.768237471491,6904.486557367303,7059.806602036289,7235.518355147008,7377.211453573478,7544.46007072049,7757.568282572589,7953.613153839466,8148.733274302722,8393.659360794392,8594.669275967353,8836.425636771635,9067.681120453377
experiment_267,4373.102774554884,4384.931705253842,4394.254304094271,4407.654130508948,4283.439040814825,5328.830047138035,5376.420016006921,5425.913830993593,5571.344757376373,5630.095192380593,5689.979494945765,5741.845663351087,5816.88714057139,5897.485101704897,5994.002692777998,6065.402197672256,6170.5503981179545,6255.931665362762,6364.116103832797,6441.018809660181,6552.478032662202,6697.867448202912,6743.250718879006,6869.096414026488,6999.976258042574,7110.169173530122,7268.748079134624,7388.137730069239,7480.020114996056,7665.722928931695,7813.785074493837,7941.38460934449
experiment_268,4373.102774554884,4217.963014983822,4173.5085307050995,4147.348619256905,3974.2442047104014,5146.303392755577,5111.412279996359,5100.904517844294,5217.894705718334,5183.866814492353,5207.413970608348,5222.823626881285,5250.497115182054,5273.441973922858,5298.288727352101,5334.410042294575,5370.304712867028,5422.526119116387,5479.5043919,5544.259507482774,5620.7818251623185,5693.030966068304,5790.058530499935,5863.683410895826,5952.72865261876,6072.959741141223,6201.531952496016,6300.270713877095,6455.691307617838,6604.139451197402,6768.59680513769,6937.219328838784
experiment_269,4373.102774554884,4392.254695992406,4401.792710485067,4411.270009945372,4273.504218819578,5211.680715640338,5168.5215471135125,5180.467328766545,5328.570573847346,5337.091922587392,5352.943808965692,5347.907505572873,5374.28953000895,5379.304763826223,5391.040092997875,5395.245374796112,5428.539685517453,5461.9139978774265,5454.695642547209,5475.658566264828,5516.27166945132,5559.4951321122135,5588.635914187214,5602.804316989412,5679.994621134073,5712.4111411088215,5739.83840012602,5780.694067171603,5828.795743295133,5885.745009156859,5940.313645101205,6006.720601414088
experiment_270,4373.102774554884,4468.050977567282,4557.21368900957,4553.124772972153,4400.610605499408,5718.601838835712,5824.861681294983,5931.792763183825,6194.722552789395,6337.437569335778,6412.657959045095,6509.211940232801,6634.075545703087,6742.256478209648,6889.954822696458,6999.7457531211785,7090.801381135295,7222.957816649372,7351.101923831371,7474.989995601369,7576.140087767176,7715.655124915937,7854.7759552549505,8009.374200999686,8100.619986308029,8235.659864673878,8372.976260381303,8536.37867123423,8570.051718585662,8773.083206880645,8938.202021663354,9122.842523470905
experiment_271,4373.102774554884,4212.785720827682,4167.186332565405,4140.614266482747,3971.4306615603364,5088.747073239967,5069.156430701307,5076.686651201136,5142.854104356937,5168.491378446082,5183.720824036442,5243.791844776822,5266.887592150606,5310.871026328693,5401.199813022562,5446.166333655264,5542.108329500121,5603.580156769676,5734.023508499564,5830.566371957251,5923.727728362877,6071.784031508787,6182.409394538427,6335.805916468045,6484.424477339237,6651.390163728532,6817.805981337453,6982.146562000519,7158.382821153742,7352.3429482639285,7538.570776521932,7703.949885008436
experiment_272,4373.102774554884,4340.979497440223,4316.997459660811,4296.742392297363,4136.332746833648,5028.213162114448,5016.9285573401885,5009.876027329779,5108.5941640592655,5124.509624657566,5151.768088345374,5200.456776368394,5219.714232404587,5277.978571626389,5315.8163065283225,5381.298499763301,5408.184206613532,5488.860614298766,5591.241116095422,5669.5841813308525,5748.1073289341675,5835.280532185896,5940.19978123472,6056.137471928341,6182.325214972346,6356.664592886516,6507.19009122124,6677.975670863707,6876.234318038063,7053.432694971527,7264.7017393643955,7462.296884452731
experiment_273,4373.102774554884,4353.855142268722,4203.352030001712,4196.081452417409,4061.7562559371463,5246.876361872568,5243.018144647747,5273.3776486761635,5412.537115871097,5398.829560244458,5444.631662110576,5543.362571783655,5567.466475570763,5646.943567962657,5716.8146535445185,5790.972041586054,5875.821661554537,5974.4958298082565,6082.0775210478,6169.182190767701,6284.03168162691,6414.415434002102,6509.5620313941245,6667.585985656546,6808.878530340298,6922.462051832603,7088.005071119088,7262.812876386244,7417.838099194232,7566.483227969438,7725.538329767416,7878.38252384752
experiment_274,4373.102774554884,4365.013613370047,4369.2121349343815,4378.8227855049845,4251.532120593453,5162.711094367034,5204.280040112551,5282.906960784413,5481.016679373611,5585.550002784931,5684.737021525903,5804.065839591389,5962.299389450334,6122.278611919374,6299.531237345727,6466.198670162807,6701.761659002017,6939.243260105336,7171.9774524600725,7463.622367976621,7779.710080579234,8175.618097033692,8554.120655625187,8986.741174022403,9381.052476078094,9862.612511145337,10398.485734296204,10913.453102677759,11542.251623590906,12179.681871284803,12843.603904855976,13639.33651641621
experiment_275,4373.102774554884,4170.552943103571,4131.559220878677,4082.1874867836714,3904.1915796524654,4931.8407853227945,4901.70155917421,4895.617688572753,4951.106307198423,4952.764627479566,4994.878562024944,5029.422117315033,5073.15682226412,5170.043274155492,5240.668646226009,5349.833790725435,5461.390737458898,5583.608989185992,5724.032560245939,5898.209097193433,6073.743144835253,6277.581215262961,6459.548929283579,6663.148157564045,6951.815142419597,7165.402458461647,7436.781874784044,7719.288703871429,8018.394005094917,8352.843473615747,8647.791519994546,8979.245689645773
experiment_276,4373.102774554884,4328.409530466004,4184.314442976009,4156.3140613020605,4000.692698960821,5048.032219223663,5089.754832679381,5032.722505677418,5104.884597829838,5113.066313538286,5140.180144676527,5206.385080363875,5248.742836018651,5334.650659076415,5399.627636254083,5478.738495738245,5610.0634084544145,5734.556135633142,5886.0934761466215,6044.996828757645,6198.509836642725,6429.297979175921,6630.131409507027,6840.673685559757,7076.000934926724,7354.163027986564,7606.309898658147,7868.709430198165,8156.420054157068,8435.809620182099,8789.368949428546,9163.16557670895
experiment_277,4373.102774554884,4484.1354094596,4583.984941356402,4505.719000888849,4463.705527676144,5724.205714652794,5914.8321927466095,5993.212286119098,6309.360951873524,6453.355833689064,6578.034135166971,6772.186618422518,6931.618305965682,7071.707820875939,7237.651477963977,7386.550768415019,7578.7284514272105,7731.909267807245,7856.409061836484,8065.393119929868,8246.34619277931,8433.378456428443,8638.9594108156,8876.565929659877,9088.480704818947,9304.801030497643,9545.074683997269,9753.065900848123,10000.056873282556,10264.190997830894,10521.67882311361,10767.832157905383
experiment_278,4373.102774554884,4360.971596450025,4211.595892903854,4210.258813347199,4083.8856962260857,5242.149058481675,5220.919792174034,5283.798822573197,5372.1421653766865,5426.139383464961,5430.172826761681,5509.231080893689,5547.648926041854,5622.005957498803,5714.120344765423,5792.60620754437,5896.880224051654,5975.090269812682,6078.577004772824,6228.202428641,6290.841501206234,6409.066452201039,6565.15367263925,6672.857409781669,6801.30428084732,6963.530805930444,7086.014607514486,7248.352408515382,7391.347856189638,7538.537980072734,7696.615935970513,7853.126712509653
experiment_279,4373.102774554884,4353.917491468576,4217.919142954339,4206.860639954143,4095.396618837027,5269.969184464518,5290.721883627328,5372.889194796415,5533.88039974124,5602.203248936914,5689.567112371113,5814.084625379031,5918.397678876662,6050.085771750419,6187.527466509777,6350.192048348333,6533.00146035167,6738.351380673992,6906.629477277728,7167.156227316029,7377.128732049403,7639.700758984516,7930.981715200725,8191.347137115872,8498.405278554777,8786.172530505704,9149.760387520115,9502.282413596193,9854.963389368859,10235.888750626174,10596.413248866684,10986.979651379701
experiment_280,4373.102774554884,4375.5088254494585,4375.880614360956,4385.692650323197,4249.87127942798,5300.272254428724,5323.628826123757,5342.283725941057,5471.326941636951,5505.014495877293,5563.043071390779,5607.351434333342,5666.799454973208,5706.249393513484,5799.941651195033,5826.75428876387,5911.826200429765,5975.606175247175,6036.382589327819,6129.492512869664,6230.546950766382,6311.688366129174,6398.508796548851,6517.829939943535,6609.745799728931,6700.059603508047,6801.158209175271,6949.567738530375,7029.865141312736,7213.069442331249,7340.364832473033,7505.470383644815
experiment_281,4373.102774554884,4388.431854370647,4408.039878762704,4435.2248293127195,4316.941806592819,5280.0326869373275,5360.888864089471,5414.63711328111,5656.851769994344,5755.954037170388,5866.946569834276,5995.329677408568,6110.2873638591245,6238.945889913861,6433.277575994558,6547.063229880181,6732.803006328717,6984.285191905299,7166.727475090736,7407.189191296234,7643.540028824959,7912.646230393606,8189.780319950604,8509.1247884677,8788.756208845703,9117.034559408785,9450.046756974085,9772.03431957108,10226.799886546183,10642.854920125972,11001.487782321707,11460.246583862416
experiment_282,4373.102774554884,4325.765903263287,4253.097309730924,4211.308224548175,4033.8387434874494,4959.727930624673,4893.2321007004675,4862.887849167547,4950.624405418345,4882.532005141413,4856.519265791328,4854.014203542656,4832.589566689827,4798.876649420076,4804.914001309628,4792.907665394434,4782.01631256209,4788.902215413046,4783.820757393327,4788.1250915886785,4821.841134806596,4829.769508827496,4843.840963906062,4868.852679979057,4911.536846860554,4949.5666093973105,4993.570520084376,5036.496233900532,5095.451658357368,5148.70448856923,5202.786794499447,5302.819030442132
experiment_283,4373.102774554884,4420.450260160369,4469.3374325123805,4517.321252192157,4340.292469649398,5506.642986303614,5600.916165956486,5672.550146152011,5910.436177245359,5978.509711265089,6072.193609482205,6182.541239336939,6273.812056229667,6367.27086830221,6500.378727951226,6640.26094443236,6770.656697166858,6901.47855445948,7021.338449635734,7183.118888851095,7360.8319741833675,7499.28262365011,7723.167037646701,7915.049950058783,8076.93787493023,8243.667634660304,8485.765068111838,8737.270362763882,8953.987891543176,9168.525163194103,9413.339775837294,9690.595804717224
experiment_284,4373.102774554884,4355.203099228749,4212.337339941303,4192.288530371943,4047.351885653299,5217.269213601785,5175.038475743731,5180.081063629772,5232.475847817676,5246.321751179213,5265.587888463243,5327.385075495446,5375.7170845739165,5375.2296890975285,5457.098453263958,5558.966590376529,5623.5556057091035,5726.863896586385,5798.835835331665,5968.328799210329,6057.525126928731,6218.993883926141,6370.000119582931,6497.3054005743925,6705.374668561157,6874.512239418285,7098.523864476695,7265.467351987879,7497.848649477983,7737.5768060232585,7983.4633028508415,8219.22503837054
experiment_285,4373.102774554884,4396.798904023502,4408.370097398373,4438.794020724883,4321.751209299077,5386.422851836207,5426.359792193788,5480.488439948388,5698.368896275986,5764.5858237824295,5845.5342426847965,5944.337902478141,6028.972740109681,6108.787104921517,6205.35946197757,6304.686743555921,6414.897662633019,6513.941772148359,6619.761135589821,6685.270294100863,6818.622872326892,6961.8209204306895,7091.577509247714,7207.324465273981,7288.918123689874,7456.395344960051,7630.921778294645,7736.415299142556,7933.536732488313,8057.694137779879,8213.447992675709,8347.234836634761
experiment_286,4373.102774554884,4357.534001983292,4310.16477134072,4291.361731558374,4137.335636380656,5110.504203520955,5052.891689424985,5060.217446320379,5123.206670510773,5107.3985720798155,5085.284727499449,5101.707586255105,5082.1078127441615,5109.255337311311,5122.467669495879,5141.385232957325,5171.935086928356,5179.975293973247,5240.305788562782,5284.0809083254935,5327.601823617568,5383.2897293877,5458.4359716706,5535.143225365534,5626.5749055599645,5708.4265318896105,5789.365841536626,5910.372857112266,6030.258075955309,6122.469215039024,6248.653471870179,6375.538636236724
experiment_287,4373.102774554884,4431.062175316019,4484.060095098184,4556.7282208061915,4388.755675712326,5563.661190157527,5655.48334055345,5758.801856234885,6033.771038037555,6108.052413992989,6206.956563884605,6343.5169048841,6404.444636632636,6509.557648850205,6551.212653630249,6718.9285598420165,6712.740600342933,6874.147485960946,6989.932458621812,7034.22441017977,7143.62972413247,7286.1346803676815,7374.274040182157,7434.560295752496,7549.558156724805,7681.942526325886,7771.682007898779,7862.049959633801,7980.64171873203,8101.90008408659,8205.38303845092,8324.841628101352
experiment_288,4373.102774554884,4425.68978942457,4466.841317693597,4509.778819278272,4408.980883837145,5382.180591321062,5412.094071518275,5479.4156694088515,5636.263547403511,5642.936963787484,5708.638137878037,5738.604602538164,5754.544428098299,5813.496454731068,5840.571761301204,5878.728276407659,5897.5374183229615,5904.079082719454,5987.430420218169,5990.327875141276,6025.343660803799,6074.472332449628,6136.495441805584,6166.1360368921305,6206.096903859627,6228.3227406672795,6297.017909862117,6333.979905705067,6361.98930864145,6400.08373483179,6433.398197502342,6489.8574958607605
experiment_289,4373.102774554884,4379.0845871105,4379.1017029549785,4393.8683375316195,4272.076328484681,5206.92104142994,5219.990906651467,5291.7206526726395,5449.749017358901,5497.687939343086,5557.5277455278665,5625.284246891284,5696.756278692574,5804.274039402097,5907.337010140691,6047.570867904923,6149.656603674141,6291.138581494727,6409.1173492423,6593.478124498293,6755.951049938591,6929.322080968772,7088.862449588778,7300.381684546459,7588.893431323404,7788.495221674331,8098.272018687803,8354.196749400426,8644.321779175838,8956.988673979988,9271.96636326753,9611.019433596077
experiment_290,4373.102774554884,4454.992194073571,4519.102130478375,4595.816247894616,4330.624689146435,5531.381858020174,5584.992152999521,5658.84445985403,5882.617557292122,5950.0123307410195,6027.775090611798,6122.093357382142,6215.360961486301,6304.693094259624,6420.153963854645,6505.289395664024,6586.011904607893,6707.151306974621,6780.526455359979,6914.544145469714,6974.681954716802,7105.674021053977,7254.784969452825,7415.172807354695,7527.156071025313,7624.721111517162,7809.140353202951,7941.429998578254,8124.813672182105,8301.726319341267,8481.872012962904,8669.545714750004
experiment_291,4373.102774554884,4406.618817577017,4427.654927524716,4462.773682874427,4341.489668322985,5296.660737833784,5395.577703999479,5439.897560423875,5566.017614098697,5612.639627993534,5674.070372765018,5740.6135173800885,5827.272310195687,5927.628496633619,6020.668025939324,6159.493311278012,6286.325192002816,6440.890782375648,6596.0633880286605,6770.603573617434,6955.710075083025,7135.425595377861,7358.474623270632,7562.610301221324,7780.825451309646,8034.692009080789,8346.650414264375,8625.166988981397,8974.230475296179,9302.421474180364,9658.851195634463,10051.170189113824
experiment_292,4373.102774554884,4294.493773145048,4238.207810418398,4217.706952969836,4035.907203504597,4910.01339760864,4859.302499034034,4841.14140822544,4935.8590642282825,4926.838862613799,4910.782013152313,4912.153082370508,4932.491327369105,4969.0210683018995,5016.362863143229,5063.739827963185,5113.901856335206,5189.524624745981,5276.844483932818,5373.934260293372,5500.503049737159,5615.879096528145,5760.167327833562,5890.050413134548,6073.235758476269,6240.920997307965,6410.423070679883,6644.398136065025,6848.6888880859115,7031.847761244016,7301.861280588166,7508.385225510645
experiment_293,4373.102774554884,4406.620623956844,4422.944284863807,4461.115669218733,4357.528277082689,5448.856308612483,5485.026049816594,5510.73570730554,5715.650821828392,5814.682232752784,5879.109730449389,5962.711759344425,6077.080338227925,6162.517969642251,6282.199974231873,6394.008059678999,6482.646472037815,6616.460352522461,6738.66720230371,6882.594531358423,7022.078164211363,7180.206899459082,7358.417795220277,7540.012043036805,7681.438507161194,7891.344133870127,8102.019070564019,8298.426836517427,8478.834043041265,8757.860978525201,8999.911490008295,9283.111080476909
experiment_294,4373.102774554884,4204.318583673474,4144.966368989061,4124.308259283164,3948.1849699736604,5032.288333493998,4992.19994863693,4933.507932258906,5002.526146965358,4959.965072864435,4961.331778756749,4968.3540987653005,4971.183149307144,4999.218344752911,5007.179735060213,5026.8926802290525,5075.429480765029,5156.675803157352,5218.170441718341,5267.824186174454,5367.862893136574,5462.5958801166325,5567.998897902706,5724.409111606796,5841.878876024244,5987.004338692503,6157.499365956104,6305.5932812665105,6490.086621679429,6681.679379347934,6874.825730108467,7032.126226178987
experiment_295,4373.102774554884,4368.50736467488,4355.103689125675,4274.905746378428,4105.871405934717,5182.018851690913,5195.347953605317,5199.512539822513,5261.393012629238,5280.241991777289,5290.471594268206,5308.923343222206,5344.9189835354155,5370.704567261069,5457.688202135094,5501.42984276948,5536.561476216368,5594.627305755465,5652.027209341246,5722.101900470603,5818.169184763608,5887.213865220073,6022.757336563096,6085.544693868355,6200.4788118882625,6304.4747935926825,6423.621816737921,6557.5015575231455,6690.613890904815,6778.3936156770615,6914.950620438023,7066.232818894889
experiment_296,4373.102774554884,4433.514527798543,4483.07596610281,4547.350947249348,4361.761962922685,5500.346365932917,5604.702078585298,5653.378965769185,5879.873728876448,5942.288274878749,5984.261031554475,6057.789442186591,6107.31950729478,6163.29171205419,6165.11963972314,6231.751053015534,6304.671075004595,6314.735784527842,6377.355162636782,6395.0493293475265,6437.221851439335,6442.499452598186,6496.892314773251,6447.69110265401,6526.468225479828,6536.3202748057465,6541.5835106137,6539.2345868651155,6545.7329248277,6532.09042580491,6528.952091601899,6526.748447065769
experiment_297,4373.102774554884,4418.885095220766,4466.891338068068,4524.708925811105,4349.435998735447,5484.628938515231,5569.614988136752,5655.062750302101,5923.360499266924,6004.785608823777,6108.423795587692,6259.745285246621,6382.330598929829,6522.117057153979,6662.689164468002,6815.975014792372,6974.664765674274,7084.513918961467,7299.910639005944,7493.53326825427,7623.626929329238,7858.889909589135,8067.8258205972215,8269.520570977376,8501.710569018485,8726.843149560233,9023.758077728555,9219.97016995929,9499.79838938695,9815.242735526948,10095.918016184476,10420.977022373727
experiment_298,4373.102774554884,4400.30759994123,4411.501449718914,4440.826021032266,4323.278057121722,5381.060769188183,5404.228156432587,5437.619676915646,5609.985620826669,5667.048098980966,5719.721679960866,5787.921422839219,5855.899742577013,5931.419968902674,6008.920496687981,6093.965181119807,6162.720215700961,6270.559180965964,6347.955266277286,6414.810938890796,6563.050346406774,6648.887320767419,6766.5576005074945,6852.075753719598,6989.922321316921,7097.4555050351855,7254.159912772035,7348.995713605151,7494.445115428947,7689.962696342115,7827.07163969764,8034.205352888839
experiment_299,4373.102774554884,4385.50572544915,4396.776217365847,4409.938394082588,4282.264188496005,5271.505839939324,5282.629508356761,5317.382635309789,5450.559424201714,5480.769287918729,5547.94466849001,5627.955642228646,5676.191065572095,5763.11328310458,5863.3000572886285,5933.1020690615405,6047.087868434825,6149.481279652447,6262.206052743877,6320.6560879631825,6500.903398104917,6619.3011069623935,6750.352120304805,6840.005696639388,6999.8493238456595,7160.863808227346,7310.679162487061,7467.400891095696,7621.278572842286,7816.250667875422,7975.673275540175,8176.894815823353
experiment_300,4373.102774554884,4341.916047637151,4181.623800243733,4163.011872578707,4007.6972721126785,5193.266408184876,5165.864820495684,5157.850202461804,5271.208599198148,5317.853372279792,5340.993961942092,5359.059601000353,5439.635979925488,5497.959447823851,5559.083902166194,5631.533920323613,5755.837964667065,5818.696334904857,5921.277814136822,6036.909573766567,6178.716697309726,6350.09206441145,6471.393448034308,6668.2371834630085,6800.513312375997,6998.5653639122065,7221.847885538182,7417.621340361811,7615.4473022583,7840.451914425131,8001.905009481203,8234.90194850252
experiment_301,4373.102774554884,4349.235169917545,4330.630773486288,4313.803469258828,4157.728786113135,5012.5669113653485,5004.939344041849,4990.135463820221,5103.844064266496,5120.5927611599855,5139.557574872929,5143.205947962333,5174.0120222623555,5186.544071439434,5188.577462224073,5241.14465893976,5275.447010909235,5356.443209244808,5390.54144154609,5454.64468637896,5515.439070616408,5609.476504446444,5678.31720435872,5760.636737526809,5841.245725178993,5942.240793784882,6045.518107129398,6179.124391859609,6272.150582068349,6401.3100807792025,6531.349305005208,6650.902708132397
experiment_302,4373.102774554884,4446.943457885418,4511.127101730548,4583.938955248548,4310.812477026167,5560.62878510441,5646.154719197066,5736.706883282181,5952.424964595399,6025.686154343632,6083.783027736892,6155.227431137529,6220.224366850716,6271.665151364952,6332.618466373549,6432.269080927503,6472.744090098674,6538.2160937909275,6622.307870810928,6667.898680547478,6733.434854732241,6788.2217102381255,6854.386588823572,6937.621982419573,7001.891933213934,7083.435252419021,7132.957781867855,7217.543606253139,7286.891151255992,7344.896039361256,7391.58173708343,7475.137778175089
experiment_303,4373.102774554884,4410.37308864149,4447.690060785959,4492.669507055563,4397.046280162526,5450.741130352388,5526.855168475231,5596.402484051003,5800.129252080244,5889.270118538465,5998.734642175817,6119.542563838919,6233.9996904918735,6351.41942538556,6423.187301566273,6600.900507608256,6711.762977143488,6866.932727474673,6905.77490424713,7113.426603910695,7257.586914410642,7430.202585565311,7588.427370002191,7755.4807643553995,7910.508722543787,8097.1569082825945,8236.85355557012,8447.723693145654,8580.07085183009,8809.923931004187,8965.233221238206,9199.553627003666
experiment_304,4373.102774554884,4327.729797882581,4282.289951431963,4259.123966991602,4084.4708384373994,4894.387363606575,4887.300406774973,4841.800808462038,4947.8096374754505,4928.1067495984735,4921.647723199418,4917.005712717468,4937.849796436397,4954.501712005762,4960.3442531737755,5047.065686886013,5089.465416545089,5137.0188896179625,5212.446020665977,5304.071989772205,5391.314128023513,5529.563271670872,5623.971607004609,5792.117677956163,5943.080729001584,6132.185298062561,6333.342772391303,6567.2140386646315,6806.137544277151,7059.23664795512,7323.596699869745,7591.640550165523
experiment_305,4373.102774554884,4211.307045983415,4153.350257785453,4113.431173728162,3936.7133452820735,4968.36168089547,4942.077415495356,4890.132577102603,4988.941499005005,4937.622047578404,4947.117414497573,4963.9510573456155,4958.967313149752,5022.333419037426,5034.059867728523,5116.251314581706,5169.802756819583,5261.97277761128,5325.197862080211,5467.158469364952,5582.876426151794,5742.186037860774,5898.2314134795315,6047.253480895835,6256.34416854828,6480.534033897586,6720.933033139741,6930.468880299968,7186.818791906043,7444.859211311069,7684.85061722722,7964.216956221866
experiment_306,4373.102774554884,4405.476555745483,4432.946295614437,4470.363530889003,4375.5013154670005,5377.927138911262,5407.334808803752,5479.668419041996,5703.195724967526,5733.221829198102,5828.187093546082,5926.69504586802,6015.969367121205,6060.0692216052175,6154.000484529692,6280.875133196756,6380.024134190037,6499.648430016352,6618.889479517312,6746.9807450172375,6918.552779503289,7049.868630296199,7193.5731426883485,7360.909654864225,7512.004514807468,7640.335579732625,7792.278210450141,8039.371236836747,8166.488807248151,8354.109974308863,8556.995607502697,8762.93421507873
experiment_307,4373.102774554884,4482.966962695783,4579.105558636084,4583.3980731605925,4424.826461668372,5716.912418970414,5795.175179739299,5876.361784794872,6113.620697926002,6207.8362968185065,6263.605362256574,6338.500196987179,6413.173696013151,6475.885059441751,6513.726555758877,6574.170951504826,6603.823501459148,6621.731941030115,6655.915418475119,6657.933264998268,6674.365743009845,6688.960386330557,6673.61075642401,6668.341440049182,6641.829919647809,6604.125059842248,6566.421672832337,6535.682048425479,6474.580070675027,6445.786693177104,6354.620170265095,6294.874473685165
experiment_308,4373.102774554884,4346.985739730105,4190.918848836462,4214.032575379316,4055.162742478183,5193.514984068967,5212.0200905784195,5186.196730898691,5338.464018815504,5409.033735340287,5480.679547757496,5561.107539414417,5653.963290227457,5779.847615275381,5885.23685526615,6050.672528767134,6198.849401091241,6362.309309101447,6533.586716517973,6759.412096154039,6933.980909023771,7194.950392053656,7406.256034444691,7660.065773511481,7934.474978330081,8188.922102485001,8486.10306402598,8798.396616606462,9090.776290647584,9385.26115746417,9780.0168660477,10130.744154324293
experiment_309,4373.102774554884,4371.183621455676,4373.375092522833,4373.194811417819,4227.111628224504,5090.036198993399,5135.530964455244,5125.546325899771,5239.556325455953,5257.831635659486,5266.673521729387,5273.707102256788,5325.872343883473,5311.070937542174,5376.79012226154,5402.55578536847,5452.3273241177985,5495.3243914906725,5560.4005421154,5630.557317630033,5687.651325412933,5772.125224062782,5825.653638462736,5904.038036681117,6001.326431818841,6107.846647541546,6219.964279849952,6317.819969507992,6436.733039209734,6574.51787008998,6733.947885469611,6862.287564678415
experiment_310,4373.102774554884,4413.417927137267,4445.969466760355,4490.891257528352,4396.195633100754,5393.500366964398,5519.474185199842,5563.780468807196,5740.431438447646,5837.448141878285,5944.048760389893,6069.6964569300835,6184.727998146132,6334.350381673106,6479.837856014583,6624.699350431262,6780.387272388088,6920.146653344794,7112.1547210645485,7278.979120615419,7453.646591079421,7687.887590181606,7944.618884581456,8158.803320718738,8353.933353624117,8640.28632522883,8907.242779063374,9192.57229271468,9430.1868636744,9718.98780311659,10005.193354438776,10349.727233724974
experiment_311,4373.102774554884,4203.822878629993,4159.479265624753,4165.08668965729,4002.86618434304,5102.369568722372,5100.614222641797,5102.067729981115,5232.47375404394,5248.186951307269,5342.152912603645,5381.988470599021,5459.680752481857,5550.50252774951,5637.759499858673,5746.359698464722,5839.741941919217,5991.26025518817,6099.549290001829,6236.893631280383,6405.661687498978,6518.57446082361,6716.752368866467,6892.032287522571,6998.863850138925,7228.122809023221,7463.307038044459,7647.286173098719,7877.311189182466,8080.996612100215,8268.880975507036,8527.84511452082
experiment_312,4373.102774554884,4220.6536022495275,4197.929860840678,4189.930216709946,4048.026078205892,5189.09065144624,5197.732048757794,5197.970580313338,5256.891531123964,5304.634388250475,5296.512651278583,5344.552117210109,5376.193485582949,5389.964642662577,5444.212463125731,5531.542269535352,5574.283877514865,5642.750992678045,5716.817027250696,5792.937545787272,5879.959832559988,5966.925970545506,6065.716873555377,6171.589543049216,6275.796415132465,6402.586974374701,6531.653728874201,6671.057912971525,6782.512928807824,6937.097672967504,7095.007849005094,7246.419817476422
experiment_313,4373.102774554884,4367.256258288753,4361.409406640843,4356.388123575964,4205.576044933641,5095.845184917547,5092.368453298568,5092.808813447487,5223.355610318321,5226.195978229343,5244.493092744058,5291.797392876235,5300.822657573708,5328.923941448335,5410.957517289172,5439.417393722288,5519.674759318854,5573.8170370273165,5663.250124528112,5751.997594689785,5851.129821294295,5953.985331308333,6081.8972880026,6216.049117702581,6362.836622281239,6527.945258390942,6679.85330740865,6895.753306992705,7032.344939188903,7258.639154129229,7460.402855252736,7711.448565688594
experiment_314,4373.102774554884,4307.977612363489,4240.370464837909,4187.379003595937,3999.646953029542,4806.379327152594,4764.366144331902,4727.046060875997,4790.932916499798,4761.429703269583,4760.047041688998,4747.508868202803,4769.315416859075,4787.572396976674,4814.775135427816,4875.3670157940505,4940.4949397010105,5001.114329537716,5067.067406976621,5183.557416393021,5281.887995890743,5410.75497562788,5554.137405305817,5727.95838644512,5909.802382451568,6115.1230775853655,6360.689438440869,6605.708267029935,6887.987549576689,7207.7337883285,7523.685886162429,7830.332936430434
experiment_315,4373.102774554884,4402.123534471002,4431.78906157865,4464.660052754445,4356.089866944965,5454.788830464757,5488.670731600785,5547.05811122045,5694.731749664094,5715.972089361439,5777.310641076955,5819.693970530861,5857.022346706151,5909.864934767605,5959.126028382423,6029.0117755329575,6068.794112176805,6104.257047868518,6190.630204727133,6251.996485569757,6267.730397553144,6332.0047697315385,6424.159131047625,6472.786033929624,6543.40314193987,6646.404502093986,6702.961803134938,6785.4564796437135,6890.440628082706,6951.908109699857,7056.662294170829,7147.977906490269
experiment_316,4373.102774554884,4457.036405330674,4533.2424253870695,4530.181295691346,4346.702851893284,5649.154195672171,5740.129466611203,5806.805715732809,6048.292599149279,6130.545235431405,6216.332268168342,6255.23938396015,6326.265300857515,6385.156984948838,6433.425585273111,6516.228358342047,6571.231248544051,6568.6787839794515,6670.573581832055,6685.680848207472,6789.990150687334,6842.525415531238,6896.104847909371,6894.617632763491,6991.686067586419,7059.796960704548,7061.1466173310755,7143.064353773994,7175.567921115247,7210.507101457178,7305.410522420783,7335.120191456412
experiment_317,4373.102774554884,4365.487412189879,4328.240063897243,4324.671478903343,4180.739032747468,5106.224189869974,5138.41639776684,5124.348270214123,5190.278974794734,5200.629195418887,5199.429686069905,5224.925450450762,5285.12343676077,5249.416230007187,5320.533286037515,5373.109706348743,5360.981056445718,5399.956160704928,5449.852021921342,5515.136132292006,5538.614553447045,5602.65121740979,5684.960432636788,5747.53561627149,5800.320446088124,5884.963746857897,5978.446412531953,6064.422949556557,6169.370227278705,6263.540153148436,6387.115135309387,6485.386674482204
experiment_318,4373.102774554884,4423.066053386592,4467.648252058002,4521.882197771515,4341.689456826723,5472.684002016538,5517.312542410084,5590.804370581973,5793.811980206236,5869.6981467062205,5961.474074373269,6064.238644515473,6156.534898533944,6233.78766091067,6343.788484579798,6442.559912606189,6555.628507780974,6663.835420872469,6789.342150592805,6883.156802977462,6963.719109311976,7132.487597863677,7234.128683534205,7374.130646404381,7518.818858978748,7672.859273191321,7793.068958244432,7992.395859062663,8138.434773123568,8339.686469977101,8496.784978608317,8651.60571120166
experiment_319,4373.102774554884,4339.019312746651,4195.494103765674,4163.527443713649,3993.1687047145106,5029.756803366947,4957.912743867967,4924.001905804888,4965.879998172163,4925.615136688004,4933.674079909459,4910.971574809269,4909.753194257496,4904.492742671931,4898.758756425531,4916.448399489217,4918.4683077985865,4952.664962269078,5007.664186933511,5058.42318729644,5117.700225019478,5153.713550364282,5239.062566969219,5321.612940689541,5407.783008574779,5501.563076479712,5612.292139274217,5757.626872260459,5871.707014870819,5987.206260550407,6108.410181341127,6249.728937726831
experiment_320,4373.102774554884,4470.452432612699,4561.114346162361,4556.63779719183,4402.644476255343,5753.519519580835,5832.059489257117,5916.190632417689,6186.8443216136775,6314.048485114052,6384.9138660730005,6481.253999452059,6513.645215170323,6673.913132641507,6722.374294320813,6822.022262743101,6917.3601599877475,6969.387585393835,7109.895797530117,7193.7904866260815,7254.311592314456,7301.7846625350885,7452.006746656024,7535.692313073401,7604.415040525441,7715.633090156003,7798.698657925582,7880.549138833785,7986.543027619447,8073.320592921005,8151.901214341289,8263.452688891182
experiment_321,4373.102774554884,4149.731845917643,4091.09289109725,4014.1230696769844,3836.3308109611253,4838.464876336866,4803.732543210288,4753.894096017927,4814.440787878462,4829.0961078972505,4805.3913229518275,4861.858575446576,4884.0787968818595,4943.747435836335,5015.086967900488,5063.113508024443,5172.790325834426,5299.512095067206,5398.876801294831,5552.41878009754,5736.392003423645,5896.559793435528,6101.48046443755,6284.375448557825,6531.774022355963,6670.145214331087,7009.182721183828,7226.503706957006,7554.991595286033,7819.7088884334935,8116.433168207457,8425.464851217484
experiment_322,4373.102774554884,4285.128865701296,4212.903884959041,4150.916086646984,3953.733024428337,4744.109773753697,4666.131217148842,4654.84793896558,4759.0891740308725,4727.243422381333,4735.942880884617,4772.477080044506,4811.647316938277,4877.58906707513,4944.323467488577,5001.091752854592,5098.136219612179,5210.033331388519,5362.268643310203,5516.575489014641,5688.104386257024,5854.939585743303,6091.5210349254485,6333.316902687406,6599.506543452853,6894.424964575944,7194.0229533668235,7477.109531633965,7821.091337915804,8136.284104611088,8533.128463976129,9035.055689397645
experiment_323,4373.102774554884,4335.312939670823,4280.894387916639,4271.895078141818,4100.470791223751,4971.566479408473,4971.579235221729,4917.062319287022,4975.396663732328,4991.702342468104,4980.954949220486,4984.225873442609,4995.4780692620025,5002.036253769945,5017.2796665231035,5051.499487236307,5069.968394588648,5101.720229406524,5124.544193126492,5182.6869341095935,5234.368624279029,5289.605540772905,5363.895014193121,5409.2339512335,5487.528692615688,5582.672667489222,5673.450171219069,5762.866219600406,5835.326522563677,5984.093975194083,6095.031848050252,6217.544248160531
experiment_324,4373.102774554884,4388.893248879331,4397.058290963387,4419.447196204781,4290.482066095786,5264.821376596841,5320.2305311492355,5358.899340873475,5507.828292559379,5586.736723744485,5659.097930591893,5734.378342809039,5836.945058135627,5966.590798672291,6084.678359712527,6254.221217834109,6406.916141895279,6560.249445867616,6751.691268116678,6938.20717239957,7151.857784513653,7400.531532219547,7641.977757079263,7899.114084958455,8171.378012232836,8434.849228357765,8763.662276684863,9114.85678175208,9485.638574284427,9835.568337033019,10252.496889873015,10658.170477354735
experiment_325,4373.102774554884,4379.475730006945,4374.503162840774,4375.44520737611,4234.791620073159,5145.160483508721,5124.338277843941,5154.884793791496,5200.0338324437525,5186.330716839122,5178.2335461356815,5208.687586996017,5215.790829559988,5219.005720386751,5200.332693845035,5244.737122886186,5262.474556448317,5228.645400132847,5252.209962228908,5267.521498044349,5308.630775942955,5333.673897576085,5351.829371696971,5382.808332124319,5400.320662640711,5453.038099006755,5465.901179932042,5525.334879706737,5534.482056616676,5588.663749992886,5641.01557462488,5672.033575967449
experiment_326,4373.102774554884,4397.768871265016,4422.223791354113,4459.685845179435,4344.093527804533,5405.933536859696,5483.344683621352,5528.270160684016,5699.7602874564855,5745.633411647552,5835.456605703743,5911.340636809307,5986.999953576746,6060.4909499112455,6141.528063418484,6243.90731740748,6322.8685230137635,6439.181949902784,6513.175073037719,6642.147436552727,6750.66679247078,6861.610047663815,6965.537598767411,7089.214586328711,7242.399597440468,7376.000628984811,7489.72278040196,7648.922476793181,7781.173549643576,7921.5153451189935,8081.739660872201,8226.462584588891
experiment_327,4373.102774554884,4358.489652849486,4206.2164974865,4196.951940784683,4053.0089303429068,5185.209338282747,5210.527658507841,5192.761047320219,5291.067353070081,5320.798595243053,5351.569326651456,5391.09545336826,5417.21208454197,5440.64519592189,5520.880549613951,5563.057755050611,5652.77253498388,5754.206218893504,5830.915298522899,5943.115965361401,6048.9309388866695,6161.396028651833,6321.396504776025,6429.36888572545,6600.598156343227,6781.513158128542,6974.041511398568,7126.241764282917,7291.06400405348,7513.048642978348,7711.434135023514,7958.785994600149
experiment_328,4373.102774554884,4377.506434591259,4388.051737090667,4405.279696343679,4291.079678763543,5414.756066426988,5476.2324130079,5496.338472696274,5716.426488523635,5812.495182182298,5924.183901625231,6051.897098733488,6141.078135101069,6302.667892247064,6470.522708379016,6577.806328697317,6702.967042367058,6877.046108189764,7076.576265277492,7248.339172741615,7456.501374103695,7649.441004318325,7879.145943649277,8033.155053763159,8215.02800807653,8460.4474971591,8721.820021490827,8906.252848137003,9163.276881827524,9417.818691309949,9693.302486634166,9880.269913162632
experiment_329,4373.102774554884,4218.840215160935,4146.260895199006,4102.313832976188,3940.546059970034,4917.55151014809,4915.158496782552,4940.866833158043,5044.974241894731,5062.613982897908,5088.968309444132,5176.430782588119,5244.674933593667,5353.415251212972,5452.681866696411,5563.553091585897,5726.1649917291625,5856.290805425891,6056.840586632372,6238.464611690561,6459.044001668011,6679.387842650638,6854.8846984681495,7154.805470572499,7387.7187483172565,7664.30211552469,7963.907105172459,8297.702506684756,8618.14249522088,9005.855366800928,9345.129400066817,9777.115208490655
experiment_330,4373.102774554884,4426.09058654293,4478.205973071173,4538.531052726463,4360.392882263181,5494.427801426045,5593.422709288931,5654.633865979886,5927.764548602543,6001.060853276942,6094.991610835543,6197.916536646007,6313.54387096019,6411.492739944895,6525.640817802621,6590.800494302986,6739.2540112981915,6827.020705443285,6921.158902392218,7069.016267370721,7200.265237156407,7310.810560899517,7492.032131679975,7566.440676388277,7745.466342096375,7913.957536968948,8077.596353674107,8220.222949800223,8382.395615577043,8562.272034113605,8716.39214242767,8949.051133289857
experiment_331,4373.102774554884,4395.037611593589,4408.232563202739,4417.860225406408,4289.800346411792,5404.890581079033,5404.737940342548,5416.337945095143,5567.844077751979,5608.426097780413,5661.279924689948,5707.522778216021,5749.456711046716,5800.379682618645,5841.281786161487,5892.28285538035,5988.500836373443,6033.506301699073,6086.432486118994,6136.725436348235,6206.489646352681,6311.7587393577505,6398.7392590376385,6475.180425268674,6536.897810135371,6666.446024111421,6744.1709936570805,6929.6646347552,7007.3767401728555,7119.984469201381,7251.467336681921,7350.031926454107
experiment_332,4373.102774554884,4434.352828927611,4490.632122505045,4558.232419371855,4387.584288171184,5590.093907974147,5667.826990894891,5729.11050766158,5987.383730258422,6051.268515473747,6168.761688282519,6290.078829252412,6369.979445128711,6511.956346694975,6581.4961966958235,6732.845466489816,6842.736947540543,6989.018452337157,7132.270289994418,7323.392832901895,7469.385885205177,7649.475882743099,7784.041575218834,8008.629742149258,8165.141667409717,8369.400863092984,8554.607031750644,8777.683211480464,8965.31692516508,9205.40220718563,9447.73959190129,9719.042503740166
experiment_333,4373.102774554884,4324.399121557044,4261.60760421749,4223.8283884793045,4058.0202839503127,4930.744082205592,4902.234255523348,4889.183748803201,4976.2653209869195,4943.944579870188,4954.8904698755105,4966.87691386466,4975.724042441929,5036.099749928925,5053.908380456715,5122.469974711427,5187.533018979577,5272.310928022525,5346.565384754489,5428.847009778974,5576.457700679868,5696.948718966629,5864.643345829847,5967.969171865291,6166.577950508825,6364.305013397108,6571.5279516771625,6775.929766122865,6987.5064911731815,7164.663732932212,7455.419891074364,7678.014441676429
experiment_334,4373.102774554884,4449.19714957142,4519.677985686158,4595.822450201153,4323.7922315589985,5691.075120737101,5746.023660509128,5814.988463607613,6073.204754315324,6149.947443236508,6173.656534979098,6192.040425613686,6317.628961681419,6428.210715578669,6462.559617971993,6542.238046296078,6605.967406800655,6685.585417703732,6759.242790671791,6816.979965202775,6931.704301351576,6988.829500567481,7123.374102140893,7168.4277248712715,7250.971900833108,7340.817344188141,7485.785178449072,7573.978544047979,7690.3571202032645,7764.71553231615,7921.850738340943,8013.729961094216
experiment_335,4373.102774554884,4400.885227727909,4411.269084648406,4430.950243052704,4293.70858699743,5213.018546085781,5265.6209164388765,5242.667869930772,5373.877140917248,5386.3612335099715,5372.276817484417,5358.34543504969,5355.840642415934,5334.415621317406,5343.352159814498,5298.942298631513,5270.010534343377,5281.72441629033,5230.001488446027,5208.102138183818,5145.275034765213,5121.853363970631,5096.360538378372,5039.728897171268,5006.739590268701,4955.6057213612075,4919.849956066501,4874.574095722188,4830.6668220049105,4773.121785264845,4717.782581536594,4682.826425498879
experiment_336,4373.102774554884,4390.520684826701,4404.4034165312305,4424.054396579394,4296.086420382498,5271.10435216587,5283.776650486279,5354.313002739299,5531.662577707517,5570.36294299207,5668.783680781267,5745.313614535626,5848.514578479995,5986.338241250907,6107.301790880508,6299.931796179715,6453.1576545549015,6672.770384583482,6840.673246371227,7049.104852208735,7277.330985762805,7510.01947710047,7850.224268616789,8144.121563913388,8493.951831847198,8817.951896969571,9217.260408182055,9622.397485082573,10021.876388871933,10531.581885262534,11004.844082265565,11447.490479191438
experiment_337,4373.102774554884,4276.290095596765,4210.801703824633,4115.084882461451,3942.191420802145,4895.504542651228,4884.2289342165495,4880.883422944148,4983.357557284832,5020.665334423284,5038.648912561715,5086.510355681076,5123.158403748044,5195.04997455245,5260.018788101223,5365.458533819217,5508.634160576527,5611.76139239179,5723.271108013509,5877.2397994025505,6073.672694231178,6256.881567347506,6464.319486896597,6702.921387477408,6934.488358328461,7176.4141666863015,7443.309969999858,7718.837945049439,8056.2860235781245,8422.99848907323,8784.699876843542,9196.019363264713
experiment_338,4373.102774554884,4404.10146492262,4433.27825378201,4465.981553097792,4353.0599397917695,5449.173443591717,5504.459543243515,5522.039149530569,5688.418412545282,5727.955005175674,5770.401774582036,5806.692053287082,5857.83854871433,5891.076551845817,5945.772672712923,5965.948376610419,6024.02679657565,6093.228163823951,6147.976000099232,6205.614633428458,6251.6400849163665,6333.385930468707,6399.570758702914,6465.473730288398,6546.7262316771785,6622.308563854131,6701.495542168004,6794.28403890329,6847.268569347887,6950.626266591298,7061.730108780501,7164.82117000546
experiment_339,4373.102774554884,4226.37921873289,4164.308459922589,4124.260312267812,3953.736996770529,4955.9808114444395,4952.451259845926,4931.484095824554,5090.984417056373,5089.109288851912,5121.107699127995,5169.606005544469,5231.157074432596,5316.540552660147,5364.60341569229,5490.96660021459,5561.51950798026,5688.3821801301265,5836.2898959471695,5958.415339283223,6110.285505451963,6263.50215868038,6462.013005097508,6646.695458221082,6849.506272225679,7103.441127802704,7325.7740291105765,7543.325416972979,7797.354194052518,8051.0964815330135,8284.363849539595,8617.884965250465
experiment_340,4373.102774554884,4178.548339308697,4157.101925420142,4126.061149531636,3968.3895352750083,5068.579177930912,5067.128073729791,5092.265855216279,5148.58283462866,5232.629225359911,5291.195346057206,5397.161185268026,5480.045362651042,5607.303111153681,5722.35660137514,5888.328018385157,6060.435492105414,6226.456145373359,6445.8998738263645,6656.172862171521,6839.80488170325,7065.036350640011,7277.64086415482,7565.4770220708615,7805.522519183639,8106.564135066676,8347.167747247284,8573.86658125099,8897.087752559446,9201.632777213003,9546.778499774813,9860.85800104135
experiment_341,4373.102774554884,4385.468758787574,4390.202396112176,4401.111978826211,4272.4479726187365,5216.362646359556,5284.981334218156,5301.879206980933,5395.451066981191,5437.156155658857,5478.552230564241,5495.6680189539275,5560.779396568129,5604.085122511818,5660.280104680554,5732.876529656307,5776.016962910269,5865.11550920459,5950.080048847394,6044.954621926072,6135.756344978031,6246.549205270595,6352.013733013866,6465.252403178816,6600.719727228177,6690.484867712737,6817.903020938688,6937.124910882566,7086.7480306114685,7215.474497724552,7375.9336445516965,7542.8042497065035
experiment_342,4373.102774554884,4381.833182692236,4247.475093000813,4253.390115062469,4082.13421489956,5291.285547482995,5314.116206727548,5323.340624078806,5390.262580751067,5422.438021356973,5441.775533734866,5486.0089653586165,5498.054283349409,5502.547065632753,5538.540257846289,5588.3636702762815,5640.041947026753,5680.152578001317,5771.206000038226,5831.780707452104,5906.150367354747,5992.696525425164,6078.612151435818,6130.4044133575735,6260.588993723861,6331.564349017681,6504.189108029966,6615.607635869348,6766.966195416596,6854.465542448742,7023.518363245299,7202.215860974782
experiment_343,4373.102774554884,4349.217871353334,4220.65971424272,4205.865119579945,4060.130487973006,5191.7888261897615,5186.494031792927,5209.222078627532,5308.034473500656,5336.724094168852,5381.345227586688,5381.58283362179,5443.194909092586,5511.977518980827,5546.086788699008,5622.341519422167,5682.174410003006,5733.090781594059,5844.390485528378,5954.909689507496,6039.435881527182,6152.563339520006,6276.328360533345,6344.266324857526,6508.637081452402,6657.383831099116,6796.551330574242,6934.772948472248,7142.398549119134,7292.5652040878085,7461.756012571928,7665.244964259178
experiment_344,4373.102774554884,4458.413128763437,4532.891577561243,4612.632678522835,4342.95988493884,5544.847531994568,5653.805626662448,5711.527901828858,5976.783044447486,6037.96617704126,6138.811398332158,6227.083086991537,6294.510882111371,6375.942294152201,6491.097387980449,6589.034025518288,6683.4443146898,6759.32980008249,6835.161369522772,6944.923086612606,7042.037600372846,7122.843660231049,7241.362572025238,7393.016813923703,7495.699483817494,7578.846724561079,7702.538090769772,7825.134333813021,8006.585835051532,8098.894483416909,8224.885021525972,8346.764682247951
experiment_345,4373.102774554884,4392.555064943113,4399.472687059574,4411.146302560259,4276.0460506213385,5221.092557078645,5228.183545681232,5231.7310658270035,5316.042754369071,5303.658150080646,5305.698865429096,5319.840636941083,5315.056631922034,5299.228744756553,5265.009812198204,5292.6760566192725,5270.10842959452,5236.757436548525,5214.488712592993,5214.836737552093,5193.050639861632,5149.238669304086,5130.887599449369,5092.942064244753,5082.4493226325585,5052.793851978908,5012.724411045846,5001.77842671731,4947.119494695284,4917.205903682023,4864.548064085173,4806.3559406624045
experiment_346,4373.102774554884,4178.022867969374,4088.0257662514487,4016.59339864142,3826.1346840626893,4787.855627169068,4677.072960803737,4639.866134467199,4710.019337786819,4646.188988542763,4635.69105338916,4596.260088947587,4600.282498050892,4599.363405165214,4618.998420944109,4651.548840521596,4681.8990654403215,4735.808934443244,4783.692700981121,4832.510000431064,4939.5384194328735,5030.025031295123,5150.939339103477,5287.4000047815025,5389.154805674011,5586.889347914566,5764.161351660297,5941.438208964344,6118.969911758134,6344.364150791546,6600.282538108544,6802.919340590193
experiment_347,4373.102774554884,4339.57988483409,4201.328714631073,4194.929727627366,4042.3158304965937,5160.847991666998,5150.6819417517,5146.955251032797,5281.837910467286,5330.884947419488,5356.466038154985,5460.664374468954,5536.90563134036,5602.120196548896,5692.796479031129,5821.177954860412,5947.249118133936,6071.39081356284,6219.702215578582,6382.537702174408,6559.947107419836,6745.849626259788,6917.380341376222,7145.375784025222,7354.429501853039,7593.2953928727675,7837.489784134625,8077.983523171526,8341.126877880335,8644.233479068287,8901.282999435274,9204.667044840055
experiment_348,4373.102774554884,4330.50114926267,4186.747229832368,4155.26745979435,3986.885119620768,5029.143649802237,4996.4839151196265,4999.538319519029,5052.164061798017,5039.971216353265,5040.224804189984,5061.899379206635,5087.394994119362,5109.7169042726755,5171.71978249256,5191.038907225885,5272.9469774434465,5315.783071486516,5369.316015837765,5479.875933641555,5575.509766426581,5675.152201712637,5771.570893055802,5922.272978063547,6075.986992808329,6222.49228035171,6417.180453075523,6614.732156753188,6790.808330634401,6942.193624427429,7219.467758289771,7451.0503633511125
experiment_349,4373.102774554884,4363.610903815907,4349.982968424638,4351.362833524716,4214.415547612403,5127.300119908943,5160.6633055757175,5184.2468918484155,5326.561076576769,5371.275135988582,5418.7370512480275,5472.0350171371865,5546.674934310606,5608.107765676707,5714.707494844081,5804.682304943474,5893.82920029251,5991.514667916725,6109.0367219391255,6225.551770810891,6374.7015131899,6503.380322083427,6636.569870342937,6813.438770850662,6970.921936636963,7119.09870929951,7308.81114288688,7494.651259389844,7645.464540976309,7892.233897433458,8096.759715819809,8374.703438764693
experiment_350,4373.102774554884,4412.616597740878,4449.92401762709,4499.655727030193,4410.268303127888,5389.926229739858,5477.40901400197,5586.34587627805,5798.69776719529,5900.45314981465,6026.826513490947,6147.67982316799,6282.371461727567,6456.179730366639,6614.90900309386,6747.353980539194,6938.9763833462075,7137.431681362353,7348.061943424619,7577.125239410956,7785.80669580289,8013.135241333695,8288.165679190317,8556.02439697781,8888.668325308276,9175.594425771516,9515.60251472068,9866.95230669465,10252.593201714286,10594.102151064397,10992.979412177672,11471.281863170356
experiment_351,4373.102774554884,4426.622254921624,4476.634156850631,4530.640033069221,4344.025627282791,5541.648762935641,5574.584214636559,5628.1366649978845,5826.096594667019,5859.9588776305945,5910.65400631596,5982.201241899165,6043.582355696848,6089.067343045172,6119.917992749937,6164.030263311929,6240.069809079644,6259.142102982136,6306.428067653478,6386.574381107937,6461.597723311053,6486.199387725111,6531.367273397321,6580.689353140747,6677.926584982628,6704.163589015168,6762.856357810236,6822.018055011806,6902.8677324126065,6943.32134864102,6989.744414603008,7052.486091826473
experiment_352,4373.102774554884,4330.385157964493,4293.263985078173,4284.346586992059,4129.940524731484,4958.166233760456,4973.586781496955,4979.994550982905,5075.685763617887,5092.705719793061,5160.010857116181,5209.651332865049,5328.481880693083,5387.404869051131,5485.1804035364075,5626.515097541322,5763.7851124842,5934.675335979625,6107.877818801778,6299.904514553085,6507.822726520411,6738.0277982488415,6961.280270575167,7187.557193997851,7519.762794798049,7760.285987961897,8127.383116501875,8450.221437940992,8857.871822814224,9292.38778036296,9744.564699026254,10249.026818479739
experiment_353,4373.102774554884,4373.511345154621,4240.606883626227,4255.612333667139,4097.56139523584,5349.282541542571,5400.604305270135,5400.788249139341,5599.0216944173935,5661.095409457679,5769.544851905734,5850.134286070424,5971.43480112406,6075.769917802803,6204.66395346744,6333.795354481334,6438.302488369307,6580.110737547916,6741.990150576603,6951.0576357388745,7077.150599444463,7265.227517085352,7464.998362388988,7629.771936699977,7850.532346804373,8021.437227978971,8227.98090829233,8425.778352113219,8641.00679705555,8808.016347327237,9038.912344254359,9279.885505914226
experiment_354,4373.102774554884,4331.9699512862035,4264.975417383432,4233.376849888263,4067.315723304797,4989.252140053197,4948.078362655071,4938.567739234029,5026.330619160492,5012.685926243498,5013.614964342131,5022.769322341473,5019.669394416499,5036.0817297364065,5039.583434785141,5070.742878156167,5110.074886143944,5139.011778427563,5190.342067483714,5253.035376794001,5319.001087468147,5360.469772778822,5412.763178556557,5508.764920770686,5585.8399679776485,5653.538813377041,5757.4056168425595,5855.503453884532,5944.698736186638,6056.824896041643,6178.51333198664,6310.474141152614
experiment_355,4373.102774554884,4203.599781059254,4145.778028855565,4105.958188175916,3932.8524503040035,5048.969771064384,4996.553257360672,4993.983861182817,5042.049479313941,5023.728711643318,5001.904549011592,5046.966801283861,5042.706599793278,5034.6441894690015,5114.195210883831,5114.178559706461,5160.574851671377,5234.495232830983,5290.4068247907235,5379.647934044025,5442.804493507136,5548.541448051426,5635.987403813123,5749.789707478951,5898.348551518934,6011.26929390682,6149.547225646872,6274.582354730106,6448.533956753726,6647.056733981769,6771.086800375495,6953.370390901169
experiment_356,4373.102774554884,4390.536616579648,4403.561896742274,4430.0960316425535,4310.657979943257,5267.514187595356,5301.597495020223,5372.559441229926,5491.322608036724,5543.875580221142,5638.371202273442,5719.516098486278,5822.149326721007,5912.510466824987,6007.061692503682,6156.829462506541,6288.584525901961,6412.485735763244,6593.963869681268,6770.933140349376,6912.46667809698,7087.418609341489,7253.93389150628,7455.954735931101,7658.282811073997,7932.197363658155,8157.024301643676,8385.675171125158,8737.00523417348,9042.3677618902,9386.27496933152,9771.583018811081
experiment_357,4373.102774554884,4348.519357213675,4336.355231104929,4327.12970468282,4178.055652464071,5056.99880337669,5075.742805858457,5101.431678878557,5270.935086929455,5279.980828813542,5331.321898881182,5394.362057347919,5462.116141846793,5525.993927318882,5615.643994224655,5709.332937178481,5794.0462087451,5916.365951342128,6007.953658863424,6124.977715113014,6263.250655155774,6395.131779980527,6554.575422215437,6680.123510983165,6803.440407936502,6941.898511777602,7091.936632711714,7265.238099984976,7448.435326001145,7624.407249552866,7841.680546272927,8022.866306893484
experiment_358,4373.102774554884,4413.379926722117,4453.98684300888,4501.388077570987,4311.856054103343,5499.916087023968,5522.1564378743105,5606.838760112892,5806.78815290565,5859.0768582544315,5934.608707708505,5986.384258621782,6057.522519134924,6121.853927540006,6164.429903889442,6242.67276276518,6299.92650902773,6372.602787877984,6414.584220894174,6496.562797718194,6509.402397549312,6581.074787494204,6636.42862027825,6657.563720706358,6745.310315355198,6785.584304372109,6818.502588018022,6866.283796628202,6913.566995162186,6918.531501119622,6948.097356073871,6922.69278684225
experiment_359,4373.102774554884,4403.371252854707,4423.478267096304,4454.612015473234,4327.13648385994,5295.160179809381,5326.2497852238175,5337.182313544288,5485.484553530932,5499.795143630339,5567.329903757118,5600.812742665876,5679.779427951719,5702.038642018893,5759.6043660387095,5849.802030731844,5897.240822091901,5958.566038897154,6052.284857036244,6121.798466986933,6208.97795513062,6307.963965947525,6418.153727612007,6510.159236415393,6633.814655786273,6744.663920849247,6868.616354552783,7017.058864869465,7147.581923854259,7285.972411831397,7393.99285453069,7570.6987645183945
experiment_360,4373.102774554884,4339.669164546176,4223.628084521506,4217.442476079765,4053.90252021542,5076.384479848043,5099.467000509032,5121.094593434097,5227.2725110668725,5270.293101051544,5360.261382142992,5408.466562643658,5483.51557149092,5598.499434372288,5692.796412532224,5847.929755629602,5997.923032767274,6124.443432951033,6265.828330866957,6449.345781677626,6635.575890342332,6822.50267425662,6999.6600270623785,7200.626294537413,7420.608693439338,7679.883648384531,7936.72946479448,8243.889578246593,8497.492706388237,8818.083746442824,9139.491862132085,9474.047919132889
experiment_361,4373.102774554884,4406.38915191917,4429.308108612048,4463.890955411763,4340.22336587362,5293.924907181833,5356.245108066689,5384.1926347303315,5553.148478968369,5576.728297745722,5656.1326784489775,5700.995940309292,5775.8564086507895,5849.04501624134,5911.212807550424,5976.968470170852,6075.942220443294,6128.35858351463,6231.180840613912,6295.315439025175,6370.141146909655,6465.149520716136,6548.919040800063,6645.237113722866,6714.492659107532,6818.11325791534,6882.597529056612,6956.689862131563,7065.830716310786,7174.371961842302,7249.840903295519,7339.039010172983
experiment_362,4373.102774554884,4328.871697637832,4258.804043813014,4219.889628449146,4053.703424639265,4978.005185428667,4915.683126172301,4889.326474656062,4923.46771774759,4881.660869087864,4867.591968819152,4859.893645729873,4854.176482102577,4853.712400820349,4863.341149649061,4865.867941357297,4881.99965784616,4901.192866825502,4933.2129541146805,4970.759736737176,5024.748758255627,5077.906564484314,5145.06643108125,5188.063426607575,5259.707428544483,5326.663657805265,5429.97797263559,5506.7239709564155,5622.649435901351,5735.481062947235,5884.216724106029,5994.10369101146
experiment_363,4373.102774554884,4233.543459076966,4192.851774597836,4174.073513308669,4019.155876432132,5004.677432771492,5060.808902084288,5061.93382794766,5185.854685954198,5235.645685446039,5296.6363414171665,5354.461460183443,5439.459525998832,5539.745188716855,5655.363635422653,5804.188872444687,5914.712307010331,6099.193589329387,6282.097886085753,6451.484493661463,6672.4542994517415,6856.547216445978,7096.8059610467135,7368.271493639593,7592.2738409521835,7891.788215225192,8187.106068902556,8506.32507203822,8833.825754638492,9165.08464977431,9528.468552068896,9935.638119982092
experiment_364,4373.102774554884,4364.3883694421,4221.178988677913,4216.317111926967,4079.895183986682,5210.263234615071,5252.118686015036,5226.129761548941,5311.6577881104895,5353.663496742582,5320.067613333502,5350.706602128134,5407.008954079804,5403.8941729269045,5433.757797573684,5479.010974867797,5539.281776694729,5603.512557835878,5645.269491601493,5709.671504190848,5788.572840484839,5869.379091204113,5955.0629179978305,6029.726762174065,6112.238936443991,6223.869685339143,6366.759793120581,6475.657250668058,6573.605879811432,6757.006697402938,6835.994857680229,7000.074171162189
experiment_365,4373.102774554884,4191.65757842751,4144.590579275295,4109.146623824681,3940.6845413888964,5046.924521703152,5045.777436407805,5024.227432056978,5104.327451459389,5105.964452389809,5112.031378044243,5134.219883282992,5231.399205069451,5238.82450185654,5312.243367629604,5395.437379763201,5472.050711285502,5581.032626269061,5678.659912760822,5803.331687779758,5960.778141044717,6104.147356659266,6262.443397959241,6469.135170729458,6624.207772307969,6868.720916932801,7087.4466013845,7279.350010644346,7631.326893953828,7939.561185246419,8231.136320495494,8536.709516314286
experiment_366,4373.102774554884,4375.693863734583,4242.243299184759,4255.934756129911,4094.617085455603,5298.662690835652,5367.973227389034,5379.014305293984,5529.138567370644,5578.38952240003,5625.459696708652,5673.277372247308,5769.811280563856,5871.594570522883,5940.118821722353,6060.895867802257,6154.31111801816,6285.228359669725,6425.472615461018,6505.421792352514,6702.839517255658,6849.882730988374,7008.445575859925,7165.430066295548,7364.450403578287,7573.54331522641,7783.748563411087,7963.622022751597,8210.867073318143,8447.058919452033,8623.710599575748,8880.424552553115
experiment_367,4373.102774554884,4407.426724051029,4422.075674614132,4452.250341949384,4333.045065730854,5390.9319245779225,5423.026126601235,5471.608218017883,5612.276680213914,5642.33243894443,5656.108596526983,5705.184177014387,5741.051655826702,5760.027989217868,5798.679280895216,5847.892888354401,5865.526215919528,5928.244800250455,5962.118698186185,5978.874692596794,6018.405633841039,6079.831850294968,6115.152388448784,6150.7129566551575,6219.551231195687,6264.913248943315,6315.300595705467,6362.055093476141,6421.308522690275,6480.5825749408295,6482.294603700133,6607.827258149582
experiment_368,4373.102774554884,4374.144402870728,4367.760371156995,4369.8120966236365,4249.467064168572,5274.053929699466,5290.11971206609,5330.748786382797,5457.420631957214,5544.057051747839,5615.669603575809,5659.66481718571,5741.511569490054,5821.8621674471415,5940.40859937081,6043.678761596308,6154.669330843409,6274.1613597323585,6433.873128982375,6591.2221098179925,6734.764553532737,6892.941573587636,7005.638900365747,7213.121547294233,7405.470938527704,7631.051220557555,7882.704081762493,8038.24937648115,8279.362083964705,8583.206959336501,8814.076649447952,9130.905262671986
experiment_369,4373.102774554884,4431.238045472747,4481.825394659336,4536.790894502155,4351.937072088241,5526.318069132192,5567.9582720130575,5602.25443411038,5806.269111564741,5838.783426064207,5879.399809441311,5932.633830228751,5967.337485825338,5998.518137994607,6056.680397183589,6084.562332948935,6154.84476814981,6162.590385408129,6212.381263206647,6228.349056777145,6284.897899016865,6334.793652543682,6378.009190086674,6421.3383622090805,6455.839421467335,6503.895084843388,6556.89963265752,6593.71225720544,6643.7940448023965,6721.987820276925,6776.982529720535,6852.7267044615155
experiment_370,4373.102774554884,4410.339788131678,4442.713051543464,4482.515395411746,4377.630808207845,5340.2560555012715,5387.461714726763,5453.370359706614,5663.455302811351,5730.923930131183,5827.946180642538,5899.303285132975,5989.834297438274,6103.850545962523,6229.009137836007,6367.509542593269,6479.115274889029,6642.527144207677,6796.85016240388,6962.7447154469555,7125.407186441878,7279.8293661756015,7446.998384778938,7671.587555853137,7817.670533557039,8065.436244205518,8217.50456440644,8434.906034341397,8719.066546812943,8991.514074075287,9265.649364683852,9566.862834434076
experiment_371,4373.102774554884,4301.269890246136,4189.724410832359,4164.743133237821,4000.4169099785167,4975.778677873639,5000.353469889473,4960.828999546805,5066.831330451575,5100.485815884761,5106.9806597147835,5176.225298933141,5216.823545643473,5255.936870770925,5327.17457244609,5416.4371011449075,5507.3223215381295,5595.793740749112,5719.586872843369,5842.11957691543,5971.358461923808,6119.282636061966,6272.009043376194,6466.953665922518,6649.148901337909,6854.956670216907,7012.546761513111,7277.436923792957,7501.3334236036135,7749.356851363142,7969.563290789669,8211.550991369211
experiment_372,4373.102774554884,4370.673950373534,4365.759310300677,4285.440863503907,4138.593783791299,5206.2751393284,5215.89425459104,5260.804615499342,5377.849364868741,5447.367189273109,5481.811381229885,5547.744813179491,5634.805535366795,5671.605672926795,5785.838248462062,5880.121611054043,6004.423478036153,6112.344260716289,6217.757053661645,6372.458213246813,6526.872590457849,6690.100420288218,6832.3833761756805,7017.504870208315,7224.190353579121,7409.105680518749,7599.757925591408,7830.1070625135035,8080.538852599679,8278.27017806879,8545.271896238995,8776.91401205847
experiment_373,4373.102774554884,4517.715124253131,4555.959458004566,4596.862171583331,4485.92855235321,5954.028618683378,6123.462016639447,6267.305115517114,6556.958204199199,6717.372029783806,6797.51906344616,6903.707859747159,7019.919365503365,7167.306784967985,7328.349481172119,7428.110827923478,7495.586676484239,7600.392789038318,7702.190460442525,7780.673779656756,7862.65522550286,7907.000514775151,8021.36384423995,8058.423196084088,8101.4803024544,8190.573058985125,8221.56123238207,8305.75562927605,8319.580865540549,8379.994747066985,8413.039807119643,8424.676109778775
experiment_374,4373.102774554884,4164.068525620176,4112.688806625105,4036.9757101063387,3854.6152416679033,4853.896395633194,4793.746580374141,4727.802340275319,4797.2944671285395,4761.813209839198,4734.2435017278785,4724.24038063026,4682.252475586273,4713.101340790487,4727.202077162485,4753.537083312493,4774.330725915501,4822.0476883569445,4885.649459084135,4936.215972410414,5043.724431927502,5128.52404228981,5237.018294896228,5367.551260384818,5530.447321397788,5686.347606139281,5869.068790825519,6051.971181985478,6263.381242079433,6486.019486638908,6692.55957301896,6925.947451673203
experiment_375,4373.102774554884,4383.896730871343,4383.890285133031,4393.607452676497,4259.7344264756775,5192.028999952136,5199.753871129293,5226.190916658034,5347.30887740999,5358.327107658849,5377.708726501863,5401.056766195524,5436.550007881946,5464.188176152361,5497.115469239082,5545.267391220238,5583.123456867064,5632.562541397856,5670.419170364017,5724.300839178728,5777.879269695988,5838.942199573308,5880.390142996235,5948.80863847403,6019.487876612091,6094.120402738943,6155.369981362168,6243.864136136703,6338.834084447793,6408.829105221805,6482.037175469801,6568.883486495783
experiment_376,4373.102774554884,4434.579566171139,4483.907802622045,4543.608169740076,4355.639194501021,5459.196042209698,5551.325749802973,5569.52948743862,5771.413241677761,5833.378291457401,5931.652008992932,6000.077569605241,6082.68448786565,6177.716797435984,6275.069744566117,6393.018305545547,6513.379120391432,6652.403753644161,6777.344044354577,6908.539677782564,7063.6787408878245,7207.90411661468,7391.507579380408,7543.492891408057,7724.854649616276,7900.934435802012,8123.597033384263,8299.568511626128,8593.017939334615,8818.67742383883,9104.801127656494,9338.244036998205
experiment_377,4373.102774554884,4407.8336372447275,4421.161826417565,4447.534939289155,4322.107123616973,5377.144271515326,5376.458605909549,5409.08749282118,5564.172058956883,5591.60035003114,5603.358071809082,5633.809274945801,5640.691492159882,5673.3889780483005,5699.003301375735,5703.969645155915,5731.531487668149,5776.327171040526,5790.964098238635,5814.26048338165,5835.569116906299,5867.493245456028,5932.289977178426,5971.072093231922,5983.668193412401,6021.957366587641,6079.951221475486,6139.240496465591,6182.92804425581,6226.301452210217,6306.389059705336,6358.739539529621
experiment_378,4373.102774554884,4338.1443888034555,4217.336547899695,4174.724720714505,4017.31319983125,5073.431701794158,5054.843835545017,5036.3749825026725,5115.778103701048,5113.270429397864,5138.019069417363,5120.066778550935,5152.651074169187,5219.799978954516,5254.243700674808,5316.735016935784,5356.490720025699,5453.2049582898635,5515.47399779439,5609.060246158203,5727.18791900647,5844.45693841896,5962.457119790222,6129.6649784700385,6259.653050605071,6445.4736689588,6601.546769179372,6785.525477118103,6957.332385099907,7140.669245365545,7420.702334854782,7656.820165175271
experiment_379,4373.102774554884,4358.082732797879,4313.058211419564,4302.859860473525,4152.63208254454,5093.374712905148,5108.619136446958,5067.453345010059,5166.304959671408,5177.446867932299,5182.666917859888,5195.161334452513,5236.284092236714,5252.631666818417,5265.240212599541,5330.648101374655,5370.356329029426,5424.746656075828,5504.75958267759,5547.27088726802,5600.051875405536,5709.998792513206,5784.69997650365,5878.499909395827,5939.227734594566,6055.135404042069,6196.897172593299,6292.658917894643,6453.094670722214,6552.779932250041,6732.2234904659,6894.7485409543615
experiment_380,4373.102774554884,4427.9242546547575,4477.176123521361,4535.918630559202,4365.371236588339,5598.672482326267,5674.24940167984,5741.6428274988175,5957.424089630447,6028.2691008803795,6107.024280460018,6214.431074366026,6300.427751046043,6403.961084395314,6502.250381869254,6614.453283755784,6722.27441757818,6843.03009351362,6959.978843129013,7084.416850894351,7203.61527562626,7324.689262864187,7468.633520745641,7611.68823351742,7727.322151217206,7911.488811604437,8065.202445369528,8197.54728212146,8327.557851620435,8501.663280938528,8662.280215705068,8822.182286626052
experiment_381,4373.102774554884,4393.2182407644605,4407.078874013817,4431.293822531807,4298.926228805609,5270.084141993351,5238.63310552677,5316.457517512309,5442.371929076748,5513.225009062497,5565.252154983208,5600.431014069258,5672.013780867355,5716.915154145338,5787.041720928099,5863.635473518646,5934.795100247009,6026.013606372823,6120.472559490428,6222.355753395828,6340.019156137289,6457.102746923432,6596.812716422763,6704.02440606203,6841.56468974938,6994.7176155935895,7157.90239844746,7286.147098410369,7410.4869754568135,7604.608202650214,7861.414326424193,8007.766229644312
experiment_382,4373.102774554884,4337.278199734081,4216.613707779854,4203.754860760335,4030.602939970615,5060.10937287797,5069.744653130014,5084.900766373646,5162.99545307574,5198.439756070541,5238.596750441693,5312.8717434501705,5368.894841292014,5466.783100038032,5530.730367300563,5654.037422428622,5787.250761355737,5921.46219357633,6092.078870642904,6238.694754429405,6459.322744506484,6648.739264720509,6795.319268465057,7077.914705590907,7302.513964669786,7595.951406211557,7889.550478494642,8167.084931492781,8482.72902787424,8822.634988524103,9193.086454670703,9548.777574193078
experiment_383,4373.102774554884,4552.3224097202,4529.553136938453,4705.11581403031,4535.239525308542,6093.974804914729,6287.080564403155,6492.429757638736,6820.383416820512,6943.216464733412,7113.176630870306,7312.697009442143,7500.256786725471,7627.4843995751025,7845.262788791606,7984.819008333674,8151.504589735344,8301.200669931151,8442.971585080926,8617.780144200467,8766.166157752163,8935.19326773246,9079.812728773773,9213.939942213425,9340.138741573783,9517.257680906634,9682.45661088707,9819.850043074257,9976.43681936063,10091.523402450954,10235.096112616306,10392.840680841295
experiment_384,4373.102774554884,4406.588686741692,4414.844112570016,4438.791788533146,4316.077632513519,5366.265600512411,5431.063652230506,5438.285905641538,5527.430797401797,5546.610327976197,5557.163866239573,5548.23859436153,5552.566846170068,5552.174839696415,5571.121661544415,5544.98327694772,5532.4056884370875,5546.404771774998,5542.587425713229,5527.031888113801,5523.479137770673,5542.635432413877,5512.563104484305,5526.167573086583,5514.210543449128,5518.667270687182,5519.457614291587,5485.025030143125,5503.6117770234605,5490.393485417264,5471.528518066426,5472.980293919976
experiment_385,4373.102774554884,4386.761000387843,4395.534829909979,4408.64001207796,4283.420089223401,5298.790112087017,5343.594487130538,5337.4947115907,5505.899439140132,5581.214962800985,5629.874964424724,5680.776199745658,5790.268726396902,5861.9593606775925,5956.226657295141,6073.759961222289,6172.236226578752,6311.186980071812,6441.78620228141,6590.271093012847,6702.58395347426,6893.6180598327755,7017.489505437747,7228.571988136766,7424.137380893037,7612.4193056751665,7791.603275928528,8033.822019525355,8222.256984377149,8472.88904337159,8650.001735569096,8923.873514843035
experiment_386,4373.102774554884,4201.020778508255,4139.916365829983,4098.585266910719,3927.063230022868,5034.624324539166,4970.423918669761,4969.7071908949465,4997.669976119037,4958.628026733395,4957.421835701265,4944.045563359747,4974.387164687365,4984.341016502005,5017.281312031877,5051.349049566946,5105.63385772117,5134.192031485793,5218.918013695322,5249.174460502877,5349.951522602429,5438.144785865012,5554.970377661932,5662.4416942920325,5781.684593054133,5901.473593501788,6025.80582659222,6164.679448931194,6313.078866017666,6524.215020002911,6654.009868282536,6829.318685616599
experiment_387,4373.102774554884,4390.338323632775,4404.5252029536005,4420.246479433127,4298.899562995721,5347.280883014607,5416.595579031182,5438.276688825812,5572.333569733535,5646.082266431909,5705.850156513029,5787.344817861414,5866.776689862212,5942.297526070553,6032.785007839904,6141.777268194894,6209.346638884726,6326.877093131221,6434.583560064693,6537.717367187605,6623.319351317508,6777.383278447712,6914.9149783310795,7063.132496608404,7218.876414771425,7349.860332520236,7488.283112886527,7621.586214873387,7802.23164259797,7986.211303916233,8127.666967323599,8312.369824460702
experiment_388,4373.102774554884,4219.739127643486,4176.944095231514,4150.518175470138,3979.7716313431742,5100.9843616543785,5103.81209006415,5039.36260375648,5116.728426763499,5124.349155034272,5119.318680360555,5124.372123526809,5140.416435035146,5195.1677501335425,5197.901434460294,5250.135552468728,5313.491414915821,5374.6336283093915,5438.062837845875,5514.995874608628,5601.63036051751,5722.095471821805,5816.178279362179,5940.6201211429725,6086.877321322413,6215.21279322824,6403.7537852367805,6566.304688673335,6756.77322258344,6971.775057029728,7189.906529245251,7389.731485336275
experiment_389,4373.102774554884,4356.697127407258,4209.612710608195,4186.530278677927,4039.077943637923,5178.309808986338,5173.291412443611,5130.691770650747,5230.073677640152,5193.1867267539255,5242.975960828777,5225.064503863881,5242.415353075422,5265.122914934904,5293.447610655788,5335.631118700452,5354.437703378698,5415.538363672275,5453.89295624643,5478.0120992724715,5575.242354666847,5614.445890863967,5724.654829617788,5788.372484852194,5884.103949463337,5955.877430511554,6077.553122361525,6190.387828170027,6287.986118124159,6425.320149313904,6541.3920157929515,6662.826638834593
experiment_390,4373.102774554884,4220.679540629316,4063.7105217377357,4029.219128563621,3829.306971282471,4610.485839181658,4559.612199614783,4491.222491720481,4569.825792366422,4571.722494107779,4576.367387061799,4587.415219481546,4621.8027522547,4669.97879821473,4759.054861196832,4809.066508543745,4926.527745057277,5041.449069491764,5192.6908886568635,5370.269496988798,5585.142762086411,5772.82799647177,6041.122658331027,6309.2184348657165,6637.70890081428,6965.377362663223,7301.724334622038,7695.423982121734,8070.557511131614,8552.85141636782,8994.673029105188,9538.211308893875
experiment_391,4373.102774554884,4383.030225385128,4385.986265728693,4386.015322967181,4260.548227857382,5348.879113163383,5352.174150227273,5366.297830556752,5462.609632661282,5484.49786863127,5498.297138507745,5517.33991606145,5532.684668759015,5577.4660537426225,5633.618253878208,5665.975282737285,5712.633262023421,5764.593872447741,5804.428460066105,5866.423812093494,5933.038715338286,6014.595416810438,6066.173592069739,6134.629462806544,6237.22706470858,6303.61511612155,6394.209699797915,6492.370767102189,6611.731636123148,6679.918425480473,6822.000348751422,6870.7444647775055
experiment_392,4373.102774554884,4159.454213615907,4077.847089123484,3999.2292293141372,3812.268691286504,4857.532463730999,4842.305069222139,4808.392368341389,4832.7354043353225,4822.34097457221,4838.7304623807395,4880.030768868348,4881.101327323683,4935.432695858776,4997.870973086528,5110.761750494753,5198.90897246171,5313.042740978914,5428.808361216126,5563.016252518468,5755.15836780419,5908.788597258318,6115.450544493731,6276.682853339054,6560.686427855922,6724.087943254334,6974.006408731377,7234.527114416145,7529.423693594579,7803.4233033293385,8105.766238141914,8357.619742084384
experiment_393,4373.102774554884,4400.997286193812,4409.804224737541,4432.231626773231,4309.629384290526,5368.568578599907,5412.019057445769,5368.910941522502,5541.5378006933615,5565.263439969809,5591.931701512005,5620.240498305027,5635.681428693622,5658.291160336506,5667.832701349005,5702.939357996271,5716.442667843166,5746.637522482367,5768.224053428536,5804.813754359139,5815.412533254303,5848.202422371461,5847.749039093481,5875.6464103205335,5887.618232820512,5909.482316241502,5913.301183904742,5962.821328174433,5957.83823209063,5976.866193677099,5996.995703837049,6038.45838346597
experiment_394,4373.102774554884,4439.267027323522,4503.804052130126,4583.327376043541,4322.404779804213,5651.134735582696,5736.762810090557,5848.902024626212,6092.5290277356,6222.942341998716,6334.145414497205,6478.083035426007,6605.391506089231,6715.989292337756,6868.402400470846,7047.089970166511,7184.261825703711,7381.950676166338,7535.662036375694,7721.127166473748,7905.724140107483,8063.272444787155,8274.803822840557,8474.066594420814,8733.872017602745,8910.32864663062,9129.437831674955,9391.82902186125,9624.589144240585,9912.840157814682,10155.990930450718,10415.132966574633
experiment_395,4373.102774554884,4453.336407551094,4517.939813838642,4591.001037059926,4326.883347199385,5540.212802195981,5625.459763534697,5697.670770387443,5913.070226341426,5999.453390216928,6066.867304542535,6139.961009201994,6221.560725404553,6296.781626477643,6376.15676382046,6471.954949666273,6553.677620986968,6657.522610550461,6728.742737013647,6787.505294085174,6864.389889895859,7003.848468157031,7037.052014724271,7164.7885320541645,7274.0692031167055,7376.497311943629,7477.559850303137,7559.85681406148,7756.26226021954,7826.118404403209,7916.851128011644,8075.539903403218
experiment_396,4373.102774554884,4335.927386692273,4215.850016321341,4198.062347378254,4020.559355759443,5074.276640283193,5040.692750906777,5040.491663901877,5166.649510570827,5173.153367811363,5229.125435980921,5240.118003079606,5295.79764542235,5315.46986554558,5385.340145198958,5438.724028435665,5525.710195411256,5621.983344415386,5705.393800725408,5796.313014344163,5892.1554748643875,6011.050553143468,6129.00022988506,6233.938520795822,6371.323958549243,6526.915643809016,6692.983729269164,6866.160541325975,7028.235244262583,7192.778587979944,7398.883023498956,7596.926704780797
experiment_397,4373.102774554884,4439.815890742263,4499.588813039694,4569.348758036445,4400.837714718324,5558.005037880134,5624.8099353323505,5725.732706009873,5992.701066524358,6055.824778424892,6139.993712346037,6222.987228066544,6304.46042017794,6387.264227264815,6475.761566219109,6568.534350432985,6664.942001835714,6744.055010842012,6809.29155338644,6923.672007389414,7020.5355686355015,7087.722269243196,7149.081490626727,7244.1112817953535,7311.129072019526,7330.050695335148,7437.065322993869,7503.865914384938,7561.423624078771,7610.682156405694,7648.866083728533,7739.704241727696
experiment_398,4373.102774554884,4351.785738428481,4342.3129421051635,4334.711730520243,4185.244935421852,5056.650947621356,5108.772828771497,5109.179593972707,5263.287476727448,5290.3944986101305,5352.879822622383,5449.068451241545,5486.365800576043,5581.5056642790905,5682.36147067585,5794.059358772522,5925.644052391615,6032.81760299159,6168.432548173973,6331.808658264976,6526.863165579744,6703.924574828825,6891.594201714894,7101.252848076885,7292.145946604174,7490.556953086799,7729.416248108102,8019.528870579956,8262.099288805724,8529.851215246897,8855.816716780319,9181.011594743595
experiment_399,4373.102774554884,4211.684256875134,4193.8961525558925,4163.265712326802,3998.4638333775183,5158.274472465754,5140.4401016933225,5144.98444283016,5198.705140180849,5182.402099521635,5198.830999796837,5238.8338674473325,5266.797357192569,5280.926238485334,5319.560422959474,5338.153628687692,5435.673677691461,5460.98866986802,5541.359828217159,5597.417067949068,5692.464928795296,5760.39957881751,5851.943614804035,5952.508225436442,6049.829362211797,6134.916671181954,6280.27469288272,6381.237217255717,6530.369631829089,6621.484602754284,6758.91765250963,6897.434600755404
experiment_400,4373.102774554884,4421.934288501903,4464.786602290357,4515.492096856693,4332.31696977937,5492.297309981601,5510.592451355205,5590.307256240911,5767.067840932084,5830.955783936082,5874.743185492236,5960.916810555553,6039.659538320175,6128.1716530137255,6212.099694653951,6293.878094324585,6380.0306835100755,6477.281854764699,6532.160944539873,6655.870287710803,6783.029101858953,6852.798305524209,6969.922224709095,7092.345013115215,7208.57243364557,7327.56496128032,7472.5427552277815,7588.891863081547,7713.443505101301,7852.443637740924,7934.358424664014,8065.370681283244
experiment_401,4373.102774554884,4352.064168379973,4334.135056034158,4316.68262493638,4152.747491395085,4997.328490481941,4999.144794207085,4970.84848990691,5064.258717360263,5081.8939649571985,5079.0225373781705,5088.153807340347,5098.556624704763,5108.006024114796,5138.373431361568,5176.48453939841,5194.643822782485,5248.356860971962,5296.401012682398,5359.403324510633,5413.8558477163115,5478.882436233706,5564.955495717579,5663.010646373475,5749.931430893701,5852.751381375775,5960.915970931434,6076.504022017403,6210.83895145616,6349.723996246385,6520.2485554752,6682.5117188345685
experiment_402,4373.102774554884,4354.167106858096,4345.13848272971,4338.281826062563,4195.75204162725,5085.376082409416,5097.296307466252,5110.250281335506,5173.649785854025,5219.28592372374,5241.817196751622,5306.576583341148,5380.361980427537,5460.1164934875305,5499.215890059279,5594.6726982958935,5712.930065682645,5805.242260416376,5923.2454623710655,6037.1756919734125,6174.5495915346255,6345.54792170054,6517.471093472005,6661.556708640876,6823.229111596896,6953.205198373893,7172.287013477968,7380.319205075649,7573.57364522994,7812.226011993889,8074.688336772788,8316.778442513034
experiment_403,4373.102774554884,4415.408494856915,4453.98355922471,4495.675911118914,4304.1679779718825,5474.084183383993,5522.811722778978,5553.976274895895,5700.607255603125,5740.437604170926,5792.200917538049,5804.30421383015,5868.411541887244,5885.295854108004,5890.6632048765205,5948.875172405208,5955.844151032374,5978.379183008171,5999.663339155426,5964.86480678814,6010.924847103077,6024.902322568797,6025.500013426245,6036.116715771158,6020.029186929285,6022.314298028978,6022.496431179262,6000.395074278778,5998.680587476826,5960.394500343267,5937.980173026198,5912.699443810037
experiment_404,4373.102774554884,4366.941500224164,4332.135235210847,4334.196672789085,4209.304512867687,5230.443004908755,5234.279953617918,5247.6320972927015,5418.098811249041,5446.409914742146,5506.829691964872,5591.298665543793,5635.105388386062,5737.665821276557,5822.797145514933,5918.831708545727,6077.569166066773,6187.592528082643,6373.249365756405,6553.867005587284,6735.2624816748075,6954.914865778916,7158.751478793662,7371.575734166427,7641.701843087709,7866.472427379562,8154.3911329106995,8436.704760196648,8776.277930581715,9047.331259121394,9420.664341276668,9782.88959858936
experiment_405,4373.102774554884,4439.546591940243,4491.783137234001,4555.0120679866695,4365.221477071035,5439.152597832889,5513.808937670411,5559.434971205875,5762.045683546763,5814.74359526616,5896.852461283653,5961.229651815184,6043.6351954174625,6097.600962004548,6181.3736520840885,6236.680454936239,6347.695225176259,6417.808566023932,6504.281821828691,6615.135225136312,6684.350769369049,6778.345056532757,6883.484422517793,6986.633092516269,7094.176008383383,7171.578227471889,7309.989450492403,7404.962288349519,7543.668131282973,7637.898013363447,7726.7161243371,7850.5440844481245
experiment_406,4373.102774554884,4201.860505876983,4149.895918760669,4147.4975352939955,3987.3824570675274,5048.5453417685985,5017.50489530434,5004.445682736269,5116.446426286076,5103.480233845396,5104.71120170885,5115.0257636848655,5187.458815637263,5224.975004327848,5305.401988148769,5364.159753763888,5446.664672298044,5529.081614878041,5663.648633780689,5773.001813467912,5896.126201928714,6044.346046933164,6198.390984876525,6367.2324212650565,6537.103504607909,6720.754636978824,6896.41352856083,7066.565334501971,7321.638644278721,7516.341663997707,7771.715864098757,8016.4887794606475
experiment_407,4373.102774554884,4342.417762476099,4206.679591389491,4189.0476098729105,4030.1872084590814,5120.221733459204,5090.596257451662,5091.367197018173,5196.046808413748,5213.97325093355,5218.4482920918845,5230.425535954046,5284.887745029042,5333.330873768067,5411.185482167204,5459.538294323655,5541.227821262082,5609.949694854968,5719.131670798812,5830.5673332362985,5942.485077532234,6043.421127797015,6178.33612848518,6288.534214423627,6456.360494013212,6603.952942149172,6758.290073727147,6942.654091010831,7121.334354178509,7316.217984876995,7494.841471449079,7682.3576881765875
experiment_408,4373.102774554884,4390.017947988048,4408.004905826781,4426.729912195695,4298.358299915596,5291.125302217751,5361.286677372495,5350.193774816002,5563.812296045255,5632.817222485825,5671.823304437956,5731.766269280339,5803.40560924037,5864.853226410892,5944.532161924841,6020.443870050948,6083.13272026102,6195.72109024284,6254.717704858772,6342.977874241358,6437.41652881342,6553.91151477528,6617.399033576808,6716.871649560274,6825.630995570051,6850.4815494297045,7016.714113229866,7099.477402888777,7162.263836670794,7344.659921135349,7437.920820642612,7550.426096002098
experiment_409,4373.102774554884,4372.21737826788,4278.726110284983,4349.655157427902,4144.8800961987035,5225.415453715431,5272.593044196678,5265.9601882530515,5417.717620533769,5472.533907679347,5505.580245411635,5604.526666026765,5666.023846931423,5741.367412114924,5862.319729524554,5966.717449670983,6073.605470917346,6221.287387687215,6355.186797948558,6566.908237190067,6704.307563477079,6896.880716625477,7021.500464600714,7249.356491234448,7559.31859284667,7775.703540738576,8033.66362261572,8311.539961232787,8615.482161078653,8936.11012491426,9304.588022911123,9628.737264671609
experiment_410,4373.102774554884,4359.525065782769,4324.354234225916,4326.211096160405,4191.3289632816195,5215.718231654622,5245.677265146991,5280.255614966534,5415.9391718260795,5456.170811807346,5563.406224923145,5611.083119662939,5705.520595002103,5811.295754269897,5922.186100472745,6031.993892675264,6206.269443670917,6340.474706231549,6455.373748592206,6646.245095067034,6866.084352651045,7090.380111897508,7275.2667106164645,7477.553102438491,7715.776671902738,7933.5510558018705,8183.435642887499,8456.94118182143,8766.93130539506,9082.855925340744,9443.861805519633,9825.068572458571
experiment_411,4373.102774554884,4481.706064241282,4586.554541623136,4591.1469807215435,4444.480733225921,5823.684745696979,5947.377798531897,6048.737252382807,6339.551876943465,6387.152878483832,6499.389672681767,6607.542944422811,6695.673524700588,6816.519520222033,6909.81368549916,6994.296127104474,7132.356698734,7217.304659581362,7304.651110867966,7355.071415419097,7461.164410440615,7605.495618381113,7710.14989382213,7799.8416681112885,7877.612852123648,7971.710724892066,8067.478419116927,8131.647292460574,8267.967990384703,8325.358120379056,8423.980588822615,8482.628788507893
experiment_412,4373.102774554884,4375.871936118379,4373.320940091476,4375.720446554606,4221.464453354499,5087.241376255463,5079.759353391226,5047.208522498429,5150.353507228605,5115.6636644333375,5100.671517198075,5089.561880939831,5081.889316797899,5101.813923527526,5078.633666900257,5092.265494849046,5088.606544792586,5112.064240868246,5100.786847995862,5138.014620378507,5160.347124766701,5158.090937711851,5225.558548370074,5268.839613343796,5322.775172511493,5354.488810256236,5439.658953247677,5515.581593526404,5608.774647009117,5717.72216761656,5841.414177353694,5975.512029499995
experiment_413,4373.102774554884,4334.890646936479,4298.775747762546,4274.906648737761,4106.055355344211,4966.103894807958,4959.807353888101,4926.075795810042,4972.281279852426,4976.41972584057,4982.299327345025,5008.386422379134,5023.690903793841,5042.750410042383,5079.712335125044,5099.497281760825,5162.5337966610805,5216.629563458426,5286.967423314778,5369.352359911546,5456.713488761816,5558.388135139579,5671.73899118531,5800.848510410724,5928.165647362489,6077.741614219265,6296.53974553805,6448.139691800954,6697.511286182292,6900.921377225263,7171.247512093389,7364.915345055704
experiment_414,4373.102774554884,4442.033990528286,4507.178558640492,4579.649589719318,4301.441074068722,5584.148959202166,5699.725473057516,5760.253800734448,5969.567216056394,6061.533021820105,6111.304947351327,6176.6942318099245,6239.898669162634,6310.874141192238,6373.619835110036,6416.685525215607,6461.953699296197,6516.242915303275,6537.803097620137,6607.058687322812,6636.479186255534,6684.273258771997,6716.549876699724,6749.753971331531,6779.500791530858,6797.426771708069,6828.194541442791,6848.661226395723,6883.172713330397,6881.29621891273,6898.685610906319,6939.053640638399
experiment_415,4373.102774554884,4431.374262606609,4480.808575480449,4532.675945137973,4341.35523333507,5472.835614060688,5484.427916625176,5543.808581819945,5699.472136692848,5704.935045172859,5728.337747889392,5766.955231481527,5802.906251727895,5837.789057028458,5859.15821823353,5884.928347704281,5916.660417038924,5952.595401441846,5941.521349281306,5940.812563777015,5980.64585595364,5982.709345312629,6005.427092422666,6013.802123776233,6006.609869854474,6031.187927941051,6011.278281878729,6030.046635631081,6052.836834086691,6031.0208077750485,6046.720424203553,6026.988035681334
experiment_416,4373.102774554884,4378.083594034727,4375.580623934569,4385.777976984888,4251.200081744288,5169.226269717902,5179.520166414683,5245.505728797821,5328.121994012947,5340.139730166406,5405.479469560969,5453.62576755599,5485.866818374855,5538.308814235295,5594.826772517952,5645.349776353993,5751.316661218828,5815.250996147672,5884.838462446133,5958.725532783597,6058.51292277251,6185.142171690615,6277.541304540857,6394.423514429196,6546.207092921373,6679.361230063838,6811.0585133738805,6969.121381359164,7091.829121282608,7242.950071485657,7408.569701046135,7578.170299727127
experiment_417,4373.102774554884,4364.987605136248,4257.23860835283,4272.111679006065,4148.674954155,5301.833384664524,5382.533451161532,5411.403511055072,5599.377299133881,5726.394962472708,5825.509165093083,5959.594928970153,6103.586789487933,6252.472712381192,6403.083604050469,6597.60536197108,6767.4640921975715,6986.1382488965755,7179.178454626967,7420.783160064961,7626.428901242814,7850.979165536561,8164.907406480934,8410.726110107616,8739.747429359224,9024.711227976755,9382.70026086787,9653.981040988387,10016.472573983956,10362.678495105172,10755.330438387275,11209.472639529464
experiment_418,4373.102774554884,4487.46918398351,4590.2748573964145,4501.272959614742,4451.448661869384,5760.871824948617,5896.062033131628,5974.527044343776,6209.286457170691,6280.669814818049,6351.851703575678,6462.018239258362,6552.170692280995,6579.976614808387,6657.857358638503,6706.809238117123,6823.774583223212,6879.702156628533,6952.046759066869,6981.871724736586,7047.982399310238,7108.341452678242,7154.854047334971,7184.216571890362,7216.482685722178,7264.06500266323,7289.702062186758,7302.572462865221,7389.966722125957,7438.191293292374,7452.657686655885,7497.294186028825
experiment_419,4373.102774554884,4374.125957838003,4241.622518782496,4248.020807394987,4084.08310906678,5325.716402869121,5333.196279544679,5348.39862259516,5472.784547959419,5518.5251137317355,5582.16101215179,5612.120060180935,5651.290913116138,5724.728608396139,5778.22690203994,5867.415137829621,5940.596709839067,6015.855502441153,6094.585430067233,6198.455145124488,6271.816858808684,6376.1960488409995,6501.0269309381,6597.778298594565,6724.029595402982,6837.904750448031,6944.8444215796535,7078.659940245792,7180.7709204798175,7325.728946908269,7459.414012301253,7607.7201124403055
experiment_420,4373.102774554884,4362.821459063519,4349.169337405639,4351.519077507656,4225.856173998805,5225.513134650397,5258.159096947685,5302.83792361626,5466.923267962161,5501.8103958495,5578.592593568832,5667.547368349642,5745.207472920951,5835.110970207826,5977.300769663869,6093.415365014747,6190.796171003929,6338.662796410379,6503.290996724568,6640.417017575395,6809.65288273356,6968.116217582563,7154.9648741409965,7295.684146529527,7499.952332798823,7693.7874158025725,7919.661792382389,8155.396916256277,8333.701275859374,8567.375509772677,8814.763613541734,9092.575451466291
experiment_421,4373.102774554884,4424.193770415637,4465.913636026651,4511.670549903289,4409.311243907336,5374.976608729414,5466.273981472927,5486.488329411801,5642.398682283954,5706.1650795250935,5736.683114295825,5780.401521589989,5808.685559059375,5883.980706835919,5927.702715487001,5987.938527507985,6027.1036067652885,6084.798725833178,6145.479295765119,6192.036500246879,6261.348731094906,6329.719595260723,6400.531956296763,6460.794465664096,6533.65222221198,6612.988704457574,6694.749719230702,6677.521398806934,6817.035995231698,6897.269482697708,6973.914197820452,7023.392043658483
experiment_422,4373.102774554884,4368.579057482576,4229.104369820944,4231.438367615813,4067.8135488950124,5301.119765333896,5313.110847435492,5316.3084977402295,5434.995120912895,5455.826296353192,5514.068498904418,5550.110683772679,5605.239862558063,5675.247952635775,5744.424268561779,5809.548654574755,5900.706429460633,5970.155625913207,6044.237684317412,6164.135947023236,6239.367094327838,6352.088851856606,6447.433695097554,6589.169343425094,6682.716632526347,6796.712410589023,6947.675249684605,7101.390942722788,7206.203342219151,7368.441355480958,7564.774012813908,7732.035492917639
experiment_423,4373.102774554884,4372.442474611162,4227.448065120859,4233.440442184311,4112.746396004933,5257.3602604569805,5282.289911587571,5306.900880419197,5456.62825500645,5467.508981464661,5514.381945934094,5547.222982042826,5596.358964320047,5665.2607137262685,5706.836848874538,5784.27370680429,5841.889677990731,5909.727050646099,5974.462897280506,6081.304726822204,6165.736053417091,6254.231413435321,6357.469091117938,6469.440360237915,6572.621010032796,6703.696550022578,6817.619830455053,6910.737363505269,7047.972152860113,7195.012655421305,7340.4114324153925,7433.770720856261
experiment_424,4373.102774554884,4365.653932474335,4275.785631114674,4276.032351941554,4123.554725684366,5194.016772245472,5168.304147694592,5185.01970412272,5307.959138005698,5357.768425885577,5403.248782697863,5420.752444822328,5466.551249624035,5536.462969990664,5591.919200634658,5672.230487814355,5732.902021018239,5820.208115079221,5930.878365140275,5992.695999423184,6131.472400356363,6220.156517530053,6350.829909432392,6442.074922002804,6576.4259743075745,6740.81437026064,6860.361435506694,6968.112889827124,7107.214492571491,7301.857946469519,7454.442377866926,7618.859716524831
experiment_425,4373.102774554884,4496.389318005029,4596.261633903319,4522.364220252577,4474.164044787427,5741.152560697374,5836.072173613142,5932.761336871819,6232.4407337290795,6331.324904061541,6375.80328637248,6536.506863747289,6618.186631936776,6706.504695965126,6805.6432622568345,6913.453544688147,6979.535378455805,7044.493543414526,7107.990994982118,7215.760446689995,7316.597781965844,7377.041541091177,7427.377125446086,7505.856194208633,7561.402960235273,7633.121035105373,7704.277043128934,7783.375487042605,7820.654019073054,7870.350011952427,7952.07375868077,7977.895955060625
experiment_426,4373.102774554884,4418.417949966423,4456.908963409066,4496.083133260476,4381.635330644051,5474.2159754978675,5489.202883147445,5496.5215508127085,5626.3248955157305,5628.217925531415,5621.154235771052,5622.072266108609,5650.717104212982,5638.393643355046,5630.696896159216,5630.711760962016,5606.851676786282,5589.323432613644,5560.204022964392,5531.98310158188,5507.195695456803,5441.965750957646,5395.4564944693475,5343.938294596906,5300.191377299189,5240.2196967111695,5210.474719832258,5119.74074379268,5016.69242132193,4937.475867232362,4868.061654537209,4781.530614192838
experiment_427,4373.102774554884,4435.492924794771,4494.380392350795,4562.007559134467,4287.461731767542,5648.038910505529,5745.931508649259,5788.420493403906,6061.131719480951,6116.507075709832,6171.770107950719,6238.850701267737,6326.925880821193,6393.0052253387985,6465.657296178173,6552.134421774587,6614.482667498718,6678.440810670034,6734.798314949226,6799.406510548607,6864.572370895323,6928.280493557686,6982.110150629743,7048.930218067036,7092.269806146627,7198.9899001049325,7247.764616738457,7301.251034269561,7364.296965070946,7413.954519498354,7456.7391221426515,7535.904704954397
experiment_428,4373.102774554884,4414.598730152543,4451.5813740510885,4492.949928994077,4396.917141800945,5446.090989570814,5472.75645650355,5546.782941008245,5745.712710855358,5824.516939004028,5893.418507857876,5989.260247827314,6038.917901958477,6166.217203644615,6269.5273423243525,6375.538210057792,6498.760930203078,6636.664618444301,6780.483737290727,6879.33172610701,7073.014819966344,7208.874779752419,7413.539987022832,7600.620199355655,7755.527732091215,8017.438504668595,8212.01664648805,8408.683844145677,8648.504647203677,8915.984574489356,9177.072216919387,9449.941428326489
experiment_429,4373.102774554884,4412.335327447996,4451.176579123034,4494.122067671517,4392.106866994748,5485.152391582655,5512.573133650518,5596.432181595243,5815.494054523826,5882.834513007917,5935.252244484116,6027.0758744854875,6132.103169023121,6208.7707181192445,6304.8729946917265,6382.586388125746,6500.045090855924,6614.342440436138,6701.31406978659,6823.600634963093,6932.538737229855,7060.449353458413,7186.827960328605,7336.458772205269,7471.983943819335,7616.591973416806,7777.018516388397,7943.4277645999055,8106.837209082087,8306.992926355433,8475.528367275023,8651.027886914315
experiment_430,4373.102774554884,4337.064922363755,4282.968989985562,4266.447695117966,4115.543559112439,5064.956884275583,5080.327629326355,5100.698224660242,5220.565128982996,5265.14159704391,5322.235597987794,5403.878279644918,5447.63427940565,5542.673220632762,5645.0733150441465,5770.504836020573,5920.884242881253,6037.662413634465,6205.832901176966,6379.081653304263,6560.589780494711,6697.35319215071,6905.8441904890415,7102.040037423723,7335.054393319135,7589.9448636041725,7849.753029859114,8147.687356598851,8389.36759717497,8717.733630312036,9111.222543384574,9479.179082010647
experiment_431,4373.102774554884,4181.164243320764,4122.503104417894,4106.022722981689,3902.2817525105606,5002.866854069268,4958.669231679751,4918.634333070406,4967.629100145608,4973.384520359057,4980.918581051082,4998.903661368128,5007.936838359797,5055.686244878014,5080.298556933742,5171.32632299567,5227.543948998182,5290.775583797351,5359.598680247906,5464.451265881151,5539.736192374373,5649.587680195643,5788.057315248263,5921.939234391384,6073.026450042469,6201.154042808843,6370.141458945475,6543.989845301789,6711.446829364539,6886.242924098951,7108.933066638765,7279.262884623655
experiment_432,4373.102774554884,4413.592497350011,4445.410936862969,4483.5691832460725,4369.479288495237,5343.670013890724,5386.502639945799,5419.579096540452,5564.526512708198,5616.291617231446,5674.757436919579,5714.566636520633,5774.196820319103,5833.074791765439,5916.3671919208755,5981.448236095146,6047.94764816448,6130.22144334433,6215.949846790786,6316.666542778206,6416.088062975277,6501.197788293488,6636.165767505961,6750.398599919155,6881.161444923699,6982.0077114700125,7098.632576376856,7242.911029027464,7381.138041892884,7530.860605302734,7683.678420150269,7884.296255419049
experiment_433,4373.102774554884,4426.232249181544,4471.680016018188,4521.395314985981,4334.350840909496,5475.800722106298,5543.340862483948,5589.045566265326,5754.606162503057,5793.672249747765,5839.844642726852,5899.208954252763,5947.751333600334,5987.780372007628,6020.057190222264,6069.0956944149975,6084.857100663667,6121.208437532043,6162.185362850558,6202.477658975826,6218.043298832683,6273.39715192366,6279.660737100963,6306.332993017807,6332.459072281625,6339.485229625518,6397.879588117472,6414.439820677346,6432.307197078968,6477.695533509725,6489.561755975903,6518.003653870078
experiment_434,4373.102774554884,4375.199470648915,4364.904012950813,4363.929990670435,4220.250428824007,5110.437091190677,5139.908286888925,5124.965441397364,5185.983288873405,5175.788493051744,5198.7298091650555,5211.490476620151,5227.769138484355,5228.360842715025,5286.72270821963,5316.611672771793,5346.169066957492,5360.529436337638,5415.403457826391,5517.422393536018,5557.362109353027,5641.140890052488,5741.741536360156,5833.662380274862,5951.93670387641,6071.334074699358,6173.250719993857,6346.706638395892,6477.731666058076,6636.917992318678,6810.919978014415,6979.3618590026235
experiment_435,4373.102774554884,4329.00704265184,4297.091788700733,4277.862494282427,4129.544464464769,5007.657961799172,5021.672855583685,5038.004173950681,5212.402414503166,5253.267491148018,5335.313497716653,5408.436752163776,5508.4220835653905,5615.415028325273,5743.709462723186,5892.812698741931,6055.159154415252,6234.006467564202,6440.79224345684,6622.970858808317,6834.973596234535,7012.859095023788,7337.943901075525,7569.618881675972,7867.044915050548,8183.732955124885,8503.549315016784,8845.163775145966,9179.280033543022,9568.228659598011,9956.002119782725,10354.53331518811
experiment_436,4373.102774554884,4382.252721368254,4391.021822741429,4406.383356918192,4287.47710728685,5338.81929005413,5395.177583641775,5469.669082477839,5646.38743297212,5726.627087883959,5803.048125740812,5896.318902761277,5995.683792002788,6089.985525696804,6180.589775019416,6326.62910083053,6421.045083829139,6568.313501530572,6684.530712689168,6818.3381488831665,6975.340244022507,7139.509859404703,7273.603395053117,7455.118509213532,7623.275901092784,7799.201639508075,7964.977381090012,8096.417823310928,8351.424057476052,8491.719777797922,8680.838185585053,8875.361267298202
experiment_437,4373.102774554884,4412.870360702247,4437.669763281256,4477.943459309547,4366.699584619029,5427.082634600173,5493.213645123733,5529.113139028153,5704.05859741665,5772.893363355228,5824.420257857353,5909.149452011108,5969.4483206783625,6069.8650918698895,6143.223581039354,6218.323324269566,6300.494200648385,6379.21088617481,6415.383601019811,6520.596470857179,6586.808139405435,6659.6858962167535,6727.097669740869,6775.7659164925,6913.567645562055,6992.302015671388,7051.287122496178,7152.328648295312,7244.257674696881,7326.568085924241,7417.178996157958,7495.044613309034
experiment_438,4373.102774554884,4447.924754748217,4517.495438644134,4592.817087654381,4312.79389200147,5635.176067669814,5704.117576244404,5774.3130271223035,6006.952463342874,6100.640034533319,6163.447062678451,6268.563725743789,6328.221500479174,6422.182437399339,6465.007955313171,6540.937669737494,6641.449230849042,6708.648457584242,6809.356172042434,6853.386551379144,6935.741859914753,7027.270027996468,7039.4075582466785,7143.190379315141,7281.355354763104,7362.106691529274,7468.098422383888,7498.1737845939115,7625.321933726576,7721.430478871664,7798.217553402736,7906.003509254135
experiment_439,4373.102774554884,4224.378688300287,4149.025478284841,4115.786470523975,3940.7646536676466,4940.409731470856,4919.031428724385,4883.891507409361,4957.1898855790005,5010.979568233974,5029.960563388967,5064.154582732944,5059.088981917318,5157.393301631528,5200.5699528515515,5303.152793095509,5372.44354867689,5490.62969964795,5604.118740605745,5770.254773248909,5918.299710058385,6078.825132900104,6253.1340662038,6470.27301040686,6672.298503965834,6853.390282584811,7129.811136001943,7360.915926687847,7607.616061377493,7905.896625082489,8191.378998693637,8560.052798934557
experiment_440,4373.102774554884,4383.156547715831,4393.733941872175,4415.225433425875,4293.035024954233,5252.725603195164,5319.841715167828,5397.34290582564,5515.535965632633,5594.136462760195,5684.016702074508,5771.049470427824,5886.374133857489,5982.441312512554,6122.201383446516,6259.428470920892,6398.694866405091,6569.690013657538,6737.138763152154,6926.3582192605045,7140.2496610009,7309.31024767051,7536.621989026048,7715.425857899392,7926.767294858097,8143.433941502914,8417.029227367655,8658.848235752419,8946.433536905663,9273.308389402442,9579.471803463455,9927.768988872656
experiment_441,4373.102774554884,4445.949133259264,4509.937414452902,4585.324942851551,4417.194121422333,5513.318334681971,5617.2582422569885,5697.307479057894,5926.91776794762,5992.612735137988,6099.843056221058,6193.959249641286,6303.861598762864,6407.406826424243,6527.811280998741,6644.131425844662,6748.6894364025175,6896.4109682770595,7000.787044291204,7176.137726784278,7295.580570556252,7401.808386350256,7546.389175899051,7713.083408870844,7860.815886400826,8015.895747144209,8177.487249985501,8351.989186173972,8548.5765510601,8728.981583565834,8935.812297547525,9155.170181960344
experiment_442,4373.102774554884,4414.7418046473995,4455.315043508035,4497.481620632587,4401.462102883719,5459.613883969397,5487.587014017164,5565.738745070741,5787.858885189261,5819.236859571278,5906.771357423095,5975.227169221009,6064.937244446905,6147.943272415097,6234.095133129669,6317.89609978573,6405.464281758368,6511.747393654659,6628.9429362230185,6745.66167305328,6837.574156762823,6954.002570966395,7066.009685790514,7196.943121691771,7379.019679479336,7480.75131583529,7665.337601896599,7771.735214791948,7950.025320608011,8171.710685997401,8294.014422604896,8532.207022951094
experiment_443,4373.102774554884,4363.1471050344,4210.553106411147,4201.031162243138,4063.3156464386793,5203.964497110958,5185.056538158973,5171.585070043802,5236.5780163011805,5242.6365351368595,5247.457538833113,5244.992188464675,5266.075556614095,5315.532269899981,5371.649970113819,5430.696244764757,5456.371119872238,5542.264779209879,5614.805937864637,5716.472631221564,5795.929711259347,5887.252213847634,6038.879339200864,6154.550137612545,6286.85553494581,6436.710549340758,6569.078012058166,6719.989696953588,6871.701892312798,7020.75224911524,7227.12349461202,7427.701718387455
experiment_444,4373.102774554884,4168.821422149791,4086.263085166539,4024.9041440601245,3837.4563639397497,4936.664624700912,4890.727241849552,4859.654420819043,4909.0590864044825,4910.413841701129,4925.574739678204,4927.951575850113,4958.295638448177,5026.43615085858,5085.537480354103,5173.759218666443,5261.36887850667,5377.210560130688,5492.560786763846,5631.894061025174,5759.710490489034,5959.574431680845,6157.841678750758,6367.19225989894,6539.907116404829,6814.678650209005,7039.24148269664,7291.4509662815935,7521.088332817012,7801.618999015681,8118.696635509199,8366.090225718264
experiment_445,4373.102774554884,4469.532653574299,4548.420836725234,4542.448946553071,4380.109252753819,5587.819087067023,5679.410736094091,5738.863625641796,5950.9920929462605,6038.311225820184,6117.602481924254,6211.200369881741,6273.57651786838,6377.956036979085,6482.70226786001,6544.447421631361,6638.561419466788,6721.696792636067,6805.275637928135,6898.908765014183,6976.947357310562,7039.919413638834,7129.146401763484,7206.566662144391,7314.337061573107,7388.873079382969,7458.911824464362,7542.227218065739,7640.804977086077,7723.3833261980035,7769.225540805082,7883.051655068946
experiment_446,4373.102774554884,4353.448819866362,4222.0142185188415,4208.767797910106,4049.7731802635644,5140.90095602906,5150.650307081743,5145.218833438639,5224.717076620973,5239.509508184752,5278.787176487508,5303.993133312005,5336.887986700041,5355.699062858707,5446.709051446519,5509.591083790197,5554.54179452841,5641.304716736549,5737.117437849884,5852.987354760182,5982.18563988705,6092.753803163616,6188.008130598711,6356.57634504889,6496.975633301258,6677.100059573944,6835.12665318064,6959.525766721345,7186.619885256249,7388.180977810318,7625.510528088769,7793.435516969625
experiment_447,4373.102774554884,4401.2022320679625,4420.796437539049,4456.18483740245,4338.3584652739955,5293.200207296317,5355.30060521942,5399.401998745917,5596.1427398597625,5638.151667058468,5743.766828810595,5829.027011345224,5923.795930805865,6042.566115756618,6130.182932129348,6245.461104669845,6380.362591307984,6516.706092925877,6655.833368583525,6794.607395327583,6903.379392199127,7070.4707805181315,7213.277247524595,7403.787767674749,7571.05009491586,7746.163055548635,7956.47190191506,8171.333637944436,8346.462808613767,8530.571047342042,8785.416689530175,9068.583300493212
experiment_448,4373.102774554884,4376.6060154508195,4369.420198379224,4374.021439382805,4237.9246447364785,5233.387661178349,5242.479911770861,5238.183062611397,5340.688637765333,5328.244327095832,5362.0907356572825,5367.540387088504,5402.678780669259,5404.533414160816,5404.502226102853,5446.396722204076,5484.029699126813,5524.146319878628,5548.704504324425,5568.359529903426,5619.095381796193,5604.311435776907,5680.198592375619,5726.550954767652,5751.402866583718,5806.797239690327,5847.759404644781,5892.9804721400615,5932.501639489768,5972.391671449495,6031.106201580056,6096.321631910898
experiment_449,4373.102774554884,4363.146332627368,4216.618365524553,4211.501038785041,4080.6538172324513,5246.721706389472,5236.933275230393,5229.181674122921,5337.080212339506,5372.601039069506,5410.135792758772,5427.040059713705,5447.744348548658,5482.420897197836,5495.84815871586,5574.719350501158,5627.727718476029,5671.8687433833165,5741.39499774077,5787.938028560547,5861.565950704618,5946.346488292462,6027.764786100796,6097.587320772469,6208.809587430891,6324.295665604446,6410.376979006469,6590.794608283514,6701.898611758081,6828.793025139355,6941.991913215814,7079.775733345881
experiment_450,4373.102774554884,4404.136566180988,4433.225277425906,4467.66623579767,4350.584139576513,5443.878307115386,5427.5237426492695,5460.613256775152,5638.71942238136,5662.919265421782,5729.781946849949,5784.001099111501,5815.779638912289,5842.584238156171,5888.82351331506,5928.483676548742,5959.878383290009,5991.755725607061,6034.215690211058,6083.002916818561,6123.090647772594,6156.996242027106,6187.012757347655,6224.189174634234,6260.3295753669045,6299.688469113051,6349.33969181872,6357.845593718972,6413.6730509398685,6424.872189036049,6458.2193953775,6486.227080118728
experiment_451,4373.102774554884,4392.832506852213,4404.839746486561,4427.772088430606,4298.9816120023115,5379.32588724304,5407.218061982702,5426.217663238656,5506.327053040041,5504.788270786588,5515.588091654622,5510.812376410432,5567.794709171296,5583.578521942234,5591.7194941937505,5637.220309088538,5643.449913875639,5661.256436879559,5682.010623296353,5757.473079527344,5751.962141176418,5787.787072312417,5844.514667434089,5898.369379271731,5937.908822780046,6024.431974630708,6056.178103373923,6120.788964168254,6200.9004779581965,6260.8693417434915,6313.467332716797,6403.653351668543
experiment_452,4373.102774554884,4370.720543749562,4229.254593293686,4235.247256787168,4130.526879973092,5277.972001848326,5337.782138916737,5357.406604608169,5480.643149213566,5532.157932779448,5571.879617527988,5655.824955540078,5704.625137131434,5816.209168754887,5874.8232677682245,5944.580237912978,6041.427993897798,6108.316021087037,6229.664084550703,6315.960074859974,6421.9279319254765,6522.777772470055,6661.039579850922,6812.069751158155,6936.06131811045,7101.626670706512,7234.209851090351,7402.728138136862,7574.476704183548,7736.378690304498,7909.104385427739,8083.627017033023
experiment_453,4373.102774554884,4445.075789730015,4500.437155571023,4561.482806164462,4360.332024393339,5487.766422770346,5517.950825343179,5559.926746454254,5691.231447623238,5702.21566924632,5699.0740420004995,5737.1398790297335,5722.077762669876,5692.156836869093,5666.04775607559,5629.5600104977075,5622.876015227763,5563.37896723737,5494.729416735254,5483.144811388955,5383.675805134298,5331.561786271333,5265.66560601313,5182.972597984895,5088.729618997882,5040.370704949672,4958.669711425335,4887.231731529322,4797.0667064868885,4730.479639596069,4653.784977532485,4529.016810931665
experiment_454,4373.102774554884,4339.956348653585,4222.97055232511,4190.437939514293,4036.7951154493026,5047.70244639102,5078.890404380438,5111.17288809436,5190.29567924517,5202.2518021336,5230.915448038526,5305.840636511928,5328.169355398281,5381.2580446950105,5488.631165619955,5571.008158991517,5623.230238383505,5759.985111262071,5857.459978784501,5972.674373357468,6120.124431142097,6247.592288253978,6439.6948576592895,6598.460545741142,6798.449856915176,6996.991662331718,7175.952959286882,7370.898834727301,7586.424403502635,7843.95971341115,8037.486603674907,8306.74518008226
experiment_455,4373.102774554884,4389.787876638548,4395.400173346574,4397.436392500285,4258.200094642134,5355.828091479083,5335.069910255968,5340.177889399099,5458.404911679734,5436.796080262471,5444.873568933543,5462.695271056002,5467.320786672783,5433.010963430648,5448.046472841166,5451.265881393048,5442.1903073812655,5437.297797387571,5451.938964302419,5460.856388388208,5477.500136427457,5487.287873413294,5491.119889453067,5473.485549338287,5496.84906768651,5515.496828914817,5524.49817819572,5522.322402845093,5535.461064547711,5559.472484806844,5549.694214890546,5565.4037340241985
experiment_456,4373.102774554884,4355.8016532903775,4309.412760044825,4315.299191380311,4170.5501704934695,5122.287945193104,5136.900343026737,5136.210774198836,5273.066847487264,5250.4574149163645,5301.352114621983,5348.397878715854,5393.132232085999,5421.540294306171,5495.183364193918,5597.437792014871,5642.215140508726,5752.952918032324,5850.183444559803,5938.123682419902,6078.906666811592,6189.766421833276,6317.494175676726,6474.92767622914,6619.472600527484,6832.316744926001,6958.587099756469,7170.825278623288,7363.634475975824,7579.99913209422,7734.959406753607,7964.620768807425
experiment_457,4373.102774554884,4401.635427702466,4419.164059859945,4453.658632187216,4334.442074437946,5309.825571022962,5386.913914600338,5424.930951447539,5609.702928735322,5666.316711814696,5729.163273170747,5799.374369829686,5861.209662278034,5968.330487339588,6030.074717701538,6106.886755657075,6220.102617475412,6318.63429033385,6436.145940595923,6560.567261977301,6685.779198722631,6797.423833113808,6904.9402282810715,7063.888283705804,7192.388235589288,7297.056370883189,7503.10456411907,7672.968261329564,7885.081826007508,8039.139387922981,8198.956847648831,8395.660988902173
experiment_458,4373.102774554884,4361.187892559594,4344.559208935065,4335.814699025493,4179.946574383843,5020.849907449221,5069.392667191329,5038.204239453159,5130.732235386677,5152.257345539345,5138.112034374038,5165.402144977001,5200.093541402136,5226.55413155565,5245.574332903926,5264.375847628836,5303.487478297513,5338.767582111196,5377.1381048630465,5414.04128281038,5452.851231981847,5522.745314070032,5591.097165242278,5659.588891431999,5711.5391653881325,5792.856465102912,5865.734184706042,5958.892733498725,6034.763038119618,6136.784438001423,6228.775255917286,6340.997199540789
experiment_459,4373.102774554884,4399.240969805711,4415.9100946481785,4434.3567418218545,4309.269963295468,5304.078797658301,5342.203779199046,5362.479940882157,5505.634878103488,5534.890642252987,5549.885033574956,5607.017032079149,5645.1922664514295,5662.351452030876,5709.939592570305,5720.457013193893,5775.990223301207,5825.053222627017,5864.437704229907,5892.837646334189,5924.120872761408,5962.011478910441,6006.157256863153,6063.334196473606,6093.923045776777,6175.870744995535,6225.801550606008,6262.768917179243,6302.636154074677,6366.014584514327,6436.5829348245325,6500.6836783213585
experiment_460,4373.102774554884,4385.142052626659,4387.041322413592,4391.40113172385,4237.277813260508,5130.456006844705,5140.162136812946,5129.995334244497,5215.548825479934,5197.502889252947,5204.159475626366,5208.686720757994,5221.949092247969,5256.604090179311,5256.720785936381,5306.647977083088,5331.93287043674,5349.847758059097,5406.359665361766,5454.568993857376,5533.660936682187,5570.042734581034,5646.7589148560455,5761.340351004845,5813.488522577458,5925.735394323119,5998.5006368226095,6131.720599726494,6202.268714350654,6294.4648325217995,6411.18399124863,6540.103044813799
experiment_461,4373.102774554884,4221.987090469831,4057.387567927016,3968.9742109120834,3764.771597534161,4624.989510394866,4552.40174568933,4504.654539882964,4553.733587371133,4546.764435663648,4549.137069394816,4560.089639110606,4587.439851014853,4635.359007467528,4699.436071944401,4739.8275311516245,4844.71046319429,4972.591321506129,5119.006350731198,5277.743025441022,5447.300570855923,5645.468552224067,5892.146786264373,6162.579803879734,6465.027693260994,6769.054082570532,7103.462487667526,7453.458826697575,7830.935814571707,8263.092471114274,8716.864562255976,9191.345774331723
experiment_462,4373.102774554884,4378.4526909904325,4377.063248674631,4389.638842480075,4254.235882728652,5207.841724913867,5246.813763539072,5252.951490110256,5331.097678263586,5390.898813022526,5412.381209895155,5464.560724152821,5471.24411839148,5524.121264646237,5587.679898495884,5628.8384403190985,5687.715530186628,5732.917951510604,5797.068914311527,5862.867201750645,5947.526014065099,6000.29904422507,6080.1263022262865,6177.555995752105,6263.061289148296,6346.606959771011,6467.6514344119805,6553.440833231194,6658.372745348845,6795.489677113864,6896.850004033972,7068.032515809282
experiment_463,4373.102774554884,4220.8416439359025,4181.185743731355,4163.309265662943,4010.9072602445467,5159.027631569101,5157.8386394680965,5190.610716916553,5283.139581508429,5291.286116230168,5330.06225648536,5394.263856123878,5419.98565137544,5509.8404520582535,5574.008588539289,5682.093436013138,5767.108153760193,5883.031525059154,6025.135748831781,6123.258600001676,6266.611109810836,6453.6323194573615,6590.701977176923,6774.2084590964005,6924.007318698168,7121.10973505284,7341.00306046691,7549.513951693427,7762.264951904523,7987.02363207067,8211.669315732031,8478.650728943183
experiment_464,4373.102774554884,4385.775881004765,4386.933007419729,4391.033296767336,4255.530234148983,5175.941924786876,5183.046565421996,5162.054217059696,5302.616272321408,5253.663308958303,5255.955781280363,5269.997013601659,5317.238435528082,5322.1057069598855,5350.975672168341,5366.503651296516,5402.425942140083,5460.499667435678,5487.926692281922,5525.083328545153,5597.834658054107,5652.747856616701,5710.667040688617,5802.750591659722,5888.191717883106,5942.044127757841,6066.916293063223,6198.790593351504,6288.9164711949,6392.674007496671,6519.271958245249,6641.342611851814
experiment_465,4373.102774554884,4400.074549486162,4407.178468351649,4428.730596705742,4300.910637454373,5321.316929181797,5353.043887781053,5346.836034411401,5506.484938205336,5531.1024956656765,5527.72825413168,5574.272255078413,5612.84431797553,5632.228637567725,5651.720263460475,5698.673577091231,5723.468044963921,5758.941799852153,5763.738616060687,5811.853936043726,5862.7785546552095,5878.342556993737,5923.110859079901,5974.118084862559,6034.208841448128,6109.26766850664,6126.573056647059,6197.134829042895,6246.669461845988,6324.937274762293,6390.307634109675,6457.760743879318
experiment_466,4373.102774554884,4210.147864075234,4159.489379621778,4127.219355222292,3956.0072896514885,5020.132587310493,4962.518432471519,4963.712413185749,5091.231546106257,5077.306039651727,5088.180007433867,5123.418384564225,5181.769459990153,5243.0748682117855,5300.154212171433,5401.381788973914,5469.196463612564,5594.614281750597,5670.52009953545,5810.514385139011,5945.836609335107,6079.765289173511,6240.909957665568,6427.657778892113,6603.438404299762,6808.805082606503,6998.383197593712,7226.547757798232,7442.63295789306,7690.290182991133,7895.3417939665505,8177.643108710997
experiment_467,4373.102774554884,4391.443915372909,4399.187431734733,4410.749212793362,4281.667969708924,5257.892185802186,5294.633439591731,5325.09190847123,5411.170490204491,5455.62350114264,5472.748468572488,5538.24733418446,5559.890811680405,5628.164613419893,5657.899943623437,5696.763726225987,5765.216822147473,5834.851724528019,5889.715179810033,5970.240384400911,6053.125885559008,6125.090796549146,6238.045387770326,6326.304754182481,6449.604370001507,6543.739763715679,6657.188278172336,6724.406975132063,6875.019114030936,6956.097896111367,7118.105773602714,7208.039067294115
experiment_468,4373.102774554884,4416.504130377323,4464.95862114767,4516.178310147733,4328.8393694522265,5561.548217603981,5606.667312601181,5669.2162834145,5882.414846818185,5959.521184652014,6038.829710828266,6090.07935800407,6164.8366890200305,6288.492890422247,6331.308489731328,6498.391853447512,6555.112099616399,6652.532311646159,6750.360046143029,6849.331332112424,6971.361552549827,7083.412533010536,7191.60953382263,7309.0726242730325,7493.469857083276,7581.28708711624,7739.808775995075,7890.057457547866,7996.58758231213,8144.3254076934845,8299.020765229228,8448.366840201928
experiment_469,4373.102774554884,4422.388593164326,4462.414364914597,4501.615240515986,4299.604960818714,5446.65267034833,5492.735075413348,5512.751734873982,5632.416153255796,5671.978299730254,5694.641253364292,5732.710109878099,5730.284128398177,5769.3561854747,5805.763665528873,5819.4858112446245,5816.9153635126695,5873.914349332872,5932.711420075719,5977.329224960084,5997.40533363106,6054.8743181743575,6108.137380381941,6165.913011639643,6234.256518539169,6265.196769671633,6337.12991289805,6411.649417902889,6492.880770972963,6515.932160168618,6600.004041565638,6661.15426742986
experiment_470,4373.102774554884,4341.320096087422,4280.934643375268,4272.690591422499,4113.296851745679,4988.726980130065,5029.616301622949,5015.379061210981,5096.259233246327,5118.300206032129,5092.266534743733,5115.122243440155,5137.442756448357,5184.655343803919,5223.227221582267,5260.028403975841,5329.564925321898,5404.010404579089,5466.189697266935,5525.00698491003,5607.353370953557,5677.170226614404,5790.078506407721,5886.581399955783,5977.890824642776,6087.858532222468,6235.32366533284,6388.854539679524,6536.704876227805,6676.9480493802075,6833.290486941047,7045.139458376198
experiment_471,4373.102774554884,4412.33638099929,4456.649634090652,4499.971462975537,4314.638368225407,5531.710584959075,5573.050131324001,5673.392750071254,5850.187318359482,5936.881021226198,6018.045238927065,6056.30284993749,6183.09028037789,6261.4182848660585,6328.864513852431,6407.590772361835,6502.363454625787,6633.319941745444,6699.629910417465,6800.817719448439,6897.355671083258,6974.470778195484,7086.658719933321,7204.813238877588,7292.243664583528,7400.7183662805655,7534.832254177311,7650.561205721651,7766.19926913675,7840.158792670598,7961.535700639695,8068.940271973297
experiment_472,4373.102774554884,4380.656800198784,4376.622628113576,4373.570700090735,4247.0019727333965,5272.878052549011,5286.99244769277,5264.361632239167,5354.9553788398425,5373.798896217556,5386.384991463376,5403.6128392513065,5428.532023215694,5418.550379900584,5444.778886739834,5431.387370388478,5467.301515087071,5475.989380773062,5476.316569150422,5510.196650457341,5543.786944397803,5545.463340676746,5566.63009673831,5596.0285638856,5619.174779647328,5654.1560173327725,5692.198629354831,5708.583978270561,5722.8272266904205,5794.672718952491,5848.142741458812,5880.09801673065
experiment_473,4373.102774554884,4498.336905661236,4606.465541860539,4532.220647445658,4475.8564682819415,5780.734512816741,5853.228151079659,5961.410204331319,6232.400336978993,6314.329232500522,6390.1886091646265,6508.007129766272,6614.39102733141,6658.371366565965,6756.341386171151,6827.509000882738,6935.253162719275,7037.141084829518,7092.2961902873585,7142.095903126688,7237.547275275942,7326.338919852282,7371.9367759400775,7456.545526811197,7529.242050038704,7594.430413209007,7710.757215940009,7765.592026325614,7789.657866831292,7882.337835552895,7984.086645445618,8036.347737525637
experiment_474,4373.102774554884,4352.657094610173,4308.964904208095,4302.409654225935,4158.557473336833,5138.913333233685,5155.721814748704,5196.465644627949,5293.249975112765,5304.638768043298,5382.708410573336,5450.538439640581,5533.0155827141625,5639.749286387332,5753.140287645375,5882.6452216869675,6016.154346413219,6162.0324030815445,6352.63189760002,6556.633285196481,6753.978118843212,6975.612616550914,7202.6494727010795,7429.693995337475,7701.988175076062,7949.380556399964,8269.66554370055,8642.966449388903,8976.505311262013,9346.342940075061,9753.200382280198,10147.948177422697
experiment_475,4373.102774554884,4357.556404993156,4201.392378547951,4199.5821898596005,4046.906844474103,5181.543246747464,5160.545440069989,5171.199854735969,5195.065620698475,5192.8729647690325,5152.886225117625,5160.466076063303,5216.319146447893,5167.947114452232,5227.594312515527,5245.34593728522,5239.844394953896,5266.8877404873,5302.618762348908,5348.451387651545,5376.086907320998,5405.407361569073,5492.879031801143,5545.578985527782,5600.724092062415,5666.895454751275,5755.475488398777,5798.003882911282,5884.107229887215,5983.163196573685,6096.561531178061,6169.937176776558
experiment_476,4373.102774554884,4453.188056203719,4525.644560374216,4599.844290715224,4327.925597226827,5671.10913005279,5723.2773167365995,5785.7690825297195,5989.9659075705795,6033.353022103414,6086.3334152122525,6133.661660628823,6173.670896334639,6214.151674662542,6236.0233656855635,6280.543538648879,6292.971140476555,6308.072810288373,6329.765165955963,6358.192357523177,6367.8181920429,6352.934841809228,6365.977053107788,6349.030859028398,6361.138547303279,6346.269828435767,6355.271378261264,6350.100578957314,6330.717594256496,6295.595419392087,6292.654260963354,6256.64599352324
experiment_477,4373.102774554884,4422.291165683541,4475.196950148013,4535.72310822847,4365.085678628115,5550.945257521863,5650.875579357454,5733.029692669072,5932.262666036823,6091.984107531958,6183.903126625681,6313.37010054912,6428.145337439635,6507.996697742377,6667.343605859356,6791.376919120006,6916.781448283107,7075.730658670236,7235.862617977605,7437.217830649002,7572.6074999910625,7774.115361737966,7932.631284031942,8193.30457676125,8337.639359191218,8573.787594723364,8767.692081883968,8994.33939770733,9234.486553276669,9465.436253802005,9713.276442329528,9905.878964686599
experiment_478,4373.102774554884,4448.101610513,4514.683075191865,4590.300653226159,4337.586085391535,5591.592522776797,5667.809672117399,5814.965949234829,6022.778052954582,6127.409371697591,6251.3363803559205,6413.66125504517,6518.413328715185,6618.041268296118,6820.3121328043735,6943.527624988548,7059.875434287628,7239.296101885131,7406.599653005505,7586.673655580431,7775.016184468997,7972.540356043595,8178.557777355369,8402.420973530021,8637.963970053444,8851.402057350331,9137.992109559145,9406.934643390074,9722.64873172962,10027.892788212203,10336.446537055777,10606.896423198934
experiment_479,4373.102774554884,4408.739802812403,4433.819960641985,4475.713882108734,4369.847571452452,5473.28478515655,5543.886021581164,5590.592269262573,5808.045137123174,5886.1102444295775,6005.32192271426,6100.9406763291645,6218.313518486694,6314.2345846056705,6457.647195642139,6564.943430799563,6690.631018762575,6820.372854926571,6960.439466173082,7100.21304298301,7282.565422773825,7436.675693542886,7614.217829102492,7784.638285488569,7990.936451239496,8180.276475730463,8329.281161815412,8557.392002718298,8789.55049842456,9016.532272614244,9278.461895104338,9493.060020364395
experiment_480,4373.102774554884,4385.560680057064,4393.635861227716,4406.846997448922,4273.591224291968,5214.047809079454,5271.132876097917,5296.135163653654,5455.535613852959,5489.116060618404,5520.1520613672255,5584.4637610866575,5667.18839327541,5756.842482273687,5836.213157590854,5929.769650872255,6038.232662473418,6169.847634052306,6313.816393723799,6448.776409142658,6607.013056268135,6779.517640088278,6916.546324628645,7078.725575334791,7289.856062099001,7470.538275673447,7668.113266273804,7905.961057085567,8166.591219863363,8426.71717251953,8668.32912956474,8949.46346850663
experiment_481,4373.102774554884,4462.0408060812915,4539.973700636888,4530.708505522818,4365.084638838391,5629.878786616422,5703.186769959789,5821.5787703365295,6033.019103200591,6136.354405283815,6213.598905521871,6316.319091798004,6423.883540947232,6522.3896004887965,6616.534994423827,6729.071082969289,6823.913976853264,6909.647942153226,7010.645916868331,7091.546914129899,7208.593990924575,7297.299412426133,7382.807465827733,7489.701660583203,7616.813231927017,7724.33223018127,7812.260357948438,7923.102131219951,8043.04681629456,8118.04125717836,8244.189045373754,8370.724766627827
experiment_482,4373.102774554884,4365.347708926389,4335.886161834174,4330.669001076269,4195.456819149349,5184.384206096368,5237.749542258197,5217.252606829735,5358.53828143393,5403.325696162265,5439.779393388073,5486.190726034962,5544.861669006112,5627.706117043825,5696.599998471891,5782.771354461851,5853.821647242858,5972.819938075427,6078.376959617879,6194.783930311278,6331.6261831815655,6486.629122522605,6639.125608234428,6785.812987958019,6922.644787574282,7118.5916488235525,7291.7420817121565,7474.648560358385,7718.848808116185,8001.566110478065,8219.193246919933,8500.602815981265
experiment_483,4373.102774554884,4427.344189426049,4474.7026253995555,4522.538909849058,4326.321659048015,5415.3259325067775,5474.366900011981,5551.6770511935265,5731.868176239739,5786.107697834115,5841.65528554013,5940.535755978079,6005.418905071872,6075.83334662356,6195.757336607438,6300.216692258868,6409.2989827822275,6524.436889573786,6616.222822263947,6700.935593049105,6878.490241415784,7002.139507170144,7153.83900472447,7326.086804360662,7509.258154545261,7639.705284994694,7831.288130239425,8018.889825298438,8229.442397649906,8427.592599122629,8601.787030241121,8814.672419404165
experiment_484,4373.102774554884,4494.078749134422,4598.57075801286,4531.27951993193,4491.385490441136,5746.735514095337,5895.358370053993,6029.352026617193,6328.756388646703,6460.577113069513,6607.950555163701,6795.717743874604,6951.05525143832,7089.968939910313,7251.134126974396,7383.998264971656,7571.1034218427085,7682.029103608893,7877.555083312942,8122.552472670004,8236.611747516923,8425.884121187439,8653.132596034975,8869.258600366888,9095.418047107594,9312.706741206346,9528.859089999181,9765.63903323417,10002.3499355671,10244.37060233398,10506.693734696,10750.047715947545
experiment_485,4373.102774554884,4373.418056473252,4365.891796520342,4362.718861940137,4210.953580258635,5160.466662415997,5174.348682839132,5128.8635379643165,5205.613562217373,5150.250361924371,5153.47802025302,5141.516042926024,5118.264389785551,5112.712526598453,5099.331631770152,5064.625640394057,5039.667849370004,5019.910140793778,4994.345993376143,4969.648421746167,4930.739011935819,4910.355023964989,4901.81995147322,4863.678903642367,4846.082560957007,4825.983171806677,4796.411631713787,4755.370282455715,4770.003373291487,4750.37835819779,4739.096300564121,4717.4670800190415
experiment_486,4373.102774554884,4235.222721263317,4174.869612226807,4156.70233198279,3997.470768732677,5029.971271035625,4962.755620376028,4963.280601923357,5106.114756506187,5138.5101799922895,5168.637620170447,5236.279325097218,5302.401736192504,5414.054404419905,5505.249106659664,5607.486009015012,5781.270455902456,5929.656670358807,6091.224901962407,6257.244259307001,6476.411998967313,6684.385134982398,6913.485794724467,7142.092278962469,7400.386440315373,7715.154546786625,7986.678501075686,8318.834580310537,8660.996290368552,9019.438411653897,9428.2891834678,9803.367940486522
experiment_487,4373.102774554884,4388.694425746942,4401.760118314544,4435.934480395208,4325.832787974092,5406.15039687938,5471.350451079201,5548.6846043745845,5782.870494420562,5904.185834658287,6048.897665602839,6191.929013948189,6356.717240540325,6511.636371042901,6693.424590488911,6868.479244028281,7054.340696569572,7272.7858698229975,7476.50237160209,7733.7313909846625,7956.211590486488,8187.9752219162,8494.526594499588,8781.803092394077,9095.73107871738,9356.234554027591,9678.374895358185,10025.21210064726,10399.310814179724,10763.660885334966,11146.370383717589,11539.689007558036
experiment_488,4373.102774554884,4414.623861960086,4446.452154263295,4483.504735758133,4366.867096452037,5333.017420870647,5385.208441703977,5368.672842759281,5528.613674583277,5567.650221303051,5614.508582022695,5650.318441089314,5707.660587937942,5775.125599000974,5821.70872744899,5892.148374290117,5973.927746647849,6030.200299023016,6117.211697243318,6227.895773920007,6345.375671298498,6441.42995120915,6587.418554401412,6680.518946542494,6848.526146028792,6992.713076010908,7121.920936551956,7290.668114537868,7439.91550565841,7632.37845725906,7825.0680517201135,8027.441883291711
experiment_489,4373.102774554884,4302.043327419699,4252.030137137714,4215.023439433957,4051.0171843764683,4959.224657371564,4907.569055104784,4906.404154942692,5019.501601642983,5023.36024257291,5020.797475731779,5048.48333169002,5090.952939966478,5146.429474651942,5187.448269110004,5273.60929316895,5385.950421760727,5475.931850869981,5623.424493291682,5744.878374737544,5894.039603493886,6078.356713109191,6275.57287984307,6467.984149562206,6646.101194867559,6913.037662190032,7143.151823353826,7354.230911008338,7689.762250957076,7979.663003242727,8288.292739371542,8697.426237290205
experiment_490,4373.102774554884,4353.243858368833,4333.370897076726,4316.1465618711445,4156.761097047889,5019.878134768372,5027.8826277082535,5006.65809057322,5122.245944806384,5105.622794700669,5139.295284456661,5122.875197991747,5134.774520021517,5173.4309528525855,5173.477100763004,5219.674249261569,5269.917310168575,5284.323264610932,5347.5185339530635,5388.678979138013,5447.231827564445,5541.641179676146,5626.152089668825,5718.75485000552,5792.151670754314,5892.3516616326215,6013.143483854288,6116.835225398866,6272.546176064236,6416.640274508934,6565.902741796147,6724.187747617736
experiment_491,4373.102774554884,4383.52486080139,4257.046757490049,4280.131931999571,4114.160071969007,5331.571079601209,5392.890169062233,5374.51871359114,5583.3143771057585,5617.161467364,5681.64597213546,5737.4518563943275,5815.982208344127,5879.591169519381,5961.602238960886,6041.4741643825455,6117.574211560294,6218.239095964473,6294.1326210149455,6404.059416638453,6509.289836761745,6530.867538167018,6655.273657748773,6797.265382102059,6870.204527263102,6997.4995427836075,7096.726772189524,7247.861623066314,7354.825424392366,7480.071040724993,7539.31041142406,7755.4941412378175
experiment_492,4373.102774554884,4387.452903398314,4385.206373013733,4403.312520763288,4266.162571179296,5329.290993929238,5367.599380836476,5384.620019049551,5490.900194957,5508.66956200676,5544.707696839385,5561.718905442654,5593.15089002432,5655.221256406933,5666.277859354479,5700.02480679554,5784.032511730053,5823.54328274389,5901.08822177048,5948.926944425238,6007.312240492993,6079.357162284026,6147.878511212235,6235.860967691846,6362.220398401813,6447.139022664374,6533.089678234788,6655.440560369118,6759.287762102023,6874.007440709536,7013.074379672899,7145.098676490086
experiment_493,4373.102774554884,4454.480082174781,4526.916343930445,4604.297960548586,4325.241077903969,5594.749039280133,5655.436492857935,5719.481738533264,5921.891635149869,5992.471976277278,6034.50075364318,6096.556400291818,6139.694604030701,6170.145248537452,6186.630934076571,6206.919670104737,6207.372655607605,6235.775526599383,6201.64216674956,6220.096432622349,6196.859911400637,6179.6738454619845,6131.730335379772,6107.802256509791,6048.740368220242,6007.049151584333,5938.339600952912,5858.608542245052,5778.58972233034,5689.442982655384,5614.509681297184,5487.437005817203
experiment_494,4373.102774554884,4366.196691893812,4361.3903570371585,4371.9107137047895,4233.357232039718,5138.3811516628175,5152.448063220992,5200.875711352739,5287.012959156684,5291.322042625546,5350.044557091784,5402.902572520598,5475.020992584166,5533.137042234159,5612.820441109374,5696.811550809532,5790.814950148054,5891.0111964204025,5967.032797582541,6103.476805990673,6228.4381642776125,6357.0549856334255,6479.684468401007,6643.780161879578,6784.847909959924,6973.015191106332,7134.452750742157,7287.122152876039,7479.426377726175,7714.151973503042,7928.340078779622,8089.3174882567655
experiment_495,4373.102774554884,4397.184029076176,4408.7049149319155,4434.962732913908,4311.737399749866,5246.931261602145,5293.75784330203,5364.521808183345,5496.861402925124,5520.145990640998,5582.636052318312,5664.291671984557,5714.851201776096,5795.594329230309,5863.950721773488,5938.978893692301,6037.333300363169,6134.895979683499,6238.029275118476,6334.077114896338,6455.202402895175,6563.6033746181165,6646.380162394304,6806.10661846369,6924.147992969176,6948.79258107602,7185.989695859353,7297.19871954766,7481.311128386342,7641.0715550500345,7817.169084942928,8042.782381294572
experiment_496,4373.102774554884,4443.236216612142,4513.165941553895,4595.682283201966,4332.875902346908,5660.304139642471,5760.254924769719,5832.193085782124,6106.412243989092,6236.372310678452,6339.433094114216,6457.509147310906,6576.473465066169,6659.0057981947975,6770.622523033342,6835.8270498772545,6985.288928606323,7070.5690636356985,7174.358278961224,7272.684603152851,7381.41552315295,7488.761380187932,7598.962394989129,7678.296027549833,7763.737678576099,7865.48635146818,7984.851463828231,8075.242916815389,8179.562104254434,8247.46921224286,8334.224927263725,8414.90666882857
experiment_497,4373.102774554884,4194.7434646030315,4149.5628866592015,4145.175456553748,3953.911161500012,5058.707356490244,5032.319856068737,5015.610664269145,5062.117493070652,5071.055620706435,5090.852835520371,5119.556145651898,5208.336532682454,5249.735307675556,5337.389423758802,5369.030463979237,5473.3393149451895,5576.142409368082,5682.7286281929255,5845.083126648357,5949.913344730399,6072.811539044898,6253.666075743568,6415.25173798542,6605.0835857981065,6806.580995467156,6994.364553875874,7241.792898490557,7482.396392107374,7749.552583934525,7973.611630763904,8262.978347020426
experiment_498,4373.102774554884,4362.139397415057,4240.500714247604,4234.385179368728,4087.3725502764373,5176.9742779293465,5196.450991726768,5170.299921356643,5319.732929611429,5347.65647127154,5359.127879537981,5414.366257676671,5452.182544059553,5529.108285919961,5542.900541740603,5632.385119220502,5701.817829682962,5778.166176237645,5897.675812580245,5984.757874263861,6077.929042919053,6188.772825112897,6297.565096246443,6452.741335878323,6562.59870570933,6717.603404320753,6834.807914751354,6979.376587867552,7086.226010239225,7292.594582598896,7512.626220743863,7670.690656200182
experiment_499,4373.102774554884,4236.006078048868,4082.7966434692025,3994.685639048521,3803.7216911464543,4676.742241928303,4627.996707948931,4572.807163223559,4667.0494733737905,4634.3535289117835,4631.713871864852,4640.017128065155,4664.795503908057,4709.725506569286,4749.325485291177,4778.973858934065,4833.502458480274,4930.240893899118,5032.7893631073075,5134.2026944540485,5249.447062531305,5386.544472096676,5532.538958299669,5709.52465942298,5873.6046770770545,6079.947317540107,6288.032169651348,6523.830654706186,6824.277576756752,7050.895083699415,7351.679187660569,7630.319296180076
experiment_500,4373.102774554884,4410.830852525151,4424.995845186895,4452.492470550289,4329.404200767902,4338.697086600766,4346.314421837383,4350.750757715653,3976.9283458003356,3979.5596781125023,3979.927607806247,3976.657573312772,4048.4924513054384,4044.242715817315,4036.094906849011,4035.045902516112,4024.432189115721,3627.546914341581,3608.949595049625,3590.9519582057083,3595.921794663819,3575.1986839308456,3554.0895216574354,3583.0763266875106,3617.6567252819195,3590.995665738895,3563.257917348932,3534.346636855794,3888.318863012042,3933.213324434329,3898.052253187559,3855.751561984851
experiment_501,4373.102774554884,4355.522375809813,4341.728752502342,4327.676104440796,4177.195770800396,4158.889559458894,4145.455722820883,4137.878291738275,4042.452899399467,4042.512641343178,4052.2428478256497,4089.595211568401,4055.47947171167,4082.3424415028485,4103.63271406104,4142.99562693939,3750.9661331788784,3790.8526876026926,3783.5661390531495,3779.2117893474683,3842.1350842266634,4388.281067587219,4329.518023226536,4394.503431736032,4450.9858811279955,4587.102063040552,4386.810362462958,4456.998377256991,4564.153189726096,4643.849036945805,4637.347464564149,4598.21828846115
experiment_502,4373.102774554884,4346.279597844055,4326.906161940201,4307.251608896172,4145.279206228502,4125.749731157057,4113.205713425888,4117.299522193336,4027.803451536503,4034.6394166002437,4075.56251362039,4046.6524385930675,4082.31097210268,4116.609667924235,3769.083337447802,3787.849303010512,3796.3601824060015,3812.613879774489,4422.678815306277,4214.921627493903,4326.51562219269,4594.087283995184,4420.014410425952,4526.061593354607,4649.826320698471,4697.3696691121195,4687.116090766366,4592.872932654251,4750.277018731348,5866.428655868717,6060.817561959194,7039.807005988989
experiment_503,4373.102774554884,4372.372543089125,4236.454887155354,4239.7175105382175,4110.495431876727,4074.49170466783,4081.5322008668395,4085.3944176353093,3613.5636423813844,3630.486161265637,4017.942734877036,3958.1632899334,3953.9914026656115,3939.078194146273,3979.0186947025113,4008.0061659708335,4056.017499777949,4116.996670389101,4229.889376914472,4476.941899589426,4544.19354646546,4611.994994517621,4333.259077556035,4398.766564707328,4330.493739292493,4168.432845820127,3993.863634677131,3906.7980271327597,3951.987310776882,4333.436722625163,4207.858878549151,4334.996844538306
experiment_504,4373.102774554884,4394.992146785398,4403.413026951285,4428.713656064419,4310.402316371935,4334.93897108969,4373.398466979928,4396.597433505018,3737.2073560779713,4052.967240216251,4040.2208376719573,4074.127085384751,4118.990987215162,4177.816999466159,4253.155554972644,4379.576322839536,4512.426704361582,4590.050218169003,4337.694093238435,4417.084494796449,4459.297785698644,4393.492670900765,4469.139117144265,4278.0359037682065,4201.740829593475,4251.78072576889,4450.541638628145,4648.744975123109,4826.095539946318,4875.487135733654,5059.55388705327,5142.95370159549
experiment_505,4373.102774554884,4217.067174374931,4181.84185329755,4164.416020429635,4002.2877889156803,3989.2569845645676,4011.5981732106875,4012.439357167862,3634.0841175704722,3648.909097193774,3670.807054708758,3607.2326721009035,3581.069979414407,3636.1906634256775,4051.553902097696,3986.014917090327,4003.712738790922,4066.130852159611,4211.933466643381,4368.962731617625,4142.121090320715,4221.353986177029,4295.05391962684,4634.738593022104,4498.739022994858,4415.888750720393,4575.533921543429,4725.995830363276,5594.375691797315,6219.268675541036,6512.512721870791,9337.072491989718
experiment_506,4373.102774554884,4419.286895712187,4464.406233445991,4516.595170572217,4337.765944189795,4392.381968901625,4340.802122037645,4398.9688618280625,4161.966444500839,4209.676041892759,4235.36233635485,4390.5467733356545,4535.393299578802,4323.805733838256,4411.221240916619,4466.810064020861,4564.156944609328,4630.962674842864,4616.9315566905025,4551.385765063878,4376.511738794685,4469.505514354283,4574.566690360187,5146.278362103145,5170.710642053766,5187.953348938965,5320.103143925638,5489.094529961694,6723.6104681841325,7140.330406747715,7203.581397057746,7379.857375459278
experiment_507,4373.102774554884,4344.539130315712,4221.0338476753295,4212.961731350737,4060.504565983292,4061.7754962150448,4074.4607747684754,4107.703088461308,3728.636271659242,3746.847089224291,3727.5261685099904,3667.8514794027965,3731.6976520378175,4035.7416871195605,4089.457405621817,4154.698664178556,4322.595028751144,4479.852983200427,4588.262142656006,4364.783134376874,4442.400931433893,4406.618403110164,4372.545722096018,4293.845097969819,4616.1950377693565,4617.634544373877,4857.3589995532575,4991.453569947077,5218.380018220182,5390.771532714547,6955.386160053705,7151.387505009534
experiment_508,4373.102774554884,4301.050735021235,4260.822756697455,4219.776898957187,4042.0412220175394,3997.674002509303,3954.3031083511232,3891.899538900414,3804.9882638947997,3796.180593789988,3786.8642703003634,3786.1594301947375,3795.322098587439,3814.0229003808,3833.2318950731615,3873.4733048514945,3919.443330589634,3989.818132024649,4071.836582652183,4056.5580542074767,3743.5252917710463,3781.9087118521875,3828.8016912713083,4488.727132848073,4491.388590250551,4766.586174691081,4902.361566213061,4704.858936765808,4833.7941634660765,4632.438710444158,4630.314327475,4627.969019237296
experiment_509,4373.102774554884,4378.01756007165,4273.174732081958,4278.823994741268,4133.252255466998,4156.083528770287,4172.634413052314,4138.975102772192,3689.65820434584,3865.2327941651365,4013.469554873237,4012.8717196201055,4051.239433961882,4122.890147203778,4271.95656722804,4423.741493773761,4203.255177092767,4303.671083920822,4382.412937151505,4442.36646556013,4354.3645330089375,4499.859029293656,4498.270840474114,4680.689869095795,4860.4288154311935,5030.152091887668,6016.25274880751,6530.306625381027,6820.96110386041,9995.62920908492,10665.212525770397,11018.699473663557
experiment_510,4373.102774554884,4399.286893559412,4404.949203577796,4426.600025863865,4301.971217076512,4311.807496336986,4322.2508253576925,4336.381119372557,3773.029376020778,3714.8302501257303,3735.821106248813,3725.110598471698,3753.2769404694955,3958.67899564601,4325.9634954592275,4297.583972095216,4289.885436174824,4324.43279730449,4385.93678541646,4518.294143364735,4652.464863985421,4733.137372691903,4814.3536180567135,4548.750758960332,4634.125259564838,4716.545537910753,4576.092717350702,4360.690802460648,4398.963289453548,4498.239451661472,4449.4507806640995,4784.27474656134
experiment_511,4373.102774554884,4385.4906048442635,4390.730534385707,4392.697027640457,4255.240738889924,4252.656165549915,4249.511524880006,4243.98726830812,3606.939875482862,3603.846743231781,3599.8647692893965,3598.0580304048344,3596.6289646198684,3595.6231178417374,3595.2614064179606,3595.7498899310367,3597.266522340399,3599.906192648833,3596.362783995515,3601.9656369333607,3626.559769893767,3635.9357781581602,3647.7071089092615,3781.625404079199,4085.661923420428,3985.7707962602026,3956.524023061369,4037.837739869872,4001.272570036536,4021.3046147008636,4061.1846248319366,4120.418476155938
experiment_512,4373.102774554884,4374.4531087901,4376.033151915959,4393.371913695682,4266.214743195202,4289.9947979994595,4313.764579523292,4354.825156488135,3851.4554176035654,3843.9904956915916,3841.50974711008,3873.5761018102958,4468.1433847488415,4368.280339427916,4464.393734062664,4656.686814752593,4827.390094925247,4600.910246081344,4594.530283933469,4689.776365033863,4730.28754857791,4607.833148482938,4715.70149596014,4538.95853595008,4753.8200628905315,5027.171493527094,5629.771729002479,6208.797020463191,6540.739623808313,8344.499866253365,11057.819773236957,11569.177186854206
experiment_513,4373.102774554884,4348.824394436078,4217.914023951232,4206.872333163039,4062.2239750098497,4057.843083160875,4059.428500785135,4073.824817855796,3712.7762189662835,3681.1051806558316,3705.3592448804666,3650.314388898516,3698.0996804810893,3921.971785334553,4369.306604730674,4323.152869837876,4418.98898809034,4651.241705108595,4734.730872340737,4851.515070897318,4506.24616655235,4418.199152327541,4194.12995623345,4102.040479832033,4558.929098713772,5013.997510082522,4981.861787889264,5152.44930391438,6162.215997631899,6840.828134650465,7151.343066389887,11906.997701025983
experiment_514,4373.102774554884,4321.775374254362,4265.449737057574,4238.3530256871745,4074.9898731855465,4053.7818510334682,4043.712945104211,4046.9866167746386,3968.9434958589322,3995.649970641057,4035.747844359212,4052.3344665372215,4106.114007222839,3763.7134217659814,3748.317365736244,3781.6641673797903,4303.01641725338,4237.284486316191,4462.095609145755,4668.797845254407,4499.597455975923,4671.39405098685,4729.779557480961,4601.6930244054765,4679.968386817619,4979.270240869771,6243.297062463007,6985.869657640111,9554.358415215931,10459.20789749514,12246.562645779453,12838.19371492795
experiment_515,4373.102774554884,4160.392806637465,4047.5810660245015,3965.0066413610234,3786.1056570997484,3698.966992611371,3619.419682633967,3643.923634940971,3526.250168041054,3565.4050454778117,3954.2095896307083,3905.465274597288,3877.439486480933,3953.6257783246347,3944.665477862156,3949.3869065164,3965.1749352649167,3897.3513621817347,3934.6909574997585,4002.28708354022,3625.5733293669446,3600.6579119355592,3662.991046468478,3752.736333025327,3846.3783291161676,3975.879330282024,3638.0249307689223,3631.247254933166,4006.345866941616,4143.228000795013,4450.699141054306,4315.823047893781
experiment_516,4373.102774554884,4371.939067820904,4231.870181625358,4238.008654076539,4075.1696280278074,4077.292667103277,4079.33574946218,4092.7165659464367,3910.8813130440044,3929.7615654262518,4058.4551348330206,3981.2657492780754,4022.004770780646,4016.40732276576,4051.823432127184,4121.295261486395,4235.591440948889,4362.6535722898125,4105.311550043874,4164.251582871511,4248.147921356461,4291.690103240218,4311.838785614188,4424.445052956134,4444.875422721061,4256.240993239796,4384.532567080976,4509.8721342018725,4633.29735394932,4732.74565922897,4957.826132787395,5945.005385563684
experiment_517,4373.102774554884,4408.416771444568,4434.065865595855,4471.03316242188,4349.175536376707,4377.46012527348,4412.8145121905745,4351.420276341263,3856.132713027569,3894.193373334887,3873.398524828362,3881.067449822367,3928.5944037275167,4506.742133289361,4467.639953109624,4440.727207171836,4507.446308590369,4593.805582717141,4743.86833098928,4880.12512877084,4931.876112143447,4713.831223256759,4796.986996754486,4894.583740465347,4987.761009831429,4975.06296561208,4915.25289592164,5019.392380608109,5058.822326154825,5129.330734474493,5126.245065631463,5436.646428135256
experiment_518,4373.102774554884,4341.293398139091,4203.774121048464,4179.794830253056,4016.822171588765,3991.0982337744113,3978.531023010197,3959.9285729327803,3557.3088636988196,3551.8979374896608,3559.2029462709506,3554.631288517557,3563.1486603392195,3593.778328264716,3577.808431609027,3603.2884194169264,3618.2498170825165,3667.1691373427984,3650.799744214877,3631.3430620329646,3696.390000065293,4133.670881224927,4146.371156945226,4207.100583490936,4242.042238261814,4395.123052083732,4497.500668975248,4266.969504708986,4337.599642068273,4396.144902811215,4299.320884826061,4562.053522822249
experiment_519,4373.102774554884,4417.10829220658,4462.6462477031555,4502.846562101223,4394.100228444588,4344.785155829931,4387.812458128999,4320.986899092986,4078.9803766103937,4120.3970600762,4165.761502999827,4215.109049593029,4316.643317439419,4420.497317041568,4468.122615557366,4516.930549464486,4567.4185567164395,4295.21698154803,4341.4195176870935,4376.017541625162,4391.762574086415,4444.730162036623,4379.018922429399,4393.070675927179,4421.679431737483,4381.589091929156,4269.806415586193,4307.036359158631,4692.995711443611,4698.813488156432,4609.095657707303,4649.43179601813
experiment_520,4373.102774554884,4313.774542037511,4262.435957312123,4228.152269381194,4053.405226652002,4028.853165892766,4016.373587831647,4015.1399065011537,3911.4941197085286,3931.6733784099542,3962.2737127880982,4006.1759687043586,4055.351510250645,4119.596543969315,4149.47643556128,4222.6335089828635,3886.121250126149,3919.378188731822,3959.07568839641,4556.11850396029,4492.789940362967,4714.6153183567585,4916.469676449199,4759.426765117838,4799.860401413208,4954.784774592001,4708.008690215371,4895.840262671906,5034.076578235165,5542.148799169529,5938.663799373313,6472.100010759581
experiment_521,4373.102774554884,4431.126126419442,4480.973755648753,4538.994845960773,4364.392716538356,4295.909861234575,4328.188180008218,4362.110162101104,4230.515868646933,4152.534846992735,4202.0814177416005,4298.567685688308,4399.447433011633,4442.287032428167,4486.4742704220735,4530.948306249613,4576.274406355321,4288.803084461666,4465.05542397104,4510.5769974221685,4516.711934321493,4471.59934875578,4513.710535640877,4368.715567298479,4393.235730237648,4250.188507132842,4177.567977363551,4224.099695131656,4116.452320624193,4026.5929669436186,4320.927340611956,4466.515944662007
experiment_522,4373.102774554884,4160.391048879188,4043.4162236338916,3981.4714063846004,3792.9711723960954,3715.894473169642,3655.410676282281,3705.091559636462,3615.070884792814,3578.1676672475214,3575.4961547434887,3589.076793947468,3615.4073366319312,3655.233328410205,3711.997719935641,3777.944796234601,3858.3948817394767,3952.4681116830498,3913.4071239456393,3682.283694810389,3750.012916144624,4104.302289470286,4420.9577262948505,4302.0346423556075,4468.432308524103,4274.920676560517,4649.496418149905,4824.51407856675,5126.899048226396,6619.142540244813,9843.100136365036,10861.30022646951
experiment_523,4373.102774554884,4392.49971153246,4402.08145879969,4412.410147671321,4283.458378976407,4290.225131656503,4290.917047460058,4298.199234624493,3761.8006857613445,3753.1010462974696,3759.643132110758,3731.938794208613,3738.419351442938,3745.120352506007,3751.971412401794,3775.129946882852,3782.9439820320513,3784.5296343050722,3793.6806307944926,3803.7030957235306,3814.78953702983,3827.119021100424,3780.3521489039904,3795.4337687650914,3812.162808920871,3831.1678409182623,3790.200096090052,3812.5452760129297,3836.7881363590295,3863.365223344265,3893.113204801053,3919.0022204958937
experiment_524,4373.102774554884,4290.801770346023,4260.545477912828,4209.269216600909,4038.605506852193,3999.9984815365733,3974.1199389329386,3959.582942284398,3850.065935164888,3850.371987006636,3872.5310244234433,3907.012663173647,3955.8493518002474,4014.262758720373,4019.44092811762,4099.8308074243105,3801.9669684214405,3792.6431151958377,4080.757036040039,4410.408986459304,4540.829573650843,4455.532168270901,4610.323836906798,4590.762665061301,4596.881513626735,4620.650281240986,5228.247754811547,5487.133421190832,6977.714861801573,7484.363210531796,11099.704599700348,12692.978005591118
experiment_525,4373.102774554884,4253.454542777521,4167.2152204364875,4096.03704339388,3895.1635198496992,3838.885419745284,3793.4258275587626,3762.5567706529887,3691.065547206416,3663.5396576751964,3668.4061003556135,3686.3115288113295,3714.137980515018,3753.5610193193775,3806.8824973783676,3870.8174027862174,3927.4361574420727,4012.8166951845824,4040.9526236986953,4139.906800507625,3804.423653915106,3872.8910603358254,4356.55207608491,4517.961591071904,4827.03609725489,4675.750629123442,4626.755923951267,4520.319936614026,4422.996094035865,4943.598861327946,5822.147010143797,5943.657022911156
experiment_526,4373.102774554884,4359.07425991409,4257.429111441007,4232.471043576788,4069.4604888751105,4064.1286295526897,4056.160040421245,4058.9858114265244,3655.8813953436475,3643.3640497644965,3650.099567744431,3627.137586407973,3641.2919582242275,3659.4574197022093,3681.9584068395143,3666.194533901292,3697.0349664883934,3663.526842142864,3702.7838819464964,3747.3657531410345,4300.813192772464,4227.8527609773755,4275.811742028049,4335.783204200026,4353.265871128945,4497.108044002984,4584.172093196812,4352.842030025733,4398.08116421665,4482.799922901668,4467.5465875355185,4400.687913256788
experiment_527,4373.102774554884,4209.537455543212,4157.740590250897,4125.190679565658,3950.8610178637646,3932.3826428039133,3896.934804542404,3889.4532612262506,3520.696187399308,3521.066576608256,3529.2714823837177,3513.1117320195044,3535.1661411784107,3565.3145347790432,3602.7909608347827,3587.2297015912172,3594.7420534177113,3932.457038175021,3994.3709698091548,4013.2672926264095,4121.608130561254,4339.661523947308,4112.291709775002,4231.760493179192,4172.121218555945,4494.589924274516,4319.30347462337,4299.256940355373,4445.896741225055,4605.3696379169905,4841.963085928191,5099.340130070646
experiment_528,4373.102774554884,4431.108087289662,4480.1022995995045,4531.616415726716,4434.360474597652,4385.201395427497,4331.525313955091,4374.647724162828,3893.0609947952667,3934.754855203696,3978.4542139945224,4147.27090331959,4578.546760289247,4537.925271856088,4502.2009949497,4559.832285689599,4617.6947384736595,4756.453874232933,4883.722891497082,4952.587506874474,4984.427281214706,5055.279609429323,4818.55348062912,4877.327113196654,4951.212492872768,5001.580324552107,4979.662718587675,4968.886758171049,4845.311481647249,4924.827325735016,4885.3707117212625,4949.480298544746
experiment_529,4373.102774554884,4375.3275506212385,4383.681611943115,4389.062130947172,4250.621553246734,4255.278845284533,4261.845931651246,4271.510853549301,4123.7496041712275,4142.1784993665315,4153.640143958439,4147.411960049546,4174.983160122928,4212.449133375858,4125.435219349205,3828.885066914413,3878.3653557340995,3871.409196911561,3924.9322977233032,4162.82436410266,4657.5838818444245,4558.334777846641,4667.963005959924,4831.763313227443,4963.292810968163,5077.605288604587,4900.112434679908,4993.99328778747,4937.072289973658,4871.690318885908,4861.994799389449,4773.1778671863
experiment_530,4373.102774554884,4424.511068843072,4471.18797690026,4525.184436899619,4344.208867291369,4400.741635087625,4345.692988735965,4398.766590343131,4313.589301647877,4204.713570543707,4249.843694483426,4274.334015905887,4340.051441768746,4493.868571260883,4612.686300375852,4689.142209869848,4463.364978666916,4506.531267537143,4583.872292898817,4652.319968708456,4702.879058027965,4776.87892640685,4757.980857818104,4667.746782928136,4524.4290485965075,4579.549735475235,4637.190127716072,4718.727158608955,4768.473234739661,4852.455905357439,4829.836938493593,5481.487725695249
experiment_531,4373.102774554884,4410.2700578472195,4432.17641452424,4474.736776723737,4374.482193435537,4322.423859825396,4370.330674234754,4315.048793009613,4052.960923786675,4098.071650372475,4163.98501323221,4299.23102408518,4435.854798347781,4519.718554189093,4280.57946936229,4361.194350186974,4421.424696089806,4404.388827786974,4427.7604272051585,4261.682024383414,4204.208742276054,4467.227266362513,4587.714614923403,4727.740472815676,4840.257412081459,5029.765959314597,5230.262521900898,5353.951435075947,6336.683534661771,6944.8617302798,7154.584699552376,7297.12676032028
experiment_532,4373.102774554884,4402.977882192301,4416.995850095439,4447.633193554646,4325.98481490132,4353.188431846758,4374.94831519111,4322.493142804674,3951.11536625537,3983.6200659208594,4028.2376140827164,4066.8220003267998,4109.515576067119,4169.266333683885,4271.404395055888,4384.515727433657,4444.5118933080985,4162.266093975787,4220.234106115569,4285.426363357566,4347.969294328773,4296.688576012628,4257.463789168491,4228.019604327474,4466.679836085914,4430.6562637127145,4478.835833008603,4428.026989077362,4531.8284731124495,4646.498273573117,4733.1424465749205,4845.032710154453
experiment_533,4373.102774554884,4370.91042565546,4361.928748233893,4364.066144910103,4223.275909628671,4219.628585857257,4220.635716237498,4226.303707248437,4107.458620459324,4122.275603024744,4019.45315276505,3731.96987496631,3758.41475508193,3781.942322781244,3757.833275948753,3797.6238791799456,3780.2728873015963,3829.0240565867352,3883.695431705424,4457.14962344973,4396.979828420185,4453.808204826913,4618.887866744883,4768.42091672264,4838.759115014844,4600.341365691311,4688.01473219952,4790.054456925096,4867.151334625283,4766.51974731632,4676.39078435573,4637.5148027214655
experiment_534,4373.102774554884,4426.1293806881185,4470.214827398891,4515.457954602425,4409.143063856835,4350.231709382236,4393.441931246658,4321.259727772716,3856.0944954209026,3870.485203608532,4049.021500541101,4334.259227139291,4210.213045586081,4251.893706227409,4283.524520824646,4333.159758862745,4388.16239189252,4531.068458486561,4656.289200148295,4716.650487568191,4483.367333081919,4520.465381304354,4583.7295516375125,4654.486730635391,4713.644063198294,4798.2906880804585,4787.857878817521,4701.77449867897,4700.439390414725,4624.615486084547,4700.060385926678,4806.737462981817
experiment_535,4373.102774554884,4180.149301839876,4120.256496758312,4104.8934050989965,3905.281998251742,3862.4649384632676,3869.906711335764,3850.8350808122086,3884.4066359319754,3883.3178900474068,3891.1628243998402,3906.4102611735934,3932.0953186474985,3540.9573815076706,3548.0978460198626,3596.850240488841,3594.1630185859867,3609.0305800772458,4035.833357903265,3958.6539367535806,4037.9632830415985,4206.944937556789,4371.71999654431,4153.314438517056,4257.529407296414,4319.581468871457,4418.428169812764,4287.671922898166,4445.563695170335,4628.34152980476,4802.9750488711325,5802.188253099917
experiment_536,4373.102774554884,4389.871554768184,4402.792817261075,4420.660298764385,4297.589160199263,4304.869539399127,4325.457449186913,4350.359353378244,3828.4965142359247,3835.62903733061,3810.595477533381,3756.7225806610268,3800.0930336542606,3849.1235672876296,4274.169256097167,4205.977220737502,4247.905706812719,4317.641994010851,4408.082988308279,4618.9839088074705,4686.5129397428245,4465.948932448177,4518.1733467455815,4602.745420811962,4683.019939720691,4738.699622979511,4641.957621881528,4534.980014435931,4621.029565532573,4706.954197980198,4511.384957215445,4644.023024159809
experiment_537,4373.102774554884,4480.475552105372,4587.323561992067,4586.952444910326,4426.295349519278,4491.507174015012,4475.450163200901,4455.445150788057,4179.7733829950685,4227.444065754598,4271.9613669784185,4313.378752258763,4311.114082392893,4306.06221053695,4303.4992601346985,4244.7722064710015,4270.278783933696,4245.958337292019,4265.423198333208,4280.225314622001,4293.548440683333,4197.192683955328,4203.737016518621,4208.562035223747,4553.82910056005,4556.644519869568,4560.107868513959,4558.27778312196,4553.854902032853,4547.193824719236,4539.163958265473,4523.618260378222
experiment_538,4373.102774554884,4471.740518122586,4568.598339486089,4580.06959459671,4432.4081192338,4437.740285864911,4452.789061175854,4543.145066658935,4266.0112311537905,4359.122706380321,4417.327987610997,4389.416126730042,4344.932000372488,4516.401873817293,4527.9670552901225,4499.431319263487,4640.097726906901,4750.357595765696,4857.209272964518,4982.578564662972,5078.718616742467,5880.347943743369,6166.143035779094,6615.541294787309,6827.87722877819,6966.680121473319,10084.059950559797,10522.11368197222,10865.078194185462,11216.88405176701,11576.860563596229,11824.932989644563
experiment_539,4373.102774554884,4400.233218497552,4411.536130581005,4439.447421473373,4323.947048585846,4343.905378944923,4367.922287895656,4394.071539221906,4155.073894989068,4077.0102511739697,4113.421543514896,4070.784752557582,4099.482195739757,4156.297539596951,4230.9461583433385,4360.113667924513,4494.123635863161,4578.2667011054145,4346.0346986647755,4397.097676030406,4489.80683958843,4465.571264083043,4428.262663643524,4322.837186313873,4273.7348253509645,4381.91177842245,4812.91314567493,4934.355103091575,6007.362933783361,5192.771343310838,5311.440853682951,6614.742144250753
experiment_540,4373.102774554884,4332.064167082453,4280.296972123723,4256.072174522847,4091.1946262870115,4073.812150872076,4066.840421773839,4096.689137766196,4017.082243612318,4030.927807352503,4055.17036651391,4042.8116024251203,4088.4781151370407,3737.71865796737,3776.7921950218447,3739.842931456158,3748.7741096481805,4232.74320958126,4162.431203572852,4241.01969807546,4421.72353118727,4601.125299174426,4425.023096469971,4528.4559932681295,4621.488451883975,4676.046145695951,4647.711096842349,4515.7375193678145,4925.150696768287,5520.00046430834,5417.762784601851,6855.850715609623
experiment_541,4373.102774554884,4166.206641861086,4090.872010503021,4046.405112091699,3867.561026061304,3813.637169121146,3774.2065089024113,3743.9376429989843,3757.6271006868374,3733.8357692876525,3715.997424962452,3706.5755805453928,3716.096572383146,3725.278808308405,3732.0572077321594,3758.4190391093784,3785.1314030776607,3828.404945229222,3885.8801061767012,3965.786749152805,3933.538895759598,3566.6839474954504,3632.8954652853627,3671.290179235254,4305.669887941407,4236.133203917619,4484.789209009173,4616.238530202464,4403.53259689679,4371.380194881758,4292.909508914127,4282.792389035565
experiment_542,4373.102774554884,4420.6227737270565,4468.684684093037,4517.064942209649,4335.433385492075,4386.447889397364,4329.463246230205,4380.165073280399,4264.040724492439,4191.969373170989,4267.337594819153,4396.79599955852,4520.08332077127,4591.230587496943,4337.7952699124,4396.679488938914,4433.491535032996,4410.1800154296625,4418.6436948617475,4403.348411240662,4143.964950581998,4201.715977547411,4270.880839758367,4587.507570568601,4617.160581340311,4871.754762111655,4921.132500793897,5034.495537733361,5207.677401141793,5329.52465463448,6575.575142287807,6941.697031468451
experiment_543,4373.102774554884,4206.310160377357,4192.190645033936,4168.3843750492815,4001.5761972293176,3993.792505561445,3984.5565534328834,3989.272340707086,3598.342725804602,3593.662408399104,3610.2090586079985,3602.9369451056427,3632.4036607978996,3663.098358038707,3646.5461907815134,3635.4572491820923,3694.89163270659,3989.7645725682373,4032.996084582992,4115.964865904817,4272.811981039391,4433.722787258369,4208.466487709071,4303.356330794833,4383.815128241984,4337.354760125219,4427.0934720406385,4505.836086326989,4534.491299284695,4699.850060560551,4852.284168231952,5055.21285460213
experiment_544,4373.102774554884,4473.076438766981,4566.05401985547,4566.896963623356,4407.386363047759,4491.96359219745,4485.793357092885,4488.876549644288,4517.558996116725,4283.058344506022,4356.192816399451,4414.891759920474,4449.1421345024455,4514.089525374686,4546.610779760501,4606.556580117954,4544.847853658812,4348.571077449749,4395.950943205803,4380.561471697567,4404.769740592189,4448.092697875258,4484.674478453438,4518.363674779743,4549.49006311113,4444.540886952015,4441.568899033016,4462.697199184402,4481.5695716741575,4398.03785013998,4410.323731275234,4440.672114845918
experiment_545,4373.102774554884,4427.668948720176,4477.4788147428735,4537.24546566981,4361.173028639677,4311.778351097248,4365.02186596236,4420.072345043876,4164.733303962523,4210.039939848151,4352.9479980781325,4482.949505501197,4560.392907321032,4329.481832320761,4402.9970784673515,4450.867148958879,4530.459489146056,4586.931653641651,4479.542668216142,4370.817402872352,4427.851056398894,4525.982265416645,4595.354139672566,4897.291023597321,5025.815848082279,5130.574420835571,5244.469774031528,5449.8747456032415,6728.972708592076,7180.219914061883,7384.539092833163,7546.357476160889
experiment_546,4373.102774554884,4341.997293441538,4210.033320594926,4190.33178599986,4036.0451536876476,4019.0963853152975,4008.7883483359246,4003.451694889015,3992.6048050140193,3981.9015795529285,4007.493249293905,3867.983929869474,3616.7392563511394,3623.3880746071463,3650.552079158983,3698.712050369424,3675.1371007444923,3708.555473302677,3692.7812467881,3741.04648708533,4161.90960859,4089.507134061778,4139.253361729823,4194.982085272666,4349.542141975543,4492.816745564861,4582.402515221594,4328.020746760328,4389.850385032083,4398.251252825499,4393.009368436302,4386.145809191235
experiment_547,4373.102774554884,4381.735799954558,4244.1321187142785,4258.041535949488,4154.924334549535,4098.804794614722,4110.101883511903,4124.8246762568,3661.796938128919,3681.3836179456302,3676.4528545989506,3701.0101201643156,4002.701867990464,4033.464469402242,4011.4498605680865,4033.0818039251626,4063.460173764833,4105.141867140463,4152.74182083873,4194.811226534156,4318.640907490295,4432.112695811879,4488.260487205891,4546.888462224657,4271.252949616195,4325.7804219715745,4385.391916217722,4321.792980795367,4338.994911332512,4377.134277428709,4267.387385569148,4212.201154909224
experiment_548,4373.102774554884,4355.515108573782,4346.236561865728,4340.5370665121645,4198.1157277343755,4192.271942375585,4193.092743214966,4202.265996749929,4106.3209786343705,4076.4156916714182,4105.959266850243,4145.631363528843,4191.128434690519,3787.8279113705225,3837.388165049574,3832.3702747850666,3829.818537511071,3892.781673530847,4507.07948997758,4551.567250021103,4489.278498758176,4581.016135030205,4754.471055902782,4920.4611847790775,4983.541052019476,4788.922067823169,4899.791192760394,5005.042060711052,5105.162754365976,5014.104312182961,4934.137586649658,4878.155184269195
experiment_549,4373.102774554884,4453.539897726665,4519.87081525139,4594.2689824754125,4409.487396817004,4367.232155962576,4417.845531272014,4460.650416690618,3990.213202742045,4203.916737181025,4662.967201988074,4645.044211656108,4635.6398339681555,4597.426720815066,4644.547423566315,4771.306793709946,4822.33473099716,4874.60996192434,4926.906279825815,4928.3240032919375,5039.113119701622,5089.878089282753,4855.95505564221,4911.422972222041,4965.138293710976,5027.354507779372,5061.904405527155,5014.299302179264,5076.50566138978,4978.86302228421,5042.053461603798,5027.359013311301
experiment_550,4373.102774554884,4417.309357113402,4462.14949535901,4508.432880930042,4410.128879880191,4358.738587039157,4309.897429638981,4358.557901985276,4445.528988172039,4340.75285756178,4358.396806834588,4401.458325042246,4466.498008122904,4616.44182657387,4747.4982250563735,4812.3060021885785,4888.40806097973,4948.118549202682,4664.684682447464,4742.037810265721,4716.697023860119,4779.937484036895,4659.358786315881,4605.625488557454,4269.691788852673,4324.429932858251,4405.581089702731,4486.884667146303,4574.45385675109,4640.659033803693,4914.71131070805,5037.990245919557
experiment_551,4373.102774554884,4160.381442744463,4082.8405299798706,4006.3480061807545,3821.239773162775,3768.3179623027168,3719.7812104795703,3684.044755949927,3685.973654080732,3653.327603582091,3653.7070260098762,3666.1043846537614,3689.6728461885214,3729.2701609998835,3778.6291182502646,3831.289662351356,3891.301434927999,3951.5342622168846,4000.963744928212,3660.2242805978904,3718.047700938758,4381.40178169269,4385.575314332113,4678.326841242787,4532.23962483375,4578.475636927852,4311.849120521056,4271.366021034496,4704.168124419433,4960.403232754299,5275.836182462733,6896.656697070176
experiment_552,4373.102774554884,4400.459449207427,4408.497066156508,4428.945323229319,4297.099621213696,4297.4609909447445,4299.103422070167,4300.481405919847,3738.62740803609,3741.3490738599103,3743.152222961229,3702.967256608128,3704.15298231508,3705.1758448409637,3706.6815553917004,3707.3828905145615,3707.925532135524,3709.222181049052,3709.4657857545035,3709.568525943026,3709.2812660470067,3709.032620682411,3708.75213760598,3708.3920050284196,3707.961035132981,3707.4845325046053,3706.995928581815,3706.5370851345624,3706.162800558881,3705.8605606742194,3705.858136359871,3706.122443238544
experiment_553,4373.102774554884,4205.1076813303,4186.191254447978,4153.09432805064,3981.9019867023335,3948.3999589357554,3927.514677761016,3894.863753847381,3922.9783428857772,3910.031531184586,3903.1176435904463,3901.827519637306,3908.244223562409,3921.9140431489463,3942.825101048429,3972.759384833231,3578.253110182321,3583.526695557787,3633.1450169335385,3630.4739795031337,3636.425099607055,3972.979901933954,3990.281269520749,4064.1651805988604,4224.627540291047,4382.887731555468,4165.3050591406245,4270.107718117144,4316.527909865534,4418.950150103767,4531.076708547279,4500.20927030207
experiment_554,4373.102774554884,4440.386047754186,4494.712512470534,4566.930587943434,4290.776643248962,4338.440744183835,4385.8472791296535,4430.495673893318,4229.112417997831,4320.958729091819,4368.232664240706,4416.799108973555,4138.207659595795,4183.705936092076,4226.7081621647485,4270.856208196284,4314.014572818247,4314.242129131717,4328.862689426839,4378.557263450448,4356.43775226353,4506.8968691624095,4494.031671644822,4532.78223702159,4579.343108751023,4388.55651415033,4453.12552112575,4497.087856515869,4551.920628001066,4608.339956531793,4664.835036133711,4719.424544171469
experiment_555,4373.102774554884,4404.6551860018935,4431.803731449471,4463.551864568819,4361.685843164442,4368.490338410965,4304.745932218028,4327.554253344799,3981.4412994442528,4000.3272968392725,4021.4759817014774,4054.882412555711,4075.149968022171,4150.138458675316,4170.032979833956,4242.819832751234,4260.164219181029,4280.603302164773,4301.1349723653475,4321.975757781378,4342.766614147227,4363.852656370549,4043.6333811801514,4061.9874601432784,4081.4276881277,4102.006037552001,4119.204030807312,4110.666328698961,4134.001503038183,4153.880306716389,4174.229101835407,4199.236669809526
experiment_556,4373.102774554884,4413.655855304366,4443.35873949136,4487.237729191898,4375.4296324780735,4407.271668180622,4352.6600720668075,4403.076936220607,3840.2145073544298,3865.3899735400882,4051.744041171672,4228.105070790811,4230.254679515241,4269.128950327774,4336.129680285287,4492.384512790213,4633.109584876431,4701.5089029236415,4464.400389802086,4545.237368089653,4637.826914618013,4710.990565981001,4825.529308369996,4661.30410408086,4754.117352822215,4656.12895572541,4729.64717865853,4856.001865657813,5154.757936146827,5442.632102729673,6328.441160682625,6515.945349830998
experiment_557,4373.102774554884,4395.413926201312,4408.094445591394,4437.09333550152,4315.429793901409,4341.312615766261,4375.5173835185415,4409.629648003796,3881.1210118461304,3866.8412700936997,3916.706972906191,3876.582536633397,3936.37002262396,4550.315236608415,4536.966358788537,4532.212417488434,4639.161698444659,4801.670437099368,4969.32214570843,5036.835626466637,4858.239163627843,4981.367723010853,5087.018766305069,5112.584657812236,5082.629859340278,5101.7387988233395,5262.759568103825,5100.564785922361,5439.231981358907,5582.654553141661,6090.19100213288,5929.36754145461
experiment_558,4373.102774554884,4430.5671198075615,4485.810014249043,4544.675933082829,4360.054977349371,4305.563817357353,4350.756299547085,4396.576665550941,4257.159993042729,4173.123745602643,4218.019632353736,4256.608925393235,4386.091849638337,4440.071262824641,4555.324716055896,4610.84686616394,4668.535939099599,4404.810793922539,4420.126388365627,4465.9974157372235,4511.958043037557,4557.846571584629,4594.217307488885,4531.359104366615,4572.261290216822,4574.88878664967,4501.013547138804,4537.242659676419,4404.685304919554,4433.356635599653,4465.257939703572,4487.00763692392
experiment_559,4373.102774554884,4191.027303065976,4140.775689784708,4127.465126680322,3952.5138302091527,3904.648170707057,3879.054961750844,3855.4711644003346,3853.847326394909,3835.1165300854836,3821.47823107378,3814.936797041959,3817.1226169959114,3819.678525534539,3821.1292005689843,3835.5557149786528,3819.742607779601,3845.9184160026434,3889.8186867626955,3942.089300112977,3933.4641195755858,3976.402860072022,3656.395331147065,3649.1756078883755,3656.0767081220224,3737.71544432727,4210.05294765789,4271.0670385338,4449.035480426066,4612.337438228988,4726.551112769002,4358.9450226324625
experiment_560,4373.102774554884,4339.465290901926,4203.5707468693645,4180.4158023716245,4023.2023264999743,3997.239000436427,3974.5841280070144,3961.8807065411957,3979.665542449996,3979.130589713681,3984.3991497011057,3963.871188313762,3996.5971647273445,3967.759409664757,4000.9006597806765,3650.212510168911,3694.396178146329,3678.494064843295,3675.923392952853,3739.250824895642,4372.446257889544,4286.404808705953,4361.940887600362,4529.165937691694,4706.80541355238,4492.05292579464,4487.782889509735,4552.323365104094,4270.456622863117,4097.248188152852,4193.412945459535,4665.727292929345
experiment_561,4373.102774554884,4400.874105681036,4425.805774526987,4459.288783303757,4333.425676356083,4360.757790647949,4381.23187011648,4388.569828434193,3973.110410614727,3996.5246791015697,3995.37446810531,4037.5931955511687,4060.0356452538954,4069.1006438321783,4094.1147839245505,4119.744751387032,4155.474424053664,4183.0889076597305,4268.791397756215,4298.52317792109,4386.843024406875,4418.766542158491,4579.51426442939,4614.094614020025,4649.320503239339,4685.874805013409,4390.864992691473,4419.561339469587,4456.031088490394,4494.486948683692,4493.626727395502,4527.989100813337
experiment_562,4373.102774554884,4392.768275815755,4405.834873754346,4417.915427572183,4279.269783619135,4281.11171586471,4283.107507255416,4285.678669014955,4136.68980711685,4124.095657002216,4142.918114716449,4145.826151219538,4149.3107476466075,4152.860612259917,4156.4344698663335,4159.988653830789,4151.914077611823,4155.120847398307,4158.184125133026,4160.921073316141,4126.684150167508,4128.0902969530725,4128.908273599853,4129.041144979765,4128.388372878328,4126.845654847723,4124.303630651758,4172.275397006706,4168.032792643946,4162.443237456995,4155.725977581383,4133.437945381014
experiment_563,4373.102774554884,4360.006558374471,4314.784718609432,4301.052220316495,4153.67287244826,4130.021155434036,4109.188231927011,4090.4681836713016,4053.946785567093,4028.4823301202723,4018.4608344173294,4010.2179078802556,4004.875925928981,4001.8070945720046,4000.996222714077,4013.8086472667233,4017.5373087001353,4023.475113655557,4031.7733025095886,4042.313929770682,4055.6698720386994,4016.53044252782,3996.7022873451324,4016.227112205418,4026.58737081411,4052.550835003492,4079.5718828320937,3704.8754653899905,3734.1763820709502,3706.5622308819497,3740.2853978450676,3716.0639898244763
experiment_564,4373.102774554884,4356.435854661887,4200.018842709351,4186.3901932793815,4030.778116645611,4001.480926303587,3974.952611472978,3956.9572477636852,3596.404362269897,3587.330529745962,3582.2801336162734,3549.634234080801,3553.7491762598693,3562.9253964751742,3577.1572323936916,3597.3339801466154,3563.323762108167,3546.8774465455485,3581.894104802205,4010.0416322078318,3974.291085029252,3996.9222458091836,3995.3974444324463,4079.940993413699,4262.640926479306,4347.319570469043,4096.10761839806,4182.4631836182225,4221.224142650742,4240.342573586837,4547.059057069509,4385.264208692404
experiment_565,4373.102774554884,4326.516312672053,4266.231260119499,4258.985763941742,4097.60371259691,4081.1786024800713,4065.8246782238425,4059.6532477167884,3982.3368523750473,3993.904359960516,4012.365953533014,4057.552191402956,4053.9392728755083,4095.2551648718404,3753.3273345307957,3719.6912339903365,3735.0040730137184,3820.9421778350393,4324.135171779927,4357.725373011694,4554.863476505137,4638.560707916525,4443.100255652512,4592.6437697217225,4616.425618218063,4618.736097710821,4512.137884868806,4958.904833686742,5725.9635430696135,6483.076072024839,7144.2337295717725,10423.33761882826
experiment_566,4373.102774554884,4300.873687822237,4231.9629823821115,4186.3268982670115,4001.999584089508,3944.8722802544935,3911.1142641849356,3882.2161130746654,3802.8466428316037,3777.358986075722,3784.571638905732,3802.6329544035125,3833.5809653037913,3876.70442947807,3922.423372619305,3988.6309185799996,4074.6870167995985,4127.657312000405,4181.621431506726,3829.4222045126185,3889.1158191820946,4616.037846702265,4609.954578007846,4914.504383926185,4749.453226920203,4924.072742515126,4939.60892433046,4799.826065084448,4800.838770742891,5185.678609708866,5613.493334239946,6854.498343808032
experiment_567,4373.102774554884,4273.550697644372,4170.938908545592,4083.711103663301,3875.6244846013337,3813.703719046077,3866.976288174829,4003.678795619568,3650.803169291572,3629.2978804526747,3643.5723635550794,3673.9039007551282,3717.8021238063593,3777.753110699872,3855.3947047204483,3939.623729256928,4043.9714172290214,4135.595835300172,4232.793736616152,3856.1623408274113,4609.643389101753,4642.329102349442,4952.478213444955,4889.045247686714,5010.957397895996,5009.783209313253,5108.305372998906,5325.765716382688,6016.1556679049245,6818.061285423566,8596.43242433319,9677.844306962583
experiment_568,4373.102774554884,4366.515878639741,4222.047319579935,4226.7917303867725,4068.1808490897665,4072.73763565937,4078.817190743025,4097.352884641715,4025.41874384047,3956.653318353712,3961.12062184498,3954.4209893908846,3992.857767127647,4050.394596240677,4188.4848641732615,4316.805053773352,4072.0528285477844,4151.18094419004,4220.054591627643,4274.693647986192,4620.320243559899,4435.585545167851,4422.314587814897,4461.792198468513,4614.772680279574,4738.927820313477,5773.310805893501,6219.789258476416,9027.092765469406,10195.055127289867,11092.647718689917,11571.447813051398
experiment_569,4373.102774554884,4148.215512801646,4040.304242294138,3968.3103774424667,3788.426144915925,3740.402865995998,3680.2812008075016,3639.471391346433,3630.644720013533,3594.4089993215025,3594.494736238373,3608.5293348152136,3636.5308164532153,3681.183018467069,3727.4163040923954,3787.6864781723543,3833.753694320786,3955.7418912613502,3628.658100641431,3683.050649649268,3927.8374599067115,4278.8385388749175,4580.952560475975,4317.80361363844,4332.917527187338,4075.5219842076094,4426.002294519906,4698.914024073238,5061.340624219875,6178.4799836357115,6972.059463940569,12360.520154011834
experiment_570,4373.102774554884,4325.482740366487,4266.964826652638,4233.390239814764,4059.9810515465642,4031.4886295221113,4009.155870590289,3991.351350522408,3859.913156740997,3863.666443409904,3878.511360531775,3904.4687133636335,3943.1257366544273,3990.674645341912,4029.2405926727074,4063.017195058879,4145.237935802272,3782.2224739643634,3832.8095086914877,4119.231291590565,4471.068729330127,4719.010162090762,4924.293999141087,4777.843248640078,4958.0415267876015,4648.882499251778,4585.688371236137,4837.290188653701,5650.4885708990005,6517.762118646837,8098.00803704966,11844.095833914915
experiment_571,4373.102774554884,4472.007795747053,4558.068979381562,4550.382028384944,4382.37769364735,4444.884642250486,4500.283314471908,4474.072241743743,4308.381233453931,4411.787822334449,4447.829824427445,4554.13324569383,4604.162230486842,4652.54992349294,4393.485243436104,4428.649482001224,4469.321194347369,4476.830764370021,4514.312431610141,4553.833599554082,4593.134686451709,4623.724281649438,4628.600092287499,4660.183512016847,4699.128810435379,4624.510481678111,4663.025802161701,4547.630571375443,4581.851670186959,4531.503497385258,4558.206875927515,4594.104290301761
experiment_572,4373.102774554884,4323.857525000892,4271.440020563186,4226.730625744267,4053.6375347847397,4024.0493553017504,3993.250133150209,3970.882227324464,3844.480446722396,3840.6414608655746,3845.407910962438,3858.139304764867,3870.7572642647224,3901.7422000996917,3945.0484305479945,3994.5656512418823,4050.7582399590788,4126.056662983025,4161.906061807484,4237.365229393958,3823.085538459882,3863.437487117598,3970.302850591277,4469.6942099022945,4595.872423696934,4895.986608445398,4745.5342861902545,4910.3810435910955,4983.977042391976,5013.484458846455,4989.5111450379445,5206.999516937721
experiment_573,4373.102774554884,4360.686311078316,4233.844959746143,4229.390955248885,4093.2025839199696,4078.034254528249,4074.378931028996,4082.7597648178225,3682.3282229523375,3691.7993695386385,3703.9784033982573,3685.5190052047105,3644.6668414687665,3661.7112941215864,3624.4904279018306,3644.314947638385,3673.969295071248,3885.9178354359547,4241.68106789648,4208.156531474255,4197.4083030965585,4218.268656397335,4266.629772476452,4332.756751055396,4444.69974231418,4558.210244767968,4617.52260676334,4678.09637827616,4736.403815222034,4468.875360001548,4530.626515607774,4546.979422457673
experiment_574,4373.102774554884,4289.475951909857,4209.890801880702,4155.587763193444,3960.43894650981,3896.491088757646,3855.626538283779,3820.8283810681983,3727.8232432418736,3696.283337510995,3697.735255012407,3712.470683339484,3738.6859601992037,3778.9510620201618,3834.913907904118,3904.718556374274,3976.283849461033,4083.2363230534347,4149.490593964626,4248.228996583415,3856.8535169880042,4569.583008229398,4588.426439420818,4930.080024426563,4805.45973093244,4916.773242949462,4913.038693449427,5133.941571024143,5341.092734507596,6570.512820232056,8297.55399432923,9227.263363315433
experiment_575,4373.102774554884,4209.30970483592,4139.421863819545,4082.240267503043,3873.7362979235886,3835.673499264098,3782.575438730276,3731.1695200717413,3736.0364293981174,3672.8853220361243,3639.392751652345,3611.2141193278694,3588.029432697085,3594.314966968529,3583.3972164289876,3578.3725662796805,3909.7167952343148,3917.4680609548823,3932.2446367532484,3620.9970729522893,3648.579166415597,3683.3879185463356,3728.373645386304,3779.6184464297257,3838.6338214379884,3907.5527757927675,3971.6868473315817,4066.847713690482,4035.7606613109274,3676.135843248071,3722.668109688603,4388.562580459444
experiment_576,4373.102774554884,4233.560874286703,4159.626858384703,4131.304675879188,3961.8774668338374,3928.2124245654177,3924.7975537492393,3880.554862285825,3903.0314265395664,3894.650437510864,3893.3406865172865,3897.4619490850946,3908.4007318420304,3924.590432959656,3943.4533213488235,3987.1521726267592,4036.9356197377074,4024.76554016821,3634.6762565966724,3685.899975792412,3677.2532040729557,3678.7184030981643,3746.9973338622353,4316.163470182231,4238.211843726383,4335.956003857674,4570.094317712079,4681.7172837142825,4474.956998248244,4552.812530148796,4648.426335639941,4386.498145065683
experiment_577,4373.102774554884,4480.3263262402925,4571.098291629431,4570.694141659903,4413.050469763224,4475.721160277452,4531.630101244565,4506.129721956992,4394.355070489436,4329.404925770099,4381.884261034573,4518.357301268105,4570.506536768969,4682.7548219309465,4724.850444450104,4762.06776723377,4510.556981151114,4522.473335054068,4567.370296681712,4610.388766427464,4646.634816754985,4689.226031482964,4727.156592789676,4745.0093385644,4784.52555284598,4750.25759951594,4687.702366094641,4724.573278983526,4571.968150348877,4612.558889179519,4653.423097979661,4690.325198352745
experiment_578,4373.102774554884,4387.219778643414,4397.076044235109,4409.612449406348,4274.502700759534,4280.266408092242,4296.497648163597,4316.376206012303,4210.217087511394,3827.3867082095207,3857.447497595592,3798.2439686826356,3836.943549942228,3819.7151017734736,3868.721682178578,3917.6078745078053,4558.211398868495,4540.4436901595855,4530.324870384628,4701.121155897727,4850.373386461397,4957.08731591817,4726.470787456878,4822.396249972859,4917.194496505215,4939.103758044659,4807.662567843991,4908.837852226982,4906.953805853359,5026.374509380759,5117.137311844018,5373.732564177786
experiment_579,4373.102774554884,4286.400746857054,4236.294438906847,4195.251244613922,3996.882333106191,3901.6996894658946,3853.229532672924,3888.6157281872656,3785.913310647278,3759.87546488051,3749.9293300488976,3732.9884107860244,3723.8711396731806,3720.0201234893416,3721.6093381137794,3728.38276225286,3743.2770944797094,3761.6722744493445,3785.810695423076,3815.941226126207,3876.893639052772,3920.085903514481,3969.1210994696476,3974.6345789374973,4030.565882856178,4108.739667809086,4109.553268924474,4192.579994665386,4216.327702620429,3832.51362914115,3922.7075593343184,4025.8214862509913
experiment_580,4373.102774554884,4363.107072866051,4219.616447018485,4233.281551054098,4057.201437426209,4063.855573707686,4046.7983928643825,4046.8037314732987,3651.3626752213336,3633.2225934118937,3632.04550848122,3602.0339789493833,3624.557827330039,3632.8818905909593,3644.0963684940766,3658.220028803077,3675.5438373658544,3695.9269924836726,3659.449791086131,3678.5383512067638,3647.7750287876624,3680.731996302185,3713.0259079095367,3760.2445359052745,3875.7215950337923,4217.767460926983,4243.743605373644,4303.106403609911,4377.847209090687,4499.949572409652,4628.446377824193,4702.010395206262
experiment_581,4373.102774554884,4238.399099913631,4088.5729645035076,3994.9518070674676,3798.3070445483745,3727.364814093233,3728.1664476879705,3773.3317953189417,3602.5295042209277,3551.1873091005873,3525.8158774431695,3612.6262328519706,3611.8009093212313,3619.5355909747286,3539.1328447597243,3566.872254628442,3606.229033369319,3654.2223648440154,3718.134611754604,3791.1831529258598,3862.939255587732,3942.2734984574226,4067.5446409413553,4082.9831986600584,3741.940341748124,3809.307013320135,4419.781995221299,4502.240193662419,4780.249538588612,4616.2713399768645,4698.501903829633,4717.794084090496
experiment_582,4373.102774554884,4444.712795866763,4507.316118034731,4584.617304405884,4306.571487317469,4367.299589779329,4429.845441599398,4488.914443634129,4215.010781206731,4355.556570879635,4480.468361771679,4237.070234288841,4303.98673086349,4373.45781699597,4404.175099372893,4475.264554552797,4525.458420760611,4602.726539380247,4530.170849790968,4334.101829490959,4408.421550334934,4657.768488863275,4845.112659357201,4841.582797142815,4866.890590652326,4974.305219529014,5056.055570283737,5206.745415002248,6415.035613822075,6647.052280331861,6826.220607025447,7017.01263328242
experiment_583,4373.102774554884,4378.615730491692,4379.371505948017,4385.719442579453,4266.556415451777,4275.985131981954,4297.650235051806,4325.809623331147,3917.8091109997363,3944.1435651004667,3990.4084583265594,4040.99863302456,4170.1225188912185,4278.786571699931,4013.197314639676,4086.9622437591884,4130.756630396064,4234.579138875391,4505.450884414815,4464.615451954398,4399.29899781956,4253.418876867126,4387.567072944736,4548.110000730835,4662.737186668523,5560.6801900522705,6003.827873007025,6277.231068122508,9329.927737249083,9958.209073175683,10271.400809908228,10712.070893053637
experiment_584,4373.102774554884,4394.380810212405,4407.572767178153,4434.41791004251,4303.868740153706,4322.16679502568,4350.69808044558,4376.855799708837,3801.7015647889684,3833.3601565434083,3806.9330026953317,3808.4191271753816,3851.6720840212593,4066.2322166923077,4422.22863374915,4396.354780645172,4462.895244490243,4554.944421779299,4764.1011847154,4841.849031830333,4936.225786657765,4649.705167179596,4653.604594136745,4712.480453108316,4526.105014849687,4417.706154538804,4311.96355377629,4415.11154979603,4496.218596719214,4560.520366496731,5131.403273883272,5569.370718400257
experiment_585,4373.102774554884,4412.117213664648,4435.338935233648,4474.794215057287,4388.305363043048,4410.8512118106855,4360.787975646852,4306.316577939084,4216.842104797324,4102.166263672874,4143.366362849991,4193.149229456582,4279.158570350388,4413.62978722282,4551.328703383357,4636.911455986283,4392.229630307553,4442.958429577777,4520.045670160887,4492.138617378032,4431.5363791020145,4227.72113133339,4250.060479800539,4317.033797017853,4302.797622340084,4616.965575319386,4810.646530829202,4970.973518389954,5504.080624318006,5166.12575542946,5258.172968767205,5355.832627332885
experiment_586,4373.102774554884,4406.221046043812,4430.636387775665,4473.160426398455,4365.652114789924,4406.8443454046765,4365.165146123822,4328.890963851239,3886.172587158083,4079.654464386808,4336.8644167732,4313.29508113615,4421.1377768240745,4691.785211047187,4539.688446704512,4642.395966866761,4792.0606959705265,4952.953373298547,4708.245041991668,4875.33890009462,5032.762111147917,5563.408985299847,6221.765478743868,6750.030672466953,8028.204579623637,9099.749585496618,10061.170990888579,10756.214040554829,12027.78073805019,12000.158520429304,11326.310303432474,17427.287175997022
experiment_587,4373.102774554884,4421.865150241676,4469.750365895739,4519.837531938721,4417.1791758509735,4374.894577272645,4327.751480664307,4379.572151333661,3922.133583943116,4200.1309702848575,4253.285215198048,4247.264709933403,4306.534201385539,4367.601555717572,4516.489036673971,4627.704999065964,4696.528658275729,4456.597248108552,4490.8364557111,4556.707167553775,4621.493841427266,4667.261935069563,4716.6399234974615,4677.200791653357,4504.6807392020055,4535.515094240018,4602.249412103239,4522.321036048704,4565.072420065552,4614.759477741082,4662.272695125032,4734.401446769025
experiment_588,4373.102774554884,4216.589778242596,4171.105434359404,4141.048420027137,3964.550816190016,3935.840045348167,3909.9534000861686,3898.009615296377,3530.332014059117,3522.080179255448,3519.085257894945,3490.320416982776,3497.426715770052,3510.227190423226,3528.3042849091985,3554.9077591278387,3587.6233502675723,3584.643512704677,3570.0156902546714,3629.9250341335965,4211.463669182259,4106.542269429721,4175.515022655569,4332.14345543088,4493.339594983841,4262.555374976611,4366.060011684521,4207.53566682739,4491.801688433859,4326.7410338290365,4355.928560478221,4423.347458136925
experiment_589,4373.102774554884,4399.135178225179,4409.684300926626,4437.488180947565,4317.644379893094,4340.404125142217,4374.419832815525,4394.196604125689,3777.2641567364517,4054.4995352634314,4043.258257950317,4073.5563212510397,4117.0337952242535,4171.005722705938,4247.32071630839,4372.285528579405,4504.790416392443,4582.923193192658,4336.565691419561,4381.598171284471,4456.620219204222,4419.546481094191,4477.408128483645,4430.548854337936,4325.329512637537,4417.564712290573,4678.815403197408,4719.323373892021,4835.810632812405,4934.848018400862,5103.269495430031,5209.370056151013
experiment_590,4373.102774554884,4400.457893437564,4407.864647874132,4433.0577831334895,4313.151336308424,4320.5359855838415,4328.369982559271,4340.1085665172795,3717.689611923925,3717.100397293819,3733.7079941973407,3720.3078359360998,4136.182502974884,4126.399925712583,4074.573249914069,4049.073363529226,4078.4406656163483,4094.6035888991523,4119.673943144233,4149.699417826226,4192.896060602539,4248.934080020588,4350.689399356892,4454.014200581776,4502.7057085066745,4553.596527522649,4608.886382778547,4332.944897445315,4388.3975266032685,4407.417081285971,4467.060255497101,4417.230483244866
experiment_591,4373.102774554884,4441.596372371274,4504.211054210607,4571.830374131789,4296.295936171713,4345.594110314373,4390.078730695124,4438.417418962486,4347.410421887322,4341.439538446817,4457.36357068086,4512.781695362146,4572.238779192052,4306.364283154544,4364.039825145042,4420.087887144056,4443.045944165809,4491.705036046401,4441.745625999314,4368.556256925557,4405.324832713269,4136.662384541514,4319.478683279745,4494.852576107811,4749.723792470514,4705.901037292281,4857.430321889708,4827.327517131616,4891.653928416556,4987.831618627917,5136.555528519721,5947.621277539773
experiment_592,4373.102774554884,4437.642981974269,4495.2138207163425,4572.23369518981,4406.287397810163,4360.2572645483615,4422.385887434354,4482.297161454808,4204.253007467742,4266.711915448107,4418.99516907092,4550.800736160858,4320.83742004681,4385.308643782536,4429.465061493562,4503.632331589291,4551.80672581965,4613.706870010687,4576.059703555563,4488.089120188948,4470.939714688107,4475.07452005237,4410.252355527549,4452.6312675651225,4866.416507018358,4800.565375514343,4967.316258012848,5030.508276188373,5168.056372372751,5469.853421114454,5822.324613149145,6183.898700264763
experiment_593,4373.102774554884,4411.6539935401015,4442.53531882593,4483.3715792413805,4382.950938720944,4427.41418150633,4387.933920133411,4348.728841105161,3904.767995865139,4476.532101249878,4384.422305999825,4404.200545836442,4488.064741149539,4667.9526503565885,4831.0901284610745,4925.164569116032,4703.008623692961,4806.337857328473,4902.065816060225,4925.879487073134,4886.148910540143,4926.635123504988,5035.921713531336,5154.042232793736,5426.124832062152,5358.908208546332,5584.803402920193,6301.382213963971,6733.848011603532,6991.087273060007,8127.063986946116,8710.843304663247
experiment_594,4373.102774554884,4411.428440914546,4453.7422598895755,4503.923433468276,4319.785807350574,4366.387462037628,4316.191814035545,4368.902818397799,4195.25105599837,4298.696520256719,4020.5885651959406,4078.683887551142,4103.648926808897,4177.8142910944025,4232.547158368006,4480.652327862494,4531.893241745776,4340.442643420024,4390.337765669942,4448.566871368746,4276.068157388796,4348.915103047706,4434.745016928644,4515.59096297418,4608.448058687457,4669.708909895655,4771.853609000849,4836.2100182785425,5682.0502487438835,5774.382461890404,6091.024140555249,6234.9133571905095
experiment_595,4373.102774554884,4368.887325428768,4369.788102461533,4375.442387380046,4229.252596704355,4232.70697771786,4242.899156228679,4253.078929237963,4160.584617890766,4192.504597517873,4186.86726551336,4176.219625208287,4230.125412484835,4292.271049597441,4305.065949027322,4248.807104997008,3967.8986212558457,4051.890909798622,4323.395692883902,4732.137117095923,4792.308786819067,4940.245035756664,5074.65955814099,4920.253603134155,5144.744512319499,4517.59511881496,4518.199068183673,4696.714816546694,4975.61614150773,5169.397022982897,5424.481533165945,5746.631790459521
experiment_596,4373.102774554884,4333.966187312431,4282.825958747263,4248.306280162978,4066.4812719360234,4031.5149949955994,3992.6502799729783,3958.937157863932,3852.0729498323167,3809.48267981455,3802.1781122710718,3791.0427021070063,3783.6715309481606,3784.1431928389848,3792.6612149819143,3805.746946508308,3825.3287035692597,3851.0028149068257,3874.1108918130603,3904.6276905071104,3952.112954069319,4002.171391083404,4065.12577806729,4096.545238447305,4161.364948582106,3794.8267901694917,3816.5572777715674,3840.2833455436153,4394.840383576371,4225.121029657487,4326.897750785109,4512.980880142172
experiment_597,4373.102774554884,4482.960790376822,4585.562711108374,4507.4444458766475,4460.580309367963,4471.290092594994,4493.553984513766,4600.259878382907,4611.131727699564,4782.6868837899865,4563.471381028985,4634.14351000232,4751.48274850725,4848.593302418635,4697.906961705139,4678.811926035587,4790.833996396314,4884.648395942042,4914.125069059613,5071.492481416972,5620.847715052334,6092.164913274965,6550.105787237369,6914.7522195935035,8378.497763289692,8773.522367023887,9580.745061005264,10145.508998268708,11617.227197182146,12042.14235434425,12060.552292376387,11871.187335530863
experiment_598,4373.102774554884,4382.026250830373,4385.615451727912,4396.946500246872,4274.6560260039405,4290.012371109208,4309.3533733645745,4337.039240567786,3975.9357595628953,4010.66188008458,3977.685422863011,4042.901615222384,4082.157210641216,4155.3776705166465,4273.055642772925,4404.292496139701,4485.0998481098,4234.6005308686545,4314.271626881504,4354.145561602162,4292.288368503191,4241.531193191379,4178.844225812209,4579.139450515167,4398.117324516309,4521.846643285883,4637.930022019021,4743.094119179334,4944.842140541605,5155.558207076067,6240.572945737451,6381.715685312578
experiment_599,4373.102774554884,4273.841333401986,4168.147420548289,4074.1049892182427,3863.8884651269273,3892.5940515651246,4002.3244086501713,4076.0139239426244,3689.8937760151402,3995.8480395018405,3987.1604201104474,3991.243438372966,4008.2140779995384,4038.6047464440953,3627.2660770770644,3679.2026911673934,3742.770037911609,3821.1949860065088,3937.3986748696025,4028.035672684876,4146.975345950919,4182.394884896536,4287.702530135578,3955.577650539857,4731.915789403362,4820.129608184001,4987.846935874868,4978.885996135954,5211.536087699227,4861.354540854289,4857.580244362063,5268.978170010896
experiment_600,4373.102774554884,4411.4684118587675,4432.193762140712,4463.6688115688485,4343.426574559622,4366.94491322096,4384.597421492897,4321.385088502304,3962.422632778469,3957.968248299355,3973.654586119961,3987.149410496335,4000.2006228728587,4011.727089441226,4021.772179338138,4030.5458791820392,4035.459477060889,4041.0587039073116,4045.065809698562,4061.8749379043347,4062.8120392647324,4062.1707280606406,4046.5282275745926,4042.7658631254176,4037.3783446365915,4030.4046016222687,4021.8155323216715,4011.6733387151285,4000.0498542541054,3985.993613932841,3971.0986396631647,3956.2351535081125
experiment_601,4373.102774554884,4387.1810905539805,4392.443467913845,4400.425127527264,4272.798378232123,4269.625488383512,4270.068897932722,4274.065399647022,3745.2366684652607,3740.370842968346,3753.2164109798614,3736.65560431369,3757.1205424056507,3774.772907749294,3742.173479558385,3773.2603702345828,3746.6736836044943,3800.4330287301896,3843.496660844752,3891.0122119675325,4281.960514814927,4314.300793676462,4378.738681109342,4448.26059719789,4473.721878808217,4615.63914711298,4700.408209134297,4446.778265960837,4529.684884714823,4616.458521819017,4683.194549386247,4596.777360695935
experiment_602,4373.102774554884,4342.653047304152,4227.08630797189,4201.927985020886,4056.8494290941853,4049.1272303203577,4048.342046400493,4057.497600278646,3671.409016485027,3680.500710877216,3711.9651724756386,3660.329238186704,3700.953151538414,3694.476481901749,4299.17386924899,4268.556156961894,4284.910782219773,4368.900898669865,4615.394129110972,4736.966874889211,4539.1003693737875,4620.09763390613,4638.293182521307,4343.971235880451,4254.409784185723,4278.18138975078,4858.076871375735,5811.095293098544,5190.8542178367525,5365.55271379751,6778.674807767278,7136.821525969279
experiment_603,4373.102774554884,4387.7497201761325,4399.722304959794,4421.260577788213,4306.435615820645,4336.318502050512,4380.205546837312,4418.650926168969,3789.436976576013,3979.778758498628,4205.179557608686,4191.6875256870135,4250.656095585504,4424.664103121842,4583.633112468762,4682.522313096149,4462.647625732263,4578.790962788909,4669.284309640725,4691.292255415818,4580.056208018274,4533.207433011358,4653.53962993112,4899.14912433605,5521.31209965168,6124.229708760901,6463.386833721357,10398.267063473117,11253.524930112348,11285.77987383316,10955.630752165604,11364.18701264326
experiment_604,4373.102774554884,4383.010151243941,4391.309128996331,4400.431107554716,4273.079703396321,4283.9143725567055,4296.74587351228,4316.787314286855,3988.153508259523,3981.308930219378,3964.1875071866534,3999.650861395061,4026.4831882352705,4071.69158091842,4192.700236365506,4300.588348663283,4363.834326699874,4431.466308848649,4152.778529612614,4226.888094281239,4262.197848296057,4184.290031097533,4219.474573750862,4521.828857762438,4289.2044670731675,4396.536090799656,4298.317118395049,4395.795178855855,4511.775091833065,4605.335680703194,4762.380524880983,4897.661332402963
experiment_605,4373.102774554884,4408.668601069034,4439.1108039937335,4487.734670060757,4392.169513786123,4345.607336759127,4304.268728747702,4370.32543845673,4164.56550973764,4189.986426033378,4272.099071096142,4433.4461088840235,4598.373474110511,4707.144856646039,4475.189579043656,4583.372406497525,4588.273502985782,4557.783585563079,4503.331938230951,4466.965797055182,4482.000292991523,4546.066717107633,4781.433815909851,5551.865685761888,5789.5848700734605,6382.495311355275,5973.464231181163,6970.267922935538,7048.697759502581,7373.928617330639,7323.79128171415,7047.734917861429
experiment_606,4373.102774554884,4203.125844249709,4181.349714221642,4147.259793407472,3977.2816253762508,3913.767043638579,3909.2227991327677,3893.5513837900758,3923.361341336794,3908.334515519434,3897.6831027602784,3890.3454155570016,3888.593053375153,3889.1577232859586,3896.671050187272,3924.7421906219497,3942.221541472857,3965.3790706028944,3995.0966255038643,3597.616914719093,3577.1649415087113,3618.7531221139443,3606.189625526786,3596.4672273116375,4034.9147633818297,4016.6911954869656,3998.9676958938744,4061.4966618723583,4211.426202014009,4353.842735896669,4122.919854824972,4217.642376679489
experiment_607,4373.102774554884,4408.201913452849,4440.985500926889,4478.486779661246,4377.794298078865,4390.986693954381,4329.738947119721,4362.4930683583125,4015.889304390399,4023.590486451731,4055.7653828679086,4090.945436869462,4124.220966913977,4151.173532306389,4201.753576536386,4295.900233532721,4332.878998571997,4428.705872224857,4466.74856260297,4505.071271330047,4543.043500183245,4581.031654988207,4288.938054721459,4325.101547600743,4358.898630431118,4392.789015186619,4385.88240323515,4424.83052883729,4357.971400535283,4395.73446582562,4413.177552386143,4396.1596719093195
experiment_608,4373.102774554884,4449.429160021484,4519.691559013845,4596.8134477635485,4322.697019013263,4375.153503668793,4429.027236274521,4477.148814908635,4262.7433634445815,4362.475594291662,4407.328843160787,4115.420161035735,4151.44976785082,4186.035232826539,4214.483483465871,4245.008789707864,4272.492947293963,4264.202133274978,4296.377792654498,4290.5231058427935,4299.2387500024215,4303.024641250124,4320.948119997941,4337.363419611234,4352.4213506065025,4296.393173693963,4308.860916407663,4322.125866147124,4328.5029086974,4537.90072131406,4547.573875562113,4450.992209431381
experiment_609,4373.102774554884,4405.22125613137,4422.309478100944,4444.390172575964,4307.964798008875,4294.935219784797,4275.756952750265,4254.479245080097,3733.2924471609117,3694.6045471046436,3669.467987351921,3626.5422452972857,3987.952613576932,3957.2937065573537,3981.404879671658,3950.749311591254,3899.759029819966,3871.3852684846775,3844.1345441631593,3825.8437819722126,3837.936027616213,3816.4626021638837,3807.4161448672367,3791.4926140017587,3787.9712267549353,3776.6496255881275,3768.7763591238117,3763.5978577820483,3761.0438018505997,3761.0027805399523,3763.5667189767123,3768.0436388383946
experiment_610,4373.102774554884,4425.228597964995,4471.804726570428,4523.695014578172,4425.629107029517,4381.202553197513,4335.609837228213,4388.5638988505525,3925.5841315036523,4131.897787388302,4508.958833347138,4401.263748297353,4445.616731150847,4512.995535289417,4597.737569615569,4744.00298759941,4870.021597640484,4912.096213237641,4993.49374541772,4786.6984679640445,4857.422987894374,4942.542605893395,5018.866843381646,5085.255493810385,5063.084110182113,5141.00612626387,5056.202792863355,5142.291377653657,5125.721720789758,5215.816277072957,5283.640058387008,5499.6295022152435
experiment_611,4373.102774554884,4405.408390472882,4426.418473677675,4455.011443696469,4319.109005072301,4335.417528318114,4355.674623498215,4375.7087640340405,4208.570886513769,4233.322906812339,4261.204172713893,4259.808831917702,4295.402974368327,4335.084904941918,3901.1536418515934,3945.7330211762815,3931.441422131021,3977.3346527517415,4035.078867171356,4667.649779029254,4642.904210719276,4626.375117882976,4715.240799638926,4873.870304530012,4928.497275013046,5085.709947731185,4882.466449148658,4985.713130638751,4951.984098590856,4946.2943221496325,4889.2171511130755,4769.854688611006
experiment_612,4373.102774554884,4419.354978290807,4465.459475453723,4502.879750438873,4304.001628654699,4330.364969272525,4357.869887482802,4281.323572332216,4040.062696906462,4066.915210477085,4107.877475092784,4186.436695478535,4213.515337761912,4292.776261869731,4322.087914725671,4352.617239658219,4384.642440987844,4420.358349942248,4113.894362181919,4147.3702441923415,4183.2663649949245,4226.4611400172025,4260.4482937303765,4268.131689972896,4194.073060135474,4211.450803819786,4214.503750515097,4398.246381497236,4277.582936929889,4322.944031760265,4385.14544309651,4343.069693359546
experiment_613,4373.102774554884,4393.014205427321,4400.971538897063,4423.798928983437,4293.715618779937,4302.947030520451,4315.558119284231,4336.514107163592,3818.3169591573696,3776.6457599243017,3796.322179073599,3783.377183512581,3744.831454807277,3769.40694175376,3796.3711278573123,3825.621867853318,4019.205218876649,4434.39687382046,4308.696756288881,4339.607395067382,4362.34016725347,4405.773639484467,4451.502323588976,4582.8216408190265,4556.009653373746,4604.522163960394,4358.368369219348,4408.277508168083,4433.692299912711,4493.26343312956,4558.183137411804,4602.259134605902
experiment_614,4373.102774554884,4468.897148063496,4556.812102070945,4546.448552431556,4389.381960228891,4447.673519231197,4426.302926839922,4482.811557926262,4121.666882910386,4157.319054434532,4196.598643936508,4228.300598895737,4259.913666056605,4281.147822832777,4300.4019516528415,4313.89007285695,4325.349245791251,4328.435479352159,4326.577385308265,4315.088263728473,4303.821732268564,4288.124349709467,4267.673088481522,4251.189493405407,4237.521792542178,4206.348920657188,4494.392787556907,4453.728333073823,4409.611978754057,4362.616351781734,4257.007283202178,4151.348092608858
experiment_615,4373.102774554884,4449.630429578669,4505.453966642626,4567.791911898732,4373.435143285259,4417.252624669876,4340.920203979048,4364.872732373563,3912.915146077559,3927.449420104875,3938.0104564883895,3910.525303058432,3914.0519953084768,3914.447543629217,3911.9530512146025,3906.776669318661,3899.061940888445,3888.95130684366,3876.6098819787544,3862.177295697294,3845.7593634741497,4299.952590689444,4277.311987676078,4252.5873568559255,4223.139181587114,4195.353427176533,4166.082884533128,4142.590089657308,4121.379047085054,4131.7625568124195,4095.5682022105057,4092.87481123852
experiment_616,4373.102774554884,4304.491111194111,4240.317411475908,4192.141421266428,4004.8502913118928,3961.10480356649,3928.2094744181545,3903.8512701976515,3796.9379984935517,3769.4896833380526,3771.786983614132,3782.8728027788793,3801.3727186932447,3828.734696956084,3863.4763204984365,3906.521443992775,3958.290883693964,3998.782924399329,4071.800992800575,4148.256464803396,4176.873606142118,4236.729871862752,4288.980240596471,3914.2358861288076,4023.042612910501,4620.141411886591,4668.1472834189,4903.656226153251,4802.38835797182,4964.8151380046465,5126.644832089591,4912.510871878436
experiment_617,4373.102774554884,4369.262191782345,4284.667186069531,4263.761538098147,4123.95995446913,4127.105740107147,4142.743124837886,4153.237438026812,3706.285185781864,3711.8451306972647,3670.7400865663762,3668.674843501772,3733.760788152345,4262.720252753544,4188.943565613387,4235.35754807866,4287.8663206790825,4385.280001368128,4584.44327174894,4677.023784711575,4444.179652000563,4367.190525901728,4464.80272092669,4408.734647919126,4385.867055921874,4299.629202064847,4569.544541972529,4634.939953517025,4741.879119269923,4869.268114509379,5139.189520539114,5990.983400549867
experiment_618,4373.102774554884,4408.275659120085,4429.979462919725,4469.7894343044545,4358.28053566321,4386.6700877491585,4336.144723571724,4381.4768260983765,4011.3755443253626,4058.5214540469397,4110.567953647791,4162.599635984334,4287.935826379211,4409.279269167806,4475.842173992074,4218.484119030335,4284.63779128967,4348.985227843592,4394.677259746845,4450.845343131323,4336.715624970553,4311.47442271542,4228.454230172222,4513.067145193217,4539.845075767571,4490.609044824829,4610.101740978803,4687.703561378717,4768.21693922385,4934.484313317874,5107.259247447073,5207.907925889271
experiment_619,4373.102774554884,4236.129721667239,4169.178654867859,4134.708905652236,3968.0942814075624,3943.9345235539927,3929.191153578272,3930.6024240316133,3951.0986056980682,3958.399380491468,3973.2908143605487,3995.4787737135157,3558.706242280612,3593.0589664727772,3633.974940518884,3680.6409496660917,3675.4412794867253,3667.046168112425,4134.5800350312165,4043.673311511976,4107.457037132154,4207.941244118262,4428.011536321303,4541.513032728563,4322.885508474521,4409.534985362251,4494.68897456769,4386.857632220077,4561.0040707052995,4671.476595948494,4720.191856053703,4839.380014254235
experiment_620,4373.102774554884,4338.258283776008,4281.211549287908,4255.242004178935,4092.9508881413117,4072.26882302756,4067.7031417281987,4059.7953107939047,4037.180926913844,4042.6401893662105,4000.2939674447716,4017.8175455201,4042.4453169512713,4062.67824784072,4066.80742081477,3990.106623550543,3694.0832507711984,3746.4922924207185,3744.973000609554,3826.2672845982906,4101.461759280754,4755.412959605353,4725.141402143881,4887.527967863147,5052.855536690535,5169.176171951718,5241.221952665086,4745.77043466838,4309.975572708828,4303.708320105474,4396.091375584816,4221.373722760007
experiment_621,4373.102774554884,4412.210933737736,4438.028351853683,4482.950840021742,4369.723081323226,4326.180391366209,4387.438174723724,4338.5062774613425,4044.1479525756667,4101.711252017563,4237.284699592361,4355.5527197742485,4097.202513310975,4168.132721089903,4237.040151670088,4294.90110515091,4318.46305113103,4339.965550903328,4451.817994731798,4401.37399371232,4509.6780569775,4520.144229440168,4631.159043427489,4712.510879431399,4827.292693428146,5008.777670077993,5877.990950911026,6328.281748663092,6523.703802504382,9323.903959573086,9769.72343475496,10299.147963710166
experiment_622,4373.102774554884,4377.440548348687,4236.966801017339,4241.602136550971,4076.6339466467666,4076.4999313944113,4071.474277884062,4074.1636220688156,3616.5230148701,3620.6852043064046,3609.7619327876746,3617.7865929596237,3627.784396003772,3639.5637910058,3671.3677092994167,3937.0555596640575,3955.6675605343435,3970.932204620379,4021.020902413,4008.989312945187,3983.6169281992693,4012.0294555169926,4028.3298757568778,4061.5827135174627,4096.833558028691,4204.325441612389,4248.5418439755795,4355.36032377544,4407.870485298001,4123.880686392029,4178.421242241954,4225.836669199994
experiment_623,4373.102774554884,4411.880738985759,4443.829240010334,4478.864325759255,4378.12425390649,4388.272760107673,4323.895682552068,4352.212141680793,4070.7490962768024,4044.309557387651,4072.072127860044,4098.664670838976,4112.253891658676,4133.68385927252,4158.723075719905,4191.500031519685,4246.071496213788,4343.101619032971,4439.088698558509,4480.181123996121,4525.013072795835,4572.567858683613,4617.765852115745,4348.9603356951375,4401.071153672028,4419.840280313016,4384.465109105495,4413.309379506145,4436.540321360492,4377.143558966687,4148.680485268886,4218.99114928744
experiment_624,4373.102774554884,4443.747413423604,4503.3147228379785,4575.465710917822,4406.578690940003,4353.626960761542,4406.98638042506,4461.134273699988,4513.4056387222745,4281.4791568285,4320.725406681523,4342.6639146220705,4399.070070767502,4536.286000249276,4596.955831213007,4836.891122722502,4889.895030485224,4915.909645438426,4677.09910725729,4718.884481006543,4764.365225383244,4807.225766812674,4860.624094255862,4891.7596398507785,4943.771091017619,5001.931828022312,4842.420918004202,4761.4582459995545,4611.033527385664,4652.814086224729,4695.351057899086,4739.20641584421
experiment_625,4373.102774554884,4402.577256348039,4424.036521685981,4463.397979555599,4352.292923662237,4391.8473805516005,4337.919605687697,4398.1297606518765,3838.484706405756,3894.6152638677063,3959.0861800137764,4497.492515452852,4453.415123893598,4531.244626947477,4716.132927959019,4882.722427426877,4962.947790042792,4779.2252784918255,4904.863778395303,5015.338159170971,5048.4747863668235,4891.630800620143,4876.060113579062,4909.550283198852,4940.963245254862,5213.561450302638,5485.3939367020075,5558.779672540854,5988.58098422616,6504.113238298563,6908.594839733364,8090.825728599879
experiment_626,4373.102774554884,4462.272769316751,4539.539875352789,4613.57474392319,4346.6220655702355,4405.694847341413,4455.553923760477,4509.47874917885,4402.589098147793,4452.884894373535,4499.960975643531,4590.347989190455,4630.207904835058,4728.913856828998,4763.500473455214,4795.515425508154,4805.1356701152345,4832.097588860164,4856.475082021871,4877.726415152994,4896.701552775035,4876.20349147128,4592.372707234494,4602.379915007055,4610.069020538424,4615.397890167464,4618.457525953758,4619.268869692035,4617.958595109686,4614.477671185031,4609.022458931475,4601.580328446671
experiment_627,4373.102774554884,4375.848195811877,4374.557402265369,4384.099368667199,4245.909833486776,4256.574517027957,4273.859722016536,4286.916657603866,3780.254175480894,3790.718035261829,3753.2073136664603,3751.843347590393,3726.956387587821,3783.0271386802606,3828.986056917873,4356.847627095633,4285.41505691288,4325.8920049680455,4393.606091797815,4461.91393324628,4686.576042788121,4781.159912650424,4550.764311987477,4614.50105704718,4583.823549390065,4538.494470963905,4543.252194291258,4449.707809020206,4428.064546227237,4374.131204382889,4935.027560298905,5383.230315475581
experiment_628,4373.102774554884,4499.081395957317,4606.280882284285,4537.111992878662,4489.492271395351,4502.447431462555,4520.195920076281,4613.2292834533255,4683.050566463429,4478.594501866271,4523.210771637003,4561.621130698501,4640.732295174665,4698.87187140703,4767.544109250029,4843.706710577995,4643.600119003623,4578.397296307946,4633.577977727922,4695.855289593885,4727.827933731982,4779.6750439417665,4850.5618616665,4829.457107834956,4895.652685969078,4915.282449552901,5242.214790568828,5303.768181244623,5449.179799253251,5812.6379113305,6041.820896528924,6252.832624780946
experiment_629,4373.102774554884,4408.943983405881,4441.7778448273675,4476.635188793375,4380.350337318545,4300.651726179203,4325.537653079665,4350.011666879542,4004.133737914507,4034.2224051704134,4080.2295749875757,4167.888138710563,4198.180407587098,4295.279309577978,4338.184125299519,4384.4180571604475,4084.486349151101,4134.5545566227265,4188.51591547821,4201.732976059258,4260.430233999166,4128.857968042375,4420.932907431571,4371.858737632498,4283.123182296402,4354.703837255583,4276.041672087924,4348.565870560216,4465.4827699927,4562.739442192841,4751.8955146118815,4891.608614127894
experiment_630,4373.102774554884,4180.811689695954,4120.374632692416,4096.762913404849,3875.0164719342984,3863.7679834837254,3822.3839507637563,3786.7700032311236,3802.250913287956,3763.183236970128,3753.1178973244378,3740.373844353649,3750.8464464208714,3749.5925720439545,3756.734894763032,3770.282300467254,3782.413176241868,3808.293880050054,3843.1312217005607,3888.900334409401,3955.220901195782,3536.11112538667,3587.5922304832798,3591.348193279659,3591.6740586235924,3800.2149283808412,4167.272487755473,4196.643343658633,4364.640148082524,4535.929712559122,4315.650744602771,4303.197663542257
experiment_631,4373.102774554884,4352.947635230944,4252.827046383411,4266.91354176496,4139.597228456581,4158.20882596872,4200.2829166303,4267.207001275601,3744.8302926987617,3800.800560962424,4087.5537664986095,4172.477146651442,4266.639435747871,4534.894320336045,4355.532312832319,4462.834525618267,4501.316479443694,4319.974842937662,4446.631108165692,4556.530558074419,4951.662561630819,5121.481828065528,5371.999720794201,6529.745506539277,7205.150273030821,7396.256170236453,12549.193125558591,12988.654092383133,13719.999427960085,13169.620513376074,14085.439024032803,4882.947856878498
experiment_632,4373.102774554884,4297.751119775168,4223.974784597102,4165.491150267846,3966.1082224175784,3914.5471349558816,3870.4341195591114,3831.4055537414097,3702.7513961602467,3663.4292163833707,3651.96492665355,3648.2165693937714,3651.3675918455856,3661.766446855805,3679.4929909271737,3705.5401572729497,3737.9720485593807,3778.5763634325376,3827.2263091972895,3885.578758803778,3951.4428430313656,4006.5785169809556,4058.759298460632,4097.045322410799,4193.1809937202,4312.2139840016525,3890.2401085170995,4006.862492649355,4607.229212456759,4664.414823859669,4970.4118242195445,4804.082846490526
experiment_633,4373.102774554884,4280.546370448128,4234.4400064947085,4203.312843598322,4017.4759297176543,4003.2114527786025,4000.274416063732,4021.306988472229,3932.7766347163674,3946.8690604694075,3977.812867506192,4027.025659542164,4036.8807830547344,4089.0161196752433,4008.53235906972,3744.2018790834545,3772.664225638815,3866.1085917518576,4398.375302887441,4531.030916644452,4801.730690032298,4910.236058656858,4763.460437328098,4818.383111243153,4508.234296073168,4439.360646802919,4581.28978794214,5060.112282858356,6029.307693969516,6932.039714504022,7378.825313656265,7516.425262233302
experiment_634,4373.102774554884,4377.654322644273,4373.254480329205,4370.868590705147,4245.329039150523,4245.7208691153555,4239.113661838475,4243.094765718764,3646.2430700675422,3638.6743862688445,3642.0901214853625,3632.2342337030454,3664.6566340543864,3682.832589591792,4226.780658807153,4221.873370367352,4180.146230385306,4160.59926003587,4173.38566270664,4233.619216318145,4268.01586880561,4395.092585800391,4511.8534418888075,4578.872003588429,4650.939985796687,4386.3135346863455,4461.7333222938705,4409.017116946615,4398.302500416663,4111.10439800642,4276.687112383657,4376.115417788564
experiment_635,4373.102774554884,4161.293968675881,4116.3566366548675,4062.5468710736723,3869.5464050965124,3825.996008971183,3783.52989919793,3772.1816934799317,3786.1144350801014,3752.4692223300235,3746.3627280405162,3751.3788173756943,3766.662243328668,3792.066357510803,3819.4393951439174,3865.670201111287,3929.0730587199314,3923.1387447243414,3610.346719635547,3627.372825936962,3648.7724966711703,4152.132340553248,4187.735872673284,4380.249635462862,4458.3413295063765,4263.208558728808,4342.61137897325,4253.46734042599,4445.951132103366,4457.14550648897,4644.4765134210065,4843.228366826071
experiment_636,4373.102774554884,4384.4062913350635,4250.046267938249,4256.546411204216,4085.367642556791,4066.6043602612704,4103.012609624177,4083.443904293666,3543.7276761126614,3527.1465556429607,3543.032484361802,3494.071794813284,3481.6202316597546,3530.1859344997747,3517.819806904088,3508.2009565594153,3541.361211947855,3536.0994419092563,3533.2792710021263,3532.94648330159,3535.256629200121,3540.262908192096,3548.0320695250875,3559.4376999729925,3572.840814548976,3530.258468995483,3548.901633567621,3568.5639353286506,3546.573993411049,3573.0069572444054,3979.6957238130526,4011.849552139145
experiment_637,4373.102774554884,4426.7070106041065,4467.692153642448,4510.454684771433,4403.858357267648,4336.274455531394,4357.967480482258,4384.308080382185,3803.3211281763442,3957.5349257002517,4242.1105488170015,4190.612570762586,4207.263002200637,4151.389636271908,4164.783727996952,4181.223853868991,4261.410991819717,4277.333857075983,4290.30061016184,4310.128777275086,4314.0065920419065,4334.798360991474,4356.424105901229,4378.724906354191,4401.7673654094,4425.492635191725,4465.974358184805,4556.338533046275,4582.159978307501,4591.383438367825,4619.83982774264,4703.111424444446
experiment_638,4373.102774554884,4424.936699744568,4473.761135061756,4527.147692780346,4344.764471092574,4278.754840000184,4314.51967676569,4348.70074726788,4091.8572350626478,4190.836003683906,4231.127715313178,4322.280440497359,4363.106543682165,4404.187084504965,4100.291830051517,4137.510100435829,4177.045719827458,4214.815046522394,4252.029756656684,4279.744373030672,4282.919244014818,4195.350862074886,4184.653023145069,4184.618142545081,4216.340799863267,4097.698934400583,4027.633989292449,4054.039582465097,3967.9023563050223,4179.6996326307335,4205.230840498559,4213.617376987738
experiment_639,4373.102774554884,4407.227522268105,4417.241162103961,4440.398419904008,4313.717274188138,4317.260643493344,4320.578777162611,4322.538477643728,3699.121597348524,4080.4226522059635,4086.0323799443477,4061.2351243313606,3963.4173583202287,3980.1236569325256,3937.582499115353,4054.1072698189973,4044.209122531512,4020.4355357301265,4039.5172679432826,4078.396127365484,4119.915370363462,4233.070809930832,4342.157756142024,4389.098234974431,4447.519462313621,4179.102397824333,4235.139877135978,4292.516783439662,4296.773002993843,4328.912011668165,4393.566530558644,4454.514043967259
experiment_640,4373.102774554884,4393.323556765581,4398.016130525502,4419.321021559874,4297.911914437614,4310.826092317955,4327.533695422773,4349.417644151011,3979.1037989037904,3930.4974024762105,4031.3175393513184,4014.4988335245826,4038.981886224713,4081.503696917321,4140.770349939636,4241.513072309672,4352.812112295434,4410.391553662886,4471.926651779921,4199.873274160613,4250.731999677562,4320.411660130265,4348.879155607736,4323.667415351581,4286.918402407118,4101.385942004782,4176.7132102735595,4195.134269807879,4350.674454827878,4510.4105393227,4553.753810019038,4693.138810657894
experiment_641,4373.102774554884,4328.319606879424,4177.789392305695,4157.5477369109485,3996.050785274339,3961.232442643337,3940.9596096729847,3940.6334246823676,3951.607376481964,3950.7490707789866,3958.842706857906,3975.544434111397,4003.6266119835786,4001.5917446757185,3615.982943239088,3672.4996970779916,3680.856961132191,3690.203069439359,4136.924731412821,4086.7742722961366,4218.532072434923,4471.660838241264,4296.154887014836,4409.067308729327,4525.828280057241,4289.482271147994,4756.139980184784,4807.493436518204,5070.007288441897,6511.1800695928905,9218.551072652514,10488.62609872327
experiment_642,4373.102774554884,4394.371259482834,4410.403105702661,4428.935994600821,4295.660281013539,4312.671218167259,4325.766113503183,4347.969155203449,4194.693540083571,4077.469408594865,3825.3988898186367,3811.500838215517,3839.025690667948,3870.90630722677,3841.325372988445,3890.8047412886085,3863.7512663460784,3900.6743907165537,3940.6396860457717,3983.920749770599,4187.107058329724,4503.820348827034,4468.439801716,4525.856187682112,4586.091702031953,4650.827111425206,4804.256068641038,4940.911562243038,4986.893515292833,4758.53037943411,4830.154001575737,4919.075217413203
experiment_643,4373.102774554884,4183.363639404732,4108.29900988347,4032.806994615802,3850.9383400492343,3808.135649476033,3765.726757436307,3737.5720580799543,3726.2926808880366,3682.7548528947223,3668.099799296256,3666.7144067049458,3679.3726985607,3700.8993421902946,3734.1287902819895,3780.4283325592487,3783.762391679736,3847.5145919513348,3954.006679443087,3986.0332441556698,3655.4728672549463,3700.324910240629,4219.610720355664,4348.094403089466,4625.461419233137,4331.1674107672225,4307.386739720543,4063.6414692780095,4374.980037384601,4591.423510422852,4806.655261906926,5167.500193476373
experiment_644,4373.102774554884,4213.525439679753,4175.388400123416,4159.491893541952,4003.3083205973235,3998.0929461845863,3999.972420656134,4019.8945689440343,3623.327732822614,3653.763536066087,3646.2354982910983,4014.4499695560467,3961.475939645449,3980.5554915370003,4045.236276818666,4196.407532452647,4350.3904820491325,4124.444274507693,4199.937647333086,4266.708933641843,4643.998119030028,4487.400452339278,4393.011352252273,4556.093538082454,4713.751524871137,5679.233462961234,6219.982587623505,9111.059821228399,9740.475958087341,10409.45091219368,10830.995224043352,12313.141593841081
experiment_645,4373.102774554884,4418.90396773034,4466.050205603633,4523.8114265779805,4347.941457692099,4296.8844200416315,4349.851393469083,4407.37050131545,4131.6587231346175,4267.431751855478,4398.841652441283,4146.6327712736065,4223.189999265074,4301.361691365641,4328.99643661888,4387.677974627844,4367.800021241283,4525.07727330988,4570.44451819069,4458.465526584464,4558.1387523996345,4673.414041997179,4765.8198549555955,4883.050711056261,5024.40578918552,5924.100552724165,6329.743135954304,6536.58144950374,6656.595052282747,9574.662885921083,10052.10793553379,10377.76691582311
experiment_646,4373.102774554884,4379.571279098719,4385.698150806086,4398.45665404483,4278.847370093496,4294.055073262767,4322.588120674774,4366.55636062508,4009.9250725626034,4050.1837331513525,4051.5010261889574,4087.889373808143,4225.806628734024,4354.966928923708,4440.958849814425,4203.140795051177,4291.918202202781,4351.446091399803,4400.397999156543,4290.859431966414,4579.556504718886,4578.836551836086,4553.247276337668,4708.474504455267,4849.077011310958,5714.260385188326,6285.087187168894,6570.554453410568,9472.444194934125,10344.794889275707,10768.296771595622,10992.728988276129
experiment_647,4373.102774554884,4334.274362084435,4207.857246219925,4186.867847306465,4013.4682800860746,4011.680107286891,3997.2368013195705,3990.9181504139515,3986.277229102592,3990.021542461563,4021.6560284747684,4027.692578082347,4008.1302892811987,4041.499471272463,3707.716195896457,3699.9084458733014,3707.3144139051274,3783.2761501179593,4294.995482996601,4313.47667437461,4433.647603565966,4684.788298399688,4375.074129349554,4472.708095833598,4457.973608280184,4353.096132681629,4442.2094699833615,4553.304430055521,4937.01503854343,5099.387367761145,5376.1600817932085,6771.447577181484
experiment_648,4373.102774554884,4359.198219253432,4350.9156095427625,4345.193342450208,4204.943174627053,4198.0232376441345,4198.128603351077,4205.075813612275,4094.3834283000956,4114.786602454524,3738.3603927841805,3769.4997480393436,3764.2086256342486,3747.6121548794754,3794.8340791072196,3787.9911522523926,3847.422720160611,4450.661752581322,4359.303483849053,4425.753357785072,4602.069220492089,4760.820612025602,4848.253674613137,4624.343683280726,4729.711678264258,4832.8104654451945,4825.043833102814,4702.942277397641,4782.025806131587,4774.812661136396,4770.6574718577085,5032.023166011031
experiment_649,4373.102774554884,4378.144189882201,4381.196316134484,4395.694887162682,4260.995032424115,4280.401724189899,4299.584856143125,4328.249487913018,3822.242088319528,3852.5016157563023,3833.5796068637724,3781.3725688976338,3830.458132293757,3884.7939563974223,4462.673855353242,4359.742790685999,4415.076138676315,4494.987203718547,4666.64586983126,4799.086839327913,4899.18345384889,4664.901013094184,4758.447758161608,4825.429726252982,4840.995896896644,4698.531576178958,4779.5585265843,4903.676511683227,4740.415991215651,4751.540464337998,5079.108171648357,5699.194287987136
experiment_650,4373.102774554884,4409.087608351938,4427.598125646888,4465.440040691801,4358.438404267891,4384.848650282889,4330.629329978413,4372.4466656293425,4060.61704873114,4044.9116116357745,4068.791904453511,4101.034845424596,4147.500583905278,4185.931559196553,4244.700538959385,4343.172479881896,4449.826858579516,4499.079815227851,4547.205714675967,4266.395404344366,4309.567299978594,4344.759130438763,4354.195294325479,4391.428996036719,4430.039265794625,4462.093608747009,4463.804651100551,4495.833489993211,4495.6100115284335,4452.740077665954,4472.54728865619,4452.581838104364
experiment_651,4373.102774554884,4209.460265796881,4180.411365621252,4160.413222774886,4005.728708560504,3991.5356745392837,3980.8679028158567,3980.6364775273996,3577.992525466404,3588.729124313819,3602.9726383553284,3545.090029068443,3963.293222935545,3990.6760311961375,4018.351265523078,3952.244476585926,3953.2748250949744,3995.090673100124,4069.242895162055,4186.0507289010175,4317.377487308305,4395.758279238711,4133.482246412252,4175.873903455302,4261.463881217508,4191.916769339618,4555.783418465963,4242.170386040414,4319.810525621776,4317.720113346054,4342.779984307324,4427.259524058311
experiment_652,4373.102774554884,4456.889224128436,4529.199233076678,4602.87731717966,4340.674428420974,4396.497747830899,4450.642246821689,4498.908536305588,4256.100862202662,4295.643078581829,4343.457335404736,4438.262439475993,4481.676312066357,4570.564791716675,4612.138226273275,4651.682686572694,4682.870755775201,4419.181888822453,4449.011225194796,4440.965980343903,4465.468194746169,4486.751701792929,4631.451688560005,4653.914265004185,4667.724706103783,4679.449331690852,4686.851840120329,4684.291165131094,4684.770709625942,4681.6218587321355,4674.738671920171,4664.07246547272
experiment_653,4373.102774554884,4523.980821962716,4565.245830221402,4607.6055834899535,4494.741731486784,4524.646215961797,5044.4852593928845,5113.327213874212,4545.554658471954,4512.848516407465,4590.590741417853,4547.4349729708965,4583.634380000209,4536.227369893645,4428.789152451458,4335.047291275507,4378.443109578776,4429.521536187094,4446.91826406628,4384.004765896001,4400.661127022527,4441.783630669148,4613.173614027521,4783.642119292783,4932.835612857611,4959.156542052276,5085.149380914847,5125.989459224583,5167.284384911838,5280.523167520953,5594.983718877919,6236.437966240403
experiment_654,4373.102774554884,4394.201430821537,4399.852079723782,4405.132235205064,4270.996267942048,4267.421583994853,4262.972818986845,4260.0233535506895,3730.1314135742123,3732.986636160327,3737.7117455420807,3713.958578790459,3726.9944868323237,3760.926611067085,3717.218299694013,3744.479878899886,3716.265131365839,3753.7128168752274,3796.8952215723048,4373.894413143863,4397.495249777069,4325.835954230304,4378.050413553938,4468.322011222518,4674.377656122222,4742.536517797321,4824.179395677479,4575.221326346169,4659.613625668681,4733.583344648012,4788.296013879948,4758.071189618929
experiment_655,4373.102774554884,4353.0741665087935,4221.389412378128,4215.711911598055,4059.8318112411152,4051.882620432033,4052.221316266871,4052.798662487586,3670.4329550881707,3681.366246651661,3696.2022844242615,3682.7730073772477,3646.9333959719434,3666.4779117503153,3639.0273328544845,3673.959298932667,3715.3757568812216,3935.0606652012425,4362.732978976031,4292.006418783289,4342.126275937816,4499.358530670487,4623.395465574725,4712.097642334432,4802.554326304759,4571.923479766035,4484.386006155433,4405.801160901103,4354.976645859557,4041.1481526176676,4372.479316174789,4573.005736647372
experiment_656,4373.102774554884,4202.511431186216,4179.611154896176,4153.623810135337,3980.071598559353,3950.997656209778,3918.986759062339,3891.8019737049826,3916.600996397976,3902.3605418862,3894.3820859889615,3891.9836751145776,3897.3493002113355,3909.6900002757907,3927.1083233289546,3970.4368064916202,3574.9265391421795,3579.3851813197953,3609.3597382969133,3604.6335065989797,3592.187277838705,4069.444626060299,4038.9100010489146,4070.0792978648296,4158.8230693165915,4380.059836830241,4498.637559924063,4283.423238650591,4372.717529305481,4339.913142619376,4308.670849281548,4552.660985818731
experiment_657,4373.102774554884,4357.205250743233,4348.393341975452,4349.089136341757,4217.209725898882,4226.604540127567,4246.116394051622,4278.652768445449,4153.851292907427,4192.018801946348,3842.651399529518,3811.467168009313,3823.164708355978,3905.2906652692263,4474.782595250526,4311.662835001598,4426.315733149726,4708.197388570106,4508.155636924106,4648.176512475386,4782.261241252746,4603.590390106277,4603.215146997789,4776.234073638098,4854.899507913744,5695.826029141252,6415.194886239774,7316.414401228093,7545.53743568109,10598.331424112015,12194.940005777526,12751.160184794959
experiment_658,4373.102774554884,4257.065787090356,4158.369924286939,4029.3351544817133,3813.0704710409864,3736.7541426430453,3781.665352462279,4003.416984030774,3561.0968285492795,3631.5022959100274,3618.343217628514,3618.1245775901625,3630.403856895241,3538.2352742458966,3577.7194169479035,3630.9985551421455,3704.7386598255753,3782.375111520294,3876.309482276034,3993.292016880496,4087.274460245154,3770.6949549068945,4220.792615819409,4220.276021715939,4563.37634076247,4463.536145798109,4671.229991013986,4544.167795212688,5032.03238025919,6411.282436722844,8440.557460843007,10126.022856206328
experiment_659,4373.102774554884,4139.812311579413,4026.8503243593213,3956.2517687142827,3755.8201990211937,3677.5774948808057,3614.284875047455,3722.9949484049707,3574.401058870596,3536.0714355241594,3532.781006749082,3547.8357796486075,3576.4938383482136,3621.47060848579,3685.369385138752,3753.5537192848215,3841.4116954239844,3958.5390699592917,4007.304630771794,3694.2480819995744,4365.8489235260295,4363.19877993569,4693.131773377813,4548.317448919912,4456.067103004343,4204.807203739159,4756.3192540069485,4941.991794726923,6122.729085200454,7010.47180464878,11931.180511818551,12689.233902438573
experiment_660,4373.102774554884,4199.013982279757,4141.658302290821,4102.880643796172,3930.5643111691434,3895.576018826782,3871.6649807813055,3876.374938056979,3915.1234680707644,3897.6373000680564,3901.626513881991,3898.7574907325716,3921.016587037997,3534.75645643225,3564.4247707750983,3606.8900422325023,3597.6776837752886,3595.3306618297893,3664.854420800194,4107.786110609496,4184.570596606658,4276.639353119739,4498.259307491544,4618.1439854067285,4389.839097613293,4224.655468740479,4276.72076736845,4310.312439113756,4357.236623706311,4407.101563605983,4544.9905300441715,4784.970496404952
experiment_661,4373.102774554884,4387.521623688935,4396.873470793428,4413.401609900897,4286.750841454876,4302.658824026743,4324.052593926743,4355.98432373756,3783.5243536342664,3740.079161383608,3776.983037107229,3787.1005230567407,4259.762173477907,4155.336762356064,4197.038179548228,4258.784406016486,4349.4786680586285,4496.361129822727,4624.964791709153,4709.552624470703,4446.588053038702,4537.941421867651,4532.305123803679,4570.042789514848,4438.162218558544,4343.273134937114,4435.382135407799,4404.0465951806245,4488.295542191314,4864.6700480142545,5174.050428718587,5665.493297851757
experiment_662,4373.102774554884,4342.806631539421,4229.034882949222,4186.0099431286635,4030.2858358294416,4013.024575461873,4003.065586752588,4007.5548385820084,4044.560858064866,3995.5120657866137,4008.8169516102716,3992.090786276042,4017.394716845277,3654.8582562875845,3690.51154516967,3673.774490653306,3714.8603764037734,3708.2334715574134,3770.846188082115,4354.370479088071,4277.79141299439,4357.50556007964,4535.742576258058,4704.245556234683,4492.124015171155,4448.534485022645,4436.840503177924,4398.818821102998,4335.527914456245,4566.529440960137,4752.618874567218,4885.981293465593
experiment_663,4373.102774554884,4449.962716487615,4512.413513730926,4586.676824546921,4304.551331467985,4352.366328423982,4397.138545656493,4439.950635892021,4135.493338266762,4171.439782098478,4199.719636894082,4225.608979982489,4256.12161687178,4284.603318529953,4389.874731601982,4414.920519184904,4498.907855182397,4520.940010829625,4541.784690343762,4560.884020915022,4578.413538806661,4594.292000539006,4608.531111972852,4307.205898047889,4316.723411045977,4324.952606970754,4331.533559869589,4338.727281258045,4343.072881687789,4344.2904503587815,4343.499680860445,4340.5827249659515
experiment_664,4373.102774554884,4410.037018211107,4431.758739279582,4469.991364663752,4360.915068474564,4390.602419943216,4338.550380738537,4383.050440777348,4130.686057698251,4116.773834091002,4152.30206231143,4169.81242087823,4217.954352020043,4360.819707000788,4489.714812200907,4567.06716078092,4341.386378674641,4413.527514431116,4463.83846881834,4548.576193579705,4608.418846660539,4504.247355491536,4398.444484282316,4467.651796774412,4574.747272142366,4704.536626555046,4990.8161184360715,5390.371611152581,5171.309435119588,5381.063168965726,6463.923529370645,7081.67175600522
experiment_665,4373.102774554884,4361.3855350769645,4318.990479316171,4306.045389325534,4153.136319536586,4132.61219682447,4114.920417771188,4100.036992780901,4012.510416965306,4004.540215484502,4053.9201126934477,4052.5084802331667,4000.8265877690415,4007.9677148357687,4019.414071280018,4035.330337610104,4055.3541142760896,4069.485923473149,4101.540799798325,3705.136357534091,3735.1653006802007,3718.3712947842882,3704.3378918218245,3756.0446613804565,3972.7064887478346,4302.265974115657,4291.083699725557,4370.087364107439,4520.93269541052,4555.154077621357,4342.446249947185,4404.529672735516
experiment_666,4373.102774554884,4182.678759782084,4159.806290183578,4123.561049139844,3961.2992455069843,3933.033553133631,3922.244102467014,3897.180549325951,3943.587297128876,3935.9068139751544,3954.550800348733,3949.0280988519758,3562.2554142131626,3595.752576389861,3643.012851046694,3636.8831737103164,3634.1935072275983,3981.9380000830683,3972.3301565215625,4057.354705664169,4142.622164574137,4365.974827213948,4460.346996392457,4224.915215278595,4324.349075509221,4342.636965261571,4353.029495220573,4522.030467368228,4470.320906102475,4497.815594979134,4645.321863519942,4753.500978016741
experiment_667,4373.102774554884,4154.197831560924,4039.420398391133,3957.7454231376164,3766.5369257754783,3712.211639574606,3664.951949320195,3613.287269477771,3609.2506513296757,3565.397771417117,3551.5135336127514,3554.7022819627573,3568.2550359636275,3593.787480557131,3633.392880320459,3690.2503138547686,3757.8191571300395,3839.097910145077,3909.7866247603074,3971.2522485285026,3632.993124666192,3698.0711014878584,3871.1976842789163,4560.571079292697,4856.680122986254,4372.2859047456,4323.878660084388,3992.5155735238613,4479.710090127774,4731.864505338213,4916.255589127973,5122.473315916618
experiment_668,4373.102774554884,4465.852588590544,4555.263507455956,4549.486774919976,4393.499924303744,4460.7820201872855,4449.6818301481035,4445.008431433008,4146.9017706686645,4210.350469301206,4241.541196078477,4276.224253362925,4328.568385390478,4284.854426766515,4572.578231202782,4463.449924821272,4509.68795018042,4326.128831698384,4402.496120403026,4464.949648865001,4538.314281582492,4610.982268059152,4668.041720640054,4717.631296265416,4856.153611061928,4936.194005735739,5078.765659732429,5160.968448956029,5215.587436609238,6239.648468952486,6545.095065812218,6649.523835896717
experiment_669,4373.102774554884,4338.788344535282,4277.000846134012,4260.007457736012,4076.5200155510684,4067.307025809063,4040.515116798879,4006.0482056834444,3923.411926845474,3909.8944241212657,3893.77460184911,3879.6763167455747,3868.4649124698485,3859.7280143680655,3852.8479489789825,3848.86567555658,3847.996390929783,3849.8438697552237,3864.0580935525213,3872.628735850779,3883.6390525826255,3889.091303636159,3906.977508529081,3929.7913432937203,3984.0885517649904,4014.5519626230507,4010.411509789914,4046.44437311935,4050.9465482296055,4083.1315031265813,4142.580915616199,4209.356637588861
experiment_670,4373.102774554884,4374.427950190011,4364.449766577269,4363.810970158922,4219.227084088494,4204.5585850323005,4191.235905844536,4178.915625966287,4100.329051631535,4066.571594795413,4057.852079811244,4049.8526641175968,4046.5896558933105,4039.721792978178,4035.2653493814696,4033.3064787556077,4032.103018611538,4032.8165721816067,4035.75602453205,4049.859473381688,4057.8808472866817,4068.733004517544,4078.66224224068,4108.789569613519,4037.423257704655,4061.730079815198,4078.190996096593,4110.6151415311615,4140.545308660141,3778.597038438285,3760.0295913564532,3804.5006811901117
experiment_671,4373.102774554884,4176.922316707912,4146.430283035242,4107.821368083759,3933.4412937868788,3900.6380692977427,3859.923693052355,3836.474283391992,3864.8777338847813,3858.4461296454924,3860.5469921096983,3870.307441676636,3902.908119990965,3945.8664042322644,3892.4899908088064,3935.9407909980496,3596.1126024414098,3593.9342746779957,3649.3868913173546,3661.1426877745407,4271.352974961779,4222.372179026037,4323.251459849711,4549.02783464743,4671.944524414488,4455.541216098816,4418.003040577053,4379.811940859711,4418.757587286302,4488.07446833657,4540.866271210727,4692.824014663208
experiment_672,4373.102774554884,4439.8377442311075,4494.745966461109,4563.3774750490165,4381.482272312862,4340.369437168149,4396.442258263274,4453.348080837892,3983.6677053874205,4575.716268289886,4541.074948734027,4481.513595594883,4548.216800538334,4633.521200380244,4766.477531106646,4903.066047027908,4981.594017206136,5020.391805414539,4801.756466547322,4880.272060208698,4961.8696796937675,5043.565320078602,5114.487788670653,5093.123874552481,5019.73301064555,5010.172059189412,5069.514067770811,5171.3794359905905,5122.8414112426235,5232.460679817557,5432.762409992907,5326.467275705915
experiment_673,4373.102774554884,4164.216387794721,4114.6077371544725,4040.719544082235,3859.550101793994,3797.037289036999,3748.6308433206073,3712.4970861298757,3697.4846249968523,3665.237493302226,3649.2495571968943,3632.2326732212496,3639.9313548655373,3640.247241969975,3649.08876157144,3664.8152965840486,3691.329866070302,3718.5765324735266,3763.7083675057374,3811.1133745990746,3881.2159578587575,3920.831842831121,3580.840857743965,3605.5414822384546,3644.905186674138,4142.367298052804,4073.95014622936,4328.649628363204,4140.370679965176,4278.140577234612,4232.103700832844,4431.675834412279
experiment_674,4373.102774554884,4456.410172161515,4525.796966939268,4601.923581664172,4319.8967736848845,4368.0299641930515,4412.07113971189,4451.911591660586,4188.069044662938,4216.323011352412,4246.052562605444,4233.718449917016,4246.9091062617645,4268.59843879355,4288.005989951901,4320.740359140063,4399.37752332887,4412.9650842889805,4424.632980063817,4434.45280387094,4442.501312219086,4448.841652373709,4456.052158791526,4459.092668029782,4460.497864596863,4460.2515080990115,4458.305548577099,4452.057757230272,4453.354347451488,4445.779361596617,4436.045265809389,4423.984838556282
experiment_675,4373.102774554884,4409.3720163075495,4435.335856767073,4462.366564805268,4343.5740403681375,4361.2584557398895,4373.60247755449,4385.747115084205,3845.200017166254,3857.5597717424207,3870.020433779686,3787.6967376469265,3801.1067456829373,3815.3804107187143,3830.992251355283,3847.991614257753,3805.4150813309416,3825.5738331093125,3847.0902325776783,3870.4678578397925,3888.5891214573603,3915.880048670777,3945.396869040884,4147.542366389027,4594.6588296600885,4634.196326574138,4578.659672883262,4531.480376506151,4575.059946230622,4703.687554641547,4744.614550581928,4858.520664317219
experiment_676,4373.102774554884,4477.436890026372,4577.75858869752,4581.189066417196,4423.302757060888,4500.225761343749,4495.607709692016,4490.442413538833,4205.057277673255,4275.3478473745945,4344.468701390505,4387.606807586783,4394.184803010842,4345.146661372121,4305.654261286953,4459.2810291985525,4603.34092399587,4377.07838838026,4450.468792889265,4525.955585623808,4599.028431246472,4667.900652970641,4749.572594801184,4807.963134946132,4855.2152167769555,5087.551382128777,5179.456790268711,6079.488412312064,6241.517764186228,6392.95691296818,6753.445487717143,6979.418208488759
experiment_677,4373.102774554884,4401.6694324198525,4423.033328033136,4459.585356554276,4336.457788053641,4375.391511288615,4409.579447996124,4361.911898297006,3861.6683375281623,3845.9107481689593,3893.1664981137355,3912.0528517074135,4130.992644391064,4535.75287834902,4450.193311090442,4517.738901241566,4586.065741963344,4744.0077273811985,4874.6560604749575,4954.4474800559055,4998.762694518893,4775.09781074317,4830.090539303966,4912.91776202501,4974.100702958305,4868.435944344283,4956.249681221027,4843.624940956537,4929.912302957416,5026.593002816244,4847.182599958969,4830.209940038094
experiment_678,4373.102774554884,4438.707899321829,4500.573774155043,4564.744288054589,4378.884881691717,4339.744081435166,4399.785555565885,4462.771893517247,4383.228704124931,4284.605962778314,4325.467953721258,4359.955909488122,4430.715056083001,4596.376551367134,4733.761284479098,4810.677556793138,4582.908068889479,4661.65671862509,4766.225008066533,4831.177363177308,4927.063568714651,4921.122421367663,4710.694931743002,4812.5826013222995,4908.6427447612905,4998.506390539667,5101.275405765484,5552.71703241445,5808.286294640333,6252.71174157481,6427.309330191591,6842.015283407859
experiment_679,4373.102774554884,4220.0791479285845,4174.023536250741,4138.557274543262,3952.4669656644987,3908.648789633645,3874.3625533878367,3827.669267843472,3854.1317168143764,3799.274229446246,3761.621912428397,3733.160090766119,3699.339476675209,3668.0175194013673,3663.7625959261572,3638.339920307432,3621.849674496849,3603.451326347188,3588.917281733091,3579.04501684138,3573.032920634327,3571.626944447134,3573.151115364193,3581.6073787599453,3595.228654074269,3614.224012914106,3642.708328677434,3663.583562681003,3699.6050346970364,3732.956643741977,3780.0881493533416,3825.84217713456
experiment_680,4373.102774554884,4386.330688177182,4393.330882717637,4411.86688495855,4281.746223947935,4295.101357721462,4315.596758485037,4347.051416077493,4253.646683802758,3877.16209347779,3867.4277436031916,3827.6464065709442,3892.6513854909144,4127.551161911128,4581.873564257106,4533.752950501319,4730.807221720381,4912.855289846795,5009.89272884044,4851.9579744494,4995.308400339683,5048.543382680441,5050.167053194792,5118.232303221522,5423.662562156888,5543.990531919765,6101.347197028447,6866.267053552348,7977.222288403871,9327.477219093164,9982.257616080988,10528.733302621004
experiment_681,4373.102774554884,4349.09473854155,4241.6900064709425,4237.862709492227,4091.894441835735,4093.2066845718978,4105.258646696646,4122.6223972337175,3728.5148379382317,3759.4223195496907,3729.503093283338,3738.1690444782944,3725.869676236525,3782.227720359252,4412.063768510747,4318.586834991294,4388.84745352069,4566.406356235515,4735.7890186371915,4817.169921081355,4560.637219086606,4581.3613911624,4481.764090656465,4247.543631101375,4202.540375711032,4247.618591058226,4623.211867256404,4998.934351313694,5084.2955855972195,5225.511963023837,5508.111280871668,6566.728086991146
experiment_682,4373.102774554884,4398.53518862792,4404.328935822523,4430.212774489494,4314.482429562169,4330.721360307902,4352.525304749483,4373.796489667813,4002.8457341519043,3981.1036968711037,4002.253687811248,4064.8916241265274,4094.699037035918,4168.794349476379,4347.474426289097,4424.639258636208,4186.713021498582,4268.5422191257785,4324.383241914532,4357.088328698195,4397.556380360149,4439.955839028882,4600.225583592096,4516.8954623022455,4657.627694202467,4808.905048568447,4925.0864032359505,5927.849371582323,6396.093344277391,6658.411892572592,9572.680340468165,10227.417446451687
experiment_683,4373.102774554884,4195.034383787696,4141.921279319477,4097.0337445364,3926.3641728979305,3896.9785970629473,3879.5903995498684,3873.1234118423718,3917.0961966368327,3932.523505479994,3958.7326101785347,3995.0276192928504,3574.7986651164156,3629.4141066273173,3628.874576019529,3643.256159953593,4008.0439579492486,4048.4643310299416,4142.044231696821,4385.756839200526,4199.0820295633985,4335.232577681588,4397.905322560009,4419.969434308672,4564.914541172727,4604.486496584714,4810.32452634147,5750.713523782615,6443.903176928137,9459.28634877225,10487.43526085055,11037.204617831125
experiment_684,4373.102774554884,4365.645391003725,4225.2329890114,4227.485016220675,4061.6173820179147,4066.8917959806436,4072.227440322179,4088.885913895938,3519.181609040191,3919.798353212858,4057.830030818089,4003.0403746606144,3954.9858196969326,3999.3577449527334,4032.053480065802,4082.7994504586622,4203.366424630772,4322.2791914120635,4386.406459518983,4107.776672686194,4169.057986682043,4236.926900631604,4264.4710796588615,4207.611327939143,4199.540868163381,4161.712016884293,4437.6279488351065,4321.441280449479,4386.843307000987,4338.092713481876,4335.432551149862,4409.086781042202
experiment_685,4373.102774554884,4463.064401108336,4540.309385040744,4619.24854205119,4364.080565648082,4426.633400157283,4482.159636710494,4457.892891971478,4300.510808484879,4350.627452397817,4488.984288849637,4549.674336710932,4602.350667297847,4653.074211704991,4401.988342918923,4447.232808689423,4455.6765803220205,4497.9522394469805,4538.4393971517975,4573.521711826406,4606.3726409363835,4634.96655639954,4651.718475985566,4682.279041242773,4717.007036007175,4749.995679171958,4686.593476226337,4711.839646835645,4741.697166613214,4597.001993228475,4620.699480714631,4642.778770700409
experiment_686,4373.102774554884,4417.811471841445,4447.056859520581,4486.192058988601,4365.776969340875,4383.221281092649,4325.758402575908,4350.013437975133,3781.4287883845445,3796.5398316787337,4171.17229494304,4092.3006923995035,4110.767536079155,4131.485920884581,4095.370754104069,4113.373368057755,4132.694052654629,4157.029421724561,4176.248307255084,4173.330235143674,4314.23279446544,4335.760389950034,4358.904130725894,4381.525896247165,4404.762884234635,4428.717785565342,4453.544679720331,4495.138967185944,4522.03056643285,4616.885422690822,4646.3588166972295,4858.250699827711
experiment_687,4373.102774554884,4454.4525591991915,4519.55079338425,4589.535527525031,4410.659762314521,4344.779693492415,4382.183500936732,4416.082024890826,4469.959455550253,4353.563598782212,4251.158837853338,4360.863934071002,4389.031297876771,4399.105995979222,4425.313457116353,4448.399786478045,4472.9315939155385,4497.142716752114,4537.165864488099,4561.173913659099,4653.352173722065,4676.472412210552,4703.237266311555,4786.292496295104,4804.429250023648,4829.570920565554,4855.408078798634,4880.885095794776,4896.440648470452,4886.503389342828,4910.664333477525,4636.95185624619
experiment_688,4373.102774554884,4369.155636846186,4332.444577063114,4332.184286527453,4200.060350218131,4190.1730395995755,4182.16024764186,4183.105577947403,4099.175385441413,4083.3052315909445,3720.6922146480774,3692.0604664054536,3734.2842304550186,3765.3013146911967,3735.0882218082343,3776.1834031348144,3760.219641289584,3811.0502709479165,4026.175439281349,4286.401320086534,4334.912876020867,4413.059825141232,4579.778700571102,4717.3028298745585,4812.870851058628,4568.700023719137,4544.0869830093025,4633.232573181486,4529.204838278612,4438.976410319245,4543.903904154348,4364.947405507481
experiment_689,4373.102774554884,4427.488727889129,4480.686179141776,4533.460424729644,4344.820967910307,4402.619843647921,4346.559661592996,4398.616233544788,3934.3656512071725,4153.073030267219,4560.637102581371,4461.301693647399,4515.296843280026,4587.925422382084,4747.394291743366,4881.672948102932,4965.01798694307,5002.5312097145425,4786.741700358345,4872.427495847298,4942.79820131244,4900.053373483908,4850.185498447105,4753.622465596196,4425.072342655782,4508.854818880873,4584.574569493545,4677.720999613357,4776.005262592967,4869.253890363232,4925.405502777614,5248.806963996041
experiment_690,4373.102774554884,4405.845666747745,4416.479345914757,4443.8956080187545,4321.9930459333955,4335.508547707866,4362.472416725025,4360.5594451810775,3934.6458479046705,3956.2616892800966,3966.000783413199,3989.150147882596,4017.394946347816,4049.3468957526457,4099.607836734636,4193.339824218583,4288.510908733624,4337.686768772266,4391.62782566101,4099.63761018665,4140.564882548069,4173.403697658673,4229.657856838721,4148.029595776489,4421.875253702541,4495.7311993285875,4408.403226116477,4349.389421353777,4299.400450978541,4407.38409026413,4521.011146471306,4621.557514508561
experiment_691,4373.102774554884,4537.906138714806,4507.805082854119,4677.453177791647,4505.436235608499,4652.978048184566,4960.509728612539,5113.643217919322,4791.679259855754,4828.242062409157,4930.363180717427,4789.407386007436,4704.989846651483,4808.9042257492665,4914.596475218225,5188.30000863191,5310.073909767989,5635.526277998893,5839.015531157704,6402.626529512822,6553.530816716582,6752.488711428628,7044.997321092758,8492.089045897284,9096.041870811381,9125.688848735692,9586.6958674125,9868.023697880646,10348.734780216575,10741.973934062793,11030.242316680511,11553.489763874271
experiment_692,4373.102774554884,4410.089021621814,4441.220278222595,4479.536240271064,4354.7488800449,4380.212433766417,4401.316782602001,4415.359664250328,3826.1952728455117,3843.8401597645643,3799.097678093354,3781.134493590283,3796.45477820196,3810.888440555494,3825.0538344780653,3838.720100748751,3852.0434006502346,3864.861865721108,3877.67548623534,3890.3764524459584,3902.998305603965,3909.5348068275935,4086.5912182502584,4100.065458902143,4113.776728334653,4515.578359380262,4530.718372746809,4546.224043545174,4466.849412515592,4482.979627869136,4499.666821362007,4516.9576835320895
experiment_693,4373.102774554884,4408.7359246413325,4441.3416982811705,4489.496308443035,4380.545445866197,4341.11896703069,4400.879238201377,4373.725556796147,3909.172417136682,3982.4355679827167,4553.76211084996,4461.392052318792,4568.851757858944,4771.458974132305,4957.292815311221,4768.188224545685,4892.88609414619,5034.02136659765,5079.235669371688,4938.014951306263,5003.596260790647,5156.267245140161,5341.854859651836,5715.04635189064,6105.548270947609,6783.05925169184,7035.673092596695,7493.822349898661,9165.638635071135,9629.906956039807,10047.135570741513,10545.047972311297
experiment_694,4373.102774554884,4436.836128428132,4501.843695361593,4577.976397110266,4318.770732380793,4380.554251248965,4444.505628860299,4434.978189175448,4085.7717137193804,4150.837496196382,4194.921185956875,4279.3823304733905,4169.704305356663,4482.647500280369,4290.85728887561,4365.998584008015,4268.106428939949,4359.1314307514995,4454.23567861939,4532.280347701892,4708.045005700325,4842.441162483641,4967.7126160395355,5035.800604475585,5155.709765410582,5345.90785701993,5465.535530227727,6828.539205864146,12858.450036243463,13239.943492974986,12869.002306884244,13431.303091973134
experiment_695,4373.102774554884,4386.2374161416665,4395.25906667239,4414.850852898557,4290.787648884279,4305.612979298523,4330.774696885581,4362.8617690270785,4236.444471818075,3865.674603019841,3907.963083378905,3860.2268102899266,3848.99591997431,3903.5241431084537,3963.1749230339433,4562.532596335555,4543.711348318882,4532.180512465977,4614.346330540842,4782.618493863914,4941.162318296333,5004.818984508647,4798.155794358619,4902.1030576580015,4994.591595095037,5099.155907474709,5101.185469097685,4958.901581057387,5038.186399774813,5006.242838027711,4894.1753404676965,5027.832548682232
experiment_696,4373.102774554884,4477.777213476584,4573.278896655041,4577.517391485042,4439.697835061468,4517.651719351547,4519.40149967827,4525.997441735718,4627.9313607249105,4660.145138846101,4749.003441833323,4495.413794465213,4585.322203683747,4671.2879794346645,4657.471847027196,4637.155110055037,4531.55175056735,4619.922701776958,4710.738744755288,4520.792751537153,4659.01980414706,4727.076635353799,4833.0469233977055,5218.37320853603,5606.46155809497,5846.958328179687,6277.953826608569,7007.54030976793,7058.483478425047,7407.040404835483,7674.507026047274,7679.357068586031
experiment_697,4373.102774554884,4465.231879711528,4547.279403963572,4529.566615019066,4359.3057328766245,4409.759246556754,4452.441671903872,4496.512768242921,4308.0892975740535,4339.932239661649,4435.597736027157,4468.132767773197,4498.0835385935525,4525.153678753324,4549.122964883208,4570.076069178347,4587.730017970952,4604.443417581578,4617.034009056907,4307.401599079332,4314.15208133791,4318.423168341625,4774.09337566042,4772.387759530024,4769.289107993736,4763.643417328339,4755.125180877353,4743.314920698774,4736.665513025612,4718.6713461887775,4697.146507691813,4672.411691389149
experiment_698,4373.102774554884,4338.255343542511,4314.390437344959,4301.667276065456,4156.02188995382,4147.946850902988,4153.819849831808,4173.145286843795,4064.7873702122106,4110.2775130348255,4117.890874386421,4157.671911587618,4224.26327862613,3905.0307988724276,3885.612423558847,4145.590402355563,4357.16334600247,4507.252343050452,4793.925124784076,4677.883472012785,4857.461529982875,4953.572554926757,4856.145086029894,4959.807168606471,5346.520684608226,5753.955563037493,6535.200791135931,7024.4529880555,9279.910890375755,10364.531709769937,11128.876576372706,11632.718302302046
experiment_699,4373.102774554884,4341.424998079741,4224.90396143644,4195.619167089076,4041.9542012223164,4027.385175697746,4016.318218189798,4012.913500137067,4029.7737621496003,4024.520462579755,4011.9962824139957,3996.271128056318,4020.797406766745,3917.5582153519326,3689.1152350448965,3726.871248976554,3709.415714825568,3749.5972916965375,3738.907732562276,3797.043468906064,4277.991431854847,4270.047307714829,4341.764468466459,4416.233703507406,4525.151790333908,4623.913212791766,4397.606965390287,4459.034276515196,4461.331257457328,4419.310013194101,4334.13151286971,4422.883150204836
experiment_700,4373.102774554884,4439.387260142867,4502.190653971602,4575.78372495439,4300.55576613495,4358.8500606620255,4418.6947554584885,4473.840085732875,4204.569375977417,4259.649713268263,4400.7052369227695,4523.032278038801,4589.171745441258,4340.791251974715,4397.512783405965,4426.284749799732,4488.2684283194185,4545.196427445393,4575.250844405249,4561.723953037301,4509.734067800253,4368.082383601927,4388.724093253191,4455.825601639825,4497.231255036724,4412.637496305483,4689.554649069126,4873.899716475291,4969.470783057019,4982.831655985615,5127.369131928997,5195.846390238054
experiment_701,4373.102774554884,4231.39380513389,4072.4759343653704,3969.689399492883,3761.027174462749,3677.1225462561038,3759.1793145706065,3963.0203904942055,3596.1312069797295,3987.6786141452317,3935.0018151002387,3997.0323820824315,3975.57445610753,3984.3089479740247,3978.202617127792,3980.5955046327504,3989.623670602819,4009.054080145376,4037.3935848763804,4050.4798598041193,4007.30784381742,3941.8000970719313,3669.484411518237,3623.6267620552767,3698.964537942569,3785.2753348513224,3869.6815421248175,3958.6301659895676,4038.7297583189643,3718.474792463654,3771.993305613878,3845.659398135354
experiment_702,4373.102774554884,4393.355813375099,4405.6229549856525,4428.3349500129725,4297.021491159564,4312.232791559149,4328.1559085113895,4347.494457727128,3825.1091929508075,3769.9827509074216,3808.2794624870903,3797.7500698932745,3761.2344273786125,3786.247815976322,3814.078644986713,3843.7162929621986,3874.9196725479046,4398.236782188044,4306.686268383844,4337.788106887071,4360.312725111488,4403.118856417186,4448.030481163374,4391.55288122982,4509.253607745712,4615.735704632738,4655.144970361987,4404.344673071444,4427.905987170065,4486.852430708651,4548.184762052792,4611.402847496049
experiment_703,4373.102774554884,4479.530641657451,4575.659210266917,4576.200707930455,4424.550033377121,4502.226758328225,4498.876427054354,4499.428631283681,4667.44958774891,4300.907357587935,4370.518612453987,4413.863395126981,4403.214327976169,4398.756688074998,4474.031403560278,4412.195899343562,4188.22541484748,4232.998989850847,4289.722112024268,4589.254878980511,4671.146666001444,4748.514919826866,4914.812505123345,4944.41472256479,5108.471024225827,5173.7131058516825,5257.541777315375,5347.775198009922,5459.28367758986,6487.663114324272,6954.878419113709,7049.395771177534
experiment_704,4373.102774554884,4218.665970778484,4164.576151815705,4124.085618889837,3955.525295823114,3928.334274708928,3900.4921128413366,3892.346708854274,3882.9947189086156,3885.3114474725717,3899.2479092474123,3922.511264580414,3950.9490825331022,4020.3205444323903,3984.704609791297,4037.9550040171816,3713.7821132378676,3721.110900943444,3743.178691949523,4409.851889738922,4356.862346722732,4546.761088784421,4731.258542859487,4862.211605893621,4547.457758508131,4472.527898214805,4268.955330883877,4219.655671213639,4330.16921005509,5156.9246155616065,5106.044301251539,5325.077667614878
experiment_705,4373.102774554884,4374.522203226018,4240.350368224414,4276.313139839542,4105.967639604451,4111.285921350649,4132.237342663714,4143.731484456229,3756.259187259296,3697.44540239189,3717.186749615208,3645.458930573963,3663.23067335843,3704.4112666492388,3763.215273731509,3987.0684881910815,4010.9246968394596,4049.909197533361,4102.780487707909,4152.202068461086,4283.21288174079,4410.029435170052,4484.012568965926,4226.328617922536,4299.85679131738,4346.806581623985,4370.014594299746,4399.302497359197,4345.723415637509,4515.890072737499,4533.356846647664,4560.473364214524
experiment_706,4373.102774554884,4209.2946768879065,4184.89430881014,4147.241963935084,3976.5301682389195,3932.1281937453987,3887.0869901432993,3842.560322853327,3837.9876976635232,3803.8820987918252,3781.739728616156,3756.256445965276,3745.0024338995563,3730.9918738456013,3722.012400749521,3728.306937431582,3730.8463784445594,3738.33039133748,3743.2160155615584,3763.7767175385443,3781.100831313994,3814.5644885116817,3845.8172715038445,3884.862672127504,3947.600988383101,3930.017185007705,3600.429403848371,3656.923967615115,3662.5959457258587,3674.5580495421,4060.148266513685,4017.8191626262683
experiment_707,4373.102774554884,4308.617608331078,4245.821440658949,4200.590596479727,4020.593424379509,3974.569057557061,3942.246045319349,3923.298516526056,3834.9071466459854,3820.0575120968233,3838.578098474253,3869.8540921434683,3904.904582516991,3963.5522931135806,4034.1721426625354,4129.2719652917185,4180.13264508922,4295.962997494762,3843.886729052534,3974.6728567222463,4531.852876828243,4769.378815822836,4992.102096889157,4914.398705449356,5112.98700617513,5071.453255241699,5234.2094054595045,5435.811205833796,5809.096127750235,6824.421843283892,7266.365277666906,9220.995475229449
experiment_708,4373.102774554884,4274.071531319285,4219.8804573857815,4128.831124192613,3936.479198122209,3867.981948806535,3810.6299349228175,3775.4322504520087,3696.582457216765,3649.3813503303395,3633.8481659055046,3629.7485508799355,3635.16023058684,3651.8619362332634,3680.1352996611918,3720.392869321785,3799.418342803361,3866.64958406161,3946.977830734432,4033.3293961843265,4059.5348779534165,4167.556632070135,3836.2466737873415,3882.7785240760113,4557.523219088782,4780.1293524499,4931.479340016427,4805.765914583292,4753.467244372139,4634.6300549420175,4621.364470009366,5065.4751041139825
experiment_709,4373.102774554884,4216.138334696438,4199.494469506381,4166.414866167019,3996.0871192262084,3965.2386486537393,3952.573089096127,3932.7202740572047,3545.617717307491,3532.0633322854464,3520.5098292099497,3481.1860123001716,3476.632929518888,3475.813766042841,3494.6793316018,3500.9784893230913,3512.4868454790476,3527.8769293369564,3548.2534524672865,3573.169852169068,3602.6226557213417,3576.745742055772,3614.9783421316906,3589.0698747532347,3651.7801189743386,3844.765802149588,4146.508755827508,4144.292027758201,4207.211281591892,4350.837794030154,4489.286506157791,4571.973359941389
experiment_710,4373.102774554884,4460.105369118771,4539.087451824067,4611.571235744974,4359.6093698659815,4418.1030958622805,4472.3653297443525,4450.000636024789,4336.225214663001,4449.718626327379,4513.064444096325,4254.472751490335,4314.133601715073,4372.402987178208,4399.706887674249,4464.183561370142,4497.091619480469,4474.341692644764,4369.616673296094,4273.690411224699,4307.144218795174,4621.4341422005,4767.113771446281,4577.5504193373545,4694.176284136585,4779.286001932738,4863.452933698731,4926.585714517481,5000.927174863444,5088.219996416562,5211.48405359396,5291.9112440900135
experiment_711,4373.102774554884,4403.169703879839,4423.924886637432,4457.404233634887,4330.8925843181505,4363.293516291114,4394.270341137706,4423.198761434802,4161.84879128399,3917.4274892797125,3894.203315789089,3898.3584177812804,3876.963091854183,3919.4521694524924,3958.5529528670754,4006.6123760678006,4629.587973685665,4591.144033855822,4557.794041180087,4619.247772113527,4759.440539537598,4889.178006337267,4962.651435478151,5000.565271295024,4778.4376725336,4828.9307712851205,4910.543951079463,4985.920144028937,5067.494863547984,4960.936093487677,4730.803878454477,4675.1491097457465
experiment_712,4373.102774554884,4391.74533063886,4402.072380993459,4417.2209379117685,4283.13729815489,4288.839183111287,4289.699647545114,4300.295033967936,4168.129646273735,4185.803363029151,4208.50108394038,4228.325736840266,4258.760037817137,4293.852280405633,3911.88491318031,3858.163441857261,3841.9414248721723,3891.0236565705127,3945.4557171935585,4165.174402907424,4630.254429704865,4613.936544126715,4606.146208297008,4773.42767105834,4871.634421687402,4990.403919503538,5093.41099520935,4917.151745742926,5038.454404615266,5138.08082182594,5149.897358452023,5108.890625497582
experiment_713,4373.102774554884,4153.3124195675355,4065.878836360679,4013.1096355350946,3833.304734639873,3776.9482642237513,3732.0968485660374,3706.8522850298395,3715.3150030417587,3669.099896875062,3662.009564356573,3654.3223153030503,3655.2608845745362,3663.71652696404,3681.4021842764964,3708.8073759553977,3734.3298023779653,3761.3676048187144,3777.8847485197557,3863.0799810796425,3905.3242037896007,3600.822449770694,3623.390529368923,3645.0115268229392,4286.779211631176,4341.451863302456,4438.546712471334,4633.592825571461,4286.951688364009,4211.5029494385935,3903.1901482266817,4220.4309507913495
experiment_714,4373.102774554884,4543.239813553446,4500.482034470606,4657.043925355739,4481.084523002992,5009.958139769944,5091.497717842053,5165.535170580786,4487.254195606371,4538.477384271204,4340.380580926664,4288.235990326341,4652.725110471201,4713.498685363934,4553.175597900059,4597.036836478458,4632.624896710964,4645.264096931869,4666.003436474369,4677.304229229295,4681.683859781568,4679.045071591729,4663.406195870102,4645.449717091421,4633.843158699548,4602.779463589264,4565.399130384467,4620.17437278613,4683.101135586983,4307.799486619011,4255.599444309012,4378.532366599256
experiment_715,4373.102774554884,4361.411021085852,4322.49082438207,4329.253699288729,4198.1761261201445,4197.684843560672,4205.07626624527,4222.540355969008,3742.8997090380926,3773.811723484591,3751.547688173366,3694.9285007111366,3745.727879240681,4180.295385683812,4178.214536884399,4182.038720710885,4258.972898227567,4414.932960904084,4572.511117477881,4671.559809310379,4424.286742288724,4526.971507032466,4622.413884115374,4602.398526874067,4418.439636690979,4516.736617808045,4472.036305473564,4439.569703431262,4618.651095928541,5270.282591441589,5598.619423381315,5921.6212585135645
experiment_716,4373.102774554884,4327.102076633339,4272.7038514663145,4243.474022432373,4073.259702982734,4042.7555140210625,4029.024854862584,4011.719646544473,3890.545256063325,3890.8747442734666,3899.942109796086,3916.2565891655922,3940.460707736266,3972.27510053121,4007.7232121122393,4063.743621372979,4074.111593904467,4091.946085251771,4161.943830280054,3831.8807698982328,3791.843802872218,3878.7554373812764,4515.305552853586,4442.4874707386125,4577.98548325153,4832.921956787266,4631.662563823907,4752.496972554414,4879.965914891438,4837.575747079338,4808.759894099087,4708.6350943412535
experiment_717,4373.102774554884,4439.501421490842,4498.4379614232075,4560.9714076809505,4379.009467465168,4326.457484359092,4373.894410088524,4422.75934831282,3939.0518922622327,4374.0946459086135,4256.516521893356,4255.116896578582,4307.35437043429,4362.598345064024,4419.665513042952,4565.137855368245,4688.252049891643,4746.015409696667,4472.042489910051,4535.5403701928835,4599.386434383503,4654.642478255931,4715.261295041895,4763.835408263732,4831.47375395263,4807.9676164841985,4627.6533390295335,4657.720376440554,4736.636900869785,4809.204034182401,4729.330276252259,4666.720246697321
experiment_718,4373.102774554884,4334.882333681193,4170.634695552017,4168.669401142333,4000.4555180195343,3973.398900783711,3973.3532437197005,3955.101076670974,3941.7640113151087,3937.1751267644904,3937.121548374044,3907.2823721370105,3917.228918695897,3932.6289420002886,3969.060489005077,3995.2129421752875,3651.7896593173773,3617.913870416245,3657.940818903021,3644.3725658188428,3689.66081136201,3748.347356332255,3724.5534579248488,3899.377348573338,4600.800731897967,4770.76379896085,4923.486711479669,4978.96455935798,4699.823006107893,3959.8752558109672,4049.4004468972107,3983.0521234761927
experiment_719,4373.102774554884,4193.319105474389,4129.867033279272,4067.09128720183,3876.672822582078,3817.355166664054,3786.389672622042,3765.103581324483,3746.2772831328302,3701.5807685952627,3673.4923189551146,3648.25050147972,3632.6870904182324,3623.4648276796247,3620.905210256708,3624.286091494267,3635.518782472714,3653.9868042679877,3683.4643253722734,3717.433136835006,3759.493568622952,3800.712286143042,3844.1842658449564,3875.488207452914,3975.2351594985607,3998.376912082847,3647.4217608723293,3671.412201796058,4197.810231256165,4231.030855786405,4433.180124491852,4520.101119240189
experiment_720,4373.102774554884,4470.756278488855,4551.941939381867,4550.741043237882,4392.323415360339,4462.442208363222,4528.676590242183,4515.612991115476,4474.076838839753,4524.352817968654,4598.841402177491,4723.613544992902,4857.859974339103,4937.89701044277,4986.134744617465,4783.330443518224,4858.93621419782,4934.914769422456,5014.233973542967,5099.835099182763,4955.015432924211,4875.117932008176,4808.875048830394,4905.999703788323,5079.158858489708,5137.821387607343,5224.160606476458,5301.704875935749,5660.562891581446,5776.210665294806,5966.4720448813205,6098.955914964247
experiment_721,4373.102774554884,4410.643083898536,4440.776603643064,4478.183806079615,4362.175666177853,4379.861085056266,4394.529157078878,4414.132390766359,3768.754083687203,3773.0514182378993,3794.6881060218348,3783.8095204323213,3809.028769855593,4237.811096092079,4162.871922927709,4137.336133252736,4171.512079710902,4188.452858074148,4229.424049320318,4272.947468656669,4334.138429502633,4429.241420136666,4540.523913156485,4596.25170238869,4654.72066562856,4397.195811865506,4420.73732979246,4474.775831714007,4533.091092898648,4592.021007417916,4622.665840019562,4672.216839927227
experiment_722,4373.102774554884,4273.96143397668,4187.225243146171,4066.4809739045686,3857.9028933510886,3795.5295443253635,3828.57547445383,3954.3387752862977,3664.3312238868057,3948.7011418977063,4039.855912721917,4024.4162778977434,4020.18338396344,4027.1592393525043,4045.830343411261,3952.543628359621,3994.9651691539543,3605.0149118045065,3668.792116284441,3744.6416565355094,3836.6738383299817,3927.8486477814695,4018.7231722208853,4100.175404007953,3785.3098576613793,3878.6050959676145,4446.745677415086,4710.458313416156,4646.462795388539,4684.6672893649575,4688.416154741692,4456.66421847809
experiment_723,4373.102774554884,4401.958983406836,4409.986989895642,4425.998195190382,4285.105558741685,4284.25932603269,4280.283098934195,4272.095747556465,3761.643992529875,3736.04903282886,3740.7238624747893,3694.238314052194,3678.793569942336,3661.600702027642,4068.17374954154,4057.800677343004,4035.11313887558,4011.895044487964,4041.5177905165074,4003.7568122634584,3982.183334232182,3945.4757437558615,3919.5905938770848,3899.0358957367785,3872.6579414138228,3845.7293293282614,3829.16448345751,3813.2802610492454,3787.800030683716,3762.634714548757,3737.6783541199666,3710.7717276346884
experiment_724,4373.102774554884,4441.575757221001,4501.776107082058,4568.73279351159,4379.081182214649,4330.534463911516,4378.609922270085,4424.438409499273,3949.5631989139874,4486.866721610018,4364.330811946703,4394.294501716673,4439.526509801419,4486.043688522119,4532.758703062868,4664.16619766964,4712.020103685592,4821.5499048955635,4862.708530653029,4910.3718592666755,4960.956880114384,4670.149509707431,4696.110747831176,4734.092570765289,4780.2994605662225,4824.203038487661,4849.1552080059655,4814.117838727349,4853.087946926373,4760.114144571639,4808.084204713297,4692.156552368298
experiment_725,4373.102774554884,4303.548004175393,4241.204323365695,4196.854635406578,4016.239647142166,3979.0946025785206,3955.852764727476,3946.5001269589166,3849.9049062028917,3867.0430449968226,3887.7745686080675,3930.804092191207,3987.4890052791493,4064.521710322286,4106.131720805727,4194.500676269499,4306.2489862460825,3845.9525489552043,4134.309787609048,4511.153453151323,4744.437057082221,4949.369333693406,4856.7054492922325,5044.2366979394565,4986.105391186567,5228.797994270234,5471.91013568913,5718.221066797882,6768.200956770912,6873.718780010947,8892.898064836385,10102.815687142416
experiment_726,4373.102774554884,4335.166171418945,4293.190177593792,4277.685152231668,4116.045048078483,4108.3401112015235,4111.516648864493,4127.03674162467,4025.260588177826,4060.263985223907,4110.19049895809,4131.04756665509,4190.987378804377,3808.1874872661624,3834.8077333476217,3866.2250981131665,4384.912923640301,4317.3888504257975,4451.864621421327,4747.177343832418,4588.064557153129,4746.5474258619,4910.196467016078,4815.042739506312,4864.012638941083,4935.849896930313,5426.832331019983,5838.755735770402,6456.333625998866,6839.5056022514345,8851.396904612791,9599.491452250611
experiment_727,4373.102774554884,4416.817159212533,4463.560391354584,4520.10570466813,4339.782593551549,4405.251902716855,4364.862211358186,4437.633417638575,4225.12156623377,4297.99518188527,4470.7178116481555,4578.217656909302,4684.924486867963,4451.906624531026,4556.779195068663,4644.113148547162,4743.382773167603,4604.664559126548,4568.75363389772,4573.793077648129,4675.512580388527,5184.332605762853,5752.851527848388,6151.964315138719,6853.29445844494,7102.517584581503,7356.6146843412,10569.679742348542,11210.862620982658,11942.390872074238,11946.384373685578,12717.733738606541
experiment_728,4373.102774554884,4445.859432742354,4507.628064982244,4571.505719024738,4285.785925908575,4319.163689121297,4350.472243772908,4374.354076029532,4178.571795485903,4246.445142113412,4264.714606716578,4279.933849809465,4287.241783848137,4297.399351352859,4305.520493194939,4311.982979165354,4316.666269176384,4320.027233057954,4321.702682207203,4322.2045553876305,4321.653156779414,4320.192149457735,4317.764889358942,4326.316796582223,4322.965320101998,4319.143018728812,4314.900742719644,4310.345945289075,4305.499567778317,4301.222219774639,4295.864253816706,4290.2467389755675
experiment_729,4373.102774554884,4185.909055883468,4134.879207517875,4131.680458867804,3950.3011454257876,3954.5960728355894,3944.4153241986824,3943.8895296363858,3574.2632262568636,3600.2450458303088,3636.454954808408,3588.700426159116,3597.0217956514743,4051.6264614177117,4013.725274530956,4043.6005679429118,4219.117523334044,4401.794980111421,4195.9638445696055,4296.286584200208,4245.115248275629,4345.011222337184,4396.84215677316,4452.0430005646285,4612.252397633814,4928.368777199903,6007.5638757740835,6489.44815413182,6879.522719873978,12651.324658887272,13255.903168989615,13124.141299295654
experiment_730,4373.102774554884,4344.841970972547,4332.471813808463,4328.126467248835,4188.206885504212,4199.8796802141715,4222.87381670359,4260.786085513302,4127.917304777578,4159.82261348865,4226.247661839436,3864.1169098026066,3828.204641841331,3937.6486495279664,4539.469205211651,4518.55796217886,4746.417521338737,4808.372152284589,4684.421010878382,4841.268718211054,4905.985184022087,4812.327446215722,5022.684130965122,4967.633754408791,5187.251925103199,5676.703108627704,5876.499823344104,6826.342922748915,7601.293779101926,9129.0348457949,9131.422360652816,9595.39548718981
experiment_731,4373.102774554884,4337.181509713861,4313.353857418375,4306.198025956868,4156.465660163282,4150.331313914686,4154.550232629412,4170.272535663027,4086.1582689816205,4121.800118225999,4123.386947881879,4168.946953216964,4196.027392890739,4275.068150620837,3881.1292849269084,3911.2772080465784,4590.462402482341,4550.734552114862,4740.361413094977,4951.626628778795,5059.398906435214,4939.198036087899,5090.1078746495,5005.091248491845,5063.917103698219,5113.997344284298,5049.021660344639,5503.761937468149,5842.341299726744,6573.076143270401,8019.333199167341,9099.911231045498
experiment_732,4373.102774554884,4336.446878952096,4277.797066689849,4185.230165418527,4020.3375222983987,3998.374351802335,3973.236035520516,3963.721749915938,3935.791060967458,3929.935449211531,3930.358822018701,3904.120850255121,3918.6571689571465,3953.2806716421073,3977.3993768630835,3972.0813730634154,4016.8393782062726,4057.8284711148985,3723.9306612953137,3727.988013737836,3738.448208447887,3817.0075299466844,4448.161396765354,4398.643764000657,4592.43820899599,4744.811917795415,4557.109472820095,4539.583958996529,4636.735884000253,4479.140396219847,4198.604126044477,4281.9947783034895
experiment_733,4373.102774554884,4349.62143063823,4304.010776519321,4294.686061838554,4088.217905508181,4085.988781391566,4090.851189232371,4101.578875022422,3683.4981564079794,3705.3405769333667,3732.390082240061,3673.670565540079,3709.0500817358834,3683.954030569573,3732.140739780477,4154.948857447285,4089.5327634845307,4136.585763996027,4198.232906640805,4357.365438436782,4496.303097169011,4590.1244146159415,4369.87977092617,4433.817573338136,4532.904828763905,4524.664909491174,4317.824014372313,4385.403440466173,4498.113994326311,4639.672182590001,4934.0256414279775,5340.581834309707
experiment_734,4373.102774554884,4377.321056806724,4293.242831270705,4296.163075558534,4160.586367953292,4161.2814627137695,4159.641423656411,4177.855874822183,3715.2758935241845,3732.4323701371995,3747.135723588235,3675.5857661521327,3705.347017249564,3741.558916509619,3944.0030316402162,4346.931825840109,4274.368858441243,4319.016197189394,4409.258805881891,4540.951980695878,4688.776533747217,4781.236799375506,4564.457084721723,4622.359934777063,4617.877918229286,4455.779093657755,4351.26551896284,4337.807337558229,4732.677798464079,4882.3217276432415,5037.682439220072,5973.379859104106
experiment_735,4373.102774554884,4387.365668171491,4395.014380890731,4406.013809848759,4267.899993959812,4265.175980928848,4272.648549482847,4283.31016379207,4150.117591864192,4169.230711997647,4192.826604065928,4179.514981861626,4217.13192290366,4257.920083700323,4115.017107706304,3878.5681408286027,3872.6213658966803,3926.5558583478796,3994.6840416916684,4650.485063890236,4641.971462550636,4640.9352922550415,4820.517267230189,4952.663050309174,5058.722915101319,4879.3267787513305,5002.300289190161,5104.498737266019,5121.154054664123,4987.326074515577,5095.222857913202,5244.5165515234385
experiment_736,4373.102774554884,4398.6958523419025,4407.854826260307,4440.633313208058,4330.963347356983,4375.619686894006,4313.638543120973,4360.491338400998,4018.934526884596,4087.189092893782,4201.246845521529,4318.25652019482,4047.0841562289124,4116.198061389858,4146.976765728859,4230.585237474175,4173.787635128177,4546.101322281915,4380.653887746214,4320.399367543058,4289.184063102269,4400.419197020647,4527.231390710851,4655.775944549862,4789.0964527041,5709.338226103253,6114.7492359846965,8988.62787271646,9530.1879627518,10112.99576601345,10446.059159664286,10685.595104825625
experiment_737,4373.102774554884,4329.104761216908,4282.792500471818,4248.787557965726,4068.338955414277,4028.336184509755,3978.0325363959696,3931.587040064428,3785.2842718513266,3726.654705574318,3691.7641403348484,3660.61124636842,3633.3369170423393,3609.8870729734185,3690.6031022316547,4019.1214090044296,4007.143592151424,4000.162893584895,3998.4324126071365,4002.2278377372604,4011.3344538137276,4026.1884535538807,4047.6230813877078,4074.1428817372157,3654.0283345307525,3690.8358512385144,3732.5588009134794,3780.4795198310294,3836.5665327219986,3897.6068963874704,3955.3601348133734,3987.5960314348918
experiment_738,4373.102774554884,4334.494834855532,4275.451218380773,4248.633758413699,4018.731757050594,3998.162470540911,4059.662693704622,4050.1125198623986,3986.4536148260177,3987.580909070177,4006.55845765924,4018.1110113634422,4045.830459188701,4012.066495299496,4037.75001751532,4056.789881630542,4058.36411346256,3702.734052998914,3736.428549666524,3722.6331257381225,3711.310445565953,3764.3041027177565,3821.992483116352,4396.016849460184,4334.4360617900165,4394.165843656537,4556.373822403428,4686.475109368634,4772.899017873579,4553.776435057713,4604.581126749461,4687.728552508951
experiment_739,4373.102774554884,4444.177045637332,4502.895483800753,4578.459195234083,4398.717946408857,4361.128506908299,4419.879801825661,4479.531793532928,4159.39758634479,4534.545421480316,4457.907739858554,4459.273459656007,4515.731574644296,4569.821375663419,4710.427978753027,4766.705592505899,4871.148844935029,4919.897917216316,4932.176785615394,4979.947762782365,5024.443510139611,4783.6947416358935,4818.392337646674,4857.113739143676,4897.873236023891,4940.458858301699,4992.191078191267,5025.089385206389,5065.621013332033,5080.2520764038545,5123.458787464886,5169.381443474378
experiment_740,4373.102774554884,4358.639665377386,4315.882418071047,4304.095664118863,4082.16351430956,4066.6932046131233,4053.543643756023,4109.903040845703,4017.0364659816996,3993.8319381857264,3987.533739766158,3997.4656676568375,4049.6142242553024,4046.244048334481,4044.9174652159513,4044.6082484084577,4045.2525802494456,4046.767150941497,4049.1715438630445,4052.374725603942,4056.3610686982056,4006.013099783783,4011.4526254946204,4017.6406733420413,4024.598896953098,4032.2564096279757,4040.6640166023744,4049.561177664522,4059.559346373869,4035.064582736714,4035.425759774363,3658.3418832647903
experiment_741,4373.102774554884,4348.799249520662,4295.639054164237,4274.9523676175,4114.438588610124,4085.9340040930692,4062.8504064991535,4054.1456559667968,3981.837856269175,3956.54137627025,3969.0888234219447,3970.9184768598852,3978.7630517088246,3992.3118397571016,4007.7021442138534,4047.227305823427,4034.990940352163,4073.7915764921595,4108.249600932902,3728.3100333912926,3775.9700341671223,3777.0142629725037,3781.2732549064567,4364.701422952704,4162.426491149381,4230.801707867506,4332.881419905129,4556.647212994876,4364.287217527747,4437.925478577367,4551.850510347906,4634.986854274095
experiment_742,4373.102774554884,4411.156907032329,4449.423155179402,4492.220769217293,4387.074967225453,4328.069976948075,4381.88919478088,4318.78484105855,4184.826069054956,4115.169373056216,4169.245805226199,4273.530408998135,4381.893976216547,4434.758850440823,4489.9647935528765,4212.527431041021,4262.948687665661,4312.571945368109,4367.872837016852,4383.849071764069,4315.3176062263055,4304.136255418636,4358.549915532702,4312.127734687435,4051.989935157291,4424.1370846444825,4500.030000085049,4368.322927394996,4450.282890494167,4517.741876828992,4565.0796713680475,4635.033982810372
experiment_743,4373.102774554884,4337.455807563682,4196.330497509221,4180.761956437477,4014.6340646338904,3998.458158090808,3978.1659893630467,3966.9970832133813,3571.6324688154136,3575.4201470507855,3585.61976121782,3569.38474811987,3594.0260610065206,3625.267413105996,3661.2327967757133,3648.9939876992344,3647.387956429067,3990.318984840692,4060.6645792530494,4076.608940452415,4240.226487010487,4407.180383079534,4189.151515280715,4300.974415698591,4359.049715170269,4404.307821556664,4541.700559358459,4476.02695027909,4640.622487905118,4803.002951806958,5689.232946014084,6324.536645150529
experiment_744,4373.102774554884,4328.339423563465,4181.534017264684,4144.762579993218,3972.064668024852,3947.0205943145875,3913.1489574646503,3885.233865331051,3882.828638329118,3864.3403190514364,3852.139761697613,3844.0623529260615,3856.8451447827038,3861.8787140246295,3873.4373867723493,3891.8546967816474,3912.0324692176673,3957.288116306468,4012.926213002898,4006.6323802502498,3625.8858910243794,3684.6619862685775,3683.755302816065,3695.2043754556157,4302.100864761502,4222.018186354419,4293.711438932572,4472.5788727019835,4646.971169761001,4439.845225619226,4526.249345222048,4622.604308102541
experiment_745,4373.102774554884,4456.235158582482,4525.206099711541,4597.204231886677,4333.7822498288715,4387.645018949237,4438.875745234529,4483.621689550454,4520.170022013517,4441.042163017665,4471.970548158102,4483.252092559571,4527.2550656309195,4566.971979882663,4622.609710192088,4726.924501062347,4751.547464986332,4784.645415801766,4872.10319483969,4899.149046251117,4923.717163200843,4945.653982270081,4964.062707863155,4978.1519915767185,4991.965202296739,4994.35467465954,4961.315838579025,4967.019673124665,4970.1296744345655,4970.603430180993,4968.458447133631,4963.687243742151
experiment_746,4373.102774554884,4366.298096383005,4219.722448796363,4219.560077659307,4096.863679840859,4092.611973186955,4115.049667065894,4060.3152245146157,3608.4814052695324,3605.9424327761576,3625.1904104168357,3668.2787837514315,3942.279998078077,4080.0834477766125,4006.2180554570864,3999.4858468558205,4034.0763259471482,4088.2330550659517,4214.169914694241,4338.130522785571,4409.537071838702,4138.8467147801475,4211.892574330321,4250.2421180207275,4280.668486886852,4239.023130049454,4540.446686133664,4451.912562993515,4289.175929247836,4393.579555782204,4518.151925770644,4655.968413853852
experiment_747,4373.102774554884,4284.631791426875,4163.502853497546,4112.693928599342,3942.7710774995867,3893.8082861810067,3864.6090462870834,3850.8561083412314,3817.458266669965,3808.0190132405087,3806.1059428556537,3811.130738264563,3824.021708250754,3844.28471968512,3880.450614652607,3915.958396875636,3958.7036785293153,4017.896584101558,4033.8953627917354,3663.123010328346,3731.022912078278,3738.957487212163,3758.5301182653857,4245.834776396736,4148.616000371872,4249.359260298791,4508.7373958745775,4329.330820133728,4415.2064609728395,4538.644750947176,4482.89742380392,4410.949835434741
experiment_748,4373.102774554884,4373.905597249215,4291.5115747161535,4297.865822663318,4170.6989341171975,4170.902609332563,4187.5996242276315,4213.066433692138,3676.259132607133,3715.6602964214967,4150.757534567145,4045.8476889388103,4043.813268778748,4078.7297235062283,4265.841939570389,4354.222025207306,4547.865803530574,4634.289724866122,4720.623666590643,4493.314043129713,4537.194362121869,4543.250732206388,4583.844583148365,4395.087597467744,4077.5618489550507,4147.590531511411,4669.944726999718,4981.839857896125,4874.470405873681,4975.996277492389,5132.836051789935,5234.996242656012
experiment_749,4373.102774554884,4484.418370885316,4585.161938530383,4605.436632172539,4455.154450833681,4540.003384569336,4464.4168517666785,4555.1356928186915,4641.1473540893185,4665.979721366863,4453.758011825129,4507.848057019198,4593.6317545117945,4682.18248463409,4733.426199709363,4714.610596211338,4560.927970804118,4614.483498419048,4555.852103305768,4622.51076253785,4700.188009880934,4777.6048677919425,4762.607721838294,5247.990179675133,5690.093114721255,6088.648907577842,6469.361909503593,6912.754674021581,7151.195127211018,7404.951698049446,7524.628855889481,7547.367219390983
experiment_750,4373.102774554884,4379.467947799112,4377.847237334275,4376.850410332674,4251.024049017415,4242.813041498272,4241.461329099275,4243.9819604664,3646.48887859997,3638.3798211070593,3608.786673131289,3632.183440779166,3661.9834965594946,3833.7038994253403,4202.626930180982,4229.27161681872,4258.01127648085,4211.924663342766,4190.760832821484,4216.992719868213,4236.852301954876,4274.581028329696,4310.49265145405,4579.328828991565,4672.6599916802525,4721.99055486289,4828.605748053288,4854.939183081714,4909.480661484105,4957.562880639645,4694.433717250216,4720.008641491076
experiment_751,4373.102774554884,4385.914163851459,4401.29965669715,4427.975645614782,4310.188911770292,4354.326097906693,4402.615411534354,4380.186588577024,3842.2192889354565,4257.889476458159,4169.275754370259,4232.389479037749,4327.038042980683,4559.282249797943,4675.726075999453,4443.2939996916375,4560.641324364466,4655.961197233376,4584.617230856447,4521.241486272054,4453.392232946177,4486.502674141326,5024.965656755465,5283.5868179078425,5387.614971268067,6574.320420579021,7165.146047560174,7384.263789616204,10167.022749946806,11060.328633410336,12645.331944258545,13540.090152266515
experiment_752,4373.102774554884,4376.51748717796,4374.9175310666715,4380.693967415796,4236.109555895622,4238.276112290567,4242.819159188113,4244.0009591854605,4142.067769251853,4157.8538596416865,4181.565510795819,4076.7175583434278,3777.0487535112798,3806.601161617579,3781.237198017692,3818.296490109374,3800.155633042289,3846.702058998363,3899.113980224273,4497.845776557442,4398.038924941329,4451.180123470815,4544.874401714853,4758.406890545633,4845.619069917064,4609.7880504058585,4693.477395751954,4793.2733136994875,4765.782175265786,4797.275238670503,4745.801246234943,4665.162599746554
experiment_753,4373.102774554884,4413.624514148827,4442.992397055205,4482.58888317771,4360.468548394802,4391.214943059367,4421.227080588664,4363.218727865098,3854.8289546205347,3807.7448510231884,3841.664012210895,3845.8003310488325,3884.3386644909187,4229.641883281885,4217.79265949697,4243.361389842613,4296.665403912163,4468.797657022939,4524.138193450013,4665.760736804665,4727.4143833819035,4839.201399825809,4899.628786428856,4962.664502643393,4986.451729729221,4730.494552190983,4776.230746151705,4828.854385217723,4784.180119986156,4820.448174590589,4879.748448528226,4626.873957632261
experiment_754,4373.102774554884,4373.029318197037,4277.950273370267,4339.877311060343,4134.254813768265,4129.848663653893,4129.635719845122,4134.001254107974,3707.115843914233,3706.182530310929,3727.375092490285,3720.4818534916703,3771.1803778502845,3745.810264429665,3732.855733204022,3788.538496424122,4251.21228170257,4160.135875200967,4226.663661476292,4313.412057218821,4562.93717117073,4362.411800821259,4444.6596064904425,4571.417274343275,4594.742040694378,4418.311757090692,4343.870411090542,4627.807728157419,4996.693323867056,5105.95054718822,5311.115207709555,6291.023613095309
experiment_755,4373.102774554884,4398.306462719835,4406.139397192116,4428.758398344995,4303.972405954689,4323.378253639642,4340.975780681229,4360.9115072151035,3926.615840122561,3939.8482870813687,3947.5653905772715,3969.514498854016,3993.526357955119,4019.579150525347,4057.876309262707,4140.05810472012,4169.534299557696,4255.856265826422,4283.377349976054,4317.023705515307,4015.407125887305,4047.1883205277663,4080.0001937275306,4087.456609238891,4125.490733610237,4166.150467241415,4202.911429901811,4225.690683735755,4451.089174992676,4588.989625280329,4561.734068227413,4300.273747494871
experiment_756,4373.102774554884,4328.37798846724,4288.523909232504,4256.520320715972,4092.994368487477,4081.626074772427,4092.622015382051,4104.854011777412,4010.2016211294085,4044.3376037497296,4096.425249930795,4108.184175986543,4163.955618371047,4238.587227541602,3810.894703923533,3838.206745030106,3935.5826847005073,4558.414152972778,4533.543482066825,4757.180129250185,4918.967177031278,4780.646339836883,4921.696535596619,4965.70620605932,4973.686763502279,4919.309420126425,5186.232587968625,5243.660679536462,5628.112687651328,6067.279193167848,6478.5728475467795,6971.4861116647535
experiment_757,4373.102774554884,4389.4496188816565,4395.744846863932,4421.354460387967,4299.44127627135,4310.200979658811,4327.405649737626,4354.4968529177395,4218.292279516067,4123.288982403154,3882.11762813252,3828.3963964914933,3873.0922808332407,3860.546307838298,3914.5985050214663,3968.7388369498485,4601.0474595874475,4491.131224578722,4571.311330645864,4741.435597944372,4889.877854940041,4955.922963784468,4749.152013322107,4841.813198293876,4928.454439946472,4944.591465817805,4765.374543461123,4762.800607240211,4644.074375453358,4756.154846144857,4894.6816600193,5224.920417571444
experiment_758,4373.102774554884,4200.901769786211,4143.311645260549,4106.332756416987,3928.065239869177,3910.0612370721383,3918.4756363983474,3907.0577057898377,3541.110146167732,3547.3358187754,3562.517722143686,3553.197845206636,3585.6568465815044,3567.7850356592858,3558.888651648078,3623.6582074279668,4216.6073913067485,4138.8988886523175,4230.61939819206,4454.592440633958,4580.146931965678,4352.8959828751695,4204.995741862419,4490.335591199178,4356.058907849563,4376.470356933043,4476.864880459385,4710.640047066215,4994.0101899023675,6378.572018342642,6666.379118697603,13387.198892734115
experiment_759,4373.102774554884,4419.08781684802,4454.652420547443,4495.27344800541,4395.765333190024,4418.7613029364065,4357.092015760719,4395.9502005316135,3867.1111037684495,3893.782316380433,3858.391289319734,3850.6297448341093,3875.2004783328925,3899.433542313579,3923.2937405129433,3946.586142046731,4130.272999540755,4153.3310538000715,4586.479854290756,4614.170123648733,4638.742799365169,4663.69993260557,4687.411288333162,4674.537231833462,4695.611150460583,4715.379387825034,4768.1236511415755,4980.654123697366,4998.344751818448,5006.399545798021,4394.200528604441,4402.60210230983
experiment_760,4373.102774554884,4355.138848331877,4227.613709769585,4223.619365279914,4063.811373852695,4064.2503012972584,4068.471427416999,4083.0692218272034,3725.3179508034436,3673.007936801829,3702.761773263721,3636.8006902487914,3685.835315909023,4091.61533693773,4013.952940783657,4046.0234322145798,4112.700820623999,4177.111542071658,4325.106190321947,4465.666070713562,4552.0490222288245,4298.940186918369,4387.260132570189,4358.496480487719,4346.289263590772,4191.000313745992,4110.394609466817,4426.589723015299,4497.471833400841,4570.354881401705,4723.748303710091,4913.096217566679
experiment_761,4373.102774554884,4401.620456619499,4429.559313755586,4467.609297316849,4375.369229714071,4310.816806414623,4354.932657607726,4295.980312857608,4056.1368477354627,4083.4731208856488,4138.1548048073655,4262.537126356,4387.742838959894,4457.884937728495,4202.174272311411,4270.892241098135,4343.338587900056,4389.796884090084,4329.258989055715,4274.535720338761,4439.794931822861,4611.531652922312,4425.347140611455,4544.874430233162,4658.631897630633,4782.741403009312,4889.065499504709,5037.321199153697,5940.396209159344,6378.806543163313,6608.813946609244,9415.142678686272
experiment_762,4373.102774554884,4439.837534278131,4498.647831783217,4564.423195024987,4288.167227777381,4333.761087768765,4375.149153109627,4412.690741077764,4235.481315733925,4327.278196901567,4370.298787620353,4411.6132603513515,4111.385795301693,4148.375387649165,4184.843095625825,4225.849014225529,4260.964770117433,4295.543570301214,4294.053278967441,4212.037702433663,4173.815181570243,4214.453100767021,4253.20792060092,4188.666638733976,4325.282683900285,4305.781978370022,4341.629584084109,4389.3754331039945,4376.982269809163,4318.5444198339355,4381.687630522781,4417.088842216927
experiment_763,4373.102774554884,4409.668070510252,4440.83837063121,4467.995051114404,4341.341240749827,4361.527501453502,4369.893565213983,4373.8984448914325,3730.4278141871805,3728.5263386451834,3721.699639433396,3736.4107217295323,3722.0009274495505,3702.5693591060544,3679.352391191055,3719.1729721159936,3688.1876484757177,4043.813611526137,4012.000414094674,4004.2164973531653,3997.8112671296694,3951.825134574732,3919.1681375864687,3882.5362653850007,3826.1393550236166,3767.834655005501,3705.802636812297,3640.381128116023,4044.671370862665,4096.217178467607,4035.2277657859822,4093.2006815669533
experiment_764,4373.102774554884,4361.473015315263,4357.67856281204,4359.120764630432,4220.211026755102,4221.395307560574,4230.452472550829,4248.165865344586,4138.096074218038,4158.801571461681,4198.432392797007,4242.019760784239,3874.6623241689613,3873.0024478687965,3875.721935944697,3946.264794192035,4526.897592213415,4459.012682470255,4540.275542027328,4736.356607172094,4908.223514180538,4721.241697590991,4848.879051097769,5000.16336341955,5025.475868382917,5021.994685971548,5195.956467916801,5129.697609101257,5524.905164053543,5790.033325428383,6512.923836875016,6958.478247651412
experiment_765,4373.102774554884,4380.23882455997,4392.345470344675,4418.712973240864,4296.417462952483,4317.933392127063,4351.995707466259,4384.754733514109,3819.4235116777836,3813.72587965794,4277.636047025555,4167.203387494779,4238.639903704326,4359.558483563615,4594.854470890026,4435.2344422767155,4527.227952595723,4667.387159583366,4793.255680681556,4540.001808172814,4587.76767193594,4720.039925037934,4998.5142832542915,6033.219259331871,6385.505129847983,7198.059387040369,7532.635177765993,10436.77809810232,12212.460788608625,12803.725972820917,12615.887539486106,13915.914778739058
experiment_766,4373.102774554884,4403.680474914991,4419.346669731758,4457.390825667149,4345.357995281038,4377.331692622118,4399.806143159933,4355.0334523767215,4185.849509723677,4159.909633447752,4155.6919022925995,4162.946376033632,4207.808232628527,4344.444695192424,4478.66286481918,4559.534672179085,4338.883885923907,4415.21349545809,4469.697407936155,4557.018011047971,4615.541682396726,4363.616988136588,4399.046854544536,4497.172998745646,4381.652275024413,4887.385844194722,5263.516227723979,5157.478329053512,5982.38320887139,6508.214968542407,6838.649886470877,7311.290183251481
experiment_767,4373.102774554884,4384.931705253842,4394.254304094271,4407.654130508948,4283.439040814825,4300.460154176262,4326.338377160773,4356.568167724912,3988.470161064274,3970.0679022532745,3989.1543937786923,4048.893892154597,4076.5976138401898,4129.457506416321,4255.094019065196,4376.672426468736,4445.73571682601,4187.931488168439,4254.244950253353,4325.865230963528,4336.284824182849,4394.128592143624,4402.5736737234765,4426.7107200873825,4557.210733472167,4533.935194278294,4549.690811324518,4654.722665752259,4761.0882377040125,4825.417982947411,4956.897496879523,5894.443748797066
experiment_768,4373.102774554884,4217.963014983822,4173.5085307050995,4147.348619256905,3974.2442047104014,3948.8290551806203,3954.7051846084187,3947.7246636023574,3576.367997402228,3570.349145309563,3568.7905526349646,3538.1358793331037,3545.201694749605,3556.861798669682,3573.272515260373,3536.3605545232417,3562.153507963805,3591.5069379348133,3561.0437645763545,3613.544986108017,4185.248768154708,4284.616733077928,4220.375877539492,4230.25426680726,4358.775909653101,4495.699980178073,4583.130798872264,4333.07747214637,4383.919581678418,4202.7580184935905,4480.103047435916,4288.47188761048
experiment_769,4373.102774554884,4392.254695992406,4401.792710485067,4411.270009945372,4273.5042188195775,4270.6763504445535,4268.391102957019,4267.366660552011,3742.841595486585,3743.3591928344285,3743.871425028972,3746.7220223559134,3750.639502765276,3755.9916846663036,3763.0536077241645,3771.8111630824724,3782.4500172756157,3787.2382587030584,3801.9123980021795,3818.683351367047,3744.103549195564,3764.9227529523496,3787.928416308422,3812.4990316893263,3780.183585514652,3809.7067755844537,3840.9594866525567,3867.757743417287,4072.2605135429094,4534.17007224102,4581.450634395029,4594.340729334686
experiment_770,4373.102774554884,4468.050977567283,4557.21368900957,4553.124772972153,4400.610605499408,4471.248210236892,4464.4548786302275,4463.345311689918,4519.2324545778,4281.2102660168375,4360.106604236971,4394.772214742698,4470.23577804308,4518.906400707761,4483.298490466405,4418.8671020166275,4313.9774029429445,4375.785641030062,4752.427846716048,4643.150138080298,4717.96208953598,4877.689668240054,4831.500957351911,4948.751700458674,5036.9704699118,5186.266303824914,5980.6709009137485,6278.4713759164915,6710.938461001658,6936.479361448524,7100.532056211827,7233.422432700267
experiment_771,4373.102774554884,4212.785720827681,4167.186332565405,4140.614266482746,3971.430661560336,3949.7009440112824,3935.5610879788856,3927.7060268146565,3570.5698720211813,3576.6754422112454,3589.384313617445,3576.376479037135,3601.423407575632,3572.2991835146477,3550.7186691728853,3608.160013543951,4043.3496792483948,3978.0451933054965,3994.7793419421523,4054.731880749963,4203.000221917793,4353.922259400464,4109.87695147506,4194.988922993004,4259.832981046943,4242.926255971065,4529.801652833998,4477.302459364829,4333.934103673265,4478.939990033721,4619.390130562154,4769.566739706804
experiment_772,4373.102774554884,4340.979497440223,4316.997459660811,4296.742392297364,4136.332746833649,4133.879148370741,4127.473422009486,4126.549548723573,4007.283811315208,4017.284871183345,4032.4431819674237,4061.177398328522,4050.8396413563623,4081.254950226661,4070.800048340235,4100.128064860826,4146.717051851626,4192.49440055252,3846.5160883951826,3844.506961197259,3847.23310292968,3916.2884578094536,4153.051500424107,4435.875156453423,4526.50585645206,4715.618031388336,4884.8485387060455,4663.524867209477,4772.054228770143,4886.227759565163,4853.925952886548,4679.957170025155
experiment_773,4373.102774554884,4353.855142268722,4203.352030001712,4196.081452417409,4061.756255937147,4061.978916044524,4063.5633899858594,4093.263893147237,3578.8737393691727,3598.7233437435752,3979.1116568046514,4030.808759587093,3994.742143115058,4003.338186572282,4002.2092272812843,4041.983711741865,4115.230923367587,4231.113413032009,4360.3913850344525,4439.698311528847,4173.097348189312,4246.010085769742,4299.731775734359,4184.128324871534,4400.808842220638,4268.919704534216,4359.83947978821,4350.311333940332,4390.047788220731,4477.570666371515,4663.138964778753,4771.74008093579
experiment_774,4373.102774554884,4365.013613370047,4369.2121349343815,4378.8227855049845,4251.532120593453,4272.211696817118,4298.775355199187,4340.461175183748,3788.3255319097625,3773.260485063477,3846.2042299550667,4189.468057791938,4218.841503947026,4329.699319963407,4597.130550549321,4450.668113243981,4567.845166564224,4708.035684745897,4631.781647490042,4665.8977985667525,4738.912342510026,5463.406903816195,6355.239872234497,7236.129197783192,10161.421443624717,11116.788840369984,12840.641147679979,12170.624367787472,13980.741749944293,11734.396326368511,25886.436905531747,8672.16593798661
experiment_775,4373.102774554884,4170.552943103571,4131.559220878677,4082.1874867836705,3904.1915796524654,3872.133805290264,3843.3808823008094,3833.130208356733,3852.4070163110264,3842.043149833324,3858.704137030132,3877.0221366176747,3896.6838665281457,3948.6670540065534,3578.6171421346753,3647.243484924519,3605.3575971639516,3977.0323427537787,4015.636386577338,4114.927687883569,4372.627898190359,4168.453156416463,4309.799239589419,4264.943011729849,4487.555513265967,4385.32943607415,4585.842210605343,4796.94633549729,5016.879293746148,6384.326969122479,9403.012473819692,10357.093968871359
experiment_776,4373.102774554884,4328.409530466004,4184.314442976009,4156.3140613020605,4000.692698960821,3970.1461373475586,3960.494196125102,3957.905493386124,3950.0757481155097,3957.8684721908244,4004.62513321765,3944.582347607501,3982.934507874811,4020.1346954043433,3696.967448005059,3694.233652977041,3708.793937072282,3793.220742267819,4288.480899188083,4399.144840343968,4637.306214408381,4772.240096080747,4460.661738208601,4416.204786679802,4262.572973820055,4127.721318155777,4622.119683282369,4819.581668407207,5105.295658042203,5292.389612882578,6364.036607434211,7061.730438033421
experiment_777,4373.102774554884,4484.1354094596,4583.984941356402,4505.719000888849,4463.705527676145,4474.079496371568,4495.925923135133,4593.717803684315,4733.303777137053,4903.275936837321,4981.758051691952,4799.322369762186,4908.069610153156,4992.207324999972,5121.007034747326,5034.613493131986,4958.257225525787,4908.3361473657515,4779.460273209422,4891.911998274623,4996.610832790122,5226.055922024125,5352.112633316931,5607.621379433392,5638.75635563331,5808.052656166936,6243.261057116641,6773.42034142844,7301.794177785866,7574.019538749853,8520.086956630337,8839.13775739498
experiment_778,4373.102774554884,4360.971596450025,4211.595892903854,4210.2588133472,4083.8856962260847,4080.928896985295,4081.635115747654,4093.435463676501,3660.8097618188913,3619.0290327512043,3624.3312992732976,3649.5573040307772,3965.9110472973744,3959.9295875907997,3999.355919657006,4041.6749990649882,4104.955661709555,4238.943369942643,4371.41947547905,4451.647189713473,4194.969372970319,4270.911783481528,4224.949383958911,4236.1540904592675,4142.3379826400305,4120.584276924799,4268.806204566152,4333.401975485787,4438.201352347126,4496.023868096777,4656.809230502746,4729.127118951965
experiment_779,4373.102774554884,4353.917491468576,4217.919142954338,4206.860639954143,4095.3966188370277,4104.3537813174935,4118.363302964791,4148.7838993761725,3780.4481870790396,3990.097881025763,4042.8730717674352,4059.731466558777,4135.48830001122,4343.781848063525,4452.062655882915,4232.651241738127,4344.54410778466,4246.771965237423,4488.31543766905,4407.9036666727625,4407.116664824955,4562.706367952653,4825.7797422492185,5936.646077927101,6226.592821065876,6852.173475490438,12776.915456481558,13111.567822325565,13287.634572550603,14429.590698299395,14773.756797467373,12968.167538663098
experiment_780,4373.102774554884,4375.50882544946,4375.880614360956,4385.692650323198,4249.87127942798,4260.078431112261,4265.3750394545605,4282.236793096867,3674.347569196301,3697.887441415366,4118.380964799497,4075.6092115934634,4037.066125682998,4020.312872733997,4037.0380223638294,4100.561774796714,4130.313188276733,4190.566183359973,4303.967439366116,4421.518743899613,4486.118212081312,4231.734618434278,4289.90287734272,4350.852472057109,4395.029997538753,4401.829871885542,4395.69243497676,4341.206284235388,4342.925361324322,4725.056177705045,4557.127915610981,4611.759062885914
experiment_781,4373.102774554884,4388.431854370647,4408.039878762704,4435.2248293127195,4316.94180659282,4353.053936132114,4396.090764289795,4366.193079244353,4184.894325721323,4128.401121620685,4187.851500582049,4239.018745582605,4406.450263153038,4579.682410302134,4398.443451291151,4482.2278274654345,4575.380704045181,4607.788825458254,4584.844190080424,4454.9173043668325,4689.077684568049,5658.441145508014,5914.934914752538,6431.67346328777,6998.5914670038055,7334.9038620738465,10496.955574395517,12109.742362998964,12668.021195695961,14837.678519640955,14674.589753531902,14216.262539196663
experiment_782,4373.102774554884,4325.765903263287,4253.097309730924,4211.308224548175,4033.83874348745,3999.981603747503,3902.8468463167233,3874.3614537409844,3833.2192267182213,3801.9742282922602,3784.927617589112,3761.3178827559336,3750.9044338719987,3733.9317498489618,3717.8918781907632,3707.5290677852186,3700.5750260023656,3697.017052029844,3696.9178764160883,3700.7810271375156,3708.497070463417,3720.2433041193603,3736.1209666324353,3756.3320596527365,3783.5373978218286,3813.124540025444,3847.597688647048,3887.2428246107283,3932.2893573098436,3973.6410024245206,4016.0497031398477,4085.576161319666
experiment_783,4373.102774554884,4420.450260160369,4469.3374325123805,4517.321252192157,4340.292469649398,4388.592297764817,4330.111604986403,4379.4168936051055,4256.532195947024,4195.529138006375,4341.1323484241475,4467.358122844196,4544.610482822011,4304.992551367367,4378.667652183684,4417.871097860602,4408.446060739137,4437.269303221097,4398.43153339992,4174.269404475027,4511.752347500143,4711.414011499518,4708.477335168538,4852.218359639564,4946.497151552544,5248.668658451627,6109.3198957866825,6755.409800024729,7083.913794361419,7302.693921773757,12476.738525207295,13012.307267848639
experiment_784,4373.102774554884,4355.20309922875,4212.337339941303,4192.288530371944,4047.351885653299,4023.0177592747596,4011.058861081657,4003.337400619216,3633.8230095997865,3640.4665957455795,3653.2786225422055,3639.3683249545134,3603.0616659175776,3574.9211322715164,3627.9776889512614,3944.2610543402116,3988.3979770857804,4002.550783895508,4061.4800786663927,4211.039316828019,4365.1175184105405,4123.526228939561,4231.621959181765,4285.770315934098,4235.999556065459,4422.499650691028,4404.573309340895,4415.000969293793,4598.125663402911,4750.131012894961,4913.830930985507,6161.903451353817
experiment_785,4373.102774554884,4396.798904023502,4408.370097398374,4438.794020724884,4321.751209299077,4355.094315763017,4387.189109269913,4345.92130910022,4012.585655621181,4042.3695190050707,4089.153309175993,4157.323238760151,4270.713609297448,4395.0814068653835,4465.147372043658,4208.110134918469,4276.576767113984,4316.624916436579,4359.904661395822,4409.857239393359,4278.040778302914,4433.6935140556325,4585.115496667031,4713.469097022789,4509.256479749418,4607.787551952394,4721.874587236236,4814.323627571922,4933.6977089998745,5742.108342049712,6046.267035343799,6419.485257534838
experiment_786,4373.102774554884,4357.534001983293,4310.164771340719,4291.361731558374,4137.335636380656,4107.347844676977,4016.19433093241,4068.7619704994286,3981.8776204650967,3971.2439163744125,3959.7317069964215,3952.530835375338,3949.486461856119,3950.787014295853,3957.5728042098735,3981.590593269341,3962.237892065415,3992.088858061442,4019.660338718305,3998.297795522758,4025.5313608718775,4071.8638200549876,3721.209239359411,3713.7662883666335,3710.78171139,3772.0393930765445,4001.471577838929,4461.5047775511275,4395.359082392741,4500.976943303131,4721.655905984484,4810.025692087642
experiment_787,4373.102774554884,4431.062175316019,4484.060095098184,4556.7282208061915,4388.755675712326,4347.326691960582,4409.830584776982,4471.656481533765,4293.475864565957,4421.488567612277,4494.336704081013,4243.0675861293985,4311.502245810327,4371.941069710975,4404.619454352969,4444.479211970528,4479.1609259802535,4353.080271691696,4227.329123763622,4263.636781048809,4647.10048407221,4641.644948516374,4586.6705073053345,4646.908245723525,4677.3544009833795,4751.17208541513,4828.909684883276,4896.259665151908,4983.774553896826,5080.15877182582,5818.986105743102,6119.550908823291
experiment_788,4373.102774554884,4425.68978942457,4466.841317693597,4509.778819278272,4408.980883837145,4431.340296578878,4365.1009422824845,4390.758142045952,3883.315663372158,3906.804777887187,3870.439737245557,3857.5913250806175,3880.629096923265,3903.4973344979066,3926.44400470775,3942.8831694287464,3966.117604813692,4159.309679241089,4602.549332855609,4631.568432220092,4659.48380612935,4688.694347462592,4683.4937460397,4713.04101809541,4681.575451920549,4711.276933054083,4645.343102948767,4688.617563024866,4789.353450323709,4821.934857732924,4855.7409416550345,4891.530349999881
experiment_789,4373.102774554884,4379.084587110499,4379.1017029549785,4393.868337531619,4272.076328484682,4280.184304325346,4301.776477016525,4330.602533068448,4235.716746591619,4273.262145108686,3898.5053991972754,3893.043462472112,3892.811734886064,3959.6137110457466,4572.076553328887,4455.967875826225,4531.72620046577,4722.589835724429,4890.587406195113,4980.456683793227,4830.893282882839,4968.869068052477,5088.9383449415955,5130.40402386513,4823.5283673856775,5283.283333227156,5286.831757547388,5562.6455249387855,5795.350862069978,6246.6973868705845,6844.470122341305,7298.688528615802
experiment_790,4373.102774554884,4454.992194073571,4519.102130478374,4595.816247894616,4330.624689146435,4390.018734978337,4450.24401503867,4511.22752501085,4180.254030450383,4558.8891156949885,4492.973059323116,4504.330051741961,4572.627327583608,4728.723101541292,4799.019936993214,4936.444118217405,4979.196045621399,4777.457132510477,4853.219202283297,4936.553845558402,5036.548056271109,5094.978655354109,5083.691488164872,5178.442519694381,5113.437615393335,5210.0441362376705,5193.135217276742,5302.016520388622,5413.8164614236,5357.8808848524595,5303.35723831529,5602.610222651782
experiment_791,4373.102774554884,4406.618817577018,4427.654927524715,4462.773682874427,4341.489668322985,4369.433105849863,4398.592785665548,4428.974779501854,4295.819095492649,3929.0014751490003,3917.1365265799195,3874.513198637098,3934.1303050822594,3995.7226880607077,4644.71761138689,4549.034494077999,4646.923243776072,4834.110827572651,4977.942430197196,4800.143805104184,4926.20564324949,5045.459131694511,4999.453859416332,4955.366866924442,5118.792547652344,4903.938288149003,5061.0795718054815,5448.171387022325,5723.166780689391,6284.651175332618,6784.399012269278,8507.690009607417
experiment_792,4373.102774554884,4294.493773145048,4238.207810418398,4217.706952969836,4035.907203504597,3994.3463164544874,3901.7323050737905,3885.9779071450566,3852.063668672641,3841.58211465368,3838.954415320079,3843.6990727876814,3856.905154466153,3892.6951942554697,3917.5611900454323,3955.52700474276,3997.8855726733364,4023.1445981623024,4076.018842848427,3716.5954907721625,3725.929670740381,3747.9428756276993,4000.3269055516585,4320.837270141639,4421.978856338387,4695.885178650841,4812.408865887818,4616.82827521547,4744.835081332403,4772.728258396567,4625.318454934692,4482.586572939482
experiment_793,4373.102774554884,4406.620623956844,4422.944284863808,4461.115669218734,4357.528277082689,4387.544007474275,4337.3645836704745,4382.287202720388,4010.484909585348,4060.06327547056,4106.058245703043,4233.67617046932,4359.477769803385,4092.531809139424,4162.89668838031,4239.111002707556,4286.294285887946,4244.562629917777,4301.6336437236805,4453.266636193711,4515.122616145071,4390.526577115901,4521.9289498751905,4680.692713518041,4770.879232735076,4963.143988150753,5849.729944441249,6374.338318051575,6610.004389544876,9974.332958767302,10409.673183033612,10700.193371431225
experiment_794,4373.102774554884,4204.318583673474,4144.966368989061,4124.308259283165,3948.18496997366,3893.45410047693,3853.4520257145023,3833.4660606981065,3826.6492185832017,3803.589541913231,3794.60484517172,3784.4558772579585,3781.696442352638,3786.892988223443,3763.7270592695595,3777.95258680454,3808.8176663787817,3861.1904375694066,3924.2087100782937,3929.5672223547867,3614.5886207296107,3621.3801754342385,3634.0032421576375,3731.827473107639,4194.160583713135,4293.193993630926,4524.165369042313,4300.305076028412,4290.205426202506,4187.703204203051,4548.461963071729,4374.340279818808
experiment_795,4373.102774554884,4368.507364674881,4355.1036891256745,4274.905746378428,4105.871405934717,4094.258767488888,4073.5665637032816,4082.3158591671463,3686.117140281863,3676.375771435928,3684.801167309016,3666.1962045052605,3682.2495110845616,3643.935329572351,3669.7091822640523,3632.057455818183,3664.9237759083226,3699.972990096061,4282.945752016421,4169.258991519522,4206.840444486765,4248.999997186391,4319.110002994952,4461.268815913322,4594.775035316507,4673.185756880673,4426.132341246957,4499.297558579208,4418.085253038833,4386.682744783909,4391.305166175113,4370.343355182559
experiment_796,4373.102774554884,4433.514527798543,4483.07596610281,4547.350947249348,4361.761962922685,4304.900330908321,4349.555100155581,4390.430383995451,4125.578823920935,4171.837225107167,4263.922373578522,4357.323351157298,4394.422604769933,4429.990866825332,4464.010342944049,4174.599703443468,4203.179736522514,4229.21368283646,4251.984989924961,4274.211885068666,4294.292030223021,4309.029861408027,4324.211782873267,4337.573988291255,4315.711855489065,4322.933004376835,4327.088051969908,4327.874890266956,4325.111448945159,4318.595866850088,4339.768970018789,4324.871744579017
experiment_797,4373.102774554884,4418.885095220765,4466.891338068068,4524.708925811105,4349.435998735447,4306.053934291391,4364.864509256336,4430.101490584763,4369.987516756009,4271.468197374071,4372.790002929407,4593.193971741033,4681.9318237698135,4476.801831073262,4539.8695333205815,4636.764274093265,4715.444014940885,4625.112523289736,4542.191154421841,4650.371822751307,4615.320019756022,4599.525783056663,4698.12760747398,5116.763921449946,5627.500871180237,6160.914867567967,6488.779314891408,8141.736252460758,10938.465509999733,11245.606566318145,11420.159987529183,11185.298123255305
experiment_798,4373.102774554884,4400.30759994123,4411.501449718914,4440.826021032266,4323.278057121722,4342.484598513454,4373.2849798369125,4387.854771694663,4015.8600177643884,3974.047846207171,4010.9614540492335,4067.6927033730235,4095.917720129438,4143.001863674801,4262.015599860375,4378.4197470235185,4439.752104279603,4504.8059724125615,4248.297613897396,4308.839178499885,4337.163444383998,4411.759985605491,4417.380009133984,4408.366498139374,4347.2932771588685,4231.540101615744,4633.629003281063,4665.195356701567,4574.502770215944,4666.122752600944,4765.4686743901275,4911.72754473497
experiment_799,4373.102774554884,4385.50572544915,4396.776217365847,4409.938394082587,4282.264188496005,4298.359549893274,4315.834325402747,4342.668318815708,3764.7758950487664,3726.0982939396185,3762.3424204136168,3771.7021799538243,4108.327232139365,4101.8805441166205,4140.179357828063,4203.547306208553,4260.263648236452,4413.295125606504,4555.387459330213,4326.590805378887,4409.26591440343,4466.484073099284,4558.302344044693,4627.207010928372,4534.105113446056,4401.241387724596,4340.217293996346,4707.168783517055,4805.761120720126,4962.8175478345165,5073.280702384183,5213.233504069272
experiment_800,4373.102774554884,4341.916047637151,4181.623800243733,4163.011872578707,4007.6972721126785,4016.3841765868156,4008.788758095169,4006.990664934676,3643.6019323887367,3638.203514363604,3671.7962520982946,3602.6648715125257,3633.0348850274177,3609.185891163045,3658.1473457006814,4121.581965065547,4176.8875415033335,4184.5832575558825,4273.82121702618,4479.945951536803,4581.980523038289,4218.777582720981,4325.519551961366,4231.882544782484,4199.464775562128,4348.090605710474,4476.774939585627,4433.778975919811,4562.53049323736,4783.403343395209,4934.3337652502305,6016.679692270025
experiment_801,4373.102774554884,4349.235169917544,4330.6307734862885,4313.803469258828,4157.728786113135,4136.930277077079,4120.847344434384,4108.880738040575,4017.4708694695637,4001.292158612151,4003.7957419196823,4011.7464703239475,4037.1694564056424,4068.7316739116627,4099.344952618378,4071.3241769906454,4102.753250686883,4127.899758439468,3766.526429710359,3765.0633538607076,3751.2381845240407,3800.3870037884035,3791.957846472541,3848.7391314525325,4072.68887038309,4477.058133726476,4405.487134054392,4484.157581118729,4655.0722977430705,4799.773683719625,4884.975618288411,4646.992392685197
experiment_802,4373.102774554884,4446.943457885418,4511.127101730548,4583.938955248548,4310.8124770261675,4361.820500590529,4412.851962632907,4457.510144510691,4371.892903358575,4272.452276869068,4324.337117683207,4582.507035986725,4637.886840064904,4745.9550042243445,4794.064532189912,4837.427201929155,4871.566296186438,4620.087884655478,4623.246022242018,4666.628918704885,4697.918688133919,4738.128310720284,4780.3713052867915,4819.113552558602,4829.868272547694,4866.175596139732,4706.337042875785,4749.227096854158,4792.335618528352,4663.464838880871,4670.606978286177,4707.524251899789
experiment_803,4373.102774554884,4410.37308864149,4447.690060785959,4492.669507055563,4397.046280162527,4356.152127861408,4309.469669982722,4366.85894157332,4102.816696049585,4155.120699348529,4220.145452113961,4371.136020131728,4512.489273974717,4286.016084884086,4372.163287117233,4419.430511246239,4509.765519836334,4574.638601675705,4552.748065334839,4332.407143908182,4429.963519746725,4625.022027834472,4716.905206954414,4930.709924535693,4973.585676792023,5072.920563939663,5203.827519056234,6314.027084499781,6725.49508880993,6901.546172111866,7103.602930150435,9849.510291527717
experiment_804,4373.102774554884,4327.729797882582,4282.289951431963,4259.123966991601,4084.4708384373994,4050.4873127420765,4013.0314437440175,3981.3554009259706,3850.937291130027,3832.586940008746,3821.4730217514043,3818.029793945104,3821.2734385033336,3832.3576111614534,3852.5542625293147,3905.615933259938,3943.595228605569,3991.2632835109825,4035.9606071572853,4060.2176502123175,4138.385195880732,4175.332437886582,4280.998162862303,4336.099190028206,3970.199988542525,4304.372924452557,4836.7260565973875,4877.8150107174715,5076.5483421450945,4934.114384832388,4915.723284039053,4726.7151788224965
experiment_805,4373.102774554884,4211.307045983415,4153.350257785454,4113.431173728162,3936.7133452820735,3895.3189396368953,3844.7322293797115,3822.0821222535606,3828.202845394,3810.43179381609,3800.317292298731,3800.7173734392777,3810.697079602006,3830.0759341856733,3860.7285314020287,3922.910393891661,3940.0122464485703,3948.60522432574,3628.6795718472285,3640.080165442386,3668.4061169297174,4226.50183703761,4274.560689706806,4456.887865727751,4655.349944463038,4459.716013777947,4345.208723126856,4275.752063063017,4449.268157806442,4454.79467082843,4639.809817173121,4899.361601408599
experiment_806,4373.102774554884,4405.476555745483,4432.946295614437,4470.363530889003,4375.5013154670005,4397.483034289814,4342.953110005881,4390.672830806656,3841.3848153269373,3886.452874234315,4471.907358006954,4333.6933141581,4375.842886600352,4447.082955216052,4606.229402010258,4748.360713929063,4827.323577348336,4916.001827740874,4644.130115304746,4725.104666131262,4728.051286781898,4765.564816491158,4577.364383238904,4508.9900683236165,4350.62242147021,4440.567504098008,4541.623856786971,4626.717969132742,4873.880107116348,5081.079221955712,5391.298092004183,6208.715498655604
experiment_807,4373.102774554884,4482.966962695783,4579.105558636084,4583.3980731605925,4424.826461668372,4494.565325872674,4481.2784504022175,4469.210339828292,4512.3372892083335,4575.198568860626,4719.107940722551,4739.496599177235,4840.852475383475,4885.269347279242,4925.418963196371,4960.161651925355,4989.407311868873,4973.180235759035,4990.899605382339,5002.700878724435,5009.491688980128,5001.975087944015,4996.651664292056,4985.857098274411,4977.146935944607,4954.850972993758,4967.512506786439,4934.377704072216,4895.892418008363,4794.453602211943,4745.201455685725,4619.944957169797
experiment_808,4373.102774554884,4346.985739730105,4190.918848836462,4214.032575379316,4055.162742478183,4051.900972901317,4058.9894826060945,4078.620331556571,3659.2594035730754,3634.2204060709314,3656.2437758468277,3977.978255037841,3964.007561342843,4045.5951812280155,4133.542195801622,4359.434615022831,4467.102469404043,4250.049946181016,4342.366117737058,4284.402368516767,4403.263565986478,4324.5016199836355,4500.76832528892,4653.456245149685,4815.435185112447,5135.054367508395,6261.327776352198,6705.211257689527,7076.743383966269,12736.364549385922,12880.5803211026,13118.274363690201
experiment_809,4373.102774554884,4371.183621455675,4373.375092522832,4373.194811417819,4227.111628224503,4222.318704267027,4220.769909778297,4222.469865201394,4123.978818082614,4076.6969371377863,4101.761279531881,4117.013661798945,4135.684015021755,4146.416711136953,4172.161416580713,4201.632962839556,4230.294540652251,4268.042602612076,4309.772658214484,4126.552739643668,3883.505929453222,3871.520868125933,3917.879078716382,3974.7805607876026,4208.713998371002,4700.0709797670925,4684.457384497524,4684.973135834718,4845.242266836454,4932.834428318657,4991.745850723527,5087.099096379026
experiment_810,4373.102774554884,4413.417927137268,4445.969466760355,4490.891257528352,4396.195633100754,4345.003144109245,4407.9165426494055,4361.80516219085,3912.788042225263,4203.934588317949,4264.028274441441,4306.744896649646,4413.8016729072115,4642.604904551184,4431.360238569023,4507.6815198117565,4618.383769540419,4701.233035354602,4715.257456384275,4567.587560979098,4544.153515640669,4662.016892363457,4653.377589080439,5159.082661807475,5704.73383089948,6230.36641927356,6012.987592147406,7296.214172366034,7572.50943751207,10405.632904172946,11723.994597350229,12677.197658281095
experiment_811,4373.102774554884,4203.822878629993,4159.479265624753,4165.08668965729,4002.86618434304,3993.5809195624774,3993.2882638847304,4001.953030339925,3634.1705182077167,3658.8810214432942,3631.544831007131,3577.3874139649934,3634.4214430984794,3948.6198897168006,4001.1468065148347,4020.3999824561397,4083.475143940236,4234.019610229662,4378.322809000259,4147.065509498283,4244.132755931823,4282.724361840143,4368.644334960625,4600.896780648771,4444.2329497881765,4411.773512652833,4537.410268886592,4696.674358597392,4816.576227549031,5639.736521889734,6235.178386709971,6500.11626784604
experiment_812,4373.102774554884,4220.653602249528,4197.929860840679,4189.930216709946,4048.026078205892,4036.8450714123755,4030.7644544089394,4029.6824745256445,3652.8783689322454,3661.685071919358,3614.2595962992477,3599.637380403146,3573.911111459738,3600.24963160459,3520.4541299838675,4020.4781535035336,3981.074762825573,3937.7368007436044,3973.6654931622206,4028.047966434731,4085.422422208954,4215.6244781853675,4345.667907283089,4073.3282053923076,4147.072927456531,4198.163907018981,4281.831248838872,4465.635382728702,4510.413252175715,4425.908909757933,4405.525937301835,4385.636970126066
experiment_813,4373.102774554884,4367.256258288753,4361.409406640843,4356.388123575964,4205.576044933641,4197.698906294312,4193.2227768284165,4192.498617259867,4068.7758202524037,4076.5196798366273,4088.96672778207,4105.737106755992,4128.456938751315,4145.583671013813,4180.639473827434,3810.993278184128,3848.1498346409544,3838.7237368895803,3833.6262074565343,3858.998714392428,4085.5592185235064,4348.007980992024,4421.7375818345245,4518.566759271238,4777.340962686069,4881.126576849099,4676.47868456236,4805.6383112560425,4808.622484297372,4679.979114827219,4684.770059877909,4744.809483564651
experiment_814,4373.102774554884,4307.977612363489,4240.37046483791,4187.379003595937,3999.6469530295426,3940.6769585772117,3863.614536067851,3834.035823123695,3743.0060326562516,3698.186113732657,3684.8193831646636,3681.251618537047,3685.774415452194,3698.646717399291,3721.5615353630487,3756.1827492807515,3799.153304096625,3853.452498578172,3943.670864756837,4016.279447061283,4062.7042913485366,4101.772176859834,4221.6974448557985,3880.168638538124,3917.0247705534407,4566.995798926946,4716.599602671582,4956.355082020105,4784.944370122574,4869.240496742636,4617.367349940783,4601.634307552858
experiment_815,4373.102774554884,4402.123534471002,4431.78906157865,4464.660052754444,4356.089866944966,4374.213842854094,4315.041860182771,4338.534606868411,3983.79551640311,4003.4301452591762,4032.50603179905,4074.759258500905,4160.9249864926915,4193.252205999326,4284.457652919478,4315.132633309159,4009.8048170269158,4044.270734590933,4079.708670870362,4113.177557931071,4122.446514631159,4169.105340713493,4213.884309727797,4235.3207073589765,4389.862828892303,4492.652564906282,4441.591682817167,4313.661089458017,4369.292184348919,4396.230104843193,4456.434228704869,4299.843765309196
experiment_816,4373.102774554884,4457.036405330674,4533.2424253870695,4530.181295691346,4346.702851893284,4405.623028219849,4467.17680255161,4438.733121379481,4369.764353744627,4096.010651557789,4143.626329779283,4184.699875585222,4229.855194855567,4242.569986708066,4284.135844285748,4331.145619859186,4315.847465893019,4354.61898583125,4323.80598353837,4325.202186284826,4486.236135624769,4459.002467653991,4493.711298833228,4528.374735310112,4514.032228963264,4414.871013922832,4349.87860878967,4384.093834148544,4423.052670535406,4447.257478744577,4480.646509415142,4514.281767884882
experiment_817,4373.102774554884,4365.487412189878,4328.240063897243,4324.671478903343,4180.739032747469,4164.3718813010655,4156.280724872377,4151.775105283032,4050.871153071732,4038.3147024479285,4044.5084482679963,4021.4319077566265,4034.190883524692,4049.247210262823,3666.7517156362946,3688.2510830144092,3712.7262927056363,3740.0889988054273,3764.226306543447,3738.2268824900702,3714.220234999608,3753.374840800558,3797.5553854675045,4254.592081984396,4140.830988635087,4174.756774575808,4230.557808059104,4296.232953904652,4433.3184613607045,4571.043059651915,4653.902186700921,4419.528005563228
experiment_818,4373.102774554884,4423.066053386592,4467.648252058002,4521.882197771515,4341.689456826723,4393.925916601043,4338.377272511572,4389.730521664387,4332.026198234795,4213.571015542938,4249.939350157201,4277.068413868466,4357.910184261677,4481.602883970543,4614.381084532944,4685.9113254038,4463.130638317294,4507.344536526061,4584.934636861417,4656.277182254584,4711.507167823039,4690.651670727203,4502.1720217256325,4577.1635438174835,4674.210170848726,4466.663569688188,4541.030402514011,4694.867177349933,5173.138549487657,5677.152541982747,5956.277122468767,6111.867200293737
experiment_819,4373.102774554884,4339.019312746652,4195.494103765674,4163.527443713649,3993.1687047145106,3953.63090371632,3928.336918936712,3895.5851183682726,3867.4658444867546,3842.7069519846264,3829.0894479611725,3813.697504760179,3804.081993601474,3800.130861672853,3802.8684723039564,3824.962685067436,3839.427071406194,3860.3201946112895,3881.124582083423,3913.529612488693,3949.418629662994,4010.942898447443,3987.112231897421,3649.4012204801065,3711.10206431977,3710.566887973804,3719.0523266625746,3802.407771441445,4219.498120342063,4276.797299407064,4389.486003335631,4607.472562822474
experiment_820,4373.102774554884,4470.452432612699,4561.114346162361,4556.637797191829,4402.644476255343,4466.347215970583,4451.851060444399,4441.9981543300855,4481.039978151797,4223.390119883708,4284.120262465424,4343.296372134764,4371.995756274378,4433.617702792716,4425.221252646314,4400.2540424075505,4318.823307167129,4224.790112192338,4498.871941698288,4650.71098087939,4412.185052647811,4472.812926479019,4554.397623817529,4619.255107285462,4682.26833134155,4748.610359863661,4832.339130627614,4879.6556356345145,4936.575078294598,5019.376484150793,5075.726175560832,5856.270622613088
experiment_821,4373.102774554884,4149.731845917643,4091.092891097249,4014.123069676983,3836.330810961126,3787.442209163441,3752.324143272204,3730.0232222294335,3738.5187662396634,3719.1907827444857,3722.3286143982496,3737.2024941391655,3754.1247224150584,3791.756738101002,3833.660554820576,3852.6270704586373,3939.6680256030313,3596.419169117382,3625.9635889855344,3670.057343698564,4184.908740257467,4204.470157346895,4351.9398320146865,4160.58991743951,4280.859902976991,4260.515113921071,4482.82961324686,4405.242564556525,4632.599347993833,4828.877723904975,5828.478671685078,6480.127946758617
experiment_822,4373.102774554884,4285.128865701296,4212.903884959041,4150.916086646984,3953.7330244283376,3900.2552562909605,3856.5550497573267,3826.1825709827344,3734.3823901180363,3706.4459076796747,3710.881312249452,3727.6713727716724,3754.7910959593783,3795.6256871517817,3847.6806825027497,3912.623237644265,3972.041251004089,4071.6361882336196,4134.576919319157,4199.045571928109,3858.0083039113906,3927.6141342277697,4671.661229610387,4735.816667937273,4950.542012697893,4848.050779928997,5039.493700349204,4883.693197173347,4922.313940785698,4937.77075353463,5322.2496973679545,5711.748165900879
experiment_823,4373.102774554884,4335.312939670823,4280.89438791664,4271.895078141818,4100.470791223751,4078.188965020468,4050.497346020284,4038.7840854462916,3909.5351474312865,3894.9103976388133,3884.525107535692,3877.3824447912702,3875.6738567361376,3878.331885569532,3886.0469089883354,3898.1080799657047,3914.7354858905533,3936.6919664074567,3958.8343337464707,3962.3953571101874,3999.033528209406,4049.565779148018,4042.161408544257,4100.130875233583,4159.851460068033,4229.601527592769,3827.4363387892613,3827.21107202982,3898.949220014394,3974.4568961653777,4743.150168022884,4573.036259087807
experiment_824,4373.102774554884,4388.893248879331,4397.058290963387,4419.447196204781,4290.482066095785,4312.976402662318,4346.11479061213,4383.6446767154575,4139.628403169893,3847.194695658736,3902.1376356729284,3869.848824935929,3940.5504673578475,4594.326545709217,4529.830967106769,4618.792649881364,4815.522176622015,4966.285166139318,5095.642998980318,4945.788285618011,5082.1675739874445,5026.624653853195,4821.697648034344,4747.464306007187,4931.814739434837,5220.825628036335,5533.641620478462,5619.214385721762,6164.876385462841,6674.976494679659,7441.585275219511,8808.081567567042
experiment_825,4373.102774554884,4379.475730006945,4374.503162840775,4375.44520737611,4234.791620073158,4225.393611601242,4217.23902080737,4209.576623043357,4080.781268535581,4081.6410425888434,4079.083288438427,4044.3660704616946,4044.125954761453,4045.2851885337095,4044.2288939547557,4048.4244847329865,4054.2485984902373,4061.9991237921718,4071.340272599302,4082.5522454899096,4095.7385841525706,4110.9967886736395,4128.390037368316,4148.101031572214,4117.417968300131,4146.077789072051,4162.12798876834,4192.132849061301,4225.070208762171,4261.625015666234,4301.2556857846575,4286.876008150358
experiment_826,4373.102774554884,4397.768871265016,4422.223791354113,4459.685845179436,4344.093527804532,4382.785784272852,4401.3407540627795,4353.7803601653595,3989.6826139492764,4050.288036577378,4078.876383391914,4124.2095268974845,4184.691002364902,4299.372928036912,4418.9228841622935,4485.12619401071,4222.002348078522,4279.313875224225,4352.669778250611,4390.884019781605,4312.123350524979,4355.391836702824,4310.111338517741,4334.3883650556045,4511.484599781608,4414.529628881133,4523.9209482280285,4603.015586378654,4704.3163961289665,4786.597432508082,5000.001308446526,5136.499739629674
experiment_827,4373.102774554884,4358.489652849486,4206.2164974865,4196.951940784683,4053.0089303429068,4035.3925564352044,4059.5150810037712,4060.5056722699637,3680.799896639319,3675.0372530515906,3687.9876352616893,3612.5990927124276,3636.92788139435,3604.3768170317207,3645.276186343668,4074.9169753326655,3961.5672936369456,4006.157343720234,4054.8287340716147,4120.121986012543,4274.584878477562,4423.139218534041,4182.302472484218,4271.914390698427,4314.824169050657,4291.938431850034,4626.5915585233815,4459.955593920231,4453.544286127424,4590.960033509116,4740.578427723887,4876.039553599006
experiment_828,4373.102774554884,4377.506434591258,4388.051737090667,4405.279696343678,4291.079678763543,4324.791565483203,4377.904242025415,4330.63494660458,3991.423001850867,4056.3457483825878,4199.735801932554,4334.4175388496205,4079.4891224679936,4154.697540187175,4217.894354103989,4185.005830330352,4472.050026382016,4415.936805858764,4385.20550318586,4367.89917715028,4510.024082051533,4637.465719417564,4794.449695209999,5658.099690311701,6133.89655044001,6442.270102019636,9458.124595513429,10233.954407907864,10464.272198976247,10815.323351800384,11253.299784315237,12804.837401826608
experiment_829,4373.102774554884,4218.840215160935,4146.260895199006,4102.313832976188,3940.5460599700345,3935.508638630644,3920.903928743185,3914.359198916483,3929.0797050538013,3926.786412059523,3987.4571118844046,3991.855739424144,3599.394635541883,3662.1827298083654,3676.7799380407687,3691.3281752478147,4109.921112297941,4142.812022283597,4267.693522387726,4528.3507650659585,4347.574448407643,4458.48170998583,4461.49670033374,4315.82771413224,4774.88389504627,4769.646313136893,4969.539431780177,5235.363633932628,6712.736103153157,7157.9513928260285,12000.176662916208,12613.473540870773
experiment_830,4373.102774554884,4426.09058654293,4478.205973071173,4538.531052726465,4360.392882263181,4311.122518293609,4366.900478450511,4423.82101890006,4166.162361156088,4240.848979296216,4368.747396772078,4496.585706357268,4262.910718476958,4336.382930021731,4402.866911570041,4446.969431892853,4522.421117012513,4571.349124670769,4535.174513729343,4351.624101031171,4395.23183983108,4648.21972049859,4853.816901134938,4822.905185955446,4867.873054361312,4982.760345384349,5072.959644661879,5915.154655596214,6462.8179814461455,6736.950554329965,6913.614123771415,9627.572703477568
experiment_831,4373.102774554884,4395.037611593589,4408.232563202739,4417.860225406408,4289.800346411791,4308.5437005646545,4325.989849185841,4346.5255764406775,3959.731445667964,3930.557593434679,3956.8017072820367,3969.630323657459,3997.239799756215,4029.5531652907002,4079.066800445915,4173.779044915925,4263.230962023197,4304.450037652869,4022.024098781034,4068.6579177214576,4115.5805589235015,4146.029697809943,4204.102762765329,4219.473007745733,4491.715886460872,4656.320820631324,4367.156558327517,4451.4164456727685,4396.316855818508,4389.398316468802,4481.308505022497,4582.439826674019
experiment_832,4373.102774554884,4434.352828927611,4490.632122505045,4558.232419371855,4387.584288171184,4338.392292663288,4392.734017829816,4447.029576767601,4212.064303253699,4329.478648945207,4461.1582659968735,4210.916489673489,4286.551134728756,4359.11385303149,4411.190718896323,4351.2228774238465,4291.398577374537,4226.343478057405,4536.139555601232,4460.138380761511,4578.199829685178,4697.010552807871,4815.969569259041,4893.368522591766,5119.114659786866,6002.7076722940365,6450.323463764866,6833.149381213105,7134.57569716758,12126.908829425905,12551.423669767997,12921.636079249762
experiment_833,4373.102774554884,4324.399121557044,4261.60760421749,4223.828388479304,4058.0202839503127,4023.384067795288,4004.1805841835553,4003.047461999315,3877.2918970409146,3869.1022131688296,3868.2200476086145,3874.566858425072,3889.2428082261704,3911.470309178326,3943.0949162872407,3979.403909139258,4040.072957029737,4018.3904003453545,4076.2987508290626,3752.028708551603,3774.4571704349664,3802.4658803452435,4064.605791012208,4356.3972318204715,4480.3297335299285,4746.004077037285,4579.331632515938,4565.081616122752,4668.362360848422,4467.213827047493,4583.493366425755,4438.664897869945
experiment_834,4373.102774554884,4449.19714957142,4519.677985686158,4595.822450201153,4323.7922315589985,4372.499988043017,4417.174274465402,4464.983753854636,4008.0715646538247,4053.245281366947,4058.048667431864,4110.2450134952815,4157.398174974304,4206.2807304522785,4460.969874188203,4558.907843189269,4538.307393218155,4439.400335092996,4316.5237848894185,4375.096313032894,4411.605294121238,4210.142012707433,4278.144933111005,4334.698322978675,4400.770605489362,4478.7435388949,4551.459049709609,4606.012125851473,4710.710609994565,5532.0431256752,5632.933084390155,5734.144024227226
experiment_835,4373.102774554884,4400.885227727909,4411.269084648406,4430.950243052703,4293.708586997429,4295.552625424458,4295.60139099594,4293.779543515521,3771.188829275571,3751.1173798502814,3761.148579310807,3753.110192660033,4021.1731250350185,4131.3225609143965,4114.447415140805,4095.416405832423,4085.435278972839,4062.003463999271,4090.348851189651,4049.011781029099,4021.2985585310075,3979.6065327851434,3948.99268087639,3920.231141654679,3889.971003884189,3848.0147595662156,3804.038104424689,3775.4980437351987,3728.204163896707,4028.5430040156193,4102.602251688578,4049.4718512016875
experiment_836,4373.102774554884,4390.520684826701,4404.4034165312305,4424.054396579395,4296.086420382498,4315.450714540633,4341.082485054805,4380.662361277186,3864.1401606938775,3851.405546234436,3844.636427290092,3873.3529662513774,4469.786266769119,4389.065634676957,4473.108398497741,4668.8131031617295,4854.455062528421,4533.507466118561,4661.893142822329,4800.169165865013,4696.921624281265,4606.9197784260705,4779.993475649643,4968.685580824018,5473.652549325268,6640.836954603532,7047.962716412798,11103.90518036351,10991.557218027026,11962.773438398039,11869.515251149181,13927.192727893962
experiment_837,4373.102774554884,4276.290095596766,4210.801703824633,4115.084882461452,3942.1914208021444,3909.663877330933,3894.1231231699003,3883.0855671823088,3888.5825400067242,3898.293794162845,3918.4653116581817,3948.33710996399,3996.964796163128,4004.609452787432,4053.8832764006415,3693.214369935706,3702.038152988939,3725.111910471205,4360.516584078488,4301.684885029027,4425.631564294894,4674.046652184149,4514.318601124184,4626.564943805941,4605.942391443375,4409.730386286949,4525.50811939297,4745.237131758841,5710.497459640481,5279.744830665958,6762.415639472141,7393.259047364205
experiment_838,4373.102774554884,4404.10146492262,4433.278253782011,4465.981553097792,4353.059939791769,4382.024220672458,4300.673490529482,4324.343412034955,3960.7727760189573,3984.176958724365,4008.9580853222483,4034.4318960494816,4077.2868317160637,4162.473881992807,4193.432483729153,4279.887131999867,4316.49330017258,4355.406204053665,4051.6122906224864,4090.1735896983873,4128.082337828685,4142.828301697551,4187.537553248946,4242.946079445435,4243.050326599189,4437.218534936167,4545.7116035401,4501.959306835848,4382.357747510469,4450.270531866143,4385.934638754718,4325.548139719083
experiment_839,4373.102774554884,4226.37921873289,4164.308459922589,4124.260312267812,3953.736996770529,3927.6524393244736,3937.311066510751,3932.020756124613,3957.698307890192,3969.0871739343943,3993.598976967667,3981.9200394776135,4022.448853292405,3638.697037254377,3693.015178089016,3688.4745171319873,3696.182096723747,4323.194782345421,4253.475909471614,4336.598210188379,4516.246404523323,4697.859019483646,4505.895806846296,4597.1990922453915,4604.351833669403,4466.958954129093,4217.954319309336,4697.5835418556635,4829.6598439392055,4918.808798423438,5201.1319254120135,6211.524773333243
experiment_840,4373.102774554884,4178.548339308696,4157.101925420142,4126.061149531636,3968.3895352750087,3955.942687976421,3957.440070408684,3971.388464926602,3595.075497546294,3629.6618254461227,3678.1603497899273,3642.4596690094822,3652.4303577502455,4015.165669508765,4042.7253494003207,4130.208462219507,4371.747828663194,4168.73762350152,4284.941818072519,4350.433915074972,4241.461032482326,4541.490834846782,4420.3122529477505,4592.220301704434,4792.023593006363,4982.516999789737,5969.24972081287,6550.07471949122,9692.277336176154,10418.293967739686,10915.83542831312,11315.151339277076
experiment_841,4373.102774554884,4385.468758787574,4390.202396112176,4401.111978826211,4272.4479726187365,4282.5718976613,4291.801444668071,4308.626998317341,3792.7181154255913,3798.524172869149,3817.38390878719,3750.8581737446398,3720.546712544735,3754.0466547206197,3792.65726335327,3835.4784734146147,4122.149849439149,4170.1274897402145,4205.849260999823,4263.325469390038,4322.3998137617,4466.486031095096,4608.0704392428615,4378.820498941733,4422.498185702832,4508.621701944015,4598.163409603734,4585.109322925015,4535.3675892965475,4459.8727954356245,4519.384186708683,4478.897092107231
experiment_842,4373.102774554884,4381.833182692236,4247.475093000813,4253.390115062469,4082.134214899561,4081.738247382075,4082.962588930781,4085.179190127539,3609.815156214755,3617.355675659579,3518.21090969315,3662.566300745345,3924.7147495791087,3940.035530997682,3987.997851610976,3977.91031152126,3959.6332672874564,3997.327392998336,4025.242304299717,4073.342203728011,4196.657356148193,4308.05578372361,4364.619046326066,4091.9286777980487,4158.89176827671,4202.598152171104,4286.879191612332,4236.780815610879,4505.45284517465,4417.497036335108,4501.790399101063,4380.190649380482
experiment_843,4373.102774554884,4349.217871353334,4220.65971424272,4205.865119579945,4060.130487973005,4043.073813951128,4039.1962068403423,4035.9674664394897,3669.8646901678626,3678.4975113895216,3633.477001705153,3617.670231823173,3639.71941577559,3601.33782066038,3634.7395826198544,3673.1428218845294,4299.642909049777,4250.054748345072,4249.64070313533,4327.578033210269,4443.599981693309,4576.818705302136,4662.203281455938,4749.81553405235,4515.127115835885,4461.636906296413,4309.476085952056,4280.136129217291,3955.61050520512,4354.390756879873,4534.354541566624,4657.17807674874
experiment_844,4373.102774554884,4458.413128763437,4532.891577561242,4612.632678522835,4342.95988493884,4406.575910886691,4469.960181051258,4528.93950503293,4560.454846629713,4475.050173126581,4542.182134077329,4574.881635672174,4728.2959703323795,4852.5983735705295,4923.187739292202,4994.455661215499,4749.295759835988,4814.166930945078,4886.432165520884,4972.588439726165,5049.023960525792,5092.92976154574,5066.977438584916,5143.94654809708,5061.08135458783,5140.388315564703,5226.409036634461,5206.825793925994,5293.479763709318,5379.110359182669,5436.5977298423,5511.634658321527
experiment_845,4373.102774554884,4392.555064943113,4399.472687059573,4411.146302560259,4276.0460506213385,4280.657832583252,4276.004970579441,4276.387183186684,4142.448231970291,4140.362209576495,4136.671044737353,4131.314804038019,4123.951825426446,4114.953437211419,4104.102821813543,4133.443773439205,4121.220928655912,4104.277010822394,4085.3527808098343,4064.2000218310513,4044.773140101181,4013.5868854676296,3995.5906832634564,3972.2338660511496,3964.6584959452694,3930.5949211971565,3894.278538817536,3854.6201186000135,3814.120341070647,4158.574466865637,4222.313409213486,4167.337088304667
experiment_846,4373.102774554884,4178.022867969374,4088.025766251448,4016.59339864142,3826.134684062689,3781.891635321867,3727.978059736739,3674.895273099919,3658.1538420270363,3602.637002922754,3573.707156949105,3558.1106986259038,3548.421659609153,3548.775061989857,3558.557807603367,3577.0749362142365,3604.9181827893112,3642.209153231973,3691.4975303791434,3748.722390003437,3806.2708180588766,3868.992072710914,3966.3499911596396,3986.2336237393147,3693.334335003044,3674.6472459839642,3960.9302604216323,4259.212117187084,4481.45758952837,4697.9763038423935,4495.355507475072,4406.941284987242
experiment_847,4373.102774554884,4339.579884834091,4201.328714631073,4194.929727627366,4042.315830496593,4030.337526951107,4028.508778668939,4035.504775025196,3674.7593073596727,3682.605474436971,3656.1579229185254,3662.569323245967,3637.721491972389,4110.915880196178,4070.5696089207363,4070.8009049372904,4157.179002096144,4328.67376981748,4496.800489711334,4283.467654293276,4362.920251546962,4364.996179230683,4307.02966395568,4133.983521875371,4566.650990573533,4616.497425676384,4732.21633174442,5045.537390868143,6005.418040541097,6345.879530582597,6888.999664780007,7198.535512592929
experiment_848,4373.102774554884,4330.50114926267,4186.747229832368,4155.2674597943505,3986.885119620768,3967.797380386055,3950.4840659511883,3930.4801406020542,3925.556070031543,3918.01857426229,3915.6753809825445,3920.9922900840647,3932.3015505212816,3951.1549716405234,3950.5784561983633,3996.6483018281906,3981.8910333576887,4017.276260344227,3687.3029110275193,3679.5961932425103,3685.767365457795,3758.586732511085,4204.163323930464,4273.77185652862,4386.190647916283,4618.389712205148,4417.963437067578,4386.18081628268,4501.926112210496,4363.230246138843,4436.850024306352,4560.842352616135
experiment_849,4373.102774554884,4363.610903815907,4349.982968424637,4351.362833524716,4214.415547612403,4217.984917136246,4224.570632187298,4242.813536703419,4134.140493826276,4165.148446510537,3797.3680321953584,3795.748573237995,3782.107023206781,3832.4315398005338,3827.7848207861325,3889.447488724676,4491.988406130702,4399.429292652092,4465.215974135621,4641.140255110899,4799.800566572299,4898.5355629620235,4668.082788446622,4750.146405556106,4863.312757984675,4974.182269615454,4821.833516960083,4852.49778634652,4960.600375362692,4950.401813784511,5087.473136244345,5375.949057789205
experiment_850,4373.102774554884,4412.616597740878,4449.924017627089,4499.655727030193,4410.268303127888,4364.697451988884,4323.402563279021,4386.218524653774,4103.504108119845,4396.131421070664,4448.4216740148495,4511.839629077267,4705.662861437216,4875.248074273502,4675.402565383347,4783.826656139524,4911.942493045481,5032.087009095449,4814.805120678185,4958.506974197913,5084.444685282925,5070.620710832291,4973.297805158059,5334.524207086944,5867.571473178249,5988.106451051966,6954.908746471908,8086.835549304384,8524.653892187445,10259.932803197766,9540.381126351986,10063.038157495681
experiment_851,4373.102774554884,4426.622254921624,4476.634156850632,4530.640033069221,4344.025627282792,4387.023323153174,4318.292268338695,4355.641691972926,4070.6804076717845,4097.929370388752,4200.99923259007,4236.326455363586,4325.752101131664,4362.615352646118,4063.642301913502,4096.781566144055,4130.281025640824,4160.613427354819,4195.795583418508,4203.591219344948,4242.933699590789,4278.057992390193,4269.960041113221,4291.220052176706,4262.707181161912,4496.45232210098,4518.683554095315,4404.46688477152,4438.316516477986,4473.730811048446,4496.37499232168,4313.570268021971
experiment_852,4373.102774554884,4330.385157964494,4293.263985078173,4284.346586992058,4129.940524731484,4112.678096418983,4106.173964989792,4110.578345079841,3989.3999611609843,4015.1287688914617,4048.0368924345644,4070.0590039173503,4084.453754617643,4144.743092479753,4225.207344478372,3848.0258300990135,3884.121354439298,4154.807853620786,4492.223035201101,4650.327064621159,4935.2017237799355,4772.7520611337295,4922.57042237152,4896.957497625692,4754.431748517403,4705.185460902981,4890.426752560666,5121.943210592543,5679.686605459649,6686.217274212244,7212.300999980515,10258.056701993346
experiment_853,4373.102774554884,4373.511345154622,4240.606883626226,4255.612333667139,4097.561395235839,4122.860576986584,4155.470821378959,4184.360046820946,3985.345394800712,3986.568399616587,4032.1889494853795,4101.661962532806,4240.661253188269,4379.150444768915,4127.440021699763,4215.328243952055,4280.436148935782,4235.185468207611,4540.620272308033,4478.479708303727,4278.4607884381785,4395.229934285746,4501.331689135324,4635.64190142591,4743.880451430273,4932.829385643386,5119.867174251789,5242.123737655805,6270.34606868401,6712.41243286368,6922.115761060511,13115.356661587257
experiment_854,4373.102774554884,4331.9699512862035,4264.975417383432,4233.376849888264,4067.315723304796,4045.506256046039,4018.020109121802,4006.329880526133,3924.1822046038687,3913.6044869098523,3908.2197085253465,3907.2760955346307,3912.1836130661973,3921.5242816291425,3934.9047989572414,3953.8494397732748,3978.11162806006,4003.482332401426,4060.205051329397,4043.7491255519335,4074.8352331904007,3692.80791266333,3740.827473652066,3726.641358715488,3721.470644853286,3781.4921261511895,4367.721503125098,4153.679297579392,4208.446010057118,4298.846447052469,4440.005542542089,4593.068967731114
experiment_855,4373.102774554884,4203.599781059254,4145.778028855566,4105.958188175916,3932.8524503040044,3891.2271354588133,3853.7595796781607,3855.2260146443828,3883.967923204716,3870.4683438208904,3860.2846238053526,3874.779326976675,3880.0764272914157,3891.221573154192,3909.1911441675425,3488.112572130349,3518.289273800964,3554.8290814378765,3598.321492580055,3589.176388244687,3590.21405292669,4169.581459430155,4115.795570407168,4008.3049287919393,4106.969811406831,4309.999518345285,4072.562710442233,4171.121796791127,4221.886210233387,4197.894611149931,4487.836992790308,4440.151496079059
experiment_856,4373.102774554884,4390.536616579649,4403.561896742274,4430.0960316425535,4310.657979943255,4334.279425985653,4365.994101316031,4407.171743754511,4268.766332465103,4189.819960358865,3900.7373233323415,3924.170848166714,3927.2930009301913,3993.3888331049156,4618.023989472162,4526.805908036685,4623.360888821711,4809.803453711221,4895.81404738565,5077.26069519353,4905.333616117974,5045.951534129972,5164.921219539743,5033.975652611271,5065.982482344418,5233.809223590382,5103.607864326428,5166.29057684158,5547.127289524838,5817.702066370926,5940.9053609558505,6917.3792159356735
experiment_858,4373.102774554884,4413.379926722117,4453.986843008881,4501.388077570987,4311.856054103343,4354.345580228526,4291.2746061902135,4334.41730189064,4062.944912877117,4095.6254094757205,4210.636940022359,4250.2100983273995,4353.914121142341,4400.664618518757,4112.872277785575,4154.628409521279,4193.863039055659,4234.595117071152,4274.326678765596,4285.485084968355,4294.919409172203,4303.452928975888,4338.493059266345,4299.939915356243,4290.324188833555,4553.623606059214,4473.08793175101,4591.425635110006,4453.410515891781,4472.029213729812,4481.981715884721,4474.236551672187
experiment_859,4373.102774554884,4403.371252854706,4423.478267096305,4454.612015473234,4327.136483859939,4347.808321586189,4373.4469135174495,4399.249735394829,4253.244848741184,4154.159028496296,3904.232300959279,3843.9898310660406,3879.277564191635,3855.8279644596214,3895.922928922094,3939.1893600738417,3979.791981414013,4198.204638221648,4656.0610067761445,4623.686685425734,4598.252112542243,4667.2389450634655,4818.323309637728,4900.89058741631,4943.839444238174,5083.749246126225,4876.483393760687,4970.5752853521035,5074.996606759675,5152.279054656814,5055.327328628183,4991.426795689065
experiment_860,4373.102774554884,4339.669164546176,4223.628084521506,4217.442476079765,4053.9025202154203,4045.6265425597817,4048.882740905856,4062.116658602572,3662.360869836543,3693.6856496643877,3735.9385240250394,3694.9655806041224,3680.3944314703913,4136.6712365990315,4043.4386279735872,4108.302649814996,4207.000403196282,4445.1334400351025,4254.004851254126,4369.254756077151,4465.113627581904,4578.204167705289,4407.379250318329,4279.693840319376,4787.68241355242,4877.101258913862,5046.891745828016,5967.5164867652775,6695.068671281927,7113.464705736715,10168.072827854687,11019.662024721689
experiment_861,4373.102774554884,4406.38915191917,4429.308108612049,4463.890955411764,4340.223365873621,4369.061444467846,4403.678188716778,4341.042808243339,3838.7311836338577,3858.7200897879475,3850.4662129351855,3856.2812658057583,3898.5647001095467,4103.455115349057,4486.377164859232,4402.748526113783,4442.569684570528,4499.687333919794,4560.1050446774,4706.902218448455,4825.9056173374465,4892.828085859403,4921.036044925058,4698.2383031235695,4758.296765393264,4800.135105332707,4867.762740130388,4916.724540862855,4995.703756972052,4947.186576484789,5017.698101539814,4827.1334641745425
experiment_862,4373.102774554884,4328.871697637832,4258.804043813014,4219.889628449144,4053.703424639265,3956.6259076825672,3928.5832995596543,3896.970208289966,3860.5756879143214,3827.3561449267236,3809.203228700438,3795.3547277269754,3796.3106158894097,3792.073942846492,3792.7512720444806,3798.477234254471,3808.6826929118824,3824.9349066384475,3836.957115065268,3864.2292776570575,3887.7142283306503,3927.6624692822393,3930.934762006772,3993.523226819091,4060.2377103174795,4057.4751199527523,4129.829116724927,3742.1630657951982,3757.276545925697,3837.512319965236,4435.697188323013,4383.905335272557
experiment_863,4373.102774554884,4233.543459076966,4192.851774597836,4174.073513308669,4019.1558764321326,4002.7968375442365,3996.277274829882,4002.9095138442704,4015.124202340516,3625.499888590532,3663.2177711455643,3677.1063478629826,3675.432508553792,3689.149770842564,4293.637530783193,4279.024007157292,4307.632909871509,4492.19368986388,4680.242826709448,4502.688764966131,4603.439185707903,4588.590556369929,4325.517386432606,4439.024435895166,4611.370372267023,5221.635679882808,5077.690656358886,6060.733877618113,6834.56194861292,7252.158359127994,12144.787994651815,12513.646768833209
experiment_864,4373.102774554884,4364.3883694421,4221.178988677913,4216.317111926966,4079.8951839866822,4069.861208600506,4063.439690026373,4060.7776693143865,3619.476511350281,3624.2740478922246,3557.728482047621,3567.527586053638,3583.6900634582807,3608.478178557026,3995.627169142358,4010.3242224592987,3923.010523756451,3909.710921643208,3952.6021920481016,3982.495275642117,4033.414516617369,4104.33131293075,4273.0494042385,4341.653260119954,4051.7206950654772,4120.273282800335,4160.405043454742,4226.768877040847,4422.884884360746,4457.475010525691,4368.9552238632,4438.438730748274
experiment_865,4373.102774554884,4191.65757842751,4144.590579275295,4109.146623824681,3940.6845413888964,3942.362020466845,3891.2240954140048,3901.4505072281977,3534.3803510759626,3522.7183856385873,3533.734038548019,3519.5843133052604,3545.2203290694997,3576.9470824010314,3619.0982859505507,3608.697921210511,3616.754510908022,3973.5522363480904,4038.941388602355,4060.4177628293455,4223.562541492542,4396.420888735691,4177.220561637443,4256.378597636256,4235.709016838855,4413.327518376657,4259.942392583162,4446.324408722202,4633.926776860587,4806.9678084435345,5953.241398491529,6595.125113002871
experiment_866,4373.102774554884,4375.693863734583,4242.24329918476,4255.934756129911,4094.617085455603,4099.680414579703,4109.9593394004005,4131.240263256261,3927.1711353051114,3961.4792103168716,3950.6737890943086,3979.4908032023395,4030.567971881272,4158.642398957525,4270.691529199189,4339.756977147254,4075.3173558012727,4122.841878376625,4205.041821750312,4244.166406133854,4546.7175018509315,4387.925450765859,4344.950032745219,4323.33177837747,4457.64131281159,4601.424208342666,4655.749730461639,4886.409102904593,6009.4349056122155,6402.65262364552,6602.011087543077,12736.68119220944
experiment_867,4373.102774554884,4407.426724051029,4422.075674614132,4452.250341949384,4333.045065730854,4345.2364670793495,4371.177927765739,4387.377372026665,3980.959796669228,3999.651207377876,4018.8602126184683,3985.5845043110694,4006.53544728991,4027.808227434615,4036.815163730121,4060.5677957985095,4084.974485274916,4124.194538092283,4203.638504567456,4233.0121755361,4321.956382938024,4354.9220384388545,4389.701376006562,4426.231265151342,4122.934190078746,4158.600465329038,4194.943795374073,4234.505274432568,4275.499759153206,4281.602601665911,4305.3171273909165,4323.52801213073
experiment_868,4373.102774554884,4374.144402870728,4367.760371156995,4369.8120966236365,4249.4670641685725,4251.228053996606,4264.31527226879,4285.803741512977,3690.3724436001603,3705.70675858956,3743.698174988189,4143.469335639753,4121.948475699082,4125.595872994681,4163.61308890048,4258.475603310809,4461.732324805425,4546.162421872114,4324.26965410252,4391.208877139193,4493.735060511328,4494.444433832851,4265.855814066191,4380.750189894023,4588.113136064722,4767.202463619402,4930.440557682808,5108.633538486783,6390.078665578232,6683.482655009547,9283.386878637168,10093.88888992352
experiment_869,4373.102774554884,4431.238045472746,4481.825394659336,4536.790894502155,4351.937072088241,4387.264432431652,4315.96981255211,4346.523748864777,4056.6067489375164,4077.141265383795,4103.664335275507,4144.548377728178,4223.062399777582,4248.861129123816,4333.591225192182,4360.043526937741,4386.15428817154,4412.244829784702,4438.568350475789,4465.119091334014,4157.821957817089,4182.711846813016,4219.220061276046,4242.899314079319,4267.802283322964,4299.2429515510385,4329.8502794709375,4329.563806713687,4331.133358731333,4299.15800223951,4300.335448458216,4313.803787786125
experiment_870,4373.102774554884,4410.339788131678,4442.713051543465,4482.515395411745,4377.630808207844,4416.123899073389,4370.7875997088595,4327.731779806609,3909.1818684574782,3967.091549343942,3967.054612799424,3992.746313249948,4234.727550163672,4627.369713799081,4629.64764092296,4731.474917753028,4903.764240697843,4973.385167476999,5076.632682001365,4902.65706885007,5016.024776019149,5198.960531329688,5126.5164292389845,4337.227369845816,4454.404335645383,4765.552494223922,5048.138031839695,5197.49080737587,5580.916432204659,5709.495328987984,5794.769472655347,5890.434894134587
experiment_871,4373.102774554884,4301.269890246137,4189.724410832359,4164.743133237821,4000.4169099785167,3974.2549180081414,3957.4516982113796,3958.3384799133446,3952.2878138514025,3973.2032417007586,3988.047073686138,4029.6815742990075,4020.424714561579,3658.2220925178744,3671.7758163960616,3725.8220970486695,3720.000392453682,3728.4203889235073,4341.054652024055,4268.353974171763,4348.74219986737,4541.069774251872,4709.211981017088,4526.15317057746,4473.765091698813,4576.560237495001,4469.862388726111,4436.259221861563,4396.5650468746235,4760.160292658418,5230.717942129339,6150.78658152301
experiment_872,4373.102774554884,4370.673950373533,4365.759310300677,4285.440863503907,4138.593783791299,4141.1795187171865,4151.649157438564,4168.284404180467,3700.41581679295,3725.5088906076808,3695.604857414313,3692.8933444070117,4139.164270789093,4084.3550338393543,4087.828633241466,4140.491753122483,4204.555976009352,4369.91991097284,4523.711526338959,4628.837847078237,4412.587660252002,4468.011611743314,4549.592189562022,4443.573581628252,4343.017579116542,4315.461867858222,4579.864822979585,4888.128254222775,5882.341245375859,5178.605001740103,6149.618399037874,6692.345652853562
experiment_873,4373.102774554884,4517.715124253132,4555.959458004566,4596.8621715833315,4485.92855235321,4519.294606595187,4619.921926461263,5132.344956317045,4605.300076410932,4567.945816480633,4653.438002055316,4701.646251125269,4678.626388606317,4663.117216508743,4579.62801948071,4606.691020419817,4675.161111213576,4740.754422929361,4801.142164160949,4666.824367702745,4720.425257279268,4681.3535062580395,4913.061683304391,4945.0509835846715,5033.136522972387,5168.087648807662,5341.111958437351,5515.017015376514,5708.105815876803,5866.374855674601,5906.924121326296,6049.404617625596
experiment_874,4373.102774554884,4164.068525620176,4112.688806625105,4036.9757101063387,3854.6152416679024,3801.646607217576,3756.6102819745743,3730.434647627847,3718.318124780005,3674.288079738929,3658.0800518513174,3634.4060722461777,3624.8891970125233,3624.3703046746814,3632.1944800823967,3649.2418145801466,3679.4737961722913,3715.9157950811523,3751.915816602742,3800.338918838475,3861.3874372927867,3911.6459254536985,3576.517456950347,3605.1316389846716,3638.800275534969,4075.009856031857,4079.173490860965,4343.73887017513,4159.150037443845,4295.6267019061315,4246.742261360344,4474.041336061597
experiment_875,4373.102774554884,4383.896730871343,4383.890285133032,4393.607452676497,4259.7344264756775,4263.461184569962,4269.368683527101,4277.564569828493,3757.4808774224366,3753.9749260126814,3767.6813546896738,3748.993239640182,3766.81771482776,3780.223769442405,3742.7232707892654,3766.8142204375936,3792.3431157302025,3775.986090489895,3806.18072217788,3839.2143684121247,3874.531269610543,4417.619782230507,4294.3858953255985,4333.662901473159,4361.976624105868,4410.965594700867,4462.545255211552,4600.860042105378,4703.571290526186,4763.417604712847,4819.614672118152,4547.931376696697
experiment_876,4373.102774554884,4434.579566171139,4483.907802622044,4543.608169740077,4355.639194501022,4406.989297069173,4344.562379391293,4389.945118818436,3924.9809979258353,3972.3801111997554,4562.57287501919,4496.52386318713,4473.09914522001,4544.581187358124,4702.918731531101,4840.372067774128,4931.127277793776,4989.533801995344,4780.898128053133,4869.778194009971,4950.308305454462,4965.426733847038,4990.213677315987,4902.461514695815,4871.219232278562,4906.758428739729,4879.827434779877,4998.676445668414,5263.278580620288,5666.636078468105,5768.417640959517,6380.83950391924
experiment_877,4373.102774554884,4407.833637244727,4421.161826417565,4447.534939289155,4322.107123616973,4336.96613872456,4351.479065996492,4372.111087983119,3980.0013912846534,3993.5787233883593,3943.972341579887,4010.4730386655633,4024.5096192789647,4038.3803645364387,4052.99303088157,4016.165382014129,4032.57483627466,4049.9557362694018,4053.5716254268373,4072.640632802711,4093.8199933394108,4116.157213137181,4149.809850470091,4233.37617371193,4262.500455532006,4350.769760229738,4384.418562026782,4420.41661135499,4460.486241277868,4500.825278710196,4213.148709080928,4242.633224445623
experiment_878,4373.102774554884,4338.1443888034555,4217.336547899695,4174.7247207145065,4017.31319983125,4006.557973692681,3988.948722553753,3975.6737073975796,3975.4976619839144,3956.363534605637,3964.2807753202806,3975.0988063514314,3996.4878940535473,3981.734487417775,4016.4798343458033,3663.2219874989314,3708.550125527303,3700.0567229519456,3689.6527361952117,3752.911960612407,3956.1554092111483,4259.53980000998,4209.255678554783,4375.516640618182,4547.305934221664,4338.903964881989,4415.1449282556105,4458.132077751254,4415.244625982093,4350.491570570636,4304.294296988966,4657.036616495962
experiment_879,4373.102774554884,4358.082732797879,4313.058211419564,4302.859860473525,4152.632082544541,4134.025440613701,4121.520634420009,4113.202181835099,4061.4650087253613,4042.830894634568,4064.5322288170355,4084.615307557248,4041.9482447187665,4060.1146323381345,4048.0571525798546,4063.474013678248,4096.147035305237,3735.816815289165,3767.235125283603,3750.0351536205694,3797.2740845239814,3786.443411446733,3843.2294712283783,4067.331739455743,4324.263567307908,4380.539906626273,4460.811617332353,4616.563729471818,4768.338342270007,4870.507290976679,4615.277827720401,4710.533279142153
experiment_880,4373.102774554884,4427.9242546547575,4477.176123521362,4535.918630559201,4365.37123658834,4309.647874661564,4357.9000398862045,4404.145458034881,4302.969504126544,4302.043104571923,4424.569787769975,4489.030703155546,4223.8499537767475,4283.737285506131,4356.8751734646285,4292.937991978103,4308.753479057921,4328.7401056221515,4152.534572874061,4069.6953232773444,4374.878886114322,4418.977233111345,4445.030767028687,4553.53595401561,4644.338587197642,4817.523998748771,4991.245940155246,5078.350201836525,5172.311566218085,5286.636664583485,6359.610281939513,6782.628273011577
experiment_881,4373.102774554884,4393.2182407644605,4407.078874013817,4431.293822531807,4298.926228805609,4312.780248285129,4331.255390086106,4357.001555348032,4230.964763102602,4262.148788991536,4166.285917982763,3822.2625039266577,3861.6786875996745,3843.921801769779,3891.323895102408,3942.833591756856,3993.3193495849096,4614.056776665875,4590.4398184572365,4573.426374694035,4669.657629778544,4878.824809147002,4973.5252214593875,5028.723259076787,4831.018128597504,4927.641423776373,5022.369520098491,5030.43605218676,5136.943181725166,5081.354415839628,5112.872615904578,5228.882689575274
experiment_882,4373.102774554884,4337.278199734081,4216.613707779854,4203.754860760334,4030.602939970615,4031.8613288812057,4025.87738697443,4027.710335422973,4014.3881826987285,4018.437437266649,3913.549281190936,3649.7628375073928,3694.789493400979,3689.6331795811398,3684.144315283238,3773.473123276721,4264.841515575703,4288.157116137631,4388.008919536169,4529.776215514367,4345.5797524207155,4451.763884853355,4570.2778073830195,4476.539801376531,4419.124699673077,4532.092475354762,4918.4258483168305,5120.871510667001,5378.563060746177,6761.5192050721,7308.759812143529,12202.25398406637
experiment_883,4373.102774554884,4552.3224097202,4529.553136938452,4705.11581403031,4535.2395253085415,5100.841750440795,4989.566908581902,5136.296496224561,4699.012346802636,4807.9906516775845,4826.800289433687,4678.072864444276,4603.094477203715,4707.181244459562,4947.322413945319,5045.6227112937795,4996.809748322881,5192.481099734661,5364.435204008181,5451.633312167074,5793.740535707287,6139.531789422776,6418.138545989461,6768.287335030671,7011.332580668286,7125.954135204036,7460.845265829337,7999.048073113958,8667.881920848664,10342.826854533763,10313.56595750498,10601.152643015923
experiment_884,4373.102774554884,4406.588686741692,4414.844112570015,4438.791788533146,4316.077632513519,4324.235723203292,4330.782870872818,4333.607731828683,3966.496688226433,3970.6444408277503,3973.5895165848224,3974.261982981092,3974.960926547861,3974.9804399074424,3971.3283887936486,3969.855874279188,4044.89498641591,4042.148819799383,4039.039938798388,4035.4915139072027,4031.770957062216,4027.680654742018,4023.4239059715387,4019.0588153107465,4014.6323375160446,4010.186558640171,4013.8167680283404,4009.392441585067,4005.0172046148787,4000.6906441870115,3996.6950434281957,3994.728428220842
experiment_885,4373.102774554884,4386.761000387842,4395.534829909979,4408.64001207796,4283.420089223401,4294.6776508629555,4315.325070127148,4349.91516996464,3785.58147432628,3742.249305940342,3780.779593158678,3940.0584434617676,4098.647722812544,4139.267185954127,4199.416445250226,4265.8661948118615,4426.483756541542,4581.268116298263,4356.228960680142,4421.527216468741,4515.63349949089,4506.6460703027815,4477.619974079624,4379.436163004373,4356.653566752975,4554.143001919793,4935.1370119312305,5015.318072363031,5150.191765197115,5373.057995138368,6260.436540885637,7049.700132294906
experiment_886,4373.102774554884,4201.020778508255,4139.916365829983,4098.585266910719,3927.063230022868,3881.257990380289,3840.4011034550963,3847.104059300221,3853.8009928165534,3821.625104286309,3825.2903443750815,3822.126686832481,3826.0150944916054,3835.7967942608448,3818.1928633870234,3833.846001553781,3876.0699855912485,3926.831674829833,3538.6279473350296,3585.5215043900967,3639.338181289024,3639.3868950052856,3650.8649139702748,4070.9171937248293,4141.857495998515,4219.072325046838,4263.659835758132,4436.453625372112,4203.303851743698,4282.547991702125,4201.048559979577,4286.173816603916
experiment_887,4373.102774554884,4390.338323632776,4404.5252029536005,4420.246479433127,4298.89956299572,4322.778926906178,4350.304588294057,4379.394603556678,3619.639260445227,4047.1311851053306,4034.0535838574087,4065.6705570137483,4107.095982194696,4158.525718414513,4234.180894337907,4357.566399964432,4486.846316137305,4561.018750248319,4299.850107430835,4379.80665138997,4423.194799683453,4356.7292495897045,4390.969312326777,4234.275730109101,4149.0478864602155,4452.967848908454,4528.030910392294,4625.679571330886,4761.512590868113,4854.801216791639,5056.415242851036,5139.106953123598
experiment_888,4373.102774554884,4219.739127643486,4176.944095231514,4150.518175470138,3979.7716313431747,3951.048737495374,3936.8674379849094,3944.0645923547636,3546.062426958964,3536.6694208641584,3532.0905068782276,3499.9297917986305,3504.8894328645756,3514.7030297972933,3548.4069531166087,3572.768492514084,3602.9095548481914,3580.837742596844,3564.1027819635474,3617.862032637124,4180.602390155762,4284.665100629151,4196.968665278235,4343.507020172927,4502.598861329472,4613.281280651595,4386.731719264741,4365.135247386124,4220.125410130695,3978.5451016159095,4263.399621722768,4378.546452634847
experiment_889,4373.102774554884,4356.6971274072575,4209.612710608195,4186.530278677927,4039.077943637922,4007.1132242918666,3974.0880750420065,3993.1498444982094,3610.202829498255,3585.266362581777,3581.3644078865623,3564.0812976675707,3567.876650511843,3575.7107904683453,3587.6666273634473,3604.041176748261,3624.7575057384975,3590.3437683252123,3619.488707036948,3586.165340468752,3622.2193123982897,3676.8831417474303,3852.8171908012955,4180.729901022987,4234.476520404061,4302.989953158525,4429.80052823919,4565.060839662539,4653.439451051655,4731.557658169428,4324.134970901672,4197.651670660596
experiment_890,4373.102774554884,4220.679540629316,4063.7105217377357,4029.219128563621,3829.3069712824713,3753.3609322531447,3788.53812029778,3911.291579737329,3664.372818590982,3628.337826851578,3625.8541199823985,3639.043185353874,3567.3824415159725,3609.207348812881,3664.159981474062,3739.0489606947117,3828.2429558027347,3911.7645271762176,4038.382935131278,4081.2269371997277,3766.431982090197,3861.7575367073086,4388.979415773396,4720.777374409587,4597.265865847723,4576.602073194959,4488.70301135685,4399.7194549891365,5132.408830602536,5460.250857933022,7085.684614821343,10242.81626808058
experiment_891,4373.102774554884,4383.030225385128,4385.986265728692,4386.015322967183,4260.548227857383,4253.644619160368,4256.2117075481665,4260.6660437875025,3660.0608004385335,3631.266137181176,3635.1307914680483,3648.555457051274,3664.7184488974713,3743.4128741626146,4110.449005796163,4073.5896822774753,4157.085181963795,4138.745579778689,4176.197046235201,4201.074763355501,4239.860134456385,4360.159455637797,4350.82892049625,4408.338576090262,4469.676673787295,4191.36507753805,4253.0703778426205,4287.146922316429,4310.099076381888,4278.034066707536,4547.765414821015,4453.631578568276
experiment_892,4373.102774554884,4159.454213615907,4077.8470891234833,3999.229229314139,3812.2686912865042,3769.349345305908,3754.4556993248207,3724.0953750643002,3766.0571889519542,3722.7805331995078,3725.5399935807527,3739.0854618391186,3756.194003584861,3801.568117429243,3855.497502141704,3884.930127779196,3529.6594394826934,3607.707822495741,3591.1591478882,3978.707941622839,3993.324433708847,4191.021491501234,4040.535197816268,4132.901999092634,4229.681853867902,4342.590837713223,4354.918306490901,4462.062947565129,4650.422533147368,4895.402674157581,6171.5789904018675,9484.40771523508
experiment_893,4373.102774554884,4400.997286193812,4409.8042247375415,4432.231626773231,4309.629384290527,4319.634666707252,4330.094345239198,4340.926865626419,3951.395965967952,3956.628688490673,3969.3079461766984,3929.6648332857103,3941.9838797811044,3954.8995875346855,3965.062181616457,3971.308979278444,3984.0387615975183,3996.762820521262,4009.345499316404,4021.5051884190525,4033.2050324564725,4045.3857025227153,4071.3510843527174,4083.124491551068,4094.6794639755663,4157.498718692077,4169.084915778365,4180.368446835231,4191.3430594787915,4202.730861239818,4393.543633715564,4407.130265152075
experiment_894,4373.102774554884,4439.267027323522,4503.8040521301255,4583.327376043541,4322.404779804212,4385.694668382846,4449.564307333649,4441.484237854743,4418.835281348129,4500.326069715775,4259.7869784298655,4344.880242784214,4410.180940532044,4358.912645242603,4315.958966644044,4254.412228395844,4385.151697026333,4495.52528943114,4632.0489228692295,4749.671281272878,4862.0480526023075,5054.30201231651,5258.424635265488,6372.799737394722,6764.4260270168925,7049.4870153179845,11696.674546396287,12345.818427775139,12782.91950792293,13166.540091788389,13752.0485003577,13925.465830842568
experiment_895,4373.102774554884,4453.336407551094,4517.939813838642,4591.001037059926,4326.883347199384,4384.804220309969,4443.654731224857,4503.139781135667,4235.847687972289,4286.598917624769,4344.822375800275,4455.867116005381,4516.805801868655,4626.242509175436,4397.271475781047,4452.930118395148,4485.364644291185,4551.519384548627,4613.475998998849,4656.767516511604,4716.579261634432,4776.364045548251,4749.755668444229,4653.519094888243,4521.3018586590915,4531.604713997915,4594.737312580226,4674.186829323029,4735.818108553258,4819.17575840125,5129.980309627772,5553.469741417061
experiment_896,4373.102774554884,4335.927386692273,4215.850016321341,4198.062347378254,4020.559355759443,4022.285090348597,4010.665624980201,4005.947517149625,4043.2563785940392,3996.672973934349,4011.063825534061,4030.4731360458363,4056.9343481741007,4043.8449460542424,3688.3232890764284,3729.1788277671235,3707.927803453785,3698.940588680991,3753.594105811697,3817.2725952750043,4417.5134483742295,4351.410416315703,4453.45882614069,4612.811828843355,4750.616704617033,4856.262990142239,4594.316453054571,4601.065108088418,4512.197141722146,4271.856856415565,4195.888596034953,4277.856544549126
experiment_897,4373.102774554884,4439.815890742264,4499.588813039694,4569.348758036445,4400.837714718324,4350.368542349877,4408.550141145705,4460.501529001143,4387.641076566544,4453.71874974717,4569.6793369897405,4696.790160136811,4762.872229144611,4824.833210888353,4877.523777332629,4647.6308385366665,4670.776479075392,4714.948367434077,4781.2661527669625,4827.551418724348,4853.746951820975,4807.46287475,4753.139690291737,4805.208362631104,4819.651246763551,4701.571626188077,4741.524612421541,4614.046479182562,4655.7219887587125,4691.152105293357,4729.453286014929,4498.816702944175
experiment_898,4373.102774554884,4351.785738428482,4342.3129421051635,4334.711730520244,4185.244935421852,4188.495107130182,4199.414581021308,4219.174398063165,4133.495606442164,4122.414108613279,4164.679868338023,4204.12467004846,4222.421063335896,4158.423092433368,3882.478270217679,3896.5199077058396,3973.834003396287,4631.697730008375,4553.456436958479,4747.452953315753,4936.587440338271,5034.366910784022,4873.540942532853,5018.242744436306,5041.553451188474,4932.862748067055,5059.0309394902615,5087.231397976214,5138.5067439706645,5348.9583064043345,5604.0350406589805,5985.233354052234
experiment_899,4373.102774554884,4211.684256875134,4193.8961525558925,4163.265712326802,3998.4638333775183,3987.907977009935,3974.9151521114695,3966.7514040699934,3602.9596352498975,3604.4489131632004,3610.486441069353,3589.8456294281905,3544.9616049090637,3521.4656901002954,3539.4923341237777,3567.1607225243306,3954.550290138938,3917.1265499061633,3917.8132148113273,3915.413730246009,3952.8282964765644,4006.651703490749,4135.4091952289145,4249.096368922065,3977.3345671077886,4006.7380471928072,4089.069121315382,4166.31775477595,4505.093328263317,4528.612347215031,4315.646024418053,4399.5584460031905
experiment_900,4373.102774554884,4421.934288501904,4464.786602290358,4515.492096856694,4332.31696977937,4375.4355462124995,4308.001476734606,4350.167830717317,4069.0397646190986,4099.041519024557,4145.389758184067,4189.756070999497,4315.904130192342,4370.521297829501,4489.231864323749,4551.718264434427,4290.267393173543,4348.679890221016,4378.746863855388,4447.114499244786,4497.319725238511,4467.758523053634,4369.222663291011,4280.118379796305,4320.780988441302,4643.635087935165,4687.180979104602,4623.498624804711,4743.940873595079,4838.510987498637,4916.150994035184,5002.560460363253
experiment_901,4373.102774554884,4352.064168379973,4334.135056034157,4316.68262493638,4152.744591330218,4131.9040846980515,4114.9339101484375,4110.32911246739,3993.9022789047754,3987.9100988169885,3987.004180129707,3986.54879493621,3994.1372643269424,4006.5045125595225,4023.423844311177,4044.754703818815,4072.592937654985,4109.311983113683,4104.993150179658,4137.574069549797,4187.168547472867,4074.0759708489377,3849.135669092492,3850.739472510537,3855.7212979058822,3928.3342420621484,4537.349952406579,4442.864070345065,4536.042646764299,4723.961479983625,4892.003687375176,4964.984037421313
experiment_902,4373.102774554884,4354.167106858096,4345.13848272971,4338.281826062564,4195.75204162725,4191.3346999692085,4194.546264875384,4205.415159744243,4086.674178194782,4112.662882201732,4092.2262455792365,4111.415733133659,4146.479876348172,4196.395118962854,3848.410288676841,3850.3320970032096,3856.593834031984,3930.1594609885938,4531.586607464786,4319.275599561156,4418.182859474306,4613.199540454884,4790.006246512272,4582.770511381708,4702.937175753523,4811.601133293758,4853.235428111493,4580.076292429998,4733.100195598592,4861.7601626423475,5171.1828892350595,5222.5476165034925
experiment_903,4373.102774554884,4415.408494856915,4453.983559224711,4495.675911118913,4304.167977971883,4333.87116028049,4364.892003640574,4288.951722357977,4004.9924372558735,4021.7522150929176,4045.164552991263,4066.935722441078,4085.5231232321794,4118.856155093786,4193.721375000353,4210.7472022025895,4226.138575586864,4234.723045801657,4304.018360176594,4314.487528413143,4322.978488106375,4329.48062849294,4333.582094343599,4335.313542823657,4334.538727194937,4331.144611830039,4324.783198623516,4315.595177090841,4243.856126333354,4228.501371510957,4209.659909781404,4140.244398063958
experiment_904,4373.102774554884,4366.941500224164,4332.135235210848,4334.196672789084,4209.304512867688,4200.513614925434,4196.286453329167,4200.545874393939,3753.440839838987,3713.074481460665,3746.156739675298,3692.6200112549404,3740.987249548829,3965.012774006742,4408.252917422593,4362.096646700933,4457.166819612734,4688.069000651181,4793.456437886069,4905.454214134377,4671.317592008396,4688.000843912137,4519.304710785262,4473.519463519098,4343.030777203001,4838.370560041055,5403.409120049134,5296.873636697119,6596.160025599325,7149.551605399834,7465.654737908849,12029.639961050549
experiment_905,4373.102774554884,4439.546591940243,4491.783137234001,4555.0120679866695,4365.221477071035,4317.322916685975,4365.23057051451,4412.7688140283735,3932.464721176266,3976.844750305808,4022.69339149352,4578.114472004557,4598.84162977151,4523.624954896817,4559.796603345996,4618.484064377386,4764.793438464014,4822.058349380974,4888.245337977118,4977.218287178521,5043.642995504133,5107.986486081127,4892.090503103479,4966.778067039843,5047.160630488986,5093.405320864864,5175.930933931407,5143.218635592604,5053.980809761468,5124.459430509555,5114.677968244804,5165.088189562694
experiment_906,4373.102774554884,4201.860505876983,4149.895918760669,4147.4975352939955,3987.3824570675274,3957.9247913274803,3936.9904523550945,3930.9586293513803,3954.4339442581368,3957.0663858833545,3965.030060728019,3978.123677785425,3547.4019322512336,3579.9642501986937,3618.5015820520375,3607.0881733897054,3600.4762267200995,4055.694960712012,4046.4094032220564,4038.9453428340094,4113.225663049849,4340.8314972251155,4454.361796272688,4229.065712989486,4316.378588514353,4290.974734637252,4597.638052453477,4443.766687159186,4446.588793571083,4604.682033241137,4757.374843151987,4936.526308321876
experiment_907,4373.102774554884,4342.417762476099,4206.679591389492,4189.04760987291,4030.1872084590823,4011.1016355109946,3998.512528641232,4001.336471444287,3606.8826755218106,3613.795927953984,3627.0873650310837,3614.225683145296,3639.2020077180005,3610.5484326539827,3644.814872505961,3636.6691856409916,4021.3319184031075,3938.5833910502224,4004.5891680802392,4059.087690645144,4144.172597259543,4344.710782598467,4437.699563040154,4204.430304373485,4294.457473488845,4335.349460022219,4333.091388097049,4539.770247107899,4455.9937527926495,4419.151925711936,4543.1907948972275,4692.198727896767
experiment_908,4373.102774554884,4390.017947988048,4408.004905826781,4426.729912195695,4298.358299915596,4323.61736196066,4351.70579014428,4390.699413413649,3767.233307924217,3785.735658296742,3822.9549238874524,4208.340061398389,4180.744740343916,4170.915637385982,4199.709984310858,4252.180934975774,4323.8909122630885,4434.282005605308,4555.782052195311,4614.638599358554,4676.907367549684,4434.273770260742,4466.28700859856,4530.071280971377,4602.44721680325,4635.4289658029065,4596.064393404022,4505.271956967416,4491.736721355015,4535.524727614806,4411.663594578939,4494.778337064402
experiment_909,4373.102774554884,4372.21737826788,4278.726110284983,4349.655157427903,4144.8800961987035,4148.70517502065,4153.776490365686,4169.922294373133,3708.9911375713214,3735.682532283996,3702.9546897479304,3709.667666032708,4169.328121899747,4119.798862008005,4134.523715343641,4178.166321751351,4344.422538266335,4501.781197985405,4296.139056123496,4366.491984388475,4482.771868625533,4576.349472269686,4323.515088572816,4293.534384474139,4743.7735590557395,4873.024401968946,5052.91455477704,6403.79987737836,6807.797441368232,9530.587458099228,10363.949264032417,12086.481088093877
experiment_910,4373.102774554884,4359.525065782769,4324.354234225916,4326.211096160405,4191.328963281619,4203.94137479852,4211.539217124393,4169.970160239009,3774.913982899147,3806.399862815865,3791.781473422823,3748.2327101525634,3805.5999532793057,4039.296507667711,4423.304704901682,4421.093078767361,4538.726174494269,4776.0978844061865,4885.69409957481,4629.009599937159,4664.22565129311,4572.238158989244,4600.38389777613,4306.887419271057,4394.541591203173,4513.527281578839,5213.476232339045,6168.388019454277,5506.437522899068,6820.645838131652,7407.107330571249,7616.233296115208
experiment_911,4373.102774554884,4481.7060642412835,4586.554541623135,4591.1469807215435,4444.480733225921,4439.92874338561,4437.706660689941,4901.315232038691,4166.332812707636,4231.587748374783,4265.129601758868,4540.1955059512775,4510.9203982023055,4399.326952288444,4447.928298818809,4399.726337400323,4368.005679910286,4467.584585962397,4540.4943624793505,4615.258012398319,4656.672234335137,4733.694295200978,4810.981520735417,4903.512720892308,5769.708155634662,5875.858145547905,6201.125859099776,6302.563267470476,6396.25424869368,9164.099313484003,9447.972397661339,10449.52668455914
experiment_912,4373.102774554884,4375.871936118379,4373.320940091476,4375.720446554605,4221.464453354499,4205.637014616337,4189.601436947525,4173.853114909083,4044.435467842067,4030.5365912150532,4017.972153112839,4006.6726806825573,3997.349308387973,3993.434507896916,3988.6408949018282,3986.6177650369746,3987.2528908837894,3991.7982509795575,4000.3523035165986,4009.67757260116,4027.274647453418,4050.153405021044,4085.126523153714,4119.786479821794,4115.764782277488,4152.957764625875,4202.33879010752,3822.678193134089,3830.866185609604,3846.03082284404,3934.098631314362,4379.200068004481
experiment_913,4373.102774554884,4334.890646936479,4298.7757477625455,4274.90664873776,4106.055355344212,4077.310103966335,4052.187935656001,4022.9860499120073,3873.3328264834813,3869.309905719957,3861.4652466916787,3861.5794968115433,3867.1957170983583,3904.660111110883,3925.223304430038,3915.9054611986935,3949.0552372747898,3984.5311187537322,4034.304816461984,4097.63034818699,4112.793961406149,4198.060166039041,4238.180922613755,3859.204768276365,3962.0176847629173,4283.268276794438,4617.909608480879,4833.121954238514,4994.770733789731,4832.083684553705,4873.648863150633,4749.51929772022
experiment_914,4373.102774554884,4442.033990528286,4507.178558640492,4579.649589719318,4301.441074068722,4359.696360157517,4412.891903442778,4461.407750339113,4180.298362532354,4295.259365881623,4403.264623554294,4450.941549864539,4496.4822514107045,4205.772147506877,4243.182749107599,4278.629581923282,4306.075382726851,4340.550718011248,4370.174126110998,4368.598014924926,4394.450423281297,4416.153186857197,4355.08622259762,4363.59848037367,4328.595996731935,4312.655242475213,4326.111183691604,4341.444782964916,4358.969069329098,4372.560526326333,4385.915593232385,4398.208933309321
experiment_915,4373.102774554884,4431.374262606609,4480.808575480451,4532.675945137973,4341.35523333507,4380.139602644781,4304.081687251298,4331.77268050315,3847.949699821429,4231.049870007233,4185.9361355419915,4171.94968029189,4134.610279508701,4152.404202961492,4167.820866192995,4180.737218630774,4193.428006136342,4188.184823123139,4198.581899673822,4206.970238208153,4333.938626608222,4340.380731713897,4345.512402713237,4349.504565149239,4352.7466024749465,4354.455281029049,4355.12257729884,4356.394374256354,4357.201053551871,4447.468028015556,4444.661550782148,4441.1752964521365
experiment_916,4373.102774554884,4378.083594034727,4375.580623934569,4385.777976984888,4251.200081744289,4255.369085278147,4265.582430664387,4272.161704222162,4137.222139093807,4143.418113166698,4046.8973637728423,3767.307722068006,3808.531737682608,3844.6610679819714,3824.145694678587,3806.276942080165,3852.9118367656774,3905.2715216417623,4491.101631802773,4385.41705434354,4437.48214202581,4511.759152712619,4678.952196793156,4829.58636678596,4897.84746588191,4536.133647498738,4632.562003904566,4722.272161087107,4801.790773639991,4691.04612714236,4634.248215492275,4750.242235848098
experiment_917,4373.102774554884,4364.987605136248,4257.238608352831,4272.111679006065,4148.674954155,4160.919956524722,4144.818699117242,4196.666380303302,4014.306947143509,4025.7181225928744,4084.2373518339455,4164.327070010376,4393.2319436643065,4182.641772167413,4294.225131833599,4383.119202462223,4462.467263091692,4228.541088036245,4649.438501127947,4619.051248408784,4803.433093477621,4955.565867081524,6000.029790271405,6550.613394787917,9507.991265159726,10251.720019141041,10916.095995707481,11095.70609565257,12246.960231416999,14949.039163498917,26176.366949122363,27801.990111899413
experiment_918,4373.102774554884,4487.46918398351,4590.2748573964145,4501.272959614743,4451.448661869383,4448.137569086397,4449.217306988427,4525.934117825408,4521.386868781217,4591.989105581645,4339.567133681307,4393.4247406753675,4421.3673728391395,4470.833331476609,4521.678268665263,4546.945350248463,4584.3329088591145,4553.439143877811,4561.996148665882,4487.034198336098,4323.069974098038,4347.016064078312,4370.474143672842,4391.224408071759,4418.233571123936,4442.936988875228,4444.289988662691,4336.670679327139,4359.739692362104,4633.113367198004,4659.5032066194635,4680.395282319199
experiment_919,4373.102774554884,4374.125957838003,4241.622518782496,4248.020807394987,4084.08310906678,4090.0530462462366,4093.959997656871,4108.103931852755,3903.976732790165,3919.869422912354,3950.0553720642247,3932.6806446274677,3953.976137594822,3992.053165898382,4050.2079348716716,4153.758991150072,4262.385410573112,4315.540060759772,4036.365287043348,4095.458977327802,4132.967530864148,4188.915810274828,4259.123981323431,4177.349860441623,4431.187345285093,4502.303608188158,4280.955848958561,4329.491345190657,4308.072328580791,4295.723400842386,4366.886375080741,4494.37102476425
experiment_920,4373.102774554884,4362.821459063519,4349.1693374056385,4351.519077507656,4225.856173998805,4225.566377401541,4245.199749380763,4263.286928239495,3666.3892889349154,3696.427758681187,4144.763094499319,4051.5276933366085,4059.911822133193,4106.13454544569,4180.238820661225,4338.935734938636,4489.6378456476505,4273.2283620413455,4367.102404450472,4438.007436857167,4507.9842755146365,4352.553757311463,4277.290251043898,4385.51636961867,4782.675791376686,4706.299899915317,4889.484825870358,5014.636471477697,5229.3988611211535,6604.276451688654,6952.880486214572,7150.604630296021
experiment_921,4373.102774554884,4424.193770415637,4465.913636026651,4511.670549903289,4409.311243907336,4343.140306283692,4369.7128051779655,4404.998692708638,3824.734632632195,3851.126267861385,4276.819849502628,4237.591657387492,4198.496881258808,4174.193618210702,4190.602826693403,4221.022387156276,4258.293154352103,4297.030417398937,4353.527139053246,4463.42862626559,4553.190230208958,4600.027984064367,4648.244941375606,4693.473855726824,4439.38750525252,4447.799181200662,4497.745448544146,4546.403833407715,4597.633272398189,4625.287072747866,4657.781929499835,4703.58676854993
experiment_922,4373.102774554884,4368.579057482575,4229.104369820945,4231.438367615814,4067.813548895012,4071.5221015058805,4080.3485497482197,4088.0055259551586,3982.9049349082684,3928.765345254722,3923.0068678142247,3949.755519804557,3937.1283051672517,3964.7959612556665,4011.199919803917,4053.460214183414,4174.977610146677,4287.940398673782,4016.6000986659265,4080.1440790676966,4111.266668054289,4193.3056418714295,4252.201230767443,4538.016699927913,4487.669784816423,4374.718357837141,4352.487069292172,4349.874870716206,4477.983475100744,4578.580110479312,4707.787063779571,4864.771901571632
experiment_923,4373.102774554884,4372.442474611162,4227.44806512086,4233.44044218431,4112.746396004934,4130.019023024329,4074.151826847852,4143.372912656341,3641.7498842844493,3639.9924371705433,3653.8624129719474,4029.953192240701,3984.652305582814,3958.384260972218,4054.38035711418,4045.972640717681,4078.4628449935035,4122.893851676897,4250.838748600053,4371.223210453962,4436.514213318887,4174.284025222156,4236.742044176996,4306.987545844415,4347.132000112153,4357.585985789805,4309.792223633796,4537.221739625705,4423.201467037854,4316.01285909114,4438.9150469033775,4532.852608381563
experiment_924,4373.102774554884,4365.653932474335,4275.785631114674,4276.032351941554,4123.554725684366,4125.317215722427,4130.016919490598,4141.978375884639,3730.3331211348814,3735.944986230772,3760.6641872897926,3696.8477372806597,3722.880139641411,3695.999956094096,3743.9769561914463,4070.1361963226173,4063.9256465505105,4106.525957595165,4154.991795502197,4221.333068196709,4370.502946005116,4515.641472130101,4277.291218572259,4365.593736711711,4423.616770048812,4492.007644402145,4497.194041519588,4295.277812164559,4470.697069861235,4669.006274304589,4737.063402844837,4866.150940230708
experiment_925,4373.102774554884,4496.389318005029,4596.261633903319,4522.364220252576,4474.164044787426,4472.573986301122,4478.477057673647,4560.4602053141625,4640.658140920883,4806.500108048187,4941.8248455649045,4985.275057185482,5019.084340163425,4805.140418115372,4871.863705177497,4938.269643661028,5002.64654500375,5067.63274094665,5107.682329273393,5165.168535186248,5106.071348525213,5157.155632895829,5207.7590506511915,5092.73138610961,5136.155154918601,5177.253497527944,5219.343382841884,5162.235589595715,5204.043486564068,5242.680430807156,5283.400374352171,5164.673381222621
experiment_926,4373.102774554884,4418.417949966424,4456.908963409065,4496.083133260475,4381.63533064405,4313.8728395977405,4326.425541869256,4341.785814098568,3970.8715353131165,3978.747840302285,3984.5334378179664,3984.6561885241576,3983.8901419310514,3983.2371364359915,4027.7046354265285,4090.479212225614,4111.438418679785,3700.9769152171,3677.009380778899,3649.677178297553,3676.480223507673,3649.245812285008,3671.0007377112634,3629.1048124605504,3969.580027148626,3969.9457405999146,3898.5306657344836,3849.7265043873786,3850.4650495432224,3779.936459683172,3700.6784088829236,4050.5587669336405
experiment_927,4373.102774554884,4435.492924794771,4494.380392350795,4562.007559134467,4287.461731767542,4337.531256603023,4379.836552837965,4427.198874671918,4003.6854100295905,4039.4267556179175,4081.6095071556842,4099.150592247251,4145.530559688245,4189.523823936866,4227.572880289967,4239.519908258511,4162.100172315786,4387.200048968838,4537.653059022625,4336.748130575931,4206.031427693285,4236.802625965158,4276.088594275799,4312.9899108511345,4345.120960448375,4285.246873756252,4321.542443150549,4355.604550157044,4298.594301893282,4389.447481434097,4422.457648180209,4375.837311379967
experiment_928,4373.102774554884,4414.598730152543,4451.5813740510885,4492.949928994077,4396.917141800945,4333.561126206561,4379.237740284214,4315.989201973097,4074.202978967858,4104.132126534471,4155.300402240819,4198.280234667038,4278.290286526351,4407.139152770907,4542.551651891739,4624.613079889563,4377.726847221392,4434.193418468109,4521.498682605719,4507.203653253126,4467.3195520939225,4359.219403801235,4472.369927479379,4623.641320938464,4882.46081372709,5017.497732930805,5149.109130454718,5292.994670138587,6667.8603611853605,7142.2844841901115,7351.6513919779645,12161.5428013758
experiment_929,4373.102774554884,4412.335327447995,4451.176579123034,4494.122067671517,4392.106866994748,4352.213740753592,4397.284907894422,4337.278412818693,4230.011813554447,4151.048308687124,4199.677137450243,4248.189562600857,4385.218083418193,4510.900586151016,4578.312414044203,4642.199026718594,4393.806326896556,4420.450952517946,4486.487994483997,4446.124800650348,4481.891553950457,4456.265616219425,4203.4844454158965,4249.305376400265,4339.058417397613,4559.491777546281,4764.674763819018,4965.384711966578,5000.544493391908,5207.225966691964,5335.994844424396,6327.771938261524
experiment_930,4373.102774554884,4337.064922363755,4282.968989985562,4266.447695117966,4115.543559112439,4112.218413994985,4116.803102264795,4132.080556850527,4059.099213564953,3677.074991294926,3715.406141876352,3731.341804093606,3718.3330117356654,3717.688907415012,3788.701048872801,4113.729740532037,4182.833395030873,4267.154677802385,4460.1775220213,4647.621346874261,4422.498068670516,4555.64493670024,4590.598903996753,4421.367840798714,4363.38944781004,4673.421306538022,5058.308930724017,5179.590026626292,5447.051299595547,6904.318484839901,7262.250107958107,10297.010311476606
experiment_931,4373.102774554884,4181.164243320764,4122.503104417894,4106.022722981688,3902.28175251056,3887.9549388200167,3866.3436835811763,3844.246204760807,3878.331078423846,3870.776738919071,3870.531777513733,3876.4318537052122,3890.733942717059,3912.2989448268495,3933.6842421586134,3969.7898808682644,3552.0787033811403,3597.7040437080814,3592.4044018403374,3602.6575033204163,4049.58291056397,4005.0273217916874,4023.3614372674774,4124.842142786555,4343.402627651206,4122.665952714407,4233.214583229394,4266.240336843296,4287.869138937354,4445.143895205028,4442.005794273858,4426.481809800793
experiment_932,4373.102774554884,4413.592497350011,4445.410936862969,4483.5691832460725,4369.479288495237,4391.37604164939,4416.939227509443,4353.064679494577,3785.9442688083054,3809.1426113442812,3974.3147602542995,4201.872408394733,4169.982841335937,4154.265820204208,4180.559980303595,4223.56343927601,4275.810877971637,4413.8160190283315,4462.59144365582,4588.474466529561,4662.354765190615,4427.349515812101,4471.9338375221805,4549.987115479814,4619.213460654302,4673.777251517912,4666.230531868254,4580.65734950413,4588.411011215855,4660.54000154286,4570.240322628452,4559.7625423318
experiment_933,4373.102774554884,4426.232249181544,4471.680016018189,4521.39531498598,4334.350840909496,4373.126931612027,4304.730124597669,4337.946656934333,4059.6337894040953,4076.21544117434,4106.86854535635,4134.8343395596385,4165.613409574352,4187.844863965176,4230.396816227671,4314.714738260614,4349.790047034105,4374.280744666462,4457.171724602609,4479.969375327902,4501.853941962278,4650.061512513681,4671.873852580127,4692.957109913175,4713.410286335276,4734.771550419002,4745.633096280979,4765.1276233348,4783.168259500831,4805.803196286056,4827.183081046234,4853.643235086957
experiment_934,4373.102774554884,4375.199470648915,4364.904012950813,4363.929990670435,4220.250428824008,4207.428074615756,4196.631944182021,4198.269926410881,4073.992174372348,4072.755897935701,4074.2162403930297,4085.7933919778334,4095.225643413848,4109.2125175716355,4128.171571313131,4070.709507790342,4099.986698179689,4124.139212937621,4158.481334063152,4207.9976847337275,3853.8983282571085,3850.7920693395595,3851.766854297569,3920.933554604932,3992.842533794899,4438.661600937088,4512.961560370436,4697.457037762498,4866.56096843952,4645.66239216008,4635.504131501308,4756.498810866402
experiment_935,4373.102774554884,4329.00704265184,4297.091788700733,4277.862494282427,4129.544464464769,4119.216685993918,4123.012127089902,4139.647638258076,4102.622676764809,4088.9822720326342,4130.4733446743485,3788.301889326287,3818.0756649013674,3778.0147533479358,3868.5195501515664,4322.652799375225,4296.49874084291,4511.8682972047245,4701.5589405329065,4522.7879390536455,4667.663894163623,4821.401679550721,4715.933631425902,4625.611340766106,4776.1892499453315,5380.275834166874,6027.168231082971,6665.324605368554,8025.886698112328,11050.364632608453,11174.666164903336,11981.006019667482
experiment_936,4373.102774554884,4382.252721368254,4391.021822741429,4406.383356918192,4287.47710728685,4310.675218268005,4351.486983960169,4377.813097267264,3982.757885570976,4027.8421964147815,4066.4935041961544,4124.90965149303,4257.686883709169,4388.253460665882,4468.201734654714,4222.831513916824,4300.114093960863,4351.055011516913,4341.468183614763,4335.4750621245485,4322.344166453169,4326.057049855721,4501.335315257739,4554.72071479375,4548.989203819319,4702.53130797457,4892.417719069006,5040.448848934986,5081.560307592301,6031.488002753439,6315.371788634122,6796.752636964124
experiment_937,4373.102774554884,4412.870360702247,4437.669763281256,4477.943459309546,4366.699584619029,4398.353948757971,4348.352240056432,4394.038378456651,4016.4982597819044,4058.1820009777284,4104.7841235240185,4138.744658014891,4195.5935845059275,4304.580086009439,4416.064337863483,4469.799839660227,4203.446085929721,4254.314093201093,4305.486681288205,4356.91946333083,4377.657605400296,4429.62586599257,4457.298643960682,4494.618544659055,4365.726253353264,4222.429518327516,4362.220680430495,4545.7255355155075,4677.129239076264,4603.359534914013,4585.8794571498,4650.140488174275
experiment_938,4373.102774554884,4447.924754748217,4517.495438644133,4592.817087654381,4312.793892001471,4371.013644805705,4428.717495597417,4482.113744461989,4346.067512286178,4403.780795081566,4130.139737213755,4181.826009064795,4231.168550090132,4285.350498792815,4333.79333626017,4325.5389283287695,4355.055811097571,4337.318571601001,4349.092262061152,4528.7700361117495,4521.534029658276,4531.1986943924,4450.862225630376,4416.30352222875,4474.487223824998,4541.543822126692,4610.811223652478,4676.307776805722,4744.675894330478,4810.730525885718,4888.03067211782,4963.179495412076
experiment_939,4373.102774554884,4224.378688300287,4149.025478284841,4115.786470523975,3940.7646536676457,3915.6503362671156,3882.7693857666286,3867.913517088993,3885.864405108214,3889.2951457397244,3901.974697477517,3930.87037183001,3962.3684551978786,4003.336545793581,3613.9252878528914,3669.530932594046,3641.8977358896964,3646.9596110705934,4126.752152557423,4057.620977040213,4144.508873969209,4330.826218686304,4516.554941673229,4330.927266971712,4437.443003898474,4526.845033625742,4281.253781396599,4633.994387302137,4731.809654011226,4932.403956988699,5850.2746752109215,6630.947596284282
experiment_940,4373.102774554884,4383.156547715832,4393.733941872176,4415.225433425874,4293.035024954233,4314.39994657824,4349.7084565004225,4397.213779337765,3870.193224374324,3864.4735120243167,3924.9299335296537,3895.2324624657754,3969.3234613259483,4571.70831289219,4518.78317387161,4623.4608615468605,4815.955728397761,4959.755463274139,5075.657500642031,4909.586411083519,5039.2698069573225,5057.9311255869325,4934.650553141606,4881.056324438441,4791.15707784963,4955.4758029282175,5218.299256641803,5482.124209112701,5673.268636715604,5646.3544523475375,6245.248281615887,6740.430665021225
experiment_941,4373.102774554884,4445.949133259263,4509.937414452902,4585.324942851552,4417.194121422333,4372.609866905783,4435.7573610698955,4495.699701538478,4191.351472529365,4545.6661589595205,4531.6403420973,4577.14883539889,4741.808492931965,4821.040101263854,4965.239854238162,5015.041259875113,4802.011400763617,4889.633586920316,4985.403115188306,5062.412830773224,4950.303244574572,5049.40216552436,4950.561538031444,4775.26384145562,4738.557627228156,4850.156142256534,4961.5142438132925,5051.178839651913,5295.759912309665,5542.240165060148,5646.6234894661375,5737.919913494416
experiment_942,4373.102774554884,4414.7418046473995,4455.315043508035,4497.481620632587,4401.462102883719,4341.037855355995,4388.18203912389,4325.025317289938,4213.093563208351,4143.967024950661,4178.013159847382,4220.108357080217,4268.316146100029,4404.603344957252,4529.229376704446,4597.3027877524055,4663.6868615967705,4417.929469609357,4445.734771118922,4517.246652865316,4484.694957298435,4524.0048642511065,4506.469283545776,4387.322173550695,4467.698716628128,4242.68771038532,4704.314423053167,4910.81824045485,5033.652467327842,5167.438322255082,5264.014142699236,6219.940912007717
experiment_943,4373.102774554884,4363.1471050344,4210.553106411147,4201.031162243138,4063.3156464386802,4044.220285999858,4026.80128779971,4010.316442311058,3630.7076748890186,3629.706308446084,3633.6135667236813,3610.0107002235954,3624.391031129826,3644.2211503034923,3608.7090362804383,3580.194528874998,3631.141905207907,3934.0070504295677,4011.9328025980203,3983.300166799516,4036.9401165435,4125.245825570602,4319.151964817776,4412.336766451199,4161.987584136084,4213.244072279015,4272.796029569869,4489.358712547882,4426.087764166235,4413.628072190769,4409.993645484597,4559.132776774058
experiment_944,4373.102774554884,4168.821422149791,4086.263085166538,4024.904144060125,3837.4563639397497,3796.1618273322924,3781.9532112942716,3748.8200338529314,3763.5097991625207,3753.5030603585956,3762.6118865481662,3764.2825012881176,3788.033268808784,3820.9931721687067,3834.8898720889656,3911.6190868802373,3539.9813843075317,3553.392507991256,3568.825802045838,3800.175424761942,4164.160928392195,4283.725084265694,4535.086458391655,4332.868225833554,4305.037022811664,4084.6750882257775,4203.058098075713,4332.205444067166,4449.108907584039,4663.604786766234,4827.825435279489,4997.170913179967
experiment_945,4373.102774554884,4469.532653574299,4548.420836725234,4542.448946553071,4380.109252753819,4442.970680354612,4499.351971644351,4476.578209588266,4572.072464021792,4506.710937184941,4549.419432851642,4579.936605955239,4642.861234774247,4784.493046464903,4912.088807576283,4975.366161344238,5005.707999176266,5068.191495467059,4828.96574399692,4892.047466482359,4956.210480201275,5011.470895803321,5057.794579942032,5122.739404783911,5076.038409642873,4882.09399533131,4942.768857161347,4839.551795937994,4894.442224525446,4955.297429786613,5016.152988455075,5071.315052025216
experiment_946,4373.102774554884,4353.448819866364,4222.014218518841,4208.767797910106,4049.7731802635644,4033.0666992794977,4027.633473126435,4021.6835502105378,3634.1040848774855,3639.8750408675082,3650.790246498036,3633.0441745658645,3655.740992970654,3624.8643190118046,3593.1890721361287,3625.7356873262215,4089.3521552849434,4034.4529757087985,4045.633233292754,4095.56150743903,4182.602598014904,4384.968617244218,4482.456663937892,4258.46240024044,4356.5417556218,4427.324613401954,4334.774804464589,4189.642732290293,4579.841369063921,4650.235916524063,4588.155972749738,4737.016854697435
experiment_947,4373.102774554884,4401.2022320679625,4420.796437539049,4456.18483740245,4338.3584652739955,4371.996964956099,4408.439718359411,4361.990745099396,3865.7051689979608,3837.355215870859,3891.870090849606,4061.5739805604007,4235.270979220582,4286.36270268907,4364.223754315217,4535.243357859183,4688.550836609749,4780.825766478632,4541.2872744922415,4636.314271127913,4710.723346254388,4820.999502984067,4746.750763086096,4652.875167018819,4779.35914149507,4903.562847919638,4863.737464545804,4900.01306808743,5215.410926091234,5442.689631536508,6163.333193771919,6554.673946968812
experiment_948,4373.102774554884,4376.6060154508195,4369.420198379224,4374.021439382805,4237.92464473648,4229.8625644541735,4224.694391719693,4220.706677263638,3715.4858021152318,3719.016883051332,3724.3873140976066,3697.0436367327734,3705.739123433158,3716.244232715122,3728.502990514038,3742.4635143208707,3691.8641770572117,3708.844189602321,3727.4269650145834,3747.5414886811286,3709.228830697786,3731.095306197348,3755.615423782174,3781.89095163097,3810.0942335984164,3840.037517167683,4417.931769873608,4417.7215548184195,4320.608592194398,4339.507987927469,4378.601505348024,4419.621830854464
experiment_949,4373.102774554884,4363.146332627368,4216.618365524553,4211.50103878504,4080.653817232451,4066.2857362095583,4058.642050832888,4052.9311116700446,3624.2260834363524,3568.8315631571822,3576.976045569039,3568.2729594612115,3583.2317194556317,3602.105687222522,3752.1172021422,4067.0362182371355,4204.797409247347,4168.238197885885,4124.803529701667,4173.039809498578,4219.334238862699,4330.419986425348,4448.822044995981,4515.966448481127,4585.329248542471,4315.851038500777,4381.309383518037,4293.437809314201,4302.412669741383,4095.2576103608044,4412.09771260455,4221.442390040116
experiment_950,4373.102774554884,4404.136566180989,4433.225277425906,4467.66623579767,4350.584139576514,4386.406621862338,4312.8136014405245,4343.5785583002835,3948.7508739202517,3974.898532922783,4018.9576553813476,4029.069077629929,4055.6592152391972,4081.833768730359,4108.59057872437,4134.636938823831,4155.152534711737,4256.1050042645675,4284.072385428424,4371.001720377111,4401.324863817085,4429.3361476288665,4457.241027070651,4484.943352926733,4174.825484866604,4199.511904078202,4223.708352707583,4247.327023508736,4269.5971743769005,4286.61775339442,4311.167872739166,4332.652733583906
experiment_951,4373.102774554884,4392.832506852214,4404.839746486561,4427.772088430606,4298.9816120023115,4297.203151889182,4297.791478832549,4298.282888638674,3552.4194829214075,3613.4774857127186,3753.118092274404,4018.5723013615025,4028.189927468375,3963.4332233846003,3976.1021382281206,3989.5299132020086,3954.26913321495,3973.062802687544,4033.0901923403912,4004.0994820943333,4030.2222564060694,4043.4684600308856,4074.5826830876927,4102.202990965274,4152.3865270550705,4248.196211584473,4349.746736322563,4394.242620138622,4440.543681469002,4140.382020786833,4184.366634184473,4233.320686487184
experiment_952,4373.102774554884,4370.720543749561,4229.254593293686,4235.247256787168,4130.526879973093,4071.1906903838562,4081.4354760242177,4152.93857343598,3919.4357528659775,3945.425915108971,4087.329487595031,4011.6415265614037,4004.74339370919,4053.7310952875296,4107.984054766399,4215.785955653239,4336.8618580295715,4539.124271725675,4615.296916638177,4359.903976082488,4437.138082796744,4385.042415742701,4388.002381189708,4130.176924177505,3971.4378862991207,4210.036140653259,4306.236338286224,4398.131222883704,4545.694819182495,4635.616169640756,4711.652546829995,4850.408040903823
experiment_953,4373.102774554884,4445.075789730015,4500.437155571023,4561.48280616446,4360.332024393339,4294.744231956249,4319.733908809774,4339.683325371109,4053.251851866001,4053.1856253887854,4054.952575196151,4050.597241369682,4041.201274885667,4081.5092455463937,4145.6042608431,3764.32538682098,3734.078605861915,3691.5798156621668,3732.314939898738,3689.6027413911297,3709.3506707170827,3659.0603475431844,3998.3801246300127,4014.573817325681,3938.938264672038,3882.7543188273557,3818.2480622341645,3737.4512756464537,3680.0328504653917,4027.8886989349567,4063.8170611914156,4084.8778927111584
experiment_954,4373.102774554884,4339.956348653585,4222.97055232511,4190.437939514293,4036.7951154493026,4021.8019216327234,4014.0948681653854,4032.057397597062,4055.6536910669342,4014.208815509962,4035.2008289143782,4028.736922625787,4052.065704295408,3707.6472443739162,3686.5770789515236,3739.1796377419696,3737.4995222326797,3804.443223764627,4413.557709501163,4356.771558618682,4471.155970280621,4706.950966660286,4797.511392286547,4599.198837205769,4582.358672391996,4498.726153696255,4272.277287285575,4196.541822681658,4287.857367809029,4645.827487900171,5060.551144593349,5136.506651105741
experiment_955,4373.102774554884,4389.787876638548,4395.400173346574,4397.436392500285,4258.200094642132,4252.546340698933,4245.8442552378065,4236.888293724307,3993.3341698126446,3991.3161164519965,3989.228723258433,3990.4570651301165,3988.0836887508917,3985.8404388882655,3984.048091038265,3982.5742438029606,3981.6586263348795,3973.59086420563,3974.0257163482825,3587.106658956735,3588.69045346416,3591.327202872989,3594.8547393121744,3599.5408381078983,3605.172378854198,3611.609464210749,3766.2250310806667,4134.1266881490155,4140.109027707392,4145.953549725565,4149.98226150652,4145.140321266556
experiment_956,4373.102774554884,4355.801653290377,4309.412760044824,4315.299191380311,4170.5501704934695,4159.054285227231,4175.621267722021,4176.369228114174,4057.6818603545044,4072.310012657308,4093.1913172706077,4073.5767682512787,4108.584725274382,3748.6408305435652,3723.9953975517774,3771.8913465418054,3764.32308543836,3822.9065948582383,3881.881751045224,4492.569749036077,4431.588848365219,4535.188178644281,4754.187217549261,4862.4631866599175,4910.004174391843,4716.078390386951,4734.86436447605,4830.581759736951,4656.641932478494,4372.739903407692,4500.506280152278,4619.5613000847125
experiment_957,4373.102774554884,4401.635427702466,4419.164059859945,4453.658632187216,4334.442074437946,4364.766940405058,4395.49359095199,4425.655944829183,3853.9843156222696,3832.8195488319775,3875.850403630254,3889.383181480581,4498.418577610454,4528.000763270523,4462.092136855659,4514.695545014138,4601.143267380499,4742.1179761098565,4884.206929409918,4935.090728305515,4725.982844683409,4800.453087090293,4886.98141947453,4976.119870601364,4959.559343770237,4809.042353739377,4910.0086805204055,4863.0068426382,4950.222821699506,5078.268961540966,5332.289440174774,5618.884053188488
experiment_958,4373.102774554884,4361.187892559594,4344.559208935065,4335.814699025493,4179.946574383843,4165.518451539363,4154.41930525614,4157.438655755647,4030.388721480075,4029.722495552185,4032.533308936055,4039.4010352781584,4053.8043759163825,4031.6632824367853,4046.6289045428075,4064.851578852111,4086.752340354288,4111.769131810812,4095.3768074271716,4106.5472689814615,4142.3945374910145,4208.435800822199,4252.513966027791,4303.183624150521,4296.453161840761,4344.527819001671,4210.318956756659,3977.0953354634935,4037.3132998789843,4102.317042111656,4383.266763758614,4353.46670836367
experiment_959,4373.102774554884,4399.240969805711,4415.9100946481785,4434.356741821855,4309.2485241932145,4323.816101714216,4340.110250205094,4364.157106418329,3782.4840158367856,3723.7210506552897,3742.6896683620625,3729.222139155477,3749.624369164363,3770.955264886757,3792.821243817243,4325.071066564617,4352.551089651739,4251.237507734932,4274.033718399252,4286.446398672064,4309.6167740204,4339.874173313497,4370.8114944924,4402.688849942344,4447.998676167418,4532.53799379463,4568.258010813332,4666.887480760516,4706.235751234297,4748.73832903785,4784.8385329992725,4828.069595636109
experiment_960,4373.102774554884,4385.142052626658,4387.041322413592,4391.401131723851,4237.277813260507,4231.274546306544,4222.703089568438,4215.039223494254,4098.05677903346,4094.584532375263,4093.8253306152174,4096.065279574016,4106.734850824467,4116.836886698313,4131.352329471742,4150.692222607977,4175.146259867495,4160.026353549743,4183.597980176541,4216.802425110184,4263.517413839559,4274.426834087665,4333.3588576318425,3908.0976115870926,3905.34812601073,3963.4589051143903,4029.9500505572196,4268.530577436464,4630.830654622998,4616.08204955801,4776.902332040339,4861.868223362879
experiment_961,4373.102774554884,4221.987090469831,4057.387567927016,3968.9742109120834,3764.7715975341607,3686.8218860868774,3781.7446861584485,3890.359872857055,3650.15778282361,3606.9565678487243,3933.246158932344,3941.7104115900647,3630.9741700246727,3567.9672065579216,3618.226453213536,3686.8591599993197,3767.276237860905,3851.9337122848387,3948.365024188252,4005.1227035263228,3740.4723896882842,3767.0653847814347,4371.149502739485,4484.6948569910055,4807.291978252084,4540.743772359081,4513.134088082732,4433.524734452434,4861.41279021204,5224.982756034868,5617.087742383458,7379.880327136878
experiment_962,4373.102774554884,4378.4526909904325,4377.063248674631,4389.638842480075,4254.235882728652,4253.158368115434,4256.29633433164,4265.882059965226,3759.8937982622724,3758.6227351551024,3713.7987098512895,3701.0311892691234,3716.6890921620316,3680.2223459921197,3706.6942937030462,3737.2080006452934,3780.44999347237,4118.485797713414,4097.801852237202,4128.26261178854,4171.9488146063995,4215.26363213644,4412.898302373962,4538.2448834971865,4664.5908873005965,4735.930254151457,4804.702894383061,4553.213460273401,4592.104877269466,4576.706152990094,4608.943441225261,4296.405790705267
experiment_963,4373.102774554884,4220.8416439359025,4181.185743731356,4163.309265662943,4010.907260244548,4000.74299533784,3994.9044445228146,4000.2776741361236,3655.5318084070323,3657.898741411449,3620.724809958915,3619.2769201845254,3608.994165926443,3536.97340241628,4074.8479414402923,3970.360888085572,4025.0961587901356,4101.012444666187,4256.289293070442,4413.025366489858,4166.319914958847,4263.380545156111,4175.635278320033,4488.48220304843,4321.358986497961,4408.0391159162255,4403.741075599202,4529.548160601002,4660.820328913948,4875.768919195045,5093.29765598665,5278.428476101262
experiment_964,4373.102774554884,4385.775881004766,4386.933007419729,4391.033296767337,4255.554317413927,4244.8164170830805,4234.4681207712565,4227.353389017848,4090.669470365013,4089.359690733896,4091.01430729684,4061.2659472315413,4068.7881110221556,4079.9376221378966,4094.9241120928345,4102.72800195951,4126.716890584355,4146.286461724001,4180.267353015283,4221.632053730276,4264.998071344569,4122.198134351891,3884.0069093030747,3868.3080165053334,3925.300051506507,3988.607337897578,4631.207055322198,4590.979445821127,4593.347489619549,4749.80954990419,4900.705059021308,4956.060790424979
experiment_965,4373.102774554884,4400.074549486162,4407.17846835165,4428.730596705742,4300.910637454373,4313.43386076337,4324.497293931891,4345.042299584245,3711.481111057132,3707.4278441992437,3721.177958729435,3703.221415597987,3718.166898945036,3734.206585629796,3768.0062713343978,3952.6000059479866,4312.238600025888,4338.514319660398,4292.117205957504,4259.269453037168,4288.477754490103,4297.319213423445,4329.73422339637,4364.016392176522,4415.839693841133,4518.94270891346,4538.672885999522,4639.014795391001,4686.281210523503,4734.2646024437945,4775.195675727232,4505.428100845986
experiment_966,4373.102774554884,4210.147864075233,4159.489379621778,4127.219355222292,3956.0072896514885,3926.0438314145094,3915.811612343916,3904.220730631716,3934.703209364561,3939.673540530933,3952.3860674725706,3956.047669254257,3931.44276261272,3969.13899698995,3623.8231783636406,3674.6851018933694,3666.3320385056095,3670.9081616224084,3917.549106399314,4235.4012541117445,4319.7337988219415,4498.771628679432,4674.579148084335,4799.451156521151,4447.109289163691,4359.728397550796,4055.8369112699943,3990.842692622702,4331.536068671986,4697.002006015125,4749.729397228897,4896.507467095554
experiment_967,4373.102774554884,4391.443915372908,4399.187431734734,4410.749212793362,4281.667969708924,4291.163086947409,4301.524018688337,4315.367015122905,3803.0482850701164,3804.865607693014,3758.427781056866,3746.460917882774,3771.9255216538068,3754.629463928657,3786.103043064347,3821.4422394070766,3860.7167175513805,4384.192718613788,4300.444903160851,4211.4799026014725,4269.035488629364,4330.879650461897,4465.106495639169,4592.049222154828,4671.881836730716,4433.106444777099,4479.0004437237585,4560.324884310038,4617.851882674037,4580.981534359211,4432.128439185326,4487.911630512515
experiment_968,4373.102774554884,4416.504130377323,4464.958621147671,4516.178310147733,4328.8393694522265,4378.941146770475,4324.263415021504,4369.553440037602,4183.316466686812,4296.107198275686,4010.5053137461073,4061.93264579388,4075.9259776222248,4138.337713572005,4202.28182207101,4254.024684440221,4587.0477296726785,4554.727997959401,4356.366936804124,4384.724293024174,4466.729229826503,4309.241116164938,4396.959795631611,4494.888427639868,4584.982032057522,4652.511317961214,4745.712569214624,5497.128827222586,5765.732515143498,6129.176732939035,6300.743512640983,9075.817777585464
experiment_969,4373.102774554884,4422.388593164327,4462.414364914597,4501.615240515986,4299.604960818716,4317.590634387809,4321.442098652113,4349.546403208144,3973.2017102985096,3986.4139176099866,3997.5633461772336,4009.9926450742796,4009.7184202063736,4025.6292079242503,4042.999127783508,4062.077428526484,4082.9419358378373,4105.020866695383,4129.625846612032,4225.137259712664,4256.3516861144135,4350.458455612867,4387.303330524217,4427.218470949622,4468.668541392382,4170.841953311172,4211.330224551774,4251.669583315542,4290.897568122749,4339.118250888489,4316.027531910018,4262.510522489921
experiment_970,4373.102774554884,4341.320096087422,4280.934643375268,4272.6905914225,4113.29685174568,4115.230638062005,4100.203640886819,4099.6881573956725,3990.236853108365,3990.9885128805017,3996.8022615383343,4007.028693047165,4024.010571281803,4063.3537615498362,4000.9058393027467,4032.107851110013,4056.9783460912363,4098.902579552609,3743.262368539932,3733.273237699755,3787.001758511844,3784.512468149679,3848.664126403652,4079.8354883944057,4390.426803700651,4457.321266228768,4635.013830985938,4789.641913828981,4884.100287595311,4643.476087019098,4754.81922861076,4764.998463040913
experiment_971,4373.102774554884,4412.33638099929,4456.649634090652,4499.971462975538,4314.638368225407,4362.792459702939,4312.700500990551,4359.304060432923,4162.558511794479,4273.743944092323,3986.326180358747,4037.359571120606,4050.559656311413,4116.1049983115,4175.212953643458,4221.5336161570995,4557.477604870339,4558.560179142355,4329.779802086721,4355.027080269223,4428.464153035096,4367.927892569144,4346.673084239434,4445.2107120546525,4520.188324152333,4568.293334053514,4644.655339040004,4724.589312230861,4804.004398191473,5678.993788103084,5744.6343752239845,5843.077191731709
experiment_972,4373.102774554884,4380.656800198784,4376.622628113575,4373.570700090734,4247.0019727333965,4238.642198832783,4231.722850064569,4226.316425233784,3603.375587466868,3601.7942905164555,3600.4254547601604,3569.0982814558383,3570.78506437978,3573.3810315928076,3576.95296928864,3582.210266112177,3604.6596318863085,3603.5486541378814,3611.023879130779,3619.803385006736,3629.3566888158657,3640.045853368645,3818.1382923241845,3832.351529564753,4225.501913926111,4245.269355320179,4231.383078048881,4178.31279244585,4150.597723365128,4149.349045938442,4195.259620021467,4228.801634464013
experiment_973,4373.102774554884,4498.336905661237,4606.46554186054,4532.220647445658,4475.8564682819415,4481.019581686179,4491.067291406014,4579.392891277109,4576.815014546168,4632.431204353386,4774.4905531817885,4812.520734304657,4553.801959149554,4618.121182047642,4683.000149482618,4745.1829410178725,4780.195067543035,4850.250296456046,4904.454356592913,4855.390885164805,4911.293736452378,4789.758395276451,4839.099338132694,4747.746739209573,4718.801827871104,4769.507083341569,4789.192386984711,4809.263458551467,4852.332575353205,4891.172295378161,4937.761826542085,4970.481094738219
experiment_974,4373.102774554884,4352.657094610173,4308.964904208095,4302.409654225935,4158.557473336833,4153.893664118381,4158.097370730402,4173.073916203801,4092.5823825795746,4112.704667291248,3762.0317712846927,3767.812453940947,3764.464847120818,3768.118183716922,3844.2991543108983,4301.042449104392,4377.816266869406,4578.388220698148,4632.385466221263,4449.36193415458,4555.826911335067,4601.13307251754,4443.699259824133,4572.6393937973735,4569.220484025989,5128.73320051262,5304.868123404514,6258.0491494492235,7149.716600258814,7599.175400979818,12377.11094971258,12940.125975386254
experiment_975,4373.102774554884,4357.556404993156,4201.392378547951,4199.582189859601,4046.9068444741033,4025.3514311660792,4000.4842576223928,3984.697448877762,3599.092228864871,3590.370501136239,3584.900910746386,3551.9977085820046,3551.7128599859275,3554.6293130287763,3560.500882489224,3568.867976779732,3579.4004139657004,3595.359864373881,3613.7213943751954,3635.487048750145,3616.7632567596875,3645.1224953354076,3608.739042482368,3655.8221142055068,3659.0163039537188,4079.0183215561474,4168.454348506508,4168.252407391995,4203.4698396700815,4278.39742985482,4397.5706748576085,4524.252232795436
experiment_976,4373.102774554884,4453.188056203718,4525.644560374215,4599.844290715225,4327.925597226827,4371.476406676833,4408.187407067762,4447.580647144367,4258.7475840458565,4354.561325309604,4389.327793105274,4420.438852459331,4106.324579174269,4130.449618466277,4151.110714270777,4169.183317180734,4184.299349148702,4199.277241696836,4209.066672898164,4217.189019689184,4221.582300930722,4223.196803947249,4222.027862763617,4218.087331697436,4214.5351470858695,4330.873360528734,4319.74948985163,4306.1592968254145,4636.8851735990775,4617.721722372685,4597.351808637344,4576.833993440483
experiment_977,4373.102774554884,4422.29116568354,4475.196950148013,4535.72310822847,4365.085678628115,4313.255354072765,4363.814302418265,4424.240171854245,3984.906801596351,4041.6254756660383,4070.1123426665463,4151.4442748119645,4231.875795497675,4573.378051498132,4556.460266832286,4374.448440960385,4455.602586442127,4317.217609590334,4442.037661642071,4568.244996699274,4669.086527990243,5445.023221601735,5740.554636402387,6175.610982987966,8950.075485781606,9392.852134570448,10001.455385151166,10350.82158784114,10718.042013926155,10965.218827580704,11292.00911839445,12030.66927359168
experiment_978,4373.102774554884,4448.101610513,4514.683075191864,4590.30065322616,4337.586085391535,4405.687291136734,4472.14296256359,4464.977351078818,4400.375053503824,4381.965589857043,4599.141719738578,4677.484376464364,4468.166433355382,4531.347138382678,4629.774261862337,4702.489459798289,4610.273701059523,4523.613872065893,4630.321494223386,4451.070663638249,4596.566675215612,4700.810074490519,5203.9248307725375,5660.084537921624,6060.872374248397,6947.9384420816305,7036.535700099872,7476.440696905387,7709.677492968802,11598.69007673349,11773.211412899727,11514.404553261329
experiment_979,4373.102774554884,4408.739802812402,4433.819960641985,4475.713882108734,4369.847571452451,4325.4428808892535,4379.361588876856,4328.9255691695635,4079.4319796227132,4202.1467144375565,4322.06379446766,4395.910099157551,4136.902927030248,4209.551094791128,4258.605007234366,4302.231331486833,4302.463764407213,4566.668146388456,4485.618594366359,4301.289781665918,4411.714916603083,4509.749398168223,4606.164157710128,4696.195916599406,4880.730766224652,5071.6792820586525,5200.867516507661,6253.969827261779,6718.852040943873,6904.663530285086,12367.69593053361,12890.170661550204
experiment_980,4373.102774554884,4385.560680057064,4393.635861227717,4406.846997448923,4273.591224291966,4291.630019902843,4304.892450991447,4330.32940251153,3812.321732870541,3838.652987569819,3877.1251052922885,3825.1438547360367,3811.487269040028,3866.2107210791505,3928.2116898608733,4351.611510922438,4414.259443720139,4501.669073921762,4685.616063755593,4841.630660808629,4490.715003015832,4605.905962087839,4716.988356449233,4821.428282443956,4593.466876272684,4693.580846107892,4670.503784348097,4824.226118324017,4888.409371292438,5622.754813604419,6234.366638971922,6533.308559083958
experiment_981,4373.102774554884,4462.0408060812915,4539.973700636889,4530.708505522819,4365.084638838391,4438.977930588402,4506.902746521034,4495.4641713010915,4448.408310506177,4399.261257405602,4436.442331342924,4594.133421347411,4722.061592667189,4796.267596011938,4666.586268417903,4726.072807951416,4785.734101246802,4849.365965310795,4901.325089144945,4969.117653378897,4934.091901662564,4916.435775328533,4790.362264366281,4853.96623715526,4922.993983114453,4837.3599976276,4912.047358903278,4878.232994812375,4814.370312842593,4880.565600701072,4950.342768070153,5142.037445602457
experiment_982,4373.102774554884,4365.347708926389,4335.886161834174,4330.669001076269,4195.456819149348,4201.81903821406,4213.812274657118,4226.739372021436,3745.294245638429,3754.1833594289246,3785.2001314792697,3720.9715948586863,3700.284333728098,3744.446058230575,3795.087960715674,4236.259745045285,4168.51599169391,4219.522785143,4299.288492331549,4452.961933480713,4604.81297242215,4389.640736927243,4460.451957997311,4568.945868057074,4576.521123042722,4378.017772240517,4462.095792076514,4431.909939233485,4838.437100445801,5101.978505333718,5202.055850269918,5452.849377625056
experiment_983,4373.102774554884,4427.344189426049,4474.7026253995555,4522.538909849058,4326.321659048015,4362.396980815627,4303.847321412533,4342.70015556635,4245.957578589019,4215.981375960016,4206.344793967513,4206.593713599854,4256.589324206389,4316.842558262885,4465.179402102767,4581.90022190936,4664.944717328695,4432.535420699172,4486.969408819485,4573.502973870173,4634.332346037514,4610.0219638620665,4549.541958158468,4569.6761032917275,4467.232254173998,4584.084482537201,4958.717622496287,5221.19896449443,5258.797906578886,5410.125905087461,6740.792604050447,7050.854893192245
experiment_984,4373.102774554884,4494.078749134423,4598.57075801286,4531.279519931929,4491.385490441136,4503.741382865986,4526.453316451711,4625.407287246819,4807.896276391812,4974.7960320796365,5056.977057131526,4840.536844800921,4953.579274259103,5073.287514576292,5171.447244951991,5176.895696214521,5130.565352392772,5230.124807385768,5250.9668832532125,5358.53618950882,5480.129133664089,5834.586681791695,5981.43027359648,6017.53014145385,5877.766808457762,5799.378371094914,5866.927269633666,6287.3551998554385,6582.427678905056,6852.724237447762,7371.466712413564,7679.770094519568
experiment_985,4373.102774554884,4373.418056473252,4365.891796520344,4362.718861940137,4210.953580258635,4195.0347574918205,4181.423545787357,4163.08679108917,4074.9321789361156,4043.958160049359,4029.5887222606484,3965.3569388849833,3943.736963062937,3922.6612726266685,3935.349335540806,3919.152976234994,3897.2267784269934,3875.211899023118,3852.346560982702,3840.339045125963,3819.0923353870144,3808.2259597444854,3788.0360991305542,3768.8228398195015,3750.596021484369,3731.8138860992112,3716.1653851218116,3701.5199990008773,3688.8481846497943,3677.9057329613865,3668.8217678084225,3661.7304651246645
experiment_986,4373.102774554884,4235.222721263317,4174.869612226807,4156.7023319827895,3997.4707687326772,3976.9031809584067,3967.170872716982,3966.025693366551,3983.4300337281065,3995.9290454637576,4030.8174915632335,4013.995638644688,3657.2478966133012,3718.1729380535867,3721.2290739803207,3738.4235798484324,4150.37020129379,4178.904069136591,4284.951881488175,4559.818478766676,4380.852115178015,4485.5382725914205,4483.979656999249,4240.214218124843,4340.804687258769,4682.8717213837335,4956.026316983098,5242.839637838759,5464.3871173624975,7069.754291061611,7390.224172839088,12142.493078489339
experiment_987,4373.102774554884,4388.694425746942,4401.760118314544,4435.934480395208,4325.832787974091,4378.437481495913,4333.462067349335,4299.524639404278,4077.1211388612865,4163.059842544646,4321.252862705388,4473.955175911142,4262.503348861401,4369.2630701548605,4451.691128868768,4419.82488803768,4258.120648703636,4221.5881224998575,4665.168480143535,4679.120300627937,4965.931715700674,5163.696708895533,5273.576613265811,6453.6814052768605,6970.514772508473,7304.3798800473905,12037.532780922616,12673.44109030751,12586.052726618918,12805.508568076984,14404.683038794366,4745.745256399489
experiment_988,4373.102774554884,4414.623861960087,4446.452154263295,4483.504735758133,4366.867096452037,4383.836419178866,4400.063157794279,4418.53543163525,3754.422300626312,3772.2960702561304,3796.3974577471763,3791.208397311948,3959.128859558444,4264.20596960168,4200.220590483441,4189.674579782907,4218.249746618298,4275.778308028734,4355.273471554679,4495.342699980536,4616.7831667971395,4398.386052602772,4450.863728930202,4544.000656733155,4635.862317933779,4698.104551601822,4705.3997397118565,4559.12285863863,4507.398115200103,4575.408610040236,4590.78836452185,5279.289104267805
experiment_989,4373.102774554884,4302.0433274197,4252.030137137714,4215.023439433957,4051.0171843764692,3967.90900281612,3940.206763135584,3919.299067870657,3905.852033273364,3904.2161130466575,3926.0884694586834,3942.951711387085,3966.156254895488,4016.6774514852623,4022.9140601435224,3676.005974077917,3741.5617924162752,3716.669322262346,3723.930788362068,4185.631375330981,4152.30971808452,4275.813513755356,4529.868769379207,4364.439799695814,4482.946233114595,4596.374453649733,4470.536500923707,4379.153135065051,4920.659117056246,5051.695384653911,6009.801751111663,6846.771166233403
experiment_990,4373.102774554884,4353.243858368833,4333.370897076726,4316.1465618711445,4156.761097047889,4143.873659703994,4136.83774468309,4124.00506455882,4009.357577089879,4004.3017793277254,4004.0750984067245,4008.253640892086,4017.267120079103,4036.4160418294005,4053.796543872736,4076.1377427363527,4113.316190660553,4091.3105251283923,4118.112745217986,4117.661147239023,4171.556326658539,4227.189757031004,3812.9060178892723,3814.301527095997,3873.513248640667,4116.832497735588,4588.617475603143,4528.3861067504495,4707.125222280573,4863.974994219792,4939.913824558729,4747.428774603279
experiment_991,4373.102774554884,4383.52486080139,4257.046757490049,4280.131931999571,4114.160071969007,4128.268655118225,4153.715914854922,4189.0344772492435,3961.371760360218,3940.065824838519,3965.0583232746235,4007.5024651367603,4054.3855367053834,4117.825020318047,4227.9191103824805,4339.350120050244,4067.4732714725687,4126.16692450572,4184.32710907324,4215.820166002087,4290.819175152449,4300.219041189772,4490.963744013343,4551.441361941542,4466.453150762009,4499.363712698334,4314.694835537711,4387.1111300218245,4472.628026482224,4529.8752383522215,4619.544823369588,4676.0573321039565
experiment_992,4373.102774554884,4387.452903398313,4385.206373013733,4403.3125207632875,4266.162571179296,4266.880657879537,4270.9667731817635,4276.226480373406,3925.427422735479,3940.2943680655053,3955.9487556257272,3968.5833552116037,4094.3001356627524,4039.800893004276,4029.609781677101,4058.9535727101184,4039.7508341376747,4060.390893187181,4109.283535352846,4209.368839039898,4315.101916914097,4369.776103188286,4430.900410748127,4158.215086678249,4219.332780594119,4279.64684038236,4285.64093376561,4243.002921613071,4525.914957696751,4449.320836617611,4371.7077108676685,4305.8774152740225
experiment_993,4373.102774554884,4454.480082174781,4526.916343930445,4604.297960548586,4325.241077903969,4380.275534676146,4430.615051241374,4472.590255826411,4196.731321719175,4224.322403536903,4276.111140462269,4364.707060388282,4391.470811957606,4472.9564634707385,4490.571362770272,4503.357284760228,4511.147368548849,4513.819431865778,4511.327049706298,4503.6291574708575,4490.637341673528,4472.209241462727,4390.534387414378,4362.684569935208,4267.739211164532,4209.646088737452,4171.949986859214,4127.378209175594,4154.939750046737,4322.450995279214,3731.8239584748635,3722.567109518968
experiment_994,4373.102774554884,4366.196691893812,4361.390357037158,4371.9107137047895,4233.357232039718,4237.661318152648,4250.149333144139,4268.219791359341,4110.444638006877,4138.208939125369,4160.171046704834,4165.998780670179,4206.415686214425,4128.160535636407,3839.6252264389545,3894.9895883800564,3893.2791755678522,3951.696229836097,4022.3933688219067,4685.835587798772,4587.389994145129,4690.191766310346,4858.730187931349,4919.385488557033,5035.355344950688,5146.007869963247,4160.823498737554,4251.963364262801,4233.814707280511,4265.532082534786,4401.932222454193,4533.916705059179
experiment_995,4373.102774554884,4397.184029076176,4408.7049149319155,4434.9627329139075,4311.737399749865,4335.521623495487,4362.726891961311,4392.095336896524,3865.386540106124,3820.2476106775753,3795.4844696706677,3803.060405960927,3846.9655153266576,4300.4887099283005,4188.433454702591,4228.5871154251645,4282.407776181652,4346.927683504282,4501.148241104122,4635.082613973938,4703.144108106074,4448.667227182586,4532.459467866135,4615.322178121233,4670.88072393936,4763.69851173583,4764.113772671168,4599.900621878463,4680.599570287773,4615.063872498628,4719.062882223472,4727.293929486948
experiment_996,4373.102774554884,4443.236216612142,4513.165941553895,4595.682283201966,4332.875902346908,4401.650435777783,4469.230224228375,4461.074655788244,4433.323315232359,4183.156021014055,4253.074395894745,4329.070715202267,4361.613963519794,4379.459885752864,4378.980269724811,4309.462085786584,4529.708125806224,4438.673262105972,4571.226150205474,4497.058997728222,4562.08738712001,4633.907947312678,4719.110885514283,4768.301390927689,4848.219235555969,4910.74857126486,5677.843886696452,5882.132310806422,6042.678730312466,6341.969551171594,6457.415899748495,6556.344236263413
experiment_997,4373.102774554884,4194.7434646030315,4149.562886659201,4145.175456553747,3953.911161500013,3952.442066014185,3930.2449208565445,3906.7240455028405,3948.610407649614,3935.9980283246778,3962.8983187048802,3941.721443404382,3551.0221337895555,3585.349210787332,3627.4096636491604,3617.458067833563,3614.8878677476982,3685.5320666451285,4061.2979591306384,4163.468530960697,4239.542372825514,4358.464850291152,4478.160708339627,4252.474816307714,4312.230130257226,4308.207588011655,4393.942302534677,4510.848110276496,4537.393656631644,4716.976022363028,4873.307927581714,5860.921728209288
experiment_998,4373.102774554884,4362.139397415058,4240.500714247604,4234.385179368727,4087.3725502764373,4075.298491663724,4070.099114007173,4070.6888205604755,3697.093717806979,3693.4076512630018,3711.9511807495655,3642.6554556460005,3672.4524426466814,3639.6443044213793,3680.3710977226383,4124.11652033819,4066.0466008658,4046.6168047223573,4114.761948074093,4186.222681907157,4323.66886779529,4468.297209108745,4238.19542444249,4329.998917363255,4383.896626701425,4439.8219873609505,4546.126991891395,4374.843653313335,4588.299501026828,4725.917224065561,4769.179682542395,4894.322524170754
experiment_999,4373.102774554884,4236.006078048868,4082.7966434692025,3994.6856390485214,3803.721691146454,3802.262308102232,3751.4846406442944,3710.6399292955057,3643.8821187802773,3605.5479640768367,3597.867080498735,3601.9617394491306,3613.29018552783,3635.618700264753,3667.857624590406,3710.03218995754,3763.9553735069157,3816.7647032333107,3881.409786875213,3960.6750882028473,4036.8850856560966,4075.524956642069,3725.160665975734,3778.2351032426886,4068.2176246859854,4445.306366103299,4688.8732230166115,4911.144242587234,4710.175697620963,4581.990432047543,4392.402634075874,4399.981663186158
