,2019,2020,2021,2022,2023,2024,2025,2026,2027,2028,2029,2030,2031,2032,2033,2034,2035,2036,2037,2038,2039,2040,2041,2042,2043,2044,2045,2046,2047,2048,2049,2050
experiment_000,6172.214571949973,6207.893483771346,6235.936095645582,6267.674672385202,6304.019870252578,4902.751374962956,4872.478211230563,4916.300042826451,5024.615608610864,4998.64968095214,5006.796419989423,5027.651391540621,5040.501643388345,5050.257455577721,5050.1864987486715,5013.618771818634,5075.405436016574,5058.776747351458,5059.190829673389,5033.102986334365,5065.130710284867,5046.488114683857,5082.896344091376,5039.967053902587,5090.894637743119,5098.161946178536,5067.333381134867,5071.943489062324,5072.804722251655,5045.619491666165,5105.279499326887,5079.019487419546
experiment_001,6172.214571949973,6190.13241879074,6206.299123893221,6223.646901106971,6252.150315786223,4566.922761638838,4504.13689317992,4639.438432638048,4618.751400180072,4603.603352991366,4701.309580347853,4639.261431487023,4699.857445662868,4753.707394160988,4769.653364653229,4822.072586097671,4838.974566544691,4785.807184911869,4880.242490664303,4875.06135006904,5029.086708944171,5061.406338005512,5094.57622051834,5140.925646907378,5239.897378004847,5274.867269437957,5394.592958120925,5478.006042745097,5535.669554911245,5590.345163828341,5691.8887551661,5820.81879337572
experiment_002,6172.214571949973,6186.008007951002,6194.8367237005195,6208.239829467513,6228.17958204877,4558.0448166189635,4554.301288414297,4474.065007306479,4529.429020506181,4550.202098158722,4662.317360792707,4678.4596800921345,4642.628376540539,4682.321830519581,4790.277822051348,4859.92131011416,4848.574725346057,4959.572299505077,4989.307311752555,5085.946967115013,5222.96728652952,5261.267330957484,5387.27999388434,5455.553757663108,5634.476322423395,5726.217500028819,5829.89166251682,6009.313574154728,6224.059545644329,6379.2420587243005,6557.062490591707,6782.081012807625
experiment_003,6172.214571949973,6182.928979709053,6197.045357896304,6214.565129068475,6238.005685163864,4839.73871430677,4900.4426551431725,4963.417554482217,4960.7956140844735,5039.1032527135285,5063.032804946197,5047.304803638455,5093.691613073752,5199.013832646306,5165.964916639822,5266.281281887055,5336.706608471199,5374.609260319166,5438.196848271174,5538.2581059535405,5613.256540483816,5696.31413139218,5713.690091658034,5845.741814262372,5959.533263060268,6040.612084618171,6102.36129518913,6171.102187444691,6334.028681836198,6396.260933593385,6491.77694636809,6580.884722171384
experiment_004,6172.214571949973,6197.425063558426,6221.61647884824,6253.351341980088,6296.915360860326,4815.252845021607,4801.702975347139,4832.520684304714,4949.67191716593,4954.628148129119,4987.470712053117,5115.488429542736,5110.999810294414,5160.866603477183,5219.827590092404,5327.9053332947005,5375.262479175482,5425.816167234744,5519.131824384733,5621.473061360879,5676.287314575692,5829.836676189446,5885.726866295127,5955.3759581804625,6080.61322228306,6162.07478377147,6281.083272554556,6373.954664911304,6471.715242288095,6559.78896487828,6716.186389535542,6835.9518169896655
experiment_005,6172.214571949973,6172.414175920814,6169.0335601270945,6171.678676301353,6181.588942564156,4763.323958869323,4712.590811596723,4742.150908059941,4795.595276535105,4816.571048471784,4777.478232686779,4824.578234725354,4916.717368741063,4902.585563107286,4964.869637799806,5031.669737662288,5083.2102089264745,5066.22570560486,5232.539658549837,5269.408978443051,5378.470007271028,5429.8882943965145,5543.363473495676,5664.871053084244,5753.260455771325,5878.354501499312,6018.8782825010385,6151.846316772702,6294.751766069816,6446.290724663548,6585.440568956426,6728.379980906027
experiment_006,6172.214571949973,6206.469536237186,6238.190383282013,6279.699289898666,6331.559831417106,4705.52593075,4752.818373402506,4779.91610928127,4926.584851736792,4934.312231554339,4968.2106303430155,5030.819771407361,5118.8835696890965,5196.21005687001,5232.301414377174,5376.291363965691,5509.524429257817,5536.34337371553,5630.448389166859,5781.264685916745,5886.91342214719,5960.597009449641,6097.917399376949,6212.284974744234,6309.513078990129,6410.736761258322,6535.8557399167075,6649.025500818958,6779.163437894145,6918.511288832924,7063.77567538627,7205.091950926059
experiment_007,6172.214571949973,6183.042635984386,6193.547327698467,6212.93416189223,6242.577381778916,4763.861129499691,4835.474870246672,4787.925389312892,4838.921392865303,4883.219762320417,4933.698924893055,4936.453221192685,5001.768011533159,5078.605331898991,5183.608217752375,5263.89470785114,5302.9530197796785,5384.0461257345905,5517.293099151157,5585.607822577711,5707.990557011921,5795.39846488808,5939.466085041039,6071.793880371321,6191.901930222453,6348.352829677879,6439.655372490846,6639.370010057613,6769.2654365226845,6958.0452026001985,7066.443392431263,7271.284808879962
experiment_008,6172.214571949973,6166.384423112605,6152.3825441957415,6148.184192510764,6156.448307582759,4534.697769319391,4478.927712978136,4450.7251003587,4515.088916805,4620.601470693167,4629.474889969455,4555.10411661378,4511.121348531641,4543.597551889568,4609.974668731895,4666.150466807888,4752.049786360257,4769.968078384758,4813.219761774985,4916.274503949046,4924.378247057881,5060.366029287646,5137.89960805516,5227.396064914015,5342.159066437578,5488.522751600209,5607.172292560563,5774.929675205519,5857.685984049591,6073.985244736702,6166.640465316936,6386.832020748981
experiment_009,6172.214571949973,6185.129494951507,6198.311869899621,6217.63618873358,6244.463162863025,4691.233834789059,4813.711028236783,4782.545543900542,4844.291228982795,4890.591270554377,4923.736393491326,4941.532661174198,5064.121274816815,5110.635219920034,5122.341590327932,5221.655267571613,5356.724667995253,5395.796586987701,5518.181226103025,5531.341043400525,5701.438246982661,5816.839365147784,5957.398394540239,6078.478206088526,6240.460117347227,6373.172103501798,6524.1658118550695,6664.798832080063,6832.411816516042,7031.759856349265,7221.45708497815,7416.159959864901
experiment_010,6172.214571949973,6217.5444939123345,6254.436035773605,6297.631070806907,6350.6531079625465,4775.338082050269,4733.07356786869,4777.933358531288,4871.37804935515,4806.488311870803,4875.513450478029,5011.921897139113,5010.20799041188,4977.238213087559,5087.879505554001,5183.00272399353,5164.7110435843915,5208.68940688279,5268.299498075747,5341.60772129421,5377.457819956344,5464.0896060229115,5582.887703273363,5588.072089670274,5717.240395016721,5794.795164015778,5876.55167958263,5940.576834810153,6036.248585432969,6170.295194162314,6275.57892711286,6345.212251327866
experiment_011,6172.214571949973,6209.89861614589,6242.670808218534,6276.95065367706,6314.634213749484,4906.296521408496,4952.348674658486,4921.198620226767,4969.886999386001,5001.990962127034,5010.4021409933775,5043.5136497936155,4996.681430022941,4997.723018420263,5118.941188832703,5120.341558270281,5085.65531819449,5080.8743605552445,5103.12337671412,5076.215788430827,5140.455086164459,5176.676421728755,5126.824290603782,5181.649460843419,5192.122771364122,5244.184891122725,5193.533192319517,5208.885743494417,5262.094121967595,5238.812530182592,5297.419481071348,5290.364411109772
experiment_012,6172.214571949973,6201.1566059018705,6230.307087408481,6270.869993751146,6323.405538520561,4570.340451808523,4603.4761931155945,4618.0141914520955,4735.2982785423355,4818.695001449698,4847.436452100599,4930.783815592877,5032.059447266422,5109.60961627862,5195.573425224646,5276.668659217016,5422.114719212561,5487.4628578442935,5613.902810439327,5724.619178422216,5856.865044878577,6045.316954543676,6213.950855484837,6287.3455953512075,6503.072802355142,6625.421546941632,6787.929504973367,6970.04949069992,7137.644552426476,7377.141087092608,7574.000178533826,7753.154860592345
experiment_013,6172.214571949973,6213.331987332143,6257.645469869336,6308.07191162139,6369.563153545367,4845.315444110913,4840.352238153682,4916.9002469601055,4961.424641936272,5042.1130712246495,5078.523022183399,5109.955378862529,5229.454022169994,5264.5428658308665,5315.8865724997195,5471.742305063737,5488.517108855565,5650.237495776702,5677.336269376443,5846.427506950797,5947.820933206982,6061.237250530234,6223.400605386016,6327.2397204876,6467.491572140385,6641.799350567317,6844.030337947841,6943.32176015266,7105.162410102179,7324.365479859409,7535.095448635355,7633.2455137303095
experiment_014,6172.214571949973,6153.160410375991,6132.498746878973,6125.569548103813,6134.626854562615,4555.4492707636555,4424.02995971523,4461.405320158423,4443.14926146374,4540.234006392298,4540.439071232449,4599.566612430134,4684.6319515452105,4661.02745539744,4773.367640257091,4826.455482235988,4931.62438141041,5107.449426358346,5161.598329066985,5261.313539230572,5462.7013178337575,5583.445666579928,5738.7776858821135,6002.110850461604,6109.970119388521,6374.955695100236,6579.7881707214565,6788.503392548995,7079.954958081836,7386.696144787098,7635.127447495142,7934.158769552077
experiment_015,6172.214571949973,6125.483067243384,6079.011261580174,6034.762499690749,5999.404912132677,4428.901396970891,4427.48178352516,4491.3535363760475,4386.149408985775,4383.812832682892,4371.734430825735,4372.771457458503,4332.27991615849,4328.695117545438,4359.535995470864,4388.994414741187,4340.975204721389,4282.588410248576,4375.1894369582415,4372.787871118351,4514.699255151833,4527.607594324447,4528.0660172429625,4646.523748382797,4719.124307460559,4768.459955836323,4844.802103500281,4932.299481831889,5092.935967803176,5180.089736234535,5324.672923308704,5435.252576693291
experiment_016,6172.214571949973,6197.131533247748,6222.622905543704,6250.166854855852,6285.658351298673,4818.341177680479,4862.1991137243285,4915.431880626962,4988.536408826834,4970.0731064014935,5062.246036137318,5077.552710831138,5134.521295112674,5177.969722686315,5188.027160660864,5307.696722693301,5333.46993940275,5417.8925015585155,5419.120890115522,5474.260413538242,5591.200910572861,5648.2096061970715,5657.3914015010505,5778.705673270504,5823.881729561192,5909.927757260944,6011.948151296923,6176.895059105997,6243.226764615969,6327.4876319015,6466.488523668882,6615.560978786218
experiment_017,6172.214571949973,6234.8385515551845,6292.215460137524,6355.086006911142,6424.235321336618,4552.303465295323,4570.375036840395,4651.236072252788,4736.534329600858,4793.9210014651035,4875.032564893765,4975.229613798238,4997.666952447313,5049.889486316139,5069.614367928791,5148.882865263102,5218.464588222754,5228.127696154391,5370.1054000892345,5446.119760938049,5433.790198116682,5554.3260090530075,5694.777394791766,5732.170100996952,5835.557645622569,5968.4277075053,6063.082233426236,6160.771760754754,6264.0095146285485,6386.3553386833555,6497.864967505429,6657.479899512806
experiment_018,6172.214571949973,6178.8071224891955,6179.3578802011925,6183.491111271536,6193.934393897594,4645.624445883714,4668.105608381712,4734.555043745211,4674.811376173237,4838.837694918806,4811.489973278051,4826.232324886387,4777.357720271699,4804.1322098978835,4844.380482677061,4842.950751513489,4889.911006045674,4929.245595957777,4973.640804163985,4984.669828361586,5052.5695249992295,5082.778764222608,5158.94823040524,5282.379328948843,5267.229184550236,5344.2932548502295,5431.106774457163,5519.053613760996,5660.13839225071,5759.655269485729,5813.824094425081,5969.246940036786
experiment_019,6172.214571949973,6244.850163527722,6311.308365070355,6380.389449847722,6451.8053866076125,5009.001721042731,4984.916179815627,4994.103922987793,5158.251950082935,5173.039448914886,5232.271868198,5261.980500771046,5302.090826024147,5344.004608682463,5363.555007532136,5449.112642604275,5440.969795134192,5585.535633045749,5593.556523979107,5598.929104744003,5684.729086766214,5728.708598857789,5746.081282995217,5792.8521234897435,5891.78865508745,5924.587535903778,5923.584910370374,6018.320372634801,6078.051060225223,6117.074680229654,6223.086133520923,6221.071789929868
experiment_020,6172.214571949973,6148.011858857035,6127.184864635026,6119.079204794876,6125.580445302061,4303.388780629755,4342.556019680622,4301.97268122351,4395.294774908848,4524.32812422065,4500.51611373153,4400.609229376982,4522.243119295346,4559.284948096242,4580.648352023886,4657.837588020743,4778.551341766368,4776.91308237633,4881.716092572472,5012.645292384304,5075.505444156421,5147.6033855439055,5307.493858997581,5520.636206000508,5616.797551872985,5784.239520217141,5970.467412489828,6091.493102955348,6304.5857417219395,6520.303218867598,6718.464117732234,6933.781373789137
experiment_021,6172.214571949973,6260.766443773515,6340.399525123615,6422.937002043334,6509.146640829043,4992.26246219753,5036.971154414039,5142.51541294877,5164.77504759326,5316.621047299748,5284.3136406521135,5329.7873025177,5370.373219821091,5393.377716487677,5422.932054271288,5572.904258133578,5581.270658903214,5625.881469706253,5693.147339883402,5689.876947772316,5737.347836001778,5825.870923825272,5892.430400838593,5868.056151263638,5921.090807136352,5974.613227233664,6049.44701648288,6070.41424316482,6112.725470900228,6214.414396355081,6242.907440896395,6269.709049936426
experiment_022,6172.214571949973,6116.620875925829,6063.738098591263,6021.333500152028,5994.722336792938,4444.558936810865,4482.999611848758,4340.36072231607,4393.090551970724,4455.310767970848,4420.965041634407,4440.588900125844,4458.205126224174,4472.699860815916,4563.964623683578,4541.8466613122455,4644.72404887035,4681.45098609276,4770.4680830716425,4898.031157179641,4963.066459161563,5190.142503117742,5330.246177001916,5460.292867671915,5610.863652690836,5785.594259546788,5996.689085815471,6199.103132074901,6432.975411582752,6687.961343244691,6959.167950886954,7233.052266193201
experiment_023,6172.214571949973,6200.560967167955,6220.828644320591,6246.602028595476,6282.104358496415,4660.799624891443,4538.354116286623,4611.4584824131925,4635.596613718533,4729.412796688417,4727.903950051765,4699.0154515429585,4693.91086312344,4695.183378904093,4761.61655097564,4772.895788101734,4776.2123154884075,4773.040248533459,4863.31667549798,4867.376646509464,4853.60871496725,4863.451187383958,4936.7345966249395,4952.935175093524,4991.676020060095,4998.634144447864,5025.119154748037,5022.833354280421,5052.721408233283,5117.901670716773,5111.2830470728095,5190.668517086282
experiment_024,6172.214571949973,6171.628606688539,6167.875387011689,6171.316245561022,6184.500331560015,4435.085137520344,4482.395819567013,4488.702480524251,4598.15090825195,4489.072584264426,4587.629169192893,4580.164733642541,4646.045168828155,4721.905480587082,4802.282221334774,4819.112664519955,4899.2315040094,4983.133531212433,5118.132643086912,5231.685010612569,5311.4200083746655,5457.379978791923,5581.002414974464,5769.312117529145,5969.344960408058,6190.427478213539,6368.929585235353,6605.680786313786,6884.464833806649,7120.991910485861,7418.642108978545,7770.155696503937
experiment_025,6172.214571949973,6136.476076815852,6101.839515817503,6080.1171404915585,6074.972910078845,4368.859142444668,4368.516096619981,4371.936952956109,4445.440314601505,4368.937301186848,4480.9339529554645,4488.292364594785,4535.515710875814,4489.000531350124,4545.7353685653225,4603.070566037082,4641.117216742327,4741.188604606708,4826.030238217281,4843.037902014221,5043.3955409307455,5121.9439627765305,5253.215555966457,5363.529561574411,5526.664870878394,5641.905881196917,5813.537970405734,6004.947949610427,6194.908695184966,6413.6274803937295,6615.50945572538,6946.04329233737
experiment_026,6172.214571949973,6187.24275132002,6201.329356367742,6219.204428467646,6244.337713329662,4677.568313455562,4732.392628475612,4687.37290423612,4711.741923607533,4672.787728984818,4787.717914763092,4846.79946867384,4776.7122742445135,4842.760989772545,4804.427156355347,4917.989449947432,4945.766737000969,4920.062292059831,5017.259565334823,5102.256536368345,5111.697936802624,5184.342378052694,5177.534396074463,5246.284887477863,5293.750874317897,5425.411374943935,5455.574502930368,5516.445180056971,5622.451051637257,5722.713842282334,5797.824518469197,5872.372725714156
experiment_027,6172.214571949973,6160.365528824081,6145.640255691556,6138.045590045071,6138.564425043343,4759.941362908607,4749.096311063904,4768.680456524735,4847.822437380268,4750.944387382446,4813.533098178335,4777.4380626055645,4910.914860160883,4919.879171625595,4961.307489522767,5014.287708871396,5065.65950468598,5095.060281425647,5161.088353799723,5267.8404739406315,5316.5178779316075,5410.926625214674,5518.375665261194,5596.393268232963,5727.438021788944,5828.136635658998,5971.248173312142,6103.471202041752,6242.038652327619,6412.37309068009,6562.381899477934,6724.135156161944
experiment_028,6172.214571949973,6263.766501935426,6344.796931690228,6431.019681134876,6524.142470243675,4673.665920824102,4710.978831916658,4763.066078443517,4909.137492556487,4917.033366263519,5012.946883188399,5059.987031638239,5096.380957807705,5192.123670308798,5232.670940075543,5270.832873745223,5368.214363672874,5406.784583760208,5501.556486773552,5510.914976158998,5649.579499635378,5648.912277972357,5685.935513363366,5753.604722869011,5902.580251948951,5913.710877091562,6021.428453239912,6045.491193122179,6200.002729048949,6250.880652614362,6327.8311031171415,6465.52189560606
experiment_029,6172.214571949973,6206.950582634844,6237.747226581363,6276.364935824941,6323.783195991786,4573.68110333371,4484.5503666538025,4687.9165641251175,4653.955438630415,4703.1811210925025,4738.473080098245,4785.282326243219,4861.394262761665,4801.6346503868035,4935.91276204894,4962.816412115028,4989.65827749193,5104.824474670351,5125.936082459812,5226.319074405695,5298.758702786265,5413.540773890329,5513.1517048045225,5565.782532153244,5696.233832283913,5743.82754391466,5832.020079440168,5989.786605985326,6120.666477218449,6270.044994166408,6475.349271349122,6611.505718864447
experiment_030,6172.214571949973,6216.885736459148,6256.312487937919,6304.297447270777,6364.662234989585,4678.112625630061,4691.709488139686,4719.349089834972,4803.677425725332,4903.101536360771,4940.55453648358,5060.778130495301,4964.668550639988,5087.374186620565,5154.244239578125,5182.227609237447,5270.38712633691,5400.30646732917,5413.461946486159,5486.876427208661,5602.532748886643,5605.794661126907,5751.387205944889,5767.786951123677,5909.744109037229,5970.336686770248,6036.558340694004,6137.265621111627,6249.398211796475,6299.121099346478,6405.771953421199,6481.731339800422
experiment_031,6172.214571949973,6208.365533087228,6242.479362256444,6284.807733511511,6342.446273095891,4908.254153381064,4892.002122760261,4901.641944607746,4993.625752465921,5092.268833334147,5094.022537036959,5208.225546097304,5285.684585909803,5346.363107544845,5432.431145946905,5512.51197339115,5558.843905302797,5678.339910662053,5797.841353130497,5924.875160078862,5987.853682199118,6096.42110917253,6249.11195218652,6337.488952991439,6442.634253844697,6589.776253757458,6729.928644641666,6876.373869266248,7017.900801030714,7171.647464394999,7317.0874279400305,7460.634379785301
experiment_032,6172.214571949973,6218.059475869775,6260.63057747474,6306.129612708956,6357.489120125716,4923.631654857815,5036.03445870447,4967.55900144191,5087.125862644107,5109.989676077099,5121.002929045655,5169.236473745936,5216.308353166936,5264.412027892075,5313.184772510579,5404.273818042038,5438.860447154624,5487.643953478344,5520.839359462254,5606.965538615889,5615.046254575616,5659.125707574298,5805.869623105351,5772.09160720103,5816.408832649455,5926.700997578251,5989.827034342992,6021.987335397991,6096.93379366915,6226.170403224343,6284.460831857779,6321.255255064478
experiment_033,6172.214571949973,6204.55750011515,6235.501057277545,6267.303668212205,6309.951145570607,4584.554334533764,4660.457684182607,4777.245118908523,4691.563096393576,4745.941613491901,4768.070689997656,4828.499983391167,4901.2238101584435,4893.542842690455,4956.267310168802,4991.865577904616,5039.470991371694,5101.223577285448,5129.621131677011,5178.594587877326,5304.631509609904,5304.991334495073,5446.207253800083,5462.396331103022,5520.873437304942,5624.601837800535,5781.899489217269,5808.900195681285,5915.45345762374,6033.343057239277,6147.777333288539,6242.931389090594
experiment_034,6172.214571949973,6241.5853153834105,6301.583739929214,6366.18402898205,6436.3746208177645,4699.635878255854,4738.478742726132,4728.919576188769,4830.528161801122,4925.456893750392,4918.033313394811,4976.652708817215,5005.851229475657,5107.124401890915,5101.772590218018,5129.878771244481,5201.107625810693,5212.757155577616,5288.846549750033,5417.061858983776,5466.049874207756,5508.309402879305,5601.253717413154,5669.198590388149,5728.669623393118,5802.799008958244,5850.594236211724,5938.095210968845,6064.995473246836,6176.812130968054,6244.713232298634,6343.488733397056
experiment_035,6172.214571949973,6150.889954165168,6124.482949376106,6108.6657367456455,6107.830148590459,4683.833847955351,4683.105707948858,4690.704339716269,4633.785743931944,4711.646297060676,4729.771713233835,4723.550944245093,4760.38996803802,4825.401640435813,4854.7900746726855,4824.693369935241,4905.227114688196,4980.250753444914,5043.026195690983,5119.0499623771975,5101.859265639159,5290.208198198388,5336.319266948745,5366.509616323491,5603.252383657355,5591.9817557630295,5781.819837806377,5891.995722660432,5978.277580595738,6152.437224756146,6230.076695639331,6425.702329775084
experiment_036,6172.214571949973,6192.3161759091,6209.567159217636,6236.299790711818,6273.381475357871,4580.350309587765,4627.1252092584355,4580.986236197466,4695.902993651935,4710.2222459227705,4710.513442498746,4799.800450041246,4837.113944775142,4906.531336743799,4973.854846342352,5029.974503519328,5009.785471877053,5167.472856603927,5205.695020057601,5344.257436900003,5389.733961690366,5472.732151741756,5489.336653440997,5564.472305565376,5679.156319444829,5808.022982799086,5886.890826032148,6000.040241463816,6128.226718329897,6222.198901679976,6330.5055629937715,6379.662407204998
experiment_037,6172.214571949973,6291.544523841145,6399.383635163884,6498.215205266634,6602.629855867401,5201.81714250969,5238.689557142909,5332.423086814642,5439.163997253987,5519.546423344192,5521.891776527458,5532.633830630244,5614.0596371732745,5687.493791817125,5679.740499024389,5709.635047770869,5770.841087454162,5757.39448631937,5734.490683941551,5750.04789162787,5793.850907226266,5772.740905180464,5790.98944810391,5748.922596647528,5715.331641535616,5746.671626226267,5756.181579367807,5766.60139380759,5752.595608476016,5706.391912789684,5643.5494093738735,5660.064683584378
experiment_038,6172.214571949973,6260.245744198897,6344.106584100032,6431.509337645798,6528.9055790837065,5068.246559155471,5113.841992760432,5241.742420055321,5335.184692348816,5449.1033391681285,5529.766589731786,5612.053600704638,5670.340687339953,5847.828056960918,5921.897680655577,6025.89414362718,6064.4535200758855,6211.955907478388,6304.228217778017,6431.438321656573,6509.342406594493,6651.228065148613,6787.368937342922,6861.972717826466,6980.972921457399,7083.355709177904,7234.589384753532,7367.453506372234,7470.251146247689,7608.754041116136,7744.040043192067,7891.685352963089
experiment_039,6172.214571949973,6199.819558860137,6224.211681233122,6256.777041079857,6301.852474760941,4723.7948546538755,4696.388807625651,4768.693852138511,4844.987202197094,4906.604441503485,4971.631397168324,5082.757156273832,5074.60239549606,5144.700328816778,5179.333743916417,5255.814208327243,5310.463330761655,5394.219135078841,5503.266317294366,5564.406720041201,5638.153030121923,5791.094836725673,5965.087894543861,6023.147238813004,6138.466340356634,6329.072323008717,6415.719811123166,6570.041770301459,6693.889469494162,6871.680700563948,7044.445177673264,7217.067778078141
experiment_040,6172.214571949973,6163.2706004645215,6153.598939603913,6152.169166408569,6161.452375976007,4472.109873343958,4508.872082752008,4480.131023275425,4532.007259558945,4517.402202934611,4582.6202361724445,4614.717172016776,4681.0831706834015,4677.641687750916,4770.621403572638,4834.167262910048,4925.021665390157,5019.649008656885,5039.994345531912,5110.508466225252,5256.331895063706,5346.635372407187,5451.002193401571,5545.172305001039,5670.552455575059,5834.931299655484,5974.16444031591,6132.631817544167,6284.132029298729,6511.471005652333,6657.228460685733,6872.673948286964
experiment_041,6172.214571949973,6152.2385143232095,6126.931813380954,6117.298640639736,6112.7290556671815,4694.993200596471,4640.615773828729,4556.231100684266,4611.831298758388,4691.058857853638,4723.672730265853,4695.895870406184,4672.747248490101,4733.588630480948,4777.436110753408,4765.162262768826,4854.836842921551,4879.164910966035,4975.972071972524,5013.536065744804,5068.111981094177,5143.767149195233,5232.8533021104095,5298.954931028886,5384.917669608137,5469.969546048264,5614.407068954415,5702.081428133726,5799.0829406558405,5953.827605180155,6038.114631951466,6196.514215247779
experiment_042,6172.214571949973,6248.919339707988,6319.652894096735,6397.092608661783,6480.589846888752,4894.3302151231255,4990.292896336336,5032.062779080323,5169.621361011254,5174.609565043544,5268.894285320883,5331.666272626957,5429.396956591488,5463.932854156958,5515.394774190127,5664.635358595445,5675.537787173451,5827.163346857877,5839.919937235569,5890.67586695826,5965.869597011297,6098.755329567628,6177.819584325345,6236.185031536219,6309.950407373014,6400.315487367923,6493.128750496022,6630.729792024444,6724.513474895011,6788.452585683814,6904.957095399463,7060.135176326299
experiment_043,6172.214571949973,6170.040556800741,6165.181864706188,6167.042984236719,6177.555166273035,4661.838530363706,4682.85345968667,4711.034996267389,4810.423605336393,4725.639263955547,4759.981510206197,4832.875697516914,4918.408498021801,4874.670741523584,4864.369498833964,4960.576060333797,5059.602026516869,5069.261909924493,5172.640733119456,5274.403002659006,5282.274299188645,5291.424909569299,5397.464326465023,5497.819560486789,5638.269400954004,5640.456602540356,5814.477763599197,5905.410986474693,6008.188673037017,6163.094257572338,6281.279873087403,6462.297779153556
experiment_044,6172.214571949973,6256.951379523962,6335.832379055741,6418.485932026751,6505.087564995723,4933.550395950855,5041.757119214897,5096.349772617043,5174.327528552902,5218.364781020433,5308.862249533271,5411.602419828307,5469.540998646971,5579.254858475484,5629.912059134333,5625.031331659295,5724.724617265001,5832.37434914854,5883.884385066323,5945.804146975623,5984.140791162498,6046.27920529089,6105.4179506392165,6170.606453350887,6186.982093275257,6255.433246848944,6325.892910603172,6347.505784451383,6357.262667954754,6418.704240628315,6454.025571500655,6489.398344300791
experiment_045,6172.214571949973,6241.414166192042,6303.389327639424,6374.929350847522,6454.973829335177,4843.072743637575,4855.251809085559,4983.823302024315,5080.153263391184,5170.2501574923035,5256.685871155769,5240.258588878292,5359.198050486588,5398.691556994776,5462.218687387625,5533.190647066534,5703.585126478598,5771.702406161404,5823.318254441781,5937.582368744401,6021.31680645636,6143.117834753939,6254.21920594892,6357.044586407918,6480.276825869292,6581.258177216192,6743.140017173877,6837.125096358081,6963.18627048646,7098.297626852438,7293.976085940203,7415.865080215661
experiment_046,6172.214571949973,6184.093878488851,6189.869111178094,6201.8505856979555,6222.920786230347,4678.735754661422,4660.856741137834,4704.491949506294,4732.604170061837,4781.662864538463,4804.9734168741,4779.334598898526,4809.069104509268,4891.158715456338,4839.364381489711,4890.599684008681,5014.588345712916,4985.960985898893,5030.863520161076,5061.964211418253,5103.298170072261,5103.870259084679,5162.585832319672,5263.926379135084,5325.414834320503,5348.930776612444,5430.618315050817,5532.843855788518,5533.720207031896,5662.851747549235,5743.457594186014,5849.875982153058
experiment_047,6172.214571949973,6182.8135084970945,6194.614579825127,6209.864962123021,6232.558824914073,4786.861213616449,4764.164916604918,4857.645429703697,4809.613486574589,4865.663435751571,4892.532088528724,4928.206121549301,5018.08193356319,5046.011106432043,5034.510211083297,5050.344728207228,5107.389448754894,5145.845331930208,5239.943793626808,5245.761598775847,5311.031069207215,5391.978150604655,5438.961800035668,5425.588465639082,5500.464100191277,5574.127339968803,5652.888144436607,5759.286600791892,5789.6608757646745,5890.846745457855,5966.993186590704,6016.870921390731
experiment_048,6172.214571949973,6167.7918460080145,6164.1330081713895,6171.772546278882,6194.7415598905345,4385.268982311998,4410.31805157389,4503.890520372285,4431.9999120859975,4529.684592794378,4511.729284093737,4644.668315244811,4631.440805099237,4668.788984969382,4739.90808741666,4804.037260531626,4868.075729620649,4946.5833542141245,5045.808698608924,5083.608464130841,5207.260634331081,5268.483524595889,5384.995264037328,5470.389744752034,5563.009524629953,5704.182339481161,5832.111039546668,5918.343845739777,6069.888391838168,6236.733279367929,6356.844170724813,6536.853677210871
experiment_049,6172.214571949973,6317.368284112726,6452.197324999903,6586.469812310555,6720.033156848436,4804.102744012085,4885.73960916983,4980.857697211025,5079.406469898383,5164.621569455024,5220.185730233674,5314.754319494269,5400.256275526253,5369.015643345505,5437.651355082664,5515.012554467891,5547.833333275459,5611.749079053471,5714.23666544916,5687.878321992974,5701.221924859364,5781.312650881469,5813.270926052419,5844.0306099571735,5909.131373702747,5902.468088757589,5939.897452651381,6006.5314933928,6112.075016744739,6118.870520825936,6118.285524767467,6269.355579154309
experiment_050,6172.214571949973,6254.033850973906,6333.306201888237,6416.96086188577,6506.249340012646,4816.389374883911,4878.773661679218,4927.109956719106,5020.250341869006,5149.593196396421,5192.611295047862,5302.296635059161,5316.144011711748,5339.389218332251,5521.942865355758,5510.846967382493,5647.53432284395,5720.496004338168,5819.828868776389,5867.836376693352,5952.511419944987,6043.560059193471,6135.1223173361395,6187.122411757001,6331.383096310952,6414.586548039102,6546.148669255663,6648.07582969511,6716.9301515688185,6809.705110307355,6891.062306642155,7018.951628157245
experiment_051,6172.214571949973,6142.933878818625,6114.001469705413,6101.362735137793,6097.439197272238,4504.296130341638,4488.073436262735,4534.775389458026,4595.223346681387,4533.018219784241,4524.666969575066,4603.694534429846,4580.07544008251,4648.996033921547,4745.205890069905,4767.020079193188,4842.792871877512,4985.421378090095,4971.113298635311,5046.278152034306,5248.122714755289,5298.9043475460985,5452.820955359706,5549.764123936597,5688.031850852338,5851.342716882631,6029.073150663852,6185.822915525328,6385.1034682385425,6592.462386553561,6815.218492247457,7031.790163221033
experiment_052,6172.214571949973,6226.6300729404575,6273.154642394933,6321.853858120174,6375.16991706892,4810.904051762969,4867.779702512932,4813.084482643677,4896.434798273684,4903.183634986681,4952.531164607734,4907.952779933073,5002.756643253304,5038.753737373926,5034.06211733376,5010.445126080406,5002.2388061781385,4987.135802058294,5039.383221398379,5056.692143559063,5083.946542237611,5080.277602312763,5113.244868308854,5058.280887912122,5055.838352898139,5090.931084608662,5070.451419264146,5069.212565389662,5069.846437894137,5109.151660291147,5109.634839999724,5119.997161918472
experiment_053,6172.214571949973,6165.318159631305,6153.095989956374,6144.069177488769,6141.5009468205635,4615.3081710930555,4639.773203191817,4697.369519843195,4651.7024705011345,4681.720932840515,4686.344675096878,4638.104718411934,4705.6364898376905,4709.819345507755,4766.632595723766,4739.607994055759,4766.214584259242,4813.601292635241,4845.030089294376,4878.671489519669,4904.785688255145,5013.240255941899,5040.343328226516,5085.416760625897,5101.600707173263,5241.243777911843,5275.9727066058895,5403.893008044975,5512.495380914104,5566.781903306235,5697.1412957051525,5809.709339278203
experiment_054,6172.214571949973,6239.303734039106,6296.504875929766,6359.050526643013,6422.555256948603,4936.626954147389,5044.202230740283,5073.666873964528,5174.148657644371,5202.746029367212,5237.436821262678,5285.489451028157,5339.528023862893,5355.682556392628,5393.922593654532,5429.46745116815,5476.881966231846,5580.064048118478,5638.487178625947,5664.099969298519,5720.224870356533,5762.185038295667,5819.651078014285,5825.136206005877,5889.877249906613,5970.152905727222,5969.310649915369,6025.14760921804,6092.060121909301,6158.597049762535,6206.121259137021,6245.438589263678
experiment_055,6172.214571949973,6222.7043203732865,6265.3038506532075,6310.677783496347,6362.810802610216,4997.038293051217,5025.520117061321,5115.6323804927,5098.387642892954,5134.869237285192,5244.068166691025,5241.329686847186,5305.074867579642,5274.415398775096,5290.734819983258,5306.282212980475,5400.42148979549,5360.398239936654,5337.837614009604,5422.242074336072,5423.920578659747,5443.374255918125,5486.8715338766815,5486.0092539828875,5518.199040335197,5513.6306367209345,5529.886676526291,5543.546827470813,5630.304162906885,5614.735828329638,5620.369851110534,5644.761149272562
experiment_056,6172.214571949973,6220.724869297401,6264.857678789031,6316.018546187777,6376.197696707207,4657.527536364576,4606.588568895646,4708.168124936057,4807.471762353879,4780.172425508373,4879.647926035357,4925.493200461167,4966.382538360207,5039.187574384811,5135.592750858912,5199.253095998622,5198.924778007957,5320.424848422184,5359.443368144022,5489.288554617672,5520.753723693311,5699.404009333444,5728.3658735399185,5867.080687716896,5941.414903105213,6082.3054045234485,6220.649923476617,6328.025649366695,6465.754044434696,6611.416311204679,6756.669530307543,6933.795314502182
experiment_057,6172.214571949973,6221.055466713034,6265.978059127063,6321.829172935763,6390.865388840168,4560.229244782788,4523.369790637926,4660.656269775049,4766.1231474323395,4813.518544609342,4888.805676152748,4950.723052642735,4987.7243294702,5013.358000962769,5116.937812442649,5232.305135860348,5290.703260063927,5389.022036696055,5495.957382543289,5610.251170671672,5722.039827635561,5850.716490779581,5963.764104967091,6086.784913264946,6285.695972696147,6402.411320704476,6554.914345335239,6672.065844480813,6934.544275055886,7103.2741044974,7275.958935731873,7524.329291687216
experiment_058,6172.214571949973,6244.115540263153,6310.930413189424,6382.9003370973805,6459.238369256134,4785.999910891712,4862.724330787828,4924.745335421932,4997.43895568036,5067.880040466631,5165.514707181283,5205.079534276538,5226.380420703832,5287.588518907221,5350.220092572817,5381.249520051255,5445.624422396721,5464.0439068093165,5563.602266654329,5648.756186506793,5648.120988754099,5703.726953661648,5745.677085042897,5783.181069743864,5863.082271978258,5863.580187668945,5937.516807677867,5981.39940231125,6020.553644707361,6018.849174326732,6049.736896829396,6092.442069701655
experiment_059,6172.214571949973,6171.188773829124,6164.243640320912,6163.4543387057465,6170.497356368237,4734.519099614022,4688.7041993444755,4725.623766078951,4771.628073365875,4776.30507110633,4749.352676935918,4751.867040126821,4785.099480753258,4805.698122978692,4870.228990334323,4857.249058078577,4860.895703812677,4877.74104563131,4976.981458808194,4983.450238819753,5048.454015062065,5033.54606660504,5141.190161834664,5184.8760742319355,5238.134506182358,5341.090703533119,5435.894487557909,5528.718827772489,5544.786089150823,5689.369298347052,5739.60101847091,5795.210626928447
experiment_060,6172.214571949973,6180.34430625664,6182.963058415282,6192.9820328665355,6212.787416424,4641.805462271679,4651.742813966503,4652.918524918736,4741.555025370997,4740.1824857243155,4705.131780751924,4779.523321047459,4836.937825298291,4791.110533802221,4835.345701784705,4935.009319364902,4961.988878568538,5030.54875540725,5093.085934987701,5163.113733906096,5185.206282102283,5362.985738610321,5416.48749539848,5482.3057281089095,5559.084315615992,5678.791200490443,5775.826739224637,5961.564486540107,6014.499585825841,6148.0783665760955,6299.9423091557655,6443.575105871394
experiment_061,6172.214571949973,6226.615100806803,6274.9794042729045,6325.552915790168,6381.581805871394,4938.028918305085,4903.722587849052,4998.929209782764,5042.141109653963,5106.504684027097,5155.442441070442,5110.025694088428,5168.685688792617,5196.286148965048,5228.758174562185,5235.384893117092,5306.717768181571,5333.693040648994,5355.834528912987,5364.903539207067,5469.792723130637,5445.969213557288,5526.206917147913,5532.219757890323,5607.064454445245,5584.6775619328855,5653.706029936828,5677.323095699967,5679.718161644454,5764.670380113092,5783.059799404569,5808.311692406465
experiment_062,6172.214571949973,6203.153827681837,6228.463217494167,6256.678999736099,6290.148227353917,4536.233732927893,4484.4674328701585,4532.848126538978,4638.451720532674,4597.568075181268,4575.807530680266,4663.150407524372,4650.753250890271,4663.224452917359,4658.956919683024,4702.215600612579,4647.942761313282,4648.275518149954,4738.008189804677,4716.968596712552,4727.671826630895,4735.374025735941,4782.131898103065,4746.901817076696,4780.2033923134095,4773.131919773779,4762.066696662094,4760.2136295903,4807.68161179036,4820.761372551093,4835.416624009149,4796.801904778835
experiment_063,6172.214571949973,6195.18586647881,6215.702899633139,6237.499977657212,6267.357413132988,4628.532704251048,4692.0218943528735,4643.152227434168,4684.072077955541,4702.735280750284,4703.427334989161,4746.78952710856,4703.971650220082,4734.473449822761,4808.07683077057,4785.766405409177,4811.849195615155,4818.791060747415,4828.821385673226,4839.369634016213,4810.638672355183,4910.404922215171,4929.196398228323,4937.247087562328,4958.228611507155,4946.1448643529875,4993.550226951199,5001.299619610827,5055.799649457101,5045.598032184187,5112.9395387797895,5104.021648389015
experiment_064,6172.214571949973,6174.861650409855,6175.946135020446,6180.610615787107,6185.485467750677,4753.73020575476,4772.903665326536,4838.5507062768365,4846.093624215133,4838.750734944473,4848.045012219737,4795.907964680537,4940.7615355171165,4911.28784367897,4910.1333341950885,4931.091196365693,4900.96931189757,4925.971477359897,5021.478861438001,5073.825171925112,5118.457278537059,5147.4079105868595,5169.753180561671,5300.053533375794,5328.946366772103,5359.465255214874,5429.708558259117,5559.171812327482,5563.84838259294,5679.371094480644,5761.935464758808,5862.212602936209
experiment_065,6172.214571949973,6164.1947591793,6153.09326155224,6152.6080556164,6165.243942364908,4482.052758237817,4491.24070189627,4453.133411342117,4569.244328872839,4582.204348489859,4563.55129104697,4593.77470676602,4658.414448520363,4761.508916154453,4787.7873243871945,4788.009296100603,4908.156858143554,4935.921466967352,5096.84299135639,5155.04257589189,5282.5040221024365,5382.237337906637,5485.069476995057,5683.021572303131,5834.295018110406,5932.393989068241,6114.127944498081,6296.17738992227,6567.477544245528,6785.871289531253,7072.970232818823,7318.040083350674
experiment_066,6172.214571949973,6153.9636190613055,6133.4988417924305,6127.229598257341,6136.684971954395,4386.743775175958,4370.696013939856,4461.722369421934,4471.62301726975,4473.982766490123,4445.607361657823,4507.717088090008,4518.641742095568,4628.903348246911,4652.683259900543,4680.939866481952,4793.33007438747,4854.72437495218,4992.478078498864,5113.295127297446,5203.244696867305,5361.319735314629,5487.319336245394,5679.347571456656,5840.765341726992,6044.294720481519,6208.727861824151,6476.704249456923,6769.071444525591,6931.647152826514,7176.481323628115,7488.142263671627
experiment_067,6172.214571949973,6123.38927988391,6079.231062165357,6052.338879000951,6045.382466663843,4254.348097995279,4271.000554439116,4285.682107305585,4376.4599386572,4310.753320095707,4482.135201041509,4395.2264329012005,4448.049466648957,4523.593070094362,4576.520115759453,4692.489734253122,4760.753811597744,4855.397893233843,4944.732186894576,5101.599995702165,5291.06373015569,5404.851967413673,5597.413034375599,5810.641150356156,6068.460371020517,6291.199190738882,6589.786585412585,6895.564330213529,7277.383737973742,7606.295045945976,7998.724123545797,8447.153320057136
experiment_068,6172.214571949973,6186.444510756859,6201.134120614334,6221.286126425355,6248.167487842491,4861.715877328847,4847.860839536582,4869.184191422221,4905.220063896373,4902.034515017437,4987.562461175084,5102.91865361139,5090.572935706328,5163.33474775037,5217.713588589527,5270.796712926138,5294.836272740981,5387.171440487735,5473.437834408245,5486.346316431201,5630.377483804456,5688.465193373455,5822.498072249153,5929.80486235327,6015.690064291568,6117.441020547702,6193.343331294952,6403.757923139885,6514.012166097815,6687.450814413536,6771.654765001975,6915.629299795039
experiment_069,6172.214571949973,6124.3564245830785,6081.042667917913,6048.486222162843,6033.514607294934,4537.249084575768,4488.491533889674,4478.166944891527,4512.31025605183,4454.794797211691,4512.090910865369,4557.042620502991,4588.629966480256,4705.956118559796,4719.018781553187,4730.545186388215,4805.625250229851,4888.703315610534,5016.824074078332,5093.023019367749,5184.142297544852,5334.758450000798,5474.282898615318,5613.292900756017,5756.952970975399,5899.682869769945,6116.823870723012,6375.745187721867,6557.5014192243425,6841.302975072425,7066.586698911373,7363.107866746654
experiment_070,6172.214571949973,6168.533109841734,6160.812403414913,6163.148022693897,6178.050773157527,4425.048678509369,4389.090236334403,4483.8863003800525,4432.159130485075,4453.282430011304,4543.577170454967,4588.10525165885,4600.72232246266,4614.867808799433,4675.070248003311,4766.808097764369,4838.565837371828,4875.9739148246135,5006.666765082294,5141.722348225523,5274.249841496844,5396.486964128208,5552.387277519125,5690.569975723789,5886.395014301363,6061.43466603576,6297.094533993198,6560.113120973493,6782.389217133235,7077.360470386189,7329.299391417229,7659.854853917772
experiment_071,6172.214571949973,6266.725476570691,6351.00795003223,6435.074868803233,6521.139286143393,4837.9582999960185,4979.498661279492,4905.2321445290145,5042.055267104387,5160.571476209597,5188.261531790058,5218.467358695067,5272.595814915589,5305.303043235912,5344.561883591336,5416.529154981872,5394.173358291135,5490.618963442794,5495.870785640621,5536.913811673385,5580.537076225568,5618.971427760207,5676.9456480974,5709.164845690887,5752.030942241103,5790.677025702174,5762.356550860891,5849.966077075822,5891.224816913247,5936.813430406974,5943.175243063152,5956.987594584295
experiment_072,6172.214571949973,6140.126871981702,6106.027668724151,6085.976617048167,6082.710139596102,4349.167120779716,4284.0134798324625,4338.5474573654465,4402.710117774907,4302.433145669678,4417.2532173776135,4393.849834269835,4403.791411315748,4402.596884086302,4469.684906606984,4426.350274562792,4508.184952180462,4629.423581691915,4722.871605671476,4752.39201027759,4833.597430037699,4948.8600050627465,5057.248659651887,5179.692170875449,5268.491003419997,5394.378188233328,5523.825466407958,5717.711924291008,5900.253042202675,6067.34987488802,6298.065707798834,6547.446671859831
experiment_073,6172.214571949973,6178.6070071610575,6188.258025456674,6201.856237753653,6222.677636030345,4775.142529984412,4718.640880516693,4762.335618809938,4834.171588009151,4847.701075971588,4746.914230212697,4822.945605739798,4863.946329742999,4903.715765408355,5043.775073515859,4980.3638767955235,5081.2919703222215,5099.045644785088,5126.304756645665,5193.975747062055,5245.014606413897,5235.512813430218,5365.158531272686,5382.297860966193,5466.908833273419,5491.950242206345,5517.989173724577,5634.4758188901515,5659.339781499637,5735.828558676021,5810.1957227822695,5876.3071922193485
experiment_074,6172.214571949973,6148.5769145755385,6122.213389557255,6108.8177955081665,6111.61196616851,4358.51708290145,4317.237776173713,4348.536068231497,4438.177202640859,4438.446528346134,4449.798678624717,4467.469626657239,4535.85719063187,4434.267630723086,4547.331534345028,4575.105569434294,4689.266159723042,4793.68703717705,4851.9280230419035,4934.155627730817,5059.597666635098,5226.786398850627,5350.50043251315,5511.559319357917,5732.729899796744,5941.192210143126,6178.112160901355,6457.814825138708,6774.4218349086095,7077.495937534566,7435.973076743753,7792.952020876782
experiment_075,6172.214571949973,6174.385850218969,6170.812615587331,6171.316411004709,6183.034961486198,4557.924091732685,4574.829395569383,4538.478798446899,4585.608661029717,4581.676727349025,4563.760027785558,4551.818504991772,4635.818534042052,4601.597052894507,4638.748282110184,4636.933289081598,4608.614916154426,4627.509125850548,4695.332805242445,4657.942788336346,4665.380541100296,4743.335644514924,4782.204934073614,4805.722446621907,4851.636190276904,4892.347815444035,4907.004272917968,4979.332862753068,5069.564050918413,5109.406908708981,5213.50063855618,5300.185002802267
experiment_076,6172.214571949973,6164.613164032425,6151.118981800786,6147.167939098226,6154.913611832525,4592.699396646605,4559.236841036266,4595.072462629276,4606.223297370136,4658.44372203152,4688.987389400607,4657.473754457488,4648.766660324145,4730.746143050086,4763.847661681539,4822.89261005801,4799.219354579656,4870.642848629647,4877.720509632272,4965.502019050762,5053.2246579481925,5040.326205407235,5124.475188999915,5233.6580378380395,5315.740492023226,5341.761739729218,5462.68809736193,5515.214027473626,5642.604401006771,5782.780447596979,5863.155578730559,5957.462224893675
experiment_077,6172.214571949973,6285.920398213042,6387.323006833434,6488.7153902385235,6594.392810191541,4892.066969873338,4862.53483072263,5018.4005025406095,5090.5162089433115,5102.963632696951,5146.202993670074,5222.994806096334,5231.55553301046,5378.274037411178,5370.80699997814,5443.742296030347,5502.226728782989,5488.462460141007,5532.701295308433,5599.861175262884,5620.815003909297,5702.516142023473,5711.184139315087,5749.413530514268,5801.846286774775,5842.589141990617,5852.946086661352,5932.25802567216,5916.115960786836,6021.538194623756,6012.261261264404,6056.0720851792485
experiment_078,6172.214571949973,6234.452774876855,6292.800364839012,6353.665013648408,6420.2764713213455,4648.7432743224945,4692.6893860817745,4731.399594755834,4760.606313471957,4830.72270781351,4879.225782529588,4887.945489842783,4998.82708506247,5012.143394457488,5125.155852266423,5141.839171502414,5196.065151876126,5249.984807960029,5397.22623714155,5461.125618674145,5546.160056091814,5632.308777714328,5707.577517467067,5850.488186986704,5956.68865034163,6044.918520732357,6176.665799730113,6301.801844339016,6417.223510342406,6579.696285393955,6763.266339958851,6913.0060693102605
experiment_079,6172.214571949973,6154.9136477933425,6133.259723294818,6120.006800632824,6117.073735156731,4436.588093602087,4352.138553757011,4432.500012647137,4457.341025739691,4448.371032443477,4542.891106692903,4466.532910636995,4548.222129419916,4451.318589253417,4529.520294028693,4546.402477279393,4672.440580724454,4578.312725195128,4738.065619868894,4788.258595843259,4717.755985184565,4805.163359603348,4878.471441274217,4923.791814330957,5026.921450843825,5098.1581510892465,5154.352663375041,5266.743415368762,5304.095075830622,5409.404542147501,5467.693196209046,5662.512135665664
experiment_080,6172.214571949973,6193.35129652559,6215.685752180527,6238.868595459819,6262.743258189403,4716.842257865572,4760.809655593649,4836.969432722843,4854.072349647561,4867.633534033063,4913.455734599012,4820.957067903833,4900.749258184513,4960.323141751838,4907.342038780935,5025.428348179499,4985.918561283776,5087.831095205516,5102.3826829168165,5044.01935753971,5145.355639488947,5167.332827195057,5206.0777603238475,5252.149642580349,5255.284016632493,5342.574555743648,5388.347499040475,5445.337296480581,5470.403799672403,5569.420270904312,5632.017911990593,5688.641702870679
experiment_081,6172.214571949973,6115.067557524044,6057.730132071909,6017.250829565784,5986.716682027712,4393.898281300979,4338.877572705973,4327.092555467405,4341.570163999213,4278.873696090663,4364.474546920066,4392.219449735207,4437.243461560904,4426.220990469677,4465.898673478187,4373.94671838002,4481.379262518032,4455.405590261835,4675.622550001335,4623.609004074915,4700.2588721849825,4855.157945172881,4858.628257707108,4907.68044063118,5071.343715981359,5186.387451895461,5323.818258242308,5435.99870701107,5593.392424906888,5750.3544179176515,5907.578631879051,6080.279155511949
experiment_082,6172.214571949973,6238.989732137258,6299.772072715039,6364.825771876451,6431.447194985697,4940.437558557704,4947.621651352856,4994.348364449562,5127.299961353352,5127.331111264568,5194.927897345626,5288.670242158974,5357.207469394278,5373.358255007304,5398.201820987997,5499.334917598544,5579.617501973309,5634.047852977752,5756.945244017122,5799.781282412991,5910.5992136701425,5965.844338825474,6022.124009966683,6119.127175746947,6215.4356934764855,6261.772007688572,6479.476835157143,6480.352078817617,6595.0499530079305,6729.45591677385,6823.313844167296,6911.380764596483
experiment_083,6172.214571949973,6196.340510884574,6217.45399435471,6246.401568553822,6284.651113289143,4971.364979881626,4970.858042151111,5000.108513409202,5090.827366465088,5056.441420737576,5135.951596557326,5153.4454037930545,5258.703103481536,5336.777948489838,5348.98705809184,5423.297511529759,5489.961170933571,5549.779470189392,5652.250000909469,5740.588178655547,5809.925417325043,5945.969770321132,6017.0286697846,6137.261997644266,6259.44330098741,6363.021520593784,6488.569340461672,6556.089629779328,6708.026826145005,6857.924737952141,6955.706577457432,7107.176123627085
experiment_084,6172.214571949973,6241.309147076805,6305.971774539697,6375.009453899903,6449.251814308047,4770.795371001405,4863.614304993844,4863.316185616081,4959.866814706462,5006.002342644269,5080.628578349031,5144.021797568066,5162.384365696355,5217.6455177799735,5275.986195405196,5335.657468334039,5405.3342751215605,5471.395191736676,5570.371754957583,5699.819774301757,5688.089534344454,5805.889913356066,5895.672629540537,5963.91991353921,6107.5186908222595,6176.5687474882725,6303.118958507128,6456.280812216417,6543.554032392607,6688.601272832438,6752.504284287464,6996.72077028743
experiment_085,6172.214571949973,6222.7707820615615,6269.18678532712,6325.858129036931,6395.632813649621,4740.567009060249,4859.119469577823,4923.487965545115,4947.348280118511,5017.3965013073175,5097.742691345604,5174.663281857877,5250.141526425313,5317.861311217294,5425.751488300988,5548.849302087081,5561.840133804153,5626.384668679613,5764.202646321723,5810.910594327385,5924.486851312657,6034.229433874383,6135.724902278637,6233.947873398845,6361.445880860639,6421.027328260536,6571.715899721332,6623.169456892758,6734.865390649329,6828.046407362854,6935.352143031302,7089.460918597651
experiment_086,6172.214571949973,6224.7615960291005,6272.139699197371,6330.019500360775,6401.143362060652,4562.777946869422,4593.7624463769,4646.791497614564,4826.826620738133,4831.455726654302,4895.215469847438,5032.240525560965,5043.3382761991725,5204.368392163169,5296.406717432266,5463.523504122752,5587.273496721811,5707.462456066464,5897.538215008424,6056.752229428952,6361.93453388458,6510.314900389552,6755.102286949068,7015.6349246429345,7272.030103961579,7609.957565088491,7948.533818455673,8278.565686826483,8659.59685856914,9051.297644323437,9492.295582334855,9901.95158443787
experiment_087,6172.214571949973,6243.932446809289,6310.299672185636,6379.971447559219,6453.481498042707,4732.496299185963,4774.117759502172,4812.656769464863,4918.273376310977,5007.271823651461,4975.471540630361,5154.443579104868,5120.551254827586,5233.341839587894,5211.699598428727,5319.490242590504,5334.709355038263,5449.55151457792,5413.944787636367,5521.207246427326,5580.775398467607,5667.59402842823,5687.421696968566,5747.857518716455,5831.17723494784,5864.502214754886,5908.651354584588,5991.948100397145,6006.851545679224,6055.008481678014,6119.2214200766,6150.047285879174
experiment_088,6172.214571949973,6171.127222464886,6165.7608917508605,6165.0272458650525,6170.076926934349,4816.19107224946,4712.29207069385,4693.570286039429,4863.796125049823,4741.450619852897,4846.57162433767,4849.186741007742,4850.147304455064,4904.993658796545,4912.3806964476535,4935.416522631032,4992.592723314581,5020.2435079508705,5150.0798096206,5106.370866722601,5249.004009373209,5286.731448409319,5384.87751753366,5393.065920408553,5471.204752068739,5599.157220855837,5702.529987137357,5778.54974084615,5876.874061064473,6000.463973966701,6128.106611347825,6281.425257945233
experiment_089,6172.214571949973,6217.420159564399,6257.869257585505,6304.173204945068,6359.41748510087,4785.174410723466,4819.865393844139,4858.337328314958,4936.453358784578,5030.3401456362535,5028.004188280649,5032.981313423124,5153.469760125043,5186.249860714499,5264.287009855684,5279.724505994485,5369.6504446233175,5430.571004102278,5546.087058974166,5600.9505154699855,5659.2265504585575,5746.838199605931,5873.374911059118,5892.918140774085,6036.82603724461,6082.225760088755,6194.4050469841095,6316.5011359426735,6425.60745853729,6513.322295047434,6576.91176274845,6743.929506436005
experiment_090,6172.214571949973,6219.305484004499,6258.6138557882605,6303.504079917937,6356.735222168276,4792.246991582514,4843.760019974641,4868.322919011285,4935.4653269755045,4947.501414358271,4990.517711162105,4996.895043365197,5014.554344211292,5065.774220212771,5074.068679583992,5109.105112886124,5143.035413806096,5213.930668894147,5257.55270037988,5243.134515090061,5345.013929377732,5292.163528894241,5346.001328958853,5434.432709037469,5397.245906651549,5444.8571262408805,5552.737702529237,5585.134147740268,5654.94127823833,5648.354869944464,5712.11792692024,5749.130309974517
experiment_091,6172.214571949973,6278.40142079125,6377.248710435978,6476.21331258624,6575.492825750027,5027.492680996133,5074.744284418221,5166.453891755273,5224.741487343956,5365.109303188907,5393.111778065679,5459.040062283765,5530.4179089860445,5596.2932396955375,5707.730546714128,5746.299089824728,5805.47511117913,5830.07779934737,5916.934732813748,5943.8243779115,6024.085750916589,6061.184799441758,6187.762041844599,6266.493658689727,6285.738678315596,6340.613828631685,6414.091348526596,6502.774291612272,6567.143907849522,6655.357009579069,6736.619087691433,6812.917372350426
experiment_092,6172.214571949973,6243.858361784914,6310.768426708615,6384.739294263623,6464.0777168057875,4766.76165279061,4881.3702072368615,4925.9110494723445,5046.978883988664,5151.625849691498,5214.772486784383,5242.683528907368,5295.700599879165,5406.471503619974,5498.697022937189,5542.675121419076,5561.255213139839,5705.173803905303,5757.535563705364,5860.961367265041,5869.635983193991,5964.457312843166,6062.762370471732,6044.11152872539,6193.582284672766,6228.439247750424,6249.011741294904,6379.259390056978,6367.622404998479,6469.669746192205,6470.17873855475,6494.038295559989
experiment_093,6172.214571949973,6227.679589199601,6281.494306104954,6344.868928719722,6420.172391876637,4608.647504523831,4701.17156370031,4735.419008952202,4860.9677542063455,4946.491539057864,4993.809168289663,5058.544549366246,5139.888718657094,5308.275276423459,5332.446582162203,5515.995966857337,5602.025801330632,5690.621124365941,5813.161361297014,5925.920736425613,6081.429906346379,6193.87065400838,6350.669179905084,6493.778934769103,6651.828752750858,6885.238604987124,7019.088853279759,7258.085737810117,7416.922507668899,7675.661145465594,7867.908608348105,8095.187499396181
experiment_094,6172.214571949973,6224.983879805568,6273.298824945351,6328.119270099998,6387.544155709239,4989.809108686726,5070.654110916081,5160.145240992803,5263.476282489242,5269.038775519604,5382.1340966030475,5396.62399659694,5443.39587490888,5467.996471540599,5522.3397726957155,5620.874544221049,5697.791866628218,5734.835239350921,5815.802451488997,5864.166515207537,5945.149485978152,5984.9655756284355,6050.71373321377,6142.485956651202,6240.94519354213,6282.893108874783,6289.172247897676,6398.955103635791,6433.143062000667,6476.538576691665,6540.692685278584,6621.605197676034
experiment_095,6172.214571949973,6223.957528089923,6272.364407911268,6330.897902461231,6401.666981379123,4546.138356934711,4522.461862724318,4551.815379667443,4632.463191617756,4710.141399353148,4808.271373479918,4769.786267767995,4874.142215228012,4991.121877840113,4994.909000405919,5137.988701797617,5162.0314457485965,5290.865321995523,5366.168742016425,5452.484617489349,5560.6685579984905,5731.861524098542,5822.109152690604,5902.73749468914,6094.923184030118,6191.460013730539,6370.873694246422,6591.7907314801905,6757.330316418257,6919.940554139776,7113.062040639663,7309.612489825384
experiment_096,6172.214571949973,6173.996600269986,6170.503182938917,6169.642589529825,6175.203867616965,4406.7554300734755,4433.973890458414,4432.2966791302015,4439.812450470671,4447.199377374753,4492.046935205277,4487.013314620494,4463.2184022179335,4447.828811546418,4461.4019607923465,4460.824744642641,4473.890357200857,4481.783696466259,4550.010860178167,4544.666976048425,4666.501136977549,4613.805795039419,4673.8701134373805,4711.995336398404,4699.960201618578,4857.646331417424,4900.218641352912,4901.1311540026545,4994.9967592826415,5089.396865283559,5120.4038563098065,5237.508179001756
experiment_097,6172.214571949973,6273.823711263618,6370.243215973314,6471.089316615831,6582.196454467932,4792.663253575953,4866.820696410618,4924.977583562573,5106.902929364338,5203.041946057905,5352.246561302147,5466.420907295118,5513.317621241386,5673.490558397109,5724.422576051253,5825.292241551251,5988.462594638126,6135.874303814495,6242.549125853479,6416.131277103815,6513.387767201994,6657.402554697626,6832.462730874917,6976.289324695685,7189.3493765906605,7356.587495719048,7539.750953377743,7762.949188103181,7935.988448460015,8173.78298826224,8397.612015070352,8642.96116518205
experiment_098,6172.214571949973,6206.271940084145,6236.6233060190525,6275.514687483608,6323.7524548648125,4854.71749414826,4842.529066410921,5000.275320525057,4974.593457453176,4998.797817767879,5060.506535764136,5105.522770040587,5196.714095557606,5251.23737031119,5317.7203917273155,5367.761460646845,5384.613034961676,5472.567187514147,5577.560978230814,5612.751852206102,5726.346167918861,5805.699246236697,5932.278803475298,6018.1662318677745,6060.146547844061,6161.961482139148,6292.336596176314,6426.012526794673,6535.992431442557,6668.845688331185,6812.445449621768,6890.947192783986
experiment_099,6172.214571949973,6117.202422146493,6065.057263603907,6032.432428851412,6015.993749090745,4276.933059118051,4193.900341251214,4279.399875319917,4301.028092207749,4266.180195108489,4251.164111282056,4300.016400829037,4320.072735052288,4377.966940583847,4480.865793696669,4488.294109961114,4517.775276142313,4584.070410704571,4682.340593870845,4844.955324186645,4902.713538389118,5004.774203069339,5135.187251741695,5291.444997883343,5447.443378060096,5640.0030223986505,5875.77662542915,6003.020379941239,6278.692476904824,6545.969293019091,6759.520402288994,7113.47172686581
experiment_100,6172.214571949973,6210.173954001214,6243.732145372305,6276.19752105491,6314.38788932676,4851.567183292676,4954.034636567292,4989.856075002271,5060.5039827705,5003.796623211402,5105.419892265078,5076.633973156558,5076.087473110568,5090.8097700549115,5142.713482883107,5111.491467880207,5161.9627115070925,5114.466015029659,5155.850773006224,5178.247097270789,5175.407743407735,5139.045829621323,5177.261845691086,5094.691376959254,5168.609155785154,5113.373983256337,5115.8758626914605,5149.938550821469,5108.658577777111,5087.138027386177,5069.557989565527,5145.92715813617
experiment_101,6172.214571949973,6199.149761434997,6218.614601923398,6244.853329346185,6281.047120428468,4604.45004973351,4567.383711790433,4697.974450142568,4648.70339682701,4680.315101358059,4672.835132424396,4700.471262502434,4739.539986141167,4762.277441965105,4812.867251485279,4807.71945248532,4922.643005163076,4938.537062411525,5005.088504968666,5016.375606382253,5103.56263599936,5164.507355178109,5178.76157560807,5274.988738555811,5305.248144881671,5335.168190988999,5447.4609412210575,5553.446573919198,5583.9418197347495,5642.693059572137,5808.590101379157,5897.643709057729
experiment_102,6172.214571949973,6171.243505288602,6167.324153486037,6175.673498844815,6199.5214203579635,4605.619041986864,4603.80440704189,4665.769869704705,4711.153996798552,4743.876453777613,4726.477467073224,4837.562541591392,4963.869474487901,4996.4983798498815,5050.525195797069,5142.00326157249,5241.776357169416,5304.424185291095,5403.868634243014,5507.506767307224,5666.819940926625,5737.918455838491,5957.751999178894,6029.295054288936,6244.016452844586,6404.6421617989545,6556.914827718038,6751.964665192017,6900.587173341726,7085.09382635136,7329.885489842416,7518.283750919376
experiment_103,6172.214571949973,6201.250039638848,6228.102080542036,6267.076340791647,6321.8948671059115,4624.40174493919,4643.853234062069,4720.9699576763105,4875.021505571816,4914.09984045683,4936.288252987873,4977.548880834111,5080.723359111878,5178.002087871974,5262.996336520999,5423.601890278947,5466.316899407068,5590.342919695495,5669.054651117403,5812.516597075188,5952.913065111374,6141.450570695281,6282.798466289968,6470.027242987141,6645.484564564251,6867.153343584621,7108.370665997624,7297.329846196697,7563.065370408656,7784.763097500571,8047.017416383329,8322.423580566712
experiment_104,6172.214571949973,6211.85656770995,6250.2785698669595,6292.252556355888,6341.685797969765,4921.455277367898,4957.704467449963,4998.756945173933,5091.990994524731,5125.32903066335,5170.14693384473,5214.854794422613,5237.321475016173,5309.657756163162,5359.179147335179,5371.401791718408,5444.0147223360655,5520.346879043272,5544.957573906917,5630.639741059593,5700.953148815911,5736.154881757847,5836.50754535493,5900.730244088065,5956.821010982012,6024.263998596668,6140.671679939583,6229.205859340398,6335.706170114019,6422.443768034435,6500.5324528807905,6609.4209446633995
experiment_105,6172.214571949973,6204.838133192505,6242.222910069398,6290.743024836072,6355.407897447724,4737.7048370895745,4795.152383711934,4811.854710817864,4938.029262326745,5043.157298898392,5144.408380856639,5173.610582085679,5319.9554080172475,5443.97845083685,5535.03130883033,5634.285153885757,5780.128216869254,5945.885839292059,6099.518127798374,6195.596829706975,6395.60928036796,6514.141213883026,6694.585672442156,6875.282961500517,7058.438341269673,7236.704997883582,7417.790775323376,7613.531521854175,7829.589389851527,8045.307299172388,8238.472167319902,8450.917314149101
experiment_106,6172.214571949973,6169.892346613389,6162.43147294122,6158.8348745452495,6162.323953968182,4611.202349071245,4636.416526431754,4709.62135451289,4771.825304890688,4747.400724730056,4699.485702631133,4674.04088634212,4699.979826351554,4758.6104680471035,4755.4330997448,4722.893108458799,4744.008705207449,4809.646281283984,4787.453846216681,4791.473818987848,4818.961511151719,4876.669267446041,4918.094775709998,4961.795127313583,4969.3704917676705,5069.69633200208,5131.849753343193,5142.11041992181,5210.199629445973,5277.520464013038,5343.242577322704,5432.968009257628
experiment_107,6172.214571949973,6229.500048073809,6281.135267133644,6336.683552008937,6398.876564109048,4930.178184813749,4898.34804250641,4994.848705943901,5019.5167331529865,5038.010682465962,5100.2015690929475,5144.78551678357,5189.023946032986,5180.887073561629,5308.110104136305,5292.435035881849,5339.698166235414,5382.096835197943,5453.081452204764,5507.587474155129,5512.951565734416,5549.260809649373,5598.635446258749,5603.755728919311,5691.115358241364,5696.558776886834,5770.799180878299,5755.587982777715,5818.687254242266,5835.534819971112,5883.4724431576105,5913.413117936223
experiment_108,6172.214571949973,6236.692491220865,6292.85087867467,6352.528328268297,6410.39973963784,5010.662054382681,5051.4526598319735,5076.666919416515,5125.031256492639,5214.256225386858,5282.384056625566,5264.989137136434,5292.803138543194,5378.748768958536,5360.338233580385,5400.489904876251,5395.3518046762165,5465.845438960403,5515.43955660723,5502.1568887893945,5513.585611032753,5563.683503209881,5565.5717958037585,5585.069332961785,5621.9436863315805,5633.147834246827,5667.114089783264,5643.2930115685085,5663.949969856533,5680.0564915060395,5682.941420231499,5670.873313584745
experiment_109,6172.214571949973,6231.629021449055,6276.565993728031,6321.114264878213,6368.849479876428,4827.079140048315,4882.874514988267,4889.309633747445,4852.494344841257,4903.673691255821,4889.848497919311,4853.377684860003,4878.287176326735,4864.105325242208,4865.8284968990065,4829.750156250717,4810.72650332126,4849.503547039769,4836.097870072154,4780.487556300276,4761.643538435788,4721.653106902092,4778.6609432792475,4784.818591081291,4819.364596086643,4772.292312793705,4759.227536880448,4752.799561801848,4730.7788863640435,4741.645980474042,4738.727869172117,4721.654119169167
experiment_110,6172.214571949973,6236.696576087814,6295.968761523429,6364.473285506216,6443.541613025305,4554.389523943508,4607.2705122036905,4706.879698235197,4807.974799316487,4921.141405461094,4920.980885020472,5033.2264268837225,5026.8080968404665,5135.247266569848,5214.96895887973,5322.356330128072,5345.0828149762465,5473.360827112783,5510.230467094265,5636.255699419883,5649.2855822460315,5773.280825474189,5906.516244929281,5957.048337833678,6111.048346480307,6142.826001645726,6280.8711915648455,6391.864722018646,6466.8001553064805,6608.644091091077,6655.822744145386,6840.383384560839
experiment_111,6172.214571949973,6252.873278028159,6324.611070030182,6397.282599301679,6472.145561051758,4659.982643616746,4576.806450994065,4592.469556761491,4767.035432156517,4785.997532573072,4785.598574810543,4837.26763917146,4882.42418855342,4889.9350555550245,4974.09042433386,5017.197931798614,4974.349489301838,5075.972323457105,5111.210289848485,5131.149462439577,5226.3663435603285,5237.862312218673,5343.86007016353,5429.4825912679735,5496.327817030805,5564.287617031837,5639.427275173897,5693.949252927743,5798.597433815554,5928.3742165962485,5914.9578335638,6038.907760936327
experiment_112,6172.214571949973,6236.045348704421,6291.585007101073,6349.664171718956,6408.140400397527,5059.654293849921,5085.863096334369,5112.804502055338,5131.896772558635,5244.460100743436,5209.544187005812,5304.54362643037,5354.562583623776,5382.442913558072,5396.2369910078405,5443.99224736829,5454.54344509821,5454.089960167368,5521.885601055403,5573.919017421622,5594.483703485206,5675.981449653842,5681.4389608531455,5751.132817374753,5774.268559710132,5850.58880193012,5864.182234204846,5943.37578209843,5972.807752793297,6004.872505403786,6072.673928243055,6138.402839430793
experiment_113,6172.214571949973,6234.259705476444,6288.702289119225,6346.469955137482,6411.137758739114,4694.1507495798705,4748.17962575019,4800.7396508702905,4884.670371165478,4912.485321724329,4940.13958365975,4942.96816704648,4988.558707014832,5039.459845916646,5060.478233984377,5093.369276102168,5131.044389613847,5141.450351542269,5159.08173435293,5148.015483777895,5211.3722000803355,5258.1189008144065,5274.147504532278,5304.13833077422,5315.246445513275,5355.986669995413,5360.71456615889,5418.079331622208,5544.406986629263,5498.014732616756,5542.911864091417,5563.589476826479
experiment_114,6172.214571949973,6279.8580476366915,6376.684924169198,6470.70172843639,6568.839286181452,5141.190422062017,5275.563165340667,5226.468413396118,5363.029174704282,5438.1002967768145,5433.76208683345,5508.246736031237,5549.288437226531,5511.513524485637,5584.702318026925,5583.1649886462355,5589.127333914617,5601.260005011367,5640.912103308203,5665.893168767547,5607.2424656032745,5575.8103433530105,5640.605598457558,5582.509453894175,5567.540825201904,5544.156244136601,5485.560522383581,5514.168998856812,5471.910157195956,5485.947864123565,5339.77793680447,5333.679269827893
experiment_115,6172.214571949973,6274.4988748831,6361.087314871487,6446.871993158664,6533.07275918389,4678.949433410036,4755.913176758659,4789.408268184941,4795.614454416064,4800.590687255562,4864.466540339279,4837.799394067484,4873.6577068901215,4928.235588488626,4957.42811129462,4923.288676053942,4874.8117454997355,4911.893342190745,4878.991613711624,4853.24885176108,4873.841737663804,4824.081350447406,4907.31510804962,4844.719446880215,4820.044716104767,4736.994991064212,4753.429000553755,4774.83732509628,4655.331510864829,4735.866107242368,4633.614589581797,4602.625200626308
experiment_116,6172.214571949973,6163.367351313365,6154.750181643032,6157.390764440141,6172.605033655398,4270.913965000404,4372.520680116013,4378.301437535835,4322.954977533745,4403.277432313465,4416.36393424724,4364.596679019627,4473.407479357503,4408.433919655096,4541.448594260906,4624.378532956202,4566.954126596167,4653.876740334283,4674.945007213082,4765.078657406097,4790.0823803372705,4906.612397723276,4917.583795032611,5085.708381932233,5143.053180371399,5278.313505488411,5295.310936075564,5476.725345304878,5587.629696336788,5727.352474617291,5879.50472862359,6035.68872827972
experiment_117,6172.214571949973,6207.356522144118,6244.740800288209,6282.772567606407,6323.955912084544,4783.878731213716,4798.21856288745,4818.059186738362,4929.093320011704,4918.920239440989,4970.260518018242,5035.20660329857,5069.669051589624,5087.299653922427,5148.604039003825,5224.273640279547,5269.974891290076,5332.595695432056,5420.367297376155,5451.7106371876,5589.65140010122,5630.75108893635,5762.304951157605,5862.774127788853,5959.788548857938,6032.675817459666,6171.509895719011,6295.903382349963,6368.339028752562,6506.117639595106,6598.942991197635,6721.472852932424
experiment_118,6172.214571949973,6219.117653359675,6264.076157301715,6314.414117017559,6372.705557400679,4909.430301545175,4867.640953408023,4935.263315712169,5087.849988732181,5085.944458445154,5187.361239224523,5219.177196438601,5210.892832773077,5281.233395090132,5343.345916005411,5426.425779897702,5484.688154247523,5552.592774118768,5653.497397834777,5765.405329442367,5790.669869688104,5866.271692304885,5964.518014127596,6008.455350568905,6095.319924498077,6211.833525678592,6309.849687240771,6400.128360415572,6464.438815816088,6537.531479065748,6667.799210788358,6760.290970282843
experiment_119,6172.214571949973,6153.528540549338,6133.036560597333,6122.571317806862,6123.844940630017,4602.914072862817,4633.830354911301,4617.224074669806,4632.911185958188,4655.074712744496,4640.967848435109,4775.787542596817,4760.589182064873,4772.456912893258,4792.3358619884275,4927.978487857876,4884.594546827085,4974.318460371209,4990.312121598781,5128.774681404258,5195.539379210188,5225.669901974301,5328.681950646378,5449.64982037956,5582.306677919354,5693.965764718969,5797.560897247273,5875.8656288278,6020.395799601181,6184.505354319761,6334.858094380972,6483.856416932543
experiment_120,6172.214571949973,6185.605905810129,6197.5629944302145,6216.134680743486,6245.232118487862,4562.725783330678,4559.59295062557,4631.925583383232,4693.264633663002,4754.289227947635,4774.9394118275695,4746.241431264959,4854.685242704991,4931.501282156447,4977.4438510389655,5013.319307571144,5069.395346718169,5179.776001916553,5293.856185992001,5354.091516488865,5430.518691414767,5532.968371154309,5628.40905171928,5757.524115185824,5885.477742830042,6027.114256048251,6140.880894765267,6264.157104861897,6420.769646038963,6538.654800197126,6691.873414917363,6863.288792994961
experiment_121,6172.214571949973,6200.599747517459,6227.763826701264,6259.949564394652,6302.582904231609,4944.829176953157,4915.681473049723,4933.277444070186,5074.996286720996,5124.759934312495,5124.318408774894,5195.544501229244,5232.480280494397,5289.299693962708,5405.09821902327,5461.885387426331,5511.355972174873,5516.228058708137,5642.416455355928,5748.33403321655,5755.535653196417,5888.031127581744,6004.954402436608,6063.23981581754,6184.157395643073,6235.88124719261,6363.549180818082,6451.960523634685,6586.883905318982,6684.982451616455,6801.764940520394,6894.432549672496
experiment_122,6172.214571949973,6192.698407980313,6210.297743937677,6228.7994280825915,6254.845410777993,4823.176417907478,4835.101533876461,4870.459738018868,4897.472500770266,4906.332675572191,4947.028934870515,4961.180782201676,4983.749975187851,5011.338766801148,5037.654245246666,4990.300545104339,5015.339783005723,5045.3538871372675,5104.5313775731165,5049.497293229788,5128.4961934760595,5143.724734135798,5163.564562899686,5190.688373418172,5212.486459253814,5285.044676357094,5282.273742123365,5309.437014936697,5339.268794515957,5437.383085629448,5451.651704651376,5528.260502975387
experiment_123,6172.214571949973,6236.910778463335,6292.326029146036,6352.460140451336,6418.841947160997,4860.914215058097,4930.829551171319,4949.107307914344,5038.889729170676,5060.2853978525945,5080.6956792717465,5157.388386083096,5176.833875549265,5227.667556148257,5218.798216599931,5308.06781106935,5288.0203451582465,5338.252738671799,5355.090315146703,5413.294577639687,5521.977983184369,5526.120916690684,5581.965867615348,5611.766912587113,5677.844115706684,5692.831224412029,5757.180933833975,5811.467109741642,5897.3009870934175,5998.346652438497,5996.871672238874,6138.089942419962
experiment_124,6172.214571949973,6266.129234470622,6351.5950378791495,6442.062198887086,6536.7563230683945,4805.037323413855,4828.377504435686,4908.035430264297,5008.940875232081,5086.931439837961,5090.416714763864,5167.069197539733,5192.577248912516,5294.811981310954,5286.873236102203,5364.193905707913,5439.219142391548,5469.9367817884195,5559.690084147784,5582.88988921475,5668.115430964495,5701.528178368209,5756.551152829892,5790.3554063386455,5852.506966374481,5911.726366769432,5918.223880729247,6012.198865117891,6013.469954938302,6113.619576261242,6098.983236404656,6133.406899608992
experiment_125,6172.214571949973,6215.913646924034,6259.106668246195,6315.217281595736,6386.442898364688,4573.270255968062,4719.030924606642,4704.488335049766,4827.588375079225,4865.972373518958,4928.413321660863,4968.920646307068,5101.608920285633,5242.756379550827,5300.262417758286,5413.277107123111,5527.969432406826,5653.288661323552,5793.448636577723,5994.6884033779115,6127.127875895764,6242.676645834294,6408.35809384461,6607.933068626318,6823.880689905813,7029.5310773868405,7219.158470901985,7466.7132005499525,7679.238548365903,7907.479398782523,8177.510980539313,8421.08580059881
experiment_126,6172.214571949973,6294.507566904388,6406.982367663528,6516.106581913145,6626.191596848084,4918.082545530458,4926.299987839922,4972.920215214054,5144.263015155599,5142.896764373439,5251.512249409675,5325.671032467777,5333.2522661887815,5340.367013273941,5395.472461478457,5475.583893871251,5482.4272101690985,5551.692772144534,5523.658871579,5571.027577529432,5563.194188660409,5593.496633099234,5573.207763373926,5646.2764354737,5602.60615128447,5643.084646969208,5644.942046184839,5629.805001191564,5654.886747123737,5586.542862886471,5592.650759555618,5583.248188600732
experiment_127,6172.214571949973,6197.936052597539,6220.924715505299,6251.472944807103,6290.704141980892,4612.207523019028,4744.596204371379,4694.970816273496,4808.022915861875,4793.32282751538,4857.966742087803,4875.907304327191,4954.055495160994,4978.18142306447,5007.799696517255,5084.36255439571,5176.182881567687,5174.275775666823,5234.314655743396,5309.0534946722555,5401.612926229601,5482.193533598881,5553.381740170186,5692.631828239671,5756.997071055148,5875.214232676044,5981.79912663132,6095.420804888707,6198.064135087723,6301.846068269241,6423.963059463351,6596.292616785102
experiment_128,6172.214571949973,6279.272928727749,6376.691779175717,6476.938148995963,6583.958430312772,4844.8642785744305,4873.758290733411,4954.572604572577,5125.2893709175105,5162.496219428394,5263.371960534801,5368.745101109506,5424.9771173339395,5481.329873471457,5540.097747133023,5632.287780985526,5673.610159369253,5762.437761960851,5844.399382686202,5864.244244531832,5978.711440650548,6045.4521643848675,6089.309566415737,6116.1560086029785,6225.116440542986,6288.289235732107,6329.846451557227,6393.21924498205,6516.891253572389,6509.382315007607,6590.037527685705,6585.407438332084
experiment_129,6172.214571949973,6233.492499194634,6285.99678313311,6342.747930439287,6401.548137689779,5049.910492783546,5070.826269602599,5164.086833284688,5262.370182077248,5225.575550710128,5288.35245659631,5328.05254921772,5337.9827303945885,5405.977307684129,5401.9344153739185,5451.293243861821,5508.510072461435,5580.8173130853,5618.5379237225525,5702.395797207982,5694.141697344894,5743.638775971012,5779.14314292541,5870.337397641813,5887.68919983928,6001.564725464222,6103.962899725562,6150.566020444809,6259.507121647759,6387.954148116252,6450.201015030429,6566.655270681083
experiment_130,6172.214571949973,6158.016770238564,6138.7482803763305,6125.249786065666,6123.192083689772,4632.020755466041,4653.545087822613,4663.081047115209,4629.527670411963,4676.061927051312,4730.549486796395,4735.557663682919,4711.764099909498,4757.667077341678,4681.005931231104,4702.475635727183,4734.972380157939,4787.288885111851,4835.111680418212,4874.233685769235,4937.5382333595335,4940.767878432095,4969.171863852131,5048.734370444679,5109.96525029866,5198.726693861425,5299.8735935154855,5351.891825249359,5389.280597510971,5504.0374994242065,5577.013469364314,5717.2985794866345
experiment_131,6172.214571949973,6183.91730687163,6205.909488022779,6234.502563342933,6278.410811218216,4757.9112613797715,4784.397591286329,4866.7366400598075,4924.132524890375,4911.013165302192,5001.126884314045,5121.211374490953,5222.404326531549,5311.02682766141,5436.0459855265235,5550.348161570448,5673.991872627017,5792.656032916437,5987.366777555498,6141.414547844532,6270.957343265945,6530.981472226724,6660.282925061693,6877.16021918438,7058.619927164135,7252.6807926292395,7478.604191357031,7698.1429255034345,7957.803717248393,8213.582953344965,8464.59148697117,8722.405564574772
experiment_132,6172.214571949973,6137.650540724653,6103.298207957074,6080.102661143243,6068.812200355113,4292.151262416126,4215.43287676159,4221.895427960781,4275.036483146751,4316.450659334154,4258.334131138854,4267.845570502058,4335.129083401128,4365.274670846251,4318.604193245374,4412.991583574504,4413.3740482399735,4468.345055043255,4514.808295248522,4505.055487784216,4595.960037977132,4678.26360861666,4813.695961744146,4796.403605451296,4923.784278632833,4997.017163354584,5051.054763072268,5214.15442494847,5288.414428282826,5396.333830146612,5515.928714315545,5658.733204120821
experiment_133,6172.214571949973,6161.627535331679,6153.221311398802,6157.252257817665,6174.4350292705385,4514.281322484505,4524.752665891205,4572.13493839327,4564.682172979661,4641.5263428286835,4665.578940724243,4768.911720484277,4796.304587029965,4869.176311381083,4933.488699994132,5041.859571881828,5171.225631887428,5246.609566772971,5335.009026523735,5504.37728630994,5601.295350099378,5704.13976726971,5910.104757440533,6066.3355219653495,6226.955602465059,6464.444929840063,6720.740045573093,6897.7685479973425,7167.384445159171,7472.608957841658,7758.5708707256745,8106.582215465374
experiment_134,6172.214571949973,6212.119449719436,6251.306357108626,6288.1966601781005,6336.370393672341,4904.850835145933,4909.695352582085,4907.410895984852,5009.1458518911495,5062.090351474035,5015.09918025246,5079.409642984957,5132.140887418256,5119.278072958968,5150.489647544277,5202.292709211393,5224.606660461664,5240.338322832076,5322.834537513383,5375.165792536414,5448.68403712,5484.735432228763,5520.516959673107,5581.437363745064,5604.923107125994,5710.07396904075,5782.490494176206,5833.251076881669,5947.672751504195,6037.15798574287,6061.896432231808,6150.7507848367895
experiment_135,6172.214571949973,6153.345462919209,6131.092887540151,6117.29723892525,6118.641233069433,4621.669557926094,4573.16934386582,4583.183188427616,4648.83662812826,4580.679619647421,4664.652289072598,4672.085795489098,4706.702602405218,4718.246488550791,4741.484904753103,4826.710459169138,4848.373681737794,4907.74797682647,4932.394037306753,5027.557744828227,5082.847356436066,5141.3359749565725,5307.503269233764,5393.687320056115,5480.0098456173055,5570.9133473526545,5682.4938262575215,5853.466594338673,5916.066841518765,6049.367723484582,6264.218685945059,6352.394782826472
experiment_136,6172.214571949973,6203.573528009657,6229.1186349032305,6251.958031131559,6278.8697081223345,4955.474065376114,4909.654975419509,4883.883544932679,4971.483860888214,4985.59027941021,5030.219986865671,4936.989995279966,4954.100773854701,4931.212072570284,4938.585821713259,4960.234774240837,4971.290798461311,4951.815390504602,4945.592554035037,4998.567398146616,4946.146964420758,4963.443480784977,5051.059932838854,5002.910015370323,5074.071738158959,5019.335347202399,5034.771870416104,5053.173250552787,5073.163655058992,5056.0045700256715,5073.055693429381,5128.853586672505
experiment_137,6172.214571949973,6235.257153641785,6286.1386927545645,6341.709984554716,6403.036006462842,4757.031482562312,4782.387375038854,4912.618398438954,4911.61307882349,4902.625067043343,4984.459735255914,5015.224738817935,5016.133915963888,5028.460257784924,5007.283454194602,5062.6960170330585,5113.220451267599,5164.414632839847,5203.643386818296,5219.590493819505,5187.244676510752,5214.0423581086925,5269.275689651027,5291.55552849571,5390.422395536695,5425.33579013491,5442.344998962051,5440.477804905806,5487.732842539053,5515.058666582662,5555.087513887258,5554.767406801655
experiment_138,6172.214571949973,6225.423149081287,6272.987412079554,6325.179270536792,6380.257008071696,4997.873944240502,5071.204851557659,5083.010068146301,5204.105953234533,5226.8238999112,5216.430977838798,5292.962602560392,5347.882107044468,5385.772672996673,5430.37451301145,5477.241387128077,5540.779239399744,5554.357846902333,5615.206924627961,5654.32158822484,5681.628731516683,5739.403428306959,5808.308755744827,5870.579234023732,5894.118852742666,5956.538845596104,6028.1262131384365,6081.651252397108,6109.49600721795,6170.065119130625,6195.53266374681,6275.609367228731
experiment_139,6172.214571949973,6218.364533774262,6254.437387359751,6292.061582086428,6334.589913940141,4820.820061039192,4840.110385482241,4879.9779638050195,4935.964922278806,4988.305127088377,4908.175309508194,4974.847453390418,4989.43757990457,5018.49921753256,4960.343686314469,5085.771558209106,5087.0023369841,5135.509723679919,5127.170383044367,5202.348059354672,5170.745015347197,5181.090665783164,5269.433340109816,5269.50672114112,5344.780936971004,5378.69586032519,5458.145287766796,5468.1988440734485,5491.878358055989,5545.816208733643,5563.5207448196325,5654.703754620817
experiment_140,6172.214571949973,6195.215291448658,6217.523208006762,6246.3438246415035,6286.468363354072,4842.189127230555,4859.83713578033,4905.658936225338,5042.502362702726,5009.077923122571,5094.472072165582,5082.333106303413,5144.365432705018,5181.411410999585,5234.837668462474,5317.5548245812015,5371.59441786609,5492.343232822071,5443.791107290833,5529.276900682591,5600.37256583793,5709.052573573454,5754.592896229165,5829.128174714877,5929.459748923153,5997.9419057417135,6066.679800865602,6226.172760207992,6292.883501788395,6384.47935428464,6512.168825880393,6596.211200743317
experiment_141,6172.214571949973,6175.654182206272,6172.093289306689,6176.857792402374,6192.243388102973,4663.846907100842,4648.7234567647765,4664.835520769706,4647.274828538393,4655.1667419747655,4740.68618348888,4728.690733166831,4756.21294330043,4759.239538225627,4790.403757722828,4861.44652194702,4984.119305848395,5027.628096175243,5095.324160958513,5152.730473849754,5240.639949808157,5302.672704177006,5501.33495979256,5601.2484733643305,5694.5159233943905,5863.351919120127,6003.453454900358,6194.385466899417,6426.123213706829,6605.459867084055,6770.39494084897,7060.495116353042
experiment_142,6172.214571949973,6193.904708345544,6213.664327909386,6239.0804705358105,6271.880290819777,4462.121483783539,4540.328933238003,4503.54058554385,4605.162829452483,4556.528949711806,4632.561244735567,4624.052052420531,4657.311993632884,4690.67639858483,4724.652485453851,4811.089914326852,4867.843343576997,4827.480433885979,4924.58083340558,4947.50019951794,5051.401520675394,5075.50704769584,5158.640075087788,5224.294890354469,5283.597509640409,5329.0704628514895,5438.711654398413,5487.585889020775,5550.214701007974,5602.376207588647,5744.44224692555,5803.294114810251
experiment_143,6172.214571949973,6168.697704685494,6157.789508662749,6160.7331013566245,6168.638487768851,4630.79356085776,4632.21491097529,4657.820416870674,4687.9853228623915,4657.488924547316,4609.392275267166,4654.062841105726,4663.2263723265405,4764.7462888701575,4789.08863611993,4796.789780648862,4868.444813131179,4946.7662803060975,4984.366480225605,5006.499411472871,5216.740807295422,5251.312659880168,5296.567851455926,5361.055996505525,5543.142359974938,5651.43300783341,5756.22190234323,5866.149646483378,6082.210765792507,6211.119937744268,6393.650695378516,6550.178770256318
experiment_144,6172.214571949973,6176.849201095985,6179.4230631160735,6189.947304552958,6209.51787614623,4774.60289527036,4851.777831008944,4781.963920924081,4851.184363179131,4893.9993798155965,4968.241428715419,5018.488824998438,5013.293868113627,5099.327451181956,5176.916942494367,5226.64643753649,5274.236487181863,5424.592160547616,5475.197448708035,5544.344160178653,5656.929522675637,5788.676585957948,5886.999786908024,6005.210077385979,6126.355268222227,6296.438716176075,6398.3697466374115,6579.01079247964,6722.041177603571,6913.333847153677,7032.063937166072,7231.27355661529
experiment_145,6172.214571949973,6220.546842065363,6265.320267708029,6317.487575062054,6377.8443883490745,4963.076760473983,4981.790059265502,5028.7412429565975,5090.596995444368,5174.976667204857,5275.498147900128,5310.411484538936,5352.631790000178,5491.795251003372,5523.820371068039,5582.41184845747,5691.4770235013575,5759.208011019805,5800.723663685395,5913.972823790953,6012.832759389652,6092.655155970257,6224.231990933956,6321.823900050906,6356.996458164485,6481.058868221655,6528.8508956114165,6648.2793669193725,6784.678612593818,6918.76070957799,6962.987551979091,7094.709372036414
experiment_146,6172.214571949973,6201.229540350198,6229.401854245571,6265.059246190391,6308.386223360846,4801.280175779113,4859.9854712338565,4893.927610298269,5000.755676229115,5052.4738925713345,5060.840993440332,5162.369393232255,5227.65438536656,5251.538408498571,5348.503014991164,5355.924570224656,5530.071782041499,5617.489553014195,5661.229706833496,5719.562784827811,5798.830795552482,5922.915328444933,6040.837309059017,6162.829641856554,6314.064801103955,6434.2594340699015,6569.383429191902,6696.116720142698,6876.7110417132635,7018.247067185148,7149.228777053302,7334.779174042598
experiment_147,6172.214571949973,6181.680732338929,6184.198914770179,6195.765164154236,6218.568631143553,4610.65714888436,4695.450696322263,4642.334245893524,4682.806125851599,4657.409135829319,4718.765858271076,4716.203853161769,4822.562027946726,4822.377958605118,4927.509811110129,4967.592520795809,5015.129514406663,5061.459127880955,5145.468289140384,5256.172634772213,5356.71008093071,5458.626208294167,5554.99923363706,5656.956450802965,5757.7294439878215,5932.936983874117,6072.895171985138,6188.79538912854,6349.298164600807,6515.753192954072,6679.9592739140735,6879.947594483761
experiment_148,6172.214571949973,6187.333398275214,6202.88997111798,6225.489615026466,6261.039965810807,4544.347781687597,4617.1979244317345,4608.50367445196,4643.731033701662,4669.497633617999,4694.758390630599,4779.481377503792,4788.498373731493,4897.153229601541,4909.67282448705,4990.097505295255,5024.6876610727595,5145.204631340911,5190.091496892762,5274.9318966158535,5348.659008778618,5368.98047739684,5535.45189232714,5708.713828934519,5812.44840851659,5896.789998120675,5968.365102007821,6128.319877259884,6306.121581371591,6390.662904549208,6607.032932644917,6711.41186575348
experiment_149,6172.214571949973,6202.749020258143,6231.911986363787,6269.434275444753,6316.117285573642,4601.79923539414,4673.646172909783,4660.881030908837,4729.050961700159,4772.141510334526,4865.301149558178,4873.618919018913,4966.899075733143,4969.021716742407,5083.1439007185145,5099.371744993694,5189.517045093906,5283.5243610749485,5327.342923891123,5374.151955978714,5537.132025608059,5639.389504814991,5706.706422622259,5824.581996642827,5915.281753072895,5994.179353607824,6117.899166005163,6256.3505867398335,6423.608210818968,6497.777480068664,6699.881261479903,6829.153139586162
experiment_150,6172.214571949973,6225.408787318944,6271.428438746449,6322.953615583749,6383.332471774008,4837.020344702183,4846.122206635303,4902.151559576911,4980.581151684048,5049.378731170216,5056.630035910788,5103.136780620693,5158.158516828753,5146.085018491633,5187.427119810165,5252.462379722326,5285.516896686702,5359.539347554866,5379.888848043614,5396.889618923637,5466.957645814409,5460.385594687983,5515.613978911104,5509.985521122085,5552.4317589223465,5565.077456659851,5600.593157078008,5587.381587380838,5587.291740319188,5595.729892907,5634.684336455665,5599.0221797816575
experiment_151,6172.214571949973,6178.73735131285,6184.098355889701,6195.804249699526,6215.401725717644,4834.426362144712,4843.596808134875,4833.421791337616,4965.1108895778625,4903.9269561104475,4975.789076484906,5009.275010902753,5066.485074380143,5109.709600480477,5135.299534440579,5171.401061973091,5168.435215467696,5318.430902187347,5329.901963458175,5396.655592641711,5429.447725706943,5507.165673145566,5612.430779201919,5692.898855796195,5719.884844384079,5788.693144134928,5894.818107116305,6011.482170732876,6081.21234754985,6173.433798399375,6240.840152254394,6312.796272596179
experiment_152,6172.214571949973,6261.086993617852,6341.086424587238,6424.335714245069,6511.707920246778,4803.081748237064,4927.160124215715,4911.330303351174,4971.497058485026,5081.114025719186,5145.903255259207,5152.585126591896,5206.523309819915,5289.968457675868,5321.8092154301485,5354.84507104484,5383.685485856622,5427.934247492688,5484.2137946672965,5505.147661042842,5548.887656654041,5583.186750228541,5620.615812508275,5679.03248610466,5641.264890473625,5667.43082280904,5685.869178685778,5717.3118845954195,5726.452190788083,5725.767405290298,5710.65260852938,5722.990175820097
experiment_153,6172.214571949973,6336.469879159367,6485.377675617871,6632.805321067086,6785.927250842507,5230.16433106673,5310.625699659907,5377.989695287856,5484.388615559548,5638.602076612269,5722.428507266335,5772.085718887831,5833.300737574774,5913.582219335691,5993.054615815695,6047.104470155429,6140.40982436187,6224.4950211166315,6261.655674229942,6358.990631444311,6369.312038706611,6433.717990974774,6445.4472475366565,6501.513831823664,6559.647524072498,6580.474511028238,6584.458475755872,6675.917243566986,6670.610510684213,6732.002255980713,6727.301173091741,6756.296159086185
experiment_154,6172.214571949973,6206.832044965515,6232.193031492748,6261.441739392488,6298.999245207105,4586.42519416699,4706.4559765392905,4584.429195893525,4703.261500941799,4739.500006322495,4777.567366403279,4736.121131466366,4770.440510589131,4883.561260614382,4804.8966922977625,4903.159901010039,4858.025317514781,4974.667363396893,5008.103756112779,5047.413610887596,5067.482788683615,5098.437763430184,5187.279493772463,5285.96297185799,5397.190199105051,5435.675967960198,5505.780681910918,5531.289592745257,5644.623477731517,5696.631496458913,5846.503196131202,5897.945560769835
experiment_155,6172.214571949973,6198.165370984765,6227.2512513292295,6257.772903505424,6297.2210046697455,4755.9150067137525,4797.096199133509,4850.834822931179,4860.5168514952975,4884.830222070173,4997.936437880284,5004.913015597896,4968.6158342473955,5087.797928135675,5143.528206539535,5172.988040722408,5209.347214420449,5237.675963583582,5267.840686646663,5424.69618693747,5407.403373878513,5548.782377124209,5589.808193913681,5702.850772379509,5722.53690377796,5815.831746723863,5915.714715804756,6014.792481465469,6092.805044639979,6245.001413007069,6319.055456181302,6455.382752243254
experiment_156,6172.214571949973,6162.550618488534,6146.508372337823,6137.126553433742,6137.764548290314,4672.634938841434,4649.395706763208,4673.991776684163,4698.573078138167,4686.499812557302,4640.418808771665,4700.058891565919,4632.473185309582,4696.69019421451,4680.6329151402915,4764.120558704608,4773.287593906306,4870.921745792606,4836.8142238614955,4943.236659604082,4952.161163048084,5025.771955999555,5064.0013918176655,5190.595219837542,5250.14383461246,5360.8410139989655,5492.071393403239,5544.820868541477,5645.789667362933,5779.065209163513,5932.470079717525,6054.658852732223
experiment_157,6172.214571949973,6191.566403968467,6211.908997393138,6241.1078466165,6284.195836588056,4571.713500876855,4540.963790263504,4622.49557763705,4640.161696325301,4708.227417807961,4771.2667610016615,4805.30631601725,4898.022404676674,4886.44943238152,5048.141591867543,5111.906843346524,5200.38195121432,5333.886502947156,5414.413963317285,5549.181796920822,5702.842599055275,5849.116992250286,6046.962183871572,6212.32954728733,6395.229493564319,6597.08807603198,6847.873255378191,7072.297225231747,7354.260524972251,7645.298743236406,7941.77210935923,8211.98244668943
experiment_158,6172.214571949973,6116.126033074245,6060.6140875982765,6019.80613600072,5987.614067657592,4339.966045881636,4218.422113138009,4306.687501486833,4186.399413551959,4311.332287749065,4262.035987851877,4213.079493883055,4380.991284720576,4370.482918157226,4336.167270792586,4441.212511759717,4350.263103665842,4453.709270202431,4577.619354237157,4614.890255590569,4634.697790899769,4842.84549372947,4906.3134865967295,5095.273585236619,5166.900673348782,5376.990488598898,5616.8302018981685,5823.184238775187,6140.395031185028,6398.53067445836,6708.82155827488,7060.378350846973
experiment_159,6172.214571949973,6120.400964291524,6074.767566293579,6038.703229698552,6017.144034938485,4359.3976851211355,4396.931026575422,4375.326348465104,4458.867866350609,4471.208468131961,4468.069445745792,4579.346513356374,4515.701538666353,4567.6508748386705,4632.26244390849,4741.602514262752,4735.609627115936,4863.431064389393,4965.9600492758,5106.782205966158,5252.504575612912,5383.946374916175,5549.553924497008,5696.147902266193,5917.363219386444,6143.891675412313,6372.023669822452,6577.18803588097,6827.156284525831,7134.248770131586,7429.810621669708,7787.323074234619
experiment_160,6172.214571949973,6164.490219113353,6154.809132687577,6151.497975032223,6157.3305090547055,4730.54515135321,4791.308862479869,4690.758606985895,4784.873846790788,4841.351641439498,4867.683960782171,4822.838253422468,4888.127258658661,4922.760375013912,4888.85647451052,4977.135920399871,5076.78296107186,5117.961778716816,5163.7615200893015,5231.602537710534,5359.778484545142,5389.02113046546,5505.472775949538,5527.845536819455,5671.070929333673,5762.976345443534,5868.036330130963,5998.397800955325,6133.174127453494,6285.320418058993,6406.721416468688,6560.093171317079
experiment_161,6172.214571949973,6208.221368267387,6241.18396957376,6282.631139365572,6333.317692327155,4810.251091989909,4713.430062750082,4764.469330413997,4828.407194810862,4886.05840958599,4961.476182044322,5019.925942018137,5038.56981906914,5090.878810873283,5157.884873399687,5207.196228594568,5339.084068701848,5324.415132197945,5483.640726180029,5583.090601665837,5615.854266098349,5728.239221470784,5762.753131462025,5939.8232182338315,5994.61611325495,6118.250720649783,6238.973910760207,6315.9324335498295,6504.779128480537,6557.984823492822,6697.454143107999,6846.619609062036
experiment_162,6172.214571949973,6194.3872785964795,6210.553196957484,6231.270591303046,6260.952852825035,4707.835888786572,4709.524395717022,4732.218214081371,4718.177921018418,4819.123627361141,4741.043793142428,4844.053521405091,4819.091840339911,4883.962434583996,4905.694318304166,5014.883917512752,5071.139889450169,5059.896944589393,5137.946379367303,5172.931149299868,5266.611652974836,5340.716944038073,5431.337619237698,5473.606773842159,5611.098655070958,5686.783890751118,5824.949448926494,5898.27744727085,6046.493786067569,6147.768533357452,6310.800792959604,6397.7695896246605
experiment_163,6172.214571949973,6244.7505960380095,6306.923775764608,6370.718775560497,6434.028139457517,4892.066775918986,4846.169808889985,4905.603351305299,5006.834597624312,4950.469717860748,5041.192874613712,5089.284615087439,5068.535225673057,5142.69097442563,5138.06203543387,5172.5484231273695,5194.149374498431,5231.678197239594,5215.640452914699,5271.13258938274,5263.782079243869,5257.25094284953,5324.5389488365845,5356.169395955201,5336.742336192085,5336.081284557373,5268.8295386241,5337.1344537844325,5307.985901334077,5311.8966411455,5329.003565228337,5318.070544193466
experiment_164,6172.214571949973,6211.349711614661,6246.870617207733,6289.388928352998,6345.292119658585,4747.9645591174985,4767.299516580096,4818.483127206971,4883.030139373463,5023.385094121799,5020.951073867935,5121.0013230122495,5152.865877164003,5201.360746323023,5272.465969171121,5351.862862327566,5427.932762950928,5484.4325127748925,5598.705545407032,5720.660614131548,5754.890579625042,5886.38056957015,5966.822429084822,6070.1634115740035,6235.886405004463,6333.197976429812,6485.067539814412,6559.416529450045,6722.100418118502,6867.174875215453,7005.743822559425,7153.934875124614
experiment_165,6172.214571949973,6193.578627223553,6213.831117760117,6231.950966287566,6259.185038016185,4551.466673353929,4547.3294704980335,4659.052911778834,4601.775711585852,4688.410470984075,4679.73162338057,4707.538565426936,4729.456187817583,4746.438480035713,4714.572693144488,4803.335457045803,4807.533309497203,4849.512226345227,4918.049836121269,4900.745858713944,4931.397248989286,4967.545149183285,4939.785980535962,5063.93522329768,5050.778190502388,5185.680607207612,5195.425886353583,5266.130940222583,5307.751382474942,5377.905218610622,5412.097263907627,5581.526635919194
experiment_166,6172.214571949973,6167.119932881914,6158.483036729898,6158.59052959086,6169.059714356337,4664.883699055154,4676.407432650436,4679.219811391033,4705.42872976289,4840.40663422613,4716.854160321693,4785.612923848018,4871.009060424461,4915.308898158627,4941.382308769359,4959.617164979074,4944.411037464299,5048.592389524209,5054.614573286521,5180.835943916922,5194.311668122606,5288.458745950737,5335.00475348045,5451.568900639218,5523.905359905893,5617.55181740218,5689.527942765068,5767.93741142273,5845.620597556461,5938.393287150975,6015.660939722005,6160.686988710027
experiment_167,6172.214571949973,6135.179257658092,6102.228631327085,6075.24787932263,6062.086015439388,4553.646119911227,4567.232997714849,4581.871383301623,4595.883062398152,4528.116186369776,4609.497196732877,4493.931158250723,4662.743799296665,4689.192989472662,4686.753248120299,4796.640904567428,4891.483877463323,4966.416330858399,4976.885291899098,5096.7636183912755,5195.279376031564,5313.962935322066,5429.322924523125,5614.543585173138,5703.00760673394,5883.638246447166,6068.661946835189,6271.629432205078,6448.422139257809,6639.504451221117,6844.186597390624,7095.0137988963415
experiment_168,6172.214571949973,6256.7366058654725,6335.072279266626,6415.638119957768,6499.025516531428,5097.997564341497,5167.215360045362,5232.918482787423,5342.93990536063,5452.957984794946,5441.743106531956,5541.082703034465,5626.801263496533,5695.300757668834,5665.400395039251,5830.272694149386,5905.415896653569,5959.156415730058,6057.757807518692,6122.845558579057,6168.812445764304,6278.78714767587,6348.190846795301,6391.43463903804,6503.231441757276,6616.467791756477,6664.996824562314,6723.902248918894,6830.338508618375,6930.547178188268,6981.2201003645405,7141.695252957812
experiment_169,6172.214571949973,6173.960441605355,6171.202913839619,6173.5010581334745,6183.26247467867,4482.846785659599,4528.5407483543,4510.3606137981615,4550.679612997628,4538.244283390057,4529.592610809666,4596.0429086786025,4517.066435598871,4655.646559597908,4592.97627123685,4628.5620192354145,4687.795245880088,4661.3272929076575,4677.91923629877,4694.968631820871,4711.437472767447,4740.9234937824785,4749.439201946596,4819.479820941461,4850.437454301417,4907.584258736153,4952.370727563734,4978.611020865761,5084.396829468747,5126.767980204175,5161.915981128825,5232.180919928628
experiment_170,6172.214571949973,6202.874000835806,6227.974001864973,6252.166165151008,6285.88013115638,4569.448676119851,4493.860446153429,4518.44747343651,4550.194172492076,4691.467197409304,4632.154017915056,4660.314431300718,4677.491304803809,4665.435782062404,4690.403343117323,4743.674526362784,4707.725067269262,4690.209012690725,4721.257369244975,4777.240230858346,4776.215583274889,4736.697771160914,4749.059239352304,4753.981553611959,4829.218169278298,4762.373702129527,4858.916491749215,4831.1875715055685,4903.294398573018,4903.332223555164,4994.965562153605,4966.60878585202
experiment_171,6172.214571949973,6178.885724567248,6182.015789174513,6193.969170026008,6215.082926463398,4669.087575740535,4728.1684913286135,4728.619369888553,4768.922384501773,4783.868830236912,4810.960247123819,4862.935918395671,4906.7326034386915,4972.599745607886,4993.773514835708,5020.1741131306635,5053.8374870343205,5147.287392978615,5182.78431863681,5272.955468120018,5327.001461270773,5403.26228370679,5552.527603446036,5601.405486497817,5641.023495850288,5768.581268728866,5839.321395041612,5991.294591651678,6097.299262447471,6202.839340125291,6349.8547676886155,6497.418132829422
experiment_172,6172.214571949973,6267.054925658613,6355.204033201437,6450.231788408856,6553.034745778537,4685.689515573215,4751.841912692922,4868.90988391587,4968.2636588277,4972.629438542449,5072.144192366777,5148.068767740311,5200.752693669163,5291.617007308434,5356.282649561561,5402.808480309473,5519.443626130945,5580.48525055465,5707.960593033529,5792.806882710376,5871.355215998265,5974.224390655105,6044.457120162662,6139.854835533068,6198.099776553403,6351.874476073193,6435.908624306768,6556.488801948019,6641.097706112509,6811.241358078572,6895.111544598396,7014.867392463442
experiment_173,6172.214571949973,6146.608449741242,6114.686764903463,6097.100139045102,6083.704200003116,4690.937119063343,4590.796362640517,4536.73664203233,4591.571876865757,4540.521110151653,4614.9297818580335,4567.662679054928,4601.992437864715,4648.525292446165,4670.513596479153,4647.415024593572,4679.734576429195,4692.106129416915,4759.8525213768535,4795.275743625459,4809.890625749056,4987.849924017854,4984.048724761536,4969.164961470841,5075.550377346816,5182.605473353675,5284.421769641554,5374.309756642449,5529.424678413892,5588.112982961378,5695.681812888291,5842.82257422584
experiment_174,6172.214571949973,6254.864595289692,6327.523415921383,6400.350226829842,6470.755351561893,4792.700812013527,4930.086132471045,4942.4389617100405,4976.002970594537,4959.213917644944,5054.087782212173,5119.923805068894,5101.316288978742,5168.438837991434,5111.248603252893,5187.282635124298,5189.262222209463,5246.937075100272,5250.792130732236,5199.807281795577,5278.141804483155,5273.866139101895,5268.87862194308,5296.47137441533,5339.069133899535,5300.852888500012,5290.1385746337155,5329.040775931577,5274.442384466086,5302.822145459746,5310.968178873581,5300.411903782233
experiment_175,6172.214571949973,6249.630125105996,6316.055135711129,6386.277946710696,6462.235615492839,4645.835876434856,4681.446854370582,4769.016150976552,4851.641998569756,4861.273966663971,4865.087715118254,4875.508663001882,4964.2847856209855,4993.42082976388,5001.886451143716,5040.673988090235,5092.039004243461,5092.391323339013,5089.404908380046,5139.688023465103,5179.179548798903,5230.197221029726,5271.74853609415,5293.135941922798,5330.0505277504835,5367.086005466678,5377.466202295755,5471.635455027649,5465.411880972784,5508.6799567041035,5510.39771163611,5596.551007767106
experiment_176,6172.214571949973,6266.345884277864,6354.57309108309,6439.68852799293,6532.125788150926,5082.79525909428,5155.8058913892755,5247.070108183483,5316.042935714159,5461.363422070077,5501.016542849289,5572.060293459988,5676.947743792851,5715.412679316692,5803.9113184763955,5852.618794209429,5880.217045292897,5965.820006800093,6074.452345252703,6143.364015746655,6200.846043850905,6254.703426507077,6325.344228180822,6396.360683264858,6484.1453109454,6615.989271017892,6659.681991384305,6726.297890630691,6839.286101064765,6965.537420536455,7068.315327437105,7097.818926478225
experiment_177,6172.214571949973,6227.247191574692,6280.955447684101,6341.835987212245,6411.9794534073,4629.729385108966,4671.316339770433,4766.392401412589,4801.52263184832,4849.393988057049,4906.309262983747,4971.77960952425,5054.137608012304,5141.198157658391,5136.4573520638205,5238.050548034969,5297.274834932131,5382.514468550656,5435.312844408918,5487.673995817249,5593.406348311061,5668.815944434709,5767.010316046915,5796.213005368945,5851.50587778597,6006.9460308060225,6069.591016252993,6134.601843511657,6229.375007380382,6338.083067052305,6469.321613112852,6541.0506702315115
experiment_178,6172.214571949973,6246.647841266216,6315.395891367952,6389.121637832199,6468.062927208988,4596.317341115554,4623.234108714377,4727.183286299917,4816.93353436524,4958.570516217182,4985.223008057756,5053.052179836991,5086.769738207006,5163.533881779093,5249.970606180834,5247.848143319658,5314.449597260793,5419.068062191965,5513.645066363566,5564.128504072365,5656.230856459088,5796.732250222636,5839.983390269617,6000.657555317962,6074.155934834435,6202.9610140764535,6290.543121114355,6432.96043109122,6576.9477749713915,6681.02908467484,6849.4041660570565,6997.324795515121
experiment_179,6172.214571949973,6176.251811747279,6171.795211366937,6167.734337183043,6165.266552939112,4742.830027405307,4667.993857236125,4687.373683243588,4732.974878876128,4747.5558410882495,4662.826508959191,4701.540330948877,4657.156851574038,4719.603292337274,4616.6887710135015,4666.633518227729,4648.8696066403445,4579.260693235619,4638.844396168607,4635.325775022479,4644.114649195287,4648.207342039482,4640.487904111786,4648.604932572108,4660.6321652899005,4634.801314621156,4692.984064576977,4701.200659397977,4694.72516688377,4706.754425029234,4768.599390337673,4775.772166488139
experiment_180,6172.214571949973,6236.880114219628,6296.082997569052,6363.603917324061,6442.110821064734,4660.083600842294,4684.951446320867,4710.026677707214,4743.050555290946,4852.634316499923,4889.211691319728,4959.66470782434,5035.192998716435,5159.122413083391,5240.913919970888,5310.067568166918,5467.623122170755,5517.072411393676,5657.413861192552,5832.707767065051,5919.284333851863,6131.592309911484,6253.958316415448,6483.503651329149,6650.707918224947,6922.485158217094,7142.897465819398,7373.790978158175,7624.074359761718,7952.643241637557,8260.742739329948,8587.858746598913
experiment_181,6172.214571949973,6200.682280417421,6237.166539518135,6278.051627343268,6328.047928717126,4726.875863695082,4758.764245047827,4755.172382288392,4870.64354986637,4948.4576630756665,4944.401840266673,5076.062747882548,5169.875996891104,5179.641441835884,5265.381250107948,5339.339430648994,5415.727709091842,5505.9811684367805,5635.791666764576,5694.244188078308,5845.877053980594,5906.461311526142,6057.423082226964,6183.208764660978,6327.841120112367,6423.068523518741,6630.483658662823,6737.416120503747,6909.2281919989855,7053.04947582732,7227.465473859264,7416.544699498679
experiment_182,6172.214571949973,6210.1899346905375,6241.098973336686,6279.47567252825,6326.701181916427,4895.61472875616,4808.889027100307,4912.590356124744,4931.0637119491175,4982.963007914606,4995.594144170262,5121.969080376947,5140.038865201519,5157.434347382681,5204.506914250359,5219.039080680144,5307.973043940921,5489.482988828832,5520.0200373955995,5570.537093378073,5681.307873485905,5763.830281472334,5840.402685641575,5989.63879756354,6066.161058510104,6159.727122992134,6272.265026791766,6423.239026200398,6520.315623322331,6636.466041104057,6789.682798540156,6973.939166088923
experiment_183,6172.214571949973,6151.676557931758,6129.979057337585,6119.103549516586,6120.711967626665,4631.364010823165,4664.010025140729,4596.262251561341,4688.005703271388,4646.033725190193,4675.074337986808,4797.120461275143,4764.378205947152,4877.768248534137,4897.320968014483,5007.328607597881,5049.79798334804,5141.981033686367,5179.29439505347,5316.170908776137,5420.541262411916,5517.980882712522,5635.136576272701,5749.129926523448,5910.2290335816915,6057.274606522435,6236.455348108329,6422.965510835728,6662.409067111646,6856.870320095906,7069.774791632013,7316.405995226544
experiment_184,6172.214571949973,6192.759204772062,6216.277950387848,6243.144620953977,6274.56004289202,4876.64223811629,4924.5518672387725,4930.8472743857,4982.432741198947,5005.3930271009085,5067.995331537271,5148.085569782306,5165.384114287566,5233.74292870934,5219.649662060374,5281.653142080035,5337.828949416513,5365.695905537541,5443.732856260023,5481.585465753964,5542.416656889029,5616.403499257,5618.400288137875,5717.805400512178,5780.982602433291,5852.508693816437,5900.357965383597,5984.31518293736,6065.28078562494,6082.214451582548,6136.275039068439,6254.860073712462
experiment_185,6172.214571949973,6274.452962537922,6365.932775762303,6459.559273762388,6558.870934313654,4813.195214364449,4893.24867064429,4980.774638535636,5085.230924442831,5119.720862928592,5234.604034859333,5253.476096668739,5238.65777183377,5374.6221084265435,5402.295882016941,5440.207961190539,5519.745652628592,5513.038047475957,5556.298408040018,5644.492492091071,5658.514400663078,5724.609947008449,5740.708893826256,5722.254177648185,5772.389013651061,5813.5735749211,5832.5247390724235,5870.616870245675,5913.521755075681,5920.934530769943,5904.161531919765,5986.372527348362
experiment_186,6172.214571949973,6205.671240180698,6235.648241994512,6270.055894306437,6309.892601592759,4658.769050521096,4676.851619608455,4711.141248847269,4858.515444767656,4806.359033174109,4821.73050436971,4924.788328847596,4899.86501514683,4973.429429915954,4968.526946646622,4984.946168768537,5063.765839614969,5042.9753256787435,5082.3288140914065,5129.75350637357,5195.3371384634265,5243.421390673644,5259.266713776745,5375.770536295248,5357.386407102555,5425.330232184907,5456.561298886891,5492.877313168747,5554.650261144055,5594.808876028406,5573.979729538856,5709.074990332665
experiment_187,6172.214571949973,6270.2903034901765,6356.857971115924,6443.676526698366,6529.775051789262,4786.695755264283,4826.006476909017,4867.809500043715,5008.3384144810825,4966.702403981804,5025.160729888993,5089.273416602491,5068.642702593527,5181.942181651175,5193.225650875367,5185.2887493605795,5252.64737287978,5302.703379053931,5341.303933927809,5341.347807286278,5400.349712606452,5360.442802831092,5420.559412277949,5409.849561379469,5438.154493818889,5489.155897595708,5540.353061232638,5565.8306658617885,5553.301845355147,5576.584888491366,5621.546305132216,5620.378396902105
experiment_188,6172.214571949973,6191.714191426109,6209.256487302597,6231.980917274112,6265.557191294249,4645.59941348196,4623.600054315051,4703.783141195546,4669.429715645178,4708.991609793535,4673.708445747055,4770.715612413713,4781.14203480592,4804.016614464957,4815.335556473501,4921.2715184893195,4972.286972010923,4979.7652694769,5059.187599265748,5147.359279491146,5184.575715691046,5255.873211554271,5332.750997601073,5371.688853696251,5478.686079325435,5597.303179032306,5658.200943510961,5725.927157748416,5853.27521690639,5917.7630429615365,6083.543908934884,6197.321096368718
experiment_189,6172.214571949973,6261.42998458568,6346.279380552315,6437.506667655613,6534.9866884242865,4712.561217592445,4821.662845495731,4932.872213837232,5047.651220199241,5056.149699345966,5183.493532507033,5237.818370191598,5277.065912850874,5356.642854304448,5473.824505948777,5505.030644093378,5596.226517555096,5693.876284523949,5841.1085400662905,5910.325790821209,6028.68157490152,6100.507545027097,6193.368776215308,6273.04113584484,6430.925573021377,6518.1151771934,6629.327440518552,6732.3814558863,6837.8185375723915,6949.606389418823,7068.0569140917505,7211.869105321257
experiment_190,6172.214571949973,6211.4255498657785,6244.68929778178,6281.939091425974,6323.836927915623,5016.402381784302,4977.50997878057,5006.137796663601,5063.363328521982,5088.152497110687,5096.3154861016565,5146.984805791335,5216.52886104245,5258.55179731018,5190.6339173240285,5343.58859319505,5300.968457378369,5383.22893395897,5404.074729183625,5440.571425825696,5497.6690902969685,5518.0450081624585,5620.2146187777,5687.750034223,5741.365547533417,5795.1086430230325,5899.912761296859,5931.469185626505,6004.699461517614,6112.810547303319,6128.089565592165,6259.778247002174
experiment_191,6172.214571949973,6338.301816796375,6493.314385435556,6656.4090698044565,6829.249729974439,4996.977273979986,5138.531968138852,5254.485294545455,5452.117170501269,5578.429344326203,5682.138731436982,5877.293793831967,5933.277994853777,6153.456851507735,6280.336556497618,6401.677503071678,6540.553675387051,6684.963289567958,6807.702568109566,6940.927993593175,7093.580900529272,7268.375491413115,7398.941234324364,7550.439612015256,7666.37245315815,7797.217837524944,7947.870565593555,8043.366932097053,8203.030334786254,8289.928760240868,8464.65317290568,8584.38763229338
experiment_192,6172.214571949973,6231.220200642947,6283.7294146873255,6339.552318651293,6400.973562824168,4620.53010645527,4682.989171613476,4748.075781566564,4782.032425679414,4827.263198874969,4847.174646780726,4872.011023470475,4898.120357547795,4987.166600632137,5040.569310201858,4983.216692127129,5018.751746994268,5026.019913453684,5075.175050701853,5055.578623886177,5085.531503113402,5172.507655559504,5127.660968213993,5200.6721148920515,5130.69569863383,5195.008418899663,5254.879463581963,5303.432719518823,5292.279258663193,5286.154287674704,5288.3676273240835,5328.702559898295
experiment_193,6172.214571949973,6220.336905809723,6269.611673800504,6329.733036375119,6402.704700818167,4579.589045259825,4609.9264420296395,4649.791764151575,4850.934924576637,4875.566546150077,4898.436025818012,5035.669174142696,5136.05151531768,5259.5956037184305,5345.751169394578,5490.740656932341,5632.7749495879725,5781.434464711861,5939.877864386137,6115.678647967378,6290.335620468508,6419.649862741885,6658.602763546145,6913.020459564588,7133.936043066875,7377.956333559288,7641.332376337523,7928.050847321412,8202.988542202773,8502.371653081316,8860.896556354372,9182.739750079854
experiment_194,6172.214571949973,6252.388303175577,6329.201321293172,6412.102819030686,6499.6791626297145,5153.906947069112,5202.727869433114,5300.974858025599,5380.53609538294,5475.5353312707175,5572.108787098514,5633.276839092332,5683.1750425361915,5796.879965196353,5933.387212709177,5958.304389044728,6074.1715568165355,6160.695381512765,6270.700150789711,6334.379428019702,6462.26544698107,6629.255271435044,6675.28071378663,6802.389052638776,6924.31429911532,7032.545125283146,7124.381957531993,7267.9240248641545,7363.312338194597,7477.314182415705,7587.61143201962,7681.019377119019
experiment_195,6172.214571949973,6208.520949962609,6242.262389104892,6286.251993705982,6341.805221498389,4539.412726310815,4595.737040319185,4638.689707448308,4649.514272696824,4710.926647078693,4817.366007029987,4808.874560213826,4898.007437638406,4918.856081215757,5058.452874218664,5080.883188336654,5147.977967132865,5215.4605626282355,5305.69294536069,5413.131260337272,5499.91004184298,5608.806379168434,5709.202831151563,5794.2099237985385,5889.84718915685,6029.213821323834,6130.62887163523,6262.068889333841,6399.778469350256,6525.897098368763,6670.490618911392,6847.952733990319
experiment_196,6172.214571949973,6295.457003163987,6411.612100210276,6530.475591631763,6659.4108083863875,4982.759875337415,4989.418576314152,5099.764673647845,5239.69740675775,5288.537000183987,5404.8809673793885,5523.114850304573,5535.271938546028,5679.45499002828,5754.770790830336,5799.79504439875,5939.236046018474,6074.782807240729,6139.661094252732,6210.881381570867,6367.964022380611,6420.368895435848,6531.894419507458,6628.800313736123,6733.669592144219,6867.495148881826,6958.194670374398,7032.234969719304,7167.903988584953,7302.742785158354,7367.809439536562,7507.570253254181
experiment_197,6172.214571949973,6276.593138380858,6370.560442607646,6460.652972495378,6552.987121108006,5026.762670233654,5093.058785792215,5128.682078510061,5238.784164480185,5317.218825717113,5322.434893248013,5343.269411782812,5444.556746432928,5381.68153061433,5444.458649024391,5524.136504377075,5515.035477693244,5529.214555542302,5554.442641268431,5576.035374098263,5555.098929636024,5637.183558088303,5610.380293502405,5597.299571427557,5635.928423140424,5628.636334516403,5675.575552560173,5614.516266777311,5573.033469465545,5585.72578621737,5629.234353707827,5558.98643140692
experiment_198,6172.214571949973,6164.2755857432385,6155.91667131679,6162.284173010339,6184.387918862001,4380.055007308392,4334.975685516294,4456.962375017789,4451.765790467521,4478.77119584634,4541.271139684782,4520.3154493657785,4670.517398720106,4703.027424930885,4814.572620736769,4870.757341000386,5016.93097438869,5139.348208581608,5255.972639195638,5355.05276249229,5600.677690624171,5729.225040231692,5966.942302683561,6186.756379039153,6425.74510777102,6688.861029102544,6989.668550683969,7317.187420696323,7672.9092481064845,8031.804974139544,8438.689274661905,8871.96954632387
experiment_199,6172.214571949973,6178.910938923477,6181.046073779877,6190.863685007501,6210.9269095127975,4567.523717676575,4654.7183469177135,4630.457605804837,4701.998606032105,4647.760564521471,4714.839902508947,4741.858063644448,4802.060720369604,4803.309712604738,4840.887366011533,4866.379066013218,4955.803120640257,4989.282118109031,4995.171735869055,5112.695070973959,5151.636499665856,5172.85276378379,5257.5247539885295,5309.804555398561,5476.597374463139,5457.1638105158145,5549.450199836247,5612.151653392028,5684.515185022174,5826.330291629993,5888.253082707202,6056.00304838474
experiment_200,6172.214571949973,6257.484686228181,6337.408666938754,6421.265836063975,6505.82253679068,4858.125257304642,4950.594195111382,4994.73191467902,5090.425317855686,5160.1514077778265,5207.108267900894,5304.746991009243,5344.689386305079,5436.585644738767,5479.087381090581,5506.459027849237,5640.663968238359,5670.131532775493,5718.104893105173,5791.012093777183,5846.747426303427,5922.7137608480625,5980.445195799148,6000.938489605803,6059.772389889377,6145.903822027562,6245.146101192472,6244.538811947079,6353.929435408725,6423.801882668296,6487.468719442216,6537.767458843091
experiment_201,6172.214571949973,6117.921899911457,6060.79639910421,6018.171008512169,5981.301791201927,4343.979216642549,4284.878731748122,4309.537826573731,4365.0145790245115,4284.180029469142,4240.588191088083,4227.76084924966,4241.344050632541,4315.091301981345,4368.485662654843,4271.377267575455,4225.5182194675535,4365.824736766428,4359.847311914198,4340.360979920725,4430.082236068985,4459.319181169419,4433.897088524642,4466.973726316458,4545.558067195925,4604.815083043453,4755.693479450553,4760.297402108538,4818.587340686816,4888.326634585852,4982.9356369023635,5058.928030197298
experiment_202,6172.214571949973,6219.634709027561,6262.753298193871,6308.811474243486,6360.594708964911,4682.351690687637,4717.980437464835,4763.064990948381,4781.648658073039,4785.940607071261,4834.523805880825,4836.2039891168,4881.232982295014,4898.992946837038,4931.173533182114,4982.860419638927,4996.173989402145,5024.141659421792,5021.152024722851,5147.243488369968,5156.767659924646,5168.589043204388,5175.6068624879435,5278.43229480516,5311.52354084516,5377.631457886029,5365.583904647995,5445.560589692784,5442.374148005645,5538.264256018316,5552.672803039148,5613.249633266698
experiment_203,6172.214571949973,6289.361256434413,6397.703063681038,6504.859654145333,6617.857420569266,5059.440677617065,5150.434078558827,5253.6811293512965,5425.42704229801,5462.7806669286365,5544.569448669328,5585.060419853566,5694.707549896741,5805.7526597871665,5829.110855407883,5905.069688066496,5996.6561905137805,6056.668114912663,6136.941566018249,6230.52614208472,6320.622246147586,6427.067203201135,6493.317963331352,6598.905918800268,6684.4328160367895,6761.705150461469,6869.863194751873,6981.890875682955,7028.6803037513,7127.106799187597,7206.416904523886,7283.191383211814
experiment_204,6172.214571949973,6151.4965791400355,6129.884893553139,6122.9853255597345,6132.1574213608765,4552.519552859674,4559.274701119292,4586.876519598972,4540.942275778254,4570.500689179216,4687.339564734384,4702.389851245574,4758.578681564555,4817.55584119331,4883.6409270898075,4931.508134428468,4988.815977372832,5115.916956640482,5155.478423117393,5269.225928437407,5424.684871984935,5532.655754557812,5656.235420888129,5776.272267706652,5890.4745011008345,6062.088244103297,6199.148460182774,6429.372610098515,6564.531482507531,6766.081471364851,6992.303719118028,7206.315316574834
experiment_205,6172.214571949973,6189.992969413628,6209.229802033384,6227.406993030438,6250.60055939287,4725.118220648165,4783.392959383365,4747.927127628494,4852.87641527419,4837.88602571757,4875.8162699407185,4857.601456576729,4931.931915336376,4937.458416403271,4960.81215745131,4965.845331889414,5009.815740114731,5077.552969036338,5063.658421099621,5134.858610268593,5200.7059508079365,5279.00431884258,5294.658745299985,5373.767871535618,5380.054407048208,5465.800729052182,5507.113653302746,5591.385284857039,5742.4054749014,5749.7982697174775,5831.002952747616,5892.783613501793
experiment_206,6172.214571949973,6183.654637896341,6184.962434781486,6189.064119794799,6199.126969173212,4713.815122599062,4655.772777328929,4693.6341739687905,4661.76869655181,4735.7214003802255,4691.256405433233,4696.496907248062,4700.684280014297,4742.063222779983,4648.433897748902,4675.726403806055,4702.890394008244,4676.66840011895,4760.259618062663,4782.841787263073,4768.9762353633105,4811.976896936641,4828.653221673481,4883.269896526606,4889.886860351375,4898.245844586243,4934.251281909672,5004.058209947708,5004.749954278256,5081.0144346742945,5164.96608018796,5214.690531423157
experiment_207,6172.214571949973,6145.655688849363,6119.844451113988,6108.588342182655,6114.001779185693,4427.199969889371,4321.8237013401795,4328.575990188296,4300.878535126546,4361.519549253091,4403.084301369347,4405.899790990879,4439.397776256197,4558.602799520517,4607.5731363268205,4693.453800202109,4758.721526891888,4850.493456499377,5038.885951559283,5158.538158961388,5255.929434885069,5422.777035443356,5536.240862019877,5787.9051763693615,5993.062318537937,6219.3536709152995,6462.349966356407,6733.83599396471,7024.671390967434,7388.01109969631,7721.405017678573,8074.879746378407
experiment_208,6172.214571949973,6159.388731685226,6140.399092643073,6132.082200575809,6141.877734477003,4473.2689824512945,4420.210197698816,4487.4077453823265,4434.283998562769,4445.822634201873,4451.749958875752,4529.589182062264,4539.156960903164,4560.635995957325,4573.125588985829,4623.023332764724,4743.241699991005,4736.018054632464,4843.539916913565,4880.4264816240175,4963.154922715721,5054.334361972726,5226.790200417548,5331.62292421413,5464.9762987454815,5616.407047814003,5795.659505037322,5988.561403237876,6196.0379062408065,6366.822095603626,6574.1917598775835,6871.807806440679
experiment_209,6172.214571949973,6176.85174087558,6178.216704099092,6181.769895659127,6186.529163123441,4868.330931228688,4839.437200142387,4813.589054219546,4829.200247178023,4823.2540503998625,4847.952609857986,4833.235684744336,4854.370713931047,4852.543983127795,4812.7704496482975,4920.541565413259,4953.133659710089,4933.6343152473,4952.509843966942,5014.676120055123,5108.905067263386,5073.333684446172,5102.189404890104,5196.348119519281,5260.164756193323,5265.0756212358665,5370.573531719848,5393.854042062125,5408.90305311841,5534.973629775263,5563.668552252545,5621.292538034631
experiment_210,6172.214571949973,6269.2663462497785,6356.906129403551,6444.158912887233,6534.730954894318,4982.720041163311,5070.6651620930825,5073.435454416007,5248.162810260059,5307.530105854879,5358.415622204007,5401.224582671346,5454.764417614237,5497.355960812989,5579.568626692236,5621.898820510889,5696.73577976094,5711.290526044564,5792.24453697058,5865.929192688814,5895.145792028456,6001.664770055964,6032.96150017891,6132.157797728208,6153.955378341112,6246.344379174515,6282.881561076001,6353.069112454012,6440.383846879515,6446.572006789818,6515.82207796723,6609.447972617953
experiment_211,6172.214571949973,6247.0290935516705,6316.8980245118055,6391.938024035758,6473.432369557536,4658.212760956868,4653.9996157355135,4738.009381129321,4831.183555821273,4892.738114471843,4879.291584973971,4957.825548461718,5023.274724516612,5041.931905981278,5140.577867849117,5141.945840448472,5211.530670517095,5261.428519554647,5338.640589774996,5361.063264446118,5441.497570367697,5502.550569410496,5524.6657323644595,5568.397023637819,5639.818638202012,5704.040334152482,5739.1436717215165,5863.977437253003,5946.004534046507,5991.877865835523,6043.40133866385,6088.138985942711
experiment_212,6172.214571949973,6209.9017565126605,6240.976264899302,6278.744479970824,6324.189231877893,4500.306199183228,4451.865152911874,4501.794000546619,4630.504240229171,4588.029063217461,4624.615002329794,4641.76730399279,4734.187639237462,4770.944949000695,4796.8175144666275,4818.0607940529135,4941.9032935652685,4957.471996774777,5046.889485598471,5116.9755318491525,5138.942986904078,5250.196704006337,5336.95121504923,5392.32900291143,5474.418868584419,5598.973174194844,5672.505969907736,5829.927475430262,5932.8995157967,6106.058922791501,6194.6386762619695,6323.64900940968
experiment_213,6172.214571949973,6155.281402387538,6133.839004126903,6129.973965432393,6132.162634945105,4699.996673137577,4692.633612858255,4642.019738025631,4664.593130833311,4701.29180960281,4669.817881587508,4758.425142925532,4695.274098738048,4761.719100599953,4805.498052067223,4823.876963695273,4863.560200688289,4936.47242159715,4961.109892769753,5070.469279015471,5066.319194058562,5179.818594085845,5251.359459692992,5362.385078446462,5449.538186901669,5483.494930879223,5613.904517117902,5717.703894818995,5828.267525391313,5986.287305428788,6059.069580377041,6176.681795011718
experiment_214,6172.214571949973,6331.842344311481,6473.523976355693,6617.507777069467,6763.351845738267,5304.18437647811,5394.907120823824,5504.963757235937,5623.152033290094,5729.240884159044,5821.993426690515,5891.192915526996,5961.913365508974,6007.778669744973,6051.675555244481,6094.397122427894,6154.327247461348,6184.797210777986,6199.000248852742,6216.594698794742,6220.361187408752,6221.380077067313,6244.559178692227,6220.073697483274,6218.1984340934305,6236.611644265931,6189.356002476366,6157.285175155048,6094.005535637741,6061.016412054658,5959.363570399864,5905.35971084745
experiment_215,6172.214571949973,6174.495953126387,6179.842933470456,6195.325645056568,6226.161714303879,4614.4827201664775,4672.413279624405,4610.112194232561,4742.8165136305915,4756.072432666049,4805.685967914847,4838.716621446377,4910.232088396827,4939.77682963555,5054.415852987251,5106.0297922487525,5236.791131564723,5293.733188123489,5430.327033620138,5471.286809904637,5622.074554748247,5686.975055576357,5866.901488050869,5911.424464772328,6062.147973475481,6185.1068156052115,6290.9909361725895,6476.666956418522,6610.998789108478,6764.023610143249,6873.711756128445,7035.168534859665
experiment_216,6172.214571949973,6153.366025614642,6133.251426237283,6123.858273777725,6128.062958881834,4345.8345808607055,4338.454508319305,4427.871119030549,4412.755142927355,4416.238770255039,4468.786710958807,4491.442853930309,4561.814987201024,4548.431740961779,4572.63583586879,4628.9826328977115,4687.896503253656,4776.1645269619175,4811.618708728138,4884.991606172379,4929.382422190885,5045.354454849181,5113.95439897725,5220.6885405124285,5286.121162842461,5466.709695891889,5578.187915425076,5698.029242176517,5816.097946904634,5955.95511732587,6114.964949649339,6294.387325199956
experiment_217,6172.214571949973,6237.352659388362,6294.711537024434,6359.007275664996,6430.134619341106,4637.775278778464,4709.837067398235,4720.460082237118,4844.854321637367,4928.982561718838,4904.090146732746,5009.429052838268,5092.6403840061885,5094.47972600455,5157.140781218695,5215.465820354983,5290.753361116736,5336.56183086524,5429.569558071662,5481.109542264401,5538.658905456562,5570.854273799951,5613.826758783142,5686.340445627735,5766.794363842733,5874.929413743519,5929.806333565921,6042.292895450857,6080.638509168498,6176.3389350421785,6229.128961278197,6359.801703998017
experiment_218,6172.214571949973,6200.555218412259,6223.584831734075,6252.99563105505,6290.804032989188,4824.821032788232,4863.718028072887,4857.81721045293,4904.389536045754,4905.1374662520775,4967.793145985017,4960.015483877446,5037.75284373844,5126.243331641239,5160.388679522685,5232.222364818717,5201.570572682389,5272.7280337181555,5333.0538517897385,5397.364483167032,5428.773466641869,5547.68119881797,5567.595119142019,5605.023758503592,5725.9718785568075,5800.038746334288,5911.285477555359,5961.9305975370435,6024.1285850357335,6173.950503727314,6198.835726476869,6318.707190763542
experiment_219,6172.214571949973,6172.588217335576,6166.043943170824,6164.716721136623,6174.838573361927,4688.985419173701,4617.647297015503,4613.094391096132,4617.705485720731,4657.219249197693,4643.790418866043,4710.484945632331,4595.807164803421,4595.131718447105,4607.192052100891,4634.8030463605955,4695.42125327269,4654.957347885864,4748.979571683584,4780.547636411844,4800.768960849646,4820.340577169403,4850.724812801225,4864.983476873091,4951.331057798897,5007.522893556794,5084.908903494583,5138.044902955987,5212.62561587271,5325.357101494133,5373.666621595052,5480.859169127933
experiment_220,6172.214571949973,6295.902140356269,6407.343396803937,6522.696349131691,6646.412018197168,4715.651415981501,4857.16898223831,4926.7332145116925,4966.197101492993,5045.654579410853,5127.722738278995,5264.627851347288,5322.579909025202,5396.137564343299,5431.479345427427,5544.775348620775,5642.996304168684,5676.19396500916,5780.64384247166,5816.188236492354,5885.650843993344,6011.506482693347,6037.098026838357,6155.58511251305,6265.929411237944,6363.862885773391,6476.986751831868,6509.542535843392,6611.904244956995,6763.431290941794,6861.277415320899,6930.3546693475655
experiment_221,6172.214571949973,6224.538403729915,6267.9026940041385,6315.163030615495,6368.6966266955915,4653.993494844494,4689.804962513515,4786.9445685826095,4795.971095728113,4826.5784275607275,4897.77979275101,4920.606864968453,4992.5584239714535,4984.611023694055,4947.743887242208,5053.539382769098,5075.098217014209,5113.288025733865,5105.384893838253,5192.236719382805,5231.448891501533,5281.988664768021,5303.598418092244,5330.0562564449265,5419.7968457783045,5470.796217965492,5450.988651436236,5540.58248081803,5603.29287627236,5634.168839935648,5695.9482230196845,5732.506891602837
experiment_222,6172.214571949973,6127.9585189924255,6080.6743081183795,6047.6571657991735,6023.965930751396,4315.998146208494,4248.582621637669,4285.751232868364,4270.259843164596,4268.205009464659,4314.58054548819,4289.300484421799,4307.625149685193,4343.4945308026545,4319.199732942106,4321.89418763235,4422.225577092337,4465.339155021723,4522.436056001627,4538.854730916877,4658.290368344249,4615.471719219589,4758.8937080250635,4921.84162730354,4941.0489329710235,5071.778177499344,5224.29942968795,5438.67615463674,5545.3195625452345,5769.189075628513,6012.657123614887,6152.473811802594
experiment_223,6172.214571949973,6224.337389721593,6266.403804906888,6308.93923022878,6354.560728192526,4751.339958441561,4823.159951220844,4701.202163910995,4810.185820364615,4773.5889012755815,4842.055239401183,4797.663535349004,4842.042856832099,4758.755601593906,4873.802290138579,4764.358368779052,4797.261579049115,4797.732578823319,4849.729968437482,4771.641057604898,4776.683805320863,4782.0906384688715,4759.968942378481,4757.447765664107,4661.115918749763,4693.8652998492435,4680.9496196639375,4667.92371992055,4626.776484597311,4619.390669528902,4599.222621881709,4656.08879370501
experiment_224,6172.214571949973,6264.117237220201,6349.714105980465,6436.803565003323,6524.702132547305,4825.130306293029,4800.870895611498,4967.343328782526,4967.157711182355,5004.639378701848,5120.62601058154,5136.546122523212,5180.454648863878,5216.783560477992,5335.204803777719,5353.91693978056,5382.780030365319,5420.908909701805,5510.5380420713245,5559.931060724271,5602.682425066194,5604.110708924689,5680.664797701595,5724.475320811955,5776.152479023225,5827.143771813699,5857.129861946663,5884.6226949370675,5957.425417522823,5994.591662931978,6025.771908044151,6073.6523256356795
experiment_225,6172.214571949973,6143.2397579770695,6118.106059099835,6108.378774499679,6115.047252245653,4281.977948411199,4347.864311628048,4351.279626551857,4452.746945858331,4416.095289284657,4427.215084924979,4439.212958126183,4629.455498989422,4621.205125339127,4677.433702824527,4762.440385185792,4857.0806382452065,4944.464487829916,5060.193726386301,5233.627542763841,5350.379971136571,5531.983351850895,5727.25206492273,5903.609462562452,6143.4223486637875,6358.715558616411,6676.751160301618,6918.461400128366,7215.4072033827915,7573.459024117962,7897.06779242369,8257.426015803394
experiment_226,6172.214571949973,6153.219177023161,6137.550761185782,6133.802044018657,6143.760693054659,4396.080291892176,4332.351552717599,4475.539729156794,4400.783800484568,4426.8002806557115,4426.056359642607,4508.671636150258,4555.267163993301,4647.38147680445,4693.355286207156,4786.381749889094,4904.893439364299,4995.386722718878,5107.729599486249,5258.705432130539,5364.677477011233,5526.257317356969,5667.185748589123,5884.86530547421,6030.08712686368,6251.378936535739,6437.4946422852845,6695.986780574407,6959.658179022582,7223.931226927818,7516.801002964176,7849.27567997587
experiment_227,6172.214571949973,6233.907418296896,6293.797458011185,6363.091002012719,6441.346275300006,4731.095235702875,4820.641400168079,4836.085888673437,5007.460146474572,5081.061272528412,5124.695992956857,5259.855163177931,5273.545068964288,5404.189343291121,5498.182849891214,5595.839149697986,5678.350623172641,5819.698352845841,5893.819336195218,6021.803131229126,6171.961409595935,6276.83685422831,6428.012692562137,6554.494906737815,6753.685068937204,6902.317891767774,7051.705308207829,7203.324263968554,7377.143617673245,7548.709453557802,7709.548545573278,7932.723288424988
experiment_228,6172.214571949973,6241.565619058592,6298.762608811425,6356.961754027794,6410.807241476047,5072.6991588391775,5064.84418070186,5099.711535030734,5188.13525120817,5195.574969152225,5256.677531832929,5282.609082465319,5319.197994964339,5327.24299274102,5348.94652993611,5359.356275832457,5337.508466295603,5367.314522531709,5404.147696599163,5351.420292298006,5431.139211593378,5474.351217863216,5384.311380905164,5407.446944712285,5426.889753367677,5417.705528159036,5434.45727940078,5430.021870191305,5438.799881244328,5455.348963793467,5410.363333903365,5443.311389230397
experiment_229,6172.214571949973,6159.586563641742,6145.443415335538,6145.617496755392,6161.349799182301,4721.138893969153,4773.556559080432,4805.644463076887,4878.79982449322,4772.4699944303975,4923.942839116564,4934.3024333867625,5044.439257036436,5094.56978565563,5134.930865042616,5258.083481575099,5350.292475623397,5402.312560694865,5590.92112501707,5684.698440801996,5774.385913556958,5990.147115863666,6128.541883360835,6321.855778840764,6436.262699966532,6655.4983955392145,6842.381879695529,7028.032659941491,7245.447802479179,7458.640265304786,7686.88078216022,7941.930693896144
experiment_230,6172.214571949973,6161.198997198617,6153.911387466644,6163.020827063801,6190.24238740186,4344.744059572465,4451.005726853406,4487.287335978854,4488.716905155634,4641.952836682395,4649.568612695692,4757.075218705342,4773.570157284545,4866.131517151677,5019.779559128374,5163.807995843421,5247.924405532752,5421.904943015012,5544.893493027312,5705.617544412316,5901.785477907572,6081.7771520895985,6344.522388669635,6585.449759553924,6884.9390431093925,7123.578712024388,7419.2301762677125,7755.796693709337,8110.860070133338,8476.711551118731,8865.926343208139,9293.371329196943
experiment_231,6172.214571949973,6194.324307283146,6214.560144184272,6248.258688318077,6296.479201008467,4389.3266379201095,4502.724798535883,4581.316563994575,4624.187394750861,4673.444908671597,4711.766382777929,4829.752184129257,4888.158943571886,4922.723270314907,4976.602442880327,5114.102033010424,5169.693760358802,5284.32405553295,5453.397382376388,5567.662308476669,5686.246665235525,5876.278481778043,6050.811670309681,6218.350732090526,6431.373352309979,6605.784930881313,6856.454340216122,7110.660792079326,7376.679168185811,7648.8725804756095,7932.354747807354,8248.6017380221
experiment_232,6172.214571949973,6185.439417478866,6193.465987101663,6207.106635936554,6228.949042494291,4648.698479647601,4697.6807622201195,4612.788563931218,4646.408432058493,4708.409689722252,4711.326137717326,4838.383343163638,4782.197899221241,4757.225973718786,4822.329504627474,4863.973153424023,4909.42916685576,4992.465008880394,5040.426261260477,5063.750492472538,5168.407294639734,5242.571218525868,5301.628844490648,5481.641715017017,5533.9895166654205,5599.081742251648,5742.220034222624,5874.930665642128,5941.88474748451,6071.1474926010105,6230.546881684853,6327.324075994413
experiment_233,6172.214571949973,6172.214571949973,6168.7504377286095,6175.223628525621,6194.198453535274,4551.967919046556,4626.736490813015,4620.334821948096,4653.380841521767,4709.323330784223,4747.582260859981,4847.173005246446,4877.754212650989,4875.593605987067,4938.394058736303,5005.01753573827,5033.879475898891,5147.979325259429,5137.585002416141,5244.285139922332,5355.304139891352,5396.6892671957485,5511.923209003645,5620.688438532685,5698.985967688121,5762.322273899481,5902.480618872591,6019.266335781585,6119.601598194171,6271.417953264192,6416.106033871682,6550.71454874966
experiment_234,6172.214571949973,6218.628297043009,6264.7432393997115,6308.6761665088525,6361.193679468169,4816.135453552675,4783.591470508758,4816.049920871086,4879.025086310585,4949.002625094658,4961.822768823666,5028.171604310052,5071.597039695474,5094.852946925385,5114.290194959085,5210.652156796992,5234.677490197459,5312.946241038908,5399.3150111333325,5417.09930199612,5503.45048939744,5577.17015846717,5719.6677809375005,5803.828450569519,5890.009791489445,6003.427607271873,6083.246869601862,6214.770249822612,6364.611247894397,6484.625598415558,6614.134318416317,6775.922602194954
experiment_235,6172.214571949973,6233.089160008867,6288.281729413289,6346.380531193021,6409.92141708137,4529.322448442135,4577.512469890624,4606.3985998737335,4743.879888161623,4761.210680420716,4812.443351074449,4856.35160938814,4834.44599623717,4942.997330945278,4908.2029419634255,5007.65527629374,5069.6615315658855,5098.239778850482,5229.50462770783,5199.962989063257,5306.629758536503,5387.853422558375,5469.0024952173,5534.065194486933,5668.536765689374,5773.036731240667,5834.931444789303,6008.051723913633,6099.858272769586,6231.6370697237035,6387.71087795162,6498.161169528721
experiment_236,6172.214571949973,6218.754733661764,6261.719414137808,6311.015485728661,6370.291539972621,4995.47569819503,5046.752519190883,5089.850017483064,5218.741821714135,5258.639595930208,5351.695701087769,5369.230576928128,5441.651985671636,5483.226742958482,5543.41059959968,5580.544374637293,5702.96666079482,5725.020278424739,5796.472073271596,5939.130634495665,6029.784653378016,6115.620634506387,6176.4848465792975,6291.468091082725,6411.102839905398,6494.483870480076,6614.170561102936,6730.009020912739,6852.000324396665,6946.902856817886,7126.31448387661,7247.90934412044
experiment_237,6172.214571949973,6167.147608080434,6153.490181775816,6145.723564615113,6146.365410738275,4373.385222623783,4329.075396575182,4296.324404669921,4408.261034920634,4295.329619696677,4333.38572527962,4310.620412021551,4290.844847919639,4338.780161760287,4339.8420212954115,4327.471329625113,4315.958700246158,4408.955563139891,4405.322799153688,4339.549640402771,4364.586295215394,4389.363680913661,4420.431704222836,4458.425740244136,4407.973546567603,4592.788616673135,4548.021003236143,4542.723136345279,4605.86392864148,4641.07542863181,4693.038071034227,4792.723020579122
experiment_238,6172.214571949973,6177.001829617457,6179.073711659374,6187.550541904644,6203.9149010721385,4504.002928576997,4593.225096141876,4620.43948123619,4636.4312587372115,4669.4665903610585,4702.867695975638,4757.147945979663,4781.737911716332,4769.015377345671,4748.339515827954,4819.876179986615,4838.960818743756,4944.876721651494,4887.320289509343,5048.971569221475,5088.2921385791915,5132.053202631148,5199.759029951738,5273.112360442074,5343.118840289266,5382.4901987496305,5411.6586119271615,5490.181533082393,5535.1073874693875,5642.302830799686,5796.1693770987185,5879.122658505592
experiment_239,6172.214571949973,6253.906948349834,6329.511897013479,6412.998657506707,6504.122273696354,4699.681262201664,4639.955979937234,4786.167648897634,4860.24496815048,4914.722967153013,5035.199454490626,5047.865979269178,5142.325933063434,5186.6763202156835,5227.767920589027,5261.073385811147,5367.641194967573,5368.116420430577,5429.186041144396,5474.355049366439,5551.42134812506,5614.425451648292,5649.337048109055,5688.74232278357,5744.467156514822,5827.74219791695,5855.164868811053,5918.036049566752,5911.137176896882,5995.124480964616,6086.775915609445,6079.6215841260655
experiment_240,6172.214571949973,6186.945184895074,6201.525541633637,6216.426349198079,6237.022631592445,4623.932118845488,4576.412692756535,4661.682296256424,4649.126484623094,4715.745388400359,4660.739337856292,4667.7652564857735,4706.017418125292,4670.209320562288,4687.080290634314,4677.347396781675,4686.268221069382,4727.259775332773,4736.181748180492,4810.661562413955,4740.910838999921,4751.562651991848,4760.470246048546,4776.112199450741,4829.0951477137605,4766.714661283653,4778.9113321371815,4789.539759861551,4774.453642436755,4793.647587399072,4831.90130994464,4846.596574043731
experiment_241,6172.214571949973,6180.958460191688,6182.513400162006,6188.618535695734,6201.619993169746,4549.44549538655,4475.013764698171,4519.914340977236,4546.682928980759,4586.200846441281,4634.2800498785855,4660.140348267789,4666.617552464631,4631.105125855129,4649.731515223279,4728.181870110717,4726.950913480615,4753.899443297872,4750.30199017118,4809.662432165546,4908.007219821033,4933.549146635849,4955.8947778534275,5012.713630323778,5130.592773973984,5129.465312249946,5192.545102913118,5307.957870218694,5414.7983941316015,5484.352624517246,5589.892709035807,5657.726877155181
experiment_242,6172.214571949973,6243.28395227536,6309.045884287734,6378.885208008689,6452.5114422692695,4991.333360272047,5009.189208123402,5077.4682312328405,5171.887084374548,5190.430032673707,5250.262694533891,5263.348643919707,5374.239215301868,5365.00241959085,5458.366340041212,5532.596389381208,5584.1241453284265,5649.072193311416,5699.555852408951,5736.037586715331,5795.84887135856,5826.533380892413,5907.560148305895,5936.15137145624,5987.910413192785,6024.926109837299,6125.685633944672,6158.973468972694,6177.336381441378,6298.315127963957,6312.551097003216,6356.301477010644
experiment_243,6172.214571949973,6178.2271473771825,6178.64822689593,6184.946405026265,6199.487932614729,4629.155095891207,4627.523248114436,4620.339338738282,4732.564998058605,4722.7095716928,4796.231443823608,4752.637617824791,4817.708224364796,4803.779282458727,4857.717237476281,4942.683936595603,5004.675740241944,5070.792590713658,5151.496761810638,5203.962357198752,5211.396428624526,5335.933994320692,5388.211736880779,5532.253712010901,5564.6594205483125,5760.353531491327,5856.450921429053,5974.593411469272,6072.987162094026,6227.885552312156,6370.747088061995,6511.582070548241
experiment_244,6172.214571949973,6167.497738852824,6154.1345100203525,6147.792768757166,6149.6749677994785,4645.557703736441,4604.325797942217,4580.957352668406,4648.988010657804,4641.485997660757,4599.025222531584,4603.961630041067,4623.175735974274,4666.7294543224725,4642.607066203127,4753.802953036954,4778.805355711891,4754.205709736916,4794.279213382472,4859.662314614994,4884.840372622672,4988.512761642301,5030.095496310846,5097.678447656306,5190.581002186813,5215.978309975495,5277.597935416962,5402.78559242251,5490.5184599918775,5655.011392806775,5686.532604994924,5798.373748445267
experiment_245,6172.214571949973,6291.894616012772,6401.791481642128,6513.348752387241,6630.675858767605,4941.937215441443,4878.0184800972875,4975.248975239478,5071.799435351878,5107.205630284481,5184.620586232125,5221.764271697961,5343.277083935021,5284.437393191489,5415.6773312935675,5440.680386227757,5475.061124605652,5565.057629190698,5560.67230887193,5624.9914941239285,5631.437921446457,5652.6225465757125,5692.871961710589,5697.656439822224,5703.178716545641,5690.605072730731,5733.844310052964,5731.4159003972545,5753.519179659883,5779.612695348176,5734.689795636787,5753.461356051199
experiment_246,6172.214571949973,6196.778180746921,6219.480358085974,6246.2402482267025,6279.058273240418,4931.37208860829,4910.852475808278,4953.020390751222,4885.713735115018,4999.4826561409955,5030.405865846349,5097.845818282156,5045.965550741794,5105.233523789722,5139.5469321784085,5201.967308161338,5206.790836989558,5224.823657957968,5279.987921143624,5362.7446614640585,5345.6849352714535,5475.148687666606,5500.591012126406,5563.746597527343,5602.24574845066,5699.001241531005,5729.923838102777,5846.603356436153,5911.656174829658,5960.929491718332,6087.228412636981,6163.635992648129
experiment_247,6172.214571949973,6145.186551041754,6113.7369023272695,6092.421420730662,6082.84487393441,4536.405290841395,4444.834181629816,4415.733156558554,4498.059453175249,4438.070922671796,4525.148446096444,4484.383139981302,4531.304350474093,4589.472449510485,4582.552497108255,4677.389491376672,4677.627202717333,4715.695345339795,4776.383697165155,4798.429497865745,4825.249067219798,4875.2184267363555,4992.353835061013,5106.675062201501,5156.023252003193,5238.320524435898,5363.245317310084,5450.241164603462,5582.602479677969,5699.4827854238165,5834.287452503697,5996.709321439072
experiment_248,6172.214571949973,6199.020311077968,6227.448961498715,6263.139527659152,6305.527124013946,4728.377893004781,4811.675831931485,4828.17551826204,4924.623003924154,4971.372094018294,5069.908636149061,5119.297323812085,5130.892106931495,5174.441680138132,5288.617771721043,5342.350583225565,5454.965953898642,5542.74856511078,5618.576184893156,5728.784278007878,5847.535211476526,5944.756082526655,6025.957584343188,6191.461161476969,6279.4514849105235,6402.710115447877,6558.716564996932,6700.495135832487,6817.801509102098,6960.184794952336,7127.25385473931,7287.745999033844
experiment_249,6172.214571949973,6286.089301197619,6391.459064084895,6498.090010178135,6614.362279388321,4875.509333946535,4931.995914551033,5065.413018664689,5184.1346531690615,5254.078499817355,5380.790879371371,5468.851432697053,5540.1609253432825,5585.126864479217,5671.6931755867545,5771.809499046443,5848.492421494868,5975.786522213482,5974.3542843425175,6113.862964018482,6216.9258440715585,6258.901503752529,6363.035326829375,6464.800178243819,6594.588881231856,6673.334127637561,6765.86330268741,6878.940797622627,6963.396582554084,7073.43794473269,7206.331416149502,7309.597342056287
experiment_250,6172.214571949973,6206.460532210535,6237.215973433247,6275.805965981264,6321.502310071307,4890.931076623321,4972.69425538474,4948.25631990435,5007.956260906086,5069.322416725079,5090.469673527648,5106.238286496422,5176.823540822673,5229.331134792899,5235.465592621644,5248.280475556734,5279.22624755206,5352.871682026283,5408.681616996797,5397.401434189901,5498.402942457578,5498.991126224059,5586.788522840967,5631.887042862894,5689.480653345012,5713.542512187391,5755.465360429629,5832.390311686182,5946.647452072592,5949.824081054421,6016.581659577878,6082.162940869128
experiment_251,6172.214571949973,6206.594585168057,6241.5788175954685,6286.120494555151,6341.332562531922,4710.450359569078,4685.571444534229,4770.453327716428,4919.608755707777,4896.10925559438,4956.134459634694,5077.123842276134,5101.7827854750285,5213.99312378256,5374.402886762714,5429.340413804331,5542.548703673844,5611.290886173081,5791.06615200647,5860.557729594762,5993.055611729525,6153.051505861396,6288.373645663732,6416.364405486931,6610.47787719465,6747.345522564183,6902.282629787856,7099.434803662596,7317.653027585183,7485.049513099036,7704.871698256951,7943.186502330601
experiment_252,6172.214571949973,6223.723889124001,6269.645061323459,6318.6572542944905,6373.7766216648,4546.726919126677,4671.500300504571,4683.012912801361,4692.941630269488,4747.4341556741265,4807.18674389148,4850.990803788153,4813.748246845409,4914.919104285625,4916.544040200504,4999.846437678538,4930.831035101051,5065.329927981654,5102.1598023319675,5117.241605481799,5181.612111201366,5292.570598970576,5282.002235058666,5366.798145834322,5469.62425401409,5545.227655052012,5614.30618169763,5717.521026208183,5812.809612666148,5894.492410462571,5984.780905767711,6065.845568833067
experiment_253,6172.214571949973,6203.5352686243805,6233.735656992403,6270.471344265236,6314.5644265181145,4598.661288159867,4636.1345934386945,4727.556690555077,4716.440956540818,4788.260514461897,4849.873418065112,4877.009370439522,4920.2069677845475,5012.408955309659,5070.596606829933,5140.767353129301,5108.1703234808665,5244.3402218498495,5252.9745898056735,5325.745438694179,5399.707564845657,5486.714645362474,5555.898726673315,5600.51992520852,5684.544385192512,5796.698875803693,5876.502626798843,5959.786296803492,6001.746818302325,6129.0259649283225,6199.441756380384,6287.902446207674
experiment_254,6172.214571949973,6202.406404537551,6228.5885794318965,6256.842264058541,6291.251709833742,4620.747525672237,4627.151674459339,4639.751527454045,4733.432650067141,4858.639223255501,4791.199278699985,4872.770316423517,4884.874940155007,4885.0217613202285,4908.419998075367,4955.890525752836,5066.196888795855,5103.976962444929,5214.183705508329,5229.691205566427,5318.733057064983,5427.435776393616,5537.03626236733,5639.358647343137,5717.495787478925,5857.320644708087,5982.3082743225095,6103.748338268986,6309.994827433133,6450.593966860306,6564.271695712587,6707.308177832455
experiment_255,6172.214571949973,6198.140736452857,6220.932769954846,6246.638482125876,6280.5835438564245,4952.132903462146,4886.200572233422,4958.759672476444,5018.139300223651,5078.572283120491,5058.231792617555,5105.131361943775,5093.347993838095,5095.186425369326,5211.241217065283,5205.616107631866,5214.7366332193615,5188.517294309952,5281.2469525494325,5309.446864304058,5361.004150047058,5385.024929201727,5453.568565936039,5426.137133288937,5439.015005490281,5538.994482901084,5541.295820035713,5605.2606543660895,5620.486025881539,5664.932738047315,5694.091331069207,5755.588957778464
experiment_256,6172.214571949973,6164.115824287617,6159.680336642227,6167.520863657866,6190.509774797894,4370.167632613449,4413.606723438854,4393.844455489036,4494.21208509534,4636.584872178625,4591.3236988576555,4630.363483415575,4732.894690914767,4784.207409578521,4908.706728997597,4961.277418689334,5051.830199887904,5147.382857129003,5266.641238717048,5335.536557745894,5493.7221658006,5609.636036622798,5732.604954551989,5883.959953879352,6047.684899450993,6279.147990220381,6431.757929152502,6644.053365713105,6901.291814540269,7083.24253186882,7302.769688926825,7590.034390616251
experiment_257,6172.214571949973,6227.624793612316,6278.127037105598,6337.629292047162,6409.127613707795,4580.667198220635,4667.346674215172,4690.779123962437,4761.333369253565,4823.180888622253,4768.434656739566,4971.573321512418,4990.736592609394,5046.270576848701,5061.303248323444,5113.087122236189,5211.785806765813,5344.737024166696,5349.02164054759,5425.74023961454,5535.207128741866,5608.951685245889,5667.500262793124,5823.01540677061,5870.930622090454,5993.520713796734,6140.50186023943,6246.093444436925,6390.158704882684,6489.296640328508,6621.192997365675,6820.249802714026
experiment_258,6172.214571949973,6180.688746914608,6187.332888428511,6200.52697803156,6221.491066887766,4830.2261423924665,4842.06200783135,4874.626868868669,4876.689818286994,4932.0094361305655,5022.427537024294,4974.994067056875,5148.440067052664,5058.120034016279,5173.36867745206,5223.595964728168,5230.221261312674,5315.711852875959,5412.44439699225,5498.076326020691,5558.352969224707,5704.288838547008,5809.336114308471,5927.724501853846,6031.966764084562,6209.464301977074,6402.674606298113,6523.282144515336,6706.20377693752,6878.874814734237,7066.387308560402,7216.679861328919
experiment_259,6172.214571949973,6234.183098006163,6287.585976774391,6349.2204280446,6422.3201402560335,4602.319138481882,4689.825096873932,4783.854568274349,4826.059376062993,4789.587737492394,4788.153665365102,4888.256926119542,4920.193997304364,4953.539978624129,5029.937052205778,5060.619520339496,5108.47877282005,5198.387113496836,5161.176279110819,5259.630056221558,5271.562714276975,5294.776962278733,5367.329113502299,5393.818832926325,5397.197929690559,5472.003090251473,5508.694035977996,5565.354095373721,5551.79749700709,5567.282354639628,5634.129150287804,5640.262968708543
experiment_260,6172.214571949973,6179.890995826331,6191.801549373672,6209.79931394025,6237.108193223407,4738.126354263084,4778.083843723995,4802.363520738629,4829.358746528893,4861.20395989361,4930.033539265691,4945.326714647257,5064.454057302517,5075.770358044092,5095.112756366455,5166.462211469516,5258.283586480257,5312.057202967811,5391.432712740987,5425.979647768054,5557.876428612864,5578.207826470244,5682.416693977938,5759.498897579639,5854.223302897678,5964.340727215382,6057.862874688455,6129.6532588348455,6277.052274193162,6367.829608497319,6440.520237654191,6532.99307185275
experiment_261,6172.214571949973,6223.703334390908,6269.866508774951,6322.565396692949,6385.1900574229985,4892.630572450653,4910.575296849308,5017.610812648534,5110.254297658969,5107.426318075028,5171.362647896666,5237.711188928583,5324.842802342911,5314.00519446954,5345.419773732105,5431.227908782892,5530.101675773798,5599.039433074363,5658.146490811625,5766.662496681971,5821.646434216909,5854.321192910917,5974.458718136651,6021.790878017377,6127.073223052985,6215.137005021637,6305.908209287672,6366.121039841338,6448.938429330911,6532.37237726133,6635.45067416546,6814.151238058566
experiment_262,6172.214571949973,6251.014224411914,6320.835680552716,6393.948898556406,6465.846904958573,5073.406760903396,5134.212837123548,5171.042031895391,5245.21247019655,5304.293716178565,5377.547949650848,5364.984001827591,5456.290326889641,5480.585151454654,5534.542478054675,5559.9260764159535,5625.582267943017,5679.5784890910445,5654.125092618061,5700.034532091813,5776.64452103419,5812.3036600108535,5846.421806276243,5858.209551174938,5922.345583383667,5941.367944267637,5977.541586721041,6038.617942099322,6113.8657637467795,6088.616856124952,6141.05903812264,6192.256186625946
experiment_263,6172.214571949973,6242.412527408271,6304.740971825422,6366.613024221273,6429.010033983381,4832.5861533188345,4846.408782230437,4837.157433770898,4947.391547650337,4915.73172657926,4941.803436184534,4959.4125407883585,4940.120041152658,4985.59338508833,5011.522592915715,4972.679987687745,4954.777011643051,4952.579297854054,4983.718595140765,4953.3161554741955,4895.305222100819,4878.6215454218345,4860.685922490616,4824.80948183199,4824.002308751298,4779.628919367204,4792.795197071489,4718.200270748454,4668.99763645197,4690.098495382246,4655.637305926659,4605.314825340982
experiment_264,6172.214571949973,6199.203846092708,6225.63866442483,6259.352414633351,6306.073568079704,4435.309578109801,4486.970555581474,4514.901178556452,4554.771713347607,4633.510850604771,4645.813256966442,4745.168445499963,4803.523914891275,4892.16827476541,4914.15950201445,4960.82006290493,5030.833466141512,5157.360268864431,5204.000012709108,5255.288185033356,5391.508299932223,5518.775045577619,5624.716501143634,5752.09540945723,5961.67001032152,6117.380555556487,6285.992621154479,6505.242220943237,6679.423105819068,6970.707728349655,7202.871873879149,7458.1500920704275
experiment_265,6172.214571949973,6186.4749528565035,6198.709437151471,6224.978640513651,6267.159564045098,4569.94812704038,4545.021720861247,4597.525829923162,4744.277086002658,4784.775911274862,4827.878726027293,4948.492561668067,4979.408278203764,5028.927204557589,5130.744459278734,5221.0007879971145,5370.073433005061,5518.1883431917995,5665.371260025462,5781.899372102787,5973.907648750886,6123.474768487387,6327.0391063572115,6490.5352002545105,6732.122445308738,6907.32596581318,7162.246926645998,7396.246805123626,7651.979264554755,7883.67169764668,8156.851410754761,8436.946339373393
experiment_266,6172.214571949973,6221.746688801747,6266.5239595807,6319.906792168527,6385.000081919365,4796.494130249678,4846.979884946564,4822.330232507662,4961.1250662754255,4988.9464532863785,5110.992156697089,5073.563714324452,5241.603590165141,5238.0472968009035,5275.963934568785,5386.8592939532955,5495.256626689892,5541.802854688169,5592.769340655548,5715.158358020046,5821.349818220485,5927.733730882264,6024.856028216016,6090.38697658073,6197.992541550148,6316.595400070984,6434.7482399224045,6573.849601951073,6744.1119938022375,6789.3396484725345,6972.366344925517,7131.635723928866
experiment_267,6172.214571949973,6203.635687737795,6232.253019109162,6266.223973737369,6305.931015515159,4855.168799941088,4858.455855769884,4867.146131349786,4946.781991925804,4973.091071181667,5024.859517084127,5038.488858192771,5139.899308598726,5165.669924728769,5220.569840180051,5246.454085568868,5339.660746945138,5373.182271842628,5376.849628946171,5435.391940903987,5540.8704374072,5562.0300724228055,5642.570303952228,5679.4040470543005,5762.358905562309,5823.254567944054,5899.3657179570455,5968.658153633435,6042.012219666431,6158.417233423288,6194.5447351598805,6215.555604973211
experiment_268,6172.214571949973,6196.03982847216,6214.427098372585,6237.782501688979,6266.401599978612,4881.612905823967,4869.0235293621045,4852.445007013403,4886.721824113011,4940.515547704859,4974.850967234823,4999.1543249689275,5029.367124309598,5035.992962385044,5039.210321166415,5071.908001484183,5109.074546134487,5157.25586072029,5243.4599704867305,5260.666167413068,5328.298034069161,5324.935126746228,5361.518463226794,5468.150997046379,5492.87767930424,5550.9178404557915,5649.950429986121,5671.094487130718,5747.174173987891,5881.015028052378,5912.141712636865,6042.374594370029
experiment_269,6172.214571949973,6208.139545947752,6236.1696932227915,6268.606570901693,6306.020794128608,4533.306484263578,4558.0511022160945,4575.2754944590215,4706.437730958952,4699.380361279789,4660.399267490886,4651.690297776151,4692.86940868457,4710.04957107326,4774.7878045434345,4761.766671325966,4758.200836357625,4818.926175678662,4850.940565390726,4928.470646355816,4848.506127306993,4980.078137761382,5008.415261952938,5016.726254985453,5013.773361861658,5068.784220861127,5115.246846470014,5149.022627064466,5159.339993727901,5254.730984837253,5332.0003201916825,5343.787025531644
experiment_270,6172.214571949973,6268.246843302448,6357.715894315032,6449.192631059788,6547.318067711635,5048.077324199773,5121.778067124845,5157.47111125192,5333.501666679858,5410.3221950613515,5463.123360379121,5553.05954547156,5619.953095951594,5703.614401218279,5766.560829418502,5817.485216548819,5885.150625184095,6005.295328022214,6083.413478285158,6134.704091347281,6282.948031628596,6278.76902664276,6426.07528289874,6469.085771317796,6544.236912123473,6654.9534460513205,6720.530075870774,6877.494055454874,6905.811251295692,6991.955984181152,7101.7164435701925,7154.520792325386
experiment_271,6172.214571949973,6172.214571949973,6168.737275120322,6171.3200810884555,6180.968287573119,4779.929347874488,4789.02928069038,4746.304620756848,4838.054062793648,4848.970257366905,4913.652018405968,4825.481273385515,4886.606012220809,4906.696505759681,4927.204960595454,5050.366595308036,5077.021568376887,5069.443209723807,5145.874986181712,5237.937451850508,5272.60378865241,5385.428300387317,5436.421526284088,5507.101848300059,5590.4099251632815,5673.401345508932,5749.190157162852,5845.1111349846105,5983.205592874737,6143.234565409703,6214.772563518623,6314.14701697386
experiment_272,6172.214571949973,6194.0780942115025,6213.0930334239365,6238.642717577795,6272.264567076018,4506.558462549575,4467.278204815415,4550.534714477586,4565.812865862195,4559.550549521201,4608.382297443264,4653.493407735195,4744.52783708279,4742.090148923323,4757.257249166047,4810.51820887523,4878.675045488391,4894.285702390545,4955.74397644172,4978.625200700129,5081.200170222646,5114.983217124929,5164.053101505202,5297.784838189278,5349.443924087422,5421.218851053469,5504.962093497587,5632.69824748047,5715.9360300699645,5853.956291841945,5946.82291092597,6058.817227073345
experiment_273,6172.214571949973,6188.567124556254,6208.037572290948,6231.968753330513,6262.6819730446405,4847.373406226847,4887.292097357629,4930.757815588707,4997.739208530098,5013.986403630707,5064.9506859372505,5105.902388080553,5103.347418803423,5155.799082069432,5228.331805606296,5264.518425740246,5381.417683063957,5427.733976029064,5442.4741463766395,5553.585878966818,5584.515406174363,5667.234709974088,5711.007209158257,5806.677132588702,5878.9082510603475,5978.836772455681,6072.53700225962,6167.972561516586,6246.4934416583965,6363.094478069506,6464.661967317166,6576.862857005682
experiment_274,6172.214571949973,6185.042967142509,6204.041438372656,6228.4141118682255,6268.526103130738,4508.2458106058,4558.154770896678,4608.234960281737,4703.747996406642,4749.387353973239,4814.252827663586,4884.577243116852,4999.034494854919,5112.174733153719,5242.681998266751,5323.525793010818,5532.986451095752,5646.826497431823,5837.701436177283,6054.952624575471,6301.46525256034,6464.807835984939,6750.160447589457,7018.227107082305,7316.38890334807,7646.051350680057,7988.239566119836,8374.245555443054,8791.879106351003,9254.240264363005,9752.317487496317,10235.169864143194
experiment_275,6172.214571949973,6154.081851342147,6131.066033920991,6119.458737132207,6125.704074187875,4569.0282247488485,4582.643355161149,4638.41520710929,4720.411788538444,4718.924769240651,4669.712995151768,4750.8711321664305,4834.2363957258,4824.012418007092,4819.262682650363,4981.375006287036,4993.492901121104,5041.962247431866,5140.724214783153,5239.892820034427,5334.558329285239,5382.189349251658,5592.2273095906385,5646.323087578416,5783.987223675024,5910.04588433561,6085.454614236255,6226.067591401181,6411.3388893801475,6584.729233521,6707.924539838215,6939.68461326957
experiment_276,6172.214571949973,6184.635800441875,6192.136540376807,6210.295526746138,6240.338520372177,4578.639405378246,4760.252465582193,4673.929411039609,4756.141891288511,4750.106815002149,4854.268574459555,4940.1644136769055,4927.145371915924,4988.836047529339,4996.872192131664,5107.010387325241,5177.713283416934,5258.30643924202,5305.3752930434,5431.605667199424,5518.0209000501745,5641.199710901835,5762.922155389877,5889.959098008714,6065.912829772107,6237.413184492663,6399.740800332718,6497.520943889366,6675.487192737607,6897.884224881425,7055.556030340533,7283.567922026099
experiment_277,6172.214571949973,6320.91486065305,6463.007034472158,6611.6336633681885,6772.525582427668,4885.186654576807,5100.571839377579,5186.6372846509985,5306.255463035439,5414.757872129672,5529.167733033054,5622.486777648466,5772.495018443577,5890.749165808609,6012.646560859365,6172.9645599988,6271.703335741118,6433.519881356853,6553.98782023694,6731.714912716728,6836.0560359203955,6956.191891306769,7150.077799174494,7223.958771016667,7405.867177732724,7560.94299932809,7705.975835983035,7852.046690452264,7971.893650355909,8152.20644481837,8291.643558381238,8456.825061177053
experiment_278,6172.214571949973,6183.424789061497,6196.932962051726,6217.256623422634,6246.818520020213,4847.302181522548,4801.671312880804,4846.051114574133,4916.747897552907,4958.195233417902,5029.836273451928,5017.938279062074,5090.150023904449,5112.241662710243,5221.19514324545,5255.153387286533,5358.144785124639,5381.286270291111,5466.804438084249,5508.100190115894,5648.463973834502,5668.7640501514015,5768.843689747085,5861.5790437191,5941.860530312095,6030.911573765101,6120.494587350561,6286.20110116125,6327.722467994778,6443.366839123196,6550.682655712518,6666.700185204716
experiment_279,6172.214571949973,6209.026835722285,6253.683065124216,6299.894428953142,6350.071202382813,4885.46114536258,4942.424830983398,5011.424575682887,5065.8369936968,5146.697196757143,5173.132794851457,5261.082371628359,5309.436074377013,5415.161365171798,5518.517472762525,5613.226373302921,5730.191686378238,5787.50839246758,5969.140131053873,6099.180439062097,6251.452766933498,6357.953131270255,6558.546085448734,6686.341225540875,6860.343320251888,7023.585016804525,7221.203386615466,7450.000553198055,7613.584768641858,7839.469530861334,8092.294933879385,8275.378744801312
experiment_280,6172.214571949973,6209.414070218811,6248.444765055033,6284.523381667088,6330.101519691883,4783.8595932084345,4838.520276583309,4813.9754710633815,4945.495490547788,5016.202798145199,5010.739644679474,5037.785504417895,5075.525644873133,5154.532910371447,5187.4628008977725,5265.508406865021,5227.7990097895545,5275.261704977755,5343.891134223993,5375.686401863593,5462.664951936949,5480.158350060464,5567.114068238856,5588.795482711325,5638.640878894588,5697.662326231863,5786.03850789874,5848.324866902411,5895.4045293520485,6017.189027561542,6032.13319168808,6107.294996998062
experiment_281,6172.214571949973,6185.426473999834,6201.705766916311,6229.733694106623,6271.013639139758,4629.949801430838,4672.7447722986335,4694.561952255586,4799.082814787949,4901.970243020845,4918.136668826168,4959.45579891924,5090.738951385884,5217.554246517909,5256.46094750665,5435.3694337349025,5517.22482996429,5670.969765640235,5820.044119617522,5912.542961020948,6107.341758421091,6252.938540757868,6478.9540646204005,6682.740757149069,6903.03623353052,7112.315757165589,7336.802688549514,7599.866045320693,7869.98224723399,8144.926778473137,8408.478668875641,8728.528693203954
experiment_282,6172.214571949973,6169.048531074539,6161.405647939314,6158.607464351311,6162.680093551258,4475.437001621176,4536.88434208021,4514.118811521213,4504.284787711501,4463.197450593598,4618.613620786946,4557.088167290288,4453.158463185798,4540.3788556994205,4561.895474939913,4559.103191763586,4578.685162041224,4590.548609618472,4512.798675679442,4572.175941043427,4587.035476678295,4565.937340489883,4608.117933459182,4650.0421869371075,4674.827805532269,4716.015144943775,4722.214560859404,4718.431893521592,4852.03836085085,4797.028546468461,4859.328847554786,4921.841139539
experiment_283,6172.214571949973,6256.97897238479,6335.48194298026,6419.191626019157,6510.568390699707,4997.586914616246,5084.085022205421,5105.130400219988,5168.058458092584,5224.168269978445,5351.928591099745,5365.521248310178,5421.886554753638,5546.5098487012365,5564.870744634927,5677.631288144821,5725.844801579531,5879.826149905331,5987.128823093208,6035.455506767312,6129.214810608055,6191.181540787226,6345.605161950425,6437.093130591381,6547.521483031475,6638.425725708821,6713.446628279737,6871.105057953175,7016.1931443774265,7194.757685595275,7268.995096900348,7426.860218346247
experiment_284,6172.214571949973,6181.037996360521,6191.27327916843,6203.966249807976,6219.943762226462,4824.950881842022,4795.706694527051,4823.784990199967,4928.710213462869,4933.31913943389,4888.9702226800655,4961.075818483574,5015.854319324804,4984.374734934542,5034.32102974263,5026.850118411336,5086.255057090868,5188.7064651306755,5206.656822551735,5306.016708097581,5365.687421178294,5450.941820833992,5494.775442874248,5578.616723568786,5732.726270769837,5834.879739722317,5930.221168553938,6023.592549275998,6159.528895951564,6319.279015160191,6419.695823357542,6568.77027941138
experiment_285,6172.214571949973,6211.583307345265,6249.186426731151,6292.824676209873,6345.147380512777,4873.009740484491,4926.688416796507,4959.508217074454,5019.360919085362,5087.100879735146,5168.62439935664,5197.6926281174965,5221.645902945001,5289.087544783495,5325.752622306649,5406.845827988214,5467.204733035227,5534.574391178899,5618.823177572958,5690.836901488545,5719.543062867375,5803.961100824996,5878.245088628535,5979.600766963806,6018.207327957346,6160.766500979643,6198.8310580483285,6300.209912030615,6389.479982491147,6468.378674817988,6543.6415674446625,6628.520660097165
experiment_286,6172.214571949973,6198.245947217925,6221.7380983293215,6244.785145597126,6275.416705645384,4633.843568414079,4649.39532916796,4644.66727755879,4648.306659681126,4690.597115548386,4730.043539538368,4682.00814741679,4748.099458229227,4766.559201295979,4757.428416693334,4873.7324360643215,4804.180660938304,4810.5233461587695,4828.192049739254,4934.33769598001,4929.10081844423,5030.268029698787,5096.973428737929,5113.031064350905,5171.609149475871,5197.006971342742,5248.533943452367,5320.854615783033,5410.017276113858,5489.174883132733,5549.827340344926,5667.039679115271
experiment_287,6172.214571949973,6240.567818309255,6303.65228137775,6374.609901248116,6449.229873464523,4935.717319433128,5020.869488767161,5054.226919423567,5166.671216037654,5259.437602050262,5310.979328273366,5366.779220303538,5459.346852858522,5473.293922321919,5556.793448268004,5637.406140590372,5669.328210490126,5739.214542645684,5814.479124176954,5857.647602472804,5917.5034592513875,5954.469533190276,6057.823834017838,6104.757041839717,6164.001910090398,6207.461949841074,6281.339187921298,6403.719544812831,6448.074048636674,6505.1145901168675,6567.911770593806,6589.051049124684
experiment_288,6172.214571949973,6269.513144881843,6355.039408468257,6445.761958184788,6543.39490559192,4614.092320652342,4661.494341570471,4681.44627989775,4825.669480997355,4842.532888396527,4922.68260703445,4944.032236506373,4990.248508757364,5136.544985507691,5111.7579799387895,5109.040760597674,5153.124248620651,5217.625235140215,5246.150439448586,5258.2761068346235,5292.247114950422,5344.945462477574,5343.308087272387,5386.174193071462,5418.793124635465,5474.601231362545,5508.301927379287,5543.9823100652775,5576.786516175408,5578.832687524537,5615.443340088754,5624.392772000885
experiment_289,6172.214571949973,6206.23006595418,6235.35937835744,6277.536309556927,6334.170325137975,4533.3851543747305,4530.630423755284,4547.45786763646,4633.934903860482,4723.155881814719,4675.975513754023,4831.131211711552,4883.582467478249,4879.875272572184,4952.956123976928,5058.885304373442,5144.646987923255,5228.595320978822,5358.541117525201,5480.55419920189,5617.153555899691,5726.701212442009,5799.345493035942,5946.790261322326,6138.552276497305,6356.962072309293,6503.466700383078,6693.76461445992,6890.562800724081,7129.946580102312,7371.940662890851,7592.032583142568
experiment_290,6172.214571949973,6265.20122213322,6347.298512717023,6436.298993319928,6534.8441735418655,4662.143426018202,4697.629625905962,4805.950009017112,4858.908341173925,4924.416112096986,5010.287518666954,5043.120125881818,5086.245794348351,5255.228665387798,5314.729783601343,5346.13775491472,5436.744825629114,5588.386446603426,5591.095158593585,5655.243197640881,5763.383972469574,5836.986040440819,5948.517194870333,6066.040446782161,6185.805810209118,6265.609207395842,6427.931189512139,6514.905484152989,6614.364584430103,6796.716030799328,6920.5073815203505,7054.696690912885
experiment_291,6172.214571949973,6251.170229842866,6322.019675711388,6399.010118572711,6484.019496025025,4635.312048487884,4714.013490615545,4749.210403350242,4803.409208059704,4897.402435157895,4919.554018117107,4967.108465447762,5055.880690508346,5141.3048136549405,5202.117329654489,5260.170536257553,5398.5270785676785,5455.063098335221,5628.123996945966,5654.8597128417305,5778.158342587651,5937.546552756328,6005.9721598085725,6216.795374339554,6370.336433474955,6540.46323194277,6747.098539298724,6896.3980959255605,7116.872055916773,7320.405049985886,7599.127495396034,7808.12285702475
experiment_292,6172.214571949973,6147.755666196931,6117.573853020663,6098.835646586588,6093.617203303767,4498.889132765558,4416.246194479781,4501.225632865465,4482.8437901830075,4486.702865306292,4525.473686024643,4449.027471728694,4476.97322831432,4537.16197325892,4551.692761034527,4601.859760393796,4666.5418869035875,4712.781622876399,4765.387214446475,4821.274271030956,4905.256312886027,5014.241509005779,5064.248028274819,5171.159183261689,5238.493187973976,5419.915700095664,5502.2027849878905,5635.404592715808,5810.06272788937,5922.799578877017,6134.605357064032,6280.028442781435
experiment_293,6172.214571949973,6214.250235232617,6251.912148197396,6295.808698419758,6349.407496905322,4897.379564540421,4975.963582183751,5005.287209993265,5138.248030725669,5132.617457171202,5218.583022350507,5221.797147954761,5284.2845129401885,5339.254969730432,5386.703677514068,5500.06922324474,5546.579921070894,5595.050228510488,5712.752251531008,5726.544388162805,5842.559670608251,5940.835340887329,5995.423540831871,6106.934814254162,6204.281916972136,6333.1441141597315,6425.282861547284,6593.447841501395,6706.4912744849225,6840.300002145585,6966.1087476366465,7069.3168603578315
experiment_294,6172.214571949973,6195.809951390528,6210.695528594309,6227.284458045238,6249.957050642162,4802.346131730424,4848.445645278605,4878.351463391793,4841.728406574375,4837.585213146521,4846.180898590445,4863.999474475505,4837.181114919729,4888.250067407215,4946.680147300838,4945.442248930696,4938.914836851921,4963.018691847025,5091.3081060024215,5113.125026368358,5127.581396972618,5204.184134570645,5232.885288242571,5285.40693397739,5410.858686022815,5458.815218203932,5529.523511169778,5611.66423355458,5650.624567334671,5775.673376964403,5870.166831198818,5964.296490819502
experiment_295,6172.214571949973,6185.186030770804,6197.211334682515,6212.080176545533,6235.965190846183,4738.835660650022,4683.328649596289,4737.221435570715,4792.959315463265,4764.776771383754,4800.317911667921,4881.591845803963,4881.34097330921,4897.465662925588,4934.4923142527805,4961.655823679031,4999.615907917341,5047.5923445406825,5113.900991988917,5128.581072404693,5184.061013676288,5250.734276776973,5349.800109473771,5396.877548954555,5427.590984737333,5545.074693673227,5564.409077751436,5670.488696683925,5729.289054165982,5832.952454838688,5867.192281934789,5986.441856885132
experiment_296,6172.214571949973,6239.503581145667,6298.153954012475,6360.396281290472,6425.527017906594,4878.1697051218525,4964.909521226262,5001.167293899606,5083.848458862629,5183.099684260069,5195.281348125206,5261.293310184427,5288.3598153420535,5273.707992435497,5322.4942976245875,5315.533567344792,5348.332941391337,5402.8456835096795,5463.7612572810685,5477.4075547794,5469.278687685143,5476.76330753201,5521.486040981959,5513.2444915075175,5531.91131191121,5505.047810772632,5549.45463258574,5591.521910379177,5517.7096643275545,5584.409195356475,5555.091323669283,5583.032448564185
experiment_297,6172.214571949973,6244.227809345861,6315.820044654494,6399.3602205917105,6494.109763369825,4828.518142651387,4876.072849795958,4964.899307973679,5079.3655989694835,5118.4712345165735,5286.363819497083,5312.5170870804295,5392.196660481555,5586.951358741871,5586.8480286563845,5691.531991821794,5873.0555387193035,5934.141180034976,6050.230611455084,6220.655455246179,6350.296915241008,6452.124386343864,6596.35145144585,6793.277722686744,6925.7657124528705,7072.86200899084,7259.124362422633,7395.5189002565885,7604.6014042653405,7768.410329041908,7987.285639078631,8137.409892481522
experiment_298,6172.214571949973,6213.31920085978,6250.199169108195,6292.945484300991,6344.276757341699,4799.24688377013,4890.1927726625545,4900.536166191668,4979.471670789538,5027.238345301108,5118.728093314287,5149.613321715407,5167.555360439952,5147.181769709912,5222.617821445252,5271.105222503562,5338.869061117846,5480.081617982611,5463.442745254639,5485.58239399758,5610.1953772107245,5676.23829212348,5761.307110479632,5838.332995974186,5922.95957284507,5965.428254545137,6085.063630248276,6141.2792281491,6244.022574128541,6343.536483043726,6430.05769785638,6529.712090162007
experiment_299,6172.214571949973,6192.72742816131,6211.123011463616,6236.098160985583,6268.278892185301,4701.434589063729,4632.432202662186,4680.363267540354,4743.498907558465,4777.463605354842,4849.33589683725,4838.382870334613,4935.361032158733,4984.186882322114,5025.69976621134,5018.511974649151,5108.016307378855,5133.182425990004,5208.71687977625,5309.2108549409895,5390.560703940074,5469.060661482172,5565.1936423584375,5604.463208904235,5737.165973290576,5803.977575977752,5898.887607288791,6011.449823664212,6106.46680980378,6226.639689394929,6288.74533484291,6426.381517715926
experiment_300,6172.214571949973,6197.490185004952,6214.505036735735,6238.759692431716,6269.748721237704,4819.305958398651,4886.19624981483,4871.647985646519,4942.043158622553,4962.753934849334,4935.251346995937,4950.993943217027,5062.683616769441,5104.30724895642,5152.411545686513,5157.954557913847,5266.180822739834,5280.729646681828,5422.899099731387,5493.818660165697,5520.040010455166,5586.789665619704,5693.897848882066,5751.01424395209,5858.462283202338,6011.203529255783,6100.581090991542,6191.924283949318,6285.977520767623,6418.435056256387,6532.563968476939,6661.559619421889
experiment_301,6172.214571949973,6168.725529703084,6161.139168288064,6161.446448404286,6172.466680079216,4430.888469730233,4497.004875464655,4463.03432274941,4494.498218347261,4504.60028177934,4579.96396661044,4553.4330019597255,4564.535276997004,4554.942581929468,4593.960008687852,4644.385698235374,4669.825165490285,4682.635020869736,4804.102970112441,4841.4876767918,4915.842612098424,4911.550809957085,4986.081514772852,5037.694395620942,5063.908458230515,5164.747798898659,5211.6673676680275,5352.566466078608,5416.540640950629,5463.518803649749,5575.041325972094,5669.024180205113
experiment_302,6172.214571949973,6274.725747781413,6370.239805390702,6469.093319189784,6571.572278257216,4866.050754565835,4980.623398409615,4998.161294038906,5091.7354199082965,5163.265314676191,5266.726865989167,5348.884678236658,5366.617203280798,5388.775588682227,5459.448805839869,5490.093888679345,5588.222805338428,5632.3432926770765,5667.925739420147,5763.320152304794,5810.282594523704,5846.721112251445,5930.846087624903,5868.255350025944,5906.537415026235,5974.366846963611,6035.064461442789,6038.822604493007,6089.590471173617,6163.203928868046,6176.591091869466,6218.519112727554
experiment_303,6172.214571949973,6218.844469748783,6262.28177435945,6314.221131847378,6376.53487268036,4862.875500099977,4880.67515212168,4963.616058328969,4984.225280510908,5069.622633238011,5079.28308905396,5156.615645905411,5219.366198980213,5331.961277169948,5424.8617504051745,5489.062650870828,5561.560954901026,5643.549906974797,5769.126277495707,5815.164744637747,5913.209716302461,6043.762218844571,6119.269329544308,6241.563988570632,6337.015136981985,6461.015872489828,6567.122125850827,6659.5529246161,6813.20462573053,6877.656605647977,7037.805184907467,7178.745632278802
experiment_304,6172.214571949973,6191.760316772037,6204.455411685907,6225.310278809053,6256.099755431186,4401.644341623067,4466.121954471375,4427.586150956271,4568.394682618089,4558.204038481861,4562.632286042539,4501.655234643113,4552.971082883683,4697.115655894418,4703.714866619935,4689.16419153767,4709.108624524274,4778.074068564113,4866.148780753973,4978.918215489938,4972.311310782725,5047.747773249105,5224.49519933519,5288.6884318756765,5364.647275510868,5480.536655668639,5610.702980902552,5738.104947863691,5893.163700867694,6060.109660756216,6201.220746933771,6424.69852692216
experiment_305,6172.214571949973,6183.201304222077,6185.581392813194,6194.9293291263275,6212.095838266996,4678.139994618134,4664.221853911701,4712.985919024017,4682.91440298046,4761.441363130933,4765.620586677904,4795.624582460814,4769.044452507062,4842.972556157483,4917.795994810966,4868.140788946412,4966.481416136808,5068.434270114956,5025.656916431091,5144.178200622087,5250.124313422239,5289.405412728798,5397.755502685975,5446.575641315965,5584.920396408332,5689.308208303924,5798.647100189296,5922.457743626527,6092.156420849244,6255.46327681786,6360.044956717151,6521.6427713363855
experiment_306,6172.214571949973,6234.280779910845,6290.679641708635,6357.078856438851,6435.407519654189,4768.292669336461,4793.312377494845,4841.83853088851,4936.689331033819,5003.879570199708,5035.4958262008595,5111.9709826796,5177.316924816687,5306.4753938112835,5378.702028864741,5427.041196109768,5491.934420874165,5605.166282551019,5697.292935023184,5784.299300728066,5892.332840085413,5998.675683861337,6168.95116833383,6234.442455800365,6370.428903069549,6484.742414992294,6594.914401467569,6729.81036658803,6923.226277054939,7059.54340511716,7209.36293546239,7340.107155228434
experiment_307,6172.214571949973,6306.038205170212,6430.429476250457,6554.620969111462,6682.351337413647,4878.901916228046,5001.070863223427,5036.249120119916,5190.918170929452,5248.528295967669,5317.902439277913,5341.947488704684,5435.926562533639,5471.297046711098,5480.3896913805165,5558.872929988278,5609.088893260977,5654.959638188677,5657.450684995261,5682.778770012494,5727.003618500125,5706.14085204439,5676.668239546143,5728.047708626515,5708.272495417181,5721.810162181684,5700.0105774359035,5696.355159752797,5639.58446505969,5603.749444916784,5554.258623730157,5529.794764986673
experiment_308,6172.214571949973,6175.262678744815,6175.094376724985,6187.479583357344,6210.137415341003,4731.762606423613,4744.895310775425,4820.528018853647,4841.351743018116,4921.659131147544,4982.32765685545,5007.943608466889,5045.340674454222,5115.528219044778,5199.236523300253,5336.8482302134535,5376.508909748602,5521.290342284918,5582.555854478753,5706.9641276002285,5866.450568933744,5978.50249983366,6133.648921967097,6247.80150845376,6426.0182360407525,6642.666797636755,6803.412115851741,6970.512857123406,7173.934568192613,7369.504015123995,7586.802992421265,7804.4838811447935
experiment_309,6172.214571949973,6191.63139576377,6209.132233815061,6230.486263664523,6263.6207216522835,4423.027081919377,4489.7913940983535,4469.071525187855,4519.090978314579,4564.99167436072,4532.991967902131,4651.648719415746,4582.7203460756655,4695.499314167235,4801.998090316135,4805.90744705139,4845.19518480481,4853.0625089530795,4938.557067787166,4904.2116562573,5005.124331178837,5050.502762680526,5088.874290599893,5172.9453555949385,5304.854485470898,5372.648784955413,5444.510803880814,5533.6350195962,5630.467615702155,5734.505396183865,5784.4442844729365,5878.5001205768895
experiment_310,6172.214571949973,6226.477887239638,6279.277114952317,6339.725518197786,6410.3782569097075,4692.614511396503,4737.19027365292,4792.277351554995,4882.09514377409,4991.647387154465,4966.795983529102,5085.079823507451,5186.613112472001,5271.176126925197,5393.386520656657,5462.0972598511635,5590.975763261737,5632.612881969946,5786.067999536183,5879.26832870631,6029.07986991249,6194.791666319357,6345.345441696829,6447.219184911247,6571.899401722954,6775.852418693945,6934.862515319852,7117.158807984179,7296.004732552674,7501.051478653941,7656.043881202826,7899.270149836326
experiment_311,6172.214571949973,6158.829184814824,6145.246001399462,6141.6858513763245,6149.099456947984,4769.15020052436,4760.494215171493,4733.6139328351655,4759.603068995568,4842.892917954614,4839.333238065459,4897.5426195783,4993.580920702587,4966.789305859207,5049.380937524391,4970.848688801858,5186.678317619014,5253.328536280198,5293.597766619907,5427.724964761513,5493.366072198451,5642.541113475496,5684.131761140274,5790.143611500295,5903.837813773311,5971.363258611962,6139.52391891264,6309.90126719177,6396.41330028328,6479.601043536028,6641.139433502314,6803.153411024909
experiment_312,6172.214571949973,6174.627172974547,6172.571405140128,6180.013355519104,6189.884411612304,4851.454634862377,4778.444982202584,4852.485007403315,4866.952785176089,4864.375521668614,4915.464026657217,4859.671638100484,4909.216923871884,4999.065849549877,4997.584464266473,5093.342156063224,5077.041496627125,5069.9655151207935,5173.3951198606155,5218.660748604989,5296.993938220146,5327.755695568456,5358.656443567501,5418.469159746489,5508.063570202272,5581.193872607108,5664.470456225925,5670.388478461071,5785.054147018543,5846.975612690488,5912.1226450724735,6060.1490827901835
experiment_313,6172.214571949973,6188.741712200157,6203.138870835958,6220.144310869897,6244.838496492965,4484.233583924786,4443.458515785851,4451.262373372196,4616.577845239629,4510.5975510574235,4561.000536044043,4595.826294689312,4648.882422968686,4709.449300801607,4698.127468696322,4752.298229046594,4751.833241721456,4805.7368660592765,4820.56877707752,4894.537561476778,4945.073886035217,5014.182293021731,5153.868340366871,5239.2674088382555,5317.4219788468745,5377.081530586846,5474.376862016251,5678.207233882828,5713.071276111388,5882.998526012972,6085.9992487302225,6193.740768736107
experiment_314,6172.214571949973,6157.258043717466,6137.347876629992,6129.0205103943845,6134.030645578263,4478.186516491076,4288.363213635758,4392.457934589458,4471.194313410773,4481.951080458597,4485.88747337779,4482.571825335601,4524.651420414566,4469.190073391737,4559.060404307641,4649.347361318491,4633.053800563238,4754.40211326009,4790.303151754657,4875.515899783605,4881.654556377658,5067.208952136305,5129.62674367724,5225.062843150654,5340.927206657897,5462.13548951749,5587.282408847885,5786.272407051327,5933.53593129796,6120.312058993437,6303.926921605634,6539.128322419536
experiment_315,6172.214571949973,6211.754148870809,6247.272783217293,6284.193861563895,6329.80927783181,4990.098406264482,5029.306095860466,5022.8166041414115,5095.844190001254,5200.387805250323,5179.957736208766,5218.8341697177875,5225.094019625513,5254.362274003834,5296.201004828968,5328.133899614375,5340.522776917421,5403.748239503278,5474.271055719388,5470.710211297197,5522.393166166974,5473.3961917820925,5627.352314674356,5637.711686103681,5632.407361025367,5706.365694790304,5724.160739102539,5754.156110482516,5799.478545750044,5902.909009860608,5908.110683719914,5998.594380752313
experiment_316,6172.214571949973,6236.956802002571,6292.719057211454,6351.479950490413,6410.723079126395,5016.868325382411,5083.20973151587,5108.830884389992,5153.247033442952,5260.659164149956,5312.461447739758,5329.804870933125,5400.075498499141,5438.28869816003,5403.229453192331,5481.370358210791,5510.988652370222,5563.636497607912,5614.2762458616635,5603.886448329619,5675.051818796281,5704.437290943817,5713.577980580907,5756.783376488601,5781.749976686684,5825.030702892431,5884.838379803323,5897.059672116626,5950.249260087095,5953.51480004654,6043.619049961337,6009.990570792169
experiment_317,6172.214571949973,6187.32210045576,6201.618387896999,6217.960762390907,6240.067516015897,4605.200333720275,4650.6929921562105,4605.064424899955,4698.309601842675,4600.669105440261,4679.087886601965,4615.56521547993,4630.852273421031,4675.3978620238595,4719.32800487299,4741.133371076853,4748.542285224336,4714.079288096982,4816.735147067465,4802.45216013804,4846.350661224673,4882.464124759783,4935.4833982491,4949.677880550194,4968.321767997353,5074.422789794659,5132.925319280197,5140.068855342129,5213.275232208769,5239.6376233447245,5297.874531546583,5389.79900379974
experiment_318,6172.214571949973,6238.134434032356,6296.388336481349,6363.987396411808,6441.358423072843,4824.204486499451,4782.733341823573,4833.293844368836,4984.162344347135,5041.205469782276,5036.873162675585,5119.777619414344,5145.2342906990825,5202.397879659487,5325.952817301915,5392.070960324921,5443.621677044932,5568.044298334433,5588.367370102216,5700.288969651268,5793.600302776664,5855.250298167727,5942.386235640232,6051.2735743850735,6107.776594700952,6192.377730056223,6317.713393863626,6434.375078071471,6535.602350050552,6642.125585078882,6748.850123357589,6883.435379451764
experiment_319,6172.214571949973,6162.659537365698,6145.110606450332,6132.398695485281,6127.6412385799285,4536.7930966281165,4613.966096808728,4587.384731144535,4526.348029108331,4601.795876341846,4598.050117373421,4608.170101717239,4568.154032990467,4582.540411261534,4580.5519383638475,4614.87753923794,4626.739122211564,4619.006756614126,4660.390414766333,4664.022415411336,4755.396166816578,4785.379257415984,4868.233536152616,4850.142126970102,4946.080962369492,5014.503671096099,5072.317545010131,5166.408862197972,5220.405015893287,5264.859132168178,5413.734997318816,5469.638708089955
experiment_320,6172.214571949973,6274.525427421902,6368.246570607134,6461.560976034532,6559.544704587886,5102.3708499606855,5169.019677820802,5181.034862451421,5271.339503296831,5355.154903722864,5391.827104942882,5531.777015864438,5530.6327040989945,5632.486905605955,5712.792496439217,5788.183305400145,5819.697484477894,5899.975188912244,5884.946013922658,6010.6480887413,6051.136707182476,6080.097773018815,6149.586248610557,6186.812592835846,6254.671060925452,6312.122974214188,6317.133360978418,6380.270454496219,6411.406766452331,6498.537589004927,6516.302561618884,6576.677230022802
experiment_321,6172.214571949973,6149.68020668978,6124.174583490425,6115.608486742849,6113.606612606212,4618.076815841717,4620.630797285348,4652.4269468722205,4710.9424788494425,4662.195175690487,4705.416429055292,4724.117733237613,4777.120344306231,4789.308721555463,4846.402098798752,4866.7507128825655,4969.62889823493,4924.328802512625,5026.075374563896,5179.177775630318,5231.649449924703,5296.1424253122095,5398.280957736764,5513.3992233160225,5589.375765988946,5720.323648470891,5854.1019170532745,6024.026808424023,6171.832723854138,6346.547301956167,6485.913127375542,6622.237761058078
experiment_322,6172.214571949973,6140.6303644114505,6110.107972553209,6093.247530737948,6093.190499005675,4310.608334438217,4324.703803531995,4271.786115885745,4410.486700273167,4384.865468227936,4447.130787009648,4437.969735084496,4468.275589296624,4536.9065308732315,4526.8323498161235,4685.228029380411,4703.674073463393,4805.46736239906,4850.220705754817,4943.541916340244,5128.837707826986,5240.3047555432795,5414.808726390562,5489.489310194067,5656.200215863284,5888.065424212685,6079.226566845401,6260.526759360826,6499.646348517897,6804.370068412396,7027.583634240314,7327.9519277791305
experiment_323,6172.214571949973,6179.7419806828975,6181.869667697589,6190.27332112412,6206.931077067866,4478.627236682691,4608.436636222979,4473.017266714111,4527.404273749183,4594.861934035833,4656.413160764159,4652.333415867209,4601.794693718731,4598.710428628649,4723.882983851488,4655.292060878746,4752.675645451484,4799.264599202458,4813.016727133232,4784.533738284261,4860.476277505351,4918.1529799041355,5023.062117861996,5044.081458442922,5108.605140190422,5136.150054724842,5251.887138902246,5286.5345647073145,5325.792584295072,5416.856681857942,5477.13194398556,5590.585297329626
experiment_324,6172.214571949973,6221.265070964466,6267.943830598615,6325.12455606247,6395.223797269368,4622.297813938393,4676.0496550940825,4749.27323504105,4732.501205688372,4853.105479391733,4906.684280713626,4948.523194042119,5129.09030038797,5175.171308057321,5274.395205278858,5372.166794005458,5490.681834006851,5617.173972274724,5762.701444676823,5930.00678180589,6089.593513040067,6198.836270589258,6388.8563500538585,6573.602800565035,6822.64554738024,7017.629463082641,7208.5584791050815,7448.520022748139,7681.069802667062,8012.042050777645,8216.536783038777,8478.076994065148
experiment_325,6172.214571949973,6218.938693913963,6256.383413716856,6300.009624594001,6350.84244852149,4496.57850142451,4506.152720706237,4529.910750229821,4571.997164516199,4618.615335648309,4590.7776632126015,4625.059772171991,4635.468826390199,4644.832552197129,4712.89112511557,4749.142259846834,4750.131647308606,4765.62213068348,4743.495780732554,4751.2702458025,4775.441165587593,4820.51910934807,4871.822339112893,4902.817538784568,4909.460092927287,4901.909942116286,4915.888954898968,4955.671032647104,4906.16714033013,5005.511879068668,5033.851781594183,5057.492892410628
experiment_326,6172.214571949973,6229.083996541775,6281.636098254116,6338.558396026561,6403.5613311567995,4896.060348766245,4952.992476929223,4989.247980853108,5050.75367100728,5157.168193216714,5215.262979507872,5229.536339764922,5254.754553677507,5311.149722033783,5381.075304332831,5462.691384567059,5452.925978311726,5599.825743213809,5685.013399194426,5700.837506267892,5813.984445951479,5849.304209726821,5940.648090349794,5990.834980503069,6090.042401726472,6180.77139429005,6243.618829739991,6312.952764024014,6444.135159713072,6471.038567508428,6626.288054202991,6714.677574776066
experiment_327,6172.214571949973,6188.472029838624,6206.717124539968,6225.620007798667,6248.538311914688,4786.203402189008,4782.126045557216,4769.606107321382,4833.042593608294,4877.5481177492165,4884.153473605889,4989.562544184388,4961.360515413088,4962.172013522061,5015.896677563582,5083.803064739436,5142.038314521609,5208.58448633698,5228.1982255453095,5277.426869212262,5334.0768085058535,5426.407594690012,5501.832682016995,5599.422032945066,5711.366978354745,5808.008365708151,5798.222217387223,5961.516061072503,6097.975924577444,6159.662917476573,6326.492688358385,6393.1954468202275
experiment_328,6172.214571949973,6203.655164749814,6238.6984491381445,6281.835224825358,6334.523485778401,4964.080141944913,5072.339656261278,4997.7933056118845,5088.221184149568,5215.753227095408,5236.695421993285,5316.431950062381,5444.194976629788,5523.22346940955,5550.8989055210695,5650.539802660749,5780.831070213972,5801.787383866473,5975.603958661546,6023.22493292228,6137.880599458196,6294.882216923803,6423.871190282833,6523.145774576846,6651.61429431476,6802.301747784932,6884.175713598224,7019.828736197858,7201.0902171185935,7396.056673238871,7472.372931234304,7624.598062358056
experiment_329,6172.214571949973,6152.386053636659,6130.254067446261,6123.265612538726,6133.6204972553405,4543.716804247599,4522.581270155057,4614.993666140222,4650.456146050319,4639.73169255143,4671.0188709410795,4751.781310915341,4808.286939459464,4853.0638822044175,4875.781475131123,5029.179480131686,5053.537544076704,5148.008550116378,5252.67997962694,5427.703122330073,5594.73992041284,5619.834824919847,5808.427200886343,5955.808040461388,6131.04741065569,6271.382040449522,6477.965960778771,6696.985492191324,6877.747993817989,7078.014770667252,7317.578087065447,7574.131844409143
experiment_330,6172.214571949973,6236.275524029932,6294.895913803353,6361.1725010290265,6434.410717895114,4776.999681695048,4889.220324426162,4952.744195162894,5033.032192484698,5125.888102487534,5225.952117086714,5268.252734531376,5246.744170460063,5394.352565320459,5465.932661347926,5508.40456882388,5540.371521358924,5698.957890161564,5729.732782354755,5751.519297724358,5923.257084152432,6012.526097355516,6087.906553003779,6100.2158494482055,6260.021836062508,6376.057334622479,6387.384652673037,6526.320853081905,6621.331843916055,6738.316053256821,6848.048822090375,6939.74767103076
experiment_331,6172.214571949973,6204.060102709671,6231.499907331698,6261.422645993546,6298.1575503308995,4893.202651805424,5002.094312611559,5000.810414462756,4952.931978318298,5092.721779101041,5067.556851924649,5140.310736276428,5137.014283908406,5139.841427407724,5168.039490191575,5226.4354191056045,5229.1419219346135,5288.076396610208,5330.35404371545,5370.986526830107,5387.891781931041,5403.698114941812,5487.019826432983,5548.203151894064,5561.281035681661,5637.276842016292,5664.204753888669,5710.083672719867,5826.151358886486,5883.989367524922,5936.571503193487,5981.966826017904
experiment_332,6172.214571949973,6248.275429129022,6317.591246197038,6391.996376219103,6468.453724380037,4978.118120701349,5065.481261961446,5126.494534583859,5208.549248423671,5259.368228880672,5255.490141009799,5331.869716549796,5448.240494081139,5545.2113077691465,5581.315526593405,5694.269866268976,5758.57834783277,5829.993726635721,5925.385312154601,6068.663039012841,6099.875311662543,6238.091348997588,6329.6087040277325,6414.117365023637,6574.455830535467,6692.94720778221,6763.135931495848,6899.898135390814,7000.1717267847835,7134.2957202747775,7278.059032313038,7436.524905505026
experiment_333,6172.214571949973,6169.858312002416,6162.7296267549045,6162.33392616202,6171.387588188201,4529.9516073309205,4558.528845263839,4473.297971085236,4495.134862793007,4566.642842837566,4505.088665110501,4587.20145214165,4619.684174978858,4595.059533677972,4645.059866076381,4690.449341061652,4731.767034506756,4789.148826205166,4849.183769256205,4869.878024114512,4929.244460439048,5032.214002954742,5104.464206748923,5192.087100813742,5308.0644413262835,5401.253721707363,5580.034651933565,5674.854698309962,5793.9675832300545,5925.457073527821,6039.223546427135,6187.7644002200595
experiment_334,6172.214571949973,6248.807194817258,6316.321384063034,6385.994730782188,6452.291135155168,5111.404459200804,5184.82022625483,5241.29448084067,5283.839656606891,5335.241486349089,5423.354943774683,5418.292438905326,5489.508899358667,5484.009689572102,5570.47217565286,5655.868378348071,5668.813425383645,5689.951805399596,5762.314792812345,5791.456785893578,5806.837901104278,5888.131838903935,5919.68897450295,6048.387312421592,6068.80651792467,6154.2776786865925,6172.63390943245,6260.431860607188,6303.56708493195,6407.159256487632,6451.587994142374,6528.648291158264
experiment_335,6172.214571949973,6216.964561805886,6253.546572879324,6293.851977362925,6338.503386131818,4610.307790831093,4623.911139225124,4676.200486182392,4706.220695907276,4752.487111139941,4709.016897564602,4765.348081837529,4703.696790814276,4719.673255173397,4733.010358710225,4720.999355238504,4770.328514882247,4757.359698699412,4759.320817351106,4743.728440156265,4762.922849847529,4704.551518724055,4729.989324213048,4717.485978327033,4734.336860273723,4763.104569000712,4621.778087922091,4699.296529265298,4671.1586112624245,4584.502528252131,4532.400155149972,4572.154608967402
experiment_336,6172.214571949973,6219.093309592521,6261.603539589382,6311.21755689581,6369.726660700382,4593.650259156715,4721.227053883518,4725.280363117774,4778.7417046902265,4791.948227875945,4900.513093972656,4916.128136604629,5040.84413357598,5070.727066763597,5213.7405390964595,5258.876900663132,5375.979339199257,5525.421607039094,5677.033684285725,5825.133503267623,5928.79231533771,6119.850143805905,6287.238481728569,6519.8232843393325,6733.758516318822,6951.653900290668,7221.640750113265,7487.223269497301,7759.900335076105,8061.637454844709,8371.753782343603,8700.18434506945
experiment_337,6172.214571949973,6155.2698014988955,6137.254503800192,6131.82945537251,6141.001062220192,4454.562560589358,4544.851934059976,4532.150792394308,4528.489295188516,4545.132708867737,4637.692060098527,4602.861949106164,4721.766364139453,4758.898231850382,4812.863712796634,4845.455824204815,4942.7267479656975,5059.676929256404,5091.025950102997,5237.904146267565,5305.754290235104,5413.742342552818,5560.092610351956,5713.106214323119,5835.350265373748,5966.697554622866,6156.946770255861,6350.4501137693405,6546.249741418889,6725.989324174173,6983.888865317768,7271.4533884745815
experiment_338,6172.214571949973,6225.396340788152,6271.868417241749,6320.0290552219785,6373.0719904205525,5064.412604028758,5071.738082545067,5019.983228524299,5116.498667095913,5163.026883567285,5107.897381053139,5188.582704910918,5251.076676592555,5263.606993414768,5293.6773979560185,5367.220874152554,5338.003894002721,5354.25281182515,5434.671147682544,5460.372698160588,5498.528324627652,5575.922239369756,5601.349129193241,5665.225954091167,5641.060021281368,5700.069716421175,5770.619289428738,5855.333671497965,5834.432030309134,5901.795260167764,5965.080821726602,6021.860250363886
experiment_339,6172.214571949973,6158.558491574913,6145.278824920618,6142.601450878989,6152.049751023572,4567.2594130406405,4562.319786753569,4560.317006164644,4625.789955174265,4728.706073996555,4744.595423223541,4765.318892078551,4815.7076837462155,4894.141444191633,4905.56223513389,5000.0946487588,5084.779068926009,5169.555349983219,5221.706688581013,5293.00555967091,5402.659155516465,5551.287787955291,5630.296955166474,5768.735464266409,5912.025565729017,6029.270658919322,6162.540918778166,6346.172681829996,6480.556542761864,6672.755259049205,6818.959619794272,7019.791367638164
experiment_340,6172.214571949973,6153.456178429289,6136.976853321381,6132.950009503949,6143.3607487424415,4665.0700216831765,4725.79832843578,4671.020366354295,4781.84344136622,4818.384911939374,4841.657706215281,4912.8127148362355,4994.662679687453,5077.126641677004,5141.2289129448245,5237.6991514294095,5355.175053507537,5404.071500621581,5544.776804960591,5608.909646330274,5789.674097552614,5880.85041809218,6103.129299562468,6215.266684468757,6334.710383352933,6495.962704397551,6665.233168413414,6858.834985099003,6968.334378761464,7210.182021338158,7402.667347688648,7620.745288429817
experiment_341,6172.214571949973,6200.179300417487,6222.286821403148,6251.117493779002,6288.613520205907,4627.682987123406,4639.7419447811335,4682.373299246993,4712.596775079383,4772.763191289124,4776.797287766503,4825.255752246896,4848.04763428844,4882.405792884574,4980.652682443812,4987.806097447428,5055.026750963737,5024.253939338465,5098.422749124254,5197.7636212313155,5177.8581371102155,5262.11652220673,5390.7660640076965,5398.597552907449,5464.229329258149,5548.724234207168,5621.58638367102,5726.922693502331,5824.20153612798,5821.555856246011,5952.647918166633,6093.9726168395555
experiment_342,6172.214571949973,6194.85221380057,6214.897053264805,6235.364216168817,6258.433853967601,4878.968135653289,4837.758313711976,4851.710913500418,4946.819029522764,4972.458162382865,4981.378677556771,5017.562722700911,5049.290727158523,5019.47034615618,5094.279957524486,5008.887756171753,5072.484963615845,5115.469075974992,5225.039313131481,5235.321642045192,5259.964757022376,5359.294718954239,5360.061403044216,5398.866599609667,5463.093131769223,5511.2510060390705,5538.83594067812,5647.785474463388,5677.300736073605,5785.534708273411,5886.937422461691,5959.089324902041
experiment_343,6172.214571949973,6205.593564880452,6243.6354719767405,6282.985387523572,6329.780276211732,4815.014421072416,4846.960049062165,4901.856858395136,4930.130847546667,4979.862943952729,4969.233034188594,5056.344169707854,5122.177443067854,5134.078438666491,5197.873077730881,5234.515071913189,5285.07590877781,5374.856156599021,5464.757180271791,5537.480484602163,5546.576055228168,5648.37076807662,5678.284615780517,5754.83052093514,5877.4377656596425,5941.43061392124,6043.805110805351,6128.591976842014,6202.875110031066,6326.035610898491,6385.359776172965,6535.782690859334
experiment_344,6172.214571949973,6286.9376594739415,6394.382201651792,6503.367039117344,6616.046698517441,4752.954495913863,4799.865520795867,4862.051723233155,5031.58440139982,5115.604917416897,5191.538078641699,5204.935349170603,5271.50489876636,5324.449872498621,5415.20760287056,5480.979819698259,5583.443664698038,5643.046604241797,5730.217763408479,5809.2374356968685,5844.306164247307,5929.6950620114385,6092.958159681242,6102.798601835437,6179.927506445327,6300.601565295967,6360.678514131463,6496.629083163822,6560.091440060108,6666.387069396487,6785.113269071136,6863.944613228404
experiment_345,6172.214571949973,6212.641101603362,6244.006171630628,6281.1679698999405,6326.199795890561,4527.407621423912,4528.349904524368,4537.11690882217,4572.429798054272,4626.763169753514,4607.251433995073,4647.422534656848,4630.683308888664,4679.759475770194,4664.760346542544,4700.547541874574,4751.220810955233,4710.313148281729,4767.123565611477,4718.669849430854,4735.263250380764,4743.530799118806,4699.67185250157,4686.522678587298,4723.831521567712,4706.959787686525,4715.285851590026,4679.011137352022,4727.839301440126,4656.6536075990625,4646.513699408622,4653.9163704562225
experiment_346,6172.214571949973,6140.958513902982,6103.957705488504,6082.159892177459,6067.85931800782,4416.063473855745,4514.191403525276,4518.917763800631,4502.919450711215,4486.460896943092,4522.346994125801,4525.98303289495,4537.039625780907,4532.947016278276,4463.2305629065995,4582.162093944966,4573.514156094687,4572.814060210365,4650.564121666919,4693.417009665231,4749.603659303333,4796.572158517276,4899.771207170665,4956.251420429266,4988.5714111026255,5129.237277274395,5225.03710979573,5332.120471263478,5404.0424423264885,5522.611207566759,5658.702153293096,5815.930208572206
experiment_347,6172.214571949973,6185.16794674576,6194.069312761485,6214.062671827434,6245.100317501197,4679.466641189452,4776.195206776011,4738.945319807909,4877.830558634194,4851.10461439802,4871.867597884351,4951.42080748702,4990.4088879763085,5030.83470509894,5150.865675832829,5289.674774477629,5304.414228126644,5364.207319992252,5488.0899131356855,5555.150386263599,5676.8947816863965,5815.917329760238,5905.243023163566,6020.164194506757,6168.328786261003,6285.811560345111,6479.0385647820385,6577.014319139696,6763.858388175249,6952.0323199463555,7114.728660598134,7324.888268123685
experiment_348,6172.214571949973,6185.546980145199,6193.617277406613,6207.011966605405,6226.907370743045,4623.293190310672,4791.057957164236,4663.1280462274235,4740.972900351676,4729.540482183755,4731.1382914392125,4748.354453969168,4766.422610338724,4767.342586432336,4822.896967924168,4866.730648554862,4889.491812220362,4925.406516692009,4954.531679560397,5000.59234713013,5086.1180705678935,5113.037465275616,5216.419555306718,5292.977721478294,5355.73234134725,5470.887655714534,5461.5737197473845,5599.709997531831,5755.7103194385345,5813.86917717086,5970.06721090441,6082.6605018113205
experiment_349,6172.214571949973,6194.565115300045,6216.716268484224,6247.241103318384,6287.7490053306665,4465.848403230129,4508.392977873704,4627.451449473028,4728.645403222994,4675.019530035404,4765.254742780064,4752.11335232782,4891.39158395983,4884.123100396748,4913.646569333204,5050.91531811862,5059.943495947908,5112.8913148667525,5230.593598045021,5277.309411472994,5407.060616624247,5506.077524305687,5570.338182180592,5699.755568582066,5780.52029156297,5873.302834339221,6019.036680917905,6212.2488507551,6282.734622993476,6435.743051902036,6544.002750601008,6735.050212854405
experiment_350,6172.214571949973,6233.090499856191,6291.815015008795,6364.6269968754195,6453.155129315307,4606.910197596316,4777.407355779542,4759.974478332306,4910.393169109476,4972.334645687362,5041.112611362156,5175.432279314795,5293.605086153237,5454.270064641497,5510.744455665283,5636.7203321170655,5781.016273910822,5986.125847506633,6065.044108309072,6220.672977164697,6379.0860916932,6555.94911726743,6778.174616237386,6964.862703741444,7161.041544356217,7393.385532880101,7673.521897014529,7865.506415291631,8122.93734116992,8350.804721217703,8621.850802768557,8926.123064590874
experiment_351,6172.214571949973,6221.749403848234,6264.081832213388,6309.16197580169,6357.962066998769,4990.6251598917015,5060.429222412781,5050.730715858694,5085.3280436985115,5147.738480265249,5134.832509247537,5163.912578773692,5199.469141104495,5310.272024167427,5300.005093551385,5305.887913234751,5343.463791134484,5424.375777249104,5415.953433514302,5452.137414419667,5521.885678245145,5492.607414221113,5552.331629832182,5585.1921302915125,5607.42644305023,5681.6222561820805,5687.8889568400045,5695.529114436116,5773.983596502255,5819.3192981806405,5815.327404512922,5835.500025548283
experiment_352,6172.214571949973,6174.837938491458,6175.305281044964,6188.0775941085685,6216.707577638446,4446.643939027599,4546.3913603664005,4490.536030568357,4478.196720722002,4628.862800566657,4613.097952352187,4591.050956572357,4706.99697026145,4821.743416824956,4879.323041754837,4924.143524369709,5043.540635656944,5150.145146847892,5219.452808256074,5379.099544844729,5535.064258404049,5661.5756877597505,5830.586742407848,5929.829991256958,6220.246245376471,6346.050241158195,6569.310686104307,6813.424152815909,7080.472532026184,7369.907678961561,7654.7807367969135,7988.995595282369
experiment_353,6172.214571949973,6185.1435355203075,6202.736659207871,6226.501596450245,6258.025739477187,4867.145974722628,4961.777161009332,4964.996304627666,5001.16495499141,5013.50290624879,5157.58037565333,5166.924273065339,5240.155332562866,5297.775673123408,5370.551709730749,5453.617806191001,5554.899403375144,5596.792911457234,5753.3432852588285,5790.338382027514,5921.315778788252,6028.33999865978,6150.129214477787,6274.139038375641,6388.088591280297,6493.392435498072,6607.7510931764355,6759.575368386435,6887.973177761965,6982.5360921206,7153.956641165807,7304.499031765626
experiment_354,6172.214571949973,6176.50615100315,6174.880309513957,6179.9239553039115,6193.194540603059,4498.122026687366,4524.259319428635,4491.619015569343,4611.316453641388,4577.798646002077,4579.929378802379,4559.079672462291,4702.297990724022,4586.873696337674,4604.824310706785,4633.573308742424,4674.591083348239,4645.728858545371,4697.023295069559,4707.086869385386,4809.037520387538,4772.493890610368,4883.968637042995,4876.645978789306,4988.349343291653,5018.5219480745345,4973.578627064356,5078.968498425107,5166.23685805922,5213.237024974025,5225.886239572713,5335.704757349336
experiment_355,6172.214571949973,6172.891401271896,6168.903089173973,6169.443840109055,6177.2846032637435,4724.9727327436085,4702.030190723208,4792.965674832976,4822.639599315682,4873.841813621056,4768.494753713072,4829.958502796329,4833.306544274161,4887.894227932196,4859.731132757604,4857.848502036593,4976.569074386556,4980.709726813257,5042.93319604253,5071.9175482601995,5111.654554097031,5190.6179741757005,5227.949367952284,5276.407475147661,5399.282137468828,5410.163256065629,5498.831076863622,5538.574732543707,5678.907629278159,5690.90912626286,5787.34272075621,5892.08905138802
experiment_356,6172.214571949973,6224.877412718448,6273.329242235933,6332.645057553862,6405.564384522973,4592.071568109657,4517.584211872999,4641.521585134565,4682.867700154014,4740.707495798552,4813.628443665082,4882.486676678496,4937.579514397121,4982.577986350288,5137.3173823339,5181.677371836861,5253.680448178377,5371.438949067357,5471.806846959405,5572.592523039102,5714.012352330868,5822.199734172214,5946.502795375203,6145.096033400977,6306.41265045241,6437.663388242139,6614.311362649477,6795.990708335961,6989.385588423962,7184.764714412717,7440.058438552368,7700.914456452283
experiment_357,6172.214571949973,6182.501386119273,6192.284758793875,6212.043815742123,6243.802937977605,4461.756620233461,4430.109682432799,4486.4010617806525,4539.036951801347,4624.07331292998,4686.93266092673,4636.465464384679,4657.338683917801,4741.128097301724,4849.565215307372,4827.951828749628,4939.748978847537,5033.923595654139,5013.810293736748,5149.072295441996,5235.412109526751,5328.490593476945,5388.801961300146,5493.140805250341,5600.388840125396,5686.752998840857,5838.254029365596,5922.770899382229,6009.490738473701,6180.544327844022,6317.038764140747,6443.936877540054
experiment_358,6172.214571949973,6216.3566589506045,6256.053944631694,6300.5574146967665,6350.669109569364,4897.847873937208,4934.879892600683,5061.984693045012,5044.125581873956,5151.307132558,5151.560565637762,5201.746615692784,5264.7822491543175,5294.304917826186,5306.194956682648,5356.645603063156,5356.79096085763,5429.6427503776795,5454.15523922027,5543.415542530987,5553.609304636738,5618.078784080969,5579.456378552272,5652.485500018363,5677.230134419442,5676.578933366212,5730.1525335114075,5744.054052077121,5858.040507247899,5812.728295694966,5832.302946169888,5825.189224520316
experiment_359,6172.214571949973,6227.060475806693,6277.241217998543,6333.836757061478,6398.3900866331205,4631.96695870112,4648.461844299478,4602.987662075817,4660.760797791478,4766.231526430857,4743.30295839989,4798.142378549654,4854.246422953722,4888.541850968709,4899.13999245805,5073.75693700157,5181.985376812872,5119.284245795421,5170.303725485315,5269.800880186768,5341.326423713228,5373.414663070544,5506.378595139095,5568.612752676623,5611.253551408752,5753.203532194473,5790.928875114308,5929.037641793406,5986.041073444826,6109.138061621086,6203.347777928628,6326.510097058212
experiment_360,6172.214571949973,6161.3048387152685,6148.766234092709,6147.646211381534,6159.766207663125,4589.669091236806,4567.978216987625,4619.409819957699,4639.453877706056,4639.395082935835,4721.094724405173,4732.0023308807795,4811.167411391038,4831.236718567121,4902.6071980445395,4998.790580701438,5057.629984705327,5137.063495412994,5244.055285429453,5405.745232310779,5515.902177879378,5634.958429590359,5706.2906016940815,5881.988517984426,5942.15047206231,6131.681452638593,6289.172631943566,6491.436055374007,6658.8512404803005,6871.398525002285,7036.43568150343,7298.70802019519
experiment_361,6172.214571949973,6220.023782187237,6263.7925078408125,6313.279983070612,6370.659541453066,4629.663939739166,4631.094724761641,4680.924147436181,4772.029676381876,4741.161229361777,4810.016598262275,4874.874393133887,4972.994925078685,5003.032349008474,5030.488127557041,5071.897858466473,5111.114066033916,5178.554189403563,5271.948316023767,5290.739058630395,5355.462984559237,5421.8337149329,5488.515593640248,5532.61379999577,5652.475155411046,5693.167824819494,5826.928360815325,5810.3511537008,5911.855755527538,5974.737340124863,6065.208856741636,6101.742398702469
experiment_362,6172.214571949973,6174.802963047321,6171.406769274291,6171.91404846259,6177.9824994990795,4532.345227014419,4534.792561141689,4506.232043655895,4508.305830560765,4511.5860396359385,4502.623062180467,4501.61946914868,4586.6797399551815,4503.463855287038,4516.65368971073,4533.941676014707,4575.743111449794,4570.759244533068,4594.669783817379,4709.233901743533,4672.638266531127,4696.27161608723,4765.034190816286,4812.662515823457,4811.428996624916,4893.496839808116,4933.256122817256,5005.374666392149,5076.863323806197,5134.291307367235,5165.010064107223,5247.124888867553
experiment_363,6172.214571949973,6163.194656750814,6154.063775774707,6158.396680145799,6177.425692758046,4623.418864943205,4647.778069006512,4623.343245234613,4702.1983884314095,4738.489607335822,4772.395839606541,4872.112270765713,4927.225943073197,4946.711734900727,5014.716827009985,5155.0028004738615,5254.091536755654,5343.78114928266,5429.533499929951,5577.371979244195,5718.244298644757,5834.054939569602,5963.3300202536175,6176.410770024523,6312.296769868333,6504.2246683792955,6669.717510967988,6913.842733798143,7061.849395429175,7333.98209780507,7548.47890300952,7764.652516716325
experiment_364,6172.214571949973,6175.808897978626,6180.041456655123,6186.372553306958,6197.010530227182,4903.098386307228,4783.409225147833,4828.908314497744,4861.375776167448,4938.035908474412,4941.039901241482,4908.15979426609,4964.791491442985,4979.771710355861,5049.289577986505,5030.009817413542,5000.839572444509,5100.905611544853,5103.465064440791,5139.10729470224,5331.412375935636,5256.842521273846,5346.0407847848755,5391.825801143388,5496.152392623146,5481.16808134579,5522.6757539043565,5577.983670190293,5650.0708247871735,5727.389879063864,5802.612630086977,5871.356229942648
experiment_365,6172.214571949973,6170.989024520308,6166.243946324289,6168.2397246153105,6178.870757155362,4778.150642879391,4713.092251422343,4684.147777085302,4812.23544325036,4740.813035847934,4824.3219237725625,4867.287325227126,4846.241956673594,4944.489289924791,4941.728611961097,5018.311192290068,5083.802356164004,5172.0143599207295,5242.942548816518,5297.6900596851765,5328.920801763635,5457.597729333416,5520.117323310291,5603.617624767021,5694.0249238619,5873.212994739714,5944.289937505102,6112.115529699152,6231.44492565522,6388.10870485762,6584.704518056054,6779.896229389582
experiment_366,6172.214571949973,6190.7246784870285,6210.537912845168,6232.382265304238,6263.333008601424,4897.229149368403,4894.396293971047,4980.101243106935,4987.999545272993,5061.809977652731,5142.276226659242,5124.754257218925,5160.3516423986875,5201.68378927151,5307.523389421588,5355.522899341428,5414.574177668359,5464.528067870859,5612.787821154201,5606.237326821742,5717.12522852923,5823.826054570256,5927.763530168136,6020.175539480786,6116.4583003968255,6291.978296615174,6347.647948607546,6482.724933970114,6627.1008827562255,6767.639633523657,6926.468850060676,7048.661402191613
experiment_367,6172.214571949973,6222.663369648242,6266.21842040676,6312.085904963811,6362.966316581452,4857.767858483343,4902.760066501854,5003.98487137259,5052.389085000274,5049.183218054799,5070.3968114301715,5112.87984680143,5166.636527923789,5109.771521140017,5110.275713063942,5184.145876575878,5204.173512934874,5236.7976442314575,5264.51442266398,5293.0544942594015,5318.300416945536,5311.3351775002,5358.539125613735,5460.204471719952,5410.698506937321,5420.202841932101,5425.982808090836,5489.772649296432,5509.213469581369,5564.652439085836,5584.403358547843,5555.809010447397
experiment_368,6172.214571949973,6209.037383429389,6240.514572818791,6281.938986976069,6333.8744291792855,4732.297528931274,4763.096885392128,4825.885870689155,4888.7217320500295,4971.825859730683,4964.468441200082,5064.3549349317,5082.19675510625,5162.972228933289,5230.871857732701,5260.553733074475,5353.808538837312,5390.809149317625,5445.263646214653,5540.835584547039,5686.799460865332,5739.1958827137405,5860.463296388889,5979.735159833808,6080.905670795263,6191.05305816231,6295.9693711612845,6477.245559269817,6630.489600561041,6725.992935236379,6902.387838000571,7008.412092891369
experiment_369,6172.214571949973,6231.958317659457,6281.728025564852,6336.586759588013,6395.674122717575,4967.789415674406,5055.525313021197,5053.625424040796,5078.84185756998,5116.098342312328,5118.764532833393,5254.812469511002,5281.2329111290255,5233.656572911772,5248.964642245566,5339.121398763933,5283.820281515991,5349.001033157388,5385.807581050467,5425.208427289949,5470.09815155407,5496.735353753296,5567.9451564935325,5554.023657415646,5602.189698625345,5596.39291663536,5668.706929998603,5713.442699246273,5700.301049702932,5779.507966170282,5802.29648442876,5839.607397858273
experiment_370,6172.214571949973,6242.0614402332385,6311.74042680965,6391.170565535855,6481.242982781323,4633.562787849429,4648.490245521058,4724.502052732258,4824.847781544682,4960.101282518879,4911.826580292984,5048.858269410326,5082.979755689412,5219.982311431373,5290.912197733998,5416.814916021585,5559.966120120975,5654.204949136201,5797.224856743038,5861.4484705329905,6036.684025069271,6122.320107711753,6284.670712423944,6456.6988127038985,6537.32100067035,6712.331455875987,6935.52721389107,7073.299822700966,7229.326652580887,7426.741168628963,7633.237791553976,7855.795962029506
experiment_371,6172.214571949973,6159.29932909731,6143.15210067267,6138.0908727705955,6145.108402775475,4535.081943768493,4566.526035747223,4538.234228361612,4649.487268534442,4539.278574218419,4723.557386933648,4724.061366792008,4678.578804623963,4825.142386277272,4771.092122091009,4869.098151185702,4998.8508071591195,4995.599742785547,5059.963824115398,5142.904714196975,5290.54037424285,5348.386981381796,5437.139279181798,5556.98766621938,5681.939100841066,5827.957476827622,5912.929708281974,6069.195340614302,6243.963355887071,6382.1419016501295,6531.461039404614,6712.277056096328
experiment_372,6172.214571949973,6186.718677594863,6203.802470476428,6224.082723394928,6253.479907622739,4716.267913126775,4734.114847377288,4730.671681261561,4787.515593880508,4863.918430520353,4891.807294358251,4910.458309360151,4986.143429311615,4952.894113978225,5065.399682958908,5103.828919391384,5254.137178090761,5246.524835903929,5367.477964423602,5475.946137882298,5584.7700601838405,5646.91632083733,5816.384171373516,5890.127578442754,6027.7835435011075,6193.753385054416,6338.324704598646,6517.9035262403595,6629.793689111354,6795.090500908251,6950.15320579388,7150.290580378819
experiment_373,6172.214571949973,6345.631173271353,6504.29313379823,6664.823209090862,6831.683959353937,5120.185587993415,5256.2859446892635,5328.845955147031,5526.190508594644,5644.204621352577,5707.901478492975,5812.33473833105,5930.257918885811,6039.574465700166,6037.123171546742,6121.291205178046,6227.203599532684,6308.721685872286,6323.365903067186,6442.428181731902,6462.97829035729,6564.299184247582,6603.066988701212,6641.838798596233,6678.308220198631,6721.519466797988,6716.135708469161,6742.0044547305815,6807.156307799238,6766.3794618386255,6786.776403701062,6799.919381313122
experiment_374,6172.214571949973,6155.5086674278045,6130.463217176657,6118.823619950177,6111.566371089395,4685.658780258709,4589.442294688736,4620.610079913181,4649.053798763663,4612.311744930503,4603.699939621264,4626.296900412444,4645.145793271848,4574.244651509599,4654.073407353891,4695.1397977757415,4663.831000850936,4698.650367945542,4809.869714067805,4753.199891602798,4839.457658196938,4918.181680020024,4901.5553036363,4967.864711130914,5112.051721693755,5170.060203009772,5226.038964580406,5371.048492952663,5498.128877434756,5580.050419758053,5672.99498590662,5825.667857247813
experiment_375,6172.214571949973,6195.865146724762,6211.893526747661,6235.053066771814,6270.053038428737,4561.050401981724,4531.522063850971,4626.214324140448,4665.24706002389,4657.602977422136,4678.90200011976,4690.299709167795,4778.803079995544,4793.517101719727,4833.738775992098,4793.10061654407,4891.142386121238,4912.914548536606,4870.752786048688,4902.65254355243,5015.964170581907,5053.567921516479,5053.664621204649,5063.796761295725,5184.099157670302,5184.071923142561,5268.618303701976,5252.5794781173345,5341.242724524887,5373.904661207875,5430.349173954667,5507.380564598446
experiment_376,6172.214571949973,6268.272925443344,6355.687842112421,6446.7023813525,6543.595589841938,4737.176275262342,4773.49294962416,4849.078577378607,4979.754748180577,4961.769470722748,5051.530565684316,5127.2262317662,5239.50072819727,5291.523636472233,5384.874530938687,5392.449851692627,5508.510512107424,5649.17846385238,5741.009700717037,5842.762118621724,5921.882363627783,6082.704086400372,6126.762004925318,6252.337058716232,6436.31140223482,6573.608639947028,6719.36931952114,6858.339183158002,7015.972701366576,7223.2876030736315,7353.715982748754,7551.1168215489215
experiment_377,6172.214571949973,6215.155873299567,6250.73032468393,6288.211263199982,6331.003953175703,4860.371757544033,4919.5671577423145,4940.724992665932,4980.083547850416,4954.066835255899,5041.3565344909475,5015.286837529822,5074.302172070152,5090.482797239993,5105.691917491795,5135.610921288306,5060.034752992554,5143.042356261712,5090.212957530955,5198.401723279136,5248.263859860858,5272.737990672449,5273.767289735988,5251.183658464287,5277.417297592001,5336.169026333904,5365.5887321010905,5334.014933022513,5406.5182468515395,5457.475979498218,5498.142402860358,5496.7888811199155
experiment_378,6172.214571949973,6175.334116627364,6172.000126773441,6176.787547336746,6192.400124090749,4591.042456943511,4565.516006153022,4643.876791794214,4685.284390829543,4622.256334068377,4685.418072225029,4685.441392984904,4774.772838584578,4716.989220298943,4805.051778464935,4873.661586200687,4856.481919031682,4881.879284306584,4994.880460996006,5034.752150554033,5129.621757267685,5166.107219824465,5221.241747426138,5332.510803637332,5408.52425110267,5494.908219036011,5622.391977664569,5707.395288582333,5819.013841415729,5974.293242479631,6085.110602991785,6190.906680811459
experiment_379,6172.214571949973,6180.225544388653,6189.35104208742,6201.4638918118035,6222.153936732169,4642.719796035407,4590.470619847631,4530.065734544853,4687.223133078551,4628.255637000964,4643.274340900691,4676.796502365206,4688.314708077571,4727.280268575181,4782.806199079491,4851.682003825816,4807.851143634371,4891.6348977711405,4859.742369792429,4955.479187207695,4946.832771948326,5004.901932724355,5112.693991438582,5174.934379807183,5201.396122568865,5339.257485159872,5348.973328932601,5438.909599081444,5539.741567656316,5611.078511888971,5699.109320151763,5808.957148680706
experiment_380,6172.214571949973,6264.747896485536,6349.1874800215855,6436.9020630797095,6528.372201507518,5010.380387295613,5142.267399760572,5173.146772742412,5285.299032817015,5293.480189961992,5421.85137218193,5468.5810853290695,5586.926993311519,5581.589952620806,5651.844630953352,5753.582521718406,5812.863025271201,5896.486782587997,5962.500257775686,6019.941101157072,6115.427613247578,6162.677197506291,6254.083810907263,6316.164665466935,6422.613211559661,6583.8391136237315,6628.9151626784305,6710.69572063918,6792.970768711294,6840.050386074156,6911.124049383947,7005.4877946770375
experiment_381,6172.214571949973,6233.662614254433,6290.989704809874,6353.615151632046,6423.1867890861395,4548.492865994112,4612.411117416611,4613.298869190276,4762.384872037496,4770.09749012007,4779.762453710235,4901.207376936316,4883.534829267137,4937.5598170683925,5072.535937652478,5077.907640206883,5165.667167795004,5181.087546193037,5263.444649109682,5309.606861607179,5418.193761781386,5460.374092524949,5570.6760359149575,5630.168851102653,5732.492061059212,5875.726523236923,5957.622016847752,6028.84673500305,6152.87901202893,6295.452408462041,6455.257980811734,6536.361647723366
experiment_382,6172.214571949973,6170.783798801287,6166.569120623541,6171.995688265952,6189.2424849543495,4548.627387366599,4574.8137969909285,4628.8987675447715,4720.354280200584,4747.227804242879,4749.633884277044,4740.1832968230265,4897.375943711208,4918.240150976672,4921.430423353408,5046.310452982472,5101.845331399489,5220.295511057164,5277.185618454721,5346.134876409134,5491.689167566672,5639.5147157174715,5767.054519126597,5912.58743725002,6062.7618997896325,6278.8882859228015,6464.766804977304,6560.356055681346,6793.232630510689,7003.8843099941005,7210.726445170638,7462.2512042140925
experiment_383,6172.214571949973,6347.779547602761,6511.277728936817,6681.0615632748695,6857.784538573355,5110.205513517554,5225.774969272137,5349.082868993079,5607.190793023326,5675.150869921155,5815.379789038219,5983.451942646696,6068.063490451601,6190.888801812109,6296.374090112542,6405.887187262728,6547.319950335916,6643.155171975265,6746.8444412203335,6930.952646995949,7015.998813484284,7111.988568767149,7233.442435509789,7346.310236254865,7447.796228820111,7577.93037833913,7699.493936547175,7756.783552118846,7885.607702030311,7989.802471632844,8071.126282192134,8169.223449050618
experiment_384,6172.214571949973,6213.924097101497,6246.178686975382,6280.663288088937,6321.0856547523,4900.909313964477,4941.567252342005,4978.516488584126,4955.2058460950975,5014.168429904661,5020.98226089593,5046.601146218117,5081.512130480291,5090.84014434474,5011.893073367362,5047.755295519568,5055.177878203187,5065.074026024395,5016.121190478246,5048.534173805832,5046.129500021072,5016.861540081909,5037.2077715095165,5041.131964862607,5015.549228244918,5036.345939615984,5032.634424856389,5019.548679555872,4981.737171110486,5014.459328363369,4988.957992040407,5051.013049769279
experiment_385,6172.214571949973,6213.281811344597,6250.620875860778,6293.0438030591395,6343.656334155767,4722.741349944961,4761.561310480949,4818.151678707916,4860.704434772566,4926.728242308003,4993.694799433467,5009.827132845752,5117.472728296427,5160.193689529351,5232.764013870661,5260.65531889538,5333.723795698743,5447.191949463135,5509.302471123685,5602.714763610763,5694.496696681401,5806.831953955001,5913.904236475372,6020.710787020416,6099.887178979518,6261.4000169743795,6378.313807403624,6489.169118812362,6634.82619902677,6770.196231698741,6920.640502519203,7024.4248951883865
experiment_386,6172.214571949973,6169.2315320341695,6160.766521810334,6158.148295022773,6164.191151890012,4734.5716583976755,4697.844146191726,4675.544450189178,4818.617771656629,4725.516671830321,4792.308270371466,4745.275191203149,4797.31276239239,4891.66764075591,4815.740319229677,4892.007733655273,4870.226381296687,4932.956022326047,4944.774404639342,5017.810079671276,5071.972135625299,5100.00748642128,5153.240256071345,5196.370817156085,5344.631442927477,5323.845135878102,5391.0065414095925,5454.970330410228,5600.912236283904,5698.474848504949,5740.964502809285,5834.632367300794
experiment_387,6172.214571949973,6207.826610372207,6240.317402496668,6281.420142654243,6331.130590921395,4807.034679987335,4890.758084517927,4917.630434547813,4958.365897257128,5070.120816187955,5092.013934968834,5167.732675984159,5205.2084158699745,5227.78610943744,5265.313867469139,5335.601989076915,5429.206642788424,5514.65307552424,5602.541826463045,5664.234195850871,5685.669822824016,5826.024092642447,5864.545990601501,5960.828233138204,6071.612578573131,6157.323828658497,6227.3078683296935,6362.627735135143,6463.6982121721285,6582.17563895472,6694.106513819888,6821.17182916742
experiment_388,6172.214571949973,6174.583542931317,6171.338222767581,6173.9864540071385,6183.982340328601,4758.538188372492,4774.083735120852,4808.894471735241,4836.053150536348,4859.095488138986,4829.835529607404,4851.391103483279,4871.214279774504,4860.843324138141,4963.942481708681,4977.957249592764,5053.738536133729,5118.719983883963,5150.771788562239,5185.410674320529,5261.080002671533,5333.762823708401,5383.177533847221,5469.936051967594,5590.496090249403,5693.47353637099,5801.289652452373,5877.399635548487,6030.389471715057,6160.65778544497,6311.241975160601,6443.08270067985
experiment_389,6172.214571949973,6190.462202214734,6207.9083595898,6228.472386410572,6253.674901648116,4833.191526424189,4828.036144973946,4870.385680091893,4851.076030323469,4919.5408777436905,4934.6410736988,4938.650235389103,4985.353703999592,5019.7473777420055,5036.32948514434,5070.244006282491,5063.388306346824,5222.022724268744,5199.916885978078,5230.112925578924,5282.003883806028,5329.559439523081,5402.355668783821,5423.876068181804,5493.408972473688,5563.954553891532,5618.063345376522,5680.165643322427,5812.2110625263595,5830.108343988359,5922.636486688244,6012.201261983531
experiment_390,6172.214571949973,6115.17886232149,6057.671301560551,6022.576791597475,6002.08801509801,4303.123335312997,4273.85117925107,4233.747677201069,4335.885462433024,4384.981664706419,4396.53736306501,4344.295687587474,4398.2125435572925,4424.178234811479,4477.562723197887,4504.819265909467,4671.443297027632,4768.798265014779,4750.179319816911,4933.764431661328,4977.141892699257,5134.618272673844,5291.18401476948,5491.218310667025,5624.765050463357,5780.35207138727,5998.869324647732,6268.486937600743,6473.59821820692,6775.495926060472,7088.04943716892,7412.876170027509
experiment_391,6172.214571949973,6219.057659062859,6260.196656571254,6303.076272844212,6351.521753807836,4877.707697747299,4938.895447382744,4973.473684518151,5022.045774817717,5064.466501785351,5077.127603730648,5050.987651714534,5100.451913783412,5110.538510623444,5178.421602683746,5153.567540918717,5141.162721401508,5200.90054499238,5262.796379973442,5294.132424976069,5303.8309243335825,5375.638106861299,5395.002176531134,5489.019218362329,5504.944920727913,5527.4403065183415,5551.199097328299,5602.437173408102,5628.567995112817,5713.547875067481,5701.66018376027,5795.72224137976
experiment_392,6172.214571949973,6146.447713588777,6116.879680039123,6102.676775087678,6091.310366259631,4707.9102792497,4677.020063438364,4734.398472128287,4675.849606506321,4755.478888004808,4781.585596904281,4701.101496966184,4715.42856292648,4742.912988149546,4819.41195954334,4870.214896725434,4927.281627930055,4987.013180082116,5049.577018153506,5150.205113241946,5202.193160512536,5241.864633923788,5378.105945772721,5528.580127710388,5642.197563350499,5717.3497936498425,5854.763628470981,6024.430260911606,6167.760313152543,6289.896676607124,6450.745339045523,6643.990800860032
experiment_393,6172.214571949973,6202.1956852096055,6227.909232101938,6256.1306936925685,6291.38550493236,4915.885240364532,4911.640984314482,5004.951889986205,4937.538957333858,4987.23497373182,5057.187832835492,5105.594381469046,5100.68023276281,5100.905743267778,5131.534004515864,5091.561503944524,5151.977772521959,5184.383837844374,5171.868850695208,5198.410541085841,5201.196450311041,5249.3889029814345,5252.791248290739,5275.030877212403,5343.4132266781435,5327.714933216583,5382.832952754495,5356.117359506456,5363.438093430711,5473.794663963093,5390.24445340075,5452.677648829518
experiment_394,6172.214571949973,6251.404011652281,6326.135642218174,6408.415373852889,6493.474999247079,5029.942891959636,5060.3099187644275,5166.123535661823,5298.571304867932,5362.18120447779,5429.784141879363,5450.600196822006,5601.992027434464,5715.298881305811,5769.5939936811355,5862.054869504407,5949.963973949162,6005.86989220637,6185.266151292637,6293.621540734209,6426.70316651126,6512.288001784953,6596.629914732585,6720.835190024515,6888.045661246981,6972.405314225174,7125.038459370713,7263.08645067748,7413.615777828094,7574.855842915877,7720.025897819178,7883.358010737358
experiment_395,6172.214571949973,6246.045017648848,6309.106186630993,6376.588260112247,6450.543828937709,4693.898604504246,4791.801526911821,4849.629923469303,4914.072504504295,4985.206712853612,5000.164594025071,5062.595024251366,5105.309540501426,5145.317378036712,5234.188341256339,5260.6534526791975,5394.713035756633,5366.60618504791,5484.627713570858,5461.819839358386,5577.600983834261,5591.772084253782,5714.491064449528,5741.608953694729,5781.440812859928,5893.973478458944,5927.575102503777,6097.6343734970305,6050.529389988396,6116.651354025873,6211.368339008207,6313.0772247014975
experiment_396,6172.214571949973,6184.008258885166,6193.729049424541,6211.4131428374085,6238.1816958378695,4608.33162349227,4637.127877739704,4673.529453463284,4745.946554525743,4703.914058316178,4715.601397009101,4817.246388081925,4872.122397969768,4929.70211168695,4922.445744820512,5079.45573809185,5121.160971509196,5134.511607136965,5172.154816882092,5264.310334277312,5352.465010240621,5425.459969793419,5553.357554221433,5624.315286230616,5726.654615970356,5806.797773072218,5902.571933943782,6017.467423822499,6149.327015010179,6314.903156040349,6345.548526802673,6504.875816797719
experiment_397,6172.214571949973,6272.8089183077645,6368.359877182154,6468.214564269629,6573.375413997183,4875.1925007551,4898.292246473737,5030.767400035515,5131.5577001789625,5202.720906135419,5310.052525864317,5356.548991882048,5442.566210669874,5479.087457471271,5586.70174799728,5667.384919357732,5698.8458183450675,5769.3833039136225,5841.323037824994,5907.7496221774145,6004.320030569266,6064.90998204027,6099.8537266092535,6096.598919060496,6157.897807056116,6279.038306920542,6291.286601349549,6352.318336951326,6376.309185282708,6424.842683765111,6449.694270203283,6505.700582228863
experiment_398,6172.214571949973,6192.452027921256,6215.585538542095,6247.266590967061,6290.477967473846,4470.832662361998,4536.638256506709,4481.635612191911,4528.108330635664,4637.01811977469,4688.244111445754,4719.169101228469,4814.019816618359,4912.773289350538,4990.806381690636,5090.8730297881975,5105.784414700854,5225.060056192314,5333.6787718230935,5418.792112826841,5567.866224021771,5663.664767157412,5808.895070034861,5909.054622153639,6042.590464015625,6268.040372320365,6388.94030626963,6590.9095492240085,6742.039343661719,6958.051255141134,7174.718757227734,7375.2969774565145
experiment_399,6172.214571949973,6163.655483962417,6154.107053062475,6149.0461787817885,6147.176138612109,4832.236776025527,4800.406200535912,4775.619981797204,4817.8982873457035,4827.67684415374,4828.911185874555,4867.820854720008,4984.041243500094,4852.804921387313,4946.283761433928,4955.029933840726,5019.116021364517,5060.520429706718,5067.919662791854,5127.694234104807,5105.814471457857,5157.648250601651,5239.304255770724,5225.055390618583,5297.6669051128465,5417.036008724066,5446.300059143609,5515.184085284561,5559.314482965008,5667.870728560509,5755.902824622792,5839.217855497116
experiment_400,6172.214571949973,6222.651027744592,6265.895553822046,6316.207933949172,6375.304964090634,4880.43197533184,4875.678788768677,4968.436042633179,5008.1892888176935,5054.836575117718,5068.10672659758,5132.972663302144,5179.573401433498,5263.364728297682,5312.841600772475,5395.872682321054,5382.208045022122,5484.059173535768,5515.413426399644,5613.822688276661,5630.290269613875,5736.452458795464,5825.331050066837,5904.920829857278,5933.377056301313,6083.069668888144,6085.178816850491,6209.830720730922,6256.317951813629,6362.35574919382,6461.667294128058,6541.810286037378
experiment_401,6172.214571949973,6172.91018203575,6169.30921676835,6172.179823565704,6181.312149001076,4512.117937177128,4377.7235184025285,4411.471776788922,4444.1173065915455,4415.119900129284,4512.220055211183,4516.71770006341,4540.083149357019,4482.058292247417,4555.427730794897,4554.433505467017,4651.114988756451,4681.467449852832,4669.537373101034,4742.363872551981,4706.268674449243,4816.9851807546365,4868.708968052421,4894.6861093014995,4983.641201869045,5033.303205370957,5156.265014465354,5236.860046017637,5334.673598965957,5410.72935912324,5532.9872105499535,5628.084050639605
experiment_402,6172.214571949973,6183.819743280892,6194.3648874375795,6212.9332152427005,6244.193780835794,4410.909403716647,4504.973269713762,4536.304084843921,4492.677285569358,4577.614510080509,4546.602374644279,4626.383190077369,4624.1374770800085,4691.092814928768,4740.14240947932,4812.279227159481,4900.950545080461,4872.198734387448,4955.558337933818,5075.7230616730885,5167.707150339933,5169.728198447934,5357.506380282569,5463.72364544879,5523.341993269314,5685.277202293949,5774.353578376348,5900.658600029688,6028.338891223877,6160.38988653114,6391.778609690838,6534.803783577795
experiment_403,6172.214571949973,6216.084654931486,6252.9493319043195,6291.3493644037435,6336.619959522426,4912.582069233751,4917.290180870554,5035.476573821985,5071.303621376161,5098.078189898884,5100.796800963952,5135.310613032476,5228.975160475882,5224.150450121502,5199.192916125253,5192.853620736738,5265.705951437185,5235.998700074137,5232.075057478106,5317.692982554467,5299.345579910211,5325.1690758987315,5327.914126267527,5329.241361900436,5330.826225715776,5302.928942365723,5347.895868883701,5315.5446978708005,5292.488713408453,5283.379485362599,5311.102743229616,5267.762248108005
experiment_404,6172.214571949973,6221.07782712478,6270.271706850175,6321.277283492567,6387.207966233411,4742.857930203104,4799.411793323155,4810.943351603137,4888.417639363456,4966.023130140181,4999.2215518899675,5059.920550495913,5174.6956850777715,5182.46873610512,5255.3225328334765,5346.633949061868,5435.327879193364,5564.220761897346,5643.630746031156,5732.006130265761,5873.149411814849,5962.578682881014,6100.698386755967,6221.426348315426,6439.509740956271,6548.335448695891,6691.142639293084,6885.283244201368,7057.574353052696,7247.347655254569,7458.923878025808,7699.506446197709
experiment_405,6172.214571949973,6269.298035996862,6357.817273160064,6450.700374613947,6548.970002955609,4642.7571408229105,4702.481807982556,4786.906311071099,4840.527403652948,4944.1594800592575,5007.063218882862,5067.107667147896,5109.413469991929,5165.875457772858,5269.32142529839,5336.709659159042,5359.232414507199,5440.466531321269,5472.898080673685,5592.778620151952,5663.449540986849,5730.615027755955,5786.113108055633,5886.435350433805,5928.392811428701,6043.428096700211,6086.1395101498765,6196.002381445154,6299.314683846882,6313.5273375228135,6416.717749398133,6547.657995883441
experiment_406,6172.214571949973,6165.792711777846,6155.30029424374,6153.312295273521,6162.1093591846675,4726.777822284535,4648.954006607251,4689.250383802704,4758.213404113425,4761.6909427750725,4808.157483786672,4858.613036104895,4867.062514109128,4834.729831990495,4876.279192359965,4929.167074513702,5020.339529894398,5060.793443342694,5090.225981896508,5174.92166483139,5327.481489527174,5328.199093939746,5436.213076023994,5536.352216120655,5597.480589190101,5697.46284732807,5854.776448093324,5951.986633328956,6101.500013883469,6202.172538211464,6315.8756734387625,6468.616815291552
experiment_407,6172.214571949973,6161.559724714807,6146.677488623356,6141.0117200426575,6145.6181748795625,4655.195234189751,4742.951571885444,4708.313266486308,4687.8380591928135,4747.41799654353,4837.583947503021,4793.882694438498,4810.051905128865,4868.87138688953,4833.005057379773,4931.848098696366,4972.914840781425,5097.118850365398,5103.3718385806815,5144.09317794687,5240.690021938328,5268.7740677928105,5405.7229963434775,5464.696032702412,5561.380360633237,5653.618329505971,5797.282815955485,5895.809813259605,5960.9504232400695,6112.577196275082,6192.753916404794,6339.348878800153
experiment_408,6172.214571949973,6218.580874369422,6263.41418133218,6312.515658571167,6368.492333830256,4739.5862936278,4780.8199181283435,4778.274902859323,4864.748625968534,4832.945974112045,4942.512835785381,4993.372969070653,5013.50798589278,5023.794023097273,5191.434928457887,5183.597479724449,5222.726350881389,5291.6727364791905,5329.213170087707,5386.911659419397,5483.125189933829,5497.985334407533,5604.0204680522265,5635.221657824125,5673.139494062443,5730.947987589284,5781.5581276619305,5873.178021203828,5982.086403413161,6006.993229839637,6038.369971270371,6110.195813215347
experiment_409,6172.214571949973,6206.163396670792,6236.707875452945,6272.484472688628,6313.906375117227,4742.388189509065,4731.415798675899,4791.587168160673,4886.0010762255115,4850.29116643641,4903.462440591897,4941.837796323626,4978.141027672889,5069.190981214313,5123.177044269341,5121.4224251544365,5301.654090352278,5305.435030450828,5442.03088577555,5558.693191352624,5629.736110688977,5747.286465130825,5835.71433708334,6014.970702056289,6127.803934960577,6230.60628789252,6410.142285759524,6559.271918200489,6806.664302351685,6930.523921726111,7152.230565921271,7365.871196904254
experiment_410,6172.214571949973,6210.435956547644,6253.560826011497,6302.483930974617,6358.366956994843,4687.143647080538,4735.904770748033,4849.719015253608,4831.722380335101,4923.309249907012,4994.411084483781,5040.827269124315,5113.604047084038,5199.13342839968,5291.478265000318,5365.167869757517,5482.283447216623,5570.953403089201,5658.141073367761,5831.890068677783,5900.738544652324,6054.169527862801,6154.955586721357,6334.973840980192,6427.489208595287,6595.58841845685,6825.338253342078,7017.942774445468,7129.420220743642,7342.375999880765,7583.905318213474,7778.431617617083
experiment_411,6172.214571949973,6262.621869641047,6344.504436082403,6422.235468041824,6507.341053170082,5132.495928184581,5175.562794800695,5310.62093558713,5378.812043045304,5501.769538893812,5487.1217726057475,5610.496751774475,5671.630856348875,5723.426591023519,5756.9161907075795,5851.5085880344495,5872.477650550589,5950.670200872183,5978.187261691979,6023.566804267171,6068.150557387278,6147.497060391488,6201.003573815946,6231.570285965845,6291.111180922087,6281.118797576012,6368.756713922678,6453.241425805613,6444.855815630814,6467.303751696796,6577.995527154517,6585.758355441221
experiment_412,6172.214571949973,6196.561304333551,6214.932175448258,6230.922949610118,6254.2511339500525,4504.998636703956,4430.159635126605,4488.1526372455955,4533.010997833617,4440.642797911654,4511.74077770271,4537.937591701864,4562.414310725683,4535.916109252363,4452.556655224975,4533.707971897415,4484.828244426257,4534.6049889503975,4486.434921742029,4562.693900022739,4585.016308930322,4667.928784537503,4604.458024403004,4683.24234489702,4689.745071523362,4711.928803030336,4754.787944089911,4818.769561567219,4861.596015602172,4890.74520354978,4938.071204821212,4998.4647152350535
experiment_413,6172.214571949973,6203.876523827869,6228.948793599663,6261.34173493834,6302.625865051934,4592.015505465564,4529.547983200172,4583.009350178799,4640.583895649637,4570.773198708266,4656.380512633766,4647.016668829509,4724.018365274419,4728.438756075082,4790.37767537657,4778.6854433281405,4870.094713245513,4886.662990915328,4923.979407847306,4972.9596185327155,5094.257420782808,5138.198876733095,5195.93807683882,5318.044553961934,5369.727880732917,5484.580062313593,5530.650646608521,5695.935074836199,5777.218142694923,5917.841455914836,6065.222811072352,6197.659325236251
experiment_414,6172.214571949973,6249.279352775211,6320.451065981464,6394.308510296687,6466.632228169043,4927.855292897513,5062.620720375713,5072.90905043174,5144.523423901361,5233.259474194821,5267.092138696023,5310.9019582159335,5372.08242660744,5402.621441220109,5458.007747056842,5524.145421439247,5528.289200561975,5611.741820334473,5592.5318996048645,5659.660159535115,5665.682390285083,5719.371166431004,5729.165299095117,5722.981186671706,5768.304757694728,5807.107677021174,5817.606135645268,5875.68421881291,5844.494403874771,5924.583442245845,5902.579012623442,5938.147599172489
experiment_415,6172.214571949973,6230.784990007008,6280.134082247032,6334.955790895672,6394.906696932097,4829.486114234822,4786.536482647549,4817.5720779289495,4820.738084863169,4885.880145286111,4900.708665556188,4967.77238949793,5029.501626398782,5047.503207005515,5056.481198078493,5043.913938114312,5099.544149077025,5143.794265451413,5082.814587485045,5153.818546593603,5227.819831811397,5199.210975835571,5192.955991187835,5207.388508312659,5222.428169635641,5219.116238535017,5276.242162568738,5265.442364005052,5278.914331787592,5306.3485300279735,5365.718683406696,5364.489724175186
experiment_416,6172.214571949973,6197.985088511257,6218.23174950202,6247.542390602082,6287.561839569396,4574.86339032818,4556.113764216696,4574.191395656806,4668.299888849448,4619.05510785306,4674.406622529092,4721.792483744019,4682.96105656431,4794.759441784083,4870.306479521802,4919.606108538275,4941.014065520427,5035.689457761182,5056.69211756935,5159.042435436846,5108.664898942581,5183.694172584207,5330.732009908883,5392.098545710227,5459.896108789311,5535.346015761008,5623.625571427754,5719.30734384661,5801.49720564513,5950.106964658528,6045.045056554303,6130.957946231476
experiment_417,6172.214571949973,6195.115471652116,6224.023018313428,6257.5468796035375,6299.878083227091,4812.153147719473,4847.592961861825,4907.646815535704,5015.659950317588,5024.671634729873,5034.783905683407,5177.089256246054,5208.956054070852,5312.129032193534,5404.873486641719,5540.289907559534,5602.2009331016025,5706.560597478063,5907.002295060873,6032.620081048737,6134.717712695929,6257.570212359364,6468.808187684766,6585.687981791508,6773.716681591073,6930.428505398417,7137.828909275468,7314.747575887592,7577.9722725211495,7786.283123877627,8010.363038226039,8255.392769537902
experiment_418,6172.214571949973,6268.475942072261,6354.589596313077,6439.6226236971015,6532.479250261592,5029.470362670652,5033.8635518330375,5085.557688132258,5191.0467600516295,5280.606543916603,5361.59896173393,5355.798110428235,5376.017373958022,5429.152110658911,5511.51183248837,5562.3034688998,5640.996064869948,5621.6340028657505,5713.717950867119,5698.617800383572,5758.487924065483,5776.956367134157,5777.485739418929,5833.928716196391,5838.314429926479,5922.630971451887,5913.725491716287,5923.559964812999,5983.648943229128,6009.196889843077,5995.54854024903,6078.154487611758
experiment_419,6172.214571949973,6183.756449296898,6198.466069403544,6216.257988063643,6238.1818215019985,4866.4243639644865,4887.792128072175,5018.364706188346,5011.222028841259,5087.228592638588,5064.946187499159,5111.754492630216,5110.6134182401765,5235.69913331047,5213.669026626456,5299.377561288513,5366.869937231766,5370.915514249487,5418.25566601651,5532.286192346501,5585.648826095547,5600.32891790555,5732.7931956118955,5788.392950971956,5858.027054184626,5926.680121259657,6005.729435035315,6111.656441471594,6236.391980227721,6275.5772594510645,6395.174794048155,6451.022090941197
experiment_420,6172.214571949973,6187.170281940537,6206.013312913406,6231.661621849099,6268.08324695288,4752.203314086533,4725.290912291059,4839.444028142435,4847.487710814201,4914.763837311107,4911.511130592038,4995.16320544156,5102.531583766351,5183.733637990614,5289.335296761821,5282.988048680489,5370.044212930923,5475.415032642253,5588.792344664185,5657.262903366145,5813.101374170396,5864.5703283243165,6043.965038967519,6132.8576887937215,6273.6383287325425,6358.617005518264,6493.63240441476,6664.417583436138,6777.446519718699,6951.108171721879,7082.370426660025,7269.686669426478
experiment_421,6172.214571949973,6233.412137115417,6284.502939677186,6341.670707507516,6405.325814632597,4669.679822283106,4693.133617141404,4747.519479516987,4892.411623185639,4840.725314423411,4989.0196041899835,4942.906508274577,5000.3607311068745,5001.256548088713,5021.834368508606,5089.038126464151,5099.871012072264,5183.912463405331,5201.251008057412,5269.071192305759,5325.830386732183,5319.904539961193,5347.099539215832,5440.618815675179,5454.730490726301,5496.566837450117,5618.199040039937,5587.473451117704,5648.439428624284,5720.636444775889,5780.950861724544,5824.080427616236
experiment_422,6172.214571949973,6183.291507516997,6195.042087880704,6209.8344553458755,6229.132729520422,4905.803555776802,4913.5600617785385,4894.218825108987,4895.967762117498,4959.622968248582,5058.486745887516,4982.231316552261,5025.930680388228,5090.05874412614,5185.469404627991,5133.403511663817,5239.908892929874,5270.900285379039,5314.801324814469,5353.812404297901,5380.749487653056,5504.304873097815,5539.9584606938515,5586.891526005871,5698.573859053813,5723.769111563139,5785.765547761657,5846.016809855815,5905.777276681314,6037.246666459917,6133.8011137981,6237.668989574024
experiment_423,6172.214571949973,6195.741739524916,6218.439143784295,6244.223178374824,6280.149438123386,4822.335195813041,4760.300519479189,4873.9906329942805,4886.644910143336,4953.02040844019,4945.783480228269,5037.269144469128,5025.838464405569,5127.116997860781,5129.98692927789,5173.675520016138,5175.913822557841,5253.887013509471,5334.110372861263,5360.76268895638,5394.29384828614,5470.50516739236,5561.074774067471,5622.147794456398,5626.867597302645,5679.760870854199,5783.890164087086,5846.45271596382,5902.559998950026,5984.842507260226,6099.891431543519,6147.793404031178
experiment_424,6172.214571949973,6186.126010938516,6201.3613780323885,6217.029335188861,6241.707696143346,4728.755585482384,4708.4269610407155,4714.619522826256,4745.8967558471595,4830.5417078667615,4802.245419060064,4861.191329090566,4862.705941511316,4899.424498058072,4893.279542070004,4943.713073015693,4966.001156861428,5041.511769963727,5093.87342766076,5124.245859469131,5219.390785507394,5282.327750377219,5327.527209092055,5390.585471762648,5481.667632925048,5554.049019845577,5595.431365202867,5705.3919220664475,5767.092306225561,5828.134402085172,5946.066684639021,6068.209475002894
experiment_425,6172.214571949973,6339.027113177921,6491.3649323707195,6647.507184041387,6811.168465486999,4885.91280341815,4947.875137507645,5057.3199111941,5247.183626487589,5304.24577107167,5426.894634443656,5523.541434778431,5611.957948241533,5668.322661455162,5725.630020208151,5818.950607054332,5905.3248070594,5926.8420919747,5946.67478888505,6068.042241315519,6135.90522637534,6117.813972462682,6172.296337118103,6223.899528474196,6241.450023503203,6299.540927274959,6335.894318775222,6314.010171405699,6389.552411807335,6423.753904468998,6418.982939892194,6454.666586162705
experiment_426,6172.214571949973,6227.851133427197,6274.982258125481,6323.713839374367,6375.732257189109,4851.875366701144,4939.604980412254,4970.2877425205825,5007.069560282494,5070.245790762065,4998.197242118685,5097.869702177821,5076.245422243845,5093.550443561212,5129.792502723175,5099.477375195426,5121.926841579432,5074.724293413545,5125.905617733997,5131.880367664232,5026.32935187306,5027.078617380494,5026.082405962725,5043.6156119331,5016.33041038223,5008.599442275788,4989.063467788505,4973.755678006328,4924.2929000895265,4969.968910454355,4901.6067285744675,4845.870213751438
experiment_427,6172.214571949973,6248.34310740094,6318.461234080684,6393.40019915303,6467.567049930249,5146.7080522697615,5214.21056951047,5204.727439748467,5327.977365779387,5401.521918906528,5501.3088769581345,5502.447651709643,5549.827604765522,5647.030722588559,5697.350381262953,5726.901122369729,5712.037881555649,5789.71800061459,5891.169998709987,5872.391979674642,5978.512666864588,6030.240220316122,6060.460436640116,6094.202678754427,6156.4746201727285,6214.970444464809,6276.299614286656,6289.203713840354,6332.813439176988,6342.812770224813,6411.818810393799,6435.688257319416
experiment_428,6172.214571949973,6234.574647004552,6289.585797446709,6350.2365198939115,6418.650482474623,4868.801846636423,4884.402414799191,4928.645310585688,4996.752609087371,5067.123079705977,5096.497576315759,5168.561875028025,5227.49311044367,5345.501456219226,5370.840613421218,5481.691735498132,5488.069906418653,5553.485423089905,5670.426683575881,5791.179175037258,5864.603031383498,5954.815651702144,6079.545012715301,6260.094678695186,6308.8052842213865,6484.6464558429125,6623.215685882822,6722.093156073521,6851.804148046162,7007.608167115524,7179.215132628168,7404.301614705022
experiment_429,6172.214571949973,6244.158164923127,6311.244159756101,6384.4669992129675,6464.350426804061,4923.106984674378,4988.532849684895,4945.179798494286,5146.65801132946,5183.15521895151,5230.946621853991,5326.505527102068,5317.763234988546,5391.694213398054,5478.632565305239,5526.770122371956,5588.526310390747,5697.646885947035,5720.866649180671,5805.253739531125,5929.32337961884,5978.143914265729,6033.732619327342,6152.189616400268,6257.300585803037,6322.483537777549,6438.023385822149,6497.239192925503,6635.497219352495,6708.871834933796,6874.103889782,6981.7602586762805
experiment_430,6172.214571949973,6170.231472960868,6167.727410115734,6174.123653430899,6191.995630010569,4545.246657298163,4574.744427003913,4612.365235894695,4646.229837689667,4719.448898866652,4813.060004621856,4788.8648779814885,4792.574388978217,4891.7126793986245,4892.178783461468,5023.085095246866,5064.275626935876,5143.308505116271,5195.776734891164,5312.734549056233,5404.737168578479,5536.03915263429,5676.870823417938,5774.422176291342,5950.251195757381,6099.293167280766,6273.466046672438,6406.912206365964,6596.701251671035,6805.358579197636,6997.2984573169015,7243.512139958633
experiment_431,6172.214571949973,6150.371466165487,6123.476997158971,6106.223236124523,6103.207861806307,4683.765618693707,4604.772589429327,4594.11734420081,4717.34033028783,4703.241672388136,4721.400267415624,4655.821630049302,4679.957477971939,4751.759133175505,4741.32822901222,4847.690688991384,4859.37107048128,4845.617873028637,4969.087173350513,4932.842571400139,5116.342940744952,5122.974651579916,5193.586202596159,5345.254394633507,5365.3717430781,5393.983325632354,5565.316561855063,5664.652303463841,5737.155386800796,5882.92375845401,5970.31101752442,6071.601548379565
experiment_432,6172.214571949973,6213.374995603245,6246.711273830693,6284.723376369353,6333.297988574374,4661.268679703853,4723.250148300618,4672.9098813375385,4801.233379642326,4856.716757515454,4872.116002371702,4851.530504493667,4955.222367643528,4987.87848122566,5024.77088770571,5118.963386008998,5129.276987370431,5196.391159781122,5247.339239014749,5263.09758200716,5351.279265289589,5430.701266284073,5484.025276409005,5590.37993447611,5691.4531934099405,5753.813353339767,5815.128202736492,5896.143465480824,6040.357311752647,6139.185889702962,6242.449759166485,6378.766982307898
experiment_433,6172.214571949973,6230.429605051961,6279.40265751022,6334.597554147833,6395.772788656061,4961.388730406558,4909.30202094983,4988.34449813965,5045.79969025753,5084.028060550781,5170.367684358779,5152.618291707909,5190.732621203282,5268.870157474524,5278.654804517882,5283.335338062594,5358.491845164594,5345.50902060385,5349.364251321183,5445.752035504948,5500.057869475986,5517.227753857216,5547.547318815654,5531.385755596507,5628.200162682531,5668.740753270674,5671.545179699536,5715.035782160982,5753.853182960724,5761.970512171003,5764.843777909555,5820.34206461282
experiment_434,6172.214571949973,6209.292822972451,6236.311705585211,6269.583235765276,6310.810078520706,4500.080885886774,4516.7449642103475,4513.083730211495,4530.362590799547,4618.544972935538,4585.9151783002335,4564.418023651298,4635.54137701626,4656.819398658663,4679.85013931199,4711.8157312588655,4754.1950253097175,4749.424977697058,4768.52185613296,4821.643809978142,4881.860293947079,4977.958128028402,4941.212324945314,4989.696282382682,5075.70430158539,5147.753486572746,5268.615899065755,5300.681007436828,5392.288055079203,5487.105130939481,5561.925356383258,5689.836644579993
experiment_435,6172.214571949973,6163.278105706021,6155.87971562992,6162.6279831641,6185.862107992463,4479.845912386881,4416.8793332870555,4574.875087665334,4552.841699880142,4562.043802192147,4623.291559870591,4743.191342197495,4735.583669590258,4802.512307166911,4909.591566808624,5070.869925003941,5157.306236974203,5214.351075467603,5401.005723272739,5500.115660106081,5663.063810496978,5802.603529147882,5997.629757839142,6109.720056752464,6318.038224714181,6550.321893005894,6731.906917373435,6957.786511031563,7227.86073163974,7482.68795829151,7730.471707643692,8033.935276798443
experiment_436,6172.214571949973,6210.374697121948,6249.080745705463,6295.5961294417175,6354.431316541648,4931.1429385668125,4953.335515396548,4957.513218153115,5043.457598920771,5150.78917019089,5202.8474451495495,5229.311364204469,5315.909467295541,5362.652925590916,5505.818173386284,5484.1934990511545,5578.009130943806,5702.544888057693,5790.195751873851,5908.561763066793,5974.180440998818,6087.121603598676,6162.4162183352255,6305.979912843584,6390.002134507393,6496.499370383342,6618.232928843253,6728.376990908668,6821.3255422061275,6953.833609599533,7054.568654241926,7163.027086516424
experiment_437,6172.214571949973,6223.295057913463,6269.780720259561,6320.033532729076,6377.204419775079,4881.262733492087,4904.596362311054,4978.450170884815,5023.706338501334,5088.63559989075,5111.109341947633,5147.183570053103,5147.4868303533,5227.235114785297,5318.498064201176,5331.963501080364,5371.829127467208,5432.0565408749735,5461.241660729503,5493.466944673263,5522.22495646563,5642.859618375114,5631.876175988367,5701.0385139575965,5761.919125598851,5769.888221842739,5829.968814919923,5881.395834496407,5934.56207146393,6030.850450424128,6029.545927074936,6092.269857015766
experiment_438,6172.214571949973,6247.42051070569,6314.473881895697,6383.29944683549,6447.520147510699,4952.003503613651,5103.8924599913,5129.506238694941,5243.92022692614,5262.262649886624,5310.45720014319,5345.812039311579,5364.218939006383,5437.079290991184,5517.409708807505,5525.786020658623,5588.184961663479,5636.7628291425735,5653.6091200352375,5746.741500176811,5802.654346175914,5860.170538288157,5869.3719298121705,5887.98287865832,5945.984391815629,6056.7669804799625,6045.291979925665,6136.345838745536,6172.623223060336,6229.233560623934,6312.862599527992,6332.625415321305
experiment_439,6172.214571949973,6145.1019686213995,6116.570353255111,6097.987135401904,6090.488057184222,4527.856271704981,4472.621583571615,4488.196657270984,4509.812789513212,4571.631025558365,4613.432463101735,4622.020452096118,4667.173460824223,4758.213005522522,4773.85153219777,4846.5342322345205,4838.4110302000745,4913.951468888392,4973.3962969865825,5041.839026229152,5158.368084654212,5230.994970998031,5400.858937706265,5451.389556256059,5616.12681780514,5731.753573663613,5860.0023700776965,6039.608056844998,6229.156245650778,6413.448323476176,6625.381824661724,6773.554919005473
experiment_440,6172.214571949973,6212.347207375458,6254.285724112979,6307.194744660762,6372.876934411102,4576.932585775102,4623.61836321471,4702.000409869689,4783.948035860367,4810.241419677333,4896.731014038253,4946.125830927628,5028.541049873028,5139.078457239203,5214.359880171674,5316.240834267768,5406.216589489522,5563.816527333478,5710.673627985116,5833.858313867273,5941.134643068289,6109.877200134933,6273.847745922358,6439.563472029882,6682.244249200454,6832.4115877393015,6979.7701002971935,7215.8632546905465,7414.608905349849,7600.567632417822,7825.147509771202,8047.737676936838
experiment_441,6172.214571949973,6272.513944989356,6368.623813020514,6470.333771854127,6578.795911180556,4783.546097619077,4816.187003051096,4888.482822598693,4967.947043263788,5107.145186855628,5177.263592668663,5231.901159507199,5316.735678049927,5433.268855973344,5549.811975061646,5574.902063512993,5730.9438173347025,5775.240179046354,5918.470747083567,5967.277373389071,6091.515324130793,6216.298034736655,6374.912728667842,6422.690935876275,6583.865364006459,6692.125184777635,6786.258448416274,6925.577549068064,7064.361293103291,7224.7807916221145,7372.434513590486,7495.102944507591
experiment_442,6172.214571949973,6249.567691436517,6320.8701880564095,6395.480115421593,6475.002653900277,4915.3353046274915,4900.951942122489,4912.34518964889,5014.300744963285,5124.873516674531,5152.486343234257,5216.536493254257,5307.453068787227,5367.236252691715,5402.963639798051,5429.2500428414005,5509.799081071767,5564.283603631386,5684.3077917031715,5643.708667818326,5784.514966867858,5820.465833294842,5880.483159355119,5966.0147954314525,6076.207986373228,6143.3605331509425,6208.962706049297,6363.5242763885535,6403.313628830045,6525.909264150474,6637.74313802385,6718.474089612149
experiment_443,6172.214571949973,6180.6016789391715,6186.592152407345,6195.246453171894,6209.3125504101345,4776.904861220577,4776.457242534327,4853.34317041067,4809.011354134216,4876.220707596067,4783.732453954353,4876.84766074529,4913.316109595942,4852.309725071968,4903.816499013079,4975.343244352693,5020.161154464564,5030.729078052689,5042.332634556095,5143.841333450504,5168.244597987259,5261.51219587435,5280.893437813202,5395.4439912220605,5511.63857967463,5507.981788432298,5608.288896900053,5720.402714867434,5792.483152825029,5881.575037524269,5958.927740712388,6096.437294088028
experiment_444,6172.214571949973,6157.089308108598,6141.326293525129,6131.012056548266,6134.582772339418,4781.701366086566,4728.204788088929,4747.059638495319,4790.788052520251,4748.470065411608,4778.809402454637,4848.716329265652,4884.2999505686075,4886.411921717727,4932.008957193015,5043.636099409511,5091.737916256761,5113.915049970715,5271.9270924754455,5331.013846848033,5437.456726262282,5523.264816034151,5681.540012428299,5740.198046332514,5882.976042525048,5996.063611110699,6143.73581991121,6328.62085531409,6473.573615007188,6622.358339647089,6797.491763605343,6983.506525760617
experiment_445,6172.214571949973,6294.882471423074,6405.694076235353,6519.827669107395,6641.630036022848,4764.118597697043,4876.201367018197,4912.720946720985,5055.104620523209,5091.465390635913,5134.791787438307,5208.94992052591,5299.152324456125,5329.336262092398,5415.251978356901,5522.626689043282,5579.887459042044,5582.397170369381,5664.488426714594,5701.096251395485,5761.776765171468,5817.284232722883,5892.471572484617,5972.912622738966,6002.811881054038,6028.299048233826,6140.630326248058,6203.733164881112,6230.138982702103,6215.932921650761,6309.239304393919,6365.547756564885
experiment_446,6172.214571949973,6181.553079606453,6193.613214513476,6207.188057473985,6227.456147880304,4648.9502334250155,4771.766515567502,4786.305903923526,4774.281447888152,4850.407678923006,4831.231252518589,4860.59768636471,4921.12989244032,4973.793979128338,4992.140945382084,5056.262540108235,5081.1514706342205,5046.634467475493,5111.050161842306,5226.388265480286,5347.584352870637,5385.187008580302,5487.137022695454,5522.477550884975,5607.0938706173,5752.895522547273,5831.274527432413,5956.0235781979,6056.9299090803,6176.467760748947,6282.195437283713,6423.176009370787
experiment_447,6172.214571949973,6214.146640736999,6254.010595506998,6302.650904840881,6362.24434214791,4570.005647064145,4589.662311857372,4747.115577018189,4832.630742359433,4870.604130488989,4847.667175315396,4920.941291989278,4977.371679992156,5067.128738306381,5112.494153777836,5246.9434039401485,5359.32902141665,5406.946288718725,5475.48292900177,5566.658176810841,5708.776173364318,5772.775938544465,5935.411249006473,6016.110833732581,6194.137490483909,6298.082332636732,6430.895028547291,6580.909090315101,6687.088734454333,6851.107877387245,6982.982316506186,7168.723400539393
experiment_448,6172.214571949973,6210.249260626452,6243.535051582133,6278.383793072384,6324.703904206277,4662.768921965008,4665.6581722010515,4748.210552858157,4827.492052990233,4836.809356072235,4839.142334722191,4799.877094985939,4877.116874516583,4916.4644292726225,4874.617127625881,4939.242072409097,4923.318366688556,4971.551823662179,4965.760388938816,5035.990691899811,5065.77677320051,5069.309168682463,5145.386473901533,5110.363692543109,5218.06473491054,5221.239796895388,5268.3600329567425,5221.313326498543,5271.717272286905,5276.128052739827,5349.248953468752,5358.635263957649
experiment_449,6172.214571949973,6195.232470171893,6218.584518683456,6245.45258513761,6278.137876862762,4822.573255150066,4905.26495321213,4933.364798944355,5001.65585281852,4988.713918828935,5006.972782571804,5097.826916444186,5106.730449356486,5098.62748253244,5175.460568299133,5219.382110483828,5202.381451149796,5253.313767908222,5325.413769710523,5419.155930172244,5400.375775450812,5437.940916372732,5569.590920953065,5569.396619272742,5645.873401828449,5715.448358155652,5740.980910494589,5834.749728354307,5909.124532984344,5984.159498019977,6060.151608180971,6164.064927984897
experiment_450,6172.214571949973,6222.025498361913,6265.31762710192,6310.608041275571,6361.113125650909,4862.4288349606995,4940.539282622392,4949.623157990765,5072.916532450687,5039.6618423918135,5113.645263614277,5099.895356709674,5113.381304449529,5142.138600968508,5272.307431302263,5231.615973334589,5269.107824589773,5235.957843242859,5307.562192955447,5320.319927270388,5325.7779183128005,5387.103601332956,5346.861090501579,5436.110731682163,5458.290196237365,5481.464320452714,5484.509958058547,5537.6613945201625,5600.126615328791,5587.021779553639,5573.944090183688,5595.797658299712
experiment_451,6172.214571949973,6226.940897245898,6271.240764017426,6317.8296560658655,6370.473172846143,4961.025472064894,5073.701416012804,5002.728546375674,5047.9547404801515,5086.146037139775,5087.635792557503,5074.5258268470625,5152.788786743099,5135.989491285789,5143.766143117167,5163.321053629901,5179.811392646171,5182.0046024643425,5205.344264857914,5252.181173589832,5312.808395483307,5265.078501450025,5347.779438744367,5398.854393517488,5370.861648053635,5459.761041567631,5458.671032845275,5399.49052708892,5423.09146945387,5527.132772762363,5513.183068837876,5564.955359696909
experiment_452,6172.214571949973,6202.080214289663,6233.437676775147,6268.535790874495,6310.447860174141,4885.7692430652805,4898.184383961525,4949.8937188522505,5029.32851119465,5102.311011593332,5122.68296228044,5164.828566481989,5185.932006052299,5278.384968735558,5307.8576977148105,5379.103796009922,5455.291975595275,5508.625259270405,5588.377139245751,5646.317063299032,5716.844217131969,5827.864482199031,5938.081968564088,6007.1431585449645,6094.504261062661,6217.401455245134,6307.145653384897,6418.469399003028,6546.849626015091,6658.847521941952,6745.068316760602,6891.59167893151
experiment_453,6172.214571949973,6233.6750034100205,6284.902821917384,6335.326079295852,6384.715681555932,4816.439667363358,4843.600119546508,4802.998827020183,4877.506998444416,4970.021366478439,4962.189404589901,4975.73565432266,5006.109616183981,5032.037389745292,4980.737927697768,4974.774516821937,4994.420420191254,4964.353617607427,4936.799885470939,4969.405358627117,4875.27231833434,4882.664385894425,4870.330347259391,4809.59011705461,4812.312814714325,4733.13758263111,4737.377399173138,4725.939663967981,4674.650590052738,4699.848506799028,4675.903138597294,4573.723722649431
experiment_454,6172.214571949973,6188.716936189756,6201.853885473694,6222.300336277449,6254.321170668305,4673.050126508746,4670.297801567877,4707.935656333888,4762.240680342367,4751.728435615261,4783.570116943622,4863.575592639263,4921.743640954135,4919.432605341634,5049.099962372531,5080.926865189964,5172.154085670011,5161.452508036085,5301.3453420657315,5427.215212231,5436.439950207525,5561.174994660387,5650.548279443197,5810.309496133006,5889.919300849935,6035.310924928821,6151.728337105558,6307.941590893439,6447.504010352831,6595.957927539057,6772.396888618145,6928.494944952199
experiment_455,6172.214571949973,6213.851203500595,6248.4390154602615,6285.105436914459,6323.879165175491,4965.937513380986,5002.703049946049,5000.487897573159,5065.230786037575,5098.724528548186,5063.575288848684,5017.819927653144,5107.638124768895,5057.4771324749045,5090.310641950675,5140.5556321634385,5106.809850068412,5164.7765956403455,5116.349913862419,5173.814271203211,5149.948488932154,5141.485508345249,5128.87780045262,5201.244391483824,5249.779750296459,5193.214367226634,5146.616757553715,5193.142144076179,5202.970786679731,5170.032767331736,5155.0959313454605,5204.97925701955
experiment_456,6172.214571949973,6193.293621898762,6215.5846589534385,6244.369282464938,6284.887678755423,4582.295432472238,4602.474721589745,4659.1905281568315,4724.69744397003,4702.688559714008,4747.600040831765,4825.281350883044,4803.340596781589,4895.116527122739,4927.445113387068,5050.352807835666,5115.882913528143,5120.387292389347,5265.2832535188645,5339.164696993246,5401.473839361863,5448.873014477327,5588.401712638206,5682.6525447504555,5816.755364730199,5886.3575967200595,6008.1570808774995,6100.094569230585,6263.478647575386,6386.615119201599,6541.773615127517,6681.9312774394175
experiment_457,6172.214571949973,6248.606990942356,6318.8081841997555,6396.677979763957,6483.687954971649,4663.103310223094,4737.257360370259,4799.397956920213,4871.348635049664,4931.520613410656,4987.837503617899,5041.054456703753,5103.963713179626,5138.487918041999,5216.371220822775,5328.537550871408,5312.995984140967,5453.419252904506,5503.996823988493,5613.150065876467,5674.8442130080475,5727.403919016455,5812.255802093156,5892.061793012049,5987.158392615663,6079.551820921161,6137.944728670367,6268.1988043845495,6378.16557544311,6544.569833874146,6641.408926612062,6739.9706085925245
experiment_458,6172.214571949973,6194.452501539177,6216.626880136062,6243.671627515336,6277.861721729565,4536.043377234126,4534.864269406659,4487.576144673203,4606.46152872291,4631.411836174841,4577.525424196691,4600.0052217582315,4714.505346016908,4728.775543885071,4726.83112040286,4758.690293435148,4766.65659824725,4811.416260257773,4880.020668091486,4920.098674986648,4972.828279475481,5024.137082530155,5032.273178903875,5089.000812375815,5164.312783367047,5240.5586726517,5276.5129357642145,5384.290611526505,5437.120688668718,5524.021463585506,5565.358580329547,5628.451565015383
experiment_459,6172.214571949973,6214.6378073759015,6251.914610724695,6294.931020742422,6344.309701081124,4729.896045641682,4765.102679777997,4832.109430251193,4859.235430256966,4871.335587940213,4926.610936177991,4980.731560682845,4992.912813506622,5016.658817959959,5049.6369048696615,5061.286086374458,5096.145346446172,5172.026097036376,5131.721884313765,5197.1279403610915,5263.848583101957,5265.2831843437,5278.946172168349,5321.100285556002,5385.57599764404,5443.458065061428,5415.953642779963,5406.438351442928,5463.041016171516,5510.665160976028,5568.979381943653,5594.473499691147
experiment_460,6172.214571949973,6212.653345750909,6245.295188941123,6279.896209653646,6317.490643174269,4501.43197697203,4474.096721899574,4489.487370684805,4512.401941295601,4601.953966588815,4624.744579634667,4548.591266746931,4632.089582094927,4609.95417768988,4662.534985278067,4644.368986196527,4694.106296648101,4746.730116041305,4796.137308166856,4765.403336925343,4892.963417816334,4901.382882880542,4994.1538963426765,5026.07703057379,5040.447501931727,5119.797297065619,5163.896445579782,5227.704279560949,5344.749286916174,5377.920820329862,5465.77563755253,5521.665302401245
experiment_461,6172.214571949973,6118.304848702022,6064.1881104704225,6030.345702591934,6007.8584863868855,4406.877544064417,4382.003912189478,4375.873693321569,4400.7670311261845,4366.9806848052895,4278.576941556902,4380.984090468472,4407.025969859786,4466.413371466704,4550.146993650599,4596.386721868161,4594.1000400005705,4635.095776220973,4696.363266856706,4845.571328644681,4905.475553243281,5067.016287823278,5150.316417367062,5335.227409563435,5538.170504041238,5710.758167620721,5900.605914349283,6109.6518128844455,6322.426001509453,6567.633059443348,6867.605084392133,7162.041785005233
experiment_462,6172.214571949973,6189.121129118021,6206.072325549945,6224.895071892212,6257.547113249483,4702.191293218773,4732.974019522194,4771.998405572513,4780.060509570078,4805.098912073689,4897.71246733312,4842.733749749865,4922.125580136897,4970.40419722781,4978.68826198868,5003.451877533924,5074.065146443057,5076.380501199493,5201.550776129722,5168.686722262517,5233.30546089127,5291.0676588099095,5356.451276471789,5426.2564367226605,5438.211801879824,5583.823825198029,5586.003043519759,5710.502761211532,5804.33257408761,5901.205149995129,5938.8732924556425,6035.229125717437
experiment_463,6172.214571949973,6178.030811766499,6179.720666223661,6189.660186219431,6207.830340771482,4796.568082301261,4799.128922528498,4854.047044556031,4902.023413505654,4947.969473122468,4928.939296659873,4953.526605814299,5035.375120569042,5040.51916278869,5112.589614566734,5183.800369948338,5237.680985172536,5323.835080142566,5377.871908249758,5439.989334869793,5560.426474694796,5649.001326470359,5711.555939940483,5805.336299007506,5883.6201562985225,6029.174310286016,6090.744254457975,6252.925992291998,6360.068072679085,6498.876428744126,6666.172265214409,6778.137643332455
experiment_464,6172.214571949973,6223.723157487791,6266.742793455612,6314.496628628618,6369.4421395299,4555.142322465092,4593.259807201961,4626.443263527739,4645.846024798964,4648.953289195699,4745.573706944872,4803.157704876239,4775.974644640434,4761.296475362333,4812.831586753324,4867.336258850283,4896.956044645451,4898.686038495105,4905.743767746793,5027.0415098756275,4992.988966607261,5033.695402178519,5112.129444211996,5204.973035107119,5241.6387382066905,5274.4689905899195,5314.693222752456,5406.4520960298,5461.594545875794,5542.319910601456,5581.733670348913,5742.187998570855
experiment_465,6172.214571949973,6218.729872318427,6257.732632658782,6300.959179030884,6351.917701412187,4753.878876817802,4804.872378505439,4836.209569605756,4873.4228586892605,4929.004469106943,4903.621874766737,4966.460373122168,4990.2123786667535,5000.366550181658,5004.233314051719,5041.251004568825,5116.075847105638,5099.448158578411,5137.579756883301,5238.317851410271,5254.2061747690495,5237.743442351696,5258.64329396993,5307.979126815841,5310.082499756312,5427.711315602963,5435.963454736353,5457.5901602951835,5498.387081750336,5530.758858128939,5573.798668205027,5639.8225280637025
experiment_466,6172.214571949973,6168.678472779373,6162.7513039347305,6165.509113600497,6178.876910799625,4659.859059155361,4726.385991432409,4722.71975153692,4731.945450360317,4719.195298477448,4746.791933120794,4810.065140238252,4880.765180452991,4906.082186282532,4972.413899259467,5018.97474418193,5062.017359946092,5212.248790058336,5267.0035434167075,5309.040076421061,5471.109632392889,5550.866658577889,5680.019307872919,5757.520354618868,5915.2404905079675,6029.613827196087,6153.428724074272,6277.207007196637,6415.186316476647,6597.944983908527,6761.7710631754535,6941.39022111394
experiment_467,6172.214571949973,6217.008836080186,6251.801892279624,6292.838214234849,6342.753125917622,4712.580402197458,4694.975483320191,4810.778501589336,4791.7770418501495,4772.7451613451785,4755.632280755091,4807.682967050425,4908.041635597494,4949.965501030827,5013.87052451484,4961.304675573294,5017.971620479585,5051.549748977795,5118.00635825622,5122.593670569644,5157.40693241197,5292.181604328176,5291.054936999215,5387.418508767189,5381.074518248915,5489.828418772413,5540.53134899939,5608.202905554279,5613.0906446214285,5722.159399398433,5742.271016072056,5884.902248978359
experiment_468,6172.214571949973,6210.568840627966,6248.092299546136,6287.466723906264,6333.149205134841,5024.411191011586,4997.0928528357235,5075.756482446101,5195.017999941467,5185.05577471837,5298.675799133418,5277.952718712371,5398.112342818138,5429.735371465258,5470.986288538908,5558.545158953832,5620.062811025948,5627.688496377344,5707.5570296044625,5787.175661001724,5846.831880887652,5916.175124597029,6022.228878421464,6016.691659577535,6124.5862655190485,6238.296723080988,6277.880356936095,6349.729701801411,6475.419304864183,6580.579117783985,6594.027258928318,6719.450575345152
experiment_469,6172.214571949973,6226.21599573124,6269.832295899561,6313.723756334275,6359.399013190665,4975.50199721844,4927.13139935535,5052.207603773115,4993.7002892098835,5071.645747986582,5040.513484074195,5092.461520343168,5162.9453317202115,5120.814837270675,5149.017886687645,5182.812726678237,5185.9540664101105,5184.089877798419,5263.821897342321,5288.111782922737,5323.0089997754985,5333.218786094479,5351.31991792311,5401.947799514441,5484.487930519277,5518.305591729171,5534.769207963898,5568.034746210618,5606.134692440531,5658.712907580008,5665.455519509995,5708.232244162696
experiment_470,6172.214571949973,6178.122979480612,6179.05392629295,6188.570284137868,6209.3805863839725,4506.34871641712,4572.84027777981,4533.237915143793,4551.057329315528,4608.999727191702,4633.438923717038,4666.041027177291,4675.007560282624,4658.036430875685,4740.685498358109,4793.671077850612,4904.852918029408,4835.126093776293,4929.655521818774,4960.902178186116,4992.697097863831,5077.159739718979,5116.938992926951,5158.570044828388,5293.561247531121,5387.109870424313,5467.817318084917,5539.426916581047,5632.238996356885,5725.496479388899,5875.579199819442,5955.3267986557485
experiment_471,6172.214571949973,6210.273914973957,6246.64358853353,6284.394755306838,6328.014128413573,4959.813640661372,5032.270823292439,5063.066332401268,5170.355968341096,5181.256625487023,5234.407320308656,5320.468998053375,5423.878519194597,5418.924093738459,5474.735417106887,5461.2783952740065,5585.5507830913175,5619.273952512302,5689.748806682517,5717.042656430274,5723.86002072082,5827.711213263683,5919.96380190211,5937.089450281499,6007.5675440253835,6076.687484632591,6121.541117514258,6231.607136239807,6262.594105976248,6296.0729164596705,6409.054991297944,6468.536554652284
experiment_472,6172.214571949973,6201.565196350664,6228.5625737232185,6252.448859509688,6288.926654700989,4830.787664213702,4882.302173346471,4825.3198978390465,4937.522959442984,4926.70197828247,4920.592504190595,4966.69492424745,4980.410257500758,4975.634839085929,5013.329544209441,5068.615796879309,5034.380055198401,5033.889121015147,5092.742858544148,5098.698625222542,5079.071784703412,5121.405428243204,5150.74605165631,5163.919138027166,5189.075216008107,5226.318835983626,5248.330524108399,5290.9014630203765,5323.661513218924,5341.1597321509935,5377.745484404404,5386.549921558109
experiment_473,6172.214571949973,6291.935071404167,6402.64151090039,6511.706214671171,6624.814811551323,4804.561737044179,4879.184134713389,5003.024219299641,5089.794442100581,5202.971732313402,5179.612221740761,5282.951593960066,5374.835304222022,5430.615642964631,5494.182615799782,5547.051082876789,5595.948909025388,5642.485360901343,5695.002982783878,5723.894023405386,5789.01791928506,5866.054671972603,5912.129803333514,5951.31200072174,6036.059421742927,6088.696596488544,6086.3236980134225,6204.248894110044,6195.986385676481,6260.102808342743,6284.433737784671,6359.637169592661
experiment_474,6172.214571949973,6199.6029189385645,6230.593701499851,6262.911199519846,6304.541060871826,4651.785136439126,4649.43995947368,4664.269342599156,4778.1755595414825,4843.92691070177,4809.102385964754,4930.463495284655,4950.620679953703,5000.312836641847,5009.8677771475195,5126.305894629373,5199.039428349553,5308.544060051747,5454.803985055921,5530.909302371606,5680.077729218184,5764.83962753665,5932.009390980157,6063.65268643425,6219.4382472388115,6385.332702101465,6541.610307051287,6753.739478222181,6947.257992538167,7193.851616373216,7440.545065925158,7687.142976428645
experiment_475,6172.214571949973,6170.720621242208,6168.49485500188,6171.740843993901,6178.505104408553,4845.901735055642,4747.904911635249,4782.563034295911,4768.511792838874,4818.210682153984,4797.203517562808,4932.7356659167535,4848.603804419731,4901.521660519498,4898.112664355625,4868.952424516449,4885.565203210686,4912.4689856484865,4967.760149664233,5003.255868650469,5063.241902860954,5095.185120777818,5099.479965203529,5141.96501069662,5135.398339796674,5268.041952782021,5249.303232429153,5397.41568984539,5414.422072578618,5474.599176158015,5493.217663840762,5540.836350393785
experiment_476,6172.214571949973,6259.8222965136465,6337.892169105305,6415.908760753083,6492.215880586369,5113.755657443237,5193.835214120878,5201.059277551571,5267.765480698936,5399.227717499052,5366.588914914103,5420.964803563609,5400.515031823072,5465.975735568027,5532.555487072821,5510.63680920123,5587.234386897575,5626.043036119251,5618.249515301955,5600.150578358142,5661.202278677068,5623.19047056147,5636.775380493302,5630.052889179877,5652.485635175746,5610.914391006965,5657.414324615605,5647.947853156364,5604.032923734642,5662.822693832183,5620.341228123778,5661.1512639498005
experiment_477,6172.214571949973,6218.232146685673,6262.272534546107,6310.72287018649,6365.55376686996,5033.319324808135,5067.244136905236,5169.600270753848,5212.5089053347,5290.478126032877,5399.320402545447,5435.389804553148,5487.409936766537,5567.311334581953,5613.580138530107,5703.698143697034,5784.617959970529,5855.126165706579,6014.896608647097,6082.858745990261,6179.059577406609,6311.427719624963,6416.674584855484,6534.592944910142,6636.137834284424,6808.055837155134,6922.130781312281,7079.484905984638,7168.894992275591,7375.67851959377,7476.327273551877,7669.042821759413
experiment_478,6172.214571949973,6258.4950280105495,6338.526180729706,6426.458811327226,6524.059260581617,4898.974200070412,4913.5935635535325,4985.627588686173,5134.333810906911,5151.577741200224,5249.247445536499,5285.2817360071695,5418.762300051102,5506.4579420128375,5674.862628971742,5763.393643337047,5824.008693140979,5970.709243094041,6116.5423274758505,6196.234215371056,6304.296285526463,6482.3854687365465,6593.093937058497,6777.161774562154,6868.476911781532,7026.927346193331,7235.020136067935,7421.078138908037,7569.806358220927,7766.609234805636,7956.388604559767,8209.946288405801
experiment_479,6172.214571949973,6202.858061810675,6235.258986799925,6272.537761360703,6321.700986740106,4850.762424448675,4936.752237076216,4983.079379053603,5101.3286509547725,5171.59947010204,5169.190882241992,5304.05792145549,5366.3631716850505,5413.727241368525,5471.170327492758,5552.244841788339,5637.620186556562,5735.840941854391,5885.53730002314,5923.268378703076,6112.290919035264,6124.029065252,6292.081660279212,6398.789307693219,6511.678470082967,6670.479924736844,6811.4355417233655,6880.48826088,7069.061483453526,7230.694320311468,7371.474915554996,7551.906293004482
experiment_480,6172.214571949973,6213.788548551617,6251.203847709484,6293.1405171952365,6342.2452342337165,4583.233696497755,4627.938554932263,4641.803439417363,4711.581463312927,4717.58488989503,4785.026191034072,4873.112315794803,4909.364325870905,4955.495351177571,4985.766570996098,5095.204673566828,5140.223677120487,5265.635471875154,5258.639002554627,5412.932360271037,5513.171826385438,5591.20604167281,5685.273539787659,5801.237130565232,5882.9074326818845,6051.164146717565,6233.744903961775,6360.141363359914,6504.522997546768,6646.9992971696465,6834.350719540957,6999.202545244351
experiment_481,6172.214571949973,6276.087069204024,6372.539666082454,6472.65566166876,6581.65003554173,4775.402215462886,4849.159766383767,4950.934291922626,5051.231960398675,5196.786365102051,5187.236523772997,5301.902549230075,5352.188645478826,5431.888042553085,5535.981867782941,5582.163322468719,5688.964874417841,5747.259688627635,5816.549441097055,5916.056455275415,5986.39090928332,6006.44719934981,6110.179921606508,6208.650799203706,6279.9077392531035,6345.315438315174,6426.757387712765,6557.753084845615,6594.424457157605,6688.601460874945,6765.149054162583,6871.91044330218
experiment_482,6172.214571949973,6193.938824026774,6216.138696325621,6242.175264478965,6276.396063838303,4663.066597722623,4635.83411907111,4738.754573468269,4764.8998501290425,4809.370894340724,4828.19025801475,4905.623204524233,4929.74802747363,4915.479782329012,5073.568487341063,5045.211563198029,5092.995959755106,5179.818139182705,5242.839538306995,5254.938425298438,5458.327953597969,5492.145644587831,5595.055305205181,5638.04755611387,5775.643251274951,5841.976635095751,5931.675174099695,6128.242021704642,6171.54871084002,6354.65939116769,6488.712553117906,6648.763868244455
experiment_483,6172.214571949973,6235.169857165705,6290.020570734987,6348.512808417267,6410.745838849319,4760.195809529821,4743.550585286428,4794.347505899926,4918.729368581214,4986.128186635357,4947.925446577223,5061.947175815269,5077.424891995289,5138.254826844503,5203.076591615762,5263.2041592778905,5296.478602165851,5361.362170750208,5460.141246533307,5560.906940689101,5657.595670097588,5708.634963255347,5852.227787540827,5896.630464379556,5993.1261539580755,6184.4402549817805,6243.171737475706,6333.381837253595,6458.143962960692,6583.221131607851,6717.159175342571,6881.649123057714
experiment_484,6172.214571949973,6333.917707157134,6487.514137077082,6648.77983818463,6820.993885923124,4908.25764617626,5065.848975462218,5116.936167121612,5273.352368315049,5472.285476041317,5527.5467747763705,5703.464732619316,5757.556600005054,5899.441377120943,6058.519668133036,6178.048204453612,6370.339462622113,6472.430746539701,6591.986944522264,6772.711128080762,6892.253231868074,7036.397250368411,7179.510183696423,7345.013973745687,7531.745446289581,7646.92915563959,7820.946316613472,7952.211687124642,8153.3889521503115,8311.221210422504,8521.701760080632,8663.264436992722
experiment_485,6172.214571949973,6213.254803248518,6251.691573078571,6283.648166941376,6320.915168359339,4692.206579282683,4673.063479469076,4658.021673946583,4723.758026731309,4708.648319629229,4720.2942494600065,4752.054724341534,4795.710995490486,4723.1162884928,4637.923082264749,4671.515074709728,4705.84754085611,4760.8680848136355,4691.811488743411,4659.570753407586,4615.598815831611,4623.603117300721,4600.477334486874,4562.892740940623,4546.911471594016,4521.260986546069,4526.5111628163295,4543.518337623104,4522.984158226296,4470.327716952147,4503.1541000967145,4476.540467229495
experiment_486,6172.214571949973,6161.194956759638,6148.771354321054,6147.68523161934,6159.118060782937,4611.189311980867,4654.481124443739,4667.522400916871,4726.976740815446,4583.635938898658,4716.888203366232,4766.04150364861,4816.639480943206,4854.635105224757,4932.071244328947,5030.843824285519,5069.188783805133,5199.478182470062,5321.527032613232,5415.642886269094,5597.11159252372,5654.051457113319,5838.5330691428135,5954.544788945996,6115.164352097328,6347.969034217516,6495.183941130821,6714.429744649095,6901.165467143847,7160.599220769699,7455.085547551296,7660.924142223514
experiment_487,6172.214571949973,6212.263834499588,6255.145182042415,6308.808534619364,6375.574786828876,4834.8046634681605,4910.821306598233,4993.758944024097,5083.000432620296,5209.302618251459,5259.853643534976,5335.159762263906,5452.475964736422,5562.886543284609,5747.548269358897,5821.145479159943,5981.218856678994,6129.0685344164285,6256.695983331905,6409.057323394973,6541.853122458976,6709.886621400659,6865.203437819597,7070.534102056229,7290.758072671264,7492.024668869768,7719.548213767095,7928.82776638785,8144.078621752278,8405.142550825214,8637.588857970097,8898.15483658186
experiment_488,6172.214571949973,6219.7307964005295,6258.236035710286,6300.038866295032,6350.668224648578,4607.48315484462,4677.113796566824,4662.550859751309,4754.1919952453845,4750.905039375217,4776.495094562299,4837.558374295845,4933.825377624371,4944.011863236255,4976.230488044246,5006.361487542908,5117.500254335853,5121.390706992608,5169.6073350917895,5276.119799873024,5288.016809178894,5379.614369679726,5486.314914780778,5501.5733718538795,5604.738424304998,5703.465018146249,5837.045435801305,5920.977861660021,5967.543479937052,6135.7849121816635,6307.472423585432,6438.542823935986
experiment_489,6172.214571949973,6164.173857097061,6148.936085596601,6143.081183419365,6148.6130364619285,4477.83937185283,4508.968374951239,4539.903723990983,4514.815744381899,4463.240310208374,4580.0583028708215,4641.697432615546,4637.72788810161,4676.92789978777,4713.004380598393,4733.677475197424,4781.522299753488,4912.187516819538,4946.619885518754,5054.5511917340355,5098.512748464142,5186.128129083038,5344.471670821238,5445.81125998634,5545.605884366386,5680.762558490572,5832.643495897855,6013.6265902759915,6184.3624921995415,6358.384536403754,6594.2582824448855,6780.816669559839
experiment_490,6172.214571949973,6194.362999103771,6213.765616559343,6237.318151792412,6268.488727710667,4487.828102008418,4506.9770502539905,4451.137769989595,4535.1197007807805,4538.980475954497,4608.263298050761,4628.603566393088,4645.43131163378,4716.44346668635,4692.295392110398,4733.719879986559,4752.207391302973,4779.2999230650485,4823.852103126874,4936.7072449434745,4964.9598470521,4946.881392593528,4991.864640182704,5053.360804040754,5126.054202142002,5206.959022207267,5296.474903886647,5385.40260305306,5410.651270402586,5509.422283531372,5631.090423234135,5735.9206077555755
experiment_491,6172.214571949973,6185.407563569444,6201.764078589626,6219.728559388466,6245.578550720236,4857.8158087082675,4892.86424126463,4879.33521897533,4919.045675283656,5036.282589670667,4990.7630335181275,5081.898218786637,5083.764189340687,5133.263346632621,5221.080125603681,5250.369265539261,5310.3050285069385,5355.427582672149,5421.1665339055435,5486.393418456762,5566.163268402119,5625.876890622305,5687.986632441758,5719.127003802263,5799.055899203418,5846.587693258463,5966.8297049460125,6036.73480726185,6119.86054682117,6163.956962314501,6286.979169438846,6335.298223226238
experiment_492,6172.214571949973,6219.507424809704,6261.695283557653,6304.967715855038,6354.794840465511,4970.834420147168,4935.3922953520405,4926.670598389501,5060.759404423097,5055.217975711395,5062.205803792399,5110.667388556007,5177.608643244761,5180.209361558682,5218.854626852362,5240.518525777607,5231.214975312454,5278.247721584963,5340.009968261552,5353.1910734194025,5369.190530846685,5425.9688088628845,5484.294959331866,5514.397293961847,5552.401784726786,5642.5431746611075,5698.714514940291,5718.190939958415,5804.544233823938,5867.708334288094,5907.778624630351,5953.803100771421
experiment_493,6172.214571949973,6258.250798352319,6335.3104577573,6412.878830613716,6487.00378645924,4888.089182994253,4971.800333179471,4975.725656325007,5107.145866971641,5095.279440003538,5144.883007159018,5173.716920365113,5214.846022069474,5294.029001383216,5256.887122032856,5270.831459010223,5310.001212161065,5295.326060322652,5321.553813886608,5281.026774144208,5328.291484730017,5312.665837058413,5302.659833545731,5315.538723621778,5267.381636721146,5227.686262285501,5227.491873907041,5099.827149143713,5087.618650577651,5053.35655162078,4989.5533903522155,4970.526652305671
experiment_494,6172.214571949973,6184.888810387651,6199.55591550814,6222.206977724163,6260.784261622965,4459.908234921609,4571.273382501608,4576.618330783647,4550.7565435148945,4585.717904403431,4707.810004668234,4801.056258673785,4805.565843308904,4871.125978411577,4926.898251864393,5010.244769117926,5096.4509346755,5160.235637395426,5234.454174863195,5356.503755222485,5404.235549980767,5534.7221814934965,5620.773485690106,5781.7528915049115,5893.254209744888,6001.645864683185,6137.074713910354,6281.985862631838,6430.962588083139,6543.4312056923545,6765.2583412952345,6895.996859795872
experiment_495,6172.214571949973,6201.088953079479,6225.584286557774,6257.897481188856,6301.846078005725,4637.154502711615,4615.493243144535,4735.261416006306,4711.396657102895,4706.322151549584,4803.340537000829,4876.261601826887,4862.6192907815375,4915.279016838093,4997.98183719511,5016.373162836162,5095.620972811712,5100.078705507517,5198.904248537665,5279.918961140814,5281.0602188217645,5441.3753465596665,5475.654136045877,5546.8026365005235,5660.118405662402,5793.906209697483,5843.0893240191,5940.513864810801,6000.719768703915,6164.282376758872,6243.702502733755,6394.544934522251
experiment_496,6172.214571949973,6249.72854325182,6323.335106348071,6402.868606711745,6483.511965589253,5054.444690341834,5060.692029832568,5146.394704368554,5283.639960487958,5309.483775665807,5436.916819630479,5490.51787784819,5540.603232710007,5570.3532770318525,5677.760007977558,5727.286870698415,5812.029359924144,5888.595382559466,5883.248348816805,5970.023944630462,6082.958398604098,6131.716932357266,6145.32859262079,6170.584529324335,6261.677714866572,6307.692994603421,6375.190704751727,6391.9136013239095,6421.108290862112,6513.809601881043,6541.084795812974,6612.992609082291
experiment_497,6172.214571949973,6171.461689048508,6165.653597406572,6167.981871829426,6179.638417702034,4794.57957931668,4771.8517146842,4705.49995596093,4763.649233229583,4753.693029464266,4843.407475277522,4888.195602659848,4889.97989626063,4857.91731266896,4935.199941907886,5045.508841115912,5035.956016259135,5077.150246868313,5197.135376044976,5300.6756393380965,5291.124681889009,5416.481101631794,5497.154225879374,5563.794386204812,5671.374461724321,5789.067132730345,5932.145297701031,6015.195110443917,6176.464606519184,6307.786121457968,6463.03899213425,6664.5213970249615
experiment_498,6172.214571949973,6200.386482303897,6227.160880377045,6253.290984775506,6289.6661651861,4712.367454086391,4765.334006895224,4796.441688170739,4803.228264211136,4767.335653681948,4855.255551673033,4863.726159052848,4927.098571118137,4935.209347798832,4916.139536880753,5036.810816460686,5036.9809109621,5097.251253727058,5112.3172364702605,5176.119691302569,5203.099267850183,5293.974810216606,5386.720230434268,5358.228970903959,5480.451764838788,5566.981722612081,5610.935012469668,5699.130781750231,5776.235693684763,5899.936484368973,5922.385866490669,6063.201256129692
experiment_499,6172.214571949973,6111.357759513386,6051.523521961843,6011.877676113587,5984.805487720675,4376.590627755904,4353.569528617987,4267.658925160726,4358.156736349307,4318.2995151859395,4400.293618732718,4320.16389214391,4407.474735109705,4453.964707708401,4463.564149097665,4520.191085327724,4541.251499838111,4656.924721502804,4707.097874212224,4825.777504078305,4843.06142570741,4924.545204567759,5133.341221925893,5189.005328197487,5290.364072747259,5472.66341387156,5577.911257633059,5733.060437610899,5894.509047526081,6138.773449388393,6271.654875925873,6474.508673829088
experiment_500,6172.214571949973,6207.893483771346,6235.936095645582,6267.674672385202,6304.019870252578,6327.896621514632,6350.685517366921,6372.319009577312,6368.037898741605,6387.865140705915,6406.8145878721425,6425.129926153444,6441.789346368794,6457.931656652752,6473.252979692631,6490.699322924662,6505.659069471385,6522.881453601454,6546.1586625599575,6560.203135297323,6574.266350846658,6588.469878962931,6603.852803500835,6626.423383611225,6642.972682140333,6659.3667066084345,6677.000374118654,6695.9874811638,6724.149146538619,6747.122296581867,6771.652596472371,6799.954929830748
experiment_501,6172.214571949973,6190.132418790741,6206.299123893221,6223.646901106971,6252.150315786223,6267.318068533664,6284.761625163516,6304.6175549365,6334.8409894482775,6359.161819256133,6386.120569635068,6416.499685364237,6449.413949769421,6485.457027397294,6524.051761287187,6565.963390314122,6605.131550501259,6652.850629632543,6703.479442640245,6756.898348133959,6813.98450747169,6870.168650063357,6932.532858096898,6999.942102515377,7070.177677507119,7140.5724551316,7217.750210139981,7294.879849777106,7379.489166153042,7468.459160318589,7556.024181464686,7652.026434455165
experiment_502,6172.214571949973,6186.008007951003,6194.8367237005195,6208.239829467513,6228.179582048769,6240.784868300046,6256.8855202026125,6276.825187904751,6311.062355253178,6338.6203883133085,6371.146163190924,6408.109865869206,6450.841589368889,6499.2923105698555,6548.368319610562,6608.2049328022595,6674.055352632056,6745.989659941725,6825.168161020896,6907.31650438566,7002.640508269607,7104.91959363813,7211.453849788491,7327.157647737347,7458.060827547752,7496.3417609469,7636.163725200258,7787.905961901231,7941.8959946559735,8111.778411507343,8293.677990545575,8475.31744162212
experiment_503,6172.214571949973,6182.928979709053,6197.045357896304,6214.5651290684755,6238.005685163864,6259.717106053815,6286.243913259378,6317.024196400678,6332.540335949314,6374.598096732454,6416.765302474678,6463.9278515566675,6520.103483880528,6581.602504379406,6647.605195977238,6718.401757269507,6794.499446111715,6876.301975905048,6961.436730977091,7051.40427944456,7147.840267398133,7247.034168205017,7350.794178103022,7462.32596029345,7579.172842151817,7689.398544004931,7819.501434770262,7953.2621293086195,8094.285621685112,8236.61462001379,8389.61938585615,8548.76289169715
experiment_504,6172.214571949973,6197.425063558425,6221.61647884824,6253.351341980088,6296.915360860325,6334.328884866205,6376.355302144316,6421.203340173721,6464.088956895041,6514.403224599804,6570.967109928093,6634.651997793094,6701.812238046133,6774.526950424498,6843.666857794087,6922.801258608969,7005.584094042935,7092.7815289322125,7183.81480184372,7278.918688402998,7373.38731990087,7475.23553332267,7580.696081296855,7681.3515309302875,7793.724718381933,7917.368309922698,8035.152823462247,8155.645596145123,8282.559241070032,8388.784121770403,8520.554620936695,8656.240154512925
experiment_505,6172.214571949973,6172.414175920812,6169.0335601270945,6171.678676301353,6181.588942564156,6187.8815387763425,6198.693471046543,6213.755445053466,6231.409352664039,6255.736737257259,6284.850756412185,6316.932479072797,6353.9174155141645,6390.61163869835,6426.923331217076,6477.590261577059,6537.7784735781515,6603.6590297630755,6675.785223586548,6752.402315553378,6835.94406914362,6907.54539791563,7004.756411699371,7102.200116193855,7213.296690795027,7325.668023071106,7447.231622931861,7574.078998178665,7472.314721847014,7661.515142158156,7806.1521974031175,7958.018146774185
experiment_506,6172.214571949973,6206.469536237186,6238.190383282013,6279.6992898986655,6331.559831417105,6372.190585597293,6418.165086427534,6469.973420932936,6525.805790738037,6588.28714609076,6652.862145464784,6726.338697584295,6799.287974088259,6790.104014774747,6874.910462569327,6964.788610624348,7059.685558517453,7158.206562494219,7261.66285141002,7367.852483107799,7468.8214728857965,7583.667084665747,7699.463136055401,7816.915259094965,7942.068320579325,8061.699700595196,8191.070856399553,8325.424196350365,8462.744231051103,8603.69338274143,8746.412255409217,8893.367033248724
experiment_507,6172.214571949973,6183.042635984386,6193.547327698465,6212.93416189223,6242.577381778916,6271.775155516019,6307.572771113739,6348.411922043213,6397.866970082166,6451.4042294337205,6510.874721563655,6573.435081149216,6641.3549661727,6714.041383465737,6794.580340179203,6883.1743070227585,6968.920622603135,7068.334186411123,7172.834065688905,7282.81046559623,7394.083048183091,7514.600448100859,7629.838370923406,7770.1573780251265,7903.219351440018,8049.590077008799,8182.2639354194325,8331.982989350197,8492.153770092966,8662.770556299758,8835.415994916291,8820.474948450901
experiment_508,6172.214571949973,6166.384423112604,6152.382544195741,6148.184192510762,6156.448307582759,6152.979497979459,6155.534164834606,6163.264272572927,6187.759325607745,6207.037808500134,6232.435295139105,6263.872736021919,6301.77985785296,6346.186077202786,6396.883755777382,6454.461673108053,6518.724401736678,6591.453940255298,6670.495816068994,6756.955391210425,6846.403933265335,6948.092832343369,7057.898010541454,7170.813333982807,7293.690221324154,7425.33345713792,7562.5845749534055,7706.106226995564,7862.934162693657,8024.4053806930315,8195.311260128843,8375.771269280878
experiment_509,6172.214571949973,6185.129494951507,6198.311869899621,6217.636188733579,6244.463162863024,6267.703735007501,6289.212870849302,6318.926157223772,6360.639526100418,6396.404619991286,6438.945711878938,6492.23940298447,6551.631279279591,6611.939996685544,6684.783168440328,6762.780835350139,6847.822951153498,6937.526026998286,7036.67263335421,7008.412364434443,7114.418079516967,7220.75622763889,7344.721602276179,7456.72479146811,7591.315274724411,7729.924900857617,7870.989291747037,8029.007982995939,8192.967892897288,8366.11977565824,8551.135538907225,8745.098950633492
experiment_510,6172.214571949973,6217.5444939123345,6254.436035773605,6297.631070806907,6350.6531079625465,6389.960353753714,6429.231847682262,6470.859815766175,6517.958552482967,6561.851581604224,6607.394551666748,6655.183889230888,6706.214011364704,6759.888766344214,6810.9838165296205,6868.112517281658,6930.725852317839,6997.009152462749,7066.552632193554,7135.012222214786,7206.013617327297,7285.61263431903,7368.716278011523,7453.1455497563575,7542.862349279033,7633.84951503725,7726.3197885375685,7827.885770547481,7924.6546490364335,8029.427722333989,8137.368384588073,8241.010460880178
experiment_511,6172.214571949973,6209.89861614589,6242.670808218536,6276.9506536770605,6314.634213749483,6341.93827933124,6367.948545636947,6391.565998652866,6405.015622758288,6426.038033478797,6446.423133422397,6466.254769435323,6485.5893255170595,6503.62558386668,6520.6574366437335,6536.827919617229,6552.221145688771,6566.904755290214,6581.046482484402,6594.68226894534,6607.946825465547,6620.487436830341,6633.470857275726,6645.687787755626,6654.612854870291,6668.227894750518,6682.2758027951895,6688.491220556136,6702.38403271223,6719.411737867142,6738.2592629680385,6760.315261701748
experiment_512,6172.214571949973,6201.1566059018705,6230.307087408481,6270.869993751145,6323.405538520561,6370.475763116843,6423.580929836011,6484.107107685657,6556.894154626362,6630.37210704209,6709.978477620865,6796.077401831475,6888.467203324614,6984.07232646328,7090.825836490379,7203.533712980269,7323.509171408391,7445.717930756794,7579.457022065678,7717.273389781174,7862.942712397623,8014.522927060741,8175.550533451697,8341.772329365105,8391.03922613341,8565.731114137237,8745.96359161679,8933.58103640771,9126.241002339804,9318.395908445686,9519.932780757998,9772.25705301825
experiment_513,6172.214571949973,6213.331987332143,6257.645469869336,6308.07191162139,6369.563153545367,6424.293233295561,6486.181563633763,6549.749088623219,6627.897563347528,6704.564814794188,6786.10846091928,6871.489614114356,6962.9125546720725,7059.405320919664,7155.613842361093,7259.412652034752,7370.9887748681385,7481.841327008474,7598.105091430385,7722.979191747831,7852.808963796548,7987.440518679339,8128.871627499707,8271.060077123366,8419.416589488308,8570.049776506748,8711.500915755623,8877.335076174222,9042.469403136278,9210.00996505062,9389.478201476228,9383.650101078281
experiment_514,6172.214571949973,6153.160410375991,6132.498746878973,6125.569548103812,6134.626854562615,6140.166634747073,6153.783954692059,6176.440198136128,6218.089096633273,6257.59642736139,6306.227787988092,6362.324328615017,6427.8092250467325,6498.730234874874,6583.386329959955,6676.801854818772,6781.140319746886,6891.7295519609215,7017.9512611512655,7152.278448291752,7302.14281107502,7462.021806741575,7541.235436550488,7720.71707689469,7916.862094105969,8118.191340289955,8341.269905046927,8575.209576941406,8854.918404985976,9135.88647294135,9429.550666066803,9676.856917951143
experiment_515,6172.214571949973,6125.483067243384,6079.011261580174,6034.762499690748,5999.404912132677,5958.655709274951,5922.830098339955,5892.632380316516,5872.280829089122,5855.429484966689,5842.261336283644,5830.799329070962,5827.238889310139,5829.463885920196,5838.3508936898415,5852.905568716646,5873.920280391903,5901.530428245701,5932.890433487786,5975.780203861267,6022.7650502528695,6078.421745705993,6142.281538646119,6213.728274192544,6291.739482717419,6376.475370532868,6463.88325095006,6565.535587964927,6663.523978629873,6775.779936378694,6901.811195032566,7035.368066009072
experiment_516,6172.214571949973,6197.131533247748,6222.622905543704,6250.166854855852,6285.658351298673,6312.379734534068,6344.133781559565,6377.437331862638,6404.176338099571,6443.717771823986,6475.421092171375,6521.097959973149,6569.837860192798,6621.56252885578,6675.355622187819,6733.272556360764,6791.981468419101,6853.492166272439,6918.125198221167,6983.600398388879,7053.763048874649,7109.724687160517,7185.967814520842,7260.981386548812,7346.671701449484,7426.317169709113,7517.514659872644,7389.812964573481,7534.251220738472,7625.218165084473,7727.393234530409,7816.071459680867
experiment_517,6172.214571949973,6234.838551555185,6292.215460137524,6355.086006911142,6424.235321336617,6481.349759836479,6540.497328142268,6599.910627657578,6671.509037579663,6735.207563302805,6800.170130920611,6867.097583288198,6936.697924581493,7006.911390442463,7080.110464191573,7153.548872396163,7232.503214700474,7313.612245012406,7397.489068453728,7484.351435456991,7575.603240886339,7668.728316403541,7766.794312247465,7868.538018739624,7971.48527209689,8078.679444135963,8193.422252961373,8313.337300568837,8437.844350949124,8567.786663473194,8702.442943311853,8845.680289387034
experiment_518,6172.214571949973,6178.807122489195,6179.3578802011925,6183.491111271535,6193.959506753796,6197.834790033935,6204.28986174841,6212.51255814362,6224.395163155614,6239.911798929954,6261.503615124231,6279.056632480258,6303.535323819656,6331.158605062197,6361.6122666778065,6397.532125845168,6437.376137770354,6479.475493469197,6526.6306414804,6576.368879758307,6627.917016266292,6681.299096270594,6739.622970605688,6807.726639929689,6880.713335392362,6957.285230219237,7039.613581087106,7123.431103607376,7214.322292293138,7296.945826146759,7395.5990740248135,7501.161893889306
experiment_519,6172.214571949973,6244.8501635277225,6311.308365070356,6380.389449847722,6451.805386607612,6515.360045114607,6575.684694646798,6636.20034122399,6687.612240226825,6747.794920875836,6800.0757092769645,6855.833727199638,6911.348962156299,6966.053210373739,7020.9199382327115,7074.715702267689,7128.475827005807,7180.826868071366,7233.826445793224,7281.7666459054435,7333.677789009541,7384.46605924746,7435.284024199376,7487.181023215607,7527.978057500465,7578.894423780528,7633.693660268302,7689.119909638598,7591.037259471498,7638.994420586421,7683.57347487763,7719.224625453381
experiment_520,6172.214571949973,6148.011858857035,6127.184864635026,6119.079204794876,6125.580445302061,6131.476122504002,6145.684345297785,6167.917685421283,6211.409521343585,6248.956461133079,6293.956331987913,6346.023492449031,6405.16756988074,6471.551305617659,6545.658906628303,6626.317429967717,6714.302573736237,6811.173052103499,6916.415426989187,7029.047559409815,7149.025386715677,7279.831284133612,7421.275893466117,7572.413893985817,7733.078620373641,7906.041738765573,8096.310014537068,8294.65445199916,8507.474202460533,8655.604753259791,8898.245100893408,9151.936049302185
experiment_521,6172.214571949973,6260.766443773515,6340.399525123614,6422.937002043334,6509.146640829043,6576.921986288733,6644.959880575758,6712.26395786953,6764.323456398335,6828.367653027127,6892.691433331158,6956.2447990509145,7018.04355852166,7079.241281262748,7139.862589260465,7199.51888574123,7258.286614060493,7313.375167609016,7370.206315801271,7425.472161494804,7478.099170561466,7531.704202022407,7584.3702416052665,7636.590751787688,7688.015644444348,7727.074574051026,7777.113481305057,7825.57598739948,7871.592561855019,7922.321447511113,7964.242376468772,8005.080171169668
experiment_522,6172.214571949973,6116.620875925828,6063.738098591263,6021.333500152026,5994.722336792938,5963.104044003795,5941.058261819605,5929.333233012723,5932.442023350605,5939.526947076523,5956.363129729169,5982.8698290149805,6019.43743191447,6065.661162116088,6122.561667207448,6189.95186673653,6267.992726566875,6353.430598940091,6451.688964338735,6556.638741480765,6675.164136388892,6800.716161868937,6940.756209708006,7099.491746155988,7270.890423089251,7447.624965973582,7645.587226546335,7702.805687154036,7917.814875476988,8150.327607030111,8388.450446337878,8657.553638607456
experiment_523,6172.214571949973,6200.560967167954,6220.828644320591,6246.602028595476,6282.104358496415,6305.159741987069,6328.583394933941,6352.065205779593,6378.23188255449,6401.892890782523,6425.592721222707,6448.29689815749,6472.600561546675,6497.089505108255,6521.972164799494,6547.125052552583,6573.170217220391,6600.032953642471,6627.700153670441,6656.475985959834,6686.4620923932,6717.815416012837,6750.26034168834,6784.816636218229,6821.210693831255,6859.407555791153,6899.45020203873,6942.149774678943,6987.19590185571,7035.111269821526,7085.684527055322,7138.636509259866
experiment_524,6172.214571949973,6171.628606688539,6167.875387011689,6171.316245561022,6184.500331560015,6193.791141602773,6208.855405073177,6229.799429636825,6264.198526262682,6297.819866065587,6338.174625672464,6384.1601948599155,6438.858861453096,6500.107566130933,6569.297477505333,6647.932609542575,6730.421349958933,6826.748087742359,6933.742305410129,7045.432993560007,7174.447776106834,7311.783836172523,7462.233545060988,7525.024210151034,7695.1134734103,7882.116985725304,8081.728598695121,8295.825294716662,8532.284699757605,8791.291687705987,9111.271470492673,9430.763748334413
experiment_525,6172.214571949973,6136.476076815852,6101.839515817503,6080.1171404915585,6074.972910078846,6065.960816360415,6065.024940338895,6072.552299660616,6091.428181608257,6114.497662947189,6145.271079086051,6183.42573993883,6228.9822621862495,6282.12237662261,6341.255763473107,6409.689916508365,6485.899217796357,6569.292578555764,6660.699755905883,6761.994968586972,6866.589658446368,6986.348096004416,7112.577534135262,7251.12662589867,7399.6506986886925,7560.002847741943,7737.106811166963,7927.417968478895,8127.408897545724,8348.671010752343,8445.506672874053,8686.49640295602
experiment_526,6172.214571949973,6187.24275132002,6201.329356367743,6219.204428467646,6244.337713329662,6261.6816306359915,6281.4003619817795,6304.50828652686,6328.661135773158,6353.929817935206,6382.593518779615,6411.798889479043,6444.8656158562135,6480.357984736025,6518.283219640917,6558.202220003694,6601.160695507902,6645.733783394791,6692.996619664858,6743.941373389284,6791.855708665245,6845.607899450683,6905.26474978254,6965.330490517317,7029.767966262754,7092.732122395866,7162.768972081927,7236.71268279553,7313.9848784895585,7390.590776639353,7473.078253780595,7549.720131998493
experiment_527,6172.214571949973,6160.365528824081,6145.640255691556,6138.045590045071,6138.564425043343,6138.754728648654,6141.493435793125,6150.918206571928,6156.683455830198,6176.667853716166,6202.501532118802,6233.662294482576,6271.305371515948,6315.774042005491,6364.711971440638,6419.327920999352,6473.249987059326,6538.967331407185,6604.8424230393775,6687.882384408105,6779.170399914059,6874.428909372036,6978.634011016598,7087.302074319421,7187.535303864977,7305.0790303161775,7441.315694069354,7582.605026031502,7728.342552124591,7879.576878913665,8043.713467126673,8218.789392877243
experiment_528,6172.214571949973,6263.766501935426,6344.796931690228,6431.019681134874,6524.142470243675,6601.947768264159,6678.030754323324,6754.4113435159,6836.624852254249,6912.149490639746,6987.987501332047,7063.338718422892,7137.494757589931,7212.836283104858,7285.941729077169,7362.510932318184,7439.276644545783,7516.379738120461,7594.012498247785,7673.0282601440795,7753.359678869363,7834.259900652021,7916.287669953032,7997.932679409058,8082.21360443083,8167.123169565801,8252.465246117892,8339.368296677021,8422.727564134144,8512.298366255493,8603.553258889375,8695.096067446859
experiment_529,6172.214571949973,6206.950582634844,6237.747226581362,6276.364935824941,6323.783195991786,6364.10908136488,6407.645285098914,6453.8693909726135,6513.876909639003,6567.246500126891,6624.236196240625,6684.302160721838,6746.974479186139,6815.425802156651,6887.34337012449,6962.345795582752,7043.788799701977,7129.803210132894,7221.242375591512,7317.06866760176,7416.798578436359,7523.125898462926,7634.644905791693,7753.458258276013,7879.451497645128,8012.991331347426,8154.231283205406,8300.593294887802,8457.800202173083,8617.199849497501,8789.824146731647,8973.080622793692
experiment_530,6172.214571949973,6216.885736459148,6256.312487937919,6304.297447270777,6364.662234989586,6411.253968108746,6461.421552847368,6513.160964489494,6577.228185009206,6631.750997213432,6693.383713482588,6758.299531840876,6826.439583530984,6895.939675661522,6964.656940605395,7039.744668037272,7116.510918406917,7191.652919428795,7272.264365009067,7357.742008263159,7441.866366086801,7527.932245575215,7614.6517125668015,7609.124601165677,7695.433757909921,7784.917920021885,7876.167285656633,7968.892796477617,8052.361539814863,8146.671763333682,8242.27865919858,8337.096501427419
experiment_531,6172.214571949973,6208.365533087228,6242.479362256444,6284.807733511512,6342.446273095891,6388.175914543198,6438.203491430966,6494.701575513853,6546.221328269838,6614.634041274958,6681.222688545757,6757.268356281054,6838.245548691346,6925.029840676868,7016.1484027379465,7110.573127678028,7210.901037252024,7313.469856785203,7411.678995990173,7525.038355204384,7651.24437609839,7769.272685513182,7898.725620280035,7823.059503006312,7947.7925451774945,8079.775226978793,8216.773657661368,8361.082295352073,8540.489395754026,8698.125752493608,8859.40228343432,9027.903411355677
experiment_532,6172.214571949973,6218.059475869773,6260.63057747474,6306.129612708956,6357.489120125716,6401.831857659119,6443.917989977732,6487.225644219114,6516.955685717567,6563.867385141146,6605.10364317629,6652.933012346679,6701.936280909164,6752.777518711265,6802.606811126214,6853.34296856215,6905.927195342578,6958.9526236293095,7013.4858727817655,7066.151396703992,7123.095051612589,7162.8392564170135,7222.106525659496,7281.348239669349,7335.333175222098,7404.683159537671,7462.27923669556,7528.950114190593,7595.251755824342,7662.777222877633,7732.212969394052,7801.792580027397
experiment_533,6172.214571949973,6204.55750011515,6235.5010572775445,6267.303668212206,6309.951145570608,6342.929544715809,6378.579219919756,6416.341418868347,6468.201685713543,6512.2975396569,6555.772411965693,6603.288760515861,6656.274354802215,6712.359011601933,6771.1859281199395,6833.676851869681,6898.685251091214,6968.107842276518,7041.098236822256,7112.399774825486,7190.201940870015,7273.553646589666,7359.921375803115,7450.260596204577,7541.858304718534,7640.017617561661,7738.749499914098,7844.983922373871,7956.83947319896,8069.494111586923,8189.269884598474,8312.197504946895
experiment_534,6172.214571949973,6241.5853153834105,6301.583739929214,6366.18402898205,6436.374620817765,6490.751225207078,6545.10695818389,6599.886838867708,6663.008744912464,6718.901951014749,6775.517827511745,6831.517546912805,6885.963796544354,6945.1075968108635,7006.346491882111,7069.054496632125,7133.757809173714,7199.67149329389,7267.591644811739,7339.036624700675,7407.8416017393865,7483.464279700285,7562.385831876658,7640.4569133107525,7723.954360980017,7809.170999889971,7897.469588377787,7988.260287177766,8081.713072583583,8177.290857919876,8277.197733549758,8379.540323201729
experiment_535,6172.214571949973,6150.889954165169,6124.482949376106,6108.665736745646,6107.83014859046,6098.411719838202,6094.911113037441,6095.90182520465,6103.668442233088,6116.508103631037,6135.155907759075,6159.064396793958,6189.324980428599,6216.9670482614965,6258.507611305842,6305.373566055507,6357.70002715653,6406.519121996869,6455.454627966337,6526.573278159814,6603.877460949985,6687.183899611017,6776.034142453896,6868.987126808544,6955.787622735402,7065.121454246313,7171.143603780994,7145.50506761336,7263.227123426644,7390.322783414756,7524.030120083398,7654.347302645116
experiment_536,6172.214571949973,6192.3161759091,6209.567159217636,6236.299790711818,6273.381475357871,6298.887080763879,6329.884185355746,6365.958915558398,6410.733543198683,6456.780840349156,6506.247515606381,6560.989743924596,6620.4950648632785,6685.621122645187,6751.385356772227,6822.657622030863,6900.946547804925,6983.630585696617,7070.104893052327,7158.925267489007,7249.547106524364,7346.5656097248375,7447.303915475629,7547.147201321164,7654.511086904164,7766.021270086334,7874.688976443906,7988.519331152588,8106.998993444467,8226.804023892037,8346.62183368118,8469.988285047944
experiment_537,6172.214571949973,6291.544523841145,6399.383635163886,6498.215205266633,6602.629855867401,6690.685592258045,6772.092904796367,6845.6095036329025,6897.595386870043,6958.518203896551,7016.131745325863,7066.026535518527,7096.459548768118,7137.00860794628,7172.093828624218,7201.31693059385,7225.456123152962,7244.45866827642,7258.7760624273105,7267.944543238331,7272.519792430242,7273.002767725682,7268.688749580853,7259.987450398605,7240.499447684218,7223.306826595401,7202.581888035087,7177.738908991711,7149.184005291294,7117.816941539508,7083.691946801875,7044.8356489437865
experiment_538,6172.214571949973,6260.245744198897,6344.106584100032,6431.509337645797,6528.905579083707,6616.377944119192,6705.5638835514965,6795.133617940303,6874.216974561649,6968.311240301864,7066.569613091222,7031.231028433262,7129.227315296781,7225.891605633691,7324.351172607781,7431.961320913013,7522.905012345764,7631.456538630129,7741.717869247885,7852.682117143548,7965.008890362602,8072.680344922644,8192.689997517307,8314.756904126509,8438.55158505698,8562.21639567945,8691.795653477282,8821.856148382638,8958.083720398112,9096.402958189412,9236.42798525166,9377.329746020016
experiment_539,6172.214571949973,6199.8195588601375,6224.211681233122,6256.777041079858,6301.852474760941,6335.690208979802,6374.270838200164,6416.136152168273,6459.40548251319,6508.8662010989265,6564.083696625835,6626.9389050839545,6694.465568767238,6769.352234224475,6843.155011326475,6928.5188414422455,7017.48093491393,7114.878326312379,7218.158934979899,7326.38658731873,7443.855419105832,7566.52229495563,7698.042662422869,7833.715771956708,7984.728170645192,8142.130439749564,8301.61257287915,8476.790026185065,8650.279024136682,8836.002060826413,9040.147300806777,9252.579959428705
experiment_540,6172.214571949973,6163.2706004645215,6153.598939603913,6152.169166408569,6161.452375976007,6168.39100953232,6181.413843651336,6200.132951739353,6235.641776197719,6267.347904591112,6305.01149428934,6348.527261690896,6398.762576685318,6450.937417839998,6515.4874288501705,6586.263980301754,6663.122560726782,6747.578998649579,6835.213593472482,6935.997994185876,7040.184932116174,7151.317779349205,7275.373168027625,7406.698308002027,7546.2974113797645,7695.008099032085,7855.725377616676,8014.928618600465,8188.365807533491,8239.77850793854,8417.084200097459,8612.682807298548
experiment_541,6172.214571949973,6152.2385143232095,6126.931813380954,6117.298640639734,6112.7290556671815,6104.1269721814715,6101.254379466825,6104.350230182901,6117.671273524778,6132.440155477763,6152.733544907795,6179.564202537697,6212.253219522439,6250.878219845052,6294.815178398801,6344.860601973956,6400.883463005872,6464.092213713873,6532.3492058244465,6608.200757563414,6688.659779625716,6768.130606048744,6860.396489331495,6955.802318144932,7047.084266996894,7158.002752552045,7273.24614401882,7394.991964796765,7518.313397286975,7637.654611819717,7775.346714055454,7914.4550653594015
experiment_542,6172.214571949973,6248.919339707988,6319.652894096735,6397.092608661783,6480.589846888752,6552.700870112285,6626.5903944425845,6702.076192596832,6770.479200329788,6847.337067061568,6925.0240779675005,6997.378376724459,7073.811092530135,7153.626348719017,7233.327540185803,7312.424416395274,7394.354700451781,7474.07620645673,7558.811790723779,7643.465554708576,7721.2085270789075,7814.526023953189,7906.440951734273,7995.217693697677,8085.58685699889,8021.558645874835,8096.8279814539055,8192.703256959478,8290.462321281419,8394.084894114641,8496.427514730094,8597.499139628817
experiment_543,6172.214571949973,6170.040556800741,6165.181864706188,6167.042984236719,6177.555166273034,6187.060764505703,6199.733489801036,6216.921830313522,6235.212199163811,6261.312202005963,6291.315453632846,6324.931610719404,6363.84464709653,6404.999910168201,6452.84463859859,6504.029192592554,6556.187576547947,6614.407588923947,6678.0991315447645,6743.628009732018,6820.420961448432,6901.133405602166,6987.7757431059,7077.232330130626,7174.144475236853,7262.1718989788615,7361.766685122039,7479.636283592183,7590.99438087174,7714.183683334055,7840.744867545449,7968.398421099615
experiment_544,6172.214571949973,6256.951379523963,6335.832379055741,6418.48593202675,6505.087564995723,6586.777277112118,6667.50947634156,6748.870494700477,6820.368052389114,6899.975180896919,6981.178775123586,7059.76953667655,7140.436902739426,7220.191532795883,7299.568165558108,7377.388676206883,7456.403353759803,7532.509435460165,7608.268148036206,7679.669282871425,7751.14295895627,7823.772607840053,7895.1627368707395,7965.339983943493,8034.232851199575,8101.957391625103,8169.0792386718695,8234.145868882817,8297.90631615797,8361.253130177993,8422.64754110066,8483.352224013875
experiment_545,6172.214571949973,6241.414166192042,6303.389327639424,6374.929350847522,6454.9738293351775,6520.4909565873595,6590.222320469746,6662.193076137734,6733.31146351817,6811.033879972302,6890.429278816246,6967.675753209642,7053.395067298631,7139.970350981059,7230.9831066799,7325.246836086816,7420.558225515189,7519.790886541981,7624.136632186146,7731.721922752964,7837.087455443878,7952.003142949155,8069.132547486821,8187.5328661459935,8314.785337345433,8428.050809533393,8563.178321889058,8513.2784917459,8679.283384182008,8821.084356037092,8967.427311957825,9125.236773761204
experiment_546,6172.214571949973,6184.093878488851,6189.869111178094,6201.8505856979555,6222.920786230347,6236.625496842153,6253.927821825197,6273.669247403432,6300.4090876636465,6325.126787520059,6351.618112677277,6378.4057150180415,6403.435601687395,6437.648983846555,6474.17847356036,6513.081970864847,6553.73697061915,6597.289627709312,6641.407540985143,6689.383439767984,6731.234106563262,6781.2049752683215,6836.873114288943,6895.207937464932,6948.563852966114,7010.38850586578,7075.313909971746,7142.621115217584,7212.967244902043,7280.742215225716,7218.2483668512505,7292.864118758862
experiment_547,6172.214571949973,6182.8135084970945,6194.614579825127,6209.864962123021,6232.558824914073,6250.224518485789,6271.35507779784,6291.7294022768365,6321.840379167787,6353.439044009241,6380.459050808745,6418.412168232671,6454.11333388817,6497.913461359729,6542.3263996790265,6592.6011822337905,6645.698236359395,6701.319426639024,6752.756661779961,6814.188448070182,6878.018243794638,6943.7241227375725,7012.833010814892,7084.687148682369,7158.7009282079725,7236.21809555362,7313.914487464684,7393.435208679928,7477.476555750188,7564.329501882379,7643.51134786135,7735.76172003352
experiment_548,6172.214571949973,6167.7918460080145,6164.1330081713895,6171.772546278882,6194.741559890535,6208.773309052227,6229.627430857288,6258.217636586104,6303.682188516901,6345.7416767601335,6395.364770482466,6450.788788193516,6512.171535289522,6579.49730110129,6655.5171977650225,6737.5268213215895,6825.7968787492955,6920.968497418558,7021.163124182672,7128.632300248068,7239.515615849767,7359.685701568679,7485.087794918058,7617.121683715173,7756.455109378474,7902.5155001649255,8054.9198416080935,8214.032614883863,8376.830055745133,8549.478607171925,8728.316264634395,8916.029213168898
experiment_549,6172.214571949973,6317.3682841127265,6452.197324999903,6586.469812310555,6720.033156848436,6835.337849552314,6946.540390943578,7052.847009146099,7166.035229936475,7263.161071437722,7354.3475234908865,7441.720913975323,7524.913393727954,7603.104369058664,7674.446898735123,7742.6877646616285,7807.196483154699,7867.149164603335,7923.099796527073,7975.1899126523895,8023.709001061462,8068.694147590277,8109.658672029051,8148.097035440693,8184.186432426962,8217.823262955855,8247.312197371084,8276.842264940398,8306.763547554772,8333.132495427806,8364.600672056282,8394.78673437277
experiment_550,6172.214571949973,6254.033850973905,6333.306201888237,6416.960861885769,6506.249340012646,6588.965012261251,6672.303751465229,6757.959214645762,6850.851034577869,6935.835103994004,7024.211953676061,7115.463909801491,7208.463077362087,7302.126654162039,7397.441865371206,7495.796905463359,7595.114253252712,7692.093300299239,7794.254471150673,7898.6970606703435,8000.487947085748,8107.525211234249,8217.860296848874,8331.647606691582,8444.423062517377,8562.071927165536,8679.436482120544,8800.264719483253,8922.19553070413,9047.261913109778,9172.970702448156,9301.791990404208
experiment_551,6172.214571949973,6142.933878818625,6114.001469705412,6101.362735137793,6097.439197272238,6093.888900379825,6098.117947879939,6111.034164176579,6136.584767004591,6165.644584829439,6202.66411799239,6247.208285819232,6299.033531515475,6359.0016794701005,6426.205313800105,6501.585432657328,6583.789662891724,6674.1345151873165,6772.804361314726,6872.487667879061,6987.784437236924,7105.0982539875295,7235.203868968292,7367.968559194278,7514.607898813087,7672.98046868792,7841.58642109419,8018.99741487821,8204.628064107392,8384.867681164176,8430.35115504431,8648.66558604236
experiment_552,6172.214571949973,6226.6300729404575,6273.154642394933,6321.853858120175,6375.169917068921,6411.701040442969,6448.4183896819795,6483.470726230784,6519.82728349878,6552.236479225727,6582.812356816648,6612.189807102241,6640.2974010295675,6666.98749159933,6692.097766877621,6715.97552632015,6738.380944424755,6759.568496792968,6778.969825923465,6796.873073779945,6813.155255031749,6827.9875125482085,6841.287904272136,6853.043209008045,6863.253141265524,6871.922799093118,6879.065203059543,6884.696315678015,6888.78366626016,6891.5355620629525,6892.8221054253145,6892.760303375234
experiment_553,6172.214571949973,6165.318159631305,6153.095989956374,6144.069177488769,6141.500946820564,6132.398405584177,6125.8348401738185,6127.028614729372,6128.580472357633,6131.174456582527,6137.176278663754,6147.066465292182,6160.893587501486,6179.012114272258,6201.104235261132,6228.2537657110315,6252.121690191591,6287.238701776754,6327.954346250936,6373.019259153503,6415.110412060798,6464.177356946106,6516.160525523385,6581.293911425235,6651.268662641013,6724.631003407374,6802.428639057502,6881.665702884041,6952.755676769264,7042.117678575205,6998.07374739162,7081.911091955932
experiment_554,6172.214571949973,6239.303734039106,6296.504875929766,6359.050526643014,6422.555256948603,6475.6967796841445,6528.973522091449,6581.119303453035,6615.135174617137,6666.480885473682,6718.783085304347,6770.162312265145,6821.698483015598,6873.32240558364,6923.091680621998,6974.889704482508,7026.227278285245,7064.631140766732,7117.46170523066,7169.402137324581,7220.9931311980035,7268.747569030204,7317.839865297239,7377.678054390179,7431.325434863378,7474.747309961174,7527.735506882426,7579.085028258975,7630.118336807217,7680.677141999813,7730.412293853529,7777.044634347873
experiment_555,6172.214571949973,6222.7043203732865,6265.3038506532075,6310.677783496347,6362.810802610217,6400.970413440069,6440.211719394989,6476.739550686154,6493.613008046227,6529.174914485402,6564.910252731217,6599.377937235478,6633.613593237556,6665.996251812195,6698.543699983264,6729.372127331448,6760.437466381949,6790.901141583441,6820.513281665064,6849.799140481433,6878.252443878646,6906.092217823007,6933.00590673228,6959.586067953351,6985.634376708942,7011.1145515570915,7033.851695301792,7044.750239227798,7067.846958889608,7090.153317100681,7112.685235506453,7133.805359509382
experiment_556,6172.214571949973,6220.724869297401,6264.857678789029,6316.018546187777,6376.24855493461,6422.83818079244,6471.673268707497,6523.760752750799,6587.936750958412,6646.314237758443,6707.116462146991,6767.361156296174,6834.960434151451,6906.190312669447,6981.248868381738,7059.267582529621,7141.11837732218,7226.823287950129,7314.66676335197,7410.6800884625445,7507.591965924356,7612.832881376637,7722.210427909531,7837.690761893594,7960.80209993141,8087.559557167728,8223.303350375063,8255.235870859995,8395.962245166556,8548.488932395534,8705.61601126767,8873.430390883832
experiment_557,6172.214571949973,6221.055466713034,6265.978059127063,6321.829172935763,6390.865388840167,6449.857106919002,6513.088087698632,6581.256694155659,6663.714816198048,6742.0094011591045,6825.535030310148,6913.125753972509,7007.092805878473,7104.578344871244,7208.390055912997,7315.628515003873,7430.847789947733,7551.124037687094,7677.97316102886,7812.718916151235,7952.756276423806,8100.344065586663,8252.739424691976,8413.93654646774,8583.32580263872,8760.048718053666,8948.128703481809,9145.463303378445,9352.476185287436,9469.441348487024,9697.380995346914,9933.01585327994
experiment_558,6172.214571949973,6244.115540263152,6310.930413189424,6382.9003370973805,6459.238369256133,6521.281518256967,6585.422798357058,6651.148530504422,6714.288669861935,6781.6516982902795,6849.246273931781,6914.10625799353,6980.816760006858,7048.59315932867,7110.678263615321,7177.499874075675,7243.348500126628,7308.155854456606,7372.221069568417,7433.846960095178,7494.820777702896,7552.3336508037,7609.768623789533,7664.648765560554,7716.416324641779,7765.5182415652625,7814.127854653567,7857.784736072392,7899.94282761021,7936.307045898847,7970.595448310891,8001.859174395659
experiment_559,6172.214571949973,6171.188773829124,6164.243640320912,6163.454338705746,6170.497356368236,6177.380530417786,6184.483604623304,6193.524736622365,6207.177003197395,6224.236402672013,6244.894153264411,6269.369641103556,6297.6384677442475,6330.135321765076,6364.281011984833,6404.413419390898,6448.689944803651,6497.446965379988,6549.263551249469,6606.059591285832,6666.774103661958,6731.557467472014,6793.54121680828,6866.236690589283,6943.47928354544,7022.634611235352,7101.531579332386,7188.59652662501,7274.593751331211,7369.328913871466,7469.756560749302,7573.05512189771
experiment_560,6172.214571949973,6180.34430625664,6182.963058415283,6192.9820328665355,6212.787416424,6222.739698014785,6236.548101906499,6255.65730208133,6284.023937502287,6312.657390398279,6345.815627517457,6381.688827486515,6424.955325805877,6472.438662284681,6525.779326858558,6576.788211235955,6640.660424360944,6709.498619185762,6783.66127858989,6862.845180710264,6943.646785914095,7035.532274814587,7128.710258416736,7231.98460798658,7335.423135535959,7449.1048992675915,7570.819774793331,7698.886914602233,7832.252256245887,7965.3676617228675,8119.2702256440225,8269.654223834268
experiment_561,6172.214571949973,6226.615100806803,6274.9794042729045,6325.552915790167,6381.581805871394,6426.70792802204,6472.678713899733,6516.139849619247,6546.724859529582,6591.384092756384,6634.724113707069,6672.345034604903,6714.467948928439,6757.527551142204,6800.28749277777,6842.739325595555,6884.670511276018,6926.457149488069,6967.925672068704,7009.458742448141,7049.579417313984,7090.490708787317,7130.988017610041,7171.289242738538,7211.583748200674,7251.657750347742,7291.129359050468,7329.0185074446135,7368.62958628846,7405.788801371435,7445.009414549107,7483.433225282016
experiment_562,6172.214571949973,6203.153827681837,6228.463217494168,6256.678999736098,6290.148227353917,6310.454002627373,6331.21437584854,6352.171851964661,6382.679952001194,6403.871667720165,6425.291879492121,6446.090706551939,6467.6820308749775,6489.383231662325,6510.985139899625,6532.54096173988,6553.959014051627,6575.225681918468,6596.397814412376,6617.2360061604795,6637.606857815843,6657.707430713452,6677.333523328933,6696.410238685388,6714.859274766458,6732.599697882157,6749.547742203678,6765.804671087002,6780.886186999462,6794.929541106318,6807.8205804631225,6819.550905146757
experiment_563,6172.214571949973,6195.18586647881,6215.702899633139,6237.499977657212,6268.36572562991,6284.1834419740935,6300.72219854957,6318.317506765453,6344.027289214846,6362.1464099099285,6382.223876240372,6402.856222571426,6424.265385612738,6446.214825066672,6468.735861996709,6491.694623441157,6515.266230792666,6539.274610480489,6563.880075992301,6588.896571509556,6614.188287241858,6639.767598478265,6665.965426461524,6692.892575348525,6719.779163301246,6747.6697224898,6776.0786807084805,6798.687892434924,6828.238039943284,6857.8355037418505,6888.5668951864445,6919.278520788794
experiment_564,6172.214571949973,6174.861650409856,6175.946135020445,6180.610615787107,6185.485467750677,6186.010324397296,6189.616595700414,6193.764848192357,6198.4446344840535,6208.197799655494,6220.940002824086,6236.718509878049,6256.4406335391395,6279.881171424535,6306.897812572812,6337.726445467152,6371.951153191026,6401.656687939863,6445.203806084886,6481.031757470717,6531.133408182694,6588.320909364149,6649.486050017632,6716.031871364656,6783.617079966343,6857.34128754192,6934.138564790652,7011.993188700983,7078.206978304449,7165.48362500131,7246.4166309354105,7341.464851129368
experiment_565,6172.214571949973,6164.1947591793,6153.09326155224,6152.6080556164,6165.243942364908,6170.821341928218,6183.457231202156,6202.562175610109,6239.434791612607,6271.460959926171,6309.709383841959,6355.306088461404,6407.144705286017,6467.621915158197,6529.922459842068,6605.0269580548975,6687.941277433039,6779.260236461409,6873.710042252261,6983.869245450368,7099.457286378701,7224.546116585743,7364.2405911952965,7515.963023035027,7676.175046596498,7855.313530573233,8037.349622807484,8238.842516248831,8322.796398715476,8540.508463955299,8786.162451370947,9047.801512552083
experiment_566,6172.214571949973,6153.9636190613055,6133.4988417924305,6127.229598257341,6136.684971954395,6139.229063874773,6153.603567811258,6174.386185874737,6213.348718123637,6252.206526965066,6300.298483626043,6357.042322144891,6423.318837871346,6499.491691835673,6585.341131004219,6680.819701134102,6786.051266929481,6901.580415402726,7028.385034385728,7162.577123301071,7312.522920153928,7471.94408002557,7643.093023574147,7829.52736377569,8030.533272140634,8246.549405092774,8471.018348362415,8718.840891667636,8982.624102354957,9261.985358678601,9548.568388228405,9861.046698355021
experiment_567,6172.214571949973,6123.38927988391,6079.231062165358,6052.338879000951,6045.382466663843,6038.3293302177035,6043.540372324694,6060.636764654388,6096.948036099198,6136.7749592262,6188.151275790802,6251.095701734357,6325.626940934491,6412.29930910755,6511.651692321651,6623.87236854179,6749.1231343989475,6888.13753939916,7041.060539013468,7209.508048195425,7394.3901341997125,7596.540670198597,7819.064456500487,8064.298444412099,8327.550097862255,8614.525315717088,8927.562658061326,9161.147591599765,9523.04018798632,9911.361791176354,10285.786347434678,10726.203354715664
experiment_568,6172.214571949973,6186.444510756858,6201.134120614334,6221.286126425356,6248.167487842492,6269.035611201958,6292.975221201256,6318.739783649612,6332.027815122863,6363.9579248234495,6403.54638025613,6446.739692487592,6494.3136955920145,6543.981250328426,6597.469516815876,6655.210410035368,6718.291211980122,6783.103455975199,6713.835704553447,6786.252066726822,6859.619652537812,6932.47106502137,7014.331209440874,7104.639514710779,7196.856245586412,7295.00689397821,7384.17591495299,7498.081114201185,7621.544144276865,7745.42058305621,7875.736723772937,8009.9232661562255
experiment_569,6172.214571949973,6124.3564245830785,6081.042667917914,6048.486222162843,6033.514607294934,6010.957667957182,5998.908625889117,5997.250579297117,6008.590510615335,6026.875386531137,6054.821960936516,6091.765268679481,6138.495766253787,6194.169505904434,6259.345088304979,6332.4725729029215,6414.065610254222,6506.135849311598,6600.810781026379,6712.9229682248715,6831.094546752671,6955.571664740121,7092.423866342289,7245.643520413467,7410.357088967968,7580.881867535754,7622.5291187728835,7808.959870947003,8018.440623923825,8237.777359479576,8491.408102263162,8777.662926479692
experiment_570,6172.214571949973,6168.533109841734,6160.812403414913,6163.148022693897,6178.050773157527,6185.530519320826,6199.735888833475,6220.498477525027,6255.659942522923,6290.6806064999855,6332.992386281954,6382.123157803254,6440.441462161085,6506.360474558615,6582.241142871864,6666.370916458065,6761.0570567674695,6861.12906329394,6976.425538895004,7103.807773387049,7237.445287337999,7388.379038271052,7553.4477765639485,7729.191983072817,7919.510850898054,8127.460017540672,8353.06469931173,8470.400800598522,8723.599400107774,8994.954698722391,9280.32854495701,9618.988881805613
experiment_571,6172.214571949973,6266.725476570691,6351.00795003223,6435.074868803233,6521.139286143393,6591.906197147484,6660.346182574015,6725.621369563705,6790.234170306017,6850.194548729282,6906.092989606772,6962.127223352996,7012.059170325176,7065.009514710387,7116.525319834078,7166.522836426616,7215.090432917992,7262.421458806601,7308.821732677175,7353.653791947034,7396.934693951605,7441.30763409174,7484.480298629774,7525.48170621741,7566.437330953254,7604.140675651201,7643.919757009831,7681.981105318595,7718.695515369864,7758.041349175122,7795.279247598037,7830.707757676465
experiment_572,6172.214571949973,6140.126871981702,6106.027668724151,6085.976617048166,6082.710139596102,6069.987744959877,6064.845309341689,6067.37119865141,6088.105306912084,6105.6935811070525,6130.921670532865,6163.153587306038,6203.339180536574,6251.060776365201,6306.435101029247,6369.741134166324,6440.321977399427,6520.462818657356,6608.611492093263,6704.704977226666,6809.660632754005,6926.602027120882,7055.013858577965,7190.45946593401,7341.143500919725,7503.940651074398,7682.412718356264,7873.87085068684,8081.921418029982,8304.767144027606,8547.048435247028,8721.577937261241
experiment_573,6172.214571949973,6178.6070071610575,6188.258025456674,6201.856237753652,6222.677636030345,6239.368933497462,6258.770893096348,6280.673231505141,6309.717553721168,6340.1546751698315,6374.0346931586555,6410.301523139857,6450.690055122965,6493.306787708156,6539.391981532755,6588.168348310922,6640.628946251286,6691.286942138104,6744.842092158099,6802.080936743605,6864.472645359692,6927.99088603056,6989.771166717081,7057.671615089452,7126.326867450778,7198.64754378477,7272.756904959239,7348.281153111891,7426.162599059869,7503.178781386777,7584.081202446506,7664.832336046961
experiment_574,6172.214571949973,6148.576914575538,6122.213389557257,6108.817795508166,6111.61196616851,6106.8645849314835,6110.021568500135,6121.182285493381,6149.120681634022,6176.556716721034,6212.454701406499,6256.953007006106,6310.140672886224,6372.551055343714,6445.2991687344565,6528.6922940028,6622.758377745969,6728.211744499869,6845.913722693247,6975.591105642074,7119.014034686052,7278.691250276157,7453.263932708496,7648.340076751139,7862.982884219977,8092.1300074406445,8350.625799000227,8631.545049252953,8940.233116044476,9141.229339092952,9492.427688784279,9846.611463907806
experiment_575,6172.214571949973,6174.385850218969,6170.812615587331,6171.316411004709,6183.034961486198,6186.420649761778,6191.833917100872,6199.335812603247,6215.588771547316,6226.952640314031,6240.13148442033,6255.032849469548,6271.383659384141,6290.411661178362,6311.446160751015,6334.549772423754,6361.308906999504,6388.08043176986,6417.837835756577,6448.465383624025,6483.232487851399,6520.70412871323,6560.584309801998,6604.055523052872,6650.899000066111,6701.379078880688,6754.673275022214,6812.333537538552,6874.483491994099,6935.911924813079,7009.577115293955,7083.978494084853
experiment_576,6172.214571949973,6164.613164032425,6151.118981800786,6147.167939098226,6154.913611832524,6157.62334637676,6164.1699010359025,6179.966865474149,6201.256872663103,6221.152808131767,6245.615668931256,6274.499114177042,6307.487256426159,6343.072730042157,6383.502265373178,6429.09237325662,6479.241222709067,6532.491975651836,6583.717663133395,6646.784816486699,6713.476100247304,6784.4719986935,6860.531392446543,6936.15901937198,7016.429388808495,7103.373641929413,7197.214266367915,7298.16886609029,7404.125809507055,7513.407114108155,7629.573041746305,7741.161497764183
experiment_577,6172.214571949973,6285.920398213042,6387.323006833435,6488.715390238524,6594.392810191541,6677.105442890786,6756.483937375358,6832.411142013967,6905.955007100247,6976.857909359083,7045.690211987858,7111.14332849915,7175.136614992013,7237.004300249626,7297.061209566344,7351.045011583981,7406.713685617671,7460.956181478437,7513.723883957825,7564.8151778005995,7614.9803879196,7658.825554329155,7707.180674732697,7753.651539534468,7797.638984065083,7840.524440525435,7882.24831743271,7923.015848296798,7959.974783027338,7999.401976075544,8037.855842602516,8075.450406638448
experiment_578,6172.214571949973,6234.452774876855,6292.800364839012,6353.6650136484095,6420.2764713213455,6479.736113767036,6540.5763635416915,6602.485828238896,6675.5457455030155,6737.922718764907,6804.6749619154725,6873.202380253468,6944.7148599302045,7018.618276333727,7096.209301034174,7176.90190116999,7258.722855937429,7346.382121239135,7435.235617945723,7530.25308881478,7630.546593984289,7736.886569757582,7847.219954734809,7963.573526775479,8085.569568753179,8207.049079047561,8340.826063671251,8482.609845913812,8629.778769093167,8783.887769728553,8945.702029659158,8984.34997603483
experiment_579,6172.214571949973,6154.9136477933425,6133.259723294818,6120.006800632824,6117.073735156731,6110.40168853926,6112.312352150463,6116.267892142272,6129.176564646637,6142.24539770199,6160.755740654422,6184.393763986027,6213.236814684887,6247.05423322211,6286.018464334067,6329.541085857841,6378.902380214602,6433.251539492687,6493.323998773114,6559.013135834469,6630.215773318709,6706.88099168141,6789.086211131956,6876.615902663171,6969.17284432634,7067.438324987233,7171.734934017653,7281.94277478546,7398.004705894838,7517.06621436864,7645.221220265792,7779.522806906341
experiment_580,6172.214571949973,6193.35129652559,6215.685752180527,6238.868595459818,6262.743258189403,6282.4381693677005,6305.3176255986755,6327.726887202221,6350.288321893975,6377.15197272232,6404.30242582139,6434.189456612132,6466.141602361546,6500.231858901998,6536.321961488971,6574.38987076225,6614.399010633393,6656.366475364367,6699.742176763672,6745.754044559342,6793.049808369523,6843.25391305806,6892.69866851625,6944.856992434323,7000.427321882809,7055.105701033688,7115.366043618301,7170.739359821659,7234.725216561617,7301.714271895523,7369.537420577193,7440.862331121598
experiment_581,6172.214571949973,6115.067557524044,6057.730132071909,6017.250829565784,5986.7166820277125,5955.255045675902,5932.835530974106,5919.306603346195,5918.89504040318,5921.837089397026,5933.228152604885,5953.030305838756,5980.502536810016,6015.802563242514,6058.99287521039,6110.905606600434,6170.751544846802,6238.7359913263645,6313.832754136925,6397.210053263845,6489.766394247336,6589.383781115126,6698.00730004748,6815.030697867762,6935.233500362605,7070.427373808304,7210.011522215272,7361.247628724098,7519.463746997459,7687.4354566540005,7866.526009259863,8060.351717772032
experiment_582,6172.214571949973,6238.989732137258,6299.772072715039,6364.825771876453,6431.447194985698,6490.54445458563,6553.002466359254,6616.004975262342,6667.634986877642,6732.706785354227,6795.889662195437,6861.861973993092,6929.556034223811,6997.579862501654,7070.231159226168,7142.858380428708,7102.998502898598,7178.591670346909,7250.599824963561,7323.817482963243,7405.061976454808,7485.132609188948,7564.279142931307,7652.331532502783,7729.790116553149,7820.704744744644,7913.552569595113,8007.716953323672,8105.386430002545,8205.77666398496,8306.355953196799,8409.252757440583
experiment_583,6172.214571949973,6196.340510884573,6217.45399435471,6246.401568553822,6284.651113289143,6315.822111878197,6351.371858528286,6390.5626782341515,6404.381134285473,6451.383312797674,6502.208986974534,6554.158711710494,6611.086323976428,6671.979618940644,6737.733481253386,6808.052095019623,6863.9196730998465,6942.33156786233,7015.423830180329,7098.094220124158,7188.291568208726,7284.510215254128,7382.225230436886,7483.831083893345,7324.533948701304,7497.066911452524,7605.56206999768,7720.6049824783895,7842.492221259985,7965.950020561715,8091.84623161203,8218.567397020317
experiment_584,6172.214571949973,6241.309147076805,6305.971774539697,6375.009453899904,6449.251814308047,6514.3297700840085,6580.338319649567,6647.532598161268,6717.609462076485,6787.7435707057875,6858.869976268912,6931.535526449957,7007.649912191461,7084.9920992761035,7160.485467944687,7243.146260550433,7325.960111577786,7413.922617741483,7503.342264302517,7598.001521226688,7695.16898796742,7791.511433489173,7888.89796227759,7995.357027761332,8106.829265137598,8223.937409969183,8344.908386615336,8469.44748408736,8587.58787191721,8716.788526811313,8694.270986141939,8831.545002179679
experiment_585,6172.214571949973,6222.7707820615615,6269.18678532712,6325.858129036933,6395.632813649621,6448.626508195872,6508.313134368134,6570.921152076266,6631.20956946113,6704.824814424668,6782.838783425281,6864.514960585961,6944.706675057813,7034.383475697609,7124.889817662049,7221.478114530152,7320.267340505911,7422.880627063618,7526.111883148127,7634.837274691419,7742.985209235629,7856.820900273359,7969.676390523464,8087.755391236085,8208.47420486945,8326.990720486236,8447.264778824538,8568.409892189702,8692.622610988863,8805.399445345929,8933.260993271422,9061.24052297962
experiment_586,6172.214571949973,6224.7615960291005,6272.139699197371,6330.019500360775,6401.143362060653,6460.849248571678,6525.78069163001,6596.854834209909,6688.174736179176,6773.828274832947,6866.8101790537285,6968.121856902542,7079.803855331391,7201.066202069208,7335.049885953977,7479.210395370008,7637.30682439463,7742.076671699556,7928.4087604964925,8126.928932548813,8339.958239791966,8574.752208815602,8831.645545951802,9107.278683742406,9397.873497015244,9685.430076397006,9995.860019200609,10355.128263130953,10761.338657409857,11178.39194923942,11770.607312078395,12228.307185202611
experiment_587,6172.214571949973,6243.932446809288,6310.299672185636,6379.971447559219,6453.481498042707,6519.017129980101,6582.894905189653,6647.603499731784,6718.1909450809,6778.0911055561155,6840.397786906568,6904.129646892017,6968.086099931516,7031.599018901248,7093.6372886465015,7151.914961135345,7213.865754193833,7274.677065298873,7335.472638081599,7391.218276323963,7450.3850877498535,7510.052741502662,7567.007804937742,7621.806242634837,7573.631062917129,7624.122041258459,7672.312531133166,7723.2863285176045,7771.458986180911,7814.26332036478,7853.690268937983,7896.581484866329
experiment_588,6172.214571949973,6171.1272224648865,6165.7608917508605,6165.0272458650525,6170.076926934349,6171.950581993907,6180.905476996795,6191.249030673841,6197.270705194679,6214.614192555738,6236.055383173708,6261.560582918347,6291.907666898658,6326.2429065027645,6363.653238960156,6408.014199781626,6457.633459980586,6511.614179435954,6569.479885051185,6629.932074116202,6687.98632859443,6762.162075891436,6844.52108107994,6932.366210678947,7025.607527010634,7125.214620148651,7227.02654530782,7323.493866806936,7434.205577352331,7561.459128894909,7693.301377521219,7828.698373980284
experiment_589,6172.214571949973,6217.420159564399,6257.869257585506,6304.173204945068,6359.41748510087,6405.222818862536,6452.1250247925545,6501.215789789105,6551.353764013002,6597.6349180263305,6655.347744068943,6715.972647817211,6778.281626277081,6838.914762415482,6907.69257003926,6977.991178560789,7051.5561873009865,7128.717424930192,7208.61791310672,7289.8602369337095,7375.417910865042,7462.644041563759,7553.985215415605,7638.957543390983,7743.773638154304,7843.994262986771,7944.847409602357,7891.441345602034,7982.243972797852,8081.401436328023,8185.819704072244,8293.604267125214
experiment_590,6172.214571949973,6219.305484004499,6258.61385578826,6303.504079917937,6356.7569607429505,6392.735069091295,6428.208937616859,6465.38464202395,6503.141640135109,6541.129848335873,6579.32770290788,6611.870302322711,6647.349578395617,6686.9759923090405,6723.993796065914,6764.401143906118,6805.419338311504,6847.085715440603,6887.894879970896,6931.19821339476,6968.812703985182,7012.368106648781,7056.208043809545,7098.948303406032,7144.486113861225,7190.428767854708,7237.5315727674915,7284.94276632037,7333.505471876071,7381.051273035254,7429.6235328402145,7480.767258490671
experiment_591,6172.214571949973,6278.401420791251,6377.248710435977,6476.21331258624,6575.492825750025,6663.482156500264,6750.681831176589,6835.018432611315,6908.012624783569,6988.362197817587,7067.826546648204,7146.495850319744,7224.328054118398,7300.731577674447,7375.809421152253,7446.14453065248,7519.35831490533,7593.243835499109,7664.340777257999,7735.421518331656,7795.92598466705,7868.628307443297,7943.203004654794,8010.949549870718,8077.810320805435,8147.663737971163,8215.732877835564,8271.183139873785,8334.510434815835,8404.131059448573,8472.422293966683,8369.774446376996
experiment_592,6172.214571949973,6243.858361784914,6310.768426708615,6384.739294263623,6464.0777168057875,6530.832963152459,6599.938596658514,6671.730293158787,6741.436934416717,6817.132150402863,6887.535904140046,6963.835523068272,7041.43889058531,7117.2465768176435,7195.764930775154,7275.020811929547,7356.420491659715,7435.758971424215,7514.53996670941,7592.415067943059,7669.7250456943675,7737.985482293971,7688.679740268031,7758.36775304397,7819.2485241670165,7884.6963814874,7944.031820395439,8002.720558975527,8057.118873014053,8110.802986106083,8155.836246055967,8195.087017141257
experiment_593,6172.214571949973,6227.679589199601,6281.494306104954,6344.868928719722,6420.1723918766365,6487.040101003539,6560.103640680751,6637.574754187794,6731.617666898021,6820.501066559296,6912.291314883692,7012.494119739801,7119.333880668838,7231.582128160856,7350.7185939172605,7475.157224144397,7607.662422309214,7747.147979779666,7888.10638862318,8041.023709665015,8201.82001165763,8372.245670175203,8550.867176766482,8736.634298945235,8932.192822474826,9139.600786308134,9356.173374048925,9447.602776703417,9681.855715539368,9920.578407330273,10172.637021149745,10368.725915599818
experiment_594,6172.214571949973,6224.983879805568,6273.298824945351,6328.119270099998,6387.544155709239,6437.20688255786,6491.280460454738,6548.451111823746,6581.903205743103,6639.865261218025,6700.249269968913,6761.5680853461645,6806.450820715482,6867.772114048302,6932.065251926822,6990.20146544983,7050.093508910879,7110.339793629961,7174.699308860301,7242.602262177802,7079.971355334661,7135.661993147178,7262.87565111175,7321.629335479023,7376.323937130917,7433.070728880276,7489.198430843451,7543.965876599612,7581.370685377189,7632.34167062087,7688.25448856969,7738.325465928034
experiment_595,6172.214571949973,6223.957528089923,6272.364407911267,6330.89790246123,6401.666981379123,6460.573323285027,6524.378905386028,6592.942371486759,6673.9382744756,6752.044254049468,6834.303018586059,6921.744063326256,7014.419535131352,7111.997604876611,7213.394723950416,7321.122552422675,7434.364684306219,7553.929720308817,7679.04328153408,7808.913402298191,7945.789438346166,8089.502409845681,8241.53071851267,8400.40815846546,8567.124561094559,8742.197544916198,8923.825470430877,9114.260989651077,9312.53098745565,9521.074115739262,9738.31421752852,9964.31014506082
experiment_596,6172.214571949973,6173.996600269987,6170.503182938917,6169.642589529825,6175.203867616965,6171.581088725776,6170.080940040794,6170.427942738904,6181.909831069182,6186.47932448236,6193.517030675554,6203.094945768124,6215.311834136705,6230.12887509444,6247.661799601342,6268.326249418746,6292.094321132519,6318.490899838982,6348.26317923928,6381.928162533446,6419.06042287202,6458.984757838538,6503.428936943401,6550.519903586005,6602.034861607197,6652.157115816373,6710.8668059934125,6772.170255183279,6834.510745235829,6902.542098332749,6976.392768723097,7049.347419957443
experiment_597,6172.214571949973,6273.823711263618,6370.243215973314,6471.089316615831,6582.174025400658,6679.972368773951,6779.5738015665775,6882.185153721428,6994.387527296531,7102.64537050432,7212.538772909619,7256.641084687584,7370.819395598006,7488.504580593252,7609.659052382519,7733.714675952524,7876.92606732786,8012.857334371648,8151.470787019043,8298.56157748189,8451.306619592535,8611.35850553762,8775.12885766864,8947.54559073537,9131.620535620945,9321.387437515159,9461.458913486915,9665.116051250581,9883.83544222866,10091.80881600534,10329.057459921416,10569.391561795182
experiment_598,6172.214571949973,6206.271940084145,6236.6233060190525,6275.514687483608,6323.7524548648125,6363.660811600608,6405.638843195557,6452.307063277549,6488.920576429191,6539.154639419347,6594.7158596765075,6646.900127402179,6709.515984277721,6774.294607091733,6842.9273269834475,6913.871346764604,6988.878680993936,7066.596502199665,7145.681586220938,7227.860058164139,7300.567602022393,7392.439665947958,7486.5956803040435,7586.90548952707,7689.707689906438,7782.4267001134,7680.643189073336,7778.868025582657,7935.798497454639,8050.92257066713,8155.837856912331,8276.789516627128
experiment_599,6172.214571949973,6117.202422146493,6065.057263603907,6032.432428851413,6015.993749090744,6000.541359586431,5995.843254027626,6001.981884436387,6026.486323886276,6053.747032406877,6090.585640463195,6137.286778678103,6194.26213120089,6261.342391103175,6337.287527580145,6424.816004954132,6523.3717932362,6632.595510008174,6753.652719874744,6886.398949379905,7030.529506168415,7187.459505543228,7356.441862559259,7540.951426542204,7739.0630440696705,7952.240776286275,8186.938743085221,8439.101011653673,8711.565167920528,9001.516705109352,9313.96282022187,9652.001777949601
experiment_600,6172.214571949973,6210.173954001215,6243.732145372305,6276.19752105491,6314.387889326761,6343.1591310879,6368.8243336498745,6392.069387605798,6393.3348857918945,6416.201504614159,6437.420695776141,6456.89387792292,6474.825614811015,6491.355655728225,6505.97609722562,6518.939088442728,6528.487347269432,6538.045625086752,6545.7707973728575,6551.552787942402,6555.876019369724,6558.468609802932,6559.277414659508,6558.410902945921,6555.805993836099,6551.476520707605,6545.407575189852,6537.603783182399,6526.83909092178,6515.892782125091,6502.875671023826,6489.155215789095
experiment_601,6172.214571949973,6199.149761434996,6218.614601923398,6244.853329346186,6281.047120428467,6299.070076417909,6319.644802303463,6342.431335540299,6371.134245295483,6398.522769577239,6427.191842550532,6459.359267974985,6494.089845431699,6531.434770890997,6571.01046559974,6613.560759028132,6658.677241071848,6706.14570845754,6758.042320404819,6813.250297885128,6866.506267016607,6925.378447735136,6990.677117909956,7059.546807930588,7128.279736249168,7203.587601181434,7279.328526389576,7362.979030548152,7450.762835470077,7543.278450369282,7640.830166001142,7742.217105822156
experiment_602,6172.214571949973,6171.243505288602,6167.324153486037,6175.673498844815,6199.5214203579635,6218.999722479782,6245.449212144826,6280.548104220168,6323.777396580295,6373.393378523244,6430.895422911797,6496.329758790711,6570.525408455063,6650.96302560432,6735.2605588076085,6831.112233170956,6935.320934057406,7050.662198312856,7167.6549668483085,7298.036261735247,7437.629512874696,7584.297048014785,7743.04538675014,7907.111071710251,8080.460621305266,8266.958644411085,8455.692042864766,8650.629837651944,8855.666635561525,9079.28364972927,9309.645030358199,9547.842479386634
experiment_603,6172.214571949973,6201.250039638848,6228.102080542036,6267.076340791647,6321.8948671059115,6369.358232321036,6423.331776012217,6481.840149422891,6555.37851934197,6629.182296616127,6703.544339679776,6789.831564176122,6884.458391009632,6985.572430822742,7095.103575470426,7207.874984500268,7332.657322684057,7461.797628438677,7606.349814538709,7754.47518284238,7915.349378741246,7972.555043253763,8150.020167192804,8329.099705760778,8528.28663096696,8737.086792603059,8962.00279494634,9179.258735373192,9436.80805024235,9709.800576977912,10009.13688984298,10230.077208310864
experiment_604,6172.214571949973,6211.85656770995,6250.27856986696,6292.252556355889,6341.685797969766,6382.274723279736,6423.881634225299,6468.291120500999,6487.324899742278,6535.68407303926,6586.2252615661455,6638.255366018053,6692.499240069365,6749.907303082789,6806.92472882511,6866.100264527981,6928.398315198483,6993.049174266684,7058.992635082948,7124.717772409979,7178.9999409908705,7250.263550859056,7324.940036159937,7394.309018367368,7481.233606474768,7558.707933733947,7639.801610433868,7723.312588090066,7810.8538981124,7894.5569995307615,7985.587410478931,8080.094925375056
experiment_605,6172.214571949973,6204.838133192505,6242.222910069398,6290.743024836072,6355.407897447725,6414.357866675869,6481.439777834525,6560.315095792008,6645.163054442051,6742.932505503112,6850.304061442336,6962.287012907481,7086.095232946371,7214.9024906815885,7355.835838318684,7504.612349668679,7661.154945911329,7827.638904018997,8004.427355456222,8188.221524041097,8379.954694490747,8571.063807608585,8773.65448893771,8985.205045735735,9208.542382930395,9435.516187757534,9662.229067297838,9712.194154158333,10162.318979116239,10424.014384856386,10694.476808097399,10973.705009103382
experiment_606,6172.214571949973,6169.892346613388,6162.431472941221,6158.8348745452495,6162.323953968182,6161.973858302359,6162.9703190741075,6165.440647905941,6171.282885480707,6176.670818325494,6184.116704933876,6193.5920752104375,6205.3056589758235,6218.630664336186,6234.8578292668535,6253.708178994864,6274.796390390847,6298.029900797781,6324.48487504178,6344.545211548787,6373.456058045138,6408.163987793639,6444.856032405424,6483.404976775144,6517.404227890933,6553.9223613619215,6604.154237739117,6657.6166295619805,6715.15602178765,6774.842530230104,6839.202075008305,6904.99059179633
experiment_607,6172.214571949973,6229.500048073809,6281.1352671336435,6336.683552008938,6398.876564109049,6445.182471870912,6494.038561177922,6542.3373863593415,6582.264179462993,6631.953146308359,6682.792886669466,6727.69146455612,6778.3071093865565,6828.100068175383,6878.711147605385,6929.518605139635,6980.223943718369,7029.16974807424,7079.008387316507,7128.6510424067965,7177.894270390609,7226.730711492017,7274.664475243911,7322.708853527336,7368.056418586796,7412.630484640793,7458.403199134649,7503.646344545205,7548.156499804451,7592.968712297338,7636.033343379286,7678.844945008621
experiment_608,6172.214571949973,6236.692491220865,6292.85087867467,6352.528328268296,6410.39973963784,6459.347480166094,6508.970202014629,6556.646196954211,6580.088854212236,6622.791238011143,6664.945052898245,6703.927949161437,6742.042623411367,6777.966348591067,6809.947910504698,6842.459941172627,6873.378803213581,6887.257616598908,6913.949843829307,6939.3548161316085,6964.063866369772,6986.91994057202,7007.9156382047795,7027.486004938091,7045.6774371789725,7062.368172000988,7078.007577381345,7092.47207182463,7106.785358089419,7114.111198378978,7125.538653220145,7135.219725193987
experiment_609,6172.214571949973,6231.629021449055,6276.565993728031,6321.114264878213,6368.849479876428,6394.712190515944,6415.343107661034,6433.120185248606,6447.860342480712,6458.991412063671,6466.9957837072525,6472.2705135744945,6482.942450856102,6484.125544180668,6484.059122078823,6482.12697968184,6480.231667150586,6476.066190870974,6471.107946671313,6466.646979316265,6460.819244129032,6454.604161492399,6448.08907804274,6441.372015804073,6434.677576801811,6427.919211376914,6421.1280904209625,6414.326091979047,6407.480450867231,6400.535700858238,6393.63951269264,6386.227258216963
experiment_610,6172.214571949973,6236.696576087814,6295.96876152343,6364.473285506217,6443.541613025307,6511.928836565737,6582.947234497187,6658.182577944603,6749.009392530889,6829.573028006313,6913.957091840932,6999.628354887671,7088.939664930813,7182.483720707991,7278.595435583165,7377.401303782482,7479.3638553897745,7584.866331260826,7692.996354908108,7803.182079282443,7916.384289208894,8030.578106112266,8148.854815190309,8269.36720427747,8391.419654261881,8516.202657628219,8641.289420400013,8770.43050929562,8901.558401829265,9034.833086643219,9170.435813378757,9309.0783058937
experiment_611,6172.214571949973,6252.873278028159,6324.611070030182,6397.282599301679,6472.145561051759,6533.676032617165,6593.321657915318,6651.609403532526,6716.1700711886715,6772.694348984938,6828.6866200741115,6882.9526958809,6939.091925431763,6995.537259316312,7050.734893037177,7108.676856489181,7167.597083528222,7228.0344875812225,7289.936437331116,7351.629374486694,7416.722858521312,7481.609939322597,7550.73263799409,7621.251779353399,7694.705959608345,7771.033248529524,7849.1652929680895,7929.776718279118,7949.889848651224,8030.788681077442,8111.519370662956,8196.34289458472
experiment_612,6172.214571949973,6236.04534870442,6291.585007101073,6349.664171718954,6408.140400397527,6455.018610430178,6504.309119628791,6551.177056947062,6576.755007542188,6623.18110994018,6668.220345001595,6712.185163283031,6756.84165342985,6800.166642993374,6844.530887272887,6888.917097573154,6933.462312329469,6978.515287940116,7023.196253473809,7068.87756929932,7112.803376793499,7156.9277170713585,7204.4797873333755,7237.831122503402,7286.711097881258,7336.688573391233,7387.548266980463,7433.913600072933,7483.096485592164,7539.947121641384,7593.574900679259,7650.766080410644
experiment_613,6172.214571949973,6234.259705476444,6288.702289119225,6346.469955137483,6411.137758739114,6460.515916421658,6509.3142394396855,6556.714346494087,6606.45864629185,6650.68942023411,6693.813604046954,6735.2418861574315,6774.526217604767,6812.44516367864,6849.988095915407,6886.014363693032,6920.09282684791,6951.888333319603,6980.144964805833,7008.307201269821,7037.449618413781,7065.825725892666,7093.2634067736635,7118.3121338644005,7140.412388553765,7165.690669355146,7190.168092313706,7210.027659730369,7233.422950670714,7257.633246915052,7281.320280527554,7201.271583899555
experiment_614,6172.214571949973,6279.8580476366915,6376.684924169199,6470.70172843639,6568.839286181452,6651.2633818845,6727.977590022932,6800.907604824564,6849.843765487087,6912.060450045309,6968.71020336609,7016.853276201196,7062.010980268693,7101.3037534478935,7135.093527719156,7162.783127490824,7184.603912404284,7200.767505134202,7211.351837044678,7216.779505079372,7216.484167329704,7210.7630491539585,7199.872608453536,7184.0320440628875,7165.527615961915,7140.200541995074,7110.671646182535,7076.5322175613455,7038.2506605867475,6996.265966771658,6950.9180244713,6901.264668657045
experiment_615,6172.214571949973,6274.4988748831,6361.087314871487,6446.871993158664,6533.07275918389,6598.152621308812,6656.737163276768,6709.581674607717,6762.851387665231,6803.722623027523,6838.973089660536,6868.311436194564,6892.76768487365,6912.042353271984,6926.363512257516,6935.891780680783,6940.77873562902,6941.12870722331,6937.187771660347,6929.0299699620955,6916.612816721057,6902.436634351809,6882.093525801891,6857.883538726669,6831.469401241127,6799.7425021744075,6764.5553189650245,6725.51995908629,6682.941494495906,6637.48457535462,6587.680680555895,6534.372399806985
experiment_616,6172.214571949973,6163.367351313365,6154.750181643032,6157.390764440141,6172.605033655398,6183.511664872765,6199.972179576414,6222.35024337206,6259.31287679207,6291.783196116247,6328.946223406056,6370.257107383202,6416.073810738695,6466.252890586542,6520.807937252832,6579.633228413617,6642.799135477164,6710.287039024008,6782.315736831489,6858.8851013266485,6940.1995126121565,7027.450127008784,7119.313049127391,7217.334084314631,7323.819108413085,7435.843146032875,7555.467703185237,7684.8615278169855,7825.318089083576,7976.441145357705,8137.26866206638,8310.444426194186
experiment_617,6172.214571949973,6207.356522144117,6244.740800288209,6282.772567606408,6323.955912084544,6361.125959547133,6396.565809589851,6437.751836888633,6489.13875385324,6536.825817265933,6585.725609350686,6638.830255004825,6692.943497431928,6746.305745016507,6807.065644940321,6874.205536911076,6945.0319313610125,7013.865281202489,7089.464189218592,7170.840368902323,7255.92793949145,7343.030630708621,7432.91272864892,7529.626547119615,7619.727583751241,7731.258424202206,7837.027182137151,7787.9266907070505,7884.612951917478,7992.063088971704,8107.387498436661,8223.75260551426
experiment_618,6172.214571949973,6219.117653359675,6264.076157301715,6314.414117017559,6372.705557400679,6420.29614012065,6472.533015854851,6525.649584389124,6571.069328309339,6632.50093711983,6687.52829403053,6751.61922423526,6818.311238039323,6886.336247593354,6957.516182924237,7030.32663733099,7105.771422206106,7181.1701297006,7259.820155505753,7338.564182923677,7409.444750483569,7494.331292812889,7581.622942454449,7675.6599872460965,7764.663000447306,7860.071748809549,7941.452566003311,8036.827707296552,8130.104807495465,8232.06969076789,8335.036741415952,8211.790751231325
experiment_619,6172.214571949973,6153.528540549338,6133.036560597332,6122.571317806862,6123.844940630017,6122.585049675057,6127.98868895489,6139.882363140702,6165.021302901581,6189.2347852042585,6219.489225706118,6255.406768215402,6289.942693824032,6336.675235436947,6390.914137702321,6448.79781290061,6513.480716929878,6582.607004689858,6650.219169728293,6729.89482091336,6812.610511530553,6905.352947089351,7004.390201671411,7110.310738511853,7220.398904242683,7338.291591754596,7463.466483506454,7579.528417924939,7722.389633346,7866.458096615961,8004.426003617028,8163.933888366508
experiment_620,6172.214571949973,6185.605905810127,6197.5629944302145,6216.134680743486,6245.232118487861,6271.618637469859,6303.785836354111,6341.612077200004,6394.522993234926,6445.296382914974,6501.968977692279,6565.234765224054,6634.839169925902,6711.390064452002,6794.288999346667,6880.713691980207,6974.828000702544,7078.830174345939,7189.559194384626,7307.665231311555,7431.788157878418,7558.727383044267,7696.960406079566,7839.756139620726,7991.924673429176,8155.1172345865825,8321.645321717246,8496.441024244239,8675.752445574497,8866.21664653856,9059.020759053987,9266.512887461453
experiment_621,6172.214571949973,6200.599747517459,6227.763826701264,6259.949564394652,6302.582904231609,6336.19641941499,6374.6979141722195,6416.149187872579,6439.231576914131,6487.889669692617,6538.088461882333,6589.371354763939,6645.927590319454,6706.00143103719,6766.485482072216,6695.832224399326,6760.408991533144,6829.036096113003,6893.752785179617,6964.879349506144,7038.624701583958,7113.4767718335015,7193.962254189983,7277.3073291122655,7362.809984426957,7451.253588853788,7533.089790472874,7631.857641665069,7735.566785968886,7843.805271888626,7953.561622403355,8070.1927793501
experiment_622,6172.214571949973,6192.698407980313,6210.297743937677,6228.7994280825915,6254.845410777993,6273.4320181387275,6292.356644658761,6311.060925795882,6328.791026209412,6348.75227702042,6360.92203212809,6382.550895138675,6404.39018246325,6427.059575000265,6448.482411647781,6467.916382975333,6492.623995301609,6514.89486394378,6533.18880802445,6560.281197612116,6588.327752272358,6617.186509979144,6647.440164791139,6678.428541499325,6712.330147948311,6745.318674936398,6781.167653531998,6817.754969329595,6857.146032012963,6898.118439797632,6941.76448582882,6984.977293865728
experiment_623,6172.214571949973,6236.910778463335,6292.326029146036,6352.460140451335,6418.841947160996,6468.930909272462,6520.070725388112,6569.609399731491,6610.446013396632,6660.655814813934,6710.1585824196045,6759.36119975166,6808.190807853109,6856.211927648916,6904.765165994676,6953.465470270611,6996.5104110088605,7044.964450823491,7094.406955616963,7143.176331780898,7193.612042632845,7245.343145114579,7297.811617852152,7349.39653739729,7404.537723443909,7461.048384585858,7517.55385505543,7579.427872099471,7643.552233649936,7700.662611280553,7771.659751216099,7855.087447607544
experiment_624,6172.214571949973,6266.129234470622,6351.5950378791495,6442.062198887086,6536.756323068395,6616.539108413757,6694.732672271852,6773.208855639798,6856.417682048495,6930.747579188936,7003.845996242226,7078.115501726177,7151.380922734415,7222.6748236140675,7293.610270242176,7363.2547768134755,7431.495155509962,7498.29094118535,7562.936012671947,7624.099227442791,7684.796403706559,7745.7400909987255,7804.45930761701,7857.207435969862,7911.198159547651,7962.583091865702,8011.815797526029,8058.651681081473,8101.336827359344,8143.974763674053,8183.4024513858985,8219.819571542545
experiment_625,6172.214571949973,6215.913646924034,6259.106668246195,6315.217281595736,6386.44011381432,6449.066463856509,6517.72906781898,6595.343110631474,6689.860332247847,6783.4584315381035,6885.983773397929,6995.187991791191,7110.659694413427,7238.089583053095,7372.921175768111,7516.745779099374,7670.2648583976425,7833.161951442258,8005.106065885694,8184.186832985939,8373.773866381824,8571.371671284265,8782.67580302219,9004.264444513645,9235.859135682473,9482.168873165512,9735.91551808953,10003.241155207506,10151.347653459205,10437.662435400962,10728.331854195192,10972.487794334877
experiment_626,6172.214571949973,6294.507566904387,6406.982367663528,6516.106581913145,6626.191596848084,6721.097127903359,6810.542003729464,6896.010723393889,6981.087899003228,7057.244221902885,7128.586606550439,7194.194815315015,7255.984213523445,7312.313543704349,7365.3502487759015,7412.939276301962,7452.024289935323,7490.435445877401,7524.236320441098,7553.4506876140795,7578.104176566019,7598.222705187316,7613.384524265206,7624.516846320395,7631.211446984932,7633.562522119618,7631.518311180002,7625.18805496375,7614.642803635383,7599.958222516014,7581.240302806134,7558.572021737382
experiment_627,6172.214571949973,6197.936052597539,6220.924715505298,6251.472944807103,6290.704141980892,6323.836529802522,6360.276826286239,6399.684991274204,6442.3156427101885,6487.882309991743,6535.638764486991,6586.4508232855205,6640.3502682876815,6696.933093969973,6758.2636340656845,6817.743335607761,6886.03523991033,6956.694537939977,7030.90618429543,7112.014156756037,7191.506371123765,7281.781168258924,7374.882004236502,7474.686810554225,7580.267171887267,7689.633116297191,7802.484562832816,7925.968665531369,8053.49267048605,8190.13789913196,8326.232032794363,8475.987306301573
experiment_628,6172.214571949973,6279.272928727749,6376.691779175717,6476.938148995963,6583.963764553197,6678.838587131022,6771.51464082191,6861.195286340617,6961.248879769724,7047.591453356626,7131.518699455448,7213.790873103495,7223.186857331619,7303.180234389942,7379.828411317409,7456.167835421996,7529.421801366318,7602.0458279027625,7673.995388502746,7744.431218522612,7814.063350955426,7881.93344998603,7945.987266655547,8011.46916123309,8075.985425298611,8135.41446600252,8195.943599861566,8256.816931497186,8315.984747260929,8372.46445850136,8428.238099647304,8506.553980484616
experiment_629,6172.214571949973,6233.492499194634,6285.9967831331105,6342.747930439286,6403.439702804303,6450.014832730305,6495.924140562693,6544.079790600492,6569.254241642481,6617.874176045607,6666.051130951966,6713.988126296079,6763.380389754726,6812.352716930323,6863.231152926672,6915.028085492248,6967.674541443008,7021.734321019909,7074.366641444648,7114.53476375317,7171.2625652827965,7232.305556668878,7289.092318110977,7350.9315280432675,7421.663009005625,7494.56293107948,7566.2870056197735,7640.83328109199,7722.040672924375,7802.633185190543,7894.878847130296,7996.894751795801
experiment_630,6172.214571949973,6158.016770238564,6138.7482803763305,6125.249786065666,6123.192083689772,6113.669245706751,6106.402812553731,6103.063306894144,6106.070334903596,6110.789532473755,6120.94968964995,6133.627884793474,6150.610768490204,6171.482819296583,6196.821188222841,6226.451185608768,6259.060120952907,6296.27486415885,6338.846950275934,6383.447719486011,6435.305354519258,6482.426677027834,6541.915164777001,6606.529184946421,6674.171365984912,6744.279535173087,6809.378985609488,6893.3744598160065,6981.981497275274,7075.013040647413,7173.416585739012,7273.4477132868815
experiment_631,6172.214571949973,6183.91730687163,6205.909488022779,6234.502563342932,6277.791636279252,6320.711078999324,6369.433028478597,6430.988428109917,6507.69744695571,6587.407599561653,6665.041981410479,6764.315111804665,6871.9927887710255,6980.469306113475,7102.682857029606,7234.667026580679,7370.8772138692475,7386.994753132917,7538.413562123409,7695.678240779935,7854.54963260084,8013.561896822885,8187.271567143153,8376.78060639128,8566.152619445953,8767.213294846782,8977.831686175039,9208.93373516295,9471.63953011317,9726.724923465614,9989.321802761226,10092.492831170042
experiment_632,6172.214571949973,6137.650540724653,6103.298207957074,6080.102661143243,6068.812200355113,6058.280787365643,6052.16223990875,6052.147951303947,6063.007546537299,6075.070993283239,6092.976811229872,6116.461273893563,6145.672563326165,6180.524420018046,6220.889747225494,6266.901944062604,6318.229292123982,6375.366750052057,6438.860845842146,6508.037786130936,6583.859598985375,6666.100459475954,6754.052764587587,6849.931062585798,6952.704747027326,7061.973348860133,7179.3483582131,7307.09401956724,7441.933784872121,7586.011500138922,7741.711876734882,7910.362633784231
experiment_633,6172.214571949973,6161.627535331679,6153.221311398802,6157.252257817665,6174.4350292705385,6194.028724140268,6222.533565958185,6260.458839178627,6317.2246797747575,6370.643758314212,6435.334650815944,6508.430360968039,6590.31366163007,6681.7683886236955,6779.09026418919,6887.037406631405,7006.808086750931,7137.631905389786,7274.023559929262,7423.371638413692,7585.756451344638,7756.9943831235105,7940.280591341962,8141.559984282151,8356.982635267872,8590.362745951037,8829.166358519382,9093.731630250153,9216.416732887832,9499.495749712813,9819.441177824121,10170.248380639568
experiment_634,6172.214571949973,6212.119449719436,6251.306357108626,6288.196660178101,6336.370393672341,6375.7553746627955,6414.817956639317,6455.275576935755,6494.232961885948,6536.278800672099,6579.265320760492,6618.101028910355,6663.4877514909385,6709.829666054331,6752.395359289058,6801.3141135488695,6851.492146535336,6900.735953584841,6954.807089609917,7003.906445882234,7061.990770000659,7121.12728816235,7183.6043806388925,7248.834388055123,7316.466757766357,7384.909428318021,7456.122865462561,7532.328559149461,7598.399717606697,7681.934436796595,7765.204514035558,7858.197651008558
experiment_635,6172.214571949973,6153.345462919209,6131.092887540151,6117.29723892525,6118.641233069433,6109.994846881053,6107.213091963709,6110.263083700038,6122.2772119104375,6136.826881609579,6156.945141323255,6183.681825194622,6216.237210300676,6254.843737412102,6297.0758311839,6347.113510538253,6402.827440804046,6465.198392705472,6526.443021897469,6600.157723550096,6679.648852085572,6759.1360591106095,6843.539177178293,6943.394872144934,7048.8170185588115,7158.649012064083,7259.847628005306,7383.762415753405,7514.910305026425,7645.162762267014,7786.672080466001,7935.242576262361
experiment_636,6172.214571949973,6203.573528009657,6229.1186349032305,6251.958031131559,6278.8697081223345,6290.198160939353,6300.602525571218,6310.643990183158,6309.412384505187,6318.124847554138,6327.137065003644,6334.435621769229,6342.435443091577,6349.980114722026,6356.504084563282,6364.244887381641,6381.472740482968,6389.864738242935,6398.872165644357,6408.45678018221,6418.724276776409,6429.729864964907,6441.495514359239,6453.816275372423,6467.144172168964,6480.558658022077,6495.232085410292,6510.267539399834,6518.231252562677,6534.857674990268,6536.288487744025,6553.130366769718
experiment_637,6172.214571949973,6235.257153641785,6286.138692754564,6341.709984554716,6403.036006462842,6445.637088715948,6488.444535944518,6528.858652394496,6574.587286914825,6614.398445324976,6647.414605444015,6686.682515728802,6725.797287321962,6764.805290176437,6801.644819835563,6841.12769014046,6880.948091242588,6920.942006651859,6961.67720677927,7002.927425965536,7045.099193587281,7087.813207902657,7131.029163447945,7175.097580879505,7219.812406285262,7265.132100562421,7310.794251975515,7356.296950301015,7402.956864489607,7447.155156697602,7494.2238044983615,7540.447323752203
experiment_638,6172.214571949973,6225.423149081287,6272.987412079554,6325.179270536792,6380.257008071696,6426.128914627225,6475.418534644605,6524.62259554794,6554.233621422721,6605.40222489868,6658.60926574875,6711.811470758152,6767.159067140327,6823.779607833791,6880.805976412338,6939.018201466879,6998.195543303289,7053.44786308706,7114.283706025062,7176.410064934162,7225.377653555332,7287.711957982396,7352.035643875678,7417.426654121046,7482.664500672792,7549.854070903319,7616.580990765497,7685.13804243729,7753.956794564838,7816.76910521688,7886.800252399085,7958.249064563515
experiment_639,6172.214571949973,6218.364533774263,6254.437387359751,6292.061582086428,6334.589913940141,6360.98159068837,6385.941727464965,6408.526896201778,6425.957893023793,6444.790529354988,6466.317690177797,6488.68936867187,6509.079191394931,6533.082505514065,6557.154073397165,6577.694730051555,6604.3653300112,6631.915221899933,6661.603490526174,6692.666917974775,6724.8514025265995,6758.416343863019,6792.255444683993,6827.952243043084,6864.8533200205475,6901.96477228983,6937.466010472741,6975.491683213767,6998.3193921621,7037.658556047887,7074.29918878736,7110.379511858206
experiment_640,6172.214571949973,6195.215291448657,6217.523208006762,6246.343824641504,6286.468363354072,6316.175572624622,6350.954603410123,6389.968043702807,6416.154306999249,6462.394881964463,6504.975122596342,6560.160093477591,6619.277468289962,6682.025483097292,6749.494538833576,6818.5992372477685,6891.178604369085,6968.512261487189,7048.899468818652,7132.109729006824,7214.903941764313,7304.455993923539,7397.750173827091,7493.113120187618,7580.323341123026,7684.010127376156,7791.670841312858,7903.275118490683,8017.658714649524,8138.099873645651,8245.024060566662,8375.11619344449
experiment_641,6172.214571949973,6175.654182206272,6172.093289306689,6176.857792402374,6192.243388102974,6195.878092267367,6203.504189425454,6216.511338202137,6242.7885089626725,6265.4574158103405,6293.38801285967,6326.143444870313,6362.749907007232,6407.1526985852815,6450.396852556845,6507.426435302102,6570.77481874872,6639.7468705024,6708.943860919375,6792.000742656743,6881.3357022069285,6982.279858424947,7091.6879250445145,7214.457922028696,7334.451876247079,7483.751750548181,7496.7385682976255,7644.488620412491,7814.209126521526,8001.455698855627,8199.210138909617,8421.350873916603
experiment_642,6172.214571949973,6193.904708345544,6213.664327909386,6239.08047053581,6271.880290819776,6297.940970528236,6327.250238784298,6359.14296837709,6401.052349065152,6435.691308270503,6474.060465886476,6515.640059312744,6561.064800863189,6609.390464586741,6660.066044744497,6714.255889429609,6771.167409148442,6831.115838958867,6895.189892866123,6962.607694041916,7033.062825405559,7105.471598570649,7182.171453141928,7262.377946991084,7347.773970960743,7437.593567295876,7530.594764033863,7628.219988116963,7731.452561373544,7838.064093279289,7950.749076054572,8068.453910820927
experiment_643,6172.214571949973,6168.697704685493,6157.789508662749,6160.733101356625,6168.638487768851,6168.06427405348,6172.257002054007,6182.2526152572955,6198.644226633634,6218.146051066327,6242.854993260518,6272.832313774789,6306.944431750172,6347.71508696696,6392.997437656561,6445.087871771073,6502.551687329154,6565.5106626164015,6634.224139378384,6709.668401801109,6784.547832783015,6871.798087314208,6959.142449828944,7052.64505696549,7160.716681483924,7274.866995211894,7394.735370514854,7513.709414637366,7651.7812540951945,7623.723424364991,7762.54108313429,7914.6578920310185
experiment_644,6172.214571949973,6176.849201095985,6179.4230631160735,6189.947304552958,6209.51787614623,6226.577022304126,6248.2127823241535,6274.854914835118,6307.712497573659,6345.416342129007,6381.229120616803,6416.764725526412,6468.571286416712,6528.802925506951,6594.876392667664,6666.225356360634,6742.065586018506,6824.224590555588,6894.093043086276,6987.839885082943,7079.4500489872935,7040.292949378464,7139.690762560822,7249.7535927164045,7361.949726164417,7469.411495731598,7598.642758178481,7738.891644727732,7881.07908834999,8033.2507156026695,8194.161691113817,8378.956719080199
experiment_645,6172.214571949973,6220.546842065363,6265.32026770803,6317.487575062052,6377.844388349074,6424.684321710665,6477.136699780693,6533.223704166547,6574.328933824003,6637.208944785695,6702.944428183289,6771.550345462513,6843.887542570494,6916.89077903899,6859.483205754015,6935.368497165191,7015.440770689735,7090.045540033241,7168.760403408974,7245.162908292542,7331.307275796087,7420.938442840381,7510.050924463982,7598.908045922711,7690.013464823658,7773.658100923404,7870.796813864338,7968.163642429508,8065.480521697589,8165.549479453641,8267.005713898268,8371.409470202594
experiment_646,6172.214571949973,6201.229540350198,6229.401854245571,6265.059246190391,6308.386223360845,6346.780166656451,6389.06282126603,6434.04947956521,6470.189779506425,6516.406846747215,6573.512887037847,6634.51980782309,6699.265887669909,6767.236559640409,6840.436553016202,6917.482295451215,6996.240217824119,7081.898877467847,7158.1833553136275,7121.777858465317,7209.547317499993,7309.882181763596,7400.490572185005,7509.927623327782,7620.22982750704,7729.33658701033,7857.725075274193,7989.472065356253,8127.544904818205,8275.899521882577,8430.640074470932,8593.221923422248
experiment_647,6172.214571949973,6181.680732338929,6184.198914770179,6195.765164154236,6218.568631143553,6234.980085893283,6255.440871740152,6280.306616643042,6316.255561237372,6347.727025210388,6386.582726283783,6430.4124681892345,6479.356307111201,6533.69173054417,6587.503478624063,6652.749531227848,6724.278488521156,6801.486238348498,6880.845137852563,6967.138182712761,7065.378469700622,7164.391200484944,7274.690214717095,7393.108854222231,7515.365901031699,7648.65356496094,7789.567079347491,7796.104429873815,7942.0733744474,8083.471727963097,8251.926531470484,8430.736984579553
experiment_648,6172.214571949973,6187.333398275214,6202.88997111798,6225.489615026466,6261.039965810807,6286.412745325978,6316.759896647087,6352.996023234175,6404.386546863514,6451.557694054724,6498.310934560555,6555.925931185302,6618.492754197839,6685.902502161739,6759.02484887902,6836.875118365981,6921.427127361284,7009.406560453484,7099.965440146918,7200.453072909142,7305.711634469597,7417.667502979194,7531.264860457476,7654.213178242557,7779.135670552445,7916.915133478316,8056.273266228049,8203.049569091883,8357.578436158014,8518.876181157644,8688.473961468793,8855.528670706379
experiment_649,6172.214571949973,6202.749020258143,6231.911986363787,6269.434275444753,6316.117285573642,6359.238898840825,6406.218756518056,6456.31163536502,6516.403403795512,6574.986501182231,6636.986186288652,6701.982126368605,6771.474442538978,6845.981111560963,6922.737410235601,7000.405597380704,7086.656248611264,7177.516073601284,7271.729776289614,7367.241614589368,7471.195034624876,7579.3974462757415,7688.974365186752,7809.943906516105,7933.278372775556,8059.090772923385,8195.792440087567,8335.515268760542,8484.503070273026,8630.765948108445,8792.891594407261,8957.299412592809
experiment_650,6172.214571949973,6225.408787318944,6271.428438746449,6322.953615583749,6383.332471774008,6428.341190799072,6475.164033848401,6521.169367131784,6556.8211319601905,6603.464652796149,6649.505958877862,6693.955198261778,6732.900643991563,6775.666148999431,6816.189021248251,6856.748366868635,6894.156584846062,6931.0123206049375,6966.185787386432,6998.748232865662,7029.3769694617,7055.742382080505,7081.531557378786,7104.52387984999,7124.4584674650505,7140.576243197393,7154.532573724377,7164.8264946638465,7040.676329754546,7042.085918779854,7039.576838172893,7033.273135813897
experiment_651,6172.214571949973,6178.73735131285,6184.098355889702,6195.804249699526,6215.401725717644,6232.96437270473,6254.058211566327,6280.666056450084,6311.308608226507,6345.801752898178,6381.0415534264885,6415.8483602458855,6452.026343793785,6499.898489591942,6551.373223686645,6608.603286814388,6668.91299500388,6732.8013009214665,6800.397584234413,6869.165827003661,6940.553049223121,7015.915247742288,7090.996506328901,7154.644380042426,7234.947059433307,7320.188958793905,7399.468165987552,7491.775341791175,7582.386150266569,7672.7135248022005,7766.3803665089845,7857.191116790396
experiment_652,6172.214571949973,6261.086993617852,6341.086424587238,6424.335714245069,6511.707920246778,6582.398579218407,6652.992947322411,6722.008566514023,6791.376833174621,6857.669851867375,6922.377896792341,6984.368090936324,7045.030770705339,7100.943721190424,7158.354447558989,7213.561357106091,7266.843381360173,7317.399991691833,7366.254520595261,7408.609691375474,7452.443267029151,7493.6947908488,7532.23207740107,7568.110369872323,7601.0695075905405,7630.817367169455,7657.822132653177,7681.727444282329,7702.454315380755,7719.921331968012,7734.048696749115,7744.757655371954
experiment_653,6172.214571949973,6336.469879159367,6485.377675617871,6632.805321067085,6785.9272508425065,6918.104661628052,7040.462221668588,7161.162177165124,7272.278679670579,7383.198711720547,7489.2374082251845,7587.855842202654,7683.514243730802,7775.826757034718,7862.202093063892,7946.230667599753,8025.042515276654,8098.38302525361,8159.0231243512835,8223.549105266631,8284.747819961005,8340.281664865259,8224.658806568454,8289.138117973875,8330.709418973496,8367.616657765193,8403.304033904968,8436.000445980464,8465.173762194012,8490.266942078135,8513.164359670309,8526.468674426376
experiment_654,6172.214571949973,6206.832044965514,6232.193031492748,6261.441739392488,6298.999245207106,6320.458480473606,6342.976100678314,6366.51943951531,6399.3434832403655,6426.276867553707,6454.554809367282,6486.1412724061565,6520.911003892463,6558.956253659049,6599.837720801098,6645.120860968827,6693.552222263211,6746.228202898827,6803.283232247275,6863.157913986423,6922.8893965291145,6991.613784558871,7064.109296688715,7139.7571550114735,7216.623771835693,7294.52207022834,7377.842131758589,7458.2144383014365,7544.1407888690555,7632.550437212698,7718.612669161763,7801.576801065469
experiment_655,6172.214571949973,6198.165370984765,6227.2512513292295,6257.7729035054235,6297.2210046697455,6331.26835839512,6369.540404212765,6409.564062818499,6452.371649567987,6499.561613975484,6549.420504334874,6601.777702731749,6656.729781228687,6715.1432903499435,6775.685907144782,6838.261916972775,6905.628259673036,6973.559160591574,7042.316466010056,7118.387444384948,7192.311827030788,7273.525872003065,7351.865757042004,7438.729983797135,7530.763322842556,7625.315431164247,7723.755129384956,7825.4150801058095,7923.614162102315,8037.598559240541,8153.526139578575,8270.155536011953
experiment_656,6172.214571949973,6162.5506184885335,6146.508372337823,6137.126553433742,6137.764548290314,6128.781212312531,6123.842931789471,6127.897302535517,6134.7617463142415,6142.924388023539,6155.684920376987,6173.432621885943,6196.142172132203,6224.138945355475,6256.930906285123,6295.587370279125,6331.784551871596,6380.611654735816,6436.466770602799,6498.043688875144,6562.797276088504,6628.484811661136,6706.504529487401,6786.840995912293,6879.088734660752,6977.918581376597,7083.940050937663,7194.656517064713,7311.303885079259,7424.620338383138,7557.550745728146,7701.246839615946
experiment_657,6172.214571949973,6191.566403968467,6211.908997393138,6241.1078466165,6284.1958365880555,6317.426350998159,6359.030749367084,6406.5868356039955,6468.357436778711,6528.443475647715,6590.565952667444,6663.316806647466,6743.2921479914385,6830.320255334222,6924.137659799386,7023.19330819937,7134.553157241348,7254.189951266626,7379.502576087674,7519.847105373265,7666.878600056931,7827.472478814967,7899.953127116012,8081.874935513766,8268.645012042181,8476.912833783925,8699.895518329651,8933.200195543433,9186.63984240879,9510.878683635048,9752.308125443058,10068.663391775042
experiment_658,6172.214571949973,6116.126033074246,6060.6140875982765,6019.80613600072,5987.614067657593,5954.73560817514,5930.195916931157,5913.922479485727,5912.383013937921,5910.71665700594,5916.3607126974675,5929.831683095153,5951.325906211244,5980.728355678158,6018.6903961134385,6066.244305507191,6123.07901776576,6190.29994782812,6268.558738663503,6357.05150320372,6457.228150649893,6566.996632669121,6694.235165384242,6834.133015026122,6988.307935657449,7169.816913616152,7369.625959971823,7491.935995821202,7724.655063994103,7991.842959436961,8286.526717878936,8682.749120676526
experiment_659,6172.214571949973,6120.400964291524,6074.767566293579,6038.703229698551,6017.144034938485,5995.637546211559,5985.106718757261,5986.304567905661,6002.937004573227,6024.9700928968805,6057.601824335376,6101.5193551445955,6156.36023689378,6222.068213854771,6298.940671531263,6386.669540694504,6485.68303368244,6595.797743175871,6718.629744360424,6847.7094221893585,6995.095990792038,7149.047625378927,7315.289949131486,7499.468720764524,7699.108270112318,7913.8237451239675,7985.252671225438,8205.177172489268,8453.287107730912,8712.890668992237,8993.287000744587,9298.321367180728
experiment_660,6172.214571949973,6164.490219113353,6154.809132687577,6151.497975032223,6157.3305090547055,6164.033974433536,6172.946018114861,6188.9503457224455,6208.688236150394,6233.829011365086,6263.810191115388,6299.638525536359,6340.100233543379,6378.137586784959,6429.308908051458,6488.019269524113,6551.724582144965,6619.954952113088,6691.254845459656,6767.859448588201,6845.423868420468,6938.067154837372,7035.608720864405,7140.23456599529,7245.577254170392,7345.836866728582,7466.346575747493,7585.704212077049,7718.370891887795,7851.247892116959,7986.642011066627,8131.679857916034
experiment_661,6172.214571949973,6208.221368267387,6241.18396957376,6282.631139365572,6333.317692327153,6375.650562893517,6421.913683742965,6471.251505869366,6528.171929225564,6585.555905302674,6646.764712978882,6712.8629342904405,6783.811695647346,6852.8821398052805,6929.006022942534,7011.376760393407,7097.875762466238,7187.9781664489365,7279.078877847125,7377.983723243882,7480.409124158311,7580.71007340651,7689.819671744779,7804.116031949868,7923.78450936487,8047.678320202933,8174.376071203316,8296.315669020163,8430.961638718085,8417.133551623256,8548.942629307903,8689.49055401124
experiment_662,6172.214571949973,6194.3872785964795,6210.553196957483,6231.270591303046,6260.952852825036,6284.141342631205,6310.169006255546,6338.587255352777,6374.991764899416,6409.340052557873,6447.36294235503,6487.519546301428,6530.9842582316,6571.443096396607,6622.310165779223,6676.208477546197,6734.257813895094,6794.242913075459,6860.32300682385,6924.414478050053,6993.421116703592,7072.400307904151,7150.4399476907265,7235.956417660113,7328.488434974674,7424.576038969013,7525.107073471681,7624.375512385048,7748.194926992121,7867.9475731417315,7840.431596409987,7958.045210229799
experiment_663,6172.214571949973,6244.7505960380095,6306.923775764608,6370.718775560497,6434.028139457517,6483.788494796815,6531.730455247896,6577.5571588565945,6614.255700793576,6654.976282931637,6692.119614459762,6728.533183906837,6761.6081207732295,6792.567369395165,6814.154555774065,6841.637166420803,6864.896345949572,6887.115678722281,6906.878980174154,6924.928967853152,6940.909142180424,6954.866703099091,6966.808805970504,6974.89099158436,6982.437211522618,6988.203832752343,6991.849138171281,6993.496969697571,6992.75302058636,6989.687796837217,6984.258915697894,6976.370204775117
experiment_664,6172.214571949973,6211.349711614661,6246.870617207733,6289.388928352997,6345.292119658585,6390.0829401103765,6439.001302778313,6490.0376057235235,6544.286577200062,6605.35087868634,6670.264812031911,6737.18411412414,6810.670037810776,6881.700454628319,6963.866210292611,7050.52209590959,7140.018504841985,7236.217267616505,7336.340961866983,7439.356315514991,7546.419092089243,7664.480656862626,7787.23733900152,7905.967186617629,8036.845439775829,8171.668133882382,8311.46145705594,8309.584499687471,8440.796197562753,8594.294878454004,8754.911791126091,8919.196291303379
experiment_665,6172.214571949973,6193.578627223553,6213.831117760117,6231.950966287567,6259.185038016185,6273.4360520487835,6288.297289032273,6304.300706864859,6329.422060832483,6347.536518210796,6366.880682254078,6388.35486278059,6411.246104940095,6436.250801042261,6463.181099583807,6492.134852034103,6522.601879952618,6555.885674742232,6591.592506352732,6623.308515152941,6663.971404656664,6706.893602447125,6752.162806273227,6800.581521890848,6852.7323152688705,6903.408052047505,6959.570198469322,7022.521253856861,7085.235140439792,7150.627182772185,7224.439278555432,7304.587448114977
experiment_666,6172.214571949973,6167.119932881913,6158.483036729898,6158.59052959086,6169.059714356337,6172.932765717658,6182.201065995183,6200.486435097249,6220.161160371098,6243.405818203166,6271.631146353918,6304.228991375203,6331.856282946075,6368.751948701261,6412.849007742606,6459.6296221316425,6508.261112893858,6552.277103263426,6605.260441832204,6658.945423876488,6722.070617045047,6785.170532712371,6852.960475532889,6922.278742500828,6992.462094104138,7051.956160472651,6996.1216209453405,7062.731757618638,7129.567668309206,7202.725476444048,7281.213584833873,7360.093784159753
experiment_667,6172.214571949973,6135.179257658092,6102.228631327085,6075.247879322629,6062.086015439388,6047.961229808586,6042.647453427118,6045.508151805318,6061.6727263708435,6083.899401280986,6114.78001093331,6154.85097462744,6204.291681821197,6262.369214172511,6330.718437168485,6407.406593490814,6494.671949850139,6592.01070945432,6697.464598036469,6812.480854537625,6930.704852745719,7067.333602538985,7211.83150753764,7353.29927190536,7517.17004051382,7693.686353650222,7867.914164655793,8068.407714750607,8276.135015844266,8477.29723889033,8708.253551562368,8950.935133943276
experiment_668,6172.214571949973,6256.7366058654725,6335.072279266626,6415.638119957768,6499.025516531428,6573.047023103227,6645.779430295364,6719.18352625811,6773.1214559180435,6845.22935112515,6904.324649629336,6980.481954302963,7057.273966355411,7134.305559189003,7203.012490016204,7287.122554086289,7366.848128837129,7442.672710533476,7524.556897302065,7607.686863935704,7691.673391063067,7776.065309289206,7861.90857711463,7944.275683435703,8032.1057916624095,8123.785844889204,8217.421025602565,8313.240419594067,8410.475810960124,8513.481609487597,8617.185084970903,8720.656291134026
experiment_669,6172.214571949973,6173.960441605355,6171.20291383962,6173.5010581334745,6183.26247467867,6187.406055242713,6194.611711499379,6204.249223531416,6224.779403324375,6240.4398549966245,6257.330283089801,6276.944403173802,6298.838704069544,6323.301449543778,6349.608912543414,6378.80831345771,6411.105060672937,6446.158192246969,6483.984930591999,6524.307952117179,6567.923748128993,6614.544217402521,6664.365344555412,6717.379411175701,6773.166984469142,6833.3214039145305,6897.0965866298275,6964.395423530243,7036.282911953959,7113.2158341277855,7194.778619765619,7282.445973020496
experiment_670,6172.214571949973,6202.874000835805,6227.974001864972,6252.166165151008,6285.88013115638,6306.988334180309,6325.106881421294,6342.736186648954,6367.70074910791,6383.591931839435,6399.925902290965,6415.835387841707,6432.410340416886,6448.05506977511,6463.764290211575,6479.681252509425,6495.9070722561555,6512.624103033133,6529.987399864705,6548.330722208772,6567.478535865106,6587.799308546224,6608.444874174157,6631.410735006668,6655.6531750102395,6682.10806811845,6710.081660462107,6740.4187146905115,6772.866078096177,6802.095065826356,6838.506282454343,6877.699394653675
experiment_671,6172.214571949973,6178.885724567248,6182.015789174513,6193.969170026008,6215.082926463398,6230.652969254597,6257.118295416034,6282.67282695862,6316.409003415023,6351.286356336629,6390.774782620557,6435.167889684292,6484.118599300973,6537.646371385408,6594.388021813667,6655.443655609479,6713.483609239338,6782.251827701746,6855.345355057525,6931.057327921075,7003.633218829033,7080.343060189596,7168.353591399262,7260.437846770168,7357.567160298264,7454.695122623132,7546.811496221303,7658.661035709079,7768.879902852439,7887.898198530441,8010.647713763378,8134.456829648059
experiment_672,6172.214571949973,6267.054925658613,6355.204033201437,6450.231788408857,6553.034745778537,6642.899261174725,6734.215022461103,6826.379984203507,6931.065907391143,7024.456579785807,7119.780736850309,7214.13610964832,7312.527138776581,7411.876059183244,7511.9128377969555,7613.686169642792,7717.8777107189235,7823.951076434686,7931.302006915825,8040.657434177471,8152.059979862835,8263.067254222413,8378.126172635446,8494.865689344995,8615.259348915803,8737.507832381583,8858.992415313569,8986.397289956174,9117.498499868338,9250.825769628396,9387.444935787582,9526.02886222789
experiment_673,6172.214571949973,6146.608449741242,6114.686764903462,6097.100139045102,6083.662182132022,6062.024418348503,6045.569281154211,6033.923664048555,6031.676805669113,6030.237978525107,6034.007271118888,6042.841570177616,6056.851790459288,6076.244543858036,6101.037720404034,6131.123806043313,6166.95275281983,6208.253869938038,6255.364714216004,6306.963892130662,6362.1254789245795,6426.358444693369,6488.199920425865,6562.0859526734,6637.030545282001,6709.858422669258,6803.465949372551,6901.903302507004,7007.132386020074,7115.8045831505515,7215.540820914459,7330.905476290655
experiment_674,6172.214571949973,6254.864595289691,6327.523415921384,6400.350226829842,6470.755351561893,6528.1327313428665,6581.575164688375,6632.611472856792,6679.674407411423,6724.3446418780495,6765.808343093443,6804.618817052486,6837.096799431937,6871.338388718018,6902.362296903231,6930.71539213813,6956.124610641856,6980.115384064302,7002.0808776244885,7021.92365911174,7039.7667043436795,7055.660738668432,7069.607842064992,7081.7010299462045,7091.910761642641,7100.224617840223,7106.612034644132,7111.056846823229,7113.482961016311,7113.7024993488885,7111.6663005042465,7107.231123595409
experiment_675,6172.214571949973,6249.630125105996,6316.055135711129,6386.277946710696,6462.235615492839,6520.370335688212,6576.445432032617,6630.71380193014,6690.078690512583,6741.409883392926,6791.263930037147,6839.535016528587,6887.427906223687,6934.352027133762,6980.47452067674,7025.91405583473,7070.450301598414,7114.722194323074,7158.821293372779,7202.519503728123,7245.863003890045,7288.840124164079,7331.960060529478,7374.453223623475,7414.822918629612,7457.682597345405,7499.158769835767,7542.072984155253,7583.177108194261,7625.148715720185,7668.385083747255,7710.958102760881
experiment_676,6172.214571949973,6266.345884277864,6354.57309108309,6439.68852799293,6532.1257881509255,6614.104483064059,6693.822798531783,6770.331466904084,6833.476972335269,6909.867189320688,6989.066042264989,6938.464577585142,7005.229934005217,7080.348483091773,7156.626039292221,7229.212333092476,7300.828286281938,7378.909302768552,7457.888889300707,7524.749149925163,7603.730124935753,7683.442141486885,7765.243059361696,7841.982063718997,7926.793539003244,8010.795637917457,8097.71103153921,8172.563777979456,8261.236431310728,8351.064513422047,8449.328279227557,8546.992531125234
experiment_677,6172.214571949973,6227.247191574691,6280.955447684102,6341.835987212245,6411.9794534073,6475.731715085117,6542.173413224024,6611.725653587567,6688.841247151964,6762.693869108004,6838.31340382579,6916.811353160312,6996.548362353888,7076.530808754333,7155.6900781476415,7239.842852412782,7324.93972642864,7410.627803819016,7497.759737479563,7586.97826511841,7676.700968688583,7767.123408164038,7859.1869996029345,7953.204142743125,8045.835937720162,8137.646719711903,8235.59166399854,8334.594103130188,8436.859942978346,8539.866130478218,8645.728838771021,8754.583614142686
experiment_678,6172.214571949973,6246.647841266216,6315.395891367951,6389.121637832199,6468.062927208988,6534.69746517267,6603.15334811547,6672.427602064881,6756.598972197531,6827.208533765905,6899.621244051585,6974.110966721586,7050.587399963879,7128.405061090658,7209.115545990537,7292.0407868786315,7376.686495681028,7463.401237952103,7561.036007339372,7655.58861113212,7753.028394649862,7851.432727939151,7958.077980466045,7999.927428378472,8113.166095989653,8229.080038343789,8353.027797345487,8485.730336135417,8623.137234593869,8773.208361133144,8927.715630691982,9092.651751735297
experiment_679,6172.214571949973,6176.251811747279,6171.795211366938,6167.734337183043,6165.266552939112,6159.020503329968,6150.1405591111725,6141.21552029092,6132.218577305108,6121.752725496453,6111.529539712085,6103.032825326829,6093.835182511077,6085.325898820816,6078.012433648072,6071.591793077114,6066.877511724529,6063.317058406219,6061.318601971092,6060.986005822922,6062.797717889358,6066.713329577744,6072.408512514701,6080.927992806863,6092.190724402584,6105.775703548759,6121.791016827824,6140.73848021839,6162.577038899073,6187.056298541368,6214.852101289587,6243.9677319663615
experiment_680,6172.214571949973,6236.880114219629,6296.082997569052,6363.6039173240615,6442.110821064735,6507.296745367144,6576.314085019683,6649.789263507162,6740.418544374058,6821.252249919991,6909.339941700604,7002.620506923544,7102.961418822331,7209.557007563426,7321.453819000177,7440.196234171747,7568.5230586780035,7706.091961524901,7855.004503305041,8011.156957359388,8180.5404948478035,8357.45006981913,8551.707578320344,8757.120752346827,8980.250592648521,9219.75645347939,9477.619315506436,9631.63048093342,9937.591149911419,10198.5929410368,10505.055610839478,10856.171469645054
experiment_681,6172.214571949973,6200.682280417421,6237.166539518135,6278.051627343268,6328.047928717125,6376.324853534557,6427.7093319105825,6483.786183815487,6552.385673931562,6622.425683438348,6697.448505573797,6777.721626154348,6862.18182869153,6953.774248167808,7044.736651666752,7145.63183455225,7250.049301752837,7361.142180705187,7473.119129801025,7591.118656910703,7716.2702718723785,7848.208045342646,7987.884789728019,8131.212987234407,8280.238981432067,8430.173835672713,8586.651778808862,8751.20086067132,8906.320635694687,9087.557484257022,9272.948731345969,9461.10118119442
experiment_682,6172.214571949973,6210.1899346905375,6241.098973336687,6279.47567252825,6326.701181916427,6360.9178877380655,6397.193244567684,6433.2132120342285,6463.055075558065,6505.84245109383,6552.238756200421,6596.628530417591,6649.216830108877,6706.997880826014,6765.555546675152,6830.495209520655,6898.617949951711,6969.005635524136,7046.744187776627,7114.0793463378495,7199.688325273084,7288.176837544608,7246.8283030890125,7326.646526368632,7425.341039615434,7525.848382164833,7630.902505156053,7730.266849153157,7844.73371488987,7962.951773088834,8084.47767083137,8210.183021809746
experiment_683,6172.214571949973,6151.676557931758,6129.979057337586,6119.103549516586,6120.711967626665,6125.71438068122,6133.293782673526,6148.086796655908,6173.12790760334,6202.212669218648,6238.293084412408,6280.457069374386,6321.842234270478,6379.345013739246,6439.970699084782,6503.922243796456,6575.71146812356,6655.49014594174,6748.265847877225,6848.085046898202,6957.492939363854,7073.334977455643,7186.3865972645035,7315.675266700731,7326.36636881068,7461.07149990386,7618.559810246011,7777.991293988898,7961.826487732008,8161.005877021971,8378.014958279995,8616.595364345874
experiment_684,6172.214571949973,6192.759204772062,6216.277950387848,6243.144620953977,6274.560042892021,6303.2151197515905,6337.602100023903,6375.288116716532,6405.814585192953,6444.602671258866,6482.275545647775,6529.47205847964,6581.643840146513,6636.13311475013,6692.304763900275,6751.94129133239,6810.838559833854,6871.412490329264,6934.33203433306,6997.785839650159,7062.38183266574,7124.813016365788,7174.1909792712795,7238.002439815544,7304.138078529809,7369.808374946802,7428.539967660678,7496.851656216209,7561.299903043149,7623.227401574802,7685.038627831236,7745.145062451112
experiment_685,6172.214571949973,6274.452962537921,6365.932775762303,6459.559273762388,6558.870934313655,6640.030576092999,6719.160842422509,6795.175313328435,6874.329253223375,6945.902854739936,7014.328318217917,7077.072559976066,7141.41272335655,7203.22743891788,7262.225965793956,7319.135796504339,7369.669584552079,7421.9088256717405,7471.773125964708,7520.573535292007,7567.399292896328,7610.643623079427,7651.238303331218,7689.651982962209,7725.9706850469465,7759.252325566647,7790.800023303748,7820.431566346422,7848.813441310955,7875.533466750068,7901.470600892908,7924.441115256037
experiment_686,6172.214571949973,6205.671240180698,6235.648241994512,6270.055894306437,6309.892601592759,6340.604633030155,6372.9273991635255,6407.123679999332,6446.663250525363,6481.811085401051,6513.629239501007,6551.1780762212875,6589.570249046064,6631.42782139159,6674.839752788277,6719.3361037838295,6765.926295460656,6814.27183833814,6864.529067343101,6916.638867184704,6970.851151684183,7027.37889063685,7086.447857224364,7148.058257078485,7212.46818349079,7279.874306133837,7350.472202961138,7424.388186605292,7501.991479318707,7582.666226903104,7668.177872156397,7758.0142516243095
experiment_687,6172.214571949973,6270.2903034901765,6356.857971115923,6443.676526698365,6529.775051789263,6598.869892409221,6664.66950393755,6727.0690788151305,6795.479465872697,6852.58486037568,6903.289703527915,6955.177086289242,7005.623091359851,7054.036595408651,7100.61334122285,7145.090185397823,7188.160019234255,7229.857236096562,7270.046069599561,7309.058540591708,7346.125941874795,7382.876256266819,7418.334253431546,7452.013459552013,7485.290683858675,7518.032230051325,7549.158603682416,7579.042508990289,7606.468741153378,7634.10981933222,7657.899675454199,7682.450019568201
experiment_688,6172.214571949973,6191.71419142611,6209.256487302597,6231.980917274112,6265.557191294249,6284.086245883438,6306.202992951326,6332.155946829482,6369.782141329222,6402.204236649899,6433.559375449133,6474.409692105473,6519.0901596414815,6567.282396190807,6619.068836275328,6675.115204760887,6734.129414044435,6797.324838690853,6864.835193708128,6929.698247464221,7005.371607211264,7085.273646414725,7167.480645548459,7251.649528978178,7339.717875221391,7436.313339580658,7536.464280482309,7641.579409743957,7750.3228756008075,7865.376253861966,7990.552648488878,8111.064061077261
experiment_689,6172.214571949973,6261.42998458568,6346.279380552315,6437.506667655612,6534.9866884242865,6622.76457522475,6712.778360206561,6805.0208123623015,6905.835732621362,7003.049584179977,7101.216032773005,7198.999233174695,7303.565568246258,7410.095119480383,7518.6309556942615,7629.893221001088,7744.834525020783,7861.53465144297,7980.647007516298,8102.813359486947,8228.384022566564,8354.155992687933,8482.064101850803,8613.336846553462,8743.993863139985,8878.734704551696,9015.427030545594,9152.30124222481,9290.931346551206,9430.001154466292,9568.172188598362,9704.89148538109
experiment_690,6172.214571949973,6211.4255498657785,6244.68929778178,6281.939091425974,6323.836927915623,6355.526923688314,6387.568638170054,6417.161661432852,6424.580327836273,6459.489461108555,6493.187849656026,6529.217773565339,6568.35556425179,6608.281120772864,6649.641411200648,6692.055891475984,6736.300499369716,6783.741998447229,6833.614547781444,6885.08733936361,6936.783465098495,6978.556599708932,7034.163953809763,7094.565076840383,7151.666843766798,7214.317842584169,7284.965469117107,7357.123153233924,7429.427744951328,7505.068146567575,7582.095614734065,7660.001174267295
experiment_691,6172.214571949973,6338.301816796375,6493.314385435555,6656.4090698044565,6829.249729974439,6985.62388785129,7140.277482167578,7245.395847429132,7398.002037454031,7552.0106061033675,7703.821137690099,7852.845569744338,8001.912594503932,8154.419754509061,8305.95338465209,8453.451571793457,8615.593685474862,8767.127461692473,8916.897589886823,9065.41010021728,9212.438790068685,9363.020588139832,9508.834319233363,9650.316209712488,9749.010963555074,9877.473388547089,10008.917221410633,10144.449406294032,10268.906775653471,10402.112250697719,10532.950401785865,10663.966533282874
experiment_692,6172.214571949973,6231.220200642946,6283.7294146873255,6339.552318651293,6400.973562824168,6448.517150974873,6496.06445333149,6541.851084434897,6594.338884743247,6639.016016967626,6681.841059663788,6723.85807773072,6765.164640561224,6804.824179860352,6844.058058428625,6882.110421764803,6919.016518970275,6954.790464321505,6989.379914171268,7023.004908506438,7055.613685407729,7087.180725371016,7117.471318074991,7147.4664189119285,7176.604804816812,7202.719896506231,7230.251992302674,7257.176906201679,7281.906498866019,7307.946800297956,7333.43839870332,7358.505794961055
experiment_693,6172.214571949973,6220.336905809723,6269.611673800504,6329.73303637512,6402.704700818167,6472.478250238637,6549.628257590833,6633.884895797184,6734.690540959412,6835.451015436422,6943.879258329636,7059.114229410054,7185.56256004963,7320.751412892992,7466.2645573658265,7622.345752857,7787.365001940992,7965.159766743766,8153.341290166085,8351.570480338505,8565.030879226983,8710.432616875727,8947.129882037923,9198.628427908297,9475.20659591045,9758.451070645768,10055.531308922396,10324.371163185537,10654.15246136782,10986.518090408896,11341.56681842663,11727.822462995693
experiment_694,6172.214571949973,6252.388303175576,6329.201321293173,6412.102819030686,6499.679162629714,6580.548170836508,6664.4806758679915,6749.088701141963,6815.059357671405,6905.543486360722,6980.934987951128,7071.550939442032,7166.861496856283,7256.361437175032,7355.956383569292,7462.346377785422,7566.396870157344,7665.5966394639345,7772.247669661669,7874.397702861714,7982.280900661024,8094.246000624577,8206.84147976202,8320.781955782575,8145.318923553732,8254.367053367585,8364.681986353009,8559.02237679383,8690.739692286636,8813.593969262343,8937.397498038117,9057.852130600917
experiment_695,6172.214571949973,6208.520949962609,6242.262389104891,6286.251993705981,6341.805221498389,6389.244921261983,6441.027253548027,6498.258517027183,6568.485618056693,6633.118372331919,6704.418665207439,6779.620570811643,6859.554111753921,6944.481096514383,7034.1180771364225,7126.557331329249,7224.623154219566,7324.77778216868,7432.049734924853,7543.269932471056,7659.183839679336,7780.726904684732,7907.290484674084,8038.419960556954,8172.860748458261,8313.4815134459,8458.62321516694,8610.62769059965,8763.89446150326,8926.527901372505,9093.648439148747,9267.742796797445
experiment_696,6172.214571949973,6295.457003163987,6411.612100210276,6530.475591631763,6659.4108083863875,6768.432137789842,6876.786835669853,6984.796098361909,7093.6471978999525,7202.588657170211,7311.055171711192,7414.665638371875,7522.267067817714,7625.262360586848,7733.155861881432,7837.328569544795,7940.677379739071,8046.610176809666,8151.945695724884,8137.712348614871,8238.198062604564,8329.090624763441,8429.10359945455,8526.171776135527,8626.234766441434,8724.292797292597,8820.850297653571,8916.874453390248,9005.702312387159,9108.388738220667,9210.002706156563,9313.701584985454
experiment_697,6172.214571949973,6276.5931383808565,6370.560442607648,6460.652972495378,6552.987121108004,6628.325747577992,6700.1082797077215,6767.859283957293,6816.648839247528,6876.454657780028,6931.847782146249,6984.130433547998,7032.853086316294,7078.338942133854,7120.378166225577,7158.929682820426,7194.259340809892,7226.15845108917,7254.6747237119525,7279.553094157274,7301.3878505803,7319.909445211202,7335.454996524759,7345.373506969071,7353.996383361504,7359.374419743535,7361.017865372023,7359.146218036791,7353.5733017041675,7344.516523516284,7333.477771724751,7316.8498009689565
experiment_698,6172.214571949973,6164.275585743239,6155.91667131679,6162.284173010338,6184.387918862001,6196.348550625946,6218.151279954656,6249.657813188248,6297.450219877563,6348.300412295682,6409.55294037828,6479.8426888376325,6560.614185721908,6652.180604820884,6756.30687958477,6872.145837319895,6999.800717370108,7142.7229756244415,7300.212571190581,7472.978778891791,7613.045831107033,7814.626408590655,8035.049910675585,8276.18821707054,8538.667494749461,8827.28872829999,9136.274050156986,9476.483115324148,9803.005411837526,10193.684451807989,10610.750254244285,11066.563043336653
experiment_699,6172.214571949973,6178.910938923477,6181.046073779878,6190.863685007502,6210.9269095127975,6224.27331182016,6240.825844849593,6261.7849064497495,6290.84850707833,6318.898214997174,6349.708628975948,6382.976022702371,6420.97204977033,6460.76169293894,6499.498669221566,6547.17258241538,6597.418578244007,6651.6049575033485,6706.898260707823,6767.3628225891,6825.697962636539,6887.99118810256,6959.130680413411,7033.914153135216,7105.862281355029,7186.255919746653,7271.605097704636,7361.0288081734125,7451.585499548509,7548.241827129312,7642.85442974478,7755.986702594859
experiment_700,6172.214571949973,6257.484686228181,6337.408666938754,6421.265836063975,6505.82253679068,6581.242000408678,6655.664700196405,6730.234011990082,6798.537937213727,6872.41579433808,6938.750516037926,7008.468085885639,7078.543376891641,7145.477858422966,7213.015578929485,7280.259502682495,7345.877500914179,7409.25904908669,7472.950965174339,7533.972763912253,7599.053780506719,7663.616157132834,7721.104390801591,7784.185281894543,7714.964912405947,7776.1968042195485,7831.087051581439,7890.839869365658,7952.822276469087,8005.515487313174,8066.075917710641,8131.021887611296
experiment_701,6172.214571949973,6117.921899911457,6060.796399104209,6018.171008512169,5981.301791201927,5942.710070638896,5910.994368984933,5885.671609028068,5867.995599512546,5855.091208146059,5846.442964697347,5842.207694381851,5843.346266686931,5849.675435625182,5861.041810853243,5877.461687752917,5896.1967710903955,5922.628043938753,5954.052268851883,5990.508936646076,6033.154309471277,6079.289030689059,6129.512082446286,6185.611216523537,6247.8278773119655,6314.685856326256,6387.109510070988,6464.747126519689,6547.985476987906,6630.84230390841,6726.107439898349,6824.816343976618
experiment_702,6172.214571949973,6219.634709027562,6262.753298193871,6308.811474243486,6360.594708964911,6401.665741858204,6441.677060961407,6482.473296058288,6526.437145880525,6566.187109269819,6605.988806598263,6645.016554954109,6683.664181649214,6721.468759005085,6760.177799592175,6798.860811433873,6837.343604447697,6870.366960005185,6908.367074018794,6944.219786959129,6981.803255861352,7019.816164105789,7057.918462570829,7095.910794856124,7133.109821739771,7171.7705562668,7207.796990128409,7247.226765717147,7288.025265395198,7325.219274012405,7367.679773881186,7409.0885636173425
experiment_703,6172.214571949973,6289.361256434413,6397.703063681038,6504.859654145333,6617.857420569266,6720.244779246003,6818.966130934578,6916.645568881579,6998.623213333222,7094.317127116325,7189.062701550605,7283.216377464113,7372.114638538516,7464.761627921509,7558.873482623825,7642.2731068286985,7736.930982579141,7836.569574383221,7933.451459077643,8025.586902182686,8118.57050128807,8215.060989035694,8311.50785322717,8384.682264488043,8480.863873724991,8578.097446405369,8677.729265127216,8783.380255914912,8656.476686143,8746.045324747975,8872.28153990416,8964.901852393246
experiment_704,6172.214571949973,6151.496579140036,6129.884893553139,6122.985325559734,6132.1574213608765,6134.550206868455,6146.624107100454,6167.24745663563,6207.943266098064,6247.504580482395,6296.781033071369,6353.669229684602,6418.348694807124,6493.4749683294285,6576.035217521156,6667.678201122804,6761.343589278291,6869.257350522733,6985.2706190442705,7105.336146527703,7236.424698236726,7378.18614690687,7529.369778877289,7679.13935724557,7845.575373931781,8024.962065323418,8213.233002292849,8416.35525113182,8616.348335035036,8834.39674785352,9054.426529207078,9302.565137337213
experiment_705,6172.214571949973,6189.992969413628,6209.229802033384,6227.406993030438,6250.60055939287,6268.219240217408,6285.93885072477,6305.101874647389,6327.7059529371945,6351.141849407442,6376.132079764673,6402.385158672883,6428.861625725023,6454.210739764532,6486.828644880647,6518.889024101534,6553.475319073128,6592.277839977904,6627.378507148773,6671.3954542546335,6717.540009233046,6764.7893165987925,6816.149612393599,6869.536326417842,6923.311700953839,6982.962526574946,6909.868366072989,6971.846044869497,7035.84081815118,7099.093542688241,7162.875317796629,7223.2615236693
experiment_706,6172.214571949973,6183.654637896341,6184.962434781486,6189.064119794799,6199.126969173211,6194.226524422673,6197.02650031896,6194.181983395172,6195.176622870847,6196.031280755991,6199.517528142824,6203.63870545731,6209.878005567776,6217.911880518312,6228.370814387989,6241.237730508907,6256.4423054987055,6273.260769530479,6293.284799743701,6315.9567337542285,6340.194945896993,6367.7053740757965,6396.520437341051,6427.850098788613,6462.354354119927,6498.305908323569,6528.909111973436,6568.322207962165,6609.889778504076,6647.317842718845,6686.822582096142,6723.596693963305
experiment_707,6172.214571949973,6145.655688849363,6119.844451113988,6108.588342182655,6114.001779185693,6112.046403161707,6120.52902830656,6138.957360159971,6180.664917797581,6219.828270381339,6269.573384180814,6329.75182336223,6400.088786848553,6482.168431097186,6575.3493124859815,6680.510801909524,6798.125155432745,6927.5474366385915,7069.869307331281,7229.219799178082,7400.306544734864,7588.623914355081,7796.401828166232,8022.168908078812,8265.095301900537,8528.030089287806,8815.881366171921,9126.776355447102,9369.232929920927,9738.047536055237,10123.348782119894,10474.98810521918
experiment_708,6172.214571949973,6159.388731685225,6140.399092643073,6132.082200575809,6141.877734477003,6138.585750794765,6142.036409428807,6152.53264100939,6177.207956385291,6201.515666633151,6233.003748480627,6271.904569628585,6317.65412336971,6371.822321803183,6433.410623229967,6503.731068444192,6582.1491792246,6669.632855051089,6766.261514063663,6871.084994096761,6985.47771984732,7110.798254153927,7242.399018893484,7389.60827534151,7543.56180415213,7710.031484353502,7893.707025933412,8085.974042399822,8291.068769073612,8516.10565317295,8756.115380836773,8999.667412994502
experiment_709,6172.214571949973,6176.851740875581,6178.216704099092,6181.769895659127,6186.529163123441,6191.296442782648,6199.521932589045,6206.120936168543,6207.245608737322,6218.770263149224,6232.35486932409,6248.155670096601,6267.184539299133,6288.840588089959,6312.271717270425,6337.619946476594,6368.446781829016,6401.881424614021,6439.17966245198,6479.828272984894,6523.674438426529,6570.108451898477,6620.341637430868,6671.623384683392,6724.155921929574,6774.518651762208,6831.853763686915,6897.689070294571,6966.033745754264,7036.9693552775225,7109.771870190019,7185.750179884044
experiment_710,6172.214571949973,6269.2663462497785,6356.906129403553,6444.158912887233,6534.730954894318,6609.626039505019,6683.572336243437,6755.134789074808,6811.533266397279,6879.91490829329,6948.177097288991,7014.514036974451,7081.313101254077,7147.546781944474,7209.9893310158495,7274.45256530064,7338.434571665779,7399.228751683738,7449.708162928355,7510.998645672942,7580.6497688611325,7639.035245227761,7696.564530099587,7758.657297580956,7802.635069263572,7682.936040391185,7736.017479627935,7787.723428392639,7874.138321539589,7924.899327145085,7973.642578409928,8021.948217953788
experiment_711,6172.214571949973,6247.0290935516705,6316.8980245118055,6391.938024035758,6473.432369557536,6545.894051742014,6618.006033450429,6689.115423357662,6766.514747115947,6835.715339093515,6905.364677026084,6974.237409576385,7042.074421498299,7109.525371876873,7176.060632559169,7241.482524813597,7303.629926025239,7366.9229703254905,7426.980162325197,7489.1696616512145,7549.952654174134,7610.978936265263,7672.423944424951,7734.591784848129,7796.424985036741,7859.20894393351,7923.65531658189,7989.607343950509,8051.77558239576,8120.671800174725,8192.488135440899,8268.169384473884
experiment_712,6172.214571949973,6209.9017565126605,6240.976264899302,6278.744479970823,6324.189231877894,6356.504457087947,6391.216419282286,6428.8474406617315,6482.178610128034,6526.4562283373025,6573.805188556542,6624.850249920374,6680.949646267853,6741.429996626857,6804.956358421662,6874.577844956241,6949.402122357108,7030.101966925998,7116.536083510819,7208.348060984532,7304.941022174793,7409.040857211248,7517.405035736111,7633.691008722955,7757.006418024161,7888.179072920779,8026.234429991719,8170.974044235781,8323.518926191007,8484.88268714066,8650.047507976811,8825.755006612744
experiment_713,6172.214571949973,6155.281402387538,6133.839004126903,6129.973965432393,6132.162634945106,6126.464286814149,6127.978537568482,6135.295921196415,6152.648142061359,6172.355690492503,6197.735378095313,6228.554339547711,6264.849557149105,6305.617868410729,6352.224691290881,6403.222362707227,6460.142263817065,6520.63582239794,6587.293186722347,6658.019438392794,6734.189507143912,6807.400497553636,6892.97635410684,6984.049240780144,7070.372135264764,7164.098698621583,7266.13765474104,7375.921847844249,7488.7380265634065,7610.264923832526,7725.323514046031,7853.017081296664
experiment_714,6172.214571949973,6331.842344311481,6473.523976355693,6617.507777069467,6763.351845738266,6886.440989726697,7008.605488743251,7120.794002107624,7193.915601172884,7182.536675118074,7270.063137215045,7352.39143990083,7425.886162091599,7492.4066855616875,7554.642411303404,7608.771715010604,7650.901646228593,7690.101501736453,7722.206616264681,7746.941955726854,7764.317482921255,7774.3361780658215,7776.4945489896145,7771.863623551102,7760.650285477361,7745.885650227219,7719.451902614328,7686.403524812197,7647.002203347562,7744.014165377059,7686.001037741799,7615.9318707237835
experiment_715,6172.214571949973,6174.495953126386,6179.842933470455,6195.325645056568,6226.161714303878,6247.679884525186,6275.912880293657,6309.327183870019,6362.339122640798,6414.444076841037,6472.853411333254,6538.0807364314405,6612.792787916261,6686.5681081850835,6775.127485510669,6870.2434425060765,6972.640571833402,7076.883776835359,7186.284965442068,7306.78969872533,7433.279169176192,7564.408868002926,7699.957437549641,7844.2142956483285,7991.044320265402,8147.17664026262,8306.951626560964,8462.980038393493,8632.007145514906,8799.322994561571,8974.494618759807,9155.351014216963
experiment_716,6172.214571949973,6153.366025614642,6133.251426237282,6123.858273777726,6128.062958881834,6127.175074079174,6132.471994962927,6143.728219404068,6170.160080718859,6193.835256334916,6223.965008233481,6260.152976503208,6302.432938801478,6350.9398397041,6403.44852045138,6464.308747635242,6530.153082473385,6603.157553985833,6680.442671976674,6764.3111173636935,6856.745459124771,6956.860054521773,7062.810701928832,7173.832371750286,7296.323470168695,7426.805585669228,7561.888228349377,7710.616698306939,7866.087974945355,8031.403301811903,8209.727594043645,8397.23868273673
experiment_717,6172.214571949973,6237.352659388361,6294.711537024434,6359.007275664996,6430.134619341106,6482.953653230767,6539.0578030839,6596.173980830729,6661.144581852594,6721.129355583356,6778.262139942806,6841.243707421654,6906.167637886923,6973.002531917142,7041.391275732762,7110.521866139385,7182.285449468563,7255.567686463968,7326.151050290173,7402.908098359736,7481.357694768423,7562.411623280244,7641.952859519074,7725.937595285423,7811.099096970687,7897.947256412731,7986.541234590677,8078.0207835084275,8170.91520230392,8265.09110478075,8360.25032374354,8459.953933061235
experiment_718,6172.214571949973,6200.555218412258,6223.584831734075,6252.99563105505,6290.804032989188,6323.933364193374,6361.179216412882,6400.987851944151,6450.343387973493,6498.781660978078,6550.88723590988,6606.390913405583,6665.481809736933,6727.861503206575,6793.128638061507,6861.065165242626,6925.232968364738,6998.7751506318955,7076.063856374172,7155.7362307233825,7237.804965431495,7319.724675333646,7405.955611133119,7492.590100080084,7577.878305900183,7660.984959942184,7752.98711207174,7840.995103846604,7936.621226565087,8035.810343760568,8133.708636515939,8221.58645260831
experiment_719,6172.214571949973,6172.588217335577,6166.043943170824,6164.716721136623,6174.838573361927,6172.410029727718,6173.117483387332,6175.840405157456,6184.254258156512,6191.639924064876,6201.057453208683,6212.812779991629,6226.819671472341,6243.161317457884,6261.879595726266,6282.3884748827895,6306.334238892814,6332.927268536099,6361.235195949925,6393.669520523223,6429.2308728405915,6467.772302731484,6508.749824930792,6554.314065359949,6603.1807610499045,6656.235635237652,6706.466703688957,6765.938950931133,6825.951130465983,6890.247184601832,6967.643148237681,7051.511421252182
experiment_720,6172.214571949973,6295.902140356269,6407.343396803937,6522.696349131691,6646.412018197168,6746.638830219614,6845.637473419494,6942.824298668128,7048.188152514951,7142.6938304239175,7236.42023259254,7328.871211613145,7421.097682332607,7513.453835607188,7605.913048389605,7697.193071956828,7788.844412162736,7878.91418674377,7970.845256216713,8062.350102199174,8154.490617859798,8246.482979415425,8338.562390899282,8364.130137440574,8456.41513636846,8555.87793707959,8649.74752746393,8744.577340884609,8842.237044019375,8937.664923669996,9035.073278367337,9136.377271108648
experiment_721,6172.214571949973,6224.538403729915,6267.9026940041385,6315.163030615495,6368.6966266955915,6404.909068846524,6438.570507379545,6474.320217543907,6514.242019880132,6549.430449789864,6585.78665359713,6622.038288376998,6659.628724528212,6692.199265310782,6731.271346086296,6769.342856614962,6810.319772329216,6852.970497070746,6896.565570172783,6941.319464192427,6986.986557043427,7030.173351200005,7077.050888600962,7121.6086027418205,7171.428391817999,7221.4927091489135,7272.778650699147,7323.477380964852,7375.737573386121,7428.007903503492,7480.54372206852,7533.0743100468435
experiment_722,6172.214571949973,6127.958518992424,6080.674308118379,6047.6571657991735,6023.965930751396,5997.060580618876,5977.135893891711,5964.057355061303,5961.184966228389,5961.818446729456,5968.239406844154,5981.382525592695,6001.649633391413,6029.120464352855,6064.229087481507,6106.5951848165405,6157.481028817786,6215.299206850909,6283.549734760962,6360.278207295211,6446.980433782239,6544.333645161796,6652.0514355233245,6771.060391228217,6897.635111045944,7042.301867934257,7194.935179732329,7367.157258476556,7555.278809264577,7757.383898989903,7872.053463941433,8100.864161566453
experiment_723,6172.214571949973,6224.337389721593,6266.403804906888,6308.939230228779,6354.677169832503,6386.7388704069745,6415.274897215547,6439.662904644781,6468.468275997632,6487.610301129605,6503.807470440923,6516.53548804572,6527.145173679692,6535.021565440857,6546.4087693132315,6549.311627556861,6549.807961429226,6548.43047191076,6544.859780295173,6539.034940025786,6531.952445741379,6521.924426046491,6510.285339848476,6498.110222216978,6483.07920919965,6466.62014269946,6448.576560319754,6429.102417251235,6408.199213873855,6385.976648695294,6363.054631081991,6338.517528608632
experiment_724,6172.214571949973,6264.117237220201,6349.714105980465,6436.803565003323,6524.702132547307,6600.464951367019,6675.435980347696,6748.713558598121,6826.005416258618,6895.711838057864,6962.01697821766,7028.2626744774225,7094.724089415485,7160.357400703031,7224.848842627282,7287.01663724215,7349.2571805922835,7409.7438057125055,7470.6166214343575,7530.172676726365,7588.64968413858,7645.778355688803,7698.722629954577,7754.847847517366,7810.103823263904,7865.888487347179,7920.80484907653,7969.864555618149,8023.482458550239,8073.188513157234,8124.62269709764,8173.3855411362465
experiment_725,6172.214571949973,6143.23975797707,6118.106059099835,6108.378774499679,6115.047252245653,6119.654997266931,6135.573861881674,6162.458840069639,6212.912682080645,6261.129343851193,6320.109444054851,6388.628420542228,6469.116769945134,6559.850267069563,6661.834639392389,6775.921391942726,6900.72190826774,7037.047123142267,7189.301960246077,7352.545723919286,7531.3849747212425,7728.066946353204,7941.212143176971,8170.933655897756,8417.53180541271,8687.930602807235,8979.386601480843,9296.320053868909,9656.857845029741,10026.828797023049,10270.391579472362,10663.801524923994
experiment_726,6172.214571949973,6153.219177023161,6137.550761185781,6133.802044018657,6143.760693054659,6154.338892562875,6173.2201936839865,6201.232085849311,6246.918437838606,6291.698220086715,6345.68740322064,6407.967958244013,6479.270277539606,6556.809620436748,6647.004393619411,6746.127090067736,6855.23831835111,6972.863609383812,7103.367237585165,7244.48257508636,7399.083599466465,7564.850096496776,7678.276426870032,7861.959335623498,8073.814335032201,8288.971786421453,8525.404239450421,8777.46918515988,9046.825881805913,9339.662713315527,9609.182728796597,9922.224593149338
experiment_727,6172.214571949973,6233.907418296896,6293.797458011185,6363.091002012718,6441.346275300006,6509.580017529068,6582.979018439808,6661.028553888822,6746.812105917734,6833.805889188124,6923.488956897241,7014.053570441238,7108.235261926849,7209.750098187739,7316.789226564468,7428.221534865899,7537.634302622623,7553.975815022536,7670.190011168093,7791.593512027148,7908.877612692649,8036.330041457019,8169.7520729793705,8306.305470666599,8440.028802793462,8586.87048492733,8740.842791923405,8928.908083950599,9109.59122779756,9280.071335907123,9387.550394203308,9576.800003208062
experiment_728,6172.214571949973,6241.565619058593,6298.762608811425,6356.961754027794,6410.807241476047,6454.314102000989,6495.832986894251,6533.409406615772,6545.5056929362645,6577.344614053009,6608.024954351518,6635.566346557289,6661.928899281024,6686.381939749472,6709.115244282215,6730.284697516232,6750.0227544871905,6768.630688607134,6785.928833457383,6802.127148762566,6817.360704316492,6831.721175595698,6845.079940330109,6858.028808000552,6870.226883278587,6881.824477233133,6892.867864273652,6903.386849038597,6913.4073087732795,6922.942991372358,6931.995399704887,6940.556611415217
experiment_729,6172.214571949973,6159.586563641743,6145.443415335538,6145.617496755392,6161.349799182301,6171.823632025289,6192.094081251998,6221.5192079069775,6259.699128026983,6308.963340095718,6367.626911323751,6433.3879570139725,6503.38411088722,6577.100618047442,6671.0049364272,6775.283869383993,6888.362734063387,7009.606907350345,7137.741406405836,7260.264749795716,7406.938823877818,7557.76648923388,7723.460967608993,7894.608473113057,8071.725328640277,8262.398699551613,8444.088872839093,8656.46789512326,8882.826627587116,8927.712307743446,9177.234431117475,9451.873733397792
experiment_730,6172.214571949973,6161.198997198617,6153.911387466644,6163.020827063801,6190.2423874018605,6218.187375982044,6255.235025101698,6305.772591750821,6375.680447885459,6449.502158300265,6532.7110468817955,6627.9215132423615,6737.098995499845,6858.97866242136,6993.097945906811,7138.840481751637,7300.952490298776,7478.157947348671,7671.314284425002,7879.649239405459,8030.05191991708,8262.388537333121,8521.296278346314,8797.454760190216,9095.978070067567,9417.66012567505,9762.517819488578,10129.73985342026,10451.46876785535,10905.76325477799,11347.741103644115,11839.128369077813
experiment_731,6172.214571949973,6194.324307283145,6214.560144184273,6248.2586883180775,6296.479201008467,6339.427139423769,6390.085646621928,6447.5451597696965,6523.763024756869,6596.426873191489,6675.799451847932,6763.115461059491,6856.9190694937615,6960.413479809828,7069.620395536429,7190.252614504385,7317.651808512249,7456.268475043013,7601.759858684782,7760.0287593390385,7931.841085352865,8114.385148107809,8307.255319758015,8514.153247106073,8734.847260283761,8872.534748110023,9120.486502265707,9387.164849638331,9671.34277853878,9976.74599848302,10257.571113937169,10587.613853038009
experiment_732,6172.214571949973,6185.439417478867,6193.465987101663,6207.106635936554,6228.949042494291,6243.37536907402,6261.5625054364555,6283.7737716085085,6316.368095149375,6347.064963333052,6380.505028156893,6419.653250180656,6463.715191276371,6512.939370595119,6565.8531758725785,6624.229060025826,6688.261253743831,6756.956333049917,6824.910985010086,6904.079087876293,6989.07033052361,7079.410589893842,7170.052581352468,7268.4776712613375,7374.7910499790305,7484.022740826483,7599.531782010243,7716.869239620708,7844.936127204511,7978.825120056712,8116.331319861937,8258.346093619337
experiment_733,6172.214571949973,6172.214571949973,6168.75043772861,6175.223628525621,6194.198453535275,6209.446628826522,6229.971860390958,6255.847008657622,6288.257469351642,6323.800646694404,6364.5261685358155,6410.128898158484,6459.695499620329,6514.4281111212,6575.755247020914,6633.165850212246,6704.298110838319,6778.629796194063,6860.389701508795,6940.3557641534535,7032.419508080562,7128.15959331696,7229.768774433844,7338.160872411707,7449.680477022251,7565.448921125726,7693.604474469025,7819.542163863969,7957.222678904776,8099.117108638912,8246.891036082317,8402.773704978674
experiment_734,6172.214571949973,6218.628297043009,6264.7432393997115,6308.6761665088525,6361.193679468169,6404.5800720764255,6450.414879864695,6496.503524501099,6552.999182437896,6603.766127454692,6656.979828266241,6710.857125907148,6767.4748927877445,6827.60214096627,6890.457744819218,6951.318846709464,7017.355782415616,7089.947860057752,7165.943387986865,7236.685877196854,7320.062477155233,7405.92953249227,7495.057606770589,7591.403332478887,7689.967146383977,7794.818907307186,7903.711899761905,8021.8500243028975,8139.543092875554,8100.111805725721,8223.32873300591,8357.268804753174
experiment_735,6172.214571949973,6233.089160008867,6288.281729413289,6346.380531193021,6409.921417081368,6462.119178057567,6515.414028239799,6569.573441607178,6635.552983840414,6692.487484418892,6751.15276994359,6811.7869702121225,6873.625121047404,6939.697870292352,7007.869984341558,7078.931224137423,7154.280294448662,7233.75306150436,7317.098134127014,7402.027422853885,7493.406798552745,7586.465064175781,7685.433760936393,7789.318900420154,7899.274047493661,8013.036961778849,8129.990710312417,8252.728421447298,8376.159478851756,8506.269843596865,8642.771346906085,8783.794471605044
experiment_736,6172.214571949973,6218.754733661764,6261.719414137808,6311.01548572866,6370.291539972621,6421.399875988882,6473.907585259382,6528.342138341553,6564.84578287662,6626.417559859275,6688.931425657163,6753.895282498234,6822.191789228091,6893.129557309521,6948.640602270924,7024.058167170973,7102.965670696962,7171.838659370597,7255.184664840497,7344.409682814661,7435.48323101612,7528.043310995972,7623.866076431588,7720.832940615249,7820.234234237537,7648.024027375253,7830.660652371787,7944.78476395056,8059.564518282206,8177.323606812591,8299.28057288207,8421.772423308745
experiment_737,6172.214571949973,6167.147608080434,6153.490181775816,6145.723564615113,6146.365410738275,6131.708742178838,6119.56885997582,6109.306626883454,6107.6179997385725,6101.430063177093,6097.695569037458,6095.995623309182,6096.767471100502,6099.990895870011,6106.149586461891,6115.757333694863,6127.054866090508,6141.197923353783,6158.454031645044,6178.653281159514,6202.130157601594,6228.892552899584,6259.082389849584,6292.380272455281,6328.239253933394,6368.805639235434,6413.5413861520665,6462.165651436698,6514.366068170884,6571.028518896298,6631.636398932669,6696.208355222021
experiment_738,6172.214571949973,6177.001829617457,6179.073711659374,6187.550541904644,6203.9149010721385,6218.093633942,6236.413632939053,6258.018431669735,6290.93844755164,6319.988939344373,6351.466054530001,6386.2837447414,6425.521787207007,6467.508849362082,6512.90044229069,6561.340160877557,6613.192915469646,6661.9953874020275,6720.1908148307675,6781.02395652587,6844.301886334531,6911.324465385922,6981.93235072262,7049.730191599494,7123.259546029673,7201.849297676539,7282.531199792182,7359.282198595574,7446.151391458217,7535.345116363178,7625.900782191241,7718.723505500132
experiment_739,6172.214571949973,6253.906948349835,6329.51189701348,6412.998657506707,6504.122273696354,6580.945761145349,6658.864511093632,6738.270257683433,6829.316070872097,6909.152302473107,6987.5189185211,7065.721366863228,7144.091611784172,7221.817365559626,7298.152804537363,7374.006283908899,7448.275311484791,7522.104438060976,7595.278382660009,7666.866860548787,7737.415763094938,7806.623599104536,7875.6412380634465,7944.11893374337,8012.280661432094,8080.424949512592,8148.651051235935,8217.164728233383,8286.205524367244,8354.147168749638,8424.81893988374,8498.082108573828
experiment_740,6172.214571949973,6186.945184895074,6201.525541633637,6216.42634919808,6237.022631592445,6249.27266008988,6262.08399813992,6275.654476203896,6295.59429455037,6309.095612226416,6322.558483272285,6335.98510938732,6349.013888417531,6360.979721477688,6373.58999876362,6385.776023009119,6397.505021100038,6408.738568249981,6419.407275194368,6429.506677581237,6439.000981106532,6447.482528277467,6455.7158744149965,6463.306849551134,6470.266194354861,6476.583731467146,6482.282770391724,6486.977744375723,6491.507139356432,6495.294108684175,6498.708591627487,6495.101198250654
experiment_741,6172.214571949973,6180.958460191688,6182.513400162007,6188.618535695734,6201.6199931697465,6203.03026778278,6207.446040064839,6214.345793405148,6232.7607858139,6244.689008425383,6260.059764649294,6278.583389428102,6300.435288241564,6325.773220709685,6353.403109223203,6385.104481349079,6421.540333557607,6461.704694176948,6506.519724661485,6549.258767982107,6602.274845332173,6659.590485803128,6720.160377467484,6782.277522250215,6851.129704698598,6927.903013774559,7006.380815972694,7086.110851382049,7176.443144081455,7270.734690770986,7368.020509087287,7473.48531156203
experiment_742,6172.214571949973,6243.283952275359,6309.045884287734,6378.88520800869,6452.5114422692695,6516.21758286024,6580.872871746513,6644.763696659544,6692.049525035498,6756.241667471739,6820.684649297382,6882.641629785807,6944.316880536,7006.642480878989,7068.4075355894565,7129.170291428874,7187.817434315699,7248.2658368933535,7305.559674955975,7364.024084562991,7408.381514416264,7465.942145938547,7524.51576558882,7580.628734370115,7637.104563658714,7692.159274809252,7746.7551996932625,7803.201057990881,7846.283983936866,7897.446066206535,7946.796228577051,7997.116862836114
experiment_743,6172.214571949973,6178.2271473771825,6178.64822689593,6184.946405026265,6199.463212612894,6205.395658950452,6214.213349802762,6227.816475874719,6245.754652801534,6267.624169010603,6293.782690019156,6323.034328051359,6358.335216458925,6397.081459327535,6440.35594022711,6489.365824482986,6538.193098327286,6591.848019510805,6651.201304639258,6722.209994333418,6799.288995838524,6881.4121362376545,6970.1952379236845,7062.797426628022,7150.034147746597,7257.698086564895,7371.326920157143,7484.381077255395,7455.275054045624,7578.361450707602,7699.300249773321,7841.827770725915
experiment_744,6172.214571949973,6167.497738852824,6154.1345100203525,6147.792768757166,6149.674967799478,6144.761001315892,6143.282763396288,6149.363003592623,6160.175323944615,6169.649332096074,6183.549203660368,6201.386464606547,6223.300617660985,6250.427697248326,6282.087000444498,6318.622849816647,6357.4866112478385,6403.923252064842,6455.961467591882,6511.882484415741,6566.789912812727,6634.446420151136,6706.807751285718,6782.85370202483,6860.935180744378,6944.681922688911,7033.393260659177,7131.000222722424,7234.083893479333,7340.1943349213725,7453.90600841271,7571.187465018616
experiment_745,6172.214571949973,6291.894616012772,6401.791481642128,6513.34875238724,6630.675858767605,6729.042361297397,6824.132588012153,6916.745958952848,7012.6943804137845,7096.331363143232,7177.006763918177,7255.733457952258,7330.831982782223,7401.678192740931,7468.539541358023,7531.027768808428,7590.006764375619,7644.805771446933,7694.747614896141,7740.854604920029,7782.554155533867,7819.792027724202,7853.028411959008,7881.21790747903,7904.832729840295,7923.863096064875,7938.282705292979,7948.089092250122,7953.291280511857,7953.899689945649,7949.936515553897,7941.434291146208
experiment_746,6172.214571949973,6196.778180746921,6219.480358085974,6246.2402482267025,6279.058273240418,6303.831525516897,6331.031521509485,6360.219771959369,6388.30667804802,6414.2680039716,6448.573861408468,6485.272471623281,6520.1233920987215,6550.2500068152585,6592.354721342317,6635.912548366203,6680.841766264199,6728.994144863658,6776.342182396924,6825.455731738901,6877.4682687478025,6930.389831925657,6982.486285502394,7024.265062127441,7081.788577924062,7140.701551228214,7191.62228712387,7258.87328364925,7319.161850144821,7223.032669775634,7286.074388424247,7349.785928709291
experiment_747,6172.214571949973,6145.186551041754,6113.7369023272695,6092.421420730662,6082.84487393441,6073.331118266979,6066.008884455989,6064.259053674475,6073.746495085488,6083.1568662091495,6098.15711112108,6118.462568095338,6144.335861674001,6175.545824399738,6210.57687514431,6252.567761209818,6299.981698803815,6351.155935957911,6408.43468563147,6464.993795135752,6534.2395269924855,6608.660984281624,6687.930061404928,6769.4627146402545,6858.563115319819,6953.533713292,7059.812897718049,7172.821624733226,7293.485796346375,7425.757690947439,7569.780424657168,7714.675694646523
experiment_748,6172.214571949973,6199.020311077968,6227.448961498715,6263.139527659152,6305.527124013946,6345.12446434318,6390.869240927941,6441.121629122132,6505.635828768951,6565.563692132553,6631.027430992333,6700.970618994579,6782.223739317231,6867.900221611933,6955.316433004029,7053.225680555358,7154.614416331842,7263.896696790554,7378.446066495828,7496.383052913581,7619.89829776228,7751.628987572662,7889.574991175863,8023.040848305271,8177.498883804261,8333.940217250285,8486.70101764019,8654.733652696323,8809.766385346788,8992.103125709662,9178.904523150148,9371.391663653112
experiment_749,6172.214571949973,6286.089301197619,6391.459064084895,6498.090010178135,6614.362279388322,6712.933881775692,6808.77199245664,6905.1142076080805,7003.144026873335,7094.646110601239,7188.986880406297,7278.885024663772,7372.61709013906,7467.312646617465,7560.865985355595,7652.00679947871,7643.000040147039,7729.864445529804,7821.72080383105,7912.473959170601,8000.109243050185,8085.84628984669,8177.939721476339,8267.644645196127,8360.109018440337,8452.426053944662,8545.13960446876,8632.476420779525,8726.96457531747,8823.400828826718,8921.07018944676,9022.3310405408
experiment_750,6172.214571949973,6206.460532210535,6237.215973433247,6275.8059659812625,6321.502310071307,6358.756210717614,6397.343567976547,6439.8274255747165,6480.902243963321,6527.976038657713,6576.667056883481,6622.931594731043,6676.518179767499,6730.7690772952465,6783.947234531306,6842.9395861809835,6903.589325524344,6965.62170913528,7029.6783591576395,7095.172968751249,7162.186894566763,7230.674246224966,7300.608527885585,7364.431134521095,7436.19890579161,7510.1689403802475,7584.785767137424,7658.236143957729,7736.106804378525,7814.577857262583,7894.945276982515,7976.397646118543
experiment_751,6172.214571949973,6206.594585168057,6241.578817595469,6286.120494555151,6341.332562531923,6394.728915891842,6451.294139592139,6513.278639450057,6585.798460683364,6654.756957532094,6730.148994906812,6814.160048507949,6903.577112680356,6993.009037272894,7087.47958849168,7191.1944105245975,7298.716704843949,7413.112417834453,7424.478067990209,7544.1506081581465,7663.6889275899775,7794.38391848691,7929.109178111422,8074.945403771074,8214.608340415882,8373.568012153612,8538.439635204668,8713.731075270143,8891.122343592717,9136.800353976989,9350.05863666285,9570.46101866145
experiment_752,6172.214571949973,6223.723889124001,6269.645061323459,6318.6572542944905,6373.7766216648,6417.36467207923,6461.88462221095,6506.502898806735,6564.262749631687,6609.679319504154,6653.6099380680425,6699.6668305263065,6745.159219321157,6793.817420824191,6843.286516450915,6894.216586528663,6946.465084742388,7001.051931196436,7057.458350532337,7114.024175121145,7170.906883118958,7234.1251842539095,7300.241265156035,7368.437709463258,7442.043608956617,7517.402398284348,7597.341272910991,7681.849550598627,7774.327720116041,7874.241761620454,7982.5248953672835,7995.346112701181
experiment_753,6172.214571949973,6203.535268624381,6233.735656992403,6270.471344265236,6314.5644265181145,6351.90234406655,6392.198473685832,6437.147681172242,6489.7707076682345,6542.771915077618,6599.208663119898,6660.351227931962,6725.764521976394,6791.178985336349,6861.552834403656,6938.420767333994,7018.421040651364,7102.097961367579,7188.928271916357,7278.084141605539,7370.984220792475,7466.86984794216,7565.881828917346,7667.371024054859,7771.44128406119,7877.615398462516,7982.792893968635,8094.130887196384,8209.06264655033,8329.64683468979,8447.981427282384,8568.11790256348
experiment_754,6172.214571949973,6202.406404537552,6228.5885794318965,6256.842264058541,6291.251709833741,6315.209125074658,6341.430776441397,6369.803236475255,6400.374091046702,6434.25056677931,6471.371694764146,6511.709394925343,6556.706114282553,6605.629378359252,6658.974461718795,6717.068219981425,6776.470427521624,6844.083288059828,6920.822843893564,7000.075459434525,7082.061770417721,7174.784716680375,7274.681195718802,7381.396735262471,7489.392678442036,7490.192811251767,7603.468126305286,7728.545337849227,7853.342257314431,7977.733558432014,8116.911305896128,8255.913030633545
experiment_755,6172.214571949973,6198.140736452857,6220.932769954845,6246.638482125876,6280.583543856424,6304.583964122063,6330.21020453913,6356.78126169168,6355.209664580272,6383.8534167631315,6413.004920740361,6442.913942967156,6473.905745400913,6505.2086614440195,6535.703206543971,6567.8385951504815,6601.8335188346355,6635.254818040632,6671.000355807062,6707.429384485513,6744.27509735855,6782.389219696277,6821.401531337303,6843.360410453011,6883.1124400868175,6924.5754485584675,6968.214972135579,7011.734233949077,7050.981418194685,7093.559988841467,7139.913220048493,7187.386443956
experiment_756,6172.214571949973,6164.115824287617,6159.680336642227,6167.520863657867,6190.509774797894,6214.550767842224,6247.431208859146,6288.997273774949,6349.675922827878,6407.790171199265,6474.888974394145,6549.154190911209,6632.377299912445,6722.2953478679665,6819.312400154937,6926.708070245102,7043.390519121165,7166.259171598609,7296.894603289507,7437.743402496393,7588.329506599638,7748.972783349154,7916.953688415211,8094.784388779064,8280.075989753399,8387.791857623226,8589.73475627539,8803.229810565004,9029.43134891326,9266.756995979402,9510.862117910427,9769.141588211527
experiment_757,6172.214571949973,6227.624793612317,6278.127037105598,6337.629292047162,6409.117440102778,6462.318636124204,6519.373010428042,6579.227430921863,6647.877300360165,6712.372477467245,6778.7971846781065,6849.123288743982,6922.674728502936,6998.424560174049,7077.86531336213,7159.82825404018,7242.552764313277,7328.97882604999,7418.322936164055,7511.837311220582,7609.431597841198,7711.80169051816,7817.169943192852,7926.999956801807,8040.433286336963,8156.278033068113,8280.215026036349,8412.665128744233,8549.473114200217,8691.859016627712,8840.733692780683,8873.677677357507
experiment_758,6172.214571949973,6180.688746914608,6187.332888428511,6200.52697803156,6221.491066887765,6242.3240680322315,6268.009619911938,6298.846446713202,6330.533478939575,6369.226474574554,6414.780373945952,6465.445751038997,6521.952533024992,6583.151273084626,6648.631062387101,6716.960350915072,6781.059595392555,6865.499998832152,6957.01695618978,7051.970855932075,7155.681031026896,7260.841205346413,7362.693188669599,7477.891822673873,7611.5869821011875,7746.020174604778,7884.2807383945565,8034.5046443902065,8195.392768779548,8340.2594587644,8231.380469092132,8510.789673524214
experiment_759,6172.214571949973,6234.183098006164,6287.585976774391,6349.2204280446,6422.320140256033,6477.836085326537,6535.352289273778,6593.318247524205,6659.3739918011925,6719.431667331755,6779.348705166059,6840.035897648451,6901.251670408012,6963.120734586539,7025.144789152766,7087.20851739545,7148.747953520812,7210.458093393951,7270.257386726848,7331.144972321307,7391.68861180575,7451.787805179015,7511.2803828490005,7570.080732492133,7628.089180175773,7685.217087733454,7741.442212602606,7796.643292329563,7850.869980600819,7904.106406010086,7959.172862621301,8010.599675812874
experiment_760,6172.214571949973,6179.890995826331,6191.801549373672,6209.799313940251,6237.108193223407,6261.398922672096,6290.020319035142,6324.006217651968,6361.981567054099,6404.70923134606,6453.317732447165,6504.59673866669,6556.785151245709,6614.112602076795,6677.23936955576,6746.705252082551,6813.804814205757,6891.109293426295,6971.741880092276,7054.967171683808,7142.377780091562,7233.165540822574,7323.422283268956,7420.419254816403,7507.611643384922,7611.9790434475,7719.946496565561,7830.299068566084,7945.531808147654,8048.739068145411,8162.1970193688885,8282.959309809063
experiment_761,6172.214571949973,6223.703334390908,6269.866508774952,6322.565396692949,6385.1900574229985,6432.855709260388,6484.154846482479,6537.356107744154,6576.380688921759,6633.048293881648,6692.315601444259,6751.6512803962205,6812.550926940257,6875.771823621746,6939.867389029985,7003.188652229768,7070.627586068835,7138.540476739298,7192.399421793956,7263.459878332038,7331.765983443425,7267.215380292544,7340.165174774865,7402.710076508423,7477.682118708679,7554.940209570782,7631.570539057768,7709.231471373575,7782.722881562633,7868.882512063839,7956.102045558211,8045.758930010512
experiment_762,6172.214571949973,6251.014224411914,6320.835680552716,6393.948898556406,6465.846904958573,6531.3440404072835,6593.415535838971,6654.523215543505,6692.104645250058,6748.618135038444,6804.71391039391,6859.131932650656,6911.719218121571,6963.365939484251,7013.887761538506,7060.505207346433,7106.801530056415,7154.780146828927,7186.291428122502,7231.139886399889,7276.442440135084,7321.270183516184,7365.134360731793,7408.81308025549,7448.689907457598,7488.403614544391,7535.919210704174,7577.462823062435,7613.99852723391,7652.715215781388,7691.854698945768,7729.882593583548
experiment_763,6172.214571949973,6242.41252740827,6304.740971825422,6366.613024221273,6428.947828265001,6479.267313283855,6525.22349207084,6566.974353690821,6607.833881092456,6641.41571331697,6670.512382010802,6695.558464504002,6716.4553438578505,6732.6728300295745,6744.672706932219,6752.726013649095,6756.537500496146,6762.440131660649,6758.474905420051,6751.330189990318,6740.511149168296,6726.690087463066,6709.678727741449,6689.016444283572,6665.307282703538,6638.926931611563,6610.35604030875,6579.368840098272,6548.174669513679,6512.97953718197,6475.489993611677,6435.597274257558
experiment_764,6172.214571949973,6199.203846092708,6225.6386644248305,6259.352414633351,6306.073568079704,6341.893478028482,6383.074721514224,6429.072834086725,6495.615477826264,6552.4276621514055,6614.770999808813,6680.896378545186,6752.460653565164,6831.165189061156,6915.511342605399,7006.790999007488,7103.3079568974445,7206.453098353457,7317.712358847733,7436.875690853658,7565.1177463131,7703.135072551602,7851.293354784584,8008.321929759382,8177.923810456499,8358.242976373358,8556.841736531595,8688.777731643639,8916.979121691766,9163.766274960013,9451.542760576172,9754.353653990576
experiment_765,6172.214571949973,6186.4749528565035,6198.709437151471,6224.978640513652,6267.159564045099,6297.228040718614,6336.782470639907,6384.93207622852,6450.416724318829,6513.984389014751,6587.415754027673,6664.836017409198,6757.16886624773,6859.266734401312,6965.527202195336,7085.709999573253,7212.593788953672,7267.820032581681,7411.32674106163,7563.191132769643,7727.322432002315,7895.627800917135,8078.375868205958,8271.792413408793,8477.909845172004,8684.269958746561,8911.18203442184,9190.516978928368,9445.372465776018,9649.608963057235,9905.372400641536,10192.875685431278
experiment_766,6172.214571949973,6221.746688801747,6266.5239595807,6319.906792168526,6384.973559379883,6435.248647445625,6488.762997661553,6544.907271309798,6606.144001453261,6667.811036551924,6735.256259375768,6806.43446361408,6876.989395985528,6953.640807425372,7028.389961828174,7111.854029228338,7198.1185938769395,7286.577692783716,7379.833012497906,7473.928317853918,7573.062830644742,7678.23026554771,7784.344095776172,7893.692228060299,8011.641519040475,8125.818401798483,8103.682595429064,8217.06899550245,8340.791054249137,8477.006265297045,8617.257632860961,8761.126043308275
experiment_767,6172.214571949973,6203.635687737796,6232.253019109161,6266.223973737369,6305.931015515159,6340.421800500406,6376.902706719506,6413.86925183673,6440.510325695324,6480.33304498425,6521.806262182176,6559.217562621727,6604.970050462187,6651.85253172346,6699.87018787021,6748.345468932767,6798.833786239351,6850.350707685325,6900.778648502825,6954.659837264084,6877.820701358851,6930.658947100326,6985.599639374832,7036.286267398762,7088.645136801231,7148.9766260532215,7194.697025833273,7254.746297323766,7311.247912461424,7372.8402887231405,7434.021886733299,7484.383126363896
experiment_768,6172.214571949973,6196.03982847216,6214.4270983725855,6237.782501688979,6266.401599978612,6290.06104320764,6316.7601033627125,6345.714223869885,6372.682365724917,6405.469791341619,6440.503059799037,6476.8832703820935,6515.712164769568,6556.357115939185,6598.782030199485,6642.340148261961,6688.239130769383,6735.4292075975445,6782.754477254812,6830.590313630857,6878.893541639238,6926.00820117364,6980.136904066308,7037.927477984512,7098.147234426067,7159.08865366854,7221.3232323526845,7284.630400778886,7339.60854378655,7409.488109869038,7478.905257949066,7552.280312762712
experiment_769,6172.214571949973,6208.139545947752,6236.169693222792,6268.606570901694,6306.020794128607,6329.297298326312,6352.765302851494,6376.4955428222565,6410.301820234564,6435.371184962766,6460.530015233087,6487.496131871483,6515.7586449554565,6545.328121378458,6576.453925532327,6609.1806630338615,6643.664124522635,6679.766540370449,6718.123349778682,6758.492291763749,6800.452242878882,6845.114205782199,6892.002213149298,6940.923349121633,6992.065462244378,7045.99284984863,7102.210054413228,7160.569031909996,7220.6075683289055,7281.381192735593,7345.956241804113,7412.293611266628
experiment_770,6172.214571949973,6268.246843302448,6357.715894315031,6449.192631059788,6547.318067711635,6633.54779287217,6718.6428399226525,6804.2156179251015,6877.413656477682,6963.704810535192,7048.980404373142,7136.528650345348,7225.333585500926,7310.5382787515955,7267.812056646502,7353.332038766485,7437.962217602617,7525.273778827743,7609.003448666183,7694.830159204421,7777.646374717533,7864.231938918529,7940.057276350168,8022.532765670378,8110.711473419664,8198.253038066181,8286.716749452913,8373.495027095356,8465.037840943893,8551.629012362791,8640.02696892598,8732.090180863423
experiment_771,6172.214571949973,6172.214571949973,6168.737275120322,6171.3200810884555,6180.968287573118,6186.8442650805155,6196.868552456391,6211.240862799621,6226.5258321715755,6249.410907928175,6276.41533789686,6306.828493522436,6340.850542452083,6378.0059438741555,6419.700987999874,6459.776557604188,6498.554058886673,6552.343747137009,6611.881873863249,6675.453565038573,6743.289252717918,6814.274442329033,6889.659782400358,6966.322205297478,7034.380502863061,7121.270223155929,7201.540021125456,7294.660694566304,7394.377056968726,7265.59717234378,7357.094168666113,7448.665570805073
experiment_772,6172.214571949973,6194.0780942115025,6213.0930334239365,6238.642717577794,6272.264567076018,6301.98289081763,6334.031898269823,6369.19167041045,6412.012081534584,6451.907089939834,6494.014139957951,6538.522857149746,6584.601941506819,6633.266574156063,6683.05331174218,6736.169182588146,6791.758217230244,6849.449073202347,6905.5412987367345,6968.837099150161,7035.759136381679,7106.3564247493105,7180.785777212326,7256.181936655981,7338.181136874187,7427.347181359359,7524.204954349901,7623.833348364817,7737.528365201174,7859.13953976495,7994.328448017665,8145.03861704886
experiment_773,6172.214571949973,6188.567124556254,6208.037572290948,6231.968753330513,6262.68197304464,6291.70636873007,6322.870474111711,6359.02690166923,6389.797856377192,6433.110107349101,6476.057435006425,6516.322239980658,6570.659018700187,6627.736951180356,6688.533886968949,6752.013264874249,6819.393508437675,6887.978450300649,6959.305185158857,7034.232459212788,7109.158587700484,7186.745274709393,7253.778615285648,7339.4975265795565,7422.905386637025,7511.737014404471,7606.527992833655,7700.288201056652,7795.54786700449,7890.566639048372,7991.687885557988,8096.42143197218
experiment_774,6172.214571949973,6185.042967142508,6204.041438372655,6228.4141118682255,6268.526103130738,6306.011282837629,6353.044432317942,6408.556941222843,6483.755941665882,6559.381779611073,6645.30347048701,6737.691300607264,6845.922219717674,6967.948587252267,7097.529634615525,7245.242311958034,7405.337991732778,7582.344071277195,7774.137543946257,7988.194827072663,8105.286653656734,8343.650622715824,8605.552085147001,8886.096484100597,9182.107227324097,9573.807793466949,9874.34378173939,10251.12674821926,10677.310737649443,11137.56887536297,11710.353646676373,12346.616651219583
experiment_775,6172.214571949973,6154.081851342147,6131.066033920991,6119.458737132206,6125.704074187874,6121.449902036416,6122.749085056911,6130.968049335193,6147.0808758022395,6168.7902542700285,6197.333760155513,6230.728702119175,6272.566043073312,6320.8822540571055,6364.420317413347,6426.55081743369,6493.01995683648,6558.3909586619075,6630.922312596809,6720.088613734454,6816.144534295006,6920.009603076311,7029.199895003418,7132.493291680202,7249.044948927274,7233.965538173838,7364.317257609675,7504.482921212008,7653.0786120659695,7800.173766207105,7972.164946954021,8154.836251523822
experiment_776,6172.214571949973,6184.635800441876,6192.136540376807,6210.2955267461375,6240.338520372177,6259.555464022511,6285.432527479175,6317.793678398348,6359.015191855715,6403.758222258102,6454.56447950517,6511.083801883771,6574.636108438521,6643.975217460918,6713.154042528387,6795.10868953144,6882.735810833947,6978.753024841733,7074.650836655706,7178.618422986154,7288.362141182266,7408.06742115422,7535.90011608371,7670.773185113599,7805.441278449422,7961.292420761369,8115.359320050153,8260.964183020216,8432.868658942789,8391.63149809053,8601.316159153776,8792.465427094954
experiment_777,6172.214571949973,6320.914860653051,6463.007034472159,6611.6336633681885,6772.525582427668,6918.669823473236,7066.089498050003,7215.470352206846,7370.354264362817,7522.370761796979,7676.56857849659,7831.840875158858,7988.831154398824,8144.233998342782,8302.43509664742,8460.407524440401,8621.160561652672,8778.444340137708,8939.88134424269,9101.512258847959,9160.989565606678,9316.159270294698,9476.041145252282,9637.400798117826,9797.718582442008,9958.397766759555,10121.65954627789,10275.903122348907,10436.176393422586,10526.688432280675,10686.060168127304,10852.09011124308
experiment_778,6172.214571949973,6183.424789061497,6196.932962051725,6217.256623422634,6246.818520020213,6270.6891993799345,6298.147754612633,6332.892183913049,6371.346435632617,6412.924318782367,6456.133422305995,6511.163165551003,6567.496133278064,6632.805396399308,6692.0530535288635,6766.118983642316,6844.216307403096,6926.3435752622,7011.421209865595,7101.666684605845,7194.770655182012,7287.760926358151,7387.377373283748,7477.2143954565745,7583.869447845789,7692.954981913756,7799.7473174131255,7920.1554208045845,8030.114093710777,8140.616013131358,8261.083899535324,8384.307599490923
experiment_779,6172.214571949973,6209.026835722284,6253.683065124216,6299.894428953141,6350.071202382813,6402.957708062599,6460.347504326368,6520.873817637987,6587.38723236077,6658.171676536447,6728.60936393102,6812.59319087131,6902.925794541422,6998.156777230273,7100.617522756109,7206.037976881615,7317.693678567939,7422.530347689597,7546.8166256075,7683.852161232508,7811.9899883759845,7950.018369730196,8099.958099250987,8004.448795129694,8211.724357155199,8377.944853726387,8560.592142772246,8750.911718408617,8944.074176880953,9162.487671112394,9385.086752323368,9579.852607594064
experiment_780,6172.214571949973,6209.414070218811,6248.444765055032,6284.523381667088,6330.1015196918825,6369.994810157397,6410.037546178801,6451.823462375477,6494.214809358265,6532.110282898026,6572.738671490318,6615.06160300709,6661.039601849198,6708.131754338654,6754.87975888131,6798.202906797344,6846.63638754205,6896.622504282532,6948.425086254572,6999.541333918456,7052.928674943434,7107.323144856523,7160.849934293139,7218.861350488827,7276.417006830645,7323.133516249078,7384.865030941316,7448.326381876499,7520.343355065897,7438.8016564929985,7506.3998108788055,7557.190381969658
experiment_781,6172.214571949973,6185.4264739998325,6201.705766916311,6229.733694106622,6271.013639139757,6306.524698939749,6350.740303542713,6404.335217674645,6469.551023625791,6536.945264753294,6615.878077678508,6705.0189420650695,6799.857137090703,6901.973857278552,7018.299646680007,7140.970450445413,7278.719560932928,7423.894587960471,7475.6075711361955,7629.6406974347465,7800.002733755782,7979.985562478258,8173.0626596362445,8370.208939099553,8589.143035726172,8822.306866341089,9062.673368160078,9374.818907575525,9652.22431415999,9920.62871408137,10145.49065041904,10473.781800989635
experiment_782,6172.214571949973,6169.048531074539,6161.405647939314,6158.607464351312,6162.680093551258,6159.470703083444,6157.524719028126,6158.32031269242,6171.0693773379335,6175.7646900397995,6182.636781830743,6191.273253870486,6201.949202320495,6214.178481285968,6228.366641001766,6244.154615458601,6261.749316394094,6281.226185974701,6301.7652481992955,6325.092435573424,6350.483701283658,6377.443210003211,6407.281032697672,6439.537461629456,6474.123825441073,6511.672676961054,6552.123846890461,6595.665431382427,6642.497661854279,6692.758842258216,6745.733382488871,6803.099649325382
experiment_783,6172.214571949973,6256.97897238479,6335.481942980259,6419.191626019157,6510.568390699707,6585.65086141244,6662.812979665583,6741.400141041339,6812.413782984011,6892.577902710652,6965.893457851524,7046.215752829901,7128.0839819552275,7210.856348151792,7294.813972058593,7377.966852207915,7460.90924681796,7548.789007949918,7627.9274484529515,7725.5381304938255,7817.455498937569,7760.004044104038,7833.700063693662,7929.45075512807,8021.176952657105,8119.860800109684,8215.992393966044,8321.679530587407,8432.047691126281,8546.303575337877,8664.056103643,8791.108459368377
experiment_784,6172.214571949973,6181.037996360521,6191.27327916843,6203.966249807976,6219.943762226462,6230.4331012098355,6243.485727666721,6259.023838417985,6277.374727084083,6301.4637995178655,6328.6289048319295,6359.703147955855,6393.790605717306,6432.7044536828325,6470.33794736504,6516.332732603545,6560.763048709048,6620.506645323017,6684.840368097174,6754.796142013474,6829.144395768865,6909.3045829359435,6992.163733828177,7065.557523266807,7161.378289430789,7253.207777764748,7361.352683792221,7474.716101404047,7591.066984192232,7458.3657595827835,7571.773882226039,7763.856638566058
experiment_785,6172.214571949973,6211.583307345265,6249.18642673115,6292.824676209873,6345.147380512777,6392.2630674258935,6438.980009221126,6488.499401210169,6525.090505530248,6580.435201883802,6638.932862497215,6699.754773076854,6760.249081193076,6823.418546281777,6889.158086753179,6956.098511836652,7022.178164997695,7092.534455009827,7149.30820113112,7222.757760511866,7295.710033631355,7364.970166833904,7446.710972254385,7526.193213884615,7440.867304738367,7517.045491818397,7594.061885840587,7669.405539598043,7747.818331317705,7816.577853729972,7897.741977662534,7981.145570158066
experiment_786,6172.214571949973,6198.245947217925,6221.7380983293215,6244.785145597125,6275.416705645384,6291.014363562977,6307.4715398266335,6325.75695797371,6351.35073444242,6374.035770029684,6397.724637115143,6423.361907794526,6451.402863832114,6481.5326998511755,6514.259289616246,6550.010031075912,6588.098762979316,6628.182714635317,6672.40642928916,6719.23624155051,6769.068205498394,6822.525685851254,6872.886302307029,6932.187411987816,6995.063985439347,7060.858007640342,7129.971522513274,7197.63446097367,7270.433278799035,7348.868866161765,7429.1074510555345,7512.519100113794
experiment_787,6172.214571949973,6240.567818309255,6303.65228137775,6374.609901248117,6449.229873464523,6518.099841074081,6588.196445103192,6659.773734418634,6716.225303387853,6787.063485892998,6859.053005709209,6930.059151005065,6999.719179177417,7070.524191836654,7141.000492340463,7210.880665480147,7264.930378694929,7332.074054756628,7400.47137006822,7473.052543895372,7396.532038283422,7456.303739797428,7519.02880370694,7575.569650955318,7623.003699767542,7682.582787445193,7741.713839696391,7800.717696056412,7858.724301573874,7915.9228270112535,7972.042155062503,8029.578775105201
experiment_788,6172.214571949973,6269.513144881843,6355.039408468257,6445.761958184788,6543.39490559192,6618.533418423465,6691.947531406705,6763.974778451988,6846.596228245551,6914.782892143741,6981.036973938833,7045.434491657801,7108.233292557693,7168.977906486614,7227.822599379531,7284.661284939867,7339.668682120457,7392.334978811996,7441.833995129715,7490.925695048735,7538.22980627122,7583.733021869243,7627.443165165653,7669.433066740594,7709.754304498893,7748.441576404524,7785.519391717933,7818.765905512801,7852.47075518091,7885.234090376061,7916.6899030103405,7946.718629743429
experiment_789,6172.214571949973,6206.23006595418,6235.359378357441,6277.536309556927,6334.170325137975,6377.943584631072,6427.172873124264,6481.669769403328,6556.541605844986,6622.84823265048,6693.410196747394,6771.01135777029,6854.93446643577,6945.417585164418,7041.224675452962,7143.375330758919,7253.632101253581,7370.597552259271,7496.3241426020895,7631.110169549687,7773.512102170953,7925.599250860107,8085.095960966245,8255.25622225884,8436.96729075451,8561.571051892257,8761.74671731313,8982.739344956772,9214.496924327135,9456.989496683564,9714.879175942646,9948.803237395112
experiment_790,6172.214571949973,6265.201222133219,6347.298512717023,6436.298993319928,6534.844173541865,6616.338452114458,6698.016033330412,6780.638270780813,6873.895147703628,6958.531305464778,7043.283194818648,7129.926872017475,7219.0757837900055,7309.887997585785,7403.749907163766,7499.774849597945,7600.209393490346,7702.36314773451,7808.477477996119,7918.220572469894,8031.707705285874,8147.223979299646,8267.868622141816,8393.449679276178,8523.42224170978,8590.805729909403,8727.514013477416,8871.26503166946,9018.402455734493,9172.393748653187,9332.016318655806,9498.006596114263
experiment_791,6172.214571949973,6251.170229842866,6322.019675711388,6399.010118572711,6484.019496025025,6554.654422438816,6626.554172383123,6699.780286452737,6782.7412462603825,6859.722691666506,6941.415526094258,7026.566001601794,7116.0209566372105,7210.006006599109,7306.376690816459,7408.713273303615,7516.458095517093,7630.829239800556,7752.518852551408,7881.727653815835,8019.3014309434775,8162.531804121161,8315.088049212914,8475.06378059036,8557.42401934321,8737.050686588653,8924.363053645764,9125.103293438959,9338.491359287471,9560.829019887919,9816.848927608587,10021.459301864636
experiment_792,6172.214571949973,6147.75566619693,6117.573853020663,6098.835646586589,6093.6172033037665,6079.7750876983,6071.8810940401745,6071.249152886684,6088.092698998798,6100.803466360068,6120.3640212614055,6146.799385169199,6180.269039288538,6220.434338223552,6267.079295008384,6322.204294292847,6382.273359555352,6451.757984134613,6528.456570519791,6607.413095090262,6699.712516552269,6799.517784594576,6907.794570729062,7018.410997647336,7143.760562255479,7276.342469262319,7415.651433515467,7562.838970605712,7721.960700964848,7891.973855132188,8071.639593093249,8261.547535583693
experiment_793,6172.214571949973,6214.250235232617,6251.912148197396,6295.808698419758,6349.407496905322,6390.990832915975,6434.11020431333,6479.195323956494,6504.275105325016,6556.555522513038,6611.610110201107,6665.836880909534,6723.298632208098,6783.825673352674,6847.158011520402,6910.245110023836,6963.511231198005,7035.210882063114,7108.745721196696,7175.793648630836,7108.269329348597,7184.729071732509,7268.471094958572,7355.437720947604,7442.974627981642,7537.059010429508,7623.930208159397,7729.411802366378,7845.055115190977,7966.691703881355,8092.936926979761,8225.68641778226
experiment_794,6172.214571949973,6195.809951390528,6210.695528594309,6227.284458045238,6249.957050642162,6269.2435025075065,6284.651499739734,6302.542225807218,6320.297061883514,6340.321846159291,6363.206344416684,6387.644148885515,6415.180960913856,6445.5062831991845,6478.624991575908,6513.960053162075,6553.887032477878,6596.23267906844,6642.936164618799,6692.729587959517,6738.210131619295,6793.498987365252,6851.792538019757,6911.7203156185105,6965.074269687145,7035.010736822366,7105.259289728852,7179.54625097839,7252.803788660114,7315.230699534496,7387.773732634528,7471.841445394488
experiment_795,6172.214571949973,6185.186030770804,6197.211334682515,6212.080176545533,6235.965190846184,6250.372215594776,6268.04444401191,6287.337563815983,6312.2148316604325,6338.45787817766,6368.10094256173,6401.284902508971,6436.870369510796,6476.548513487532,6520.201998255043,6566.485534508415,6615.407308693711,6667.413701820007,6716.550056904642,6776.219099496489,6836.74994030111,6902.706210900301,6965.722554312499,7036.156613877532,7109.016505439493,7184.724316735501,7262.308925263661,7342.629590992839,7421.993442044164,7502.769758599707,7575.204866955083,7660.604112817699
experiment_796,6172.214571949973,6239.503581145667,6298.153954012476,6360.396281290472,6425.527017906594,6475.8312356202605,6529.146192495629,6579.744620419466,6613.829669547344,6662.553664830015,6708.132287757906,6751.066667777839,6793.532096835532,6834.248460284003,6872.938676480378,6909.029919246552,6943.234027246672,6975.249613571968,7002.56636649584,7029.84343460205,7054.635981465848,7077.148308843729,7096.414546278288,7113.1473390819,7126.823647374674,7137.437903046426,7144.876923244659,7149.012726721822,7149.719801712426,7146.860687868673,7140.287550010607,7129.837724857058
experiment_797,6172.214571949973,6244.227809345861,6315.820044654495,6399.3602205917105,6494.109763369825,6577.204160095002,6666.451787738622,6761.325342419648,6863.881570281412,6969.393220472293,7079.75567961208,7192.950173440651,7313.010576512257,7431.624480570134,7558.979427104188,7686.050974925045,7823.691242884619,7960.326168468871,8102.939495515808,8250.653293126152,8401.309372198051,8557.917365424542,8575.040016193112,8736.293534248234,8894.594867021078,9061.659562413251,9235.155032579354,9404.238197553865,9570.622331304265,9764.961216019474,9965.410528199063,10173.015555756872
experiment_798,6172.214571949973,6213.31920085978,6250.199169108195,6292.945484300991,6344.276757341699,6383.827038669027,6424.452058488452,6466.791624190183,6501.293050539495,6548.5350900036465,6599.4469005145065,6646.626160045127,6700.672755917758,6758.432458271273,6817.816614260013,6879.539118379617,6944.278750231277,7011.958483754831,7081.665036151633,7152.617159667332,7227.481974963468,7305.0905755806725,7372.714151938004,7456.643132090737,7543.282590764943,7641.875697710928,7731.4167587392785,7827.1015108283855,7912.155595173546,8013.65443649515,8120.165099822634,8224.660611014957
experiment_799,6172.214571949973,6192.727428161309,6211.123011463617,6236.098160985582,6268.278892185301,6292.698930882796,6321.044119003077,6352.889130845245,6390.620975980352,6428.731161322043,6469.846914100377,6513.613047912631,6555.9176251986555,6606.051143732381,6660.310512312606,6720.4379358494625,6783.993588463891,6845.259469598367,6914.545136772578,6986.465843698608,7063.619770659472,7144.579714385538,7120.431837609709,7203.988561743523,7292.464975406259,7376.390753817551,7469.455085429792,7565.464514939208,7661.427552209008,7766.0815006138455,7860.520492745281,7970.846458689362
experiment_800,6172.214571949973,6197.490185004952,6214.505036735735,6238.759692431716,6269.748721237704,6299.464684816941,6329.415192889456,6363.232871514364,6396.413083377015,6436.202815792943,6479.648872366319,6525.247335852145,6575.581869995488,6627.530353383993,6681.121088382158,6738.155697456679,6793.730747930109,6863.490291367677,6937.456179926177,7012.528813416368,7093.958409021985,7174.2854936158565,7263.038102427617,7339.295812497792,7434.168354951193,7530.438617031539,7628.607398459622,7730.290715114863,7605.315560101906,7699.817326228448,7866.729096633879,7957.142050668569
experiment_801,6172.214571949973,6168.725529703084,6161.139168288064,6161.446448404286,6172.4666800792165,6174.095476660647,6180.1709948222,6190.14845954436,6215.416056042541,6234.753732362704,6258.136651843909,6286.177708192599,6317.795900222329,6353.984952719828,6394.644040075607,6439.712234258413,6489.106276032507,6543.002823533512,6596.098588551067,6658.510479532311,6724.70785582473,6795.83328072814,6870.567728095595,6950.548642918443,7034.692962484745,7119.6388511647765,7211.105656373751,7308.426186543735,7409.840054548915,7516.127776669133,7625.141050214326,7739.497884727063
experiment_802,6172.214571949973,6274.725747781413,6370.239805390702,6469.093319189784,6571.572278257216,6659.482607253148,6746.018719102842,6831.9178674379145,6918.316854275779,7001.199215994902,7082.058964105247,7159.552866778292,7236.075650946064,7310.150922828114,7381.929442799885,7450.8648424377025,7513.286315132408,7576.962133268051,7638.600087474173,7697.745582485879,7750.394663914335,7804.671022667333,7857.250994920223,7905.563344165065,7955.242470918387,8002.8437073720215,8045.791506887712,8088.896636821629,8131.333513279243,8171.948073305883,8212.345526387438,8252.610851208363
experiment_803,6172.214571949973,6218.844469748783,6262.28177435945,6314.221131847379,6376.53487268036,6431.01871195292,6486.633955438282,6548.654068366064,6608.193616928541,6677.182252595468,6751.961492408376,6823.060375137305,6902.017106757103,6983.415875566261,7069.446227787449,7157.071674740266,7249.478209303716,7344.326542236131,7443.73021610821,7535.518239656369,7641.34521861988,7613.991233218099,7713.471387470856,7820.562570840693,7917.769730904102,8028.233626241414,8142.204234986104,8257.157511266312,8374.32304338362,8492.673527960193,8613.706754849432,8728.193150856358
experiment_804,6172.214571949973,6191.760316772037,6204.455411685908,6225.310278809053,6256.099755431186,6275.771191465417,6298.865615761561,6326.089614268705,6365.918443770815,6400.925212803808,6440.556420875386,6484.679105340496,6533.929333978605,6587.837916910005,6646.874473333129,6711.748249772593,6782.372036549154,6859.02308997788,6942.167195204539,7031.008384766895,7127.170579694296,7230.619437983061,7341.926516413185,7459.531602094539,7586.7891371649785,7723.786475283874,7866.260448380818,8021.618179969655,8187.695872343028,8364.528888291767,8553.041185421069,8748.93583588591
experiment_805,6172.214571949973,6183.201304222076,6185.581392813194,6194.9293291263275,6212.095838266996,6219.623408835042,6236.15494306135,6251.451529119216,6274.88103495209,6299.055350170187,6326.890110140137,6360.181688330152,6397.935203174384,6441.610746328746,6490.944448524313,6544.044419561267,6603.749105637828,6668.406269967835,6732.1603443223,6808.317226708596,6889.1724434372045,6968.8692822508465,7055.3313342540205,7153.933563886834,7258.391186442825,7364.923230584318,7481.090995640303,7592.742373699478,7720.916293482124,7845.801002791746,7982.640300753678,7896.641014911271
experiment_806,6172.214571949973,6234.280779910845,6290.679641708635,6357.078856438851,6435.407519654189,6498.822458023198,6566.62029176151,6637.5638219008615,6718.163399060416,6798.068995455686,6880.775872341681,6962.459629298519,7053.58674014887,7149.065054154575,7247.241300884336,7349.84234880121,7457.887857589781,7569.523179459118,7680.733291491786,7801.0350082677605,7921.507140529588,8049.895521994161,8185.54673191881,8325.034984227452,8471.846035574854,8622.19456143038,8778.953514514755,8943.041435458927,9111.543292703815,9287.37435403455,9299.128822263767,9477.117849402635
experiment_807,6172.214571949973,6306.038205170212,6430.429476250457,6554.620969111463,6682.351337413647,6792.628339913962,6898.422876229233,7000.035666864394,7102.613332556695,7195.854479931084,7283.181172178058,7366.105248787755,7443.057551059201,7515.452623862541,7581.4937727365805,7641.509738321889,7695.366476018436,7742.9278659400825,7784.132642553991,7818.8523626286415,7846.922221814942,7868.546019415584,7883.549973490748,7891.966969765519,7893.908026230598,7889.375761425809,7877.965086077891,7860.7383856778915,7837.309087812975,7808.355656742924,7772.785285497251,7734.261180484398
experiment_808,6172.214571949973,6175.2626787448135,6175.094376724985,6187.479583357344,6210.137415341003,6228.626634866527,6254.879326444128,6288.556778589798,6328.804780645478,6377.053580560587,6426.049572639531,6486.432590246895,6555.7470213772285,6630.7385422830375,6719.289477576887,6814.810827296785,6919.862338772188,7029.610513534604,7150.832336790425,7261.789402143586,7395.57567228313,7545.103588788568,7690.1217191178075,7637.410390094668,7840.788840313301,8010.14830741433,8173.548373534195,8364.8912214524,8560.842089675403,8783.241772918129,9007.532261204975,9241.9423860786
experiment_809,6172.214571949973,6191.63139576377,6209.13223381506,6230.486263664523,6263.6207216522835,6287.538774263141,6314.4910337611345,6345.227231355204,6392.1812232833,6429.203041610388,6470.603554751391,6515.452504488241,6564.117987990076,6616.23890579702,6672.43267857238,6732.545721614487,6795.033894065431,6863.192743853824,6935.693863326665,7011.540072008149,7091.51671133792,7177.28858374632,7268.047976491288,7363.587232209,7463.729185602813,7567.558303774518,7678.4632111308,7792.281220624327,7913.429857334112,8040.933207886057,8176.2083393534185,8316.480106372106
experiment_810,6172.214571949973,6226.477887239638,6279.277114952317,6339.725518197787,6410.3782569097075,6470.869389971513,6536.732058203706,6607.236300237274,6688.0648252560595,6764.256766105302,6846.562916664952,6936.112855765414,7030.655796647114,7128.692697156124,7229.251503357329,7338.913229242158,7449.736695110075,7572.207795461326,7695.5254460560445,7721.926308030577,7853.188930203085,7992.894893415221,8129.420751367506,8278.865187616084,8434.73679088839,8597.136260784653,8757.816302442669,8928.541244569129,9111.304817496562,9292.158220326655,9542.647083541322,9741.464478823676
experiment_811,6172.214571949973,6158.829184814824,6145.246001399462,6141.6858513763245,6149.099456947984,6157.340721567698,6172.527457233158,6194.684902680492,6221.840593056462,6257.405674053804,6298.7343479261945,6343.409889211314,6390.282456883557,6443.082918610685,6500.587698988038,6572.425571970946,6649.5097896664665,6732.407201883434,6819.715650056308,6912.9232003111465,7008.983217150346,7097.40890328976,7206.9937128869315,7312.494263758928,7436.871001967545,7551.341665136668,7677.5448249130395,7809.499984150238,7943.931274731816,8069.582205105018,8214.036349115777,8363.809741990073
experiment_812,6172.214571949973,6174.627172974548,6172.571405140128,6180.013355519104,6189.884411612304,6197.741297979325,6209.013942177897,6223.637253413629,6239.740894015313,6261.093538087239,6284.924164966804,6311.334677630498,6331.207348778022,6365.298203937644,6403.153924984766,6428.793051647774,6469.697687235523,6516.669701806019,6566.235038191531,6619.044009277703,6675.820896889962,6733.52697886426,6794.546115753508,6859.145666384852,6927.241439436258,6980.432602854202,7054.901354005749,7126.204474152458,7202.569414032883,7287.280840128814,7374.482628939137,7465.112556415874
experiment_813,6172.214571949973,6188.741712200157,6203.138870835958,6220.144310869897,6244.838496492965,6260.734455924785,6278.779793396983,6299.3001352626925,6333.366903357128,6359.413597840703,6388.665713279637,6420.725396080535,6457.029555417961,6497.395286476931,6542.070771804358,6587.040778237716,6641.118354019793,6700.020116083256,6764.208562942262,6834.38007709183,6909.774135207988,6989.095194487758,7079.389950082609,7176.6269367365385,7280.167449491215,7392.590503677986,7513.630614168057,7638.860107612751,7777.4280930351015,7926.1593453278365,8087.645762882541,8258.733776860383
experiment_814,6172.214571949973,6157.258043717466,6137.347876629992,6129.0205103943845,6134.030645578263,6130.113504205216,6136.147790232445,6145.750904018355,6167.278356663483,6190.278801427906,6219.889308086387,6256.2444543697475,6299.266595284883,6348.766501240989,6405.333573061509,6469.342307140292,6540.835410201369,6620.130396355657,6707.342766239392,6802.481944189205,6905.505012530095,7017.315365200558,7139.336264631633,7267.156798927725,7409.844371281476,7559.016938751536,7721.475403706827,7899.333295306263,8086.16728825262,8289.640873686398,8508.275888296885,8745.705095303529
experiment_815,6172.214571949973,6211.754148870809,6247.272783217293,6284.193861563895,6329.80927783181,6362.3938916155075,6396.113604896698,6427.3921264338205,6439.712510669387,6475.8945087660395,6512.808307136443,6547.106566958092,6583.467077336958,6621.30892938245,6658.3713837824935,6697.11173456723,6735.964869912199,6775.87051227981,6816.263769005394,6854.774259478112,6881.670795017106,6922.234895421634,6965.365234517107,7010.308854127216,7049.408917082321,7092.18224722746,7137.874738012783,7186.676439109049,7235.818033749361,7284.203844995556,7337.602325916221,7391.598403976983
experiment_816,6172.214571949973,6236.956802002571,6292.719057211455,6351.479950490413,6410.723079126394,6461.380714754492,6512.985808399906,6561.458366892979,6471.358793709134,6514.391746015688,6558.536621402744,6599.379367881758,6641.973894979435,6672.917005336292,6714.039021115558,6755.2019918941005,6792.63737663049,6832.0010894248335,6869.73237995517,6907.801058848494,6942.502259143209,6975.915630398893,7011.505618054916,7048.575321619843,7081.385092385133,7118.140330208813,7150.167079158925,7186.398975032198,7218.495496413097,7254.975605789534,7291.622301572614,7328.704374641768
experiment_817,6172.214571949973,6187.322100455761,6201.618387896999,6217.960762390908,6240.067516015897,6250.677897726473,6263.244586636481,6278.527911459723,6300.03878042147,6317.1906613436095,6335.406151111591,6355.304068070653,6376.990360595934,6398.776862890427,6417.187314726931,6443.429143944835,6470.98013609177,6499.748725812285,6530.531538032654,6562.440759000638,6595.982795807449,6630.729870748013,6668.560458323006,6702.662809728339,6742.133709493859,6786.108158516074,6832.685336385299,6881.639309731334,6929.047791371864,6977.312640861493,7033.6720099423355,7091.6853030986895
experiment_818,6172.214571949973,6238.134434032356,6296.388336481348,6363.987396411807,6441.358423072843,6502.927710291743,6567.488260631622,6634.332715189465,6704.946152281354,6773.513546742164,6845.80906562473,6920.224579391619,6995.707083645939,7069.930770214625,7148.957103273999,7230.679303385634,7314.034785566115,7395.677230923782,7483.770532188742,7575.482079528732,7667.415476391647,7760.598376589155,7857.035840606752,7961.250019304424,8066.038349951715,8174.5841089479045,8150.923807210122,8262.612272829789,8374.642076589134,8492.132968388545,8613.556382876599,8739.741917272831
experiment_819,6172.214571949973,6162.659537365698,6145.110606450333,6132.398695485281,6127.6412385799285,6112.461442980696,6100.490837070202,6095.765307490518,6092.908089335351,6091.122603547019,6094.667649763194,6101.096496621273,6112.106258390386,6127.632019443619,6148.208459970736,6173.159507236582,6203.492298835277,6239.138566328496,6278.472007163315,6323.080733479044,6372.153510898646,6427.972773322046,6488.465858437797,6546.534638252558,6616.937010811762,6691.516275857952,6770.091071945091,6850.700062032745,6932.903336530544,7021.192802718779,7111.485792697804,7207.852981226716
experiment_820,6172.214571949973,6274.525427421903,6368.246570607134,6461.560976034532,6559.544704587886,6642.440503697539,6721.78580174725,6800.089948018116,6861.538189020313,6936.883180063484,7008.51078792955,7080.728067584918,7151.59847932788,7219.499487645764,7273.36244245056,7339.2864016699805,7402.995772703276,7464.4456923701355,7529.824988421291,7588.302938333854,7647.559017954693,7706.423599132451,7748.43500226554,7803.026053451853,7856.290295474442,7908.11357470268,7959.143305913702,8008.874011456868,7852.197560043609,7895.6534697616535,7937.38641726145,8018.330400394848
experiment_821,6172.214571949973,6149.68020668978,6124.174583490425,6115.608486742849,6113.606612606212,6105.576091839384,6104.875068788504,6110.857879768706,6124.996480709061,6144.656481928881,6170.342076654992,6202.2783520100365,6240.490105164596,6283.845026907673,6332.310476022198,6387.6522057734655,6450.015075971451,6508.857377817084,6583.1561046808765,6657.572870366577,6730.124175071862,6822.939215518218,6921.412673787512,7027.066108944323,7122.667293122498,7240.50965954288,7357.931655464372,7490.767722049089,7629.337928717397,7771.5292898268735,7943.536250086187,7883.65390229402
experiment_822,6172.214571949973,6140.6303644114505,6110.107972553209,6093.247530737948,6093.190499005675,6090.428065120328,6097.040893973933,6112.94649491009,6146.624252131931,6180.944970048113,6224.538965798742,6277.346143734036,6339.311355181879,6410.717040312984,6492.217072207792,6584.033373785593,6685.840300574968,6797.709138938794,6920.549755314427,7055.0437866857665,7197.832592229794,7356.502883450001,7525.993317503233,7707.610185402991,7905.680915950443,8120.770964431858,8348.442722361633,8590.559025430182,8851.708934656115,9134.358431521152,9434.094132276521,9753.564950610638
experiment_823,6172.214571949973,6179.7419806828975,6181.86966769759,6190.27332112412,6206.931077067867,6218.1260732053,6232.349415550636,6249.777510351931,6278.461304959273,6302.3429840747085,6329.348630912831,6358.888148231732,6391.950933783752,6428.8482711582765,6469.064859137445,6512.319606645818,6559.226853185193,6609.496786395555,6662.133103210963,6718.961072630138,6779.129939862076,6841.6563544260625,6908.080204507896,6977.950584860507,7050.736550122408,7124.56972686674,7201.594611431745,7284.28455532854,7370.385161331813,7459.815708397267,7546.940836579536,7641.973257799907
experiment_824,6172.214571949973,6221.265070964466,6267.943830598615,6325.12455606247,6395.223797269367,6459.118482636674,6529.983555034132,6607.3435296357675,6699.406495378256,6788.9953516996,6888.087866866752,6994.456619206869,7110.1305290563405,7232.057504342866,7364.4691404022815,7503.592743353376,7654.141374742589,7814.967326664285,7987.312855013357,8169.501940077622,8363.69098087042,8564.251974894898,8778.688616988442,9003.971271851566,9242.350422696909,9488.840257685524,9627.494253614657,9891.121699109084,10166.840090692946,10452.95599587077,10664.19245705058,10975.518124796445
experiment_825,6172.214571949973,6218.938693913963,6256.383413716856,6300.009624594001,6350.842448521489,6386.173330588511,6420.87925186557,6454.894941314116,6496.637281949001,6530.286398916865,6563.524239014496,6596.034321818255,6628.48880065027,6660.507196628254,6692.335719241064,6723.637419107554,6754.61444399129,6785.1371708864335,6815.616984097171,6845.81256567336,6875.83152970246,6905.7265747649,6935.564049552437,6965.396821034568,6994.5547415168885,7024.43829087617,7054.710384403583,7085.367984215833,7116.4886164551135,7147.981640840237,7180.407523829309,7211.95744180273
experiment_826,6172.214571949973,6229.083996541776,6281.636098254116,6338.558396026561,6403.5613311568,6459.485096584382,6514.655247882749,6570.139184663766,6616.861549911766,6671.857292826506,6732.418092436922,6795.213137598437,6860.320768677942,6925.29348856911,6991.61575536374,7060.533042919438,7130.550330419988,7200.656872374936,7274.656885731638,7347.392095257648,7408.828966422699,7489.010603926462,7570.298094889268,7650.126980775623,7737.0504556188025,7825.684479109834,7901.996462415365,7988.262042806923,8077.950341847032,8163.708613023278,8256.816257179773,8351.194219061677
experiment_827,6172.214571949973,6188.472029838624,6206.717124539967,6225.620007798667,6248.538311914689,6268.290917739528,6290.91547697323,6315.138321798431,6341.476971204174,6372.3674548100835,6404.6643038616185,6440.027006807232,6480.007373913308,6521.3429698626305,6563.320018785101,6609.733830840185,6664.528827205922,6713.434368990375,6776.235794457126,6843.276799390565,6914.73890122442,6989.862859295086,7070.118193776383,7152.946350765393,7228.1449190270105,7322.962349650077,7414.100128101809,7524.719018857373,7628.707016421028,7742.222657679165,7860.991305074259,7983.586685842113
experiment_828,6172.214571949973,6203.655164749814,6238.698449138146,6281.835224825358,6334.523485778401,6384.7554218711575,6438.947647940271,6494.809909786409,6534.850169004603,6605.7066376569965,6678.382122790932,6755.160525774153,6837.257521882843,6920.697884312322,6995.838376637814,7090.075756009387,7175.8669329101485,7279.207929082235,7385.369799220849,7493.166695477632,7605.4657457360445,7720.458344984278,7835.588269806544,7681.514028710317,7878.5001039017825,8004.865448273435,8137.348092726691,8271.725006017883,8410.024199327458,8546.207262321055,8692.019907294949,8832.216930376448
experiment_829,6172.214571949973,6152.386053636659,6130.254067446261,6123.265612538726,6133.62049725534,6138.890425816267,6153.371274197936,6176.206696397051,6218.063057683899,6257.709365858697,6307.356047713882,6364.4945589356375,6422.550618420382,6497.387668415979,6579.953096570396,6669.310495401729,6762.694751940312,6865.605234585581,6981.584940415127,7098.363587873153,7230.878263210876,7367.932123711373,7517.939670601399,7673.956784575599,7700.78884105124,7866.9365121302035,8030.5902522365095,8220.776645842867,8420.746944904635,8626.028987711983,8846.291587306867,9085.207461430491
experiment_830,6172.214571949973,6236.275524029932,6294.895913803353,6361.172501029027,6434.410717895115,6491.906656558756,6555.533013809711,6620.096402290575,6683.161502788631,6745.743369855283,6816.0053802801995,6885.032415262662,6956.863069221639,7028.67849411926,7104.833346435233,7181.8863148743385,7260.498073943256,7341.401277762198,7423.964438418598,7376.1375347197745,7455.971441901897,7536.556618883273,7615.941244785207,7703.1210354582045,7779.931608738536,7870.21058808952,7962.647453272684,8055.25880646143,8154.098601455523,8255.289489601433,8355.409915448303,8454.541853731833
experiment_831,6172.214571949973,6204.060102709671,6231.499907331697,6261.422645993546,6298.1575503308995,6326.768886584354,6355.893534058987,6385.338420683043,6388.481461580475,6419.202444046434,6451.025553637071,6482.706431612456,6512.727754085765,6547.748062674584,6582.243867057923,6617.0070407003095,6652.745728556703,6691.010207794747,6730.0305474222605,6770.928099335215,6810.381317219155,6837.997367948513,6883.071611955203,6931.390739510195,6974.704207747396,7021.3894690900215,7073.100029688225,7129.016478997142,7186.289439758935,7244.774136005847,7303.361549934405,7363.072488825601
experiment_832,6172.214571949973,6248.275429129022,6317.5912461970365,6391.996376219103,6468.453724380037,6536.286216541542,6604.960304197841,6675.156684261742,6730.424960929111,6801.456514859588,6874.168833699152,6948.85779619319,7025.922833063459,7103.271273854705,7184.603681390581,7252.161988731166,7338.261481934245,7426.660385086305,7377.877877639604,7464.798309422498,7546.060208411296,7640.180422816149,7737.9681642455125,7833.414118738863,7936.397879997617,8031.916122929124,8138.767961631811,8261.201379878396,8379.893064783742,8499.29073435043,8628.92222032107,8769.466717030598
experiment_833,6172.214571949973,6169.858312002417,6162.7296267549045,6162.333926162021,6171.387588188201,6173.322633838117,6179.4566258268715,6190.089102211996,6212.887238399766,6232.011558392684,6255.788496554567,6284.529718284606,6318.236654993349,6356.473020408504,6400.411519107626,6449.593901208712,6505.894016728533,6566.369265447595,6634.4816449678,6703.639607325247,6784.650632943241,6871.602143074037,6966.602276059275,7061.858249079069,7171.0964290458505,7281.980581048825,7400.626305246551,7531.184807573802,7668.5969465254475,7809.040177054969,7964.97570520208,8118.46348099633
experiment_834,6172.214571949973,6248.807194817258,6316.321384063033,6385.994730782188,6452.291135155168,6509.575659639109,6566.400483668334,6620.774429239445,6650.627112851642,6703.210226878797,6737.749718823391,6787.047872714966,6838.283575308866,6888.353095925253,6935.041585469534,6982.749223052185,7032.255633089516,7079.972712106768,7130.921258694712,7185.719385798493,7238.37611151575,7294.921729175872,7349.287192889948,7405.382760163315,7463.097858252771,7521.914877941015,7329.953207260874,7385.557768775998,7444.386938182877,7571.343838619968,7635.964254874034,7702.3360354984925
experiment_835,6172.214571949973,6216.964561805886,6253.546572879324,6293.851977362925,6338.503386131817,6368.806250502954,6397.57908471244,6424.718506865213,6457.598625967916,6481.4824264616955,6503.294135285285,6523.283042067731,6543.064678968101,6562.158026832414,6576.033253455523,6587.84397983501,6597.623809885587,6605.569377019203,6611.3213677324175,6614.842214285356,6616.825666197596,6615.877937609285,6613.817833679808,6609.0120482086,6602.121952046275,6593.17804436654,6582.28022955654,6569.806796507968,6555.10643354075,6540.0355785459815,6522.083694402306,6501.907089161903
experiment_836,6172.214571949973,6219.093309592521,6261.603539589383,6311.21755689581,6369.72666070038,6417.8597185444905,6469.683269521637,6527.208138429613,6596.134928917427,6664.380178289429,6738.539903553599,6819.670254460409,6907.737475769655,7000.864027897096,7106.934916462966,7221.828307167608,7347.144071703471,7478.6773131797,7627.463473781516,7782.673997692242,7953.541646195186,8033.773830408781,8227.699558690121,8427.090992109672,8650.77687589833,8885.670524865998,9140.45888046778,9423.072670565914,9716.160774787675,9945.382096774687,10267.155861411438,10604.495953057773
experiment_837,6172.214571949973,6155.2698014988955,6137.254503800192,6131.82945537251,6141.001062220192,6148.357933166278,6162.263529078651,6184.584969869176,6224.986950071734,6261.65316454017,6305.547295187912,6356.025651276825,6411.201680789416,6475.5213185590965,6546.412495042323,6618.74548631827,6704.13171705885,6795.864689625511,6892.2390835930155,6999.232086703784,7116.40615167963,7233.731018758554,7369.033103153804,7513.244190653379,7665.545317152491,7834.987537459578,8009.665057696201,8201.490722990615,8256.954315304807,8456.442920586574,8690.061171073277,8942.049566248632
experiment_838,6172.214571949973,6225.396340788153,6271.868417241749,6320.0290552219785,6373.071990420552,6412.191181373459,6449.972011625001,6487.889047089906,6502.19995742703,6541.786692501644,6581.974034731884,6620.859041328262,6659.219421628282,6697.1509594293475,6736.214509845669,6774.287470668627,6813.721417062767,6853.736545486059,6893.3632458775355,6933.753710865312,6972.435022318679,6999.558474254107,7040.644345296221,7082.552073936465,7126.213751435057,7164.820242755184,7206.499246924144,7248.382013646534,7296.923279610769,7344.067236777852,7394.961214775531,7444.890552577759
experiment_839,6172.214571949973,6158.558491574913,6145.278824920618,6142.601450878989,6152.049751023572,6162.363756910492,6180.469992191935,6205.5010766800715,6248.045504944998,6288.255459662121,6336.633549476437,6389.704680481224,6452.098707402727,6514.5983620192455,6591.073269153606,6673.939480742843,6761.955928622385,6853.5813431029,6954.311436596672,7065.500632710702,7173.830995775279,7297.9417813062555,7424.921990839539,7561.71354116134,7704.302429851444,7854.46324705191,8011.3965972490005,8174.1852786798245,8344.463500728523,8504.75371212405,8491.55028748114,8708.151954791612
experiment_840,6172.214571949973,6153.456178429289,6136.976853321381,6132.950009503949,6143.360748742442,6154.744343463946,6175.714239916497,6206.349450342057,6242.118879617279,6290.191040682808,6346.980562237897,6409.756562707631,6475.751304850997,6553.776773591622,6633.302819750524,6730.407682069586,6833.834377417258,6945.6782700062195,7061.889579472814,7170.751447690853,7302.696588338645,7440.84459392441,7580.1194471215695,7731.69443051994,7663.000010655796,7813.549934702993,8026.436148034816,8195.801387354704,8375.858463823115,8564.333345657622,8753.380813092754,8953.302723268818
experiment_841,6172.214571949973,6200.179300417486,6222.286821403148,6251.117493779002,6288.613520205907,6315.317026122833,6344.196280626951,6374.894964723138,6409.491017822014,6442.794850191021,6479.302696918652,6516.699230704692,6556.845220104093,6598.598566282889,6643.97270545591,6691.881550301143,6736.732586258386,6787.185286873695,6843.513092439391,6900.0008774979,6961.8043125821805,7025.515153495719,7088.004022616898,7158.805498537415,7231.696118301188,7309.66871512971,7390.3093133217935,7474.922081566703,7562.643899916838,7654.462959476457,7622.591634531235,7719.515255858178
experiment_842,6172.214571949973,6194.85221380057,6214.8970532648045,6235.364216168817,6258.433853967601,6276.020708670321,6293.334117265458,6310.908229921402,6319.292174827937,6340.372089550531,6361.920248217606,6385.245835976093,6407.32704152264,6434.6759810033545,6451.390714703507,6481.675036537652,6515.101075095763,6551.037757911466,6589.564765011846,6631.767126561099,6674.600663901621,6720.33961161969,6770.226350577586,6822.503969842751,6875.286402567708,6918.529207321984,6980.444057332796,7044.263926312034,7102.53056598086,7176.096075096954,7243.08383029477,7103.207886828774
experiment_843,6172.214571949973,6205.593564880452,6243.6354719767405,6282.985387523572,6329.780276211732,6370.365673566694,6412.083201605254,6458.289167710764,6508.411088314752,6561.392105196141,6616.560534772012,6674.793320097297,6735.930887257566,6799.476068218142,6865.308031655754,6935.254063842915,7000.719710540445,7075.205545844198,7146.849246741109,7220.270134702195,7299.963324213788,7380.025728731639,7464.874996149963,7551.700425972846,7639.980424948564,7727.857192752582,7821.955048035821,7905.539248416311,8003.462502317248,8100.978720265932,8199.393577543418,8284.66426866855
experiment_844,6172.214571949973,6286.9376594739415,6394.382201651792,6503.367039117344,6616.046698517441,6714.281159841195,6811.056432449552,6907.475062300237,7016.268019643352,7109.309592909429,7203.484061963227,7297.780445990955,7391.108563707679,7484.568571874291,7578.976151347677,7673.77078912131,7767.974499523601,7863.055000436883,7958.763946463727,8055.348185148339,8152.520968353638,8248.491136977145,8346.452009854844,8446.736691000413,8547.94848821199,8651.39106098792,8754.07034090731,8860.379425029463,8889.156202718237,8995.627604271189,9106.045953588571,9219.123937625314
experiment_845,6172.214571949973,6212.641101603361,6244.006171630628,6281.16796989994,6326.199795890561,6359.142834730055,6391.095013351556,6422.040807232443,6462.389000593279,6491.1040055593785,6518.633779812394,6544.858912643331,6569.86785103743,6593.555030438514,6615.894847694498,6637.1637675024895,6657.334693197625,6675.279992393896,6691.923144662662,6706.776818921087,6720.889710706493,6732.58039946711,6742.8581713699905,6751.578533235673,6758.264808618124,6763.300713360016,6766.914636954723,6768.582920430795,6768.222125439806,6767.107946757663,6763.314843666571,6757.262060946616
experiment_846,6172.214571949973,6140.958513902982,6103.957705488505,6082.159892177459,6067.859318007819,6045.088246355315,6028.53635622513,6017.536657833047,6016.976708740458,6017.86842722075,6024.712015836751,6037.35119918177,6055.659516328548,6080.411595558739,6110.723544297651,6147.15070023921,6189.573909908304,6238.017103346161,6291.55057222548,6351.516523797004,6418.443484056999,6489.974508467229,6568.69796642742,6653.829147728268,6738.435330541329,6835.584192599588,6938.1809260292475,7040.602019214839,7152.424246053054,7277.250945570175,7408.918055857597,7542.5282112505665
experiment_847,6172.214571949973,6185.16794674576,6194.069312761485,6214.062671827434,6245.100317501197,6269.157646194306,6299.772227258833,6336.107215797556,6380.11123618137,6428.678054147611,6483.860035229646,6545.144068357434,6609.544819078221,6675.475121727812,6751.998937556145,6837.062179161185,6923.539147358679,7020.080269419754,7122.139018301104,7230.900028848757,7341.974772916982,7461.314828107831,7577.440176409469,7713.402407724228,7853.222101629621,7998.452807128912,8128.234887957924,8074.644844694234,8267.203096676887,8422.415472460176,8596.508907870491,8773.54258977277
experiment_848,6172.214571949973,6185.546980145199,6193.617277406613,6207.011966605405,6226.907370743045,6239.441972726118,6254.860940803543,6273.062012045164,6301.306692146302,6325.10428734794,6350.867232623398,6379.704105344554,6411.8579564699485,6447.181286474774,6484.686260375109,6526.394522938443,6571.148248389766,6619.12552907075,6664.435287479629,6719.879503202012,6779.368203998821,6842.698538028508,6903.1336455603105,6974.115312096119,7047.5005834969215,7128.945122134034,7217.330184631819,7312.871844868896,7412.248201409788,7505.206231968259,7626.714540404561,7747.105346117666
experiment_849,6172.214571949973,6194.565115300045,6216.716268484224,6247.241103318385,6287.749005330666,6322.35383841188,6362.4660599684685,6406.80885139622,6468.397583137736,6522.943859608857,6577.52228065492,6641.090927993974,6708.800503889388,6781.141590403136,6857.550460377086,6938.799693027535,7022.601595784987,7108.189720464241,7201.746860266093,7298.943071852131,7400.480507674464,7507.407091727055,7615.391180636244,7730.267027684542,7847.634344575601,7972.261958130916,8101.200413069593,8238.231237594944,8378.564684982906,8528.113497419386,8685.802083564718,8720.963307015325
experiment_850,6172.214571949973,6233.090499856191,6291.815015008795,6364.6269968754195,6453.155129315307,6527.549920665344,6609.778232774937,6700.795963152147,6809.045856448288,6914.9488714964755,7027.466532894134,7150.64348880522,7281.029039346604,7420.1768859203685,7567.338965901099,7721.968460565903,7886.322227511723,8057.982804627931,8232.693100119672,8423.068318127152,8621.902099232615,8722.09182602874,8931.908664027054,9154.897241759678,9387.985184548848,9626.506343628529,9870.269668141733,10128.975438025771,10319.128597362142,10590.054035731539,10886.838752175707,11191.23280221041
experiment_851,6172.214571949973,6221.749403848234,6264.081832213388,6309.161975801691,6357.962066998769,6393.806878285004,6429.186910937482,6466.43428887096,6482.173621882509,6518.655099949522,6551.701553333289,6587.458515386235,6621.591176836697,6657.30805751158,6692.267781572361,6727.609406071302,6762.927370452504,6795.438690066625,6830.704287627368,6850.760835863411,6885.652674002864,6921.456848889272,6957.855980059896,6994.34573774594,7030.066798196816,7060.212445491348,7094.935867884062,7130.70635066484,7174.363706795046,7206.091185507412,7245.353079273047,7281.503309882091
experiment_852,6172.214571949973,6174.837938491458,6175.305281044964,6188.0775941085685,6216.707577638446,6237.785386678227,6266.812997741874,6303.760436938806,6354.1798746510085,6406.7589291235545,6467.208864695337,6536.828173759934,6613.791465268916,6700.684347482599,6794.415696549307,6896.9798670159325,7011.388604545436,7136.508402953106,7268.6389972926,7413.198489560927,7570.7604445196885,7740.563961766534,7924.083785368333,8118.066015935141,8229.324424191345,8449.771611161377,8682.876573978028,8933.78557848475,9194.768424634636,9481.129051473039,9791.813425498083,10094.762594444173
experiment_853,6172.214571949973,6185.143535520307,6202.736659207871,6226.501596450245,6258.025739477186,6290.626397821932,6323.360113918137,6368.347642851049,6397.729226901887,6453.966744789117,6513.503284326256,6581.730592093276,6652.562573856503,6729.195023025146,6811.407439228705,6895.830518197878,6842.467365679352,6931.378817753874,7025.259240173402,7121.885426536615,7218.663782763328,7321.773967363775,7431.000832343567,7544.252679116376,7655.776855267318,7775.963632210207,7901.468393016183,8029.2631791209515,8139.867022061763,8277.946069511538,8414.114092102902,8567.472416828346
experiment_854,6172.214571949973,6176.50615100315,6174.880309513957,6179.9239553039115,6193.194540603059,6196.3602259289,6202.377439367088,6211.274757073992,6231.65995462933,6245.820390605346,6262.377446782228,6281.463424504562,6302.670605478977,6326.0751811554355,6350.804801546852,6377.832383075373,6407.429800740748,6438.173025320394,6471.720539404647,6506.858178884222,6543.588352667391,6576.697410296423,6617.864822943258,6660.480822039441,6704.700919721212,6750.948014162286,6795.138102193361,6843.446174523342,6897.443348932704,6953.319439160452,7007.754939330457,7063.012620623638
experiment_855,6172.214571949973,6172.891401271896,6168.903089173973,6169.443840109055,6177.2846032637435,6182.335140612189,6188.773302843989,6196.542295701176,6208.77337808101,6223.736495088707,6241.146464842466,6262.197697121215,6286.6728264125795,6313.601901710706,6343.477208883178,6368.628494473012,6406.775523686941,6448.285764068063,6493.310795075435,6541.000809585996,6585.218761483253,6627.43540478658,6683.386445864514,6745.175614919141,6811.146895885562,6877.461562205179,6948.801560735252,7020.510282420044,7080.51148404942,7160.3972299625375,7234.340856271188,7319.862203799796
experiment_856,6172.214571949973,6224.877412718448,6273.329242235932,6332.645057553862,6405.564384522973,6464.73551094591,6528.933941729039,6597.838608633074,6678.288857301539,6756.158311719193,6838.002808412778,6925.813404231141,7018.896661799476,7117.741247368027,7220.224228187012,7329.752812017515,7443.126539339121,7563.822321239696,7691.941485586901,7827.498319720908,7969.946492860048,8118.725155793968,8276.661426386603,8441.976214657636,8616.218526427918,8801.905186319043,8913.276216561131,9117.207890819878,9334.115123717349,9562.869222235011,9817.07650599016,10079.051452543306
experiment_858,6172.214571949973,6216.3566589506045,6256.053944631694,6300.557414696765,6350.669109569364,6391.378502217402,6431.737588707099,6475.423088350139,6500.347408725011,6543.61642421737,6587.593159471713,6632.349339031985,6676.316219745731,6721.377690692092,6765.687833182651,6810.013642134769,6851.001807707735,6894.0554778298665,6936.066438241936,6962.063855495706,7002.634255233531,7041.474813997755,7078.541749722061,7113.916188652146,7148.28118269309,7176.323579378241,7205.765338570842,7231.217900024493,7253.4267233848,7276.263594616164,7298.776934919177,7319.846004893494
experiment_859,6172.214571949973,6227.060475806693,6277.241217998543,6333.836757061478,6398.3900866331205,6451.139702654329,6505.16118729299,6561.867004226806,6628.212297525157,6688.4372390798935,6750.088328228347,6814.605097895835,6882.039202029574,6951.467675354357,7023.578327035102,7098.449857142841,7175.924619836729,7255.652224013627,7336.915611511806,7422.488639350882,7508.8138597840825,7600.877615203828,7695.279848711337,7793.9651284924075,7896.470830827851,8003.2969314409165,8113.756189602639,8228.632236286881,8349.304314306126,8471.164775416337,8599.16553641585,8732.824827020664
experiment_860,6172.214571949973,6161.3048387152685,6148.766234092709,6147.646211381534,6159.766207663125,6164.811767663222,6177.62915887845,6198.262133099024,6227.14357688215,6262.902005034819,6305.5215043186145,6355.431031135917,6411.501272927594,6468.091330586294,6533.936857940607,6612.811262653026,6695.077165654459,6788.25506245659,6886.958585573464,6992.54442888039,7108.645907560856,7118.541852261466,7239.278075064103,7370.940838896338,7503.830752082091,7642.563042876552,7799.316707390975,7962.964199772874,8141.493144549152,8325.078163750866,8512.054387698849,8725.603282114558
experiment_861,6172.214571949973,6220.023782187237,6263.792507840812,6313.279983070613,6370.659541453066,6419.176946110518,6469.370856349304,6521.207375480256,6583.30110436072,6640.915518521392,6700.085850903319,6761.133359976782,6825.52125862317,6891.485177567131,6958.413595882823,7024.523509102962,7096.354329162913,7169.524928403413,7244.394671963548,7319.796611159281,7396.599552759056,7475.642583186993,7555.058325849652,7634.917472037865,7716.402744014823,7797.397655972371,7880.0181281914165,7962.644982924534,8045.673414123492,8128.314791523529,8211.433387887679,8289.352970580721
experiment_862,6172.214571949973,6174.802963047321,6171.406769274292,6171.91404846259,6177.9824994990795,6176.02645646065,6175.959160022963,6178.285985792122,6189.617215126179,6196.427771868582,6205.548939099698,6217.294132148126,6231.534104655664,6248.373212943046,6267.977708488682,6290.4474888055765,6315.151557999132,6343.589202567759,6374.525062320645,6409.429858903191,6447.654942249292,6489.266371065263,6533.172512109322,6582.328471153505,6634.0031766602,6690.168325607612,6750.358560234672,6808.3345013953585,6876.477097713623,6948.999991239985,7021.004579894417,7100.172309058644
experiment_863,6172.214571949973,6163.194656750814,6154.063775774707,6158.396680145799,6177.425692758046,6193.473884170844,6218.097418637383,6252.775306320207,6305.600646527417,6351.769281878236,6413.0658870696025,6481.738644005598,6560.335549267289,6645.87986971291,6736.311637765904,6838.724749564035,6952.792684388767,7065.344108586776,7196.1394506683655,7333.483502628595,7481.380704911393,7633.082352785545,7800.782601672538,7970.1566919928055,8152.6639425260055,8342.12175782706,8368.577291169802,8570.75204105075,8783.830918960168,9001.852773563596,9232.13100591904,9482.219763656949
experiment_864,6172.214571949973,6175.808897978626,6180.041456655123,6186.372553306958,6197.010530227182,6201.887869183367,6209.387243842379,6219.294561663133,6227.571550290099,6242.8246546848,6249.599173130335,6268.103779435539,6291.600584582757,6313.11219383333,6335.724300071362,6365.065925927103,6398.649253482181,6436.732150572902,6476.540861166086,6519.7589114761395,6568.405947006563,6618.511082170082,6670.125399000795,6727.317098887231,6787.060118510099,6850.589704087852,6898.923307902498,6968.914849551103,7035.625055180228,7104.831187589078,7185.7823635964705,7267.190892695277
experiment_865,6172.214571949973,6170.989024520308,6166.243946324289,6168.2397246153105,6178.870757155362,6186.815816845372,6201.9176160906345,6220.55381671692,6233.751379391955,6259.570472598249,6289.73298724308,6323.343862085553,6361.878867687603,6404.585392532729,6453.0894330241445,6505.965395020723,6557.178913079544,6616.125484476441,6674.721349856876,6749.194197974139,6829.304816179389,6914.992864952577,7007.558261166643,7087.65393863972,7192.7781948446645,7299.765653446926,7422.589827276832,7332.8440209453565,7520.013048291694,7658.377236178672,7795.325650246827,7966.882576299301
experiment_866,6172.214571949973,6190.7246784870285,6210.537912845166,6232.382265304238,6263.333008601423,6289.788965536337,6319.2634965207035,6351.4048211692425,6365.728608257552,6408.697223741205,6456.087191042343,6504.624661810712,6561.441167099017,6620.160740409923,6683.676805895868,6753.059782327673,6826.959744724885,6888.805003740124,6970.9927220329155,7060.3427502211,7141.225280036808,7241.312622318337,7344.231603185706,7454.306743857538,7568.176832347459,7684.853951044624,7799.9490148764735,7658.6160490725815,7848.126121044871,7981.158352746408,8119.418659164259,8274.017760426894
experiment_867,6172.214571949973,6222.663369648244,6266.21842040676,6312.085904963812,6362.966316581453,6398.193204125789,6433.772310104312,6468.704030718255,6477.995809440291,6511.070388073045,6543.533246149988,6574.288179784153,6604.675649391808,6633.849393846567,6662.483141559407,6690.306512742525,6717.118485407309,6743.979775219888,6768.736392294986,6793.85900141774,6817.543781987687,6841.644261371673,6865.323768164968,6888.631720525058,6911.069249639604,6933.746531223987,6953.40393953087,6975.615107501498,6997.232260122251,7003.763282996322,7025.412889923633,7046.166997996984
experiment_868,6172.214571949973,6209.037383429389,6240.514572818791,6281.938986976069,6333.8744291792855,6376.020581031238,6420.235993185523,6468.4705022468925,6522.221535443314,6575.006232997945,6631.6657275415155,6684.50873458382,6744.123640903999,6807.497926745396,6875.537891086272,6941.74886931763,7016.216306328859,7093.267455290864,7174.279199520433,7257.419702007847,7347.781891803516,7438.33609739558,7528.649172088492,7635.152979538171,7597.756859184961,7687.721312682841,7798.693194089661,7911.786117193182,8032.342245495205,8154.039704360203,8279.84081457949,8412.72846014966
experiment_869,6172.214571949973,6231.958317659457,6281.728025564851,6336.586759588013,6395.674122717575,6436.6384004861175,6479.397312244731,6522.352393854376,6544.5726315056345,6586.122226646653,6628.58169146314,6668.541835702072,6707.875927464428,6747.665700981499,6786.323051427948,6826.137658031826,6865.67412627751,6905.174138006453,6944.842951743998,6984.642487898253,7024.2023004558705,7064.6057921742795,7105.5931963741605,7144.88237532922,7186.681521985203,7230.398358916698,7274.266419801167,7319.340355492908,7350.900597131613,7399.218957984223,7449.463540116729,7501.497364169665
experiment_870,6172.214571949973,6242.0614402332385,6311.740426809649,6391.170565535855,6481.242982781323,6563.489516802696,6651.180434955321,6743.720048023921,6848.328068675639,6952.529575666973,7061.643917269134,7176.512194864608,7296.268303081407,7419.702914633009,7550.010074375672,7683.214345390852,7823.174350589752,7969.315375120551,8121.521872730596,8279.464893157781,8442.372891719026,8611.037090778424,8786.403510960059,8966.137540016924,9152.509261895691,9345.056471342385,9543.776768568081,9750.671855907152,9965.297682514458,10189.517690830748,10419.249763091659,10558.667980579316
experiment_871,6172.214571949973,6159.29932909731,6143.15210067267,6138.0908727705955,6145.108402775475,6148.356959667015,6158.387802565281,6175.388305201297,6208.44321535743,6238.868194257913,6275.793963387392,6319.476992258746,6369.761277257654,6419.928117569633,6483.786825085645,6554.800928069703,6631.786510124256,6714.812170744355,6801.179693804287,6896.533860079362,7002.200070352463,7114.386374270456,7224.388007918059,7350.194093611895,7479.873805410166,7617.893619196367,7765.031423057272,7923.839793172196,8077.972587069749,8096.2431697136435,8261.09803425464,8432.58046540917
experiment_872,6172.214571949973,6186.718677594863,6203.802470476427,6224.082723394928,6253.479907622739,6277.534734068978,6306.492633324089,6337.821951996247,6384.696332834397,6428.758059261285,6478.958167544819,6534.292015457858,6590.153417234485,6656.429600389649,6729.61470916456,6811.782477492767,6900.402351952907,6988.903019959018,7091.668805405727,7199.794329779443,7316.020897380754,7436.544609664978,7568.136622735739,7706.8884443797215,7852.94958618515,8009.480833085626,8170.626473253854,8340.348053569252,8356.076621984199,8528.261721160772,8718.082974787369,8920.83589597202
experiment_873,6172.214571949973,6345.631173271353,6504.29313379823,6664.823209090862,6831.683959353937,6979.093305175635,7119.90951554855,7254.997320390508,7395.180797058025,7518.501591349195,7641.18885828308,7759.209166498302,7867.950661878016,7972.609816666926,8072.687691969402,8165.590057612182,8252.953369822775,8333.726437727817,8409.041559349736,8479.673862757742,8542.701649327857,8599.655976956332,8640.558389041122,8684.481632326024,8589.613100711336,8619.321386969168,8641.784082215137,8658.663137886906,8670.085252204643,8675.034256769388,8675.849893339622,8670.9172104754
experiment_874,6172.214571949973,6155.5086674278045,6130.463217176657,6118.823619950177,6111.566371089395,6097.482497046363,6087.078028526098,6080.244152634169,6080.345708614769,6081.289397875318,6086.161727856484,6095.195239702239,6108.9841093208,6126.99326596406,6149.9253534581285,6177.757389326877,6210.394454600444,6248.462538231808,6290.90846691117,6339.561003182755,6391.798423108974,6449.991656490033,6507.1354164250915,6576.576389044421,6651.299483201097,6724.153589812971,6803.101148115466,6896.015222888516,6995.51181752907,7098.3994454356325,7194.252999920706,7300.544587050643
experiment_875,6172.214571949973,6195.865146724762,6211.893526747661,6235.053066771814,6270.053038428738,6292.271795084498,6316.416861456351,6341.974010152484,6375.84688954239,6404.457608240255,6434.46988210233,6464.9649513603545,6498.326188509046,6533.1218606149,6569.113751400007,6607.142734509076,6646.514481315233,6687.336806940368,6729.314348522465,6774.154181224372,6820.747544731416,6864.206709755488,6912.09808548243,6963.5428184697375,7016.214125764583,7070.890691526965,7127.05710429238,7183.67188222953,7238.85375111907,7299.306410166495,7360.986072584577,7419.4345895111355
experiment_876,6172.214571949973,6268.272925443345,6355.687842112421,6446.7023813525,6543.595589841938,6624.11405241086,6705.265849358884,6787.3093105010075,6880.126917221598,6965.76306403271,7052.132526661885,7141.283507872318,7231.5810602835245,7327.859668209746,7427.025020744506,7530.491647570948,7639.411095352065,7752.545716704944,7871.149180008131,7993.99884544632,8123.473693459433,8258.150468559112,8396.558080216644,8543.562832937067,8698.614248997177,8861.759061393863,9031.62617063877,9091.795191643712,9268.35319002537,9455.31898892979,9648.708751206355,9840.686910964283
experiment_877,6172.214571949973,6215.155873299567,6250.73032468393,6288.211263199982,6331.003953175703,6363.192313418142,6394.026045199914,6422.507969304226,6437.5274321864235,6464.579788276654,6490.108370245378,6510.78458081938,6537.2423453835145,6562.227143621059,6587.860299727826,6613.672781596132,6639.543897221956,6665.469976462334,6691.751164711825,6717.94015687625,6744.871159786929,6772.049928434813,6799.789090364487,6828.593375385772,6858.187253723322,6887.036199370637,6918.063021393246,6950.045971766789,6982.99994099943,7017.052685729074,7051.6731218556815,7085.406499476474
experiment_878,6172.214571949973,6175.334116627364,6172.000126773441,6176.787547336746,6192.400124090749,6198.366031487416,6208.333027399947,6221.545551075909,6245.302140032646,6266.308430535537,6292.528637898662,6322.47137559245,6355.585866516767,6393.975062400935,6437.264254320911,6477.653669638671,6529.888513055055,6586.412193056573,6647.43948731505,6712.589923301759,6782.032973092302,6850.233559735666,6932.890733382824,7020.375518763026,7107.501129927643,7206.721326585863,7312.738935258566,7420.825558190401,7540.096091246817,7659.810317760053,7801.446124793549,7789.520467780971
experiment_879,6172.214571949973,6180.225544388653,6189.35104208742,6201.4638918118035,6222.153936732169,6231.840275944287,6245.354718850673,6262.124560136698,6288.599848428582,6311.928858122931,6338.0739505048805,6368.4318172100275,6400.689911140784,6437.648021212112,6477.95294529732,6521.592098643204,6569.071993598967,6614.337984419288,6669.528025965823,6727.9668772835375,6790.760054090024,6856.622817891747,6927.241144364537,6998.485871329227,7076.298168834326,7157.094960026349,7244.770589606504,7332.946982118998,7424.482598130147,7525.18872178889,7628.727794821454,7738.388897744703
experiment_880,6172.214571949973,6264.747896485535,6349.1874800215855,6436.9020630797095,6528.372201507518,6609.249420526998,6690.00567710733,6770.236494779056,6831.270135220863,6911.147910261581,6988.9418826941655,7067.636696615058,7145.778903944502,7220.427114526712,7299.006732291698,7376.719306656074,7454.641875955353,7521.293759508596,7600.959425611194,7680.9949124757195,7761.119928038332,7840.917721964802,7923.307720762533,7990.487844015029,7844.451198343093,7921.684667014517,7996.030452565464,8125.3070134106165,8203.187609988468,8281.047975864738,8341.249151587519,8423.035610641007
experiment_881,6172.214571949973,6233.662614254432,6290.989704809874,6353.615151632046,6423.1867890861395,6479.387052174551,6538.064418977243,6598.759905370209,6671.6412194004915,6736.388720008546,6802.790972357097,6869.913046056823,6941.265223424223,7014.624707746504,7091.007382970888,7169.898360831079,7251.518592677938,7333.774100082817,7420.966596468481,7508.795414933043,7602.04723938781,7697.616672464993,7798.036972731254,7903.576584365332,8011.868413288294,8122.93951803079,8240.501935819346,8361.2420528412,8485.616989980408,8618.213024086057,8755.000022008953,8897.720037742325
experiment_882,6172.214571949973,6170.783798801287,6166.569120623541,6171.995688265952,6189.2424849543495,6201.813167091232,6220.144249601957,6246.033608863221,6286.492160442565,6325.500599105579,6370.9808335140515,6418.622034141697,6480.319442464153,6549.546105525653,6626.224971682506,6710.917313994549,6796.2461276187005,6899.298393653592,7007.421137273292,7120.915699487509,7247.836371896326,7385.38030987924,7529.445676350668,7687.152748967738,7851.053832206597,8027.9917077309365,8214.343476214168,8244.184537893327,8443.03361253004,8659.274565156255,8881.285373406357,9121.189341746955
experiment_883,6172.214571949973,6347.779547602761,6511.277728936818,6681.061563274869,6857.784538573354,7016.742448087391,7175.000320841473,7266.930901269679,7412.42780269521,7561.489856157556,7709.559203828991,7853.389984054627,7997.299001471916,8139.0662631612795,8279.928875724858,8416.194811796398,8554.460622356273,8691.707857565652,8821.2599847483,8950.662434256326,9081.325038840147,9208.066916052005,9334.778337514086,9460.09920062913,9586.452455319515,9711.336908640656,9836.385185135887,9955.25106730617,10072.998803779741,10181.086228557337,10302.119189765297,10421.419344350063
experiment_884,6172.214571949973,6213.924097101497,6246.178686975383,6280.663288088937,6321.0856547523,6347.40417987691,6371.65571208802,6392.357241497248,6387.05981147314,6405.542569422929,6421.807176932472,6435.619463078283,6447.057906052651,6457.976138615736,6466.338667596066,6474.106926969372,6480.54671983266,6485.256804442808,6488.644832762717,6490.624963793375,6491.341578099127,6490.722209305012,6488.860841051268,6485.793643092953,6481.598418285904,6476.175232328219,6471.968193581612,6464.273801719494,6455.444721086971,6445.473007206749,6433.848494713292,6423.6417919491
experiment_885,6172.214571949973,6213.281811344597,6250.620875860778,6293.0438030591395,6343.656334155767,6387.793607298578,6433.3859927759995,6483.123287961711,6537.275209669146,6591.1213634023625,6649.7603195575775,6709.2384405921175,6772.776638462493,6840.718264121803,6912.916429035703,6991.795784664068,7074.2915022758525,7156.614385592338,7246.975522141118,7343.483442440611,7442.744021798305,7549.172075930179,7656.145336056767,7769.060709812444,7890.785053081057,7871.133071250762,7987.859096342039,8103.1839170657995,8228.547215786813,8363.248461640313,8501.313439286452,8642.607986119529
experiment_886,6172.214571949973,6169.231532034169,6160.766521810334,6158.148295022773,6164.191151890013,6164.9002196003,6167.629453179199,6173.926276170545,6182.2593616817785,6194.339680499592,6209.48071393843,6228.92003990428,6251.558454546464,6277.914737244576,6306.480818338672,6338.439076600163,6374.321758419965,6413.8698613064735,6449.534720309846,6496.661929223032,6548.15063153866,6602.433628921473,6654.575263832018,6712.2891499913785,6768.653417047952,6838.725072637666,6913.333120087435,6991.424474364256,7074.411668396479,7143.182084176961,7234.167950795943,7323.94433086535
experiment_887,6172.214571949973,6207.826610372207,6240.317402496668,6281.420142654243,6331.130590921395,6375.827741016439,6422.42719059147,6472.20611722874,6518.5834514914895,6571.187417109178,6628.833170565591,6692.2427673855545,6759.10095465576,6821.244813671588,6893.746207593834,6969.514064565725,7047.313062051852,7128.914868271275,7213.803131108946,7302.28625605223,7389.424339121115,7482.604030244743,7569.244718745681,7672.465859814254,7777.444567362045,7889.30314718001,7999.964323677964,8116.33707005543,8222.642919210393,8340.598629426911,8467.848349240965,8600.369425028928
experiment_888,6172.214571949973,6174.583542931317,6171.338222767581,6173.986454007138,6183.982340328601,6188.326231040879,6197.903863139264,6210.354219064922,6223.67558046985,6244.755137747336,6270.428040882882,6300.613128675795,6335.83002026545,6374.61790003677,6421.184215385118,6473.196190754477,6531.427065707022,6595.156099904481,6664.820943899134,6737.524110439081,6816.817510243163,6898.531181669974,6997.0229357295675,7102.435444905797,7215.017000145355,7334.17083862564,7460.953635688617,7598.368331164311,7732.068016331952,7888.717277410633,8052.852438878369,8211.768615490922
experiment_889,6172.214571949973,6190.462202214734,6207.9083595898,6228.472386410572,6253.674901648115,6270.524138880379,6290.755807297833,6314.598164617611,6337.09709902545,6364.808402054559,6396.861536626126,6431.126699852394,6469.560216892913,6511.3053842321915,6556.391246628605,6604.804165952012,6656.573315082927,6711.025264686086,6769.544812369918,6830.398617714861,6894.339109500856,6961.379470931554,7031.678989464969,7102.754108118764,7171.8893565598555,7252.745941509416,7334.588919458368,7419.86797288832,7509.196798552523,7598.843459604006,7694.17324161906,7788.100221211782
experiment_890,6172.214571949973,6115.17886232149,6057.671301560551,6022.576791597476,6002.088015098009,5976.097821403293,5961.691518286695,5958.355483436257,5968.916081538413,5985.738371000018,6012.468296446785,6049.5265172742675,6096.414628219236,6153.641075108049,6221.21518324828,6298.170301485003,6385.825946989369,6485.203630975608,6594.8598659862,6715.379565097128,6843.580504158606,6990.222508954788,7143.633717024797,7313.83279615271,7499.19358280817,7703.826157618807,7925.539937137439,8162.982933854373,8279.681938444912,8542.924361837631,8836.487044735695,9145.920376950853
experiment_891,6172.214571949973,6219.057659062859,6260.196656571253,6303.076272844212,6351.521753807836,6387.677474208051,6423.860975729924,6459.229266814318,6490.966987288328,6519.417391965508,6553.6535367102915,6586.626675624768,6620.326948205051,6653.069285089152,6682.545089617286,6714.967979961411,6739.65368784319,6773.58242617717,6807.901749574128,6842.23830831427,6877.277028138811,6912.35759156745,6947.5416650422085,6984.035781641209,7021.024938837987,7057.984256414518,7093.188234787747,7117.330565392546,7155.944518151406,7194.347087772924,7229.561329261838,7262.869316297276
experiment_892,6172.214571949973,6146.447713588777,6116.879680039123,6102.676775087677,6091.310366259632,6079.368067493852,6072.543769514845,6071.622648172557,6078.8905928085605,6090.518431626835,6108.346368743965,6132.561156659463,6161.66597726119,6197.173253738367,6238.959447453073,6288.2640320139535,6334.0461197873765,6395.256020690007,6453.454297025045,6513.489423185513,6595.410256378649,6683.3166846831,6776.727024297621,6860.328947216077,6966.859201836039,7066.999576099047,7027.5381039515205,7145.583931796251,7265.247383073466,7393.3663333528475,7513.820522110838,7665.213972343858
experiment_893,6172.214571949973,6202.195685209606,6227.909232101938,6256.1306936925685,6291.385504932361,6315.354790732892,6339.846569937958,6364.5925624621905,6362.262301247014,6387.831040437601,6413.671640404704,6440.173859434843,6466.501156907927,6491.089281247274,6516.877523214633,6543.953569422123,6571.103634969188,6598.458105700223,6625.876022558612,6653.45025474773,6682.290460512957,6709.863092151889,6737.523351798278,6765.530655342152,6793.608706822235,6820.769268748065,6848.962761259361,6877.201201512698,6905.451632952689,6933.713655941295,6960.918022594394,6989.103576427747
experiment_894,6172.214571949973,6251.404011652281,6326.135642218174,6408.415373852889,6493.474999247079,6570.18762295922,6649.891450272176,6730.333671363005,6796.678916322107,6883.193135550747,6971.5983064021,7059.878138810967,7153.231676818827,7232.6603560284275,7201.617393546152,7297.286996824903,7387.983570584056,7489.549419540502,7579.659180181519,7682.278130320294,7784.52203947132,7893.459173335417,8006.230193918375,8106.966614010005,8226.700718868778,8352.666923066461,8477.40357103011,8606.63508991617,8744.200172593162,8885.117628444346,9042.624038582515,9200.656079882103
experiment_895,6172.214571949973,6246.045017648848,6309.106186630993,6376.588260112247,6450.543828937709,6508.361788556298,6567.314133140881,6625.713650268397,6685.160099753682,6742.806102259894,6800.763921180451,6857.316723621989,6914.827221671465,6969.228801382759,7027.081021440536,7085.872964226844,7058.261843518996,7116.788456914339,7176.866828892682,7237.478378551934,7296.50961683323,7356.438989601198,7418.023029845918,7480.218049997759,7541.221042990069,7607.010961317344,7673.853778711289,7741.467485126436,7800.733340445144,7870.710327769134,7940.108568420044,8012.394329324732
experiment_896,6172.214571949973,6184.008258885166,6193.729049424543,6211.4131428374085,6238.1816958378695,6262.621922334445,6292.214380559344,6326.492719078366,6373.282949247803,6417.7847244864515,6467.651979491537,6521.669651363668,6581.407495505371,6645.335643721559,6707.93724855227,6781.749764499069,6859.662743433145,6942.5801027705775,7030.342893795407,7122.324475498153,7213.818210201789,7315.044189563422,7418.310627847686,7527.253319847338,7634.565863624246,7751.588155388623,7872.91541090826,8000.269384563309,8134.395200500783,8270.5782598448,8414.379964810643,8553.923611989707
experiment_897,6172.214571949973,6272.8089183077645,6368.359877182154,6468.21456426963,6573.375413997183,6667.426933232429,6762.658859856132,6857.448451571225,6956.474168387344,7052.006664074603,7145.951618816234,7239.026063447967,7332.9830207713585,7424.800912744543,7510.780942969539,7598.879177243318,7685.139192370449,7769.630096111005,7847.0264964887865,7927.825481188434,8005.16766847532,8077.899834705392,8147.403811633085,8211.76937016961,8273.880177605814,8332.289786266356,8386.212812586156,8436.325478684492,8480.676494585055,8518.311047624731,8552.90010363937,8583.112774636236
experiment_898,6172.214571949973,6192.452027921256,6215.585538542095,6247.266590967061,6290.477967473846,6332.39476322237,6379.064712797865,6433.3073535440535,6505.482778720976,6571.953860400849,6645.7236633141465,6725.453322067207,6810.455705139324,6903.1592948113575,7001.461108350491,7108.19282741732,7222.266256079942,7341.198374344234,7466.68562650616,7601.638829634747,7743.797611890433,7895.466200770648,8054.586476679807,8220.19954540277,8394.417387784784,8575.51200852097,8768.409009364717,8969.071705629347,9179.778060415723,9401.444222500184,9630.065948924523,9756.804353341005
experiment_899,6172.214571949973,6163.655483962418,6154.107053062475,6149.0461787817885,6147.17613861211,6150.644103137311,6151.806102999421,6156.326331972803,6157.571896453149,6168.810388731029,6183.319386128518,6200.694907282431,6221.020859323827,6226.752812698456,6252.0540754858175,6281.428132827388,6309.7984213201935,6345.753831658016,6385.612709153993,6430.022590427485,6477.10147981877,6525.80543652799,6577.831201492953,6632.811144891408,6692.240842077745,6738.55931551002,6801.544205164853,6868.751522819453,6934.831315978006,7006.277650693522,7086.044800254765,7169.547576116454
experiment_900,6172.214571949973,6222.651027744592,6265.895553822046,6316.207933949173,6375.304964090632,6419.927412978142,6465.021741233855,6514.634886788084,6555.172315626702,6608.14442326226,6664.527201914523,6715.619220120101,6772.175327464787,6834.8523125771935,6896.88008181507,6962.316192449442,7029.239967762875,7099.485645414803,7169.164993815759,7242.818221732991,7318.117404758819,7395.009073365678,7462.687297927721,7544.636980419212,7637.043527351036,7720.734022394515,7807.7394362861,7897.976515184391,7974.021863915974,8066.896613888161,8161.1327598778935,8257.336802121961
experiment_901,6172.214571949973,6172.91018203575,6169.30921676835,6172.179823565705,6181.25814090261,6183.455551109203,6188.755397133149,6196.961100596744,6218.894049188644,6234.20361749129,6253.559073180182,6275.875955670099,6303.023176655352,6334.2544616084,6369.471370653768,6408.764071926561,6453.229831494028,6501.821236735244,6555.515472142026,6614.5235931645675,6678.459456983044,6745.078481265888,6818.0878800261835,6898.122106036395,6983.734642862774,7075.968101144128,7171.968241892331,7274.179052390613,7382.2487657330275,7497.698974610404,7619.328598115921,7747.499864152068
experiment_902,6172.214571949973,6183.819743280893,6194.364887437579,6212.9332152427005,6244.193780835794,6264.997139396415,6290.281447000711,6319.746562834311,6360.078138270264,6398.693582959624,6440.412480398586,6487.598725428414,6539.416450681401,6593.664921094525,6652.081070359969,6717.256217267281,6787.17968931513,6862.102377876743,6941.537758648605,7023.635312037069,7115.0806675588665,7212.022460441735,7315.523791961718,7424.275200231355,7468.318911504806,7589.61276556467,7715.068854424468,7848.534173481607,7993.018736437899,8145.957397785106,8308.021703799597,8496.76121432148
experiment_903,6172.214571949973,6216.084654931485,6252.9493319043195,6291.3493644037435,6336.619959522426,6370.82178975438,6401.56660761865,6431.516537050709,6441.668360520052,6471.925462858213,6501.068446570391,6528.877689031598,6554.249790689315,6579.7302489608755,6602.9743162460845,6626.311285372945,6648.379906372129,6669.2305367351755,6687.316957291403,6705.296134067443,6721.820551675081,6737.027837040918,6750.45667325532,6762.240709479008,6772.3048111343305,6780.570517196926,6786.738378289961,6791.118473869778,6794.549458449171,6794.596714759437,6792.279234879416,6788.539313748985
experiment_904,6172.214571949973,6221.07782712478,6270.271706850175,6321.277283492568,6387.207966233411,6440.552524588725,6498.6226119384755,6560.277882471366,6634.128466603227,6705.266835586182,6781.371608774366,6860.649305425264,6945.913524461546,7035.600192826791,7125.864057107388,7223.109772641868,7328.092832509544,7436.67973384973,7552.876870155009,7663.548089476648,7788.291395863915,7921.05747308512,8060.010415263892,8208.29989741711,8353.500895607283,8509.755793398474,8670.60867553131,8827.820496789725,8843.567884330208,9023.431965807496,9212.073494502536,9407.58617922617
experiment_905,6172.214571949973,6269.2980359968615,6357.817273160064,6450.700374613947,6548.97000295561,6634.180419843272,6719.166884608649,6803.456276644654,6897.797278769645,6981.95521896212,7065.941483878551,7148.403888292305,7232.507173682874,7315.916992100615,7400.146334399142,7485.807986236601,7571.744385547429,7658.741797665161,7746.959567911221,7835.983247127013,7927.120628621249,8018.493556928035,8110.486456488652,8203.845478645691,8298.100991157218,8390.858538672075,8487.586057184895,8582.945825848385,8678.858655388354,8776.131469375381,8871.090398061991,8967.602393162435
experiment_906,6172.214571949973,6165.792711777846,6155.30029424374,6153.312295273521,6162.1093591846675,6162.934397379255,6168.903623053245,6180.360058037999,6203.146440018254,6225.259901419195,6251.376102248852,6282.75895512758,6312.6627019038315,6355.311001084849,6402.364582427726,6455.841881657757,6513.099214407393,6568.300991240596,6629.248099962989,6704.035708443314,6784.644586465663,6869.852837586783,6961.7164505802275,7056.006681876988,7158.070418835632,7247.998639586862,7354.170569278972,7477.533540516608,7593.589377571847,7719.994714078748,7852.197172847582,7984.260603781035
experiment_907,6172.214571949973,6161.559724714805,6146.677488623356,6141.0117200426575,6145.6181748795625,6143.625142278342,6147.397311646481,6158.183786062231,6170.393395537576,6191.519000185396,6218.061987730942,6250.118924271559,6288.182707321914,6330.528862671104,6378.44092053006,6425.0102779955305,6480.837077584392,6543.513009619737,6608.570013682582,6686.231012297563,6769.872152305588,6856.117807480363,6950.197897158858,7049.179979859302,7151.41622158335,7246.612089710903,7362.910486475532,7477.647469787589,7607.206357357399,7731.764691810926,7867.373431158302,8009.415482732227
experiment_908,6172.214571949973,6218.580874369422,6263.41418133218,6312.515658571167,6368.492333830256,6418.818176037958,6469.342370921343,6522.07267226254,6579.496892331748,6633.7735928891325,6689.02747613461,6739.254501503043,6793.777843829615,6850.866830323373,6908.902103860962,6967.014370281198,7025.8359917885555,7081.201284373689,7139.9858341965355,7195.490557114192,7255.840165285153,7316.735676941122,7377.834064773441,7437.836871521773,7499.444866576549,7562.3639491930535,7623.755314168366,7685.66648436623,7752.583915886846,7818.978055953761,7752.630476051558,7817.432139603761
experiment_909,6172.214571949973,6206.163396670793,6236.707875452944,6272.484472688628,6313.906375117227,6349.2285738803785,6387.506799682273,6428.143862902172,6480.405219080625,6528.202650132176,6578.922677719638,6633.602167748532,6687.396311686953,6748.986247282106,6818.288579582269,6888.869751092881,6962.191197880303,7047.186383299901,7135.604145542868,7229.826574926121,7333.943290671947,7444.558603654184,7552.240493740999,7681.17355494165,7670.96286451569,7795.754084410822,7939.436038236392,8091.679469139528,8254.753804881599,8418.800124496393,8602.834616288408,8858.013035223154
experiment_910,6172.214571949973,6210.435956547644,6253.560826011497,6302.483930974617,6358.366956994843,6413.92109535409,6473.9753173229,6540.315187181882,6616.005047890527,6692.791183769287,6774.024328865013,6859.614187409407,6951.03914603067,7047.676751005838,7144.919375822446,7249.577283990531,7361.984689202806,7479.076158408481,7601.950632916373,7727.396969320656,7854.524428634949,7996.789552120212,8143.199943628439,8303.397841518534,8455.202893997755,8623.196867265116,8638.881427901344,8815.04174685321,8992.26215548478,9189.213001815657,9396.766305558704,9612.956486279361
experiment_911,6172.214571949973,6262.621869641047,6344.504436082403,6422.235468041824,6507.341053170083,6576.887177929422,6642.233212886292,6705.93986135072,6606.198010029482,6668.056055004007,6726.631759315338,6779.014881725907,6834.211222458607,6882.422478650031,6935.782805749839,6983.1291495593905,7034.577227884447,7085.418664154491,7133.218113974854,7179.491616676027,7223.063500257484,7267.716686916534,7311.064504911431,7352.90766349315,7375.678236286334,7413.8407101621615,7458.178681254301,7497.689523158003,7534.378510507243,7571.62383226135,7605.627917951546,7635.304142044297
experiment_912,6172.214571949973,6196.561304333551,6214.932175448258,6230.922949610118,6254.251133950051,6267.165651140052,6277.148262684534,6286.662180219884,6304.862939560713,6313.699721029681,6322.724479627113,6331.938429959849,6341.805696821433,6353.114261597042,6364.438905398464,6377.24276294332,6390.986544543588,6406.977246070224,6425.070788533092,6444.671959637634,6467.602644344516,6493.433047583669,6522.68954498226,6555.476994423352,6591.411502429025,6632.876907880043,6679.317468766145,6727.540867190483,6786.158995989017,6852.400780447555,6928.4903545160705,7012.133063125218
experiment_913,6172.214571949973,6203.876523827869,6228.948793599663,6261.34173493834,6302.625865051934,6332.219498964307,6364.442112828723,6399.025008059791,6445.125362443814,6487.351759873309,6532.654749513575,6580.782536790724,6632.3060390231385,6686.948700021061,6744.76366413088,6805.680461211597,6870.151190888251,6937.859179389088,7008.603461747275,7083.8685943482105,7161.896030169403,7245.518850468368,7330.9992382590535,7422.9951624295445,7521.515611910509,7625.478361322634,7731.580804029864,7845.478219727662,7969.606380191145,8098.870694226407,8239.452390553255,8385.26015599472
experiment_914,6172.214571949973,6249.279352775211,6320.451065981464,6394.308510296687,6466.6322281690445,6534.631248283378,6600.192458466459,6664.612396573853,6709.342056612153,6769.094805926665,6826.664788328468,6883.161893271722,6938.192486391882,6990.669795858768,7041.628041317856,7090.599787507208,7135.6811530436735,7180.80413534308,7223.9900735648,7265.149638064951,7304.395214971424,7339.595057240487,7375.27191383472,7408.769012886196,7440.752319568749,7458.403048584637,7489.328913587957,7517.632045900484,7544.686195972506,7570.342638287284,7594.983635404453,7618.399083524513
experiment_915,6172.214571949973,6230.784990007008,6280.134082247032,6334.955790895672,6394.906696932097,6437.961269480784,6479.484062527075,6521.341723589747,6568.694542993346,6604.0667106369065,6642.298543502653,6678.70107382925,6716.692445163364,6753.649158310079,6789.600510912854,6824.375410664032,6858.618477016375,6892.21403906096,6925.252655642283,6957.034080217512,6988.051572140593,7018.432792721866,7048.178233021565,7077.381230229861,7105.867746875017,7134.140405962882,7162.016392338182,7191.78488936227,7219.455433514391,7246.833844468001,7273.915512140347,7300.955390988102
experiment_916,6172.214571949973,6197.985088511257,6218.23174950202,6247.542390602082,6287.5618395693955,6315.075783028273,6345.981449516114,6379.808139687353,6423.9713607661715,6463.699093593414,6503.140990996413,6546.328780164259,6594.667931031567,6646.034801979054,6700.055741406387,6757.111890190945,6817.1960044351545,6881.637536602962,6947.696135701308,7016.121020100176,7089.057887763118,7167.342798670528,7249.007830264848,7335.530625843472,7422.453796411415,7517.178901252402,7616.889721371118,7718.896546862426,7828.676022500011,7941.305756223334,8060.71225712774,8187.063093819687
experiment_917,6172.214571949973,6195.115471652116,6224.023018313428,6257.546879603537,6299.878083227091,6339.836721864134,6390.1808804115335,6445.55261049459,6501.878555104079,6567.010657858771,6634.500500229469,6712.1269826676835,6795.738488095527,6886.079347888888,6980.079733344978,7082.133766300754,7177.008457104092,7289.3095012716785,7274.565126568255,7381.378602323479,7508.647058054243,7639.482515810508,7769.4277517060145,7919.427002959512,8074.2154608419205,8239.586250020326,8419.497262083041,8617.06098478746,8807.938154439968,9059.822528857068,9313.559858559434,9569.430469614425
experiment_918,6172.214571949973,6268.475942072261,6354.589596313075,6439.6226236971015,6532.479250261591,6609.47668569675,6683.223345489564,6755.210156386263,6809.773285438691,6875.659442686656,6831.902844089356,6890.593426833717,6946.440731820867,6999.325609847552,7050.418654655164,7099.022010945355,7143.042036374929,7186.135110582736,7227.252645443772,7264.898785502801,7292.835643467355,7328.633705886292,7362.174511273817,7391.0788382282235,7420.4190898115885,7448.4072314907135,7474.503333832512,7499.4445867174145,7522.983778266975,7542.691126759193,7564.13971846835,7582.649700651447
experiment_919,6172.214571949973,6183.756449296899,6198.466069403545,6216.257988063644,6238.181821501998,6259.701379257077,6284.495200080351,6314.048743499993,6318.7427978261585,6356.434503833982,6398.6062194396345,6444.880165768105,6493.41287395486,6547.554519706543,6604.992838924258,6665.817673905583,6730.176556410412,6799.299237604242,6871.8144385375435,6947.89863582287,7010.642041972373,7089.9511814692205,7175.1735169732165,7263.697830900131,7349.527191987769,7440.388713878674,7541.343912127952,7641.616253069747,7738.4255344339,7840.722161597472,7940.19941771757,8045.798672311798
experiment_920,6172.214571949973,6187.170281940537,6206.013312913406,6231.661621849099,6268.08324695288,6302.877670269699,6342.716936080349,6390.256153491877,6446.639501367703,6505.871310429231,6564.062878088067,6630.806853112472,6708.859707792441,6791.565829045222,6875.039445511433,6968.793175850991,7065.781137205505,7168.932754989966,7275.5256216484795,7388.080533096201,7504.6369401064385,7614.856784959504,7747.986002953734,7880.01038033471,8010.082835079452,8134.374967238155,8276.058475463778,8416.687119641761,8565.68515271429,8546.475285731021,8691.538553949544,8848.440388094481
experiment_921,6172.214571949973,6233.412137115418,6284.502939677186,6341.670707507516,6405.325814632597,6447.935146256234,6491.922964001093,6534.975270264826,6586.714519145886,6631.533731836272,6675.597360910121,6714.561872285474,6760.646883926931,6807.3618580249995,6854.391474447613,6902.323369086482,6950.87370183239,7000.133155245833,7049.827213837982,7098.918901841655,7146.662465279143,7198.390236589998,7250.6893176961485,7299.3215850021525,7352.09619022661,7405.677013338431,7459.546555497289,7513.5725322417875,7568.246504379715,7623.687319981722,7676.638757146957,7729.233696981576
experiment_922,6172.214571949973,6183.291507516997,6195.0420878807045,6209.8344553458755,6229.132729520422,6245.817312443133,6265.294573701642,6286.561731100793,6284.463139615615,6310.367886826162,6339.899308935698,6372.028116069367,6407.809313475258,6445.891058089623,6486.678581286469,6529.602941599718,6571.689373779086,6618.19254568963,6668.146958194592,6720.599273045332,6627.377329105894,6680.651861467694,6737.222006984208,6790.874085500079,6850.660468037549,6905.398683991978,6966.830591531021,7035.426303107479,7105.024944945377,7177.581190512393,7253.644612985452,7333.544211699318
experiment_923,6172.214571949973,6195.741739524916,6218.439143784295,6244.223178374825,6280.149438123386,6304.784588467965,6333.968357094658,6365.459244358639,6400.389313034968,6430.56947815941,6469.1178739843235,6506.495276692842,6547.62348472325,6592.7502162263,6634.270198263884,6684.519490952818,6736.461918243138,6790.34415060584,6846.023240846232,6903.078799370378,6962.972713049807,7024.257649260015,7085.680074202499,7151.163415139685,7217.732711608792,7271.201212132074,7342.1034974591,7411.252283665133,7489.703325455152,7568.453341811262,7639.306404806516,7720.155461545328
experiment_924,6172.214571949973,6186.126010938516,6201.3613780323885,6217.029335188861,6241.707696143347,6259.3569983478355,6278.601050681522,6298.980547889946,6324.147629067782,6351.206855366121,6379.921206854726,6410.648529294339,6443.315876197301,6477.427122864363,6511.029701589968,6549.0153771791,6590.40283056617,6637.846674173399,6687.818505119158,6734.368286206694,6788.4847596784275,6845.3089743440005,6906.10616286177,6967.997693110776,6919.969113773628,6986.3491105986395,7052.241934460533,7124.220056128021,7198.47162758971,7278.025751854233,7349.681965654572,7435.291974723999
experiment_925,6172.214571949973,6339.027113177922,6491.364932370719,6647.507184041387,6811.168465486998,6952.30207744401,7088.8936974441385,7220.984050432722,7360.192205346326,7482.273464652299,7599.485293572386,7712.309189365702,7819.759549611723,7920.610167308731,8016.11044608197,8105.849512715645,8189.555609981271,8267.258766475132,8339.042483571297,8404.929186595642,8461.974792131485,8516.13905814262,8564.571361820603,8607.150229899573,8644.7678295069,8677.801025784447,8705.346941873175,8726.332373659941,8744.711156215424,8685.99752996538,8695.38478274047,8699.046931755734
experiment_926,6172.214571949973,6227.851133427197,6274.982258125481,6323.713839374368,6375.732257189109,6412.699142175447,6447.0776588575445,6478.930182790928,6496.3833587185345,6525.624366598573,6552.657542113378,6577.119255463113,6599.377222499141,6621.874492810768,6639.14812448388,6654.134956559545,6666.809666950925,6681.2519660966755,6688.28443695152,6692.716588461391,6701.678919904674,6700.564647641884,6697.427810620979,6690.885799700629,6689.217128262588,6677.1254285572195,6661.788369748821,6644.432182498507,6624.218998962416,6599.314955286798,6571.660087623082,6543.091139970551
experiment_927,6172.214571949973,6248.34310740094,6318.461234080685,6393.400199153031,6467.567049930249,6537.322750609204,6605.0150390682575,6673.821534124128,6718.15346740221,6786.333385444992,6851.490224993199,6903.370816341323,6968.871733541282,7031.484201309409,7096.353378872217,7161.243415763651,7224.348281031735,7281.270854478471,7340.655103847101,7402.8692774337105,7465.30770330051,7525.0570720880905,7586.50193641931,7645.200238749524,7700.959174251879,7756.123591984886,7811.314714123007,7866.54857023727,7921.15480125387,7969.436515531272,8022.333815964348,8074.610557928436
experiment_928,6172.214571949973,6234.574647004552,6289.585797446709,6350.2365198939115,6418.650482474623,6473.615969439864,6531.645197140522,6590.854633773827,6647.387162858405,6710.380768813916,6776.955941451353,6846.1809417992645,6912.151619154145,6987.681147173691,7065.217364065984,7146.8963279863965,7233.134024120234,7324.296437888395,7418.378671040387,7516.697176941907,7624.658745267787,7732.0336886223795,7849.984540936287,7970.733504216,7948.551233478425,8065.118099357656,8198.698333461194,8333.2993326555,8477.25546016027,8624.315899547615,8778.015784217812,8936.318573824046
experiment_929,6172.214571949973,6244.158164923127,6311.244159756101,6384.4669992129675,6464.3504268040615,6534.541883879273,6607.090780647155,6679.045172115377,6745.526946473779,6820.553169401181,6895.850002607887,6971.432606050454,7047.021945233304,7118.921090758905,7196.624053301075,7274.580693791513,7353.897228420862,7432.960979250858,7514.142563383405,7598.693896698324,7683.630532035868,7767.775596929163,7847.285354988362,7945.498808407396,8039.527914133901,8133.698768057517,8229.406236417897,8332.53257716784,8258.965609942965,8364.45651568612,8475.86856496124,8589.609469737534
experiment_930,6172.214571949973,6170.231472960866,6167.7274101157345,6174.123653430899,6191.99563001057,6208.433209441395,6230.054826571116,6258.509753627438,6299.082277358386,6332.104466403787,6377.881617597775,6429.720028097479,6485.806258491363,6547.839216508365,6618.003749441358,6685.669961157268,6768.402484343908,6855.324339361314,6950.3041020008695,7047.725062852621,7155.4068566539445,7164.393924729546,7283.55957053738,7411.219051641397,7541.11086041017,7682.090468863704,7835.032032621448,7987.558442879856,8162.929567637859,8348.808977794255,8546.92252034754,8751.450462788958
experiment_931,6172.214571949973,6150.371466165487,6123.476997158972,6106.223236124522,6103.207861806306,6094.545088470008,6090.734397690346,6091.0201059359315,6099.016023788852,6110.097497061008,6126.464544594106,6147.960670573059,6174.856479588092,6206.957645769932,6241.750253525059,6284.66834349775,6323.281432037163,6374.960737942606,6432.17010610392,6487.737222445985,6543.680963257391,6615.460829525122,6694.768416161168,6779.945526750735,6868.432567388938,6963.776084580832,7062.379239199728,7153.968668118081,7263.697563637146,7374.01512547025,7497.088041588449,7628.198299707063
experiment_932,6172.214571949973,6213.374995603245,6246.711273830693,6284.723376369353,6333.297988574374,6366.318039918812,6401.5712998022445,6438.2183289617515,6483.565412155856,6523.932661082176,6567.023190814734,6609.8463504436,6656.871845390561,6710.206539710467,6766.577748594269,6826.755709262248,6890.564709700722,6956.43888694898,7024.996840205478,7099.831385956807,7174.868255319092,7257.837635321464,7345.414710345289,7437.098316270928,7533.027348954221,7633.393221892698,7735.07450087702,7844.276443773368,7959.021467706693,8074.986220744745,8188.368494689804,8313.119653509893
experiment_933,6172.214571949973,6230.429605051961,6279.402657510219,6334.597554147833,6395.7727886560615,6442.378307832237,6491.2034279417985,6540.636670024513,6578.153148464153,6627.223843220907,6676.052050468445,6723.483310581687,6764.581773406122,6812.4992433355965,6859.978095602504,6907.587255378161,6955.154478414069,7002.179852077059,7048.215026555977,7095.098522765136,7141.922854692219,7188.653348946667,7235.452992006002,7282.342220610603,7329.390440181197,7376.50658805599,7422.236416164504,7470.412942214366,7519.415736143839,7569.143358744248,7619.959783631376,7672.06696826759
experiment_934,6172.214571949973,6209.292822972451,6236.311705585212,6269.583235765276,6310.810078520706,6336.169981435152,6361.5675750295695,6387.340874946983,6422.706561997568,6449.5504587866635,6477.399819326439,6506.507733864333,6536.984538398197,6569.166086395589,6603.322827195147,6638.62538137909,6677.377491209353,6718.890659358991,6763.382738676557,6811.346347830059,6858.594929433451,6913.631718778646,6972.481183689942,7036.517274060288,7105.324764448985,7175.099919334562,7252.212276876586,7335.509989115182,7424.939091064123,7519.684954892526,7620.16679663181,7726.986627783609
experiment_935,6172.214571949973,6163.278105706022,6155.879715629921,6162.6279831641,6185.862107992462,6202.475909229604,6229.563477338151,6266.339370317691,6322.89391331094,6378.094172736875,6442.477061054221,6512.226607777489,6595.831638067764,6687.946462385906,6789.814465590211,6896.049000388949,7017.451662813039,7148.002238736568,7286.028348087633,7435.300854775529,7593.8443933165945,7764.351392010157,7946.765450484343,8031.712470363253,8228.549185244105,8433.893964160276,8655.034614151315,8888.026654716483,9132.183877761454,9410.810289202605,9690.9342704218,9922.116849366528
experiment_936,6172.214571949973,6210.374697121948,6249.080745705463,6295.5961294417175,6354.431316541648,6406.793656809382,6465.160310587966,6525.935811785708,6579.320667373984,6643.9812518127055,6718.047114630817,6796.255349716395,6878.669590804739,6963.677805109837,7053.805569824463,7146.668349828242,7241.599861543874,7339.116556651756,7440.867676453703,7533.653351493497,7643.621163817188,7754.599328780339,7870.305455792152,7986.945181795363,8093.802176586054,8209.35868640592,8331.20603844306,8455.930128666681,8584.200907919541,8698.111827510173,8824.819394572114,8961.613166478885
experiment_937,6172.214571949973,6223.295057913462,6269.780720259561,6320.033532729076,6377.204419775078,6423.6392632278385,6472.60546453979,6521.239990191714,6560.702972855388,6611.866198073648,6657.812915038539,6707.627597500883,6759.143760126095,6810.988605150158,6861.32352588637,6913.281205293797,6964.875171846439,7017.098436136087,7066.578164095206,7118.723112680953,7170.514609646246,7222.069719040665,7273.389441969065,7310.823002995134,7360.215668884565,7412.036804320704,7465.665744245155,7511.960018012705,7557.5162685464575,7606.796231066033,7643.24493362003,7686.7123657484735
experiment_938,6172.214571949973,6247.420510705689,6314.473881895697,6383.29944683549,6447.520147510699,6508.276929491814,6568.202175878709,6626.609674739684,6661.682038845023,6716.83164977276,6770.518038889393,6823.1536381640435,6872.466065096224,6923.745282206166,6974.709911670813,6885.9450514004075,6931.3280102126255,6978.181955393122,7024.356617030833,7066.679627580327,7108.423622971639,7150.418322091136,7195.932375752721,7231.48382315301,7276.08560254845,7321.0397876064835,7365.639463734606,7410.666398680695,7453.752372167002,7497.174732616613,7540.259062448864,7585.047544244077
experiment_939,6172.214571949973,6145.1019686213995,6116.570353255111,6097.987135401904,6090.488057184222,6080.936490082957,6082.362247950501,6086.8443052998555,6104.186018165181,6122.671737713104,6148.36269853741,6179.795838958296,6219.796402784032,6266.621828818657,6313.978991230581,6374.9426727015825,6442.32421632441,6517.154515508031,6592.616840282398,6682.517322969937,6777.8666723979,6885.277976536081,7001.661595116233,7124.943577731896,7260.024385106537,7391.128494557537,7551.965546358055,7711.751116255393,7725.506588015249,7902.530083595831,8086.176893986549,8286.67158592102
experiment_940,6172.214571949973,6212.347207375458,6254.285724112979,6307.194744660761,6372.876934411102,6435.161455922071,6504.280241033778,6581.6539716921525,6672.093488604026,6764.123768062409,6863.790582665423,6970.52686684843,7085.741478472134,7206.435184302833,7333.654922198148,7471.635999018325,7616.157667712752,7768.943827341424,7931.029878621181,8100.319558923224,8277.992213365897,8462.042035494382,8654.548174490861,8854.823636080399,9066.118873316966,9285.287598733641,9512.73329986666,9749.526377814129,9993.277430750939,10120.008098345039,10376.171794085907,10641.825447314182
experiment_941,6172.214571949973,6272.513944989355,6368.623813020515,6470.333771854127,6578.795911180556,6676.597915941435,6775.71204583689,6877.91513315552,6988.927438981066,7093.682130566302,7198.918308858216,7309.296837218624,7420.973669123823,7535.829510228377,7652.196459840181,7772.062662308646,7894.081214038392,8019.053722694625,8146.369397645576,8276.078942572844,8406.753823174411,8541.83326397225,8679.140366294429,8819.10174005061,8963.972604192913,9112.188331352267,9263.152371723378,9417.044851049615,9569.833623451686,9615.026938985604,9776.475089216518,9940.080613990067
experiment_942,6172.214571949973,6249.567691436517,6320.8701880564095,6395.480115421593,6475.002653900277,6542.252517680267,6609.250715694447,6675.599376319706,6738.808662549514,6805.368597493774,6871.880823167237,6935.29343956009,7000.816055405629,7065.613898732705,7126.063118160495,7192.031734775848,7258.342731084709,7323.1807155835595,7389.9764058123565,7456.908872112011,7523.449692981612,7592.349254358316,7664.684230611542,7604.236220644705,7677.378091239736,7752.318837364939,7820.567764708714,7899.700604173924,7967.910565529644,8050.992585363471,8133.598160001795,8223.241551759787
experiment_943,6172.214571949973,6180.6016789391715,6186.592152407344,6195.246453171896,6209.3125504101345,6213.733160942111,6221.087747479156,6231.156872356449,6240.522890383416,6255.68214579966,6273.959107423254,6294.199375891789,6319.539169656287,6348.228336405986,6378.992985342138,6414.2531361455385,6447.966043585834,6489.488981367383,6528.200415254392,6582.254390159871,6640.349477369533,6703.640212388849,6768.29660660168,6839.423684711648,6913.823627252737,6974.680575757884,7056.681661841436,7135.991218628297,7219.338166048034,7313.70559684445,7410.102164808743,7507.49892881568
experiment_944,6172.214571949973,6157.0893081086,6141.326293525129,6131.012056548266,6134.582772339418,6134.580026469515,6141.072102384504,6154.00347331515,6175.882731512569,6204.221737152815,6241.392533908286,6282.284505605159,6333.43822886009,6391.047800966033,6456.082597506182,6530.691851073741,6602.663285470811,6691.695700302005,6788.102271228731,6888.228379901442,6987.417527828716,7107.964371236216,7231.197454236633,7365.333932804508,7491.383757085001,7639.332209006681,7789.6511692588,7949.634185071352,8107.397311835717,8280.528029192059,8459.974953485504,8646.503968026615
experiment_945,6172.214571949973,6294.882471423074,6405.694076235353,6519.827669107395,6641.630036022849,6740.219497442013,6837.227870584537,6931.923071391649,7031.580694669871,7122.5548315043725,7210.234225074638,7297.430398959681,7383.529350153491,7466.770684294839,7548.453295884348,7628.790992708704,7707.779480087796,7785.073262773889,7859.951294547387,7933.135477203628,8004.420261534035,8071.924389732894,8138.825786040363,8203.975930271383,8265.925780263758,8326.131508878629,8384.595870619309,8438.602526888713,8408.091481147929,8458.956771057277,8506.193909800508,8550.7754697231
experiment_946,6172.214571949973,6181.553079606454,6193.613214513476,6207.188057473985,6227.456147880303,6240.572141262528,6256.369512884388,6276.966160652719,6302.6680203638425,6330.540121571015,6362.796683546133,6397.732877758662,6438.851186789195,6483.7645630791785,6531.2751255590865,6584.785716820419,6635.5977697591,6696.459438076052,6765.373167201253,6832.581952558871,6910.029981065727,6992.516506132239,7080.743750384187,7173.97864602674,7270.782324977741,7371.0478324093165,7467.866065798294,7580.704048547655,7704.851720003935,7828.39308742818,7941.428227404961,8075.088103378432
experiment_947,6172.214571949973,6214.146640736999,6254.0105955069985,6302.650904840881,6362.244342147911,6413.525915006785,6467.918324589762,6527.963588673548,6598.331934086687,6667.27501825342,6740.583748267482,6818.847454206547,6898.792781158518,6984.057989496152,7076.016289313315,7171.739432837885,7272.155455850914,7378.393503264951,7485.267250362127,7599.065453897158,7719.6673660171655,7840.637654299122,7968.172976012582,8100.594047792214,8240.255544841466,8276.575857402877,8422.275809649067,8569.500533619534,8722.323008574742,8879.067343048671,9041.338620676152,9209.397949071563
experiment_948,6172.214571949973,6210.249260626452,6243.535051582133,6278.383793072383,6324.703904206277,6356.298040555519,6388.485520474529,6420.6870300933815,6458.028156491538,6492.111078642669,6526.688495913507,6560.89980300524,6595.900385769095,6630.909846522849,6665.896542134817,6700.783017908485,6734.798546497954,6769.29711507751,6803.490157632912,6837.3706608277025,6870.375481595496,6903.138822376986,6935.872046500443,6968.470664677607,7000.577497830032,7032.425564301693,7058.129765692902,7089.26094171821,7119.617548594631,7147.45416324321,7177.910498017145,7208.336428392126
experiment_949,6172.214571949973,6195.232470171893,6218.584518683456,6245.45258513761,6278.137876862762,6301.430184876463,6329.616037066702,6360.77885001323,6390.6419372568635,6426.189511739495,6464.932571869044,6499.249284790225,6543.192446849529,6590.013124971545,6638.542719911664,6685.835514397757,6729.54465352461,6785.776325758182,6844.410986238825,6905.201241381223,6968.380861690019,7033.849842910404,7100.818507129136,7171.350434631788,7241.903026668117,7314.217271087876,7390.96687654473,7456.683076789504,7537.989399112073,7622.899404036576,7702.49863242076,7797.937306421393
experiment_950,6172.214571949973,6222.025498361913,6265.317627101919,6310.608041275571,6361.113125650909,6401.927358406938,6440.47185511691,6478.900305724648,6502.08891881675,6540.319174090745,6571.092534810094,6607.302543717545,6643.070851495188,6677.69772596681,6711.880490052592,6745.0441913906525,6778.599072334338,6809.204989244523,6840.531003492746,6869.784728759854,6899.365437393671,6928.15940306414,6956.110362652185,6983.206543722442,7008.918571004474,7034.18010365567,7058.460974176706,7081.748871460599,7101.675377112384,7122.362283320026,7143.036891494767,7161.897199613445
experiment_951,6172.214571949973,6226.940897245897,6271.240764017426,6317.829656065867,6370.473172846143,6405.327583767261,6439.916612997262,6472.701888186134,6492.694597393591,6522.896596876363,6551.521601067558,6576.0180804427255,6603.345837046265,6629.787910589328,6655.614364603638,6680.9817507741445,6705.933683853484,6730.329555505747,6744.121709696774,6767.890848429806,6791.270855622482,6814.196738534056,6837.180584934289,6859.697068746783,6882.931930682635,6904.194824991811,6924.993706923506,6946.752911857735,6967.871336998538,6987.989961449786,7008.022712397524,7024.360009310091
experiment_952,6172.214571949973,6202.080214289663,6233.437676775147,6268.535790874495,6310.447860174141,6350.876598022005,6393.590167443169,6437.145180458156,6482.010704933556,6535.775515182189,6589.345489837229,6652.5162107117885,6720.9444715534955,6793.281640932006,6868.854079048026,6948.735155460201,7030.932623668475,7118.190585875953,7206.6787546840305,7299.96268558866,7395.807844235671,7496.535359741507,7587.747662573954,7697.201459730391,7808.64894402075,7922.251140432061,8040.33523986976,8145.01324337314,8267.674205418425,8394.547728900165,8525.805432270283,8659.384352658462
experiment_953,6172.214571949973,6233.6750034100205,6284.902821917384,6335.326079295852,6384.715681555932,6421.816496119818,6455.204514748912,6486.403943982831,6505.402509302543,6527.862227413731,6547.710660357923,6564.49074716762,6577.651901449091,6587.948926142706,6598.366195577661,6608.696164286552,6610.361855227811,6612.2818164024575,6610.646322941344,6604.701783424138,6597.035967188613,6586.799037375964,6581.087680291553,6567.168251006333,6551.54963347209,6534.291033023694,6514.0489928945735,6492.452406656205,6468.945332678108,6445.9928215959135,6419.545599325536,6391.824406943179
experiment_954,6172.214571949973,6188.716936189756,6201.8538854736935,6222.300336277449,6254.321170668304,6281.696642733745,6314.39058116655,6352.031689351375,6399.974041422129,6448.218469380722,6502.231540874458,6560.919603555227,6625.248897972145,6688.822861298882,6764.09705438003,6845.3621786246895,6931.207360927541,7024.40072219278,7117.484162379443,7221.928310983016,7329.5204255789295,7445.155774423945,7564.648723000299,7685.590906614178,7820.048829790327,7961.750619940481,8110.260086775862,8265.01909831901,8420.445711859296,8584.006331435558,8755.76628034637,8918.476625868638
experiment_955,6172.214571949973,6213.851203500595,6248.4390154602615,6285.105436914458,6323.879165175491,6351.865893873545,6378.6423229480415,6402.8665257711955,6403.553280290756,6426.806842730955,6447.381498037424,6468.869433664595,6488.379732958703,6506.748517947315,6524.032265854517,6540.142834250391,6555.156786623842,6569.120350258627,6581.944748400089,6595.906158810007,6606.817292512438,6616.551727970312,6625.233607601475,6632.969995993937,6639.612800962035,6645.164685410868,6648.901679285158,6650.281480257303,6652.213998128325,6652.933115417856,6651.886554476489,6648.759075694328
experiment_956,6172.214571949973,6193.293621898762,6215.5846589534385,6244.369282464938,6284.887678755424,6313.990007864355,6348.156325177719,6388.238324007162,6440.705474941164,6491.175123885481,6546.335041872741,6606.363194972238,6671.786794123755,6736.307603947907,6810.941296433877,6890.526594533067,6974.371617228635,7064.11232322459,7158.250515757765,7252.38205477943,7356.321284382602,7462.280840734131,7574.371329183374,7693.562836729706,7813.48701925941,7942.426865553645,8073.330375901105,8215.338306794507,8361.067561286254,8517.450392355608,8677.611243712341,8839.442227195954
experiment_957,6172.214571949973,6248.606990942355,6318.8081841997555,6396.677979763957,6483.687954971649,6557.164124107738,6631.674727819131,6706.622606546636,6792.025942036949,6868.964123976481,6947.294844164879,7026.855265757153,7105.070950763051,7185.584157677003,7263.628587033199,7345.9621831402055,7428.748128652618,7512.073352548645,7596.345040146723,7682.80472772296,7770.087768671455,7859.675679405905,7948.824320100664,8040.86102984898,8128.982448908627,8224.753571462998,8324.542910353957,8426.55592337015,8426.708647178037,8528.887885289061,8638.344829465175,8751.419011549204
experiment_958,6172.214571949973,6194.452501539177,6216.626880136062,6243.671627515336,6277.861721729565,6304.764025874612,6334.473369118498,6367.059522915158,6409.9045219158215,6449.135588627654,6491.492797945297,6536.56116910454,6584.969822652756,6635.940518504733,6689.852195381538,6746.533107044559,6805.813440998299,6867.798024267082,6931.663821755825,6998.8518011463875,7068.592361910836,7140.7969640677775,7215.0284973682055,7290.294182527435,7369.360413189879,7450.909314779284,7534.163942446686,7620.021607833987,7708.338321482157,7798.793995621301,7890.839876925214,7983.812493413481
experiment_959,6172.214571949973,6214.637807375901,6251.914610724695,6294.931020742422,6344.341987324361,6382.961069316767,6422.088715490759,6460.685242196836,6502.0034820586825,6541.351199665482,6581.567569683721,6621.730203210302,6662.633993632439,6703.5800946536465,6744.535210011378,6779.6431287542155,6820.775447476277,6861.358787832969,6899.223125754288,6939.780389932734,6980.42333320706,7021.184651993705,7061.783183453334,7102.409394786677,7140.328799807336,7180.1145817093475,7221.104008723965,7257.2909720733915,7298.697369309361,7340.628560137591,7382.977695526579,7424.323358170158
experiment_960,6172.214571949973,6212.653345750909,6245.295188941123,6279.896209653645,6317.49064317427,6343.707825434694,6369.639876997209,6395.939263923955,6433.402295821058,6461.707535190441,6491.709440342386,6523.696887817559,6558.2846656956835,6595.502097015327,6635.753846153291,6679.2813689614995,6726.278005604319,6776.038878738655,6830.454384099283,6888.462855202897,6950.122995439649,7015.578481210596,7083.304658859863,7154.347156718924,7230.1717349414685,7309.289953572737,7391.401101887432,7475.744869388687,7560.842362652498,7647.165701876949,7736.75274486747,7827.524067161587
experiment_961,6172.214571949973,6118.304848702022,6064.1881104704225,6030.345702591934,6007.858486386885,5981.202829383117,5965.582848579321,5959.9697026266695,5965.820821582074,5979.003415197263,6002.466456896135,6033.989476056136,6073.501770876839,6123.006073566416,6182.4505907624225,6251.074017541668,6328.921199945538,6416.945971222628,6514.837193010623,6623.436849217012,6738.065502497724,6869.595489067782,7009.521271034924,7165.613689722701,7329.756378768727,7514.925930310321,7716.080466862784,7931.335244744545,8023.374971418327,8256.591603234983,8518.964254489845,8805.769482916725
experiment_962,6172.214571949973,6189.121129118021,6206.072325549945,6224.895071892212,6257.547113249483,6277.280009957717,6300.044941612552,6326.866981304364,6359.783487150124,6392.695379037439,6427.473735640569,6466.832862743922,6509.455808699393,6553.45589650679,6601.623304856911,6652.980107970559,6704.808759512454,6758.056672135374,6812.576150123483,6875.826976495304,6941.740231349699,7010.826523735536,7083.035537305375,7153.2137539033165,7230.87928634003,7311.38605660372,7396.84667015635,7483.051133210821,7575.585565666212,7671.313573924522,7771.8933870590545,7877.68692843873
experiment_963,6172.214571949973,6178.030811766499,6179.720666223661,6189.660186219432,6207.830340771481,6224.467309536763,6245.071542116077,6271.554265901181,6299.706198773894,6335.417591437583,6374.00959452816,6418.569332039277,6460.03760952415,6514.80472982519,6560.36281095082,6624.924908084447,6694.127045049678,6769.505813705471,6847.439745930711,6930.527654495582,7018.890679124589,7109.651325207188,7191.0134510338075,7288.028595651681,7394.24191471027,7507.633457476973,7626.249284531249,7745.010509019057,7865.737736996381,7996.030378240454,7860.432569322584,7990.449732031351
experiment_964,6172.214571949973,6223.72315748779,6266.742793455612,6314.496628628618,6369.4812295494485,6406.309339357829,6443.399652566085,6481.257652819371,6529.928597548536,6569.306933034825,6609.724827298403,6650.897965935837,6693.6656325381755,6737.743999652683,6783.2796865593255,6830.340954406789,6878.994310533403,6929.279620588123,6981.78442703337,7034.369274412182,7090.928068923669,7148.643936549091,7208.774133387598,7272.120289483852,7337.944109408043,7406.518764906593,7474.922116088362,7547.63696254097,7622.278146173616,7700.577854145551,7781.921619615782,7867.176738613307
experiment_965,6172.214571949973,6218.729872318428,6257.732632658781,6300.959179030884,6351.917701412188,6391.897999670195,6430.421849091197,6469.686261357832,6509.772573951483,6547.01734915779,6585.169265154558,6623.055999688693,6660.932704398383,6698.805037875356,6736.657512756707,6772.140252461424,6806.7522432368205,6844.871084987509,6882.770500680764,6918.422715894357,6957.243339354716,6996.305924416404,7035.672068951864,7075.512932317071,7115.343791986079,7154.851251718026,7192.864963351483,7233.190697814116,7270.503853650911,7312.705025794686,7355.162694409491,7394.327069987308
experiment_966,6172.214571949973,6168.678472779373,6162.7513039347305,6165.509113600497,6178.876910799625,6191.521413622443,6211.283440112975,6237.317508430829,6276.265340065888,6315.006623720043,6358.539675088532,6410.127676787828,6468.035192411011,6532.825649871651,6597.4531030641865,6676.211477717915,6761.337875092619,6851.668313550923,6949.5220839734175,7049.782591762248,7160.874845610531,7275.163282923781,7399.719377663017,7534.114698407591,7675.051532423838,7821.9748198253865,7969.749587024878,8134.199912828947,8302.209436784895,8478.276236399855,8647.400620179571,8841.621925281383
experiment_967,6172.214571949973,6217.008836080186,6251.801892279624,6292.838214234849,6342.753125917622,6379.885820601452,6415.609535699149,6452.429521090591,6492.732882735425,6529.682057034597,6566.554380319141,6603.756439455188,6642.282079644279,6680.6772281806325,6720.0667669274935,6761.525389374325,6804.395910420302,6843.410481527728,6886.224624798641,6933.319795505853,6982.3164782057975,7033.1096451528765,7081.650774704272,7130.867451363747,7187.036925922783,7244.799910073261,7303.829706032331,7365.3340631234005,7429.4018295314345,7494.744017907649,7562.818682209199,7635.1369714252105
experiment_968,6172.214571949973,6210.568840627966,6248.092299546136,6287.4667239062655,6333.149205134841,6371.796414829527,6414.175428288308,6457.1837160936575,6481.60210871219,6406.518377146435,6453.847507886525,6503.755750329834,6543.77421399531,6598.280154926506,6655.562356839195,6716.101193810742,6773.205910636455,6835.380921712663,6895.579829389552,6959.959633517376,7030.153398906048,7097.327332624882,7170.495274702109,7246.882811839827,7247.340201459518,7579.292911032926,7663.726119937233,7783.5782357552835,7868.664668095064,7965.937560207505,8066.660088942126,7929.738152311099
experiment_969,6172.214571949973,6226.21599573124,6269.832295899561,6313.723756334275,6359.399013190665,6392.466734168569,6420.633171683618,6450.4448632546955,6458.706147511832,6485.914445381253,6513.086204755727,6540.855642766488,6569.302592202133,6598.300962596311,6628.022001689683,6658.634215372543,6689.931936720219,6722.502151705865,6757.648774009243,6791.675396387342,6828.272367123231,6865.192343787722,6904.2705858729805,6944.492600389158,6985.7434384004355,7027.383525444482,7070.221829482284,7111.324421270951,7154.647316695339,7198.63564340323,7227.075384835268,7269.973817290564
experiment_970,6172.214571949973,6178.122979480613,6179.05392629295,6188.570284137868,6209.380586383972,6223.013486826868,6241.1473668909175,6263.270372905385,6296.5387395308,6326.383156609183,6360.215494972466,6396.321453406643,6437.608256120584,6481.547702627162,6529.903260722552,6582.543010374737,6638.596261182307,6698.9181733583455,6757.451458000615,6824.960360967698,6897.151518292934,6972.6202191224165,7053.622916911607,7138.027021343656,7223.122985428388,7314.643688534177,7412.469887422129,7515.936634523914,7620.7786707177465,7730.478668800989,7848.106733489436,7972.286619588807
experiment_971,6172.214571949973,6210.273914973957,6246.6435885335295,6284.394755306838,6328.014128413573,6366.237121969145,6407.515462215039,6448.556529739024,6469.8949192815035,6515.041076895999,6562.508753961847,6609.030453291775,6513.28484993862,6561.1802590603975,6610.3585028800135,6659.502499228029,6710.051197982781,6761.585349151765,6814.214902065813,6864.699809120499,6921.485830113123,6971.649689492915,7029.551015432739,7087.835693062507,7145.681626499947,7202.2400011644195,7262.4371323398655,7322.864928577228,7383.589302309494,7426.418397523967,7486.169503994281,7549.142667879879
experiment_972,6172.214571949973,6201.565196350664,6228.5625737232185,6252.448859509688,6288.926654700989,6310.799075151836,6334.226605763026,6358.391015052181,6382.119647184247,6407.684157318314,6431.7716653670195,6457.691470971702,6484.315632288263,6511.210717211252,6538.356469688694,6565.508651002114,6593.051798556095,6620.655409436511,6648.615884895169,6676.610391468129,6704.760203938344,6733.016075461707,6757.730103189517,6786.785867200398,6811.6848735238755,6841.131500689473,6871.2109924789675,6901.853679951655,6933.56179460324,6962.646421953183,6991.575303680145,7026.390887849507
experiment_973,6172.214571949973,6291.935071404167,6402.64151090039,6511.7062146711705,6624.814811551323,6724.438091097258,6820.519281939996,6913.860235048163,7009.291092038543,7096.2254038541905,7180.502859851467,7263.337516588827,7341.863369094688,7419.161554070179,7493.723998126186,7566.175588018123,7567.025787537474,7633.319536158486,7695.138508485559,7757.142228864897,7817.88756566866,7875.6727780159235,7931.716319775114,7985.80305107405,8039.771012066185,8091.909791124769,8142.275756948289,8190.852516240379,8237.662955933592,8283.311436294804,8325.245511420446,8366.521021098299
experiment_974,6172.214571949973,6199.6029189385645,6230.59370149985,6262.911199519846,6304.541060871827,6337.518207974633,6375.087655837267,6416.320212032922,6469.210892982773,6519.925721478106,6569.956518536074,6630.678990691873,6696.911793978337,6767.906751571817,6846.456811555969,6926.085604391597,7014.625050947447,7112.377339979508,7214.582693920269,7323.300181362344,7443.426165403264,7570.3838138405845,7710.2505597180225,7727.122508062819,7875.3433145543695,8034.332319706446,8190.361434557633,8367.308726000305,8560.825051755735,8764.624399178017,9020.190596950539,9279.039513738557
experiment_975,6172.214571949973,6170.720621242208,6168.49485500188,6171.740843993901,6178.505104408553,6179.78154237034,6183.971134120797,6190.080142708566,6195.846326344572,6207.6802261123785,6222.366508418885,6239.503595908838,6259.557946142864,6282.7978755761915,6309.183913219201,6336.690590358963,6367.250372323494,6401.8549713246175,6439.703410287858,6480.420111871574,6523.388144678913,6569.851931671155,6617.409067497424,6664.9589666695965,6720.164119214305,6773.272254359319,6824.396129542595,6887.868842896703,6953.756323924903,7022.220772396234,7093.12523593002,7165.842599422369
experiment_976,6172.214571949973,6259.822296513646,6337.892169105306,6415.908760753083,6492.215880586368,6555.785390471872,6617.134352304329,6675.525533030196,6708.9007931170945,6761.024806935135,6811.158712870937,6858.629244771617,6902.911279170095,6944.934907451156,6984.2247468797195,7020.810659771663,7054.679684323605,7085.772754035246,7114.160738162624,7137.4931320720525,7160.326258942296,7180.362564192266,7197.59420459496,7212.025180332392,7225.849391903034,7234.711753591001,7240.906681492405,7244.56305512296,7246.352969973717,7245.52786796777,7243.006659044131,7239.407330264946
experiment_977,6172.214571949973,6218.232146685672,6262.272534546107,6310.72287018649,6365.55376686996,6413.658538075345,6464.075227390156,6520.741893103206,6557.344146111336,6619.908424648722,6543.0070014408175,6609.881875796587,6682.886298047682,6755.438412133784,6833.989051119097,6910.338322778627,6997.686170242312,7084.985071947434,7179.782040377671,7278.031752998497,7381.179174825795,7476.13788890789,7583.491049728452,7707.667018625889,7835.483666142564,7966.077506351236,8101.395312597758,8242.097954753368,8385.31417835804,8533.808356988164,8690.654741823382,8867.655360266708
experiment_978,6172.214571949973,6258.4950280105495,6338.526180729706,6426.458811327226,6524.059260581617,6608.710605625435,6697.11341571501,6787.53111855409,6881.551607291164,6978.417581209077,7077.224536972408,7176.734838350378,7282.940313402896,7388.801733818092,7502.3752296842395,7621.356782853409,7739.732485354245,7865.006102663725,7879.655933244834,8012.901388629664,8143.331073607507,8281.874570323791,8425.783149784676,8578.42041450115,8732.929677082651,8895.746032042985,9056.641276332517,9236.008692365476,9427.16257383562,9625.723172872946,9875.514495040698,10010.031204464547
experiment_979,6172.214571949973,6202.858061810675,6235.258986799925,6272.5377613607025,6321.700986740105,6365.32288696503,6413.471515378264,6466.057422159449,6505.743481195928,6566.741426377283,6634.09544434291,6706.269273561955,6782.902107444217,6861.644804882437,6932.630598877673,7023.686256522241,7118.002098424372,7209.431492595993,7319.13159865372,7422.573811147035,7538.852490933561,7658.644552864336,7559.927290679041,7677.576872954471,7805.64112529683,7941.097744521447,8084.210268302137,8225.724868866162,8451.792247182826,8624.0212046875,8816.334397937833,9017.965821257718
experiment_980,6172.214571949973,6213.788548551616,6251.203847709485,6293.1405171952365,6342.245234233717,6384.763961925157,6428.669973922736,6475.766448156133,6529.231763969152,6581.866878216687,6637.633144957121,6696.17057853088,6758.678395709954,6825.686122241021,6897.905564581191,6970.285951883847,7050.298762133581,7137.176545453025,7228.820988962638,7327.207992302949,7427.142197733024,7537.528120066623,7651.712687898479,7774.978117307222,7901.711871512096,7931.573188757238,8070.421009447389,8209.713558960255,8359.218868470516,8515.907055669324,8678.431301691959,8844.19460506332
experiment_981,6172.214571949973,6276.087069204024,6372.539666082454,6472.655661668761,6581.65003554173,6678.263900453861,6775.393597505703,6871.6164419906,6970.63856384978,7066.727420984629,7162.776782470628,7257.722707107692,7353.082313286279,7448.383835560971,7542.984602972618,7637.248699557841,7733.025577910962,7828.49619601988,7923.985827207942,8018.056129851624,8111.8105926321605,8204.70740144123,8300.285049385291,8398.009227763177,8495.913477399954,8594.5902494445,8692.990755245706,8792.122904952943,8892.293231461099,8992.294938431081,9093.159827935997,9193.75260104549
experiment_982,6172.214571949973,6193.938824026774,6216.138696325621,6242.175264478965,6276.396063838303,6307.226169423474,6336.655101965746,6371.389950755452,6414.82998053232,6455.553851948065,6500.358073345586,6547.183247554212,6597.624269378981,6650.742328047677,6708.281335650421,6764.238017584384,6826.848289864298,6896.482055509909,6970.2109717054,7044.138835633232,7120.9606174867195,7207.869937942727,7298.722513003755,7396.396360400648,7499.872423538358,7608.896600278451,7596.537959662281,7717.906903404752,7839.053980145911,7977.047616351487,8111.75006708602,8269.90530611861
experiment_983,6172.214571949973,6235.169857165704,6290.020570734988,6348.512808417267,6410.74583884932,6461.0663147914565,6510.7000490131395,6562.245604359252,6617.772595352181,6668.758663452368,6725.409177469994,6783.429821581209,6844.727206665511,6908.751721263517,6974.725390006687,7041.500413752184,7110.496669948269,7188.092275570529,7269.609984351862,7353.399323064922,7444.481809653338,7536.628585557968,7635.241566921624,7741.816935739193,7723.463114035177,7829.494292531656,7939.892502921249,8055.136740857899,8166.138305673948,8285.974996303661,8411.705165190982,8539.90207088468
experiment_984,6172.214571949973,6333.917707157134,6487.514137077082,6648.77983818463,6820.993885923124,6976.426684434906,7132.629092819228,7290.466834281035,7461.202179176948,7621.815146367386,7784.803579655097,7949.069426649998,8114.91274083857,8282.173987065358,8450.75652301191,8619.193823287816,8790.861611066266,8965.384031591722,9140.937342429777,9319.319452672979,9495.816609814354,9678.332902687765,9863.250718513333,10051.449755668036,10238.962214041716,10423.946775233733,10514.85775022121,10706.107524800886,10855.402935869242,11052.739497972885,11259.356903348662,11465.599753173556
experiment_985,6172.214571949973,6213.254803248519,6251.691573078571,6283.648166941375,6320.915168359339,6350.086680432723,6373.114417340673,6392.628082568224,6415.442247667701,6429.859261340618,6442.018119994211,6449.7183161832045,6454.9955718541405,6457.363919367259,6456.854032473338,6454.539331526679,6448.409201110312,6439.603680086773,6428.344472753088,6414.729213214099,6398.511413730258,6380.138075151301,6360.232021448117,6337.796717525115,6313.593868448672,6288.715493324919,6261.550736849206,6233.277781884406,6203.853116208799,6173.615781595078,6142.750524373403,6111.318214644762
experiment_986,6172.214571949973,6161.194956759639,6148.771354321054,6147.68523161934,6159.118060782937,6167.070055359192,6183.027355025784,6206.457277364822,6245.03171063976,6283.891406528022,6332.817313605765,6387.698987176913,6445.813766801901,6519.551922500681,6601.1340237413015,6690.114381670628,6783.40281262213,6886.613850910988,7004.5844581712,7125.125685228764,7259.569121614257,7402.725364368078,7558.419038073718,7721.881171555446,7755.234984112972,7927.297797492305,8101.392434579149,8304.610650007224,8521.146456871502,8746.827343948431,8984.92451185597,9243.934725759338
experiment_987,6172.214571949973,6212.263834499588,6255.145182042415,6308.808534619364,6375.574786828876,6440.528765585759,6512.292739758572,6590.4340505734635,6669.897594786888,6761.614521975193,6864.001216329954,6973.700787276375,7092.180735340844,7217.05604071282,7348.758304539129,7490.003384674555,7628.654062493837,7795.356586471834,7804.043808782768,7952.44772569923,8121.74052125284,8303.249756129426,8495.191734462305,8682.535248120503,8892.003548789366,9110.564649396229,9340.352417858017,9586.06549473542,9837.017723480472,10112.343387466432,10386.790970258367,10659.879206016001
experiment_988,6172.214571949973,6219.7307964005295,6258.236035710287,6300.038866295034,6350.668224648578,6383.203956609117,6415.204337956215,6448.4642317789585,6489.987590306535,6527.017895371273,6566.167487418643,6607.98415096107,6651.829180957251,6700.139563427656,6745.7690997970585,6801.304495666628,6860.574053890052,6924.265348141465,6992.190586555647,7063.3662562597,7137.167497104696,7218.619604240213,7301.5248914759595,7393.429845736056,7492.153186678454,7593.234684739791,7698.894675546281,7813.627124377286,7932.938910282817,8050.886140039656,8059.543514376126,8190.820044089156
experiment_989,6172.214571949973,6164.173857097061,6148.936085596601,6143.081183419365,6148.613036461929,6144.240795223292,6145.331098521433,6151.432849468229,6175.037213390315,6193.512906277772,6217.859635291808,6248.942929041443,6285.911497603676,6330.642655654962,6380.456450069233,6433.295940320636,6500.009302983768,6573.646701746531,6653.963295770577,6736.534766084556,6835.781696767346,6935.268161443857,7050.9040865183415,7174.857276801442,7306.314105569447,7452.653483095704,7601.960082741045,7764.26436835914,7933.950885397611,7964.513846152193,8148.436734878154,8349.139124578396
experiment_990,6172.214571949973,6194.362999103771,6213.765616559343,6237.318151792412,6268.488727710667,6291.07887284899,6315.011937875806,6341.118185544154,6379.173743556636,6409.108570593946,6442.098366905687,6477.459671299992,6515.455083866118,6556.153898064691,6599.281502290623,6645.407089795006,6693.737374643408,6745.5595407062665,6800.778467441667,6858.864599375043,6918.856140955493,6984.248138999907,7050.76832848879,7123.222618606569,7200.115259801483,7280.721006242544,7363.615035821367,7449.943498517663,7542.799546845358,7640.89004761145,7744.6606877167105,7853.188780944178
experiment_991,6172.214571949973,6185.407563569446,6201.764078589626,6219.728559388466,6245.578550720236,6267.6797999985465,6293.897860592521,6320.985389826956,6333.470863517848,6370.918147490684,6411.4996258917745,6455.363502916041,6501.925500164505,6549.410453698692,6600.4845855954345,6653.8375737445,6711.014298813709,6770.902167529909,6830.363057590326,6879.5620232173405,6818.365782331866,6882.866312777789,6948.767772722316,7014.58818866273,7086.273153513709,7152.140062832008,7225.388437369968,7303.75067615656,7382.959305006113,7463.945317294083,7546.583671343845,7626.3183703150025
experiment_992,6172.214571949973,6219.507424809705,6261.695283557653,6304.967715855038,6354.794840465511,6392.3594153032645,6430.7471342537465,6468.5848774988945,6493.073341360421,6530.669337597207,6568.398721085241,6602.820487326893,6634.363380273334,6671.16853582713,6709.719410752522,6748.848826497937,6788.593032806824,6828.790937453365,6869.916138709808,6912.247496063789,6954.177689757609,6998.751115355582,7044.345445783242,7090.709707335249,7136.6630322140645,7183.542123483781,7219.603551989099,7271.975637334454,7321.804109532799,7374.097106851274,7439.4502787446945,7493.407441156091
experiment_993,6172.214571949973,6258.250798352319,6335.310457757299,6412.878830613716,6487.00378645924,6551.428495612543,6613.023782994111,6670.180791696606,6716.682924714492,6765.603735365248,6803.890084725004,6843.794390737544,6879.264088722085,6909.262572745713,6935.640037069817,6957.33707988668,6974.263852107973,6986.474460924061,6993.594111989578,6995.857960381518,6993.129642329002,6985.371698064821,6973.125051102637,6953.97038708824,6931.5590558749645,6908.797865300107,6873.7962098902335,6834.398996111234,6792.638620607155,6744.842762688715,6694.357248836597,6634.106437497883
experiment_994,6172.214571949973,6184.888810387651,6199.55591550814,6222.206977724163,6260.7842616229655,6294.111962564056,6333.693446709002,6380.5493945560665,6441.175457483603,6501.521114825673,6568.3666617023355,6641.211974262823,6719.254427750193,6805.043042878315,6896.104011943464,6995.56271548196,7101.253821038605,7214.134009322703,7333.703533598778,7457.32941520757,7589.004338937408,7726.7308925788675,7872.550337388711,8027.897958090927,8188.965690686966,8357.510959614934,8537.221820774439,8720.891942729999,8912.44773578088,9110.974355092298,9317.911238738503,9534.265724315923
experiment_995,6172.214571949973,6201.088953079479,6225.584286557774,6257.897481188856,6301.846078005726,6336.072580647645,6373.414771646849,6412.917357242648,6462.027101984821,6507.2203020140005,6555.959712083521,6607.377407035889,6663.204954258717,6721.021970988506,6777.335032959128,6842.809451014418,6911.005821591976,6982.886327307088,7057.230241853451,7136.005643707116,7214.393645583017,7299.899945019607,7389.9165553324765,7480.015377722549,7580.588326719143,7682.863011167203,7788.5158993608575,7900.60598451137,8017.497951255325,8140.219744003868,8264.86409636694,8396.131312823716
experiment_996,6172.214571949973,6249.72854325182,6323.335106348073,6402.868606711745,6483.511965589253,6558.443224647365,6634.772491943461,6709.314517867,6766.799758707999,6841.453167478883,6913.120280640023,6986.152128244561,7057.555948141914,7114.997112580168,7184.138386276414,7251.412613792999,7315.003621516024,7379.637493308461,7300.607348875203,7346.125306948687,7402.084547688719,7456.984145823573,7510.520515283608,7560.423674854579,7606.8367331212285,7655.683915204629,7690.129530315925,7736.334326973367,7779.037416951851,7824.083113161176,7867.348295161605,7909.726869654465
experiment_997,6172.214571949973,6171.461689048507,6165.653597406572,6167.981871829426,6179.6384177020345,6184.849347030353,6195.0304767089765,6214.664296155479,6235.423624986473,6261.29859515745,6292.762294209019,6325.187640307766,6358.112418862898,6405.106498037299,6457.531844001464,6514.611231381014,6576.948847991206,6639.343692850129,6708.00615008163,6778.548344661045,6863.653362393691,6953.359602598521,7050.15329261322,7149.816493473738,7242.786749673055,7354.4930706834075,7469.9564612476,7594.625793412176,7726.213480387648,7863.868421423938,8006.624129240761,8140.449091350297
experiment_998,6172.214571949973,6200.386482303897,6227.160880377045,6253.290984775506,6289.666165186101,6309.929122161171,6332.790134146952,6357.527211333472,6385.816145547991,6413.121495155279,6443.447039779225,6474.398012057905,6508.116622444013,6542.5691709086095,6578.743376462253,6608.263222885298,6645.698197743465,6687.225180712735,6726.400613446698,6770.7289462321305,6818.296497698862,6866.516776022529,6918.180316215299,6970.152976227926,7027.474612003363,6959.256343457373,7019.772342822076,7076.635685184067,7142.885549851091,7200.509381684713,7274.675564047666,7354.7506617223
experiment_999,6172.214571949973,6111.357759513387,6051.5235219618435,6011.877676113586,5984.805487720674,5959.44225215325,5944.006463567043,5938.666088955078,5948.560713562572,5962.7085628272725,5986.282104146247,6019.084351474495,6060.733099490616,6111.756903908249,6171.9416473727415,6240.919105385723,6317.962290408883,6404.164285937409,6499.524648054277,6603.487709291956,6716.546130893592,6839.097699576985,6965.630338430655,7108.0137749448895,7259.915620958943,7417.895954815818,7587.933717175679,7771.68986775494,7958.659408971121,8163.859801493025,8384.747618917554,8617.892655039523
