,2019,2020,2021,2022,2023,2024,2025,2026,2027,2028,2029,2030,2031,2032,2033,2034,2035,2036,2037,2038,2039,2040,2041,2042,2043,2044,2045,2046,2047,2048,2049,2050
experiment_000,227.0,227.39582209681905,227.39489742397313,227.4737550970547,227.25363687446975,459.82838919037096,460.34083439568116,458.98040028894076,459.60568319204475,456.975176225179,458.2322173307904,458.0273557879497,456.2878537986846,452.22813197701885,451.38189687687657,449.48501286485947,447.37307158659513,445.50974871535783,445.68379365644637,443.5290197752914,437.54183903878624,434.8113223662134,431.80408121867384,429.42388276331076,426.6504920425866,423.4412428156752,418.0061089247281,413.6798522552937,409.3155746256434,406.0485435968903,403.0367457248072,396.3026460226008
experiment_001,227.0,224.95899989134398,222.65215781159392,221.04546276851812,219.93765995959723,390.88281929772364,388.7426026004863,387.04409204868426,387.61431996026187,388.42920735195526,386.0412320350472,388.758354036972,391.00768653873456,392.04598883135867,394.4574183569077,398.5332790586319,401.33793837687347,408.32687101727527,413.3234568198825,419.18886056547,423.370638269869,431.87931732892895,439.3760670771574,448.1529708933496,456.7111004805041,467.0936053745562,478.24476852301717,487.8442592119093,500.0076572442053,511.12452034151806,523.8927567875936,537.5635058211909
experiment_002,227.0,224.59478611889548,222.19887154603884,220.29795661126298,218.88096995864043,382.5911405063274,382.04727283769006,382.2582666400943,381.52380543978967,381.5976106542262,381.9050518482255,384.2893335447566,388.4663171968871,392.3544777814173,396.3840512641142,402.18195107711415,410.5100543425902,417.0502332582551,426.284832034108,436.76365144492985,448.3522815044019,460.8340129284659,474.8594587675183,488.8292236193967,506.1474831715056,522.7022480022707,541.5580645136721,561.1679959840735,583.0806361854017,605.6637597153916,629.829038055294,654.5485802379314
experiment_003,227.0,226.16258580151498,224.9900076288519,224.1075474634385,223.43562924399,461.2071092708334,463.4256558694654,464.5201363117592,464.2369020129537,462.6755584886044,466.3488947705784,467.52584871611316,467.91426995822457,466.3957058584856,469.1278272073726,474.76429041971016,475.4875457613123,479.61029249371785,480.5785678116971,484.6039232830132,489.2453940823468,491.552811334802,494.47271231975554,495.74610039158165,501.0400805984953,502.813161565364,505.8260934957024,507.3670400653138,514.000391362012,512.9387006128751,518.7313480477329,518.4531933457299
experiment_004,227.0,226.95674994294302,226.69839830767563,226.90738224787384,227.16927478148438,441.46959835157435,444.9703396537469,447.11905371053035,447.26512377985404,450.0551812184951,454.5549772046053,459.43395819629234,462.1667185781437,469.5881944450714,472.9274063987364,479.40660799232927,485.84132330283506,492.11908094415463,496.5781397714839,502.7652672837828,511.5768983326335,516.6747148437275,525.4995742192821,533.9054643293985,542.7377478467754,551.3275077568759,557.1450272124125,566.6155117455083,576.4269869347536,585.7546606665279,595.8106256140494,605.7969719936171
experiment_005,227.0,224.72735349810912,222.67194714338726,221.11448787292585,220.02373164194557,437.54205605638896,437.7366802307203,437.3512495846756,435.34199019099555,436.4438541366592,440.7975380576208,443.29714692224456,445.08171034165554,449.9796206205132,454.826264673367,457.44897295148866,467.2613430279402,474.6051949601846,483.2590774119346,491.94806333966613,501.47112658454347,513.5959147369938,524.8821400245097,537.3061283653699,551.1298409731968,563.8076542434851,576.4853715618534,596.0898078966367,609.6835542258073,626.6170420541382,648.1104485355733,668.8955048442738
experiment_006,227.0,228.93054077207964,230.64864327133347,232.74173080389454,235.63959976925213,428.70865268377855,433.5182948404452,438.61102882985915,444.3733322746104,451.6405673422623,458.61853019783484,466.262144685101,475.11269722340387,483.3359056404941,491.9576976125606,500.7816473534517,509.5183977378893,520.5865145242703,531.2462697824376,541.986754985458,552.8215503447086,564.2082050980616,574.6452502263859,588.1177070111705,599.5924117749088,611.9873531968955,623.5859617964509,635.8938491124986,647.6943297722239,662.0063220996556,672.8802829972759,686.4157383607151
experiment_007,227.0,224.43013153335394,222.1894862055885,220.52705280206507,219.42284295160238,431.13495643208694,426.1578407532664,429.43093060419795,430.5499029644385,434.9373346154648,437.3005771676017,441.1041878039465,447.42446161507564,452.37956992864446,458.75665908431506,464.3864524320515,473.72967963582533,483.02068349457545,490.4401811415283,499.6714875225488,510.97578818620366,521.0279968363457,531.5402689736278,545.9912831522266,558.8390112535672,571.2945074122142,587.8654815573958,600.4971499278852,620.2822593432348,633.6205536264356,654.2738900394654,671.5079168487925
experiment_008,227.0,222.83265032018573,218.54125437718568,214.93534209546294,212.03007589370355,374.79962970353296,371.25034972108404,366.8106335413974,363.95170083549124,361.29666779391755,359.9660116426283,359.86642165652444,361.47933820083097,362.9726210589581,364.5748481776194,367.632962526512,371.16713049962783,376.1437896355023,384.4112170756254,390.1405157970876,400.05777137791506,409.3911838823482,420.2901597516409,431.77414435133227,444.4846836460474,458.107530095654,472.9621667011088,488.16163616953605,506.34163965386034,524.6438468031745,541.1528053854998,561.7332538936124
experiment_009,227.0,226.37975613969803,225.54008869670258,225.5024205453583,226.18300764419777,439.68455626366716,441.2591623067832,442.1656903695485,446.2200878719666,447.3157375832713,453.41580806323384,459.1616014468962,464.4485995935483,472.1584137679215,479.4340594208545,486.26291205171,496.3380919592157,506.7996772151375,517.2206495192783,526.8916745813025,540.2923829354598,555.222265443396,567.8292874322357,583.9613952358633,597.8722702902289,617.020571377278,634.4093350318202,652.4869509663174,671.9791692747589,693.7737557893932,715.6967721060101,735.5561252752
experiment_010,227.0,226.57712615822078,225.73729654455278,225.04629597065986,225.04631030515847,421.98645682531713,421.82241592632624,424.73032935159347,422.94457161861146,424.105882635494,427.61871583723183,428.6283066939996,429.1215811865268,434.62003660721894,436.90728024088446,439.1543413237179,445.8874937422924,450.19859300408405,454.67984146696597,462.2000140098857,466.40939764768234,472.75617818905823,480.12447346837547,489.9782565976485,497.4187278956372,505.99440838939944,515.5924509025223,525.8971111249966,535.9436443487796,547.869591105124,559.1638404456481,571.8727686685274
experiment_011,227.0,225.57011426696755,223.82646730635477,222.33387972123268,220.58997717485676,461.07978291480975,462.8698967322179,460.07798931757657,456.6028268391931,457.08511915731975,458.47659409862956,454.33907420519165,454.01448730366343,452.1659998871272,453.8402100623288,452.63637687709024,452.2104461973183,450.9681089716211,454.1219768570044,454.33877517780206,452.28087807500367,453.4002780284669,455.66489783341575,454.4982416313949,457.7220891745228,457.52078078663294,461.1185516432929,464.75858123693973,469.0110824810069,473.4624473701201,474.4739774435133,480.18520711149597
experiment_012,227.0,226.02382829159814,225.16720832182335,225.01072102856926,225.3719551285233,396.344562533828,399.7142114078472,402.44268413480137,406.6153169186457,411.18667968577506,416.8823588611744,423.2553636270207,430.45683118562,437.3687875400011,448.0819447739185,457.0581441404886,467.1012670675444,478.37865946656086,491.34843967227096,504.6595998238064,518.2695182006008,532.3255015825739,548.5965220064039,564.0002092977171,581.6996231038775,600.6960916928381,618.363061397124,638.1533537836222,659.2650024193493,680.1249371440601,703.9172555610304,726.4854384314094
experiment_013,227.0,223.19076798510054,219.0527359830036,215.75799838422722,212.93732677766008,418.4734364501992,419.36006754659275,417.342588579706,417.83773932944126,419.2042174155606,420.5636666557095,423.86768738754193,426.56194948234634,431.82493918283905,437.4101822843643,443.77068624380433,451.21838066550174,460.86122148904144,470.24637873680877,478.6989705169901,490.54303403074204,503.1126970424141,515.8451360464634,529.1123787538658,544.881875546456,559.6381193927182,577.9318499565809,597.9062956535272,616.6117566996058,637.3442675115816,656.9396381671482,682.7737916432202
experiment_014,227.0,223.2511970576238,219.79214626534133,217.3009546447879,215.8091908992322,372.68761807734006,371.5967099354574,371.12352137888865,372.9759766747913,375.4748396979158,379.52297820937224,383.06112321049875,390.4201714112981,397.50145504367345,404.3171110775562,414.6634581002931,425.5053199482101,436.8680563048439,452.01509766224797,467.1716373525221,484.47551420230485,503.22237151065434,523.4610336733197,545.213425542675,568.5267515605002,592.5062096871054,620.7681261878635,649.7118634556377,680.7605046923031,713.5348694128479,748.1917897316372,785.1241879289768
experiment_015,227.0,221.14965794854885,215.4405685733361,210.46155495243718,205.95069114115276,388.4720541194108,378.5314068716328,371.3422762567353,363.0041620084759,360.1162867463061,353.4378716528591,350.25292613450404,348.5678993394387,345.1313378966915,343.5586276909927,343.22317859007006,347.27264198866146,347.58937020069914,352.25050963407324,357.2481230477434,361.92774777211827,367.476760604766,378.54010115225987,385.6028594960047,395.5363832995979,408.4898335515435,419.9442037220441,432.70314747506563,450.9421316781315,465.74620939024237,481.8758338509903,502.9075644749619
experiment_016,227.0,225.24623446934038,223.29810871472236,221.99573858717696,221.0570697865545,451.7151463332704,454.16172309121697,454.7511497139347,454.60866524095263,454.6764184837138,456.42712693253236,459.3422920447914,461.76436595103877,466.4904212702637,472.65314943996225,474.88370467849364,479.46477270999617,487.0223791098988,492.24499844973286,498.56704748553136,505.5454381441315,514.2311101692394,523.5005391147497,533.2955013826167,541.5538127105517,554.5646195457406,562.7204576652118,573.7481646084767,588.4075938712814,602.04955646215,617.0751262996052,631.4718333893785
experiment_017,227.0,227.63589424077816,227.97168158536633,228.82689099908234,230.0770248993233,390.9969666413837,392.2963183439027,396.33224740980705,399.1371162409067,401.9916862169822,405.4603639574568,409.7126859991333,414.3019971496063,419.03049355863965,425.3044668617534,429.9162029956045,436.7539510846611,443.4556341127198,450.5841020282019,457.96885375180767,465.6797286869414,474.86832429994405,484.35396815887646,494.2893807901113,505.20091382580915,515.9160233727662,527.4740925760348,541.0372792501549,554.9439123767478,568.1675496582445,582.5969086279569,598.2396996998377
experiment_018,227.0,224.42920421380074,221.98471026156523,219.89025755500518,218.049344864305,426.9285856676546,426.9899850627999,421.80416769630335,423.64311398138625,419.1393236358396,420.260979564851,416.61495201882786,421.1152551352801,420.8773771517398,422.3077304732371,423.3736660572671,427.05458691729115,429.4616526275315,432.2661892225035,440.0988337143309,442.13299077148247,450.3710624157619,456.8152939176992,462.7066780794947,471.40967848293457,482.2762678677065,489.6167416476155,499.51933116080335,507.308148008219,518.6305218061934,529.6529968293834,542.6675092117858
experiment_019,227.0,226.95005971800907,226.27788278914932,226.13150693826285,226.3574674260014,451.32715633627026,454.718614137544,457.294394780046,458.49814222909265,459.6575027806516,464.97004457233044,467.7872693065151,470.9526653923337,474.43330147544896,476.52430532735735,482.0492531598607,486.4505449998188,489.4478432590552,495.43087746856867,499.479907193839,503.4524687595624,508.658790557407,513.481686268746,519.4832046739026,525.8047307878327,532.3450180213765,539.612912716583,545.7627210446483,551.8337975614702,560.4729866498182,566.4651543033859,575.7349293106963
experiment_020,227.0,222.76934386495466,218.95456858792988,216.1369361449893,214.32216671635234,342.7312394825576,343.79161857206446,343.5961299445222,343.66698436880614,344.89808306362147,347.7277150956811,352.1293902707168,356.3773123365253,361.5272024149403,368.51004952376155,374.947651694135,382.93197540524216,392.57906716635716,403.21321356094927,413.9875690097472,426.3698519208078,440.7866350906998,455.2592824010967,470.5463576192824,488.26135392245595,507.0547327139628,525.8237270327264,547.1465556067985,570.4519799736071,595.0114948901235,620.7711225045816,649.4461751543496
experiment_021,227.0,227.0,226.21979878490296,226.16673303850433,226.45286940086845,457.1593394569066,461.0140223426727,460.31109627705956,464.3659355425751,466.42618856381307,468.86798955670463,470.72336790208766,474.9726818816477,477.29402480122695,478.8962528508744,483.5813746557649,485.0430816150547,489.2141700335721,491.63771481718635,494.8026980972273,498.26080296150235,503.7285262356866,506.6205574573687,508.9345049576873,515.1498606089053,518.6575735338721,523.9159026418948,527.3107126258603,532.8024658587098,537.7696155005538,543.7112088434482,549.7988397300115
experiment_022,227.0,220.68057913990785,214.6655997706095,209.7783197165188,205.83380671185722,380.5603574440939,372.53728733190945,370.36197628530886,365.016293950112,361.97314944789827,362.0983293275462,362.84621235759533,366.3774557205867,369.38387451662686,372.7139524532327,381.2559566034113,388.8575961451156,399.453793330403,410.9235121391054,423.4765430842892,436.3227304395421,454.53650968413115,472.19110676441335,491.632760433866,511.69607637164205,534.5588311796034,561.026337266905,584.8567797406929,613.9561325544155,642.6428446691093,674.2577145962904,708.6320813213317
experiment_023,227.0,227.09320321528196,226.74480191559536,226.809197104318,227.32159085919065,404.0533596843844,407.6687882707029,407.4224250275074,406.22853919552733,407.2385881857552,405.85589650650667,407.5749311622806,407.2991907004499,409.5375769607855,408.6735457119975,408.7764245587219,409.52071671291475,410.54225591369476,410.610564963053,410.4025067500735,411.73592146101095,412.18236591351126,412.1456862086824,413.93507059370927,414.98493864874206,416.4827925171832,417.85444663106614,421.25003275853834,423.00850854011014,424.5022023191376,427.6187870475526,430.2299312155607
experiment_024,227.0,222.21037789892117,217.80572871295595,214.16286678035354,211.23652429728372,375.36321022288115,372.74714380371125,369.5433827676259,370.51521028093094,370.7886961555915,371.4865977418062,374.85907721947393,379.37649935867023,383.9998914314476,390.3491091963545,399.4285532479213,409.61675996437657,421.6857715368318,433.65759649382454,449.43760857234065,465.15066248051676,483.6606968276761,504.4678216895272,526.0678942126456,550.5283252277211,576.8138633951595,604.4003840844632,635.2520802672122,669.0269361969506,705.0821558297172,742.6401907516278,783.9606074968492
experiment_025,227.0,220.79833716701188,215.20207769138136,210.51048434036312,206.61275711492524,364.53735331082737,360.0584259838286,356.8164270834562,353.27093119602824,352.9810227544644,351.9339269516614,354.57707275651074,354.1506440120655,360.2391760716818,362.5395982069197,369.76533836081876,376.1874952709478,384.14606596461107,393.5146171698714,403.9627035261,415.6018964384309,428.317471988295,443.3663246149614,460.3671853362486,477.16043190682257,496.80416577842186,518.9849288125271,541.4584381598729,566.6250432960296,592.5338256306143,621.9947316869622,651.9829395850958
experiment_026,227.0,225.03048242522323,222.7099225084969,220.9853397707734,219.84030414037568,418.7698773455468,416.3016483240364,416.4465786572165,414.48066853328834,415.9727270546461,413.91219925811106,416.9129820226184,418.07996151939943,418.73881039854064,420.5093173396886,422.6958342624789,425.750422098665,429.7087981785161,432.31758799759666,436.21292556843196,441.4213162485343,445.38669700109335,453.47536021276244,458.0802213108613,467.28533509591267,473.4609339525505,481.8601170378579,489.66042834163744,498.1669608787126,508.86750884450856,518.8977784695245,529.2744728024696
experiment_027,227.0,224.1899660425052,221.58646393362588,219.41692459694758,217.60469141268175,449.7955996399949,445.99371768022803,442.21107956533393,437.78941488149053,439.08107730192734,440.11828319543326,444.88019569839577,440.9383239208961,444.9169087640468,447.49547804612143,452.83303296153633,457.1115330944415,462.09047063350494,466.2543274381024,475.1929806162929,483.24372888488466,491.1661916095227,501.4397422131766,511.3385867436584,524.7958814289054,533.852970581452,546.3155289058237,559.6674827045999,573.3842295738792,589.9103310372158,606.0408445500321,622.9807730437121
experiment_028,227.0,228.51463769396835,229.35735504025826,230.7814469375972,232.78509536312671,400.27794691017834,403.67910174048285,407.6004999184317,410.24096113420256,414.6227799072002,418.6070760629441,422.2702395576808,427.3877230890976,431.33831596141744,435.5948763361282,441.44906055993806,446.20850458973416,451.11280655015804,457.08051114094667,462.1052485482602,469.14295206522235,476.13066030358334,482.3638957422058,489.75661640242333,497.4970013790251,505.4591086685399,513.1018037723261,520.8879472402006,529.7120087997915,538.1083531695862,546.9959236221792,556.5891879374178
experiment_029,227.0,226.00644484241994,224.78348476262357,223.98480415804403,223.5406348542024,379.37112594001474,381.3070691396314,381.08187640686015,380.96671829954363,382.57231635588926,384.69450753198964,386.714745846778,387.7899173750546,392.1718838735182,394.6927080293382,398.66971851344766,403.7241944834949,408.3358700024312,414.1672961703205,419.94399922893257,426.779116712131,435.3400531647555,442.601510932422,453.135761451105,463.1534484192323,474.4315914590521,486.27579806616933,499.403765354306,513.1080738376231,528.4361462412505,543.8531766062321,562.19137750902
experiment_030,227.0,229.03050425614435,230.73306188829466,232.90803596340817,235.89879063241517,413.97873042102776,419.5285050061977,423.78966199576536,429.0964561534277,433.93971177024673,439.7019335751202,446.3100686802763,453.45188832391534,459.76344152351174,465.8243618502859,474.38775672879785,480.94478167342123,488.8994079996741,495.11042985470203,503.23089154108715,510.8725338852494,519.3435852018946,527.8375688985958,536.0447629352238,545.236066166886,553.301337847231,562.748208130384,571.67692426143,579.4370039811733,588.22189377829,598.6526581944128,605.9769657982971
experiment_031,227.0,227.42733353109693,227.59937920567927,228.05093893261557,229.22922463827405,450.43778602275626,453.4197688747614,457.7733516572065,461.18545529228396,467.27823581537916,472.6970372182613,478.4822099699794,484.72184254221906,490.5629841236534,499.3468205749161,507.1746556199277,513.7988495123793,524.505764486707,531.5331484634796,541.6824728072488,552.1788031831124,561.9027261858593,572.1024069128654,584.5740977002569,597.1375933393564,607.5110937316605,620.2470471295887,633.6853653048937,647.0773605007882,662.5332783366641,680.3893618708406,694.9606739889567
experiment_032,227.0,226.32565352869491,225.60561104990614,224.7233195316563,224.3770283482215,463.5789364581321,465.73383444493925,466.48435483874914,468.3177194836567,471.6201714377552,475.31958874462373,477.98756902494057,479.02545990432736,481.59824941190584,488.1019829018657,489.56368419337247,495.5711989767202,502.4391024007803,508.2558228834465,511.7634977601502,519.2706882238838,526.3935914295971,530.6405384189736,541.129183865974,544.460217245292,552.4713407538115,564.7526791454594,571.7783048479957,581.6768518634694,586.8699974711056,597.3393148590748,608.6283968859542
experiment_033,227.0,225.54907788154298,223.87411815639547,222.77663939760717,221.8193083508258,399.1300749749668,397.3769404633623,398.6312557694987,398.7429284204541,398.81653866464825,400.2061243538155,401.6735911237273,403.417222005534,405.3148303271656,409.393168877438,413.42498884605095,416.42395040160227,421.8454977216123,426.89971714387775,432.4882731482211,437.9911198704371,445.99467824631665,452.5572041456803,461.3394924684445,468.7083527817362,477.27329357278575,488.2591966920704,497.34178488218566,507.88461139397884,520.0212343945747,530.8834956464333,543.5301553712355
experiment_034,227.0,228.5076919703894,229.39065198916603,230.68963046548038,232.31053845751626,407.9621093987513,411.03725339146223,413.81806960994373,417.38953608487765,418.86452651534665,423.2194094462603,425.9021603071281,430.49202198811463,433.5464833622273,439.09989828913535,444.8244032658468,448.16657552895356,453.57670844413667,459.96014975796965,465.27897228540513,473.0669871490959,480.1363662782937,487.7969551175755,496.17621782663,504.8903117642137,513.7960392655374,522.3638545067278,532.338773778301,542.5483689497531,553.1609501057621,564.9599083815341,575.8035079966838
experiment_035,227.0,223.42515995900686,220.19548376358162,217.63225195840317,215.54307974269878,433.70556795363353,426.7795148583972,424.4608144947168,423.2534253590249,422.7640135616913,422.3223101102785,424.5644843319747,426.35311052862835,428.23266918403436,431.6414736323852,436.44517586968584,443.51697413659986,447.2202763520943,455.7858393789235,465.6626263538552,472.7157511424218,482.8894760424864,494.92787314292997,503.11843095722986,516.6392317622505,526.3715636422886,541.4887605034717,554.5332177582205,570.7438639855346,583.5909800402127,602.5141550416843,617.2640405809827
experiment_036,227.0,227.22565288350364,227.23468098162448,227.74175272380057,228.71122790600685,404.215134600288,405.84048655740196,408.1280336448917,409.463366093278,412.9135077564408,417.46374192789017,420.2992793394853,424.7792999003279,429.1727154482669,434.5091095428889,439.1378529197085,444.88649259177515,453.6409943316537,459.78371852183255,465.9890580934795,474.2496751392724,480.16385723941926,490.0336092452821,498.0048468472888,506.0692081031602,514.6362423664889,524.5115292832286,533.628827682247,542.314530615607,553.2163336222831,562.498479382631,573.1176236451678
experiment_037,227.0,228.42132172234795,229.50192637925574,231.00516766916695,232.32863700442564,493.16290426808206,496.1953212814393,501.1017917181246,501.60314358590415,504.847267312686,510.9260752938899,513.6273471432444,513.9735471481969,517.9260369798418,520.2932949423623,524.5738422337258,525.9169620994417,526.1330470282486,530.1078116170436,530.597637570983,529.7216952843186,534.2194438284088,534.4577910127158,538.2184200126163,540.2675945080025,540.7318934164452,540.240396979128,540.2575633900759,539.0122743111037,541.6956920628285,541.9990193052676,540.687110562149
experiment_038,227.0,229.9935169548129,232.34090846402023,235.58986848140623,239.16164872339084,481.1318437116987,490.4818601769627,499.36323939216,503.87360482309566,513.8271336964576,521.563705326592,528.850524857488,539.6787248484952,550.2067905345244,558.693991663087,568.8104791460667,579.4157341772305,587.360017631849,600.0181712654947,609.7441646485446,618.4220144933643,631.390563928254,639.265967808597,653.4171723644479,664.9580209255328,676.0400378807423,687.3762636703294,697.7752736051178,711.1369301208682,723.9684984907256,734.3936161505759,749.5670537373001
experiment_039,227.0,227.29068819125132,227.23726522417252,227.67585211781233,228.22093421201802,432.8255401451727,435.73889446709717,436.1524208184777,438.45816856687713,440.0447358453786,444.62001088218,448.50734861593963,452.50175158409644,457.22094716870504,462.02258624252306,468.1395237123916,474.3206265023232,481.8510631014492,489.07198797142314,496.62378511322026,504.64393011682387,511.89583150409345,522.8257633031607,531.7379215236234,541.6774455744502,553.2165493226518,563.7912852662363,575.4723542292573,587.7386213017943,599.4161945368312,613.8589026019707,627.0202262377755
experiment_040,227.0,224.34482590751884,221.86088157052106,219.96961847585612,218.6457178685305,388.82789715964896,387.3890354421315,387.9760866987724,388.0194343899611,389.3465307253359,390.5606454433539,394.0331353499144,396.01166525404227,401.0667134372122,405.0064682119997,412.72906527061775,420.42464901389474,427.06473049317236,434.7138364525495,446.6459571999503,456.1596384442815,467.9195241564178,480.9988586191872,494.34883483857874,509.35974226844684,525.0986797231202,540.7119022844612,558.6409941793518,577.2105395113543,597.519688540461,618.3632771690839,641.9045703231347
experiment_041,227.0,222.25194373916105,217.753851612137,213.4510450736145,209.98045982082346,424.60601884545946,418.6936619107536,413.23483372329184,407.3986750880899,405.50319662380303,400.95098033954577,403.929987913873,400.39136769639754,400.9215913537919,399.7031653189459,403.54403742414985,404.87732850299125,408.0156930815662,411.04048595101375,413.7994614272851,421.8169877975323,426.73428553758765,434.2550192979598,440.55203576466874,449.01909117352466,458.5781877227646,467.7576176045858,478.1686740629949,491.72443393755043,502.33655852662076,512.3763011927358,526.756800704272
experiment_042,227.0,227.00454550459668,226.3727454936556,226.48433919850203,227.20392830626616,449.18900949619433,452.58806581345175,456.1238371679714,459.5129593181392,465.29507642653095,468.20489704176356,473.3087551293805,477.6795626756185,485.20837121050494,491.45583920501736,497.33545263549473,502.1002709635704,511.0511707419725,518.3379566292509,525.9804297438363,534.9972307590928,539.45316860998,550.5562005124287,558.9354061481052,569.1920477671837,580.3977342531227,589.7308033962896,603.2074852728409,615.9904057694275,629.7193753011849,639.4034749074734,657.746893689438
experiment_043,227.0,224.18065410547058,221.56149528351037,219.4892909222965,217.94763269438414,429.1967550871477,428.011260492622,429.8862699635392,426.7788499268344,428.1497835203089,428.24185231703404,432.8829460953541,433.14713045535217,436.38240897515334,441.24397547162187,444.8285975659794,452.0927357137714,457.9250641914124,465.5277993800928,470.533935857808,479.71119952435,491.58824927425826,500.6504252833869,508.50717757601075,519.9842614469715,533.8466351355697,545.2823115352671,558.1203949178692,571.1115239939174,588.9938605397742,602.1991273194985,619.5861387860689
experiment_044,227.0,230.7277286830834,233.8905178340628,237.47322824829712,241.30654499823356,459.0649752796647,467.10772712459,473.0114193287,479.17089711999614,485.11164777454167,491.4626645592904,498.1744835925208,504.5105666910928,510.9233378544358,514.8982861770869,521.1804457989517,525.0461569727423,530.7220967746448,534.3766314165276,539.1815494492752,543.312738740229,544.7932940940166,549.4375913451973,551.7131045276321,555.2238937029682,556.3111589031051,557.9577104475422,560.2901521015646,560.3154716207067,560.7868683365987,562.2455970722906,561.8231264517051
experiment_045,227.0,228.0514492174231,228.5783555106267,229.85316060126115,231.74086465815992,439.74205909994697,443.4816339063827,448.8517833997791,453.5846214688072,457.15469453182783,464.66831495792604,468.87420342696817,475.57699299353857,482.78442437736334,490.1533655300193,499.41768745664774,507.04364827003366,515.9043282182139,524.8633443797635,533.252767030201,543.4961386180458,553.6078907095455,564.517124354651,577.0676532547496,586.9373904319083,599.779618912157,611.9473933492659,626.6295347214538,641.4922527046231,655.4611740602625,672.849202565705,688.0888717492314
experiment_046,227.0,224.15403937814136,221.45486229687958,219.303440499622,217.67799851547008,423.00572297294053,422.5998146831144,419.9882562763254,420.04813449993554,418.6787464289638,418.99068830712474,421.3921287743078,421.83136185576984,424.9518628809105,426.6136461198512,430.224518588813,431.3425309514313,435.5594422651993,440.1932547630522,445.6182107031353,451.6503182587098,457.5493818254883,464.3654135866505,468.7475084682546,476.10907346695075,484.7297957426928,492.42539717491695,500.8989326857351,509.45387620875465,519.3271604915948,529.8696542554558,539.9089949748134
experiment_047,227.0,226.80419265989858,226.32978378979192,226.3723109860069,226.78806363380767,446.0180124041633,447.93545302049824,449.29620374692485,450.89664084090765,451.28148115345937,453.46181669405473,455.04139376522954,454.53290752790576,456.76520130339065,462.41912619420077,466.8809673957063,469.4671679870093,471.7148141843219,475.72939240728255,477.6917479834025,483.1753704915968,486.01487175961336,490.43983644885867,494.8449370618637,499.1148792850906,503.7628522556277,506.446396474335,512.315398829828,515.6580676716511,521.8666815343273,526.2065409442489,531.1211564512356
experiment_048,227.0,225.58839415132368,224.00230144721328,223.20789719474112,223.19458782466828,373.4075891853898,373.37878204780907,373.8374196337539,374.930918716344,377.2715983289115,380.33534345618955,382.2193354427889,384.60350969049347,390.0779978604588,394.05580731911846,399.7084194047644,404.65924084462347,411.2266863372385,417.617434573155,425.2189124735974,431.42630329834765,439.78194370671366,448.0359634264087,456.8850970839406,464.90166674227515,475.8357887485986,484.2527807398576,495.8500816520752,505.63289386148864,516.3475212253688,527.9564752660194,539.6441718811478
experiment_049,227.0,228.96551800935916,230.57436488064764,232.3402353626755,234.2878686460437,400.7082242027063,404.535447057962,407.84944174154515,411.4023750921579,416.16621441817045,418.6246057561404,423.0003308158688,427.4096790034083,430.2775561150125,435.3368908645274,439.43548252560856,443.6814928273979,448.5930034698767,453.12368386664826,458.6514823081213,463.92231482959147,469.4510454770699,475.2382088693901,481.2765220114364,487.62361883903725,495.2504173003471,502.4537303652618,509.3896635045368,518.5305101036253,526.5281351405077,536.0894755640622,546.5256332725886
experiment_050,227.0,227.38608972106934,227.35955187101882,227.79940181897385,228.53740231222346,424.25090851765754,427.4692108535281,431.8354879307508,435.2927007305608,439.0154611874142,443.0708914847231,447.5511224906246,452.36378360540806,455.91837424976495,460.71862245309575,467.6165011005541,471.63430976604775,477.87835794624095,484.09325811550826,489.95569528996697,497.5556937535385,505.6669683496871,510.8333576659183,518.2358616428749,527.2294573919938,534.2084960539772,543.0057073169424,551.7237519137742,562.3439317050041,571.3410557668178,580.8523782436941,591.5464507600813
experiment_051,227.0,220.45427782667525,214.45148056231744,209.09531135696193,204.6731424055457,386.9720531628581,381.7619125136095,375.8156771450317,371.19296650423763,371.46326348699364,371.6491777580255,370.7606102987014,373.6067135816583,376.0470949302246,378.9308327880403,385.0474186090459,391.2594867683625,398.11929793407455,408.562704226912,417.81185711893187,430.17634829428454,442.06251410089124,456.0394975715977,471.11928499803787,486.48887241761173,506.88243007241186,525.3576342299214,546.4314381802947,570.6397227176199,595.5455123888268,620.1133758117011,648.444513032236
experiment_052,227.0,226.25088139135198,225.20739320552462,224.10456299517773,223.4197147642227,429.700487558225,427.9910720022123,429.8300027889527,427.54567350314437,427.21594423841714,426.6006293451922,427.4938314652252,424.3157850953499,423.1432998036029,423.7712426269121,424.3005200066628,424.4183851055933,423.05098452635013,422.5004970293679,423.7177528408738,421.8385200230414,422.41143633824913,422.0874584635945,422.74952583580705,422.3044982926027,420.9841521282531,421.70613259583286,421.4127003673986,420.37311334707516,419.92743048842675,419.8538935343198,418.1029016280251
experiment_053,227.0,224.3829906668122,221.84735608187074,219.69231237687526,217.8044538361446,428.7130878973189,424.59544646724123,419.6458651179595,417.1041745362812,417.4946612591569,415.2351116132623,416.5593054248447,416.9946934331053,416.77213885905115,419.9104111952732,419.79494185533116,422.2779990830649,428.27823898889864,433.39151017055735,439.41291166979335,446.72536851443067,452.79047623208356,460.20398447886555,471.4855389318371,480.86508144326274,490.56609185991414,501.4232239760701,512.7676847714587,523.6707963410266,538.2520522663111,549.0042562174076,561.3096238265797
experiment_054,227.0,228.56713683144517,229.42831047994864,230.8655552762092,232.83048238422074,470.8613029748225,474.82455743679503,476.9442264793772,479.7138530033872,482.08208479039604,487.36297487843,490.2621488046389,493.4817804669212,498.7036423144696,504.35414777000403,508.9659613522818,511.39263882574085,516.4328588856362,520.0232755781813,524.1941078666829,530.0362285413163,531.4450542764554,537.5996988072961,543.3760910709248,549.2664911730292,553.7186433155683,559.1172904044612,560.7324607316287,567.7867666085581,572.6827908156677,578.9945193988516,582.1198817379633
experiment_055,227.0,226.4920396653612,225.74190040766075,224.75706491271623,224.3636849942315,475.67284266436246,478.3225084946677,476.59951167477584,478.21240041489017,479.4914168171938,479.20590047822884,479.6292913256377,483.91676373057106,482.67408425834896,483.8332530188101,483.33460933512646,485.5678710986049,484.1116170384871,487.9486146778049,487.9003438378455,492.9955279168398,494.91992599651013,495.48654377717526,494.4025724319871,495.2261625317434,496.45151609532996,501.7355619681391,503.0781543222271,500.5043147444309,505.3812468184214,507.22502674736745,508.73824271047334
experiment_056,227.0,228.1085745763886,229.03144448896265,230.27711179272012,232.10131403524446,401.8329929368925,404.86761125567557,408.1649190672301,412.7210208050521,417.284613616485,420.9568335131743,426.2385228592019,432.3213104075386,438.75280186198876,443.78297026970984,450.5943691998481,458.57140855405913,466.0312042520192,474.68054222189187,483.19806217069385,494.20152047143836,503.7715677539983,513.9532987132931,526.2919649122,539.0089802567181,551.4082810325535,566.0148714579999,580.1294522016962,596.3976763759028,612.9173858173663,629.8259072854512,648.4050958237266
experiment_057,227.0,227.01878360153506,226.81338847053087,227.17858037105128,228.38248022414328,380.79283052323575,383.00240462901166,385.6360016343005,389.5341645352088,393.9573106679686,397.9507638264119,403.65894007228036,408.5420092590057,415.1999580271362,422.86512098656976,429.6487011470306,437.8436190174847,447.241082026138,456.7338786548807,466.5210080223963,478.09345913819686,489.9055470306587,503.2138734061393,516.7824457019678,531.9828155495863,547.5291072236593,564.0419411670732,581.9750345374393,601.9320340018655,621.564405969346,643.9826609160635,667.647408820184
experiment_058,227.0,228.4188809451967,229.25766610184763,230.64993511718637,232.3657354593282,434.74037985992965,439.2124383839998,442.9853318964303,445.5347044474423,449.5424171119108,454.91591676242837,458.0472031679508,462.68237264521827,466.6644373261825,471.80947857568873,474.5624553314444,480.55425858692666,484.7682510747926,489.50754991846054,494.2607802410905,497.3131544617146,501.09412642130343,507.01854974377375,510.9993056682391,513.211845804089,517.0571624712603,521.1608115023997,524.9927066598098,527.5258222003532,530.492674962927,534.2281901620711,537.1862360744894
experiment_059,227.0,223.28583515444382,219.76987612075868,216.58639637567387,213.71089558751146,430.9621373098273,424.71309783444366,420.19388584160066,416.10662470515456,415.7215642903962,413.3263981586792,411.10700675106455,411.74149948782315,408.6543274423101,406.7122359158661,411.21558521129805,410.73227359019756,412.6504920773705,414.1513927755495,417.5698467461997,422.15771132097126,425.7673284945775,429.67602511112585,433.8970264462352,438.76472298555893,446.8165380245425,452.12740759191485,462.8223143091138,471.63666635448254,477.2906144736463,487.86476077308555,494.9462262536068
experiment_060,227.0,224.09698182246962,221.250146203159,218.8994610921589,216.93686553188314,420.11389637998496,415.6107405029212,416.2518647133624,413.67139076305193,412.05327718627507,412.918907463039,412.10031325420124,412.1959936839849,416.81663521830967,418.3931366219507,420.7571320616172,424.4991786424148,429.8954622172377,433.0324094873583,439.3047350563942,445.6003071078294,455.12150953277967,462.9925329469609,469.32589546626735,480.89139543321124,490.4976952748167,502.7903639290322,512.7983318274155,525.6723559224428,539.0050926412084,550.927139230394,567.4426808891537
experiment_061,227.0,226.41077842967684,225.60766548831668,224.6031655374394,224.05538060320828,453.4764415296538,455.5833174721989,456.6738640266927,457.834440726525,459.627156915175,459.8996774873883,461.46469169681757,462.6932123561369,463.6381125464062,464.95048027312527,466.3840065949547,467.74364033097726,469.6443906165254,472.54142008463873,472.460030668796,475.90895270643296,477.5036254973928,480.86414802507255,483.6509032711642,484.737299236772,488.591166047397,492.1624189935035,495.3375940991668,496.72503453127297,500.4682719832344,502.4348503652569,508.9013078501852
experiment_062,227.0,227.34283589847448,227.35999008476102,227.60517599237767,228.02424897947628,384.76950671295225,384.691124152309,384.4807109247637,384.4070970703866,384.3911862295551,384.57344401575165,384.0381635815616,385.0007803803335,384.32480512015843,384.6042160720744,385.18034891440817,385.69584120928704,385.6207403074956,385.61645648238704,384.1528784010029,384.08789739582636,384.4875417236201,384.08080608375116,383.888392796673,383.9408051797573,383.2060408566018,382.82428516131085,382.0096898437399,380.94846108970694,379.7187335462437,379.2623238563117,378.22426730980186
experiment_063,227.0,224.8255586482316,222.21572521722706,220.29455601455038,218.84491780787596,409.1986248316376,405.3617394809097,404.12103304806504,402.2261289476261,400.38991920141973,398.93160363757806,397.761353353875,395.4063789070261,394.88022802785537,393.4913164472537,393.4019022382741,393.6908110853156,393.5164128053935,394.3393401884997,395.26072652062743,397.2284076246185,395.78273166270196,397.8571678677234,400.039266458656,401.781056756007,403.8172105904325,405.12915228574076,410.1207550123831,410.25220157418664,413.27809730225704,417.04332463838585,421.1367796765581
experiment_064,227.0,225.37683290419912,223.3677620383752,221.59992341362263,220.37074932754624,450.2418648198733,450.41797123220476,447.89678811413927,442.96571669491715,442.1884440325057,441.2444669909728,437.3033179138997,440.1517335655668,438.13351960229966,441.9029837275739,443.1926104861407,447.0942825431886,450.2977612903059,452.1828289187309,454.1376902900501,457.72591702790123,462.32971272612144,468.22181510277966,475.04837921114444,480.15545785293864,486.9409647360371,495.286744969415,503.15082998000116,509.1243264371263,519.6533381720062,526.7653106674262,538.1393443398572
experiment_065,227.0,223.8365411295392,220.7468051731234,218.42904292727135,216.8775274139952,384.1898637981956,382.53629808654836,382.8786296953184,381.4828045437316,381.731362004691,383.9528774992573,386.8960582336501,390.68396541030125,393.7499269333267,399.7482065427028,407.03461083344564,414.41629586673116,423.1447629814139,432.2618195236335,443.34812613648666,455.77360133904506,470.1302100067843,483.7944661425042,498.37070772141743,518.3019241121245,536.3740086622051,557.4323481936376,579.600444625326,603.4769167935266,630.3121924930418,658.8148364410484,689.0195523542227
experiment_066,227.0,221.87578318531473,216.90130268917596,212.8582192706599,209.72459825300533,355.7493914606048,351.83904225202457,348.923731958678,345.7861002357642,345.3021966781185,345.54258919867266,347.3224258828298,349.7060237494565,352.47212138033063,357.751923613653,363.4580161267308,370.16544185703384,377.8367150355481,387.6667309805162,398.550941142448,410.5303553557639,425.36051706725993,440.265215310035,456.4269240149273,474.52284720133275,494.94812976896947,516.0829796810589,539.8142523000608,564.4451404577565,592.690437791954,621.9122505753287,652.8802079974108
experiment_067,227.0,219.8674434249982,213.33475972251435,207.9641408709005,203.71611969254647,334.45878499585,330.7401616148225,326.97686410086345,324.6320270354887,325.39084356060835,324.78969790437776,327.5928680508501,331.71448065091863,335.8255086422652,343.18690677623226,351.49850599739756,360.8029059424425,372.1711051724476,385.86500678951955,401.13261365628904,418.12041357399136,436.8392009117353,458.5354892096706,483.0191613293899,508.92905946470637,537.5639936897437,568.7915952500845,604.3752248334389,642.0073483169525,683.4776118112147,728.334778588284,777.4962263170689
experiment_068,227.0,225.3855265470479,223.64645545239853,222.64962955825519,222.3715853241508,454.81049637485006,456.00160207513625,458.46040354775414,460.17456471696636,460.43120559059656,464.45807754317633,466.2769027935354,472.3461720517526,476.8550939628095,484.65406296286886,489.81521405630906,501.47544512832303,505.3751621424052,519.3518731556063,528.5672464940352,539.8214845988157,550.0171471026313,563.0286642108745,574.0382367232821,588.6622571065162,604.8166535403861,620.6087292402035,635.7331874313128,653.6438264441139,672.5306427002098,695.1561031603001,713.5583271020505
experiment_069,227.0,220.5199074353626,214.34585249791613,209.41941205967657,205.34685715869784,394.2558497585364,388.6117389196609,384.4216819421358,380.8269371446343,378.9135073515435,378.7098916351508,379.0321359151317,380.58129804480797,385.2697140301431,387.2806331038472,395.42669756223285,402.57495431284224,410.522213198105,419.904566618677,432.9237103769624,446.17114588511447,461.03912109296436,478.31557331172394,495.3388870192206,516.6349375938421,538.1850633908206,560.2072217402116,585.699260294266,614.1425383267391,643.9511743834978,675.4522382894282,709.1512435748117
experiment_070,227.0,223.0013221857372,218.98479387765929,215.75662312462336,213.35003367471646,368.11738811629135,366.2823632394789,362.7934086655145,362.60410231821777,361.0436818579953,362.09755463582445,363.92066908776235,368.14200786711774,373.2033380038457,378.2700234588954,385.00868527088926,392.1044682031052,403.07727316093064,414.0692849974642,426.85693585974644,441.3850201727092,457.1152161569487,475.84686131978407,494.9358374142574,516.2203143715378,540.6458462252604,564.6421257953639,594.0598072665973,622.3376906628926,655.1836937522964,688.9904795315666,728.1811845328431
experiment_071,227.0,230.63139548053755,233.43992216320072,236.60951062313205,239.94113450204156,440.0446583136161,444.5937039995453,450.5718851741216,453.7389349603412,459.33694928865395,462.95454431207907,466.84173612214573,472.17294033071204,476.26700696514354,480.1376560870441,483.40580694354776,487.62792939000207,490.6282839880047,495.5169459264124,498.11576911705623,500.9821915885802,506.44633847293346,509.2725330794458,513.3926140968566,516.9141393199961,521.5065666647613,524.3466971103621,530.6385131485279,532.497606318304,537.2130748760636,540.8664906895209,544.4934553341762
experiment_072,227.0,223.3654275293853,219.69151830533323,216.97633448962742,215.2189193464705,346.58802007461844,346.9765531332634,344.99519896540335,343.27228278182235,343.5474956743401,343.21630440596886,344.67759308873514,346.59471178860997,349.0022615695474,352.72142707456464,357.1285613820989,361.8168659239225,367.59292301447744,375.4692537783016,383.3050712496306,391.73649141749263,401.6710601380113,413.8796462134445,425.5796188162319,439.65470671023303,455.39315279568365,472.78830016147487,490.4991548206224,510.48375269258526,532.8305611134913,557.05999673681,583.080460132097
experiment_073,227.0,225.50404731872746,223.6606523221667,222.4823036784262,221.84186211790274,434.2537334116254,431.20009296170076,431.29225650506015,429.0926567488084,429.50478941282523,432.67508293927796,432.77556964746543,434.62902863232836,435.5141197787541,433.2529787974466,439.20542701605285,442.81823865673283,443.53488291439487,444.98115865304356,448.6053489071653,450.7013574795456,455.5568055874848,459.67762864028543,464.2905361253005,465.57295596823013,469.38280098730434,475.6803599008758,477.19303177263134,484.43100379572917,488.48696923473557,491.5056856038631,498.92268187024285
experiment_074,227.0,221.3564603717343,215.93297999277223,211.41738050832845,207.78874838513028,349.14853944886454,344.7685332918997,341.0351782260592,337.3104363430899,336.8171642469006,336.0675390074885,337.32697993585157,338.4495120960139,342.4109690657824,347.32201503341435,354.30647501576186,361.1743137584022,369.41866725433965,381.45953420548733,393.5050981728835,407.39492447078425,424.11041129263486,443.13931332664686,463.6362669187426,486.8525217542952,512.9063283866537,540.3170405241343,572.1271170240578,605.8276474481554,643.5637405152964,683.7890272271404,728.0342094736857
experiment_075,227.0,221.33639499888267,215.90811287703036,210.9767117200173,206.35853210827796,386.8033435297358,379.8218753749825,375.3360036544954,369.1789078712042,364.3743810080686,361.180579761783,355.4119590755722,352.7222044947147,351.66736657291307,349.7542564863861,348.4185866306588,348.9030944169896,350.41558467449903,349.2818185879228,350.70781841242257,353.9249447455032,357.4959103002179,360.21799137093876,365.1404445684575,370.3890890180756,377.2285175569974,384.5628098197694,390.9616597332648,400.4528721515556,412.27860066820097,421.7074430702941,435.01038173593787
experiment_076,227.0,223.27627233340348,219.72498767478197,216.7748424022555,214.46218566417838,407.10959425799933,403.7184488216761,401.43132616235454,399.9406988241301,398.45452503037257,395.0741463089863,396.2091548607762,397.3980600751156,398.02957640816015,398.72262102899754,401.0412511048801,405.05389621122134,408.8041556595548,411.03428894242734,416.2003846371299,421.8791734711657,428.2830899563959,434.5549365709491,442.03700134047835,449.1560528304252,458.64574135829145,466.6076590322241,476.2055697011657,486.99248247020535,497.08687035493404,508.39814793530223,521.0483072563221
experiment_077,227.0,230.72269494792675,233.87798857766126,237.36075480117586,241.08594110314007,429.0778785141873,435.47674854445887,440.57371881397995,445.1116033336906,449.3687109737046,454.39101333842905,459.2031201756229,462.18151574733594,468.4857222820542,472.71640843006116,476.3112975782902,479.8999200797133,484.71078805447684,489.18839858312975,494.81180498139287,497.9148659439463,502.38983954793,507.2844729701398,512.9292826990938,515.6408520057162,521.9813997367816,526.0144781080684,530.9386844552065,534.6842304514528,540.3572556687573,545.2202302630651,550.1767867572215
experiment_078,227.0,226.1127044644754,225.02672097255711,224.09415927724217,223.6632424070208,389.8446618082027,392.7814462595376,392.12164474158186,394.64006500151567,394.92220511861524,398.60455136559494,401.3239559993562,404.01951753459855,408.951733396349,412.93597170435015,417.898419444727,424.55278043806203,429.7227491579646,437.182434226464,445.0457091977978,453.89068665544784,463.20315747223356,475.11204838669016,485.8165446862282,498.6531061460613,512.1825000291574,527.020937191859,541.0589381086472,558.4124444460468,576.2105887686007,593.9958077799319,613.9738267290962
experiment_079,227.0,223.1607401586114,219.3442664879243,215.98063291992113,213.0962355582524,381.8384094387174,376.4384603925337,372.4872244915087,367.81259365309234,366.85581723990987,362.0197320825402,361.3112574606104,358.3784904648384,357.9030185310244,358.0917017638928,356.9585340557112,357.0471904085243,359.59228905810227,361.2539995318015,361.7783696244706,365.3800984725431,368.7083386009826,372.94022002184045,375.73717233348077,380.82269130429444,386.14606738632,392.5709563397698,398.3178636360408,404.56465686172453,412.8428282922401,420.8507696015965,429.29153270529645
experiment_080,227.0,225.0021330641215,222.6958838091478,220.77979350509264,219.2563229961717,436.990625487396,436.00569470504064,433.54217325223675,431.9416064079871,429.1647042574877,427.9152039419865,429.133604396366,426.4948962028228,428.10128219089114,431.2829169394894,427.9700059293386,432.06624023535096,432.70727147959167,432.39855931946386,437.18308393192393,436.689514771621,441.3019882744906,444.8688881174588,445.37420339381526,452.8889320943931,455.4321570753401,457.3267494764284,463.6511048965632,469.93464641215473,472.55952399021004,479.36851913397146,484.6609461072825
experiment_081,227.0,221.18683458149968,215.72738676743992,210.8801872713331,206.85438490011134,367.90617606983756,361.92894015943097,357.0342578003611,353.00093474605484,350.00786933315413,345.58282760748534,345.8353390842364,342.94930246784133,343.64572905037704,344.62466811769303,348.11769279298886,350.74140445609476,357.1294544588465,358.44462694092425,366.795513330436,373.7023475458934,381.63640712017707,389.6144428759833,400.3740136580178,411.67363259039445,424.17779511604544,437.7797693075449,452.6956919083198,467.02526769313164,485.64315579423777,504.06813135583434,524.6600730472425
experiment_082,227.0,229.41608368838524,231.34202130842138,233.66184912255886,236.3089261591193,451.79163710419454,457.8221475937583,461.87613731525045,467.07348855100634,473.4764574270889,480.39895613676185,485.4545080547214,491.26773083395415,497.3529742607449,505.11220737598376,512.3680891485427,519.9970379228159,529.7589106423329,534.9128534873455,542.8693032876987,550.8915794994064,559.590908950952,568.6766186583571,580.0705296334628,588.6427794493375,598.5673939047725,607.4105436003018,621.8971779738774,630.4778032654002,642.155130512705,652.8038795569472,664.8439434626326
experiment_083,227.0,225.61967381391236,224.2793946676507,223.32014565104473,222.7210422994546,468.09696058005017,472.12927181787853,474.8589058569684,473.12893509877193,477.38773089104825,480.62229785241834,487.6387042721232,486.76229954714427,495.42389864034664,505.611987990943,508.30825331968344,516.5846278160989,524.3374345177185,533.4060997649877,543.1673939908135,554.5055004825988,561.8360489477205,575.8230759885002,588.3236665822545,597.5599909339898,613.4608202794012,626.7660789552187,641.9574649076403,653.9137414414913,669.4357837655117,686.585969028231,702.7332963089339
experiment_084,227.0,225.80849723150553,224.2432429819768,223.2690893973794,222.66942952571992,418.2726023195545,420.3531761173352,419.67780221463795,421.29714648527295,423.6635525395766,424.8013922406747,429.66354421625584,433.2836643396768,437.5568298523694,441.9593550059062,446.099448499558,451.83224386974183,457.2783657054537,465.3525297949452,472.617373826197,479.9097070123712,488.1851868908267,497.81708952664474,508.35097354029386,518.0161329729218,528.7676772755491,540.4048794662757,552.5728572419029,564.1987225665752,577.829308504993,593.0670015070923,608.3087696206279
experiment_085,227.0,227.18551547163622,227.1494249378846,227.38381530327385,228.3635972684683,438.3982679366789,442.11274714134134,444.9367425162578,447.1835886625235,453.1377739276769,456.12606572359715,461.57328267052395,467.70606962022873,475.5881100961818,479.4758969971683,487.01635657734585,493.29329044104094,499.40211495570213,508.78364727580725,515.2808609677446,523.8389423169176,530.6587280720528,539.3695818401125,547.2358079912738,554.6990109349713,565.6407741698079,574.3499170102581,580.4904413680848,591.1660708638451,599.0152669784849,609.8429506674653,617.7318532635238
experiment_086,227.0,227.71520299030985,228.2800482983127,229.5474134250365,231.7928633196434,385.63918052997,389.2935137212097,395.31282884652063,401.07289575040147,407.54038408139456,415.98847240206715,425.8666305134014,437.40720008458624,449.2342982121265,461.08835511127916,476.24965386688314,492.52088111822485,511.69150371638824,530.6504327563,552.2167201060196,575.9653751784116,602.0976291138657,630.1272689764168,660.4552864580525,693.3020721680688,729.21332928964,767.3576998157307,809.0402897247603,853.8810415923724,901.4672941858355,952.348525027787,1008.1999751130318
experiment_087,227.0,228.22186522278867,229.06758659037297,230.45665314816227,232.29468686975864,418.5081778313024,422.39739412565797,427.619303324219,430.755643062296,436.1661612613021,442.490839812139,444.82092387025557,451.36977954735676,456.7632929843869,464.6231652056827,469.29967339137045,475.09477235019176,482.8479679029708,488.92163145723987,496.3505672655847,503.1692656169557,510.07216916234154,518.5268267747842,525.6779477304673,533.5529953608127,540.7496388403064,548.1508685214388,556.2955264003125,563.484941493365,571.9049147162715,580.0388735302062,588.255269399435
experiment_088,227.0,224.1846876722252,221.49848582450684,219.12413352570618,217.01741636216212,444.6279288341474,442.7538031984288,442.83938130551564,437.76795544467126,435.5817236347415,434.77135957004134,433.486390601623,434.62529040085957,434.36081883042664,434.6795146087521,439.17890850628294,440.81393124081234,442.81546649896285,447.8977139639,453.64703035845343,453.98161686573224,464.1906860395841,470.3529034647204,475.2964274222264,486.37278561239236,493.8803645286691,506.6927640917135,514.2655909633665,527.787394994949,537.1235842510605,551.4362719966634,563.9846982374889
experiment_089,227.0,226.5118839395408,225.87501364214086,225.33024657904303,225.4388929921795,437.7177783545952,439.3453673607458,442.26929051225665,441.9095767725691,446.0335572515454,449.41283462119,452.2605130145842,457.1482435603146,461.4449533332074,466.91461980326386,473.16124641630813,478.0223180216063,485.33429959681774,490.54118435098684,498.3514865153248,507.50657720210745,516.064819546703,523.0999510751542,533.4287025404778,542.8548952309407,551.5178017126898,560.1683022724627,571.7726944834276,583.1144414238732,593.0314600853745,606.6350740588009,617.5574940913147
experiment_090,227.0,226.3821804592069,225.48140504801398,224.70478554103562,224.5589127382846,437.59020748808166,437.31903656469694,437.5601446257486,437.07192018621976,438.82386612588067,438.99710264153384,441.0645852833802,441.70933213405704,444.68018683960224,447.22850257775906,447.98921197111304,450.62182531590037,454.61173992171865,456.3121359981364,459.8553757989389,461.4060583856764,466.35115314942345,470.19644082139115,472.9141613616792,478.0528508531104,481.6852764507648,485.69579095766437,491.1390205504385,496.1538025210526,501.5583321705604,507.1279484836609,513.9014628801553
experiment_091,227.0,227.280988084508,226.91466598467127,227.10556433121394,227.582960680578,455.9782514776967,460.35371647447266,462.17163962577825,466.64420008687074,468.3141646970781,472.10925150901267,474.1225137302165,480.71355869058806,485.26336558591646,489.80779125450704,495.21222038174756,499.5685780509535,504.4844140117958,511.37839572982443,516.0615475214532,523.7389761480139,529.9634205164975,538.1342007401635,545.4564382730096,552.7508424240959,561.8828543362976,567.6892272961659,578.2658111940904,585.4134856293001,597.4461561288139,608.2685917520446,617.7746541355262
experiment_092,227.0,228.99163935210055,230.49969656044618,232.719682978695,235.50461684672626,438.12386402219437,444.1542342815432,449.65772566294237,453.8799685606874,461.42757008045953,468.29017115535476,474.3738885575152,481.3998972892881,487.95609256636,495.2605427841511,501.28604122711164,508.812573497134,516.5661588902084,524.2675876733169,531.464190725445,538.4670622946098,546.5167042334818,552.4782504175663,559.6833548135855,566.7720993160888,573.6733366289625,579.8215455134269,585.717543801255,591.4952276813187,596.0778714665796,601.5092351297263,607.280922398948
experiment_093,227.0,227.90114080644327,228.72313786990284,229.97484261149864,231.96156462463657,399.79692169394366,403.7016115516637,409.4745489796105,414.4552226391573,419.4254496906244,426.8961725917708,434.5853509027766,441.2337545585723,450.4074726375852,458.0779591045221,468.6509292791557,478.4525114589749,489.33337768247895,500.4291664281277,512.9476677957857,526.2892242964239,539.3568360413996,553.7026425795447,569.6660399490937,585.1267711005769,602.2456920669845,620.0359984156222,638.9392080833095,657.825730032443,679.4770247349107,700.8705762358633,722.5035166077555
experiment_094,227.0,226.9757495429561,226.5675408107946,226.86367472177733,227.5501325880606,482.99270879314963,489.8800604822392,492.79190384349755,493.397411412388,498.5296151098748,502.70324915096955,509.94010905087697,513.3513418950328,521.1251845467606,528.0343078754096,535.6072965229403,540.2019334951768,545.7131737072737,550.2911809787732,557.1921488075957,565.1980882123278,570.7622647900773,579.1657666403789,585.5514978453288,594.8503519693766,602.3897860213075,608.0031723887411,615.302020312379,622.3577868906671,626.6914476105958,636.455975979774,643.5338154959926
experiment_095,227.0,225.46081353138007,223.76068286524796,222.72036721162908,222.53296666245217,365.15916106608466,366.17248443823274,366.31571164537104,368.474672865435,370.8428966176143,373.5770990805085,378.13123951278817,381.7968367317194,386.7127118962837,393.2249880657178,398.91787492802894,406.34612587623604,415.475602634931,423.598881884614,434.24970458683094,445.1717692699975,456.37729718022433,469.6321213303868,483.33901678814044,498.90632494608275,515.3424911055771,532.9459167453854,551.0616718003606,570.6004562863657,591.4953866074569,614.2241525213915,638.1251583298654
experiment_096,227.0,223.55913598789687,220.1123667832967,217.14343018655052,214.5840505980378,371.4235025136255,368.26605481063655,365.43501337918605,361.8578967981901,359.5244258565913,356.6666341693402,355.0515852114676,354.9484421372634,355.20020202158173,355.5102208671872,356.81548990755897,358.4124295681424,361.6158951405687,363.99924230315963,368.2501460458617,372.18311874207916,376.60303558681215,382.43136022120154,389.4893885890084,397.01420877573065,402.9149957069292,413.413979723422,420.7618410234438,431.3586808579098,441.84793710590316,453.392620305068,464.5410213802043
experiment_097,227.0,231.85810563837558,236.35536879040964,241.5514248880171,247.2792252696339,425.8324470613734,435.9518330836315,447.0905862674145,456.5225616098732,466.7695458612086,477.39304579864375,488.6598696523657,500.99892844398016,513.6208919507654,526.3079860425187,540.8350836227605,554.8902728872979,570.0833034743426,585.6251597083459,601.1737702433611,619.1493188728278,636.4708838900848,654.7973682006009,675.0712022718203,695.7284717982129,716.70862392911,739.4503208268507,762.4229848526819,787.682942205177,813.2193734526811,840.8078501010451,869.3780446982822
experiment_098,227.0,225.60277987992205,224.20192761159262,223.28639370184393,222.48397146108908,448.41575516574784,450.3430716886394,451.1431152862963,453.54740615291985,457.6513781704805,459.73975934699223,464.91577996364884,468.92201183133204,474.1413629372923,478.15239449052956,483.82983309136364,488.28798895074044,497.9898923762842,503.49286561069755,512.0327599416959,518.6559401118423,530.8770535626915,541.105062734891,550.2226357720363,560.0123410617133,569.4725091076193,582.0050352900112,596.1160589274472,605.8414918573374,617.8398585370626,632.7282398643176,648.379368377224
experiment_099,227.0,219.97980816493416,213.35644685502956,207.79808778260863,203.38141876685617,331.09558248050195,326.66592032710986,321.3759432377089,318.0951487339367,316.7376655667908,314.82877328678467,314.92536517646334,316.0336814675981,317.9389818018268,321.08647836177016,324.73544392213057,330.790060505022,337.5731030853592,344.41879743299876,353.5054372057045,363.96384874041445,375.5460394663095,388.89587802652187,403.83683639094136,421.0581033546261,439.05402837454864,458.9161213156671,482.02506359177545,505.87676317815794,532.7398003503245,561.8237167014063,592.8159488089856
experiment_100,227.0,227.31126547129017,227.4034955122474,227.38042951450893,227.7392681643064,471.9890356276653,469.9671201288348,473.339441069825,471.52198437254617,473.8367163587186,473.6073264618886,473.32187966991864,476.4547638155404,476.4822161775489,478.1107981459907,478.72731413207305,479.0789877745715,479.7738690297794,479.0903121634683,479.28709655351844,480.2645098586726,479.26374112221686,479.2038306858678,478.2442113879391,478.11310255611994,477.16181158961035,478.40982177631605,475.7547064920203,475.7793745754545,474.60191548492537,472.55412984214047,471.09569855922217
experiment_101,227.0,226.72089821295242,226.06877924634452,225.93381876532106,226.20868026953138,406.4663645972376,407.344201645541,406.938284796581,406.81595503514586,407.128199977865,409.4162484421217,410.43489063159893,411.5598891058673,414.92618391776773,416.0352928978615,419.78616183916625,422.39459991792955,426.443097798588,429.89699336714415,434.86709428412877,440.2101971919159,446.9809690114418,451.7464549317667,457.2481985744717,465.4117992482294,472.97458554744213,480.3431642101942,487.8910159156994,497.3528413965448,507.24751072241077,518.242833527347,529.2575897001518
experiment_102,227.0,224.6699342366303,222.35917983871752,220.69148358195375,219.66657194256126,417.069618135204,415.02356948546424,417.5292470875014,415.45923833852225,417.01621480904555,420.20524182311027,423.7387827106684,428.7251635210529,432.4349156512786,438.48323393647877,445.9621165729134,452.11915116133196,460.6841987006243,469.38461927352796,478.2353618521024,488.77110889496475,500.2266515872613,510.9368326980006,524.7507671224741,539.183401454444,552.4166305915212,567.583812746146,586.376231481385,603.0691071195514,620.7286567999861,640.4306026104051,658.6177177392148
experiment_103,227.0,226.7060772318058,226.28729222637986,226.6481046097274,227.63734947028243,407.1266462877495,409.89889969513564,413.0248927105335,417.17587794475395,423.54690061032534,428.182712194614,436.38617039882035,442.9759135019493,451.6468933904148,460.68302921843014,471.2141180318156,480.28000864902367,492.0299035901613,505.5844572487014,518.2354359806535,533.3740191069706,548.2326318218537,565.2858279138381,583.4090555949236,601.4043825280806,620.7581891684965,643.3650744470032,665.7979940889517,690.6896567795968,717.9332591546661,746.1201652525467,776.9765621756103
experiment_104,227.0,225.30404286887097,223.4748048727395,221.62416479850637,220.39083793399163,463.01442711999715,465.13884245061234,466.3708404056245,465.0096837071665,468.94665169094117,469.3948275804123,472.18824485061896,475.7179111081929,477.9855952682416,480.4767525173728,485.3654253785297,489.3629397192786,494.7248261918438,496.4189789540446,505.6010434002696,513.5533658950902,516.3669490517268,527.0337118093114,534.5305505495472,543.0403998576311,549.8688784080136,559.9929302610437,568.700401461585,579.8698477734356,591.4962800583286,599.6089897408522,612.1975519690525
experiment_105,227.0,227.93853135442197,228.87820555071409,230.13781680410978,231.98557088849577,428.37341685124863,434.5037550406724,438.9280752082566,444.55788971166635,452.6960958315678,457.70050207584757,465.88824964028186,476.8608279158119,485.53912564680127,494.44675289667254,504.55316753637265,516.3919289858108,527.162846864921,537.077119279931,550.3972263214093,560.2659235492722,575.2930223369258,587.6132799450695,601.0776573274798,613.3720294634112,627.2578167707034,643.1000983323493,657.8441946361523,673.0536251682944,688.3845878670712,703.9032342495664,720.9504761053654
experiment_106,227.0,223.8952387969142,220.9459189832843,218.46058419164936,216.33532722827408,429.42522635583623,426.604153804108,420.8977785622744,418.45549401117256,417.6381225026962,418.0515905621035,416.7344583880175,416.0318340506379,413.6743989822394,414.4541338014618,416.90942198172917,418.48171886450945,417.60965262394245,422.37156216367725,424.09816610174147,428.6546058141309,432.83611368989534,436.3582754910399,443.5899149255724,447.9239546607352,453.54323356813444,460.90639120607227,470.49750434065345,477.11259230903187,487.8615223724467,495.63092827628,504.1740517420304
experiment_107,227.0,226.96893760947012,226.75053826273387,226.45961317925975,226.6277496004867,449.5239899530827,452.6489154215483,454.51790020713594,454.0437023117568,455.1566268649341,457.3617714435743,460.40676974267177,464.3125830554111,464.92443034426645,468.8159654263202,468.9604610445594,472.808481965224,475.50343649228586,478.78391218617537,479.63744812491495,482.75142884082214,484.1535249695441,486.81343827036045,490.104769394439,492.3923899385473,495.91654602428144,498.2563873147351,500.8088644846953,501.59918114692846,506.53855288137254,509.5239961690507,513.5677112604232
experiment_108,227.0,229.27343040959266,230.92661946318898,232.99370944312426,235.43448765510442,481.95512698875973,486.39665942066324,492.8138527287712,495.1246481412056,497.6963524350285,500.67520719429945,506.49700373718224,510.8939765160204,510.18839638750944,513.7555064579016,516.9455736680607,519.1660107651726,523.137424986034,525.0734274037748,525.7520726441082,528.650772388989,528.4069511233282,531.9772969126144,533.6373547081586,536.772239256452,535.5186496691109,535.9470548292104,539.1000083282826,539.5690761530618,541.9976117245966,540.0375215069596,540.9560346537558
experiment_109,227.0,226.51991966941083,225.39163025576127,224.03302775886579,223.00888957922564,440.4126381566463,438.24805481375734,435.2911383285061,431.84815162153467,429.6382938950327,425.0560500615763,421.9812367283176,418.5025277355015,415.4882682563133,411.0339997170016,409.6117135728818,406.9181982101951,401.7464355381756,399.1430193227377,398.1395055562391,396.22468109875734,392.5351460793397,390.96237208452675,390.47722596678585,385.7357770264859,386.20674155393317,385.9502722652361,385.3621995116117,385.29749208293674,384.9325942228341,385.54838345647084,386.84005023527976
experiment_110,227.0,229.00656809732985,230.59761293170465,232.77936787931654,235.53567440710947,390.75808736498556,396.0172170442022,400.1589970065415,404.9772340449816,408.955103628969,414.4178227916012,419.81302885340807,425.62440494538214,431.6993484133461,437.5670483815477,443.66219157813714,450.4973973729446,457.8719747206345,463.9377153609292,471.1233029898605,478.61475692903747,485.3117513670726,493.9705583496505,501.4134527721506,509.4852195713231,517.2637783111717,525.7666096313524,533.7397980043107,542.6849912905735,551.8311441976239,560.4557772520434,568.9539318106305
experiment_111,227.0,227.33989936216872,227.22904890146054,227.48902213139306,228.07218488996693,374.9997514070901,376.86881731781324,378.83819984749465,379.39316629164557,381.5799379126975,384.10949445353276,386.4203615296516,389.1347918952541,392.49172873889216,395.52110506692156,401.3990821037761,405.61591232363253,411.26950626487667,417.05288775661455,423.3967256412226,430.6272105827838,436.953911613032,446.20674371840016,454.3916138219959,463.9171990538706,474.1207772353704,484.8943508499107,495.8714848807498,507.330174688528,520.0593328042431,533.22063569864,547.2591455746157
experiment_112,227.0,226.88206426121815,226.08194356726545,225.6206766579109,225.26942999210397,476.1063973984034,480.8067261535077,482.0752221633308,481.0975477544617,480.0524028863132,482.7757128059341,480.2934119234408,482.814691946128,486.78419163648465,487.3745907418369,488.2657817710667,492.7216054113617,493.97299560943264,493.2864913036094,497.392813605147,502.0829496180094,504.7484925206556,507.89762305472857,509.67707348763133,513.81727094862,520.5169347076745,525.9351469373155,527.1995132488851,536.4116561441845,540.8971982915596,545.5704562219015,551.2654512031428
experiment_113,227.0,225.9122972647259,224.5392296737129,223.43127831262896,223.03660377953568,411.9429315865851,413.1874855738554,414.72616269513276,414.0830506850261,416.63562731022955,417.60723445889016,419.5369033829133,421.8905567505235,422.8917789051857,426.0499229570595,429.0814619129909,430.9787628320594,435.03242343000954,439.20168708154705,442.9329436831042,447.67977781629594,451.28338378561443,457.8739738658844,462.3648988585075,469.2549430674095,473.19554774161764,480.65932100830867,487.0817640946005,494.2246942772366,501.1415060549742,509.3893378462202,516.2990699878268
experiment_114,227.0,228.49624039771095,229.1369128253747,230.5605370077129,232.13523737538284,484.27869252122537,489.28934223569007,491.4468156605002,492.35030105269215,496.29431291943524,499.56432091210786,501.7402065812718,504.16516822839793,506.1449847050851,503.45045650930314,507.0401389756773,507.7446879284385,505.73281298070225,505.9031665488895,504.3996009333972,502.6723304762915,501.39893558536784,497.20549007207126,495.3375164609042,493.5558824460233,489.3427211967742,486.00001849171935,482.6977616539551,477.4402145490589,477.43716426866604,470.8414607970232,466.15748990585524
experiment_115,227.0,229.7234759098829,231.51348011290878,233.53266120329755,235.78916296376815,396.3884899351715,398.3102924153195,399.85488022782135,401.42787547459704,402.59470244966917,402.99148119216164,402.66683125912806,403.4471629100153,402.80959274881667,402.1124049819021,402.3083714702492,401.71401124018325,399.7870617772606,399.25156438379736,397.95074519235305,395.8308608240565,393.9825030084709,391.52826595891815,389.22719075672603,387.38285186829916,385.72750860379915,382.0379358273618,378.6136049872601,376.06235383847445,373.06635625349975,370.2007248019475,366.5410032592465
experiment_116,227.0,221.87913677439212,217.03839324328823,213.12193833903916,210.1198011588402,337.643891646424,333.9154398813951,331.71144596556303,329.9523997811748,328.7837009357621,328.5872417497254,329.89254895669126,330.1004896966472,333.1595692829887,335.68549762105016,338.54457731149483,344.13573375019075,349.1119497902306,355.58834767363294,361.99361961827947,369.7165719471226,378.95816680445284,388.81792805450533,399.41267489646526,411.23469332919814,424.8624214249171,438.8728044208941,454.5984147435646,470.8361248060998,488.53025157508955,509.2506993345374,530.073398606614
experiment_117,227.0,224.95954245462576,222.69191221094712,220.99677588546518,219.4674838845494,433.9250230779651,432.1141141050105,431.7233431560562,431.7578318602937,433.3215571505999,436.37683024482624,437.7049111367563,441.03697907165065,445.51745871600895,449.53542983892333,457.3487727748691,462.29784424811197,467.7344080725254,475.447290533373,482.9457847659056,490.381604499658,501.62486044442795,510.02526504872793,520.5788609218982,532.4189816249126,545.3235305917577,555.7889125580007,568.7492078835804,582.6240496237073,599.0228551547838,613.03904502605,628.0419765570414
experiment_118,227.0,226.90643150266936,226.76942367000436,226.5880773956203,226.94085441208642,453.9870194696821,453.8437791350865,460.6863557312426,461.648806149986,463.6058746359545,468.52565415194954,475.9405475638622,476.85641592982387,484.09057731847764,489.7177193062327,494.5486640351734,501.7532226449514,505.2185783158084,510.9063399549628,518.7284626109019,524.5808875208608,531.6740476028783,540.6578851774822,547.9864118330314,556.6112534791149,564.0829952690391,572.0842204602525,579.4679825989999,589.6605172620981,601.2254053265345,610.7770384112941,619.3045743034502
experiment_119,227.0,223.915254588639,221.17321323236072,218.97239766127012,217.2696540124517,414.7522611748931,412.22011241079406,411.87076705196205,409.94194536934015,411.2525431339739,411.9865950622516,412.0209369620517,414.495833812061,418.4424114622139,423.5453158740189,427.83043730256134,432.21071303547177,438.69099166159475,445.0866673295625,451.32671199302376,459.1039911231136,468.0116958520612,476.6601976874683,484.12157269810456,496.11488576805135,505.80207282276575,517.7945215130441,528.6324274700869,544.0752474040718,556.472408698213,571.0493098256144,588.5880650475794
experiment_120,227.0,224.01151097393222,221.07282846667857,218.57126217054918,216.4049215187375,397.94030446987443,395.2651725931752,393.9549518008375,393.68963208693356,392.62241099022424,392.5727330065247,393.0002521114668,394.1694667710458,395.92508944500395,398.31746727709975,402.4262897467883,405.84321913450157,409.42598584708315,413.1898464263156,419.0874308384102,425.283040422902,431.587823515832,437.2099384267601,445.5974540855327,453.3025906459844,461.8077927297643,470.8368935616119,479.16379722517365,488.91570413299934,499.9307636212627,510.0569386325175,520.4263542107608
experiment_121,227.0,227.93276024049683,228.77040642410455,229.8022196472969,231.5848935676825,471.4648940714174,471.98852615873716,477.9963023155833,479.5679284918736,487.1173899201182,493.03439992156916,501.18820331288845,503.3595841749148,512.0476752243748,517.36743406217,526.4176137404156,536.454104997231,542.6095255526511,553.4434046538496,561.6393878842815,571.1359955631417,581.7188874152836,589.3748000409795,600.4156744404202,612.9924127772753,625.0928398962596,634.5433602853008,648.0901746375943,660.6098290370146,671.1446095871951,684.5639292461628,700.510029271049
experiment_122,227.0,225.8049245920567,224.23598029187582,223.27061352529182,222.71951230511021,455.5132990521382,454.06772536750583,453.6313690707233,453.3729677418766,453.8547260230467,451.8110379289568,452.2738876175924,456.0244589747263,453.34006417592684,456.3855870649739,455.9931170487189,459.62081602892846,461.56538878273216,461.9978223704482,465.40694264580833,467.2774967947487,468.7767953031353,472.49255419635307,474.94032991458994,478.7463246312375,481.0440393458472,486.43715684054376,491.7974674903856,494.71278520910687,498.33536781099923,502.55560992077324,510.5190230347147
experiment_123,227.0,226.84761054954578,226.04337998738998,225.74743031957433,225.67940044955418,445.6569644682098,447.7379719819985,449.0760395645785,448.45168843122497,450.8983825531822,452.17858510287834,451.7560733530334,454.1039535467946,455.672530329436,458.35096544858646,460.9526245254916,462.76587346620096,464.73061377103704,469.21671156354444,472.59215405487635,474.5227224869942,479.6346862419049,484.2481197696927,487.99784149851126,493.40740985889465,498.50070079212946,503.3489788301627,512.2939283956172,517.6406042006261,525.2774040977665,533.5312449056356,541.5483653577786
experiment_124,227.0,229.07504672077852,230.55973222014302,232.6158348137863,235.16803157431838,414.56423288999935,420.9659120583003,424.8061895157586,428.7851154214658,432.2507304479675,438.5893871046818,443.8120374321311,448.2951015665929,453.00747919439993,458.5209560899591,464.50274836192693,469.3117634522137,473.6526666795652,480.3161772593113,485.2931465463503,489.4715296050318,495.5596970120958,501.3630892687244,506.81736778336006,511.38051460774795,517.2240125050671,521.8314297391584,527.5457558916679,533.0053600966374,537.8167980165397,541.7635838130994,547.9693111292223
experiment_125,227.0,227.52894291549407,227.913474469478,228.8226913590578,230.4988560259963,392.34219997361464,396.6025597184676,399.23818325800994,406.0197198562311,409.9233175581065,416.47086493581514,423.95410595649076,430.64139053301403,437.76776026760035,446.4198784737557,457.17718584647525,466.9650487618324,478.2230900678428,489.7336511131175,502.03723406281375,515.5019809485192,529.1434466262222,544.8382927158343,559.7538258216724,577.4580482961994,595.4975115540113,614.8435873620645,634.9219642612123,655.6953831003161,679.3439837577686,703.1597315929945,728.0828435584441
experiment_126,227.0,229.18712393069663,231.0441824615701,233.0729634745441,235.23690848218462,427.65939393590907,432.2382649286611,437.5539617943992,439.633895906592,444.6600150032715,445.6709334346939,449.0237223955435,453.2454876899095,455.6625923140666,458.7520185939321,460.014263721951,463.11304520249007,465.1078653274471,467.38514756283615,467.38389099881624,470.1995175669288,471.1061413769235,471.4298111696877,473.89951145161024,474.297169941075,474.9815224673775,476.1340013016653,475.65333626806654,475.48673895088757,476.84695159509664,476.0548521408683,475.4512666897601
experiment_127,227.0,225.99017801215632,224.94197948413373,224.30222421635685,224.10684659442904,417.7212330073941,417.8782899976526,420.35712908735707,421.5913541897375,423.05887140302843,425.9673488799771,429.06719764783844,430.979005954792,436.6192988380577,440.59244543081644,442.9204771000323,449.6090393457706,455.1072846696651,461.9858452357142,468.7607621556699,474.81444623032354,482.3927341146092,491.0828508617857,501.7595087773589,511.35461820571675,521.6601031674562,532.6822878783763,546.1328880115321,557.4028997731383,570.5991014428658,585.4293271012086,601.0872442211037
experiment_128,227.0,232.4809558490133,237.63579187839343,243.0627876749541,248.83957012559802,433.9681750532164,444.33395059989743,453.483745914465,460.4036848098649,468.8449728033728,477.71205164535525,485.7728984907034,493.68364004403014,501.57939809867867,509.69518045831546,516.7910070151825,524.6743036969984,532.6990201799034,539.1731234372805,546.4928384783495,553.7730677625925,560.0348864605585,567.4442345982591,573.2956565625319,580.3814550325903,587.7774190202372,593.3076663933031,599.4705187208501,605.1809366556511,611.8136841116001,618.170401829409,623.1498145760409
experiment_129,227.0,226.09890186255376,224.55200692979975,223.5996129956137,222.97536065576415,480.70654445159096,478.6004456813266,482.39373006830044,480.15611988645196,484.3915886443058,484.95979211097114,485.8696667061863,488.02639392470405,489.3147602273276,496.5328646381669,499.4234627908064,500.3841873723671,504.81941599932895,508.9517366208117,514.2049485814786,519.3169535812259,525.1305620779108,528.711546386266,537.2451370355293,545.9792552261954,554.0057395055476,562.4188287716407,567.6246559214707,579.8627906389232,589.1888061054204,603.3428498516699,612.811768291261
experiment_130,227.0,223.11225504630139,219.54642534137488,216.32941399856838,213.17781844097914,428.0991229301661,424.92351936632747,421.0538476485735,418.470820918264,415.0131145120332,414.2015618591138,408.6506498017285,408.7448490458701,406.2154775169532,410.5071126095531,409.50831381114693,412.5961224145651,413.05562065846635,412.82898916040546,418.3740279035149,420.01371424449843,426.5430278231738,433.7757921553213,438.2968146302085,442.86245150239233,449.5540383414204,458.6935565699342,465.96979900450526,475.3297581120029,482.3599686663139,495.9994265782351,506.9006808132291
experiment_131,227.0,224.9482277333163,223.21448036026152,222.54096412499524,222.57069633902498,423.70734284457143,425.85309518039895,429.97329941294845,435.98470793598625,443.3954345663097,451.49572588945455,460.6940021075036,470.59694742876275,484.2513251693033,495.21733355947924,510.89030978464257,525.8082810307646,541.7219694840985,556.7915658679583,576.4966355157565,594.1960987469379,614.0258643156315,638.1231737167163,658.2130845460624,682.1583158831007,706.9720106187236,733.348651739757,760.9078606215722,789.0340854074407,817.1212948330616,847.6724637056352,880.0420044844578
experiment_132,227.0,221.84690005667468,216.9878423465993,212.89218436376672,209.56576169597446,343.71353978466374,339.63893408614047,336.42540959388134,333.20800334092644,330.54811910249697,329.92442437147946,328.38438405154693,328.5230130895746,328.9146777559177,331.3154857232178,332.68239598244213,335.846684553427,338.77337114679165,343.3823492767609,348.3624859650274,354.22757982327084,360.5239622838084,367.01782910478386,375.9002647110844,385.39256104033865,395.6045262585312,406.72547217676623,418.8758272135562,431.9197616484819,447.5400960052941,463.67764095089694,480.2092358587693
experiment_133,227.0,222.6711691385241,218.78700462807527,215.62504228359296,213.17813677300046,381.9739611992057,381.6261652008204,380.722219043506,380.037689230094,379.81378953492015,383.75316447116,385.6535508152732,389.49869823893573,394.9474711313531,401.6820312586702,408.6315024606409,416.89375076772086,426.42909357053094,437.7385213836117,448.37068444958953,462.1660984769987,474.98559853684446,490.7597176302547,508.0232959231978,526.5975175401088,546.7792931059271,569.070620693799,592.3930731889378,616.8351296332655,646.3524378851974,677.1018684541419,710.6127967642511
experiment_134,227.0,224.95530650491938,222.36330985164275,220.57068209489103,218.66862487453596,448.3708516904776,448.4233524971343,447.1211283832266,443.531399738255,443.08090213961856,446.51354182499875,444.12369311138264,445.11638702328315,447.3137765747916,448.92521057484345,448.84261393665264,452.9445500993737,452.76723118022494,457.17616759936084,460.6203808952706,462.3685745829435,468.56234056593246,473.04433813464453,477.2604610230368,486.1940802808312,490.0526293196089,499.12498891439475,504.3269164978678,513.0531976556993,520.8490999165629,530.2239230843709,541.2164850676343
experiment_135,227.0,222.13692567837828,217.68096520863566,213.82379045075407,210.25493843024276,416.595699138444,409.82801201833246,409.7771694988303,405.7000964020934,400.05585415050587,400.49536732674966,401.27136073683636,401.5169898359574,404.30056568142714,406.11546903152055,410.81306450421386,414.74353480868365,419.93170577669935,426.3714186156004,435.1806295920758,443.074369681815,453.78468645502056,465.36078949428315,475.4147006137644,490.29942803814146,503.07943361073586,517.5808165422969,532.9661911386938,549.3646036750544,565.6899615400005,581.0178473502859,600.4795223386053
experiment_136,227.0,225.5950575556312,223.6524719022547,222.22713325655735,220.9333729375485,459.89943466492446,460.3300964182353,459.0954754049585,452.2100274712337,450.6939959474647,449.3433270598044,445.207601044218,445.22676798141634,443.58057197086083,441.32072080963815,440.10250605718204,438.37968641092056,439.74247279868433,439.107726484791,435.559133144225,436.69117758505433,437.48465891582066,438.24835732537395,437.7358132616465,437.1706612797904,442.80953424756615,440.1545115034706,443.068277161847,444.0134488078159,451.8273977329317,452.81880218385163,456.1141556479112
experiment_137,227.0,228.2442284948696,228.6433436053037,229.45920123138265,230.5448747783604,431.0738329130688,432.7146401464422,435.270812657325,434.2816471774399,434.20769412671615,435.72021253290654,437.5412458871396,439.61913638010367,438.90650249418667,440.21472967063636,439.9095578156142,441.31828301711903,441.96008776316563,443.38808741972696,443.6619216106863,445.0963555013324,446.6451740389466,447.20275148859383,447.8432722779232,451.2811368876148,451.58764429622437,453.50118821144264,454.5020056550477,456.1596111302178,459.14046267483195,459.5322996529038,461.15043481476306
experiment_138,227.0,227.88438025373642,228.44522784025628,228.69540866171852,229.64818536165188,482.3975207565573,484.83555966546777,489.92445748026347,488.98997776968844,492.4905743739002,494.2977861982277,496.6803664008501,498.6207486900227,498.9767565256767,502.94269467698444,504.37844563075583,507.0165992590827,509.8395268623907,510.87111878592833,514.2672483315497,516.1347141307858,518.5824390152948,517.0887564336566,520.2768803072056,521.3162047898142,522.1036652330903,526.9919085561962,525.1332078770553,528.0458500273885,532.1127969712328,531.0370282401855,533.1180432707014
experiment_139,227.0,226.78137108465165,226.17335324848747,225.44582209480737,225.20828120648827,446.98520734016904,446.44069546224534,446.1020721831013,445.3568137494899,444.3857859101274,443.5267832366428,446.2470465404107,446.7579231635887,449.3593542898567,449.57263098624054,452.2250802007916,455.10724088289396,457.3371231190576,461.027612183434,463.44085723503355,468.9834583166776,473.3307964819539,477.83991343339216,484.1271012629536,488.5384386669766,495.3908178699272,502.2077948750781,507.9413900832134,514.3336832240977,521.2405843923287,528.7275047287771,534.4181566771505
experiment_140,227.0,226.76232774274894,226.2568493032127,226.11702693725746,226.08138184146844,457.2656615777283,460.0593800828665,461.63898014133883,458.6892357764108,460.41939686225516,463.33653312530015,468.0470942197326,468.7895362785599,472.77530392867726,475.6813309254906,477.8319738282131,481.81806883573404,484.65331011853414,490.8124364998643,493.4805945851955,496.5706653335248,501.9116441378911,505.3517614972923,509.3311428399502,515.791825478691,521.80781779091,528.2219738048693,532.2711052428751,538.7055043452239,546.9895001299382,555.7061881847175,563.4532430735366
experiment_141,227.0,223.49342041393172,220.04156390523366,217.24697816812233,215.04284654933636,407.54319729886157,404.9864731207723,405.0874725149695,400.89953598128426,401.1482941718712,399.649925699583,403.0181022526404,404.4091712439197,407.69158052891714,412.13105732222556,417.6042704365968,424.8706820683314,431.5767779987895,439.59878036378313,450.5526896272319,462.27843580937224,474.6342874603107,491.2713302367209,505.77342884722924,524.4391944780012,541.3433150992017,566.0472242045922,586.8096785658762,610.2637425428194,634.9968714613668,667.0452604720753,695.0176068350422
experiment_142,227.0,227.6371889905542,228.06793490881606,228.78238112703275,229.80364436236115,385.59451139789746,386.3410116774862,388.4381871946429,389.708351025915,391.83964788688047,394.7013297385406,397.8356543251348,399.5604095782875,403.31967476669007,406.1177086495323,408.350463551647,411.1416934106868,415.8056967105031,419.11883273172225,423.2884438122066,426.9650522197204,431.30319913425524,436.62457546445484,441.7952607027153,446.8973323676391,453.0309499220292,458.5858028486325,465.08055749556763,472.87210709865275,479.92470460383936,488.2096655181326,495.8340292106349
experiment_143,227.0,220.87059770781283,215.06746534752708,209.7575041207745,205.37333794858787,407.35298380495544,401.77950203835013,395.2196795808701,390.4328270795577,388.1095271611803,386.81360191088936,387.39902142534453,386.71182479355616,387.33293652562446,390.9570255053379,394.62716687577455,398.62491115447176,404.09544951384225,412.11633143817437,423.2506608061282,431.24879568436626,440.99777840529885,454.4076276714818,470.3191500787273,486.58238488121873,502.4135380987954,520.8257575871376,539.7899087590192,559.8483890241719,581.65229287111,606.339659720637,628.3849709094872
experiment_144,227.0,224.0297366529852,221.47557872993173,219.6115338079076,218.39181188692015,443.06512680087934,443.5339043363387,441.59268564961576,446.9877971279918,446.49086008667035,451.4750155137624,453.19042561115884,461.49835901037835,467.42624495123727,473.2349929793256,482.8877577329023,492.9352458355508,500.2381212975942,513.7029380957084,526.9158862584312,538.0251488191128,551.2710631451126,566.6328797960313,579.9836231236245,598.4723335086676,616.8213382471006,632.3720938047182,653.9374196975458,674.6342742236583,695.7816233741434,717.0312813780063,744.2959866662679
experiment_145,227.0,227.99136699467607,228.92638899773453,229.95404865507874,231.74979342785542,466.72281001617256,471.66032945189124,477.50590556879143,481.9754283445508,488.0443925962058,494.4912720982935,498.84582127121155,508.48580003903584,515.6510763775118,525.0504673154942,531.4832152395858,538.6742807039362,551.7224545935308,559.3291113610458,566.5310506395704,577.5851118598159,588.3967833041175,598.1237794770809,605.4902586647399,617.4733580866432,626.7948300779507,641.5066711913533,649.1357536619636,660.9208008635534,670.8881195833503,685.3614491652814,696.938375176724
experiment_146,227.0,225.81130868861462,224.79808201769384,224.2290357379091,223.7061108825905,446.5934919620468,447.286358911517,452.34086405549874,453.8271928037408,456.9334873523409,463.0115204747308,465.70001817618186,473.94614631830297,480.08883310646695,488.87505709395435,496.6230382156479,505.44197678115756,513.8686483460161,524.7979406213005,536.0595942299898,547.7983953225713,559.611927384152,571.3125230524153,584.8657180980601,601.9690861591458,617.0102776314875,633.1204735594038,649.9543090925882,670.0710866481435,687.858675234291,708.9346340416563,728.9301632986451
experiment_147,227.0,223.69051210652557,220.40683529722577,217.82328595044333,216.01086907022494,407.7874854791763,404.10051633196935,405.1456695421984,403.9829062522515,404.5128187412997,405.9939179330019,408.48981194031,409.4314660175771,412.40518518692204,418.210488467974,423.9180929454642,430.0387213018121,438.0023573353409,447.00919359496703,457.20721790558923,467.7608697378219,479.5978260134327,489.8937785223523,506.1606401668261,522.0601734083217,537.1995563993323,553.8455256066029,571.7602268722131,591.542140369823,614.265149236697,635.7681816689013,659.3115843917121
experiment_148,227.0,225.27555275426525,223.3530900564108,222.15823777064307,221.56517401048217,393.04516479310644,391.6277331787388,391.8223356307682,392.3958685378057,393.55165546181615,396.4081450523841,398.21288063296146,401.97366750907304,405.1938243639185,409.4141661303625,414.3700814879242,420.5558605600444,427.46796790115343,433.2991274104186,440.8222155805588,448.06086752035617,457.16340373856576,466.5316308823632,476.1998414556071,487.0869401300479,498.24585602838937,510.54160626659603,522.8805954646114,536.6130140536013,550.0594821051852,564.9295166028028,579.8428919348285
experiment_149,227.0,226.24611707259132,225.50441387921614,225.25579191929998,225.37455727670343,397.72216352946333,399.5965120700516,401.3292957269701,403.5242444388026,406.95686144598665,411.03538672278063,415.73134471544347,419.82455246664097,425.4700251398823,431.00296445900904,437.5518464302159,443.4957993336971,451.28420381664466,458.6369556259283,466.20927593623094,475.6181557880362,484.9943539865256,495.2601557296367,503.9219663816394,516.2399316274845,528.7255141346001,540.7752844148694,553.8080863964217,569.0097439797092,583.2351730251556,599.0405812045564,615.5836901191259
experiment_150,227.0,226.7349763362135,226.32920864731386,226.15141203326291,226.78576621720134,444.5454644069847,447.8857112316589,451.0209697993368,451.5855494634792,454.25425753899106,460.51094293177255,461.5712871808775,465.28303031785435,471.51774938428554,473.60037153418443,478.48014093965133,482.7407486075837,487.01124252733615,491.66025811952545,496.2638934672808,501.525880010811,505.4354636278301,508.6663034649334,514.3899867895408,518.2921523379988,521.7505782981907,526.6702552895891,529.6500910108233,530.834677224073,533.2423520887809,536.9762133396922,539.2605680980192
experiment_151,227.0,223.946893297821,220.88342089703536,218.48661125733085,216.74897498381188,452.3988824675455,451.0453634784498,451.92606626758305,445.31949525833267,447.1727945129536,446.74708232653734,449.7685677239943,448.99454762335915,452.1468824972068,456.3069044252605,462.31219925655586,463.3849098297489,468.20542208808484,471.23272582072974,476.59287660513127,482.80570425648045,488.2935727921101,494.98218174313183,503.04615846235413,507.63907582402715,517.3565247793977,522.876458546866,533.2936720550273,541.5911264324964,548.5983363842629,561.1618603832903,568.6358441824781
experiment_152,227.0,229.87193885605035,232.01684952736883,234.65440316304512,237.6122551885317,430.88597585943,435.6392516496264,440.32828650414353,443.2405301734192,447.65159086581355,451.5463647114266,454.80103664100994,459.5570839818989,462.2772006375481,466.25802689515166,469.4138884022157,473.8288534962955,474.61141050044336,478.05303688606614,480.127518218067,481.4271609027088,483.8947931422821,484.9650131881297,487.39917439370674,487.38855297594466,488.3644212910873,487.9517574763481,487.69317844407107,487.1966872817811,486.85131428134247,486.3234810729338,484.55471056205545
experiment_153,227.0,231.1401776295504,234.87364091019424,238.77826520020312,242.76085120323023,472.1258073025352,480.06452460864756,490.43093957148255,496.2470980385811,503.87954301102667,509.9931532458474,519.0751604074464,524.8195227046522,529.7910965152622,535.2472196170063,540.4479579060396,545.9680330054739,552.8533822400083,555.2826456493307,561.3635363974547,565.9537980880797,569.9103996180565,573.9380322119805,580.6655485683201,583.9776680416246,588.7783611543693,592.2382391414973,598.1091084204469,601.540828167581,603.3882176076299,608.4062281947153,611.7024962121005
experiment_154,227.0,226.82805985177671,226.06441706856617,225.612204504373,225.46906181502808,405.83644259265395,403.28976104174933,403.4085205556121,402.22009979391936,402.3728601699587,403.1706995485006,403.0169884692333,404.1381533748358,403.88220323577787,407.94814177417686,410.1280934583345,413.4259778720207,417.0418842202173,419.76128075876363,425.23208884258906,430.9565681717839,437.07685551571313,443.2011718265892,449.27284328972377,456.825844099906,464.3841791817259,473.1155444887781,480.6224032325676,488.2081221601929,498.39065225864033,506.8236308450702,514.3208359602118
experiment_155,227.0,224.05039095024762,220.85167466116974,218.3502968503074,216.29182344954708,430.02096734553425,426.81352665345736,425.60242465752543,424.0349457415411,425.4417260401147,423.21906950856095,426.34134048508656,429.858395459324,428.6257279924742,430.3249271404902,435.29599427303486,438.3893752376682,442.189519906932,447.0095731406722,449.9797628604347,456.8773716152299,462.7003792062754,470.2414231334537,475.2110335241931,485.0697013978715,491.3269819132133,500.90224124499593,511.75790982979964,522.855192865444,534.4692891744822,545.8796914345869,559.2391720377859
experiment_156,227.0,224.32899381962335,221.59873391969904,219.35786823279034,217.51697142626261,423.43383759173076,419.9512377159196,416.4509429551112,418.30699348571045,411.00088061444893,411.42082850811005,410.30307440847855,413.07603946178614,411.9445973696496,414.0980066497191,416.0361759114505,418.6395719988653,422.3158332958894,426.98263979674437,429.89047659514705,434.22877585827905,441.02855244908335,449.52563749475445,455.9884094362279,466.14293829933814,474.10357161758475,481.6822984005446,493.27340435029,505.3887783055187,515.940500570613,528.3844739405148,541.3143673357949
experiment_157,227.0,225.13480672748932,223.33137953582838,222.499063874991,222.610081831053,384.6464034256116,386.74794611933066,388.1859731682216,391.30966718965647,396.2755646499145,400.50282279638645,407.10126073443143,414.5482155442009,424.6810947844242,432.9467446829278,444.19359647293606,455.84667492720195,469.2312838412846,483.17983114259465,499.32625620863024,515.6177383807524,535.4332731460693,555.5182743529521,577.3757174696004,600.6531155541795,626.8281731772879,654.0164284760286,684.8297794756609,716.0585291307224,750.4003808347733,787.5041268366355,826.3691915956691
experiment_158,227.0,220.04622010871253,213.68391306582342,208.1345017496117,203.51780037347163,351.4206630559832,345.65180760582217,340.0871334014219,337.2359960522559,332.919043786711,332.06536764706493,332.23964358008243,332.24168747830845,335.642560317569,338.1797307232015,342.4860111001424,349.15288678954107,357.98097104337995,366.7965662475748,379.3892087132871,393.55241607082246,407.01119766937825,423.84050616506664,442.9579684012677,466.32682929711365,490.8786913847887,516.3609505016143,545.8589791222531,580.2313961017268,617.4911516007852,658.2313102590875,704.3786592988608
experiment_159,227.0,219.80345461302562,213.0408782019362,207.29084193688735,202.3476061664036,379.0712645107724,372.0425390064157,366.0437610681606,360.7152706192965,360.72296315363144,358.1771688331548,356.6682225145151,361.00038273222737,364.7014309716327,369.6794355647028,375.22719055351854,386.52470488511733,394.01611599288174,406.79171574217025,419.8662617407722,435.42000223563673,451.7579249736632,470.9971883827764,491.1328904148877,513.481615172185,539.5879151542038,564.863142535084,594.6779377749094,625.2081799408788,655.5604607321341,691.2197912147085,726.9072874866954
experiment_160,227.0,223.38531946427923,220.03140021770673,217.1050473627924,214.46767351544094,439.2351313423764,431.9556467092187,431.6284063513726,429.88176489870506,426.64196712583885,426.5028476860226,430.30100607720516,429.1531582261187,432.63119190011605,437.5223500112241,439.3620821542208,440.9746232946026,445.27296975348094,450.92254552197016,458.72789429234274,464.34665359365533,474.47597148101073,485.6929495778385,494.21472217962247,502.3653855509831,516.3721534600567,524.684279006114,540.0433949333219,550.9278745732483,567.1644494291579,578.6988301963465,595.3059955932789
experiment_161,227.0,226.37711072647005,225.64882645114417,225.36134835161258,225.24721135397152,418.1107701403849,419.76180628219083,420.8011040442251,422.9954970939858,425.02263446299077,428.6923365167763,431.9678035176688,438.0037454555614,442.2622970584655,447.2931772029995,452.9287268831299,458.8971158857139,466.90925874948636,473.04029616877494,481.0571652545391,489.7443939166622,497.87588359740835,507.9311116789569,517.8301393483266,527.4678935619047,538.4706384517445,548.0722408395969,559.5490739446004,572.9387609770351,585.1565847772986,599.1045593229233,612.3606733924643
experiment_162,227.0,223.7892870585565,220.69520746298846,218.14904171372277,216.04121503588658,415.82116492056343,414.3554926345054,412.04039736829617,412.0091141311124,413.1647732344627,414.1289425225102,413.6854663569077,415.4683655575104,418.27399037677054,421.2148056533571,424.6123539758304,429.75269455830215,435.5307269945052,440.33034708560206,446.52135219663086,454.45897184208394,464.27726157113653,471.3715297646582,482.6997849688271,492.39650918347866,505.1865990608361,516.0886388084423,529.7268033889969,546.3867853558154,562.1524980270085,579.5731738993682,596.3132578922549
experiment_163,227.0,229.6504946521902,231.63471697522235,233.93010465762356,236.44283367482603,442.22654462078094,447.91518554943025,451.22493235451947,454.1847102928897,457.3389507424082,460.4037332776679,464.2610479526192,466.33134453696425,468.42546568301935,471.3639365371966,472.16051986576906,474.88838236126765,475.7008277849858,480.1581173050204,480.03576725317475,482.20934665320397,483.33749638647595,485.2339663668629,486.34929842387567,487.5469357333216,486.81783758976803,490.1902933328527,489.7132293915717,490.45226281811034,490.806300370176,489.94214004800403,490.4166094840125
experiment_164,227.0,227.57806717577807,227.83599226949718,228.35201788965742,229.54553049026998,428.64926615258537,431.9650937370825,435.9092967324842,436.82926434981516,441.3623667973705,447.05519332083895,451.6762730221729,457.67432286358917,462.2747005610341,468.78688026188803,473.54086532726956,481.42308777985124,489.6029087621916,495.8576268986149,505.30227715831757,514.0454954586389,522.8927114649108,533.9984973858969,544.3664085295538,553.678618914823,565.5724580469117,578.0388162044318,589.8672973992132,604.5970173458869,618.9148106540333,632.8003903486691,648.591306784088
experiment_165,227.0,225.1236453127164,222.89653653468397,221.23468467994607,219.79951637573882,407.8352336747373,403.957940166561,403.176215940362,401.3776271690659,398.5465680806071,398.9115908246055,397.7520067951918,397.7016887292718,397.7001865016612,399.42681775706194,398.9550994219789,400.1543187427152,403.69115906221,405.5325476073813,409.8098130437724,411.4804233441551,417.1464756420696,420.74491884479295,426.48969027889444,431.84290934767216,439.1030543712171,444.4019892550617,453.14932930943826,462.169165573673,471.6240228237282,481.23580342236835,492.3005798201151
experiment_166,227.0,222.94732912217387,219.40519764314672,216.59641108353964,214.39180622023116,429.49103626108894,427.57165029297596,424.63898096694027,425.4020043785423,423.8232891387311,426.1763503988835,428.31326102244867,431.0900049760043,433.8028988380926,440.9852025240057,445.0013891085628,451.5328088560174,456.81630926649984,464.93795435722814,471.508207544579,479.47830954939155,490.110510667873,501.23205240179084,509.4285666436348,520.5927838852348,531.6231363764063,541.3626320373996,554.7432741105199,566.5043937760184,579.271968088181,593.0123559651649,606.0470161693813
experiment_167,227.0,220.42552021509835,214.0522919623646,208.65480048029508,203.88095540669417,403.09131659897986,395.0944819710122,388.14048059392496,382.765149509595,381.2978754597277,381.52671612231234,377.9776184359989,378.951034694402,378.75703393682187,383.17912091276344,385.59800723163005,389.43240381600316,395.9490036579308,405.11874307046014,415.4674632086157,425.0570188466664,434.8697585214031,448.00584937571074,462.38709078457686,478.33772782236036,491.66880901159357,510.32722994149145,525.597853318518,545.7604684336073,564.9333719125448,584.3409131930359,605.8523894000947
experiment_168,227.0,229.368171467466,230.93044082777038,233.2180440830991,235.8105693706905,490.80699687886295,494.5511788437091,503.66427517670706,506.3000777576723,511.71861129749766,518.1483694689967,523.9499690035944,528.2705031788405,536.3213221043668,542.6991397466984,546.4518696263792,552.8170717798859,558.6992419714163,563.6020186098957,568.3812529480688,577.7692074114867,580.1167775351502,590.7833290788045,598.0581045311933,601.6870225056266,607.535293544012,614.4226478123144,620.9922944699006,628.8188832379755,634.8819453600181,642.603205529872,647.4431538522421
experiment_169,227.0,224.44057748016152,221.80523786578948,219.5101365209553,217.54838814998323,391.56169127837046,387.72645144324906,385.56034646080997,382.830448273734,380.8614255876697,378.6221043841468,376.0161356699909,374.6239027004856,373.4542402734281,372.62397984294915,371.3342955542475,371.638015441228,371.1187307608738,370.58269070810144,370.7933652771662,369.49703972522406,371.6445832693363,373.5112424366554,373.47999875701953,375.99954352634626,377.19383782717335,379.2256612755383,382.7556290466981,385.60445804687527,389.3730432705181,394.4358187550032,399.73238779494943
experiment_170,227.0,225.8476127192165,224.2938980045625,223.26588753983944,222.5524553766443,395.75163724805884,393.23168048526213,392.32641869281406,391.438865330331,387.49990387611166,387.01457426562206,385.9127076601433,384.9770262942021,384.8544551459266,384.0662261153902,382.40881164175556,382.7142724671916,383.2267880787777,382.3310711835003,383.1576952534909,383.19670263467526,385.0814766221026,385.28017006204414,387.9693087124195,387.948771115089,391.4681658846714,392.65757747577265,396.38269144043693,399.24208530415603,402.9856464648177,406.85059465149936,411.4322317296803
experiment_171,227.0,221.86627871264614,217.09868055384138,212.92698958075363,209.28935103742253,422.4241395692353,417.5989596059184,415.61280509173326,410.03475714697987,409.22074312577325,408.38577039342056,406.63267428897484,409.08293656377083,409.26207321195875,412.0683918229765,415.29723002723927,420.44337875495404,424.1528022594572,432.5792538208168,436.7037329304129,444.26879679209196,453.6991112282922,461.88762327098385,471.39405180937433,482.5092344103612,493.012619557634,506.980105516647,519.2092703224539,531.8835422746505,547.978362042697,564.2229242943398,581.0886055441605
experiment_172,227.0,229.2395389345902,230.93819212705853,233.17527313395482,235.94470472400576,398.45148523051665,403.6330505833654,408.01585001106673,412.312929282106,417.50444642971195,422.97818211386794,428.2517382645415,434.0388688331505,440.081099425689,445.65590190580855,452.2050057902195,458.1355237166429,465.7076823863976,471.78464404234103,479.6163523509454,488.15172142501626,495.89500238307164,504.6981060327499,513.5214844264731,522.2268991623502,532.5532472184626,543.1169643686861,552.6070872072034,564.0087594368581,575.8273574983926,587.7414612202582,600.2070819300209
experiment_173,227.0,222.41897943761617,218.06966261584373,213.98512168794485,210.67875924444866,421.12417401357953,416.27950126275533,411.29188550277655,403.5665089435315,400.8243228403346,398.52549702271585,396.55583526825745,393.93989160286174,392.5994358823386,392.73067526640267,395.0054154357842,396.8799320430294,400.9420843270736,403.76259237621673,408.3347593554419,414.17237605694504,419.4019010764946,429.0181445376662,438.1269703304093,446.8599751904674,456.63333378192254,466.8926258413209,479.19068013131084,492.4084311454721,507.21905298086716,521.1641195322244,538.8555103248702
experiment_174,227.0,229.9500482718726,232.08284605350588,234.4778024663707,237.05409665745708,437.2611805936259,440.12839967036666,442.9383678683251,445.7198103690756,447.8636398030865,452.47847578788526,453.11856990705417,455.525402189351,456.8894173414341,458.63386166078794,460.9664561959711,461.73208152708963,462.0453638497921,463.48390221523283,464.9386500697358,464.70950924089476,464.5636092764239,464.37543066744445,464.81257252939236,465.8719039364865,464.3999566381878,465.2454958047558,464.2349985505334,462.362762057343,462.4739103868816,460.8845103858531,459.3433292082351
experiment_175,227.0,227.23084015203486,226.7136797296933,226.6965189372375,227.09896200831787,397.6484166793957,397.8442132121735,397.73210828253565,398.36093698231525,398.36976570807644,399.78064764632785,399.9379450771849,401.42833476476966,401.4781452756163,403.20339999784727,403.63964037674236,405.30318096356353,407.1078861800944,409.3816005695842,410.863492859429,413.1145551762896,415.29680511086383,417.7070498116667,421.49607345252196,424.55344718194567,427.45979455399595,431.97054107015924,435.4342113984541,439.7341707193757,444.585872789747,448.98904359166426,455.2640252997902
experiment_176,227.0,230.00106821806276,232.21368307063386,235.11954106032164,237.8766990779334,486.3330769604683,491.38421298758146,498.08584569097803,501.6754896739778,510.7231316749191,517.1714966302123,522.9991534014825,526.7314433836824,532.0544242106514,540.8697998850648,545.5917183949474,553.7091048041552,559.0790993213482,564.2976748090032,572.7735495653758,576.4230239212368,584.4550609291678,591.8954909922495,598.5510799575545,607.0665723536202,615.533233815162,622.43695682502,630.7008633518903,635.6349060182741,648.4814237262514,655.2315857211831,667.1202514340682
experiment_177,227.0,227.16826617097533,227.29055946502024,227.72156038512384,228.76949753929492,396.18885169409015,400.16555031999957,402.0007924722514,405.2744370292583,411.67119485760657,414.767778905179,419.78780466868574,425.1239506157831,430.858848470609,436.51439139527895,442.4009131242708,447.692273397781,455.21489277112477,461.9351488273824,468.4453185655627,476.77049417215983,484.8598353494062,491.67134870289146,500.54478933829466,509.44953232931266,519.1147942377465,527.6529671520211,538.2713589891014,547.7016320841068,558.0539305382301,568.4017140614515,579.9575054946043
experiment_178,227.0,229.81233105710473,232.33738369494705,235.34307215119622,238.77002424582406,394.41816880486607,399.85047487104146,405.37447168941713,411.2533911525494,415.8197442675172,422.9100388868884,430.64094511694054,437.42058781984883,444.3543572947918,452.17587190887076,459.70412967667784,467.69485279431075,477.84210570646974,487.304968915427,497.10642987684497,507.34214492916584,518.0265551713827,530.1622441825145,542.3479616523131,555.7349404798009,568.5989420722716,582.5750796129939,598.6041532518648,614.444130390311,631.5246205255401,649.3424289160223,669.4115236506827
experiment_179,227.0,224.21698657275203,221.44689727913882,218.87566735679758,216.4661648956331,443.29440046623876,437.08272823589,435.03598000144206,428.45261573894953,426.0839248182527,419.60476225521865,415.47460398282465,412.72547682460186,409.9958791784673,407.34691046876975,404.6433223880714,399.89138624358316,398.0620799409113,396.41294452745245,394.99605916622534,394.0340698323134,393.51299722891054,394.27514520418134,394.9210458935079,396.98753633406795,399.4811305079689,399.91934423477574,404.09639089706695,408.2104347324571,412.4938805114528,417.91777834509105,421.9503110284417
experiment_180,227.0,226.08134521455437,224.9009399404634,224.29082993361706,224.52466327408078,379.630368363178,381.2044657900693,383.4371318175246,385.9246424984014,389.18500521971305,393.5709909204506,399.9733242490077,405.33781241956024,412.34074029497333,420.7347467153745,429.0994935449286,440.423087026171,451.63299283135973,465.57747890607544,479.40022107419355,496.3815021907065,513.7969005613153,533.3947863467076,554.4931255847226,577.0460941322734,602.5255327755024,629.8847139488521,659.1247911343728,690.7289826292051,725.5506127091265,762.7652839617627,803.8128572360827
experiment_181,227.0,224.07891628423405,221.1451517314899,218.9008395908196,216.8509067041416,417.12672306233975,418.5888000122587,419.3340366985198,419.7207702195073,420.15009600055384,421.46077677030723,425.2419228835745,429.6074475496913,435.471460217845,441.1315609570131,445.88911000615633,452.55113286817044,460.2400739288829,468.466223653388,478.8973515376553,487.2791965045078,495.71872354580694,506.5793163645801,519.2525352064151,532.1655649479923,544.5379241202404,557.3968974436021,573.9419831462329,588.7550530984901,605.523660188778,624.6516699468748,643.4344033513878
experiment_182,227.0,226.50702660173238,225.78532004367833,225.54096270601477,225.46969089604468,443.74770033246443,447.42776170393154,448.2698973460322,449.7821275484297,452.9023070889896,455.3990408916983,459.94690423105976,466.60970148189875,472.1045802070936,476.5037145326551,482.97293184136936,490.76896757202684,499.26075292826596,509.12840481628155,519.8402204191387,531.0126601744607,540.4924463082926,552.8199515703134,564.1453055337245,577.4877589640562,592.5581670933664,607.5732315266392,622.5788181242848,635.9027080965974,656.7039852231527,673.8977116919137,691.5127132379397
experiment_183,227.0,222.8635493423918,219.24582793832508,216.3480235111045,214.11163212514762,415.7770708211231,412.2380394827162,413.13883948820995,410.76987672984575,413.6182540372256,416.7134992315482,417.181506938206,421.8852300288893,426.9570131524792,433.74827535117606,440.5328074193337,450.65056601000146,458.18481126645105,467.63243632625665,480.4195812137014,492.0351772487783,507.1645991211107,520.8933030946387,536.7236264404175,554.5845360170393,573.7719779126005,593.8947770427608,616.8788250413154,640.0205805384023,667.0764360865141,692.6834219810015,722.7598336132529
experiment_184,227.0,225.08084817944518,223.0544809496463,221.55330294931474,220.5613705036415,463.04048509317795,458.43624848096204,461.1182269904147,460.32777783538427,465.18701501025043,463.80584925393623,465.2218240723723,467.76360118061706,473.41809818252557,475.0514146101935,480.63343447293084,483.9370819424938,486.0961169702785,492.27911481008965,497.0870856343977,502.5273010146279,507.7898481713768,514.2328316992889,520.3850718300107,526.7226484950387,530.4470155349205,537.2159863020598,541.8492329668949,548.8518769525824,557.5652683414296,562.7022785194596,568.9898803846306
experiment_185,227.0,229.95476757281656,232.17134061946314,234.97868047086288,238.17857277486038,430.7590263692865,434.6906964664802,440.6087260194056,444.35722621313687,448.54685653994835,453.91666479493466,459.2087889485735,462.7989043381503,466.19761053298095,470.8077537465153,475.9536963715075,479.7930698803232,483.1586333449042,486.6323008524461,491.2904304506151,495.96694816430374,499.0527518124887,502.9584225596362,505.56033301332394,509.09840300191865,513.3877570887843,516.6258901056269,519.9681930567112,523.2266498528409,526.3773910036199,529.19797848984,532.6146214652691
experiment_186,227.0,228.5156324026883,229.64222570846414,230.89947651709468,232.0586993676827,428.8439381633266,429.7026989071064,433.0286262813982,431.43028357933645,435.33950963766796,436.488066368392,437.52357789304176,440.1969515469043,441.10199673809353,441.7407308929206,442.2468556874883,442.902518133504,442.8731618379132,444.8908779564389,445.8851060557542,446.6079216278428,446.79720125734724,447.03097750433926,448.44470553899185,447.6580209515055,447.5983188954921,448.78103105499224,448.9640963734575,450.56678036111856,450.2189338497084,450.2348248321099,450.898859303349
experiment_187,227.0,229.5935332455249,231.31421175497073,233.2336296714842,235.26781047989743,418.4763428542128,421.2105974431599,424.35307217738495,425.1629009736739,427.89301312522235,431.1552028473951,432.7203915464103,434.25068906128195,435.56111994587286,437.2012985961558,440.22603557199864,442.09273064767115,443.4734887588337,444.2334475629831,447.2145689058721,449.471109411466,451.0863563034203,452.72067721337095,454.8396203112553,456.8095220624626,458.5621053947431,462.1656439193703,464.43689780034214,467.09714379487014,470.23064906894587,471.90655476306193,474.466330628592
experiment_188,227.0,225.722234453203,224.12691539148912,223.22167523699724,222.8131363046334,403.4930618662643,402.51938307086783,401.4996975503314,402.92161700660506,402.6547919869184,405.7597886992528,405.0487424665498,407.8414906592437,411.14176425484646,415.40617540056024,418.26741436236586,422.9093306454629,428.33829505846535,434.11433125642174,437.7276546152915,445.45912975321784,452.7301729896869,460.41431076992797,468.1224072248851,475.37655653703916,486.35042981840866,496.7478206007254,508.0314982250705,520.002165103274,531.3780574670905,544.129986103833,558.1550926576988
experiment_189,227.0,228.18185478453628,228.88315713611118,230.09598377057432,231.71816543092376,410.12091159462204,414.8110339895456,418.7856235753934,422.90903796568887,426.8270429318091,432.2972408475152,436.6983323039302,442.95939046214914,448.3983205996849,454.16197528980064,460.5522241870218,467.1223640127467,474.161889006398,480.48729105956573,487.46927440914556,496.56406758972776,503.7621540111276,512.3825905290922,520.1507998219978,530.0421748758533,537.8564251867544,547.5398956845062,557.3937167864241,566.946311659689,577.4985258235888,586.8883496021366,597.0842320660872
experiment_190,227.0,226.56725669976672,225.88752272094,225.3443541185511,224.4813719569671,475.59728146432315,474.06435536341485,476.2524609752237,474.65778724987194,479.00485448287054,477.5774850902645,479.2335119006869,482.6885930562702,481.97146821047176,484.9784257642786,485.98926023189193,490.3681342314124,497.7373869495587,499.74665485469626,506.72473642637914,510.67857834542184,516.100091676922,519.7175928213775,527.0818274261126,534.7090752194562,539.55008222631,547.8038592628455,555.3065681900335,564.7470043433236,577.310605873238,586.763254841253,595.0459063807506
experiment_191,227.0,234.44073669990038,241.61169476228895,249.32203803281072,257.72398875972306,444.65855140062644,459.8416146484412,474.17364415589253,487.0254506240334,501.32770322140647,515.5756275468901,530.5364795447153,546.9480920713191,561.3254376677696,575.8765536099605,592.4810180797253,607.8852365291182,623.5094197048645,639.8304494779214,655.928957303241,671.9221231232801,689.1661640530261,705.8972163301354,722.0276580218759,739.671401204794,756.522035397263,772.8556549628363,790.1616248177295,806.4414054022403,822.9596606411113,839.5600819769681,856.4344638862992
experiment_192,227.0,227.73721338217467,228.14488975686953,228.59525762396856,229.41226657254626,406.0656674381686,408.2193763913615,408.74282643426017,410.7073512521614,411.9281054568971,412.68303165142345,413.739478784695,416.1743112500255,415.2251942371905,415.7531544787783,418.3054990871085,418.49113880809244,420.8510497159684,419.8367845706951,420.9589317034381,421.5953411188277,423.1826437366977,424.3468872180067,424.2683727364814,425.15705127648755,426.4081637612102,427.52716175357483,429.4197251274753,430.36098157456837,431.4239825383788,432.9068325543067,435.4475242138055
experiment_193,227.0,228.13049373726722,229.3149720916224,231.04603756648768,233.55701730391863,385.53669816952413,392.00240025528615,398.09139593225547,403.6473805403318,411.56455210016367,419.62897621892625,429.96812784676547,439.40996211631307,450.2003276990767,462.12218039515324,475.05991905418676,489.73052629718285,504.08757761294555,520.4428298102667,537.86814737575,556.3942095910378,576.5078451210447,598.4453068167115,621.1120031056084,645.6796646117525,671.4345889268346,698.9227760018122,729.2378704987303,760.4498287626237,793.7504475013916,828.3021263928927,865.6658672271309
experiment_194,227.0,227.15984316099392,226.64270829090347,227.04416341559187,228.04532276924647,493.28271322263737,496.7145102674692,506.43807270998644,506.06310408101024,510.928565304114,517.1497819998434,525.6659145596734,532.5447338390118,539.1892676199498,545.9889014929413,553.8716478532086,562.4695534309457,569.4755563561627,578.7679580062037,584.2133829946152,592.892909807178,601.1500485982154,615.9250629103866,619.7494712007493,629.9298890869379,641.804019310485,653.719524622578,660.3910526071265,675.7485618984879,686.3080232113837,697.6714493709615,711.922425534317
experiment_195,227.0,226.80587550928345,226.48536465975104,226.78138324048575,227.59033509322236,381.7397005042803,383.21943636321,386.56915024349274,389.3667100964375,391.4924922189848,395.3523043854648,401.3233893757772,405.43965745243645,411.3236559224034,416.09793590000885,422.59653465073524,429.22933799654925,436.9888489994804,443.1299243261814,450.63696338438604,459.35034232230004,467.63454551546255,477.673996832057,487.1139419871941,497.3395302229817,507.8463265410197,519.591924755591,531.0176852011059,543.797162049782,557.151932573579,570.0498421690677,584.276942652122
experiment_196,227.0,230.08326149746895,232.93154437948678,236.39660171956558,240.27785438801294,436.94244765693463,445.8754188167713,452.82657662495257,461.0405239511128,469.3438161181013,476.89690674013707,484.88785830686766,493.4530038339018,503.7033325285655,512.9527944577384,523.0265911640954,533.757511328262,544.3248884676595,553.2132226992388,565.6860456473255,575.4394061206689,587.3745875842817,598.7110981075183,611.8177697406609,623.9546143658949,636.9064785769111,649.6814864668509,663.896881992228,677.3523223535205,691.6801627634002,706.9724214288216,721.8122995207381
experiment_197,227.0,228.897954243589,229.89675626379977,231.40169290978855,232.84294961570316,465.6364823736197,469.6809358790657,473.0009874758792,473.6603119123119,475.1154086219252,478.1495650601408,480.02734802239763,483.37796047303044,484.54187024576277,484.9470332398038,486.9008846114821,486.67181323687635,486.4424744641076,487.7616037695614,488.31963350216176,489.4557585203743,487.2383734538288,487.57955822056994,486.50635995736997,487.6757796431367,484.924150107307,483.1821672793434,482.21899531785414,479.8210334473162,479.32389219210296,477.3283814811994,474.66280429758547
experiment_198,227.0,224.53058716953433,222.27256152980203,221.08390508445672,220.90818188529835,358.0699840649596,358.3124839130999,359.88255253660844,362.5626805316597,367.1312952193341,372.5121957783191,379.00780502047405,386.8643622971952,396.33921076935934,406.9897033878306,419.21754848027393,432.5057110528621,447.67818473384796,464.9860936999692,484.674702573903,504.235355417012,527.0205602696884,552.0207287001748,578.962630958381,609.0937156642442,640.5412188131686,675.2733626659251,713.1785647813427,753.3688092222209,797.2732206828072,844.4232228991233,895.7436309518371
experiment_199,227.0,224.34945954154145,221.8211651235095,219.87759012617124,218.48077132383392,413.19404119887406,410.49957789713335,411.780564028113,410.7378163003713,408.31041539102364,410.9246090303941,413.5800452686233,413.18650110270534,415.94666634688167,418.86232822990956,423.7122674072004,425.158641177314,430.3841017624977,435.7892131673484,440.44000096128957,448.7059571805894,453.4969238447394,461.9818067554381,469.44907690900226,478.0939822775599,487.5450297507062,495.8763859296816,507.77355375115707,518.1708892858381,528.6018720273272,542.618864153655,555.1071479403141
experiment_200,227.0,228.47755471761013,229.4923224614363,231.10938064250058,233.19930556083358,445.17808385291926,448.2290973854587,456.48447721924975,458.98681619738505,463.7020790837356,470.80351480807275,474.28211842484774,481.3522372388366,486.4263174089236,490.9812139777242,497.4283524440716,504.25372481417594,510.0658408042269,515.9251703678392,520.6248621004752,527.907808197051,534.8879969776915,543.3758715511185,547.8015471112624,558.0690675479652,562.4078648110525,571.7067295785392,578.9007914932134,587.0942850352086,597.2561617197791,607.3644668244981,618.569271233033
experiment_201,227.0,220.64012186588292,214.68325082458205,209.23596171435392,204.58178952172074,369.27405703484646,361.63011042595224,355.02469486199544,348.1498532617932,344.44409929824934,339.92095191090266,337.8611662684116,334.74547249438257,330.96039048827174,329.16442473441174,329.68498686298517,332.0292242824605,332.5591873089869,335.348191898538,338.4772574887739,341.3741684562768,345.55003203489565,352.43856612305945,357.7183686266516,363.9576671185971,374.0388840840419,380.4345721829444,390.9148683493069,402.3534275571076,413.9782394865585,424.9937427937369,439.0257086743138
experiment_202,227.0,226.66123801534525,226.1578993680401,225.80736913377422,225.9916700831011,409.0888210410856,412.14728181368366,412.033613829518,413.290180697145,416.4835326889912,417.5337804147895,419.2904791591275,420.64639051956175,423.23808597987363,427.49203348967785,430.3319718968569,434.105804981442,436.20122001339155,438.31908388594707,442.7302439237251,446.9755448591701,451.45519685950177,455.8251672394557,459.56575818180113,463.7814280996865,470.30039671386015,475.60796395148367,481.65965648612956,488.0100478230834,492.55486512315014,500.1494977663417,507.3750392820151
experiment_203,227.0,229.08222398021297,230.83891355641526,232.9638171160118,235.37989104359846,468.85521096102525,479.31224318492934,483.8213466738029,488.1156090607451,494.76971178596233,500.632553493935,506.299664711965,513.0320778725875,521.5460292022447,527.0983077814664,532.0236327169054,538.6337124441009,545.5093627151998,553.9271360109617,561.6821454046168,566.557546677146,576.8540248156486,585.4121348632964,591.5397347957262,602.9633785276271,611.1501578341156,619.6490339317485,629.8551610024109,639.6557359277042,647.5397299310373,655.4179254896816,666.2665162383554
experiment_204,227.0,222.9368158216147,219.10507031067425,216.03184356806136,213.60598388079282,399.19763309571204,395.9165715721975,393.5863671385707,393.1453546112019,391.1365085476682,391.6237170815778,392.00950456862597,395.4420823821601,397.6892582226275,401.64061939234045,406.25497478779505,413.462572606653,420.0570449860702,425.96684751264064,435.15760178932914,444.10017096793666,453.4815505428319,464.68922909961503,476.4351374633471,489.8541956745428,502.9757376944016,518.4596870357315,533.8157630614367,550.4326378866502,568.7190084916759,589.0916497135336,608.9735527999024
experiment_205,227.0,226.11813513261956,225.05298776029565,224.55108216749827,224.35195646021572,440.0738158071714,440.29389041831575,439.64312907982656,438.7145205386646,440.39822062408524,442.06441299911575,445.20385821763375,447.3165281356324,450.41088727600857,456.032603556346,458.4940392847599,463.0285070355516,468.0576227716918,474.70961275969694,478.8597613352832,484.21299228432827,491.1650241089066,497.4680384598614,502.7095995787219,511.5916408278584,521.3899601298878,531.7500299127655,537.6579897468964,547.6727187601858,557.4705122348848,568.1815010793376,577.37683420257
experiment_206,227.0,223.4282144065171,219.78353560995876,216.58464053991278,213.6841352205323,427.64860093139833,424.1101177901095,417.69063281102535,413.382206694838,410.5555688165258,404.4950481700731,401.90152450138913,400.5252344765854,395.1899373836627,397.484553574215,396.7807683828651,395.9744073265144,395.0993282937186,395.8321693312337,396.5591777527261,401.28139412957427,404.62071419037244,408.0193831888265,410.23658002235476,415.97424197292605,421.84691102476154,428.1674185005772,435.15174084860803,441.03303226825204,449.47634876899525,453.7560617368204,463.06012420613956
experiment_207,227.0,222.33565681775028,217.82636540600123,214.32765274117702,211.79701934419637,344.0544962415004,340.5220212515389,338.2765233492754,337.74931555259406,337.87909936035726,338.86969668939236,341.6750445617458,345.19927220516547,350.2442132032604,356.0774371425316,364.3625860151526,373.2427444090746,384.01728823370325,395.63055021935355,409.35021725753893,424.3378819841975,441.66901052026583,460.6089864514159,482.24458328269475,505.5058814698397,530.8062013415507,559.3847355173455,590.3716773230117,623.8818375074975,659.1758032019512,699.1816087939259,741.4596863607146
experiment_208,227.0,221.29564601398727,215.62665561401067,210.7928282036375,206.65553974892813,363.2341099747867,358.38167516829816,352.13021757789585,347.730701201603,345.5619836959914,343.5115531728461,341.61981443916574,342.30684225329605,342.79858266477083,345.50119586195376,348.33744732054976,351.3772009072135,358.4747352968396,365.39054151821733,372.5978036056901,382.5866046111628,393.80079243294324,405.9591295158639,418.55015717513936,434.9503247820222,452.1000987471655,470.64232445684803,490.47120819478846,512.266714473473,536.202535795049,561.6318826008387,588.5345990566855
experiment_209,227.0,224.64695325395343,222.21871749375802,220.01873747412077,218.17509727146427,451.65536939004124,447.94624311250874,446.94515880183474,443.8893391601292,439.23979770665244,439.4846351008661,437.5434053939936,433.6337455136061,436.86585457006225,436.4010116789678,434.13134348877287,435.6645078061391,438.61425839683847,440.95635379663923,440.2596285978164,445.2374677851368,445.1907419933261,449.48360708479197,451.03377414188833,453.9901370106089,458.1967670747658,464.5070501939812,464.23946925142786,476.9404084627257,478.7482775816987,485.08862819272645,491.23960712228615
experiment_210,227.0,228.9999661917785,230.23659544571092,232.13386774145715,234.25443181033208,463.21470937927614,466.4744492379098,473.0538363430887,476.2579192713705,480.3797569017707,485.0069180667071,490.9284007920061,496.83803218544614,502.38595014234505,509.5547451920464,514.627139177358,519.8034898048369,525.5211705260314,533.9876953739558,541.0036026818857,546.6586575050364,553.8801346891588,562.2337377563249,568.5133432543574,575.872907050856,585.0210763317443,591.1449975717871,598.9033991348855,608.4834922676229,616.6742754415701,623.541957364954,630.4343171760827
experiment_211,227.0,226.92555109846606,226.5014458857142,226.6523875378051,227.32791734479173,389.1968969216996,391.2847489992686,393.88070096933825,396.53543059586843,398.3536401540312,402.6307291550602,405.9309122991318,410.02798326992456,414.64867533192654,418.47303509928435,423.3571864414382,428.0597357630266,433.381666571957,438.31057764938936,444.33773009488533,451.27986259069064,457.04878266231873,464.5066140216125,472.8380790741413,480.7816673064279,489.26569541955666,497.25482286041563,507.7444614854299,517.6467120725961,527.5127795205372,539.1871557847528,550.2725326113589
experiment_212,227.0,227.22072529037092,227.05544656707434,227.2844766565992,227.82218859111885,369.8263851091696,370.7855478903923,371.3927520607074,372.21454955651404,374.02394588677475,376.3819566143103,377.4508938218359,380.45561839141124,382.79704514071665,386.63011577156607,390.15010661732947,393.88581737043614,398.77893096556426,403.6866483150459,409.3198110292382,415.3918240894547,422.0325080184941,429.51401192786557,438.36635667937395,446.75370557185977,455.1306722190475,464.96457640431333,474.6586652953513,485.9289265643975,497.12913009889485,509.647472323915,522.4547719553266
experiment_213,227.0,220.9265494841652,215.2861587971219,210.0347550027966,205.7466704305781,420.6857044947355,414.73587647435033,411.7727658760785,405.8369015313949,401.23369820115124,401.0137527942112,396.6462523783495,397.30256078994654,396.4893313227945,396.80708259977456,399.0848016037328,401.70773264478737,404.4104653296061,408.3236916019948,411.1714600818631,416.72599386693867,422.65488995637236,432.1471559277908,439.184731301772,451.60159223647145,458.2664279832331,468.1659009405046,480.7989131634284,492.6145565041882,504.7434225771792,519.7686527229704,537.8178129686715
experiment_214,227.0,231.6613300877991,236.12024959303204,240.48252597262,244.9528222978882,497.3759781279558,507.12287898675976,516.9607329382061,523.3701943574324,530.3321557842938,536.9478870789236,543.0628287560919,549.6499637115821,554.9270021961945,559.1705479562537,562.1677110151948,563.9174117480648,566.7307572616767,566.7244916066926,568.5902476492042,569.5486579813659,567.0915381069805,567.2420936531934,565.2460801805175,564.7433083800547,560.5614156480143,556.7612673968445,552.6802508187488,546.2461541840484,540.4227730735046,533.4895333729409,528.6560371520902
experiment_215,227.0,225.7477514543843,224.30486901410075,223.67591772742816,223.68032168422093,408.06211010783994,409.88577394213934,409.78895543676725,410.84624070482334,415.07537802927385,416.44471702196086,422.0598957710224,425.5665426322804,431.045469865832,437.00632956165674,444.2582813861227,450.23780228308254,458.5620697905581,464.72067442821793,475.2566659574369,483.8347756674659,493.81429624518324,503.2843682402073,512.7054237250977,522.8616921533717,535.1853586688843,545.3317241631134,557.668252205076,569.9594831406765,582.3719341933762,593.5879458546002,606.7193352453546
experiment_216,227.0,223.58198580220866,220.24220758282115,217.66694856086184,215.8609073072045,372.400012563105,369.72215039543414,367.7689245404429,367.7533638923672,367.44428486416956,367.3661389782733,368.41914955825195,369.8081594698805,373.60408731160203,376.69609667485537,380.332322665397,385.2383858274041,389.7642968674514,398.0503980534072,403.7130159016073,412.8525668658399,420.03645169881486,430.46114959423016,440.96975347895153,452.93835362311535,465.21185587104907,477.4352636258958,492.5965062334564,507.5788425000931,524.9860369783069,542.5520493652804,562.0823395138354
experiment_217,227.0,229.59073894403807,231.62586132653675,234.16184673617846,237.06452751523946,413.3037535728941,416.9827246598639,422.031568245452,425.23945462834763,430.02778735921885,435.1001601997041,439.2111986733245,445.63671050067546,450.77768393855445,455.6834670681018,460.94779454424867,466.7699837255488,473.7931021792477,478.70801857646353,483.318066509436,490.09421675768874,497.78443148830195,503.93986708113283,511.34832570413795,517.8117401584685,525.0291357661397,531.9343624722438,540.4137581987421,546.9297051176537,556.3048958783878,564.9042533717112,573.2741997979912
experiment_218,227.0,222.64464867235858,218.42325698444586,214.63554907966935,211.1943029820659,436.4267075920371,432.17745764952963,429.48407594438515,426.8291215164308,426.0690128056266,420.7352888372542,421.13437041016084,419.84897495806945,418.25424386345054,421.28232810183846,418.7901541723877,421.88233094748136,424.6627277323173,425.6561282496977,429.40466579386,432.9715061108117,438.17412339629277,442.2410225024973,448.3935647912631,454.0247498007002,461.34145543705296,464.91905469203397,474.2777212581109,483.15061167481974,488.7587105811959,500.12962952831816,509.28756681647883
experiment_219,227.0,221.5781365621189,216.487692125153,211.90260290434742,207.56933725552557,409.88647884020764,404.70922317279803,398.7573345429703,393.2678861748238,388.7362515063184,385.6317113729956,380.7140613944535,380.1197033331139,380.8756350539274,379.312284909569,378.20602982776654,378.38708537110733,380.3436491291011,381.9600767084769,384.8310692574679,387.53359696770207,390.792517077742,399.5012831898986,407.89461047972435,411.459632796107,422.41930151990584,431.26611446015,439.96866133371134,452.488811879338,462.4087151870451,478.4838446922229,491.04056239127425
experiment_220,227.0,230.78624485136768,234.05135698522372,237.88809729369692,242.3379189212034,402.86166721795723,408.40682455666206,415.0713332716753,421.9003081085192,427.63800387848215,435.26296206796036,440.79688786691935,449.1349723709142,456.36377182590013,464.0545691896825,472.17878586445914,480.5945707356436,488.5276843675291,497.55848008631733,506.3784858077886,516.6483444507172,525.851466326254,536.5313651995331,547.2901912934257,558.1368455809762,570.165343303675,581.969643153661,594.525425038562,606.7249245736467,619.9796848453565,632.926361288323,646.9489334200514
experiment_221,227.0,227.7604789549394,228.14715544913076,228.62438533214774,229.56653863113766,421.5180573152065,421.7807345807604,423.92341660146326,424.7979946117401,426.5203953867638,427.0549325877327,429.6591000754554,433.08591471756296,434.82190189943077,437.5285404670775,441.15113088012805,444.7587246948671,446.27958666553087,451.19180571851126,456.02236639656667,458.52439057826973,464.1991178436077,467.1489331684694,474.08751430621516,478.02262988855466,483.0732200098054,489.3776422879619,495.34499684553595,502.4076254633317,506.31492453993746,513.4981641125256,519.1130585192109
experiment_222,227.0,220.7984609524632,214.85853068599243,209.65072528332735,205.32727666355055,351.4678173405252,345.15107979368327,338.97473697218646,334.7266230006107,330.72562851815127,327.81252586757904,326.191683450945,325.05063507516445,325.14632593968577,326.72122870938813,329.9062328004043,332.2670698007453,336.6369592020359,342.1300507376581,349.7923381295358,357.29071569659646,367.43682811774676,379.08829054939764,390.1286512703397,405.75216761136335,421.66700120643867,438.8314817520125,458.68469813726364,479.51949109775575,502.1455659304817,528.1324643348856,554.0793790019256
experiment_223,227.0,226.72451869616322,225.97779123734597,225.10175990332783,224.57501951921049,413.88442589184234,410.78869345140794,412.4897501234528,410.4147124984259,408.4072465689949,406.47554442238203,404.7489047786735,402.55434538945076,401.4817470684828,396.580877192916,396.7898225166323,392.4908057810706,391.1562599608641,388.06069539420804,386.3584961085229,384.0135148290169,380.4527721277267,377.04158547143146,375.323633930915,374.41308620460865,370.6139256649934,368.2367657384954,365.5789108751808,363.3703968524109,360.90472426659187,358.56159920241146,354.5473521494153
experiment_224,227.0,228.92411221941285,230.29481255566986,231.96901786582822,233.80037902214332,420.8085323111224,427.03601333223673,427.9358455193572,432.9496065595202,435.5397169977686,440.46626898623424,444.1760558045735,446.4877323803367,452.1818475979057,453.768280292481,457.7324267013298,461.96602673767114,466.44495266426173,469.88057025213016,474.1997646919556,477.4992912515223,482.423166124799,486.59945998635595,491.6580388816182,495.6408464051915,500.90704456034814,505.21641455172943,509.85454159529183,515.7302103362895,520.7957714267682,526.0742900162062,531.5718157819806
experiment_225,227.0,222.0968855748829,217.6262836732656,214.17611092253694,211.6846987570062,344.7887646530173,342.4126640700902,341.2231729875462,341.22309998975095,342.3410328036347,344.926656572079,348.7275956512564,353.4078725048256,358.7401623340612,366.11785433306113,375.36322328424353,385.5862363335282,395.8358262458392,409.9781485296398,423.99959312936255,440.1536258692267,458.16442218779025,477.7865956062467,500.3019993047153,523.9704105611776,550.3620586232746,578.9085462856143,610.2723938358313,644.3299593073777,681.2259004509577,720.8252200452846,765.6394298572633
experiment_226,227.0,224.04150581927792,221.4597092193979,219.7518607388291,218.9283218622619,358.3391140490824,358.81942176723027,358.5599975763185,362.1831565515789,365.6595419458755,370.2631623844835,375.15890582102963,381.09833478313453,388.76280004359853,398.33609370734774,407.6224641198962,418.4628521091363,431.0830784820481,444.3911576131313,459.016768779914,475.57677443531713,492.3722669049046,512.543331110444,532.6906904915652,554.5571733914423,579.0060990064337,605.5694269074622,632.5453815892743,662.747919161451,695.3639041419744,729.425014251689,765.6369131104741
experiment_227,227.0,228.05648169616433,229.03777246313734,230.82848244397158,233.25489683701238,420.22712053585565,426.29297148396165,432.8028262993723,438.00884953454937,446.6383020967803,455.19720336614705,463.39838726889377,473.97434486498474,483.37755355799,496.18706712955645,505.89888882268417,519.556515755806,532.8455543053957,545.1657587049846,560.8072786222388,574.8464655008894,591.2904506276362,607.0992806884042,624.4826813493057,642.0413554924991,659.7383324640396,679.1338742097357,699.6156189744368,720.4144284036546,741.9495515738474,763.1517742905934,786.5442307394851
experiment_228,227.0,228.36960529871158,228.87806137393304,229.6978225552364,230.8071176340701,489.8765437656034,492.8283160521802,492.9791908360481,494.1520631601759,495.0029243049374,493.9079549502136,496.44386560029324,497.531041265588,498.80739261720635,496.1864707853672,495.11355668495236,496.7456271609679,493.5127272613247,492.2462360426892,493.7026027290658,495.6301868105476,490.1336350753147,490.2457256754372,491.88244005581663,488.1643213387127,486.47451467310947,485.70186892779526,485.453106345041,486.4772350196244,486.9416937528516,485.54463716003846,484.522264184497
experiment_229,227.0,223.34336007436747,220.07242767068036,217.51215938399199,215.55386049003968,433.63580392129353,431.77234038219297,432.36320009983103,429.79007615579826,434.90894362169934,438.0460885098252,443.35539881103193,446.61214639500463,450.387248330604,457.4627722745558,467.1490836242322,474.8651675920067,485.39888571746553,494.30865822589976,507.0011464782966,522.6310862625853,532.4747528058391,548.2321049786926,562.0396609796716,579.6258002405739,594.5249725179568,612.2635878779981,634.7605548336746,654.2154092305977,677.1853426883281,699.0167005475838,727.3253661893073
experiment_230,227.0,225.11075900832563,223.49455655256105,222.81539281352693,223.10660159852605,369.2734966672995,371.83253026042564,374.2394105093808,379.2524767336398,383.8638782516115,389.9210345421826,397.23371381262126,406.33011067107145,415.7026804032038,425.9404027266537,438.52847230572456,451.1949706748242,466.2732343475612,483.09324261366777,500.40944461974266,519.5768220643798,541.1767065215769,563.178429131209,587.3760897509263,613.591514692034,642.2219096984888,672.1535840856768,705.4057084171736,740.9497899514437,779.1683199846913,820.8342340983073,865.1046636145655
experiment_231,227.0,223.83328139912203,220.84496865867524,218.76099817104046,217.61662196252647,365.568483857884,364.879158924986,365.18814059917713,367.52437763795734,369.57304446268944,374.0377982651113,378.73985880843776,383.95521296753134,390.38777607597575,398.5560788720926,407.0585367052737,417.23993978779197,428.29015317075454,440.36124629723986,454.39073119011516,470.0533179256189,486.32524413939416,504.253281611888,524.3147559998446,546.2639886071897,569.6107723949241,594.7604150827495,622.9836501439012,651.7297242544093,683.8476480313925,718.8708071973992,755.1013201557263
experiment_232,227.0,223.73278284773804,220.46380725462598,217.69309187724787,215.3314874521706,406.78185850454827,404.7398970554745,403.272095165509,397.1594186590949,396.99525163652845,397.2575918656519,394.6476792982109,396.68532811158036,400.19386679291915,402.11043125335846,404.46284612132723,406.792764750619,410.8596142799463,415.51298797371686,422.4171527216852,428.355224358728,437.75739148066083,444.85383514170854,453.83507820354254,463.4464352309018,473.24082095210633,483.96423275665563,495.91252149905785,510.90084913848824,522.3087545518737,537.288805781935,551.3039847759316
experiment_233,227.0,225.15007947338862,223.3474257782163,222.20832611030949,221.76763436680554,414.58156455257284,412.6263230760581,413.6044928397759,416.95015465633765,416.49156994556955,418.2365726355887,421.892316846646,424.14976153975704,429.8162739123113,432.93359229584985,438.05771001567024,444.1657606210493,451.25612017635865,456.04404734121357,463.3532119510233,471.99345572374153,481.09765874263036,489.8054529641107,497.52438599315434,507.2352904240799,518.5511258916846,526.5851172519323,540.0123477654502,551.4530943794836,561.4791889282056,576.7337488815708,590.3118966231633
experiment_234,227.0,225.21779435241552,223.16592366369224,221.4008571280428,220.1509365390841,424.18425177228085,423.41992749667145,423.0329579456397,422.78006986416455,422.76824225601575,424.4581002256127,426.4700345629262,428.28893472531564,431.5194370005306,435.4914695382532,438.6771475682454,444.20799655607163,449.77894960179367,455.74194155099207,463.7620977829357,470.8513648648359,479.5114716974593,489.7446917869747,501.00935265031217,511.1720798600331,525.0013901528235,536.0760396696913,552.326278145286,567.0487603307388,583.3905602162076,600.6182346696603,618.9248334876247
experiment_235,227.0,226.37118762839066,225.43110486786796,224.69426862574352,224.4164644522039,376.8059461115069,377.20132872134354,377.08140492101865,377.3659684676028,379.51631104159816,380.9064682884035,382.5847042393647,386.0096134584725,388.77004770656214,393.2052147282942,397.91615556677016,402.9703808949338,409.3862577509938,415.8567163482888,424.26956229134737,431.4569644752517,440.28281045204096,449.5951320443148,459.9135763668472,471.68478721646727,483.74455061596854,496.70185779817575,510.6263235922577,525.4254798986985,540.2545868352217,556.7612421996552,572.558840056278
experiment_236,227.0,225.69983534935068,224.41401861414573,223.1576765231748,222.77065527989785,472.4613285009569,476.9128344150909,479.2565117873711,482.16794823306446,484.04048153277586,489.82230959017494,493.86491480980027,500.6689118437025,503.54605442732554,512.2585763818036,519.4381446916993,527.4641651048487,534.761225787669,542.6161629961907,551.5010185859924,561.8964861082148,570.0156442536437,581.2630940025316,590.986000400477,603.3877542119731,616.7506442476026,629.0000143128467,642.5837477791715,659.0804905316145,675.9082865286048,689.1557200335371,703.651996848896
experiment_237,227.0,223.88681343420456,220.44172753535256,217.49801727817265,215.03687104412577,362.7763834255413,357.57451440741886,353.8164543608121,348.1592686308735,345.493970771119,340.98422576479385,337.89647391737185,335.85932373880127,333.07039559643033,330.65461774193756,329.0108847192754,327.6929243814023,325.9523607627649,325.4383707559052,326.6152950068612,326.7827248550395,327.92807441512986,329.415484507203,331.75542997441363,334.6556523813233,336.2877229555316,340.5947274878144,345.83114128875906,350.93138386109337,356.05321761818084,361.4697533805191,368.4207710699821
experiment_238,227.0,224.042884267741,221.2131483466265,218.88540920638616,217.05447708693413,400.1684906975352,400.6162547504363,397.8574842368256,397.4192821008083,397.6634287696005,397.03982354760495,396.10943919988483,397.17895546053654,399.83224466513553,401.32460338599833,402.5939195694353,406.89643322591724,410.1518468815522,414.3183446757929,416.4444155307772,422.03383468546264,426.2425356192161,432.44146436428593,437.8380385900777,442.58960219931924,450.56011083871385,458.4894930415549,467.1591900655254,475.3510103802584,482.4852832043598,490.63345573833425,498.6991064689023
experiment_239,227.0,229.92150421108516,232.4205668869423,235.47582859217744,239.02144761128778,396.0148656814819,402.0136560833318,407.30059953573453,411.62995317684965,417.3413505097089,421.90213483086836,427.55103696221886,432.491750187574,436.40520366968343,440.7084663202766,445.0118864849071,450.4515866081819,454.7524214088195,457.9160484566921,461.45201484874923,465.58204702435944,469.1157614504535,472.8699032141158,476.18188098088694,479.2610179103543,482.96580474505697,486.0958819455852,489.4801182419145,492.80765976638895,496.1914395926531,499.7734455011717,503.54195410086373
experiment_240,227.0,225.14612576844843,222.98222076304822,221.38638643648153,220.2250813683986,412.42646201194935,410.75117179708457,410.3912012478111,407.4151699432297,405.67190103122175,406.1947547955526,405.6231395026243,404.34177660713436,404.3060750375852,403.860212353222,404.10708137139517,403.96124170233236,401.65309582523935,402.87570276879353,401.8703940316341,401.96878407675047,401.3241374781064,403.0854266162631,404.5645061449707,404.16050579171934,404.1853745262574,404.99051487380785,406.28249961769285,407.8607626139178,408.8473086346693,408.89001075754805,409.9454774458082
experiment_241,227.0,224.85961547916799,222.61801289145512,220.80917251760735,219.3674949869147,395.3580144341122,395.8451585134842,392.9158568539988,390.8653809202428,389.5163639138127,387.9056624883191,386.7306267692421,387.46128269367307,390.6599106006454,392.0219171933031,394.32841236476565,397.17805097264534,399.91139351240776,403.6421861437273,409.13282812033805,413.93093345480276,421.4340247679131,426.0665303636939,435.02308127562424,441.8537074330258,451.4625066230196,460.48931038934853,471.33092985035915,482.55513374148137,494.30869331185505,505.40676736981777,519.5229212463711
experiment_242,227.0,226.41799384282274,225.24309520800327,224.7733294183231,224.78347612551073,457.816455438294,463.18139608995017,464.3935492856832,466.59583332792243,469.7165525903736,472.9391033820708,477.7216805571418,479.2185293425866,483.6682468024972,487.3109699709701,491.469267753085,494.80642884406257,498.3897569576816,505.5681810481383,508.7669062152478,514.1784496289073,517.6683622968297,525.3087543925319,530.0355510946254,533.1766870407847,539.6153140714102,545.5606746221449,551.0278287838167,559.1303449458103,565.1562981408688,571.1004062364857,577.8632546594154
experiment_243,227.0,224.11890172333295,221.4141450719943,219.22006466304424,217.42270885463554,426.6416449650404,422.76452047919423,422.8590829691941,421.5901695221275,422.9218113217392,419.877013449655,422.3120417816329,426.43203952447703,426.9177311908037,432.36885729187554,434.11378320812804,441.04586731054167,445.82422014253734,452.23426308684765,460.8895531554933,472.2318040422292,482.86428486187583,493.68874944257095,505.20076145065656,519.3044429650314,529.71348839683,546.5299769871552,560.9648559697606,578.8438079972327,594.0946789123585,614.3231514187363,634.7300219660953
experiment_244,227.0,224.01907072411296,221.1434422005907,218.57962659593602,216.3392712822838,413.13906780574587,408.0621222638141,405.1855106555049,401.95922842987585,397.3422389362563,397.9148996763021,396.61843100451637,395.87365325223794,395.3341362594335,396.2912935039907,396.606709456441,397.3380444647963,401.7439447847781,404.6783293141206,409.0681639744973,413.8828385412895,418.1503270366733,425.5954765794847,430.4865785006191,439.220662060291,445.3382621361681,455.4273992954934,465.2217249077482,475.9154917966686,487.18010321154753,497.56810996674807,509.0803451400505
experiment_245,227.0,229.03699432166763,230.6314494646904,232.5746795393821,234.85995410869867,416.31762216096763,422.69778305480406,425.74782324800555,428.69149012729935,432.0576066674505,435.43077839408284,439.10200452207744,442.5223239932734,444.5207008901162,447.235673941126,450.0512363077606,452.21179795563745,454.1351517628398,455.7050796976191,457.59635096025244,459.4105922378481,460.9895830398682,462.168379979932,463.47662912043984,464.8677092880989,464.79725746217855,465.4024298956714,466.2714859056582,466.26652015138046,466.160686648465,465.8377909088025,466.0754956323094
experiment_246,227.0,224.7898610895565,222.36281182660724,220.6446703530227,219.19623367501333,453.1644168015247,452.6583039550889,453.92941335781,454.68477512441723,453.8664458908982,455.6824448694007,458.00508518532155,461.7195235456476,463.25092396420797,468.2457880005934,471.86451761854727,472.3913782550786,481.6926476790403,485.2322522492768,489.3804870336923,499.2939960636712,505.5589784883195,512.4956551202482,518.7072141408928,527.6847078175964,536.9582211318542,542.0355051496276,553.9307224890929,562.9359029949482,571.6736155340753,583.1883079331487,592.3183652885518
experiment_247,227.0,223.23420733821484,219.6970192327861,216.77013550815414,214.4664591540122,394.50318971509455,390.96626631834994,387.73725678664323,385.9293265951957,382.47960973662754,383.45724864186957,384.97815499856057,385.14876657598336,387.0298680770192,388.36569577842255,391.9397201451922,394.22581037674007,398.5989488815882,403.3485221945071,410.2061151085821,418.38801166522614,424.25851468276653,432.3557726747495,441.4276533377174,450.6131719793105,462.7530129090728,472.40541926535957,485.14513512906785,500.43890416201515,514.8627499060606,530.5753730595087,546.3066900542923
experiment_248,227.0,225.4896111011177,223.71053793346564,222.6107180820245,221.88525437784773,433.3072198288415,433.37986969844405,436.1494573293904,435.30103736282797,435.94064757838805,439.68061587599215,442.11981844181787,445.8853770044818,450.2082007582966,455.96590218408306,458.982272571711,464.5990881018927,472.51694643230013,478.42855047572016,485.53662514313606,491.55843011300277,497.5987865317735,509.21349161407085,515.328784525376,524.7929010835092,534.1436937185866,545.4733486237658,555.8839588629817,564.1014176649156,577.4204619220553,589.7130834807664,602.9214357003382
experiment_249,227.0,230.9054629036629,234.52054862471743,238.6956118937664,243.30168466927518,440.28109369015806,448.6111910216042,455.27682869565433,464.2019869578237,471.46601171318264,479.8254894737432,490.129440501095,497.3621298244277,507.1722064218264,516.1271734945324,525.7780935377735,535.3717104558968,544.8941406951342,554.0080892382463,564.6568888866036,576.2457557061543,586.2854463417626,596.6865371654799,609.0138564051788,620.7030360636318,632.2141452719151,644.1842463584617,657.0509273091491,668.4273139170725,682.600580533917,695.7425049687349,711.0903902341904
experiment_250,227.0,225.19296794734657,223.20568131231352,221.41119448495175,219.43232368579393,456.4060726640618,455.33438942587145,451.44937202017667,450.80794015668044,452.0745943460653,447.96684411675704,451.3133378081565,450.6101898795876,453.66491886011386,452.7842900811668,450.585067622765,453.0331136905837,454.7226612594581,455.58878349352455,455.4506315531559,455.66262492218374,458.02403768894203,457.98287692163433,460.48785026201716,461.07343856092325,465.85880522112626,466.79980336600124,470.42508427399997,470.9366827311428,475.68804171638936,479.2603707262931,482.9243191230463
experiment_251,227.0,226.51400537167552,226.2947177037612,226.7458905015278,227.6673083620888,416.9064687855773,421.6359564786077,426.97654240637877,431.669521526673,439.44546575544496,446.08334319557645,454.11117265087915,463.82990553095965,473.2314043630346,482.83253353288836,495.1619062630807,507.4068233884442,519.2476139942817,534.4438718225606,549.3888858320785,564.4725142569542,579.1688629776049,597.1487286395562,614.6550170984705,635.110939482628,653.6549257611496,675.082014985555,696.7432786123836,720.0884339365213,744.707967909723,769.9301508718311,797.9164049880443
experiment_252,227.0,225.65427099809682,224.11306916851453,222.8598940427757,222.22268046764447,388.3472577434048,386.8082574312895,388.1560737603991,388.0131103344134,388.7748953402569,389.78453312895647,390.4850455350544,394.50296547013545,395.49760123165527,398.73494841120834,402.22461116215567,408.4639965366563,411.7246095831225,416.79380022301115,423.56664003293577,429.58708298738856,436.2016791194557,443.29324363802414,452.1982566735519,461.8013809938633,471.2161505766686,483.27377665723037,495.1687798188996,506.51352023647354,522.2850284729042,536.8800778651564,554.4773187108487
experiment_253,227.0,228.51762316404938,229.7419633886409,231.1700934249477,232.60281481473987,411.7265545935302,412.92457027660794,415.6109589697081,418.8884169515014,422.15834562646467,425.00627809753814,428.89813523983736,432.7733544304007,436.69922164395217,439.2387890272819,441.9063971920857,448.02808935337663,449.6412368543971,454.92116607714115,458.77445748583136,462.7390154832611,466.80449487694875,471.20359287716997,475.52155071673144,478.1963171677095,483.3853493441161,487.6241952744316,491.9082999894053,496.2234238774158,499.2359956124434,503.7708999273998,507.00963173769384
experiment_254,227.0,225.60823186107632,223.9236951589956,222.71681800782324,221.9633722167387,413.42785728530976,412.83629009348437,413.10986324387744,411.4836595126728,410.93240746772926,414.12819478542644,416.40191174690324,419.39533874586436,423.4648873627515,428.9329094749158,435.42072490309033,441.03116081071914,448.7203566600956,456.3756209076473,466.2345985746066,477.3851354198759,488.81238922179347,501.199432232148,513.753217304027,528.0704222466526,543.3414248989245,559.2073886231948,575.7028921872288,592.4471216364442,611.696317733549,630.113262014457,650.9206898644937
experiment_255,227.0,226.8954697098525,226.56026203765254,226.59901004440428,226.6685475752139,474.1710399795315,473.95685824678543,474.4461185772656,474.52950848316766,474.29216100945473,477.48947728575286,478.9110901017189,479.9837278452338,483.11263991322625,484.32261491360305,484.39105558383403,489.47586766350526,488.7339072065203,492.487150917924,494.5811032158005,499.47623108463733,502.70733442005724,503.9400350452983,505.9595573064532,510.10486946294844,513.2658252536976,513.9418832573477,520.36983023477,522.6848376887513,526.3927568526427,533.0586028509608,535.5597727632501
experiment_256,227.0,223.25702134521617,219.9373768685237,217.56424148703147,216.13293960317,360.8362333869413,360.39250772606323,361.6019917035011,362.89157328994685,364.89768009107024,369.6601185982409,374.18684278847957,379.8317698605291,385.56664256414285,393.7214969504456,402.16333669132206,412.6893121084075,423.2002145997429,435.2345783534654,448.3784930615429,461.77618749056603,476.0333665931526,492.92187739184584,509.9556553014725,528.0756847610933,547.7373552856894,568.2591710494069,590.5913722005694,613.4241458928316,638.436415889944,664.0256632908522,691.1131092741182
experiment_257,227.0,226.2787249063719,225.30257678327524,224.8985701408867,225.30607802495322,390.88978559101224,393.7388816405601,394.7440092434671,397.14876335041873,398.7477526894662,402.15272625120065,404.8977874235829,410.01733270700254,414.4332959314355,420.5471573519034,426.2794242214635,432.3572020993078,438.1261458686178,445.8092491825672,453.93151061462055,462.06798658573393,472.33468528092664,482.575477581161,493.0052359106916,503.82298097988587,516.2469430194077,529.9570771545367,544.0250958017331,559.6138941651293,574.7693122680605,592.1470791802361,609.6366825701407
experiment_258,227.0,222.34254870865374,218.06908729390426,214.327960680696,211.06708253786195,443.8054840804235,437.1878599619837,437.9939432791708,434.891213746003,434.93359267033907,436.10472417840305,439.7673052140858,439.4677756381406,441.70064540115794,443.98364974584274,451.98697584032374,459.0649649285554,463.4440597280294,468.90334667260953,481.60572675487,492.8498032600364,501.1918187719595,514.398858199945,529.0567993215531,543.7901509634423,558.8983050228503,574.4257151139788,593.1512383160849,610.7611322162061,635.2422445583396,656.1608692937025,680.6422410668715
experiment_259,227.0,228.28570960216774,229.0141237789257,230.05522743307364,231.7356386929685,398.47632103396717,401.5085052355699,403.2516838729013,405.07249492200566,408.1792064016126,410.5588929335993,411.7206486416586,413.3144551069581,415.5888067051005,417.56614510994024,419.04513872705803,420.93581738357364,422.1926514817922,423.43969141428585,425.09774935537456,426.1236651358637,427.6782849373047,428.1635339464163,429.4966139122149,429.3155609342678,429.6635645451161,430.5092404402844,430.0816615917186,431.25196397723266,430.9103327853066,431.3767707705643,430.53318574957706
experiment_260,227.0,224.99415833601864,222.7201958995307,221.3062182767446,220.6783182044214,437.3908764474184,438.08696903303763,439.44221964710965,438.02620727782875,440.9437424246866,443.0467235705551,446.96794362744254,448.3623712540345,454.76107234173134,459.42100039233145,465.7213399069076,469.8541970594112,474.84571993141094,481.32993079959687,488.0499154048209,490.4615149971276,502.1972397985291,504.82865025306455,514.9053866797302,523.3027889919287,532.7003637466888,540.2826690867728,550.87015879867,557.6834602835936,570.211620549862,580.9956420970151,590.2960953876129
experiment_261,227.0,226.6145869697594,226.15549510516624,225.86977483366724,226.36708082731215,454.7877126029707,457.6172878396932,461.1890135229511,462.843484450891,469.0570953381141,473.180114101083,478.2658719198384,484.49194874099635,489.8581470475298,496.1525369278749,501.62761305813814,509.1184025000444,518.5418721513346,527.6296446333433,535.0513665924625,542.5374659667156,552.9286925207125,561.0008883550872,570.8566973748012,584.1462706006427,594.736880891481,605.9495747482537,617.1154206628354,630.1122004965579,641.9069396416385,659.928880211379,668.1844613341257
experiment_262,227.0,227.568787363198,227.20177521013127,227.43667349857776,228.3106962328087,482.9846928489077,485.9171636516623,486.9871586583024,491.8232442148068,493.5892462940618,493.4833931756668,497.4960409721439,503.4305873627412,501.64603901983804,505.8356299863573,506.0558401082077,510.90012162355504,512.0255861952139,516.1057601946039,518.0178078087514,524.6429894596948,527.6941076152053,528.2751675151034,531.8218462456327,538.6309961465355,540.597243928939,541.844124631443,548.3611907464531,552.2861304527404,558.2238242402196,563.5827828095508,568.3524141470092
experiment_263,227.0,226.9351926383432,226.16147063525008,225.68114113050254,225.2593741660453,428.974486390419,427.7414649593623,428.6082985395661,425.5649730030491,426.1483003859677,424.46328450469787,422.7389690836918,420.5740450641899,417.2758139339605,415.4548868211456,411.2795180206197,406.13250552356334,402.33388766183805,397.6948570638645,393.4189895341881,389.7611625475097,384.4338988457931,378.2702450694168,373.46153467121997,367.07920445695834,361.7194690133562,354.54139867196636,350.43896472414264,344.3613148362361,336.34326984332137,330.3473630613686,324.74238645790166
experiment_264,227.0,225.43212457731585,223.8747717932293,223.1189882623235,223.08202047925946,365.6682200752526,367.17193730991266,367.9829341705856,369.9555239461106,372.2465864075156,376.01896501938035,379.9672808292526,384.29253950104516,389.272484712992,396.468001095634,402.74026562644536,410.3933263444617,419.55026641972836,428.3330080411725,438.94362880078046,450.04347476533985,463.1293875439713,476.6966010029893,491.96229552613306,507.73941473164814,525.257655566109,544.6120176143448,565.2683450555282,588.212152267234,614.1731035134769,641.276960628738,672.7344666164856
experiment_265,227.0,226.70092311248402,226.3416779952106,226.902692503082,228.39109304207537,397.88467536786004,401.1747243101174,405.24632779296655,409.8471393352144,415.5358279592921,422.61720247775895,431.610466069273,440.4522887180083,450.97200432046174,462.49125402417565,474.90116594620764,489.1225148357529,503.44506381680907,519.0628378757779,536.810327416189,554.0893675341781,573.8853265845854,594.7177083873743,616.9328358043206,639.3378917335423,663.3047244470271,689.9028484524972,716.9425244791105,744.4408561457866,774.3348113274228,805.2564069377955,837.0649326481513
experiment_266,227.0,226.7356649562894,226.29386878461878,226.1685180294661,226.78844024624857,426.8815029363933,428.83802296151833,433.91495774251985,434.6945236442574,437.80389438581904,441.93322523423296,447.49609622465056,453.27907616900075,459.20946377517777,466.28361525441613,472.47053580634173,480.66130832557116,488.1191971094329,496.4499467724834,505.63653701813973,516.080303987674,527.8642207207847,537.357769568835,549.3620830308106,561.1249097767765,573.1532542117744,588.6445122659195,603.4277725803887,619.2492099185389,634.4483321494424,651.5259991403817,669.5200488569176
experiment_267,227.0,226.1184018226599,225.34749362862684,224.94551135278766,224.5512688669901,447.68357083673584,448.81607983901637,449.8135135541437,452.56675892663554,455.7183171612848,459.98892383428307,463.0991020643368,467.0597376692245,471.23104129118616,477.5593331286099,485.4388132750581,491.56461624774283,494.51684430697964,504.8861068591797,512.9606759336601,520.9207282730306,528.3069042894219,537.1522015828785,545.2688766354242,557.0561273019881,562.3377060932943,576.4947816935365,586.8349120923921,594.6506551394406,605.2791613728733,618.1652721900545,629.686361484531
experiment_268,227.0,222.7881505967111,218.76667175952946,215.22571324838356,212.16150256152372,440.72527461475795,440.5397028039444,438.24067859347826,432.3676651881671,430.76062484303344,430.8891493440439,429.6540087219173,429.15898526768825,429.59392416023945,431.75921816002074,431.0688330443235,434.4377236243256,436.6605677109115,436.59550260480336,444.3064935864808,446.91102780422943,448.6360004195709,454.1578190112723,462.4196582599055,469.6136572432142,476.13562526200883,483.52184687117307,490.2585869128019,501.187112898963,511.2740603342407,522.9022587924405,532.0819217744927
experiment_269,227.0,227.0339339290114,226.66548379841942,226.50800404734008,226.39249504998241,394.00389934003437,393.1612717490527,392.67909663694314,390.1288487950465,390.5179567160913,390.7584925104471,391.4056380970868,390.3251750764233,390.5671498808295,391.9724337571627,390.8865327406602,392.5349990743943,392.68293015853214,394.0908812896824,395.4821392366392,396.77136414479287,397.8347432326288,399.5515168650535,402.5194109033271,405.0344851249116,407.5371645171364,410.9875986703095,412.9472438695297,415.12445292031504,419.3836588150594,421.87055973873373,426.40116731517253
experiment_270,227.0,229.59791088044162,231.47820224722517,234.07817393069945,236.9500337812692,465.68617344739215,471.4065232003389,479.850564618073,483.241987135071,490.1404066179712,498.06111971693326,504.8987875745268,512.1876846841195,518.9552537498394,525.9645459678735,533.0528961904806,541.1164850233798,549.0279204616913,558.9308966508366,563.4347904786151,571.3746608181555,578.643381039201,587.8802123652001,597.7765970987446,606.3332808644108,614.5748300889193,624.1488855943389,631.4939211120006,641.6107500826469,652.0040239976622,662.3189714393856,671.0818922318814
experiment_271,227.0,223.91582027629516,221.1220076842988,218.84258151666975,217.01624092553087,445.117943178098,442.55732187865095,440.8952472333735,442.1605183844386,441.8689119707083,437.6911900788938,439.90380040750887,445.0129354352956,449.78792868415644,450.66060259138675,453.43725825409433,460.4926614354953,466.4740438836389,472.6179232849839,477.1554117023024,486.29586323658555,493.41840979584225,501.3423695510196,511.14881536890846,520.9065630559769,529.136060389387,541.0116007586336,553.8261137254347,565.0407360386283,580.0933008640259,591.2485362890557,604.4738565157346
experiment_272,227.0,224.08691756717027,221.34597622341064,219.17598357445993,217.59164056615091,377.29772084729456,376.9020800144132,376.4094160867362,375.8041614286295,376.5178263223286,375.40780493971727,377.75648918102627,379.49342135185856,381.97001272031656,385.1766402678971,388.59922127169966,393.3404453566519,397.30973396192525,402.2935459227217,408.0209353905823,413.85289911823895,421.8662786664377,428.902391159226,437.5334119035454,447.12693723379454,457.62694672834533,468.6976832236286,481.1802672103471,495.2730181641751,510.7238919606507,527.8321782399349,546.4424782132087
experiment_273,227.0,224.39240515383057,221.6924997550719,219.57568575116898,217.96247426670044,456.5865616402848,455.52533334603976,454.2909181227583,455.38755124541905,453.2007467149731,455.60651037762193,458.07400792478427,463.2502957757593,465.4776487809329,469.86664111953297,473.38194785265114,473.9335083119311,484.2928881417508,487.21349513031777,490.7659862689673,497.9758837560079,507.9342755210951,511.47332044868324,518.6151858012483,526.9020636158243,537.9365864964191,545.9317306348426,552.25387948781,565.879134314,574.9390641403883,586.3489471853773,594.6240412369211
experiment_274,227.0,225.92589028868665,225.0357062029663,224.9540103379956,225.4614928514667,393.30914503501805,396.10277881751745,400.1806486569131,403.48867249887275,409.67999290300634,417.70188379739443,425.50549501343016,435.3998717726576,446.73190323134304,459.7696956094952,473.5710939572867,489.6106633476741,506.91903956569325,526.9877180675527,548.5149245274002,572.0016805027332,597.3451630099769,625.0931907153604,655.2863641437737,689.7246530558663,725.5867491810787,764.6113676373774,807.7290416272795,853.574825454667,902.815432595921,959.3211485963045,1019.5603724589821
experiment_275,227.0,222.53864395271347,218.46368999593864,215.20257608598877,212.48119096624526,425.1548911556222,423.90361489872754,421.52840365334043,418.6513539561415,417.14894428592027,417.8502943423689,419.03456842608426,425.71108480829537,429.8750605206678,436.3145867123745,442.120011469607,448.57693953108475,454.7107932489652,467.5920294124871,478.46128733211066,489.3897867768573,504.3218351208317,518.2058375709228,532.4575010269906,550.2100650439518,567.8862804288337,584.2208068258393,603.5666082565845,626.8168194512335,649.7199961566084,670.7506923116712,696.2651273925688
experiment_276,227.0,223.04662493588438,219.21406492764874,216.09252267836,213.58156364503714,417.9495641544075,412.324521846932,414.5629675680891,411.0045498273014,412.0635565128799,410.93996827805483,414.30568807957434,415.43068550468223,419.052296514269,425.98087928955374,429.962012011865,436.9042074154827,445.9075975457119,455.8474333512268,465.2936757233006,477.3084683818331,488.6600136210719,502.62275393351797,516.6174139284592,531.8365922458885,549.185370609778,565.4202601626941,585.7646979137196,606.6695540382132,627.302761487825,651.0019857857982,675.248331990193
experiment_277,227.0,230.6337435684593,233.99383916553165,237.9568760799969,242.54980901858568,422.56069386352505,431.07605554392404,439.75166800161446,449.38755242979533,458.4480209468802,469.3828458146706,479.955276062886,490.63404186342706,501.5687779092454,512.0341390968109,524.4807219309399,536.5798483631678,549.1429244133863,561.5072702928298,574.8581029949527,588.1481436598649,602.3975429552887,616.678409499729,632.2374470910577,647.1027277904705,662.692884593371,679.0167671348509,695.079984676971,712.4525948498853,730.1445785330461,748.1349972476908,767.1157259058937
experiment_278,227.0,225.22245083459558,223.22047357291177,221.81669406710535,220.8939615692987,451.23093251998836,450.45519704371225,451.57384686751027,449.78831910974674,450.9971566198739,451.07731748655226,455.02551958483264,458.04179353444925,462.0578428252629,466.54649003802695,469.9943047700693,473.25510469760025,479.4210974332411,482.74640145303135,487.78753814523975,494.17405081914006,499.09310125224727,509.215955911358,514.0460409159954,522.3755560071697,529.0925042370187,536.8186637515232,545.56647346302,552.0928988704648,557.4929572152798,566.8271733368961,578.1119192173411
experiment_279,227.0,223.57964365489073,220.0133553812692,217.28644005757334,214.93514916436163,448.1749054364031,447.7227572519769,449.0197613200583,448.44494209927325,453.68789559068557,456.79330530987806,462.7457018162851,469.9844721204644,477.1992675595356,485.523890317783,495.13882499531405,505.19474923661437,516.3601133891833,527.9103223533439,545.8241618344832,560.297798010985,575.4788387133966,595.4320636059692,615.3691949900544,635.8765834451958,657.5936941490196,679.1432786015466,704.1743930409541,728.3726687177332,757.3964612134853,784.7717250771348,815.2451470704773
experiment_280,227.0,225.30118309287826,223.36619907831596,222.16844179185318,220.9036322518054,439.66319978169304,438.1082977333539,440.5988681571195,439.4098428630764,440.4481873732415,442.73935319163314,444.79117162802254,446.8078090855759,450.47885350963105,454.16955088606437,457.2492918278503,461.7571882200611,466.3431546902831,470.7118856211006,477.06441532315415,482.87967632360704,486.065841387417,493.86405824819343,500.92612251094215,507.52827594335395,515.8222628072637,526.2135931909211,535.0053813357487,542.4917541500736,552.972166828217,563.3476481272822,575.0858683684514
experiment_281,227.0,227.39095215783837,227.9119070683724,229.0534399693148,230.74003864231162,415.31828130095136,419.02039603279815,424.01675686039135,429.1976333802856,433.6619174244254,444.0311740060867,451.6603122850397,462.430582522898,472.6109269974099,482.83818661117886,495.2140214117693,508.3215298420562,523.4061511699422,538.2428534452852,554.0069619018179,571.8550049390097,591.0246006501524,609.6150563136943,629.5027395814694,651.2637296080658,674.6063825912836,698.3734998665336,724.7912949794446,752.6824068427378,780.1333339459372,809.5921241464185,841.8526799089332
experiment_282,227.0,223.68126779496248,220.3403939297351,217.3814836330921,214.74266705811257,387.97994188735237,383.5472521393392,380.10697377895167,375.7915967741186,372.69767692768687,368.50339341226567,366.56253899264493,364.9829859172169,364.0596544799037,360.55085485297974,358.95291187359436,359.4537795730829,356.66365457464224,358.21105253668975,356.44723093433356,356.6901167967299,359.56811925064216,359.5258405315792,360.88353786499715,362.497282263251,364.2605856683909,368.16056633835814,371.83858588293685,375.22918115255464,379.6734537792744,384.7519582393616,389.0994374093122
experiment_283,227.0,226.57354493844548,225.55807691849787,225.4033225706492,225.74668471740102,453.27111024618154,455.37577901697125,459.2684296800456,460.58408582017904,467.8077531195898,471.3293161048294,479.3057313072734,483.51299002515157,490.36821092675285,498.3077637854067,506.41798593308175,515.3062928493372,522.2535700737592,531.8806798856574,545.1937300296478,555.9248972307953,567.6954288243631,582.799009367331,594.5869699810138,609.0573771159898,623.5790176093193,640.4030561093933,657.970256580166,677.6673436583592,694.7331810841241,713.6239837316288,733.9457943885232
experiment_284,227.0,224.901143439782,222.46610987509177,220.64076506852012,219.3945564990297,450.445192580201,450.54808427341385,448.37469273680955,446.3475946515668,447.57012184897565,448.76351502647145,450.479693590224,451.0658305218708,454.64055434915514,455.3894738522554,462.65040868410074,466.92326890197177,472.85742376595374,480.6430268540637,487.55157011396324,494.8236058472612,505.5557323639992,513.9908624878423,523.1630043575566,535.8616268651172,549.6614238656023,563.3342352379229,573.1484403409561,590.4308820507963,604.1973487003413,617.9926902588347,634.113401916538
experiment_285,227.0,226.42997141161595,225.90228801369474,225.4286476154493,225.63827836920467,451.01970147296055,454.50698026547093,456.6187608226285,459.91906152227915,465.2010809648267,467.9653885646885,473.1854948843952,477.07525006642686,484.4003051704955,488.47423745064754,496.1468817914447,501.319378438326,509.175647016628,516.2224392958024,522.7034991198068,531.9791972063201,540.2161421445345,547.5207698866822,558.5119495390508,564.4596061030971,574.0640883911078,584.9879565486021,595.334394887001,605.9491116795618,615.0459797782149,624.1671475256692,638.7245535395463
experiment_286,227.0,224.58874319172088,221.7267935752103,219.4477679272253,217.47363862150365,406.0681755035048,404.2974872730821,402.203176757734,399.44313874803686,394.8033984603003,395.9495916008997,394.25970010526714,393.01992362263303,392.1814303319938,392.95299092530325,391.16469641050276,393.7328906948091,395.33378025322094,397.9107656405762,399.25755132007333,402.70506605071773,404.1751442684337,409.2695513190822,416.32418537587233,420.6157606485343,427.7724919804593,434.48587280718334,441.37625828999467,448.585465004677,457.5046891574226,464.82809478993397,474.519191349388
experiment_287,227.0,228.08812785078607,228.79431992172724,230.2156514833343,232.308096033597,460.4602707734823,464.14610029305214,470.87846055699157,476.34000160862945,481.58035400803783,486.1380452535188,493.7647220834275,499.6123892476576,505.7387500296146,512.3160033319228,518.7416224580847,525.3466836189515,531.1125763982293,538.3485090397005,543.4310121234123,549.9168407549763,557.3899185964448,562.6264107561309,569.6282478988866,575.8026251884656,582.8330464938753,589.3562456401264,597.9668800930683,605.04477405601,613.0934497530648,620.0525082440614,629.9968632803148
experiment_288,227.0,228.28545985555348,228.8408264631126,229.95066085084846,231.55029079802557,385.09707045316264,386.4281968681272,389.118464267183,389.38340483405847,392.46564450618956,393.44764265763257,394.9754951324499,397.3824612117712,398.6117348993774,401.2238489318198,403.7888210938541,404.75163946067823,408.12091174112294,408.5024817078228,411.07456137429875,413.47166639398125,415.385979835009,417.6074984849813,420.43163094246626,422.4930310205996,424.62442724170637,427.4677017586944,430.6458296521875,432.9427132402052,436.2959412837181,439.0496056242863,443.210589290349
experiment_289,227.0,226.37745841048002,225.556518097373,225.62896663887267,226.5610949980578,368.25354024024347,369.9815395408759,371.9377147816611,375.2895079732239,378.558320637605,383.9097537405732,388.5842106498448,394.7525020403821,401.5659153689962,409.07226149476867,416.5029892120921,426.339206527657,435.6466704952601,445.74138994304496,458.3715912096972,470.5999702803705,484.7425725435795,499.3139363012367,514.9061362697272,532.5702714449563,550.7808133803792,571.0116911992083,591.8045058627378,614.858319013497,639.2911928810049,665.7334921003574,693.283248911113
experiment_290,227.0,230.40918676087165,233.0706029468547,236.32807165287053,240.23375196324676,394.9652617524268,400.4957741840307,406.4461101621351,411.5645890762118,417.2517946274331,423.11231895840916,428.52816187221293,435.5458507169413,440.8793336574242,446.8513269042403,453.73672502948733,461.81582455818887,468.3858896947719,475.796230000929,484.20601549268616,492.82927395305074,501.5929521243578,511.275017077866,521.0362886292027,530.9731934555449,541.7258556116791,552.6069371175616,564.2593054781205,576.5482698816585,588.6248390603167,600.8264166433559,614.6761392190775
experiment_291,227.0,227.09508679572556,226.70603169099664,226.98351970933328,227.88655108952295,385.55546838922595,387.02128895455274,390.4396112069341,393.3372667874851,396.54449693150366,401.47701611760357,406.81447365997604,412.3109212875909,418.61554941555386,426.8177408285387,434.0639777011093,442.93991910365696,453.4604351197708,464.50416889402413,477.1849315499385,491.34447940674625,506.0025030951658,522.0024429743332,540.0510719718109,559.0334913564257,578.5608219896554,600.6227292301077,623.3077867099778,649.4302299742808,675.6062022313448,704.0330037659908,734.4830763086469
experiment_292,227.0,223.9064498968828,220.77024744424307,218.26935442181997,216.39342498802574,385.44350484438854,382.3327368664157,378.7477064225545,376.90987349732,376.0854148607183,374.46579175478655,376.5084762122997,377.33930906433665,378.740638307474,380.773297105709,384.27067146862447,388.1223121752133,392.88741228064595,398.49936257739193,405.0035681933982,410.7554400904251,418.79600545747195,426.18214395250016,438.12069663634577,449.2209809604548,459.8786656494788,472.7639466264572,485.57041403682086,498.86446881079087,514.4370734563778,530.6086748114997,545.8775759879994
experiment_293,227.0,226.64410781962647,226.24368269176568,225.91267814688928,226.3809175697722,467.40261178035286,472.33612958308225,474.0670587038805,474.96819168186113,482.12949884940684,486.634921223577,489.35365987921364,500.6479983140164,503.5399923704512,511.51378880304935,516.8647882914568,527.1502527631961,534.3633444537555,541.2254943097438,553.5891165611605,562.5387964449582,571.9459447964332,582.6705585446183,596.8883094997968,609.9243033127441,622.1052657721265,636.9484636805894,651.0792796574116,666.4416850931224,683.2591996703819,705.4731205207506,724.3212617356949
experiment_294,227.0,221.89936075419863,216.96200384314636,212.51737533308977,208.4175928294903,433.34426503565965,427.2348665677047,422.58549064110514,420.23208705088047,415.4200042339155,412.62295153304916,410.54010790543475,410.9011774463568,409.4418868639007,408.90802774713603,411.9558852680044,413.407619129051,417.71798328375036,421.5682922226169,426.2971682239801,434.2930045920716,438.35933287792295,446.3994901666486,455.39681049649874,465.8913176246865,475.5749504807659,488.0663474240322,499.2328246305241,508.3508231314888,522.6050229454385,536.3389030072499,548.7524073771739
experiment_295,227.0,225.68158735077333,223.9041917531747,222.70832462368455,221.9060221029301,431.1822948979523,431.8735921970675,431.2304831644231,428.10088220987336,426.7868110289957,430.1782353774287,429.86401174387123,430.92040701565065,432.4465992097086,435.0891036932496,437.5943794945663,440.79764144470477,444.63522506906406,447.7156407593422,452.1309706017895,457.1896867080163,462.7883239070627,467.16791347236665,472.63394611591053,478.3633025740127,486.2376893297927,493.9280272721904,499.2241492470808,508.59033800132494,514.4108296701969,520.7706053674859,529.8967809394918
experiment_296,227.0,228.2782047907187,228.94644671539274,230.08360222777733,231.47322360391996,458.59894874832764,465.2147076751546,466.22823867144285,469.97400736691446,471.25383807119954,474.02317199351955,479.39947803171265,479.1010102508095,484.23287505498985,484.34818672733246,490.0284142512329,490.2297758672425,494.06483734308136,495.7233398216137,497.26630788564586,499.0928727139359,499.8975150339155,502.8506073567223,502.0299420914205,504.00242690604733,503.9026461413898,505.17633144344956,504.59727838293225,504.76493159357415,504.43713065777564,503.539561705184,500.7143868289783
experiment_297,227.0,227.7484263971483,228.17648591026298,229.45609946894706,231.39347556157793,421.57887021246796,425.9501760706115,432.8054767545754,437.4955540247957,444.8311079703317,451.6357608328031,459.49254449732626,468.3455790141707,475.79907924123444,485.94233440083275,497.1640346439715,506.05488450220366,517.3868536670199,529.5183540677092,540.9693626513363,554.7939353806433,567.8706299920885,582.536851345552,598.1378330841583,613.733960104272,629.8608163208924,646.9771279130214,664.8070071714012,683.9786788029802,704.0475175853934,724.7506338549744,747.5035289680076
experiment_298,227.0,226.60105586062485,226.0785398195282,225.60406452228497,225.7213206765622,446.1400559492501,447.4779716678099,452.0990058368755,448.4308377760442,455.0071126765674,455.5397871343268,458.52053938821996,463.2829951080394,465.5138065640557,470.55595069537327,476.54465019883736,481.0634038484145,486.1800162853944,490.9504461088907,496.901989513314,502.2963611187506,507.31163479330775,515.5815092786246,522.9207229915835,530.6356000899376,538.1392190043174,547.845293629648,557.4669025958092,563.6423342982166,573.2486226719235,585.0440687979419,594.4341101840496
experiment_299,227.0,226.854147080019,226.6627374955292,226.8915373959528,227.52322970752448,418.67819431181886,421.685132732322,424.89471123083956,425.05439912408707,429.8999527128288,433.87805192283133,436.6914035539339,441.1315457606822,447.5632249057452,452.4768332503303,459.9766358540631,464.9123302786132,473.7686306702598,480.2473719731799,488.64966802464386,497.9038934068994,506.6930527646565,516.5263878853727,525.824091811953,538.0719164909642,548.6794984614506,558.9694945707295,572.3015198418739,584.1066828057386,595.4199694665075,609.318962038732,622.5242845819745
experiment_300,227.0,223.250546417851,219.6553647046222,216.6793113420942,214.5321028201026,438.41605126970006,438.97534421083384,437.42193095375734,435.76403821976953,436.98390760777113,435.49161958537417,441.10492118224056,440.72809952057503,446.1987440159042,445.51913389475925,454.04981049259976,458.14777380806413,464.57423049761826,469.8898602643619,475.57853303896604,488.39065353114916,496.45830335235996,507.563562407363,518.9283813444212,529.256574918159,542.4422917209389,555.3612673222813,566.2526659444351,584.1118247228945,593.0916690637341,612.135010634268,624.8901551191113
experiment_301,227.0,225.26342947311196,223.39174597944864,222.05103151480648,221.19660585962407,384.94315498024065,382.7841355696685,381.9114846552213,381.6509810507312,380.22657251536714,379.6671994596168,381.1458007018986,381.50606520370104,383.27353751234284,385.7727037804341,387.6627871306632,389.0097937152646,392.56500302654047,394.8601506355749,399.3985768336065,403.47565263930215,407.91876590620467,413.1627368339119,417.950948373828,424.7905841127889,430.32113869722053,437.0253581700523,443.57586891131257,450.76653794804804,459.2135338786116,467.4189540014636,476.49996472321385
experiment_302,227.0,228.58351975920323,229.50929743988408,230.93174111603196,232.65163228059717,431.25334540261207,434.1844686329104,438.49313034508384,442.44917222863273,446.1063471574808,449.00162338261066,454.0083167577096,457.35376788971956,461.6635454076686,464.1203518150248,468.29634184643555,471.9418601356008,475.90091284180755,480.14818747857237,483.5956166262316,486.85380752517426,490.2695456311852,495.18035229857736,499.05867661011274,503.2474624507893,506.73740303510726,512.2530404379746,514.8089078351472,520.5581192835909,525.0381784262319,529.5114393807623,534.6549327685591
experiment_303,227.0,227.80687914151588,228.52653624134533,229.50249944469914,231.2706339879615,437.66024914106356,441.81637035495913,446.3117115370978,453.00650350603297,456.074167255786,465.2428757563197,470.7459723575284,479.0151711477374,487.2478545258732,493.50878275452436,502.10000657959256,512.0210069728888,520.1850590802128,530.0245167883259,541.0362627185864,550.8196426113386,562.9268547771862,571.9308271295707,583.2481092654799,593.9826623789975,607.3826110936594,619.049394295618,632.331127985497,644.9302508307724,657.6510612738734,669.7024842136473,684.1250866623039
experiment_304,227.0,223.16664072378728,219.1533157713031,215.71837546966484,212.88511337916657,363.778780021176,359.3986201023405,355.14660550439066,352.3349620813397,349.99355439542006,347.85919251365783,347.71136075934976,347.4958438248538,347.18503675955833,348.0213334507563,350.30640504299464,353.99793778043613,357.9218130372907,362.1384509308251,366.74490546888,373.64445267017663,382.59024695169825,390.99263676914364,401.15979281552717,413.64992757840696,425.29593103647534,438.991665157687,454.84530477236,472.2538558965765,489.6718779911522,509.436821206423,531.3195985072268
experiment_305,227.0,222.1339744508451,217.44132086912052,213.2739940204071,209.61073913184597,419.32072996514916,414.05311720493876,408.93116137984504,404.30791464707494,401.00674080289,400.0268402004306,398.7489393575653,401.06675408910155,400.16597776480774,404.310514040746,406.7823401507866,409.68541734814045,415.84291731682384,421.7941715716643,428.94810530772486,437.0598312327391,448.08800550714506,457.09314402465276,470.99413264121057,481.0273947847525,496.5603097073672,512.4575331564423,525.5059591328188,543.1883633158163,561.2394262196458,580.8274998905355,597.7922859028531
experiment_306,227.0,226.99347644232606,226.69589654218126,226.77956111765684,227.6561679049214,418.13364968189234,420.21894621251704,424.0377937029949,425.64228115116606,430.56772477299603,434.91613963406485,439.4176407243824,444.61373801130594,449.83326511332996,454.73792442500223,462.75485776748286,467.9709524471842,475.26162523121053,483.29096820241233,491.61621587742655,498.1781220798059,507.3890499026335,517.0511622499382,525.6977499525092,537.0863308967057,546.8106516246943,559.1760268172502,570.1342619891534,582.7135110474976,593.9395426591111,608.2947206765156,622.2480009716037
experiment_307,227.0,230.65901630178712,233.86258560694628,237.29317255392738,240.916912436156,423.90949904657504,431.479697438057,436.4187826739204,440.4085556903031,445.90589431254386,451.19449021900584,454.22049286170267,458.4263835255857,462.0556487516633,465.29303752973703,465.8933248818726,468.07457002475456,469.2578777262109,470.6332586002093,471.85246733526986,470.7626858877283,471.2707588368741,470.0040013928071,467.7855370618063,466.2973509051012,463.79799149426043,461.0087167327373,456.61283904050384,453.1936013292716,449.85847474777563,444.9974305151508,439.66393646892067
experiment_308,227.0,224.82121476485753,222.85925647371977,221.585589532642,221.10063556438615,441.10840517845924,441.5532773534506,442.9189404462494,443.07849599311294,444.82693635589345,448.2094966979511,454.8694305071927,462.3030275326903,468.4124051818599,475.36909004130246,482.2918467767699,493.5785744644127,504.9216128750809,515.0040145977259,526.2723477666466,542.1605119219867,555.3233783275555,568.8191989395965,586.1136687136474,601.9914894639938,619.1805016070513,639.4723650057958,656.3038745141129,678.0632865578094,702.3922550459275,721.9130232032472,747.3499787119489
experiment_309,227.0,226.19302339864717,225.08770757126933,224.47511167978388,224.31106186384955,368.89275173479626,368.89398117025274,368.3446830384011,369.3782369460446,368.8023786493979,370.72736350068317,370.7225817876413,373.15927852352286,374.12154782510476,374.4981892392694,378.45857072027064,381.16383430875015,383.7036959631069,386.3662555372687,390.79920587327035,394.6793081798148,399.3237513186017,403.9318362264058,409.91199703507925,414.80194205263024,420.1998542031065,426.79437853150165,434.17543489076087,442.0860202112184,449.9296743636304,459.0381537524169,468.33977566000164
experiment_310,227.0,227.7914036407938,228.6014119041153,229.75373091586275,231.59433655781405,414.23661526905306,419.0022315973024,423.1802122848347,429.7196393854463,435.92573152275475,444.1831672654446,452.1282585328028,459.44315659671884,469.20321202632323,478.6271551792903,489.1430775143899,501.67978293168494,514.45438844739,527.6169771869588,539.9960024135374,556.3715632786727,571.2389085035657,587.3362262004603,606.0059410669628,623.2340799212122,641.3303004721538,660.5067014181362,681.7775016780205,704.6588981903055,726.665981690795,750.1703434978587,773.3684957761038
experiment_311,227.0,224.43960705023449,222.17618274720067,220.50030582391653,219.43549792830194,433.7985959370956,433.74223977074564,434.62281312309966,436.0239884112969,436.36107784432465,439.1858284481337,443.5804074427133,447.92930795459733,453.71900330027404,459.73990999696025,466.38205257740054,469.57050358947583,478.1290803525606,487.6326343857651,494.6916234254,506.72664095583775,514.8245364659625,524.7088784854876,534.1752432351935,545.9587100347927,558.2105027525141,571.2560094881353,583.2809498254871,596.4186083695855,608.9850984670845,620.6798537588008,635.8476950244051
experiment_312,227.0,225.08980434075033,223.2576740847405,221.7104059475774,220.96892740276175,454.454146944862,455.94457506494547,456.43277314084673,455.32660334810834,453.65894318418174,451.6734464089042,455.3403822466073,453.8802560901496,457.75818806516236,463.0245279310157,462.58469844972547,469.3719667891162,470.80382656696816,477.19221080456504,481.45531395923183,485.9898229465962,493.7987945154372,497.1753775035011,503.52100730943846,510.8318154812417,518.6288169902357,525.3259662120141,531.6551777926098,541.9232533921988,549.5799792170606,560.5110754701103,570.7057990266369
experiment_313,227.0,226.0112492079878,224.77504020364535,223.97161338877152,223.57592766697866,377.08448180085827,377.50672698235496,377.80981372140724,375.368452737899,377.1775200616323,378.16190685076106,378.4416523426423,380.69630860527036,382.93542201934576,386.13490948015715,389.3753112028261,393.74464293614443,398.9789397064855,404.66948922785275,410.74654226259537,417.22433314040285,425.8936123658265,434.08698804655603,442.885110134926,454.77119930580875,467.31102557276085,478.8595604975192,493.3729377604301,507.7430494065558,523.8223075231159,541.7591757616137,559.8645520795502
experiment_314,227.0,222.04050897694026,217.1172800147953,212.961013420894,209.54071415323386,365.0081220311688,360.5101718638445,357.32772150652335,352.00535236179195,349.3140600630444,347.7184856471229,346.7485274734429,346.15434684158527,348.7272738609932,349.7002017606694,351.3524764422998,355.3446605585712,360.0249264876474,364.8687486131001,371.09258571943786,379.37468987871887,386.58719280214564,397.97054431187576,409.64565547090825,422.06200895975365,435.47232893036903,451.84317237433845,468.55203472486437,488.930777187604,508.6821405638691,531.9662807825681,556.1997475106942
experiment_315,227.0,226.9514748695902,226.66921754443797,226.33401113401342,226.43276858417502,482.9143383336515,483.3045083762568,484.07242957039057,485.35282653094646,484.2928465106687,487.65939801585716,490.4048918538519,491.29694713198546,494.21730534485687,498.9275201743777,502.7208139992622,501.8552104406113,504.3476152311046,509.00412185333704,513.9954271198787,512.8296650301475,520.0054489089019,523.2040276134774,528.1361560461994,533.1569966236169,534.5792322985498,540.7917391990092,541.7765890373593,550.5433360509369,552.6393698048394,559.2636817299793,565.6768651578745
experiment_316,227.0,229.7821617463259,231.8698025176678,234.3919078858561,237.22500740630392,483.95274102779535,489.3943509506565,493.743161989077,500.87238369381106,503.2767966051191,509.54748400687106,513.9837770744336,513.9143609666083,518.2784002427725,521.968004041433,526.7236131473308,530.9744491690577,535.5698111742586,538.9024477626912,541.9068821530407,543.0070089671532,547.1865903424616,552.2812796054034,552.7724816760604,557.0366951074114,559.7235102565053,563.6521460214832,565.6642404672255,570.8286581827107,570.9370073777366,573.5842187168837,577.4814847585125
experiment_317,227.0,225.7117750591591,224.23329978869936,223.2519547103414,222.60995699042525,403.7384891783371,401.3871660679756,402.44665864486103,401.9653519337994,401.2525433968327,402.281125243762,401.6897170617803,404.16938495255306,404.42673089676407,406.3235984035411,407.90135033708,411.0358503756251,415.26266437826456,417.7354580171779,419.7440463851981,424.09376107575963,427.893187819369,433.18921324520477,436.92206689148,444.11596405951013,448.1030284812052,454.36257205927575,461.25860953829,468.2144820896102,475.4860819111194,484.2809212701925,493.113983170363
experiment_318,227.0,228.206203587013,228.93727725545835,230.44392759556322,232.6109346750594,421.9417832264732,426.92883922418883,430.65874068666085,434.83094618725767,438.5883224716712,444.5428029200005,450.5428265573433,457.6417078866829,462.7519811975353,469.70177811116275,476.587423547148,483.23205528343357,491.76222334203453,498.08338912487153,505.7151255355079,515.8289466238148,524.1398909986693,533.1249644686797,542.5061801766005,553.5615006462695,563.1498673213722,573.9083190495372,585.5879312364088,598.6148690877317,609.8485966483229,623.8284172014522,637.4066556676031
experiment_319,227.0,224.8763275846373,222.58628433352817,220.60933092354546,218.8776046550454,413.9087148416982,408.4849078582805,405.54408057985444,403.5939459350141,400.29201782867244,397.7461524356129,396.4260299748429,395.64152257059743,393.83620328287486,393.04049462166427,395.27050211176993,395.2623760327518,396.99700665845717,398.4609965922582,402.9431212825176,403.66481121714145,408.22586828522554,411.8397134710586,416.6109003707125,422.7337647772944,430.7939367902019,436.73762711196287,443.03619426638056,450.34859118791735,457.3235846540662,465.8797998073418,474.80605366100184
experiment_320,227.0,229.21435968428602,230.64108072197314,232.83038969835775,235.20971846969204,474.9013037573675,478.2572657687426,486.40734359029926,489.4998902492768,495.2856781644766,502.1680660564846,505.51595309141663,511.2925038260581,516.2763588279153,520.8604539232326,525.5280543522264,532.2980533749609,539.7675244219583,543.2630895391044,549.1486742121306,552.4512597899828,560.2531127588742,567.780138602903,573.7472422208504,576.4438016445262,584.9367101325486,590.9909528566506,598.5862721570562,603.8543975664904,607.9196335539825,616.96252608098,622.7752373616361
experiment_321,227.0,221.16185913841673,215.8770092355625,211.13260972201863,207.4172305498598,419.0686737914929,414.0076404996412,410.85470698498204,404.47452328971775,405.64934637380185,404.5060007018195,405.074016468093,408.82542842720665,410.56685762717336,414.16812209962666,421.5179661680734,424.42719090952517,433.9629252063206,443.1148967008644,451.3366039516495,463.7084741954893,472.8951974727065,489.5402673977426,502.1154607036789,515.4545235545177,533.5199474633087,551.6251764075713,567.1503045253943,586.1411321327099,609.8144248220635,629.6255887644198,652.9186203176363
experiment_322,227.0,221.3399207054878,216.00954759823247,211.53591655843638,207.90290483948985,346.116887275774,341.75827577738914,339.38903766106006,335.80370372770153,335.63136107676394,335.40005967311384,335.7568829944974,338.05744416701316,341.20915728024966,345.8150653104022,350.7817635597186,358.0339302879691,365.6281719900752,374.6274828012297,385.57448538259416,396.5277886651534,410.160755012925,425.3017660235913,441.90768302936726,459.90724927692224,478.85628187627,500.72789728944895,524.5331484873176,549.7652500414486,576.430235148529,606.4592347114134,637.4075811501401
experiment_323,227.0,223.96150546887674,220.8044105011104,218.08747061167367,215.84958717892704,387.99083572859143,381.5963527258523,381.9487718981695,378.6324576929312,376.57050822637893,373.46527040962064,372.4972984484177,373.5836781445047,372.4686445039501,372.9290817936984,373.25630415939224,373.6627231457813,374.38793807658203,377.5771593453793,380.2535899327165,382.78205753302433,385.2289235097572,387.70754192943383,393.8171332042222,397.00907439759766,402.3834512775066,409.346087238235,415.27412138989405,421.84066111861523,429.28617369434727,437.1753337121138,446.8355494341642
experiment_324,227.0,226.5609082386862,225.9199983257817,225.68165370740297,226.18073852422975,384.3589283697721,386.3881670697832,389.45412167965816,394.12143543786215,396.93343491855177,402.1358316198748,408.84354611939636,414.96864544358993,421.75255637949294,430.40994532732196,439.331705738648,450.59111974241006,462.42701804226726,474.79220168962013,488.68029710212846,503.657967446279,519.5461819032727,537.1560611623534,556.4410376841208,576.0390339306609,597.2985931873699,620.1271889196491,643.5568792081502,668.9545476392416,696.11533262454,723.8509024120661,752.9665801527883
experiment_325,227.0,226.03337510589174,224.61599243748714,223.6623828090082,223.11182203187056,369.9684348622643,369.5523876657052,368.56176094618445,367.0796256372928,367.25506803463253,365.6654211480156,365.58632879617795,365.13178375640115,365.2502188159187,364.81877033148294,364.50011743792385,364.6288711373155,365.539415979867,366.42926143290447,367.4593873392372,368.15269693280516,368.5434370839269,370.3341410046892,371.7779813156464,373.4496265258321,375.4698940763314,378.55238612666193,379.7688451128774,383.93355637172505,387.0640884128859,390.0893106852673,394.2477435941137
experiment_326,227.0,226.1655224711729,225.05276230732971,224.07493004960324,223.90573032668675,454.25334611433357,457.1566069049441,457.64668582032584,460.73796762881955,462.45817755374685,467.4316825536168,469.6339038584649,472.8049243039264,477.81611780462947,481.41334564945004,486.73843938047503,490.1722568705095,497.44638545457116,502.10779077309144,510.48880820481475,517.0135074589391,524.5407597542297,530.4438508319301,539.5058318809772,545.3225308580542,556.0405757945323,564.0992622367609,572.7871793105114,583.8739155871618,593.5972994331689,602.4780159370079,612.4735407846543
experiment_327,227.0,224.8673934722973,222.41798611933342,220.60119671310852,219.34438140430262,441.17150543225506,441.43013588935804,441.0382886942206,440.81487058025994,436.72008680432185,441.62024797431917,441.48499268024887,444.7084685278742,445.5995649869336,447.29607102916805,450.3673884972366,455.3948917507674,461.88788064780874,467.2836271033872,473.8390185562103,481.6223769534308,487.79552859799725,495.76291183330636,503.4536944591911,515.721388367647,523.7874377345588,537.8292308216812,547.06948737421,560.1248649174352,576.5189322068848,587.8981108912162,604.6303678804488
experiment_328,227.0,225.43883988080896,224.01821838525737,223.18084042174365,222.37829763489313,468.5436593061714,472.2686091341733,478.6112445081989,478.0485045688629,482.646068061695,491.9408261090428,497.13641551135123,500.1885376038175,512.7537970689779,519.1181602490169,528.9876569534671,538.844777129699,548.8720820771234,558.1418784390254,569.2247728740138,582.3556023216847,593.328120107478,606.813442405452,618.7935560435967,634.4086761012101,649.1513069900712,663.8756689087267,678.4048046596419,695.5554240892035,710.2628009040565,728.4610795328831,745.7428663033477
experiment_329,227.0,222.6480765155721,218.62468136812518,215.53868908379934,213.37017311036095,403.5668871855833,402.26239664741047,398.6938001470314,399.17499647345966,401.16783328459,404.8684189780846,406.6182837923988,412.78107675428873,418.0422463367619,423.2780459211865,431.3194943660308,442.1762260950101,453.1798596835869,463.7771394877883,476.2580869101404,489.4626998344868,502.95342685941023,520.63133796751,538.3030865697245,556.2454284767776,575.9226769504018,597.1983681034095,619.329681015451,642.3011388270777,667.1901036238403,692.9420254190876,722.2006482573476
experiment_330,227.0,228.19879680708397,229.03546899439425,230.56473765274956,232.55846423516468,443.5311636317365,447.7161450385128,452.56468391918435,456.27506325360036,462.5057761082767,468.0136482271518,473.79376998449044,481.0807404158721,488.5445930733662,494.957935197842,504.3455777909234,511.41865996481533,519.1369359654541,526.1464701429094,536.0400079325514,545.654539039944,554.4965649662638,564.631150611419,575.0682413109389,585.0112683428227,596.5764839209656,607.9905947867218,617.3681609930173,631.8015093848812,644.1547656630798,657.1641667817888,671.7050135132761
experiment_331,227.0,226.40040946078756,225.60913140833082,225.22200245536746,224.6834913130765,463.8226042404816,465.55874644617415,467.1107300317603,466.9275822828316,464.5159077255154,467.6743325588695,469.6713289427083,474.08191608317094,477.7907089531484,480.8478971958719,485.04938219597926,487.67398290618036,492.29788805234386,495.8894206567179,500.6401652812982,504.0081140824628,510.9083574510571,517.2010595752082,525.0072992224373,532.0058713050531,536.4521947500152,543.8729472455524,551.2248548945921,560.1476654895426,567.9839928213717,574.6877655664506,584.7521597458278
experiment_332,227.0,227.85789209777062,228.03912779441225,228.92608454074798,230.44709789229682,462.2726251432325,468.8352568210123,473.6037715763834,477.68930515336115,482.96691425379487,490.21162020217787,495.2113812112756,500.23340115722135,511.19600004570424,517.229427531836,525.4655177270504,534.8836077964081,543.2481265581928,553.3972042332938,561.3327413829854,574.0686074958982,587.2289923636558,598.6943851099859,610.041309879815,623.3897914972814,638.734334668072,652.260610503963,667.2499959685221,683.9753298975143,699.3420024105656,719.6160394601611,737.3124641522562
experiment_333,227.0,223.5359816188832,220.08728718156732,217.20999285134758,214.89632906817545,383.9678385959439,379.87972676861256,379.3993842501528,376.8163878190004,374.7071825465074,375.5318682673393,375.0939425050211,375.4492400084379,377.7581934593801,381.1507190137355,383.3157695968719,387.82908848723383,392.59326333193985,399.7276299849445,406.1043954750421,414.3962842675577,423.70293468202397,433.6084209661294,444.6263188595826,456.91126707143025,470.0993800709339,483.81152011830653,500.00350566295134,515.1283781958217,532.3674095316908,548.949545429208,568.8894082151565
experiment_334,227.0,228.2589959837844,228.61344745977016,229.59175202910538,231.18546099694584,493.80809164576766,498.8907350788372,501.94006014327977,503.70113971599284,507.6089283135303,511.31059017153257,514.490475017669,518.4571062330325,521.4353180712155,524.8666942914145,530.6576193285309,535.3467101093702,538.6491581183273,543.132764274453,548.2292288430612,550.4484454657463,557.7250738665876,559.5607603891832,567.1316571621924,570.5171252543719,578.1628885743219,585.5855774763603,593.3669284726092,596.1915485909874,601.3352992467843,608.3945869402035,619.9615290206901
experiment_335,227.0,227.16687919466995,226.8932792815205,226.81878500657416,226.7728754361856,398.9805321151839,399.713085493733,398.62409975922156,397.6727755209209,395.67252500302186,396.0288823239829,393.84321872498015,393.2162522989536,391.44187834626115,389.04246531901595,387.49088567203023,383.73067438418315,382.1267419129099,379.3909294114763,375.4557663132759,372.49392923194114,368.61870905451207,365.5187594686049,361.67966487612057,357.038331923936,353.3226772572448,348.9427326756784,342.5138667455559,338.3711216631821,332.85704133748567,329.4921874774606,323.5714437818417
experiment_336,227.0,226.670277256049,226.24472697056967,226.17076912327218,226.74113350008994,395.7714736827269,397.8560017540566,399.5489300115749,402.83642115938574,407.98479850816625,412.63612691771647,419.64879124416217,426.5656041942092,436.0014990820666,445.0526247881637,456.3274943830068,468.3902923838451,480.9819797860902,496.25370189447847,513.1544242605121,531.8373354698122,551.2310627835807,571.7997394153014,595.998823320056,621.1955472836828,648.0924051438983,678.2887099311752,708.4212658664042,743.2357250337201,777.8233036060612,815.6292530392232,854.3356368106726
experiment_337,227.0,222.30280590413727,218.02003925738342,214.59796860656593,211.99487247852767,390.1524359291147,385.6017010892628,384.37197583468514,383.5993132139779,385.80049325081904,383.86814744621444,389.0000886002892,389.4553911134138,395.3303226082933,400.40017908849916,406.2113890572279,412.4807220290267,419.5618787141089,430.24116157738257,441.06646690235544,452.24854382702677,464.5692741940499,479.0322786839953,493.61038338356104,511.26858768605985,527.2351523175772,547.2720970837772,569.7641559066833,591.3380268592515,618.1278837401027,645.6094269256389,675.2696908026983
experiment_338,227.0,226.44291748313367,225.74338059164074,224.78974403555557,224.2912229315006,472.83872696866337,475.4171302675719,479.08966074264924,477.05519044242857,478.48494033639037,477.5606415123498,480.15043034748294,483.674657519889,486.25984320060434,488.0538856208454,488.3830055197013,493.20543521162716,495.091915845535,497.44950110095823,499.9510077463272,505.7271673195935,511.73893448702364,511.84721979781955,517.0573303531195,522.9539417382636,527.1690265364397,530.4783676062161,536.3953948168518,544.0729357509352,549.8485288772719,555.5834620823216,561.552560247135
experiment_339,227.0,223.11160207058907,219.61933685618777,216.70613506403407,214.32888428633902,406.7052552140147,400.78071146680617,403.79395546649755,402.0787640696048,402.12596871445027,404.2961284030119,405.34923109190424,408.49013863284614,412.43652885136686,416.81394561850925,421.6627874029185,428.106659829292,435.2888391078958,443.3623986296102,453.05408140298465,464.3464704394315,473.2152021772252,484.70787276030876,495.2476805940253,509.38239730789036,523.6070242459198,537.5427964054356,552.3319949757124,570.3179832378185,587.7400607646326,606.2683486048404,623.392873898837
experiment_340,227.0,223.38373507627443,220.36747343202504,218.0837516540064,216.41299356469995,431.58889039465424,432.43896589771646,431.10049593703604,431.12832601247993,435.1892813794771,440.98682813009975,445.37782689790254,452.36383732001593,457.4445811321445,466.95482732936784,475.561450144489,485.6311206793826,497.8223156707959,509.9191248357684,524.0737563667915,535.5572359101695,552.6363318447052,567.4541152682203,581.7286980914681,598.406428240322,614.2667612741225,632.2843065634257,651.4640779804804,674.3256428361727,689.4194801918278,713.2379050176203,732.7776833029852
experiment_341,227.0,226.55450092443027,225.93091305662045,225.7451427712964,226.01099488525483,415.3032226838136,417.35829595195327,416.80283654797825,418.4332847930998,420.77040594971635,423.29182030474834,425.0908049735634,429.0444065444119,431.74263624434235,434.68020455298574,438.8224247757059,442.6137809888082,449.5273922188944,455.4541706561398,459.9924259399418,467.17481400690053,472.3799132692644,480.25085022350686,487.96493138278237,496.3864582062622,505.2116438776521,516.2814774973274,524.5715943285728,535.5984991632789,546.0810631036778,557.4149725859157,569.2710520538191
experiment_342,227.0,226.02423272422976,224.65860129148496,223.71475732069956,223.22627618580947,461.7360344266466,460.02374274769466,460.6209088081629,456.26568539011964,458.0104811974416,458.61203872743937,460.62394387698566,460.9650173860044,464.7287516728166,464.06054845513916,465.9177933275176,467.5864048643595,473.7399940703198,474.65036206225506,480.13684276066823,487.9621867985216,493.5454495350155,495.97503424758025,503.6129039566635,511.57411433294527,517.050148260143,528.9442813599713,535.2833328671039,542.9652304889112,553.8003157981635,561.9992507361832,574.321699699165
experiment_343,227.0,223.3867888535463,219.3764180872549,216.27240023782537,213.36935583925862,435.174454313958,431.3516141009301,429.50098464932205,428.2704156302786,423.86500411920184,426.4520171721422,427.6946462205244,429.786995981235,431.04359866032667,432.93155196832873,436.76181654299984,439.5078264824183,442.68391322268263,449.0107006656352,454.0596636274537,458.80399294418345,464.409606679076,472.3215379261757,478.0159478538171,485.8049591376872,496.343393898441,505.00017865496136,513.4194373301968,523.8161353756681,533.926497263346,547.9593070438824,558.0987112416209
experiment_344,227.0,230.27832353297146,233.10280211174927,236.27726571602528,239.6853452824954,400.46619255742297,406.46254447807314,411.6035589422416,417.19327047682054,421.01838409027897,427.0775319267407,432.9625349979228,439.9376580355868,445.713663440613,451.24655231428505,457.72798150665716,463.75335130202916,470.9525225560998,477.7760322650403,484.02391182102406,492.02293891148463,499.82228232045526,507.7282815751154,515.2118811071178,524.2921120907312,533.0095386928825,542.3202040500677,551.3482658549663,560.9127012624797,571.4115699131131,581.7601091799913,592.6092670444596
experiment_345,227.0,226.9939556849224,226.4759802392848,226.29979646375463,226.445409569835,382.84716979359183,382.7814586045597,383.09131833671256,382.5883735206563,381.46344036482253,381.777416512978,379.8280701712511,379.48402092031085,377.5121126437985,376.3104463331089,373.8931637908663,372.15709505941743,370.8429216336642,367.9338893990068,365.4100404371328,363.010611579194,360.50443842927507,358.0399880825651,355.2959442414168,350.8530104435374,347.2124129587451,343.64905321870083,339.4829204579812,334.9079177581882,330.462964740129,325.09707251691907,320.6669902325104
experiment_346,227.0,221.52221213229666,216.26084631223478,211.5260367182523,207.64367512835042,395.254067834578,389.1358615923656,380.8552826067726,375.18022790736757,372.8155453337846,370.5707407741233,366.33299979600486,366.3054095847773,365.2457409659248,366.97344219229694,365.8952721417669,369.31411744962446,373.2671663195167,376.55975806542597,381.0607679411459,387.44241269463464,394.20607890570375,402.0187532836495,410.27834556864894,420.63936098543286,430.4681064184715,442.26214464185455,455.57218838877634,470.0216157477043,482.4991236895231,500.1820340096873,513.6411017832382
experiment_347,227.0,223.84275463773747,220.90030868872265,218.69880746653433,217.23038817133786,427.14469133830573,425.1736428368588,428.4736427870278,426.2640164290107,428.3200220095402,430.3874280701635,432.6106720224348,437.64305995921507,444.4898384864949,447.92034710223055,454.37548607885094,462.29129095245156,473.10500030457194,481.3059896425087,490.81589069827885,502.42414795911964,514.3129842987672,525.779631883368,539.7504765008364,553.7222364227646,567.0116688525649,585.3951727266867,599.6667871486426,618.1516500556148,636.6600263645806,657.0208614494753,676.8467714636953
experiment_348,227.0,223.32461043145685,219.8182670168195,216.80141548004073,214.2158933236646,412.5120371947005,409.9051286133017,407.32505031107905,402.4692351826721,401.63013596057874,401.37601924282876,400.9052869750843,402.1264420843494,404.1127240897335,403.38188902633436,407.82073106970415,410.01794669080795,415.5393254055944,420.47314411962003,425.045252881067,432.7379959020011,440.998566086054,447.3978337953953,456.7705081013209,466.986139530591,480.3461423041272,490.43188795822215,504.20944798813747,517.9227538380742,533.0438421681695,548.4250036748069,565.7852140145784
experiment_349,227.0,225.45830275055394,223.8037000192415,222.87441173809856,222.71103487697297,385.62871723119747,386.27281165392293,386.6168165917193,389.2612414472268,391.228181653931,394.33666349692623,398.19870715786817,400.84438093776424,406.70959347016486,413.08165884702396,416.6670013608453,424.59124016034735,433.09938559221644,439.1412158449951,447.7073738795594,456.51268702746603,466.59942731181445,476.96026720353876,488.0814766225466,499.2972869126896,512.5979571418147,525.9289540824908,540.1704048270166,554.343956434684,571.0090774475121,586.891878730398,603.5306944248547
experiment_350,227.0,227.89712034627138,228.62629423718874,230.02085653139096,232.3125281820499,401.45800998764645,405.7226012968378,410.5976708558895,416.51265010597973,424.60148075749186,431.724393052044,440.4649467575873,449.33169683911325,459.1319014618717,471.48015091457387,482.36049159422276,495.28186982961995,509.2620919062201,524.3285046528066,539.9166686729923,556.628581597512,573.8562880132442,592.7183635370827,611.9272942202477,633.755549958068,654.8426259812165,678.946675815679,702.8195145671168,728.7641526223346,756.4503258215057,785.6390847433335,816.6217154304823
experiment_351,227.0,228.36613083029772,229.4856854913641,230.366817603735,231.8361428633536,479.3239954654975,481.63664896949444,485.3547029282228,486.86352807627276,488.5721825765527,491.82790901960226,494.4035190127592,498.8408431298733,501.0236879428197,502.70074474979384,508.1627089643782,510.4952292183517,513.6210853964177,516.105609263529,519.0621442953014,520.9180417919936,527.1460378027236,528.5402881605277,532.9394206118758,535.4202275546812,540.1196414673789,542.2960125110817,548.3560064774206,549.21358506839,553.9029551847901,556.6413110849061,561.7721550024538
experiment_352,227.0,223.78459314882758,220.6459845984494,218.44863436882682,217.18860568888118,368.53542079248166,366.3088631156637,368.4393104459035,368.3380493510171,370.56873505786655,373.01605798471616,378.18106398608603,382.2968542966438,388.6715350998081,396.28089501091955,404.8459069471342,414.4390624420226,424.7148504972529,437.4238393094376,450.6331311351719,466.07143754321226,482.9165530408295,500.1623769225119,520.4551502931573,542.3191266592104,565.3834803856518,590.9877219510861,617.4538388576198,645.1776851216763,676.7824939765992,710.7800362040555,746.8062975950605
experiment_353,227.0,226.07643480259458,225.09156094619976,224.72286578013643,224.98866778998467,466.07103361949356,466.05422893056874,469.97262428347597,473.92182679721094,474.83481978138536,478.797064631199,489.3093886602614,491.34553970468204,499.5802018003624,507.52237402332025,517.1262067854798,523.1157545838633,533.9540746646036,542.5227089829374,552.8348061237459,563.6857251018408,570.2687386662775,585.3599977983754,595.2144147868282,607.5531088655823,619.4605555241804,631.5546581698813,641.0395745631719,656.201005309305,668.7220834643792,684.4792482665625,696.6397009141167
experiment_354,227.0,223.81697341617127,220.6596275231711,218.13162686696757,216.17364194494047,393.49104350797717,389.48398015487663,386.27622366961026,384.68799839494625,383.39004588615336,382.23289820955375,382.9113394422408,379.6705691579269,382.01591975469574,384.7883013613045,385.97531205005384,388.0744598097429,391.53845230286606,393.27656707001927,396.3063594088993,399.44499096521395,404.84966925787774,408.5057436913803,415.0930655723492,419.10685606175326,426.6089000487194,434.997220041025,441.37454543320865,448.417526109628,457.5283651890983,465.8192419160313,474.8464899760654
experiment_355,227.0,223.05023281611227,219.3566520303942,216.12060336563897,213.18888552766487,442.2589149830825,439.95715012859927,432.4826202250249,428.83158202746824,427.261264758658,425.6234677439263,426.3119097882141,426.5888321661226,425.69872972848896,429.0119034154043,431.55059879923414,429.6370230982391,435.6844722499608,438.27143049986216,441.30978834575757,447.2462923932784,452.9121909119582,459.4415545314737,470.3290820587236,472.8687553327813,484.2531051360014,492.5434952757658,501.5616165305513,514.7862480447164,526.601073804745,535.9774571735016,548.372952654616
experiment_356,227.0,226.82549648759283,226.47187186803728,226.85181697076627,228.18372020673115,376.222120000223,379.0622986947847,382.13929108531016,385.50414169354804,389.640354698134,394.441692421713,400.70462362145975,407.1962916929506,414.3149580898899,422.21468917131773,430.12371824525246,439.957403864895,449.5437306765223,460.2389288307889,472.48466467948504,485.0073222849831,498.938796784197,513.3568048106665,530.0634121461084,546.600987623033,564.8191873868846,584.3359727449803,605.5703924546999,628.0431897235289,651.9669130517188,677.7012248023651,704.8987865192867
experiment_357,227.0,224.98196094724577,223.15244483173115,222.0806621230755,221.7653810447498,364.8183437081001,364.8926103893658,365.3033628136617,367.99430528390667,370.50451292468915,372.86046952165526,377.3294738012649,381.8404683285326,386.70798439762683,393.215152936171,398.70089861758294,404.8650271772118,411.3224595026983,420.6183123219938,428.8360593444969,437.9989147126636,447.0559095975692,457.6623217997547,467.91125029678085,478.9121300632254,490.07761157199985,503.3533619943866,515.1924733572379,529.447357276074,542.853582946287,558.0102378234353,572.3844618131479
experiment_358,227.0,227.78587750058776,228.4637000926225,229.04665517071578,230.31219209669084,470.3140184307252,474.22437211626647,477.01298210865684,479.83372663236463,480.70746538077657,486.91612669579297,490.76783628668227,493.93877101172103,496.6558232961485,503.2304125303197,507.817634277062,507.43253335126576,512.9377692010228,517.0057011849401,520.5194264858895,524.1241883147104,527.3024819919746,530.0741620050946,531.6565723250949,534.932803450398,536.3078631842609,540.773878110491,541.383824822309,543.2464636984678,545.1409546446124,546.6628215140357,548.7198693614172
experiment_359,227.0,227.52995716042307,227.80112022178508,228.367173150957,229.4253339663719,381.4134610469374,383.20983009138956,386.0658653043171,387.87511999641964,389.46052007941483,392.56255170078794,395.2300991250351,398.72402977065894,402.48793320156244,406.0404040583543,408.99412618153553,414.1260352536257,418.414705737566,424.3429542980053,428.61845390632277,434.9864233515035,441.29901540798073,447.8515200297566,455.00862291802133,462.4196416442195,470.2727226200457,478.79052167361783,487.3524768326389,497.6829113772014,508.1702906131094,518.6373991265054,529.9583264201659
experiment_360,227.0,224.92705589001176,223.09499524877953,222.02098543932271,221.61096749291735,411.1379873512935,411.51963253975924,413.51580232513226,413.9919678825082,418.54051043022963,420.1793603678537,425.5479969523454,430.9100141516949,438.2326865755398,445.4396996870638,453.47372026473323,464.50956911626366,475.5059450420256,485.816237732421,498.779044454894,511.7369920211437,525.2905753201701,538.2146151056495,555.8412355497422,572.0351263092123,590.1433420754997,607.3806863204188,628.5084300274998,647.8129126139753,671.3992510991816,693.7666306330815,717.4997801436305
experiment_361,227.0,227.7436746862782,228.28615513589196,229.04509365806257,230.3078956206622,394.90050835029973,397.67842921763827,400.2724649261747,403.68494638343134,407.3967451342468,410.79525720151827,414.76581766233033,417.65778928229605,422.5678909625479,426.76841406537784,432.1905609997334,437.1017262601875,441.2800773193617,446.3787070750469,452.4137674461223,458.04935160863124,463.66791368673347,468.2047869421416,475.1250284562431,480.4921412046297,487.6150129780365,493.2570011209426,499.96005271829034,506.35182120083715,512.5019611301698,519.1829770352929,525.3073849519443
experiment_362,227.0,223.7648783877771,220.5268419716706,217.72153533841532,215.30397739516872,388.4502596984659,387.49004733668266,382.4943821086041,378.4523154054358,377.0765509340164,374.5404725261906,373.5059651263394,370.5968922401021,371.67116671153974,371.6121943433283,370.9639501555537,372.0723031482757,374.34643175177956,375.3404678681045,375.9088597967807,380.83205602092943,383.2609589947417,386.52351356288915,393.0530533115398,397.2701484866559,402.2578205420924,407.3740838523714,415.9481551669168,422.71194784574243,431.88954330785407,440.73069589935153,449.91532030634363
experiment_363,227.0,223.65674852279963,220.65753621246083,218.36548058043962,216.72542157786717,405.65432601430416,404.2175039874075,404.9265000363438,404.86223609939697,406.64083066321916,409.5760015039061,413.62603320418407,417.7597442517506,424.64518019551724,433.1211901745656,441.2266594187052,448.85332281615115,461.06957079689437,471.1833509974682,483.2306904746022,496.0897278120486,509.441051262455,525.2643464937663,542.8785422939677,559.7344878667136,579.1059279379613,599.599144470043,619.0586077579605,642.0130813098276,665.356856653997,690.640242696906,716.4200871249941
experiment_364,227.0,225.90913435327712,224.5497523994671,223.64727932161975,223.0698189094099,463.5673988886317,464.47707918249114,461.9263738355432,464.0091514430213,462.76210629246776,460.92930528103994,461.07721336037014,463.31885991506635,463.7299038830759,469.26019527081866,470.5185792927541,473.7949524376751,474.99336062908344,480.0305280778193,484.92011895691064,489.4580171319264,492.538105043519,500.18088207656285,503.31963908964906,508.04552719322675,514.9423020909187,522.8994592977821,531.2097625127294,536.8243838307983,542.2672792748358,553.0465002693745,562.0488427278124
experiment_365,227.0,223.11799576134288,219.69011692549577,216.73811024854365,214.1708742533229,435.7826729052354,436.88467340063534,434.84384700423465,430.85812854157695,430.62937289265705,432.4472039175512,434.2196234041557,433.2261069292536,435.4100371402014,439.4387793081115,444.33447383476846,448.7671322954891,454.1281091756605,464.9868345252397,472.0597193576091,482.14616370405247,492.9802938159597,501.8062570686828,514.6177459853344,527.4593684444623,539.6032859714583,556.6728397687395,575.0147703982293,591.5623385004407,612.7926905526535,631.1645657123396,657.315206397238
experiment_366,227.0,225.79129636095692,224.3389500600756,223.5440582407071,223.10539340251535,466.4270683209884,465.28401497409715,468.7980062276546,470.71602028452367,473.06596351096,471.80545812968177,477.9219926651093,481.9105939960108,488.61225398407146,493.8277759772579,496.5718974597067,504.6083259944926,510.9929380483342,519.2591219536597,524.189921911279,536.2861391752645,543.8112665651598,554.6567508408476,565.9265200517733,576.4693746585751,587.7341514313847,601.8181025280646,612.3320669318724,630.504535155785,642.4685438422777,652.1295156529513,670.7821409233503
experiment_367,227.0,226.47034988807837,225.77827283094354,224.99188447611695,224.73718626236072,457.1240708223921,459.7888029366798,458.9418511679944,459.10647570543443,460.8655469122377,462.07620679927413,462.07928616768777,463.6713497733699,465.2749598129675,467.62110806509196,469.2312710456074,470.31110770239246,474.39724000060505,476.5725669779504,478.52727310295535,479.5939933709054,484.03017510811213,486.81572973579364,490.6230009642858,494.4682491203113,496.20086050983963,498.6703592141357,506.98249572860544,509.5136445711804,515.447688231441,519.5049855512581,523.9588871649796
experiment_368,227.0,225.06581450215495,223.0247633970722,221.6027965276632,220.61182295045404,427.4542252656458,428.17552820016476,428.48582653187196,430.3006285212086,430.5860232529058,436.90124386585444,440.89873294803846,445.09025517666146,449.2714075726268,457.80352417196247,464.049347010528,470.5516269008717,480.38028663984426,490.02210445103805,499.6853473202567,511.2342659036793,522.7197600876323,536.7589646874309,551.1804454039501,563.7381667107305,577.8616086837899,597.0318430792219,612.185900749504,630.7182229521844,647.5404899781826,668.6178095347542,688.0914829295886
experiment_369,227.0,228.2352294603095,228.70936487142353,229.681311806746,230.8916464757836,467.97818910101086,469.9122887380864,471.25348582266867,474.7964396252614,475.93450962504704,476.87182169560043,475.20783656844753,477.8195906498484,479.3118443623937,482.2492263719148,486.5934722302551,488.6750602507166,488.89699867312595,490.487138305986,491.68692360564756,493.9842270929073,496.59160915245747,498.3704653715652,499.91312624270677,499.73206741605384,503.546647053442,505.93049201797436,506.5353750532921,511.91758396754614,512.9331000678344,516.7059984812051,519.4058908929239
experiment_370,227.0,227.82228711281098,228.45274348953188,229.71141617780785,231.5114902727052,382.63363640134605,386.4757347236127,391.0123204421854,395.74650042392693,399.8294901825582,407.13144690581584,412.7884935403934,419.5952419670207,427.0113673533841,434.5225761788104,443.4739053221655,451.92240746993576,461.0436274418072,471.71416981765236,482.8847863995252,493.705713081902,506.442644044375,519.216411139214,532.9875408467624,547.2605894430577,562.9649461759136,578.9075177625242,595.9674652634615,613.729650358659,632.8539218425859,652.7897583301886,674.4219584081014
experiment_371,227.0,223.920316497195,221.0612936913373,218.78149267913082,217.0531477765598,400.6096108470445,397.8400498993518,396.6645641368757,394.4485919701852,396.02016065901756,398.5533106265577,400.0239316399527,401.2765196957231,402.9606273129563,410.12546069618367,414.13030958228865,417.2860080390303,425.3020183697272,433.99712462823857,441.91775069882,451.73616074824116,460.04824642202294,471.5236762656542,481.2305483143086,495.1005649720239,508.10153927957424,520.8574272285886,536.6882241675445,551.0417899427121,568.4816649221364,584.8313874778607,602.5560036477472
experiment_372,227.0,226.03125361904844,224.85211405034838,224.192364020453,223.8828810823147,420.96284672081254,421.58844765104504,423.9963367725424,424.4060125353538,427.2668057553508,429.3798506776441,430.780552539394,436.28736644819105,440.98953959042507,446.28484911067784,452.75634201430734,459.49049663573226,466.19414362570944,474.2432991815132,481.3605635570659,491.3036082018708,501.8057613893217,512.2631615068057,523.2745491478632,534.771273715106,547.2448543333088,559.9262051978943,572.7451716565713,588.3039408567481,600.8611279280096,617.6544158034098,634.2377367796053
experiment_373,227.0,231.37917361921072,235.32039542202966,239.57263178957933,244.2163886831997,455.9520631679246,465.229721894917,473.6105608555565,481.3709723345063,489.403960662936,498.6092810076213,506.6666256837379,514.06619057808,521.0985877947394,527.3425338007982,535.3889452845164,542.2189695069495,549.010556053501,554.8387114862694,560.4964595700192,565.8777990990966,571.4157907593225,577.1806826900977,581.8804637718672,586.2143636621329,591.0624170020022,595.7029969669309,598.0681647627935,603.3904539662989,607.2293977559452,609.6516047157454,612.4206315714977
experiment_374,227.0,221.9609075122629,217.10008981266645,212.55520185975462,208.91419299674487,415.67861715468047,412.5607375638853,406.08822260862917,399.2141721290934,397.2050527737763,395.6536623131343,390.9740522679313,391.0285725716956,391.5245083997353,389.2427443462508,389.6358655851094,393.5202312208634,397.56519442577485,401.01320854866265,404.8222419470789,413.09737730372063,419.4476695443716,427.65520486987856,437.29853666017164,447.1325316075257,456.2698591654555,469.57317405343036,482.7742095631574,495.09246333397675,512.01405573125,529.0365946717945,545.0625966858051
experiment_375,227.0,226.6295904011056,225.83222824833734,225.5932030947513,225.96839751107018,398.4209220826691,398.8790374477618,399.35790623737637,399.5305206262345,401.32024147450284,401.02444461390445,403.3640981926952,404.048518271886,405.69909919649285,407.87056294772907,411.4626847783763,411.68036484491,414.8874521503706,418.93325786514544,422.0057845741812,424.6244086520582,428.28397698342286,431.04877447057476,437.2279201011619,439.9129745651577,445.3044447904542,450.0219783567655,455.0582364178431,458.69136598494043,465.5168616539039,470.06059650370224,477.7600511230216
experiment_376,227.0,228.6444848933495,229.68355234147393,231.20347536303612,233.08263854212902,402.8883677699826,406.3997542631859,412.420114029525,414.37818310133434,418.63633885531357,423.31397285492227,428.3578028833313,433.3268371603427,439.852661439629,445.830241342504,454.12286587761116,461.18029603736016,468.9031190692301,477.84686508888245,488.56101559199146,498.74505512672204,509.4845561550113,522.138519879657,534.6579496193408,548.1446153646358,563.4541668080853,577.7074572669519,594.2376330480317,610.6466561878681,629.1041579448455,647.7065150491571,667.1686404996494
experiment_377,227.0,226.90695917635918,226.52356028023362,225.94359065450377,225.84186592296226,454.08078417164137,454.55476517460306,455.0589879256071,454.19329240543993,453.82222871178203,455.46792074534056,457.800122239799,458.67571901613223,457.71427089231395,457.24020525510315,458.68086488336974,459.7995627709851,463.0594188519211,462.20619991681104,466.39859974658066,466.94943775235487,468.48405772615627,469.0193888762095,473.66058983001045,475.43430582859696,477.29833190085697,479.8973536838868,484.29357185819924,487.0673131668563,488.58199539982,493.0234206922808,496.1185431480566
experiment_378,227.0,224.22128103689062,221.48462062511385,219.37177291791878,217.82017227675354,413.30837251601054,411.0912222587,408.59701886331544,407.5531350767289,407.3557284057801,408.13100435420347,410.41757447784323,409.975833369286,414.04868159633,415.73237693638373,417.71778014643803,422.85924779342,428.0233016605655,433.87480081936627,440.93044996637195,446.23700580294053,454.7462971913681,464.30322160001407,473.6337686457822,483.0405846991538,492.77876342838846,504.2330962209188,516.7113654252282,532.0766148717593,545.8514489317149,560.0998832078789,576.4869752901491
experiment_379,227.0,225.40915010357116,223.52798365743567,222.2082555472475,221.26652557291362,402.2202096966892,399.66265095198537,400.1797214195799,399.75151828213194,397.544837311402,398.97188147911373,399.4737301591207,398.60651139498566,399.62971405928675,401.63007005346003,403.55469733075824,406.6347084682026,408.5439856297922,412.6279547649548,416.0202711338593,422.08797274076346,425.2129890383942,431.0069342712714,437.020376808618,444.0524874233431,450.14197102577697,456.61891001448936,463.933041629319,472.40553740640655,481.7308358396171,491.1626218079074,500.6978726725148
experiment_380,227.0,226.3504642087853,225.00564972019228,224.5169485007538,224.62906590938195,467.658911037596,469.4845710096393,472.88430461609073,476.11113453576024,480.25633406722477,483.62362216256815,489.72225638854036,494.7414295765369,501.63561572587963,505.0201408703726,509.67513670385506,517.0340169501371,525.3200967805981,531.7451581181473,539.0594882849115,544.803823910682,554.8732333878831,564.1185211796593,572.475955084178,580.2566025304629,591.3436563171273,605.012865973987,616.4402271939529,624.3950438927188,637.2508293377074,650.6425801852895,662.6058863854194
experiment_381,227.0,226.83046046382694,226.47950652769154,226.47500999153795,226.99110476882515,380.0132930250607,379.86014922917184,382.5746080622867,384.14397233674475,386.2594872171314,389.32586828639455,391.9040836469252,396.15462512001227,400.5171432927228,403.1357039798322,409.2858555565383,414.7860836287272,420.23911055676996,426.7734266067372,434.0324750586723,440.8566839495091,448.8044594331169,457.51663302706635,466.48627520067595,476.31856673161775,486.9792265814335,498.2970189883301,509.90388271091786,523.5169394561987,536.7525238388937,550.6871513060667,565.2221260502429
experiment_382,227.0,224.40427648602648,221.92584489977358,220.03566100619372,218.70471496073725,409.8320604572824,408.00220282588606,407.1229606895676,406.96861840768906,407.97135704195534,409.09413594681473,413.83487408303415,415.81450860988315,421.5686106098548,427.71967417889596,436.01074992171084,443.599126507257,452.8829692401522,462.6483710569774,473.52252402086333,486.37887329511835,499.3436152179891,512.9935107614644,529.941971481668,544.9511650798784,562.7936227948238,582.6739692752684,602.6969338857028,626.0117060930843,649.702253962981,674.3697715779766,699.5044612397007
experiment_383,227.0,234.41164248838254,241.4700210600352,248.73707268305014,256.3524516449143,461.4356824990949,473.6179344028697,487.40019724628297,498.68196630518224,511.26816947103976,524.7081943002225,536.2633281950411,548.1219643275882,558.3745746886182,571.5406944049045,582.4199985290581,593.9050351376482,604.285991996874,614.419349909094,624.831977015964,634.6334622688764,645.6535186409997,654.225616392505,664.6644880841723,674.7577190716364,683.9731352986032,693.1435205892138,702.6000161947464,711.8972166517847,721.3836196824901,731.4271332097969,740.7053968716363
experiment_384,227.0,226.59130377363985,225.86645254405425,224.97477066148542,224.70180695288968,465.7417178074784,467.08511616917394,468.8888506351535,462.0895210787978,463.4281461037141,463.4402061017969,462.57988254179423,460.51632052862556,459.8048372644376,463.2343134626701,457.6623674974128,461.5895594347099,461.3008488325312,460.68659847660484,459.7464856362395,460.41017451321835,459.05725831863583,459.0199229966205,458.7048584868332,457.93514632878066,457.8769030923469,458.15870103936265,455.63191172202613,457.82367407140475,457.40734300485195,458.36603382218186,453.3013520305643
experiment_385,227.0,226.08091276126075,225.1082042174478,224.22420138428595,223.94706244371784,425.59825734431996,428.3394008157801,430.68861558751144,431.48395834593947,434.5776000907105,438.0445090802353,440.7569030961164,445.965663055865,452.20652799632495,458.3225562886697,465.12007860679785,471.7894738226962,480.22994877185323,489.4995998303536,497.7879620968074,509.256339612647,520.6494193641574,530.840271078795,542.251478315257,557.2021650708743,570.3851233211749,583.6601517891266,598.4705423040906,615.2740476553853,630.0071382959054,647.69203761307,666.079732958531
experiment_386,227.0,223.09424775040662,219.3947533836474,216.22422868846206,213.41596503487256,438.75320427820174,434.5198573523166,431.0161131069789,424.30727632788194,428.2461515697164,420.87694014448545,424.6441879322967,423.859489605966,423.3409952076142,425.3034454781123,424.026068851445,428.9014234966714,431.4588870879853,432.76161490428564,437.70303315927833,443.0267119973262,448.90500230019927,458.07065413188883,462.9355948634503,467.2069573996034,480.313351044243,489.54410080449276,496.48982379150635,506.36029998053436,518.0694822674801,532.8175432309035,541.7123767508781
experiment_387,227.0,226.2311954156341,225.41708910183164,224.92961829817625,224.50573036157783,445.80125143178896,448.06354007837615,452.2355438523419,453.25937443481996,456.2649386875135,458.9114619237973,461.7772440405158,466.3453492112623,471.95227732795223,476.9903537673313,481.7449751746247,486.32298686982705,490.2561266310827,494.911254648861,503.9702526971223,509.93134364459183,516.961536770421,525.9512778456617,532.4438695286705,541.6338530038896,550.3165160630225,559.45725842303,568.6260571114401,579.0917617541292,588.7085869106004,600.0482359137216,611.0479380935465
experiment_388,227.0,224.33326330002006,221.66992430104693,219.35275495614127,217.3469712563384,444.24545427999993,439.44649052186514,436.0525217143725,431.92536518098774,432.4712149136392,432.1798960285814,430.4946576029844,429.7944742757926,428.4338519666499,428.7521346694671,431.3318213406694,432.38830993576425,434.96620793415326,437.7138311148623,442.39654427429684,447.855652595034,453.2554939090251,455.35060065824985,464.4178763918502,471.6827166004037,479.2390997351885,489.84423959225603,497.72722239938446,507.49365832679797,518.5744239381559,528.1032571536927,539.6049247398873
experiment_389,227.0,224.4314396350167,221.34743010387712,218.82982179337614,216.87258992162788,446.91820200875674,443.96862706861344,442.9606580160348,437.4341243035555,436.227510361311,434.50359095060855,431.20217029957035,434.2296587843275,432.7122792897465,432.21784056874327,432.2997658237278,434.77887988337665,435.55866404920926,435.32805196925597,439.92267837540567,442.19775268206166,445.2724493755342,447.9426854440504,451.0350654057507,455.21761291571636,462.32957233868746,466.9304797671455,467.70545179415427,474.96139202863293,482.86966310398236,489.0213366728792,495.62267057939647
experiment_390,227.0,219.90475881594762,213.30647718518077,207.77318193366,203.48830804624865,360.5448287414743,353.04876751275464,350.48548428914273,345.3051027101592,342.58931165993386,341.5036965243732,341.6194549338493,345.0301774776045,349.21470643496184,354.0335361553279,358.858375995299,366.41542011819035,375.4280114815411,387.2342236311434,398.4271897988183,414.24359939577437,430.0267489800305,448.4605887000143,468.3565163971034,488.60903830889856,512.0045189223491,537.7494373043174,565.8185342982395,595.7188450504219,628.7279468237765,664.0174873904866,703.0592104178022
experiment_391,227.0,225.04640945704236,222.84501589034988,220.6597416467462,219.21875509716637,449.7801607686472,451.3504353044003,449.3860721863311,450.7132234173166,450.6931122301459,447.11109474612806,451.57710555109315,450.0748653402756,452.89657589385297,453.5163731423717,456.99626687060186,460.4380240004571,461.18087018216727,465.24438871184464,469.8026205082982,473.11749641337093,476.78333851207856,480.2243396239284,485.2941338378803,492.98830846651157,496.8814333897525,504.3312405400341,515.0519260318441,521.9242322186905,529.1073400218464,535.8481543508608,544.7583064009167
experiment_392,227.0,221.79315639642098,217.18574618432655,212.86383471112322,209.5800320267728,432.018642161553,430.119723442486,422.95773026728807,423.8871568995472,419.7855229704163,417.9859758371898,423.7403922231213,424.49657175052255,427.7265894677672,430.8655437192976,437.0288197432448,443.5460178130625,449.2966789805722,462.51178406129213,468.8078139634865,482.8382908381014,492.48757461201694,505.8941096139355,519.8113825371986,535.9739931382646,552.3528532027359,569.2318978625595,587.9538651351994,605.6280805073532,622.6103255559444,644.737652897578,667.459090925909
experiment_393,227.0,226.8842238494321,226.46554111931144,226.37634581394718,225.96500350942563,466.3828700160015,468.39434203739677,468.29178673302346,466.4389310431441,468.68868441769405,466.69015089102606,468.74209629175505,466.54495863692756,466.5803395307249,468.8959693533598,468.36608374235414,470.6370842325756,468.6701907281911,469.29829895252493,473.3291319038416,471.38662312878404,473.1112341096525,471.3881646609872,474.0965262371313,474.2745257711105,472.35789988164527,474.4313695518308,475.3493287595426,474.0953740039488,476.38243840829404,476.150423878549,474.1893900917381
experiment_394,227.0,228.01946503988688,228.48089949257604,229.78246921586293,231.83322923690238,468.9690685154051,474.68692405881745,481.08404888191797,485.96394727578695,494.34629973197923,500.504336255197,509.33702534666395,519.6771703680773,527.8293397921717,537.4781777669909,547.2691214015741,556.5174628107443,569.2384751780935,581.3734141683943,592.0737549278472,605.6494102938519,619.122866983962,631.5173591068005,649.5129549234155,662.3327187359844,677.0819516762851,694.44626375816,714.3506365480401,729.4950845989949,750.5741505821077,769.7315379039419,788.4955486132301
experiment_395,227.0,230.16048509780344,232.6609024207769,235.69643477646684,239.18544297777532,423.6728935021721,429.97669536808115,434.8950349534053,440.2866330857758,446.37578469023333,451.5439848404942,457.25171818044373,462.47033796322376,468.9493633722164,475.78130464595756,481.76835622903116,487.21669155359086,494.7507943739666,501.02300597109786,508.53576299503436,514.837236904945,523.0409084878789,529.7886160097116,538.9550082372308,546.2977966538526,554.4695350392147,562.9496089212424,571.8000701102732,581.7712253060745,591.1444903285692,600.3794151838184,611.3369055898837
experiment_396,227.0,223.8639628842025,220.88971141203896,218.39544004798722,216.36948702391715,407.71780791985816,406.86912508944863,404.9259895930112,402.3746216073008,405.2216216949881,406.25275527299664,404.78820234538637,406.4377869513218,407.6990155689904,410.1952688956143,412.39704167986156,418.3561842808205,421.5199679401201,426.529669160703,432.10277896046216,436.70161200619464,444.32705373421453,450.7083945036908,459.4776846786274,467.9621392310192,474.3138176124581,485.7629728243212,493.56923426652173,504.4415949854316,512.4790866923795,526.2044201329991,538.545996027975
experiment_397,227.0,228.2980898400575,229.06701783152494,230.37195018432732,232.0311758827881,427.1403078742982,431.64262334105405,435.7796965995014,439.8680187111605,444.4520070593473,450.0125214279517,454.998236233494,459.5396974524906,463.998119606903,471.12054016232617,474.5477944579628,480.3424107809864,485.77104831627236,490.8639536717152,496.842709492773,502.01086541485114,507.71558745222836,511.3920147358645,515.9222372877148,521.3151711551864,525.7557094793352,529.946296133326,535.0374927253317,540.7667331019891,545.0110306845825,549.2202951014733,552.4186691110565
experiment_398,227.0,224.96354072041683,223.01056513746462,221.70714385995797,221.0819480066058,368.8575579016206,368.4685215497613,370.566932723966,372.3330357035738,374.6461229754885,377.9033119715419,381.7287508638744,386.835764492446,392.3393882304449,397.9985834489538,405.02521408104053,413.57833341287034,422.8730990899085,432.8841190228025,443.8276415157307,455.38466428473816,467.90923161249333,481.27000721073097,496.4481754956306,511.47652309150783,528.726822264361,546.3163837958652,566.078034610793,585.6748619647808,606.9503256693129,629.1899223956964,652.6850181682821
experiment_399,227.0,225.0479092122318,223.17260483020422,221.67752485278498,220.68012584441917,456.5248692532549,455.16760029532185,457.0550597478875,450.7747390717664,452.84006219785664,454.35972418262094,453.56765448144114,454.8565708612452,456.2328642387581,456.4074497844242,461.97980321805784,461.3810367912693,464.00371633789223,469.21985578154766,473.6668412988199,480.1509405820533,482.37480969393033,488.32466164384215,493.6710270950662,500.5884019755157,508.43707608598277,513.2484737762305,522.2894620984516,529.5826079767,538.5117698643186,543.3711944632515,554.4328709079634
experiment_400,227.0,228.194628924931,229.03516896746453,229.95495364371016,231.5890097331826,451.08698802342377,452.45691178450477,457.30742110123856,459.86840984234055,464.2253988288015,469.74245291723446,471.6097448083386,476.5280048395944,481.024846608863,485.2647192576413,491.12922459229594,498.04935298272807,503.5610541917701,508.0080277882714,514.6466068337912,521.1627736322894,528.7392460956945,533.3346967773468,541.494195446716,549.6094919508156,555.7066273880155,562.7549422635167,572.6897940439019,578.1376445170579,586.3636752903071,596.3654410773479,604.2454675238542
experiment_401,227.0,225.41195307641962,223.72300649074128,222.3602606553426,221.3320232711119,375.25296303332823,373.12372916000606,371.450956209796,369.6761695022914,369.5448914374155,368.9359105910056,368.4730115479059,368.8434079720793,370.6657253342331,371.0918528879081,371.8384278654742,374.54720227818353,377.631283276628,381.1939864304784,383.6987073660366,388.5600400450693,393.40717065309076,398.1043561089434,404.4813915296439,410.4431894051004,417.57909989116865,425.0448803201676,433.27668469105555,441.7514153085919,451.580356023808,461.52911445012364,472.7028476265204
experiment_402,227.0,225.15212922450698,223.2511939428805,222.20677295519224,221.98368154546904,373.42706481630705,372.83010152951,373.9394571345111,375.7785766880788,376.9520725237872,381.03379693961506,384.0084732785507,388.5241877533004,393.1558641023279,398.2394136961831,404.1037414333323,411.45909180065104,420.08011172190254,427.87333539125905,436.59773515561506,446.96832177513744,457.85925908301783,469.03823956589423,481.75955003486706,496.2844933116869,509.61035453398574,525.4591467790443,542.1517494741727,559.8773593971397,578.8694434857573,598.4733055956498,620.2942461584906
experiment_403,227.0,227.774281081354,228.17840355228753,228.57885583960882,229.63322598249107,475.51790380738987,475.3762939124366,479.96466422417194,478.3923935978907,480.2094833533582,482.80922796430053,482.457703309391,486.1468901890074,486.33395595256,489.5180528954107,490.4293755098265,488.65309323530124,491.9596002206102,492.05897976454094,491.48208677719657,492.1719132986453,491.6301203389482,495.26936570744573,493.38725699760903,491.2166216612941,488.60673058290115,489.9411254681983,488.5986918242416,486.9713719879277,484.9270415779026,482.3656489973447,478.6076595689586
experiment_404,227.0,224.37189840616097,221.40886667392886,219.00324573743913,217.29477731038938,411.3920429538387,411.188111905632,410.5826417507499,410.6358704180681,411.62388444688094,414.00820361109805,416.81363980616663,420.26319205378854,426.53283219272225,432.1450981011948,439.4670380970967,447.9511199442145,456.6933371678321,467.3691110496305,479.28394920581104,489.6531085211139,503.31111434851414,517.5897298637353,533.9479350001603,552.6305514660891,569.0456671582906,589.824980377247,609.6137492407248,631.9178749584776,655.5470155093966,682.2223240676021,707.271794467057
experiment_405,227.0,229.282364562161,230.94032214747006,232.99417308780937,235.46576107913606,393.0106086636013,396.34150094883665,400.85467415653955,404.7674871791132,408.75348762329736,412.28796735890677,417.61003256549395,421.4807300658546,425.38240379849606,430.39697244746304,436.1122165921294,440.856307514067,445.87559343193135,451.4141831712836,457.7412336620253,463.66707811944207,470.34829806753896,477.40381188677924,484.5887285518938,491.606699541737,499.1746299962153,507.37147288250446,515.6144613330505,523.8270014135386,533.0856606987587,541.8453738177834,550.2930665573256
experiment_406,227.0,223.8344561617891,220.85121141688455,218.46993826163393,216.5668546116764,431.2668263052373,428.93410517245906,427.9553092737116,424.10609631061516,423.8360627596359,426.35552197717504,425.1765358329237,428.599219732462,431.382381231891,436.6714723359656,440.50307581062873,442.03979899548574,451.34083863527985,457.94452144855717,465.8274319841573,473.0228798958785,480.8440456590981,491.0309963305198,502.8183462190099,513.3318933946925,526.5842117834209,538.286022245304,549.4921197248096,563.0280772156291,578.7012940010885,595.6437171285442,607.7323708587188
experiment_407,227.0,225.20809759369365,223.4882599673685,222.26743448241848,221.49947758336276,434.102031482293,430.6474638161528,431.0694124118275,430.0021390077053,430.06564815117633,428.8802977687021,431.4004498203207,435.43436622005964,435.3568969435943,443.22425833895863,444.81974609471695,450.48970101204236,454.2562958298494,458.66490408120285,464.946827631465,471.012850586136,478.85294382373104,485.82419247086176,492.8035425696969,502.01547689004616,510.67658839576364,519.740867304576,533.2611728749349,540.4114359293343,552.4430001439773,562.7723320820778,574.2556986857136
experiment_408,227.0,226.4161287112787,225.81509170532684,225.39341177927446,225.58425126961822,416.54868015095394,417.7389021516063,420.8548963701758,423.29523451198827,425.8688248819852,429.4879127900652,432.72281330045246,436.3627505406014,441.70893655182215,445.06771919862115,450.1950786341688,456.5329242786795,461.0092781311757,466.7526088110821,471.57027510513143,477.3082295135283,484.98513753183033,489.9926980434215,497.6527493233494,506.3241055940836,513.3105018535974,520.7846545740535,528.874365994036,538.6804060726662,548.0235278441965,555.679640459871,565.8399309711417
experiment_409,227.0,225.21599376700777,223.17938708627872,221.87587462095343,221.14108407431934,416.8912509066851,418.21918931805726,418.77174215620147,419.23611474071333,419.71412261348434,424.9417350392297,428.00319655491245,433.0966186021474,438.25162084353224,445.0316196795035,453.202145385122,461.98679244323597,471.1139873172861,480.3583260869361,492.3898846108187,504.47852821571627,517.5993571597573,533.8397387146614,549.1814368189756,567.6813576333471,584.5349591704526,605.810410169672,625.287808737772,649.8983213358001,673.2732374438486,700.0176751814961,727.8251424658396
experiment_410,227.0,224.48262721315345,221.93951750024422,220.08107883346213,218.65852025716708,411.24291618200255,411.5195078348645,412.49489760794654,414.71660691740016,416.41185709737556,422.2423818726114,426.72266092846525,431.9400196733881,437.53176451647215,442.5595849551567,451.27690491626817,458.90734639850103,468.3025445619195,477.8940730691567,490.56876392162775,501.4286132030825,513.6223047797636,528.0118866890441,543.6546775970934,559.625783199824,577.7249320621357,595.6107286611867,615.6741590855034,637.0550547032433,660.3581086424298,683.2085455287877,709.7079736722319
experiment_411,227.0,229.89154845037677,231.94160250853088,235.01813993938094,237.9877720095453,509.01625708973893,512.5893821014987,517.4971768122565,524.5610405379035,530.0868672659283,539.4082590322066,544.9136650184471,548.9124113586439,560.0653690049401,563.425518592615,570.6741392051291,576.6444235096566,580.4821587189448,589.6069094223079,598.125936956778,602.5957529122823,609.5216757826516,619.2689943936833,624.7062725209673,630.4651813633993,635.836999222604,644.1618962007551,651.8254164456437,655.9669613382376,665.3003644580273,669.7638725608621,674.6505227521135
experiment_412,227.0,226.32083020558184,225.15910181393627,224.29065643257695,223.64073666588894,377.5937207285047,375.67478529078824,374.44663626218784,370.99263512823813,369.8510020404337,368.8431316476283,367.07721372380405,367.339813250506,365.58522648882877,365.0130065001575,364.94891138586274,365.1912873914292,365.3632347208571,366.45056908752383,365.03066080604765,367.39782942203584,368.8592350004197,372.4971553155429,375.29416955498334,378.66037986185773,383.6201076876783,388.4825091075631,394.05183644657507,401.30918020639785,409.7677329960785,419.5005517135569,429.0040919362401
experiment_413,227.0,223.18620091917853,219.21712977951037,215.77021567799548,212.8161640503023,373.4717554474988,369.65598546166603,365.5094630911129,363.8920843213934,361.88887860768693,360.1299780209191,359.5104362416247,358.5011519467126,359.3361493250994,360.0795234413234,363.1065101343483,365.2866557194092,368.9210594603786,373.56942819394953,379.43450170878566,384.70670638353903,391.96411077812405,401.1616614888975,409.78579623796725,421.1352229860895,432.8428237610363,446.4746522839007,458.82673378333624,474.19831981702896,490.9964961200085,508.7055367637824,527.5392536670931
experiment_414,227.0,228.42578331803665,229.15839608055077,230.41063626109582,232.15792977097863,468.13912104316967,473.48046510278147,478.9962009166868,480.6701803524806,485.6950239733863,488.95232735113365,491.00570762972956,494.0157982020939,496.4093336976509,499.4214993243917,505.37879335679986,506.64310846613773,509.1254223554185,508.22699826172004,512.0247724933251,513.8281634347909,515.0789264715032,518.1418079883437,520.5447897643237,519.8220984110786,520.8576500950057,522.5635302508219,525.0891355381439,525.3728501343664,524.3163020944983,526.0497283142695,526.5333558119041
experiment_415,227.0,228.8996475744792,230.10578729002492,231.72653068020338,233.582033772606,426.43271561116285,431.1466516239683,433.5880514912541,434.7025536316341,436.2818898277009,438.215782763595,439.24085721056343,441.05842032702327,442.0564156978416,444.93917471832344,444.35362388823984,444.8250163524219,444.19675816413263,447.20765078213543,444.2762317038813,444.7546251101121,445.276020322327,445.2921115845304,447.0849439331282,445.9407294551824,444.904055797814,443.8885606537283,443.85902047151257,441.8707309131759,440.67971630452263,439.792225297835,439.3480402227395
experiment_416,227.0,226.24867944367674,225.2772705600684,224.88446461187027,225.09773530004864,393.87273137126414,395.1321435395692,394.6510353557796,397.1947635048674,399.04196523374304,400.4795071956313,402.5210772935278,404.8160655007622,408.4404069159022,413.49182032975614,417.3531966797008,421.6989208455431,426.93206532187696,433.72093745808746,437.57761659245864,444.1693833035505,452.59762833917483,459.7587363544362,468.88100736406477,475.9820820328887,486.85259351424224,496.90924653777245,505.6940908803605,517.1894927392271,529.4507291916071,542.2695195932312,556.4461595352574
experiment_417,227.0,225.17487367551806,223.52616597069363,222.9008275472101,222.84309931445816,438.15236302612794,441.32188809712363,446.3429344361829,451.7952514236387,458.55658298055994,463.00020373911235,472.14929435107,484.05779774768547,494.0134111707789,505.6990155463939,515.4924053155504,529.4469211659756,545.2807776295313,558.765622836222,577.0656498254392,594.0104919288706,612.1373073060473,629.6303013998624,652.6976724968047,673.4104583526198,697.3252731225454,721.2845673861581,746.5070016020018,773.4477114969997,800.6532528015614,831.493563801357,860.3462527735164
experiment_418,227.0,231.166619864891,234.47145455502277,238.4400021821294,242.60506390896668,465.75836204829085,471.75857341600283,478.7199639496206,485.74071248166456,491.9858552154051,495.9985680366897,502.14747421066426,507.9704563025502,513.1966022632912,518.6678720604099,524.9947829411255,527.578695189536,530.6889374383653,535.3400180344152,538.3429085126506,544.8161709482613,546.3001884709056,550.7151260581462,553.6818702880759,555.5330333708968,558.4075596211525,560.3776948634212,563.2525444886261,565.8194101101244,568.8989210130161,567.6117898927854,571.7700648870747
experiment_419,227.0,226.1502878836461,225.02523006803057,224.27259516321323,223.87730303825234,472.08765465621514,471.20320510154124,470.0022637270458,467.15647260376915,467.1946569768069,470.84088344788506,474.21289253779776,476.2323223048784,476.1588810239968,483.02691203648084,484.74255012760085,485.5212829764446,492.68233247525916,496.65622353873766,498.0857499763454,505.07737662020855,509.401368418501,514.5040013031254,519.4552281420388,524.9858097732695,531.4365881553621,537.6699712292493,543.4900550020722,545.3958294515458,553.7993791993463,560.9804935224615,567.2754721124852
experiment_420,227.0,225.27300221683652,223.33792939898655,222.23890807158978,221.87800571666307,428.33369530561737,428.95695154700104,428.3531895546848,431.0174168578412,433.5008135121634,440.1248889519479,444.1537203802126,447.24976590667455,452.7001758527138,460.3305549241552,469.2852934837664,475.61076465792485,483.24857115370736,491.97082983575905,500.6788032093027,511.24250062555905,522.5516780336058,532.8774191748307,546.4507955898152,557.2085096570789,571.0911372968724,584.1656855493586,598.9445865044154,613.9665297199274,629.5295590514054,646.3127288915595,661.9870830704278
experiment_421,227.0,228.44031736277995,229.21509919501517,230.52450932582195,232.160479959096,419.30443182448215,419.7932631072057,422.63516513435206,423.0976829706306,425.4392259152237,428.81905786568956,431.2765170476705,433.9034695856761,436.45599117617496,438.95199425619376,442.30758190456413,446.4319428634727,448.8252878257108,452.605171995254,457.25696490474115,460.8280264395959,466.12494230331345,469.62314497134463,473.35708981822677,479.0767918049585,483.2639906226471,488.4320867249652,493.1627606605766,497.79457573520455,502.5866372967684,507.4022029445814,512.7795709186512
experiment_422,227.0,225.72007918122495,224.24205796742098,223.34027108244854,223.03561768127724,463.52074540440293,465.4304131829475,467.3100371338563,468.66442095026406,466.052947511445,469.9482581056416,475.86587296335256,477.32817857706783,481.1068256727642,481.3361870557035,488.47852972840263,495.30528105620243,502.45286234504795,503.9494631261856,511.8058969048518,518.3017841021743,522.3638969036938,529.8177785056489,540.1075601268168,546.9217165321398,556.2819318422344,566.9595627373699,577.5733227724205,585.8568964832375,597.5848842707802,607.8558218756564,618.904420139135
experiment_423,227.0,225.42070099793943,223.61162511849614,222.48994665477863,221.7734165276732,445.5840897082469,446.41034474325176,446.7647546460731,446.8658800070147,447.7754106670689,448.46049636505666,452.9191904973486,454.69654461434226,455.6100291685641,459.9025525239837,461.3877470536941,468.4356209297179,471.46497084922777,477.8439500772185,483.77567860071315,486.92129103091673,491.495919548988,498.4850714244614,505.9631149651409,511.85286261560566,519.784597927012,528.4038689044661,535.8533966729653,543.8508140611012,551.0755781660594,559.8977624967104,569.524967963025
experiment_424,227.0,225.65502000527613,224.16486273950525,223.35684597573737,222.94132031785767,424.21885563397325,425.62652977157575,426.99063373619987,428.5506176914585,430.1066335370992,431.87955005161695,433.07258860898764,437.97609498396764,442.20318082259513,445.3156366345431,450.12627190684265,457.5475101151657,461.37995616822224,468.5270618448378,474.6283680615285,482.9458317049426,490.2618308186582,500.1431203816192,508.59369641237464,518.0193419857726,528.5324138879027,539.8925346390118,551.475649309586,561.0400353169211,574.1259803765024,588.3396952779275,600.2888650105983
experiment_425,227.0,231.51157512867843,235.34690789467265,239.60590969010457,244.40934593930598,411.0219805775649,418.70243692892853,425.74941940173744,431.997213897263,439.1565200262639,446.1386968523511,452.67977648020667,459.24933478504215,465.0248299082926,471.6635213242555,477.87859402569933,483.72266922289543,489.8103827148781,496.25127973694254,502.2759414410875,507.3081409055027,513.5631252567757,518.707343690723,524.1529180165273,530.0134661010693,535.2411351846351,540.5488017564634,546.8518127469622,551.8982024376479,556.8308740664379,562.0936506293888,567.752236077567
experiment_426,227.0,227.55238139421846,227.70198894063208,227.56012218919741,227.80226043218278,461.96808555091604,460.9266937268672,462.731578164055,461.115048397296,460.3317984903315,463.5501304113245,459.09911504445165,460.4195413432908,457.3224355162886,456.80885180529657,452.85760011575024,451.0687935623151,447.30063571568655,446.09286776689123,443.5005354692812,439.7855796436633,437.01846802382914,430.20967470089704,425.7899816157323,418.4256847455,412.58116711804036,407.4685872507449,400.45146450293635,393.8298751870485,384.97830241351693,376.6406408996966,369.42054983627054
experiment_427,227.0,227.19025148452033,226.51009122188867,226.50302852361128,227.16450983714805,491.3790080111569,495.20754452167733,496.57443856243964,498.4523415783973,501.55312395272693,501.5060322007879,506.432960452121,512.2577384503415,512.4336446942807,516.1092802552274,520.3224747679075,519.8985715781815,524.5187662754003,526.140874665026,533.258327866836,532.26848676687,533.9987333464227,535.9177116202386,537.9194086553483,539.2362677601346,542.5764273687635,545.5668294920246,547.4688281337059,551.0759927619902,554.380119186673,556.035892010421,557.1867936774117
experiment_428,227.0,227.4170321841745,227.30386567678977,227.73039285480604,228.49479842883534,437.80503613729036,440.3834251203224,444.3470871097881,448.10523472895517,449.7621364937384,455.44055947032064,458.2901496730206,466.1200645049582,471.3047114162363,477.4213218741477,484.5820318597317,492.24833212348545,499.6414017998897,508.9872364340984,520.5429698268158,530.7161169960091,542.1278343812522,554.3616750365846,565.9029158375843,581.7441716860527,597.2160108278724,610.1365382567162,628.9726000412991,645.4695702426219,663.9524225536964,682.563042541388,701.4441379729863
experiment_429,227.0,226.77858532460286,225.9940552403607,225.9107769260525,226.39309451941,442.4531829733309,445.52342756408405,448.78994744255533,451.4583708582599,456.69359701900476,459.8205773643786,464.61544016066824,468.9747622574986,474.28293633016864,478.7695978845042,485.28858665754933,490.9947720355572,496.8380174362273,503.2578482100913,512.0160944896767,518.818347043412,525.8456809964117,535.7790428737671,544.3830099196889,554.7736957803162,564.9723824872567,575.1898897570151,586.1603146189881,597.0451305409607,610.5167943655615,626.0146322993741,639.908986212229
experiment_430,227.0,224.45749538024995,222.21400212126176,220.67937858176447,219.816891592001,404.83942788262345,404.7020842260322,406.0363775987061,408.0577019147428,408.39732575438256,413.6848230682151,418.87389154006996,423.66570601942675,429.44246956987047,437.1700490551448,442.5942325173657,453.8383512605316,463.6903979288523,475.09071806404387,486.71791097760064,499.36106300027006,513.5954363693575,529.0010581050708,542.9488623477888,559.9734262321668,580.662253265266,598.6446656698765,620.0859185057495,641.7391517222892,665.7911127626961,692.4546093928973,719.2060281126342
experiment_431,227.0,223.5887658581397,220.43909180421775,217.83420309387043,215.6423157565851,431.8056299187842,426.9047494259593,424.72323071937416,420.0943726247691,418.21204848922736,417.048050684172,418.64971310793806,420.6927724102038,419.1384813927038,424.4683703100032,426.3918645541547,429.90594054880194,435.58828125536263,441.0847985978112,446.4380959355474,451.10349515321155,458.2788779260381,465.6742453796915,474.93791043763815,482.72296566429964,491.7994689843068,503.66903908278584,510.6486969810136,526.4537502174936,536.2686353835512,548.2725005815821,562.9561089088851
experiment_432,227.0,228.30230086671685,229.07245516006458,230.01795053843935,231.51000678096983,415.260968530009,418.51360690916874,420.8415049927811,421.29505949245106,424.51751380959865,427.10613769611535,430.7001786716788,432.95424037022144,437.3882369300633,441.24552412371634,445.04569350487196,450.5895025139947,455.7500195437331,461.80552629753754,466.62128815464877,474.2230044321818,481.23369028040275,487.522395341396,495.500822642505,503.2988756792251,513.3500891837454,522.6816217421352,530.4383834231106,541.3371231754838,550.9646000119561,560.8637448543515,572.3608007939489
experiment_433,227.0,228.0289953216427,228.30661858642802,229.08014704094626,230.18150382318538,458.35366590948456,460.7780829739221,464.157093342085,463.6993907082202,465.6808388466728,470.52414067975496,471.41450901717366,473.6884424440062,473.0869414945488,475.9925168071722,476.67819129172375,480.64888461857464,482.1342533236994,482.90812185695444,482.4119281913627,484.00231375156005,485.46299845861427,485.2855367911164,484.86221690986446,484.91840388395997,483.61910674010755,485.8620880837657,485.5653546288562,485.6442456765616,485.5473835321848,486.307607766079,487.5158179310216
experiment_434,227.0,225.86766415379876,224.27092229280814,223.16062566230386,222.47158041836215,377.9924995946754,375.85265904772916,375.6857283258104,373.92936102253304,372.978407113864,373.480257971739,373.56157251106623,373.09224830711173,375.0099057254843,375.8798621905171,377.67437011724945,380.3560805368462,384.09872095404063,387.32666816110736,392.05690867770664,397.0781845124746,402.8304076065324,409.1586960550048,416.0112254460794,423.9870826732996,431.3754790597662,441.72223424902853,453.02465670191634,462.7886102577899,475.3295183834407,488.12504840118754,502.80776529483546
experiment_435,227.0,224.0480196440297,221.3857794140203,219.72331058522107,218.9938062715279,377.825619586912,378.33501252618373,378.50290809751897,380.80881536924284,385.1383384480557,388.85066699983656,394.60995168822456,401.81829391137467,409.6909002169602,419.4773178382907,429.42029243747066,439.7448611901392,453.48155452574815,466.1499174547749,481.9349061943491,497.9945218518363,515.1952238889357,533.0506113593246,553.2603088091859,574.2173358014338,596.8588924040606,619.9012841373424,645.546322823158,672.9323652528135,700.2904870542532,731.3867040046484,764.1764686330948
experiment_436,227.0,225.5393255530867,223.97105596742145,222.58922535212673,222.00959479670604,451.1985976155354,454.0624730264513,455.63036348451936,456.028093902308,458.16233576277597,462.4867617899328,468.35493355205443,472.2478550611221,478.8986420784556,482.6002144701436,489.26389661247555,496.1819966992506,502.1799580769126,511.17887645651757,519.5299468121976,528.0565847706239,536.7243775008588,541.5910387965065,553.2785709913629,564.0736282651906,572.5150502038433,584.7520159658256,594.4157003737914,607.2454338364212,618.596730045742,630.8015176134292,643.5678214877718
experiment_437,227.0,227.18771125779446,227.28174983324823,227.36649712531172,228.05711751737908,446.1136127217998,449.8379368285248,453.93072804689893,455.9411260584219,458.38394809854464,462.37764348909957,468.0311465040029,471.6844480988775,473.6018150447271,479.5150635024221,483.18677704496747,490.6600093045204,494.206813019876,498.6630765891336,505.0890123823357,509.9470391877162,514.9907008546943,520.8759981607107,525.526711308604,530.7065861064806,536.6272172081448,542.276694903531,548.6549512107625,555.3786791557545,560.5499512428953,567.4665789770725,570.3717475015146
experiment_438,227.0,228.724799780186,229.89768492066167,231.4518865909285,233.43018999100727,477.6593537693424,482.9167422673096,488.3213467649008,489.45803485034395,494.7044537449878,497.69430572987585,504.71894922060227,509.8440230332206,515.3456377761473,519.5442982621234,523.9733080945149,527.7300611722815,533.3247951154691,539.6533208503786,544.7021005756314,549.5334679856398,554.0962034485807,560.4729827329606,566.7370355117516,573.1854754507898,581.042730290609,585.5486268642511,590.7157418429389,598.1620223019288,603.3312351292016,612.1562533397306,618.7958325012686
experiment_439,227.0,223.59823233226678,220.55576942943628,218.06198891747107,216.06476744618544,406.0011047145232,403.3405555523435,401.94180381271445,400.21049467871126,399.62814998846744,400.0833863930095,401.7894466833404,404.20511503798195,408.04136979644153,412.9449974805253,418.5175342946188,425.3457266492458,429.3319384124484,438.27356247063983,447.40729928059176,456.2033759745787,469.8174841671593,481.7948233703689,494.3357187650924,507.66057475456745,523.0610922932258,539.9526766385316,556.1548357628743,575.4581393631196,593.8111144472359,617.5060390071368,637.7078368928703
experiment_440,227.0,226.53963671546796,226.15075199679669,226.2492236412418,227.05488087775754,382.9862729377078,386.08266502075384,389.17303195494685,393.059598208416,397.7289263442701,403.4731477981033,410.25528743398525,417.40870140121217,425.4369315346076,433.86965818744324,441.99335741497833,451.89380519665895,462.3806714852357,474.0002958176185,485.39111741778896,499.4329939897783,512.330815135389,527.136851967947,542.3050517990729,558.2860881568537,575.0198576524854,593.4869167068841,612.3343131857257,631.9412514999098,652.3564479991132,675.4484593204792,697.9847074823489
experiment_441,227.0,229.4023958182728,231.35077031525609,233.766248588264,236.54649398503005,406.1853657303944,412.3306062666242,418.02301503598045,423.714976331669,428.8467311360597,435.3678482712061,442.2601935624205,448.453979595903,455.5693773215765,462.8423214373909,470.22075959604484,479.13832137628174,487.0577312553995,495.5949146378555,505.3225753045182,513.9843623902659,524.484264187562,534.2752682854602,545.6161389908598,556.5311665538551,568.156202131632,580.191047815474,593.3920075571025,607.1884451182808,620.4106625029016,635.5255311506145,650.4456037410265
experiment_442,227.0,226.92110913965652,226.3092798443963,226.32442584569344,226.75071749229966,435.08660387850483,439.3495770204651,442.1723939796599,445.56456163152234,449.3084481853516,452.1385700668434,457.34632222836166,460.6801338189285,465.8668297534596,473.37335645409274,478.03070312232296,484.06817634069097,491.58278833623115,497.4397497797059,505.64970624896955,514.1888905475088,521.9444925548963,532.2255173928484,541.1274742256516,552.997550216889,563.5700812947057,576.988852556922,587.1618146116613,600.8620825374395,616.8245496532377,630.4725244403484,646.5402557920282
experiment_443,227.0,225.48607746496185,223.58554553570872,222.18174688169128,221.1794725799011,451.0344041200194,447.161258630381,445.95155435024077,446.24825096234844,445.776986572189,444.25972766136846,445.6248117519002,444.7436836171146,447.56990359039764,449.19601388587245,451.78945894345185,454.24187449268476,461.8432456875371,464.6670046629931,470.5488317018697,478.2615134391353,484.47513334674244,491.5702225989355,498.6256409110552,507.17835048606565,517.8088541356362,527.4974260793089,534.9706727499009,548.5370870117013,557.8657204652928,570.8785067210134,581.292321963589
experiment_444,227.0,221.7871134350861,216.61487217313802,212.35900351796403,208.657040791687,437.39540281277743,429.4821757143361,426.80055874101265,420.46849583385244,421.5704434079697,416.36568500004415,421.7399124518075,418.0475149465031,421.23168899750203,422.923628212842,430.45909625540116,432.3080960305929,438.8141356083617,443.79113705714525,452.3975249832283,460.0160892227418,473.22265922644544,481.6235956671958,494.47467331960905,507.2681802902773,519.3552044278651,534.5555981039909,548.7297213955692,565.942187336291,581.3700930011543,592.3580704916327,610.9197838376448
experiment_445,227.0,230.37690066922553,233.15933126176785,236.3969789090218,240.10256441382515,408.22191662317874,412.9122059311717,417.50918313494003,422.4947714655782,428.3823691031528,433.43406859261904,439.60658050239726,444.30852533318273,450.606733506925,455.97449066122704,461.6249851034287,467.38880255300904,473.96695739050716,479.9886226831335,486.51572758010656,492.9526392466306,498.8214332534941,505.5856063207429,512.9328551427222,518.9902607452531,525.4342447893182,532.7690107899081,540.0205702173358,547.0659244983875,553.5587403388799,561.0042333989009,568.3981186115312
experiment_446,227.0,224.8904666145506,222.47709055487945,220.6703513986791,219.2273623996022,433.0018608737414,431.1264203852243,427.2928584183588,424.8646553096754,427.2149493337361,427.4340463989263,430.30621127346944,429.70471987209237,433.75118822252796,437.4536666185683,438.0633439814877,442.07039313506766,450.0552566639973,454.4934616113888,459.4194598181763,467.3408381014676,475.4285690272581,481.8926728764933,490.85575204920264,498.2780077176873,510.93583349109724,522.4348839480837,532.0568274347495,542.7458049163165,557.5881160923326,568.5384196448044,583.7359410884825
experiment_447,227.0,227.4333126893963,227.7787460325874,228.5124104860625,229.92584065779812,398.22550129447717,403.07282648415367,406.21035598744754,409.0589868442616,414.4867818546266,420.392484434342,426.1490001915096,432.7138513743826,438.9019881106436,446.6799273065676,453.9218733045861,462.21613134013575,472.9401793924434,480.64539119798326,491.1818774297381,501.66952286667464,513.7156191220356,524.9514867531716,538.1993774565059,550.220933251082,564.7098726229144,578.8799243370107,593.3305220772737,609.3124251585185,625.1533577007079,641.6365657038467,659.0227865705073
experiment_448,227.0,225.36305331484624,223.34736372572752,222.04295911041626,220.87737296960427,416.02477882054734,414.30894238329057,413.02493384641195,411.3811894664747,411.88173335880515,411.6369962977495,411.7719772315969,412.5030673350734,412.7826452999442,414.39047491742696,413.8181364296943,415.972842376793,416.2359812574424,417.39386258971126,420.07109159052914,422.4618309355686,423.4429504303696,425.6580182817484,429.2288388832014,431.2283249149253,433.3795986016261,436.6666666266964,441.7158418634894,442.6511761180807,447.78651329776375,451.1740835992811,454.77926868269054
experiment_449,227.0,224.60193538101964,221.91179996663232,219.73797496057082,217.95710038870158,453.582606632382,454.985702946673,453.2363432245821,449.4411021511357,450.5349859572794,449.56954086628207,451.26027285794044,451.41210219097974,452.7459005979009,453.17566791583675,454.0475851403978,457.8173225697146,458.8130895828284,460.27277342949174,463.71609030937714,467.8123880855043,472.9053982517551,477.4454644991138,479.85334911766864,488.4871671572285,491.17120542543176,496.9221523030678,504.57586668679454,510.3262675083734,517.5662665039852,525.1241415416162,532.0109390740943
experiment_450,227.0,226.92877148941477,226.69368437279536,226.27079273340837,226.3940473423413,460.7416855374422,464.06160402923325,465.6650818946044,465.9273142865423,468.3959337457236,470.8618015046226,470.54740378218906,473.5695028578893,475.44623256936273,473.0846977313461,478.8372359374722,481.06598704411147,483.37896811789835,485.28383873862214,487.5064841666221,488.76075110449614,491.5891726549936,494.3396154252003,495.94434677261165,498.53859813144754,497.9162536393427,502.7066865273689,504.5965314207149,507.71698417226787,505.3529558587174,509.1970406456011,513.2034203357741
experiment_451,227.0,225.46233978808215,223.6134590363909,221.6634013510315,220.34052845682734,462.41048312551686,458.497503175809,461.6633650251069,458.8767668901352,454.90296625294474,457.48296900496786,456.85212283153066,458.7520916550832,460.1212613366658,459.33467548512095,460.05936134274157,461.83823980197485,460.1763753572576,465.7143285928386,465.4849211825853,468.3181006722449,469.38647415329507,471.5128159124737,475.88172622850556,479.4830096121014,480.5991948080277,489.41986700448194,493.36030728777564,495.7247492200898,504.08005038921505,507.0713426383697,513.4895765457992
experiment_452,227.0,224.88448991123653,222.5324605402914,220.8096166056176,219.17755987747648,453.130893363797,451.69650991068266,451.45100524590646,451.1063093131898,451.01402498492786,454.1911829361963,456.6832137803833,459.7199276025306,461.6315745695942,466.97759914013403,470.0585272545587,474.12032319201495,476.57638433669666,484.35180672635033,488.5472537794699,493.757648208534,500.9764619697231,505.99429271199585,513.0468815817433,520.3706569170097,530.0970389120873,534.9097271004991,545.9085893755071,552.3412488495995,563.5674052180759,571.939967261244,582.296371520829
experiment_453,227.0,229.58006857078863,231.29891813991458,233.0153698823479,234.57411974064811,447.854646327631,452.02024170917394,453.5377353473178,451.85178855713946,453.2691449704911,452.59534861689656,451.0295707533955,449.0158725436123,447.0178890070091,444.38368695440874,441.70941190909934,437.22282267409236,433.77204436013335,429.63198731356243,425.70226785517656,417.9066545671151,414.26090858672217,406.41110178375186,398.64777885024876,392.5550568359947,386.08500896132006,377.83859820202247,370.18335522057214,360.91468447882045,350.1886097528418,340.66303191574434,331.08151782178055
experiment_454,227.0,223.88839029197771,220.89344152176312,218.45797349517343,216.48866061605884,409.7179003939429,408.1967671577979,408.1928273664645,407.7974225675232,409.24664907557246,409.70300609119045,411.3266110761183,413.5019761704748,416.96618224254905,419.71920753370097,425.4908011384665,430.10659998280414,437.1924788798653,443.08071500732837,450.69704345488816,458.09690610573114,467.36343600518745,476.877652114811,487.7265177305799,499.4349137636411,510.24964543231044,521.4747697728654,537.5362085237138,550.6564630059067,566.3868947406258,581.22906978725,598.947974432395
experiment_455,227.0,225.42655221007513,223.67465065544138,221.99340800231113,219.89413716165222,468.3808669399113,464.7242634572126,465.4944108868219,462.15947642011895,457.77826563076684,458.4903343418382,457.1219570776623,453.65958703872735,456.14715250960245,450.1183229264899,451.24904150709216,452.1406831807502,453.71417664117394,451.81025791280655,448.1919150155429,450.963411614094,450.0826424165069,452.07682339732264,451.93229832933,449.8499381327626,450.8502942443587,453.92240574231784,452.860816407738,453.0818259872493,455.52018380608365,458.7198366689193,458.8080842429533
experiment_456,227.0,224.8060762618687,222.4491189243501,220.78392859625725,219.59948455818352,397.2017672818233,396.0363257715362,395.13625104447715,394.867161973818,395.2367365926921,395.8086802028589,398.53009271641486,400.0418946119379,403.93511138330825,408.4958012129073,411.209521671524,416.15333159728834,422.1236029878226,426.5377406218247,433.0227480198851,441.83733992570114,448.4285687639898,456.3363889067096,464.8103774488321,475.3335510996992,485.5902465778489,496.6618653473329,510.5011895728561,523.2923030120683,535.755315626005,550.5155595396993,566.9006531880723
experiment_457,227.0,226.5515762853227,225.7030601207395,225.6373869329953,226.2686300452249,393.94176618632656,395.02614857391745,397.42298059941675,400.65244622049977,403.90626812827077,407.6906509358638,412.083390143758,417.64413702357376,421.8461517994025,428.2489562560654,433.71080729855953,440.54948173442665,448.229513239601,455.2634380486723,464.52967680146037,472.37404992231836,482.1296286782891,492.0351478162682,501.94727462570205,513.1121406750435,524.6674454576811,537.7190168069901,551.2936203979609,563.1497516638598,578.453186685911,594.3862805064499,609.7531717256252
experiment_458,227.0,225.41111643715203,223.62788341070092,222.21921265377307,221.13121996854233,372.99810143769855,371.7124596994023,371.8864134082788,370.2885086607399,369.52097397429566,369.36260248592714,369.7248921756334,369.2799774349229,369.1406980432974,370.0362973841211,371.85543696881683,373.7136547352535,375.1725688977247,376.8018935241937,379.33731148692823,382.24250820075696,384.82905283912254,389.2956109287062,392.64931325904087,395.96554091559045,400.8961150146553,406.24694989676107,410.57514068895625,416.54692576626513,422.08587501816567,428.9668168970255,435.97683416692075
experiment_459,227.0,226.6756227592639,226.14717286432932,225.92432169977172,225.74138922780202,429.96714582806845,430.3497225806245,430.77578100788355,433.50294236578907,433.16537962270246,433.93620380002704,435.15060068081317,437.8867987358942,439.3555338547506,441.19961086172697,443.67346685789613,445.2544659491873,445.79885789391756,448.9148289096153,450.1957545861042,454.74496940227624,455.9790619411298,459.6842092753891,460.6617065573368,462.6559627569955,466.533267308329,468.7039039543087,472.2136530511633,475.19610440335344,479.69843495243737,482.52757719233864,487.1938188132138
experiment_460,227.0,226.80312089246152,226.16445524327946,225.6419766199841,225.1633016098176,368.7178681688351,367.2847776919665,366.864355277059,365.4816872805979,364.9484504637375,363.6789630423374,364.3175354965423,364.31913477276345,365.9314423305432,366.1501373220996,367.62619584477216,369.1979456718114,371.94258117662775,373.8389805817743,377.7625443067127,381.8656740149254,386.70658165145994,390.7397958007459,396.0549973781153,402.3056165811918,407.4442588372509,415.08311829247407,421.2292151761833,428.4531967759518,435.95784371801165,443.8814598925052,451.90025120715063
experiment_461,227.0,219.93988390927643,213.4642153513198,207.8989977953238,203.42183320623667,365.26375866423086,359.00894510034965,355.43823615948827,352.1415418923695,349.4764888643385,348.6204765041334,347.7174409229433,348.9407929674176,351.47169314085176,355.5707810931298,362.4489265292078,369.82105296096603,378.3769316766466,388.05555136163935,398.71424353749507,412.3469480303429,427.297943185235,445.7326359796904,463.3790676426057,481.85212859789726,505.8981522128809,529.6700760012815,556.0722363586821,585.5700669686414,617.7996081490203,648.8270220192371,686.4992255645532
experiment_462,227.0,226.27393569316988,225.18102942311032,224.85400800367032,224.80503798942112,431.4154005389455,429.57824976508476,429.5094875390517,430.2037120775258,429.6403653891408,430.53256051412325,434.4818098296805,435.3380774653754,435.93968876003714,439.98861423910085,441.526755265755,446.179957846583,448.205169893107,449.98203632087353,454.90842183509795,458.69860355256435,462.42458796983846,468.27573023782026,473.5227127709127,476.43468549499124,480.59926995038165,487.6437163130844,494.4076508750919,500.6171062819986,505.7726870310254,512.7082829538149,520.5139894986078
experiment_463,227.0,224.09933841878802,221.41777408437474,219.33321051396575,217.94409518379808,449.40473239998653,447.0105143932272,449.7277512793207,450.28213159977486,449.60563798953666,449.9884482043005,454.1715329430583,457.66401125232505,459.1365606571984,464.3026410578725,471.80396099326634,473.43985709870645,480.8592141520794,489.1858303207752,497.0399474942138,506.9518714410151,514.7251488478616,524.6306177175978,535.3269685695594,546.9027024591247,556.3942544679373,568.4632336945712,583.691511411323,597.0923244083631,610.3360377126032,626.1232392880266,642.9443602508699
experiment_464,227.0,226.15849786011262,224.78349397739518,223.6451001287631,223.02325227044872,385.0195544960341,383.7421591437076,382.2486850977616,381.3725078844386,381.4598354625461,379.87615735416153,380.22053956768985,380.0480888122154,380.3828300794596,381.58591248384073,382.8238862158027,384.3736739194675,387.22330838530206,390.00533588933956,392.0608820534868,396.1126088458041,400.68706852498025,405.1628052350316,409.2456056675769,415.201702364337,421.7128636888242,427.2549299736779,433.93386391669515,442.00121233161235,450.29949453376844,459.42429286432804,468.2638423632543
experiment_465,227.0,226.4594712082789,225.58506625866522,224.7172268745968,224.4608944818592,429.532539976532,432.9553194259658,431.91217545427526,433.49984727008507,433.79720794051076,433.07888954601077,434.8226726880663,435.8497281533159,438.02325392075306,438.60676044056083,438.7376498100799,441.3404747852942,444.1441341047789,444.80535325999773,446.760671318266,450.060747950028,451.96027179787455,452.38214902127476,454.92470835601785,460.619423618286,461.87508500554145,465.1779254283969,468.2641514968668,472.71174384521703,477.1884913243222,481.5751633577332,485.3953557930788
experiment_466,227.0,223.0783204551093,219.48759028417572,216.32792442514636,213.59698107902847,421.4561449354748,418.85951431811424,415.43539210744507,413.4334237262064,413.00681561377263,415.89573405742846,416.1115110793101,416.5893078449574,419.65680597871113,423.13242668150315,428.9560775325697,433.7800646614506,437.10291171112084,443.46687560647973,451.951681076503,456.5849815401227,465.32814681172755,476.68788710891255,485.83105287751835,497.4145747252676,507.50851988007486,519.4766681176288,531.0200969598836,545.018993691063,556.8606936730068,570.8167928241054,584.0675067802184
experiment_467,227.0,226.33101243391087,225.32846002587613,224.58909731370107,224.64760399019843,409.9857606327486,412.1574390780157,412.5561729301558,413.8788190852073,415.9121982260696,416.17230948558154,419.3305694371156,420.08301010376414,423.2769177007244,426.23932869351904,431.10588638442664,435.30930531978566,438.6676846600303,442.86413898559243,449.4497480925614,455.47553020598275,458.471340710447,466.7179236608396,475.7225346420323,481.6313360799509,490.07113470057396,498.163061779273,507.1043084168001,515.2719057235203,526.3020057224107,536.7703070917044,548.1946401983344
experiment_468,227.0,228.2088653218512,229.27696688787663,230.2259898071371,231.68446901441058,490.81249673215757,490.5800447495804,495.6663796295048,495.9768410781664,504.8500127201911,506.3626084961171,512.6263392593207,517.1622400111399,521.5900862578206,528.9614640089148,535.1788368638748,540.6402551513415,542.8709004727856,552.9778980093618,557.2752905505725,564.1580302707364,567.2681596170003,577.3654650299468,585.2735297508115,592.246717318486,598.5536002632379,605.0541054315521,614.5110820217648,621.1606708919356,628.3280085779156,637.544807010535,645.1988569853199
experiment_469,227.0,227.84341313627385,228.20687463238818,228.19931037096592,228.61385518290035,467.55126520056393,469.91380061390015,469.02081555727347,465.7735393426494,467.4295647970258,470.9031508387916,470.6551259385235,470.68096516496223,470.74445677992435,473.22259771229335,473.8493883268152,476.16965479973794,475.87294820810126,480.2064891614919,481.1947139072339,483.86564887256867,487.0368966750088,490.57675169724627,492.8184194460237,493.3246708959826,497.8171773153261,503.1742725501003,506.72688536517234,511.03877706185233,514.7458662199319,517.118187128067,519.5640929035249
experiment_470,227.0,224.3492262527908,221.62413520690643,219.48570348881321,217.95600917867654,393.1069765329137,389.8054400619074,389.2354314563228,388.1684577843176,386.46435315377096,387.64657792094346,388.17526019728433,389.54618827811686,391.82381490750197,392.93808034444197,393.185393601369,397.3024731073984,400.6258097529689,403.98316873632444,409.0172186701943,414.4806040533319,419.953318865909,426.16348262412174,431.8294098618961,439.3477081425459,447.4159058135755,455.80504718274364,464.28772654862166,475.61630633803975,485.01253590024777,496.4355277012545,509.7595395012252
experiment_471,227.0,227.96063251243316,228.81805415880257,229.5884509373411,231.01227846906875,489.67994580883004,491.67881196887646,497.9091394722485,501.3532807118197,504.9713717820816,506.8121976634538,514.4237684790523,513.3458107910587,524.98955490529,529.3475545650422,534.162356134726,541.3463881243799,547.60067260898,555.2792389057308,557.9496051992081,567.5456870944652,569.5390356509613,579.547645664175,586.2655097098245,589.2401635848289,597.1910605860807,602.4368208668077,609.2644039061598,614.409770165506,623.1012092675109,629.2146325926778,632.68116250114
experiment_472,227.0,225.58048719751235,223.64824651598724,222.5288010888474,221.48408244352694,447.23619254170785,447.9839397093416,444.31639547724876,441.74907437860185,443.17831568852307,444.4667549929772,440.27424666518925,438.6281292505261,441.68631993341046,441.18846547032376,439.4500715612968,439.22786609888664,441.22290426716023,441.6939675876548,437.64051013420675,441.23097354143107,442.444677768329,443.9256406641245,443.6168922776724,444.9314457013995,444.4061720656113,447.26857069402183,446.8972542611075,451.1189476059532,451.00400737148243,453.1443167733718,458.16677756301004
experiment_473,227.0,232.52618138192238,237.66618263935152,242.92475698587702,248.31036013667153,423.89149549388566,431.8696835252734,439.8289884220202,446.90486985204234,454.99139040116165,461.6688903171349,470.1554745669564,475.9064592751327,482.1478190826913,489.5244707025594,495.7158959369182,502.2710795951843,507.82902471933585,514.6036022863586,520.7352794921242,526.4876197436731,532.1379983607459,538.318920548186,544.1244667983196,549.5078372556047,554.6561410257,560.8506582175969,566.3460218186231,570.6965756691394,576.4813890864781,581.4639568315519,585.8551812112293
experiment_474,227.0,224.4912580900955,221.9410667018849,220.16572896584577,218.90478482303274,405.09236396907346,404.0324372350834,404.8293719523141,405.300749344462,409.3717931248883,411.94227816412615,414.27017291314775,420.74332202237974,427.63660825096144,436.50033278222105,442.3543215568753,454.7841055712048,465.1938112625643,476.9923062067479,491.1449508162314,506.86020231065606,523.2023984742269,540.7484676958763,559.7832256884672,580.1812203578356,602.0664617959978,627.3989334509948,651.6495868736986,679.6786437355701,707.611151529943,738.9594175951787,771.4910166380687
experiment_475,227.0,225.59843307289168,223.78615544448078,222.3438441718555,221.4620440506086,453.1379642374342,449.79714699833625,443.46410383491883,446.8920254660055,443.9720217658753,441.59249508217414,441.00164347774586,439.5973267900932,438.8248967889946,438.3382404187498,442.0354891366343,442.75105759475133,444.91696312915656,444.0966043860018,444.46939049697994,444.9561229587418,447.9708792539529,451.6120966288007,454.19096981686783,456.44015066438203,458.2089591075273,462.859065018115,461.80435829080926,470.844820961151,474.656221970194,480.3350816244712,485.9879820452259
experiment_476,227.0,228.05680362276718,228.16531913699487,228.87380535467219,229.8738411038987,486.8989515741407,488.23263576643956,494.41969393643217,498.76367778564133,493.13400066083256,499.03292138735713,498.73959185435444,497.77300703023764,502.35008107046167,500.96685777653556,503.43960857414754,503.0364321601114,503.50993024363447,505.16389847146206,505.1170753827266,503.14966990814946,502.854455700174,503.90151581961595,499.8677581172064,500.78849616225654,501.7795722824774,497.15043366452977,496.33362600577595,494.9530177996925,492.6519002034656,488.71862875704596,487.79066039979483
experiment_477,227.0,228.09740804452335,229.01822142349965,229.99605148001632,231.8018439390512,487.6075799943199,492.3195869718569,500.0617798816478,502.71794674137925,507.4605377902561,512.8472070798005,521.7632317708291,528.8963143665478,533.4659510887385,540.2544020485777,552.5178415877107,559.9391987678159,570.3514546735194,579.4917056484576,589.7305912001822,596.3365853327934,608.8674507658403,620.0996548129399,632.7029019765718,644.6505539192975,653.8369445331683,669.2568330788307,682.3217714077814,697.0004582188241,712.1866479300949,726.0276014573698,738.2118206053678
experiment_478,227.0,229.27390727769063,230.9724513375096,233.45640947459205,236.59863243595885,432.2367214477687,437.93677747904707,444.5539660785326,450.7421176786494,459.7503091813981,466.1539863590905,475.1516794108401,485.4371237422855,493.7785109837452,502.225654666974,514.0054452191903,524.1443254023111,536.8955456055336,548.1793801033069,559.9512334452227,574.2954315492789,588.3315409164197,603.8299123275351,619.1807841630665,635.3897777770397,653.191926826034,671.3231171647958,691.755326146704,712.1985408607201,733.3021977324217,758.0060195201833,782.516895005942
experiment_479,227.0,227.58144424876028,228.08935108118095,228.6194487545407,229.6584530453544,469.1661723699275,474.16125950092453,480.13260640778,480.4856225653252,485.72900048384986,490.4093051451009,498.43643451636336,506.3800202852954,510.2572040143159,519.6582111272443,527.5400973925891,531.2829966887095,542.6398267411947,548.9101016141843,557.3987583414546,567.8532443534612,573.6979855649267,585.0227705109298,594.3203853600307,604.0765238517926,615.0728364249131,627.4346952659181,638.8174663283041,652.3348016664461,664.3600942524217,678.689705555742,693.701172154146
experiment_480,227.0,226.48718697864342,225.89139114830203,225.51328296819943,225.7088674043235,396.7621693475595,398.47263757240825,399.81547046920497,402.38333290362067,404.9019185810993,407.58195839092303,412.6075083617824,416.87983266922345,422.28247863011813,428.7791408347813,435.3726619788191,442.79473569980115,450.8630308936647,460.9736576081369,471.1642925765318,481.0007790179015,492.26879068544577,507.2328751196512,520.8294552444783,535.8968366695206,551.4901381320852,568.8121979293188,585.4513744055135,604.6213022915223,623.5651891057115,643.8000522601046,663.9548874694864
experiment_481,227.0,230.19560053661456,232.78024867324453,235.887332958073,239.42917281448248,419.5016621903019,426.1265477183112,431.7612345537658,437.8692584268993,443.5076532993413,451.11231453533844,456.02936963555686,462.3299623679695,469.24856801774115,475.84379891395344,480.9662322449461,488.11634618391565,495.0182296432234,500.70884313650316,507.4428177335756,514.1327543832792,520.6274255197586,528.6631415466219,535.2260313435643,542.3945630083757,549.9655748664726,557.4207424999227,565.5459906448881,573.0711008130729,581.5210009034529,589.6835835720586,597.555486840506
experiment_482,227.0,225.39992233294012,223.71701904726206,222.64141466234582,222.15628695242754,410.75053246618035,410.2620320814223,414.28395239944183,415.3530460424558,416.63551250515997,418.32624513163773,420.4587789427121,426.5041791748832,429.732831669466,434.5313862054892,441.6056703451439,448.4337672051731,454.3447029875252,462.99079152069385,471.0324118472665,480.068158345462,488.5126801219797,499.0557696268062,510.1221246116188,523.6954104779653,537.4898365702414,551.1654310920181,564.7834596208138,583.3186246556058,602.040522464509,618.7248124402238,640.49153540743
experiment_483,227.0,228.5821341891923,229.58498896289396,230.95115252546282,232.56396282623302,424.2233616944467,428.08079403730903,431.88476069256444,433.1588834865437,435.89763536147495,442.2729464606222,446.7124210222188,451.84907041995433,457.6644454392688,463.58231588242865,470.76768743562155,477.64927600102027,485.22906573252254,494.3902010777094,503.21342032397956,514.1673843335574,524.6117739185496,536.2618515798736,547.6522178885016,560.4957501962488,573.0286939582103,586.8974152898069,601.0445953971388,614.0678209290551,628.217279148909,643.1394564131541,658.6317119968805
experiment_484,227.0,231.63757335657164,235.9042065497813,240.7266547761809,246.16213876361724,412.7275618642836,420.9187361674883,431.2137026489044,440.63346289258396,449.3802518085609,459.9416832973468,469.63183272100923,480.31349570645136,490.2755164591161,502.2815646687302,513.070637868781,524.6694834299988,536.8277171415864,549.4488602690606,562.3039645236603,575.3988663801123,589.408542564678,603.3915037838261,617.735365297868,632.4607434044037,648.1365596515255,663.882161970977,680.3725998017492,697.5777601823805,715.2640669052792,733.1774092267615,752.0149660929225
experiment_485,227.0,225.36432124657665,223.3373578726892,221.73003014590415,219.965746404004,406.37223986801433,404.7621289221703,403.8637803517795,399.2838199854675,398.9228301065662,396.2480047038761,393.19081494520657,390.9371202436442,388.36732772164817,386.93963103499203,385.236695038577,381.79502707597015,379.812188816141,377.7046459161529,376.5371848637952,374.59751859579205,372.53128977306756,369.98576250558307,368.8430484893744,367.4534894650453,366.10031495405394,364.7097285650286,363.1470281939194,361.9762083179089,362.22235252761726,362.2446759736919,360.4938192675067
experiment_486,227.0,223.84639996533656,221.03019940424412,218.83898244146903,217.20707555811902,407.8473511084934,407.90210594832746,407.2257793401917,404.8151023850882,409.51154420674186,411.4682521241736,415.61854010430073,419.39117254280274,426.901309739215,431.81520379853686,439.4026331566409,447.01095051652186,458.14614087488974,468.3078629881991,481.2029033476811,494.2287267545153,508.8792788971756,524.622103523625,541.6049349078095,559.060866734063,579.0829989418598,598.4131841472984,619.5572462708915,643.337201990983,669.598021986416,696.0718109539649,724.047431545051
experiment_487,227.0,226.05273077464113,225.33808799975145,224.79968381422992,225.01763902044667,447.4722366395341,449.88083959695786,455.10783786117844,459.52239817270487,465.74339718492473,473.10327134059946,481.8042656562817,491.0728841907524,502.25816074986346,513.0748215752304,523.6370091410005,535.4857906959007,548.6429074889231,561.8147956136607,575.6138523098126,591.2109770250147,608.806018314084,625.6031299619056,643.3721074030741,661.2112434217428,681.2519721419679,701.5147417665813,722.3518690736764,743.7119092446354,769.8706121575392,794.3847278329301,819.2670810661309
experiment_488,227.0,228.21151536486977,228.8610591729842,229.65843658488117,230.90660512441312,413.68856824134525,412.9844467139868,415.1493116625904,417.10014460084176,418.06803939445024,419.40849746331554,423.80676793286807,425.7649102577676,428.27262458494357,432.2304339327748,438.37439804516725,441.3526352580467,447.8120478846961,454.46489034491987,459.4014655867541,467.59820013861344,475.2979357145535,485.48323914053776,493.18058864964854,503.24623157525707,514.3416260947272,525.0729637216517,537.4083365185644,550.0093411270431,563.6702242832911,577.1411003798861,593.5579403460246
experiment_489,227.0,223.77220722554506,220.57543565833055,218.03156645100398,216.1158642821455,393.73621405080524,390.348193013743,387.643960719089,386.6354651090964,385.9255593968014,387.62941653018345,385.97050672976366,388.85056222869866,392.7356741775816,397.662563421114,402.8796389966144,409.67380093700086,415.20460993430595,424.31949941764566,433.0553460422118,446.72867406754153,458.8094480370407,471.0642866711491,485.20419098906314,502.2237772156959,518.2108803683333,536.4033857136457,554.0621106456086,576.5210469596747,598.3324200913075,620.0810473336885,644.8779299440489
experiment_490,227.0,224.8174412653575,222.4026115516537,220.46308128783778,218.9818732006445,375.12559368598136,373.4869750744833,371.9824699044767,369.8931482922155,369.16402799380256,368.39982067643143,368.4433853111646,368.9784440114235,369.3192093174462,370.7077986321351,372.1090342251809,374.66226477339296,376.8424577403976,380.59899454948527,383.1894840414737,388.61711266932963,393.2779380774638,397.52344539205654,404.35433058063853,410.9223903318562,417.8824841439212,425.42452103640767,434.11690884841386,443.6852044773972,454.1098551396685,464.51276096512373,475.4594135425782
experiment_491,227.0,226.85554274944306,226.55640379503194,226.81243157131536,227.34621549755815,464.53126107670073,465.0100359415328,468.10880493472575,470.40561869198524,471.7468325437415,474.5856350260642,480.93239036344335,482.7366703652916,487.0683912553777,491.9754037160376,497.4829674865189,502.76851397100563,509.18680212078124,513.3882350718491,519.8546094029026,523.8261689319521,531.581410399891,537.084880775657,543.1546224988338,548.5641625507437,555.6009587127884,561.0122416818592,567.7974751228651,576.9481793692659,580.7406985172004,589.055020383645,599.7402887290215
experiment_492,227.0,225.25088573176964,223.17956153720755,221.07268081613313,219.55699807784686,453.3294044280032,456.5854225947562,455.6864217490335,454.7832946181183,451.8628995478091,453.3810231678755,452.5019217031812,454.85994249444957,454.1772657120407,456.6317555713307,459.75992422544493,461.73943778269654,464.830959149998,469.4168318144585,471.3714741840272,474.68260450704844,480.359243494019,487.95463265072436,491.7796572359568,498.00417116505207,505.49419114903264,511.149246454569,520.3696751185396,527.2589135652739,536.7954445438886,547.0618026444936,553.7151544130619
experiment_493,227.0,229.30331938401014,230.8713630497889,232.80170779728252,235.06323836474957,453.32497758570213,458.53211130930066,461.503306800067,462.8597267665866,467.1552556935296,468.9250672626964,471.53564401710264,474.4446503944015,474.84010678633484,476.6614499310375,475.936703026414,477.94583826518374,477.6202453309843,476.89545695993013,475.3861946984988,475.65047309943594,473.6917141399761,470.96959629719527,468.3553008932695,463.9891322037778,460.53830030762947,454.8343650768976,449.3854975690427,445.55170899921916,438.7864709690007,430.9916095741464,423.72025513890264
experiment_494,227.0,225.88740423274257,224.59206750502,223.97986321717468,223.9943258342655,379.82313849544846,380.83917542572317,380.9641834852405,383.5036085225786,385.3238946960868,388.5042588603133,391.52748494834754,393.16395929802576,398.27223008941064,402.902603181758,407.0264711763343,412.0771221641803,419.10729954503455,425.36405089154493,432.25021874778867,439.0647803842109,447.058221291897,455.4224626180165,463.8906890131129,474.2330430563299,484.3794576889419,494.9739291899718,505.3496137490431,517.2220267489482,530.62035537278,543.4805018185453,557.7733631610788
experiment_495,227.0,227.3407489172535,227.40519538665512,228.04245600408666,229.09819867007656,402.1554699925402,404.87087859785447,405.8032667918313,410.00353691874056,413.59106610867525,417.5498961459733,420.4806931256125,425.34742583239586,430.259343247824,433.9098428749171,439.312566561658,445.6026987734077,452.9571789788818,458.37727766083634,466.88304182362145,474.0241567747042,480.7082679757933,490.0505086394795,499.2299299554942,507.36156771447367,516.0805878273378,527.938183858887,537.6085296299291,550.2117595302377,562.5837926371544,575.4663076044143,588.9313711475296
experiment_496,227.0,228.37437261948548,229.21346120679533,230.8127310890057,233.136129649675,475.1170526897861,480.21629734640993,485.70710965948643,490.403623149619,499.0865046605163,504.3472247718779,510.8865083725593,519.1620536782432,524.8326450174327,531.3910040460424,537.2227914046796,547.8855084045272,550.3456296456878,560.7473682737742,564.9884696011892,571.9691876507464,579.8368300349554,586.9176063387731,592.8521539450765,596.9586224537802,605.6269086479069,613.8286221527941,621.0435847831644,626.7850044742944,632.3867959243042,641.7595371695435,647.8407212365101
experiment_497,227.0,223.4458797973935,220.21590317729832,217.4966413038729,215.20897911960785,435.15869478339255,431.1592574955679,430.53536429414265,427.88301036525047,428.5765286184402,425.9156137445608,426.2583724083172,428.550887095408,432.84755833807105,436.49613481536693,438.68208851239444,447.63123415947723,455.23674031058886,458.11287673242043,466.1014772818501,475.91584941543925,484.0378158118355,496.78417605416627,506.2855856899378,517.7884620615221,532.5536974624931,545.9037813000292,560.8260697014182,572.4899196709193,590.5042162625452,606.9922611433316,623.0444452536584
experiment_498,227.0,224.67668861971447,222.123328625485,220.46688547685005,219.2535388051834,425.5929458985158,421.6320567749149,423.5884820477298,420.37575942873065,422.49366439963734,423.34803164154926,424.8041235079288,428.06950890765535,431.53918484650325,438.2720012390606,441.82549263659837,447.21786901906125,452.7909320683985,460.03923537844275,466.0444139748875,475.1649684796296,483.9680229065862,491.0895209206637,503.9789034186662,513.4861351697301,525.0923867385205,536.6484984907954,548.8426593260536,564.3939055494346,577.5896287199918,593.7249713762816,609.5299252875448
experiment_499,227.0,221.12853605694238,215.67721951782585,210.96045890027258,207.22941902922676,368.53590308842877,361.80512729405496,357.09924921902683,354.8054844902061,352.3536407140446,351.19770246364715,351.24589580704594,351.6088686715924,352.86627243672103,356.4670942543129,359.26488382005783,364.49683245586857,368.3741613950327,375.08084420171696,382.87618444260363,390.7131353934671,397.2807895717656,408.44521257323345,418.6792571210011,431.6804029745852,442.69967351444853,457.3429682280565,471.31337076720166,488.0463649618769,505.2498469510965,523.2409216093172,541.8760084397899
experiment_500,227.0,227.39582209681902,227.3948974239732,227.4737550970546,227.25363687446963,226.7495570088343,226.13392514605283,225.3932430710772,225.91847739262653,224.91247707085108,223.7756525256529,222.512592096623,221.16755342960107,219.6899760086335,218.0897949749745,216.22876662744773,214.34666506138626,212.20310738959176,209.6151247123932,207.37008056990646,204.99782779360072,202.500117573278,199.8218113888492,196.70493879248218,193.78220541736096,190.7703792566715,187.62559914671357,184.34813879195855,180.60124495917955,177.03159457590232,173.34900341050218,169.4812059381074
experiment_501,227.0,224.95899989134392,222.65215781159392,221.04546276851812,219.93765995959708,218.2816115511822,216.9230848833024,215.86306022514916,214.6995446688431,214.2699872075551,214.14423244471294,214.32256379560076,214.82804172284608,215.65443488801742,216.82133413304035,218.31832553684018,220.30593136465507,222.50786909939086,225.06515092391984,227.99610621123117,231.28595331399956,235.05244515670972,239.12595667540384,243.5312979366482,248.33390080076205,253.62355891449906,259.2077781737445,265.2945721777185,271.65084852781877,278.36567611760023,285.6341229518307,293.1311458567879
experiment_502,227.0,224.59478611889546,222.19887154603887,220.29795661126298,218.88096995864043,217.18906775559068,215.8595101559361,214.91540236452633,214.14114868753524,214.04768083265068,214.19579979837448,215.01474955813435,216.29804704695664,218.0858673487359,220.52196994487403,223.40247734398142,226.85782952703306,230.92217198698467,235.60032973552148,241.03947885576628,247.00266830851456,253.6837451486266,261.19442566002715,269.44811586644903,278.2900618030816,291.0043182464353,301.87684910347326,313.5452274919076,326.37563361227166,339.9748866661321,354.4878769079073,370.41716354078176
experiment_503,227.0,226.16258580151504,224.9900076288519,224.1075474634386,223.4356292439901,222.45916848572392,221.01094625866858,220.0506641170697,220.3373072554444,219.29305891672277,218.53804711376432,217.77940620246045,216.76702952733453,215.73165656980456,214.71477271286693,213.6927243603683,212.6266450118688,211.48192637398296,210.39745143973363,209.27015832569006,208.00392815319952,206.7912907565874,205.52487320168515,204.01479709341476,202.39580061595217,201.2986798512535,199.28299189262506,197.23579458836946,194.94511037453447,192.73137992062834,190.05294988058287,187.38087301675398
experiment_504,227.0,226.95674994294302,226.69839830767563,226.90738224787387,227.1692747814844,227.31802439924223,227.6044787323757,228.07763151230122,228.98043476417024,229.86608137565008,230.77373716692207,231.6787739839657,232.73358568876267,233.83301084706028,235.40311574768992,236.8157162946175,238.36352646199526,240.00232553507357,241.76637257473277,243.63573983765454,245.82760362324146,247.99292413486,250.2831852462943,253.1029816022798,255.68846680612495,258.0264963418623,260.98159147877357,264.1304421908592,267.3165417367569,271.8152186234254,275.4578998421959,279.2743703532068
experiment_505,227.0,224.72735349810918,222.67194714338729,221.11448787292585,220.02373164194555,218.76075534526467,217.79491294174773,217.15475407690784,216.95404414404788,216.96095579405272,217.31343199961606,217.7074145514137,218.86920403713378,220.67917964588193,223.18219637966345,225.62059938789832,228.26044751124084,231.31340408487628,234.779203046453,238.76052889393011,243.1464412307194,249.04783450046637,254.3224546925747,260.4477313650152,266.6029076145392,273.5883709604167,280.9845941351417,289.0086077842309,300.78966730978533,319.5920334889279,329.8197451572657,340.6990251595154
experiment_506,227.0,228.93054077207964,230.64864327133353,232.74173080389463,235.6395997692522,237.78787725688045,240.1939412238671,242.85223745226838,245.83107651587946,248.98758810397717,252.50221117171452,256.1202386450193,260.16192028353464,267.4061406317702,271.8516281383319,276.49793876472853,281.3203343752873,286.3626175276322,291.54651117622427,296.94807922697544,302.85840799299837,308.52675310781717,314.43342831926566,320.54173625602436,326.59241676981674,333.0989357056941,339.4320457182819,345.76904095154975,352.1699578922852,358.60515030102545,365.114167089727,371.5908260036612
experiment_507,227.0,224.43013153335394,222.18948620558848,220.52705280206507,219.42284295160243,218.3591178488163,217.3023356808124,216.96539685000764,216.85836131730855,217.15542787146242,217.76137692020302,218.81671622692454,220.1988657410169,221.94598014329702,223.9208778233497,226.0995527476382,228.995594317462,231.85841626300714,235.07355741065584,238.64209324016764,242.7725376912569,247.10193946160126,252.35572345527606,257.0329484429444,262.7967649829327,268.6161275599212,275.9027675240674,283.14793266939455,290.69709406281055,298.58827597999414,317.2340757833812,327.7921177976973
experiment_508,227.0,222.83265032018573,218.54125437718568,214.93534209546294,212.0300758937035,208.59859150205742,205.50968285159712,202.8037071317587,200.2173921917253,198.32346941579584,196.85559808976586,195.8380612541633,195.2808473738799,195.21267152649256,195.635138274862,196.35380236808817,197.8160364620887,199.79083148317093,202.33184251158585,205.4291766545269,209.20691670864483,213.4452638855654,218.25395579700924,223.770802555201,229.828207700395,236.45672895263783,243.74733339283028,251.7026398149467,260.0895670125846,269.1939646679541,278.8493279657688,289.0751096560059
experiment_509,227.0,226.37975613969803,225.5400886967026,225.50242054535832,226.1830076441978,225.8296734641923,225.80225593674137,226.35099457853607,226.99442047472863,228.49494032915632,230.32273223788707,232.29812333970176,234.63585015402765,237.60361267039877,240.65721272116377,244.15811768003178,248.03822267081244,252.4181518572322,257.0832342441675,269.1192488117593,275.15407812904397,282.0372320531926,288.8419151996634,297.2208580691022,305.30623990081165,314.1510834892118,323.9180062016234,333.71072284986764,344.2471220416541,355.3721074669731,366.9039971418109,379.0886037328619
experiment_510,227.0,226.57712615822072,225.73729654455278,225.04629597065988,225.04631030515853,224.35599356740698,223.79615743099063,223.3062925407753,222.82328853840778,222.63920185356312,222.63976224556092,222.83153259750878,223.2026084942196,223.7995137124364,224.8318783094706,226.01571618556045,227.39034019270687,229.03923260514054,230.98318869881183,233.3889886589659,236.14465931135783,239.0214655424093,242.21137696757552,245.78738460566734,249.59856955538862,253.78743434366652,258.3396708503667,262.9348561183476,268.10149571855413,273.33714077460604,278.7942094907735,284.76720754815847
experiment_511,227.0,225.57011426696755,223.8264673063548,222.33387972123268,220.58997717485673,218.8907159704793,217.24901050724344,215.7238388627593,214.77852649253347,213.38134411788337,212.03246820192908,210.73581964291307,209.50382757742966,208.39053166618135,207.39207802147888,206.51276835013317,205.76081113245408,205.14311849829124,204.6729625432489,204.35501759488423,204.2004804271522,204.24458633634072,204.44511545119477,204.88441329778874,205.72587614999287,206.55613094728162,207.63424214304328,209.45376689062886,211.19181481715117,213.1190031753059,215.36547681730667,217.90511742767552
experiment_512,227.0,226.02382829159814,225.16720832182338,225.0107210285693,225.3719551285233,225.63563738194483,226.350736559478,227.47560881520764,228.9018292019303,230.89785759847797,233.32990178070014,236.20155317930133,239.51612021871802,243.35865073458785,247.5333082567561,252.17658318774596,257.2621459200377,262.93056271201937,268.94321550449376,275.51648856633597,282.5480702228349,290.1126792151714,298.1115357279905,306.69916931995493,319.5454106191436,329.465713362786,340.0139866962308,351.13988509958233,362.9596712284682,375.653625759805,388.95824787422794,401.42502992495747
experiment_513,227.0,223.1907679851006,219.05273598300354,215.75799838422716,212.93732677766005,210.14651290080874,207.63411328105298,205.60506872772265,203.58111345627762,202.20961251687922,201.23745818012603,200.75153349540165,200.6526102605441,201.01355078220314,202.0586771028863,203.4952070182283,205.34205053512832,207.95268953965598,211.0822610207263,214.64702167703012,218.80255135824842,223.57074707152876,228.8951156128392,235.01707966266096,241.79262088418074,249.38044393866258,258.3107566785702,267.14491935025853,276.99368186669454,287.7611731947894,299.0243216213371,320.98132596603637
experiment_514,227.0,223.25119705762378,219.7921462653413,217.3009546447879,215.80919089923216,214.24076419036655,213.29189545648347,212.940101226137,212.9779164606351,213.8565780996823,215.35427717075103,217.34737449449847,220.16008500846053,223.74344870171782,227.9318329863093,232.87237513169273,238.5615283965388,245.14131017644524,252.4361073658899,260.6875062378766,269.7479769227489,279.8278036940176,293.5751243782998,305.99008011106264,319.42796948674436,334.3230737860543,350.2396274319955,367.59366906695664,385.2600565642683,404.85111998111324,426.06302682466605,451.1873704281107
experiment_515,227.0,221.14965794854885,215.44056857333607,210.4615549524371,205.95069114115273,201.36391659330715,197.17273801647627,193.3521938428442,189.75601320638492,186.638498798167,184.0086786437541,181.93643509585763,180.23306591977536,178.97913751412057,178.16595636724145,177.8450460552956,178.00839552433524,178.6672588684328,179.94820904644706,181.59370727996549,183.89094610860622,186.68553293349277,190.019825434206,193.93259889872968,198.476689700927,203.3277417609871,209.35183070397505,215.7537180670041,223.32840601643971,231.30252397233795,239.7054504665175,248.81510686676384
experiment_516,227.0,225.24623446934032,223.29810871472236,221.99573858717693,221.05706978655445,219.4013529094773,218.29888907144758,217.50471994922913,217.49192642696,217.15780074814847,217.66032609120268,217.8060044633692,218.1875767022707,218.8254985417353,219.77031851271062,220.91646765127896,222.45862452134685,224.3002071430721,226.4195007896169,228.97097790288075,231.7505403420057,235.882066671931,239.36083035621644,243.48347861383422,247.51173489675128,252.5485396132592,257.5768815519479,265.09395289962777,280.8579946367815,288.57320191824533,296.52180545533207,306.64436220097764
experiment_517,227.0,227.63589424077819,227.97168158536635,228.8268909990824,230.0770248993233,230.78125547680202,231.66234783465896,232.7673262425003,233.90434692216755,235.40031462479118,237.1326752531054,239.09004184379214,241.27595367163286,243.73799261412677,246.4423179224549,249.46003286425866,252.70578592723206,256.2545666555628,260.11656878313966,264.2984335871731,268.79124230127513,273.6638982915821,278.8769104439453,284.471677881038,290.5175463348654,296.9917332440275,303.8293471906651,311.11004964546345,318.87378677076765,327.13036508664635,335.91356455310074,345.1834093713311
experiment_518,227.0,224.42920421380074,221.98471026156517,219.89025755500512,218.0485635364152,216.03632883872638,214.225412987013,212.66190387749398,211.2859221697704,210.10905700385572,209.0263154664396,208.52929806269808,208.11816330363163,207.6094150801805,207.7757324408267,208.14193941681145,208.78572148228812,209.7905339978446,211.03537241122973,212.64726925065884,214.67833501356986,217.13156857404013,219.8853777335782,222.6869557065669,225.78634681991173,229.25522945254156,232.98830907658888,237.2126771185262,241.65581271260822,247.1225859471458,252.36655681385375,257.8247065953957
experiment_519,227.0,226.95005971800907,226.27788278914926,226.1315069382629,226.3574674260014,226.21615167255476,226.20805981374428,226.2122823012774,226.66355903823631,226.746459012056,227.24497024453711,227.67619085680738,228.19767300505535,228.85978507404855,229.64566175590556,230.60884693314648,231.71898602773518,233.0491750512047,234.51468381226096,236.3840582438026,238.26610158444183,240.38913150414953,242.70867837181785,245.18727222128408,248.42116941767048,251.3995593037473,254.41193604555215,257.63942558000224,268.86801332605523,273.0934834241826,277.789550014226,283.2718740752948
experiment_520,227.0,222.7693438649547,218.9545685879299,216.13693614498933,214.32216671635237,212.6303269732921,211.55470630010095,211.1041868878042,211.12028000538066,211.86466337795375,213.2054074769971,215.1157672711305,217.53428755071525,220.61832195857465,224.28750084305017,228.56201241121622,233.44991963833394,238.94691290776046,245.0907249534563,251.90062132227106,259.4148612041696,267.6227933837901,276.5643969990846,286.2896486408887,296.85050700474983,308.26251960003185,320.511918618428,333.79433802753647,348.09274304882075,364.7663507021607,381.35933752074243,399.30066709541836
experiment_521,227.0,227.0,226.21979878490293,226.16673303850425,226.45286940086828,225.77878936421143,225.126601596361,224.54172551804135,224.74791315332146,224.3869300364957,224.06378088787267,223.8286890058344,223.72967539030884,223.7189653320623,223.79615277438202,223.98317138947888,224.27936178128294,224.81703512961462,225.35266054752577,226.03715692960736,226.92371904891573,227.85441474586696,228.9050292581769,230.06928704425582,231.35882220550496,233.32965531675376,234.8800386236719,236.60088443828232,238.54020899409903,240.31740127220473,242.6601616503,245.1653145469507
experiment_522,227.0,220.68057913990788,214.66559977060956,209.77831971651887,205.83380671185722,201.7727451988857,198.37807719261136,195.61578973899904,193.3354820338473,191.90000295858826,191.1235779457653,191.00628389513827,191.56404418600476,192.81249030011716,194.74155651954402,197.38258234667913,200.75102042872152,204.68948122605065,209.64088100501522,215.57732393619253,222.28577792266026,230.06378791165633,238.66784631585043,247.95268373333403,258.21487379300044,269.83872743467714,282.1565758654569,303.3324402312045,318.77757326298024,335.3155999720209,353.7029519483515,372.5749963275807
experiment_523,227.0,227.09320321528196,226.74480191559536,226.80919710431806,227.3215908591907,226.9825581295338,226.8156903633539,226.64291470215105,226.3989034132253,226.1996093378825,225.9948149382141,225.8120193908393,225.5834670620531,225.35278270615322,225.12105414469454,224.89715354389145,224.67938477728129,224.47587932387518,224.2910821230789,224.13673649833987,224.01881812039187,223.9448905551227,223.93239355429534,223.97040439189607,224.07265355343628,224.2510824772189,224.51424786078616,224.84820399265914,225.27338583897617,225.7747312384164,226.36480766587357,227.05619335648396
experiment_524,227.0,222.21037789892117,217.80572871295595,214.16286678035345,211.23652429728367,208.3743395996804,206.11962191847428,204.48256096802916,203.3065326765702,202.95404120647592,203.26624039000603,204.08957054794666,205.79956173348518,208.27899924426538,211.5320366925972,215.56568345563358,220.58078462226905,226.35182994660028,233.0447484330429,240.87749534127872,249.5644893968672,259.4416022020638,270.4570043289219,286.0302854062586,299.9381350404425,315.16397648663644,331.9777053786408,350.4796140823911,370.4965434328446,392.18214855904523,414.00444239742785,438.9166930166532
experiment_525,227.0,220.79833716701188,215.20207769138136,210.51048434036312,206.61275711492527,202.9764293481048,199.99670744160167,197.63610557067946,195.80207289283936,194.64990556596052,194.08529323847648,194.11179586301813,194.71967805866063,195.9176681042679,197.53033645144697,199.92283685362554,202.94167182723294,206.62554825444755,210.98293800944762,216.00805781676146,221.9215704506109,228.4440854396993,235.87475363241288,244.11519192328052,253.302031785586,263.4717044644226,274.5419129039983,286.7221338821738,300.25951851371735,314.88514222907656,336.2934447714273,354.61842477174247
experiment_526,227.0,225.03048242522323,222.70992250849693,220.9853397707734,219.8403041403757,218.24031844468828,216.81127114658335,215.50576661159397,214.4322442811742,213.2777787403901,212.57280234021087,212.1493082909953,211.86018291606217,211.79287926268358,211.95039546250607,212.360510636987,212.9943991394134,213.91793215234117,215.09806032174703,216.51051856575313,218.4324032292775,220.52697932290957,222.79871746587014,225.47979881136314,228.41430411084215,231.86048220316644,235.46780901792636,239.3746871572059,243.61122443177516,248.34585451971225,253.30479998849535,259.0207482757925
experiment_527,227.0,224.1899660425052,221.58646393362588,219.41692459694758,217.6046914126817,215.3173616137817,213.43961108990993,211.73847213460417,210.8197174897657,209.6821987561403,208.7991822734847,208.22866297315477,207.90218944732823,207.82606280578779,207.65832779760663,208.29591373939758,209.65411136252973,211.0260189666848,213.1258454762532,214.93484785176398,217.00421841276534,219.6131165390866,222.48218018589733,225.9079230489374,230.73949128474803,235.37492504843306,239.65751243432408,244.6706274080681,250.41965261300896,256.8842176548077,263.6301282297039,270.83663890056175
experiment_528,227.0,228.51463769396833,229.3573550402582,230.78144693759714,232.7850953631267,233.92926230691867,235.1644695338708,236.45607843621815,237.72589911711066,239.21287654069835,240.80036739725747,242.5218335966361,244.38688356981294,246.3778665572758,248.55753124866564,250.8421091391849,253.28735903719826,255.90715362409503,258.6957984281953,261.6562638896243,264.7900845853369,268.1162192465515,271.63219482822046,275.3684805722478,279.27844967604506,283.3982750008055,287.7382450927441,292.2765690361909,297.122360334449,302.0768677347206,307.2252704081808,312.59781238337126
experiment_529,227.0,226.00644484241994,224.78348476262352,223.98480415804403,223.5406348542025,222.7722767990005,222.17482608993387,221.7612496873018,221.35280109544203,221.31869926130634,221.49804102778427,221.91886844446466,222.5998906591651,223.5201994424529,224.72548167394865,226.2496253066838,228.06473745405162,230.2158717669709,232.7161366385199,235.61193172601318,238.94501950083324,242.68738525574832,246.9057060606603,251.586108566094,256.76775702856344,262.4732596392287,268.73876492386455,275.6542697220282,283.1478137640834,291.43794609838415,300.4043565717268,310.7296892362199
experiment_530,227.0,229.03050425614435,230.73306188829463,232.90803596340814,235.89879063241517,238.08229137484355,240.43488189042992,242.99112845514892,245.50449710567742,248.46002583781754,251.46924554911521,254.61560833937136,257.89200072719245,261.330261444145,264.9833721897718,268.6637554837644,272.47066376386715,276.49472241215733,280.521946184139,284.57881768400875,288.8048901616555,293.11563073472314,297.5364714806241,304.7148349457073,309.4154531706837,314.13385253437735,318.9009405993021,323.72333110924785,328.9155100721214,333.87921401339935,338.89525125871586,344.02363009985646
experiment_531,227.0,227.42733353109693,227.5993792056792,228.0509389326155,229.229224638274,229.99414597139943,230.9838140076983,232.09633801972222,233.8818305021076,235.27917914723005,237.17415431852632,239.03838195012014,241.0808136144195,243.26136887341676,245.63711781536875,248.2755402057255,251.04853329160122,254.13762988627275,257.8755960236889,261.309277044487,264.5171984285104,268.62935838099236,272.6359175988025,279.7890324620282,284.86456951064434,289.87057553063175,295.36265419341436,301.0795923863175,316.00120218168644,322.82729158514417,330.2387334064736,338.101331138446
experiment_532,227.0,226.32565352869486,225.60561104990614,224.72331953165627,224.37702834822147,223.9158954316913,223.754639817417,223.71420144766682,224.64844364202253,224.80450694983145,225.5069998681535,226.06289230135954,226.79085425686338,227.6604382585309,228.8466270103911,230.24672238067512,231.81433846694165,233.6367447299782,235.66577378405637,238.1004151593581,240.58828708831396,244.41300721811555,247.38651517053518,250.68440965816504,254.62169822159836,257.89484368816693,262.2253562420872,266.3417743552339,270.81136753074827,275.5212768663964,280.4219512828771,285.62691659690057
experiment_533,227.0,225.54907788154298,223.8741181563954,222.77663939760717,221.81930835082574,220.58784586012462,219.56742318649748,218.78053058566476,217.91045773853878,217.5535692828578,217.51103591971375,217.6859960785757,218.03475476374754,218.62958175827444,219.48554200901305,220.5982691143004,221.9920781902631,223.63581079157103,225.55513692242516,227.90244958697377,230.4669538050286,233.28103367126863,236.4181346563322,239.86901633665204,243.71597398238143,247.8154912634662,252.35669776953796,257.13783385825485,262.2154246077107,267.7511699528899,273.56132572445705,279.7663473228433
experiment_534,227.0,228.50769197038937,229.3906519891661,230.68963046548038,232.31053845751626,233.14769457556113,234.02793883380508,234.96819276490095,235.8188789304425,236.95644703014426,238.2245232719082,239.68568409885484,241.3799146337499,243.19599072401456,245.20314663514472,247.44236071173415,249.91498285249168,252.65454274707858,255.6588856820605,258.9048299606287,262.5439958498178,266.37138071808744,270.4573784976664,274.9198113629616,279.6106117967884,284.6020482039727,289.87777528720954,295.4302121269422,301.25547914555153,307.36486168986255,313.68092545601235,320.23185124751615
experiment_535,227.0,223.4251599590069,220.19548376358162,217.63225195840317,215.54307974269875,213.27765682692842,211.40423253083554,209.98274080506053,208.88817234284318,208.20264924965062,207.87756668154208,207.9402410660878,208.33210700040178,209.51512442577894,210.6392465399899,211.7281163081762,213.60523522652184,216.34553854435023,219.78894970761783,222.71677883774163,225.99696612550042,229.64776394329962,233.70830218333327,238.27089189665446,243.96907247665155,249.08633718564897,255.19553422258963,270.4766966096073,277.69794425084797,285.1935402518005,293.13614718935946,302.31979796580293
experiment_536,227.0,227.22565288350364,227.23468098162448,227.74175272380063,228.71122790600685,228.77377694359896,229.23795539399075,229.92851803515515,230.75529734140906,231.89401413264005,233.28446808749388,234.8905472305159,236.70257700014747,238.69745088094254,240.99495993763375,243.47294609093387,246.0623512917615,248.83820660348846,251.79455514353484,254.97348403303974,258.37857051175905,261.8649211004896,265.49914370176106,269.40831479441044,273.3304456924372,277.33986294233114,281.64280909445665,285.98692869281075,290.3617965792325,294.86115813537674,299.50679430256434,304.1667341016098
experiment_537,227.0,228.421321722348,229.50192637925574,231.00516766916698,232.32863700442567,232.99268770583606,233.54300571715703,234.08906083461855,235.51471925365445,235.99573848019435,236.31407317570103,236.76859115240805,238.04493851812592,238.47520566598052,238.96115411415292,239.56029024174407,240.23835450538724,241.0197133419967,241.86996928715,242.84365077929834,243.91369735879562,245.05352747296007,246.3061568744024,247.6551779559615,249.47956059594884,251.0010891702894,252.55643760916848,254.17899497543263,255.83421129827076,257.459391907611,259.04009812078897,260.68298749343313
experiment_538,227.0,229.9935169548129,232.34090846402023,235.58986848140628,239.16164872339084,241.99971486645984,244.9660081208542,248.1179556234132,252.06397075222029,255.42347786424472,258.7622455566331,269.3234310385718,273.1651906001929,277.293637412989,281.52719624078543,285.4696939374478,290.54245329059637,294.8726723993345,299.3182392830132,303.9466744208364,308.7455708021298,314.05915082256286,318.87851202591156,323.83183315192014,328.93876962775687,334.3218168067015,339.66957847541875,345.2421110127076,350.749182995439,356.4509155123993,362.39493047743065,368.7632758751797
experiment_539,227.0,227.29068819125135,227.23726522417252,227.6758521178122,228.220934212018,228.31436777764682,228.54874013299005,228.9648994689114,229.67261317239527,230.45212152868294,231.3444241062737,232.30446154353248,233.4336672927065,234.64541469633474,236.2936564787217,237.88601280252686,239.73726575722924,241.68928992253564,243.83930663489056,246.24074434138066,248.74311493915326,251.5256050844601,254.44989486655976,257.7102281852089,260.8736430004362,264.3336357508696,268.2720679742467,272.15481629662776,276.7218457333896,281.39137212478585,285.9200229050556,290.7536441972047
experiment_540,227.0,224.34482590751884,221.86088157052106,219.96961847585612,218.64571786853048,217.26463589599481,216.26278419147044,215.6556486050473,215.1534700928836,215.3197820928109,215.89074405377,216.66850725841198,218.07126711092428,220.0395457300172,222.28997803506678,225.01098161854603,228.22210605805708,231.89965733136538,236.20396818740525,240.84238524859273,246.12924893658948,251.99552575868594,258.25719167642734,265.118191376488,272.57183798959306,280.6057022792117,289.1460487635552,298.6923670798732,308.72536633344544,324.2862471035902,336.39246307148625,348.93863742815563
experiment_541,227.0,222.2519437391611,217.75385161213705,213.4510450736145,209.98045982082348,206.34947261318112,202.98750637473753,199.89398788103637,196.8604859044229,194.35023207988252,192.14157581331153,190.21442026412817,188.5897527384666,187.27978145984508,186.31231779021846,185.23557929373277,184.8932059487972,184.82880580342007,185.11565621137072,185.6563773533495,186.57871009066554,188.144751714921,189.71201824565583,191.72460361340893,194.55232644221752,197.01640643846142,199.8461122578839,202.95141275451857,206.5652070095118,210.98302062841373,215.0359849895247,219.6119851754042
experiment_542,227.0,227.0045455045967,226.3727454936556,226.48433919850206,227.2039283062661,227.3857131178529,227.6846298998512,228.09220598195165,229.02164413961728,229.77584602325453,230.7182716425555,232.12927289700008,233.59041439983065,235.16631239347498,237.0092977981261,239.1466488705046,241.45883876119632,244.1615189236246,246.96373541269725,250.09933129259818,253.89464564200568,257.33678789661076,261.25509707495576,265.7292100423193,270.5558283865537,283.3847878868428,290.07329663542725,296.28352189809897,302.9918727940675,310.0242751470908,317.81240528106355,326.4186903461052
experiment_543,227.0,224.18065410547058,221.56149528351034,219.48929092229645,217.94763269438403,216.23263733523942,214.89296074409015,213.85035562439097,213.2763136755934,212.85256559942383,212.77119702342782,212.68161642168866,213.25065902466736,214.25970018634908,215.5181350896395,217.18948476665827,219.39741450592157,221.9136839493994,224.78117877008881,228.18494137262053,231.64927994076209,235.56659110811057,239.83328137816017,244.62692032483346,249.70144847988217,255.9705462321805,262.3220860795467,268.31004714680586,275.4037576343386,282.5910240182303,290.3137114054907,298.762640641969
experiment_544,227.0,230.7277286830834,233.8905178340628,237.47322824829712,241.30654499823353,244.4274734194494,247.50130829041956,250.43677404127737,253.66095054155107,256.4145861437946,258.956963248334,261.44403515088817,263.67589973026344,265.7651306494446,267.68697464171623,269.4583762548084,270.9767621271613,272.3960979943301,273.59955735948313,274.7448866265015,275.6542477507186,276.276343354703,276.70363970612993,276.93429572118174,276.9699428420637,276.8066655307168,276.4194172401234,275.87923863211574,275.14993955639926,274.2107089783394,273.1230504041864,271.8516333299764
experiment_545,227.0,228.0514492174231,228.57835551062672,229.85316060126118,231.74086465816004,232.87301074551715,234.12916423511712,235.56653210769207,237.32729094446324,239.09956772015065,241.09277910851145,243.48509207451863,245.84815870962524,248.50520791203635,251.3258962512782,254.34643866286353,257.6969034408138,261.2614041451491,265.00958833950983,269.0311817866998,273.56629514108516,278.16712634333174,283.14758355358674,288.5655838208496,294.13488026736303,300.85554447490756,307.230248845729,314.7656872649108,328.8975189046812,337.03208141224684,345.70568170712636,354.60805386579864
experiment_546,227.0,224.15403937814133,221.45486229687958,219.30344049962196,217.67799851547005,215.9476082989923,214.44362442460448,213.18944954456913,212.00029760528173,211.25238806485888,210.43238569526807,210.29082947463175,210.56577797308435,210.81451341278935,211.3154017945564,212.06618689889703,213.09368797071386,214.3586106144427,215.9540210630061,217.74300889472374,220.171081901857,222.6142094260235,225.18709786567894,228.01077531177242,231.45410196368042,234.90050776358498,238.60002721926304,242.58050258992085,246.8275521901443,251.61747237866072,263.3556471317151,268.7888210575872
experiment_547,227.0,226.8041926598986,226.32978378979203,226.37231098600705,226.78806363380787,226.51411031236253,226.3642395160708,226.132730646732,226.06399892989236,226.1349824743009,226.65066132724678,226.84744571109258,227.36111069721198,227.67993651236387,228.15449417737113,228.52651291928808,228.93164977075332,229.37700440413076,230.213337330803,230.70295835705974,231.23083587010504,231.82472454503218,232.40247481187953,232.99273177658827,233.6318328545991,234.25020718107473,235.0073117922058,235.83323852296274,236.59600774644957,237.3728976022434,238.69518351413006,239.5335763482422
experiment_548,227.0,225.58839415132366,224.00230144721328,223.2078971947411,223.1945878246683,222.55406451206915,222.2610257438452,222.29199512905026,222.48325126609456,223.01592891566833,223.95836651518965,225.19583797428874,226.71567350831185,228.51342721451036,230.52610014416692,232.78707110222052,235.28411466609126,237.99489393141482,240.9477804504214,244.09698348310684,247.4985911001784,251.04319595311568,254.79827185487358,258.735300154366,262.83506115132326,267.1058228475499,271.5524158768717,276.1679034766933,281.00920667218423,285.96278616429913,291.6165431127871,297.68668324293606
experiment_549,227.0,228.96551800935916,230.57436488064766,232.34023536267551,234.28786864604368,235.43797053212637,236.57592666945806,237.7414435289488,238.77455541303627,240.0415993874823,241.4141794427694,242.87305441498836,244.44395278726222,246.15300421598775,248.0468946664667,250.08468239985794,252.2922939114543,254.6957344312966,257.30643721338583,260.1367391694141,263.2012481811682,266.51649245346556,270.1110043051354,273.98382329263643,278.15471802295417,282.6450319707875,287.5184324192829,292.7320915081664,298.32124249168623,304.3868928524952,310.83453154634753,317.82513200480525
experiment_550,227.0,227.38608972106934,227.35955187101882,227.7994018189739,228.53740231222358,229.05309438199225,229.63886597904846,230.26300049682482,230.80039949629042,231.66479262060997,232.56833445932784,233.52294930570253,234.56331647214915,235.74114679553372,237.0343159959861,238.41308253470947,239.93868091576616,241.73971491958736,243.57386855773706,245.5586931731025,247.8605452695938,250.22572794165293,252.7353010987422,255.39168393838418,258.3428551432515,261.42456459909084,264.9589236744814,269.3264738745229,273.90435016537026,278.9045269652457,283.88585660960547,289.15327229805905
experiment_551,227.0,220.45427782667525,214.45148056231744,209.0953113569619,204.67314240554566,200.39391935867752,196.71200676314945,193.58287072002818,190.85433736288513,188.83492051640474,187.36627146174405,186.45154174078067,186.10922763352377,186.30591411306403,186.76062712500624,188.08698370366756,190.0325444296727,192.56568757648859,195.69944656128052,199.727209192718,204.15688059971944,209.503629107062,215.42193426722898,222.35398383340384,229.88976524124593,238.1696059171582,247.3214551644885,257.46320659697983,268.75709205951694,281.9799538852084,303.894770054933,319.42210275825033
experiment_552,227.0,226.250881391352,225.20739320552468,224.10456299517773,223.4197147642227,222.10938415331668,220.7966083411955,219.52315917212397,218.19736414577585,217.0047425062374,215.86344533653755,214.77780215399918,213.71728294728737,212.70788535056084,211.75436246339555,210.84060017945967,209.975416181924,209.1517161704317,208.38456145152713,207.66750936705134,207.00703559138861,206.3959544508343,205.83733388282096,205.33303610777236,204.88416458238265,204.4903491941923,204.1580489010172,203.88688558123044,203.6789141955545,203.53966704499888,203.4708756337323,203.47820823732644
experiment_553,227.0,224.3829906668122,221.8473560818707,219.69231237687524,217.8044538361446,215.75246006527735,213.91860614004423,212.09664104623047,210.6335854007442,209.5655681076044,208.7724976165989,208.29328209111955,208.12739036757586,208.29969602181396,208.8404498518759,209.72425224608205,211.3511633941037,213.0677780166168,214.7516810215776,217.23741428642595,220.51070355137495,224.08589995644326,228.16657405319955,232.20939846322963,236.6217905686961,241.45953713402236,246.63834910060592,252.30986718772576,258.9909450632444,265.1506303943849,279.67186815472076,287.2316885099214
experiment_554,227.0,228.56713683144514,229.4283104799486,230.8655552762092,232.83048238422077,233.86464422892888,234.8782180816024,235.97305990660692,238.07083200471118,239.2446607300077,240.41198398153796,241.67017884041815,242.96443907538088,244.31036936918377,245.81836645585616,247.27730405554308,248.8249819010141,251.1589009828898,252.7500713936197,254.46090974153066,256.25427572678853,258.32244039646866,260.36732758479496,261.81854083016503,263.69664367577013,266.15183273323,268.1082762783305,270.17462164969197,272.26086280154107,274.3555795715473,276.4657371057169,278.70770487450653
experiment_555,227.0,226.4920396653613,225.7419004076608,224.75706491271626,224.36368499423156,223.83235032824294,223.17063915100996,222.6155874110324,223.29231139366738,222.70117034435782,222.0665529693009,221.4930513355372,220.91635091149445,220.44171558338306,219.95636503094354,219.5878469752617,219.21132619455994,218.89117449750722,218.63285297279407,218.42571200308532,218.2975014923286,218.238025843705,218.27715364656535,218.3588185034534,218.5198945495467,218.75692291803517,219.210102896634,220.4248270959313,220.9437860998076,221.55065279098412,222.18780211428827,222.96111537117645
experiment_556,227.0,228.1085745763886,229.03144448896265,230.27711179272012,232.1024786217194,233.26737689148842,234.6616481062205,236.26133380384454,237.8820133233611,239.91519212555613,242.18311955736021,244.7727618238822,247.52538594759224,250.52854739678713,253.7919747506796,257.3521918228004,261.21677506175297,265.40344450487635,269.961044707506,274.77958871298995,280.0605584541278,285.6433337796341,291.66146228141764,298.09203947272056,304.9310162557359,312.3130220746516,320.13264578101445,328.60216470617416,340.72077719555193,350.4161775236089,360.8411928148119,371.86405847436663
experiment_557,227.0,227.01878360153506,226.81338847053087,227.17858037105125,228.38248022414322,228.96557314144445,229.84571178929048,231.03180588642107,232.39457475276407,234.19613156931507,236.31797409602757,238.77550507318307,241.56590356414927,244.72896196246583,248.25068551239735,252.1804605263295,256.4904152990156,261.22700110531457,266.403320793836,272.0192239488446,278.14661081887556,284.7839450063531,292.01081421190224,299.80368487582035,308.21448066182387,317.3060337346682,327.3703737453999,338.53241760008626,350.34987723812895,362.9327980130413,376.0839600112196,390.30687646364515
experiment_558,227.0,228.4188809451967,229.2576661018476,230.64993511718637,232.36573545932816,233.3072771775265,234.27945756671377,235.28769140569423,236.4937047288186,237.6054888309485,238.78226964380605,240.11152504106016,241.42610405165885,242.73735095856802,244.27805751406933,245.65492306380426,247.0649946154751,248.4987374591621,249.92463731063975,251.4046062232665,252.8428986948324,254.34504697194276,255.77051273619043,257.1861502319652,258.6203795169372,260.0282581700656,261.33067725402105,262.6699729265122,263.9163859325403,265.21914265099076,266.4316913105083,267.56960182923734
experiment_559,227.0,223.28583515444384,219.76987612075868,216.58639637567384,213.71089558751143,210.49132710023565,207.59886675570664,204.9649576299613,202.46564631950565,200.18281921060776,198.10711960123874,196.22867165441863,194.53890531369515,193.14052644439175,191.61617058701103,190.6405782140542,189.90264241807,189.39964850367323,189.18309206019683,189.18818682298638,189.46605919461297,190.01038890466924,191.14441202422063,192.2487664746489,193.60636627565972,195.34254234987282,197.56008091264763,199.87037318032213,202.7115419954785,205.58951471272934,208.6568727433028,212.04689126864707
experiment_560,227.0,224.0969818224696,221.25014620315895,218.89946109215887,216.93686553188314,214.53920480657249,212.4305075772269,210.53821538338053,208.7199788136742,207.35395855212008,206.2573972150232,205.19089655375262,204.64431715135578,204.42194818196282,204.46527957208588,205.1194712624938,205.7766218650499,206.76863390425703,208.08454367406188,209.75656053047567,211.93099500379918,214.22942813632153,217.06929063737954,220.09101089470167,223.7365604568626,227.57773314374194,231.71598823635952,236.23755704238238,241.21305493755276,246.90999888054017,252.34406329482474,258.71578106054903
experiment_561,227.0,226.4107784296769,225.60766548831666,224.6031655374394,224.05538060320828,223.24028026494773,222.39491356513605,221.6747675128276,221.65560758232476,220.94039978941868,220.33546061117724,220.0630848319258,219.61934034166853,219.20300851617122,218.8663711134523,218.62027910768364,218.47747124484678,218.4328142789158,218.48402146456505,218.63107195936516,218.9399185055295,219.30769101078735,219.7945645855609,220.39574129724278,221.0999052754007,221.9205516886086,222.87511346998792,224.02020508400778,225.18580730892666,226.58197256078648,227.98414651773413,229.53128546111208
experiment_562,227.0,227.34283589847445,227.35999008476102,227.6051759923776,228.02424897947628,227.58758550611208,227.28557938279192,226.9987091266305,226.56498208329245,226.30165415789395,226.04969788742778,225.81587861005272,225.58166250195205,225.34980097003836,225.12089094344446,224.8916383221216,224.65888109628503,224.41839390615104,224.16691199901203,223.90079901825646,223.61733340779736,223.30879687262876,222.97219560475503,222.60270093943393,222.1952451095868,221.74457584769775,221.2452435290084,220.68895346672966,220.07455755022158,219.39341525197344,218.6412645224742,217.8092983947506
experiment_563,227.0,224.8255586482316,222.2157252172271,220.29455601455032,218.82085325483,216.58902537279704,214.53638446593666,212.63928850272134,210.38540197678753,208.82511658429948,207.37927799738094,206.07506583762535,204.91573633253586,203.89587570162394,203.01557529000928,202.27860123765686,201.6759274410379,201.2112484480641,200.88681489209458,200.7001704551597,200.65862940685494,200.76468328129909,201.00725758756226,201.3867071907303,201.9286271802224,202.60308047207818,203.4292561818121,204.614750248754,205.75530328458896,207.07349367330767,208.5410344094737,210.20258146638304
experiment_564,227.0,225.37683290419915,223.36776203837508,221.59992341362255,220.37074932754606,218.52077986286946,216.71439166281473,215.11953796798127,213.79445050781572,212.47360690831613,211.32322169775102,210.37191181965966,209.59794939392756,209.02941413849015,208.69298450190612,208.14333106200093,208.3125155412834,209.20466257372703,209.79801267450716,211.30695291053797,212.49539807717156,213.73941703132334,215.21343232624196,216.82002020968184,218.79570231304345,220.82622769328896,223.05972811753415,225.59828362668043,229.18776237547178,231.8129564188916,235.11324002197264,237.761176224848
experiment_565,227.0,223.8365411295392,220.74680517312342,218.42904292727138,216.8775274139952,215.06262005576994,213.6641594228172,212.70526204413858,211.90677441667356,211.84637316588413,212.25331701320312,212.91381249617183,214.27864405449287,216.11264228707353,218.60271476866754,221.49577287942066,224.94746439283344,228.9787528161229,233.77825542909594,239.02941834305312,245.06805159066693,251.84965563563208,259.25838516498226,267.43722459452977,276.5793634506631,286.4270446595341,297.61636024708207,309.69083703522926,327.79947468574824,343.0488550988109,359.3387266408381,377.34005943422665
experiment_566,227.0,221.87578318531476,216.90130268917596,212.8582192706599,209.72459825300535,206.1918233365314,203.1837686557106,200.78926455675133,198.7981703773115,197.53868485722165,196.851409055396,196.75556278380785,197.08029890520032,198.16198951669514,199.8613217619569,202.20147272378617,205.20601567485969,208.8959350580323,213.27833428274926,218.47707393199698,224.35524948659014,231.09348854568483,238.6885007440237,247.12065543307813,256.4490776070053,266.74367214675993,278.2121439097836,290.57576690045494,305.0738198460469,320.7958603765976,336.50361277016344,353.7527053850697
experiment_567,227.0,219.8674434249982,213.33475972251438,207.96414087090056,203.71611969254656,199.71012266357252,196.48706790765155,194.04715455879946,192.27842471366992,191.3792615015369,191.25852612747545,191.90206778120864,193.35295897010798,195.48669520446046,198.58137151556815,202.55366316725943,207.4512776642693,213.32238454142222,220.2341649076971,228.24388504686192,237.416790441393,247.84398718034151,259.5802647607345,272.69780395157755,287.4165067826424,303.7939587257661,322.24821798420834,344.2646792929162,366.6462244944005,391.38549888463524,419.6537005448358,449.9552544115468
experiment_568,227.0,225.3855265470479,223.64645545239858,222.64962955825524,222.3715853241509,221.62584630537322,220.85641465602035,220.94726465575638,222.32429376254044,223.21521404513368,224.2290482452794,225.6238400733532,227.3569185524006,229.56983979179432,232.18451831490432,235.19058823318875,238.54060832545,242.47954593320608,255.36653623434137,260.43947577664926,266.23927379807276,272.8729293731045,279.7853687678045,287.04463353289566,295.09827299016456,303.6849430287933,314.0494018600215,323.55648130990437,333.4324110918798,344.3437501491075,355.8831607562962,368.334858651557
experiment_569,227.0,220.5199074353626,214.34585249791616,209.4194120596766,205.34685715869784,200.96671247228454,197.26919438363865,194.20661697714962,191.64211155755362,189.8042835658751,188.55419803075057,187.91468347798082,187.83850727468666,188.35687524978204,189.4583936948189,191.20816664341726,193.24835620277167,196.24535924659597,200.19010809058966,204.52637685464578,209.77373860919238,216.00838203996892,223.03429846096446,230.73223968614687,239.44434055326184,249.56112400665364,268.46932904403667,282.06970229444903,296.8321068812821,313.75612860598477,331.6587806843869,350.94345531319345
experiment_570,227.0,223.0013221857372,218.98479387765929,215.75662312462345,213.35003367471646,210.60255043046683,208.33710918384412,206.57768476220303,205.19805688405626,204.5223010624586,204.4253442893148,204.78385739973672,205.92192421289144,207.7434629703252,210.24369966024707,213.4929559764899,217.4917116830291,222.40138377362297,228.05916221166763,234.5799156346373,242.17321601951406,250.6394017779695,260.1140026235157,270.7558209396812,282.5621944315811,295.52417427243796,309.753357443274,329.0876971422208,346.5449916652947,365.6501091325972,386.7119785088146,408.6063871830079
experiment_571,227.0,230.63139548053758,233.43992216320072,236.6095106231321,239.94113450204156,242.2763226988887,244.46025519722278,246.5477888877186,248.5012944827297,250.41561713789693,252.3188822793594,254.09363933400124,255.96295542865485,257.6416079870663,259.3040003315708,260.9419948700146,262.58700677703223,264.2398295664667,265.8979806200379,267.6004236359179,269.35011182125436,271.0713972435877,272.8459017769343,274.7045877523181,276.591633820317,278.60059699446373,280.5800260497537,282.6312381677627,284.7506647236166,286.7971669195399,288.9198899150687,291.1086534711801
experiment_572,227.0,223.3654275293853,219.69151830533323,216.97633448962742,215.21891934647056,212.86007972366016,210.94919024699314,209.49649587273646,208.35577205154988,207.7840973259062,207.6638220548597,207.9791834288401,208.74526512679273,209.96411259122124,211.65211104345076,213.71466471891398,216.39174705160661,219.57221118084942,223.32243614625344,227.65490630938154,232.61556969677991,238.1977788771709,244.4563283189079,251.51516791817238,259.33033691924805,268.00500388458136,277.5670743651914,288.15330211678486,299.8042680511668,312.6752089670782,326.80940120691105,344.0264351104437
experiment_573,227.0,225.50404731872746,223.6606523221667,222.4823036784262,221.84186211790274,220.49298980943377,219.37874105675888,218.4829070739334,217.59435773035145,216.58082391719344,216.0292055705927,215.6543719937813,215.32564847307384,215.1389270104596,215.02250302678664,214.99837033777695,215.00806929781743,215.28756057733386,215.6178580190371,215.9617959561652,216.2508281884821,216.65230982651127,217.28450248949645,217.80549702524132,218.44572514940137,219.07710051033908,219.78486972463136,220.58139845474298,221.43070893199587,222.48235686463966,223.52576061506386,224.74083192642013
experiment_574,227.0,221.35646037173427,215.93297999277223,211.41738050832845,207.78874838513036,204.00521052232708,200.8159117923375,198.2254282234684,196.0907991246661,194.7267217952694,193.9930997228372,193.90833641763066,194.50963769017937,195.6711404518306,197.70884603908453,200.52803075233516,204.17857677727858,208.7154241054524,214.1911514777589,220.69020520891794,228.28313631713405,237.0005367259189,246.99703606066822,258.2620754315829,270.94316586746834,285.30671761356496,301.1655079261483,318.8526680119022,338.41429455291797,363.74419883738824,388.2073000050256,415.95548951363025
experiment_575,227.0,221.33639499888267,215.90811287703036,210.97671172001736,206.358532108278,201.89792437953815,197.74089776202763,193.89117575938855,190.13465695892415,186.91772012764943,184.03509807938218,181.48013290527535,179.27144505965728,177.38252964118786,175.83483511854544,174.63640002375362,173.74732526956402,172.99986554144243,172.88915243056124,173.20556243518126,173.86834602825655,174.93122087945042,176.42202808041304,178.3286189471974,180.67753656561936,183.48744055336982,186.81359958646647,190.6436844827149,195.01290315205304,200.14532487349652,205.659769070678,212.0133189220193
experiment_576,227.0,223.27627233340343,219.72498767478191,216.7748424022555,214.46218566417832,211.97195470476342,209.79991944651852,207.73397004815877,205.89496237456126,204.54557899750452,203.45789651422135,202.64006757504654,202.09395845407488,201.56432700737426,201.5876752959243,201.85936560537345,202.39047817698804,203.25135037551402,204.6198255569439,206.00682609806734,207.7115431579479,209.7236430236665,212.02761064293935,214.84605390647974,217.99795499415907,221.41734940253025,225.10438394062137,229.0707799800531,233.4261532489581,238.24779958872344,243.43146159763967,249.49819162694834
experiment_577,227.0,230.72269494792675,233.8779885776613,237.36075480117586,241.08594110314007,243.37907249787196,245.59759939376397,247.77594494405534,249.91249167371063,251.99178347208021,254.04496171842277,256.1014097993316,258.13539236762745,260.17292850349395,262.21643252355375,264.3739574408637,266.4752621699287,268.58669677034936,270.7474639537938,272.9446274688094,275.17658585263183,277.5883940886341,279.90625381310304,282.29219984954943,284.7774410729197,287.32793860087804,289.94802426434967,292.6330593458423,295.45942133103995,298.26224990242076,301.13862017044113,304.0746589493979
experiment_578,227.0,226.11270446447537,225.0267209725571,224.09415927724214,223.66324240702073,223.01620524021618,222.52772886989362,222.23569545412323,221.97006040069542,222.1946125183419,222.6477852362856,223.40334426516858,224.46304121319145,225.8752623216419,227.63681977678976,229.78687894821832,232.39872668419315,235.3996024487354,238.9162342712794,242.86131624087392,247.29765337081707,252.22067011815278,257.7027925643233,263.73060133496267,270.34063656543174,277.7143787821666,285.5641008633272,294.0304823466693,303.20830902925786,313.0872574027758,324.6630243388787,338.6639480420691
experiment_579,227.0,223.16074015861136,219.34426648792424,215.98063291992108,213.09623555825235,210.01500452198016,207.0439748440169,204.35565092443818,201.7709304667412,199.53333646576482,197.49805636719773,195.685256044291,194.08926181570737,192.72128640379432,191.57894418758508,190.6835664158314,190.00398850081598,189.33323109521055,189.1171458295097,189.1356228145665,189.39368119603944,189.89332000699108,190.63792787105447,191.63653136628218,192.9001300685672,194.41364893628844,196.18016364142898,198.19615924809926,200.4740259360538,203.0917037599669,205.8929800358267,208.9553182193287
experiment_580,227.0,225.0021330641215,222.69588380914792,220.77979350509275,219.25632299617178,217.23194815858852,215.26395268730374,213.1384180507123,211.6011622749166,210.07234604143795,208.7417699448842,207.5272242229422,206.43272115960048,205.48375278083572,204.6833299989569,204.0352648369417,203.5458853017987,203.21845281682886,203.0774830609737,203.07627591120522,203.27354604628067,203.6099865988929,204.23127389985447,205.0107172339992,205.89765247008657,207.1034086357908,208.34082449464984,210.07994741877044,211.70627629739892,213.47400669142957,215.48827820453997,217.63498230096565
experiment_581,227.0,221.18683458149968,215.7273867674399,210.8801872713331,206.85438490011126,202.76399249381535,199.12976958137403,195.93410305595967,193.04201632606197,190.7408825015541,188.8522559158044,187.39435509886488,186.37123430377744,185.78342093225257,185.6272991517031,185.90080126016323,186.6139726462926,187.7776042403001,189.42405895902914,191.29583007371687,193.86982212459438,196.97924749787057,200.58710931094348,204.73658653286674,209.6036683309016,214.8655263385417,220.86698425763467,227.41636731616802,234.6937569370774,242.65150322239498,251.26856542140686,260.44886172161034
experiment_582,227.0,229.41608368838527,231.3420213084214,233.66184912255883,236.30892615911927,238.53942820653072,240.7068037104134,242.91523905026105,245.70957609622633,248.06428410293537,250.61071127753905,253.2070610114086,255.8891335329971,258.75117512597524,261.6197015997441,264.7057205131472,272.9068030289293,276.4013019537179,280.31184565371734,284.45304617212383,288.5194086072134,292.93590663343525,297.6946277030378,302.36539780485,307.8590047092303,313.03717451828044,318.4429571966117,324.1159177625074,329.94048349138654,335.9489732703148,342.2670019220743,348.77263972004766
experiment_583,227.0,225.6196738139123,224.27939466765068,223.32014565104475,222.72104229945464,221.57347481255286,221.09565063601644,220.88774798734727,222.84025522739304,223.1776897872712,223.811277223703,224.92428268000302,226.2898182161245,227.98254570299565,229.95099084638744,232.22608160923602,236.09663489542453,239.0888287724896,243.08016366336577,247.0935108650679,251.13058206573663,255.49204072119633,260.43547285561874,265.7695290582649,273.09685649099663,293.4175158502461,300.6668364375539,308.1039181910375,315.788827109835,323.9969718698808,332.7462599129542,342.18518142207796
experiment_584,227.0,225.80849723150553,224.2432429819768,223.26908939737933,222.66942952571992,221.6888527348952,220.90455195618017,220.32676482481958,219.92406859639073,219.786067413551,219.90886154575253,220.2863562197689,220.87998686509258,221.76673674445368,223.06545784155463,224.5016216725654,226.31099779047844,228.35536386583297,230.7584504081539,233.42089341194355,236.4408954569871,239.94533940592623,243.90015730288258,248.0282275817337,252.48848686402604,257.26977106199547,262.4362097706696,268.04349991860954,274.4490523528295,281.04713167108935,294.04671791448493,301.6671977756309
experiment_585,227.0,227.18551547163622,227.1494249378846,227.38381530327388,228.36359726846837,228.65706123820848,229.11035240968891,229.8315955335137,231.04429264370225,232.07479778690308,233.27883842212904,234.67361320135814,236.45361487895764,238.16006340793047,240.1176086196246,242.11282239411355,244.2744335506491,246.5384181011002,248.9972017437283,251.46297256097535,254.1503137856039,256.8047584532667,259.66170840254637,262.47346456749955,265.330395776787,268.41836234095217,271.56717290951156,274.7966832664784,278.0091745459115,281.7937294814302,285.00219713430926,288.27961654887673
experiment_586,227.0,227.71520299030988,228.2800482983127,229.54741342503652,231.7928633196434,233.53083112092858,235.77098832765492,238.55689632711778,241.7294054985391,245.70010275678362,250.33800789617993,255.69024577724613,261.79189217210995,268.71205034785237,276.478963443924,285.20387852648497,294.9094636268233,306.8245499218205,318.770160381947,332.0044582410337,346.59039050969443,362.50192096400906,379.842814444188,398.8011098928374,419.5909317389071,442.7404098267518,467.8623486767086,494.57571718403926,523.0562794181092,554.2493080399054,602.9648439549892,624.7629562024388
experiment_587,227.0,228.22186522278867,229.06758659037288,230.45665314816222,232.29468686975864,233.79979973654687,235.48289165547968,237.28788380351875,239.08575667586803,241.31253869298868,243.62240213557087,246.0293377479595,248.58650413069648,251.28988656429487,254.17148777652764,257.2981334387771,260.4522297585414,263.7631134523368,267.1981050688281,270.905984565343,274.6169178749372,278.41815208174086,282.3933837295355,286.5279015188253,294.03472835859304,298.5132066104996,303.1347953822302,307.72690665252867,312.457791049399,317.4069698517562,322.50088099806055,327.48910962532875
experiment_588,227.0,224.1846876722252,221.49848582450682,219.12413352570616,217.01741636216204,214.6585634553719,212.28208442277366,210.17276545459637,208.70578724436965,207.00273204210902,205.5034041272175,204.22733849098154,203.15596761638977,202.3390409245666,201.38932774729204,201.0408141885527,200.94250666150634,201.15983045383913,201.73739135504007,202.7740288747857,204.55994891520203,206.09746970325574,207.81882203019705,209.9025283090034,212.37433609105383,215.1978213413273,218.64126858089367,223.18363999204195,227.6881853365554,231.96020914535825,236.89936198147967,242.57086100286017
experiment_589,227.0,226.5118839395408,225.8750136421408,225.33024657904292,225.4388929921794,225.17881350856877,225.14372869338348,225.2959443512091,225.697334445696,226.5577121207663,227.23258361146299,228.12096617669036,229.24493892112844,230.7886085541539,232.32716169731455,234.15003074927586,236.1845812457599,238.42654178232078,240.89983494883614,243.68868069470233,246.64872278859752,249.89562177150532,253.31574982659976,257.385293882986,260.87442937872663,264.9343346602507,269.29266033539307,281.4027860861209,286.98134581145035,292.46379788008466,297.9585458675203,303.534048830118
experiment_590,227.0,226.38218045920692,225.48140504801393,224.70478554103565,224.56089836101347,223.64062210179262,222.90295012037427,222.2340350695315,221.69413316700073,221.27336105303453,220.97120702525933,221.05883764475402,221.14935606835292,221.2092633594748,221.51411739192235,221.81597607322266,222.23564630878062,222.77013593896083,223.4795945292733,224.23384650557813,225.38380978556626,226.4359885710514,227.63241740138102,229.0416536358419,230.50317125712667,232.12293127360033,233.87430893739344,235.8051230850237,237.88016692112495,240.20511449214465,242.71460924850132,245.3297092028517
experiment_591,227.0,227.28098808450798,226.91466598467122,227.1055643312139,227.58296068057803,227.44283089195494,227.33912169831606,227.37334490037082,227.9501415477074,228.24184798899302,228.6383471967912,229.17203206735277,229.8506357301497,230.73054709671723,231.79732119972425,233.24567128316698,234.74876480549187,236.41433765109664,238.416665477021,240.64065261941045,243.58319213212627,246.22507130122898,249.029003199639,252.44134772947365,256.1870716716316,260.1057448924932,264.41172184562635,269.6347640134617,274.8485656696684,280.0998833228699,285.7742923799128,300.7278934167685
experiment_592,227.0,228.99163935210052,230.4996965604462,232.719682978695,235.5046168467262,237.48853956712315,239.63815106138588,241.91665135704358,244.5010897260793,247.0549078288139,249.98919279573752,252.8817395928105,255.87950936340698,259.06499057006647,262.27017933030527,265.5305637086449,268.77451596870105,272.11802776493624,275.49061813394974,278.87928943766394,282.2352371140371,285.85902931396026,293.97427107065874,297.3370395526033,300.88125473518346,304.0499908760564,307.22660854539384,310.16171973066463,312.97937105421096,315.4984694562357,318.0220988325035,320.39754963783435
experiment_593,227.0,227.90114080644327,228.7231378699028,229.97484261149862,231.96156462463654,233.57409839499073,235.46564826768613,237.66842249256183,239.95314927353175,242.7409472886897,245.87528273030176,249.28531829996194,252.98427711864224,257.02439753095103,261.3856664106768,266.10333191400827,271.1588382236052,276.57487753142544,282.48858894557503,288.70042628656097,295.31178919618804,302.310990639586,309.7547356359054,317.6901186675915,326.0910001134597,335.6844791373396,345.9234853045681,357.62539240812475,368.24217969722844,379.63384352271237,391.61639261650646,406.0432986305339
experiment_594,227.0,226.97574954295612,226.56754081079458,226.86367472177724,227.5501325880606,228.1956131791771,228.8385403612057,229.55360824506488,232.1383778960587,233.2983950696442,234.5312061261141,235.91663100212287,238.61716522291607,240.39919715228652,242.14936792998546,244.48062297161454,246.84821616807653,249.31776122743042,251.5237544217655,253.66239132560162,257.7468293864541,260.4004062295014,273.9862938734102,277.1867596753392,280.7241396901758,284.1459772540975,287.63701444852165,291.2162540572933,296.23993352279524,300.0950495673358,303.50644108526444,307.32617269724597
experiment_595,227.0,225.4608135313801,223.76068286524793,222.72036721162908,222.53296666245214,221.71926877768226,221.26932337278544,221.2085858539644,221.44701096109344,222.16451031766672,223.30125026465925,224.8392582439384,226.8147054750159,229.22937002163457,232.12072174970598,235.47914782407972,239.33779861508998,243.70243635662058,248.62420630963334,254.12664628997118,260.21208092791045,266.91288835646816,274.24060288785586,282.2443931551923,290.9453430162074,300.7750576777968,311.5717404061994,323.08266212701494,335.261534267889,348.44618669539227,362.42481564810817,377.3351752294754
experiment_596,227.0,223.55913598789687,220.11236678329664,217.1434301865504,214.58405059803772,211.72569665195962,209.1469686390254,206.8600101416397,204.68009820772176,203.00588965202942,201.64860087123364,200.62293026330977,199.930487081254,199.58757656798014,199.6012771102299,199.9747922070361,200.7180087585403,201.85313864026034,203.17998463986686,205.06800525072742,207.35502986977662,210.05809434762105,213.1458634465532,216.66042225795317,220.56740087931234,225.00780516381477,229.73744731439828,234.90111724909698,240.5314445176558,246.51448711180151,252.82155315963246,259.61946474376253
experiment_597,227.0,231.85810563837555,236.35536879040967,241.55142488801707,247.27523955080028,252.26335299362,257.49737673790014,262.95896238517173,268.550991979606,274.5321003218305,280.8220869349832,288.8533751134325,295.83634277290366,303.1635008324989,310.8529191606867,318.9573471974022,327.1129236873108,335.9569087791713,345.30355671964617,355.04494741606857,365.27206917588535,376.0099591719237,387.36263538749415,399.27083760025334,411.6884535660311,424.83677838057025,440.2367508419793,454.96204700694074,470.34449657232744,487.16893724932174,504.37629170538065,522.8177336263751
experiment_598,227.0,225.60277987992208,224.20192761159268,223.2863937018439,222.48397146108908,221.6930811914621,221.2210549918153,220.93295135265987,221.59037747583312,221.9404564138539,222.44487389626232,223.52370808794876,224.48648613669542,225.73861942348148,227.20777321176388,228.97480005987316,230.9490161402934,233.20913574504243,235.8305306557883,238.73049037244903,242.5968735330568,245.90050151990624,249.55660049429915,253.330441784421,257.495071605681,262.74816645470634,269.72799971571635,275.3895232870721,289.70455228405694,296.2289695997681,304.1259597098739,311.7072159221099
experiment_599,227.0,219.97980816493416,213.3564468550296,207.79808778260863,203.38141876685614,198.97799773200745,195.2157346922544,192.08553678639026,189.4664463067257,187.53959954313478,186.21359448543433,185.46381671979458,185.30722905605978,185.73563771255476,186.77944217907643,188.3068453482696,190.57932315878776,193.50734936082867,197.12564382247677,201.4578330290495,206.56397984762387,212.47141314915274,219.25352639942997,226.92746872808593,235.58755743136805,245.30766503897976,256.07205211745895,268.0324216155985,281.7036187359313,297.60185163985733,314.5558869788271,333.2874221523389
experiment_600,227.0,227.3112654712902,227.4034955122474,227.380429514509,227.73926816430645,227.8402169607299,228.05238048601007,228.31123209728935,229.80716524573967,229.89697382602276,229.96613845005794,230.03854052435378,230.0763657090137,230.09002205364044,230.0901981761121,230.0724926221465,230.12024738325454,230.05133703960095,229.9538213846246,229.84345481543528,229.69285849707813,229.51435328341108,229.3140350635246,229.07662468076117,228.8127616385567,228.52351605866414,228.20268586377335,227.8534845264228,227.5455993305947,227.12041467158645,226.68806176958668,226.16387166174883
experiment_601,227.0,226.72089821295242,226.0687792463445,225.93381876532106,226.20868026953133,225.33947079305318,224.82816251283958,224.4888435012883,224.2287205126932,224.22907337582967,224.43901378252897,224.80918870979826,225.35877900500265,226.09942132873397,227.0487056123024,228.19685471834964,229.56001795377858,231.15398061025934,232.9377336131443,234.93979044164732,237.33603787572304,239.910406723123,242.64884591381116,245.64764896757495,249.03797316028368,252.62252283879266,256.6121141589416,260.773721761747,265.24546032722407,270.0271615757676,275.11504183475944,280.563896642941
experiment_602,227.0,224.66993423663027,222.35917983871752,220.69148358195378,219.6665719425613,218.32509147273555,217.31882820059582,216.57029492357884,216.11277005508367,215.6931621696775,215.8675265282614,216.34897738077,217.0888087432736,218.21120955803792,219.80984893758057,221.59516713449574,223.69953772075212,226.03560907188313,228.97479740150578,232.07343691890753,235.51082337460088,239.3972585949311,243.54097796184243,248.25162411634332,253.35618977107436,258.7692770754136,264.9588773546468,271.8085247662385,279.17008045462666,286.7194100954534,295.01475551998743,304.0592747353113
experiment_603,227.0,226.70607723180578,226.28729222637983,226.6481046097274,227.63734947028235,228.35205883392229,229.41813770752142,230.88322953665207,232.49910644536004,234.6396217303876,237.30431665042164,240.2109308924495,243.47448358394848,247.1475612195154,251.21226264188795,255.8236127866512,260.771326860582,266.30657935315423,272.13292322693314,278.63912306484167,285.59368840482546,296.71149253470867,305.07556083363613,314.415756471412,324.22593030039206,334.92063440720625,346.3773724971835,359.55689207787367,372.87869445009375,387.3819466923982,402.84696007635466,423.3645727483437
experiment_604,227.0,225.30404286887097,223.47480487273953,221.6241647985065,220.39083793399175,218.92491294158847,217.72719651640085,216.6628535877955,217.43226449553737,216.76535622415133,216.28355836044383,216.05174357528156,216.01341302621705,216.13495816812718,216.62030585119643,217.33469130652315,218.22503351143988,219.3507600959723,220.7644040810547,222.58267553763818,225.48836860178363,227.77267546546454,230.25995216619995,233.4911077960041,236.0036638317123,239.5549820532168,243.36041714438534,247.46787202432864,251.7700250646073,256.7989876034403,261.8250578263546,267.10703193783206
experiment_605,227.0,227.93853135442203,228.87820555071414,230.13781680410975,231.98557088849583,233.50124479573847,235.33534985406166,237.33804792520772,239.7185426762085,242.1732450750562,244.82884521175063,247.8331844337804,250.92560677004542,254.3305640354853,257.7810121065158,261.41059579778556,265.2216573872305,269.1287222557407,273.08610723469315,277.22898170003697,281.53052419684707,286.2847344273927,291.06597263773546,297.57844117864437,301.6672071476287,307.83956011460566,314.8925338799954,317.69754019632137,327.1759306084526,333.6464384526602,340.88345277540475,349.23563635627477
experiment_606,227.0,223.89523879691413,220.94591898328423,218.46058419164925,216.33532722827402,214.00387651790356,211.911789815713,210.0617548319471,208.3644372210623,207.00715886288688,205.87110300316158,204.96496116456586,204.28218573480225,203.86223716602404,203.65251562444007,203.68127698713744,203.9637749773104,204.52497202833348,205.3724033679227,206.4103119289457,207.8965090272531,209.53493473730197,211.51536753014818,213.85459451924515,216.90375207087516,220.32087862239854,223.55224912411234,227.12750881889357,231.02024286008088,235.3416609676503,239.97881962707453,245.1087548939475
experiment_607,227.0,226.96893760947012,226.7505382627339,226.45961317925983,226.62774960048677,226.36685170162326,226.08595693326532,225.91182924681513,226.22237968429687,226.12518436405185,226.03772963525194,226.28931276593926,226.31136475738322,226.42063090620013,226.53435533631006,226.66853050056557,226.83251774273484,227.0981459491242,227.3364408382617,227.60146482061998,227.8903062683445,228.21067581477874,228.57256975345413,228.9314820019806,229.4089959157916,229.9172074212775,230.371905785063,230.83905477564343,231.32229710205553,231.79624156648987,232.33033187199595,232.86171923683162
experiment_608,227.0,229.27343040959266,230.92661946318898,232.9937094431243,235.43448765510442,237.23299489032726,238.81017579436917,240.3128203628752,243.08854799725944,244.5251213722041,245.80759687505235,247.10108365491436,248.24684954758166,249.34952939763332,250.51214313145496,251.45873961503077,252.32946926781153,254.0726600470865,254.8656181840632,255.58248953607423,256.1902858920736,256.75915224577767,257.31553145422527,257.8265860396872,258.3011286318901,258.7547750273424,259.16489404964415,259.54932516302205,259.8458067674907,260.4876519115882,260.7947285374843,261.12758751700676
experiment_609,227.0,226.51991966941085,225.3916302557613,224.03302775886584,223.0088895792257,220.9914766804245,218.90021668155282,216.67613473554388,214.36584946970632,212.03313468000343,209.69031403472007,207.37822183710932,204.77275921222923,202.54292661424523,200.37101720293083,198.3074581882388,196.30670443411043,194.48327014313344,192.79486060443804,191.21405959519262,189.833036223864,188.62327492713985,187.59713017101075,186.75722215261578,186.10304370973932,185.63958949428172,185.367427036836,185.28370916071117,185.38555030033592,185.66768857479985,186.1143805314813,186.73432323014487
experiment_610,227.0,229.00656809732988,230.59761293170465,232.77936787931657,235.5356744071095,237.61676420687598,239.81783339406445,242.12777789774594,244.39395006486285,246.94982834001314,249.6194010156558,252.42659173854383,255.34387869916293,258.35991157469135,261.4911523549729,264.7370936962482,268.08777334353846,271.52744503358,275.08495589791437,278.74888273294755,282.5072348209641,286.3870726911971,290.33872073461896,294.38746884570253,298.54241578788896,302.77928820870807,307.1307107469243,311.54738829851203,316.292773284908,321.29301262556015,326.42309445532015,331.6989481495502
experiment_611,227.0,227.3398993621687,227.22904890146054,227.48902213139303,228.07218488996693,228.05109835746038,228.1475886289558,228.40543066161874,228.75739358136155,229.39864503306947,230.27547328112195,231.40839071763153,232.79897281511728,234.47393414501656,236.47432723994208,238.7854929291537,241.43407099524734,244.42892353227586,247.80722216575964,251.5793928249156,255.73284363317617,260.30711630559443,265.27343245573786,270.6603092499978,276.457839422441,282.6673856996031,289.3047531961663,296.35958177207704,304.77476111352644,312.7438111154362,321.1427294999635,329.90599462519896
experiment_612,227.0,226.88206426121815,226.08194356726548,225.6206766579109,225.269429992104,224.64328631926475,223.74734435298657,222.88038193528257,223.27827970940274,222.33433946902423,221.45902644418638,220.6831475506921,219.9069553363772,219.29473571561238,218.72470693061524,218.27978064119878,217.97388040017694,217.81261400842524,217.8466826124242,218.0293502003312,218.53715820777822,219.26396759814557,220.03087869600597,221.89743703769528,223.10513921438292,224.51265284307925,226.1489279019904,228.34319858471267,230.65062100841723,232.6928468002359,235.3085393099877,237.98584388540056
experiment_613,227.0,225.91229726472588,224.5392296737129,223.431278312629,223.03660377953568,222.13496888132514,221.38567961806424,220.82360873037874,220.34468294321422,220.17929318748887,220.20218973881197,220.4372971334655,220.8978862040098,221.56991523190408,222.429177026371,223.5086342295462,224.82919115609158,226.4110173831006,228.2960736507074,230.3848747653928,232.65012081325958,235.15243349496228,237.90471034071356,240.96391321417258,244.35773900573486,247.89242541379326,251.70474257290198,255.9441508265084,260.3303533758037,264.97012306794244,269.92478511205445,279.0315750186709
experiment_614,227.0,228.49624039771095,229.13691282537468,230.5605370077129,232.13523737538284,232.95692426163885,233.70441527647202,234.25586121824352,235.7430229377748,236.04605854799024,236.21129641504308,236.39668463707144,236.29266877970667,236.04922338302782,235.64461144223037,235.1212773407038,234.46416836989135,233.67380785114352,232.76243645060077,231.7082494823368,230.5729655075586,229.35429690805677,228.06260302954706,226.69981363285368,225.1753423749989,223.72524050301993,222.23899774625016,220.75272594393533,219.26584669194904,217.77691047838664,216.28653377920512,214.8610661083044
experiment_615,227.0,229.72347590988292,231.51348011290878,233.5326612032975,235.7891629637681,236.87639257927302,237.7265602850357,238.35240232561083,238.68048374527953,238.91656994030458,238.98256359487806,238.88669642626445,238.64975397616433,238.27447450939758,237.77724905841146,237.16902615320708,236.46003243617366,235.65664540697094,234.7768709282033,233.8197868116389,232.79326856167435,231.67776537189826,230.53636509983204,229.34684026770427,228.08439674307834,226.80092450633944,225.47245266028105,224.10712843414257,222.7011910571402,221.24372533751796,219.74905522426778,218.21611359492718
experiment_616,227.0,221.87913677439212,217.03839324328825,213.1219383390392,210.11980115884026,207.04136784618785,204.5043031324322,202.49877529680353,200.91576928025282,199.9238538487054,199.42719361435297,199.40863162774176,199.79492318631486,200.7451525256529,202.18343023983988,204.11681114487754,206.55612562545303,209.5104786872277,213.01209944631745,217.0694976547988,221.70815017809048,226.94803418201212,232.83575399054826,239.39546707521086,246.64225190025653,254.65828194462352,263.4736659561578,273.1207545053109,283.64643690758976,295.1291640947097,307.66037321644995,321.29570996800516
experiment_617,227.0,224.9595424546258,222.69191221094718,220.99677588546518,219.4674838845494,217.8712241195495,216.72205456152298,215.71164255930998,214.66231950736864,214.18826923592638,214.0820808933652,214.25679874993358,214.8394742942586,215.94140696782938,217.22141502439052,218.7402686033999,220.613887702791,223.1118575586604,225.85354721732568,228.89243477423454,232.3309373228166,236.24045179213218,240.61288251613928,245.2317015167964,250.77175155396384,255.83340326849833,261.7954575257225,276.31508122383434,284.12393208859316,292.0089015669044,300.0894140815528,308.7445924164044
experiment_618,227.0,226.90643150266936,226.76942367000433,226.58807739562027,226.9408544120864,227.13133264205587,227.3886805089141,227.86319797572702,229.01701417726395,229.62493928062904,230.8022387398551,231.79548415383425,232.91362181732097,234.21597258984866,235.61243053292637,237.17843349643888,238.8613186764231,240.8005486020809,242.83323200615465,245.12641091777968,248.0800060975672,250.58971346590565,253.25273695152748,255.81743556079786,258.96123532643463,262.0704421203232,266.22806473691134,269.99692709003773,274.23525347281293,278.3670385075811,282.8285591993628,288.07645414270667
experiment_619,227.0,223.91525458863896,221.17321323236075,218.97239766127015,217.26965401245172,215.4918386291426,214.05108149110004,212.92398227340175,211.83208630660502,211.32613507870877,211.11359521795856,211.2247098150029,211.9118729515651,212.31219172477262,213.26640993812882,214.5840880706001,216.16216184265403,218.09175611156581,220.63060637671248,223.2124715785681,226.22988729483438,229.381495697275,232.83857693758694,236.5946198551183,240.78145331715527,245.25048110039376,250.0428994831883,255.96609910356554,261.2979381428923,267.3379832646643,274.4587625232361,281.35322889247266
experiment_620,227.0,224.01151097393222,221.07282846667854,218.57126217054918,216.40492151873752,214.02463698369053,211.86305217810502,209.68513095245504,207.71320632951048,206.22047922553452,204.96338353173894,203.92845788960443,203.1240079734369,202.5367460180829,202.1837380767176,202.1514166156706,202.3195033178688,202.61785121734042,203.1413994235303,203.86849194269126,204.83610702955525,206.14498227290719,207.52609671154187,209.184277746941,210.97257795198482,212.8294952495586,215.11694393664743,217.6982121881517,220.7515697761092,224.82691561685,228.88275555566912,233.7316847758711
experiment_621,227.0,227.93276024049683,228.77040642410455,229.80221964729688,231.58489356768246,233.15659114550567,234.8533851604901,236.75883295551168,240.12598303255638,242.38326234843908,244.9083165705946,247.74774979998693,250.6235335778185,253.65948107029982,257.0308523693012,268.76744350436513,272.72706838117284,276.8007602177672,281.51801886020723,286.18928905577206,291.0612446368527,296.27508032020125,301.5403214249281,307.0298321313523,312.78460850908596,318.7709244284338,325.7610436469481,331.9437603383866,338.22208870504505,344.6947157134934,351.52524961241386,358.3300202272794
experiment_622,227.0,225.80492459205672,224.23598029187588,223.27061352529188,222.7195123051103,221.7161649964736,220.72344141040455,219.60688952972117,219.00580885795523,218.38841797806992,218.3173403792687,217.86718290750497,217.54033710237917,217.3103009748166,217.29153232505206,217.53646882312984,217.66134833039092,218.0907403857226,218.91719707027613,219.44799984089371,220.11955163091966,220.9514175584822,221.9250457054136,223.08606911136914,224.3268317593932,225.871056743096,227.5310758298002,229.43950670770528,231.49925861867442,233.80235638131177,236.31465354520117,239.25408596001603
experiment_623,227.0,226.8476105495458,226.04337998738998,225.74743031957433,225.67940044955418,225.1485686579369,224.55733225182803,224.03471455896886,223.91544288108585,223.4173961220752,222.98634431993193,222.64457129563567,222.3861862508794,222.2727045159421,222.23168215268623,222.32277174639455,222.80906024882904,223.22843773826852,223.77475096540337,224.555507844704,225.48946608701618,226.61365619368578,227.97078613042353,229.66803703419527,231.5247246316066,233.68423819779235,236.23187404440918,238.96926200444403,242.09070269922435,246.0626081900644,250.02211733163202,254.06227405554347
experiment_624,227.0,229.07504672077852,230.55973222014302,232.61583481378634,235.16803157431832,236.8082820422129,238.5368884660148,240.3069522540385,242.02611245547862,244.00390409067532,246.06296470806848,248.1506450158208,250.31706127456354,252.57276224721306,254.89697640654293,257.29262421264553,259.76059348783394,262.2987240041707,264.9147570065622,267.63353211302217,270.3834850853373,273.14058534851233,275.9429754718956,278.881460239944,281.78028221924404,284.70608833426087,287.64149441875446,290.585281048478,293.56697084055827,296.4666500398929,299.35424177024737,302.21421722460525
experiment_625,227.0,227.52894291549407,227.913474469478,228.82269135905787,230.49851192048197,231.52239274955792,232.8985201557752,234.57075500253347,236.40574524710604,238.7282822044752,241.35144037053922,244.34087287849394,247.69798144123763,251.34998655456366,255.37689307068604,259.7733216362067,264.5366487530439,269.695531047979,275.2735431812755,281.33883361512164,287.8520471009484,294.8921915669906,302.4433893155639,311.4205997472902,321.0632657659238,331.3303199037484,341.97632647540155,353.77082999035133,363.10313345259044,375.47869443638297,388.9398475484662,404.73349579822127
experiment_626,227.0,229.18712393069666,231.04418246157007,233.07296347454414,235.23690848218467,236.6544075546636,237.99125429915304,239.21531429016247,240.25500109785762,241.32720910428802,242.3365494768793,243.31025539307137,244.21057707077748,245.07671128634928,245.86646884492853,246.62846135797943,247.45204199697866,248.13553530918782,248.78764002416884,249.4033764209993,249.9879168418957,250.54283008664666,251.08282716189473,251.58490669629168,252.06329232114325,252.5181528799829,252.9553153337173,253.37573237104567,253.78233605290868,254.1786762475533,254.5691433535423,254.95899892374146
experiment_627,227.0,225.99017801215632,224.9419794841337,224.30222421635688,224.10684659442907,223.43348836725934,223.1977595465356,223.14877870319637,223.27966237639862,223.607817478782,224.1535103104816,224.9043945270709,225.86588068486031,227.06554118272967,228.44589379055964,230.25882918755116,232.13743790151756,234.33530100487994,236.82225855555998,239.50840806410307,242.71709759820578,246.0197644222827,249.73327848362715,253.73437675893177,258.0859997553601,262.886822558074,268.1793381770746,273.69265843808347,279.73602755746026,286.1210769506671,293.2783299660295,300.6435165984571
experiment_628,227.0,232.4809558490133,237.63579187839346,243.0627876749541,248.8378275556326,253.8757984514785,258.834442523801,263.7287738400644,268.29151486585295,273.0092852916602,277.66389268466764,282.25196652753806,288.39985615083157,292.841452712799,297.24473816902116,301.55459458214045,305.83265830021253,310.04143432898013,314.16616482396864,318.23636980569256,322.24015248073835,326.20884911377846,330.19021687780446,334.05895509293765,337.862159741774,341.72680204575494,345.48804428476035,349.1609511067762,352.79999725861114,356.43068874578216,359.9936772862254,362.85208910528536
experiment_629,227.0,226.09890186255373,224.5520069297998,223.5996129956137,222.85179790159165,221.78675227207242,220.80505921550747,219.76512528855028,220.33506916585685,219.49800299277638,218.84389708936084,218.38436643014694,218.02331473594245,217.91868910112686,217.9388627191708,218.16833279424543,218.63287031567836,219.32265882832718,220.44021272363898,222.7144496853456,224.3199538452802,226.06103622476365,228.54248852567807,231.18431636291206,233.66669986500645,236.68421635790162,240.43065773091627,244.7253230045215,249.38966258285416,255.05789833418817,261.0540054122297,267.69839603217326
experiment_630,227.0,223.1122550463014,219.54642534137486,216.32941399856844,213.17781844097908,210.09244946954556,207.3297259164626,204.8013700795266,202.38956620431702,200.34261996398104,198.46981373140432,196.91373095808473,195.60591867152232,194.5619200605421,193.75104827589877,193.19009681156632,192.94824370060434,192.94659386724015,193.16067316938694,193.31094978216328,194.02112974022546,195.4523344901331,196.76805017456064,198.32212213597967,200.22802644782598,202.52526998882297,205.6328431507793,208.26892423417334,211.2009456137993,214.44635649668913,217.959887889007,221.9631767013218
experiment_631,227.0,224.9482277333163,223.21448036026152,222.5409641249953,222.61542044937937,222.51117597944668,223.48856814835028,224.96256198630442,226.8398589765826,229.5293282758556,233.24297778765185,237.05470679751497,241.45876856506482,246.77428117672602,252.46044482528745,258.68458503302264,265.6790036290325,279.03819243571144,287.4640308156105,296.64706187329296,306.8026560938202,318.07735248775396,329.77581350871947,341.8098753719952,355.06446187961706,368.941720989865,383.4850748211712,398.2772733605126,412.58371790457284,428.7826209065575,445.977906647425,474.4659998403043
experiment_632,227.0,221.84690005667466,216.9878423465993,212.89218436376663,209.5657616959744,206.22650822718873,203.3561948190191,200.9316177563825,198.86577878735656,197.273998222208,196.09356695267067,195.30106333399812,194.91562582358878,194.91990709024924,195.32150569337432,196.12408306817753,197.33824497354522,198.84248087404285,200.89716899329886,203.39131805736645,206.33985150902694,209.76244523839495,213.69397835695253,218.13587672375004,223.13067978465452,228.72130564749773,234.92327605171664,241.74319533416215,249.2826193255941,257.56092284891855,266.5924148191918,276.41989978984265
experiment_633,227.0,222.6711691385241,218.7870046280753,215.625042283593,213.17813677300052,210.82875503481313,208.97636267603468,207.5907608266547,206.4062440160133,205.78244834469194,205.78062214294917,206.2431621716864,207.18172358857458,208.57197870503177,210.53746011119068,212.96151884146565,215.8329398433882,219.20681271092496,223.2727790721131,227.86171391299717,233.02726900949142,238.9374483405531,245.59227799969824,252.86400900280628,260.9791957515487,269.9298379019085,280.2806279045979,292.4550064067638,309.60873665217343,324.49106275852057,340.6102811247253,358.54962454912277
experiment_634,227.0,224.9553065049194,222.36330985164275,220.570682094891,218.6686248745359,216.72904892341984,214.93862708353018,213.21109036225093,211.73577611131486,210.24787784527524,208.90008208648726,207.95567041495838,206.89921752161598,206.0207957842528,205.57049303739063,205.08316932677934,204.81588283261888,204.89844999348304,205.08170776232691,205.8594819405669,206.56174822022825,207.5925169624697,208.87864750217244,210.45643871408174,212.3625930320615,214.6941883501441,217.3720493917317,220.29291160323908,224.2501113509224,227.82913316700973,231.95582421952759,236.06110015462178
experiment_635,227.0,222.1369256783783,217.68096520863566,213.82379045075402,210.2549384302427,206.87534984827562,203.90480530763483,201.3482347590437,199.06568825310035,197.35780797134706,196.09113322084102,195.23446294351754,194.81151823084758,194.83229270418474,195.40446926748132,195.95714673473236,197.37574674648832,199.24002270378583,201.90928982806773,204.76608179390553,208.12449831237691,212.27835545124574,217.01104520595192,221.7678051134606,227.06847005012753,232.9644856853381,240.19833266965577,247.05404220561798,254.33108713568748,262.55965371968375,271.0777455475773,280.09170162289615
experiment_636,227.0,225.59505755563117,223.65247190225472,222.22713325655744,220.93337293754857,218.4283986980107,216.41145077358632,214.41382938653666,213.1024210238184,211.22615012543366,209.3792771001648,207.717565288282,206.09862634712994,204.62785119778454,203.34517599514533,202.14197612247523,200.56526455271563,199.6656643803795,198.92189446696517,198.34246956853434,197.93082648836594,197.6910461246116,197.6239941940101,197.74776414539673,198.0299806485996,198.5214327216036,199.15355998262802,199.97138226952228,201.384805631483,202.49115754897173,204.6649567116986,206.0974767976402
experiment_637,227.0,228.24422849486962,228.6433436053037,229.45920123138268,230.5448747783604,230.6884887530154,230.68100653568908,230.64061010406715,230.3388732749306,230.13213239123593,230.1116142046442,229.83491738213002,229.5409411200637,229.24134607766908,229.0223105472607,228.73304448374438,228.46308936462844,228.23113443728238,228.0161555319513,227.84767753053362,227.70185827651002,227.6050512162758,227.5594759691852,227.55024904129203,227.5844709030171,227.66033925692636,227.7810918032227,227.9585543441461,228.13747999132386,228.4358870877648,228.6550185722954,228.90408315306684
experiment_638,227.0,227.88438025373648,228.44522784025628,228.69540866171855,229.64818536165188,229.86199814131675,229.84414391234932,229.82478447622617,231.05034819524408,230.87456630239882,230.56495016346227,230.2487234315119,229.78265162284606,229.2401810326336,228.67587274418545,228.02435510100423,227.32412975221095,226.87609431185444,226.0803150542052,225.22933234587913,225.16744477402477,224.32076824395028,223.37564403688518,222.37843922176523,221.4216601321185,220.37355925083784,219.3771533849544,218.30541446201528,217.2403389219058,216.52831211298601,215.42778497347132,214.24120297530135
experiment_639,227.0,226.78137108465165,226.17335324848747,225.44582209480734,225.2082812064882,224.32213317851858,223.49496036465163,222.80244328113184,222.4447618167318,222.10803140491367,221.79355846719338,221.6173505625504,221.7402819211182,221.93451354347926,222.3898551216735,223.2884479177354,224.19225008710055,225.36801412612198,226.74413126443218,228.37557200991802,230.2702269955853,232.4036416300826,234.8195336264243,237.43827971572097,240.25393687963307,243.29839547095548,246.64443232001636,250.04341066000114,254.4116544063014,258.00722250438946,261.8305420352159,265.71343665653404
experiment_640,227.0,226.7623277427489,226.25684930321268,226.1170269372574,226.08138184146833,225.1200605996222,224.557706423434,224.05509416492265,224.54375196807678,224.18423479766267,224.2880188094222,223.95851186701225,223.66317449137833,223.41392651706593,223.14776356290955,223.02347522924913,222.94426350318116,222.84343667290332,222.81052151646344,222.86033578506942,223.17716305788093,223.3754018850118,223.64785568421243,224.08251140720682,225.23949922652542,225.86550322995282,226.64944049824186,227.62271434851374,228.90497841686994,230.45480706607754,233.34414606286276,235.8561276805607
experiment_641,227.0,223.49342041393172,220.04156390523363,217.24697816812224,215.0428465493364,212.38973212887083,210.1645076256833,208.31134631635547,206.57026529933486,205.58763107093262,205.0558740393589,205.0230786777201,205.234379728738,206.21364199836916,208.01314447129053,210.10898820477038,212.825749890204,216.23133363527916,220.5894029408493,225.41825713760932,231.07023857352652,237.37969198457338,244.53966249609698,252.415793378282,261.81149233783873,271.3080763418876,289.2204888123048,302.422441554354,316.4715118972392,331.7301221036675,348.82296058428403,367.1999131081827
experiment_642,227.0,227.63718899055422,228.06793490881603,228.78238112703275,229.8036443623611,230.31747867609087,230.9958878778436,231.74855111882505,232.45314467895264,233.38746076463477,234.3937055004024,235.46313528319797,236.61207172376436,237.84987113229846,239.1946565302351,240.63806688937032,242.20000139660166,243.8749809638758,245.67220709476203,247.5964523891269,249.66710773843698,251.92171648524197,254.32257102685918,256.8974259902768,259.6281299954761,262.5434393546411,265.6810319541618,269.0305879962036,272.593699499066,276.4283506840237,280.50678196932614,284.8764037636802
experiment_643,227.0,220.8705977078128,215.06746534752705,209.75750412077454,205.3733379485879,200.82588118374105,196.77950083336037,193.19837538521554,190.0596033698977,187.54129344595518,185.54585678522483,184.1069975216704,183.2569635658718,182.93177327786515,182.8429928557377,183.68123699362053,185.14080414176732,187.25029776344596,189.9933826069219,193.38217265031625,197.75446189948462,202.56864562536538,208.41066256824078,215.0442307225539,222.07771734133763,229.94769112912417,238.71619225670582,248.76678366236837,259.0387684528221,280.4526550777421,293.8773659045105,308.0171912025658
experiment_644,227.0,224.0297366529852,221.47557872993175,219.61153380790762,218.39181188692015,217.14215128371643,216.39833898527456,216.1338679545151,215.880854247047,216.49054301677631,217.95091549115295,220.18510486255235,222.27839524003303,224.6730085093114,227.51180099361292,230.83798538810927,234.70921838890007,239.04108957216937,244.94809314530187,250.29991163097452,256.69045469787073,272.3098241495477,280.31724305958676,288.6637856762986,297.9151272339318,308.71393003522695,319.0645042550044,329.8339550372863,341.65243509087526,353.9898397205494,366.97903538553953,379.392217313793
experiment_645,227.0,227.99136699467613,228.92638899773453,229.95404865507868,231.74979342785537,233.14205001889155,234.6765581268,236.4383915613546,239.44935222857762,241.67643656397397,244.14423801995798,246.8320209607899,249.68785386581675,252.8633361802286,263.76117688865446,267.55277827245106,271.4213791780575,275.94751614318204,280.50641927125133,285.4824894405788,290.1857044473124,294.9308457937932,299.9729944686762,305.26880271706654,310.66214581835857,316.81666608055656,322.26796671607127,327.908945572982,333.7468175970288,339.63208977015626,345.548997366731,351.42649086476575
experiment_646,227.0,225.8113086886146,224.79808201769382,224.22903573790907,223.70611088259048,223.42197111949568,223.46493381446766,223.89672993049757,225.30794907188493,226.72669809632782,228.14251400808126,229.90126218874906,232.0193911431793,234.5264570081161,237.34889149299696,240.5568512649109,244.28678248767193,248.28578064627763,253.43809123029519,265.4299138208156,271.51396146801017,277.647396725,285.1274653371688,292.3902949718577,300.49370643258214,309.6522481889069,318.5820203488774,328.35023314580496,338.8608730558965,349.8510097196868,361.5957953300625,374.21778879313524
experiment_647,227.0,223.69051210652555,220.4068352972257,217.8232859504433,216.01086907022486,213.90106476115608,212.15207624228236,210.76111267320866,209.51506822320584,208.6795705507834,208.45001041888742,208.63603083748046,209.25915488022957,210.32881301625807,212.08660945796427,214.12021935179018,216.63848940522078,219.692222288698,223.43620510581434,227.72319594431647,232.37369241293976,237.86031623669948,243.78612844135517,250.29185128136993,257.6021164017981,265.45296895132566,273.9983524363368,289.9151926602941,300.71498093187256,313.0658572748317,325.4591164663535,338.80339419924843
experiment_648,227.0,225.27555275426522,223.35309005641074,222.15823777064304,221.5651740104821,220.4042015648883,219.36512147737284,218.8179427259435,218.32361516149444,218.37764294057777,218.8592377584921,219.510231678083,220.45303500435546,221.71244200833775,223.26340512585878,225.12477472714704,227.26362400995743,229.7587918907584,232.6432448265278,235.73158065976367,239.16351951364103,242.9039446691229,247.0923689754998,251.53358214270315,256.44933919825246,261.53539827171,267.12180909416935,273.0712213780808,279.3775530192346,286.09787843732363,293.2021824578201,301.0349722916741
experiment_649,227.0,226.24611707259132,225.5044138792161,225.25579191929995,225.3745572767034,225.50307145391614,225.88906195792026,226.5452938465075,227.311235654614,228.45242530717172,229.85535461008982,231.54090011361816,233.4705225926693,235.64568237193797,238.12649692129875,240.96965705134963,243.98526070348922,247.28300468407042,250.90226367320605,254.91401203987732,259.14762784672234,263.724889712004,268.74873350434444,273.95306344699014,279.611936894104,285.75414837559094,292.15322371902124,299.07927045298464,306.3771573482522,314.4460457133124,322.75926314932735,331.7765579150142
experiment_650,227.0,226.7349763362135,226.32920864731383,226.1514120332629,226.78576621720123,227.11971768127734,227.58165212569665,228.2616731655237,229.5827400078545,230.56203486824347,231.70799427887619,233.04527994888699,234.73800054738695,236.34968956929876,238.13702381310748,239.96441191411589,241.97091715094376,244.01376159219822,246.12859784085606,248.32493819962127,250.561506493277,252.9199032594058,255.21141849779252,257.50983045356236,259.8130149273164,262.12747900221245,264.3513874834355,266.5326551606696,275.2103770130733,277.3815500132082,279.45087532576053,281.3875310223907
experiment_651,227.0,223.94689329782105,220.88342089703536,218.48661125733082,216.74897498381188,214.64641199485328,212.85552670371226,211.23014627706044,209.86223905395465,208.2541371719318,207.41019475410317,207.24788539573723,207.32405665734763,207.15133085867723,207.16315105962622,207.23420279328147,207.51929163025304,207.9852041397009,208.59657570671806,209.51706031654209,210.6505500837565,211.91588135265323,213.5657569928407,216.25403020955363,218.330547155567,220.4725750712887,223.3499475954942,225.79025183046411,228.65860463385792,232.00544294663706,235.54224363271655,239.6745651936018
experiment_652,227.0,229.87193885605035,232.01684952736883,234.65440316304515,237.61225518853172,239.5224328784028,241.3444540040023,243.11235819061355,244.78739343536017,246.43005234703264,248.0101551458564,249.54660765370505,251.00246067170025,252.46325623829568,253.73957525292604,254.92815844488663,256.01277180614875,257.00614751290334,257.87308666448797,258.7471569884049,259.37214224940413,259.86891073213644,260.2292976002517,260.4456176150465,260.51235956398614,260.43297747660347,260.1845292013806,259.7697291521968,259.1831316864969,258.41926303496643,257.47012644901844,256.33541566240365
experiment_653,227.0,231.1401776295504,234.87364091019418,238.77826520020312,242.76085120323023,245.7762755564041,248.7750220696969,251.47259931009114,254.20640539796773,256.5996286384392,258.850520760785,261.09527973194827,263.182773435062,265.1289647866015,267.0562441914261,268.8442626280212,270.6281208127663,272.43184198730773,274.5434163893872,276.34525742964456,278.1170167945362,279.9713532156218,282.35429250606535,289.9022580037764,292.0090902483688,294.19301045146193,296.35114388814316,298.55320877498355,300.82779771247374,303.2057769841045,305.61185181379403,308.35380708521114
experiment_654,227.0,226.8280598517767,226.06441706856617,225.61220450437298,225.46906181502806,224.26934369607164,223.29472256174606,222.39011291365097,221.37710328640293,220.7118289116637,220.23194026686423,219.92742782884557,219.83514982965642,219.9857034966207,220.41670141725768,221.11272577845673,222.11984092505122,223.42906681001134,225.03180174867114,226.97765057406593,229.35216157768997,231.8794250183003,234.6913130822307,237.78133027849861,241.1789889351884,244.8607254107469,248.65384044798475,252.77635413506053,256.913878686237,261.10611019088907,265.4476321796717,269.9263252147082
experiment_655,227.0,224.0503909502476,220.85167466116977,218.35029685030736,216.29182344954705,213.67362951143474,211.56751133057944,209.73121708851767,208.12322539120032,206.67113551493992,205.44226552505972,204.46946381026945,203.7240769854385,203.19886864734275,202.9441161199005,202.97238440055082,203.175807929089,203.7445143125402,204.67527413835484,205.70656730617708,207.25299850249544,208.9334867010752,211.21660970291816,213.5873410755368,216.24300122428613,219.3112799837549,222.76232167205092,226.65569265582798,231.3330969181041,235.94763547638274,241.16064162445892,247.12233983664623
experiment_656,227.0,224.32899381962335,221.59873391969904,219.35786823279034,217.51697142626267,215.22535490118668,213.14499371829365,211.06922040317494,209.27037889442522,207.8672804855692,206.69667880602373,205.7868954525711,205.1239918369443,204.7298219164183,204.6333716252106,204.80242802657224,205.23493782637917,206.02799415887662,207.04380129332583,208.36646199599957,210.11472045078403,212.3943591312537,214.6911715720143,217.45964105542052,220.25182593295028,223.29850585856306,226.583807809908,230.21437259330065,234.1203202691722,238.76315816278657,242.9853449654818,247.16811599382044
experiment_657,227.0,225.13480672748932,223.33137953582838,222.499063874991,222.61008183105292,222.29591388631604,222.6505582789334,223.55319170050723,224.8411078189249,226.8475276588132,229.51159497413067,232.68270048155892,236.43985975120154,240.82711993776212,245.87784592113374,251.66277910060654,258.06508067879344,265.2237517645181,273.2576238389162,281.9873418514523,291.69478391818154,302.2774204686161,316.6075298512741,329.4176744786362,343.62599242052045,358.8703232495871,375.4668694247344,393.7078293905761,413.4484129975564,433.1252364698463,458.1342242483937,483.46149724093584
experiment_658,227.0,220.0462201087125,213.68391306582336,208.13450174961167,203.51780037347163,199.10144081742936,195.34849336801335,192.24266486870607,189.6309814739092,187.858302600554,186.74913626375053,186.314788379374,186.56818555706093,187.53589169192108,189.2412360624542,191.69402671533751,194.94967586454527,199.0439683917854,204.01492648981247,209.75923176081716,216.71991942883466,224.8657844637891,234.10268144053808,244.69341308647444,256.7537100351872,270.07738284623383,285.14979015423535,305.5241385146193,325.3470840526535,347.4932516170057,372.84267887881276,399.132580578019
experiment_659,227.0,219.80345461302562,213.04087820193624,207.29084193688735,202.34760616640364,197.5204261719591,193.37080926071928,189.85615564852213,186.85104742111787,184.6948785309771,183.21983209152347,182.40165795983472,182.2701831569283,182.83732433864998,184.11700802569015,186.14214767206016,188.61028189892687,192.19641905598922,196.56558232432246,202.0020434480221,208.12341465796783,215.4132882912106,223.7256591850699,232.89521664026012,243.07245240806378,254.33277492184226,274.0867242026984,289.2705184437101,305.2423991540228,322.92009364253965,341.88559906735225,362.0290247573761
experiment_660,227.0,223.3853194642792,220.03140021770673,217.10504736279248,214.46767351544094,211.67813755840854,209.30266137052382,207.09240437745711,205.23001093585845,203.65501406281376,202.39875563641058,201.4127714016213,200.77502986455892,200.4077799072526,200.40189960748074,200.62428157539563,201.2057894137069,202.18269399981523,203.6415418458941,205.47336744974163,207.93396225751007,210.2335698784771,212.93805113341895,215.93294510498674,219.57998516776007,224.22146727279767,228.40731145741697,233.36924203755896,238.17991468737623,243.79470708555132,250.00320648849436,256.356569293484
experiment_661,227.0,226.37711072647005,225.64882645114415,225.3613483516126,225.24721135397158,224.89657192360815,224.76997775481354,224.88883146255512,225.13527241164167,225.69538075862874,226.49778065015218,227.49425648590034,228.69988139826722,230.3267521553405,232.0945842582944,234.02641680297828,236.1988363867249,238.63312651241887,241.41517987339876,244.32837639584665,247.50890830019753,251.18313454870128,254.94227868403289,258.92389979498637,263.12982515312245,267.5832463904105,272.3700723980812,277.7684936021385,283.1228287966762,294.7241560991378,301.1621429172108,307.7145495457772
experiment_662,227.0,223.7892870585565,220.6952074629885,218.14904171372274,216.04121503588652,213.7825400509082,211.82056333642066,209.8529862603678,208.3098818116551,207.2772845824521,206.53447327620447,206.16327399574186,206.12183031155502,206.67264493837354,207.3169010511333,208.34776073860695,209.7421598873832,211.61034411927125,213.78644804915092,216.6334217074887,219.89638022021632,223.39774873667147,227.59085488476816,232.16875415525993,237.17385509688037,242.78463258651607,249.00778497828884,256.1324765206467,263.01638418331055,271.04859163661547,287.466267803391,297.97926891728537
experiment_663,227.0,229.65049465219022,231.6347169752224,233.93010465762364,236.44283367482615,238.19230453828828,239.8136616511985,241.3012020096889,242.953640042978,244.26425126837705,245.53220228887864,246.6683664086002,247.7638398708872,248.8012065140951,250.0479606528052,250.9381538851354,251.85451463921677,252.68866998526377,253.47851113978055,254.21344732062897,254.90703865116103,255.55624341895327,256.16074916943273,256.788761276469,257.31270168439534,257.7763993358335,258.18862047918975,258.5424426374883,258.8423208978073,259.0791565046103,259.2440201265197,259.330402003752
experiment_664,227.0,227.57806717577807,227.83599226949718,228.35201788965742,229.54553049026998,230.20743633850844,230.99713902308812,231.97458878276353,233.14153181436058,234.3454869617941,235.70546007937617,237.32077566699073,239.02387577680574,241.15675465091348,243.240442715143,245.53249139229925,248.098070523042,250.82021865411775,253.79060224885137,257.0917416241817,260.6872295656399,264.31259132694856,268.23767590566285,272.8159572417341,277.4434610186566,282.4542388125501,287.84232119826567,299.7367117763144,306.79979830951316,313.56265288068045,320.69704603689377,328.3967422083779
experiment_665,227.0,225.12364531271643,222.89653653468397,221.2346846799461,219.7995163757389,217.84528708432913,216.0649252416731,214.45216548168634,212.7710477087067,211.2735478513682,210.24872053245767,209.4028147375558,208.79036885086006,208.39197226282434,208.22943406104278,208.31075344825297,208.66520342070737,209.26563585511832,210.1291745149071,211.48197545214927,212.9194352346078,214.67062055709644,216.74196659312133,219.1295061535385,221.82296615796972,225.0231649353481,228.51738850848363,232.28296188279364,236.59646966912095,241.40081844105646,246.523735263491,252.09115353297594
experiment_666,227.0,222.9473291221739,219.40519764314672,216.59641108353964,214.39180622023125,212.13319809655442,210.3592060464673,208.86796385317484,207.97778644538897,207.59278425171578,207.60034940985096,208.02283687729778,208.8768929634786,210.25430910687322,211.8527447724402,213.8582699357487,216.30867244146592,219.53209529826304,222.81909368531828,226.56956474373212,230.31213212171036,234.53475596341912,238.97672769245744,243.79783597539182,249.03117776201285,255.3585086486549,269.0994057203018,276.09568234782984,283.5001155585247,290.9850931568184,298.55899357064925,306.54493618481604
experiment_667,227.0,220.42552021509835,214.05229196236454,208.65480048029502,203.88095540669417,199.10944659046632,194.84371830971781,191.10069085946833,187.6504052117388,184.8432242210331,182.53705290297137,180.7382714991833,179.41883290840755,178.63140410948242,178.30720013484017,178.1277229633955,178.80237731977422,179.96399759839613,181.68520096174328,183.92596527779088,186.9642451350447,190.1482911357288,193.93674558127373,198.8583284475077,203.73143269359934,209.01106985225707,215.42520614197952,221.59589592793625,228.41157937829766,236.6793866862813,244.573234711196,253.1687679648732
experiment_668,227.0,229.36817146746597,230.93044082777035,233.21804408309907,235.81056937069047,237.3715958172128,239.0058954679193,240.5997194058322,243.41021462970306,245.12544730233074,247.6531215855721,249.1904664881173,250.739541404085,252.3206644080302,254.46223588909155,255.7038426893327,257.3193217504139,259.2077168149612,260.85756636704207,262.51786900544073,264.2230757865603,266.0009883205256,267.78559026823643,269.931276300897,271.84285581980384,273.6241406620902,275.41806599205125,277.2040197097071,279.04223554466813,294.1545544610374,296.03368259460865,298.16658604812835
experiment_669,227.0,224.4405774801615,221.8052378657895,219.51013652095529,217.54838814998323,215.32370076814706,213.18834622472733,211.14788790716676,208.96635222471204,207.09418145751602,205.3427301353031,203.68645611671417,202.1275327812558,200.6678754922313,199.3248007704735,197.8514118652666,196.69730803661628,195.65817950009057,194.73264203611618,193.93907402387987,193.26395175649805,192.72451873196934,192.32784581644225,192.08585575392493,192.023334257131,192.12554542607236,192.4195867697706,192.9374674144604,193.68229724674796,194.67672219208885,195.9678852185709,197.57143537006863
experiment_670,227.0,225.8476127192165,224.2938980045625,223.26588753983935,222.5524553766443,220.85877498447852,219.48199605118418,218.16971225517065,216.72140088421554,215.56299480256348,214.44661158818536,213.41123692760215,212.42911421903398,211.55395863118002,210.7663479653225,210.07480745556808,209.49330154705356,209.03032326827372,208.6901961772576,208.4848298297618,208.43108738729913,208.53669967788983,208.8270521067358,209.2821452287693,209.92532292893918,210.7598261838827,211.7995518271764,213.0470892544057,214.5076715361594,216.32547020039118,218.24913674117687,220.39717116366455
experiment_671,227.0,221.86627871264614,217.09868055384135,212.9269895807536,209.28935103742253,205.44869246674236,201.7750663027964,198.77666780117298,196.0169930937558,193.85271635182104,191.66669490195534,190.28547337495903,189.27935241585408,188.67147258062778,188.50999989438122,188.75908604875042,189.73196349208587,190.84545920404423,192.35907411925328,194.3817703364511,197.19155551715826,200.47070871473244,203.8996369917087,207.81632517842687,212.20270697807592,217.32118362846415,223.47515472030676,229.41811137792993,236.2862290176858,243.45453145210885,251.4054823159014,260.22825609137726
experiment_672,227.0,229.2395389345902,230.93819212705853,233.1752731339548,235.94470472400576,237.92679622794572,239.9657360862929,242.07952392137318,244.10262793146498,246.40522437503785,248.7936479513724,251.32688521152386,253.9533329538216,256.7149357899656,259.6311818321212,262.70268434765256,265.9301413972355,269.3316086227221,272.93531725659165,276.7418528869,280.76319340514914,285.04899600283744,289.5559979581945,294.3261447264821,299.33967488544806,304.85556705788474,310.5597890770536,316.87612129922286,323.5983520144482,330.6086480055277,337.900110097936,345.58613755520025
experiment_673,227.0,222.41897943761617,218.0696626158437,213.98512168794485,210.6805772458097,207.06815912702967,203.75983348244657,200.77862253177693,197.90081067603276,195.58234297846542,193.57644094468682,191.93001793013804,190.62434261497646,189.675908613874,189.08963892584862,188.88549679789134,189.04728316699794,189.60741689864102,190.54626375710353,191.95582605437113,193.463203991968,195.65503268086002,198.688348334549,201.87430790194986,205.76094070289997,210.56393034451872,215.08354849609577,220.14528434371326,225.66946955485963,231.84147839467806,239.41225485835588,246.9838166147356
experiment_674,227.0,229.95004827187256,232.08284605350582,234.47780246637055,237.05409665745702,238.6326629235725,240.06283587499192,241.3096977572747,242.4510841097642,243.4197007031586,244.2716238687883,244.9960187149912,245.73898196831158,246.227131447749,246.64600300887795,246.98240379803906,247.2617203530234,247.43509077897264,247.54006806213414,247.57954519070347,247.55760903118258,247.4775406178458,247.34258732430322,247.15253444586796,246.90850655478198,246.60957894835514,246.25358824475774,245.83622800956775,245.3517729499236,244.79779676459776,244.16413565838286,243.4407386388218
experiment_675,227.0,227.2308401520349,226.7136797296933,226.69651893723753,227.09896200831784,226.51967495506153,225.95021161047507,225.40198680560815,224.7559334832038,224.29342713594383,223.89950707913832,223.59437706392143,223.36055578432934,223.23052087137836,223.21028144405744,223.309826092016,223.54513438036986,223.91131328455006,224.42020710551964,225.08169946207687,225.90364240424833,226.89650020434124,228.05472563065987,229.399167555051,230.96623960043294,232.67995047589596,234.5992118836282,236.6940323570468,239.01892378301284,241.51980062423047,244.20334590512743,247.09499417035641
experiment_676,227.0,230.00106821806276,232.21368307063392,235.11954106032164,237.8766990779334,239.93392405775637,241.98888181632424,244.10934008239076,246.93466025326325,248.9453553528951,250.77261022518138,259.6400601880248,262.2081044749172,264.3346467694415,266.44232313535264,268.8237217187981,271.34638074462885,273.600535750759,275.9241049090422,279.0694525410295,281.68298045231893,284.42669524560534,287.2273515868618,290.545580729182,293.59297643484075,296.92849501072044,300.3399961663817,304.800730255698,308.6927496082691,312.85113984892337,316.8561491320179,321.30574212456855
experiment_677,227.0,227.1682661709753,227.29055946502024,227.7215603851238,228.76949753929483,229.56695341774997,230.58826539441822,231.80929916095477,233.1360640375167,234.76843644913885,236.60801164875843,238.62421160925774,240.84559476791804,243.29404020169693,245.98510260289373,248.8042647181077,251.82552631824979,255.0621399616573,258.4937896235602,262.11425969852087,265.9572695484027,270.02387760615505,274.2962878392089,278.77598866343817,283.54340847301785,288.60432761194727,293.79869235642946,299.24689091876445,304.9154470599405,310.87603349520055,317.0886474179861,323.5589488056652
experiment_678,227.0,229.8123310571047,232.337383694947,235.34307215119622,238.77002424582406,241.6252808912792,244.61853608938392,247.78451121752173,250.95402904258182,254.4860052112287,258.2132348188386,262.13001671565127,266.264095464046,270.6308462141768,275.22770248172674,280.07812939145316,285.2104205017074,290.63151887700684,296.2470961531966,302.27456412197023,308.6529954756093,315.4420998159743,322.55454057971906,331.20857118537486,339.24756907607525,347.817026028041,356.8658930323433,366.4342301107215,376.65332683911265,387.4521622681581,399.0612497858867,411.46841711696413
experiment_679,227.0,224.21698657275198,221.44689727913874,218.87566735679752,216.46616489563303,213.5503688956733,210.80747982472502,208.11760416938023,205.496411938376,203.07236408388567,200.75658308667641,198.4936713028082,196.44160987464386,194.53703586008635,192.7824119576747,191.2062824600289,189.80460980877353,188.61223406001568,187.62800990321523,186.87000339547683,186.3303288122219,186.02739655239895,185.99016560234617,186.18734766584384,186.63397722729536,187.35482661424822,188.35469399839224,189.6268522351217,191.17113404820753,193.00559678405148,195.09887186567755,197.5552324537765
experiment_680,227.0,226.08134521455435,224.9009399404634,224.29082993361703,224.52466327408072,224.05244490149335,223.9734819827657,224.31973240939416,224.9233047282022,226.22717289661227,228.02013717363508,230.3615834067342,233.26266571673415,236.7812737221101,240.98385216415681,245.88769368226576,251.51495108580013,257.9206577361946,265.1263712017993,273.2719994666416,282.336186550145,292.49070082823073,303.64822642927663,316.0044649974094,329.63521526251327,345.1721458157448,361.991306189023,381.1272732408718,400.347383577545,422.8707318055051,446.8373963194096,472.411256879189
experiment_681,227.0,224.07891628423405,221.14515173148993,218.90083959081966,216.85090670414166,214.96987439611667,213.5358470399546,212.4632626367932,211.45735673297332,210.91697136375313,210.69958327142405,210.80329950709995,211.25236512187456,211.9462102179871,213.17412546271436,214.54851820172104,216.3141765285875,218.36240148867557,220.91904128650495,223.81377320689785,227.00325753389473,230.52656796168773,234.36004455306477,238.68957824095915,243.46521097252668,248.88094187415356,254.78964227654603,261.149350311051,269.1590154790824,277.62487805372075,285.9269392271564,293.4281698282357
experiment_682,227.0,226.50702660173238,225.78532004367833,225.5409627060149,225.46969089604477,225.15004846255908,225.07345980880757,225.37401660254346,226.38352964139608,227.1873200034613,228.27889900072054,229.93326918885526,231.70954024616526,233.763644023614,236.3302498702788,239.1706075111614,242.4495110315369,246.22708314429022,250.28082468023646,255.52081013006745,260.4937653328692,265.98484093252165,279.2354644484281,286.74163464315734,293.92906586813103,301.73911043386795,310.0053086316274,319.3516789231008,328.4837680760113,338.0750906722679,348.16317441309525,358.7093839087961
experiment_683,227.0,222.86354934239182,219.24582793832508,216.3480235111045,214.11163212514757,211.78668194441462,210.16657342602485,209.02353624564864,208.22094338031272,208.0346810786227,208.3125309179012,209.12426302090665,210.3867283522768,212.09523583950974,214.4782255666934,217.5460955752663,221.11506938034063,225.22059383428922,229.6179990533579,234.6352995204547,240.18387151132154,246.46547132703907,254.031085641841,261.95395164101365,277.71789945590444,288.26514321597955,299.10638715109155,311.5979066034075,324.503759131873,338.61870623820636,353.99190974029136,370.70787141374535
experiment_684,227.0,225.08084817944524,223.05448094964643,221.55330294931485,220.56137050364146,218.95099971784782,217.8863154328896,217.02684666225423,216.98152260047004,216.81594875447058,217.07657387987808,217.12926327665923,217.19442264814137,217.43575727487436,217.86933868096048,218.3634326884961,219.15281295408954,220.0873396514479,221.08727184686728,222.26919336054027,223.55931022668466,225.15375333491863,227.69450054134126,229.50579984009357,231.29576471192465,233.23856179769197,235.70388742686032,237.63785150807428,239.8338734202182,242.32299486065665,244.87023791713193,247.58214835386775
experiment_685,227.0,229.95476757281656,232.1713406194631,234.97868047086286,238.17857277486036,240.32019975124837,242.4117356423199,244.48460025611473,246.38410122082857,248.38718718879286,250.37660479829742,252.43674491917398,254.35209089187015,256.25250809833335,258.1446281790049,260.0073604864416,261.9739570347676,263.8054195201353,265.6271294726523,267.4039482670447,269.1568619650403,270.94032807589133,272.7322268525144,274.52445312928296,276.3092477562169,278.1281331513886,279.9345564528676,281.75154157486116,283.55619425243117,285.3689619460004,287.1546150035705,288.99151888737504
experiment_686,227.0,228.5156324026883,229.64222570846408,230.8994765170947,232.05869936768272,232.84226379358714,233.51073760802205,234.0476031248487,234.3687919209288,234.7436951059905,235.16934826971254,235.33704761773802,235.41594785768478,235.31392207824126,235.09806398981573,234.79106583256703,234.36224997956376,233.83216102144536,233.1993322408269,232.4725141592117,231.65465045469256,230.7463461727845,229.7469174067328,228.67242878143935,227.5165581938764,226.28430635878175,224.97822959569476,223.60482018623398,222.15532684064698,220.6570240975368,219.0669691792277,217.40423609582217
experiment_687,227.0,229.59353324552484,231.31421175497064,233.2336296714842,235.26781047989738,236.2094303257602,237.00380632668612,237.68178171006622,238.05122545346035,238.55309701472515,239.0847806725375,239.5177020897126,239.90886851550832,240.30635461606562,240.72165480872064,241.17845049027974,241.67531247462165,242.22151989559697,242.8334680857455,243.51379127092537,244.28361808639153,245.12272584310028,246.04653242250492,247.06865148194655,248.17073529278588,249.33720311656327,250.59912940470502,251.9404121415239,253.3774587523023,254.85461153726524,256.4365358370578,258.01768963412746
experiment_688,227.0,225.722234453203,224.12691539148912,223.2216752369972,222.81313630463336,221.58505301151303,220.3805890711134,219.65870543926934,218.9647342238967,218.7810019324766,219.00108474441188,219.3128127573967,219.8770187824709,220.7126034331072,221.8191619571569,223.1825120686721,224.8436557712204,226.7751228477856,228.97481333421047,231.66864865355407,234.44848857422923,237.52420183584695,240.96978286523927,244.81085302073052,249.00722025554597,253.41177531303964,258.20706134393686,263.3769038846123,268.99190925744506,274.99293143799446,281.27701969222966,288.4464910548427
experiment_689,227.0,228.1818547845363,228.88315713611118,230.09598377057432,231.71816543092382,232.70089646641281,233.77968383611608,234.95198514818995,236.09469744557947,237.47959823913962,239.01414982145752,240.7482666722996,242.51307753193748,244.43034792738678,246.5010094572867,248.71789971026664,251.066714935393,253.5836788923973,256.2663304865058,259.0988717105813,262.0699792992983,265.2522984932093,268.61737333933144,272.45104655718956,276.52238919585653,281.2079328529816,285.89777938136433,290.7169877000665,295.6875607058714,300.8700867630014,306.15243824056205,311.45374936564383
experiment_690,227.0,226.56725669976677,225.88752272094,225.3443541185511,224.4813719569671,223.6264549209796,222.82629296702362,222.2851125382716,223.32137622865412,222.74214214722014,222.42337921650986,222.17080810831789,221.96278900126273,221.96792285776922,222.17383770615632,222.62553788696516,223.2937395423148,224.10791714572514,225.14675702784461,226.46377669531867,228.17165770511355,230.93239361506326,233.23737928100496,235.6573134210251,238.74069584522096,241.9060332663821,244.86680203151093,248.26615243055903,252.10539884158115,256.154813955426,260.5413754035342,265.2817875363593
experiment_691,227.0,234.4407366999004,241.61169476228892,249.3220380328107,257.72398875972306,265.34826436213234,273.13913260753725,281.9384428127216,290.05877095032696,298.29733606165996,306.7185715328775,315.3578408571394,324.147725400352,333.03312182456557,342.10051780429734,351.412821125993,360.57305769630983,370.11367592075453,379.8482056423052,389.75271891969726,399.8430099288316,409.9776965679943,420.33937639551283,430.8935846621322,442.5404295421238,453.5763414596582,464.5932006461496,475.5233914300473,486.7075752294022,497.6215115791646,508.5099290051214,519.2413826719818
experiment_692,227.0,227.73721338217467,228.14488975686953,228.59525762396856,229.41226657254623,229.56272947920007,229.68374525395942,229.8002236747402,229.71619412646345,229.77697557588436,229.83077374536288,229.87574784360297,229.8915847949319,229.90989153974914,229.9093704941556,229.90653139591367,229.90786789031816,229.91972851083605,229.94548852896583,229.99284658268485,230.06523997203175,230.17203985767674,230.32302663728564,230.51189279693756,230.75236579186256,231.09796362500495,231.45150278770075,231.87176644823072,232.40508597082157,232.9677627168517,233.6062783847409,234.32410926589682
experiment_693,227.0,228.13049373726722,229.3149720916224,231.0460375664877,233.5570173039186,235.91799234885656,238.68297199719086,241.89015546660573,245.4355549928417,249.54332315253433,254.15301289130667,259.2939610927902,264.94062352299125,271.1561909070815,277.95492038269805,285.36675835565046,293.4514894728885,302.20821347788973,311.7104551477592,322.00762793482943,333.0691081116822,346.3333870505428,359.23396108793713,373.06227315255643,387.7098572014689,403.55934751174914,420.5535009088923,439.54321050939745,458.9642932606686,479.9744907641252,502.27709536061366,525.7796364374482
experiment_694,227.0,227.15984316099394,226.64270829090344,227.0441634155919,228.04532276924647,228.30995968687404,228.65572034685334,229.2521153776289,231.3692828641545,232.14767019885187,234.1867622681582,235.52534065788805,236.815655559182,238.76708174615777,240.33855073440537,241.63950232777717,243.45729208048851,245.9051932267686,248.13513679599012,250.95365696594197,253.6894306836076,256.4483783272655,259.4661210133354,262.70472338594953,268.11922394819885,271.7260650740036,275.5538608438719,294.81240599613477,298.5242200235284,303.26839784477113,308.3824176062398,314.02111104223616
experiment_695,227.0,226.80587550928348,226.48536465975104,226.78138324048578,227.59033509322245,228.00567712437436,228.7029875966055,229.65980320118584,230.75538629480243,232.2562292967696,233.98244971452212,235.95519034054672,238.17534188269767,240.6260452716383,243.3105771525258,246.26299960352685,249.43865451533284,252.89232327335696,256.5595231062568,260.47915829242015,264.6575340203017,269.07837818603656,273.7611332411235,278.7291081312243,284.01117483228666,289.57031881663886,295.45063541887555,301.62280581423624,308.2107220925544,315.5632700117037,323.46350465790727,331.72943729909167
experiment_696,227.0,230.08326149746892,232.93154437948678,236.39660171956558,240.27785438801294,243.0614719130087,246.03506130837144,249.20178033880896,252.53883386276073,256.0558699991137,259.7860099184363,263.8336842174989,267.9823035840702,272.4681424146733,277.02238147163627,281.8926720252082,287.0174594611384,292.2869282232591,297.81738050940476,307.3368335013652,313.56618645894173,320.36890178174934,327.15177970756463,334.31844030806394,341.68446224550627,349.41986121113626,357.53130603600346,366.00207895024886,375.1036621540293,384.0723713991108,393.4637814052596,403.18757664644403
experiment_697,227.0,228.89795424358903,229.89675626379983,231.40169290978855,232.84294961570322,233.36231644282935,233.70573490262046,233.92010546342271,234.7354062412332,234.73631156478166,234.6753606453171,234.51010470794193,234.2628657108139,233.9384045343062,233.54954898217312,233.11108266624157,232.61654944910475,232.08106110580198,231.50988547351704,230.91317632631018,230.26846225997383,229.59048733812062,228.86054955234212,228.20412147832565,227.4204283794966,226.59837110858774,225.74841776152533,224.85789674680788,223.92645743129577,222.94027294254448,221.82041826765771,220.7103080196968
experiment_698,227.0,224.53058716953433,222.27256152980203,221.08390508445672,220.90818188529838,220.26540448616947,220.3475640805583,221.16916523951807,222.6603599371519,224.88643014759663,227.97600094356602,231.8599943681313,236.5736168750609,242.14199613325582,248.5802978917439,255.95085734278086,264.32192885645526,273.6921788038443,284.15523453147415,295.76330837453395,309.3345960583344,323.5753880084712,339.2102085577005,356.30469910660327,374.9855679059167,395.29799454207046,417.488804809926,441.52829254543684,468.4442830050223,496.9562501767839,527.98560263588,561.4948554160662
experiment_699,227.0,224.34945954154148,221.82116512350945,219.87759012617124,218.48077132383392,216.85474774825246,215.54440859673772,214.4764535831892,213.5129416730515,212.9839559380854,212.43758810766545,212.4881961485063,212.73647485141265,213.30283488914586,214.29360545776302,215.33726336006293,216.66999714539605,218.26422250224553,220.20445394237265,222.37020692057544,225.04518723494522,228.00467705020708,231.0762200088151,234.46874774690895,238.46080732177035,242.6168564418852,247.09431792226843,251.93794377514288,257.30005565655773,262.9895224920564,269.3868743210186,275.5754649433741
experiment_700,227.0,228.4775547176101,229.49232246143634,231.1093806425006,233.19930556083358,234.62886329296498,236.1817810272248,237.80001844707107,239.73786415480356,241.50849784711787,243.6238564523514,245.65735478513727,247.7253502062175,249.96194785774264,252.2301144914495,254.57021342996683,257.026899403709,259.6566164537783,262.350448789216,265.25680370692515,268.1120954679211,271.1138261051306,274.5505897116151,277.94335352235953,287.13011449943644,291.0625519782788,295.5006787416224,300.00983455611225,304.701753414779,310.1296991227423,315.5421399796321,321.1171719781935
experiment_701,227.0,220.64012186588292,214.68325082458202,209.2359617143539,204.58178952172074,199.97655860096577,195.7913371803541,192.03612786782838,188.6564792354789,185.73260995202577,183.2603392585671,181.2251809905287,179.58763050672252,178.3509835249859,177.51087120035936,177.0646796966016,177.08040310602757,177.42447115882334,178.1562598351215,179.28703119548157,180.7843325507106,182.72676956971526,185.113745910449,187.89995156570552,191.083026404053,194.71947217090496,198.51575837774618,203.05011174619116,208.04666196245847,213.72527497942284,219.6774746223835,226.2157873547211
experiment_702,227.0,226.66123801534525,226.1578993680401,225.80736913377427,225.9916700831011,225.76624408088685,225.69886976178788,225.73131612134188,225.79526637115185,226.09823726466885,226.51695864877757,227.07818282068115,227.769308150338,228.60990903029662,229.54876290754612,230.61674946880615,231.82078751289964,233.3203433439699,234.81874407403907,236.5269116303606,238.33812573091637,240.30108555511407,242.43049905083848,244.74451963204643,247.27330266276104,249.9587073819867,252.94120435404375,256.04349760375993,259.3444933074279,263.02148313732323,266.79460884807395,270.8904384244066
experiment_703,227.0,229.082223980213,230.83891355641526,232.96381711601185,235.37989104359855,237.02313324552176,238.672516654453,240.27106485634715,242.5438759464905,244.13172692446696,245.7731635049299,247.46184426291666,249.45531005919082,251.36863220068255,253.31467626509348,255.88451609874528,258.0906271078751,260.1915180733617,262.6297483204068,265.4703063839659,268.4493280159113,271.4819538789748,274.7084904249019,279.2546001093937,282.906129896702,286.69531553618486,292.6251665682028,302.73259798140344,301.1637565776483,306.2291695726574,318.2101301940895,323.24464558076363
experiment_704,227.0,222.93681582161466,219.1050703106742,216.0318435680614,213.60598388079285,210.72263623423376,208.26143525203327,206.23117371082597,204.2211732948147,202.93271598417564,201.98797261013988,201.43246171302047,200.9540546152045,201.04729403796296,201.51661281420712,202.3039067642139,203.65208915504815,205.14624288937563,207.00496730620398,209.38237684931624,212.0537760114605,215.05487012189542,218.4632575931856,222.70311621118353,227.1567892840824,232.00791677040877,237.4803649324063,243.4067729693076,250.61000762768253,258.3934998347488,269.2881380642462,279.63990179474746
experiment_705,227.0,226.11813513261956,225.05298776029557,224.55108216749818,224.3519564602156,223.86752656988793,223.29231412130798,223.2592961802707,223.34652531003547,223.65597992946715,224.1677233186035,224.90728659009008,225.92885399708138,227.3003885785921,228.6361752437022,230.31641609980795,232.1932749361822,234.19181972304975,236.7191901810567,239.15657159532267,241.8367068007894,244.82880499133864,247.98845827639173,251.42379263288484,255.23429374382397,259.1391748785883,270.6278825873181,275.35205139029426,280.40531188476064,285.9571106015301,291.9464174944068,298.5932536292822
experiment_706,227.0,223.42821440651707,219.7835356099587,216.58464053991267,213.68413522053226,210.30240449789218,206.80331675234567,203.8375069615705,200.97425767741245,198.45650780564173,196.14150521629585,194.1657742000852,192.4501170003623,191.0405412293707,189.921357954651,189.1011912198519,188.5896117471258,188.43010894449878,188.54060072957955,188.96387830362758,189.34303812855967,190.3886972497644,191.7974727501009,193.5019575830417,195.4700920472525,197.75994630979062,200.69100375024834,203.58141236224418,206.71311568936943,210.386685884806,214.2934845550626,218.63329896533367
experiment_707,227.0,222.33565681775028,217.82636540600123,214.32765274117702,211.79701934419634,208.86613008976005,206.57073914477962,204.93436602375715,203.79722912098188,203.46725538511527,203.8114448121691,204.82772935059967,206.46321874169143,208.91577148646027,212.12746189349767,216.13031522648876,220.96269814233676,226.67766266222483,233.33880889036678,240.93750906288867,249.6241247679235,259.40520283344927,270.3316059671181,282.521413500607,296.0931721032989,311.1290018056204,327.6651399137046,346.4166412586913,367.58775318027654,389.43575279602777,413.5911046123995,441.24332028017176
experiment_708,227.0,221.29564601398727,215.62665561401064,210.79282820363747,206.6555397489281,202.15880179267208,198.1417929468494,194.60451697437023,191.3897553466248,188.85114127612601,186.82148670752375,185.31624312537613,184.3572059366244,183.93372258150035,183.87206287499185,184.59115267461556,185.92056145287,187.8637685055445,190.44764460923335,193.7294296462021,197.7120487410463,202.40384011768236,207.95717115727604,214.1875040470644,221.37015192445187,229.40868794366733,238.23774466916402,248.1455733244396,259.0981472986514,270.9576694424305,283.9572213413659,298.5556639791892
experiment_709,227.0,224.64695325395334,222.218717493758,220.01873747412077,218.17509727146427,215.87966495758832,213.58111748949383,211.55861736825435,210.07389919090633,208.21652734184102,206.5115890092656,204.96390711637565,203.52148849040668,202.24484174634733,201.1939051925952,199.88944671968693,199.1019109312935,198.52227288786108,198.0897451662251,197.83474970326907,197.76487213188713,197.9170520469941,198.22033524737395,198.82345682407805,199.7180320361129,201.09715908949718,202.40954644428192,203.56487934310002,204.896175728856,206.37535735125007,208.0379827944424,209.7920831316108
experiment_710,227.0,228.9999661917785,230.2365954457109,232.13386774145715,234.25443181033208,235.50314178878173,236.78548984590265,238.1799560750014,240.30897648055458,241.94601127584627,243.65922455858225,245.55315007300078,247.53237373895638,249.65275585203796,252.06722959682673,254.52839964470732,257.14304099753065,260.04801157174796,263.60523755296936,266.7899795256769,269.69191979952797,273.3035902878021,277.1034850962295,280.8052903093098,285.546234503022,291.4447725781001,295.77218076513793,300.2366410653635,311.3861484945496,316.37082711721007,321.5153603717803,326.693893255901
experiment_711,227.0,226.9255510984661,226.5014458857142,226.65238753780508,227.3279173447917,227.58909647331282,228.01702196446405,228.62763607964064,229.29458526851698,230.2844573310823,231.43844730828465,232.79086797520293,234.3523339495232,236.12135310706884,238.11553630775916,240.3453807490052,242.86036094073302,245.59552043998582,248.64141039590078,251.91834015921762,255.4924058320866,259.3489305250591,263.512174929421,267.97797338717055,272.79151785326957,277.930645100363,283.4149427223495,289.2609648752572,295.5979696779152,302.22593440385117,309.22923827171394,316.6229766276662
experiment_712,227.0,227.22072529037095,227.05544656707437,227.28447665659917,227.82218859111885,227.61173316422622,227.52319458800005,227.59326616192303,227.6908787117835,228.1090469999716,228.73818565836706,229.57205453709201,230.6310647666593,231.9249393835592,233.48479229659824,235.30439216990754,237.39436770559428,239.75970762751518,242.42962142236595,245.40324246561323,248.70700931570732,252.3157434266293,256.27980330706015,260.56189942481615,265.18334498548427,270.1381872459106,275.447336330156,281.11790249755734,287.14028872021487,293.5105561748068,300.29534939469045,307.8997364190469
experiment_713,227.0,220.9265494841652,215.2861587971219,210.03475500279663,205.7466704305781,201.22992936143947,197.10100728329652,193.404996258063,189.89637888767788,186.96404212399506,184.3971689117486,182.206408225934,180.3613469262326,178.91005090417383,177.77322234323532,176.56920346847332,176.10692865401685,176.05055673610048,176.28775232439426,176.90947926904033,177.85996095950546,179.54358974390772,181.25346054270327,183.3169350651866,186.24972989898458,189.5001651502535,193.02297184480437,196.84671382995737,201.25605047234757,205.98306984070945,211.85516021173805,217.89170336811517
experiment_714,227.0,231.66133008779906,236.12024959303199,240.48252597261998,244.95282229788813,248.82509053408847,252.13272210127843,255.31160588852384,260.7311931369065,267.85618396916766,270.43060928642024,272.6178090629888,274.60870915599116,276.3062152625834,277.5669768552186,278.58396507240184,279.5516581952319,280.0284171550698,280.20579104806416,280.10147140356514,279.7193887433647,279.06447899294136,278.1573787941379,276.9575839164868,275.46009097788806,273.5094144828163,271.5229692627067,269.25721207771414,266.7011427819947,257.01287192772236,254.24848610588273,251.49343534107646
experiment_715,227.0,225.7477514543843,224.3048690141008,223.6759177274282,223.68032168422093,222.95018729677702,222.61179460238935,222.43734873680233,222.46144320543925,223.03546163208233,223.93578748897312,225.12736306830038,226.51328915538306,228.4088657606532,230.29484155995755,232.41626997754435,234.7439798217835,237.43303372866004,240.37646774345785,243.35085851541652,246.5231319155779,249.91504595493626,253.54487720795368,257.23943825098075,261.2155458480479,265.21329822435257,269.447320793888,274.16791891098296,278.77856574914045,283.79613646596795,288.86970632359703,294.0785112028691
experiment_716,227.0,223.58198580220866,220.24220758282112,217.6669485608618,215.86090730720454,213.79982620009247,212.1300866378865,210.84440100256768,209.7457010133645,209.19664872956685,209.00728798729355,209.18456267293493,209.72733434370608,210.6385988040727,211.7864356118775,213.446182056393,215.52007068038148,217.97830607904342,220.88718805401248,224.22778458706495,227.96124030601425,232.13273537939517,236.80610217921134,242.036949605963,247.69272879126788,253.8925315513011,260.75646499112656,268.10023593118217,276.14540895172655,284.8568792178967,294.2066576991923,304.36164058591567
experiment_717,227.0,229.59073894403804,231.62586132653678,234.16184673617852,237.06452751523955,239.01218144787032,240.99272163922453,243.0477581557978,245.03851003068814,247.24480579696373,249.62571167261453,252.0028501416503,254.45341996270318,256.98640805189257,259.61609596362905,262.36404335186944,265.187943311678,268.1199488754971,271.25672341200965,274.39522426948463,277.64038647300447,280.9705729166467,284.490364876945,288.06208358313256,291.75356564791053,295.560243255807,299.4790441476656,303.487047856043,307.61438145191306,311.8682680410634,316.26240709133384,320.7083830827711
experiment_718,227.0,222.64464867235858,218.4232569844458,214.63554907966935,211.19430298206578,207.39420171237236,203.36136085746327,200.04137587036917,196.6497140493725,193.72209669439505,191.00638703974926,188.53702413663362,186.28967167237465,184.28422831540672,182.53521496229556,181.05457118904508,180.121455856578,179.15885199911398,178.41324061172506,177.94483138739275,177.7537628256777,177.95255644710988,178.34554409422256,179.10057248916652,180.3095143961159,181.9999425385308,183.69142303159822,185.95603360605253,188.2781281672023,190.83198274331315,193.8434093471964,197.70981045211482
experiment_719,227.0,221.5781365621189,216.48769212515305,211.90260290434745,207.56933725552562,203.38851592197454,199.52350309327795,196.0082173763169,192.68045101585184,189.84979355557977,187.37814055493794,185.26395256791875,183.50827682084298,182.12243772648236,181.10869780308258,180.50566897777048,180.25913682622115,180.41067394184688,180.63792696870584,181.60227576712367,182.9953436122371,184.8393919603493,187.17709337644175,189.9420369263811,193.2194576558045,196.99275515453368,201.60632451086576,206.57268663747112,212.33535624442743,218.77507174483839,225.52529571472556,232.97608156016165
experiment_720,227.0,230.7862448513677,234.05135698522372,237.8880972936969,242.33791892120337,245.5250639464627,248.79321066598715,252.18132785782416,255.57561809496983,259.2245746446705,263.0179786399072,266.96816010016244,271.08917035863317,275.3828258530178,279.8602834567371,284.55372765639254,289.45487093491533,294.5951283621588,299.9574763076665,305.5626431763248,311.41514893097906,317.53019351845666,323.9163271110928,331.591318198729,338.5509490960011,345.6712684460545,353.1737881997234,360.9544882095938,368.97973665577854,377.3239675072087,385.9289032677008,394.74956075231296
experiment_721,227.0,227.7604789549394,228.14715544913074,228.62438533214774,229.56653863113766,229.65354370618746,229.8726797631369,230.1037741303276,230.30347610415254,230.73412342156374,231.252769516036,231.8973260036268,232.64876236324756,233.70866751396693,234.72051933743046,235.93894158490758,237.23724843662387,238.65986326466555,240.23558474325225,241.95624855770222,243.8300402196092,245.96368958897529,248.14741012582382,250.5833985803975,252.99738438144192,255.5502124525768,258.1957334853628,260.9852708095345,263.8225225399484,266.7588353186981,269.7444925571551,272.78776312063303
experiment_722,227.0,220.7984609524632,214.85853068599246,209.6507252833274,205.3272766635506,200.93818307730328,197.04192148104025,193.63087942275826,190.63844045274953,188.20351371083004,186.28356623048893,184.86944295789533,183.96620472103726,183.58768926269704,183.74677791472067,184.46945141675764,185.76429986707933,187.6855816392785,190.20597406520844,193.39693973185447,197.08256663303524,201.67212234140186,207.0340875551839,213.20514677044173,220.33469856817857,228.24716819802717,237.25085238790496,247.14614946875315,258.0933962189792,270.23804361685654,286.5977201934097,301.63060179305603
experiment_723,227.0,226.72451869616322,225.977791237346,225.10175990332783,224.57799633490663,223.41786842726768,222.15706523401838,220.83287906160166,219.21052180169312,217.71381275521793,216.16830061325794,214.59700448181383,212.98628289130198,211.35555275111977,209.54352330920443,207.91072891416536,206.29057624116484,204.68137049860167,203.09882801693362,201.55408701176293,200.0358026265857,198.58813589366468,197.18194082273482,195.80689813433116,194.51806548971578,193.28826904243442,192.12310447501937,191.02242852778733,189.98711339734987,189.01829356721254,188.33340053763615,187.47954061593109
experiment_724,227.0,228.92411221941285,230.29481255566986,231.96901786582828,233.80037902214335,235.01292637400056,236.173290198816,237.31257635802808,238.2964367056193,239.44646419520507,240.64195346040282,241.83578240751956,243.01768849186294,244.2281610588641,245.48468315425774,246.82711177286433,248.21097361480076,249.68363069017872,251.2031963415178,252.81896456384766,254.5312484654263,256.3597314245781,258.3832964722665,260.4080941659889,262.5470766803657,264.7682151749309,267.1065156470906,269.70608945516085,272.2772431039853,275.03893844255197,277.8522518643594,280.819565177945
experiment_725,227.0,222.0968855748829,217.62628367326556,214.1761109225369,211.68469875700617,209.14624448717365,207.30672602218561,206.17539630632035,205.5862632596435,205.8399514699695,206.79437282530333,208.34867265480815,210.71922643179366,213.82891308355767,217.69847766212604,222.3549773278162,227.8560220438884,234.23537444726952,241.50179588943556,249.77601199258493,259.07358740230495,269.43972539203054,280.97963235145494,293.796454984387,308.00236612261284,323.6041874267903,340.7754290274265,360.24565077400587,380.90838001202064,404.19556185364183,430.2391686509644,458.0406616501307
experiment_726,227.0,224.04150581927792,221.4597092193979,219.7518607388291,218.9283218622619,218.24329095288473,218.16506013292542,218.70024067949447,219.72958672800198,221.48799761848733,223.75870810599068,226.7516232480933,230.3935111470676,234.7193209709214,239.6756765010343,245.3338221483333,251.70972468066392,258.8543175361642,266.7552542455299,275.4771888305272,285.02396832792124,295.4881095916757,308.04238113062763,320.6355983220358,334.0456332766904,348.79914816789847,364.6452542543133,381.78721022736397,400.31426525408466,420.20486277304184,442.6056510339505,466.2527358123541
experiment_727,227.0,228.05648169616433,229.0377724631373,230.82848244397158,233.25489683701232,235.37094596032736,237.87364979822368,240.75380180709044,243.93782780692845,247.57518637220335,251.63795405854995,256.18965941059855,261.1505796196444,266.41366810276656,272.0388893721347,278.0499023968968,284.6712714803944,294.80161305670765,302.3940619322692,310.3951937166705,319.13589944846694,328.1517161571981,337.6039457925196,347.58867027316376,358.36794432201987,369.365952826319,380.82221098542186,391.6626682529919,403.58058166790636,416.67107668423154,433.1501129217043,447.2443772310135
experiment_728,227.0,228.36960529871155,228.87806137393295,229.6978225552363,230.80711763406993,231.01812475745035,230.96261148882058,230.8326387454684,232.09216665080052,231.70378587068694,231.13368647324842,230.52280241675396,229.7781631989301,228.9598824772943,228.07982001998454,227.14709473003103,226.17079623822727,225.1430054054996,224.1059798420523,223.0447846789639,221.968999388795,220.88451753059888,219.80795888117524,218.7165051114427,217.63604335212412,216.5651086788032,215.5066959145584,214.4636034239444,213.43760920802964,212.42789075462034,211.43939091133112,210.46998387478618
experiment_729,227.0,223.34336007436744,220.07242767068038,217.51215938399204,215.55386049003965,213.28021229144915,211.47074412083043,210.1404584312128,209.30607072349272,208.37334933170703,208.27035154989443,208.671662722469,209.72548610098033,211.45090480358652,212.99450586975854,214.82493726000337,217.03793680973192,219.67114107234573,222.8055206682046,227.14885896612975,231.0632808730728,235.68641724588798,240.36216723925452,245.83012289325413,252.04322805246886,258.61781191159355,267.04636769174147,274.9352532431282,283.43279571250275,305.47810244179703,316.1189485574396,327.10789757074326
experiment_730,227.0,225.1107590083256,223.49455655256105,222.81539281352693,223.10660159852608,223.34892125697618,224.20262844711368,225.61402513300465,227.38076653403988,229.95891130301465,233.17446875101064,236.98844355534487,241.40982055111823,246.47003337080008,252.20809879628828,258.6728672820354,265.82626206033996,273.7403445875227,282.4427666449347,292.0138835788728,303.87654556300356,315.558196258079,328.1375366432353,341.8794478210595,356.7906771449452,372.97731309048874,390.5667274238501,409.73067199280916,432.10132962403566,454.00229224651406,478.79528255521586,505.3312829631034
experiment_731,227.0,223.83328139912197,220.84496865867527,218.76099817104046,217.6166219625265,216.15308423709453,215.3379298740069,215.07533245679855,215.18775066313418,215.9917121363681,217.36512703448352,219.2869125622903,221.80697043798875,224.90113481912752,228.6496510447172,232.99956393050905,238.0581788538472,243.80010248725054,250.3475500403733,257.6496019087751,265.7487129984367,274.7599226939577,284.76372318060953,295.7782000915812,307.894768598445,323.152640692441,337.8387682180605,353.8413768849134,371.34179360420904,390.3804906860085,412.14354917888056,435.19626614491636
experiment_732,227.0,223.732782847738,220.46380725462592,217.6930918772478,215.33148745217045,212.5617171211985,210.05357743170111,207.81222016556598,205.63267675172827,203.95858079828434,202.3444840778997,201.2831877200556,200.5396046662794,200.11362236157657,200.06326006144042,200.3513894081445,200.9771366817531,201.9887383523265,203.58234703450077,205.36031646376517,207.5127542646389,210.06417428845688,213.20971440023158,216.68593211528238,220.4828353353007,224.8033314525434,229.50841171173457,234.78739918158644,240.27397191861218,246.15996428192443,252.5428488920084,259.36008039215193
experiment_733,227.0,225.15007947338862,223.3474257782163,222.2083261103095,221.7676343668055,221.0549466176599,220.61193068754264,220.42704342981045,220.4528365015389,220.49927787542777,221.06320364157943,221.88005984562025,222.95420425995366,224.27111244697602,225.753087494975,227.79671530879574,229.74984725321568,232.01205288301887,234.4059223474352,237.29877621326716,240.16688517047157,243.3363664111043,246.72463534643717,250.31017628896512,254.23784054164412,258.4810556942175,262.7186056147587,267.54692866675816,272.43338695224054,277.68859559960026,283.2766529333829,289.1112151963522
experiment_734,227.0,225.21779435241555,223.1659236636923,221.4008571280429,220.15093653908417,218.50661741294684,217.0254937153664,215.7943503901138,214.47762265209104,213.68102927321652,213.12370996226224,212.92046782611834,212.98954268245907,213.34675819402497,214.0457164338555,215.28698949717568,216.82893896026889,218.65483629359323,220.8996822464331,223.9423857217341,227.1105088706281,230.8312192774356,235.10878598720885,239.8166825008105,245.18338391456,251.0944382749538,257.64387830881594,264.691681587532,272.67742837363073,288.96247298484474,298.9399073515222,309.5278705536776
experiment_735,227.0,226.3711876283907,225.43110486786796,224.69426862574358,224.41646445220397,223.62175037247883,222.9855226130625,222.55285635495534,222.19991554143843,222.26052028544444,222.62434975005587,223.30373184669963,224.35544843260973,225.75767697119477,227.56770928242003,229.80722396862262,232.47295072001776,235.58634102155304,239.1838459260418,243.30463408146426,247.89071752673215,253.03053223542693,258.66383754656897,264.8130166580094,271.45972961623664,278.6431593839081,286.3729789178652,294.59486207600077,303.41175521991056,312.68443553970064,322.41306371314556,332.61422125957824
experiment_736,227.0,225.69983534935074,224.41401861414582,223.1576765231748,222.77065527989782,222.38801023220594,222.3197053028365,222.50896577844208,224.23903429585138,224.77439532750114,225.6372995664122,226.76667448046368,228.09088183940537,229.6755477321534,232.69341972352782,234.87864456374427,237.30423931297838,240.86484346937092,243.9774621108919,247.10140978131136,250.71585069909378,254.77946241890456,259.186733689046,264.0871917650205,269.47191163285254,278.3046762476099,296.4521134010556,303.0696994184579,310.31535405793835,318.09541377324166,326.37500900697177,335.483094486695
experiment_737,227.0,223.88681343420458,220.44172753535253,217.4980172781726,215.03687104412575,211.7832797614587,208.68711327752322,205.76723594283328,202.91695366843953,200.36678853949198,198.01312161475965,195.85805752079858,193.91943226254898,192.1925256100824,190.68745264971398,189.4016665844677,188.37277609653194,187.58612281342923,187.06583501128773,186.80497467870444,186.81468334759222,187.10426795008863,187.68124382242843,188.5588802938862,189.75647192299368,191.1040259298656,192.90836521213393,195.04295472778492,197.51942207895763,200.33223528256346,203.4989632051306,207.0283848545179
experiment_738,227.0,224.042884267741,221.2131483466265,218.88540920638616,217.05447708693418,215.09662799855423,213.36739732390802,211.89213078710168,210.4028029918289,209.39048926640845,208.36949538042612,207.83740022598823,207.50113209991287,207.40695798338558,207.5321928183946,207.88462779899294,208.45396876200658,209.4487316869504,210.46103060054313,211.71177112505399,213.20864316237902,214.9060104962791,216.80817839372193,219.13635645716369,221.59991389045916,224.2159819096749,227.0957797061086,230.45186891016976,233.7759616106004,237.36287282562617,241.2268988439635,245.35307398521542
experiment_739,227.0,229.9215042110852,232.42056688694237,235.4758285921775,239.0214476112879,241.67609458690393,244.36428153756646,247.0674017137616,249.62872101384042,252.31702317791164,254.99434490754615,257.6073380986854,260.1504627673436,262.60681588383073,264.9787422754104,267.24839887093174,269.4204942996507,271.47547603258994,273.4364177997028,275.29963678906154,277.075692189196,278.7785168289959,280.4079733717671,281.98293416226426,283.51864745514376,285.0299795711224,286.53513181491843,288.05166903920184,289.5967557534854,291.2100900222501,292.8715922504144,294.59050540462255
experiment_740,227.0,225.14612576844843,222.98222076304825,221.38638643648147,220.22508136839858,218.6722010649201,217.25110650226895,215.94206314100686,214.54389322473088,213.47879399742024,212.52503276824558,211.6714197316498,210.64635966311766,210.0107969508213,209.441976260371,208.96048866556933,208.56427485801845,208.2502216487759,208.01877370182513,207.86599082402503,207.79141858003723,207.80728080818096,207.8866990001676,208.04257255501068,208.27473438832715,208.58388954793386,208.97045604000806,209.44906921378947,209.99351837378333,210.62675469310747,211.3371277871691,212.35947764266615
experiment_741,227.0,224.85961547916799,222.61801289145512,220.8091725176074,219.36749498691466,217.4625610298998,215.7570727802989,214.2795295420504,212.78723608252858,211.82201681545382,211.10563978681353,210.66065000443206,210.49976560320297,210.6283432097561,210.86220758809762,211.63309242860623,212.7041921882838,214.10920914030905,215.849239670918,218.12680857585548,220.58811378910042,223.4142190905573,226.6581947816257,230.38376868398637,234.43154470355074,238.77244414290516,243.61653840260828,248.97965090571728,254.5603536134949,260.5589600813648,267.0456525365157,273.80421135004565
experiment_742,227.0,226.4179938428227,225.2430952080032,224.77332941832307,224.78347612551067,224.4655536044869,224.2081206334287,224.0818082363299,224.9422239704756,225.01024168537992,225.1822470843536,225.5803708425836,226.10157248021264,226.70301759505367,227.43578004185733,228.3286771596146,229.4337608897798,230.56177067955366,231.95352734601732,233.40069144090023,235.684844727034,237.3918141271301,239.15949302632603,241.16557010102895,243.262188237091,245.50818494812697,247.9199596944232,250.34782979113783,253.5895316542226,256.51891111938767,259.6748904861872,262.88163193064656
experiment_743,227.0,224.11890172333295,221.4141450719943,219.22006466304424,217.42431308689794,215.36425064265148,213.6632996135945,212.24254162852523,211.15220955194852,210.41601020535754,210.02853472999857,209.72282125136567,210.08119016310891,210.89943232714327,212.1468860798684,213.78614991688508,216.10936191096422,218.9190094460062,222.17952446595427,225.6421303862612,229.56335947651115,234.03379363283744,238.97147401814834,244.5503944583175,251.27821754244974,257.8092982907508,264.8878504134975,272.92137951289817,290.26345752374147,299.98679882716556,310.95016754646883,321.6551412900263
experiment_744,227.0,224.01907072411296,221.14344220059067,218.579626595936,216.33927128228376,213.78873778799863,211.42268157377276,209.08957973970342,206.9208716742881,205.16382111493772,203.62902164373983,202.3510533555933,201.34497730699084,200.58695292391235,200.11539376238198,199.93676599564708,199.83762097630643,200.276898507237,201.02230258713527,202.14888680911264,203.8553635307489,205.62169518609355,207.75519486555464,210.30107373418264,213.3357328231931,216.71319158368163,220.45936977147718,224.40069262188615,228.67476121201182,233.3824021247308,238.32457687569803,243.65729234629526
experiment_745,227.0,229.03699432166763,230.63144946469046,232.57467953938215,234.85995410869876,236.0641138844997,237.20720880169446,238.26048268424125,239.10503606149132,240.07162955600216,240.9729098320355,241.78148827951355,242.52600282017485,243.22679241712083,243.87800760608528,244.48647792721917,245.03522641645924,245.53441504482078,246.0049520059007,246.4193027882725,246.7908999942835,247.12100234340153,247.40009710554818,247.64897581548797,247.8581706097391,248.02638260899582,248.157128476244,248.2519483763645,248.3052399806196,248.32014972023777,248.29680930293168,248.23545184513432
experiment_746,227.0,224.78986108955652,222.36281182660724,220.64467035302278,219.1962336750134,217.78650263512958,216.62814411314338,215.718281889449,215.24397468380405,215.23655577343405,215.12506520565034,215.22910695016336,215.7980551352811,217.01039081049032,217.87880961142656,219.02531814709846,220.4517511356239,222.05854550271232,224.06334824547812,226.3398534306022,228.81397385496132,231.6061762061754,234.83178014582649,239.0901012115475,242.77159977897105,246.759543947238,251.6609044584937,255.88741826316934,260.97753937592523,277.24317201403767,283.2880257554869,289.7470354798993
experiment_747,227.0,223.23420733821487,219.69701923278612,216.77013550815423,214.46645915401228,211.94474026960867,209.89466984646253,208.19464921230548,206.65760684334705,205.6468967382175,204.97646114820284,204.6399799963279,204.63869070690896,204.96978037283054,205.68617125704571,206.6864083854877,208.02420892710563,209.48277362025033,211.54687715993254,214.18254458732937,216.94885102578223,220.11321702833368,223.71653635448362,227.87349916327003,232.4348392675995,237.49555403156626,242.88837149626528,248.85307495186137,255.41742871205173,262.50338809871766,270.2038903096029,279.1307055422406
experiment_748,227.0,225.4896111011177,223.71053793346562,222.6107180820244,221.88525437784762,220.58444393079589,219.52138123447241,218.7317988689201,217.80707082612673,217.51491848748856,217.4228119369008,217.58349315213346,217.68750307725793,218.02836292225265,218.7172446906598,219.38037357752552,220.30568886512253,221.32763908378502,222.53188355712086,224.01557895934982,225.68842182412175,227.44829923329772,229.36395258161693,231.9234594006395,234.0225791537788,236.50753384814834,239.6252700562788,242.590134140303,246.87811394757227,251.8850353029852,256.99948346145567,261.7533865339751
experiment_749,227.0,230.9054629036629,234.52054862471743,238.6956118937664,243.30168466927512,246.92072151803228,250.6681653630054,254.48198710254468,258.3512110048877,262.48026667992576,266.6382814485838,271.04027327322615,275.4485206250892,279.9663064950612,284.65015758567336,289.5606638078728,297.6671637147259,303.0884928465412,308.5332256676332,314.20553967356864,320.1789962122105,326.4385614892267,332.71890272869814,339.3195239473648,346.0824040025197,353.1293820308117,360.435957934292,368.2416462936202,376.11452093938215,384.2408277757414,392.6844267608146,401.3598462740887
experiment_750,227.0,225.19296794734657,223.20568131231346,221.41119448495164,219.4323236857938,217.30151593245125,215.28138568816348,213.22221372054844,211.41341245077842,209.42488391253704,207.49982296560137,205.85464086134087,203.9751456288629,202.20512949937725,200.63884437967843,198.92965964907677,197.28012256761747,195.7148798883893,194.2176992891683,192.8064786804319,191.48979991355154,190.2754675223316,189.17055331390623,188.54891528611867,187.72894878500296,187.0041496343281,186.45432260790105,186.17013423335294,185.8900784777356,185.7948144116406,185.85465074208014,186.09564773950947
experiment_751,227.0,226.51400537167552,226.29471770376117,226.7458905015278,227.66730836208885,228.88580961498477,230.61173915061184,232.77849622919297,235.23750816352924,238.39090764752217,241.93031183568286,245.78853935269825,250.07807723881012,254.97372611246016,260.3275970307773,265.9947920666391,272.1691999603498,278.77596676772555,289.8147140492465,297.70220727966796,306.34935242109447,315.35173558832673,325.025922652185,335.12946677985497,346.4295831882723,357.91715313986543,370.2182466169537,383.20982972390954,397.37208558306907,409.70612020616755,425.0983268826185,441.84173299502515
experiment_752,227.0,225.65427099809682,224.11306916851453,222.8598940427757,222.2226804676444,221.20506833009432,220.39172256116655,219.80094475257368,219.1808835995711,219.06873356732856,219.2490673688796,219.67754431343673,220.39890807027945,221.36895204636937,222.6412836167999,224.2233891731128,226.1321476290378,228.36921357475654,230.95592796047058,233.95610930057123,237.39410988096,241.16490622606187,245.364263709643,250.0474003353952,255.18528085386768,260.8941928465804,267.1708736292263,274.079839933354,281.60771134995247,289.86425014506744,298.9464619936126,311.90866773500903
experiment_753,227.0,228.51762316404938,229.74196338864084,231.17009342494765,232.60281481473982,233.5825641683458,234.60863468586865,235.63940984831848,236.60404025533697,237.67452538314743,238.77221862073566,239.86789831596326,240.9599962068601,242.14554415369096,243.30717406102116,244.38988682270025,245.4644841985311,246.51898968648248,247.55901786015482,248.5926736690698,249.5877467676249,250.54681457954763,251.46412452122158,252.35017147311714,253.19955762465338,254.02010597826796,254.88144909887117,255.60909261280202,256.2510713466688,256.7551758996517,257.33488602796643,258.0627087858198
experiment_754,227.0,225.60823186107632,223.9236951589956,222.71681800782324,221.96337221673875,220.5401684544408,219.5958682908893,218.91167416700972,218.5389649195828,218.4647413100069,218.73040298206286,219.38807903019762,220.42271259607662,221.8954358098057,223.8243811474665,226.23368505407166,229.2729623685131,232.71980267688548,236.5667274668624,241.07829443647336,246.25722293636474,251.8198857284969,257.9035273804479,264.52636348179306,271.9113027090367,284.54127046701444,293.4551632024253,302.68105808279756,312.72600745374183,323.609698662727,334.61553250087945,346.3924955276739
experiment_755,227.0,226.89546970985253,226.56026203765254,226.59901004440422,226.66854757521372,226.16675748230432,226.03289524522629,225.9567208714481,227.76703586702385,227.77877579588738,227.84633425066517,227.9819345082238,228.1360452525777,228.37732584435167,228.76665376227947,229.15191581088288,229.52172785403718,230.03670005430763,230.4925795370515,231.01833041409708,231.62448862587095,232.26189114518775,232.95514453550638,234.8572783410113,235.74485844662757,236.64480588453617,237.53311101693262,238.5566704468679,240.003074290715,241.37115581148396,242.6421064597974,243.90031223690463
experiment_756,227.0,223.25702134521617,219.9373768685237,217.5642414870315,216.13293960317003,214.86269833866305,214.19697548502648,214.127462405171,214.36300681130322,215.44656975576896,217.0933508535124,219.3085013780751,222.07840132992706,225.42613301919562,229.3547802058734,233.81704781658658,238.8386530391343,244.48010442634092,250.74306117414358,257.5859725402396,265.0418451401378,273.1245602714038,281.908589784858,291.37575948018184,301.61062180758944,314.3915258962181,326.2667856417718,338.93460412864215,352.4063382071747,366.77153310255983,382.16406564394606,398.4832696647148
experiment_757,227.0,226.2787249063719,225.3025767832753,224.89857014088676,225.3052747068848,224.8058799743089,224.58625101929482,224.66045270749748,224.91266842085588,225.59252493642612,226.58522930987218,227.8592433741747,229.43102751442476,231.32701602628987,233.52862514497934,236.06869305571811,238.9980273421122,242.2790174468894,245.9283914001121,249.94871205064138,254.3578646824873,259.16623675729346,264.4377305698705,270.15730587537166,276.381858233697,283.1829220700092,290.44129006269685,298.1934527777014,306.57453025803363,315.5968996589586,325.2913849832138,339.05468172896394
experiment_758,227.0,222.3425487086537,218.0690872939042,214.32796068069604,211.06708253786198,207.8002669413704,204.89555231707277,202.358500162221,200.42646021754382,198.2825470509855,196.90396890441076,195.9355255336712,195.35571426564383,195.23998650869106,195.64218409061317,196.6603826600837,198.7291234927414,200.49774142590175,202.7205941136271,205.64749971540405,209.01270757539348,213.27543358427488,218.76661252997116,224.52787671797876,230.20319554739433,237.08698494501914,244.97742751911719,253.39854244363443,262.5103554721348,274.3363309556663,287.73217931989217,312.27100117509735
experiment_759,227.0,228.28570960216774,229.0141237789257,230.05522743307367,231.7356386929685,232.42667487950973,233.0731484441621,233.68901049359408,234.12524980854528,234.6436480010899,235.12350791926423,235.55160537577405,235.91521628353385,236.2149342443956,236.4520356742175,236.62394167994245,236.73497961770858,236.77280802980928,236.76282562513143,236.65391226642157,236.4628761834455,236.19535921372594,235.84906620324813,235.42220117063277,234.9189581375719,234.34045858475884,233.6909309926571,232.97518888746265,232.19850927809821,231.37040281051227,230.45254669002492,229.55860222519996
experiment_760,227.0,224.99415833601861,222.72019589953072,221.3062182767446,220.67831820442143,219.5289056950364,218.69162095354113,217.71582411393524,217.409019797864,217.32827379116105,217.4039647853292,217.7719965832836,218.51241872357187,219.38859390434072,220.3818938264964,221.44980159688944,222.98666775744016,224.39025744665096,225.98197263000014,227.78850588819228,229.73525103318104,231.85556928133315,234.35191568351019,236.8511354083227,240.20786436291343,243.02683908772994,246.0133796123743,249.20560416722546,252.535678111921,256.8678817418837,261.0887322624483,265.2953632968714
experiment_761,227.0,226.61458696975942,226.15549510516624,225.8697748336672,226.36708082731212,226.68799530556214,227.16879395792625,227.8965539410651,229.69054565560117,230.90885615244088,232.3293592083729,234.0621341419085,236.05561275213876,238.25132820676873,240.73311813258326,243.59017951278497,246.57799426448503,249.88340293928832,254.3026289134383,258.1660604758798,262.55894189207106,274.7609683333478,279.8007785217459,285.84434505777506,291.63576949092214,297.74693853205804,304.3620798448845,311.4153115834821,319.267417015697,326.817628713823,334.83874647116426,343.2874680873157
experiment_762,227.0,227.56878736319806,227.20177521013125,227.4366734985777,228.31069623280862,228.25141408899293,228.2135179457566,228.06940559826205,229.23052138619616,229.12786301909065,228.95533845838688,228.83468467099436,228.77746167866508,228.75497179530814,228.80806043123835,229.1115815527213,229.46951499748326,229.78758988990552,231.1432524441623,231.7788117984665,232.48054302480566,233.30973933467206,234.3069154052598,235.42904428058523,236.896612742431,238.49605043173432,239.70984350484622,241.45414203871718,243.59709899896734,245.77160998436617,248.04493244020088,250.51262824235542
experiment_763,227.0,226.9351926383432,226.1614706352501,225.68114113050257,225.25761303700895,224.2231103979117,223.05098945406257,221.73084353791762,220.1600468884905,218.5272667459925,216.75739759734486,214.84152176791403,212.7750926105822,210.58761713335218,208.2727093886221,205.82829543285612,203.2776628644861,200.42570847825863,197.69005841191523,194.85344208588998,191.95637073478144,188.99982812047872,186.00194016755285,183.00003615760164,179.98902668909895,176.9766338962873,173.96574749016915,170.9723832253605,167.96809960751594,165.0484885752702,162.18747031363063,159.40064888121637
experiment_764,227.0,225.4321245773159,223.8747717932294,223.11898826232357,223.08202047925948,222.42248168352938,222.27828258181935,222.56880218461387,223.08695418122642,224.20296756789395,225.74143914156716,227.71183051308682,230.1186727660231,232.94787688220435,236.22788947475703,239.9658043184337,244.20224751404342,248.94435696414698,254.2238469857379,260.05730893384316,266.4845142788844,273.53987406973624,281.2848677121573,289.80327117358394,299.13779893986964,309.40361953311117,320.6212075750557,334.36107463784026,348.0670283656287,363.2671662614314,379.8168032175479,398.55419300700066
experiment_765,227.0,226.70092311248405,226.3416779952106,226.902692503082,228.39109304207525,229.08452959946112,230.45710387799045,232.36870289933043,234.63615484805132,237.70757356295454,241.32081707060553,245.6357055122664,250.40137871180087,255.74757375828995,261.83226441617296,268.4326930692426,275.73868810478297,285.932857649478,294.7006938920179,304.2031433215104,314.34761514588456,325.4077958078582,337.1003303270264,349.568128107107,362.7830373672808,377.1815243385988,392.14359473461116,406.5339154695704,423.1061656417519,442.88102542003156,462.28027170063996,482.0153087962658
experiment_766,227.0,226.73566495628944,226.2938687846188,226.1685180294661,226.7902456016156,226.80549260146728,227.09871648281785,227.67257299733626,228.46906863218982,229.61333430115045,230.9302036049396,232.51829015056208,234.520366516617,236.69605890642652,239.36952605603932,242.14679091130537,245.26135269068448,248.7429356393059,252.50141016624556,256.7258846248326,261.25104302629654,266.07010339721296,271.39866714476756,277.1772130757113,283.216865646121,290.04440379300746,303.43019739103056,311.8433847010005,320.57800762166084,329.5669843026642,339.23136537933374,349.66388325773465
experiment_767,227.0,226.1184018226599,225.34749362862684,224.94551135278772,224.55126886699014,224.44794262828847,224.6045553071235,225.0831583848661,226.43009425503345,227.4687855876848,228.7802033516151,230.6200674410154,232.39131779200986,234.43825959912715,236.75400637910184,239.37976969366167,242.2305872268099,245.3554110968161,248.86632377903078,252.52497272612254,263.54895443362875,268.04441647762997,272.7575623689087,278.06425536512756,283.6211692092909,289.0571478376563,295.6801880534565,301.8323223717365,308.5508305674772,315.28813618476323,322.3700505028503,330.5543424596429
experiment_768,227.0,222.78815059671115,218.76667175952957,215.22571324838364,212.1615025615238,208.79403988977145,205.6460568112071,202.28417498254245,199.8689585705167,197.49704515036706,195.38161588931314,193.56117906719058,191.98962492739477,190.69676764744065,189.69085730650937,189.00516469812663,188.5971755333889,188.51549728290018,188.82566906099058,189.52458851844864,190.62463604263655,192.22762787771478,193.92116414050963,195.87462087683087,198.17318928949544,200.92752131652705,204.11924575420005,207.78649291451416,212.47947043115045,216.92194536094877,221.9866150355728,227.44551131223432
experiment_769,227.0,227.0339339290114,226.66548379841942,226.5080040473401,226.39249504998241,225.61729899056803,224.8476837315424,224.0927607794503,223.15919375596252,222.465887481237,221.83015482713955,221.2369441983509,220.7059473747375,220.24646103731706,219.86386031479077,219.56878169058743,219.36244856785703,219.25401072755557,219.24412549995617,219.33393410126686,219.535726213285,219.83593359258737,220.2366415470371,220.74378550822448,221.35158373504387,222.041912978114,222.8208243208776,223.6846386817286,224.63694099728733,225.68420530106096,226.74964593869782,227.8629532721459
experiment_770,227.0,229.59791088044165,231.47820224722523,234.07817393069956,236.95003378126933,238.90161393653733,240.96240198681514,243.0521710239629,245.80485230781886,248.0183042082301,250.36321646810347,252.69025983864637,255.0539304083422,257.6722845417444,266.2791289546883,269.1609131262086,272.1909722230172,275.2165969773456,278.54527901254914,281.90564484156226,285.55535049334776,289.17712444017974,293.48938418564,297.6424793491239,301.68419308532646,305.94555464846707,310.33675989342146,315.0205496078997,319.6638895953838,324.81237401624264,330.1042944443533,335.4622569573121
experiment_771,227.0,223.91582027629522,221.12200768429886,218.84258151666984,217.01624092553087,215.02320752720095,213.33947018668343,211.9572269133792,211.0773190655803,210.29500440870345,209.82271864711657,209.69586320698374,209.45842317227297,210.03658099094514,210.90463678467677,212.4134916329595,214.56141859537357,216.4195941677632,218.4933198919113,220.90304605796342,223.62586769828874,226.73566015228624,230.15117996384453,234.0704171468352,239.11634779182788,243.56912448361456,249.0389106331554,254.16985536812876,259.5286517369367,267.1394113775574,273.4000996740179,280.16790706354817
experiment_772,227.0,224.08691756717022,221.34597622341062,219.1759835744599,217.59164056615094,215.96909770792328,214.50986964242585,213.5217138285476,212.7318379135827,212.3599397664362,212.28596391864977,212.51384855416146,213.05015437704012,213.88862098387003,215.0571556199853,216.52760315635334,218.32086187263602,220.46274742268972,223.0446594661951,225.90996000083425,229.1529255667773,232.80784673580612,236.90303314396905,241.55380043133442,246.68989848083615,252.3506548207086,258.612089889969,265.6790913837617,273.400380686114,282.08095851246657,291.75716390952834,302.64255266783346
experiment_773,227.0,224.3924051538306,221.69249975507194,219.57568575116898,217.96247426670044,216.15243373993184,214.24333374208254,212.95852449607145,212.43377191142542,211.6142374018059,211.23143125594493,211.4420239326197,211.22868042792325,211.26732949679615,211.4937398289932,211.95391522630405,212.58166173459438,213.5321427196671,214.70982718424744,216.06077275643418,217.80546923306358,219.78967626902033,222.80426907699297,225.10720254402224,227.96535172060834,230.90488189025947,233.82114064863316,237.32131408226016,241.17454886085733,245.51200090230282,249.9234065255854,254.60503983195673
experiment_774,227.0,225.92589028868662,225.0357062029663,224.95401033799558,225.4614928514667,225.73814848554593,226.72997649053497,228.31736731573935,230.2775685915543,233.08287058127274,236.54112775844357,240.79892532398804,245.68720098857995,251.30674749550678,257.8775634240779,265.224463309831,273.55549427346426,282.8401187293699,293.257609632602,304.6902627674027,320.7790938949637,335.3280946263544,351.28922909440246,368.9877608804205,388.75457213398784,408.04682686600665,433.474466198688,459.70429879622526,487.8706395265813,518.8981855976605,550.3121570740434,609.561242469516
experiment_775,227.0,222.53864395271347,218.46368999593864,215.2025760859888,212.48119096624535,209.72998648788115,207.545914688017,205.85984968148128,204.61290849541143,203.923842953715,203.73397771069205,204.12587226705625,204.95326371924403,206.28953439466352,208.30722274751253,210.67003243427308,213.69452390366465,217.68408902191595,222.2568051905422,226.87915568739913,232.09666299552842,237.88324828039617,244.4084797304017,252.3752699355738,260.68845318414736,278.49886817416126,288.63735003922704,299.46345795287806,311.10888027684445,324.415346309813,337.4908998713714,351.3557759740546
experiment_776,227.0,223.04662493588432,219.21406492764868,216.09252267835996,213.58156364503714,210.50650821205843,207.84501904651574,205.59708396218662,203.31627766914568,201.92927558553353,200.97736569344426,200.51372786366352,200.4651922451339,200.91648842744183,202.12593161843807,203.5809820410557,205.59302660714067,208.07482541695776,211.3962688006227,215.257915809937,219.78092430176497,224.79900150840777,230.4181728666772,236.72558107336673,244.08026632392125,251.47260938121474,260.0848598955812,270.280847426881,280.3772968219243,293.415388461931,314.27571042514785,327.50048137263
experiment_777,227.0,230.63374356845932,233.9938391655316,237.95687607999687,242.5498090185857,246.31491444212583,250.27149849859384,254.40631743959239,258.66413657184376,263.20269507681144,267.92998825984625,272.8821529094019,278.05059604327175,283.50192657318007,289.17687173826494,295.12800300383236,301.3084401705412,307.84994439497694,315.22910784928047,322.98993123760965,329.14641723166187,339.0864608491287,347.22697919485785,355.68370734140217,364.53249009026797,373.7560943713821,383.31475991897264,393.4696968235344,403.9234492753826,416.41730095313653,427.8087038294543,439.4949454461589
experiment_778,227.0,225.2224508345956,223.22047357291183,221.81669406710535,220.89396156929868,219.43177487310828,217.84199701714505,216.75751395807237,215.96040518224828,215.4304490908858,215.24819635890503,214.86081154200505,214.8177138643701,214.69062368759677,215.29400057547784,215.45074445196497,215.75049404143493,216.17992581360727,216.79102085831988,217.44886228226665,218.27004983857177,219.41417867115922,220.49787107940014,222.42935593333033,223.70715628697866,225.15959597589395,227.01547240196726,228.35214258709385,230.56933325819153,233.07837416967607,235.3150072195393,237.67316513502016
experiment_779,227.0,223.57964365489067,220.01335538126912,217.28644005757332,214.93514916436158,212.89498039678801,211.30802813398626,210.2646033499397,209.653459885244,209.5752598350952,210.30128533749064,211.12901586547406,212.4662329418586,214.41520387949123,216.89071058878795,220.14162444819218,224.036424845526,229.31798258963067,234.58435269118002,240.17156815241862,247.40844257585505,255.30241379054291,263.69451676785224,276.4406164631655,296.8164208508556,308.5335711055959,320.5226309466532,333.43468821780846,347.69838896650464,361.6246956059888,376.9434155230853,396.0373440713059
experiment_780,227.0,225.30118309287826,223.36619907831596,222.16844179185316,220.90363225180542,219.82308146746254,218.99095704183168,218.30857105028923,217.84630595516126,217.82123932163552,217.90617605475637,218.16612496768963,218.50273616625398,219.04599044925317,219.8615560687303,221.09277873445518,222.3716768817157,223.8586329599476,225.556410421924,227.58783431335752,229.82617917991402,232.3497943097083,235.2542863377738,238.30538579649698,241.75023144501756,246.126775365824,250.17003819495298,254.5511798172182,258.90582028393226,271.89031208621947,277.564994451585,284.65328163186695
experiment_781,227.0,227.3909521578384,227.91190706837241,229.05343996931487,230.74003864231165,232.00927897625775,233.90835047047887,236.22111763169192,238.8870880206923,242.18730194048135,245.81724686869183,249.87299459174614,254.50116475303417,259.6642339095727,265.1521382629987,271.2517552218789,277.6919175398066,284.7488183041029,295.96790390360025,304.6534185581727,313.7523496903635,323.5515317770397,333.94973880529136,345.35848673579835,357.131720617273,369.6147207590881,383.1362087006187,395.0773721119672,409.92436555287475,426.7669546301243,447.0590663626566,464.71147368169414
experiment_782,227.0,223.6812677949625,220.34039392973511,217.38148363309213,214.74266705811257,211.77777463046172,208.9991524911439,206.3705890409974,203.62384408529007,201.33915174296925,199.2126316049143,197.26505901933047,195.48941043670575,193.89849890746652,192.4912662353206,191.27615480768532,190.2542166063373,189.43005801076933,188.8278242688642,188.41197208626718,188.20785409236126,187.98880828113735,188.22149755873954,188.68175646901597,189.3793138682842,190.31442552875222,191.49289897368624,192.92350938192243,194.61314284212983,196.57073563277586,198.83090780894418,201.36087600230576
experiment_783,227.0,226.57354493844548,225.55807691849782,225.4033225706492,225.74668471740102,225.529897821541,225.50936636294014,225.71259476143587,226.58596394947298,227.37127782902962,228.8221787429608,230.34381394710573,232.2003456546766,234.45380114632508,237.10615124460458,240.28225899166335,243.97621091552548,247.97787612976984,252.9755487072689,257.6596940756997,263.2613429798582,277.10590902756206,285.1753912885221,292.83233793301383,301.5091647767387,310.60511402103293,320.7038965437994,331.1351554988339,342.1602415205407,353.8742333496088,366.1705861618397,378.9226946897672
experiment_784,227.0,224.90114343978198,222.4661098750917,220.64076506852004,219.39455649902962,217.49270005451527,215.88638786894398,214.59326905333705,213.63761586217774,212.82713147664208,211.9100635898642,211.7679123873919,212.00204131780248,212.54759786465968,213.76959836195647,215.14207046186488,217.26927090027323,219.17420991512,221.48583024088623,224.1722530390794,227.32306516250466,230.8627436380076,234.99269121583387,240.50761970597546,245.387998040107,251.32812355868938,256.9140344651355,263.04572029564423,269.7875425188125,278.8632721271752,286.600301657991,308.4870013794815
experiment_785,227.0,226.42997141161595,225.90228801369463,225.42864761544922,225.63827836920456,225.76071888116763,226.23405233694893,226.90702473117204,228.5801455856204,229.618974449284,230.81971908035865,232.20559440986057,233.9226423114926,235.7978132466895,237.83954705855064,240.1092586331002,242.71422611712973,245.3855550669297,249.0480220857467,252.1290211246614,255.5147388925734,259.3883220783581,262.8379793842406,266.72875716659814,280.1868330596608,284.97667929358806,290.03237080081595,295.50882982878124,301.15456930391036,307.7447208361172,313.9133719861859,320.3101667471103
experiment_786,227.0,224.58874319172088,221.72679357521034,219.44776792722536,217.4736386215037,214.8099899023947,212.3268157009922,209.72613122615547,207.40686587317157,205.43665778786493,203.70853772621115,202.19597494614365,200.90776246102286,199.85991489142344,199.05064371891947,198.47771091029307,198.1731532214615,198.15801865621307,198.3778346200781,198.88054381941578,199.66332118658306,200.71115055151208,202.24914318668726,203.8864105583412,205.79300319372396,207.99479323711472,210.4735799309991,213.3890331043337,216.50458418834717,219.80763307923007,223.39881260673417,227.2297504997344
experiment_787,227.0,228.08812785078612,228.79431992172726,230.2156514833344,232.30809603359708,233.84788985370523,235.5267635934806,237.2839766987371,239.91392547823008,241.944270780566,244.00902818800796,246.17360702338402,248.45983747316438,250.72195329167022,253.01860971092054,255.3645387323558,258.49878264142285,261.00706898531314,263.4532095625914,265.70218687264844,275.5787968722507,278.61433483469756,281.55240416299347,284.88995998704326,288.79420286633433,292.18332320455636,295.7265803839592,299.43871988485336,303.38437107646416,307.5949963539195,312.09026156623975,316.7749632277415
experiment_788,227.0,228.2854598555535,228.8408264631126,229.95066085084846,231.55029079802563,231.90728124058685,232.27547901217167,232.6629829470457,232.92016499843933,233.35584582880637,233.83011854317795,234.32321439780486,234.8555721409876,235.41971444496275,236.02234875430105,236.66756219307504,237.3572672242446,238.09499244187276,238.91088074071942,239.76364706299424,240.68103197407066,241.66145774877364,242.71432731296915,243.8447511261781,245.0584209612287,246.36131085678622,247.7599618835447,249.28541800822342,250.90441661886052,252.62853297665336,254.47239882863937,256.44665301980297
experiment_789,227.0,226.37745841048005,225.556518097373,225.62896663887267,226.56109499805785,226.81407057472666,227.4657041717592,228.53981887916945,229.87240791276594,231.76757173293447,234.1124782465755,236.86795324728953,240.0772544744888,243.73482783593008,247.8802776399794,252.5230585091666,257.6675087928495,263.34931262030534,269.5946685817136,276.4107143551485,283.8599674254121,291.95609482205543,300.77269102575957,310.3162823838944,320.62976198182514,332.7531115200975,344.8664061863199,357.7975299784035,371.7739139736102,386.8836331636577,403.14074814165593,421.2692980833563
experiment_790,227.0,230.4091867608716,233.07060294685468,236.32807165287053,240.23375196324673,243.0089361342799,245.81445156428575,248.6687663437463,251.47252127724133,254.46271514553308,257.56627129249415,260.7576690196716,264.07297722103607,267.5177503689821,271.10244260506977,274.8500871599548,278.74899312255866,282.8430890435107,287.1351655439561,291.62739048427085,296.33629700171605,301.2988333504392,306.4848864965493,311.90912053960403,317.5886554366417,324.47897654713404,330.74035689246733,337.24072809053797,344.0418481202652,351.10155476390185,358.4408987295203,366.0541840632878
experiment_791,227.0,227.0950867957256,226.70603169099667,226.98351970933334,227.88655108952304,228.05396370439922,228.49379773309118,229.25983448839722,230.25055724756157,231.7403126897082,233.61433936656113,235.91501024376424,238.6760755850339,241.92711601017157,245.74241916959681,250.10569536712072,255.07961129538342,260.67168350836164,266.9162429037417,273.8622128101185,281.5385155582758,290.04443128988873,299.3687560639347,309.5988643682553,322.48829505632216,334.67277399044593,347.9302975104482,362.221571667984,377.62294077943056,394.28739520024874,411.7048084741112,431.94169356960936
experiment_792,227.0,223.9064498968828,220.77024744424313,218.26935442181997,216.39342498802577,213.99417492404734,211.92150757539486,210.14244258956347,208.3787120252361,207.2408519889748,206.4191619393311,205.91954747542476,205.7489318811221,205.922236992896,206.44642540000478,207.2859120611093,208.29552452704084,209.8393220196497,211.75485640981657,214.19826534019063,216.85823040073691,219.9174784293123,223.3566226298795,227.3813837639574,231.62801570904645,236.3360662520633,241.54580145334876,247.242939421654,253.30264182442374,259.770463605638,266.7129856518393,274.1363730950774
experiment_793,227.0,226.64410781962653,226.24368269176574,225.91267814688925,226.38091756977232,226.66097117939074,227.2202691906151,228.0415169224334,230.4459137179805,231.61504205434022,233.01503668761018,234.8713017696,236.94610084581421,239.28309213422312,241.88701214715906,244.9848652983233,249.18741821146148,252.74555936009443,256.72964424719595,261.68990103579654,276.1213772387982,281.84685295765837,287.78726218129964,294.2248374250125,301.4089230723771,308.9505768544425,318.03545317905287,326.6543106169677,335.54351747271124,345.17035367888604,355.6512323149671,367.0399040600032
experiment_794,227.0,221.89936075419854,216.9620038431463,212.51737533308966,208.41759282949036,203.99507994171216,200.12470285513055,196.50785272947678,193.3249746570686,190.49828108593877,187.58686153231332,185.5543080021606,183.93873330578555,182.75952193218092,182.04252325104156,181.838281623091,182.0474874451029,182.77771364711765,183.96194467943778,185.64743276095453,188.21086237397122,190.9654567564031,194.22060757202922,198.05320015978353,202.909745887543,207.50041767320306,212.68750833527253,218.2480855980601,224.44658568981197,231.85175394207104,239.19429920645953,246.23349877099673
experiment_795,227.0,225.68158735077333,223.90419175317464,222.7083246236845,221.90602210293014,220.4630188219451,219.15254871179044,218.03530506663955,216.99270466122755,215.83984840299712,215.19782600948673,214.7476521076312,214.5193685301086,214.46820223488226,214.59915920692902,214.97491350775812,215.59925197226525,216.4558210929474,217.7924999896029,219.02799039311657,220.57787359056456,222.23553411105257,224.35394337842533,226.46400176809854,228.76357040994426,231.22436558893435,233.86840661257105,236.63361786954715,239.6765568787254,242.86059357314844,246.6219712946924,249.9169861924066
experiment_796,227.0,228.2782047907187,228.9464467153927,230.0836022277773,231.47322360392002,232.51358780646473,233.331025373157,234.18033870448102,235.75878719984667,236.52071338199437,237.34180685518675,238.19758562234927,238.97916702743822,239.73829919117003,240.48509582349396,241.2394004814886,241.95941118179994,242.64518034785607,243.42584259642825,244.0468063515122,244.6215185070161,245.12728408830858,245.59751935622091,245.98363924911158,246.29531719017203,246.51666743437198,246.6375387799389,246.64577220705098,246.52915523715217,246.27468107852258,245.86894662754588,245.29645192732815
experiment_797,227.0,227.7484263971483,228.17648591026293,229.45609946894695,231.39347556157776,232.5988495106879,234.10062774520222,235.89858911634173,237.93825364342032,240.30878881214505,242.97793362036288,245.99593548329278,249.25026500194417,252.97351780639914,256.8849508490247,261.26118887869524,265.7793236969569,270.79541709898734,276.1319485008539,281.81660574372904,287.960434627917,294.4829666442563,306.11171200245394,313.77645823485193,322.2088250418854,331.07013722266726,340.4710560526956,350.82673614465375,362.1611324175841,373.4129387303773,385.3961321050018,398.142968309887
experiment_798,227.0,226.60105586062485,226.07853981952823,225.60406452228506,225.72132067656221,225.34244790098577,225.18701730169576,225.20018050287294,225.87530566196563,226.202382255663,226.61050208262603,227.46708134233126,228.26399072650202,229.16101715391065,230.24016512471744,231.4937856040707,232.8872351212346,234.41879177230146,236.13477853082802,238.0898293160622,240.1528852415676,242.38680456946187,245.41900111971822,247.97117516563426,250.7160311186684,253.1638193024251,256.4306022890903,259.72765019759834,263.91025500480555,267.6468473917887,271.50036521447703,277.8386104532958
experiment_799,227.0,226.854147080019,226.66273749552917,226.89153739595272,227.52322970752437,227.574935148463,228.09785980120017,228.86968511470076,229.8258188241066,231.1220359178587,232.69887287093462,234.55204902805718,236.8443037285727,239.25492567113665,241.9114598148953,244.74418466123427,247.85013998312095,251.43499576236042,255.12816833128932,259.1234226948437,263.32914681243915,267.7917997593148,276.8362937378118,282.0971582846638,287.5750881804032,293.6699483631103,299.8100176066658,306.2514966940011,313.13272325763387,320.0523051326478,327.8862585465704,335.41440445026615
experiment_800,227.0,223.25054641785104,219.65536470462223,216.67931134209417,214.53210282010252,211.91278899899976,209.30455430218007,207.3808934181559,205.96558146479816,204.69313498572566,203.75094356781804,203.22628336757515,203.00684977373777,203.26944657344632,204.0341439945251,205.2122554883905,207.09112693624974,208.8482191443088,211.0173078646178,213.75509606572408,216.8019490842545,220.55703340751037,224.49704719474056,229.7883195789756,234.6865503969228,240.11515049356728,246.01282147283467,252.39441042730564,261.51683315880575,268.67851916512427,286.431105093195,296.3782831027752
experiment_801,227.0,225.26342947311198,223.39174597944864,222.05103151480648,221.19660585962419,219.78086053567853,218.58084203266927,217.60100811369927,216.57966228726576,215.9995706092833,215.6271137023598,215.44658638242137,215.47536971580524,215.51636012611993,215.9270082661588,216.53546794525906,217.3336883947449,218.321184061867,219.6187170568068,220.99971354310588,222.58391726902846,224.35076207977963,226.33304758172272,228.4882773899954,230.84862479448208,233.49894526569295,236.31106188590553,239.28311633315954,242.48294522257527,245.8785908940129,249.540581419335,253.40635330786645
experiment_802,227.0,228.5835197592032,229.5092974398841,230.93174111603196,232.65163228059714,233.46061457817675,234.276318615142,235.08016978825376,235.85539112347095,236.68672212605077,237.56293411462252,238.50105732544003,239.45990194953004,240.47069181372464,241.52749367136892,242.6571507463586,243.97436530212124,245.26048550684166,246.61085886795553,248.05287644125457,249.72555199436715,251.37592185403165,253.1216670808671,255.0490746473477,257.00604994344917,259.09704219751677,261.4156336663006,263.83009302041614,266.37657434117546,269.08175968543014,271.91830568800447,274.88650289908367
experiment_803,227.0,227.8068791415159,228.52653624134535,229.5024994446992,231.27063398796156,232.6774129559411,234.4413740915715,236.34724175337408,238.7519857143272,241.15730395268204,243.71392636089024,246.79227459736808,249.91074882419832,253.30137171083896,256.84666983395016,260.67947132782825,264.651399542573,268.8679612814236,273.1992814013419,278.19171868007743,282.8973863264826,293.7836962342568,299.49702447160115,305.18785578916055,311.65927415498356,317.8389109488518,324.1779471165737,330.79121165145386,337.6206955447874,344.7238897134531,352.0091452772306,359.97936227079833
experiment_804,227.0,223.1666407237873,219.15331577130308,215.71837546966486,212.8851133791666,209.48650698403375,206.38536455556056,203.58184615680713,200.9483839823768,198.67271327799136,196.90118662493092,195.51911155092102,194.53944618265012,193.99005180259908,193.88671736157812,194.25659946254123,195.11663988191415,196.49452649706376,198.41409583903055,200.9179885327431,204.01460180442007,207.7374809336016,212.10896247132467,217.19672443831786,222.9775724476822,229.48688407345773,236.85417483881864,244.97690905857104,253.93672724677586,263.775081641422,274.5376829662281,286.6544992198147
experiment_805,227.0,222.1339744508451,217.4413208691205,213.27399402040712,209.61073913184597,205.55393413560705,201.65227946813565,198.36996260207928,195.3046136762468,192.8340168394394,190.82827327874406,189.2610550967368,187.76950414624827,187.1104498473195,186.9301582382509,187.31313202818907,188.1665380969493,189.57591399992822,191.7954610229232,194.28315684745007,197.38011808797432,201.35789393724087,205.9081216113318,210.74220770247996,216.17057196198772,222.3899187268858,229.0389420469055,236.839539901825,244.67156442262325,253.63941903270978,262.94403099070763,275.29454848358944
experiment_806,227.0,226.99347644232608,226.69589654218126,226.77956111765693,227.65616790492152,227.71708928156139,227.96788243138366,228.4457489681123,228.96151923408138,229.7919922935673,230.84587380964837,232.2330125272367,233.63253153194012,235.2102550751502,237.0114883867574,238.99203844781596,241.1205222558055,243.46172015017737,246.14391244570882,248.88603858612092,251.98134317060297,255.17875181498755,258.52388147470117,262.13619584694334,265.91841052559084,270.01602027543964,274.8923242334945,280.6731970553125,286.48488163213347,292.60979977809467,300.14668298767197,306.40032675400175
experiment_807,227.0,230.65901630178712,233.86258560694628,237.29317255392738,240.91691243615597,243.43647870047738,245.81437293552995,248.0265374252955,249.95578024780926,251.80534251179722,253.48468829310792,254.96279661622185,256.25599426887595,257.32420198570463,258.19412932634503,258.85424375453505,259.29865467988975,259.5255485615232,259.52750008287046,259.30807297855995,258.86798161393443,258.20183591135145,257.31480028075265,256.20853545768557,254.88466411485726,253.34918421608776,251.61269632090273,249.6627176822521,247.5137879758152,245.15926046506132,242.6266519993087,239.86003861219865
experiment_808,227.0,224.82121476485753,222.85925647371977,221.585589532642,221.1006355643861,220.00324344703728,219.29194249747337,218.9908939789607,218.75675097241907,219.27082750090784,220.52890535855187,221.98642602209333,223.7858375422755,226.09708115012424,228.50915497402264,231.37375094834852,234.573440647846,238.37413120347793,242.4173023012795,247.93120924516444,253.1035365657783,258.28422502388884,264.7055836346039,273.32438439467785,289.2616481664399,297.63760132087606,307.5847281690051,316.90265231960063,327.16179019041067,336.8530884325275,347.80555254021306,359.2915271131893
experiment_809,227.0,226.1930233986472,225.08770757126933,224.47511167978388,224.31106186384952,223.53561616355216,222.80256793149118,222.3201666953599,221.81612516670444,221.64042354484025,221.60862888468787,221.7252075185131,222.0080898309117,222.45025700529857,223.0563331803328,223.83509805109975,224.81076597783257,225.95205972590657,227.29067420400816,228.83662214128202,230.599587428642,232.56289958287272,234.74919984374174,237.1738230168104,239.85186160819777,242.80967074000532,246.01052145275622,249.52759180072405,253.314637037281,257.394330195872,261.76018947572163,266.46844688307635
experiment_810,227.0,227.7914036407938,228.6014119041153,229.75373091586275,231.59433655781413,233.18904106230065,235.10494160926228,237.360369380098,239.82101310657444,242.89217233005436,246.30117445983615,250.03651041545191,254.17434624993237,258.77525903151343,263.8837174100183,269.32969509313375,275.3657533097495,281.68989631000136,288.65188983916596,299.3080604601356,307.48359345834183,316.11635382387817,325.604606769621,335.45060278364997,345.85740703335114,356.8565896596088,368.76304994452613,381.1337317688196,393.93318515285,407.6816785538553,419.60522309324284,434.3842257947915
experiment_811,227.0,224.4396070502345,222.17618274720073,220.50030582391662,219.43549792830197,218.32740838301783,217.55891891506081,217.1228997906453,217.1213493507487,217.32070380884934,217.87065498742368,218.47406904656984,219.9718531353056,221.76964611299258,223.9247626266602,225.9206302058839,228.20401276376123,230.74472978832745,233.6116211381646,236.70834359244512,240.19825894399403,244.6666987823172,248.49114791518605,253.1046389982118,257.1254506167028,262.2644960033508,267.3088932106467,272.5536906212121,278.2019903096406,284.9847618942894,291.17753007828037,297.60109302326043
experiment_812,227.0,225.08980434075028,223.25767408474047,221.71040594757739,220.96892740276172,219.7057781642808,218.64013557766998,217.76608090219196,217.20450575443988,216.71316378512114,216.44403480601096,215.95369546714852,216.6758282894362,216.93443435303934,217.35119395332185,218.8834936472971,219.85919114822977,220.84921720651005,222.05050520041664,223.42819318226174,224.948781328197,226.7958495076418,228.82426080213088,231.0203449888114,233.397908954827,237.1543106200756,239.9600788867745,243.4051686091294,246.9731030973708,250.3412008327009,254.09995631505285,258.1383253000655
experiment_813,227.0,226.01124920798782,224.7750402036454,223.97161338877152,223.57592766697866,222.72463959545496,222.05811817044565,221.58390709737188,220.9861659457986,220.94851071225233,221.1573699422247,221.64533107852984,222.40019081489083,223.45862990944397,224.83811761613038,226.63664175501543,228.72594103861707,231.20533042273493,234.0925966643921,237.4115496443152,241.1969521428466,245.51768838383742,250.26533256617734,255.54389443472166,261.4078837091675,267.84461980609746,274.8933117041645,282.7027694366779,291.1106941982347,300.2489013592447,310.11399423636885,320.84218501543154
experiment_814,227.0,222.04050897694026,217.1172800147953,212.96101342089395,209.54071415323378,205.60692194270138,202.02944087788615,198.94629230372573,196.17138677780633,193.9381432513304,192.13537827902982,190.76914025809646,189.846785161875,189.3873336639379,189.1944353648195,189.66566747344905,190.63679754509025,192.1228288347414,194.14715098573706,196.74116792581157,199.94878673851676,203.7844273588231,208.26509259775946,213.54900217026812,219.46666253502414,226.28938986152065,233.92452453690493,242.38122264247275,251.90106311945857,262.38799185651806,273.94654709473826,286.60738388095183
experiment_815,227.0,226.9514748695902,226.66921754443806,226.33401113401342,226.432768584175,226.27153239537725,226.13320320725455,226.25583545252687,227.75968508336356,227.75923675977145,227.82544659954135,228.16093624729473,228.4747458875895,228.8030431024356,229.29871080676412,229.80468393136485,230.42819251141853,231.1049045891746,231.89945940434876,232.95397153039,234.93859961782368,236.15730288888375,237.36328350493244,238.60429116865342,240.41028333561218,242.15892777982697,243.88731873855005,245.47337034435532,247.3466922156641,249.46872426035236,251.4311355834913,253.57636388828655
experiment_816,227.0,229.7821617463259,231.86980251766778,234.39190788585606,237.22500740630386,239.475342889708,241.47557299775514,243.47047940807357,253.36754589208854,255.41308397460307,257.2318687822335,259.1147496092509,260.7544361093744,262.99561427220146,264.47347127520686,265.8417703223204,267.34798919377414,268.6426398015843,269.947279771042,271.147361014074,272.50572654731917,273.8808993239538,275.0561134567139,276.0904339614276,277.34531272647484,278.32052482614694,279.53032809649994,280.4774977607742,281.64887961704517,282.5338554778481,283.3813111586037,284.1786319217017
experiment_817,227.0,225.7117750591591,224.23329978869933,223.2519547103414,222.60995699042513,221.46405064046945,220.5111616722245,219.722413753245,218.99696964901614,218.6281727255246,218.236155631355,218.2479428732776,218.4512595440146,218.88110857607933,219.65279249783424,220.43145664091094,221.41021070003472,222.59983850907392,223.98641202113447,225.5986936469061,227.42950909507695,229.50297993674798,231.7659445412542,234.4470866769123,237.2640631978967,240.2598093180576,243.49993348472145,247.00579324441486,250.92245604048475,255.19291171468487,259.5680203471337,264.28608810281355
experiment_818,227.0,228.206203587013,228.9372772554584,230.44392759556325,232.61093467505947,234.03748099715926,235.60511838404352,237.33485314815482,239.18329508353114,241.3021088482673,243.52731322882883,245.90818558851808,248.47545285783107,251.30271464265985,254.2233367437401,257.2924561205341,260.5541172431412,264.1232957212864,267.7566266975048,271.54418983964393,275.60980846075915,279.939538787508,284.478500884047,289.09221743827766,294.03901000835646,299.22936409175884,309.3221802041063,315.24589124146803,321.58837570718765,328.1944659548765,335.12223490611876,342.374909122757
experiment_819,227.0,224.87632758463724,222.5862843335281,220.60933092354546,218.87760465504533,216.6107759569116,214.45803181373998,212.27927415011533,210.3035272132425,208.59844561042124,207.0247303207548,205.70047086159116,204.58057993472372,203.68288600483402,203.00798683193665,202.59540839070812,202.41256466543433,202.4800167990628,202.84552808395495,203.46813160063994,204.04531206268842,205.13936098025073,206.49954027295684,208.39266025643863,210.23755604626987,212.33072985660763,214.6661140563574,217.30093903746882,220.24357779235396,223.26860924126396,226.5296655308342,229.8176945172825
experiment_820,227.0,229.21435968428602,230.64108072197314,232.83038969835775,235.20971846969212,236.5610868902964,238.01447332237,239.47875466705995,241.76266335055837,243.29094084014517,244.98012245924434,246.6079770015258,248.29021601500042,250.10505781537466,252.6229887972554,254.53161376437137,256.5558163919319,258.7040428177806,260.6390516411533,262.9764206873929,265.3018837104986,267.67855771009624,270.9673234333654,273.66303630596246,276.4861932363987,279.44648266564406,282.51789884115726,285.73177219579964,291.06742843237043,294.7077956418091,298.3880177987588,310.51466956911725
experiment_821,227.0,221.16185913841673,215.87700923556247,211.13260972201866,207.41723054985977,203.63791998899927,200.41372432874164,197.75283349283225,195.55887953422064,193.97876483532585,192.94756429836815,192.4590503591268,192.49728089209572,193.11749462206512,193.8969939065959,195.59498495816587,197.79547529167257,201.02468014440464,204.3469493228135,208.54739654375072,213.7913539200135,218.8699501204585,224.58430493596626,230.86708137447124,238.773914640304,246.4060762265995,255.13446324055138,263.93815315677506,273.5896193270813,284.1826261354789,309.5180447239812,322.12093708370037
experiment_822,227.0,221.33992070548783,216.00954759823247,211.53591655843636,207.9029048394899,204.3268172370358,201.32014864124318,198.8898868663909,196.90040777697928,195.61859383017818,194.92035598524467,194.8003368408494,195.2891310915623,196.24621448051238,197.9581965375966,200.3148303434114,203.33792237371128,207.0580101390899,211.5012246735488,216.68702854413834,222.7121950895021,229.50939089873182,237.20397962293794,245.83063938947538,255.37108685437013,265.87209690978165,277.49380113653785,290.27651367064425,304.4224179941941,320.77614144953196,338.0577392441121,357.10726522947095
experiment_823,227.0,223.9615054688768,220.80441050111045,218.08747061167372,215.84958717892712,213.28306758035393,210.8883876509471,208.67076639346172,206.42481856546982,204.58921903464187,202.94853149119308,201.52556506972553,200.0827934938101,199.05636434760177,198.25019898288596,197.67418815188148,197.31631255834793,197.1909516840488,197.32040480108793,197.67756022469234,198.27958405358592,199.15246178231848,200.27456256143842,201.65139384651394,203.30545430238274,205.29112926538244,207.56007594683723,210.04744965216872,212.82795276830464,215.9061308431274,219.44455583853846,223.17102794744335
experiment_824,227.0,226.56090823868624,225.9199983257817,225.68165370740294,226.18073852422972,226.27304584341528,226.6497183435369,227.34787180399468,228.2668166704898,229.72420701051243,231.55658427777598,233.83871797097146,236.5727516466144,239.84737512065487,243.63225660075173,248.02654793068217,252.98637036895923,258.56432161960396,264.77990423989695,271.6937429511688,279.30163313399066,287.74141881757924,297.60345859491804,308.1432790475916,319.92273139891745,332.1177791428246,344.3611446108604,357.9118923422752,372.3190202869654,387.63706280370405,405.8269515162922,422.86543389569124
experiment_825,227.0,226.03337510589176,224.6159924374871,223.66238280900822,223.11182203187053,221.78124219759687,220.5264225504015,219.36710447101476,218.18838906087973,217.20399562406567,216.32524202500443,215.54327182036056,214.87288765114056,214.30980474719266,213.85990144507102,213.5323353505529,213.32926138048407,213.25225668532596,213.317980585355,213.51662546204977,213.8590486068638,214.35049029734728,214.996284101946,215.80225667121454,216.78257369307585,217.92927513916038,219.2550283420327,220.7644040834037,222.466975312187,224.37324025864498,226.48721772526386,228.84345620450483
experiment_826,227.0,226.1655224711729,225.05276230732971,224.07493004960327,223.90573032668675,223.31571165631527,222.9931852091994,222.8789153431595,223.46500563366564,223.86746564978105,224.2369040637205,224.7578439879388,225.43027253810263,226.3668052357514,227.5118776006709,228.80573573863546,230.32887514051274,232.13029344610214,234.0256308102255,236.28237266893166,239.42076329790615,241.90255837842307,244.6283299178461,247.7406567803073,250.74337665410073,254.01523039511204,258.2259561851373,262.2540259140569,266.4154606161998,271.11318300622224,275.73491713713435,280.5927229058183
experiment_827,227.0,224.8673934722973,222.41798611933342,220.60119671310855,219.34438140430262,217.70884414014142,216.25063704141868,214.65948815513872,213.73372826361305,212.94423933239435,212.481193330612,212.27303437804466,212.27255662637094,212.65567017042355,213.48217927092986,214.58103385892048,215.76755248169258,217.79898741253982,219.65907303388843,221.8733018330717,224.44248469111716,227.43042247377758,230.7739185952493,234.61891039201413,239.56532453187899,244.1020536256894,249.54485748355646,254.54523759512796,260.65808186781646,266.99046335993387,273.7515528349572,281.0625127792042
experiment_828,227.0,225.43883988080896,224.0182183852574,223.18084042174365,222.37829763489316,222.0391917318336,222.1331946441341,222.76939690966995,225.05499326855778,226.03382956767518,227.49866468073137,229.31661216610257,231.36702439105116,233.92127926320893,237.58734527091423,240.59105072821103,244.71957155489292,248.24327388961342,252.07306900691145,256.4394894084411,261.0868082677004,266.1017963754543,271.7355112040679,280.62234196860015,298.86615987538516,305.7759896697305,312.95571531817836,320.59633954308276,328.6371885730759,337.56343140728586,346.6100610427949,356.3089950015117
experiment_829,227.0,222.6480765155721,218.62468136812515,215.53868908379928,213.3701731103609,210.9911098203368,209.18245044109307,207.93742032518577,206.86165916688418,206.69644522766004,206.9985779237406,207.5446164838405,209.17920722707902,211.022657009368,213.4039490723322,216.3728966163373,220.04902453193517,224.24766758938875,228.81428457213192,234.29633919526194,240.10301252637416,246.724933198199,253.84257916867463,261.7901238046774,276.91879618064877,286.9914195774918,298.5523751342623,310.22157229832226,322.9040024899059,336.9275681723675,351.7890614846557,367.4713904511831
experiment_830,227.0,228.19879680708397,229.03546899439425,230.5647376527496,232.5584642351647,234.08156019069486,235.66577693906984,237.48193054160507,239.63134424953182,242.04131220631942,244.38781447429784,247.03720740341046,249.81458829894535,252.83503454652265,255.92525175766102,259.223848682786,262.70682691439725,266.3553189488991,270.18225241282374,279.8542607916617,284.4363618958755,289.296429653918,294.5275794986902,299.7548260785122,305.8237277680695,311.6567959020298,317.79391476575097,324.3562388614514,331.08200186881027,338.1792488090864,345.85690350796176,354.1564778244841
experiment_831,227.0,226.40040946078753,225.6091314083308,225.22200245536746,224.68349131307653,224.30570285883937,224.05579420534292,223.93620089942385,225.55608150179995,225.71334515562503,225.9974506084143,226.50060045431437,227.30381909732736,228.0467412512637,229.05286099231145,230.29265488345197,231.73376456484422,233.29905942218488,235.0893212740517,237.0524974985908,239.40738774931438,242.82164640100194,245.46859092828174,248.22912556845614,251.67025827398342,255.23961841657433,258.75942844166315,262.4541596410951,266.42330489522874,270.7057161047394,275.38083232786823,280.3860573002145
experiment_832,227.0,227.85789209777056,228.03912779441222,228.92608454074798,230.44709789229685,231.28773969665647,232.29074907085405,233.4434963560789,235.61007492233708,237.26165515603662,239.14179501676801,241.25632163653296,243.61069016266373,246.3415953106063,249.27463067093402,253.3661675874245,256.9481545826083,260.90027539463154,272.7251999473279,277.89381721095197,283.94034927188346,289.8712918831626,296.2061538637274,303.3223383996842,310.64430767677027,319.1354354302601,327.5932533386101,335.80788415793097,344.96458275754435,354.7150754891189,364.60446524880103,374.52484119462565
experiment_833,227.0,223.53598161888323,220.08728718156735,217.20999285134758,214.89632906817542,212.36389718104414,210.1385773412337,208.23437071536,206.46066525508076,205.26566517861713,204.43876407568035,203.9982932769887,203.96473099586376,204.36947131047273,204.98196625448094,206.28289033004853,208.01827388967934,210.29100991484694,213.02271021116977,216.42161540425752,220.19887344760338,224.53297809487256,229.37683067327168,234.97849193464083,240.9405339553525,247.64260696191567,254.92068771539493,262.62497944334433,270.9385298751911,279.99700566024535,289.3757859083032,299.7366903995031
experiment_834,227.0,228.25899598378436,228.61344745977013,229.59175202910535,231.18546099694572,231.78974532272258,232.30489059589638,232.90185942223542,235.13363075801087,235.75621298483907,237.5892525369812,238.4276397375476,239.17362032091108,240.0370909463029,241.18224790244216,242.34958464635884,243.49045890441988,244.85392270018644,246.0374991700599,247.1962872405257,248.65632606581036,250.0108805346868,251.71730195566036,253.50873738372422,255.40771808044116,257.46833408149473,261.5652209792765,263.9127543866475,266.56113635069926,282.4030492181768,285.7229299674525,289.33205440009147
experiment_835,227.0,227.16687919466995,226.8932792815205,226.81878500657425,226.7728754361856,226.0752722815676,225.29799669660815,224.43596008076298,223.3154309043092,222.27014275836186,221.13064454263653,219.89525948864824,218.51053227152357,217.00488821377746,215.46670200023584,213.82490316461227,212.0805733148781,210.23147474225982,208.27698493937493,206.23132563585187,204.0753800763569,201.84233239932053,199.49862227418984,197.08012363673743,194.57702826753422,191.99249177486107,189.32780816201142,186.58200781206696,183.7698709651651,180.85867416088422,177.9064345881319,174.89938436260758
experiment_836,227.0,226.67027725604896,226.24472697056967,226.17076912327218,226.74113350008994,226.85047734792602,227.34958437475015,228.2397332729992,229.4367260604851,231.24952601402862,233.58133699010926,236.47029548253752,239.96232178934142,244.16093063559921,248.94594993858735,254.4665692261573,260.7515734477055,267.9560027941205,275.8926015596293,284.88369747471853,294.7664538340421,308.523169173588,320.6946070232064,334.2651021039328,348.7659023358367,364.64671478568073,381.735824038376,399.8082556589164,419.51912873836034,443.4227484828286,466.4581046493841,491.20697753517476
experiment_837,227.0,222.30280590413724,218.02003925738347,214.59796860656593,211.99487247852767,209.41248979501535,207.35599208121414,205.76739908429843,204.3334648358898,203.69547165017303,203.52798500365597,203.82642203426784,204.39824672069594,205.63808928864788,207.36037186444977,209.7582355419509,212.47694946181366,215.75498052683565,219.67349090510817,224.08073632480884,229.02126460852978,234.90809145147207,241.17198709150352,248.18364436456093,256.08339292203584,264.6066099885196,274.3360259414879,284.9641560037116,303.07455860207614,317.38356986700364,332.5189892175383,349.5129546006377
experiment_838,227.0,226.44291748313367,225.74338059164074,224.78974403555554,224.2912229315005,223.520691048035,222.9035603449135,222.33689856436757,223.34540491077456,222.84093792243453,222.38912565185848,222.14331802658654,222.03754025390197,222.09662561560526,222.22676405111352,222.5659990668829,222.9789235554852,223.52675966234096,224.2700892492873,225.13974142694087,226.32123317155984,228.42488989986003,229.86726667564676,231.47699130086482,233.20484117865573,235.49369615149064,237.8476715116457,240.45627505181676,242.80154021223439,245.62194908682446,248.50195525200672,251.7799958004583
experiment_839,227.0,223.11160207058904,219.61933685618774,216.70613506403407,214.32888428633902,212.0288280479293,210.1186078976677,208.61938291794542,207.14071054641605,206.37729411211262,205.95444598716531,205.67248286071646,205.97873076228456,206.89871732009868,207.92161504233331,209.32878026138226,211.16587849265034,213.50024621416617,216.13173540043726,219.00951349821247,222.67399055778185,226.39333926456828,230.7004883137477,235.33415095708295,240.4788731217821,246.08121177348818,252.17888160880997,258.8834940214155,266.14227447535603,274.7877511573523,283.81134424019086,300.81591482521367
experiment_840,227.0,223.3837350762744,220.367473432025,218.0837516540064,216.41299356469995,214.9042872181409,213.9142576710484,213.42945571321923,213.65906570691615,214.1835597278643,214.7919779371077,216.37197269365262,218.66377988915994,221.20344091724056,224.522455771015,227.7623935596393,231.48644565939384,235.5875324161786,240.2648331843548,246.19917428921713,251.65863002450948,257.56115646329533,264.2439373314596,271.107501585338,280.4151132694773,288.39433725289496,307.58683416809345,317.291329883511,327.3155635921164,337.804515514479,349.36490737755736,361.252633294897
experiment_841,227.0,226.55450092443022,225.93091305662045,225.74514277129637,226.01099488525472,225.60198247716644,225.59331318068155,225.75716954831643,226.04535073619928,226.60533781579264,227.32114727331856,228.2681950991358,229.40192916714687,230.76297831068425,232.29316849129344,234.04440983022647,236.21658921968407,238.51957132266617,240.95900637993745,243.75103478271055,246.7062938603936,249.96989792357314,253.67132223078573,257.47194104359306,261.59321955783923,265.9520952147894,270.64590348668423,275.63132338858094,280.95721699010215,286.59144178138854,297.6985379757573,304.19349395104
experiment_842,227.0,226.0242327242298,224.65860129148496,223.71475732069962,223.22627618580952,222.21989057725716,220.92314315825945,220.18717629718674,220.16747238594894,219.6073654407993,219.238114302686,219.024616957044,219.1542934412104,219.28178725671614,220.36423420872677,220.98261791077834,221.7839797298284,222.83136198180802,224.11104300829535,225.59280882210186,227.4689279772827,229.61169125752645,231.95759771215745,234.61747708725946,237.7192531653189,241.9136149185183,245.41641305100617,249.27691857685778,253.99887828327746,258.16142502848373,263.25195175185263,269.7674108741391
experiment_843,227.0,223.3867888535463,219.3764180872549,216.2724002378253,213.36935583925856,210.15501311061013,207.3573362498717,204.79244624346393,202.48115019085,200.48705155704894,198.79872190760324,197.40493892345052,196.28421142397175,195.4679226847988,194.96016096841382,194.67247494000412,194.98284613807408,195.31390627238844,196.16040347389952,197.36656381396435,198.68692437053585,200.41709673951235,202.35647901644484,204.6492353295234,207.31268717039717,210.45291010149572,213.76271558037885,218.05265838697377,222.1627393340449,226.7594756165759,231.8815083185974,238.1895711975684
experiment_844,227.0,230.27832353297146,233.10280211174927,236.27726571602528,239.6853452824954,242.24718739807042,244.83682466674594,247.46372956667102,249.96960009026725,252.72283555642582,255.52278227761127,258.3870415250893,261.353035900474,264.40097643422246,267.53976850117283,270.78465324678575,274.1620004858812,277.65940355385294,281.3052662963238,285.09283693013816,289.0432059281824,293.1951269723176,297.51387341164127,302.0066317733016,306.7061118521226,311.60350250537726,316.75242578945245,322.1143929470503,328.9858391889848,334.9138593569048,341.06517778832597,347.48175143325443
experiment_845,227.0,226.99395568492247,226.47598023928484,226.2997964637546,226.44540956983502,225.97053740380738,225.41567604168574,224.78075888046055,223.88878763371952,223.07839372788288,222.18789499306928,221.20063352435983,220.12460617288826,218.9505328390025,217.6798437408917,216.30476701797085,214.82827253084224,213.25475919237442,211.5846607389877,209.80904096292244,207.9161227552661,205.92996129223013,203.83317035978826,201.62632259796936,199.31602004293188,196.89533918096248,194.35998017279482,191.71848294545754,188.9716648043973,186.09785226782964,183.12671404329984,180.05212852466062
experiment_846,227.0,221.52221213229666,216.26084631223478,211.52603671825227,207.64367512835037,203.39986631838946,199.5688814572061,196.16096028363748,192.98863268050985,190.39936529736798,188.21361795018333,186.44382103980797,185.0828029761949,184.11907933429146,183.5770088075477,183.4429729016091,183.725686426167,184.4300930295267,185.5917615796564,186.8483120224825,188.83089742506706,191.31870029684055,194.2266305742201,197.59316643555866,201.70554601040118,206.05770717146447,210.9492448780988,216.6413156287405,222.73891809166508,229.09109050012853,235.9818214571166,243.65625027136542
experiment_847,227.0,223.84275463773747,220.90030868872262,218.69880746653428,217.2303881713379,215.28058648566667,213.74842037817007,212.28543454102407,211.5194328236114,211.21294530397094,211.2584657738944,211.70077539318066,212.6371664190503,214.16459521935408,215.87029032516187,217.85802974699936,220.43951387971896,223.23066974389087,226.45803721464395,230.0627173229467,234.28443802835272,238.84835931420412,244.32167533702545,249.60847345636236,255.48743080402272,261.958777377247,270.1159363318782,279.83019834373937,296.2575240917756,306.28033677584153,316.3130268447254,327.32859414507476
experiment_848,227.0,223.32461043145685,219.8182670168195,216.80141548004073,214.21589332366455,211.3660441492937,208.83266019047903,206.61459485392263,204.44880061798688,202.8865403102522,201.69567158854107,200.522542782842,200.0069057316215,199.8594787232336,200.1243793001168,200.74136588272793,201.77103262135643,203.2325527863775,205.35988418212588,207.69148443861036,210.48888764103827,213.7799516668134,217.8710375960292,222.248332325327,227.28051189022347,232.74770051444295,238.7423415354093,245.27435858323884,252.53802828159908,261.0760105387359,269.2315089655916,278.5148968636544
experiment_849,227.0,225.45830275055397,223.8037000192415,222.87441173809856,222.7110348769729,221.94599454247236,221.6767554071183,221.76504497103906,221.94091516139338,222.6859722953475,223.8563956464618,225.27014350737772,227.01841075209848,229.0889033523152,231.49831184046974,234.22897672988825,237.33505572714995,240.84198995858475,244.61333028102925,248.75295345953745,253.2711219083501,258.1444681807252,263.48743243062654,269.20143520776764,275.40831797196415,282.01085471286626,289.12179288582956,296.68682420632206,304.87670449425195,313.58956621414995,322.9156366091724,336.6330385224504
experiment_850,227.0,227.89712034627135,228.62629423718872,230.0208565313909,232.31252818204982,233.76113820734935,235.6349989410181,237.90427761623272,240.4148927524895,243.53716641199134,247.13200471323177,251.11025563893318,255.54437045970712,260.4326391606125,265.796203143,271.6624190334817,278.021729718534,284.9347582388111,292.52475326412025,300.5476151674605,309.18986078588074,320.9944783972628,331.1672991564078,341.97189365552447,353.5242351862003,365.98163638728056,379.4217873353242,393.64752461502775,410.8951439104187,427.38898512738126,444.5814489670663,463.047820500203
experiment_851,227.0,228.36613083029772,229.4856854913641,230.36681760373494,231.83614286335356,232.83010083956054,233.82721022367127,234.67397558961028,236.84491261553836,237.70696176402313,238.76013937624498,239.66690464437815,240.6543188220574,241.56086091817673,242.52622010126686,243.4892141526299,244.4776709904726,245.67798859941388,246.7262072780569,248.78272253923618,249.94043228451395,251.08745404619518,252.24012955813174,253.4379767051766,254.7406001223141,256.46413227920834,257.9397269006008,259.41522710662866,260.3950779328351,262.2117554512328,263.62570604198555,265.32468721573
experiment_852,227.0,223.78459314882758,220.6459845984494,218.44863436882676,217.18860568888118,215.55963406341652,214.47369579342427,213.92798373187128,213.68328844929385,214.23236784865117,215.34253225308865,217.011518903794,219.27445371881208,222.12212098592494,225.62566531567708,229.7887687388274,234.5807334064674,240.06318562732537,246.3508062026998,253.3926026123274,261.22303132215336,269.912815472057,279.4965677711881,290.11384207381354,304.0647887788513,316.9594533891589,331.10665483775153,346.49257773047657,363.41133998929683,381.6016487366607,401.2030856007975,423.2597365875632
experiment_853,227.0,226.07643480259452,225.0915609461997,224.72286578013632,224.98866778998467,224.67381723359773,225.37396529681598,225.97503573539126,228.12010976053443,229.23611942935085,230.7287262627774,232.26466088729802,234.17927687051042,236.2823576177321,238.56920898519124,241.23075882651239,252.97860088993997,256.4609920475389,260.10770280619715,264.0673208230156,268.44855176427245,272.9084505761971,277.43331946547136,282.1273811382666,287.4003210909933,292.50824148682807,297.67096658151524,303.08846002916283,310.2983987359154,315.834111852823,321.9383606778607,327.0685900982566
experiment_854,227.0,223.8169734161713,220.65962752317114,218.13162686696757,216.17364194494047,213.75601128668163,211.64755768196758,209.8403311726125,208.07139772634463,206.85056300686097,205.90624209767685,205.24175736674607,204.8447044106234,204.72362675623503,204.88489293653515,205.06054926320377,205.72850654925264,206.68407468717527,207.8804972374461,209.3531154412674,211.10417557228882,213.29418503387456,215.58189596131515,218.16402780806973,221.04574794246108,224.22179680786547,227.82953445084183,231.6914410536516,235.75998977456982,240.16735292877473,245.04311281867376,250.3356155966183
experiment_855,227.0,223.05023281611227,219.35665203039417,216.12060336563894,213.18888552766498,210.0155275679943,207.19469288289167,204.75307293677199,202.52039946738836,200.59809899911923,199.0307276855543,197.7371771533023,196.7533839352254,196.12868417322227,195.8529812635348,195.86827555544633,196.16806596743103,196.80526912880998,197.78183125115515,199.14132105314508,201.23310012341872,203.97859560119258,206.5186718641682,209.25670350022796,212.29976497009926,215.85734634915104,219.66967658460374,223.99370208267558,229.59696405677352,234.51432061785582,240.34938252417047,245.89032680330246
experiment_856,227.0,226.82549648759286,226.47187186803728,226.85181697076632,228.18372020673115,228.79499627660815,229.77169202894237,231.13657304019193,232.8041636151794,234.9491728358488,237.50338699778678,240.44501232788105,243.80879426881444,247.58651717473714,251.82758784461205,256.5126159999651,261.70159115078513,267.3707325867506,273.55415499439164,280.2753422938879,287.57954468563753,295.51097073347,304.08506317517043,313.3652359760667,323.386587620191,334.17808533437335,347.24152320364215,359.87651952322665,373.4789214220074,388.1672648753863,403.79875859334663,420.82926914602126
experiment_858,227.0,227.78587750058773,228.46370009262245,229.04665517071578,230.31219209669092,231.20643254776797,232.24517210253435,233.19339238849415,235.32865098155384,236.47425439508137,237.63357280323046,238.79686196980978,240.0202469283034,241.19927789462324,242.41278025590856,243.60591557510259,244.95905292311565,246.13769380007312,247.2941675910373,249.33334447331103,250.38205091391086,251.41807203141397,252.4087073279982,253.35201223255308,254.16305476280422,255.1656146817382,255.86002561508195,256.55298808254145,257.17885847991187,257.4783923697494,257.4795676085875,257.22240078646564
experiment_859,227.0,227.5299571604231,227.80112022178508,228.36717315095706,229.42533396637197,229.78227304887147,230.25920520494202,230.8655004540105,231.50324988915247,232.3846290929239,233.4302061877574,234.61113047763268,235.94869458144728,237.45007491298804,239.1226408711592,240.9736573235561,243.01531788607105,245.25958071925703,247.74550751313097,250.42720842453312,253.3725017712069,256.5381354195053,259.97203057450844,263.6679816603022,267.6490692611613,271.92494335565266,276.526229763335,281.4616810046451,286.7305410544704,292.4289680040904,298.5043217241687,305.22530480730563
experiment_860,227.0,224.92705589001176,223.09499524877955,222.02098543932277,221.61096749291744,220.9030979194443,220.6822658211168,220.93127854283588,221.64405715783144,222.82274013382428,224.20734561040626,226.32029405519518,228.93004707108005,232.23969983161174,235.93887157274222,239.8747474495077,244.41148250943075,249.27775845672386,254.6672241000941,260.55283965816795,266.79512685087013,278.4289377173789,286.2558342569601,294.4954779445859,303.614603703741,313.4803062926009,323.5342556619187,334.3740449302843,345.6607978207329,357.98745218176293,371.5684414074537,385.27407691803285
experiment_861,227.0,227.74367468627818,228.28615513589193,229.04509365806254,230.30789562066215,231.09000904471756,232.02248276629496,233.10085233335695,234.15589359047988,235.4777991606261,236.93434060147186,238.52888837643542,240.21636227339965,242.0306755997268,243.98117665493976,246.09241386381723,248.2324224252376,250.47643840594571,252.80847795666435,255.24953166406155,257.7716813392334,260.35761963222524,263.0304185345316,265.78668503963775,268.598368624071,271.5036688585693,274.45765024705435,277.49137234539074,280.59995810733585,283.7994033366773,287.0788751325755,290.5749648595478
experiment_862,227.0,223.76487838777712,220.52684197167054,217.72153533841526,215.3039773951687,212.56038827004335,210.02966319732568,207.71952929460724,205.44199469948012,203.59560237712293,201.98734216854365,200.61395689015708,199.48628068296938,198.6083712493489,197.98299298438553,197.6166615244324,197.52734712064057,197.6927051368165,197.89826964671735,198.6027957269436,199.59523176988216,200.87771118227312,202.48890434994763,204.3625266265188,206.5729908023717,209.0791204797997,211.9030578331865,215.244536353476,218.73621563238174,222.5625099879781,226.88975233303137,231.48144647013558
experiment_863,227.0,223.65674852279963,220.65753621246085,218.36548058043965,216.72542157786717,214.92315942506923,213.61457126357703,212.7366419366724,212.01079934313668,212.2626032830094,212.49992673946986,213.45267726702826,214.8501561708712,216.76977336988745,219.291637588752,222.17350277720178,225.4237801011502,229.55956447321523,233.84830913478,238.74978896028952,244.12899561901014,250.28175901049912,256.747680515568,264.1302061802278,272.01593632960737,280.70008103461,297.8412688168411,308.4779860654579,319.91006352253396,332.4662689444108,345.8357098969742,359.73799695484047
experiment_864,227.0,225.90913435327715,224.5497523994671,223.6472793216198,223.06981890940986,222.04450245985953,221.1566487989661,220.4018789466344,220.06604288872228,219.58347350026457,219.94067703594993,219.39107280119902,219.323076074784,219.7206764208367,220.38453726212694,220.97634906748908,221.64289218533406,222.37975643964097,223.36647535971048,224.4917521766559,225.64415895213835,227.07991810386488,228.80182923870217,230.53250726320962,232.4816269843489,234.56840640686283,238.08396226868263,240.50667052356437,243.5492443235819,246.812287406604,249.5246590906034,252.68765503383744
experiment_865,227.0,223.11799576134285,219.69011692549572,216.73811024854365,214.17087425332284,211.6663730130784,209.37655360588622,207.46468704321856,206.41536944277624,205.27088394246047,204.49828477348834,204.12333678285114,203.65721982080822,204.02536899083165,204.723934191906,205.84531789061063,207.7365003579419,209.92455340623604,212.89721601286539,215.76661940982456,219.14018024742654,223.06683078083753,227.5226089211187,233.72846211023904,239.51677447871043,246.36306307633643,253.40999001386103,263.1453418129065,282.19338525987894,293.4689989056611,307.10517294875626,320.68587933483735
experiment_866,227.0,225.7912963609569,224.33895006007552,223.5440582407071,223.10539340251523,221.9663719879134,221.5162820004369,221.33642072825273,222.7305202731073,222.80922621188324,223.09735452411397,223.80933440781723,224.51039543115715,225.6255140433423,226.98164032863002,228.5210360465707,230.3425423003315,233.5271770217619,236.0061192380919,238.6212379890604,242.42870661726425,245.58089639455275,249.12115204903168,252.91298984232546,257.11757432031425,261.78293950561874,267.3074383342432,274.3505051432979,294.16110932660644,300.7934125815129,307.7869552983316,314.1863981438328
experiment_867,227.0,226.47034988807837,225.77827283094354,224.99188447611692,224.7371862623608,224.05501195776458,223.42077885257763,222.88691322529513,223.79522049970905,223.4711203124922,223.24758978561545,223.1736748074868,223.18856468853693,223.33271396207618,223.58140328773197,223.95073227204816,224.45787584865448,225.04999729628332,225.86371730963515,226.7631744450147,227.85093107592726,229.04891439414718,230.39844540930864,231.90821744868566,233.61484931585804,235.4569966143874,237.62662577483027,239.81903072857617,242.20876017539825,245.63850620654537,248.36205762190335,251.3021483811464
experiment_868,227.0,225.06581450215495,223.02476339707226,221.60279652766326,220.61182295045404,219.48988645533336,218.74909542504395,218.30976080109076,218.1391418322158,218.48157095469887,219.176148048855,220.55259478739487,222.19555908908978,224.25604269264284,226.7217448103925,229.8633627342723,233.2939418238253,237.27574683292838,241.74791454823577,246.82771142557772,252.30798582342263,258.5066136494847,265.468626820913,272.4529622836516,287.18952424547507,296.7606850206372,306.1491630714461,316.30022210472396,326.92077104794544,338.3882334034527,350.5560706471348,363.2277587307918
experiment_869,227.0,228.23522946030948,228.70936487142347,229.68131180674595,230.8916464757836,231.41863622264302,231.7390188015344,231.95760716511225,233.23873005264727,233.37307261052723,233.39809403060303,233.49308797605005,233.58099336871857,233.60831948689224,233.66650024683446,233.64854178157603,233.63552079004972,233.62540678176313,233.62318569905926,233.63541748476146,233.69573879628825,233.7553621583068,233.84541356396971,234.10197946089158,234.30931101217666,234.5292239339186,234.86155599412803,235.28271056400345,236.59746538452472,237.23252115087945,238.0086515281332,238.99179070429958
experiment_870,227.0,227.82228711281098,228.45274348953185,229.71141617780785,231.51149027270517,232.7937434750896,234.34681884613258,236.1975581905278,238.252333534873,240.66586873651073,243.3880474823401,246.39358696798425,249.7291327149835,253.40029893833264,257.3810578217459,261.73605552422384,266.4303714715211,271.48072738764785,276.9193700975226,282.75315519236,289.02297278086235,295.73787321529653,303.3468566540355,311.7632198103092,320.4894863470319,329.7349135326482,339.432060267902,349.8759915681568,360.93987804792863,372.87618334750516,385.38449287562565,393.5696499821329
experiment_871,227.0,223.920316497195,221.06129369133737,218.78149267913082,217.0531477765599,215.12228579154686,213.5393398456684,212.29778915373473,211.09899434889036,210.53362347729308,210.31563979564248,210.4231715172661,210.6103055288129,211.61697648100017,212.74541629450198,214.207792355275,216.05525743649702,218.2871880238901,221.0199205570297,224.0639413113995,227.37521922315804,231.1060668858147,235.58212173560585,240.15942978108563,245.28546843618494,250.80646614491025,256.7001059178435,262.86658901330134,269.9783110109528,283.49774881643634,291.88048692214517,300.80274036799136
experiment_872,227.0,226.03125361904844,224.85211405034843,224.19236402045303,223.88288108231473,223.26006402607186,222.55560067317836,222.44558995948938,222.19269819622144,222.46086937089822,222.94776166674234,223.71778650408393,224.94587109259106,226.27835591755957,227.860851215732,229.62454198687817,231.67630656988086,234.2994477269742,236.9104196568873,239.8857361147313,243.11928962694913,246.77015620389042,250.56627177063746,254.6649876789768,259.0506229747034,263.620416915081,268.60677630227093,273.8474017037091,286.51965753083726,293.00641215503646,299.3040326305487,305.6496873906784
experiment_873,227.0,231.37917361921072,235.32039542202966,239.57263178957936,244.21638868319974,247.95211241772182,251.62887491343832,255.2454671531587,258.50553937540485,261.9999961901936,265.2939857082767,268.49252445932694,271.7395564045784,274.88183246359387,277.92946614284375,280.96247364365763,283.93274756516587,286.86772791261615,289.7341298055271,292.50913109123616,295.2739470446827,297.9893130433569,300.95814313244296,303.5961682909486,310.4669113989059,313.09415156893795,315.6989211503344,318.25170699379333,320.7362969341372,323.1825092600077,325.5360352017603,327.8390844316887
experiment_874,227.0,221.96090751226288,217.10008981266648,212.55520185975462,208.9141929967448,205.09250976101606,201.5751518293526,198.38902091555855,195.39044592585344,192.90097631007484,190.77294605251677,189.04144661076106,187.68101123401993,186.74458853680812,186.21876598236787,186.12409737284116,186.48364331566057,187.2903802139925,188.60484342794936,190.36025210467992,192.27717802138116,195.0940789049193,198.74885528871243,202.6138799110842,207.03997148706367,212.40776944924878,218.33137933173472,224.37931797612646,230.9381498689465,238.1976311824114,246.78699863700504,255.6904098386122
experiment_875,227.0,226.62959040110565,225.83222824833737,225.59320309475135,225.9683975110702,225.48624575623614,225.2833029592136,225.1845840625209,225.02905943183194,225.14923992191626,225.37993767425874,225.75559713725366,226.21636550775972,226.7984402114853,227.51038631360478,228.33729589288032,229.29583108553845,230.38281427303994,231.60961111154725,232.94132736376076,234.3929663676075,236.0996639162189,237.87086664591186,239.72396792058797,241.71297889160576,243.82521282717764,246.06595390445895,248.461159080886,251.06142046136878,253.68389348566802,256.42162468688275,259.40113079303046
experiment_876,227.0,228.6444848933495,229.6835523414739,231.2034753630361,233.08263854212902,234.06653483334946,235.16261052855484,236.3857670364751,237.59214038283704,239.14820876633937,240.94685221867098,242.97493650477725,245.31143134133947,247.881513900102,250.77963354497209,254.01166130999331,257.58421533979833,261.5454535052274,265.89569122122964,270.6890566101758,275.9002779394393,281.5819506785786,287.78666108746467,294.4299914551177,301.54382672361635,309.4249600118552,318.31033679602774,326.2579430658591,338.0494995882962,347.92946913260425,358.39954007847115,369.644492104886
experiment_877,227.0,226.90695917635918,226.52356028023365,225.94359065450377,225.84186592296226,225.34878464688384,224.84451216503015,224.39877042035283,224.6164162440162,224.1713177345058,223.79638624744683,223.65595603086228,223.25007657397893,222.94227038908116,222.65372485739763,222.4150777882517,222.249810426475,222.15620514807836,222.14964453612146,222.24645212796548,222.4269185327879,222.71840462074448,223.11955471872147,223.607976361594,224.21341138662405,225.01444185019272,225.88024068232556,226.87338826174397,228.0025504279979,229.2710249867698,230.71130567268517,232.41160942403138
experiment_878,227.0,224.22128103689062,221.48462062511385,219.37177291791875,217.8201722767535,215.86819133319435,214.22021782239472,212.89059114146065,211.60993646890162,210.87966132465095,210.3984316889609,210.23140736309364,210.09347924691485,210.52470077883424,211.24779793822978,212.56447764380565,213.92709204920354,215.640552129019,217.6848761719442,220.11618828690212,222.93418631334964,226.3863368502311,229.8552299661875,233.74499617715077,238.3175405264762,243.06081453162835,248.23145622689736,254.0789408391841,260.2435117026322,267.25668575168476,274.1706106194592,289.58155394740885
experiment_879,227.0,225.40915010357116,223.5279836574357,222.20825554724752,221.26652557291368,219.802570570439,218.50351723504969,217.3932767779379,216.28539858418648,215.5565971461855,214.797200828816,214.44303808698055,214.33662112275454,214.39695265116865,214.66892742288212,215.16127784026895,215.86168310158268,216.96249489305515,218.10644336812575,219.49506717228115,221.10473836873177,222.98367628429662,225.08256919664663,227.5426078395938,230.18421108390424,233.12867553770633,236.25816773265427,239.78559743671826,243.64002045045174,247.6230494305138,251.95195507236042,256.53882131727636
experiment_880,227.0,226.35046420878524,225.00564972019225,224.51694850075384,224.62906590938195,224.1130097732075,223.7365818473093,223.52893680339275,224.50074443669808,224.66285666127771,225.12903477921753,225.772530882794,226.67360736038233,228.00177037264717,229.39212735640012,231.10113662672694,233.0843511518171,235.95960532570552,238.44670513180608,241.2343741038466,244.29596756240352,247.73765530098598,251.36504425409663,256.1561662219685,261.5400051271956,267.81492805470964,272.90352346179105,287.1619844188861,293.30621282438653,299.8082253489087,307.85193990510174,314.83479906603503
experiment_881,227.0,226.83046046382697,226.47950652769157,226.475009991538,226.99110476882518,226.86050038831814,226.94554044820254,227.26819236898186,227.6871446915987,228.49276918387378,229.55687680118007,230.89801420775927,232.47850855041233,234.33381478125474,236.46307922244358,238.88296254663368,241.60302973475467,244.6692405486948,248.0250519106291,251.75273516601166,255.80065345425288,260.22415320381003,265.00645524416956,270.1561277335762,275.73226419118157,281.75241798328716,288.1878772818028,295.10364670946257,302.5255783386384,310.39896391945007,318.8086762856865,327.76892457241
experiment_882,227.0,224.40427648602645,221.92584489977352,220.0356610061937,218.70471496073725,217.13714666145063,215.95512257709237,215.10703737919968,214.3703293354131,214.31729817394546,214.39299298654873,215.3672722530739,216.51624507359583,218.11463593855183,220.18148354099185,222.72011242736295,226.02691005495655,229.49368822738376,233.61609492792104,238.4200185135768,243.62036107412138,249.35562275449652,255.83243268171606,262.7982311782584,270.6018256728194,279.0276697901225,288.28494742656943,306.1128193023345,317.77006149498266,330.15511545578204,343.98700651154684,358.72442462776894
experiment_883,227.0,234.41164248838254,241.4700210600352,248.7370726830501,256.3524516449142,263.1662839401025,269.82804090329495,277.91741872607935,284.57973702766026,290.9573817877649,297.20134792182256,303.38279908700065,309.40273482419593,315.3036717667368,321.0777563560256,326.81736972155466,332.3639067392415,337.7993198486168,343.304356437425,348.70319325920104,353.95453901152575,359.20896553522465,364.3817485219066,369.511996131621,374.5472822135911,379.5701090104626,384.54910042152585,389.6592488950024,394.7769399776797,400.16584749311227,405.1736487680372,410.2397306020414
experiment_884,227.0,226.59130377363982,225.86645254405425,224.97477066148548,224.70180695288977,223.92232474972496,223.1485354660924,222.45419038856733,223.1960307630393,222.41804906712912,221.66337657192366,220.98197818990144,220.34509032968106,219.6770005574874,219.09003433662522,218.48678139448785,217.91195422425824,217.39338216575297,216.92079929727845,216.49882208631558,216.1271326324425,215.81510302493,215.56242726200213,215.37241823261078,215.2461691163245,215.18747083243028,215.06418646501328,215.14205260435634,215.29252115363676,215.51181232982978,215.7178703326141,216.07134206176195
experiment_885,227.0,226.0809127612607,225.1082042174478,224.22420138428595,223.9470624437178,223.46868764179766,223.25860853109904,223.24066633957779,223.43720242419602,224.0249546705081,224.83789552757824,226.06881278801706,227.6103157743476,229.4703232821161,231.67582553048442,234.1462603253011,237.01894107310335,240.47560763557442,244.1786598149694,248.22540605089662,252.7670552231013,257.617035605202,263.07520374265965,268.8812486122923,274.947768946686,288.00575088973005,295.6799200636527,304.0932840261417,312.68726202059526,321.4617057885669,330.68843881269976,340.3790518534803
experiment_886,227.0,223.09424775040662,219.39475338364744,216.22422868846206,213.41596503487256,210.2268894348957,207.40225108856077,204.87354588426984,202.71078353939708,200.83605913319835,199.28174811917575,197.97864906914418,196.9877984348736,196.28018786142667,195.94070710800383,195.9070084918872,195.69491191039708,196.24956548302015,197.51002673298171,198.67313063804215,200.1274780086078,201.95296877961542,204.45393332191895,207.20431556646912,210.64684563101446,213.89692540512286,217.5186685119166,221.59161998290585,226.0680312448368,232.17542483528985,237.72568343425485,244.23945866030567
experiment_887,227.0,226.23119541563412,225.4170891018316,224.92961829817617,224.50573036157772,224.15741576271665,224.01992082565096,224.03650259811835,224.5278601896183,224.99471770584884,225.5190905894782,226.0648168781932,226.7445708140449,227.94275295962146,228.94614570584656,230.09178507168474,231.44927832535726,232.93006995293132,234.5772921773225,236.37615927651365,238.5846428343636,240.83455201293742,243.77393183838893,246.25636329215888,249.04006869108485,251.84470527871127,255.15583033648653,258.61860724230013,263.05891534129563,267.4149359312697,271.82352834249065,276.5148252279548
experiment_888,227.0,224.33326330002006,221.66992430104693,219.3527549561413,217.34697125633843,214.89828312078197,212.49312527323073,210.2681457203251,208.36648097427906,206.40610018366985,204.6058188419924,202.98736333980364,201.53802338800716,199.91062023562574,198.79521330884828,197.88929258629554,197.17249029410527,196.69707461785737,196.45779209593542,196.62575650476046,197.02260692893464,197.9037547741751,198.51073757117143,199.3712775303299,200.4975673435466,201.92670045094195,203.61713752724143,205.43377337585204,208.1230601612908,210.34018218038693,212.84147415134584,216.39978187490672
experiment_889,227.0,224.43143963501666,221.3474301038771,218.82982179337623,216.87258992162788,214.17981993069475,211.57972235102255,208.62531354834718,206.47938439609055,204.34802654000555,202.29341329716053,200.44390298681114,198.70455862226652,197.1220208898921,195.70063586532368,194.44656141526056,193.3608954598149,192.4768654628873,191.73235337802106,191.20788712623164,190.8663505119314,190.7104454555179,190.7182099766991,191.01855397558597,191.7524805655536,192.2126213338879,192.9272502900584,193.7769384875731,194.72331711454936,195.9348789334123,197.13610758984242,198.67100530277642
experiment_890,227.0,219.90475881594762,213.30647718518077,207.77318193366,203.48830804624868,199.00596771687526,195.25077792442926,192.21006394396812,189.78809448576186,188.16301551575353,187.226089216288,186.96510675391144,187.3911655388029,188.49626335039045,190.2988530366893,192.83534683070837,195.8737183189486,199.87713912530995,204.70076728846806,210.37306537442868,217.05810810928554,224.5053400866561,233.1410646512851,242.75987726205173,253.50881635806016,265.35744041199194,278.52333468019333,293.1988850340068,314.884977868408,333.7051123266404,354.16134319585035,377.2161472751005
experiment_891,227.0,225.0464094570424,222.8450158903499,220.65974164674623,219.21875509716634,217.50762771692087,215.90815536836294,214.48568852269625,213.41802846071334,212.68092897067777,211.82053870654084,211.22469038377326,210.81714343431187,210.68390376711062,210.96855281978873,211.34705910812153,212.40399950191562,213.2558396959862,214.36832388162682,215.7660421233834,217.42417262439656,219.37802419316859,221.63576930158717,224.13148673158094,226.9095186898702,229.99850066700554,233.50117252816983,237.95639691508632,241.89327807034442,246.14637169295025,250.90085246248168,256.0794901006801
experiment_892,227.0,221.793156396421,217.1857461843266,212.86383471112322,209.58003202677284,206.26176534343716,203.49807580498089,201.22684767422402,199.31982937648428,198.02303195687898,197.21687891841086,196.91502909020244,197.1887881889216,197.98334510851805,199.29296496642795,201.06670650699076,203.46321872211456,206.37167070911624,210.39519126084753,215.30519234823726,219.83254307479575,224.9637623644789,230.74121754867366,238.2268284505125,245.19524918900993,253.69615448215205,273.6228267358723,283.3843886468357,294.2026947443736,305.550397135826,318.90715818275646,330.8027779192703
experiment_893,227.0,226.88422384943212,226.46554111931147,226.37634581394718,225.96500350942563,225.42563272370472,224.9004156634633,224.37993385441376,225.51431086176825,224.9854753980051,224.44450418590503,223.89406769385943,223.3475891358588,222.91321674568826,222.41030551207814,221.83277272796715,221.24964928905598,220.6562153594419,220.04293406186724,219.41923861008434,218.71416524077947,218.06965632670273,217.40576724649245,216.7110459428246,215.99789263740186,215.3176358608621,214.56255069466764,213.78745530060758,212.98980712880942,212.1699409519167,211.38418342610794,210.52144346372748
experiment_894,227.0,228.01946503988688,228.48089949257604,229.782469215863,231.83322923690247,233.07910012418915,234.52819231653632,236.32280403810182,239.24962945631916,241.52640631247039,244.11463626064904,247.1244311693251,250.30121173952597,254.65170244193766,265.336468151763,269.8547634085862,275.13557278332274,280.3387955549657,286.70552930248107,292.9430564515976,299.7912806280895,306.83885644817786,314.26048299152257,323.1058447891616,331.4063415223101,340.01770691490367,349.2789780635135,359.045846770834,368.99208797416844,379.47961998987694,389.59031686513214,400.5153343515532
experiment_895,227.0,230.16048509780347,232.66090242077695,235.6964347764669,239.18544297777538,241.840559584266,244.48295076878708,247.16427623906338,249.8736312701962,252.6728148325692,255.53320980038,258.503969017894,261.5487572003541,264.77291574378654,268.02269077547714,271.3681442031602,277.2351016448867,280.88806693751314,284.65144068132923,288.55159659212336,292.6653296812147,296.9256119388127,301.3206973432933,305.880613609105,310.67446393995635,315.5101190132181,320.51939197518465,325.7007518272186,331.3583338566249,336.88898311169686,342.6461439587931,348.52487506856335
experiment_896,227.0,223.86396288420246,220.889711412039,218.39544004798722,216.36948702391717,214.16106172365147,212.219328884917,210.2599461124986,208.5805021823681,207.40057697289828,206.44927733489038,205.7670808900536,205.30065069574158,205.08734651579863,205.32652376125475,205.58313657921957,206.0972485489193,206.84377238527878,207.82664619815222,209.06514039182784,210.73740806406732,212.4865825399008,214.58138515939484,216.91060025989958,219.74958135544225,222.68356623796956,225.92563564293792,229.41609292511242,233.15171570707167,237.31486368540317,241.7060676974857,246.82283866823352
experiment_897,227.0,228.2980898400575,229.06701783152494,230.37195018432732,232.03117588278815,233.03753754594317,234.0845232029586,235.211125574216,236.2805285802673,237.49904991336967,238.80953823070786,240.1892226799083,241.5806569168122,243.0602828081211,244.72795091410288,246.34962732069766,248.0293800183386,249.75633857728354,251.68491319794202,253.49198903940942,255.35641062727075,257.32271093375374,259.3368144757035,261.43778842335155,263.5358649062062,265.65572446999664,267.81824927724927,269.9886946429402,272.21587836626907,274.5130290072692,276.75404092477027,278.9719936378021
experiment_898,227.0,224.96354072041686,223.01056513746465,221.70714385995797,221.08194800660584,220.3181459631818,220.064825628643,220.18922798645656,220.55014085542058,221.48184892576538,222.8249054234214,224.5889732013885,226.8148211700146,229.4765607242984,232.61894775433228,236.215661230555,240.30038793285428,244.93037779173778,250.1060520815934,255.80248458185667,262.0704845470543,268.8975165499419,276.3389045788498,284.43665324481435,293.1836845126791,302.6287583773585,312.72213560211037,324.00818724701617,336.2711658983826,349.2235206554358,362.9510588407287,376.7780820295686
experiment_899,227.0,225.04790921223173,223.17260483020416,221.67752485278493,220.68012584441917,219.09934461524054,218.02482448010798,217.12928898480953,216.82343701253632,216.28034904461194,215.91724610616814,215.7569884075094,215.78926836393555,217.1189634421931,217.60810784752414,217.7288829266109,218.78990195192617,219.75636512700822,220.84786369389644,222.0436696437913,223.44677681451992,225.13468154754304,226.98798245137627,229.03923921732746,231.18111078291656,234.60474810898228,237.30692656823868,240.11482310146857,243.39294284370808,246.7123665805399,249.7315509602917,252.96581450693907
experiment_900,227.0,228.194628924931,229.03516896746456,229.9549536437101,231.5890097331826,232.46276227613396,233.47074080475858,234.434789632203,235.98755968632548,237.16094483119468,238.35080410174794,239.98395533210984,241.55416471268876,243.063201049614,244.80792285921953,246.61024967467552,248.56044578051484,250.58693823557206,252.85934196546086,255.1721197945884,257.62967300646676,260.2447082458697,263.52429006536346,266.3551209323534,268.87086173840675,272.05533948133103,275.2866272478958,278.5606453506905,282.7340394093375,286.28275532171006,289.95093501064025,293.68587160703703
experiment_901,227.0,225.41195307641965,223.72300649074128,222.3602606553426,221.33247315158943,219.89618021074006,218.6282686641064,217.54637407348412,216.46676798389586,215.74874165761292,215.22141136784947,214.90598710856776,214.79435927186375,214.89907191736864,215.08991762757444,215.6697872337259,216.4860589505334,217.57030736280203,218.91537655010444,220.53331866834577,222.44015363057932,224.68846175495577,227.2284559764234,230.04812475239265,233.18890128978367,236.63829514119325,240.46058226836254,244.62021148459166,249.12704433396863,253.95360719871655,259.1345304935337,264.660434258289
experiment_902,227.0,225.15212922450695,223.25119394288052,222.20677295519224,221.98368154546904,221.27899277894852,220.98573181733786,220.97768525502784,221.39872710241787,222.31193476460862,223.64823652826735,225.36272695235883,227.47516397245863,230.02040840006026,232.9909831267559,236.34445263518938,240.12560314107944,244.34910536016076,249.03461597572968,254.241538802195,259.8698603916306,266.00757105065975,272.6704613158386,279.89956363175935,289.21147636357153,297.7115068413254,306.9258108301997,316.8293969532634,327.4057441886696,338.7635428525628,350.959599876911,363.61735859174837
experiment_903,227.0,227.77428108135396,228.17840355228753,228.57885583960876,229.63322598249098,230.00668009216895,230.5101388480873,230.96633377817795,232.5540672108704,232.8013050894457,233.00282998299437,233.22426759501172,233.38788936159534,233.45953901399184,233.5372920714525,233.47434341881524,233.3458643850455,233.1464562173166,232.94280285135767,232.58885782997498,232.15059050106976,231.6121103734015,230.98891813115978,230.26494159592156,229.4342100826159,228.49010082502497,227.4359557755883,226.24360966675056,224.8563795990952,223.38147468318573,221.7596701893547,219.9161910724839
experiment_904,227.0,224.37189840616094,221.40886667392886,219.00324573743916,217.29477731038943,214.99994411482544,213.05694288199194,211.52005582385897,210.13699991063746,209.40154669939,209.09742374038348,209.30567401354614,209.9590215715511,211.1364037503086,212.99264100926993,215.34410915500118,218.19482915750388,221.7136571877441,225.79498452270468,230.9331823113343,236.4756996731316,242.66857116533762,249.60513202135792,257.20434346470734,265.99160650187974,275.4727610798026,285.9400222441502,297.76826592241844,317.08035924584726,330.7926205248157,345.511722771496,361.3579475797126
experiment_905,227.0,229.28236456216104,230.94032214747008,232.99417308780943,235.46576107913614,237.15655307386862,238.83305722841075,240.53170485354815,242.13263862122497,243.9120563704751,245.77542940212874,247.744924952892,249.80655883458962,252.0033046738005,254.3327429893573,256.8114807349454,259.45346484179856,262.2636217390593,265.26137572935295,268.4466459982709,271.81280118333746,275.3895379326298,279.17605861387256,283.15859101586517,287.34205103375416,291.76159756261427,296.3207680649625,301.09397002723586,306.0403384621833,311.38644564762603,316.6990946729349,322.3356079782091
experiment_906,227.0,223.8344561617891,220.85121141688455,218.46993826163396,216.56685461167635,214.3767671163873,212.51941467553402,210.98450050320469,209.48341616341764,208.61131138195213,208.1231416647396,207.98765083292005,208.51674869226693,208.62193863004677,209.52090761293692,210.7177904753312,212.34238181256075,214.71522761747036,217.4437071339762,220.10281966369854,223.10670660145595,226.51925512162276,230.24809465635843,234.50622309267567,239.01650446092418,244.90024782886874,250.56135805854478,255.88095190774544,262.3289633920551,268.9033159810384,275.8353962116727,283.5157600128673
experiment_907,227.0,225.20809759369365,223.48825996736855,222.2674344824185,221.4994775833627,220.21946345925602,219.15318867840767,218.23467615657552,217.74597457658547,217.31524174755162,217.0949224672254,217.10208105899866,217.30897104144907,217.41019075926133,218.10453947064303,219.3561153568022,220.638734717143,222.07722031837386,223.88968554810225,225.56208339175566,227.41080965089282,229.60797847217353,231.89920315720215,234.4147508989842,237.24339662218617,240.9273712584026,243.9784405288471,247.59649898826945,250.86031196507398,254.8770145000074,258.79087944466005,262.83285059298976
experiment_908,227.0,226.4161287112787,225.8150917053268,225.39341177927446,225.5842512696182,225.65644923913905,225.94411144648228,226.39730931583338,226.94325813295987,227.77087391617718,228.78841549496127,230.16836165822616,231.620301525226,233.19191758505215,234.93043073778426,236.86599052085373,238.97947903088604,241.40882095608436,243.92003976587492,246.75848545604407,249.63696148790294,252.7075715841365,255.98338246691037,259.5234375085878,263.2311412064234,267.127196490778,271.321943458913,275.74696075103054,280.24706047480163,285.0321328455682,295.18773270978124,300.68671182155595
experiment_909,227.0,225.21599376700777,223.17938708627872,221.87587462095343,221.14108407431928,220.03328068037115,219.2781924555273,218.89431446197545,218.59368654128627,218.93906403486474,219.71640486946242,220.92708749322037,222.75468046776413,224.93761661543638,227.5039314573047,230.7313499263314,234.59966766011271,238.82136266190895,243.734751371139,249.30278058561606,255.4100495282451,262.2271272837745,270.2029779220058,278.38301158714603,293.9855614803936,304.93895721930596,316.3362372987114,328.7265161919504,342.05996657838136,356.9222992730211,372.393711754727,385.66594307125166
experiment_910,227.0,224.48262721315345,221.93951750024425,220.0810788334622,218.6585202571672,217.3329608367762,216.385768763521,215.75529817679939,215.34098223202477,215.4095543309734,215.86372938808535,216.7128127929792,217.9165749562241,219.51272848775898,221.67196790263125,224.18263547729322,227.06027207982032,230.43030596322114,234.274047847997,238.7505778653597,243.9393865470355,249.383293871585,255.52989821266638,262.05665758007024,269.88766525203005,278.155673241804,293.6440175173173,304.0936712949673,315.89149551226456,328.3238312815041,341.94647810444144,357.0145975806536
experiment_911,227.0,229.8915484503768,231.94160250853088,235.01813993938094,237.98777200954527,240.32023645190725,242.8367066400976,245.380917550363,258.98909231437517,261.66762317596454,264.5479628221991,267.82599308447595,270.90435065489294,274.4092304778974,277.59287550817544,281.20431982668026,284.51753693412,287.87518664126355,291.47497929235004,295.1857036535934,299.09138415770855,302.91356863264184,306.8286965321896,310.844338005916,316.48678457513654,320.75623675104265,324.4525041772139,328.4818368847891,332.6697086982389,336.7606450408961,340.9540324987644,345.35294069215354
experiment_912,227.0,226.3208302055818,225.15910181393627,224.29065643257695,223.64073666588894,222.29390395357694,220.99136714304095,219.71623492656823,218.3298949892901,217.1603210703185,216.0679624650528,215.07662151195407,214.1972266286274,213.43338168473554,212.71375395613902,212.2860455054726,212.04948792600396,212.0144684020816,212.20473427424517,212.6500394008329,213.35232619280652,214.34748712153973,215.65365770564156,217.3051473357406,219.34670004165963,221.78411514308078,224.67501480738838,228.13611775500038,232.09373603902574,236.68241230680627,241.97632800162737,248.1653988626038
experiment_913,227.0,223.1862009191785,219.2171297795104,215.7702156779955,212.81616405030235,209.28458210752174,206.0629172640127,202.9983516599341,200.27513527014594,198.050186345775,196.1950012539848,194.73310137904411,193.66757791263063,193.02390538408838,192.81944980460156,193.07521118812525,193.80284178657084,195.0342252730747,196.79130356890687,199.0767257180463,201.94746451686856,205.37552740916732,209.4668989635253,214.167218492135,219.4990868537749,225.52002302019628,232.3534920251859,239.90786325696016,248.16339398006056,257.28440678769533,267.17134828399423,278.0366187192625
experiment_914,227.0,228.42578331803665,229.15839608055074,230.41063626109582,232.15792977097854,233.19269056172732,234.21839670652548,235.13678422425218,236.94450627708775,237.7915916909629,238.59197774721179,239.2817389986381,239.8779778709792,240.43415948271067,240.89436806527857,241.28850240527564,241.7150289104331,241.9709371797226,242.16723773093395,242.3076206112346,242.39456832468144,242.54307749764916,242.5286033527744,242.49826512588965,242.42124225739929,242.96456491293713,242.72657846891096,242.52772957752535,242.31654882081,242.10021618825317,241.87804461888356,241.66822454097627
experiment_915,227.0,228.89964757447913,230.1057872900249,231.72653068020338,233.58203377260605,234.460628299922,235.26496636080384,235.93536675222163,236.32954750437796,236.9651598174031,237.37281495507784,237.72428395538725,237.90428789522298,237.9943555103176,237.9966552972085,237.92105939306055,237.74720298094195,237.48503442314362,237.1360985513529,236.72462735554592,236.24035368089096,235.6850109318163,235.06392569301187,234.38197722163864,233.64499899211893,232.84895694782253,232.00170586661807,231.04426959912968,230.10084630521195,229.12454869897005,228.1179670611079,227.0800214757505
experiment_916,227.0,226.24867944367674,225.2772705600684,224.88446461187027,225.09773530004864,224.50587201686858,224.3052288800356,224.32430143126965,224.38868623793053,224.8513603336865,225.59536083884728,226.5531297972456,227.6780994920428,229.03226427852576,230.63049115483264,232.46955837527838,234.563661344835,236.88296522564215,239.50836535779337,242.43747471601904,245.63264939683975,249.079392698361,252.83900877384144,256.9024068793417,261.3882340261577,266.134763309479,271.22278625357114,276.7555416032411,282.5852916541586,288.8887979301739,295.5594818571401,302.62135766797405
experiment_917,227.0,225.17487367551806,223.52616597069363,222.9008275472101,222.84309931445821,223.31024772522235,224.15228191733607,225.5652854012834,227.76003818977676,230.33897282589612,233.60226859658758,237.2032627385894,241.33478875324172,245.96781564092038,251.26332236408882,257.0183258322849,264.04583904882725,271.0942343990275,286.01072608880406,295.4937990808985,304.9247241435461,315.27992138928136,326.89967835267083,338.518582150715,351.17964392982844,364.517685568265,378.29649380256734,392.54649933784447,408.77982782605875,422.6156971303146,438.4244394064739,455.9297491110275
experiment_918,227.0,231.166619864891,234.4714545550228,238.4400021821294,242.6050639089667,245.8409686237726,248.98697313246169,251.95423144709792,255.43953559350555,258.1861168349682,265.25261957202997,267.8712836637557,270.36372092054046,272.75238077554326,274.9864316916031,277.09899437193957,279.2079746047703,281.1345918308306,282.95559030445145,284.7371084068232,286.7779559189089,288.30152475003433,289.7743397012435,291.3170106180137,292.7119795933031,294.05483600187523,295.3818656289435,296.67120032343956,297.944617317689,299.3281528005037,300.5727188943954,301.8970780302786
experiment_919,227.0,226.15028788364612,225.02523006803057,224.27259516321334,223.8773030382523,223.02598123407606,221.83027890285024,221.12640302207012,222.34967153542635,221.7965819889207,221.28992088247213,220.86816115123273,220.6193799743067,220.33230086899184,220.15897223025013,220.0912994974384,220.10576322346964,220.1219746318147,220.2271073566443,220.3881396800192,221.6665184882072,222.1979325646928,222.61846639285775,223.0865948904875,223.98642732406245,224.813013416209,225.14205944531113,225.8395181738341,226.9842356165788,227.99196649097757,229.38376139598552,230.56366626395655
experiment_920,227.0,225.27300221683652,223.3379293989866,222.23890807158978,221.87800571666304,221.00619428846136,220.2066158101118,219.99173887860422,220.00938320068266,220.45993260736486,221.49636981051222,222.74497974758376,224.05518441444485,225.71052353882524,227.86460772874506,230.11685107895067,232.74601648847886,235.6377093901432,238.9108764303688,242.43918870299453,246.32584000790735,251.0279610276066,255.23268657496027,260.03197342878207,265.48273627901307,271.77434556675234,277.84943413456034,284.57541874776933,291.5120260659253,307.66640862835953,316.26002511946655,324.91499702747683
experiment_921,227.0,228.44031736277995,229.21509919501517,230.52450932582192,232.16047995909602,232.72160620448778,233.2905429373933,233.94303827713043,234.4327191321872,235.18297999190634,236.03322259586432,237.12240845235323,238.10740530839934,239.17851372237521,240.34775628054626,241.60561935614726,242.96131389373988,244.41495264733263,245.97481214823148,247.67288999085667,249.53383073636525,251.39589248343418,253.35529311686372,255.53960518491834,257.7016513893811,259.93678916930577,262.2551901175933,264.6484695570198,267.0953113525113,269.5654885030779,272.15313232932334,274.77902460191655
experiment_922,227.0,225.72007918122497,224.24205796742103,223.34027108244857,223.03561768127733,222.36000101989407,221.90674648455794,221.2631202922829,222.94648014944792,223.2612738901694,223.74163622807094,224.4585619746129,225.32314602999824,226.4300680150239,227.75421036153364,229.32317495038077,231.32672229620226,233.4291139092843,235.7033868065515,238.19887694978445,250.83910322629828,254.21880903320687,257.7838549511277,262.00980763818075,266.26353358560687,271.3095353139198,276.42056285735634,281.5580949745092,287.2006569326107,293.2497992447427,299.71803126167845,306.6673866604663
experiment_923,227.0,225.42070099793943,223.6116251184961,222.48994665477858,221.77341652767313,220.41452614900294,219.54567294773776,218.9006443117609,218.4340353913156,218.511404336598,218.4732785397944,218.80009143379124,219.24448060192032,219.79623267290577,220.8172981173385,221.69297733811112,222.7709720819201,224.04451631478247,225.51017156067365,227.20250916917138,229.0437714942666,231.11160151413966,233.46945203753876,235.92196425395196,238.62847738557022,242.3725214001847,245.48980163683098,249.04925080212638,252.39389165061831,256.1027600803324,260.6071984859479,264.9491057488291
experiment_924,227.0,225.6550200052761,224.16486273950522,223.3568459757374,222.94132031785773,222.36773354727637,222.0968949692812,221.8215885398771,222.0351089048365,222.5251729743633,223.3090218929093,224.39917601041066,225.77049741577804,227.4731101911375,229.59344697267863,231.92429580329406,234.52035535181972,237.2773964505555,240.3330095669282,243.9744457998808,247.7238650423318,251.80575675178886,256.1700641201668,260.95295899375225,271.4516946070813,277.11020976496405,283.3209137973296,289.7634784601293,296.64223346414815,303.8138701232085,311.9809870855739,320.01849492153747
experiment_925,227.0,231.51157512867843,235.34690789467265,239.6059096901046,244.40934593930595,247.99026500200512,251.50049895437397,254.96321761903215,258.232481066596,261.62401379306255,264.9874228848037,268.31615085160865,271.64059572669487,274.96856410707085,278.29549844068265,281.62836307651,284.9753605178936,288.3383888738954,291.72905780409997,295.1431771995037,298.62415907116736,302.108813624268,305.6267708681919,309.1893046845917,312.7886386577636,316.42305334269247,320.10291905714485,323.8483359329515,327.6174772174151,332.51890009415354,336.3689236986549,340.25551639618516
experiment_926,227.0,227.55238139421851,227.70198894063208,227.5601221891974,227.80226043218272,227.3094637929126,226.69837298238656,225.98296241742025,225.79822429534957,224.7189129293866,223.51242976323192,222.18275080457968,220.72045825101077,219.0007878327766,217.2890463184582,215.44111508652543,213.4524907230117,211.1298013941312,208.9054221904582,206.55162569870228,203.729610736705,201.12106716747232,198.34665598572718,195.46418696912374,192.1062517179852,188.94489303208258,185.65319450057893,182.1896613188931,178.5601341777629,174.8511628721135,170.97671719536012,166.86256184376964
experiment_927,227.0,227.19025148452036,226.51009122188864,226.50302852361122,227.164509837148,226.83265937549942,226.5982432331066,226.25634785922261,227.5171287898998,227.14233213906158,226.92983698522536,227.5326210898885,227.21563992491184,227.03965153786095,226.6728550533981,226.2708928887428,225.9467482252651,225.97260712638337,225.803121057864,225.4234099676125,224.89231839701142,224.5971837802596,224.16163858875217,223.86288955905414,223.734314308331,223.6069458247401,223.45737286094726,223.28540382043738,223.13453775774764,223.36241332616174,223.29391864302167,223.25609080393477
experiment_928,227.0,227.4170321841745,227.30386567678977,227.730392854806,228.49479842883528,228.97011709840436,229.50825377511376,230.19192042568966,231.22599555264475,232.27922219406346,233.49030218835776,234.957618854258,236.93866338382986,238.977678019497,241.3985538216154,244.16462695848844,247.29256682115283,250.80550834623233,254.80286745824503,259.27814536353344,264.02851193517733,269.4972699145128,275.25566211038335,281.64148756672137,295.3800180315086,303.69411449244274,312.0508587498683,321.2126547940279,330.77610195568406,341.06173140368793,351.88762982814126,363.2930464903878
experiment_929,227.0,226.77858532460283,225.99405524036075,225.91077692605248,226.39309451940994,226.4907322921605,226.65831957967134,227.00457954159833,227.75021667832442,228.3268919711022,229.06746613107305,229.9998785028797,231.13760293782497,232.66273271402775,234.1844852943235,235.94551321745382,237.9190366938283,240.19920174992438,242.68659155123885,245.3710206688326,248.38366532690878,251.82666215986745,255.8734266386582,259.5413656377927,263.8895244096585,268.7529383805278,274.12136723150434,279.78105476475594,294.5416814458272,301.69587425321527,309.41913963899583,317.9834900919916
experiment_930,227.0,224.45749538025,222.21400212126179,220.67937858176452,219.81689159200104,219.020447260248,218.68804017455204,218.76392121859925,219.08102568306973,219.99299715498412,221.37837023659503,223.1917097395593,225.49831740705184,228.2652077389149,231.4221813036374,235.35179035485345,239.47360228495378,244.17856775152495,249.36768794242505,255.26878768434125,261.6276622108676,272.7204006466349,280.56886785053916,289.08470403602536,298.5916234752198,308.7786308127854,319.7007694682409,331.98746219740104,344.6806843146437,358.4443384607578,373.34069607821004,389.82560482619465
experiment_931,227.0,223.58876585813965,220.43909180421775,217.8342030938704,215.6423157565851,213.33006405353044,211.33215621978457,209.6805177086193,208.18916736409466,207.08892062870382,206.26585843387284,205.71616638472761,205.4403409350479,205.43554276741787,205.82630753616922,206.36094084055475,207.2272137486613,208.37909021791887,209.79926655834586,211.8499107829865,214.44544541161895,216.80246214794528,219.31505937416452,222.08371150668432,225.26234494890252,228.6595966555933,232.4835732764917,237.33353167390396,241.79002729562367,246.85754966019505,251.7804877571208,256.9795184681359
experiment_932,227.0,228.30230086671682,229.07245516006458,230.01795053843938,231.51000678096986,232.1934759112138,232.89474875114766,233.6695575892444,234.36084144814396,235.3503858715366,236.45888508963094,237.7884794566386,239.23974609398584,240.76638928827637,242.4739050131117,244.36232320668887,246.44744717949203,248.79154569130426,251.38365861424188,254.13814864337942,257.23782152482374,260.45112963957763,263.8880371755089,267.56573340874286,271.48577927943154,275.6394893954091,280.11579858840196,284.72300301350697,289.5074964795527,294.59956656517494,300.11713478611887,305.5814645269458
experiment_933,227.0,228.02899532164267,228.30661858642807,229.0801470409463,230.1815038231855,230.70306632705282,231.0198117777806,231.20865470665035,231.90924492171132,231.91877025173397,231.85135678835917,231.74978928793297,231.8694164638411,231.57205954090566,231.20800394338752,230.74826436583731,230.21201460765997,229.61326844779373,228.99222008717945,228.25670590232207,227.45996543483687,226.60137474042702,225.68383419177428,224.71428566614287,223.69868429426572,222.6492566345844,221.64983312555677,220.54251464215736,219.4256719913131,218.31844086839527,217.23945210659215,216.21277771829722
experiment_934,227.0,225.86766415379878,224.27092229280814,223.16062566230386,222.47158041836215,221.08010881722728,219.81882731630208,218.7125301958544,217.62396225261182,216.88438588657476,216.36615780961114,216.07961714327206,216.05509949446355,216.30639796000807,216.85548136315316,217.73597857457145,218.94485576934633,220.499911853566,222.43655445362674,224.76010587414305,227.56280636759797,230.73556447147334,234.34658756966815,238.4052617716365,242.93613071704914,248.03432610161514,253.59880613961462,259.67175128296356,266.2771084173978,273.449693316889,281.19982511668536,289.55998369205093
experiment_935,227.0,224.0480196440297,221.3857794140203,219.7233105852211,218.99380627152792,217.99176700426565,217.6097622973191,217.8438013782977,218.47387596002304,219.75163844958138,221.80027483163778,224.53120139206715,227.7539829599047,231.5936893055737,236.03014948457724,241.19753690151995,246.8620578160209,253.17620138061864,260.1970367870274,267.86968330872287,276.26402089093176,285.3446938645224,295.14267128975314,308.7653180294859,320.4804894365039,333.1625877022676,346.66067092149945,361.1511493706,376.7291311293071,392.6961461024422,410.23459101574633,431.09009715249977
experiment_936,227.0,225.53932555308668,223.97105596742148,222.5892253521268,222.0095947967061,221.28784533141052,220.73488073080986,220.48644225043375,221.0665510330091,221.49420900324924,221.8556640277133,222.42397240099356,223.18128936759553,224.1937773017317,225.34490997526143,226.73659580924914,228.39907152199712,230.31107596764764,232.37414478326446,235.26745678023386,237.65311505755463,240.34688603295385,243.147672764124,246.3001432942175,250.31658350025853,254.2960868835089,258.32454747181123,262.59970364011,267.07796810117065,272.7731307352125,278.1777220089959,283.44792650021867
experiment_937,227.0,227.18771125779443,227.28174983324823,227.36649712531172,228.05711751737906,228.64301594459653,229.28692466649926,230.08821878217148,231.48087533430336,232.4695148286766,233.82935969317396,235.15929024393049,236.5402484562595,238.03640467498803,239.7282836662874,241.46390547759447,243.32467620046668,245.26269455351036,247.43864634704988,249.58440215597852,251.83642278393577,254.18399232717593,256.6248548504225,259.8243773594691,262.5098251084574,265.14028435865805,267.7220292996739,270.7394897963389,273.85052861439146,276.82278052351825,280.4784391962446,283.8305774693348
experiment_938,227.0,228.724799780186,229.89768492066167,231.4518865909285,233.4301899910072,234.84171279898368,236.1940887794775,237.54990192947628,240.17460323612707,241.6170118434827,243.1189932700202,244.67902293673185,246.43462494290333,248.10387479009023,249.83368748822454,259.61805121404143,261.8508257572168,264.06475471955497,266.39650290048445,269.0726958535805,271.88534718004786,274.7893813958196,277.6097799671272,281.1408257992414,284.28556555833956,287.54500172316267,290.9753342928315,294.53107061227354,298.37256558130514,302.3472181624152,306.53604194112825,310.78004447852265
experiment_939,227.0,223.59823233226678,220.55576942943622,218.06198891747107,216.0647674461854,214.0257801681767,212.23571551771565,210.9744294037312,209.879637862687,209.37438172483957,209.25600447298598,209.57433957073033,210.23119200246697,211.3029073400487,213.03790976148673,214.63633198165286,217.00446964383246,219.82239973812932,223.358002217347,227.10119148928447,231.42259017701608,236.07083534788973,241.20163578729057,246.9287427596961,253.06166918330794,260.3612235528616,267.2949126842841,275.35480443544685,291.7748243144303,301.5243489274927,312.24961593455595,323.4853851909979
experiment_940,227.0,226.53963671546796,226.15075199679669,226.24922364124177,227.0548808777575,227.59812043166232,228.51700521583822,229.79696535748684,231.35506452617923,233.38842485129302,235.7877586734378,238.57515671616045,241.72787148738385,245.30337526496163,249.29458645892174,253.64495558325655,258.4230823599641,263.61758863445425,269.2183031060164,275.2773608377515,281.7904338407546,288.80886828641906,296.3737221013274,304.90203231118846,314.26350479163267,324.20677745050904,334.6177893784255,345.5823303325435,357.4797393239809,366.7819638652976,379.1255250708081,392.15080920662115
experiment_941,227.0,229.40239581827282,231.35077031525609,233.76624858826406,236.54649398503005,238.60509514295174,240.77778142895198,243.04363791589967,245.3172109192243,247.86209615562106,250.57902365218843,253.40542683493803,256.40787292118046,259.57195857561504,262.9407146981948,266.4904064889869,270.25901362003424,274.24487756444347,278.47661942487514,282.96440546793065,287.75340621568733,292.7928584843991,298.29341655333593,304.2490007881355,310.77725377541117,317.69473089068276,324.9466160910395,332.4876857037112,340.06407258943744,347.37275565435834,355.65560102254364,364.38939119110955
experiment_942,227.0,226.9211091396565,226.3092798443963,226.32442584569333,226.75071749229951,226.8541457228419,227.10256351718363,227.51451569314926,228.22389833585575,228.971217772033,229.9164291545057,231.20662632917754,232.63991406274997,234.356781355549,236.5262243274718,238.77493989335102,241.32700241139497,244.2825869102375,247.5098610088013,251.12750953545986,255.16392788878042,259.54387017251327,264.24378918361754,275.1011379615087,280.8690741978067,287.11605834109815,294.2574774411248,301.5424060962471,310.02221550064985,318.51200964363653,327.8050566451044,337.54389159016307
experiment_943,227.0,225.48607746496185,223.5855455357087,222.18174688169134,221.17947257990116,219.55211983469275,218.06559962176271,216.73990798790012,215.82352691873575,214.9529682052438,214.31575018906156,213.57701531889404,213.44177433892662,213.61120691903875,214.16104971724963,214.98175634553445,216.4253554294732,217.9858077004476,220.2715685835588,222.24879737403347,224.56299068891923,227.1430160186933,230.2142332906964,233.46640134960546,237.07491082453026,242.08037177499062,246.3153806611768,251.25254149080604,256.42888793856315,261.28967425664655,266.55373856585976,272.19364288491414
experiment_944,227.0,221.7871134350861,216.614872173138,212.35900351796403,208.65704079168697,204.79908875990049,201.33928167484154,198.2750925344839,195.47906475763205,193.11761462416308,191.05569010296693,189.589969046367,188.35599929263896,187.09024996843658,186.70341155628566,186.6062810471035,187.45002048070575,188.17764953330632,189.30863543229657,191.04160465673948,193.65422213852025,195.86254979199066,198.71517954283578,201.7457520822664,206.022371648962,209.81367404360998,214.23192693304034,218.74912545477815,224.270904110864,229.59722522001573,235.29267778788912,241.28100770921392
experiment_945,227.0,230.3769006692255,233.15933126176787,236.3969789090218,240.10256441382518,242.46843931641325,244.83388994881284,247.24298357134268,249.58329874220146,252.08409996765704,254.66517052169328,257.30205094088274,260.00874200038845,262.8152581740935,265.7130545326452,268.70583949734174,271.7975400208462,274.9935355083908,278.31116585632236,281.740104687004,285.28283027793805,288.965574169056,292.7478101715174,296.63089671623754,300.6346108640528,304.7329452201182,308.9136964708678,313.21002050594666,319.11605860413295,323.53088090306653,327.9985184714606,332.48806127542423
experiment_946,227.0,224.89046661455063,222.47709055487954,220.6703513986791,219.22736239960216,217.36713596881137,215.77534141907765,214.36732634844688,213.15394819734956,211.88791849047755,211.2261521001417,210.88730670520584,210.7284418678338,210.866315747972,211.3713689916837,212.09955351155938,213.45309450386372,214.87174559052252,216.4523019847905,218.6505049703585,220.92531241411533,223.51898547090963,226.41188222452456,229.65055219100526,233.30404979494526,237.39276819297748,242.27209246625085,246.96952359675612,251.68075945239144,257.0768596923241,263.65843637024557,269.8242585325204
experiment_947,227.0,227.43331268939633,227.77874603258738,228.5124104860625,229.9258406577981,230.89965001214023,232.1950787275847,233.7495344690197,235.47422114389875,237.60565190001515,240.02253115306905,242.72546299253062,245.7742638795056,249.11223411462825,252.6986785922287,256.6012937580018,260.8166839899826,265.31907470546605,270.2254356362655,275.4182467033214,280.88974221605605,286.81945736467185,293.05173078850345,299.6450525608672,306.5520984283108,316.6968394213162,324.5406076996185,332.8841960395746,341.6481175776963,350.885705509353,360.57314361628033,370.7260059139816
experiment_948,227.0,225.36305331484624,223.34736372572752,222.04295911041623,220.87737296960427,219.20154581234345,217.69965656248274,216.37711567306602,215.06503337883123,214.00962889660752,213.10398219417345,212.35470434643437,211.72870434896322,211.2411256953502,210.890081923097,210.67466547989824,210.6182255496547,210.67205231510445,210.8602613066683,211.18365388971702,211.66008051986773,212.26835086674683,213.00190915126552,213.8650966090551,214.87214844910145,216.01916662791518,217.51137981280345,218.9582913151181,220.57087799348056,222.42202333412658,224.34077114227492,226.42283139721428
experiment_949,227.0,224.60193538101962,221.91179996663232,219.7379749605708,217.95710038870158,215.28903032604995,213.10878063258698,211.06019325197988,209.41615462762894,207.735816307594,206.17179949784148,205.16925337941962,203.92468318071622,202.82611704407276,201.94316879826442,201.4313620117521,201.45028494631077,201.07837664225252,200.88117073522244,200.8902510814488,201.09487987781492,201.5030429640359,202.16589404592668,202.9740246683349,204.12765435497295,205.54064412355996,207.06697440362103,209.58900690565756,211.60795179401248,213.79262692050958,216.69441544838486,219.02389889616163
experiment_950,227.0,226.92877148941477,226.69368437279527,226.2707927334083,226.39404734234125,226.35759965969356,226.42187720254256,226.4694181519668,227.35060360049067,227.38712040546488,227.82695406524448,227.9699846380518,228.14097708155902,228.3710524036627,228.6275371368174,228.939193086341,229.23085705498585,229.6752494250928,230.07597461060752,230.58124904187622,231.06087927712846,231.57190261541825,232.1082787975859,232.6702461234656,233.2851691073089,233.88360413933344,234.50386827113988,235.1356549802007,235.90361751795433,236.5731382391222,237.18596818231237,237.81866001151135
experiment_951,227.0,225.46233978808215,223.6134590363909,221.6634013510316,220.3405284568274,218.5298857701828,216.74239743626484,215.07529282261652,214.19429839352097,212.79278824687327,211.5687705894417,210.70137567832816,209.7960914101408,209.09509904869665,208.59443771900516,208.2952325296512,208.204615822905,208.34414576048357,209.27933455189873,209.87070970088675,210.69273776143373,211.75826770535525,213.03929569166058,214.56150047135205,216.25548866494916,218.27029724746728,220.51247668540594,222.8899545995402,225.483136975324,228.29945881673868,231.27240537373046,234.59696215636694
experiment_952,227.0,224.88448991123653,222.53246054029137,220.8096166056177,219.17755987747648,217.32673016097448,215.75991113997128,214.5262368090917,213.62752718418906,212.6171012511053,211.99656210889287,211.22819540388838,210.54406331538047,210.0161936564129,209.67568061908992,209.46644707490606,209.49076424252965,209.6108907285527,210.0147160720905,210.53058041893502,211.26366693036937,212.11267120547237,213.80727865542337,214.92238988224267,216.3113303011767,217.91459854231243,219.72052809702635,222.58606598053416,224.94442043851672,227.49356656695562,230.2380796135676,233.29226943663272
experiment_953,227.0,229.58006857078863,231.29891813991466,233.01536988234795,234.57411974064817,235.51931699102576,236.08222357841035,236.2218876393207,236.38250915666922,235.90978664775298,235.07549761611028,233.94831520172787,232.53302789325215,230.84205232596747,228.76842955997,226.3333088184124,223.8979424745403,221.13162622434243,218.1795881427005,215.0963769578339,211.79188524075568,208.3071275268637,204.4043364025326,200.54879141721906,196.51553445402197,192.313334341974,187.99759885460242,183.5221833641844,178.90892546795533,174.09268965298736,169.20557611987013,164.18422042572072
experiment_954,227.0,223.88839029197771,220.89344152176307,218.4579734951734,216.48866061605884,214.3219228090315,212.4512302845103,210.5815485938685,209.1203021990898,208.12833386819187,207.41355963195997,207.02377400694579,206.92297862438767,207.35248989482926,207.87589062181516,208.6993262573586,209.8834387253629,211.34659203562057,213.3602679845526,215.52877346606084,218.16357804697657,221.09291437713284,224.49486764560345,228.4755276352641,232.5884035225769,237.08486858366516,241.99400657398496,247.3621838923982,253.42853085642818,259.9339895655444,266.8853185375177,275.27924457812423
experiment_955,227.0,225.42655221007513,223.6746506554414,221.99340800231116,219.89413716165225,217.8414113990552,215.82179147839514,213.9225149191628,213.44656445583507,211.57019638210107,209.8597423340742,208.13257002083463,206.55561818589126,205.102674536507,203.7766536070441,202.59048793965854,201.54748923601417,200.65371236617273,199.9068934117144,199.18581336196073,198.7431087783824,198.45082086285367,198.30987759103942,198.31114718652393,198.4496919653339,198.7203180077026,199.15151199583678,199.77369475813958,200.38687657710312,201.0892963583679,201.88751802419335,202.78544036672582
experiment_956,227.0,224.80607626186872,222.4491189243502,220.78392859625734,219.59948455818363,217.78420858427543,216.0692572886092,214.85982087461056,213.75578457937803,213.13752115838716,212.81006086828825,212.7721601544522,213.00049826597024,213.66366652491496,214.46775630749113,215.55083721874763,216.93211673880987,218.57798352376489,220.53406349317578,222.934150729416,225.5182348066279,228.5170137122424,231.83594180948407,235.46522334107595,239.61186858163921,244.07496434176605,249.1051263803452,254.43828293641945,260.3693630840006,266.7301592455311,273.813822902974,281.77212205207707
experiment_957,227.0,226.5515762853227,225.7030601207395,225.6373869329953,226.26863004522488,226.23587928240573,226.4823580599043,227.01580812417205,227.64922118728515,228.7409978271737,230.11097351737342,231.77034360527804,233.76042454958912,236.0346361806533,238.6851752791188,241.59447562886987,244.8403663917433,248.4365360833908,252.38686141826923,256.67843165787906,261.354920605812,266.4008588109881,271.88981902905425,277.7739942110349,284.2264985560386,291.0077591053517,298.2142816993129,305.91851280554715,316.6964682301768,325.6354642279956,335.0316321708327,344.9994396553056
experiment_958,227.0,225.41111643715203,223.62788341070086,222.21921265377307,221.1312199685422,219.50388711238472,218.02676247553916,216.5649025796443,215.26610114897545,214.22580104051883,213.33617192052756,212.59281041364764,212.00324863084836,211.57352559274204,211.30581906900386,211.20361030997714,211.27539870442897,211.51773745130902,211.96798745618844,212.58866087163292,213.40449425248516,214.4220584706948,215.65444533898477,217.11822460491868,218.7901532570467,220.68053928736188,222.81418892918842,225.18040799712978,227.78987030043356,230.6485922819342,233.77336892585896,237.17573666150653
experiment_959,227.0,226.67562275926386,226.1471728643293,225.92432169977167,225.73948138278593,225.2902614811628,224.91945035612576,224.66049040188625,224.4092249324356,224.28513394398672,224.2076535890651,224.19277225725887,224.21626950061028,224.3010940331198,224.444231850815,224.86514651641545,225.1219574179664,225.46319360731815,225.95575491991025,226.42096335790666,226.953759747747,227.55954079228974,228.25506348814184,229.04041394411342,230.0310038086967,231.05897849032306,232.14723876214072,233.56418453158045,234.90439935288254,236.36972870187765,237.97116472887572,239.7730920493654
experiment_960,227.0,226.80312089246155,226.16445524327946,225.64197661998412,225.16330160981764,224.12102650052793,223.0840540027329,222.1028827573868,221.08101335358742,220.30386596855902,219.68302193729116,219.23262415849706,218.99531605652555,218.98461066658285,219.22372816072163,219.7310163689089,220.5211409253425,221.61000988825268,223.00116523878194,224.69712833798005,226.70101044127753,229.00966903161907,231.63656477045492,234.55780703871176,237.73732775395155,241.18311126033853,244.8724391409475,248.79399256919254,252.94224937530134,257.2772549966525,261.75204888826914,266.34667295422787
experiment_961,227.0,219.9398839092764,213.46421535131975,207.89899779532377,203.4218332062366,198.86386650375138,194.99927940239405,191.8355929703447,189.29978146457012,187.4979504933043,186.3208845919644,185.829613846984,186.02043140131616,186.85253449306185,188.32999078480742,190.49325502864593,193.36954336462037,196.6930099815837,201.05176533737648,206.19843754669427,212.34190897593686,219.21206701526302,227.15078665405963,235.99459363373785,246.1287525674294,257.186007168547,269.4709544701667,283.2008133045992,304.3970147937238,322.33183223259016,341.7121283225913,362.9950815253912
experiment_962,227.0,226.27393569316985,225.18102942311032,224.85400800367034,224.80503798942112,223.97325512521755,223.00931812039022,222.4611469727247,221.9444967957944,221.65324125569913,221.52414305529715,221.44709251301074,221.44895359843585,221.6129689233314,221.82156379483962,222.11132124956617,222.58918824474398,223.22225613651653,224.02183653737958,224.68331798003692,225.46578242752736,226.3479043239404,227.34721149111817,228.69465097373273,229.9947087330664,231.4614750312215,233.01396570681686,234.8403696216152,236.73416518293686,238.82893804685017,241.08109719587912,243.4799777715088
experiment_963,227.0,224.09933841878802,221.41777408437468,219.33321051396572,217.94409518379797,216.26029150710997,214.93023399439284,213.8208173802464,212.73302861676154,212.21558169986469,212.08055369568427,212.1769409249768,212.99969952551288,213.63606862595947,215.38391192069375,216.6103472823391,218.15183749094803,219.92636555730192,222.1467382120148,224.66936565696733,227.49950409428948,230.82398925173914,235.3800688331203,239.64010125268175,243.99996696240837,248.499509004485,253.44950417850347,259.12168806573237,265.41497253297723,271.83129036889466,280.2245199513652,287.4073849910208
experiment_964,227.0,226.15849786011262,224.7834939773952,223.64510012876315,223.02451309316996,221.39299816146166,219.8761438963342,218.4763026631515,217.02917837356176,215.93306217534592,215.0116586620195,214.29510319421638,213.77573251985478,213.4831828312516,213.42663070055949,213.62042623029328,214.07760417014157,214.81130693826964,215.8183359929081,217.15108317770162,218.75446340954778,220.67966682475912,222.91602600724156,225.45067162943803,228.30569877847608,231.48020905377234,235.0266250876062,238.87480960759547,243.05510617459055,247.53564639687795,252.32462965757964,257.398124908542
experiment_965,227.0,226.4594712082789,225.58506625866525,224.7172268745968,224.46089448185919,223.71764445109727,223.0524355218589,222.36783750622993,221.68573223200806,221.15296675175318,220.61207857652713,220.15126108244846,219.73837011164073,219.40374094327882,219.1495715595606,219.0724740862025,219.12211000353236,219.14641660054738,219.2712008749232,219.60554621961876,219.93936448251128,220.39219792983988,220.9676394194853,221.66590935957197,222.5105440098593,223.51924203545366,224.75327623811427,226.05099983110077,227.65583316892068,229.23237732454209,230.97753271182285,233.0431610764197
experiment_966,227.0,223.0783204551093,219.48759028417572,216.32792442514636,213.59698107902844,210.9566723959399,208.561544563124,206.44447287684113,204.33435350018016,202.78732218729016,201.23081247980548,200.26396188869626,199.59908149038895,199.21761608464405,199.42715661674384,199.60812407574934,200.10196755424306,200.958856429488,202.07094366930806,203.67737013756656,205.40368626323186,207.5830041055484,209.89306729714107,212.345770397531,215.09752423703327,218.16089958008348,221.76627251667202,225.18590768403726,229.0082361781709,233.053420706452,238.01003395532106,243.607051127124
experiment_967,227.0,226.33101243391087,225.32846002587615,224.58909731370116,224.64760399019852,224.1459713881935,223.8164538447401,223.60696682371645,223.46896679366336,223.60186945439364,223.94320725188325,224.48819242892606,225.2309690988152,226.22530609263595,227.45605959231602,228.90487713504044,230.60206907040612,232.73123784179654,235.06186509675004,237.58871504837418,240.3955158017401,243.49460103447558,247.02957498248145,250.91303900912635,254.9282868046135,259.26244866216575,263.9301713571403,268.8878093879131,274.1209605508971,279.67888876405164,285.5068874017915,291.52411538957426
experiment_968,227.0,228.20886532185114,229.27696688787663,230.22598980713718,231.68446901441064,232.94169459453474,234.16342745426402,235.55525245206275,238.43838411445128,248.0480001297933,249.8182166527179,251.61655450623567,254.33558550788538,256.24963600580395,258.1729989302068,260.086156635147,262.4653562681252,264.7093716320379,267.30065627399586,269.8527539202862,272.2336568895057,275.08309518663367,277.7696754014448,280.48538112360126,272.23249340132594,273.2785499449293,276.1838211088465,294.6077015972236,298.26044275625196,301.5950571734968,305.226361742361,308.2254878062197
experiment_969,227.0,227.84341313627385,228.20687463238818,228.19931037096592,228.6138551829004,228.26628785937513,228.01393256565484,227.53161590586942,228.192494171302,227.74246301027085,227.28311989358048,226.83440102805872,226.4135268509429,226.0676863530643,225.80941904324564,225.65159692472346,225.6232893830955,225.7080225993427,225.85029054298693,226.2442053861157,226.70639750797022,227.35053526745622,228.0764758555998,228.92681141579905,229.89733299668836,231.00666131487216,232.19316246804053,233.5999370290067,234.9763683457129,236.38263363757437,238.71901705389917,240.22772174032934
experiment_970,227.0,224.3492262527908,221.6241352069065,219.48570348881321,217.95600917867648,216.09921174389584,214.4623884987014,213.05863897738251,211.68819234221135,210.75438929806649,210.04643892254865,209.38367832613326,209.14615229516141,209.17645178542307,209.43555732418025,209.9351424169409,210.69071458923946,211.7038865791834,213.1306633855043,214.69914633024376,216.5321473444074,218.67645270282588,221.08649206008647,223.83446496878946,227.01762153201366,230.4879799566353,234.26648039574013,238.39897562026198,243.02465180358766,248.08690979943106,253.51416221908266,259.369912292395
experiment_971,227.0,227.96063251243322,228.81805415880262,229.58845093734112,231.01227846906872,232.37758502875195,233.73764381647698,235.3005439807539,238.44148899077283,240.09538465850267,241.76046645751708,243.67429615356787,255.69974109591493,257.9480853354233,260.2588820211831,262.73001611729694,265.2487984065782,267.8383795494354,270.45994302858094,273.39010927763286,275.97271131355774,279.17485826181957,281.8936216701631,284.6799365502062,287.5745370597517,290.6300530031624,293.4642088624763,296.31966209549614,299.18450975384394,303.6194440594534,306.5610308117138,309.2012939123232
experiment_972,227.0,225.58048719751233,223.64824651598724,222.52880108884742,221.48408244352703,219.41815691360114,217.77700142525984,216.21481632539638,214.80042884221913,213.44850926866104,212.10096462309536,210.83125793019346,209.61402271023843,208.46666899407188,207.38920120213052,206.39621087475044,205.46164395967907,204.6023574033059,203.81692407857668,203.11241246190764,202.48945476228118,201.9528914506181,201.69048959834316,201.32687655399982,201.2825164072019,201.1580835529546,201.14169109980364,201.26885236760762,201.5337942261788,202.14718088380135,203.030374268602,203.93391947414298
experiment_973,227.0,232.52618138192238,237.66618263935152,242.92475698587697,248.31036013667148,252.96743227604082,257.50274624954477,261.90088375400467,266.09864139013473,270.27372314807866,274.3412702513091,278.29614472498463,282.18473379183627,285.97276703221866,289.6896527884453,293.33428728530646,298.2336687930381,301.81203155051855,305.36891928651136,308.84826376445903,312.267214640563,315.67223900643523,319.0384422696444,322.3870318702545,325.6723035511578,328.93290531025025,332.1731086668168,335.3943698020364,338.5993756078571,341.7648903934533,344.95308448774426,348.0908784787653
experiment_974,227.0,224.49125809009553,221.94106670188484,220.16572896584572,218.90478482303268,217.21216241975804,216.20282248893682,215.6886777696006,215.4381771372605,215.89300377173694,217.04694497868513,218.57026991109734,220.65542074779677,223.35746520209284,226.62314500482168,230.70723476819313,235.39032406272077,240.70343335338237,246.8496120541007,253.81775755912454,261.4677214986384,270.02622893260946,279.30038931469585,294.7873882380595,306.5195000562379,319.26800412902844,333.7181005085621,348.8735267460154,364.97796111123546,382.4149131077871,399.0744122276458,417.6458427227127
experiment_975,227.0,225.59843307289168,223.78615544448076,222.34384417185547,221.46204405060848,219.81032964976794,218.22038120923014,216.74750781951997,215.53584102101055,214.1983915729515,212.94443315266523,211.7905550187864,210.7194629441904,209.71887919156245,208.7994320000482,207.61351586216352,206.96349273347425,206.34985824030574,205.82749333151494,205.41082733442772,205.1389346711988,204.94919139459174,204.96665573334894,205.25418277039267,205.40007049941264,205.9208227484922,206.85652652316818,207.36400209569422,208.00630801945786,208.77038199846902,209.65834548241696,210.7048000668521
experiment_976,227.0,228.05680362276718,228.16531913699487,228.8738053546721,229.87384110389854,229.83632175838721,229.66683270156574,229.41893942866164,230.47784351435223,230.14845483793445,229.70044809281347,229.2113990740653,228.69608383552946,228.10811607806517,227.47493815258122,226.79992461845916,226.08396983770615,225.32449775755498,224.52189378093757,223.8080752495109,222.91505983859213,221.97713441135545,220.99440971803097,219.96769352337841,218.775743826431,217.67133860525678,216.53407639808154,215.3708725640388,214.16694036310582,213.00076642287544,211.8719495837979,210.82307764153546
experiment_977,227.0,228.09740804452332,229.01822142349965,229.9960514800162,231.801843939051,232.93464938351212,234.3403569299824,235.7361833264176,238.93034156459794,240.79080065061174,252.34968070826767,254.88186393970486,257.44915263073307,260.5061129408175,263.6341375225042,267.3462244331064,270.82276254794914,274.7946989173803,278.7650738204135,283.0068229448114,287.4325498304499,293.1325113562048,298.4301808735023,302.9955335681768,307.96644595207124,313.27773101974844,318.85370796289465,324.69464040193407,331.08184878678355,337.7337839806386,344.29257827309675,350.0953043277886
experiment_978,227.0,229.27390727769063,230.97245133750957,233.45640947459208,236.59863243595885,238.91368609472954,241.3837020366964,244.07972612352862,246.98546235462535,250.09539209936614,253.48644384149725,257.20097930227473,261.0902804907196,265.38284682009714,269.85512691578,274.5968839197852,279.8241792956231,285.34057179070305,295.01286756395393,301.4232731323862,308.53598649049184,316.03339338835093,324.0573395442086,332.5368775102863,341.7447756593341,351.5406806646207,362.3767235170899,373.5374771059511,385.36050952045224,398.0989885481446,410.11190505595346,428.1614972457702
experiment_979,227.0,227.58144424876025,228.0893510811809,228.61944875454068,229.65845304535435,230.7401148479505,231.94857589743881,233.2866266724039,235.76236770938021,237.359305113146,238.9422010601911,240.6156447072899,242.3755602814314,244.38726954842053,247.23863672533145,249.26395939370371,251.4684675367393,254.23939956510782,256.2643631612862,259.08123293211713,261.5731780129195,264.307139025509,269.23763395846856,272.59394347114926,275.869150921748,279.17743947830684,282.6581114633629,288.1014682279805,302.2728394642102,306.7867248483815,310.91564365199577,315.5242857046497
experiment_980,227.0,226.48718697864342,225.89139114830203,225.51328296819943,225.7088674043236,225.69607924187915,225.93225876760278,226.40516857343678,227.06498557189573,228.1129622938396,229.4759055770337,231.2061793677551,233.29108276084924,235.76381075351964,238.62436157802694,242.0256320463954,245.82648069910346,250.0549043309971,254.79296332904175,260.0193028887658,265.8861142450683,272.18477579452485,279.1101726100506,286.5290166439307,294.61629992567,306.33361997833106,315.71108519201755,325.8853201555848,336.57173369600287,347.85192649891553,359.76369295030656,372.4023453216418
experiment_981,227.0,230.19560053661456,232.78024867324456,235.887332958073,239.42917281448243,242.24521919122907,245.0309910577813,247.8128625819873,250.52735584478555,253.29018407260207,256.04650645410607,258.83623482809315,261.6227600060615,264.4275193232382,267.27792000614636,270.1626768564537,273.0580009148597,276.012539450576,279.02387157970406,282.1385539258062,285.3408020079646,288.6624036976926,292.00917429022263,295.41926280895797,298.94288433319684,302.5719930080003,306.3412179780078,310.2306436293145,314.50942789765475,319.13945771833335,323.8953814044505,328.5958296306759
experiment_982,227.0,225.39992233294018,223.7170190472621,222.64141466234585,222.1562869524277,221.47986638700462,220.9751787941187,220.91971266542672,220.96329875431303,221.46734225599693,222.22799253406941,223.32597450946793,224.71847964631405,226.4497126112147,228.47818968869075,231.0242934463327,233.83222428559864,236.9009164991915,240.3545335771853,244.3609229080218,248.86090984792352,253.6191560292919,258.88419800712603,264.60205795460115,270.8577193961456,277.71442447328127,290.40166054529175,298.73066753638784,308.14217058276637,318.03760063333334,329.42341909497054,341.28356068740186
experiment_983,227.0,228.5821341891923,229.5849889628939,230.95115252546285,232.563962826233,233.57981961405437,234.71020974381804,235.92912937352025,237.2365476780614,238.88591024503702,240.65703640217976,242.69463853661318,244.9972678260848,247.60010322257455,250.56837110927424,253.95971614918585,257.7685857521202,261.7947540092068,266.2083109733955,271.07785886211445,276.2526899712026,281.9296777723074,287.9358542785472,294.1986461535089,305.55156939017786,312.97022588711064,320.7322168352812,328.7865645856523,337.4506969188218,346.16713215037083,355.0019959594539,364.0154446651866
experiment_984,227.0,231.63757335657164,235.90420654978132,240.72665477618096,246.16213876361726,250.5920209958347,255.13994299828698,259.82400248043575,264.5078867168536,269.4883138050071,274.6255141063334,279.9273722678347,285.4308479341097,291.1282619177597,297.0418696963338,303.2035192104973,309.9242204464358,317.01835022468345,324.38069226553324,332.07843478989474,339.73606763007166,347.84396343763734,356.36938328272095,365.5142065606072,374.6997137610654,383.91392273159414,390.5917698296024,400.44445140460687,411.3542721352842,421.97127550522225,432.8954939381778,444.2625843658076
experiment_985,227.0,225.36432124657665,223.3373578726892,221.73003014590418,219.965746404004,217.92890959662995,216.0102755950283,214.1377349685501,212.10437563805525,210.2825490866402,208.4852709872097,206.78772459593617,205.13680413681715,203.55354368463213,202.04219358912292,200.58988285553986,199.2534694221461,198.01339859063006,196.86574768490712,195.82402299558876,194.90038551103095,194.0976621467969,193.64727124419352,193.08965977467852,192.66107822987505,192.3503951292651,192.20222235471215,192.19742803740476,192.342915208019,192.64373506787538,193.1019368192849,193.72161204428363
experiment_986,227.0,223.84639996533653,221.03019940424406,218.83898244146903,217.20707555811904,215.42177211078456,214.074642254802,213.18288474875868,212.46705757328573,212.47261314807693,212.8431284740371,213.43252601722722,214.9601644466179,216.6694882076619,218.8655014304987,221.58932844521001,224.97603035699052,228.84091186415992,233.00195493177853,237.98691430697448,243.37029366367082,249.39837498905885,255.95467497931725,263.30491103397674,277.79787023718484,287.39400067631345,298.35216038201844,309.4122649889637,321.4395224542879,334.7794672334865,349.45258996674283,365.1224629297004
experiment_987,227.0,226.05273077464113,225.33808799975145,224.79968381422995,225.01763902044667,225.30351488369564,225.98380285420365,227.05988861268236,228.79505033790275,230.63936252509328,232.67723003168373,235.0819384304323,237.7788369125694,240.8841239632689,244.38739880183277,248.16197391974623,252.81952004953393,256.8704648311399,269.5659981967314,276.26635625865805,282.78095354694125,289.5752660313204,296.7497656508376,305.152864113373,313.38571153131124,322.1781219755496,331.45568928424734,340.98626103636917,351.4337280340768,361.83100059337926,373.5056545389089,386.79978119749586
experiment_988,227.0,228.21151536486974,228.86105917298414,229.65843658488114,230.90660512441303,231.15818662752355,231.48224950484746,231.87316457197372,232.19818677890663,232.82252607558794,233.60068883380725,234.566120685176,235.75220811099103,237.14641460865502,238.95999565501674,240.8780324324755,243.0958873388514,245.62079726194105,248.47182369208673,251.70980867030553,255.36279828405478,259.3054694011544,263.7385759089626,268.4449738073085,273.50079798912554,279.0615355374306,285.0596862207136,291.3782639017959,298.159535237919,305.6277943409059,317.4825244322715,325.91889470940737
experiment_989,227.0,223.77220722554506,220.57543565833052,218.03156645100395,216.1158642821455,213.77238284335306,211.8081652901716,210.27049204473735,208.80446960917058,208.0938156006262,207.8491916425706,208.0488732169846,208.7595964414219,209.93415534329273,211.42435268608784,213.8341050617321,216.59962265989907,219.95845198464815,223.94502825474558,228.73671582230486,233.88090011980097,239.96014240564594,246.44960109921885,253.6547610022759,261.610590424483,270.0860005951564,279.55927297148617,289.676903759408,300.69459333807123,319.0467463777074,332.21541136586023,346.00331119441785
experiment_990,227.0,224.8174412653575,222.40261155165368,220.46308128783772,218.9818732006444,217.02637710954426,215.28559472239363,213.74541636943206,212.07846437275438,210.97020455133597,210.06863173018365,209.40220734016424,208.9664397078991,208.77410441033544,208.8401244207134,209.16527721256244,209.77365242104474,210.66071454152714,211.83153039793385,213.31329112984315,215.13540729218528,217.25625820384187,219.75789321860424,222.57104873034,225.73895528022172,229.28743201391688,233.26910415357656,237.67050936532098,242.45323047227743,247.66115955920878,253.2957910977622,259.398714705586
experiment_991,227.0,226.8555427494431,226.55640379503197,226.81243157131541,227.346215497558,227.31331811424167,227.81807774149846,228.57737167296705,230.57430073228,231.3926047158849,232.31069389671615,233.33439046328306,234.45735192216017,235.80870248043425,237.1921805327486,238.6817372555376,240.17711211838616,241.72517755014397,243.52364681725567,246.1643574992033,255.8643751163919,258.00777959714935,260.2405893374089,262.67432408952743,264.8914562158261,267.620486788452,270.05144396809357,272.32555612445185,274.6986985385524,277.11410981330897,279.56966928795913,282.3979926300749
experiment_992,227.0,225.2508857317696,223.17956153720752,221.07268081613313,219.55699807784683,217.79172818842216,216.07611836662525,214.50440609422796,213.8029289136466,212.53600292454797,211.44957388219558,210.73986374633677,210.42218949921704,210.05544093166586,209.86131106320317,209.9150318820233,210.23243695395206,210.83701459953596,211.71874149544004,212.87450149043823,214.40258769610315,216.16084070316037,218.2354242677834,220.65317210320705,223.49411002455548,226.6906298200658,230.93115728893713,234.67208507077947,239.015417452926,243.6637089147496,247.95451136596017,253.4194095830242
experiment_993,227.0,229.30331938401014,230.87136304978887,232.80170779728246,235.0632383647496,236.5212413419193,237.815248655991,238.97188393655676,240.2631780238177,241.13659312009838,242.1056182705721,242.69620178537554,243.11322951762583,243.41291740812716,243.51255630481097,243.44768217264144,243.20877614198142,242.79533015983378,242.20141843657862,241.4230010523736,240.46109931374173,239.3131768396803,237.9455889914114,236.4423818578605,234.6696717575815,232.4993845963929,230.38910942381983,228.03271576669204,225.33968559076277,222.44719498341047,219.21866575793283,215.90919091935376
experiment_994,227.0,225.88740423274257,224.59206750502,223.97986321717468,223.9943258342655,223.51776028798105,223.15929803251692,223.1709507465746,223.2928469355826,223.7745617380021,224.48358142639887,225.43090224244565,226.62254563581826,228.03164875659758,229.68877320534108,231.54268627696047,233.63565110765336,235.95631286825915,238.5218577374466,241.38482530898133,244.4891308622906,247.8670756813628,251.51266132398558,255.39237180929138,259.60205409042635,264.12380690370134,268.90369056027794,274.9849668678536,281.3920550741193,288.3017447921894,295.27700943173045,302.8983274725647
experiment_995,227.0,227.3407489172535,227.40519538665512,228.04245600408666,229.09819867007656,229.76436061537242,230.6178988299136,231.68052681130317,232.7754237102057,234.224910730412,235.8404529610262,237.66128776145632,239.6376916627047,241.82827031635446,244.338256488925,246.90451857451163,249.6898963545589,252.67737508129298,255.91492790640518,259.368849344218,263.16864280122843,267.13628669662035,271.3567477126772,275.9747963473567,280.7115818185408,285.8303315677829,291.3182866591678,297.10448774462117,303.2468762406748,309.7583654775347,316.77006155818907,324.16850893294975
experiment_996,227.0,228.3743726194855,229.21346120679533,230.8127310890058,233.136129649675,234.818479080498,236.59064478337967,238.59113513181367,241.6527134914969,243.8904621902297,246.38167466232454,248.87975695124516,251.5229897121544,254.9720027511549,257.82270829141146,260.7929434682345,263.94721403190186,267.06376549563015,278.38781073027826,282.6374879288203,286.28631898696966,289.9698333405524,293.6993269290147,297.6186557132454,301.7102859862746,305.6311215985204,310.4492225435821,314.4712337945902,318.6999447053528,322.77474435626016,326.95116919730094,331.18668867092157
experiment_997,227.0,223.44587979739345,220.2159031772983,217.49664130387288,215.20897911960785,212.71155761647398,210.56998834512927,208.57477637562522,207.1243144114909,206.0408698799254,205.2990638265569,204.7066020360747,205.1341739167102,205.48797933344088,206.2107029550032,207.33814605953904,208.8621608678752,211.0537316991689,213.61225949518555,216.7764713241762,219.87326432913116,223.45044198298726,227.389851513583,231.93109851526066,237.65681909144905,243.12394575291148,249.18622681464097,255.50833792182277,262.36490851248584,269.74320895498613,277.764747299944,287.43401258317164
experiment_998,227.0,224.67668861971447,222.123328625485,220.46688547685005,219.25353880518333,217.24779908596494,215.91945710756704,214.9783303183965,214.3678860128633,214.2498126962871,214.4667532083689,215.12875858875702,216.12457039181092,217.55451266713808,219.37538589009156,221.940698682228,224.6442107278172,227.6478533095322,231.23688349135148,235.08687965133004,239.29437232133841,243.9887486452268,249.0517715921406,254.65244953683077,260.5721534997396,273.2847969749535,280.4384493047261,288.49372904282313,296.8137539371829,306.4265755016737,316.09011984058094,326.4790486012987
experiment_999,227.0,221.1285360569424,215.67721951782585,210.96045890027253,207.22941902922673,203.5134414897463,200.31652903285175,197.603698668446,195.2176445770251,193.4321276315665,192.08118232301103,191.15927827910633,190.66144630492704,190.56298369425218,190.863652104918,191.5637923742559,192.67988477178238,193.94466943400562,195.83947127790736,198.15027964604343,200.87079515343044,204.003379643754,207.72201421584322,211.7119558858085,216.16900287527346,221.23081488484394,226.7473887280612,232.70030343463682,239.4666212329622,246.6087310490852,254.25153462096418,262.5507888429708
