,2019,2020,2021,2022,2023,2024,2025,2026,2027,2028,2029,2030,2031,2032,2033,2034,2035,2036,2037,2038,2039,2040,2041,2042,2043,2044,2045,2046,2047,2048,2049,2050
experiment_000,0.0,0.0,0.0,0.0,0.0,1235.4080456362647,1496.639551377315,1065.0781027811377,1880.9773388806395,1579.4539249700308,1697.6812643888118,881.7744084226927,898.2451510537936,1713.891085560855,1379.7533426363036,1452.9150958880002,1605.5201493934417,1460.62843183498,986.1716964376524,741.8171625104583,1389.5212830963358,1290.0264932111272,931.820678575438,1541.765214115162,1840.5624539360622,2011.2928416273055,1404.9390729819222,1465.5944252475351,1585.2698030994402,1534.5814144674168,1481.6621901763333,1461.4727921794192
experiment_001,0.0,0.0,0.0,0.0,0.0,947.0577712341685,1827.0885302584402,1663.143318262783,1797.4518685839807,1456.0261224258122,1418.2654821263761,1426.0955791927274,1202.8262193873456,1549.7170735614247,1253.8493963354738,1102.7511026206853,1554.9814292758122,1439.4874405078135,1780.6543787077821,1363.087301488613,1575.4666715383714,1702.810193838705,1690.6415398835911,2176.9330671537796,1647.9261772247576,2026.0195028802132,1525.2203181447974,1542.2220546906995,1621.629218058446,1700.5089271186087,1366.650653969041,1801.5721686036977
experiment_002,0.0,0.0,0.0,0.0,0.0,1459.5567724018988,1405.1039347616468,1354.2514284018062,1744.2746235388122,1058.0424743413498,1437.8177936574223,129.77958032779588,1141.5978036930308,1208.2192637742642,1413.9173241729754,1384.9652012621887,1339.7567354708262,1022.4067852084222,2058.016055996013,1500.1299338344422,1676.3151331079328,1624.6116269522768,1936.724206604953,1743.3938104088277,1495.6026429488127,1646.3717489123715,2041.9875660346904,1616.9640642783722,2152.6642363576,1547.8007001476133,1865.0665324307513,2117.051065366068
experiment_003,0.0,0.0,0.0,0.0,0.0,1414.08953716909,1214.34631578051,1185.6780403323412,1457.82477251597,1836.5721018042113,1359.1932375190233,815.217127796322,1533.5122952074248,1606.5880887507722,1369.1078008806794,1603.3214326818415,1580.8478002224813,1349.2746266735214,1992.7070728730948,1721.3692594223392,1456.487982662333,1376.5920022065711,1607.2685288597768,1578.1198638287356,2140.282895204962,1676.9188632249702,1728.8129690282574,1567.0782630170122,1653.3145325079768,1821.4118981166737,2074.0136883548635,1900.3684400024756
experiment_004,0.0,0.0,0.0,0.0,0.0,2001.9255456168626,1244.9349994865906,1180.6714469051701,1417.9522750957801,733.8313760482968,794.9961028086183,1589.5194496501904,2023.3924832544692,1564.8472648634938,1300.1717875961237,1503.7202226709844,1629.1145637461193,1374.2705234650205,1314.868839668225,1565.8876539727248,1622.090955685458,1723.0848635238724,1782.5402675599228,1833.615150933359,1734.273412787144,1804.6676568208031,1682.4970970910756,1810.35179330797,1678.4213166402476,1661.769115768705,1997.108657774404,2283.900394672492
experiment_005,0.0,0.0,0.0,0.0,0.0,1097.17378947271,1392.3303692599186,1410.7302399057044,1117.3085655705406,1016.5582532451784,1889.9949196081348,1486.9792991601876,1346.1950574272932,2108.3044871034845,1371.3173146301144,1238.9077457871413,1416.6160199271208,2026.432245106254,1304.9742751951371,1729.1616423435573,1692.972059340534,1683.3914865552983,1980.2723117561234,1664.3573851479157,1769.1439028547607,1911.6690842955143,1944.8249996339023,1741.1311891940272,2176.6078761818403,2035.6295582104867,2052.3418140835292,2109.2765302404673
experiment_006,0.0,0.0,0.0,0.0,0.0,1271.1101005824446,1758.8565944376605,1397.555734979073,1457.1617752961083,1586.7357206346192,2113.6810009774968,1086.318809346101,1521.9422124105727,2238.801119836152,2174.664417596262,1821.8818036905272,1981.914940104462,1761.0212848883793,1655.1098810024864,1808.2573702810273,1606.3842011894992,2051.422554609323,2142.293020245467,1908.7775419501452,2259.0888407730345,1925.7288584624862,2162.738400762011,2511.1174365119014,2105.4647141546197,2263.7424897585647,2563.065849093869,2230.9613583236564
experiment_007,0.0,0.0,0.0,0.0,0.0,856.7510336904031,1272.6518178841548,1164.1845221634437,1648.2239086100735,1409.9013533098705,1458.5027778178908,1444.383410518189,1479.3974455344887,1445.1222708391476,1301.015312929153,1632.0186998040695,1821.1434904550515,1821.9526328356828,1490.122642773214,1860.0963281814913,1929.0791916344333,1540.1251116192893,1718.1427932148626,2190.9213063987963,2067.3953572226483,2097.27543357013,1849.9539949344144,2143.4715242640295,2116.1610700202846,2143.4942155504596,2001.6720897493308,2078.2580307923427
experiment_008,0.0,0.0,0.0,0.0,0.0,993.2706169992114,1267.923178331186,1167.7884934401523,1379.3160920397086,887.700096119682,913.5954912824945,1742.4953467721757,1197.1408505803756,1350.972678742371,1542.9658625503303,1156.0023060050598,1484.801923807484,734.9868405800246,1164.060298305897,930.2322707461917,1448.5698880917766,1604.4791732342233,1501.5683277949583,2206.898965090486,1940.7021662436562,1845.9789044723434,1851.5883247861734,1600.3857759473076,1791.5053507048099,1845.7200551182132,1832.7626628026132,2216.697565433863
experiment_009,0.0,0.0,0.0,0.0,0.0,1324.5180802303578,1615.5189809798776,1332.1600262992868,1467.4730062934573,1139.210250148786,1484.5395842231692,1371.016612487385,1652.3611265880331,1973.935137778318,1289.581254915024,1270.883397909427,1651.4173671089493,1661.5272585129874,1662.3729632928278,1761.7329846057805,1780.3322527062294,1930.1441381944182,1728.9877397416276,1625.5414229077392,1821.5132044431862,2040.9233268599742,2101.3797852584426,2039.9580572884329,2232.1491084036033,2348.57805881043,2418.4552578355224,2398.473553903808
experiment_010,0.0,0.0,0.0,0.0,0.0,1527.7870560112594,1392.7466451959294,1444.1571341548745,1220.2419723075611,1780.5169781143195,1902.245389369318,1718.8688366318622,1519.7880915454946,1019.5563405182429,1800.929459981601,1490.2731867808425,886.4425300620496,1566.9048237389939,1565.2078379908346,1713.0204482592683,1683.0787078726948,1601.4451916015646,1826.555186232663,1556.5447853376784,1641.3356665076035,1755.0710482499028,2040.6645299290317,1693.54983545041,1948.7544721597792,1730.2075645624534,1812.699511438798,1801.4312533431823
experiment_011,0.0,0.0,0.0,0.0,0.0,991.1721484433476,830.3438765118856,1261.2899778627198,1220.9827748631615,1550.744887016419,1278.6936338912642,1485.704817444804,1424.4368637288007,1497.7299080281082,1367.8848339177728,1252.2956938180796,1221.5187826729507,1182.9816434244299,1422.493819875924,1124.5336675450112,1405.3837336308443,1323.3793955534056,1716.892512865259,1345.9632807473836,1706.515562705812,1622.9298420864407,1444.9098007670475,1441.4445584615223,1386.3051032136016,1731.0548461699045,1522.815660620604,1563.0372587642496
experiment_012,0.0,0.0,0.0,0.0,0.0,1355.4717228100847,1505.8753668663203,1281.3052521702293,1872.089618255605,1652.2409167391625,1948.8558308661127,1560.8762786832776,1687.1417182635932,1379.4914609898042,1519.3383939385262,1554.285416388897,2669.347912452076,1911.402145133789,1693.6696311899564,1749.3115439122316,1726.8622484240216,2066.0595668039573,2120.452368756784,1839.2121345466066,2205.7151881290984,2048.2119723447645,2155.5609157652975,2195.407868532964,2210.0868409853124,2384.7140980540194,2491.4917904310723,2452.532479732875
experiment_013,0.0,0.0,0.0,0.0,0.0,1640.2137761618162,1072.5248382550958,1382.19732410687,1940.61596188856,1390.6640137614097,1190.7389164913534,1551.8295260443456,1314.508594247682,1636.2241667134456,1674.609169412388,1382.7674434939545,1695.7672866888863,1876.4190275349526,1670.0799150577352,1509.072600027621,1549.1444015001173,2093.8695329183834,2191.6858470464576,1777.7095934190975,1924.4996126695303,2093.2328240943425,2334.97256357031,2315.744762426,2099.578647606003,2294.1192734144997,2465.585913885438,2416.8264710826084
experiment_014,0.0,0.0,0.0,0.0,0.0,659.8999300235432,1447.5871187207674,1105.8459766367102,1258.7491913123945,1225.07776044545,970.2420173629577,1488.229046119796,1474.7485059653586,1320.798041511153,655.6858954152706,925.4350762872259,1385.5252595957413,1826.841945244249,1467.7853638503357,2160.89695788353,1491.7352484731034,1633.2852930911909,1793.1257004095673,2250.5779762948173,1822.7634143289026,2006.8439837773035,1973.7413761441123,2008.4516439840604,2296.8053806031835,2274.8839787601087,2599.2786355456133,2618.718559188724
experiment_015,0.0,0.0,0.0,0.0,0.0,1308.075019398216,1166.5590843684138,1247.3699507125111,1066.8743087560636,1367.278437852352,1293.772795530636,1553.9946506407164,1492.2871713588954,1310.3564096218336,989.6732382589732,1219.1296087692717,1602.1580919637079,1424.0334798334543,1029.6886079599235,1495.185963453995,1447.8241950137663,1563.5386074189846,1543.5271114498962,1453.999604567848,1844.9240510632408,1623.2134170148095,1804.863585577822,1369.5925691296693,988.7744625573804,1546.8969228016056,1220.2329744054011,1497.7619446546462
experiment_016,0.0,0.0,0.0,0.0,0.0,1327.6201988501111,1417.8753630522892,1242.8761329018073,1480.5763665598172,1413.9671510408166,1655.2942078557157,1215.8815475867796,1662.6244928056371,1330.925467278452,1399.471493403384,1642.3281735997768,1519.784495801462,1536.069139315673,1904.9765666760022,1593.0224003267856,2388.017594422098,1783.1602207127817,1495.977066970871,1710.0983311820787,1848.2744423704587,1687.3757157620412,1942.6603175274427,2001.9473173414456,1979.2492948446745,1974.2918149633708,1924.389224937012,2068.0315519449396
experiment_017,0.0,0.0,0.0,0.0,0.0,1761.2895103307246,1340.1695548506448,1493.941984035787,1569.9649255963761,2084.346083736679,1206.987248192239,1439.9474388886206,1745.0796008288012,1464.1347971612624,1615.016750327436,1545.8541729202052,1732.3220740953902,1461.9918771178375,1562.4226572131572,1638.3699073032687,1935.242379949907,1827.3750557717508,1909.7509774137538,1830.8492914000813,2169.145064198277,1761.3619127306265,2001.3667088363195,2136.972525114029,1832.5285721829034,2168.5042924558675,2374.673951184291,2248.6758498509616
experiment_018,0.0,0.0,0.0,0.0,0.0,1157.837893942988,1162.2774311387257,1193.0933234590489,1276.3556991892447,882.96896663496,1214.0974475568366,1322.423235054824,1687.6788952890593,1248.6942586552225,1418.6228337322254,1424.4301486679283,1314.5541602727149,1374.3265524388328,1490.2943209300777,1598.252281342507,1430.445103248679,1974.9243129553656,2068.4651824245507,1215.7987698943116,1356.464073596871,1566.0014244613674,1660.1481053491698,1682.4036197212217,1501.6524480545181,1602.345732477756,1916.8193205846958,1650.5839270724293
experiment_019,0.0,0.0,0.0,0.0,0.0,1572.1757997461418,1810.4882094868292,1697.7655331365663,1260.2809159112712,1674.314750242369,1920.3540826315907,1457.3786828014447,1702.668166872129,1489.5663695533322,2305.041585482548,1735.5149792467237,1803.5588673832942,1458.2844952685987,2149.910717961648,1722.5751891252025,1929.6759172376323,1911.7625548792414,1674.8293202050293,1601.45163323434,2073.0933913641065,2150.1929216091926,1354.3454690488752,2081.1612524447687,1864.1212965397078,1650.7556652288747,2253.305352289345,2110.6394064252313
experiment_020,0.0,0.0,0.0,0.0,0.0,890.2813800012821,1609.212003157139,961.8619340108334,1222.2216901486404,872.4524497924579,1358.6917480834516,1518.3488142738026,1432.525886836148,1663.8324836065303,1848.9827200288455,1570.7498779323494,1964.196069875386,1940.1620708251642,1758.6323393523567,1654.021800325971,1625.021299371921,1636.693371122153,2132.4241350735756,2230.916136767555,1829.108546614564,2132.0593333208626,1704.1771491652696,2060.9482455749717,1731.6005955557532,2315.0557683767365,2447.980387670109,2129.1296946000716
experiment_021,0.0,0.0,0.0,0.0,0.0,1553.726457487084,1810.9939291931387,1343.5080125577465,1241.760433779796,1780.1589033962578,1781.5680305448739,1473.8756286276182,1584.5501758197654,1609.505342728139,1618.217735404272,1452.56879515321,1502.3246807973871,2035.6186499341136,1890.4310032218123,1768.2230949502728,1818.0428779946124,1579.1065462015245,2017.060213195193,1730.2863729403448,1724.1342467371578,2029.9473640088568,1876.2884382665538,2043.8140678205502,1937.5264105928482,1934.5803612152113,2046.299711898408,1823.0192961027785
experiment_022,0.0,0.0,0.0,0.0,0.0,908.8984397196712,1378.8811848229366,1752.443717656473,1124.877485017548,1000.6005371205354,1804.074001383975,1826.6673871524158,1367.6261298526242,1310.2925884414185,1420.8178756971975,1862.2294119975334,1365.4244237239077,1802.142115820869,1636.2923593264368,1480.1250528452,2003.1400431407421,1768.7936115243178,1911.2070282670713,1760.5165826981402,1596.8766159738643,1982.700096017813,1988.8684515318344,1476.597418294697,2192.8617199029927,2250.168539417961,1980.4020832594572,2402.686005024803
experiment_023,0.0,0.0,0.0,0.0,0.0,1293.796613585894,2031.275973199109,981.4675603041562,1597.6055153666182,497.3350121415332,1396.3411083050642,1424.0888098668038,1723.9393083538748,1552.6826070228035,1920.3342474008,1497.8769629781705,1200.7342758096993,1049.1730440050962,1122.0018271607848,1807.2932402180695,1214.4137843569085,1607.840120677038,1355.8956819788082,1577.1625685204115,1682.7803681951345,1760.5623028569053,1629.6644867966636,1560.9146320400232,1668.7254942612567,1603.505233233691,1461.6814047405555,1550.7957386089483
experiment_024,0.0,0.0,0.0,0.0,0.0,1124.3448210543393,1658.4271579436663,1639.6351646039352,964.5619117105681,1682.2991436362945,1590.8672043305692,1154.1198259758899,1422.9236065953585,1732.9630050998464,1031.1154871282124,1450.381368742897,748.2012677833502,1402.5858635888894,1537.1580301455115,1641.2916734933146,1624.5235569094043,2062.5349862239323,1281.566959725278,1661.6290000833496,1836.8018170820476,1935.3055342620573,2290.911976167809,2667.4047824327276,2171.689707432503,2403.326221357271,2400.0787503467495,2445.9577161812235
experiment_025,0.0,0.0,0.0,0.0,0.0,1427.3647556768872,933.6844498897023,1617.6733157672559,1140.4863379289593,1761.6060341905672,1496.5351807620295,1526.2066997141014,1457.5311272777076,1600.788789232221,1808.5843582867747,1520.4895638258452,1498.749806232022,1143.5922412003133,1672.351296552516,1232.0779697198845,1198.6220951021885,1334.3481285001349,1548.3353208942365,2108.776076178088,1552.9800980943687,1717.0313125115395,1966.5484635171513,1996.854234951872,2160.881069974669,1918.7896904377426,1982.2265272426127,2214.2533254373748
experiment_026,0.0,0.0,0.0,0.0,0.0,1306.3004779988605,1107.913183842634,1134.7837008908284,1775.6853443418877,839.8021474670014,884.8863625175345,208.67028224821019,952.5271887959822,1264.9269622318648,1666.1692457576994,1747.2389717918145,1337.979147520157,1424.1161733666795,2122.72082586219,1200.2803702358344,1516.4154756847677,1631.1221311201418,1389.4464230522422,2036.9975649448904,2025.021597370292,2115.1819143460884,1650.4014306350193,1836.81989605947,1777.198552708684,1546.9245895535848,1973.9290974529285,1916.2221053307908
experiment_027,0.0,0.0,0.0,0.0,0.0,1179.7103561914748,1336.0912317497673,1782.313203312865,1426.6033174423576,1606.0070538770537,1960.9989575991463,1425.3626548826896,1708.9993688870736,1207.0711408571403,1195.139140586673,1788.707232162362,1864.678807586131,1376.4955931653653,1251.2069764250396,1559.3833370894126,1446.2131982230126,1627.5093014544295,1565.1799432823636,1611.629337195119,1779.9164049413944,1685.9965923802235,1785.0722651775097,1985.1679104866937,1664.252531616483,2141.473235993404,1915.199278745695,2068.2740195948622
experiment_028,0.0,0.0,0.0,0.0,0.0,1221.7966687666606,1391.9837361617097,1447.7745306946258,1228.500073524796,1495.9811578559288,1609.5783868556034,1370.2672070316721,1520.8947519826336,1294.7026260105654,1818.3599028786223,1611.7496989814529,1560.2490745429018,1236.4305207696993,1461.2723461198889,1625.5064093415199,1699.8220518070464,1692.0286153801278,1768.8463944952005,2147.8403175584044,1732.5863842112742,1743.4638690466334,1666.167898399969,1930.840336950444,2614.5344950784443,1984.4464296890842,1713.603076313311,2284.140222922692
experiment_029,0.0,0.0,0.0,0.0,0.0,1212.0397857639546,693.5615307936376,1533.2213922563512,1465.5362437247145,1048.7258875486532,1169.0423275279672,1165.6248735190545,1588.9017394016514,1634.6842106004733,1484.5907894066152,1369.8873581793944,1286.8896360174517,1692.4239284406972,1901.6798373759884,1655.7188437518555,1590.5308802543964,1559.7840515180262,1760.4904679787373,1817.5343498549332,1769.6511752196761,1607.021740338188,1923.6516634761592,1875.7307304620717,1798.4749526622172,2455.4490358272783,2444.6525255309325,2116.917669296228
experiment_030,0.0,0.0,0.0,0.0,0.0,1255.84275564484,1422.9351087810248,1484.6607435355006,1588.7044135230576,1173.8124728655994,1553.85023169751,1663.4690880039648,1940.538006682396,1806.4373398811028,1655.2004826365385,1808.167655179147,2260.677817890386,1651.758046975534,1857.8751037591164,1510.7590905795246,1904.839855692062,2035.2776953752323,1502.4909941525104,2009.0849049359904,1929.5729352047306,2100.92382590061,2296.006042912838,1901.6513046489079,1982.4490585360563,1899.007105660958,2119.5818344816585,2165.4522161953378
experiment_031,0.0,0.0,0.0,0.0,0.0,1217.5919840192964,200.25889782536188,1627.617788186395,1122.1498482310828,1365.0203880159147,1997.0963823332995,1698.2035541774926,1747.2807878789808,1410.7748493939368,1112.4548347291552,1499.6194042345785,1537.6419366904809,1557.0675519141118,1883.5490553984678,1949.2808314312688,1795.9095886326472,1795.601346589147,1844.5540034564656,2226.1810863880996,2012.2049460776168,2039.9637110269964,2162.137268140441,2164.8168168354046,2152.1049631602527,2193.588724468159,2380.9045687270027,2046.627385771661
experiment_032,0.0,0.0,0.0,0.0,0.0,1476.9127852004244,1323.2408195242645,1622.5843855133019,1776.762966481174,913.5420718200569,1420.5204050951147,1739.0903530791547,1718.3923150402907,1990.5091232143413,1801.6591739943512,1660.5876823530652,1990.8714548109756,1700.7054218431595,1138.6919110024758,1401.5292709110408,1613.2285455628232,1692.4059382258142,1597.948837520016,1629.4717789772712,1686.0489652349868,2106.407338325058,1672.1643943451706,1876.1367054428965,1904.5754561081405,1894.9871310728024,1887.1871534836866,2120.110091036803
experiment_033,0.0,0.0,0.0,0.0,0.0,1432.755822577577,1418.9704196397445,1638.0974971321102,1653.2781510869363,1488.7385594939142,1423.4343063405772,1032.6422523638037,1539.5836039782434,1569.876455965952,1164.5397005702644,1355.8913813007239,1254.6548393827063,973.9623483729883,1450.1881836992295,1101.1962865247983,1578.365957713851,1508.1891132023193,1560.527505970053,1780.0454772214634,1688.2740467978886,1675.1790851800258,1719.4802674947616,1778.755798590799,1756.024884667103,1619.2977382825904,2051.267576666651,1948.2480405378824
experiment_034,0.0,0.0,0.0,0.0,0.0,1266.9207997646845,969.658977698064,1464.230151066053,1515.6751828106615,1410.0882623900343,1639.9106401877657,1863.7975712418531,1727.5214549431423,1863.5108043315386,1394.1710311661993,1769.6450048839597,1866.3993106059906,1696.5327567597005,1403.0166875940395,1731.0236459931461,1788.362139524594,1804.286312970725,1695.9915926708768,1711.60291124182,1803.8885927790514,1925.891092793231,1886.620411208137,2190.537937473763,2626.0010174863837,1828.992610123393,1907.9601003329483,2113.384990208496
experiment_035,0.0,0.0,0.0,0.0,0.0,1347.179466765905,1554.9399286000266,1279.5500393292568,1136.0036973410006,952.9885618626984,1172.3921201171604,1041.3797176983826,1482.5976853692177,1420.0026698008685,1215.4501614016358,1247.2442841283967,1456.104787585868,1380.4396682565337,1093.5971739571887,1722.8940086671146,1674.243724561033,1493.7092788609277,1407.7598214211093,1250.3591562641507,1923.8827101148493,1550.9683575080205,1890.023014742902,1832.1022001270048,1709.262400797531,1431.3958983811028,2331.645864459085,1950.0644408878522
experiment_036,0.0,0.0,0.0,0.0,0.0,1442.3162251593492,791.6788919210842,1106.5811258742915,1573.0950473622952,1985.9168524613567,1427.841048076444,1758.4224240064455,1548.54406117278,1716.4547904282779,1940.8137631471172,1727.2899032253167,1690.9241587432793,976.3496595923025,1274.513785277201,2087.078948658487,1567.2071019030998,1667.4017553585222,1680.0574438770495,1647.5997020615232,1694.3954300642195,1858.4252620095233,2278.804281648987,2037.8048533920366,1817.0918860713396,1798.4546254161028,1865.406838021792,1866.1510704133113
experiment_037,0.0,0.0,0.0,0.0,0.0,1375.505336295964,1803.4388704142198,1807.1911030155752,1980.4935260227544,1650.7929211410703,1713.9093618990316,2002.5840892304097,1873.2188958524707,1987.4850557947975,1430.8729342173328,1726.8386873888498,1634.613709299155,1484.1694574557498,2082.580362805729,1254.1233051103486,1768.8508008438666,1783.5435381164298,1636.8888900194672,1750.3450944551055,1512.7802806396958,1798.053951118464,1742.9179231004669,1786.4426782663504,1799.0049120762296,1634.639505824368,1715.8002804465036,1674.5522349668738
experiment_038,0.0,0.0,0.0,0.0,0.0,1183.4892231670253,1548.222296469874,1606.1995019635401,1739.025106224563,1525.1865339662331,1564.5000448050155,1644.1223797018347,1539.8890915742872,1465.7106142675655,1611.8507026067507,2121.748865176738,1714.0941637493743,1774.839400782726,1792.8379475147285,1887.4890072241024,2061.9338126576927,2568.0888341737227,2317.0626691138377,1757.5873269892359,2358.9605400525606,2115.239133032309,1772.559343765846,2389.4820875777204,2351.607237335548,2400.900555483885,2385.2866101939567,2518.4183449107736
experiment_039,0.0,0.0,0.0,0.0,0.0,1835.7718873163185,1653.9833094570088,1069.270697851546,673.1401646422145,1619.9606158950546,1864.5538997313993,1617.4931353533395,1483.6706982751016,1545.048717418481,1677.4940557265263,1562.8390385047378,1593.8513842229395,1857.3162213887865,1846.2433674961517,1580.3315772238002,1445.9139290919709,1905.8387515949726,1433.951780150131,1832.4169868572108,2111.7673867366807,1999.8796360305182,2096.425745811947,1872.922177802673,1991.6336002340745,2363.0016543692063,2329.9050292485317,2352.625016170207
experiment_040,0.0,0.0,0.0,0.0,0.0,960.7888454172594,1273.6018968982892,1709.3601859968169,954.3328772526943,1306.69277592857,1521.7000342426809,1468.7421992783277,858.524606009612,1237.9607445524089,1218.5310923795384,1685.2091872952542,1232.6174830337222,1825.655228796644,1507.705066334704,1433.897139528024,1525.7310043888504,1878.5289379241694,1650.4171824836624,1695.7989037600908,1670.4168468446182,1712.7261243270225,1857.2951314427314,2120.5512407910724,1796.4239794830205,2200.8831908778075,2043.1111302697695,2293.6085106541764
experiment_041,0.0,0.0,0.0,0.0,0.0,999.8670964156381,1182.8336255645163,1787.4551974436936,1407.697936417674,1173.521167823022,1235.5349773809628,1076.0933621403362,1413.0597494769468,794.4985627822488,1292.5589046767973,1535.2634469646136,1435.1447916385064,767.0308671264138,1610.2147409394167,1356.851891995253,1295.7641361821507,1648.9651390924878,1507.9175208721733,1391.4884783895286,1102.0066108054964,1602.1836729769273,1527.2191452628263,702.140985009101,1944.1782572592422,1688.8661038126859,2565.0835281143627,1941.9539625684038
experiment_042,0.0,0.0,0.0,0.0,0.0,1562.9713195758688,1800.2154440067025,1389.4259600941768,1138.1600472452797,1596.4582638137267,2037.2866938435818,1352.8201390786144,1479.6980188574903,1390.010905632787,1789.5452381802975,1760.7904686570878,1933.4108945892824,1181.8561403302972,1606.4338482330486,1821.571881970005,2045.4523675558194,1631.4807409396753,1945.3416148274066,2269.3083660898765,1817.2113120547888,1999.2286350515715,1923.6829282227327,2385.3347739757933,2282.2231063704844,2231.5309023009668,2067.0343387193802,1758.3072785167576
experiment_043,0.0,0.0,0.0,0.0,0.0,1536.277093542727,1393.6374505545446,1141.0577923745782,1846.0506804871684,1234.9776555795374,1129.9400904909662,1436.2376235598847,1225.9422318676764,1436.5456033744183,1391.0843991286965,1730.0852617580301,1572.6734753209275,1297.3316829477674,1333.2753310481457,647.6554274017137,1652.7801557345006,1738.2515996809216,1727.014859316355,1306.4099209547464,1777.8490161534842,1866.9838322925116,1913.2178295615795,2086.358764734523,2014.6266533433604,2078.52052347117,1887.1852305089012,2131.2596484273777
experiment_044,0.0,0.0,0.0,0.0,0.0,1592.9040099131712,1537.5064767820372,1631.2017779245978,1520.3197601763309,1553.7120178420698,1790.1353342352877,1707.9174488357621,1948.6410279483139,1461.9824812995905,1374.55811889287,1713.4712220340125,1852.942091197352,1803.8551474859205,2058.768732652381,2135.2321751883796,1943.2448969869204,2215.5917190834425,1846.5652761503843,1835.0137511328342,1954.017674398161,2038.4515516049337,2044.3336841236421,2471.1802606829488,2068.278957349935,1891.8916242872406,2634.3426715890278,1915.781528355928
experiment_045,0.0,0.0,0.0,0.0,0.0,1009.9910178050092,1515.5088565358055,1377.0589127697376,1657.7557424912234,1495.7827769563364,1854.478861717641,1579.8074590823228,1586.2627096135077,1608.0685414624063,1905.8516391800854,1580.6155050658758,1842.6527196175746,1942.5959283373586,1874.5236045957386,1329.126085012028,1923.6393578746447,1984.8951310641767,2019.9323498477784,2220.6547189569137,2005.8819283935422,1731.0363583612602,2392.604370075226,2010.2533398443543,2220.8046481276965,2249.5830945553857,2517.6724411691835,2306.5192547821234
experiment_046,0.0,0.0,0.0,0.0,0.0,1256.9171804730363,1070.8314174526133,1060.0071405839512,1255.052929551312,1526.777146605864,1517.0781343599554,1243.3404934794137,1588.8073189631477,1573.8011906616457,945.5201395273818,1624.4158395567908,1415.2128445033627,1057.932886951593,1377.911888152732,1577.67330189896,1619.172170433888,1448.5220037879685,1732.3132140966272,1701.7587636696358,1428.977293571781,1704.6599602165002,1919.550730457201,1740.4079105382636,1850.3102924359478,1668.7408850277452,1936.6105247906519,1651.607631129939
experiment_047,0.0,0.0,0.0,0.0,0.0,1698.7327777847527,1169.6485877816417,1021.4727499891769,1012.7789483375687,1505.5047837501754,1618.8102126110402,1188.260734696814,1705.9761075859226,921.3996518022038,1381.5462694375065,1502.0301823464192,1230.4158006512557,1586.5768438586756,1692.6030980906369,1632.8202874685094,1477.8462830146482,1662.7884487354331,1768.1938602569921,1495.167796566584,1646.9164682227615,1351.8758172093635,1736.8743269797535,1651.283133725131,1925.9916884903203,1902.4216057890637,1916.2641102363605,1835.143630325434
experiment_048,0.0,0.0,0.0,0.0,0.0,1258.8872405934558,1322.4806319728357,875.9783911776577,1475.41738538181,1347.985212308141,1028.829693944911,1136.2334520009797,1247.7375296084579,1833.4134680724228,1621.6499258115339,1263.2893206082067,1591.2485479880645,1917.3777555114154,1436.126647618008,1358.1707941638801,1030.068128099142,1579.069517715545,1912.9934515308184,1594.4229090602944,1594.5999678452372,1588.6252633834958,2043.8473881618272,1912.1569868417987,1902.2550314646523,2147.9721444205593,1774.6262006675943,1768.5832510134828
experiment_049,0.0,0.0,0.0,0.0,0.0,1402.6892755982012,1195.7040432368717,1575.3347391558477,1640.514466489898,1546.9500978152864,1283.4960242066572,1810.5033143756557,1767.6319038652123,1737.6421765945254,1807.8091581044732,1776.0815162545355,1603.5006950777024,1482.2912321241597,1843.0202225202665,1703.7547322487208,1852.3997988442989,2014.4711739238521,1466.450102108349,1912.9902595762246,1799.3105280726356,2134.758446299074,1882.502484405669,1925.5705219005165,2029.9124623864247,1274.796611254898,1675.6387499700086,2080.37264319025
experiment_050,0.0,0.0,0.0,0.0,0.0,1611.7542819453306,1263.1665374253257,1513.144596936854,1572.040776557611,1804.9283962224288,1697.652703868119,1128.0009526343306,1839.0300827700257,1411.2308757161654,1694.9884641678846,1511.213564511592,1658.6662146622623,1740.1075032464526,1802.167959043758,1615.4012051160921,2148.967946535814,2144.5809239700793,1842.6064319415318,1702.4429565721011,1865.1290844007576,1854.6079121275234,1947.0944688261384,2187.924355403883,2017.7304430576014,2124.471791124064,2170.829708443044,2088.9313614067014
experiment_051,0.0,0.0,0.0,0.0,0.0,1267.2141644253797,1400.4973849697594,1605.126760901205,1525.2187524441683,1454.5610308369266,1296.2688914227751,1317.9202263783263,1598.1715275419997,518.6718063389345,1598.7182225446654,1525.2323859749717,1273.3797518518722,1393.8187641077593,1509.9468694184761,1476.9670304318,1651.4570250637557,1670.727500407437,1717.2803283659764,1314.6985267745129,1732.225558984465,1768.8853886032593,1754.5847927684633,1788.3301233866066,2135.894536848389,1893.276185522153,2085.7982039173576,2116.877786425941
experiment_052,0.0,0.0,0.0,0.0,0.0,1100.4203720251842,1182.8946441915919,570.7056152181773,1619.707715838715,1508.8064474389207,1576.4457252949228,1626.254538940248,1431.3900777110057,1665.5684450406006,1335.1588865816207,1767.0098205593763,1586.3751905780039,1680.4770505082338,1075.5728208056937,1320.4322342793123,1642.5493476824065,1298.1781330012325,1458.9092119748218,1422.8192805313379,932.7152627038633,957.9865277398704,1465.9436491080164,1700.4847516160576,1710.7141002442695,1379.9603282702294,1380.2552808818693,1484.535199113352
experiment_053,0.0,0.0,0.0,0.0,0.0,1015.907734066256,666.2940753624791,1242.369137724129,1395.1900678128127,1676.8938573890955,1181.9100214648706,1461.7861993971028,1373.067160808995,1279.0561543266772,1242.389503507021,867.0560830106967,1593.8548465736449,976.6850494268016,947.2133676511808,671.1819094766306,1307.645515826347,1261.03383543366,1764.0894467903925,1430.4549286558,1549.0784440359996,1583.6946093980284,1356.8204091335544,947.8705057749219,2571.344110046466,1403.7839641238613,1838.0003195939746,1784.3679179689811
experiment_054,0.0,0.0,0.0,0.0,0.0,1546.2386585986367,1114.4310528626283,1606.4424210275897,1619.5286935836268,1631.8617702716354,1399.8048724750324,1456.0636241902785,1860.2294698225464,1735.3912794972775,1513.5121617810862,1856.4087814429124,1509.617422968507,1837.0604242723336,1909.0127125678248,1898.2267156812645,1808.1074104970837,1762.0676161331562,1858.7020034681984,1595.9423260922897,2085.055658739329,1896.3998257959274,1796.8620345392715,1887.9676057210122,1916.2225926364786,1878.4847297364788,2060.5594306779385,1917.9594214424465
experiment_055,0.0,0.0,0.0,0.0,0.0,1072.173782475465,1224.1293910668794,1596.8989358574759,1269.0460119506695,2306.377731868331,1840.27228873714,1964.4990009962805,1850.4923624062726,1899.0440371896452,1795.4055030197092,1527.303113069851,1793.3690493270888,1682.97060312826,1761.802610065356,956.0888818109879,2069.1700635813245,2016.7117731536528,1788.7764913941667,1444.5902658580262,1903.4038071377543,1641.9633221032464,1486.665584302561,1154.9789696509515,1871.6794280509712,1494.0008163308125,2034.681559560876,1718.1414198990428
experiment_056,0.0,0.0,0.0,0.0,0.0,1335.2446877395728,912.9376778394951,1347.2562386039242,1174.8225685602542,1483.3938268618906,1584.7830255684785,1565.4145444275377,1744.5223874992748,1940.1029472422138,1688.1310268906395,1844.956028583446,1725.372154053443,1994.2539218245283,1850.520136764818,1456.5620912047725,1831.1998896242535,1874.1228504583844,1432.671230512859,1974.9872561203651,2015.657407791749,1822.025152156491,1908.0067911570534,1652.674165892003,1942.804201080933,2322.609632716783,2112.8025889054916,2210.820079157578
experiment_057,0.0,0.0,0.0,0.0,0.0,1340.600952266254,1586.9276925234105,1314.821911195722,1643.0078956799996,1874.4621098142081,1524.2331663343728,1695.2264675797915,1693.879374023206,1585.7594692648686,1243.6644438815674,1613.3669201161615,1522.448003666749,1813.4877923902911,1995.3606673510958,1937.861934507306,1899.4264925537432,1873.7942470992957,2252.405989156836,1695.9631116770324,2432.745552089851,1738.4061152185677,2133.0029557346334,2003.9362624318248,2058.271555243659,2472.8022039400084,2521.5330912414247,2528.5380760184944
experiment_058,0.0,0.0,0.0,0.0,0.0,1541.8454564358597,1441.4340472438037,1403.0132965173625,1589.1467462319126,1274.2739323015649,1888.9090424632454,1853.037748352633,1858.2687230182628,1502.9538563039782,1755.7872377060974,1761.4589959519255,1424.0427838142775,1867.1351861075832,1841.3835759469127,1588.9969383496693,1650.8620086007213,1807.5618905555314,1623.1609619532953,1770.907421271052,1572.6755049576434,1617.6266777955645,1851.5904557444571,1870.80492215369,1650.792760060677,1911.0039198953737,2091.1729594205494,1861.1053819446263
experiment_059,0.0,0.0,0.0,0.0,0.0,1206.0692166595327,1132.2993011100737,1231.1802111000695,1305.5428154667827,1463.6034722668046,1689.0465493164313,1111.437194071209,1421.839345818062,1224.0471085520405,1083.46673341009,1247.1740443312747,1114.4207466116632,1275.3532016249153,1291.038313879143,1918.0828296796221,1552.2890056122937,1452.111843686694,1468.476418406703,1465.2595219378263,1585.2720430418751,1776.7879697044223,1147.0672566015471,1054.6423526012309,1518.9829913876656,1635.2189378541675,1575.054362012234,1474.613691510711
experiment_060,0.0,0.0,0.0,0.0,0.0,1247.5739331030718,1426.2717705532868,619.8175432740057,1496.4357667676113,1042.8414448436051,1023.1861807959106,1536.3017170364003,1541.9618629276079,1465.3942197747333,1176.7591692643932,1776.843334317087,1042.6695442929863,1370.298665345152,1389.8083240291967,1671.1284852974009,632.9291790166931,1790.79380029754,1267.9115965795509,1757.3568422809685,1912.4666204547955,1724.4264732060647,1766.9537362239266,1755.1198474270004,1791.0553282600972,1961.0995123393623,2304.045514736643,2033.1991015466358
experiment_061,0.0,0.0,0.0,0.0,0.0,1135.4342469808212,1318.3818492927835,1109.0583291231783,1371.3300319223981,1426.7854929610785,1797.9989384055502,1513.3221689595061,1787.1834576360175,1435.3053963724976,1709.2062271538423,1843.450011560089,1599.5788873712445,1480.7745158279722,1291.1090444847732,1633.1580947692114,857.4576517233669,1491.8475847084449,1616.1239176321092,1711.5090420228153,1696.6242849102337,1279.2352079750617,1904.5209077866746,1625.0275072157035,2252.9952023557157,1790.3789751989482,2179.216149123903,1774.3244353486593
experiment_062,0.0,0.0,0.0,0.0,0.0,1382.1818028985506,1212.3529026266156,1727.1145380664625,1177.4733445264515,1770.5813214366676,1456.5174270237733,1481.3235466911246,1576.1770306404233,1172.8629862007194,1377.0906747452407,1526.5310362154753,1813.0259509013074,1529.3303727631828,1706.388712314035,1157.9683604166835,1145.7708536484351,865.9615592775333,1442.4445483279687,1273.929659926557,1331.5795275839796,1491.040991317316,850.1813298906784,1599.784683673142,1406.4025110522286,1566.408502169683,1289.9954894699038,1699.7191162712656
experiment_063,0.0,0.0,0.0,0.0,0.0,1257.1966231366016,1248.9516210950774,1681.1806562330403,1071.0812685327578,1461.1368677612622,1262.3686395787302,1386.3164465509526,924.7078885876813,1078.351989977606,1316.961613701221,1393.398202537642,1489.7486411456102,1672.476610924453,1325.4693418367824,982.3897931619899,1777.236043850765,1134.9631729349674,1793.5473795915768,1520.1882569449601,1778.8769653703503,1539.3675664680331,1558.4628393298915,1202.5006489161565,2070.0588884735926,1540.1833119305857,1269.8892180984499,1560.7892164960385
experiment_064,0.0,0.0,0.0,0.0,0.0,976.8229699224394,1271.5428637286177,1191.7997756915227,1271.8317459262114,1320.4155077997375,1292.976131654529,1957.7280524212738,1892.9857033019089,1690.366032856677,1513.412537396928,1474.0460592142706,1866.9891796581055,1168.8975939168347,1582.526092669274,1197.7675677272111,1446.1359107940496,1507.4477204249058,1444.3547558381458,1395.2209860523035,1671.0793946887597,1594.6207095564896,1235.3050018564832,2153.4792038370215,1946.554967728644,2024.7331778277428,1742.5852931461686,2063.371552942565
experiment_065,0.0,0.0,0.0,0.0,0.0,1232.918965496472,1222.0377973983375,1562.7237160239667,1633.9428305614642,1499.5110880843745,1650.4556577835415,1323.151882658065,1476.0467292794788,1674.7189621365078,1546.4525026724173,1515.634713645392,1628.5587928236655,1660.6035397767541,1561.0384844467203,1773.4407297165817,1389.936679935744,1894.628418319212,1578.1382439639779,2251.523585152738,1661.6399955496865,1758.7963295031786,2071.185557406205,1909.7722338209862,1775.1823205244805,1942.1133338685217,2236.09541016005,2468.592168009187
experiment_066,0.0,0.0,0.0,0.0,0.0,1479.5417403988354,1507.9177807533706,1176.293202440992,1084.0667950079098,1601.1786512578801,1228.4163053867337,1227.4840118603317,1385.424111607323,1188.9136023055503,1519.529782053241,1188.7942489116217,1714.491138943577,1553.8165129454492,1156.9491996855022,1340.39849958774,1360.4402675587792,1799.9181126013095,1748.916376557539,1282.861029742181,1809.0889328662815,2279.187159644772,2213.0066544430224,2054.374581820063,1971.052678432213,2720.5615152535256,2165.400751388872,2322.385341694625
experiment_067,0.0,0.0,0.0,0.0,0.0,1406.4459772842981,1342.9483643587314,1303.451597631229,1502.9312534018065,1037.1478336804964,1192.1954965204889,1536.4705761364737,1304.4596482822149,1233.100798016871,1395.7880286551795,1369.3844623666023,831.0966543562787,1534.6054278270235,1701.6629831364874,1527.4842489668376,1773.0381093935116,1769.7239028977872,1784.3456518028934,2007.409000238942,2042.029033162764,1910.9512167517687,2129.571385127835,2143.6139713087114,2395.710891828166,2614.331523200459,2296.281799346593,2137.548439451867
experiment_068,0.0,0.0,0.0,0.0,0.0,1143.4402243196068,1311.4226380210137,1270.5507758833783,1849.111149474923,1267.6053244033174,1935.1529474492165,2089.435503197717,1523.7673508905868,1798.6940256801472,1515.6397240363178,1792.7719547728832,1343.521238761297,1678.4243944728657,1575.6608704351397,1493.0695373301883,1812.6445811250085,1770.5701504066478,1552.766139136536,1823.9139076063627,1957.6986836509695,1883.1213424768857,2000.7834700754136,2099.970256780038,2130.8298219010935,1869.6712319984267,2799.4080913766293,2219.955704377296
experiment_069,0.0,0.0,0.0,0.0,0.0,1362.1935246364599,1191.2403760931752,1477.2146575548304,1168.4389362648114,1413.426760446599,957.3546855872289,1559.8941047649837,1335.8418853971054,1419.4024126902605,1398.5268553657734,755.0496813890537,1580.3406514241938,1405.9715090917182,1406.5303662348715,1838.8507915679247,1262.763157370919,1570.6734749268928,1185.3495156919548,1970.5006169761664,1753.578941385897,1890.2568025034439,1967.9561455543762,1666.6513168531483,1998.5677688326634,2306.47276887242,2374.229061318331,2335.118633591557
experiment_070,0.0,0.0,0.0,0.0,0.0,1336.650208692843,670.8885367581772,1100.91974821226,1612.5116465832784,1049.2506206901644,1410.4048148064928,1720.1412818310896,423.5716423135275,1401.153101078672,1516.4683230964956,1567.6416274891544,1134.637006667346,1607.2665321397153,1388.4434688310191,1755.1374476253905,1428.6967907869184,1868.5134029849883,1639.3060085712564,2109.74692468158,1663.742754704431,1994.2550750450741,1959.2197006209806,1968.3054582000145,2293.536868934186,2473.301353743612,2314.961852717083,2359.3228881486534
experiment_071,0.0,0.0,0.0,0.0,0.0,1569.8444844038809,1371.4871023039907,1256.1372881905545,800.3812313229716,1274.2543850002803,1993.0680267823664,1274.1905536475858,1600.1937111662075,1903.470239195387,1800.63983164291,1433.4688853461626,1797.9383739002278,1698.1882440264421,1575.1640659966897,1775.8871423728465,1679.4988573435721,1569.351723817284,1756.7658975609024,1678.4654967980127,1846.8009355938193,1912.9291885412877,1718.973232714988,1720.212359563492,1773.5108515996346,2002.4248908484235,2018.8437151003338,1873.067519221198
experiment_072,0.0,0.0,0.0,0.0,0.0,1332.9632479719135,1142.0211333506527,1283.9043104101952,1743.070482805585,1140.7288686769898,1242.1180646367775,822.315848400485,791.9256918978214,1332.749399485544,1011.732175100397,958.4833824325717,1425.3419171429628,1240.2637794730833,1790.9766361005215,1692.8773975632378,1601.2480374889321,1714.2447759763418,1666.7431163871752,1768.1227358857495,1190.5155170153066,1657.4044487769088,1960.1728159882541,1771.249027649456,1956.519696079687,1850.5511849888737,1855.2931917541894,2125.526229663575
experiment_073,0.0,0.0,0.0,0.0,0.0,1238.4765439537523,1661.8291341923598,1805.4935411027518,1509.6916351120476,1380.689206638511,1049.4022355057568,1639.0152601343668,1450.8004776611133,1649.1212740990397,1615.0666181083188,1567.0733724682623,1735.4108718694906,1509.8902026185433,1512.9847497836777,1672.5460732668698,1615.7599579123425,1489.838227998313,1637.8188726436197,2012.813045045805,862.253944091909,1521.8996024021017,2042.9427875850379,1777.477494297567,2011.600201161361,1644.907811939412,1555.0647696679835,1619.5027338196123
experiment_074,0.0,0.0,0.0,0.0,0.0,1230.6073808680824,1257.8225614597068,1031.061173146936,1021.9424037512279,1633.4262663439963,1431.8619615845535,1043.819453518693,1371.166275961316,1098.133516995957,942.9170294711164,969.9534327617221,1943.83000950818,1316.0403060534209,1451.2903858379343,1529.2777567198314,1687.0022058121608,1202.6017692398573,1583.5863764544856,1620.6209124976656,1825.053813961226,1982.4350115463276,1842.42926941404,2132.594468666455,2046.269240831392,2311.8650098438366,2305.427992517666,2857.7750084778095
experiment_075,0.0,0.0,0.0,0.0,0.0,1261.5140481107044,1032.6998914177377,1624.075357772258,1069.8058417211528,1617.8020258404672,973.1064672203962,1669.0830235073745,1421.3464154008248,1578.9262142832174,1146.2242198348292,1169.527876858201,1171.5191590016902,1526.2994738580096,1429.3177169053338,1100.3598196938187,1163.508886558595,1800.4622112854695,1780.9936314596396,1181.4634899814355,1404.0306798485897,1566.7090462614951,1381.114825744751,1485.4522883231555,1295.6236903392069,1432.3504321558103,861.4277029551041,1581.247617334595
experiment_076,0.0,0.0,0.0,0.0,0.0,406.10875715589657,1287.6326607452884,1146.3228870180692,1278.177277649589,2014.7334144115098,1379.2679929969838,1338.29758862802,1336.6168992725447,1626.1806072845975,1572.2701188515816,1684.6149339133283,1529.3568143531595,1317.0278728964154,1237.8145859785063,1600.121295681747,1549.838881688161,1836.1891663023766,1357.5004393037934,1602.4935482185915,1714.2813861109826,1475.882405126798,2015.0129288414096,1227.4359439576388,1708.9322158267641,1736.1144784371088,1857.1304798696929,1752.9034318054544
experiment_077,0.0,0.0,0.0,0.0,0.0,1177.2002196880799,1401.5854510976935,1501.8577736479883,1604.0616967617505,1582.5108631991743,1694.7628098985622,1566.4532218141967,1664.450182693062,1477.530355435098,1782.6734482628492,1677.571465952154,1444.6075970821323,1506.0398442757396,1226.1422849439684,2090.8402073625502,2695.663870727215,1490.7544073200743,1676.924558712682,1569.0937875491836,1675.282679316634,1561.6033188695842,1551.2031111952228,1943.6473596703827,1983.2809374951894,2217.074209225468,1950.4176206895513,1946.0497451168414
experiment_078,0.0,0.0,0.0,0.0,0.0,1652.6008229986373,1175.6488703564398,1470.8397834752511,1396.7667187555894,1596.3696039387917,1644.5497034518403,1166.2982919627527,1395.205938575672,1524.7347979530196,1187.0426925715672,1512.4943305483985,1633.4846927059723,1659.3007031776526,1735.888508661324,1855.9291053492207,1461.300383175109,1448.2383555101214,1829.7800707750434,1743.2134803514534,1776.1027146456117,1988.1165933212383,1866.7113466500675,2003.5287076802992,2045.7504527446015,1897.8773661242765,2034.8074775679588,2257.410150638544
experiment_079,0.0,0.0,0.0,0.0,0.0,826.6852379814493,993.8844344616042,1461.1801384432113,1107.5892364870892,1233.885849458225,1307.672948480342,1698.4400416617875,990.6971362210403,1358.894631346463,1458.0611293273303,1326.5496833630154,1864.7695864716409,1180.6792501176894,1021.7580171686922,1638.7561219215183,1259.5937891497579,1388.298362835132,1197.2283318841353,1166.758703319206,1390.1974954304324,1748.0072480097133,1555.8462003592426,1140.0631379387466,1849.3947214414866,2039.240845734601,1233.9763965652323,2043.7393287242085
experiment_080,0.0,0.0,0.0,0.0,0.0,756.7729141617774,1282.4875128909612,985.2098464226563,1349.2865349412068,1267.2405422704262,1287.1297216163189,110.20437290726753,1698.2535130488723,1323.76489920418,1337.7492653611926,1532.2833650881796,1239.9247504877944,1286.9102998991393,1583.6774144730593,1242.9363808906915,1461.706296063229,1465.6950154220492,1740.862500231417,1153.971789289744,1070.9606971689875,1415.600632733741,1641.6861884957352,1678.2104733220135,1547.035847343287,1657.8653417963212,1638.7464957105674,1644.7623918167437
experiment_081,0.0,0.0,0.0,0.0,0.0,1166.3990113246302,1066.4972872006438,1421.486454611294,2505.055415811251,1592.3247249901513,1011.3994527886723,1194.1107632610835,1427.3243652854133,1225.7341913620305,1222.8154852987939,1367.866581723956,562.5786310526887,1793.302254181534,964.1195097945979,911.7547165491036,1725.9436826558765,1457.0098296553185,1706.8289591800544,1847.4340738307271,1713.0319267405052,1103.7035897951935,1484.3408075731747,1888.4053737375948,1882.8981789400561,1485.593979366738,1737.030082674437,1941.5480470784714
experiment_082,0.0,0.0,0.0,0.0,0.0,1613.5529193596292,1920.1995414814346,1532.712050811224,1645.6549170266053,1783.047003708435,1340.5112942453202,1516.6871986821163,1701.6611802825396,1908.6550215848165,1044.944998232624,1665.2657783206732,2095.088078044961,1857.3752057142806,1594.1515551589025,1806.7811468296582,2026.6998179010984,1714.957749586432,1754.6413532013808,1880.583739776997,1852.6316002889318,1862.0870330362857,1830.0678565112098,2000.2364819675622,2462.217101241143,2373.058773983656,2087.8234110132025,2238.436147918414
experiment_083,0.0,0.0,0.0,0.0,0.0,1312.9521601463093,1382.0573506288963,1277.199404868901,1375.0474358134265,1493.3550270648695,1444.655374847156,1282.0280720743713,1522.3288611144435,1602.0644221901123,1708.4065284090937,1656.0762988455601,1785.337333589348,1770.7091324041362,1814.8547760314018,1659.4050242864068,1742.6777541553815,1686.2491521195518,1940.4281061267477,2108.869660225548,2210.917446230372,1821.7615154543275,1747.3061239662197,1845.3898741760847,2214.0237873801784,2086.588868165183,2172.4082721274376,2273.3596125462154
experiment_084,0.0,0.0,0.0,0.0,0.0,1547.6362833012022,1441.5199910088309,956.941325964247,1536.0023626490047,1087.5437179484054,1083.0393385124617,1658.6782264185317,1216.1147729349357,1596.7306184861586,1608.0519614134216,1661.6040455222717,1708.3176755305908,1365.6072019596206,1599.1450217857837,1262.0532321259877,1900.312376764338,1185.7957859486737,2025.2540721847545,2104.1970082976345,1624.0668879268742,1955.6939602700245,1942.349754824256,1972.5386165450936,1983.0134620607396,2083.224353286695,2127.9813793759936,2184.603934554605
experiment_085,0.0,0.0,0.0,0.0,0.0,1926.896369619844,1239.2487023715305,1802.9299248444065,1055.9200818695406,1550.0063040330167,2027.806059270183,1508.9910235121956,2291.496734305373,2211.426155636883,1460.0329856040894,1638.8540335726318,1460.1340820740431,1952.7063225346972,1663.87062947728,2011.7497291670975,1563.4401231470272,1831.0633727288555,1594.7971027875988,1742.662025672355,2072.0130526543544,2108.8257230635218,1890.5774223169396,2109.0469444805494,2079.3886243782154,2118.5277460263956,2621.3047407257172,2239.5065375651875
experiment_086,0.0,0.0,0.0,0.0,0.0,1298.8848264123571,1056.1143968111446,1498.9742700974057,1209.3160029769429,1613.6755234144398,1637.6808670855007,1617.1531491318183,1769.760315002534,1934.6902132833616,1731.0838992514607,1925.0914518606396,2063.7804868946205,1796.6726515263686,1799.7459180853402,1648.4600321839162,1739.2691272603463,1726.2394758345802,2212.7863609458996,2339.97757916577,2455.556643007771,2597.6738684558136,2508.2147432960182,2565.337148987942,2633.364677318622,2895.7677641421255,3172.435432564572,3331.722325873298
experiment_087,0.0,0.0,0.0,0.0,0.0,1070.9251065038175,1107.2984590979263,1486.012538874235,1620.7110577568997,1682.0579068024226,1680.0685488305196,1219.6692391905472,2103.7003549188094,1460.4042261108902,1525.021832030196,1893.0988071647728,1821.4409868466419,1598.6358805997093,1831.0129179987548,1900.5141789649488,1642.5184565618151,2109.8235152041093,1690.405494754209,1820.231054506133,1549.7439748197987,1908.3447107936067,1912.9403897703432,1613.6801327399703,1900.6041857501996,2043.1657696600587,1688.4038379339038,2324.6129828331127
experiment_088,0.0,0.0,0.0,0.0,0.0,906.5681294088854,712.2522554782927,2221.732051543561,1579.7752167945787,1421.6710336322742,1197.0023699158512,1047.193039246135,1186.0372198762236,1746.8660090688325,1252.7544179739234,1022.7837363926127,1730.2775805472988,1258.8641957298464,1452.0646434954751,1438.5149481398564,1604.0268364453082,1566.6519283100768,1545.854502355367,1651.1317932380496,1571.2645732240117,1550.7978284388414,1199.0516052401554,1768.0392853085423,2142.440659717271,1860.9089123711856,1826.314611577273,2072.903867755569
experiment_089,0.0,0.0,0.0,0.0,0.0,1379.4203731942553,1597.5361341541884,1895.1885665092243,1582.1518033067368,1553.6224397558312,535.486924054904,1559.7601498672614,1672.817040711458,2117.3224239723136,1602.6776411333292,1997.6923622173958,1768.459477145242,1712.3697970702233,1429.3362824050546,2018.286913396333,1956.1008253118548,1828.1207971627723,1776.5546619395498,1981.6628324362664,2018.3383715580726,1625.456946313811,2001.7799760830544,2499.2346529479714,1973.7453738424485,1773.81397396872,1877.4756215768766,2156.62072472221
experiment_090,0.0,0.0,0.0,0.0,0.0,1356.650382977924,1190.5829542789788,1404.9096606802082,1747.3166405761492,1677.140047703258,1357.9073813671666,1598.512835893986,1348.6524936628489,1915.599945449259,1049.9481555020748,1992.340114326891,1284.38643711925,1656.54220827574,1239.754786709827,1602.7611972477187,1666.7816588763221,1312.5628469360597,1903.3310781656376,1514.5292442642367,1887.8323369312343,1439.7470200075963,1480.6347258685892,1649.2578078701677,974.0542033717494,1711.8908258326562,1768.959126261283,1841.4901863399818
experiment_091,0.0,0.0,0.0,0.0,0.0,1179.326561350083,1642.6717988620142,1506.5863905795404,1676.554909221019,1753.791684231488,1592.1635794304657,1770.9038699715666,1693.2711606117578,1569.0649766662068,1586.8364970487014,2021.4481078760023,1386.4942422939935,1653.768015325011,1694.3525768075588,2245.3210997253955,1773.3954313185134,1996.1300454247107,1592.1613200855118,1973.7275006489467,1998.8845967848906,1969.4385087977487,2389.2806961812666,1651.0989778523758,2045.4783709674243,2072.7821834786155,2017.9533371779157,2093.259947675019
experiment_092,0.0,0.0,0.0,0.0,0.0,1308.251695690579,1729.412631118299,1511.7825605102823,752.9598114261714,1404.8418766206687,1655.6758575505842,1678.659719938942,1828.86825089911,1031.6771897612298,1203.605033430722,1750.5082803845987,2006.2077529946052,1688.9554422653096,1780.7011184483,1764.1156400989184,1992.934922124325,1872.5270548829544,1955.855352895487,2153.109449864272,2194.7717150390313,2150.303947838587,2193.034555091645,2032.2638066857323,2134.9570091127016,2171.771905989025,1768.6416857310282,2172.468879408028
experiment_093,0.0,0.0,0.0,0.0,0.0,1391.5887942247534,1715.0943470483357,1647.2731216111488,1762.0937326008966,1376.773902119107,1509.3108417460267,1573.3258408207892,1433.8873392741182,1711.8999201408496,1386.6560261464592,1856.9165915768294,1931.4454080006847,2003.446235904389,1794.2009725672954,1934.3782877938652,2489.452386609913,2148.8681124799705,1830.6352644615454,1951.607046457631,2235.2278213559925,2025.3733399478176,2631.4680116741783,2477.8512526104373,2951.6952943542356,2162.2092377306108,2532.641508472111,2455.13756108704
experiment_094,0.0,0.0,0.0,0.0,0.0,1509.6313233720496,1563.9338794611303,1945.7759521604708,1821.7558482983486,1216.7672459408966,1899.2331799671633,1914.287895559865,1675.0688226677926,1813.6219563889283,1109.8780255057113,1789.7330332381466,1544.637069630028,1760.62598288124,1878.9522522291181,1704.9683438728746,1803.417934781969,1690.2239227447794,1825.2474075964867,2080.5021389128133,2203.8764072506033,1982.1517231068592,2010.4932642339277,1783.3564327466768,2140.006753827608,1728.9912674250863,1829.2830062171545,2315.759107017922
experiment_095,0.0,0.0,0.0,0.0,0.0,1303.7147894872132,1321.3475578701277,1471.0923556706502,812.9474769715172,1323.122681824398,1385.1904144045825,1331.0796185556803,926.0009940994456,1540.5355767466556,1639.3396763745427,1805.079110682192,730.2658055353523,1947.0953215340298,1613.4915263855044,1702.7166869620407,1637.0074645926045,1650.4099910352547,1751.9213778143426,1802.2592754300294,2007.1263603083719,1824.3733572698989,2228.7546609350916,2267.1514256604078,2060.7717782023547,2038.8564532975618,2065.5772976783524,2470.284639457563
experiment_096,0.0,0.0,0.0,0.0,0.0,1324.830316026257,1490.9128723335996,1577.2123205344474,888.6857530022735,1282.5820317103387,1035.025735283723,2172.323628608611,1522.2046601746829,1669.746891892134,1763.4943566666134,1683.0571081453609,1681.7419750077588,1444.3620415045796,1539.0510828938775,1632.854695596362,1306.9442565822853,1920.517943236109,1530.430983169786,1449.1727535578757,1481.5060709258535,1316.0148421885456,1403.1761528252664,1302.2280217401799,1523.3726783100028,1151.5957935172,1646.7056641177705,1209.175529141539
experiment_097,0.0,0.0,0.0,0.0,0.0,1229.4212156806739,1681.7651972069436,1585.4442323303128,1453.9555810249294,1389.0945705381089,1758.5999566935893,1344.2977567190396,1633.3308745414963,1782.353591863622,2648.902059200308,1917.2638209425018,1896.2370981712634,1975.0647621246944,2403.1455330577014,2318.2175942926483,2310.964158932905,2273.093995229935,2372.7701325640423,2488.581147869316,2637.6762148453768,2272.8151016203733,2484.1056424731933,2439.5906869793275,2386.4217393709373,2447.1673750384184,2787.310117141605,2794.8863788494737
experiment_098,0.0,0.0,0.0,0.0,0.0,1670.0075852341706,1413.9414668088816,1497.8500397717437,1296.6674634147955,1496.6239239999888,1403.0337592721037,1024.828677715073,1515.315035276457,1765.1798831070155,1566.6194080103592,1466.2790503666265,1720.008610015495,1783.0922665783314,1440.4503121971643,1581.285044394339,1719.110998224719,1777.7900045719705,1893.44571100234,1721.764386863861,1987.2980226591058,2265.74316262596,1933.6237985451326,2076.5985840961835,1928.4479500587831,2179.516280029855,2447.8992909535755,2505.517314908697
experiment_099,0.0,0.0,0.0,0.0,0.0,1254.449501907155,1203.6325187520483,951.6546808673021,1302.7032487545519,1879.0336655281112,1195.4695800589716,1639.2240299605996,1143.7229975572666,1763.745613179681,1651.6696991814022,1145.2300310096016,1247.7600484091772,1297.047890395073,1594.7678852854758,1907.8638451260433,1317.4572338434155,1125.9854198246944,992.0460917847795,1577.3398266736776,1530.1590131255796,1972.4426664211587,1766.4466561621457,2170.1261419152065,1917.400022294262,1944.7239000791087,1689.7892436363713,1993.298193351986
experiment_100,0.0,0.0,0.0,0.0,0.0,1444.9215367051079,1209.504848634417,1385.6778972361021,1332.8451188284596,859.1233980501719,1666.445833402142,1674.6845078931372,1790.9569591710583,1403.234604066052,1535.888844297292,1375.0581124491393,1518.8955332607302,1154.7548229440292,1620.463971528544,1740.8783935218948,1507.9628450327425,1506.9724052087663,1668.8960179581286,1348.5997411464095,1774.4696475431251,1312.666726523153,1811.5769558615516,1558.301580219914,1532.6510358832156,1271.8320570394262,1220.103532944613,1213.3854764139442
experiment_101,0.0,0.0,0.0,0.0,0.0,2245.664643395942,855.4098635150266,1243.8679936555532,1361.2034870306843,1037.7961412782965,1432.160969786388,1541.3280403533356,1371.6919713514035,1711.65324759008,1240.726468705913,1922.1947144105927,1470.7926135989082,1169.2022033686726,1218.3666046619444,1434.65778456671,1587.3631623692763,1259.3528361041685,1590.0677092756764,1388.1303277006639,1482.9901656867535,1790.2898650254706,1550.9283381724035,1724.306264872804,1602.5253065067286,1609.829906985571,1472.4309573147373,2086.7849943478136
experiment_102,0.0,0.0,0.0,0.0,0.0,1231.3184145018076,1378.6687559997056,1786.0742246576792,818.2250703346319,1672.8859140552208,952.7791039392414,1644.6396401350166,1268.4378407528304,1686.0233255667338,1852.063193370426,1476.8694069029673,1454.9273889783044,1012.9721374466727,1531.4782708160394,1796.5815678318218,1862.7359739889557,1761.815109847862,1739.3136616930326,1951.8253203419458,1980.6226981221944,2103.5484069395006,2155.478544090509,1754.4673332775901,2178.80341208641,2086.453185179909,2474.9158046293696,2431.406163631992
experiment_103,0.0,0.0,0.0,0.0,0.0,1456.755398519592,1501.2523373677518,1168.2114296151879,1354.6665945293737,1569.9611127663613,2318.0099550991285,1346.3002530551971,1449.1035580267635,797.0248240380479,1786.4963487294276,2010.203836709217,1846.4957759729286,1810.2032329109925,1680.161995753143,1633.6798983211734,1838.724709349908,2000.4712391010653,1996.9287032799289,1739.3248131698047,2381.4093639440407,2070.0326351951044,2125.791141732477,2194.861126681873,2301.4796754834215,2162.0205502947874,2477.0130290085435,2625.220557714638
experiment_104,0.0,0.0,0.0,0.0,0.0,1338.8455555075216,1200.931747905538,1382.2390903413436,1600.993269552917,1743.631798402061,1534.87368237174,1161.6157023387736,1334.522072850982,1428.1941841247135,2018.1970734419135,1323.7606442828892,1527.8826145819987,1751.9053181086701,1767.1784206339794,1578.147758877634,1753.1203663813976,1898.8772385579518,1855.5678810955123,1765.533873386729,1723.6907199435914,1859.8827574479092,1941.3767077878128,1659.3213804830648,2208.6941712924277,2035.2618288210329,1989.373581586862,1940.2179514454022
experiment_105,0.0,0.0,0.0,0.0,0.0,1659.215267644699,1525.0482127737444,978.3799958614991,1490.1481345042685,1190.1745743532829,1384.3816069778268,1489.8227816113927,1914.6874963350847,1715.2628284287766,1765.9716660344243,1660.1226851458446,1589.1227024260816,1947.8128592413143,1581.3664419459483,1888.9689854735675,1935.3153626241442,2030.4925055122878,1861.3441521260745,2103.770332008047,2150.362879094638,2344.076124823857,2296.058384881956,2328.8228464165068,2545.6180848001613,2615.995429732374,2564.8572967866617,3025.4261215425495
experiment_106,0.0,0.0,0.0,0.0,0.0,1208.827270129496,1291.9681072381593,1203.5906542593189,1463.0926775172193,1215.0355327341754,652.9080008374652,1403.2039741206688,1046.5703069134645,1749.3777253763337,1823.6988551534073,1461.1720917069956,1708.0016841380993,1547.4872783625754,1662.1149030520824,1480.0384931730407,1317.851474144058,1130.9446445693861,1153.7425154248967,1566.728352088326,1530.9118540974991,1330.1504293829491,1432.722738433742,1702.2850741457896,960.924459957123,1608.4726077127114,1501.4693501398435,1697.898948096477
experiment_107,0.0,0.0,0.0,0.0,0.0,1588.1194380237712,1552.1590954791463,1457.7680895741823,1178.3473134832652,1437.7082384654746,1872.0616743454543,1635.0870112044,1461.8924818680186,1269.8002019309104,1273.0496847821641,1304.6722887306366,1527.8544107900339,1661.3894650784428,1698.586911290312,1466.418098146783,1664.552992603686,1256.7555593313991,1789.4287498361305,1854.2302640556431,1211.3397500024157,1521.2907447328082,1770.8129638300813,1787.264024734862,1478.0290460997371,1869.902130475345,1636.6981853157029,2105.89790022138
experiment_108,0.0,0.0,0.0,0.0,0.0,1079.7852935568505,1380.3835513712966,1418.9468443900644,1447.1993084451751,902.9841209349894,1626.8382927489597,1582.1572707414912,1970.6643242386197,1063.4417154384614,1563.4540655452304,1741.6375088952695,2005.4215996053726,1854.326102510662,1596.4519629376432,1733.7741004197806,1987.2907879353904,2589.183262550545,1431.8398343844976,1853.0780993042813,1743.979771304021,1932.895496307739,1725.695390746017,1720.814403598758,1500.4045630115243,1713.728458115062,1473.1620780324872,1333.2954606950448
experiment_109,0.0,0.0,0.0,0.0,0.0,1042.319460965867,1496.878462611117,1401.5120217688732,1687.0728236003815,1544.6267173162619,1529.751563143523,1511.2716509794684,1299.1794459397277,1211.8188581449133,347.0916172201105,1346.1049789896344,1515.5352656198165,1228.9867899088006,1014.4648150711085,982.1242411624546,1377.2935621994175,1289.8121033716966,1509.736663051391,1347.006733921641,1293.434953342639,1357.263078367213,1814.7685054136136,1855.6834115663805,1479.835528270793,1542.9976507184374,1572.7313266561157,1634.6650050033775
experiment_110,0.0,0.0,0.0,0.0,0.0,1561.6070371777446,1865.3140235452295,1364.5128335673826,1630.8135001603218,1746.581983463749,1668.1679355713952,1451.7653529617187,1638.695787314974,1701.1301816995883,1414.1361903939626,2257.4176312752775,2082.080868792616,1541.1034292717452,1802.3808838660616,1819.5733674983858,1624.6115775321782,1878.7004151539793,1812.640900546322,2619.132125753643,1782.3593481573942,1779.6347251213422,2050.1306652838957,2285.8954153001964,1920.0572483714493,1869.8170054598343,2015.6625390838205,2595.451426929262
experiment_111,0.0,0.0,0.0,0.0,0.0,1151.3841944505357,928.5679878991948,1321.1960916243384,1443.4792365296712,1282.2443952773256,1605.667640169319,1688.6083172293859,1589.1608801066516,1057.7795823282809,1147.8970747243668,1001.6808939849246,1878.2337700025632,1198.3024618875993,782.4000937923088,1811.5159002050004,1609.8621745545734,1595.6073021278762,1748.4976635139583,1690.187503804641,2080.8912830373147,1335.852879632486,1979.9682548997919,1700.1297006989428,1948.573523735982,2163.7922371677905,1761.916722940362,2135.7357259572436
experiment_112,0.0,0.0,0.0,0.0,0.0,848.7680007185027,1508.5829549605546,1610.8665529999264,1610.095379515124,1364.0370292094312,1804.0226158111996,1434.9764641148531,1714.8804052366902,1617.4143866828251,1778.434438622981,1792.6585783617056,1383.6094227972565,1649.215985471811,1820.0893240361431,1980.1635011063208,1693.123379489212,1204.9960350132196,1626.6390707870578,2074.3178988928908,1724.222482527151,2125.601260366664,1852.5979262434068,1776.17035617821,1878.5044526989327,1938.2939497961167,1982.43171793557,2264.9537501059135
experiment_113,0.0,0.0,0.0,0.0,0.0,1410.877628086679,1611.8772909285008,1170.1738655399147,1504.9306305520877,1766.482411294079,782.6517548476676,1478.8720397214415,1113.7564231102333,1671.6872380055142,1481.757328069288,1485.0952137580482,1591.9056801969305,1579.3395015353508,1215.348274270555,1605.5497861005351,1099.1290186056626,1911.1761514460973,1457.943787410793,2042.719205111087,1830.5234466300071,1891.0347206592337,1736.334458610021,1499.2371272697121,1580.082088599921,1592.4180597259015,1810.148157338291,2076.356266094169
experiment_114,0.0,0.0,0.0,0.0,0.0,1381.1144268317576,1923.091245745571,1088.9618713931793,2002.6189861384887,1803.062909133293,1790.7543102044006,1222.043023823328,1951.3085069795104,1616.461053430383,1275.01775894582,1821.643413648861,1764.117357315923,1941.2525024873587,1828.176466182617,1750.0648051404567,1698.4465393379005,1744.4931182272169,1660.037630697232,1568.0887567053003,2417.632951261924,1958.758551167472,1136.9508913383265,1564.3728521738894,1731.0550212959638,1409.6519186934318,1610.8873364493008,1477.8966350479943
experiment_115,0.0,0.0,0.0,0.0,0.0,632.7015758206963,1173.1564203390108,1342.5337335461227,1317.7282237277052,1382.5622587713742,1464.9691795683384,1381.447148880135,1631.7017917686994,1338.9121132452724,1393.8621722332289,1336.8426216740131,1666.7212516442987,1509.687237564346,1330.2679759356677,1561.9790856879742,1595.116475658123,1232.6759566077722,1746.8429972934982,799.2641510117509,1677.6132947882215,1417.9238664107647,1288.5914021265507,1449.4505171801206,1257.2686661487876,1437.175286522552,1974.430661725596,1595.0625067285987
experiment_116,0.0,0.0,0.0,0.0,0.0,1250.3428191833457,1705.8291467489496,1452.5627791170627,1554.3837552168666,1136.4285317665128,1384.3654257897003,1998.5148475696435,1045.525566043739,1043.6855298586604,899.3559202749509,1274.5328898141092,1291.883322157781,1916.5597583808456,1212.8815817298714,1842.4233523344417,1422.5903675299296,1462.651166310597,1662.9252412948201,1263.8020526061591,1552.8510626530333,1231.838682810261,1803.2629175876814,1987.8430416074536,1997.5687059771544,1712.4873812484843,1481.00339587501,1811.2096276614368
experiment_117,0.0,0.0,0.0,0.0,0.0,1291.379502828183,1345.9800168389108,1005.9802361937901,1774.6610011137177,1197.8273928983897,1636.1334085138183,1526.2709782123416,1508.4279832514662,1608.7645874201953,1410.0411052477173,1514.8026627818178,1565.224233595336,1856.6626711577994,1699.2051101098073,1768.5392160230415,1143.8593509099753,1706.493970297637,1922.0968100393006,1799.082558578716,1610.727290746448,2154.0492066812876,1448.3256252209476,1471.357135064436,1878.8476453131332,1991.7249602633071,2086.199403237359,1971.6844791066592
experiment_118,0.0,0.0,0.0,0.0,0.0,1757.8688899429608,1359.613699025264,1053.244719474646,1376.5797193017672,1652.0511760859417,1721.5276855349014,1839.4840883914171,2014.6864472325371,1725.6916914122878,1521.6824918816678,1775.7593542814063,1418.3778043774812,1462.6219151226592,2151.0046969868304,1449.5378735209151,1582.4730664392475,1844.3362418885815,1858.9549808949396,1731.5237172429433,1756.8091251954297,1390.2627441578445,2033.1120598878708,1529.8445818517898,2109.5448187229676,1580.7926795847798,2041.6504257422612,2117.8939276784095
experiment_119,0.0,0.0,0.0,0.0,0.0,1037.4175486303322,1087.4748133488315,731.6520932194444,878.2662923559442,1478.7412152626168,754.8732279147406,1468.2582432638933,1337.8403780335505,620.3513985142956,1313.3150847057586,1534.784236617621,1139.9137889633118,1886.09161334406,1471.431063749233,1673.0186987865825,1402.0923216523963,2305.4955783016853,1552.3162810166743,1599.995215217637,1620.9773754007858,1567.9345762660646,1782.5027554803191,1988.110272655952,1885.8068433885926,1789.6605888988943,2025.925931368289,2137.8184594734735
experiment_120,0.0,0.0,0.0,0.0,0.0,1496.856721739657,521.5993218098656,934.6977827263254,1359.2884640156658,1370.3597293807065,1498.1759683255295,1423.1226784484797,1074.633171679862,1222.271718827448,1614.810523849475,1235.0319760891653,1136.6150148327097,1187.515833180636,992.4716831008853,1306.258492006919,1903.715197335829,1732.4493234830086,1840.437815821328,1690.040173016033,1670.7450881681702,1906.495900169965,2092.4759922641356,2391.7147924759956,2077.617175836048,1840.2613165592925,2267.106215618754,2054.8382212158676
experiment_121,0.0,0.0,0.0,0.0,0.0,1498.1428514581353,1863.4184100420675,1381.364343824667,1498.165358059684,1741.4718394320682,1608.4845756773827,1498.6427430562778,1453.6746176501736,1497.1031322005038,1323.1684489141282,1192.261467839309,1622.7716288499132,2150.508113400642,1811.993507474064,1571.890829811804,1751.589060342139,1848.5001515847039,1826.2117353381882,1794.6855255324647,2049.4229277607046,1739.8278483527188,1826.4928412647193,2180.3209320517153,2297.2773520534533,1891.9694780651087,2184.4156661755687,2266.535773568686
experiment_122,0.0,0.0,0.0,0.0,0.0,1424.8265947160205,1665.8941850441222,1281.6838598113377,1568.04659464209,1425.3258905605333,1824.121927705987,1977.4277279224511,2019.684439064638,2031.8208660458026,1651.3463446458093,1111.300306401908,1335.8408921480534,1638.8673801384546,1663.4438683607996,1248.238842340752,1623.397489426365,1533.983757895271,1131.433800455519,1702.5289157591692,1972.2153291659886,1560.4497206884776,1366.6737060545734,1330.1669383175126,1668.3426371130543,1536.6608785831513,1565.8363999703083,1744.944757539192
experiment_123,0.0,0.0,0.0,0.0,0.0,1531.4816766963995,1551.600055280041,1171.1162251420378,1447.642525538914,1534.4374394400213,1942.0602094397736,1415.784302448435,1831.0233136998818,1301.1940683548758,1430.486971013279,1774.4380268235625,1394.0852726904238,1689.4444076486388,1656.8981973490536,1715.5326986832151,779.9246247204716,2102.5406900523412,1429.9472314860948,1735.8081421475913,1841.3267983724618,1808.182678826765,1665.1101990270724,2080.3716277649364,1684.4795091377632,1712.0666094087053,2328.863557898777,1954.5035388889492
experiment_124,0.0,0.0,0.0,0.0,0.0,1347.008579598029,899.0068785912275,1290.629467992711,1593.48849303041,1204.2187403273597,1648.4842285571299,1805.412896125087,1897.1111207521003,1780.024456741111,1994.6833089265801,1620.6554644596438,1702.5949015742567,1671.6036876072922,1685.2012166086474,1456.8510515915216,1717.129388951325,1935.4707922708815,1815.4656358877326,1894.1509009572203,2085.6206865148833,1701.1777204216532,1858.6592829232568,1971.7173262606384,1855.4961095265369,2075.6324086965487,1789.831821613559,1725.3794810590623
experiment_125,0.0,0.0,0.0,0.0,0.0,1588.4153545575455,1349.5042395708751,1477.76263989339,1432.2973066788963,1187.988868511005,1836.0949970514791,1715.7559109141116,1564.1642714781253,1821.89452540632,2061.3546952269567,1915.909560494068,1726.903731159391,1483.3212403935197,1748.4734446030147,1716.755141051149,1878.6254771805743,2212.070687174963,2317.1867443781193,1731.3006422416859,2141.540346452408,2272.9830051831027,2099.74122026817,2151.5611480435496,2372.629917123098,2499.6841923916745,2631.671955467883,2488.2705940450505
experiment_126,0.0,0.0,0.0,0.0,0.0,1244.2147191851457,1083.7131381712643,1336.3316145832189,2189.4558233648077,1476.1006531040455,1540.6726751001913,1646.0758003646065,1748.6513376364212,1291.6920502987205,1608.290426374248,1858.5208502097685,1470.9836192187236,2525.792668277138,1337.0142747128843,1998.9895777493896,1799.1414434324201,1987.173422390778,1733.945113605494,1527.2863383817835,1918.037231258847,1200.1518681632415,1484.8271226044235,1689.7322186208246,1652.3967502959472,1775.7848056333937,1582.8536193229302,1650.6524026981808
experiment_127,0.0,0.0,0.0,0.0,0.0,1238.1604176499088,1159.9127029284482,894.1353993503958,1462.0096843390502,516.1150325047612,1604.3652501791205,1268.9637129496243,748.6534204946358,1388.8593194406858,1284.8687834414281,1609.7562707763002,1646.915520244447,1822.0677000719766,1610.4377558430294,1918.750381604125,1830.1384409181944,1447.980288894752,1539.3088174743384,1880.562985788975,1777.372672487139,1916.2711188710446,1899.1613104638475,1950.1419974380092,2340.2386233323723,1763.1525119955088,2027.5541039948798,2038.0302000174431
experiment_128,0.0,0.0,0.0,0.0,0.0,1896.1422422183891,1664.596758984703,1809.2503311182143,1719.9188095362397,1866.840021275235,1823.039391282506,1948.0736152301336,1787.6430502117473,1768.423631464511,1754.563106455166,1630.7671946963776,1848.493485168084,1697.3661846112382,1757.391934517975,2058.8457219221696,2000.8450028933948,1822.608232679526,1632.4634118379786,1535.3281728197103,2350.2028222796835,2025.27926691346,2081.811567918689,2316.545301622067,2109.966563847242,1865.5791382443354,2235.014894538959,2187.1588521267827
experiment_129,0.0,0.0,0.0,0.0,0.0,921.9098298011907,1638.922213843618,1348.377328723734,1931.678743435155,1687.423409888585,1861.248315011388,1291.7527453345676,1746.9821391972926,1836.357854689737,1462.1707598550447,1342.4731984658831,1622.5292813391982,1925.3005115788797,1885.5147396411953,1677.3793384820185,1861.1813880784566,1984.503155572761,1730.3666639353464,1229.2626044770027,1712.8003770899772,1920.9682103747427,1593.9105623302496,2084.3169692785937,1752.0044295099815,1980.664188330722,1835.9676517814198,2210.7690996664915
experiment_130,0.0,0.0,0.0,0.0,0.0,1280.4104389165225,1431.7008481050839,409.24212925077217,1216.456468489865,1136.5805171476334,1162.0084986072761,1153.011700941955,1083.1173813857085,1389.318618198315,797.0824321751506,765.0147826189929,963.6551029986375,1590.6667449442316,1101.1809481195485,1276.944490104003,1234.016181295869,1849.1991406887705,1689.1477782366255,1616.4753853014956,1630.541747391832,1656.9727853158,1638.8202284386703,1668.533055189309,1842.325799988726,1181.0480839489912,2023.1964490789776,1753.5703444259175
experiment_131,0.0,0.0,0.0,0.0,0.0,1729.2753499749751,1593.7484762728482,1677.4968029651345,1172.1427935379872,1509.5459446191649,1246.9030488029882,1427.1452913474018,1805.3977837331952,1666.606317622701,1574.9866451404869,1341.5417781947153,2041.3557937078667,1785.0421730595983,1644.2748730445082,1318.3280979050335,1830.6784924302672,2193.8777978357116,1955.032296157814,2178.5569127303256,2336.8952620573627,2233.995255145381,2422.937591292763,2633.782177238152,2458.013994195806,2393.2015713305623,2627.840562641015,2709.0641511850417
experiment_132,0.0,0.0,0.0,0.0,0.0,1249.6400047677541,1026.0781020768982,1234.800469397112,1289.9141079487515,1171.731523447606,1655.353580219125,1212.9856079201604,1256.3674484784085,1385.7237832293608,1399.4327743126235,1108.7097379484085,1263.6843602302338,1746.5166956123423,1671.6412349868324,1811.6857082794197,1606.4900956046054,1431.9070603844389,1532.3832586875383,1901.2489774514784,1717.4314926907182,1545.970015695611,1579.6847871896439,1516.2072461698451,1506.1217606419893,1722.850116767102,1609.8528855795169,1864.693025041844
experiment_133,0.0,0.0,0.0,0.0,0.0,657.9226136016845,1061.2588310541623,1119.374930054445,1617.9643536616422,1190.0480851237162,1436.1491659554395,1384.7006254589558,1548.4099827527298,1741.3649011638265,1341.4573976681722,1400.429968058586,1515.8154788217985,1430.3967060649147,1653.5522389252567,1994.2404079682692,1881.9755040493617,1819.2743633407858,1744.5931294124719,2004.4503725410036,1887.7917217247298,1895.2178791220392,1900.4267930765395,2990.6057178677434,2500.039717053387,2468.2453379203507,2242.6420730179634,2596.9053534650825
experiment_134,0.0,0.0,0.0,0.0,0.0,737.5957630306507,1014.8936709723964,1301.5482293404523,1492.1001136937625,1609.8900631742792,1690.4325697958507,1641.915560601276,1373.5623097368627,1412.2445640324177,1539.958289355383,1116.9782302584902,1595.8784619575179,970.3680028370876,653.0433551621272,1462.3102428531856,1801.6000123643194,2005.0739221627236,1694.8720953709017,2115.025208631592,2010.492642952335,1582.1709375303858,1862.854515966604,1857.078163173967,1609.0668766357553,2078.6579549648004,1732.8796216731794,2067.006793632548
experiment_135,0.0,0.0,0.0,0.0,0.0,1493.9532668565946,819.8818154719168,1188.9337399725925,1281.0436691707505,1368.6934278149288,1125.0643149382097,1427.4097323182248,1376.331235030076,904.4555616876069,1170.556182334347,1442.7391251463982,1094.452810034557,1641.3005286725743,1602.9658098807242,1744.840197543862,1484.1323987405374,1583.040170301238,1774.2950314265033,1555.8069241894946,1522.739448034984,1419.0179535173004,1705.0615435371353,1742.1617124647858,1703.3056864419807,1949.3656206490896,1630.9653242619572,2094.3697521924287
experiment_136,0.0,0.0,0.0,0.0,0.0,1635.0318179702188,1777.5652969696418,1472.2612258917932,944.6887890097958,1501.0227799476374,1475.3810406252546,1833.334588237093,1701.7193418019247,1546.5781448083335,1449.0509165014646,1446.7104106810725,1249.220245395989,809.2376043161373,923.7375248223416,1653.0727644375786,1041.7934273853607,1444.5971258987242,1441.7847245283247,1538.5543796397,995.3228080813196,1342.887900956285,829.0016630488991,1241.064108577546,1572.0752115897399,1794.3273721421203,1293.192497649027,1382.4684793360161
experiment_137,0.0,0.0,0.0,0.0,0.0,1426.9421395894803,1411.4749534198475,1598.1493828483142,1574.7582937991065,1713.770202324412,1566.8367212844296,1558.778078502789,1183.149389575485,1724.6721694805572,1723.2379988553957,1678.1831773887734,1890.5566082917246,1678.4059802848642,1635.057572800169,1733.8729255474968,1572.5780455959086,2402.060592727409,2044.0910301239405,1776.586544801126,1649.0819522854215,1662.198750462569,2070.571959558008,1380.2984018396637,1752.443733632818,2477.3815828470792,1745.716212106081,1551.384072122816
experiment_138,0.0,0.0,0.0,0.0,0.0,1800.0005597766476,1573.7590630606403,1756.7538782397146,1594.8110959022554,1411.9556748883952,1649.8827692997043,867.5962700834459,2033.4039290701076,1558.2710091246677,1227.892172434363,1309.200129588947,1954.2188637110692,1659.2857902790033,1473.8950690300064,1959.54793032133,1743.7350250615104,1791.1415470718225,1005.744067704398,1551.7901417210662,1855.2948303472485,1584.635587020711,1753.5567511433312,1682.6651714189231,1368.250655937218,1395.8414712599265,1752.6513901033206,1919.2137757537478
experiment_139,0.0,0.0,0.0,0.0,0.0,1563.1484745640932,1378.729612587198,1608.1475947641281,1383.9445755176373,1663.9330054681868,1219.130450152666,1504.3608332544327,1229.945807644816,1520.9527316201263,1412.364494202862,1085.8548944005825,1741.1398240910694,1303.1047763439851,1260.913964836567,1551.427790630676,1635.2497794677856,1615.210224980625,1471.8723145582953,1437.7835624047189,2005.7356532394372,1534.831399780997,1659.318372450583,1522.5566938117747,1308.695387095918,1947.92002752303,1884.2325394639975,1924.1487945932433
experiment_140,0.0,0.0,0.0,0.0,0.0,250.69067079288362,1090.451018361474,1621.3121798442385,1478.3853405813968,1499.887641050313,1155.8227134304607,1648.1448514812068,1377.2474040002742,1357.5245758604963,1457.7790594880348,1923.0537044141302,1470.3790092060572,1722.6250453677883,2182.8853628713723,1795.2901168481421,1665.8309513557056,1670.7692636999868,2239.1152141111825,1961.849300418441,1807.9846639978211,1568.2400262651956,2074.8561602098994,1920.7693576168,1668.373670475226,2036.13590306604,2443.2618927377926,1896.6660763164168
experiment_141,0.0,0.0,0.0,0.0,0.0,1240.3144662994237,1693.6050820118762,1727.655474859394,958.2764571057164,1354.4023433123382,1610.3416317961987,1976.776767403406,1030.8863950021246,1626.741144371203,1412.0347921032635,1678.616160316038,1502.4928683656283,1716.1563763302715,1423.5609103957202,1293.2740360555658,1561.2160486582977,1784.8927625447395,1772.4321499531438,1665.5043404551463,2052.4047575998675,1713.485523805714,1971.5615329001184,2008.1911047688911,1922.393353452705,2115.7489675430375,2112.8706485996654,2445.9804915946
experiment_142,0.0,0.0,0.0,0.0,0.0,639.3323437291276,1587.6240768735142,724.3726291538527,1534.9993678949725,1693.0729334742086,1618.4050284744162,1502.3167860630076,1467.2477044158477,1515.4054736628855,1892.041750323198,1452.6332825404522,1187.9123637290397,1887.62289202789,1727.2497657934746,1372.147220683757,1355.5519614618368,1541.6444397082287,1384.2772171343845,1741.8996821521887,1682.9055755084355,1753.4835925388923,1822.2332893482417,2046.4923683479296,1732.4896437960026,1310.2352696578537,1521.8586600436022,1693.2424189003993
experiment_143,0.0,0.0,0.0,0.0,0.0,1244.6227005597834,1333.6465198171074,1227.7269940097244,1127.8356845614035,1610.1084148848988,1358.7625398055511,1189.804342032364,1089.525235780643,1397.393618937038,1261.6628851300784,1675.2796401719477,1178.1161907562537,932.4522581266466,1483.1238232344654,1295.5137126030968,1040.2610594704688,1324.4577782503302,1389.2080944447725,1582.824834671782,1844.5008002763575,1870.5559174691225,1815.3265798667956,1534.5980686025569,1406.5609402465998,1891.9656785168363,2374.9694155894645,2202.3393583918382
experiment_144,0.0,0.0,0.0,0.0,0.0,1204.7864366300444,1692.3521297706457,1763.7837145740916,1377.4534723725328,1303.516923788387,1713.173057996712,1475.4649956284334,1473.2444632024549,1365.9832768116203,1531.7559610208373,1448.0865082637797,1696.279049903764,1636.4231692279836,1469.149661968423,1762.0992457106186,1588.1498197559315,1510.073205050285,1906.8022923347387,1910.8193277416206,1758.5427209077498,1990.2959745154549,2002.5702029304591,2124.711148907917,2036.4387740083403,2179.884299969034,2534.557286730583,2059.1138593208125
experiment_145,0.0,0.0,0.0,0.0,0.0,1251.137332574973,1429.0088815449367,1333.9279624307655,1574.7090687875757,865.077715565776,1817.4761134422508,1736.436221164976,1692.35588214391,1903.0787322408592,1551.1178742029974,1669.2529017275597,1856.8290577532744,1672.7838808215074,2001.0953468419511,1729.3987712225862,1553.643699118466,1909.108558251551,2114.5088603287236,2086.071552500103,1984.0789316877642,2158.6808263139746,2131.6652922309972,2629.346760784643,2166.784777623289,2277.935410578411,2250.843055600532,2557.820341203775
experiment_146,0.0,0.0,0.0,0.0,0.0,1322.4456394657127,1417.1973009730336,1560.7349151190438,1482.948637166371,1249.50933178356,1581.5795501424404,1197.27975843582,1373.4205798257742,1442.6867597358555,1391.775107205007,1631.3979170323585,1781.156496318175,1824.6894026697983,1739.6368148551196,2001.5258219068137,1854.4174630170405,1893.601445108961,1851.1925857539095,1699.9256650630937,1947.6718553000608,2436.4180947681807,2191.469321173761,2092.3773798071443,2212.9961795463814,2271.316161078676,2768.1027969326387,2371.0181073960644
experiment_147,0.0,0.0,0.0,0.0,0.0,826.0318848607343,804.9423051227379,1467.868990140683,1379.3377726845927,1698.389781141996,1414.9334235026338,1708.1363298363249,1310.9776449539106,499.9613927077548,1420.9017329116064,1502.6761779214335,1580.716186727056,1850.977421220809,1502.8666710094424,1568.0124988086013,2044.3363449094477,1703.8830390072949,1942.6414912276837,1455.2272752372087,1737.536697703761,1705.5795761567356,2005.9012259529775,1955.692958408644,2037.338592027837,2416.497712312966,1896.043346660529,2151.0268622758817
experiment_148,0.0,0.0,0.0,0.0,0.0,1258.4374334506365,1487.1019579456606,925.5567557034349,1049.599296193452,1462.6468031688692,1218.5970823680839,1384.3122651114668,1625.805847445651,1375.2288361703777,1735.2914851333587,1360.180483342005,1637.8444648338182,1858.1547209207506,1705.568679795776,1841.178337887318,1143.246008579045,1807.296620179603,766.9420082153329,1552.8142909162148,1795.9228278970863,1589.1864737850058,1929.1341509669921,1496.7279995169574,1927.5265834752263,2156.2059572091503,1801.9030532924478,2109.2687045837893
experiment_149,0.0,0.0,0.0,0.0,0.0,1576.7346128497252,1722.1092168296386,1524.2651132423746,1515.5872112336317,762.0075108195148,1376.2430036810829,1454.5897465775959,1382.1032094217107,2022.8996320122883,1212.700518588341,1506.9340158291216,1537.1668991077204,2018.2777447069848,1306.3942604642134,1638.262722105688,1663.9350680718712,1976.8767181180037,1920.8285322661204,1891.7433752947368,1947.300820108363,1905.0002002663164,1700.8112667105593,1639.2558587051824,1928.9948737163913,1496.9359518565716,2015.2288354284324,2061.110708756022
experiment_150,0.0,0.0,0.0,0.0,0.0,1365.5703505719607,1345.1276975441897,1342.323824281533,1698.5164771206182,1248.5864099645114,1550.4654366377617,1783.5313939636794,1638.3591242940672,1826.421386116552,1438.1061148881236,1720.3765912339159,1808.5130630416572,1414.6963812598037,1619.2870947642937,1505.9932263524327,1870.9591274517861,1573.8629330054025,1440.8145454262908,1355.2112697013365,1792.4042654708683,2635.2629062118044,2206.5433679452003,1490.7606518750842,1656.9839362139983,1981.4658898531661,1835.9310526011411,1926.7387744523005
experiment_151,0.0,0.0,0.0,0.0,0.0,1237.1099915598575,1484.9327682820094,1483.0341521762848,1206.234330087915,1177.8671411966739,1228.922039301678,1785.0015418489222,1474.8343927395954,2119.491650014119,1602.162773947884,1228.5683078532313,1084.0196467134665,2007.1394273603212,1430.9416463642312,1286.2141081989396,1897.5956714782574,1464.579852301266,1626.0536987193777,1598.1014150546234,1447.65901876742,1761.0163689152678,1899.9270642768106,1858.0196635493207,1811.7038113624722,2114.223826168391,1915.8955910037535,2148.503834623574
experiment_152,0.0,0.0,0.0,0.0,0.0,1395.286480923623,1496.294695171146,1573.3742805714792,1592.1752379909315,1679.9037883600354,1509.6106880012626,1547.4191603962038,1759.0710112881534,1588.37795996577,1887.1024278798375,1511.230731438561,1986.1542834923005,1121.6435368576329,1416.8220342657164,1775.4527949794751,1713.8823072289788,1817.9998230386666,1648.4358057186037,1706.929293477785,1763.5472610176191,1291.9078563646704,1550.481553257063,1593.0519274995327,1557.6902862835686,1907.3574581052014,1714.9446591345538,1609.7494391689384
experiment_153,0.0,0.0,0.0,0.0,0.0,2011.344808902178,1475.4634548218294,1562.5199228213128,1773.3521822085297,1861.2818514986393,1765.8183051302935,1765.9082013048462,1860.1148553738244,2054.0757908265846,1848.9822657264224,1353.9300820728263,1608.9105503858082,1878.8204225397087,1926.5896523997271,2047.9761465281422,2004.5876040217283,1715.7806884484135,1853.8836493437602,2230.117894356313,1985.5277143859769,2097.640522473354,2147.8635243354893,2230.8843303355484,2126.9213874896386,2233.261424769275,2313.901765213529,2078.4820971428453
experiment_154,0.0,0.0,0.0,0.0,0.0,1640.4658337324427,1298.7360035123263,1455.9927733685333,1633.8439399547146,1576.100542140678,1279.1402003611402,1344.7119464969398,1559.2911961112711,1423.8543309983036,1801.3280146187542,1643.695398856283,935.532050378762,1623.5778754718779,2071.957535243789,2202.5372831804534,1775.6567902470897,1570.7969751233327,1540.4942487556216,1717.1088588669236,1328.1709116699765,1779.0015197806938,1971.9790114492912,1508.5720316463057,2018.616038591097,1740.336140771011,2047.081836160683,1726.3627397365178
experiment_155,0.0,0.0,0.0,0.0,0.0,1410.0522278951603,837.1909311213496,1244.5232366666742,1682.240211176742,1713.3265935237825,1553.5215681287777,1586.5939607228693,1148.2332680160298,1477.9107546020969,2031.2196733972878,1315.2198396747817,1667.500643983435,1280.0695682182418,1461.007732631779,1713.9373694871708,1868.5449446918335,1766.3786192737439,1587.2216674746724,1790.7239133089479,1705.5710439237703,1711.2008133068846,1988.9804436695044,1661.0497470400887,2569.8300334859114,1802.7546198499924,2294.116795619388,1976.5138552076019
experiment_156,0.0,0.0,0.0,0.0,0.0,1143.7583148580961,1081.8368060489042,986.4697465778138,1332.7853398056814,1534.8627401311655,961.7725266558771,1666.7786863699305,888.7925820715828,1216.244554683788,1205.1325049874183,1538.3089185165068,1750.8408778966252,1354.5908975451193,1454.2014138045663,1471.3954648367271,608.8089813457788,1350.1311353776782,1733.8147901560317,1468.4175627510995,1541.8183933202204,1308.1937881099188,1823.5529717411987,1856.22775475597,1687.6592160819462,1548.7321225905582,1943.192405602248,1924.0740954468208
experiment_157,0.0,0.0,0.0,0.0,0.0,1669.1917742909427,1590.094916766221,1550.3741742259738,1698.3236935052814,1386.1961728900842,961.7389650670908,1083.2189379592983,1796.6015726002124,1720.4920805895565,1524.2531821211428,1708.7402161634116,1776.599410969287,1792.2958377569062,1624.4644771948772,1670.3402398782962,1556.041112928887,1748.6334494602265,1720.584958046628,2240.0539806542047,1921.5311082127482,2080.337403401354,2115.432470625624,2277.683266669065,2337.4210873798784,2519.4028114069047,2402.5063570768452,2518.597879592195
experiment_158,0.0,0.0,0.0,0.0,0.0,1129.4330658795343,1131.8543896747274,1104.8633450501595,829.0378969004206,1284.4351686086711,1466.2106881006043,1034.582460567786,1605.467911282169,1548.459631544878,1502.6358644640059,2041.7608812535336,1255.2649645778909,1264.6125325272176,1429.1484510539917,1575.6218449211513,958.8262351906168,1274.5754087094256,1499.3361949430887,1554.154887355844,1428.8318720205025,1826.935420210185,1685.4078910815565,1800.454790009939,1850.7286444846823,2169.369981193303,2530.639236247296,2523.613928801994
experiment_159,0.0,0.0,0.0,0.0,0.0,1440.43891517691,963.9902899376197,1062.1745867011261,1823.2884664709286,1561.925009994242,1532.1875392422633,1458.2213324742033,1189.500443063594,1402.7275158838813,1558.2451662362907,1579.4663729193617,931.1523917949986,889.6095576332092,1732.806001661249,1623.671660459214,1588.9420235465948,1537.1295827007143,1595.2329266918155,1486.5902962845544,1611.0370658866527,1926.4455124476829,1969.3662336603081,2139.4504630155807,2205.1166048454243,2088.593726922384,2160.650128014477,3134.82031689551
experiment_160,0.0,0.0,0.0,0.0,0.0,912.9801542138284,1035.117346127585,1417.5659093133604,1768.8466748392564,1365.2012193677479,1116.351657903403,1273.1754244738945,824.5654666993023,1384.8106275793384,876.8745264707325,755.0985748947008,1299.1658744194863,1397.0096912333815,1201.160914864974,1580.227821046881,1470.5797508564185,1750.825657950542,1227.6323635093565,1439.3651000093566,1833.5369625174385,1757.5868969296548,1546.1243372411532,1669.7296923152062,1644.3062715128112,1686.7846334812934,2118.206545212248,1950.1832080470267
experiment_161,0.0,0.0,0.0,0.0,0.0,901.1687223093318,1046.8114690268683,576.8655589796161,1244.5362500890487,1767.8736743691748,1106.6385208070553,1507.7737652968385,1496.1736544003638,1424.8063713858887,1397.9177571146122,1597.722694831636,1703.0215556983912,1645.0745989330521,1650.8603571750562,1428.7894078543663,983.0245053839994,1784.8798793023477,1762.5495141112583,2058.796594033994,2083.8295112788082,1976.5053650287086,2140.5076025161034,1802.2621662291501,1983.6769217050119,2312.2941105839827,2319.856969541509,2725.851108622527
experiment_162,0.0,0.0,0.0,0.0,0.0,888.2499052545371,1316.3834770224498,1587.1496407334687,1316.5727379793454,1280.0027615649424,1259.2949056409607,1141.707131525253,732.3561008642231,1145.6219200976425,1592.7034662598749,1337.9367645201312,1426.8485606576123,1407.4455506538716,1669.5573136516223,1640.0457198706497,1684.1671171353169,1327.8958390854038,1609.2743172033202,1764.2786180006565,1369.2764225399708,1805.9476817144582,1803.5357725854358,1679.3901851438116,1713.1435431079879,1944.8403893398,1962.6038028045296,1793.0893772266638
experiment_163,0.0,0.0,0.0,0.0,0.0,1675.083496294018,1150.600383583226,1603.1579306538529,1135.8235107292023,1925.7635540830738,1762.1321947641864,1384.425550194838,1369.3822454329002,1863.9631908293784,1559.6102420269242,995.8465738475956,1443.2629819799213,1747.6579321852992,1861.7922261438475,1615.0514680320107,1627.4215329532403,1507.430218472809,1578.8209828866334,1777.9708158885544,1370.5921182835993,1763.8476644425627,1748.8890326270266,1868.2344196207528,1662.492541726069,1599.0362306429306,1631.941077986973,1918.2368113611715
experiment_164,0.0,0.0,0.0,0.0,0.0,1230.9493221156142,1213.728258975213,1568.1255245694017,1572.8699897510853,1451.999073361213,1483.6067223643263,1315.4686278696008,1509.5949190916094,1582.1551138237337,2047.0087770463388,1590.242226974771,1736.3489605538082,2064.9135799401465,1556.3486041298065,1892.7086548501377,1694.9849328271462,1952.0142754071749,1791.318259874251,1465.3721864002878,1587.399961681782,2050.751301536061,2010.876103240158,1981.7538150571067,2103.6960611439254,2163.893475048687,2134.815372374026,2051.641431926527
experiment_165,0.0,0.0,0.0,0.0,0.0,811.6069896279704,1264.2947714907614,1559.7426060662965,1471.901699045702,1554.811183842849,1477.0411417942212,1387.784835027939,1452.1274472155797,1421.805996635118,1743.6255582965603,1642.2362943757323,1182.2053978123133,1507.7894540264729,677.1323945577085,1113.7883149923039,1663.9655650733623,1377.3650447128637,2165.1036908710225,1662.5509638933172,1727.7562858006913,1649.2565976132205,1700.2777912971078,1216.5635878601797,1250.0436156681178,1524.7195357343512,1546.4913242009525,1920.3998954019276
experiment_166,0.0,0.0,0.0,0.0,0.0,1087.9643479316933,1407.6022319322947,1213.6123517601284,1475.5243099701097,1157.302110909929,1934.4751177182102,1003.3938604822984,1123.9103448096764,1498.6340978468397,1460.9965957411573,823.8555309781761,1733.1273823896706,1296.6899451871739,1322.4801692665649,1373.7143192820547,2014.7157058985622,1991.802308952539,1594.5266163219085,989.063062676427,1806.8993877315493,1741.3594767395214,1517.59093886743,1842.972649574434,1092.0346078754042,1827.4571693299204,1888.6047404722647,1603.0583329788738
experiment_167,0.0,0.0,0.0,0.0,0.0,1396.5158968752935,1367.8678622127513,1549.9759185010073,1372.2173208145591,1385.061088572897,1883.49499217771,1003.8183244308897,1771.0972404056963,1726.3990812771992,1244.5720773669607,1226.6318246899002,1209.7109922693894,1270.1022845291197,1687.4468635783278,1048.0831117278674,1486.6726776470286,1276.8620733605644,1700.8021436697422,1677.7851676342675,1698.1365251048994,1701.2980348171893,2027.0515062472252,2561.0044125756135,2015.2414138100366,2147.1704112779726,1984.0618455864605,2266.6967085078095
experiment_168,0.0,0.0,0.0,0.0,0.0,1533.0171843700937,1361.8732794971374,1408.2477629482344,1567.5459670921718,1856.2790137007505,1824.5173222074127,1440.264756651232,1785.0051443321095,1999.8607053055314,1106.653328465363,1844.2237521635109,1749.0732287700039,1953.7249538046115,1728.1364757642891,1799.991482386029,2043.951642728704,1910.799021446437,1971.467084422021,1982.6318574227853,2031.4488766684894,1492.2978366037585,1950.1981783204064,2022.1603381294399,1938.1068378961884,2154.510294179252,2191.8995039339848,2143.4789003408087
experiment_169,0.0,0.0,0.0,0.0,0.0,1222.4806794845842,1323.7376726353732,1343.4847937730515,1741.9437567979721,769.9235537225424,1232.1277193163555,1670.7575202798955,1259.622864106399,1252.1864776961188,1078.6106157901859,1094.8004666734575,1385.3476991715997,1283.7744917815066,1804.6326754308936,1826.6687820625486,1503.1694688473328,1438.258278993474,1195.3596488869114,1464.6737329453565,1675.0227143060324,1365.7141556189267,1640.39179319956,1452.9927001128062,1353.9792360590882,1459.213214875871,1682.129171718673,1214.683744708045
experiment_170,0.0,0.0,0.0,0.0,0.0,1286.2222422163436,1040.5663832339847,1504.0651388062815,1845.4985577862803,1744.057395514911,1563.2033125990695,1463.9797954915362,1081.6279687376364,1268.9766264022437,1550.369025072843,1302.3915092201023,1280.5629957083133,1204.0306397892855,1273.8332332538196,1644.4761335081284,1396.2980876258548,1326.0323301024443,1417.8671921181276,1254.3957463750528,1675.3119489679127,1482.7883441884978,1558.6160343615384,1443.4349007417052,1604.1018261100041,1140.3077868078735,1561.4492827888757,1695.4867387121149
experiment_171,0.0,0.0,0.0,0.0,0.0,868.2994939825057,1872.3562920801755,1245.8331144008935,1269.6983647350912,1288.675842912836,1755.2990392406502,816.9374671922266,1232.5698713335203,1164.3913074464733,1625.492750911228,1453.2651362664976,1543.0097739393536,2102.619151680605,1082.1514388159742,1798.4258654600553,1672.3264327664488,1500.9629119142492,1824.7017337625732,1729.9002852420545,1361.5033620438676,1795.5838625032598,1738.3693003951241,1921.9798244598903,1768.896572700096,1864.9262778706673,2070.271083783052,2076.8994047939573
experiment_172,0.0,0.0,0.0,0.0,0.0,1472.7027806593646,1607.1452550670872,1600.137984610937,1334.9120215097441,1435.6438417548163,1692.5895622560442,1194.4463195394965,1094.7435057272464,1714.3882350899617,1797.7767687805929,1898.1939871869204,1844.9288422141094,1719.7886066665064,1801.9861340429625,1954.3064139523672,2306.507075987805,2035.2079539840788,1933.373312641217,1763.462604894015,1771.0094046899164,1718.853845413866,2093.0671609032265,2161.308164200876,1956.0541010965178,2580.762698406178,2178.447889721361,1842.1999982680775
experiment_173,0.0,0.0,0.0,0.0,0.0,901.1658227321916,860.153217546106,1408.5175221245274,1394.37413443678,732.1467406087518,1324.6135611532663,1565.382416328853,1152.0645919150713,1706.9148305009394,1699.9252933034065,1542.1793878389303,1532.1094769546085,1214.5319870698195,1657.6300836385599,1462.19703290786,1345.6964367851933,1601.2946017898244,1227.2578486351758,882.714438675697,1149.6575105047116,1167.7194832272355,1767.545419128618,1648.2529166617653,1187.3494635424604,1638.163676112565,1907.148339502939,1347.123848673226
experiment_174,0.0,0.0,0.0,0.0,0.0,1647.7650888544456,1499.070420532494,1603.2058702882928,1614.766656608742,1556.3222101046726,1757.4201630434138,1775.9567369899491,1559.3059470684748,1719.1744203302064,1812.867170779705,1757.806019050358,1391.7911953054431,1548.8092154618062,1593.7924115594114,1280.4349229984155,1310.6630456173011,1209.3814651176194,1417.2433693525177,1880.7186811078477,1403.06311228125,1542.21139391917,1355.014265682895,1778.4966073559656,1596.1792048906486,1571.7347499086954,973.577106862811,1502.8659465554679
experiment_175,0.0,0.0,0.0,0.0,0.0,1152.6292088653365,1218.7243995655222,1059.527851910682,1250.8572880887864,1526.4089940496137,743.6416507745387,1656.1401867331792,1221.56646897545,1500.3927799936737,1619.7769321486485,1476.6526234007308,1397.9890134637317,1648.982726653945,1797.6944686829688,1697.4550574533619,1833.9209297587872,1664.666967051985,1430.8145892777613,1289.8842941369846,1749.9496885009753,1465.180079279403,1700.2505457375646,1861.6303708477813,1756.0112043907502,2087.3544581350316,1736.6291824717243,1657.129971655384
experiment_176,0.0,0.0,0.0,0.0,0.0,1154.2548483299013,1617.3015619337266,1899.547959392998,1569.5728121081493,1620.2172280044915,1926.112115739177,1799.370661463944,1872.2815981623596,1615.2184273895894,1851.4750049421132,1461.855036805032,1451.4542312436258,1910.3893926227045,1694.994786100523,2117.387764521185,1784.221586089049,1864.5312846650834,1930.2668119229827,1990.0379941181914,2171.9586311417997,1859.363258211819,1992.6049765430776,1972.1481241756856,2004.7934781771078,2260.805178788188,2591.310843774171,2238.35321501284
experiment_177,0.0,0.0,0.0,0.0,0.0,1347.3514385436108,1154.202854166325,1509.1645353140377,1424.0848365836162,1973.9023241439859,1523.4925034853704,1478.9234443166802,1227.1571468346624,1199.3232739680466,1554.3983685948454,1664.8264781996,1631.0376498844712,1900.6365854488417,1560.2978983503363,1363.2241387790787,1738.4714951844687,1801.2903842566063,1446.621765267941,1893.6473052613062,1236.1942640658226,2353.8735815935343,2333.0844586638405,1943.7636629988492,1653.8570939857066,2038.4991530569616,1957.9645411361857,2126.116767643231
experiment_178,0.0,0.0,0.0,0.0,0.0,1285.9729542196658,1040.0515069753685,1242.4179598581345,1495.1089720328187,1230.0936053560067,1629.9284139258634,1643.2537004803548,1616.6495577790422,1903.370980088232,2228.9366435582315,1699.036797564736,1698.1838753488673,1895.6474715555053,2115.561097903271,1751.843677360838,1777.7929573140966,1955.2034502847007,1901.065945627879,1648.2901783527593,1952.3422115221883,2054.217172701382,1891.5164870685987,1493.7649544717003,2110.8736876665384,2263.814825997758,2072.53131639468,2595.820770695482
experiment_179,0.0,0.0,0.0,0.0,0.0,1502.3711298274904,582.614772451402,1315.3326929506645,1172.3123830186248,1290.642855714663,1315.489781644649,1359.4741710425856,1321.1126687399037,1599.7716814059347,1722.0582321450129,1003.0984762710979,1155.6108257527276,1475.4880033908807,1604.790732288067,1606.0816567866273,1335.8356518513372,1333.6892498898765,1512.9524998394666,1505.172908488554,1333.4252760776315,1567.6858058648563,1564.107686349738,1172.212449394569,1414.7419035946984,1235.0077168313512,1261.892605368109,1388.5734625762057
experiment_180,0.0,0.0,0.0,0.0,0.0,1518.6572889409745,1550.179012204023,1436.999860251479,1465.089405753492,1586.7288001670654,1529.789512380082,1417.1533088147282,2192.4650154869187,1325.0361813766372,1409.0206681337552,1704.273779263449,1417.1299826004888,1725.4758946855504,1823.0941079411598,1779.8891081827533,1827.883427036268,1709.2508438657032,2099.0535940335176,1939.5945219010932,2044.6946401561697,2094.9646360141796,2288.2745872710557,2290.2904593167004,2563.9461649401665,2574.347107252561,2643.543868164488,2634.6269173364553
experiment_181,0.0,0.0,0.0,0.0,0.0,1276.44430497059,1414.5401347116253,1245.2417815415693,1286.114809472665,1609.9127098434594,927.8865551680461,1940.3742956468832,1850.8135008920679,1403.4275533035566,1072.765605402355,2554.515157321491,1415.3329949742997,1805.3436278948166,1739.0742430129212,1509.3076167104248,1380.9038972154685,2340.4229894138284,1519.069032177694,2020.668565531512,1820.668326345908,1579.6285674595683,2132.7342358789083,2256.044468480247,1915.1253539997278,1894.9181777264853,2328.0111093422875,2425.6013208277705
experiment_182,0.0,0.0,0.0,0.0,0.0,1439.9801608359833,1847.596736517562,1587.3449590144057,1116.7984723050545,1317.049381954208,1772.7504724708622,1636.745755896027,1502.887838902276,1834.2330028102508,1549.5469179596141,1449.9272182798345,1786.974134364557,1842.4221172642222,1819.3621637438628,1367.2548979066867,1998.7428911803283,1316.8128557261211,1615.6388892861187,1749.5225772975011,1794.0289570021646,1917.827211901803,1593.4216280134804,1752.040397093382,1956.1851293958357,2106.1089665444665,2270.415075267367,2133.247095895543
experiment_183,0.0,0.0,0.0,0.0,0.0,1062.8593380640125,1009.2152501562032,974.0951779857675,1101.8936393928639,1654.0416176101671,927.19648724219,1407.416978562989,984.2607919688251,1198.7217598713985,1455.2350748434503,1717.2693558415658,1545.171375186999,1305.5876160110292,1625.7977711216745,1766.3321905129712,1555.806537147443,1770.5074039414421,2082.0325878014373,1830.1817739406893,1786.4684974207694,1656.9435601318207,1852.0110695897695,2141.8867856597362,1917.4520246556115,2129.8227249672573,2031.3906902437236,2117.2398888506486
experiment_184,0.0,0.0,0.0,0.0,0.0,1585.5339071864928,1277.22042942067,1404.541883699168,1245.9875326039835,1382.4824661855216,1299.9425700412523,2007.5181700276676,1473.0412189798672,1100.5629278094964,1350.5812685718902,1446.7290352426103,1555.136088777875,1500.9819731202401,1548.941458207424,1863.7217214308373,1460.759562316248,1472.9336990707839,1734.3270925924846,1666.3664638585897,1635.111136157312,1864.174459589957,1620.6614854857564,1937.6356437873596,2057.3391673858337,1717.0546943729194,1793.5497581884936,1936.992771961585
experiment_185,0.0,0.0,0.0,0.0,0.0,1790.0286584293967,1403.1555524678852,1764.2087585491615,1513.3085481374135,1341.7093068255424,1518.5235677681203,2155.975089726959,1993.6080135198358,1595.1297221154268,1437.9017327338433,1702.2843820745975,2558.525532814818,1776.1728001662864,1617.4563005957564,1852.9713969619893,1542.670178307285,1766.6526873209689,1595.6235430892737,1824.2096381496392,1732.1245964410136,1832.0800390376953,1561.030801299449,1809.4308978727004,1846.9412189580378,1881.012750995816,1827.5151773559205,1975.7784675789399
experiment_186,0.0,0.0,0.0,0.0,0.0,1371.9853492210898,820.1681999080199,1389.7481022500992,1285.999686071242,1390.06626233506,1190.6472418172175,1479.2053259692175,1431.1384993213278,1382.7425997137136,1645.3349942520542,1169.5232859573694,1590.9434124866457,1783.4614914918666,1266.7854751862665,1410.195408494506,2013.9096202026426,1477.815971158373,1492.8385060423736,1323.22277833919,1709.7976909109175,1423.959481972022,1152.4661351812292,1554.6874906768326,1589.881160685577,1678.7033140831973,1480.8112075906056,1841.2679709910446
experiment_187,0.0,0.0,0.0,0.0,0.0,1615.883800420611,1519.1337636777328,2152.331659980554,1522.657108854511,1825.554540440667,1734.6400132227227,1895.1560659295221,1867.4876567405765,1703.701988312706,1725.074747587898,1509.9963011161556,1253.2936915834493,1493.9425368619616,1510.0929036575112,2062.3255600319776,1643.0816492465442,1196.6911375842474,1690.1778600475814,1393.1522316104952,1661.319397321019,1446.3073090937032,1257.2909647335603,1651.860464513194,1764.4176142663614,1581.136863626895,1623.6272213718235,1713.2858416412976
experiment_188,0.0,0.0,0.0,0.0,0.0,1491.048794476514,1009.3429402080661,1185.5740825319704,1476.0454504187196,788.0269724351926,1434.7103256186247,1224.4814032766528,1250.5103662684996,1585.4025930852292,1386.1886509326864,1302.4205817386417,1609.3064954586662,1051.5881183785443,1276.8541869627074,1255.3110813255582,1525.9710459883745,1597.0087260405376,1461.208849072076,1668.4964450527546,1710.3255312583105,1622.1443231398111,1365.196015683888,2423.5675631946756,2028.5013622244085,2418.1926153259496,1927.15375535879,1783.449583951558
experiment_189,0.0,0.0,0.0,0.0,0.0,1604.885688539432,1302.5159530258147,1546.9662937573446,1636.0900556930217,1718.3068399284143,1371.1278816523368,1628.4283489010238,1627.1548819876502,1625.116973823603,1659.7030636066854,1645.4466268604574,1697.0100081191927,1655.4860984243448,1937.6021313454346,1799.041516077081,1966.0895986962223,2361.2348345037985,1650.164827058789,1710.578471010572,2033.9903821570992,1951.8560561558827,1642.662218451881,2236.2647558417502,2117.45539383618,2441.715557110474,2330.3575835364086,2187.228530135256
experiment_190,0.0,0.0,0.0,0.0,0.0,1330.9574389669756,863.3020932909296,1567.250794501712,1309.372188260502,1815.6294786208207,1093.7364295153031,1854.0443433139505,1953.7021490872453,1605.874999982065,1617.2810367982277,1209.477293191319,1757.3489783352693,1487.567851678906,1579.9127740328431,1733.1045986216131,1370.0747618313965,1793.4807465878537,1755.4711389977692,1376.135090606233,1918.2497377860964,1686.1821833888807,1972.1913689419912,1702.7789494075696,1879.654893028903,1984.23919875964,1900.1529513217977,2222.4783959257625
experiment_191,0.0,0.0,0.0,0.0,0.0,1667.03646196331,1556.589062444501,1780.642603913441,1824.778163789651,1661.3096022236596,1854.3359550836956,1907.779138839644,2210.1299387182435,2074.5453531149783,2068.372665555404,1855.2681026222112,2011.7833581893096,2106.6874482046487,2283.062789062656,2267.8693773634277,2120.344381587794,2222.3362381534926,2722.4165475003847,2504.358213280691,2624.3496771714313,2740.514603263622,2814.6606871513313,2607.9745761943964,2741.9883759144745,2682.1067438369632,2801.9350470720206,3101.457875322751
experiment_192,0.0,0.0,0.0,0.0,0.0,1123.5317190048172,1248.7222536637692,1732.879834915356,1387.0108242535748,1611.9731595641056,1545.3253760486652,1085.7396240214262,1985.2000547562736,1697.6578085903373,1716.656799620019,1642.8463863023971,1628.8345988289657,1798.238668203473,1528.5389955768453,1665.8689808858387,1896.9946101046885,1600.9427564564523,1408.9758965459168,1704.0911186029675,1629.9531682685338,1654.0216402232156,1739.5174133708965,1529.3662828678139,1818.1448660567721,1431.4907468073748,1727.5392799296874,1623.5493045049955
experiment_193,0.0,0.0,0.0,0.0,0.0,1435.906840629958,1734.21864449609,1717.9255200686603,1542.5983211359392,1194.219175035134,1545.6147048298972,1484.5954211193186,1469.6820181980183,1556.4135735461664,1702.879228629194,1691.1430428514802,1884.5786480486145,1819.6861226402943,1845.666941778208,1829.6652893350029,2071.650615325383,1770.2574459481605,2062.681622271668,2160.3034193197313,2325.583200818842,2431.6035672101734,2161.226414926097,2347.883912826277,2551.925295563814,2850.316863870587,2845.121547644153,3007.601238809539
experiment_194,0.0,0.0,0.0,0.0,0.0,1506.978102538221,1821.8680926696904,1065.1266460310876,1740.1454839271016,2106.3827187920574,1729.3554093624912,1787.1413101988085,1706.7460504593391,1790.7688346016319,1703.7552841867362,1993.1044660378038,1822.142574836419,1794.419392399891,2117.276644553406,1856.5057816904407,2310.283093568987,2181.2404472352796,2019.1822918357284,1908.1237484076626,1851.7294168570756,2085.227270613121,2596.771033529958,2313.782147415675,2410.6549726958133,2399.9025424946403,2463.965183104883,2347.769255865865
experiment_195,0.0,0.0,0.0,0.0,0.0,1631.8951328937642,1250.7848675601767,1414.1931361706584,1115.760438661462,1374.3544865685285,1200.9251209263832,1245.2298895397169,1763.979128048385,1334.828866805718,1284.295859577852,1417.29779462241,1676.1965143129275,1547.6320241056328,1702.9232540095945,1737.1435021712527,767.5542594262106,1882.0559030678332,1709.2177591765721,1686.0459927958213,1808.8120725206822,1784.2436634408696,1712.0696258203507,1988.5484258493457,1810.845795724229,2194.9669912734253,2038.0308550330158,2205.4228792554277
experiment_196,0.0,0.0,0.0,0.0,0.0,1652.4837001585595,1375.4476531704022,1532.0446678556004,1816.4262552213238,1778.3040042547561,1692.132732852513,1454.1942376189324,1765.0649362137453,1870.9373758533948,2145.028428325577,1796.2716780477504,1949.781079890089,2062.4233467641316,1997.6544469331852,1885.0789756330878,1794.640035347013,2037.944954722854,2013.496909667782,1530.5254761594813,2042.4567147464481,2177.9633770064183,2002.5172009027856,2240.8625352988443,2261.645419258538,2408.9694354922362,2301.149110200141,2502.957683991969
experiment_197,0.0,0.0,0.0,0.0,0.0,1966.580321195834,1402.519089123841,1283.4745254059005,1300.0094453508095,1618.5802555558957,1921.0312530325336,1894.9007671052366,885.6217878384488,1871.4343235147558,1494.599693319219,1710.3374377879845,1254.5886263006237,2025.944428712448,1629.562960902296,1352.1787635627595,1419.9187203366305,1432.373626657492,2007.2358719177944,1537.8143558317704,1501.4914968149671,1664.3867432766954,1580.923122420313,1765.0734103199168,1743.6201871355388,1589.9764786931185,1950.5689669356184,1678.8988226941276
experiment_198,0.0,0.0,0.0,0.0,0.0,526.4066569140454,1042.2308123735718,1461.9191725711967,1151.427692764495,701.6653058047945,844.8978868210206,1528.3915012552088,1698.4338537857361,1338.4316909050974,1804.5661212458344,1730.54084375941,1589.9117169913377,2081.2896352175826,1577.7253434188906,2265.2306121771617,1679.248358175757,1749.9464160091811,1149.1633132714924,1983.0886585086287,1513.7552135977799,2052.2836718549615,2334.0002013394223,2343.256838613049,2586.1204033040203,2651.3943335504546,2962.5531071277464,2962.9490437475965
experiment_199,0.0,0.0,0.0,0.0,0.0,1372.8963456271385,793.2727898968619,1189.7836459920293,1195.0094198626718,1194.8443788152695,1179.329164439868,1757.5044578263944,1593.3004511662443,1212.0495485212111,1332.750178373828,1432.4616816904295,1987.3865737138376,1780.550940631992,1122.2703660462137,1443.8551187667158,2071.119000113455,1143.1107193767527,1571.8222327990215,1569.139111992055,1867.0366379223437,1568.791420040882,1441.9053588537859,1752.9460911084038,1465.622492715699,1927.3214026176795,1709.9694860178256,1629.3486495207358
experiment_200,0.0,0.0,0.0,0.0,0.0,1794.9059256926657,1118.3763397882708,2169.3634158829013,1524.184880593552,1767.056751567691,1904.3373835128416,1547.4832704013174,1359.7349531855314,1649.8226669712099,1790.0281486365911,1793.703099792963,1919.5999053168132,1733.489359606838,1899.8359682085102,1854.4096589337223,1757.1993563953579,1743.27061779204,2101.7076964474672,2241.243128390429,2075.854584276959,1803.4267227918358,2056.781628220391,1974.9004388572469,2012.4155329261803,2106.1061609300505,2057.2298478260245,2212.7665537845724
experiment_201,0.0,0.0,0.0,0.0,0.0,715.0892954405151,1842.1611024861634,863.9836366213092,1016.071339945021,1425.5122598160895,1954.3599838115977,1352.387817704449,1516.7723781728905,1034.3578656829545,1270.0770659471227,1603.4173132955643,1385.5775311436755,1129.8042382371877,1437.9305466235924,1617.7085615282326,1807.8179493202942,1528.2292090964397,1261.458434057643,1115.4897301922176,1596.1208996407738,1420.5681431441915,1545.5126069176245,1425.519079273286,1374.088046718547,1475.8976007883016,1067.3205919469597,1479.568629022075
experiment_202,0.0,0.0,0.0,0.0,0.0,1033.278989915899,1263.8879413247146,1416.3331325444146,1598.8041220115333,1931.9458896105568,1238.0089854155324,1179.8589137650924,1303.561244743247,1044.657023852256,1409.4124856817175,1432.2722364784795,1433.037819597581,1595.8908078577924,1609.3279586535953,1813.0753168719605,1901.5090237263798,1711.2843328119927,1582.9032347900375,1541.253569953266,1264.603841794882,1403.0379474661747,1712.8874558761331,1727.3768391549427,1033.6331206896778,1879.1977699538404,1475.148578409834,1646.822795590019
experiment_203,0.0,0.0,0.0,0.0,0.0,1441.5866711080805,1527.0219516897528,1858.0212759361398,1438.489698788733,2110.9531670074152,1594.1701051459472,1809.5787564639181,2412.3374156171244,1733.744528457675,1649.201983173527,1808.391731297734,1512.2479080447251,1869.6741921001276,1761.978804222659,1780.13879893974,1627.5539283373726,1919.5674327536722,2132.603862248634,2133.7346751431805,2003.708140545386,2083.975366453352,1996.990819654248,2068.8477542152127,2241.083668302701,2233.8825685759352,2155.900355709514,2139.68162893915
experiment_204,0.0,0.0,0.0,0.0,0.0,1332.5931242938248,932.6573768848714,1343.92112020592,1339.9602877379557,1256.602436838794,1417.660210059605,1556.7401570827656,1700.8052090970552,1181.7322753808587,1326.3240530042021,1288.8522599317103,1948.4351830477658,1412.9510733526672,1656.9670061805148,1109.3815181271011,1821.4989084844829,866.7946543531907,1825.5840506134311,1812.719719707268,1944.8449390236317,1568.7047678846739,1289.5325813285713,1844.5651965525471,1887.6727807529123,2024.612979029395,1994.0664750782203,2265.10725490292
experiment_205,0.0,0.0,0.0,0.0,0.0,758.2745978016065,1535.7273657829533,1419.1761566588093,1439.27615964094,1407.2355182204747,1251.1289933456774,1372.5104847966106,1415.5324464784283,1323.9774539356079,1637.0876750815496,1737.8413136997624,1168.405679883175,1774.488509376471,1346.0645187030063,1909.2484579818886,1486.3658369368486,1530.5453847430422,1321.8631293623698,2122.6495864873436,1814.8581995046825,1337.5848361110102,1245.9398930215955,1747.5388035048077,1771.1358593655439,1731.1883029089508,1741.3988202352698,2003.4684180322445
experiment_206,0.0,0.0,0.0,0.0,0.0,1010.3903785163761,1738.8819042669265,802.5549640377187,1408.0090137800198,1067.420301005192,1203.550553998374,1452.2805259835663,1766.5152135368348,1765.1305440714955,1575.2511512115489,1267.575651937962,1364.7873180519784,1336.7110266042368,1363.7175013003473,557.3976752252719,1329.1272533486147,1254.274320623686,1388.91413118347,1072.0869399783112,2217.701179132032,1633.116344935812,1607.5571704877623,924.6707726997615,632.4790559992574,1616.0013664137628,1433.999437701772,1244.5083327846644
experiment_207,0.0,0.0,0.0,0.0,0.0,943.1879955292684,2018.302289264291,1675.242585186909,1024.412840628051,1630.8939444680332,1154.8295924132726,1257.4485442889008,1014.8251789012209,1451.9017515406463,1072.6691865564192,1255.763773970677,826.265667958388,1330.1929193337082,1125.1198466473293,1755.804112471444,1760.2590911075686,1820.2324739871278,1840.9433372103204,1869.0169824807986,2023.8648908213563,2211.5645767263177,1799.4856809500693,2473.81082539798,2210.684231457129,2028.606878204934,2494.566086390462,2377.6469008371173
experiment_208,0.0,0.0,0.0,0.0,0.0,1428.8367556755431,1273.9722658172977,1253.0522770685657,1429.6117017595552,1543.186423384051,1395.4062231661628,2102.1855989697187,2095.57667770878,1165.3862097611066,1621.1076124213855,1357.2767118449258,1365.254158052981,1388.0833608963185,1264.5606058495528,1589.4505732741168,1436.3693374830102,1574.39631435062,1095.827359830001,956.2874444325804,1912.3213841320296,913.7181453039782,1942.2052020514727,2012.4419105444235,1555.159664961167,2161.625791888574,2419.0122309556837,1952.4830542174495
experiment_209,0.0,0.0,0.0,0.0,0.0,897.4056870642787,1301.9548858928736,1675.4636048800344,1242.3403511887284,1507.6210831047329,1256.654242503636,1530.2260987346117,1713.1667384116638,1646.4517479747524,1551.1965173963176,622.7033704644512,1496.7110987004926,1937.1694553393506,1678.1723331987291,534.6506919371596,680.2117769262981,1283.7103626957535,1240.737107828555,1522.0141011731403,1563.2885176112313,2048.426942704877,1569.3607214046285,1273.089499002457,1838.3855109279793,1440.6279359657972,1465.627762406093,1561.8092379649345
experiment_210,0.0,0.0,0.0,0.0,0.0,1354.7512670631131,1573.4322844783917,925.7905784526067,1742.5193113243758,2138.746022729112,1665.3520221547642,1623.0998325063044,1359.6869470550905,1635.6537713016191,1432.9255855106894,1827.3688253788232,1916.0088192932094,1927.058471846148,1876.7075541727859,1664.0147263193335,1841.025245489609,1998.0278721286165,1737.6877323088725,1821.5028824182793,2029.5745395332372,2056.4892168234937,1961.5314961037768,1886.8879365668538,1949.7013901486148,1998.5857918306385,2227.753640409883,2213.8365219710877
experiment_211,0.0,0.0,0.0,0.0,0.0,1106.7105102936653,1490.3962126223446,1672.4767918336406,1305.7252619787034,1763.0488128193729,1246.5155471717144,1502.032336114165,1652.1438815442043,1495.0328015376158,1316.776815039586,1482.5753082339738,1875.485333909851,1755.1935323177026,1903.7411802127233,1513.5569019083455,1881.4199104980762,1402.8309362505067,1359.858298999521,1684.2486985201344,1876.502360974225,1677.7907451276255,1923.768773776507,1902.4534345951242,1811.337829348063,1591.9738663406526,1556.3109776190543,1872.311670267039
experiment_212,0.0,0.0,0.0,0.0,0.0,1127.3685470746846,1272.6910933154363,1316.6174890022785,1204.6627106753617,1245.0828072104691,1336.4688968551325,1325.0636952682567,1146.8241446237143,831.8318884815551,518.77018423796,1485.3880229722888,1158.135858324006,1740.9012382518247,1689.8937759690646,1536.142931382714,1125.866230166206,1769.2223050833068,1372.0821315265302,1674.4743100084152,1812.040391018222,1492.6963390209655,2096.99121764479,1718.6013104880662,1974.7995953577783,2038.5081876214076,1167.0838105703037,1749.913909461529
experiment_213,0.0,0.0,0.0,0.0,0.0,1150.158915688849,1139.791874201237,1321.8673985563723,1511.6098514217624,1249.9665783649486,1099.5952570647944,1555.727523466107,1075.2603476036313,1439.0482487379431,1372.4344334138364,1133.1716948055068,1497.1599437329342,1561.1851007699968,1647.6853162265893,1858.4783109156974,1370.9885838780012,1444.621688850254,1273.4946476253017,1469.5663213396442,1456.9086078147357,941.6628938526969,1844.8708476252896,1845.252526173812,1743.352678164331,1889.9873452980232,1780.5426282374883,1188.420043737167
experiment_214,0.0,0.0,0.0,0.0,0.0,1590.6269624610813,1745.9067881505725,1534.0074967166383,1239.1629829112096,1728.9156650520176,1675.1594321247162,1962.9812435035426,1685.9675958573087,1963.1269254194538,1856.4563030018096,1537.8951100434256,2061.915303668564,2063.3226738203057,1723.9147641423776,2133.1076139803995,1986.1750509820347,2038.16156046065,1766.3198334509084,1903.4878697068823,1978.2434820340945,1835.3195438726605,1807.6235884418015,1967.5943080218167,2038.350381699921,2092.08413988249,1713.2214504516508,1895.4474652059512
experiment_215,0.0,0.0,0.0,0.0,0.0,1463.2655089522095,1108.1860090835671,1551.9963557938697,1148.0462521142247,1382.4050154544634,1685.6754473178855,935.8708599017732,1507.8500235650647,1268.9146310128258,1470.1425189019387,1111.4127740122653,1478.2020715861788,1155.5511634644201,1708.7487077171565,1586.14746923766,1665.8660001255403,1677.0883010084285,1576.317504921417,1876.9101220927719,2160.410104900745,1912.461910270137,2113.6986900337547,1952.3763037939311,2027.5645052636582,2258.301978163915,2097.7045874276128,2319.893773356189
experiment_216,0.0,0.0,0.0,0.0,0.0,1247.7337121757655,1236.7742137331484,1117.340830942986,877.285931699023,1285.5187280088048,1133.6805515426122,1220.6031880603396,1116.0098403077554,1361.7601560704825,1052.5568635188465,1638.1992489788147,1243.231459891263,921.7714617687936,1383.6728731866401,1529.8557187754523,1340.07613902563,1444.2755622653112,1778.0192041155067,1682.7768597119318,1705.5096408105042,1483.8829639037883,1947.9192683259682,1654.7705752441964,1760.272580525825,1851.8917068690578,1940.732796276064,1926.389935150078
experiment_217,0.0,0.0,0.0,0.0,0.0,1256.0777471338927,991.0031032956617,1383.7139650558904,1434.0082918092955,1318.2382064340607,1701.160545297669,1506.949793558425,1827.3257519825756,1470.000355381329,1297.8793892536787,1814.6597051889432,1587.5813734714532,1619.7908135828702,2137.4645366524196,1729.6423534640378,1827.8959964826622,2069.3641707802567,1678.569714333405,1707.850674358732,2017.8916531586274,1345.0569482845456,1960.4498085182358,1514.262593912051,1991.2292330900877,2130.917678157185,1931.4730958932273,1811.9951525261226
experiment_218,0.0,0.0,0.0,0.0,0.0,1125.1371606809462,915.9563268263735,769.9676423262177,1586.7002888503512,1721.6808934356934,665.8096749017943,889.7408410141398,1215.9558549094254,1638.3115580872748,1254.3003852652585,1299.0864585183222,1580.1072163743472,1506.866351472185,1476.8688437252113,1522.143197763041,1225.2818329722693,1566.079022279827,1581.726286315878,1806.2926367417535,1401.7552353255514,2405.736156970284,1762.2226993836998,1498.4911755687444,1523.7056552455451,1545.0652327130772,1860.6527615003379,1773.4070888417746
experiment_219,0.0,0.0,0.0,0.0,0.0,1599.7626027094477,1522.9521653296238,1267.8621628053447,1476.6310810090495,1176.6020705501198,1567.5731879913287,1630.0148038294974,1304.1017476368506,1307.261752994903,1316.5881064435594,1021.0038133410901,1305.7240131966178,1804.0408692907351,1502.4725827638827,1485.6823207113316,2123.075818267467,1383.9910786298356,405.52937285233554,1548.3013696058274,1693.8990113221423,1366.97061028502,1327.2537867552348,1477.5853376731231,1560.2834672708268,1860.2551853194484,1804.7654361135883,1275.2546178203493
experiment_220,0.0,0.0,0.0,0.0,0.0,1193.6898282600396,1196.4272548035585,1356.1452835202763,1601.2957057405897,1197.5692332415813,1847.6241555602448,1926.4952153107085,1949.1314722254854,1961.6280503538592,1607.5966227309957,1780.8502972295428,1537.3654439901698,1858.0211141314794,1978.086876305876,2062.303648460538,2249.9932586543537,1958.3504068076486,2488.198367019665,2067.310126947339,1874.3362821921994,1879.3685257846264,1790.9069045735166,1561.7216254212508,2096.15133614705,2163.9133705454856,2225.615390151249,2242.467722653483
experiment_221,0.0,0.0,0.0,0.0,0.0,1700.5631958390393,1567.2519437393862,1540.2816224356345,1362.0733234727213,1018.6552189336848,1811.9264355418961,1342.0186932620625,1549.109530238219,1940.6649293367182,1719.7914936476996,1602.9161678625876,1583.5807459378125,1977.2588118475674,1579.3930986874404,1210.3439064865945,1415.6282250517183,1737.3687968671004,1814.5561574111898,1574.0308300580518,1244.83550802511,1660.5113501283881,1877.2764749589408,1471.9057971903426,1893.706555992716,1657.329210005613,1908.8068545720996,1868.8168206934397
experiment_222,0.0,0.0,0.0,0.0,0.0,1752.6976899459767,1055.8907143101485,1697.3308963161885,1175.8046711721383,996.5779817693558,1212.2290757885717,978.1959160424432,1378.1742959654578,1569.2591655915003,1727.3226128411684,809.0973117861545,1135.4271068581181,1256.3273170193465,1417.1587949560671,1681.5688600702197,1575.3513608393187,1636.3017801799053,1437.6410080116966,1800.7806929644967,1889.6908451477375,1537.2618164295436,1431.4099776266917,1350.9793772048497,1504.916377766226,1835.4968950417624,1681.1856358618586,2026.0458952147521
experiment_223,0.0,0.0,0.0,0.0,0.0,1229.3951984335854,1595.710820372894,1013.7438068137253,1493.5537402473362,1102.4205778172704,999.0628620394052,1039.1762168828855,1585.5158039228577,1846.92946637012,1380.7003660740838,2164.8153005434597,1548.1200851543165,1629.720419128519,1423.5884529598598,1709.367099000462,1593.34249330567,1647.1104722009272,1629.6008713873296,1604.218702328577,1557.373760302546,1594.1705344720096,1482.9893766041369,1525.4203680731807,913.4175514636772,1081.0860855099786,1010.2595525211598,1886.0425604850327
experiment_224,0.0,0.0,0.0,0.0,0.0,1192.6555035802808,1239.640984251428,1218.8609748207236,1551.1381986210913,1493.2099319516578,1488.7535393745256,1700.991608997585,1553.4363739614632,1603.1051471398753,1313.9896610277272,1895.0140469421021,1452.9672256288081,1487.3136933422625,1853.8093536977367,1944.1307459675977,1644.8289783399896,1598.9542964566044,1509.6244894395068,1582.4095646645167,1784.8288046240027,1523.2994636246015,1876.0076752926577,1881.1269335390803,1864.2824059991165,1632.894095250081,1198.959153972954,1934.4515561401347
experiment_225,0.0,0.0,0.0,0.0,0.0,824.3217649670798,1098.5529291152116,1876.5383720755306,1483.214231956334,975.3120644883973,1072.8743885632864,1231.7182670937677,1291.7188990347836,2215.02850926061,1104.7916136042747,1282.264734440423,2088.632803106014,1451.2917102588801,1776.8994060800335,1591.404002874503,1845.6614845030304,1429.4228992280832,1811.9878368247446,1905.5196498311238,1897.2895971107637,1840.9000742628077,2420.6964017095206,1951.7824248348638,2174.341687322814,1960.7129191940044,2559.7470245240634,2846.412314937526
experiment_226,0.0,0.0,0.0,0.0,0.0,1466.6575405281983,1434.4320459039727,1007.4068279849694,1691.132740182578,1250.3347083154665,1496.420127229098,1793.0160866039218,1476.0581947520238,1514.3295550659832,1447.777486200445,881.305945339399,1586.965104202564,1354.6885495385193,1655.4574658370723,1882.706300463844,2062.2224724274865,1840.200412961513,1846.051293102533,1900.5840262975344,2022.0197801520296,2034.2204267080683,1612.748072629359,2233.1314260797985,2445.6201091424837,2166.92916769889,2537.512477867784,2551.731151200842
experiment_227,0.0,0.0,0.0,0.0,0.0,1617.2776630557648,1717.7515111431587,1524.0215621225398,1410.0007886696685,1717.9148703217097,1866.8049573136514,1740.3044581932377,1747.17673931666,1728.5929863450044,1595.637273603121,1647.8984898639837,2205.085575315841,1702.0654766646142,1541.3889243676729,1861.382423682199,2298.9610294492854,1999.6960637980274,2112.0802669050563,1954.088375446694,2152.87134546798,2026.7200331987308,2164.145253681513,2645.1481384451254,2502.7280901508466,2483.356833637053,3208.9943641553587,2496.367096598298
experiment_228,0.0,0.0,0.0,0.0,0.0,1790.1525854697302,1484.172125207046,1131.4236075249805,1779.7741325361244,1611.464323859173,1617.5401604472358,1687.4604256586242,1453.7118075028961,1149.7995618426291,1544.8514663234841,1548.7759702448188,1749.3093302841685,1397.2636853826184,1817.909115553353,1483.3898493657343,1811.5110454607602,1586.6522131845054,1478.7783686642144,986.0205771484925,2166.3419294229966,1579.7980292865495,719.9667109787376,1199.1940843378857,1502.127284911627,1655.6581569812456,1370.5357591884099,1520.222916902162
experiment_229,0.0,0.0,0.0,0.0,0.0,1637.4950924569698,1346.2488099036354,1600.0190886168048,1361.0522557802724,1096.8302639312099,1412.324457458836,1224.887613725006,1797.4257021518329,2161.8521738658524,1325.3955665682158,1485.0922039496181,1792.0416825368768,1116.6747422994613,2166.751327408335,1650.7549426060532,1804.1547032841963,1313.1549784754643,1942.089903878961,2011.0265301389672,1960.1003079199343,2201.336043124323,2637.047951929174,2320.9576456115274,2431.2657568487966,2361.8326535924143,2452.3645253103423,2513.584378717088
experiment_230,0.0,0.0,0.0,0.0,0.0,484.9732767405363,1009.7995580210916,347.8621191637762,829.5221182244494,1573.409326040894,1289.5860808529812,1290.7394284363554,1190.6280837778588,1764.0238827447145,1602.763255341994,1651.0675042414673,1400.9404955892232,1822.451329708741,1782.7993729335703,1987.4743199961465,2359.9891827948836,1906.9525591444622,2471.5238859921024,2163.8315855867013,2148.8178288568693,2403.975093410626,2231.459603084634,2577.585792627252,2582.767529067104,2731.398617735224,2740.1566318549594,3026.0668024476927
experiment_231,0.0,0.0,0.0,0.0,0.0,1578.9079139268638,831.4889149276586,1294.8672165944113,1387.131767916464,968.0918523872538,1573.9374136905828,1473.7508099308502,1529.208262823753,1568.0216203283828,1155.576070146829,1370.6993442668377,1236.7444952808637,987.8484660351194,1808.3616380499157,1555.0955351518055,1716.8102137599064,2184.4102926287696,1748.4952615953218,1915.2564975593775,1938.737043578086,1981.8359390121705,2389.6792284471794,2191.288599838546,1966.3905630244808,2417.4451704097473,2531.3648837787546,2729.29419722791
experiment_232,0.0,0.0,0.0,0.0,0.0,1496.1112887259098,982.3839967161196,1450.539705159607,1349.4391681577645,1296.454824114513,1756.1918772968097,1217.4210035766446,1456.5278514172135,1386.727029018115,1610.776758427615,1648.3470925514723,1386.026540957628,1501.2039093521016,1406.306147465141,1601.6354756026392,1499.1870704493408,1734.239452525847,2166.9669884882055,1731.8239489931536,1489.0912676986654,1489.5522824464904,1860.3970788507488,1867.3974906474073,1117.7223214542028,1688.297218810326,2036.4669566545151,1936.1860707300448
experiment_233,0.0,0.0,0.0,0.0,0.0,698.4271661516159,1078.9161284312272,1150.9575446098434,1294.3520400301381,1154.892577547151,822.6370471436855,1464.822638294187,1570.3530972016986,1659.613781685121,1865.193296106097,1395.6113335022214,1529.9527732049726,1518.6546475307434,1911.4077965187262,1552.055570958459,1856.3481078236007,1883.0874290885981,1884.0137331395554,2071.589229717443,1641.512929005471,1773.0386902606633,1952.480524531076,1807.8900413339363,2048.9339829599667,1591.1793776826057,1587.9251250072355,2220.4529321723444
experiment_234,0.0,0.0,0.0,0.0,0.0,829.4678260794321,949.9618048404104,1629.4530819396653,1547.3556878227905,1483.3337545452587,1465.9222132082875,1440.8979151434623,1281.9846113131396,1576.633428140942,1684.126751051046,2612.452483833405,1315.423715057227,1737.459285797985,1527.428149229314,1780.315872416708,1775.8654104471761,1765.6445193402346,1588.4874670551287,1708.2084046698462,1820.8248060722053,1652.8231476800975,1496.7592372560812,2408.643210017527,1766.637126881969,1834.5440718404423,2018.5421329797018,2229.8984670825794
experiment_235,0.0,0.0,0.0,0.0,0.0,1286.518735086745,1726.7250754766617,1292.8407674437906,1334.7348244158684,1190.6376953251727,1613.1006014385134,1466.6748863845107,1838.7722768201124,1441.9677277139858,1982.7374147083797,661.3192936044202,1072.4013916497777,1674.3043605234752,1630.0257208446108,1704.3242462677292,1437.5758334543123,1522.3203650003975,1807.4324440625628,1597.3416811731736,1628.8854164844988,1666.7459819192195,1444.8836608779861,1534.8133491529466,1986.3367612681293,1834.176874420528,2087.411453246352,1796.1111318123244
experiment_236,0.0,0.0,0.0,0.0,0.0,1359.6775474495196,1352.1591996919437,1302.6461469401518,1516.8695617021694,1531.0347973626194,1981.1821767454805,1571.5290269121704,1681.0929135865367,1755.207348968708,1554.4066093062306,1573.4596490664062,1602.9356882464833,1629.0349388588088,1964.8679332496315,1920.0441514132522,1989.5728064380066,2279.5944316051846,1974.6265624130087,2024.1267281977996,1866.0389778837514,2174.088420860501,1982.1843738607868,1892.2176267967243,2145.9491877882438,1974.8060690036837,1945.847779153205,2242.3047872466695
experiment_237,0.0,0.0,0.0,0.0,0.0,1235.0862034027616,1198.1566162207284,1370.3873158330443,1602.3146461889212,1249.4158341532338,1227.534324022002,1635.8280290605185,1854.0628211614699,1597.4538516552316,1823.2388744398736,995.3920645590199,1267.0084686340113,1018.878510616251,941.6068407292785,1223.446608325553,1355.9077650611812,1191.899376305029,1088.5836897855222,2229.900125837128,1238.478081086691,1238.1779096777095,1190.9472106250591,1593.5438148160947,1022.1657813513948,1085.3184013906525,1122.0492161266914,1198.7026096354991
experiment_238,0.0,0.0,0.0,0.0,0.0,1101.6752605146503,1811.5302126263357,514.7989163795731,1315.6148299408972,1058.2760424739445,1358.9175887322604,1109.8694950038205,1172.0699279156408,1437.2418297478832,1256.323401799861,1702.0316805622374,731.7431181919123,1186.6116691802422,1508.7458436181273,1383.374645156567,1897.9755424793138,1782.9464735949998,1364.9114895043942,1621.6766375405168,1599.6016833274123,1852.0683795230855,1599.8109696647957,1603.7775360918135,2105.814130993977,1776.9385251855324,1500.060815564727,2125.1560456363145
experiment_239,0.0,0.0,0.0,0.0,0.0,1656.9065507502053,1489.2054210437686,1286.6201861003165,1838.1827852333952,1677.860343156025,1734.7404514365132,1539.8351972721657,1965.8724956786193,1422.6072848220015,1205.3608506514413,1253.4188749010118,1678.1663212278982,1988.1432796379213,1822.4726461326945,1827.738688082854,1792.1172047907771,2212.4999038494166,1698.0800576257986,1738.561010898585,1937.6760657556256,1657.0050379688632,1635.4546915784767,1767.3807743615203,2098.956411772239,1894.0746976634055,1878.2923771201872,1943.238987522026
experiment_240,0.0,0.0,0.0,0.0,0.0,1228.3735555203707,977.9764077495313,1194.1044024873593,1526.8804200983868,985.1054785163096,824.4344138962094,1758.5425838052367,1690.1391800408237,1590.7298992941903,1580.4817859792402,1577.6044698841197,1696.7218846042547,758.0781021936831,960.6797987391261,1470.5535799149543,1157.7287146504614,1696.7760637291465,1749.6495019335907,1301.8705933571164,1492.4642955482805,2006.4369681193573,1388.6027925564695,1421.6047295981186,1226.6643214986047,1436.5845618630376,1710.9581458339965,1616.8334567268166
experiment_241,0.0,0.0,0.0,0.0,0.0,1482.7894741932855,1485.0011854657744,1355.5572975294804,814.0096211043377,2053.144087462555,1786.5880637184587,1623.8172537530947,1697.6200075907568,1440.9804493233462,1460.128138891074,768.6204519068681,1976.9696666515156,1587.166425261889,1392.8687143925715,1443.9971240630396,1552.2766003052548,2034.4814528212898,1705.5928163933759,1816.248961025919,1408.4326476003007,1639.5395832990582,1834.2791605959096,1420.4851450637184,1427.9450745606878,1562.5860026137245,1639.975286476026,1941.2822081953432
experiment_242,0.0,0.0,0.0,0.0,0.0,1322.7810510165373,1518.5023034861551,1571.9562664827702,925.6527703086579,1425.1320355371388,1571.1157878966828,1377.3541055664002,1597.2134661926084,1920.9902991321487,1497.7235367361757,1512.2694934837605,1724.1010420326938,1833.1835609209083,1938.253341978636,1555.102731981572,1919.6201536644044,1081.8617049329337,1742.7206641800278,2127.766667094035,1864.7532973627387,1816.4067981670726,1854.8689731664003,1861.411624934451,1497.9128712663298,1823.569414009454,1952.297470916797,2055.709219387346
experiment_243,0.0,0.0,0.0,0.0,0.0,1310.8437970212983,1250.5568448062406,1374.8216566055362,1465.8161381044279,1376.0293489697397,1671.519927777925,1338.1143521246765,1441.3802518813623,1654.0688935342996,2136.5066193240264,1452.4450427270383,1869.8123809979568,1315.6087104621588,1697.8593979422235,1294.4749656495478,1643.535996232459,1395.4795964332877,1554.888627420385,1591.25240350041,1618.5363034692562,1838.8851360189349,1968.2062000466422,1592.9289478606609,2208.5225565874384,1870.5941184420137,1792.7496027480997,2103.0233434478464
experiment_244,0.0,0.0,0.0,0.0,0.0,1341.3552911128425,1715.4248891372224,443.7270324504761,1648.3122548729334,1341.5796140327102,1288.5915277090112,1381.3687761547485,1289.0916357835185,1198.2997685117382,638.6863100853313,1175.3196398782427,1286.4752020885035,1463.1469927777243,1302.7303907018804,1373.1028459038403,1639.604870341051,1491.9528102634395,1628.097747313851,1539.1288029901561,1138.065109872217,1457.45580569585,1470.9511729218984,1422.0403081605364,1727.575206582921,1728.7132051185097,1637.727688595949,1534.8677582430698
experiment_245,0.0,0.0,0.0,0.0,0.0,974.9176157706479,1456.6656970425395,1459.7455451456203,1146.2970397362317,2403.042606411385,1509.946216099419,1224.3465327698332,1676.9452971471326,1676.004533864438,1054.8188136929111,1471.8433361967084,1721.4529716380705,1604.86234684798,1693.7232314019016,1451.9195012102075,1508.7954531770106,2009.766284643807,1545.1320377698476,1647.7378368041739,1696.8285896845543,1544.6917300850923,1634.0496740648239,1986.5066679957765,2013.202947445703,1755.083306454153,1937.8337311149016,1843.4098332232543
experiment_246,0.0,0.0,0.0,0.0,0.0,1585.9721314633753,1404.4620352599645,1485.0337595493058,1716.8477034605964,1391.4155749591805,1686.6359587381976,1516.109250334624,1491.6937573127664,1267.6934871147025,1931.6283123723852,496.0562638945586,1508.3143934628652,1671.7374079939505,1546.4240123366376,1787.9996511526294,1716.243600585315,1087.6283468918868,1317.0637049926888,1557.856088167266,1244.9541059109124,1676.6821075763264,1842.1556034807138,1514.1737385958616,1774.950916193956,1972.1767841515798,1788.557739208678,1823.3467685390053
experiment_247,0.0,0.0,0.0,0.0,0.0,1425.36391781693,1209.5043422547974,1792.431972346542,1639.225528843468,781.7509393674485,1039.395649454597,1072.4926359167023,1116.2689507914329,792.7331422617779,1613.8806728241382,1557.467745830664,1520.5253649215342,1466.544524631097,1425.0067004373163,1584.7061956042594,1035.3761410313507,1946.1576828734044,1307.5022617532766,2069.516577850758,1215.0749189666203,1654.7702535893686,1462.773237819957,1610.352828692955,1532.3573907336197,1563.8193740944378,1847.0337290030775,2017.5161015039162
experiment_248,0.0,0.0,0.0,0.0,0.0,1234.376970389019,1355.9174128314503,1298.247249604952,1204.0244065768786,1585.2617787154632,1361.4881484440211,1604.4568142146202,1559.4680447511626,1662.6664511197066,1534.1059424940383,896.2590375130151,1597.9301398720559,2079.05408560858,2289.692184255093,1617.7552093727654,1647.6025662936404,2013.3276364418266,1815.0982155086224,1736.4422472388324,1742.6255761048915,1936.828555166067,2002.8089691677135,2091.4345611893377,2271.0038325134365,2094.2018744904194,2164.97893566707,2254.4343600575794
experiment_249,0.0,0.0,0.0,0.0,0.0,1468.5802256614684,1627.468616157845,1909.8006144032954,1781.0309975414316,1659.2939315664755,1581.0329150224588,1596.1326055154445,1495.2335977888442,2028.9577555961728,1669.7492312632044,1737.796357306104,2032.4485854514046,1623.5581302551336,1772.6848649769977,1850.8633768714315,1896.3410377205123,2239.5345477317505,1986.5787941352821,1619.7536197499194,1977.2817829702078,2258.959781526639,1903.0023463198609,2300.7099771262783,2364.727928087694,2113.774560875117,2185.160121291922,2449.86020955502
experiment_250,0.0,0.0,0.0,0.0,0.0,1423.360504044503,1469.9318296453407,1254.3449641635784,1447.3803287513897,1869.8958270825956,1439.146611023008,1600.3486748219175,1627.349118454381,1614.0483665405288,1415.113541070703,1082.9829275122465,1378.5415627718232,1455.7007528635609,1788.2869639799615,1541.2587291758753,1012.9123461674304,1442.2563875762648,1495.1670279329385,1444.2618047348446,1719.7324628743484,513.7791685033775,1907.2358435108426,1648.8749412797001,1575.2670448969213,1621.904530476772,1757.9564971659956,1590.2955317951742
experiment_251,0.0,0.0,0.0,0.0,0.0,1494.8170871283596,1291.061798984363,1097.6744479723156,1657.778378346109,1596.9371204132594,1467.6959410470186,1022.8909776134135,1715.2568655574275,1672.8466312121207,1771.4435190390095,1966.61066877416,2106.395607879292,1480.05949513241,1851.444838590499,1588.7453698381066,1636.0207411910533,2221.9448561056984,1700.591368307883,1885.9201768185226,2162.3599511239536,2024.0074964803885,2238.201513928743,2210.2103802769816,2357.2475934435424,2415.515454599092,2809.8752597351795,2767.855624642191
experiment_252,0.0,0.0,0.0,0.0,0.0,1108.0005117736082,1161.5531627370228,717.0715873045951,1486.1621543580122,1968.5415779521488,1376.417824323331,1762.1516364688262,1851.7955105814642,1415.9196822654528,1593.8084594052575,1285.357291871877,2204.8563379161033,1431.7616002959926,1654.5429791364504,1727.0215518384903,1128.9097842161877,1518.8333794401465,1852.3820594118024,1895.4311820197483,1534.099546886857,1842.4151144052416,1788.1277679111836,1892.5378135562555,1723.9707998323165,1941.4208287136125,2080.293533502111,2327.1272581094236
experiment_253,0.0,0.0,0.0,0.0,0.0,1188.0838763203196,1699.917190910765,1397.813856498317,1601.4676996169576,979.3827511768618,1853.6468566496974,1393.3030879550122,1415.012629126173,1444.7306218027647,1847.230181192034,2007.3834089263605,1432.0578298934493,1499.9106234782053,1451.7040093770152,1719.7084099638828,1875.6319397527222,1516.6843026142537,1635.1380689430591,1997.8785399306066,1729.3500249159883,1688.076869494938,1780.5311530605738,1781.9079818204705,1814.3701241118035,2024.1156871626333,1867.3744342955013,1994.1120389215073
experiment_254,0.0,0.0,0.0,0.0,0.0,1370.6106070303565,1274.112871882697,885.5900631360339,1478.4395594515754,1531.613314967806,1577.8933857599009,1187.4863459150754,578.546089782722,1592.4249561693139,1641.2042338581962,1946.5808985784015,1346.847847574634,1358.9191964831991,1823.1455564778794,1780.9141027246983,1444.7443557706472,1792.2183431398626,1906.0138115836899,1796.7802705935042,2074.3171343116487,1982.9046857960507,1908.358010766188,1971.8824155093196,2053.7461900846465,2045.974209650807,2264.7013003397483,2038.5729113640846
experiment_255,0.0,0.0,0.0,0.0,0.0,1397.4522596643374,2139.517106271991,1421.4226993239522,1711.3892674780727,1827.6185806799776,1624.0983584518644,1910.2891819611773,1520.503856279805,1707.5105257776454,993.3164713295514,1533.3377638887314,1620.8697090082833,1161.3749506215659,1514.5076223439557,1543.2515489201169,1122.9872004737554,1514.1935893266407,1839.8234212971677,1843.2642120382393,1765.4283736576306,1642.0880025658882,1834.629756641073,1743.3794434539086,1539.8530445670913,1678.654243188287,1747.3387778913327,1463.3352826606827
experiment_256,0.0,0.0,0.0,0.0,0.0,1716.3441431319288,850.9826925011524,943.0112351256925,1101.2201003574903,1228.993336003243,1445.1541045680408,1836.2989729769304,1165.9356934001678,1530.7897051674827,1659.535822304601,1695.4324717827385,1335.8018787317453,1662.386616828777,1778.24308142772,2113.7158431672724,1930.6055663674651,2241.4400974012733,1738.4530336305613,1883.29945055144,2031.0150778534494,2126.615701586454,1790.3766231274021,2059.32020642258,1792.0430472741073,2239.109484615923,2167.059332452415,2327.4128026510743
experiment_257,0.0,0.0,0.0,0.0,0.0,1009.0345517065899,1724.1334383005383,1473.9319956164882,1689.177266390366,1701.14742385815,1479.8663956121775,1379.0551838021422,1409.5792568660704,1222.8834989124412,1623.2692176957473,1226.9574896711565,2368.4849903649633,1288.9158653980378,1589.0822096439483,1831.275540192776,1957.6626895850818,1663.5490553110446,1698.2775903414524,1757.2340005509332,1956.8465435368698,1716.3664152984031,1840.6303233385331,1879.9795555439864,1820.5014365869847,1965.9169976794342,2258.2706242623217,2050.584363283638
experiment_258,0.0,0.0,0.0,0.0,0.0,1279.9852582247013,1413.3949735596211,1271.5339603475916,991.287060942045,1439.67464481434,1300.4874695573687,1700.7086842567132,976.1158096668182,1823.6008863231132,868.275221715203,1511.9189357440446,1286.1560072614502,367.5182204768361,2339.092701549238,1915.1580694717552,1637.2042043810852,1612.5533688078858,1686.7712579241565,1667.0948585136675,1701.7541456955187,1790.8824458926858,1891.9073423047726,2192.904359089459,2148.0893139470445,2021.235717494428,2060.6740592496913,2263.2735356819667
experiment_259,0.0,0.0,0.0,0.0,0.0,1936.3905879777594,1499.4111567737664,1500.451059123613,1071.936306696342,1734.8962665185832,1054.7741918822476,1696.890447360288,1669.2288013993057,1599.7145594896351,1460.158338540655,1441.1823862312099,1435.658839212971,1506.2065839905895,1271.830988150313,1496.117602685398,1398.9799835405638,1587.34885642791,1861.6801130572428,1555.2980816710322,1173.353626957,1802.2654912482317,1442.2060779370922,1529.3403537216661,1636.4216649456248,2021.746412015405,1610.316893476114,1593.8007610860836
experiment_260,0.0,0.0,0.0,0.0,0.0,1351.6124295329246,1180.0465775850703,1373.4837638955332,1336.803029630834,1504.5731073042862,1289.5164976303977,1367.9175673233212,1660.319321278606,1661.107496656625,1468.777512550892,1455.171385801601,1492.8804312949196,1770.5816088818908,1616.2016831249252,1597.6265116299987,1530.1486954536758,1648.5823659405662,2040.8977938553687,1643.2657798693704,1493.7242723707113,1954.1836947994143,1861.9733840892645,2028.9396024812181,1838.0525156603576,2033.4809392473483,1884.0380745797493,1986.8475930826517
experiment_261,0.0,0.0,0.0,0.0,0.0,532.0754422195172,1373.1228917646977,906.6784657273735,1257.5607352330906,1508.8378186629525,1881.311462280199,1760.0430295978051,2130.7613806298136,1275.9844412698437,1530.7172215315827,2066.161133421924,1247.0688044128015,1866.2208059666887,1856.2890426140857,1848.4909369633974,1686.6926040252433,1890.1709551001377,1993.524901851793,2038.3351282699443,1811.3590209202703,1867.2574154115514,2482.863182685283,1682.1066410717247,1750.0662125715528,2087.5033337843583,2151.735545841658,1935.816627207184
experiment_262,0.0,0.0,0.0,0.0,0.0,1564.8163413667573,1785.0193141473255,2438.6236781137177,1860.4987283815688,1905.104255574217,1704.8061444968357,1522.501797527315,1640.7714107716777,1696.6467037123243,1705.076174766519,1843.4883812936623,1582.7411916214094,1720.4672688991443,1658.3860317985386,1780.6658633361067,1512.62220496606,1737.3635141922866,1787.18455469168,1601.1936995708913,2017.7575143685915,1601.0267845313401,1918.0968317962036,1768.451354580523,1726.5414432033945,1852.9405162447492,1818.2492250091695,2186.026448742468
experiment_263,0.0,0.0,0.0,0.0,0.0,1148.322242602558,1537.4962759564858,1357.091773335083,1441.3572862839744,1480.1766966434925,1486.8959383834876,2406.20050889146,1715.1364826577653,2007.300644327798,1534.7138436411128,1536.4634160745754,1799.126041011747,1490.8688328144738,1443.612232961037,1375.126957963194,1456.2205439216177,1459.5825184745054,1672.3209037158963,1287.8116268185058,1383.6544489967464,1327.032419948738,1088.7547092052287,1690.103962439051,1573.898856669589,1316.6991136443257,1408.6963061949557,1161.5587792160493
experiment_264,0.0,0.0,0.0,0.0,0.0,1279.1675944989786,1260.5215381634575,1019.4753512040277,914.98279118587,1707.844360002933,1446.9214268854375,1759.4292567192979,1456.8660390029909,1522.1836594413385,1551.9806857848444,1511.2718248139556,1802.591357614594,1670.0781424479605,1681.55162574929,1658.8950703704945,1974.24399134699,1655.2179293962363,1966.934647426341,1790.995938225482,1176.9310773082018,1640.766351564515,1974.2581718254642,2107.8400948473077,2110.2727280317686,2174.287449380336,2439.357387658389,2368.2011931310267
experiment_265,0.0,0.0,0.0,0.0,0.0,1739.9455664855818,1210.269860200287,1518.6614120388672,1420.1108921316777,1313.2795755446157,1447.2400050011927,1710.661177986375,1561.8770606610155,1703.5123665541369,1480.1945496693452,1964.8787755308203,1877.862609676386,1651.7018650356977,2358.74275497756,1733.9394326420415,2051.4697200815804,1898.2725450837909,1965.799755317856,2104.398239831554,1777.0065101492448,2586.2126144679423,2153.6442743404914,2301.1787891726676,2519.4512973628566,2618.951015825327,2896.8342684429495,3090.415719715631
experiment_266,0.0,0.0,0.0,0.0,0.0,1495.9971849174062,537.6449771325078,1324.5565581358005,1712.2920599501476,1462.4298592952728,1716.995249906466,2001.6133525358748,1548.4732589262626,1650.4755077642276,1497.0985243287441,1838.3798320390517,1813.5650984982694,1753.0333600823974,1937.9497254275843,2112.350453249219,2006.6993532905942,1838.8226523397384,1931.7305756440182,2111.6314241064147,1818.9952329810628,2103.912220253792,1835.654226976972,1862.728549161417,2178.762607496208,2153.634930262141,2325.727634512043,1831.4355231665813
experiment_267,0.0,0.0,0.0,0.0,0.0,1139.4605842364317,840.8276065418297,1549.7500319631251,1647.6807157330165,1214.2073374884762,1644.402841310148,1494.7874883411919,1754.2390068984914,1861.8856361193316,1788.7779200623993,2300.9720373779314,1717.6967266302,1311.4804733703909,1442.7469543225357,1737.2614900047486,1295.7484923218062,1676.4759190663376,1661.4508209021294,916.8550274745589,2470.6557816700265,1778.9359326829176,1568.4869135867025,1990.7165907081728,1673.0965962552193,1433.1424452773917,1921.3007036661018,1921.2922981212798
experiment_268,0.0,0.0,0.0,0.0,0.0,1402.1342206316956,1466.9096068264885,1718.742286218219,1839.5153263489422,1643.4303057910313,891.1093863314459,1772.4212018768296,1399.1554838195455,1757.996461482941,1776.0379405659228,1602.7073647302245,1570.6794625023276,1707.4031547330817,1423.455006917813,1121.9070706723746,1547.4230345707188,1229.3880746148525,1762.9003321745965,1656.4239227973692,1335.2694233264854,1746.4967218264,2042.3292053749497,1472.3329535078874,1551.8152681992538,1909.1095831555272,1689.2349761329092,1980.6927017263156
experiment_269,0.0,0.0,0.0,0.0,0.0,1444.7401387339664,1215.6593251572117,1215.428009255348,1540.2599818709493,511.8862374130034,1742.3447681988655,1339.8388039167805,1035.8822442340122,1345.8204895909357,1394.396239087332,1582.1390749941972,1227.8533149608352,1575.8154187267908,1409.5138549212174,1141.99792900405,1591.394417982978,1519.4761354932198,1577.1016209864654,1585.0647858066704,1438.3291372996173,1628.8025713317488,1114.925450980098,1580.2569304542817,1639.01499545207,1680.2765469785074,1670.1229127393096,1853.8710864836466
experiment_270,0.0,0.0,0.0,0.0,0.0,1170.7710615660644,1595.7760676995633,1606.2254470762268,1937.3552501820027,1755.4101834075766,2025.412825899259,1853.8551830067452,2373.6105143286204,1070.8109391943854,2453.174644504965,1472.7390058653682,1882.707787842775,1653.87029834596,1960.7568321460321,2042.373340058729,1556.6087430625096,1679.7220366094948,2024.3529658926811,1884.9232392790946,2202.934153296704,2158.5725385374976,2105.276874650819,2305.650378160919,2095.277808205096,2854.6513098092264,2162.7114105574315,2336.136453362618
experiment_271,0.0,0.0,0.0,0.0,0.0,1266.5005884705215,1758.492824081435,811.2546126270131,1246.703625197229,1230.5601294252715,1702.0304565471465,1345.634563898002,809.6305516436546,1578.0127910434317,1425.991723913545,1431.7027299180004,1457.8872630981396,1611.4208952144977,1819.1097312456918,1432.244594448432,1709.8416855832127,1601.5500712641226,1851.3710940352805,1804.4793290525467,1447.167937106627,1767.5115828622163,1586.6942696006774,1714.3338564095998,2125.197728711831,1402.0097852457495,1963.059968608841,2101.8132242362553
experiment_272,0.0,0.0,0.0,0.0,0.0,1645.1625635710745,1236.5452643211818,1123.3414474621395,1391.7061237281446,1520.7134432762687,1559.5273928930446,1471.8911722653893,1680.7106387225397,1403.8317701412957,2213.2629283591364,1295.5323371800937,1629.5318487687596,1544.3895606905094,1538.6212121090512,1511.6829885415605,1567.7894437265916,1816.5647623289522,1574.6121372901398,1647.2057923716714,2060.4014007661717,1603.6338947872746,2088.526294555454,1543.7565271466824,2117.609833098676,1923.7185101617795,1869.9651642814163,2131.0569166808873
experiment_273,0.0,0.0,0.0,0.0,0.0,1506.0745719493154,1224.866151139328,1180.108267035591,1501.490974927843,1481.9242702670858,1535.7685159229695,1561.4188522476118,1544.8308405369123,1087.0094831095762,1342.422023265573,1683.7976226527526,1574.277262357587,1655.9354161111823,1544.7370010653408,1649.8239910701973,1800.2706057261119,1375.3146875511661,1750.4482703708009,2090.239411589501,1621.8871845483195,1824.7895287698784,2193.244274597002,1744.173878676849,1877.9108973856064,1951.7594901269688,2322.3619273209947,2035.285007870357
experiment_274,0.0,0.0,0.0,0.0,0.0,1633.6825224457239,1772.6740482450482,679.3885189462508,1445.6971122307805,745.4637546169342,1675.9384522823655,1426.2322918762504,1126.3554773811854,1543.044890093838,1629.0403082063983,1328.1086519950097,1713.4284845182024,1802.1184314801774,1794.3536379633708,2103.500303479662,1835.8997282694716,2463.118053940848,2313.840208851169,2220.8615520394915,2500.698021764907,2427.4514009331006,2691.7774233253313,2811.011358962433,2722.1229769351303,2978.9063158536783,2886.5261210195163,3609.462810468283
experiment_275,0.0,0.0,0.0,0.0,0.0,1404.7018752743916,1571.9725126514807,1604.7343569011682,1573.4374821333245,1063.3423855511096,1432.6264434030202,1278.992306702196,1543.9659457873922,1644.1594825806264,1142.1655209292876,1533.0151653581734,1451.6917289364922,1570.6822363840597,1747.6052083250045,1294.1039280656314,920.1196147053795,1708.056646708986,1545.4607338188798,1677.2034944757838,1748.789886947667,1856.966648672999,2044.7824245799577,2000.432754212371,2005.3188420029105,1719.5211666465416,2108.77661847851,2331.6187221415585
experiment_276,0.0,0.0,0.0,0.0,0.0,1534.2355399734138,1226.5869053816664,988.6046631737145,1293.044789859156,1436.7918700009654,1302.1609359653073,1093.6288917640682,534.8843661554778,1031.478828188193,1949.088534658999,1744.8505512020924,843.2341371124435,1414.07221969808,1559.9650078153309,1536.748317221959,1574.347623572976,1914.311953654515,1682.9713810246244,1880.5547326036783,1767.4868893974995,1893.0973422441384,1870.9693614418045,2049.3072259914507,2185.2889407854577,2146.836549800345,1969.728751901097,2003.556517326405
experiment_277,0.0,0.0,0.0,0.0,0.0,1385.1776272086472,1683.3689016517133,1383.6685128304614,1814.1722094168958,1571.9385024878186,2262.272824363949,1713.1745104520537,1911.8997110650118,2134.115734869254,1934.6745560749914,1745.263985418517,2166.142479289322,2191.112533699743,2000.2508373529506,1947.267059454936,2089.685057733757,2224.142316205558,2253.710967629297,2273.5761461435322,2723.5728008513147,2448.0266645199035,2411.4204846163584,2911.2976263165774,2562.548830984727,2523.956570579052,2469.003536073407,2763.8039500950827
experiment_278,0.0,0.0,0.0,0.0,0.0,1403.530808588558,889.1301969562777,1781.675867609921,1156.70739050032,1084.014770011326,1371.0591268186997,806.2620781999074,1315.7269829162608,1228.9709170529222,1404.372527051004,1889.172575063287,1522.983927937907,1611.8907514553662,1695.518355324588,2026.4492245514205,1616.627631054431,1518.9019268346262,1711.4362200258597,1996.787403205119,1684.9457748325383,2192.670585462427,1639.3904288382314,1889.8917368261482,1781.6612001237988,2025.8323678290126,1899.2282587714328,2020.7361786027677
experiment_279,0.0,0.0,0.0,0.0,0.0,1453.1566552497272,586.5003590593982,1345.7738864125072,1465.637806040664,1676.6146455931573,1557.588368480681,1438.7283530959655,1678.940908659414,1478.1752655241398,1628.3274924616385,1634.4412983108164,1740.6620557375059,1689.7371703176066,1759.7015857203678,1642.2763003570278,1882.9993332751437,1750.368000903577,2042.0043759252173,1987.942668312875,2134.1317821655084,2384.0860324854825,2220.668138925657,2413.7681893066183,2348.519703333977,2661.9163809001866,2599.6093301108162,2572.737686021589
experiment_280,0.0,0.0,0.0,0.0,0.0,1247.580435028327,1339.8953511420655,1430.2369414330076,1596.6548586389454,1428.2980624709571,1827.1276160370094,1121.5848321842836,1954.8660870284143,1323.8235475825068,1494.9636312357597,1962.51816504614,1565.05752665517,1377.2423221454599,1576.4317548213778,1542.451399640213,1297.1641626724295,1337.7705135174224,1709.3127723269436,1694.4743986961869,1677.0745230230727,1803.9294055239677,1684.0835087256014,1627.0255907176527,1456.9767014487013,1975.708529202299,1760.1886983944876,1880.983293653576
experiment_281,0.0,0.0,0.0,0.0,0.0,1504.7045731238113,1479.5847757018032,1778.377724227579,1459.7366715830956,1193.6846212994228,1414.814853410732,1532.920674126156,1681.3502786804138,1838.6789107878735,1273.5867636369414,1542.441427695242,2269.4721868128217,1600.9821841295193,1955.1615254173578,1839.5636996620735,1803.448536072713,2639.8705954014536,2220.121230795694,2411.897661436934,2389.3416926186915,2363.6337889682136,2441.043265499587,2608.8386074273094,2669.049526875282,2619.049962164797,2855.7223689068405,2888.9957494857535
experiment_282,0.0,0.0,0.0,0.0,0.0,1779.9367810552587,1634.392735113897,987.5814950812623,1044.2877763617555,908.0975441596961,945.2672607322583,1175.643947830929,1357.8718308712714,1477.1960480079792,1699.752614265974,1221.1116405449525,1146.0326270660426,1346.9101198388416,1904.8696108592358,1799.3548409018433,1144.8721131616153,1083.0670432456657,1702.8561408190053,1229.7335351302083,1595.1001204953106,988.5205460974234,434.7835300971983,1192.953031811808,1466.8916145262797,1462.027628267621,1367.4251580649043,1428.1639145612298
experiment_283,0.0,0.0,0.0,0.0,0.0,1755.0271669642436,1307.5735686293847,1817.2557153008115,1509.374271339632,1663.8176292199796,1343.9575276346459,1341.4116567132694,1601.218752573869,1959.4421634920486,1749.4288559198137,1678.0805874151106,2293.5518103875393,1755.195948100612,1857.9592120730672,1547.2226707782827,2049.880027702051,2244.1869634166414,2280.9399369717917,2190.672607919847,2153.760821262658,1918.4912478212075,1620.916451262884,2201.633275520417,2150.61658985246,1992.2664155744865,2066.3658795403435,2389.4856924767573
experiment_284,0.0,0.0,0.0,0.0,0.0,1619.8134116898545,1202.4604319797857,1209.6778585629143,1374.935909662199,1716.198606215729,2029.0266646491782,1272.9503785514767,1680.429805943315,1302.7437404170403,1625.3204538429522,1561.8852653375839,1709.5465647957649,1397.890949386127,969.058003432562,1958.5879685768691,1538.5197386090422,1775.2837386367407,1905.611658671256,1414.1740736137235,1757.2019985889647,1645.6134407317759,1789.9239380535744,1788.6271797198144,1947.0356156689613,1836.6898215838125,1778.2346368273766,2074.8284187131367
experiment_285,0.0,0.0,0.0,0.0,0.0,1447.2237394964511,1493.2698460829151,1451.7639051533092,1602.6521834973196,1724.5932697270339,1591.4821275427473,1581.1441702080886,1593.547731506053,1782.0869089815715,1669.4357616396258,1818.3907513062118,1744.5406764344198,1601.4089641386802,1867.469459432505,1723.5045559257464,1915.979862954839,2556.8888758061416,1804.0822506419904,1878.0117011728623,1527.7676355608676,1855.8700945689695,1942.714611209178,1863.7065664401173,2042.6688853843484,2220.1501407066057,2052.585397823811,2171.185647873021
experiment_286,0.0,0.0,0.0,0.0,0.0,1279.8882451587108,1474.4475123477694,1213.2164075597557,1221.991171047786,1176.4152173042098,1457.8047422108393,1183.9712266358301,1453.0069771881401,1210.1723335121321,1097.2187562108036,1750.4471526181542,1465.1398478713868,1751.7914143753221,1725.837176397893,1384.0030713221577,1755.865302086361,1554.6440163244345,1115.8696910859599,1523.952895837105,1620.570218471279,1347.4350017448749,1465.5773756009032,1575.6102678869465,1538.111753364539,1725.4813939580822,1686.113869868303,1393.4597615785756
experiment_287,0.0,0.0,0.0,0.0,0.0,1397.7962254052727,1275.0101367351979,1537.539634437709,1621.175490127192,1656.3230156707125,1579.6730839735708,1733.3708096094647,1396.9725319228141,1807.0120391178764,1538.28931767243,1492.2601381796376,1570.093110780013,1763.1744693627804,1702.5738790267517,2342.686957916771,1791.0289261700054,1692.4301825131108,1929.7813343825956,1898.3302251573427,2090.189249940468,2059.125824118127,1851.9529531316107,1794.1796152395405,2044.6136587743267,2301.1319911102746,2010.2656226975687,2183.4837163653224
experiment_288,0.0,0.0,0.0,0.0,0.0,1724.0745655147484,1128.3988387042018,1720.6535632613864,1216.7661101130611,1183.330645575637,1662.2229082846568,1568.360591323708,1750.0919776794303,1793.7129918230958,1408.7524720277738,1691.8639197908815,1678.0174824808914,1720.532611581084,788.099036061833,1619.7297260776209,1758.7590025352379,1464.8432439828887,1961.8582270488819,1851.7364980968728,1630.3647206372273,1897.6541800377381,2235.393919814778,1584.755139625442,2264.8775017685957,2047.325276597307,1966.182015050466,1768.8601383382436
experiment_289,0.0,0.0,0.0,0.0,0.0,1314.4655444116445,1184.146851458812,425.38064105367704,1274.1812679846053,1469.224183862018,2000.9025843971558,1708.6831720861537,1730.9254335412643,1738.5309942583153,1540.9137662754674,1430.0009861773972,1911.7567215176039,1857.901179428619,1606.4744173833733,1921.458609265621,1719.1364476471672,2053.0746044206244,2225.4977807219743,2026.2343945976634,1852.5883788924693,2304.6909758244724,2130.104170154783,2190.0859195403077,2037.3515945444503,2475.8328881378716,2448.1183284474655,2492.9998462402655
experiment_290,0.0,0.0,0.0,0.0,0.0,922.5089446449655,1067.7983423946887,1099.2314543481564,2209.5535892564635,1463.2614252456583,1294.7500779392178,1733.5707075107132,723.9572068011197,1682.4154522626056,1677.6007895016323,1691.9463685057847,1678.7165579350249,1617.6907506696807,1963.7805607729229,1695.9608784613047,1564.7974417456142,1643.4981403262213,1573.724963402512,1691.4331685516386,2142.3942789385246,2345.7491430809596,2086.7627086945868,1810.4166858252495,2478.1019207464074,2176.4736984237334,1986.6793853660406,2202.7526021280473
experiment_291,0.0,0.0,0.0,0.0,0.0,1609.9310344099383,1150.397723051742,1573.4970929344315,1317.2145575936706,1759.0763653191188,1522.3180593604875,1592.7218704873594,1660.6125494531418,1429.2956619063598,1538.5313508619836,927.9377845275383,1418.6909824905554,1846.0244626323715,1585.2386846884492,2217.7393311104975,1875.0583397453406,1937.6167379645074,1981.5397389159657,2079.1146534983013,1848.3426248191593,1955.1946586993881,2301.304879673373,2252.209351955429,2353.6750232160193,2265.194884255824,2221.953036698699,2426.946572025304
experiment_292,0.0,0.0,0.0,0.0,0.0,779.6861285261535,1102.0444060291868,765.360066605288,1463.7613151654075,1392.8482140604474,1619.5824089277824,1733.8950272878799,1648.3257679922006,2028.5723904161769,1166.501604120839,1461.7429735307896,1176.7717603834965,1591.1850365355701,1458.4148237874283,1445.3296018637543,922.5552939363414,1247.8340397655888,1104.3994994652214,1509.2695753674452,1598.9342259681432,1286.6419125061584,1834.0873252329973,1170.4401903948415,1551.443683225717,2172.1404391920537,2050.843825399889,1930.4372034085204
experiment_293,0.0,0.0,0.0,0.0,0.0,1194.265094025494,1020.4348988003032,1406.6132349783725,1537.6968178896993,1788.7555438747686,1666.6542991869746,1726.8892761738373,2005.8903392134002,1525.3315780352004,1938.5856861969041,1869.644266056811,1696.5025759435493,1655.0591078924067,1806.705805666328,1894.7169665168572,1989.7107146281428,1611.7470036807008,2020.649540979781,1608.1301649404531,1949.7706299343308,1842.1478741714413,2335.9679977614824,2038.9314994706046,1900.3051186525884,2138.414303925719,2334.9775933271853,2155.968517655412
experiment_294,0.0,0.0,0.0,0.0,0.0,1092.2099076644397,1491.946337958971,1367.4258248587353,1385.5285446179016,1025.7131849565678,945.4773961658899,1020.7726540117719,1616.4775027614733,778.8005360904007,988.4243250664325,1726.1643977049052,1365.0047254610154,1371.9663440887175,1589.4767940772608,1593.2250327746585,1424.8367829791723,1429.3911616641692,1520.0339624014007,1200.9524767618611,1257.5006425729098,1587.3804658874633,1520.820061277351,720.7999873663882,1796.7866398021267,1612.1931184360008,1863.309479361399,1847.5655497033877
experiment_295,0.0,0.0,0.0,0.0,0.0,1197.6810585691583,695.3377399775659,1450.7591240101892,1353.3249552676966,1188.6148581917078,1769.3827350971878,1494.6232119628103,1397.8524570886632,1591.159233190474,1641.9822883298311,1529.3147530578012,1737.6549105646927,1834.9582914916411,1522.9449398232375,1476.1597784747692,1691.9648299669225,1930.6488074576293,1351.333449350644,1828.0899428856205,1942.8882803675817,1602.5269364443186,1559.1186311034664,1918.7325205514658,1699.491227093581,1723.469890026739,1847.9955748981301,1709.251712326603
experiment_296,0.0,0.0,0.0,0.0,0.0,1334.0679988206368,1594.010163506613,1598.882605182615,1690.6370727292629,1794.6344118090337,1671.7495507235787,1121.9335771367264,1253.8307627758163,1977.3990729723241,1347.5427563818441,1625.3637319206082,1748.1314894737307,1614.084506038984,1523.564452049182,1749.7481434343265,1538.954821179397,1675.0253237962334,1687.6949913665042,1471.266590174592,1521.0849124516913,1586.9562364432713,1966.3175133187756,2029.5629320252024,1420.362866760182,1764.8702872195875,1710.3320453676815,1183.866973664809
experiment_297,0.0,0.0,0.0,0.0,0.0,1289.4745904434362,1342.7629478538242,1407.8910357114332,1736.8968072260304,1419.2531970750547,1620.84183078769,1401.1793898724638,1662.3675680138917,1904.5307959721267,1601.9290378066548,1827.5240529981336,2041.7746097695458,1893.1487676715074,1661.7268791763395,2179.863209076605,1892.3174674633647,1419.029409504735,2009.233154853834,2198.0009808710583,2225.8825856563053,2148.3998513330184,2218.394694877171,1970.920508359152,2392.0223404582257,2420.2901778796854,2409.5643340401916,2578.494051899451
experiment_298,0.0,0.0,0.0,0.0,0.0,1477.7310163629927,1335.150789595943,1564.696075308434,1280.836964164028,1481.690609507659,1689.9997586766822,1114.0804299628307,1829.7182819920176,1287.739621430409,2042.2423943473,1384.5663913380906,1597.7815169973674,1873.4678384894805,1445.486095393466,1489.0715809480412,2026.1875554336868,1586.1920564750144,1742.506542538915,1743.3034399985372,1416.9324306210021,1879.1873489968189,1939.3907313760578,1802.4447979325687,2028.2304920254153,2001.2389921939744,1942.6367080265939,2009.450605176882
experiment_299,0.0,0.0,0.0,0.0,0.0,1021.9402205735537,1239.010620234902,1546.5447793429933,1714.5640616483001,1545.5683958638037,1448.1607004408297,1013.6028225097704,1548.4601528190205,1472.0703070230559,1891.1715009704592,1647.8628873471505,1239.676917544944,1498.6491144425972,1488.5096378317237,1652.8858638383726,1523.127527079766,1505.56446003462,1680.8698284898624,1889.1979834678207,1388.9944090322122,1659.6282447496676,1877.477402318042,1597.8102958604386,1940.549858813085,2113.929695758056,1600.7420800605846,1887.2743298578685
experiment_300,0.0,0.0,0.0,0.0,0.0,1701.8219050055068,1317.1411315178175,1770.0544533796601,1376.3369095097976,1187.7305132551728,1550.3677620284768,1400.759490263952,1590.1149120673442,1818.5283789527818,1399.0063501284533,1709.359065820865,1208.7166748904626,1448.4541378721328,1315.5995577296394,1741.9897252989076,1301.840988661219,2286.9644537200325,1718.4259830550886,1638.3036957913855,1551.0397849810488,2060.730477044735,2015.1967468458058,2160.452218239757,2281.6212000941114,1841.9381476953872,2091.688209245527,2173.9359008830584
experiment_301,0.0,0.0,0.0,0.0,0.0,1062.6027450821896,1360.2413877327444,891.1006731166218,1286.3057122169946,1444.3776509024242,1180.0798688449152,909.3236593834743,1097.5525539756206,1554.1783658512718,1586.9170977760782,1311.7622204016784,1803.6247245857026,1615.3095255982482,1610.5451753350223,1595.5158037696253,1716.7484224795087,1353.8083171276994,1662.3532719226855,1248.683402774884,1354.440234304937,1852.6259067459491,1562.1465076517968,2081.7100630175487,1850.5666626534612,1960.8949253546486,1632.5281815148442,1808.0855913286105
experiment_302,0.0,0.0,0.0,0.0,0.0,1047.2294999853084,1603.066351810619,1471.6932215619795,1443.812420476975,1529.1936740679555,1658.4015685946786,1386.0007491166093,1735.8503943670382,1571.048110246439,1921.5881831516228,1372.609873370112,2282.2037092532178,1755.8262362221658,1774.452393712968,1745.784018561384,1990.8379874663476,2184.568785498045,2087.920251163136,1478.2840669602492,1677.3966012088845,2380.0765227029888,1548.7513868329388,1996.136748586887,1753.8873680896745,2138.337213951929,2041.6400982937437,1790.316611995761
experiment_303,0.0,0.0,0.0,0.0,0.0,1360.140880243638,1581.190452455142,1056.7800982153224,1672.9854019452125,1717.2415968464531,1703.877606722627,1290.0360449538825,1660.4112055224632,1336.4080153949346,1487.409940788496,1662.281416676153,1657.48619299626,1011.9593977178592,2238.794676146338,1460.4397021804482,1678.5655253492587,1740.5466510053332,1829.3719013153438,1839.6807032913812,1649.644816374021,1709.146732716917,2005.9442939205042,2043.3190896430285,2118.399522047137,1979.8982848626517,2316.07470404843,2470.2907176010253
experiment_304,0.0,0.0,0.0,0.0,0.0,1360.7977355470418,1347.3895628516702,924.308486209336,1720.2214104050645,874.8920876879215,1146.923326432884,1427.1180631813359,1225.7434551459417,1204.9134008996525,1127.4495414906778,1362.5435166707202,1411.4341979807978,1248.763399170914,1400.7098138323236,1407.541763191557,1410.2248795875448,1392.71971818383,1476.5533984478748,1612.686245193071,1599.7225508924707,1499.2385602308168,1826.0161011928426,1457.498081911969,1784.1157142980946,1836.1745525008043,2001.9702426731815,1950.8042518679908
experiment_305,0.0,0.0,0.0,0.0,0.0,1430.8600411674693,1086.7956185703547,1359.0528711365735,1496.8766279591248,1313.5882069903857,1603.764770106757,1167.5086573798278,1326.8850914572777,1266.7865886307588,1629.168244560642,762.5330541902381,1503.520007817652,1481.5490324124064,1599.4864601647728,1503.130198453765,1157.9975502941058,2439.356425256826,1406.7406828819408,1230.7169982250612,1800.8772739369185,1655.7140016489222,1893.4621669009744,1355.0092875406758,2013.250216008212,1849.7010184626015,2061.2976164936044,2283.0775291965956
experiment_306,0.0,0.0,0.0,0.0,0.0,1563.2824188181623,1645.998629664338,1453.1717992310503,1688.1769168942376,1267.8940731525192,2191.84758025922,2228.9137423850625,1200.5506084684462,1676.5225947976405,1654.8007833255929,1755.2083663119938,1606.7914570474406,1750.3087805085897,1660.4568972467282,1728.024251119977,1680.4754488894362,1961.3633593142142,1820.7773950066671,2114.7080734619526,2102.2478767411862,1923.5443082570252,2079.9555044424474,2246.0368492421494,2014.8409383024034,2283.5084009661678,2467.6597603668934,2389.919619031056
experiment_307,0.0,0.0,0.0,0.0,0.0,1042.0836588156308,1688.0275818210462,1700.0498247750743,1800.4655298495456,1390.9195118154646,2129.1014880019884,1571.8663909750092,1718.41510213292,1572.9654409820582,1519.416521325934,1587.799900509935,1487.250998934453,1707.716393494621,1985.5748147833528,1783.2712621989328,1889.190630217357,1970.7525149757698,1801.8650379397027,1732.2696774212745,2051.7064666867727,1941.8128412133444,1942.5246780953348,1917.2068943547247,1877.1939534410424,1941.6318616174603,1865.8756973450509,1679.1536455571256
experiment_308,0.0,0.0,0.0,0.0,0.0,900.4365848053006,803.7033988294078,1495.8721648388291,1694.1603752928831,1394.9548993634266,1504.677925276541,1408.3808786627685,1700.15806184907,1314.7893405454965,1354.6687004548426,1638.7044698532936,1321.7765027649066,1761.228769150068,1551.6873411105576,1767.9339893842305,1683.1548262337544,1748.4522819794654,1865.521736259177,1791.3096432321547,2121.3950866477544,1971.0532323967573,2050.631591119255,2154.4117510825045,2353.9056490502653,2543.088583553448,2609.7677633234694,2748.8915221187544
experiment_309,0.0,0.0,0.0,0.0,0.0,1484.057846456889,1316.4612781386447,1374.469121148204,1304.3962969170566,1115.542176426734,1271.464326634017,2009.4823540430577,869.7094612678917,1605.8408634265193,1569.2755020105037,1492.4981330485944,1225.1446350514138,1393.0318518879835,1173.1435537129692,1643.981675619102,853.063184143974,1475.4167186977597,1621.5405819103923,1211.4009442002691,1829.7185326834112,1582.265640661278,1772.9808757461292,1669.348055313509,1621.3965063871767,1597.863422822105,1547.62831487416,1835.393496294344
experiment_310,0.0,0.0,0.0,0.0,0.0,1470.4721031361544,1113.067684219124,921.4457123970793,1290.7949495127484,1431.5697308322185,1425.682170845796,1602.3165909266322,1428.4141804642536,1663.3984900531227,1728.5011593111903,1526.3231292498328,1857.0199631464025,1545.675914259641,1799.6687934502886,2239.0630044118807,2005.3738652286243,2031.1467486561946,2159.915591306046,2133.4590494445997,1980.7544653978441,2101.4992904332967,1950.0323951451217,2203.659792202314,2509.156970338602,2420.441463355525,2415.6093014574217,2538.023939055241
experiment_311,0.0,0.0,0.0,0.0,0.0,964.8427691128131,856.6013726597954,1338.161416107506,1619.8143423659822,831.2198603914196,1653.6305031129834,1112.3893443815007,1164.5847765059284,1414.8369163740063,1407.7392240820782,1173.8537196153004,1503.4143785129172,1334.2130695760313,1397.9611707668264,1693.6337568037227,1606.8308309273202,1175.4320333243832,1671.3099145091483,1667.9719229632858,2005.022539697774,2014.4725309982775,2141.800680612384,1780.5891422810464,1930.821781954478,2216.0096668059737,2330.6860015925226,1976.9968094085662
experiment_312,0.0,0.0,0.0,0.0,0.0,1188.1358463536287,761.8478476659486,1408.0522292882574,703.0783710119912,1365.1414156672333,1586.4797135493125,1639.0248909352883,1745.77738045376,1632.7576177900025,1578.5567678121765,1374.74953247794,1811.1527520536715,1382.9273824872532,1647.5777164432652,1657.4786631979691,1251.1732417067255,1907.5919770002124,1126.949866239092,1349.8411651477059,1551.1857293615546,1512.8239742998467,1832.1012521220453,2003.350809488047,1511.9246601022205,1808.3108775981136,1757.5222977750768,1841.326694311068
experiment_313,0.0,0.0,0.0,0.0,0.0,1248.2851469932045,1804.6368903704483,1777.9857183783697,1169.1774191182783,1489.8903295177984,1597.553757160146,1482.244556088319,1170.1938335572975,1144.6887967937778,1446.9008196651062,1735.203636631152,1112.6437959147074,1679.7117463883567,1208.0965382422855,1846.7612868695173,2308.9567384032202,1335.6893355237537,1919.7721732608843,1077.2624964737204,1558.4865028705844,1152.7083751792547,1746.065382156475,1512.5400232848833,1851.926903302244,1788.8289143182224,1664.2226493901792,1852.2246059429228
experiment_314,0.0,0.0,0.0,0.0,0.0,1135.4771751555313,886.4719037614245,1292.447625357943,1546.6094242116335,938.421249228883,1178.6821823751468,1323.6496864968785,925.2974879203858,1299.287674300916,1328.4155370424128,1996.4097119975272,1679.483930414383,1485.4766544950908,914.0663418662309,1723.9984671450375,1482.0058927901987,1557.1784527162274,1737.2760788553744,1709.835158444105,1582.1569445691964,1556.8277543313052,1920.235179021462,1784.5490772070407,1849.015452286613,2014.8377070869046,2346.2439466016044,1921.8665603483341
experiment_315,0.0,0.0,0.0,0.0,0.0,1067.4262152356243,2152.5405367438993,1455.8045067310118,1795.9046947418115,1392.0709810161466,1796.052564485776,1551.095464392037,1523.0500180498311,1530.09625635127,1521.4734877278972,1550.6150512844658,1500.4679746937782,1610.7740734289937,1553.079810842049,1598.6172970543519,1761.3271944280955,1733.1795156549094,1686.903533415066,1650.0668872423923,1821.9568006666625,1525.6209974768567,1444.0906087998294,1571.386897590817,1799.4907974004718,1646.4195739483293,1850.238607277939,1845.8275155257552
experiment_316,0.0,0.0,0.0,0.0,0.0,1247.6766313850283,1280.9904601274072,916.2763877421255,1301.104251125194,1441.7402520200728,1753.173841350817,1297.0611262833709,1457.5253038056853,1612.6263453581487,1753.8677965322174,1186.6649211654226,1776.078315173454,1607.6302027679608,1704.7153309522873,1778.2396826544334,1504.3274233480793,1784.9155273355095,1678.0481433028722,1569.1626031792725,1652.965412809499,1431.7165427064745,1839.9748979227238,2081.653888198364,1782.4004035901332,1869.329767909133,1906.973692697553,1802.252232853593
experiment_317,0.0,0.0,0.0,0.0,0.0,1617.402943488563,1292.988988005893,1207.2568775365123,1181.172513361741,1566.6470091072288,1259.5370598255913,1884.6379429883991,1314.5455048052108,1327.9838570158417,1737.0451460987617,1326.3288678963363,1577.5106382875047,1231.0450297202906,1305.4941085612209,1330.802517793465,1456.281911842285,1475.1350339436574,1547.3022967954653,1744.350875788711,1390.8964410662813,1549.7821369529804,1386.1915842850535,1302.3726065007318,1758.944523184967,1582.8444292438794,1913.9670370647473,1701.7788834038472
experiment_318,0.0,0.0,0.0,0.0,0.0,1480.2407575542659,1546.5368213056458,1499.380982722503,1567.300638306115,1462.9656255795217,1538.09781065161,1058.7391286645168,1753.2225855306312,1649.9018491441343,1680.5772324766995,1426.8271010814663,1849.3882126423082,1660.8529579841936,1369.5880463956978,1689.0138804269077,1749.397502595315,1734.069578277457,1841.6556849047086,1989.2275922751535,2051.815732166501,2076.180012473968,2071.8353891181832,2196.7000736232326,1980.5907849192179,2081.881042291232,2100.445078654614,2186.500642413058
experiment_319,0.0,0.0,0.0,0.0,0.0,1238.4068219115875,1045.2283345462652,1452.62095416193,1085.6919156372187,1567.0147955386208,814.8323559255191,966.0336773445897,1607.0747436093409,1531.9692413435203,658.1417914268457,1665.1178486260792,1286.932227832434,1125.2168055901343,1386.2540172199374,1312.7424119455147,1568.9632401004576,1601.27295324822,1573.7670737531162,1553.562820827029,1540.7850648679823,1752.598138728015,1351.2468456614936,1613.794965396111,1563.2635272348712,1341.979208647098,2275.915529788185,1649.0773678839248
experiment_320,0.0,0.0,0.0,0.0,0.0,1405.579760822877,1528.9936184486505,1927.6668623420424,1712.2988023890161,1463.9579386996356,2269.7516076069733,1875.5313454627874,1861.8778977682402,1641.002351757961,1724.4520662300806,1706.3630164669994,1567.2350805337082,1715.4992121246476,1705.4065101002825,1987.51405368604,1828.0406309476057,1801.2620714007521,2007.6276382971491,2207.4976651920856,1834.1632845455229,1946.0058940072693,2004.7702562547208,1842.090119622668,2074.1533579426623,2144.0736027078688,2174.861065912078,2053.7679735792653
experiment_321,0.0,0.0,0.0,0.0,0.0,1147.2309581214847,1129.1183159750387,939.5392660788318,1225.772153016161,1179.2682757109797,1269.699888428212,1818.0776782516346,1516.9148220734617,1210.1849005173774,1251.7560700458112,1133.1612552848185,1349.915942314122,1590.2741170620993,1456.4166882806126,1770.0816267474688,1352.7991065482897,1675.271795073465,1414.384981951984,1201.245898447878,1601.2122287369757,1748.083872123844,2106.9755331514148,1515.2459025478377,1714.3984220890627,1965.5436882595454,1982.0834510838731,2172.382751604886
experiment_322,0.0,0.0,0.0,0.0,0.0,823.0162234342005,1258.4063781251357,1106.6252194828248,1350.5966305016907,782.3378669098765,797.2369195108929,1507.0474747462858,1088.3409490069216,1817.488757399568,1066.8103776332,1633.4207193092036,1309.0929626328207,1400.576754150733,1482.8677974492225,1267.2216108940192,1562.354842892269,1599.2639150883365,1462.8743442370642,1738.4449915035705,1970.5094118692189,1803.5893856836237,1819.5157507151475,1945.3233398951784,1142.6682676778141,2203.413630993002,2051.3818867601294,2131.0957566634024
experiment_323,0.0,0.0,0.0,0.0,0.0,1282.3198941536323,1357.2703616485737,1455.2700731764494,1467.1047635597172,1725.8571120571269,1726.9486388616747,1571.3785579648463,1908.0826328093754,1373.423928097413,1544.9104940656046,1432.5454845282914,1477.739968856139,1660.4720963690527,1265.9426067313532,1255.5652329575319,1591.4496313304421,1291.572990643628,1405.9158453054797,1077.6754662609396,990.4759241122231,1553.926948551313,1510.2035944832671,1316.174458906271,1614.276532703252,1352.3577030212618,1761.8144201063355,1643.8500150727168
experiment_324,0.0,0.0,0.0,0.0,0.0,1187.9515288272466,1485.9680217795526,1603.616273809348,1040.5855602069373,1612.2547753015356,1555.6045431244884,1606.2351855049935,1869.082989214445,1505.5378736863536,1963.6600184739418,2127.071167033582,1609.1373048160551,1475.0295094824405,1444.7166079611684,1727.2226974559405,2031.0656294626338,1983.7182987728415,2138.3661911579097,1637.935145127809,2143.502142276732,2232.432725598432,2493.30095233601,2331.187043382027,2351.802988666548,2538.8408109548836,2581.7721695279115,2677.337467008925
experiment_325,0.0,0.0,0.0,0.0,0.0,1597.4420595093584,1366.110162245855,1272.4912014367596,930.0159309728108,1418.8855268564969,1205.2104074174893,1301.1606066723334,1635.584573694475,1554.2892709144162,791.4987941704778,1413.1413602876528,1336.7459965743133,1541.737202920861,1377.741114822369,1609.237241978697,1488.2080096698774,1757.018027041509,1589.2024999829791,1894.7620599652766,1058.9122787883693,1917.5862242156168,1332.0052505822503,1881.3198140182503,1432.8565694040685,1461.933421520254,1392.6552653717856,1147.3947626209786
experiment_326,0.0,0.0,0.0,0.0,0.0,1580.2549608646664,1345.3606087022781,1451.978603016317,1871.942552641568,1823.9444684070404,1543.5364740460248,1405.5134727140921,1072.3770260909373,1387.2765516630677,1136.6060212167731,2055.1397335540646,865.6198627548098,1644.7359926058007,1807.8833512391257,1648.7947505761151,1750.1128340518997,2042.0538027969321,1934.823685562721,1826.0230526512617,1802.2483529071417,1551.0151962865011,1729.4095989954114,1564.0760339435444,2111.9981239558765,1958.3841304497082,1987.479832661245,2210.372769863103
experiment_327,0.0,0.0,0.0,0.0,0.0,1039.4774177687004,1578.5510344412542,783.4142842165807,1166.2230954931285,1840.8373179228427,1500.9773761949482,1703.2459355088586,1906.6273462860963,1521.8459272884293,1586.6336583082698,2056.5460388168303,1539.935959275398,1484.3040976019975,1430.1843910833863,1509.193927449199,1864.09186487326,1762.9979665388587,1798.0714812163724,1616.986571887,1616.0837804813918,2105.0522523877416,1183.144847585087,2306.235292802409,1949.6231472172117,1174.6203103909622,1791.4021911433283,2015.425144500075
experiment_328,0.0,0.0,0.0,0.0,0.0,921.0708687423553,1716.5477483037394,1207.0197267013857,970.694218267926,1435.6557590721245,1564.3148773323162,1482.7217953299748,1381.5879520928183,1492.7521056966887,1562.7617150920667,1904.122732227971,1396.2804414072605,1777.9271394581415,1832.4709343425511,1529.1670490976485,1736.2872649340588,1925.7153325070763,2147.647020440684,2045.111996830081,2249.374879550288,2270.2966627387423,2161.4058234059553,2048.8569555030363,2237.919466331037,2295.7243666716204,2544.6673029003355,2702.3815949037407
experiment_329,0.0,0.0,0.0,0.0,0.0,1033.8538210241227,1289.2141683199168,1133.229769588619,8.521078209958437,1209.4797471452148,1502.4245064325423,1329.1965804803554,1595.8485077872733,1450.4567515509752,1142.7977961069641,1353.651814616443,2017.263127594856,1083.768960488942,1686.840991714233,1703.804252793211,1739.4993269172223,1656.3584011906325,1717.7863823478142,1372.8059381961027,1577.920553679567,1852.3776512694863,2170.092865274873,2146.1482647232237,1972.0200641491497,1837.8527185198732,2400.804160873943,2047.8639852035449
experiment_330,0.0,0.0,0.0,0.0,0.0,1305.4795646287293,1573.395069489184,1609.8805551204966,1922.1867409871052,1443.5185330699542,1278.011202183612,1498.534086706638,1631.4060872366456,1753.3045871714594,1834.4397672581945,1864.6576189519947,1873.7172719493187,1659.4500876038792,2021.9115146179438,2353.293920342368,1901.2456498542217,1683.5078906217266,2252.792166571724,1916.939891505945,1846.810055729939,2108.582392235211,2073.9078996936482,1927.9624009035451,2150.6129319093466,2236.960264653968,2097.0141234617813,2155.709016022115
experiment_331,0.0,0.0,0.0,0.0,0.0,716.2956292062483,1739.8694329894452,1147.8205553013918,1697.725027648583,1549.8174261949375,1073.7776612979233,1602.2602375701636,1422.0850725284672,1540.3013501694268,1779.8005892165243,1506.8915856195486,1983.6414874459442,2521.5121604843935,2131.957772112221,1577.1625562004224,1996.944880089936,1906.1258863979065,1629.6743935466495,1543.816618559494,1922.4667108139238,1794.3020989536617,1997.44262625469,1332.6703248951385,1850.5349580940497,1361.9192301348342,2013.1861482112154,1880.7042997426709
experiment_332,0.0,0.0,0.0,0.0,0.0,1503.8898754463653,1459.1106830648514,1529.427574318827,1717.4890914203872,1580.620451414302,1452.014669093909,1562.9631009709892,2130.2625800835954,1951.3260549935994,1424.3596524370457,1604.3501608666704,1848.4013013159977,1792.982943781404,1946.1482280431583,1796.4490561830467,2145.2478168808907,1366.2970138022813,1924.068540499143,1790.1311955931992,2053.1804885005945,3042.258477860582,3268.707091791206,2359.259335673714,2629.146217474464,2345.502874241628,2426.9277918847483,2434.024270127119
experiment_333,0.0,0.0,0.0,0.0,0.0,1471.8186546511151,1519.294131589143,1595.4479575055104,1324.653130544619,1223.031377040936,590.5301942919391,1718.9971371966162,1453.0175996270536,1473.7527837150346,1740.006072608539,1251.6864660140295,1521.8256759189958,803.2650965628803,1306.3112726960467,1137.600639864983,1669.4138862340283,1113.8256439516708,1381.9857317975866,1574.3406928358856,1512.3157412298353,1833.6742217511205,1513.3020685849401,1690.6062014322113,2063.5280095579706,1865.7679452924685,1724.3349280949117,2020.6400789584452
experiment_334,0.0,0.0,0.0,0.0,0.0,1593.660901880513,1846.118476202988,1652.8263925211363,1845.8879561940696,1658.7922543816057,1423.6451621231552,1351.0611767938383,1797.3508910136586,1514.7116189925955,944.565617244927,1972.6743188926168,1700.0313610338867,1887.0204580758477,1990.297744400734,1790.508617642132,1840.2248412499594,1959.2475651329296,1922.0981593611634,1949.5354073177255,1890.045153168589,2010.664997753048,2052.6195018421704,2060.346603084644,2254.4140446932715,1831.6578286053716,1974.327104753629,2173.2278074652268
experiment_335,0.0,0.0,0.0,0.0,0.0,1373.8068475982964,1716.6480107626528,1403.9565893746226,1486.625011453738,1592.1709099729633,1830.9958605340141,1382.1678309581905,1287.9171909743727,1266.2677326087235,558.7841197825591,1145.2897471013366,1335.7950406209668,1372.6411668125572,1748.9540851799622,1466.4618187425258,819.1110948619523,1108.9259899932567,1229.4847754300536,1389.4222105411438,1224.5280284230191,1610.106726233536,1244.6301483723303,1514.8704746954336,1657.9935168361985,1805.2452231054338,1184.7360849550296,1459.9484667653678
experiment_336,0.0,0.0,0.0,0.0,0.0,1215.3459802689213,1755.1395553822522,1742.1529385819308,1279.8205864772558,1996.3842756845745,1417.8861095015993,1718.4987963955625,1376.329682731153,1629.5255894919426,1698.16235552326,1397.9046260189716,1846.0475026970607,1032.0538972734707,1811.6302248985037,1699.57491212573,1717.7340967759042,1786.2889719852983,1900.7899884807243,2122.210456386247,2289.2288354256307,1938.6737835565305,2176.90419269423,2010.0214052838205,2341.920062336533,2221.9026153274267,2830.252366750453,3115.981889918592
experiment_337,0.0,0.0,0.0,0.0,0.0,1297.7142356467984,1425.3876571067622,1132.8536202353414,1311.0742736393374,1380.905322977721,1846.1869663680764,1243.1953300907421,1630.092239383122,1526.0253925567717,1110.1834384629296,1854.7955958475113,1500.6658120336049,1432.5462898280816,1522.7762414427868,1740.0527556032037,1483.465936536678,1866.8529915001627,1726.3079433903622,1654.3877290372077,1530.1867757219995,1971.2878077232012,1522.3533074350898,1947.3500900287695,1795.3120989437957,2102.91404674544,2462.2512373093896,2444.0897560467397
experiment_338,0.0,0.0,0.0,0.0,0.0,1460.7179605041767,1528.5054602477396,1388.2807028805555,1529.019712307006,1637.1504817855048,1869.5434823541405,1616.0557195660997,1368.3274742276717,1376.850633280093,1376.6578448077355,1509.4260532614464,1403.1475091196753,1691.7885804710925,1932.5163490898829,1619.3084201102301,1416.4806143991214,2018.9291327940878,1674.182364479956,1406.5358510377587,1806.9000318509015,1982.741092618282,1927.344164966212,1662.6007997490851,1674.5305640490183,1682.3817531463728,1974.3457877974909,1843.0487603697231
experiment_339,0.0,0.0,0.0,0.0,0.0,1216.7819603530684,621.0061249521328,837.1566526734975,845.614646136952,1547.7105326926476,1105.9352678925059,1427.8700799312064,1383.5003119605149,1434.096495558368,1475.3160456264536,1698.4038308262411,2691.8274181427887,1446.5796409274437,1121.5428751234506,1708.3557753896237,1749.8322664695481,1755.9905159943244,1491.300429531777,1797.9474905723632,1755.2518459911691,1546.0037560530723,1905.9104490736881,2296.0081980374157,2105.064573875023,2081.2858605712563,1734.6448226057769,2348.4786547387807
experiment_340,0.0,0.0,0.0,0.0,0.0,1345.2525687101445,947.1294508519794,1052.9859702421818,1038.4474911309273,1180.868500291072,816.179409544334,1244.249656295015,1314.827641237067,1735.5733408480692,1275.8144426466495,1710.8663968708556,1813.0707644865618,1407.0017657484173,1331.9109674363397,1981.6689217808432,1648.8826023511924,1188.9781684213774,2164.918194441141,2232.972368336442,2019.9789133534323,1967.287721565614,1937.4645515323277,1913.902230045992,2246.119925981834,2400.7187228160988,2134.6733959751305,2136.663307816983
experiment_341,0.0,0.0,0.0,0.0,0.0,1483.208588327587,1243.3161068071745,1260.6407495299932,907.045251206631,1244.4343213101731,1041.906532398428,1910.8580197429646,842.6818308291242,1340.9407098722081,1462.1198130657122,1162.9558256971918,1737.0838255189042,1755.4816419564631,1804.160716607607,1925.6177609668048,1698.5407164513877,1521.9163821248953,1448.0122142992325,1597.5348900638137,1632.9871199657894,1450.1166071773055,1683.2610435197953,1552.6670925226153,1450.5329690931449,2170.095429456461,1432.8121340065272,1911.9370291426549
experiment_342,0.0,0.0,0.0,0.0,0.0,1076.4692302002811,1330.4710212630273,1422.7356260095294,1257.0898929717584,1240.0402334770408,1202.0773193360144,1602.8815292135764,1182.7111386831991,1251.7789078165024,1443.1936100768187,1402.9861939183297,1430.0045856920513,1691.0530832538836,1498.7112117654344,1162.9333327173886,1427.3803039534687,1556.2820543124956,1267.073749037261,1626.3575320037587,1531.238987273602,1890.2853862207508,2050.3622802009645,1508.5943973953972,2096.4896506891646,1778.6353454700916,1897.0336523578426,1748.408416869949
experiment_343,0.0,0.0,0.0,0.0,0.0,1436.3881002890855,1255.584803596388,1394.4348572853667,1456.4946407668085,1418.0329346518347,1893.7988552449674,1637.3754727261112,1471.6675189158962,1751.7572160973514,1458.6606457211471,918.8902075173696,1365.976641314531,2071.706375333249,1034.658855249769,1642.5927240241288,2248.5713365039364,1568.2666767982673,1872.4431089096856,1595.1754801473428,1672.2107981201332,1859.3081144734049,1542.4767010307423,1883.682889662436,1697.48914709556,1886.4496756553585,1958.9553579161943,2102.605313257575
experiment_344,0.0,0.0,0.0,0.0,0.0,1883.4423670983188,1664.8066725649858,1614.2258380267456,1651.6067420049515,1433.221100906125,1334.8564996840173,1849.3101325140665,1651.8510812380232,1688.202610241317,1858.5402256305815,1846.6670753755232,1779.9818155178743,1416.1316485471489,1726.644773970765,2137.933023099394,1905.6855289133982,1982.927103519246,1372.527201311649,2001.680395011093,2099.74819823227,2201.703636106201,2056.6843651799863,1892.1115819276888,2233.3647945002276,2316.2509136604676,2097.9007397329306,2243.7595142655096
experiment_345,0.0,0.0,0.0,0.0,0.0,1320.4873751793807,1075.5930898432428,978.5668500555238,1506.4210201522271,1280.7278474339487,1605.0606724970226,1525.400301147025,1401.6433803465882,1170.1148492013724,1490.3268942357279,1420.5222971827357,1194.951437506258,1291.1377219499116,1653.973646792019,1598.8211063715019,1489.3171714625112,1501.0496680687288,1199.4755186946286,1436.0826800317332,2049.141316119774,1501.046540471584,1444.786875528177,1305.7227764496135,1113.041425019338,1175.8116207516207,1296.2133260862129,1341.5468300975533
experiment_346,0.0,0.0,0.0,0.0,0.0,1636.9431323248116,1628.0949601326838,1226.9187739857434,1192.678776243658,1348.9435494463535,1590.859816134323,1635.6946422651686,1450.1513560012775,1898.771023825066,948.567534790654,1084.7870840570138,1173.9530406300453,1428.6646046432106,1171.595101238062,1648.0992522487586,1496.2092166966627,1258.7203232152713,1617.9855982627307,1033.1048000926692,1761.4293315072237,1517.4804640917048,1396.2745036597858,1583.7851003302471,1369.766051982543,1848.8906970566145,1177.6472143099154,1791.6350427547734
experiment_347,0.0,0.0,0.0,0.0,0.0,1456.8522850636964,1361.4175504865311,1075.5612539639558,1610.5596119366032,1655.476406876363,1256.2811098622067,1431.0239579602405,1893.0385626840273,1991.1915544228598,1594.7856845540996,1713.45608208775,1919.7079576776794,1241.1587143084435,1622.9337918094527,1832.3519771516703,1673.615791068213,1584.5417159222918,1796.4793951565955,1772.2387863733886,1873.0707646890266,2215.8546836309124,2013.3415845279653,2249.736359435629,2073.3898024555283,2390.454582372906,2066.0494588406227,2335.5169348859986
experiment_348,0.0,0.0,0.0,0.0,0.0,1305.763083992831,829.1650976151386,1404.2301426491968,1006.9781250436223,1630.919746059419,1729.644098469708,1178.4767083464578,1169.8680624352069,1458.907345384225,1309.6450151786507,1165.210491143663,1184.1010399846798,1323.4306250516279,1266.3268683060712,1137.8380447393693,1754.4781500718873,1652.3246183396363,1327.1187388574494,1646.5295120722365,1389.3786484043462,1659.7077002560293,2045.0442884832619,1637.3716319586003,1947.5653236166465,1781.5976671866226,1773.952293581283,1418.941034255608
experiment_349,0.0,0.0,0.0,0.0,0.0,1554.0797460776105,1234.1085079169638,1050.611893672762,1718.8960121606347,1393.2433655036116,1229.4946535531765,1071.9356280758452,1450.7722269783915,1321.3001714693003,1450.0852866784817,1767.54943597715,1583.2085608668747,1495.4110317129948,1464.2690247835783,1727.329841177903,2214.843409158106,1975.0358027813297,1749.6697023206154,2322.8402408088073,1983.0527589454914,1827.1939418155584,2096.7355651844177,1914.157475919556,2238.4850435033663,1974.2673383511224,2235.6583507601927,2341.807247912766
experiment_350,0.0,0.0,0.0,0.0,0.0,1421.3348524588243,987.4746426246451,1543.8247107226566,1542.5408604387549,1475.4910237996164,1121.1748402877374,1724.3978096870117,1886.2268477381506,1448.9147330503763,1663.827505174514,1968.6060919286947,2006.564422521455,1996.2118608828118,2067.89286183735,1805.953318931662,2573.3651409936388,2197.499993110204,2143.995802005877,2141.6739587868415,2239.5466507399587,2385.421427883367,2223.498313901936,2424.861882928374,2483.4325669423447,2830.2395596508973,2764.7162176427128,2776.018078764121
experiment_351,0.0,0.0,0.0,0.0,0.0,1392.979797654888,1824.1377231223273,1075.7141114387323,1859.6657286641812,1493.1632666789735,1159.734994430118,1449.621112023554,1359.0063154656543,1142.5888705337786,1081.0854605886248,1774.511513501306,1570.3056249285326,1206.4938941742394,1490.5751621513616,1535.0779938696282,1876.7767431256934,1516.5241922583994,1833.0753717423813,1597.3394834265157,1486.1911655193665,2038.2425401827861,1714.0384751082042,1700.2903436754502,1575.4042737570276,1649.1810944738015,1746.1478812596579,2075.5852766189555
experiment_352,0.0,0.0,0.0,0.0,0.0,1188.3917606522084,1153.660210602698,1543.8754258044044,979.8622141687745,1555.866237705536,1588.4983433927641,886.1513640278606,1814.9858773523142,1301.6288797609536,1565.5736954835388,1568.9103634462408,1570.7119715184112,1332.0179881876506,1491.85477793205,1534.7210551221838,1559.2523799031844,2312.9885451788427,1961.64953027938,1975.3860645555224,2041.9619295480989,2071.7288102562657,2143.6601583426627,1891.134135477848,2534.925486916818,2387.0769733540646,2513.513117545431,2516.3936973521004
experiment_353,0.0,0.0,0.0,0.0,0.0,986.8647058794409,1750.4985002814874,1085.7946081362843,1126.8155087405576,823.3277675920243,1542.919778968919,1366.5570830999427,1649.06590129109,1741.470490388867,1417.7377294402659,1946.2857764523023,1579.237768127006,1919.2307662822286,1620.9429781872461,1226.2461128110535,1958.7951639498942,2103.1644365432567,1666.258997701491,2182.2085565410757,1724.8107363895808,2190.4608974291887,2353.125988538052,1715.8154727284925,2257.8548009095302,1947.1068317277961,2218.8163979177666,2295.913815508054
experiment_354,0.0,0.0,0.0,0.0,0.0,1601.8378606449546,1343.945909627169,1481.927224096451,1279.4745247709532,1691.8456402144523,1801.9615629187829,1153.5842444478435,1565.8744577884927,683.9123214753824,1594.2307695727015,1050.332300291552,1477.1440566780407,1126.4303576724424,1498.1225704772498,1478.8627085870703,1473.1500092907572,1683.420279370257,1464.5593100778206,1814.4415560664047,1335.6078615742144,1042.604408866543,1494.788086527276,1843.8605190196477,1403.4535261865853,1090.0556369870774,1850.4931188658898,1563.6348311750241
experiment_355,0.0,0.0,0.0,0.0,0.0,966.5504988980841,896.7289294377051,1662.6900710871776,1086.989767694178,1686.2682754852215,1309.399751641016,1398.8808262469188,1334.9810475016566,1431.2963368289504,2103.5862148900774,1639.760487912806,1529.3458039125917,1063.846983694972,1315.292557522184,2019.1672562003307,1735.1931641118972,1350.8917396984377,1344.8191090792338,1989.1968077146894,1830.535290260461,1455.805135053927,1739.7814780701874,1730.1599915202278,1475.154448781957,2162.9285386024844,1391.8471074346462,1783.6978089440872
experiment_356,0.0,0.0,0.0,0.0,0.0,1635.8465563577681,1422.9732299129803,1431.3747153639342,1403.192883934251,1204.536129823367,1669.0627701258218,1591.5812191076927,1561.3674330945494,1646.484737452626,1700.2619603672342,974.6827607825088,1483.8917027636476,1508.5282444699576,1927.5360722929547,1756.2906808238686,1919.0067077913627,1869.661012190805,1898.7482742673942,2115.212481864709,1948.8495015333986,1832.8280819015567,2211.6716685901706,2247.7111917250795,2273.329934669282,2251.1015464660054,2241.910260015485,2532.487032243355
experiment_357,0.0,0.0,0.0,0.0,0.0,1417.4684709731864,1417.8665631058598,1405.0370078760386,600.0285626226628,1344.6180907836451,1598.628582958339,1006.6573413227565,1508.3667412598127,2077.936627665782,1135.8371066601896,1520.5580904733486,1342.2555459439143,1384.6155894866956,1823.6070939303233,1673.6118950335085,1599.9038661443624,1557.02503354158,2000.2270534744234,1310.2428352239729,1549.2280236477152,1611.5903617986617,1847.0310883996556,1911.3292254251378,1723.2915538000832,1944.4902434601956,2265.7280785720054,2029.6497684242174
experiment_358,0.0,0.0,0.0,0.0,0.0,586.2995540008108,1329.9068687245588,1180.2696260821003,1321.795311534009,1549.1268336620558,1629.352887545996,1722.3248088045907,1595.4834528496744,1103.1109044068785,1685.0658051986784,1521.3724652165477,1560.3231451233398,1898.9111405844565,1601.8960401064548,1891.2924665519365,1679.3838852062543,1905.2175115786185,1896.8733409443983,1421.590728052357,1453.985022713403,1752.0949524951825,1404.8954520815741,1495.4212318290502,1960.1197811121397,1821.5370096611891,1737.1543041645914,1274.2014016884368
experiment_359,0.0,0.0,0.0,0.0,0.0,810.2122934274311,1114.777328475516,1244.6018352038395,1528.9557907634844,752.2136209667324,1560.9023592225844,1838.282049889447,1399.6946184038736,1454.7110935155144,1423.3683799129474,1394.4610207821243,1551.7463680296464,1485.7501959965298,1443.6426747125297,1591.089516253392,1664.6821386964057,2039.2904140539715,1089.5216746212107,1523.7732632033049,1609.6785660673872,1616.577659055444,1836.6974463129457,1648.9545369776079,2196.584142475033,1869.9842322369348,1863.552091780718,1876.729108779502
experiment_360,0.0,0.0,0.0,0.0,0.0,1480.7740898491923,1418.9218449852456,1279.962268909335,1320.3381828863978,1203.5154873760566,1500.2448328269493,1426.8616054474473,1607.2165495469606,1407.5758299607287,1868.0978309729405,1106.522312781245,1328.1176103716423,1494.6087573113737,1634.7717700986173,1890.5976733561556,1466.3908474703992,1525.2848121666048,1628.3386347948501,1742.0632784325435,2059.3468890494096,1841.1108666944513,2116.9693978330397,2039.018301165689,2101.567406120024,2222.2930683902214,2001.5326527866928,2509.9330828823104
experiment_361,0.0,0.0,0.0,0.0,0.0,1521.4194114199713,1144.3968487345344,1125.5625425526116,1647.1743009579923,1385.5749388536535,1487.3518931088881,1391.6521038660517,1483.2217205102265,1702.5125228798322,1767.5307147919475,1249.8736649521652,1817.9860981986208,1511.6056420471818,1437.5949037921148,1494.5455213562432,1726.3645687611681,1701.0754600896082,2264.8729672590493,1602.5917977328363,1760.4872352942239,2188.341429791721,1724.3307198021744,1680.2382478319187,1913.9268776839215,1887.9915368956529,2012.465455286058,1877.6567328088522
experiment_362,0.0,0.0,0.0,0.0,0.0,1485.7532000613626,960.0046771667725,2007.0164310326027,1231.5655837057275,1769.3133350019427,1554.1769137553677,1777.6242408560138,1892.2074891261277,1732.6069426926367,1694.1040088087573,1786.4031634979801,1987.4113332228821,1494.500577003188,1773.3916520912549,1447.782480953244,1282.7192450703278,1616.0395491176323,595.1959232159239,1505.004723408565,1394.821214365993,1104.2807482446556,1187.7135871849089,1481.1671555027883,1098.8073114213612,2073.483087740729,1635.4473278956746,1505.2761125635202
experiment_363,0.0,0.0,0.0,0.0,0.0,1587.7663666476853,1411.8042784852419,523.7218892456235,1593.5868738863674,1428.6506759104955,1448.412172845929,1862.2666092081022,1312.8115235830933,1432.3242982889478,1649.4016817555416,1916.4225145749022,1465.7751073998193,1494.7332792926477,1618.6218149280123,1620.1331494419974,1767.3087794592093,1684.8199512861293,1857.7032307153074,1974.095253529729,1844.3916625399747,1995.1257411032507,2238.06869541235,2153.947808021416,2555.226119633047,2522.166539139085,2423.2179522702986,2939.034808305507
experiment_364,0.0,0.0,0.0,0.0,0.0,1539.7812007654034,1427.4661674352114,1298.2757735752643,1368.8027535076972,917.908607779351,1689.0196726052989,1203.4841347671447,1402.0886215657406,1530.6338244763901,1866.926721953007,2019.0651334709335,1322.866145873062,1249.6961723783013,1771.9965256738249,1587.5788797732362,1945.9303700330847,1597.951068208824,1597.832602182977,1603.3785333090714,1734.7589672400463,1699.4895501874842,1935.894497553627,1518.0704829954022,1918.0702196636207,1936.4653088457012,1709.434214794133,1745.5391142740998
experiment_365,0.0,0.0,0.0,0.0,0.0,1393.9420570064428,1324.6093261488854,1185.3739526015427,1579.8335563071691,1681.9328495515895,1347.804790889599,1418.953441443476,1514.4685788168456,1071.7585829590048,1026.8937749995168,1698.644188397187,1588.9379251886508,901.0463985538508,1681.148185176205,441.504169099267,1474.1395151971687,1409.0748048361377,1606.6259304525204,1762.1831628398554,1470.6635645466158,1686.9765429527913,1871.1547033905483,1939.6349365859066,1616.543088043375,1917.8062146452994,1947.4367888738236,2079.5414317901186
experiment_366,0.0,0.0,0.0,0.0,0.0,1564.2880130315168,817.0435214970809,1333.8770606601247,1442.2802551285215,1326.5129621554543,1557.973273256055,1937.6193852246986,1356.4495511202554,1595.4081234207074,1354.539475113485,1863.1460468895139,1512.544656226752,1620.2434388117326,1513.7395333321174,1887.263296765567,1473.9796873607665,1952.0743567323111,1634.2609590153877,2192.8156101788695,1762.593805663045,1792.9942468143486,1953.7601863540442,1920.544739640532,2023.3435085742926,1855.6146316094855,2040.3097696385055,2266.421735820817
experiment_367,0.0,0.0,0.0,0.0,0.0,1323.0739756708886,1637.4720556728466,1293.1088233264197,1469.5127608901596,1466.1075428393046,856.6126585489211,1954.5229775057858,1990.6580067658263,1650.631742113243,1359.6287302912472,1527.7895164157092,1597.0673301689017,1681.2085554098958,1639.5445469614997,1704.6475221831026,1722.6962533627093,1450.6184284551498,1546.644860248404,1494.652810127189,1562.079904976572,1470.590018076785,1888.4665496597686,2090.239519090406,1702.0749476055623,1440.5024397096279,1120.7975022033647,1723.2743754355417
experiment_368,0.0,0.0,0.0,0.0,0.0,1639.1140336090161,1361.7183344738319,1327.2948338075134,1481.2490655455808,1483.1416550929105,2017.5616738101328,1760.552307496503,1505.8278165206152,1626.5141203707744,1631.7960724090833,1357.0473081295622,1375.3987816638196,1725.435302901298,1782.622194567431,1372.3658237736738,1382.5761362550954,1363.7569074466862,2190.091985021664,2415.795037667698,2041.2375767819487,1921.6426038166805,1980.9928277872668,2078.3372044264293,2171.2209864608967,2405.7190774940673,2339.380603866202,2094.7836552260023
experiment_369,0.0,0.0,0.0,0.0,0.0,1795.5882090724826,1074.948088790413,1542.7073436993123,2093.3166220402704,1389.8746507520825,1017.6989825141715,1997.354287812811,1916.820650578923,1631.122373362042,1559.229246402012,1791.2395875468524,2696.6279937729087,1476.7490426098989,1586.417404558379,1390.8280461861088,1709.2384424357024,1711.2270001486356,1549.7845334921315,1466.5245752161613,1548.0386917204862,1827.0552030298916,1624.7048409641266,2903.6343753094807,1439.9140871715736,1659.2471500119757,1951.7903457876264,1818.4696722834085
experiment_370,0.0,0.0,0.0,0.0,0.0,1612.7348357597216,1162.6283374897455,1653.665670420218,1497.93587451914,1181.7035306963337,1570.9535337649745,1808.9380760718477,1339.2305321467195,1585.9098338795309,1534.1660294506037,1805.4914998746776,1633.7771767672496,1691.131156783172,1510.2105781466544,1626.6342516386376,1793.2263088107725,1403.8722539879232,2221.751201842253,2248.948694025346,2034.2881581033848,2057.862148436311,2246.439631325858,1585.3716966195786,2250.2576316080795,2344.3198948478753,2387.959654407819,2445.631956326036
experiment_371,0.0,0.0,0.0,0.0,0.0,1014.614246244533,1239.7389189468126,1264.1812341819866,1389.3698086837503,1557.634119171482,1082.6058392081393,954.2585547359115,1599.6394684941877,1407.243555769495,1613.3225033385338,1681.9473583514118,1218.9854689646513,1805.7103910901794,1791.1901597369147,1127.9085589611127,1351.2669828229523,1550.4004066142966,1425.5250523326147,1276.3759360038275,1370.8369675929705,1771.7821000808995,1871.983695109999,1527.5660336655226,2169.551894667811,1851.5770711019145,2143.0878762825614,2313.2392132690566
experiment_372,0.0,0.0,0.0,0.0,0.0,1321.3381090804248,1416.137453358871,1002.0439383912483,1209.0944170232856,1337.7541031316234,1313.4392676781868,1948.0520082747566,1683.9667605682985,1542.9261455492544,1601.522076496962,1526.2309897036973,1356.9107924843001,2049.6726283463245,1664.4580836019686,1761.745733659591,1698.6613547323418,2197.1919663870176,1988.6121468803071,1692.5820719909057,1713.091742679941,1954.1257783211065,2092.7530464629667,1897.7452128288778,2153.918463407662,2047.8437865949356,1880.98898564684,2176.578344468666
experiment_373,0.0,0.0,0.0,0.0,0.0,1521.5916599371203,1702.7000694896522,1573.7896796229588,1464.4688192991548,1652.915880827563,2636.206766568321,1690.8984636248442,2031.3204375305563,1841.1006712623748,1860.789478133149,1812.9500040662556,1923.9993546258117,2276.7348950978685,1824.2805161714266,2157.582634465049,1786.837883483647,2216.712358090282,1868.1986561339281,1659.7070970732696,2087.1437898405316,1888.999460504329,2072.513621321084,2004.9296685242534,2247.9280085359574,2290.152411885915,2077.6410387261144,2310.0993546293134
experiment_374,0.0,0.0,0.0,0.0,0.0,1158.9214931551373,1205.4590374604,1031.7560135391814,1365.6353120319318,1378.3510216382008,1626.6828663269712,1166.091873777295,1338.8442947268545,1602.5701427197996,1890.0825755238845,1936.3927380279345,1355.8272065668502,1017.8450631801928,1171.4724469265961,1585.1688264899694,934.5464508391042,1350.6025440347416,1470.2333467890176,920.9914106027448,923.7697649512122,1470.39693437032,1714.0975272178532,1724.0938768662968,1750.793209796443,1823.345333872263,2010.2074198850817,1825.1886328641642
experiment_375,0.0,0.0,0.0,0.0,0.0,2089.3182313327598,1219.627889936083,1500.6094473592425,1317.8441337652205,1156.4221836021648,1661.3898157872445,1708.7771066660034,1444.9679607643457,1579.4304988658314,1373.9355674817048,1558.2720096713301,1768.0040825443753,1512.7649195586505,1666.4577018911255,1627.6772366286195,1441.4106611888287,1303.4074063514333,1404.4535168776129,1905.8508582239442,1267.8969331153226,1398.916952759157,1656.4997735331676,1739.5181481023212,1576.4735316773947,1683.3011730276066,1482.540979098463,1875.4390335739315
experiment_376,0.0,0.0,0.0,0.0,0.0,1287.5414954757712,1441.5791686798125,1787.0181663230524,1428.0119731248092,1839.1489783265858,1747.3509537359907,1380.7511726831483,1734.3849237274194,1658.2194592338485,1588.0171201889252,1430.7536475144727,1955.6122775071526,1874.103557367963,1503.569713370944,1650.5565956627415,1653.9623936791559,1848.4592033368522,1963.5340779040791,1865.1707655460414,2131.429935864213,2034.347558134348,1593.125613399078,2171.7895271686807,2272.275744952495,2105.514313682874,2661.4441404054533,2058.9437004307256
experiment_377,0.0,0.0,0.0,0.0,0.0,1172.6282289185012,1634.0863036014932,1502.331084953909,1341.9448338125746,1171.3374253401753,1784.4158918387996,1515.7454181332403,1125.6363536727158,1741.5726294582703,2074.250253536622,1728.538945932089,1917.313743631959,1885.9672637880976,1444.437820158268,1483.314053773268,1212.2188077089281,1257.228844062494,1372.8990453255306,1525.9533141394368,1675.0880019103413,1614.8046844172002,1387.4146246748555,1651.1084917488295,1318.9354831340763,1724.5450987971956,1313.228204460207,1921.34186260989
experiment_378,0.0,0.0,0.0,0.0,0.0,1457.3457622189526,1263.4831019272037,1051.681826445444,1382.3857255615937,1381.5185548582504,825.2269595104653,1469.407007607096,1337.6485093938352,1381.2097809424781,1432.900030952707,1351.6579958262064,1570.0493609943446,1370.892393264579,1405.7838827460714,1218.3002008425817,1590.3894618751665,1435.9628806300384,1877.7338851666063,1617.8019138774364,1391.5938709284,2027.3624379918215,1746.2800413061505,1828.4185328198232,1719.0369171843938,1793.7718547959396,1664.8760681770991,1714.1275120566909
experiment_379,0.0,0.0,0.0,0.0,0.0,1055.109401068285,1491.8088723720687,1655.1296050676142,1494.4085147555159,861.5726560942476,915.5110042383653,655.413395065852,1410.1991844756067,1245.990154024955,1544.3113331128404,796.8103253303141,1272.3556178278986,1676.8231302580448,1531.093782635767,1223.575878561444,1911.693636474799,1658.431596519144,1613.670302944736,1974.874023188153,1444.1976141077328,1474.9734507459507,1672.1020038483125,1568.9686192200543,1582.9478473080615,1770.0558995883557,1362.0148746528293,1751.6195645484863
experiment_380,0.0,0.0,0.0,0.0,0.0,1363.1313173902709,1416.2950323589453,1294.623146673682,1771.3809273123356,1731.9056330985595,1613.610547429141,1564.2571466186064,1438.36042761346,1503.4847773055399,1709.777573036347,1366.3462378300464,1365.451228657008,1714.985809512538,1824.5682638466574,1947.9124018609411,1172.2174648529813,2201.0515287474796,1913.5789121776095,2135.534721760485,2096.443179928838,2037.3208460958444,2079.801722880748,2517.7646340404963,1936.0626571245748,2258.5129667591855,2296.8047467172782,2329.3187413438973
experiment_381,0.0,0.0,0.0,0.0,0.0,1006.2512357593655,1367.7365978301343,901.7866631421256,1284.879831705539,1290.5513274771142,1184.4998718573154,1836.3786728368332,1266.7203637341333,1767.1174197551518,1835.4627648573846,1789.9019049283588,1392.0281716169175,1886.1805506186363,1694.0237456300408,1804.9393507257075,1947.941637501951,2000.5230244196466,1736.2827594359446,1569.4000901703544,1593.151664245642,1737.8818035465433,1838.0899149087054,1813.6315876032593,1730.9998629774227,2068.85245570656,1920.1033524073464,2123.8475011345895
experiment_382,0.0,0.0,0.0,0.0,0.0,1204.2929620842283,1679.7277751952906,1159.297701498197,1694.936359418074,1434.3696809305397,1603.4444761289558,1293.3509687717587,798.7149611529377,1756.733092986498,297.40953128612455,1574.000919557874,1961.283648333483,1446.9491698002448,1936.5114635476107,1701.7944041798653,1593.375788116278,1766.0495506433028,1888.7585237007136,1757.1596508126795,1974.2840014016956,1965.6213378847779,1764.7709240053978,1962.2375378031493,2037.2844518972788,2296.577776307689,2383.18773357561,2392.762343124473
experiment_383,0.0,0.0,0.0,0.0,0.0,1641.4697801012044,1563.209191755263,1386.9940599686151,1550.9163711838087,1681.9983770335552,1863.741871878397,1947.32637631709,2122.8140541815224,2189.974721632001,1899.61774433071,2088.5219806379587,1892.6045400796766,2255.2972321921225,2034.4203671615537,2493.728751472802,2169.549659054248,2208.233131730084,1891.3656513574574,2237.650374075989,2650.9514103875267,2291.243988322647,2295.5596302809317,2159.9576074278802,2153.694507969173,2401.1024811180473,2672.6264514807167,2397.2390095843753
experiment_384,0.0,0.0,0.0,0.0,0.0,1289.6196474973983,1212.340823225884,1087.4742347667539,1304.9727875583217,1569.1923560894802,1519.587191313991,1263.6829508470605,1709.2414910961513,1707.0398182090873,1951.736697860299,1381.6714849602627,1319.372137092391,1604.076708660798,1776.373619819205,2010.4849823055274,1660.7928285379612,1406.8415019462097,1286.6678953205385,1302.4443330563115,1407.9042674140856,1327.9881989736557,1032.9256349147015,1827.714619132108,1703.36712500693,1252.3691632167672,1444.47505411859,906.2823735269506
experiment_385,0.0,0.0,0.0,0.0,0.0,898.8666392029161,1344.2695665792771,871.8546971953854,1167.9986598249984,1997.0927729083103,1875.3588053231001,2056.060406706182,1674.2622301125787,1431.6862352101766,1607.360402343082,1102.0595632141394,1509.1422062840045,1433.1788530441568,1677.922017576699,1639.8207410045388,1425.9387265849978,1552.5182772067135,1524.906707449913,2013.2568156129903,1896.3639582125152,1755.0026951478153,2188.5172743122544,2281.3408050453427,2133.2626706308065,2008.97040033764,2136.0075743029593,2157.411247740054
experiment_386,0.0,0.0,0.0,0.0,0.0,1203.115471663857,1423.2459405030065,1108.4455595597976,1329.9859274772339,1271.4046858941542,795.7099430404605,1347.4544641059942,985.6533465854172,1261.7816286341306,1303.6652966387915,1281.8145330316042,886.4128721487405,1226.9154721273733,1377.7781478502206,1747.419561355135,1564.2384165793017,1315.140093049477,1685.995016669743,1450.1578642228812,1414.6712227514986,1570.3729989912058,1308.7949834937642,1507.1664624851303,643.5557239606856,2250.7894764824714,1435.8280945057743,2560.182806230777
experiment_387,0.0,0.0,0.0,0.0,0.0,1834.244595983314,1478.758880784147,1294.5899566507126,1694.1406659073564,1670.8546501546389,1247.4987278983972,1352.6561942508217,1582.1008317884439,1598.6316464789854,1623.2341534062828,1524.852291647454,1498.3288819395775,2217.949023543443,1606.6076006777814,1400.368631174855,2042.6133246007278,1815.2669530296905,1475.025928197334,1359.5106361496155,1867.681445384766,1762.2826412486704,1835.5028858392618,1851.065693894196,2136.7059111715816,2091.244881483867,2143.6508353902273,1998.3302177619018
experiment_388,0.0,0.0,0.0,0.0,0.0,1580.5988631193995,1505.9822110298255,721.997211552878,1150.452803400752,1067.882655668651,779.7901059594147,1430.9062023469955,1583.714507115532,398.92864859109727,1500.7072859112843,1280.72626476615,1822.506310257726,1485.404172223686,1219.5905644343247,1474.0247191158646,1743.2519603881713,1674.697342291879,976.2824908620447,1823.6243342143432,1689.0773022710223,1682.972311853936,1845.3603761720246,2001.4514707508372,1960.121775312884,1795.69233286995,2208.947990726747,1791.4457060837976
experiment_389,0.0,0.0,0.0,0.0,0.0,1452.6484932143514,436.0044653153612,1255.3367529108634,1588.4489695336838,1421.306164869036,652.533397581778,874.3048694233077,825.2933988789244,909.5679532306773,1490.4179859228284,1423.621418246866,1004.720923215575,1153.9331963894301,1620.8322465018218,1477.1945283995638,1505.3672957214717,1300.1385773254185,1446.3299072218797,1067.6919220323184,1067.0458509607622,1475.505654664672,1177.8716935270993,1162.5830692370755,1538.9793825983,2021.4466114637494,1759.778001982552,1919.4131577375554
experiment_390,0.0,0.0,0.0,0.0,0.0,1079.298238975492,910.2902796044696,1260.3968501558206,1158.7476054708054,960.3258945864983,1205.2241962785429,1375.0244902326763,1047.1841966344623,1462.7533371484105,1487.8734036149572,1699.5421495021712,1463.111117395931,1447.8088950162805,1179.8131471069662,1459.7915968838463,1630.518340564739,1398.5020252281158,1584.6589231703713,1583.673943665563,1787.3727186500828,1673.944199369635,1825.2629013479873,1648.5075522641216,2073.6652993432044,2131.047127235112,2161.41388844672,2282.171269811342
experiment_391,0.0,0.0,0.0,0.0,0.0,1593.9031970971998,1410.3872283035428,1433.027387832144,1444.3340543949594,1202.8453851267168,1477.725173164822,1236.9879970445966,2263.867198545024,1687.1590425937027,1344.0988530655356,1683.0300872117161,1840.1967139294088,1342.6234886224393,1676.7041367523484,1755.6505235654486,1320.6405590445918,1011.3096935482553,1429.4793234538242,1562.466635332708,1661.7600091881345,1148.1214449297681,1811.0226178868006,1485.1136999879768,1849.7631288025507,1535.6891939483448,1371.7712471465502,1857.4310571425176
experiment_392,0.0,0.0,0.0,0.0,0.0,1880.1344404600238,1602.9522147299592,1619.5445117114084,1450.4400107822748,1243.3939464031732,1207.8420128479195,1298.0709114821072,979.4271253202359,923.0517690953438,1598.1304234358506,1914.0341635468199,1396.9407594903962,1139.5591055768004,1583.5404924784234,1366.093724006184,1411.1694332116576,1797.3783183642659,1661.3175590294227,1936.6329950832405,1669.5905669630035,1713.3251282272583,1727.5005444424364,1690.0641772089602,1905.084751694661,1901.9048883634293,1847.7709438153006,2126.5399335376096
experiment_393,0.0,0.0,0.0,0.0,0.0,1412.5743182515162,712.4522618297411,1400.0888894726363,1410.4657652173182,2260.234662324193,1329.9292708627986,1399.7164141348835,1194.4004107017583,1329.8823345353612,1574.3663473088952,1179.880449165918,1096.3081493678224,1311.827016132972,1494.536547253455,1641.7797846130443,1889.0370417926254,1506.6727472807067,1496.555849226127,1640.8634900020681,1752.0392087708078,1608.7093874420925,1445.6004314212128,1676.825932813201,1698.3439508696795,1801.8672545891568,1442.3135380945998,1678.7270001714116
experiment_394,0.0,0.0,0.0,0.0,0.0,1678.1198286600584,1488.361085403923,1690.3960671650648,1442.9015195075035,1870.3378378253449,1581.857838630259,1460.027614346952,1579.0332572912703,1777.9397229866104,1855.0466466414905,1625.849107250846,2226.0017450375462,1498.1241272525997,1845.0582946917762,1769.2258793248677,1974.7525373699577,2175.264454302559,2446.9629852816224,2176.5527993400483,2102.836047081153,2073.0181528134744,2382.154985981823,2536.1129217035996,2317.977682103232,2206.8252052928174,2662.703079175134,2503.579847627734
experiment_395,0.0,0.0,0.0,0.0,0.0,1401.4958428297552,1558.9854151632128,1647.3967870780552,1532.394913477282,2104.9754164055585,1507.7013854338081,1707.952317407461,1793.9119648914184,1914.3113652368297,1879.2725889526537,1700.830010152989,1651.6178606732071,1752.801113013725,1655.3219200312105,1849.918944851554,1577.8555647994756,1759.7864369824647,1653.7065345072408,2111.5493409638107,1811.832906536874,1848.2966393646582,1851.1629124323213,1620.3597766510793,1837.503374020277,2228.8112188296855,2089.0086491289426,2244.207225743242
experiment_396,0.0,0.0,0.0,0.0,0.0,1514.7758000745403,1499.3108210394685,1111.6039454905215,1560.875353765201,1696.7451886436038,1434.475861261932,1418.6383546991678,1404.1170507792622,1139.5336756504607,1765.5311671723769,1362.5833591603064,1450.2674270413395,1468.0997511813243,1843.9569682391418,1477.8849320567147,1911.2184429168556,1507.2197065385476,1643.9370920462288,1610.4960879624978,1648.704062697419,1805.0759785775522,1793.8206713294067,1884.135422888551,1786.6759953675103,1735.0653104878916,1921.6143068716551,2357.221373503594
experiment_397,0.0,0.0,0.0,0.0,0.0,854.6752999900211,1458.92971614863,1278.6693385870149,1725.7964312189736,1487.1039553034234,1292.292282068959,1731.8000444085112,2144.28353042327,1502.9286584972094,1621.018432068341,2086.493451660209,2070.558215996921,1660.1508951362455,1727.734529603931,1698.510785451313,1787.0492141896016,2015.1293746176032,1543.2126679213127,2197.315650754371,1894.3444474072382,2097.8627647857916,1660.1510107785873,1945.3226595527647,2048.774580907111,2106.7982561606636,2401.1231555528752,2022.382769957409
experiment_398,0.0,0.0,0.0,0.0,0.0,1449.3850394021713,1241.4856725327809,1259.9994040768916,1669.6174134232165,1533.0914412647794,1527.2573254181689,1572.2083965295096,1580.557820859226,1020.277173439089,1718.6079058844457,1409.0873198683166,2053.425534929569,1719.3797024412395,1525.160568166471,1941.149010180737,1616.4819886570226,2091.2197886140566,1703.9331875032192,2213.953361394529,1892.8818131769854,1843.7104798740856,1943.2856672084188,2413.173230473532,2214.9749912238885,2086.4167853532877,2358.212566486349,2712.906676159385
experiment_399,0.0,0.0,0.0,0.0,0.0,1103.8914806609557,1067.0672910158944,995.3244302377902,808.3643162462417,308.53681565009515,1300.7837896822066,1719.9813182005114,827.5009741482559,1090.0694774544443,1497.6762497199377,1269.007121976722,1550.3983179408408,1367.1803024758276,1298.5406453660812,1365.837957261951,1321.2250981108577,1411.56848612325,1449.4758473815368,2067.0286698595396,1480.2922122699495,1702.1235620288978,1499.041689710389,1860.2427099435395,1690.7336612068816,1775.2374331409812,1168.600996199084,1912.1609335768217
experiment_400,0.0,0.0,0.0,0.0,0.0,1191.137048529905,1102.8066518925116,1061.5485445329905,2122.9657301288707,1642.513623487509,1016.6723138482594,1899.7015714086967,1238.4639853267493,1587.2274572730544,1548.6703515034833,1855.2018786060344,1891.1889358981591,1840.815952046168,1574.538082682589,1640.3672414170262,1949.0666347761396,1527.512935914697,1977.1302797051435,2005.2907039353488,1559.3293441142794,1731.6455433442225,1751.8759764267456,1851.6300203831674,1674.0458646832003,1937.7103236553494,1894.429709671215,1500.7584711979937
experiment_401,0.0,0.0,0.0,0.0,0.0,987.9041064955622,1320.524546245062,1825.3910067952556,936.3039825615949,704.5898764104649,1551.853766791306,1214.98572234721,1241.2389044373579,1075.8556242519526,1708.515438938517,1169.3638630899738,1104.574518676195,855.710200356877,1830.6506877302238,1760.949796284312,1519.2092232323862,1614.8147844420857,1318.064562159398,1301.6612165740835,1393.503189306969,1629.5202265388232,1723.0592302056039,1498.7683807197375,1602.629797433476,1404.1183108874222,1561.9276855014384,2172.2709637966354
experiment_402,0.0,0.0,0.0,0.0,0.0,1680.1384971625212,1023.2856772397731,1401.975084772787,1893.8096824059114,1315.0097622017124,1548.759053621131,1235.6484879023042,1560.521181636258,668.2322314186144,1363.7484416736313,1622.2420046882935,1766.9546945050906,1123.969197720334,1372.4455114889402,1479.8377313006072,1394.0129666279104,1668.378918580497,1781.4197252887277,1778.8856605617461,1927.619816794158,2559.8316056017866,2059.4086554216224,1675.0586646807542,1809.2749055227403,1959.836387107333,2132.1653603105433,2090.546094125775
experiment_403,0.0,0.0,0.0,0.0,0.0,1628.1827700146098,1419.5625896071879,1558.3242202673352,1625.2395211599896,1634.1968915487025,1465.3473571255636,1763.8647396433635,1748.2331568343818,1793.134484708431,1825.1153622641918,1549.3694807667998,1787.5329022974202,1571.0171208160796,992.4492642272359,1241.4910618004756,1794.3902208059062,1249.2862402136282,1446.1220001379904,1438.9322453418276,1412.3118137515492,1408.5485940781903,1332.0079643670006,1681.8530974217429,1683.2755459859738,1249.0858303177197,1352.834409155771,1840.8257643594525
experiment_404,0.0,0.0,0.0,0.0,0.0,1699.2917624029933,1295.1804227239743,1429.2491126109906,1220.7796371254583,1706.733434216498,1017.0922816078362,1744.1495328448527,1561.5968694457865,2057.9064180184564,1862.5387829664883,1487.026811314557,461.24657785517917,1613.9011726213157,1780.0878969802518,1316.7188598641587,1629.5964875701839,1997.1806209170616,1967.637489297993,1860.855856943309,1935.7885443996838,2221.179089171948,2226.2882117111303,2366.1373574704867,2229.0188655160564,2388.5554616070704,2241.7931398973246,2130.5262471905626
experiment_405,0.0,0.0,0.0,0.0,0.0,1788.577132952349,789.2418085999934,1527.1389931042893,1337.6971678087643,1496.132160268655,1344.5453072264982,1625.3457179363536,1646.558558968169,1594.4485379763978,1581.5768410730716,1502.6837916502607,1840.9790001918157,1905.2308421079056,2378.6929167288754,1880.4129937196626,1723.358124264066,1792.684937612575,1927.1420377275294,1969.8753205148932,2310.203318548086,1869.0887747940274,1631.9960006217811,1824.763140590526,2062.6002227548347,2087.149125083542,1993.1888211935923,1942.5046326341444
experiment_406,0.0,0.0,0.0,0.0,0.0,1499.4789923107553,1458.428756870419,130.84532608054576,759.6185183918593,899.1649088919896,1379.2557229551064,1353.2538149820352,1427.9108300900502,1634.8475107742677,1724.6001930035393,1379.3121235861167,981.5692703249811,1151.8810192885358,1556.7284223541164,1489.374440671261,1600.7819275448555,1312.1702504903624,1636.4300190010058,1648.9105977159431,1722.640891572376,1685.2242108518858,1662.38646561558,1712.5161602106746,1965.1242349910935,1897.393321585787,2582.9247982993047,2064.4519029662692
experiment_407,0.0,0.0,0.0,0.0,0.0,1202.759832760902,822.9405814313191,1728.816531404983,1209.91766951081,1169.2964969897957,1195.589856664331,931.0026368705277,1339.697136244341,1611.214295027727,1358.2385981859793,1256.9135706241925,1501.7538661610108,1766.3584556705805,1326.0959045178975,1445.710478941115,1605.7034985381463,1552.7332622426022,1561.637098790962,1838.3070788594612,1900.5466123541491,1373.1932393221673,1749.8021312848919,2543.6556089606056,2065.4345931530297,1860.7518682043628,1586.909330736436,2151.695978122077
experiment_408,0.0,0.0,0.0,0.0,0.0,1526.3977987611588,1137.579433024169,1480.2395001114778,1524.1201052700821,842.3360669641995,1335.61051356312,1398.179826417967,1688.6291294399266,1540.456081114994,1669.3410846174863,1402.9830919903595,1888.564676456883,1779.2423938081674,1375.1924881156149,1599.6179717645014,1844.9726377278205,1795.7235627847915,1299.3284641640037,1762.0630854884853,1510.2890011554482,1535.9560325433035,1854.4474495919274,2017.782481922504,1827.128604155185,1851.2105417857124,1798.574345637945,2153.835594659999
experiment_409,0.0,0.0,0.0,0.0,0.0,1349.1435223271203,1523.07042868678,1429.5972575353953,1678.3357863642273,1141.5310586901346,1297.6484124710582,1270.4862731748672,1356.3635917456581,1704.9664974777756,1800.0567784702016,1709.8462772711835,1416.2458258539045,1504.792863832371,1661.8734971268004,1520.1012104478582,1921.4068981339606,1927.585435634504,1673.0148692772566,1810.952729095785,1560.3031848187118,2189.6016481705756,2438.861083059262,2015.7397678787438,1808.1120082712796,2216.9485903039085,2439.806041161556,2325.556736046271
experiment_410,0.0,0.0,0.0,0.0,0.0,1673.6814483887642,1379.0447764760136,1297.936529965676,1525.510639698843,1368.7568401502958,1590.2147251615943,1031.8863081661443,1747.7938159469497,1537.315292949862,1660.0446065160136,1834.6041246563286,1755.5225417515637,1782.5686692371557,1850.4477416631132,1645.948605575627,1843.3257489279986,1951.1588053083951,1782.3354635443075,1766.8316585059756,1835.2150227986917,1939.522361833452,2063.38897567693,2135.4721310885966,2057.2577308711907,2334.7135303010305,2479.504336588824,2538.362571288632
experiment_411,0.0,0.0,0.0,0.0,0.0,1468.7071459875867,1470.1250615184522,1780.443636877142,1455.1685520531541,1229.5109377893,1753.066077082001,1551.5753411844867,1641.2981078596576,1477.4920244967327,2085.1904802405,2030.9612445719154,1576.052271660457,1945.769895910505,1866.97328862123,2005.8792312677997,2170.2145941895615,1885.094408395728,1524.452113258142,1915.4463555580871,1967.1934453232561,1887.2239488749503,2349.2117473307394,2036.3110438227368,1681.8997477272621,2213.384778109354,2376.9446534515823,1935.2889565961973
experiment_412,0.0,0.0,0.0,0.0,0.0,1246.0875039313582,1827.7090866219464,1200.3134300814088,1046.0763103518523,1509.5504257605921,1611.1071045844128,1376.3541797899657,1185.2021009641542,1390.6570276818493,1192.3215388187182,1407.943130781563,1561.6024906205732,1230.2141678482003,1232.3092027057407,995.037798645538,1405.9254535842579,1434.669765228269,518.0762412221892,1580.4472595224174,1285.4504250970576,901.3173544933315,1535.9399070457355,1282.8885155657301,1893.218653779493,1633.3133028010634,1718.4412133924648,1783.1105052010894
experiment_413,0.0,0.0,0.0,0.0,0.0,1256.4881704097834,747.739298368007,1830.7936893853714,1327.1147142930133,1019.4122333333112,1491.7451967677434,1242.4242073730497,1689.1347090386973,982.8605559512564,1588.8671915607833,1329.0800587861136,753.9013534170228,1755.539644096642,1202.825332348038,1379.2022064958915,778.1142752253838,1445.1029055102422,834.6776668376235,1906.2274139731226,1374.7304345170853,1631.2042598380347,1656.6936756853643,1693.5128542629502,1727.3622207949331,1652.411162063815,2030.0368411456577,1884.1481421988562
experiment_414,0.0,0.0,0.0,0.0,0.0,778.991510334663,1725.5096503372283,1666.7427993120752,1570.3420618648777,1369.9678332433568,1290.1857462756943,1663.2462666939866,1758.0319779952893,2092.174151156381,1873.529741820561,1716.1468204601158,1584.0453293631776,1768.2721062119017,1836.9794732856114,1865.0379053346696,1562.0595231589093,2000.0165073699752,1995.3691327661127,1685.9577379060574,1613.1480051797698,1890.7520073007165,1699.5082080593654,1671.7683768481163,1421.8008928992513,1578.9886890713224,1743.7943870687332,2008.9843617072977
experiment_415,0.0,0.0,0.0,0.0,0.0,1798.5725450721689,1088.3428564124126,1645.0502128209384,1541.1183399560828,964.7510815341807,1034.6163794443355,1347.8654656580177,1360.3175320299115,1746.601800911806,1643.0386124937309,1829.2167857927802,1885.406889723185,1763.3846405338775,1676.591359209277,1733.061770605194,1910.7892479708107,1225.1751599744225,1800.3085728389717,1324.7726326898128,2170.7703440739265,1877.4437446562883,1430.6812805615969,1368.5787363864324,2117.128876321739,1429.1769091843971,1534.9383333672267,1414.5119351989024
experiment_416,0.0,0.0,0.0,0.0,0.0,1652.3217906380755,1219.3394876025463,1169.1926449054272,1130.53131289995,1832.8341442916299,572.3368165659081,1796.3921731090204,1783.6111158407334,1027.649176257175,1634.9284081877868,1570.2314481762025,1442.9421753696286,1889.6755083766197,1589.6852860157642,1424.0484405309717,1164.7826814305377,1308.3069993410538,1866.589908443724,1691.3216192477366,1567.2998727883646,1707.7384276565206,1636.3386857189903,1836.3632125132476,1830.5498098908026,1779.1345823339352,1874.128174418027,1932.919696582675
experiment_417,0.0,0.0,0.0,0.0,0.0,1333.1283447446788,1389.5926769102502,1230.245136889714,1899.754189988881,1367.6616401723015,1189.302489167103,1665.2781215375267,2254.577438900759,1267.092803224144,1750.0478204018975,1843.9611477419758,1215.2342796006487,1473.5045703471856,1873.0116790146503,1844.8857949852363,1879.0799686076984,2084.198505900663,2144.340157970184,2318.7662906251444,2119.6879006793365,2288.031918529222,2224.8245832194957,2469.6751619584925,2433.4069534397154,2689.6862378170295,2747.6127384324077,2870.8156521837477
experiment_418,0.0,0.0,0.0,0.0,0.0,1675.3010171141073,1566.8760901333942,1151.6879850955281,1981.8765744928048,1687.0405726943463,1360.4882569245146,1831.7427135381047,1784.598829929807,1548.1971082821788,1811.8766351295387,1783.0369157831362,1916.1180201189761,1812.0251895868741,1471.3269453407565,2090.089190273791,1807.0299941388598,1869.7193951514873,1492.9893229897918,1552.915101931758,1856.608587763167,1426.4644784094949,1776.372275660608,1952.7788233124086,2343.643404186327,1612.1718551335864,1903.23289127332,2063.1958087794833
experiment_419,0.0,0.0,0.0,0.0,0.0,1262.4548490489644,1298.7649089381657,986.5358448048684,1510.290865378029,1450.4220839965342,1512.3927150110615,1219.2697775994322,1469.217342715729,1673.2335973906881,1157.3639605375927,1315.1873610291618,1729.582586803358,1629.6526072609342,1603.5094219015039,1915.8870532025635,1727.445243946774,1558.0750156849977,1729.8311840526044,1870.9377991580443,2032.305748136057,1652.828126870328,1733.1945838388917,1334.1876543923638,1597.9579758732839,1738.6771593727167,2039.3906112681325,2349.040050383996
experiment_420,0.0,0.0,0.0,0.0,0.0,1175.1389299553473,1583.8546026623276,1011.0513495164232,1617.3547708604679,859.8723247273404,1367.0412389229414,1643.7204776327328,1156.924115248425,1543.9362769786949,1986.0335081113874,1289.0555613973283,1485.4421635825665,1348.5275057524318,1755.5867634295569,1364.2678656642042,1472.6104508555914,1914.232108699187,2083.476544162601,1880.1204585755586,2018.1955427641442,1460.3167423430832,1926.2823510840683,2041.678222551356,2099.253246321933,2164.1308757755924,2058.307889220681,2205.4622589454934
experiment_421,0.0,0.0,0.0,0.0,0.0,1538.288292123454,959.2473393114612,1421.4876107403513,1456.7829318510335,2034.8289526180406,798.8679727584998,1868.0325951216587,1500.084392621156,1462.2612775794894,1432.016796965324,1522.0026488113474,1689.6799932213019,1393.0170597852052,1600.3012642121655,1747.9297753243077,1823.5152095563362,1966.3309339736968,2144.273413228556,1588.9693557422909,1876.2463200750692,1162.4266648885516,1553.9561969837027,1851.699715451659,1657.9521168455344,1771.616724127761,1575.941361341866,2140.78020060805
experiment_422,0.0,0.0,0.0,0.0,0.0,1723.0386504389064,1486.6225644506092,1459.234991517328,1220.8047783352326,1396.6915087552957,1296.8951167170362,1627.433635246121,1374.9757140443444,1732.616909581366,1373.4829956030494,1671.3439701586105,1897.925694584487,1430.687702002714,2053.8723520517524,2176.5690440714416,1116.300613214175,1594.5679824285407,1759.159204446462,2295.430542057852,1787.4161134410406,1609.5099964756682,1731.9243531731054,1623.0830384822536,1799.2255835322471,2218.61056709657,1953.4062315546958,2143.290030166865
experiment_423,0.0,0.0,0.0,0.0,0.0,1104.7183889964942,746.2720557276258,1380.077813397899,1294.1261373031373,1434.2255931919967,1761.165180389245,1832.0708784297428,1460.5074640089945,1726.0742972486717,1629.9066644795619,1885.8226971998672,1640.9166240623363,1404.1999034823266,1591.8999930312034,1658.6159001546007,1492.6808812587374,1050.0605602642925,1492.243454066594,1497.37168486579,1610.0305515077653,1600.641205242998,1871.4492943796697,1710.0726436466216,1844.6071709356206,2203.372662452829,1993.1740124068892,2029.132169347044
experiment_424,0.0,0.0,0.0,0.0,0.0,1650.671229948434,961.8945528210479,764.465943883764,1114.8196829477267,1862.6866166463076,1148.4274585956944,1658.946848373916,1504.6593080488133,1724.6316015518398,1551.7361486027844,2141.9641074218207,1675.9572050328045,1772.391394737473,1531.9500799744555,1225.0829569401033,1804.213657620966,1727.7730631322474,1038.7513720381448,1111.3287299748952,1918.2103577352186,2041.3093674465142,1834.336858579294,1676.8939579276084,1951.8298118023934,1999.9555617514764,1062.2134699959074,1859.667055722011
experiment_425,0.0,0.0,0.0,0.0,0.0,1392.119476407419,2047.6134066475684,1780.6759234372478,1905.8837996119764,1647.8476050491047,1554.4787768656556,1629.5971150731502,1779.6354930221446,1876.0999458810243,2263.8648064843214,1917.2669668105702,2049.4502306322843,1975.7533243336934,1936.6713850514566,1914.4639515630392,1788.3102699148244,2163.6109677192317,1761.1099585576615,2091.314474248892,2124.272153929426,2156.2864033122114,1850.5214945640207,1738.4769737548122,1899.7737081585205,1942.765212900697,2292.351322281331,1695.4239324207929
experiment_426,0.0,0.0,0.0,0.0,0.0,1378.2282133296267,1696.147253269462,1703.67978722486,1910.523594280895,1649.7060932750826,1458.21201857344,1689.40684418029,1149.2901022178607,1844.8524243040747,1817.124875306019,1461.2687670936798,1480.9187387400075,1874.8904934717957,1697.8265876157616,1582.9231362801747,1362.7600014244904,1529.6606867126384,1340.6773504211071,1144.626637889911,1320.067899248452,1369.3074673581887,1293.5830492931946,956.6392520186373,1514.6263787656603,1414.9870125619912,1230.0196491824295,1395.5084381556223
experiment_427,0.0,0.0,0.0,0.0,0.0,2088.1469411315275,1530.6774399316062,2060.764727616939,1191.5809319956336,1326.350453896624,1735.3398989112425,1651.8097651856992,1390.3184491706238,1516.9031987221003,1845.700646226759,1602.4989935723167,2132.21374402946,2079.747397633413,1618.657044833882,1841.3570103655852,1853.804193345528,1800.2737218964244,1827.0550015792223,1969.261716150053,1630.6128506101843,1842.0245083233206,2148.7250091192673,1957.2836231942015,1943.3431961678702,1937.4068251352378,1929.023313239355,1941.524828880325
experiment_428,0.0,0.0,0.0,0.0,0.0,866.6985500920537,1024.9180678768455,1646.623060441712,1456.5811081365441,2363.3487816453808,1317.169817237963,694.7178219146826,1585.4158547274933,1605.6070591250877,1482.6095668899245,1624.140057742682,2274.745641062199,1839.9440401756415,1468.511236174586,1706.7108325255274,1780.6106260689521,1669.327494598182,2093.3722045303525,1973.6808447141502,1313.1574709593262,2143.222867491594,1931.5302925076785,2433.8014791754163,1952.5056760687098,2477.1485834300697,2348.6509570333087,2182.521192475124
experiment_429,0.0,0.0,0.0,0.0,0.0,1218.9980143979294,1606.3922329314132,1303.857373749354,1337.2721525572451,1709.6245182458506,1756.923638435308,1471.212435602752,1466.5366703853963,1478.6682940574578,1543.8169552420595,1791.7888825284112,2289.986604492259,1517.9459581961396,1893.1027604997869,1247.121876685877,1724.0289819341797,1745.003294070027,1849.4202484323866,1917.6955172777343,1960.617550098102,2026.0977404997648,1824.4902884385601,2116.35681229221,2193.476807595704,2153.7341399437632,1982.0542204653138,2234.080653803763
experiment_430,0.0,0.0,0.0,0.0,0.0,2004.99817657342,1455.9917184092087,910.6218457001962,1276.3823977718025,1382.0804397003908,1105.6448091589707,1303.2644803194928,1206.1813220271943,1371.8986212180218,1449.5448226520712,1299.6575753394131,1591.1117873103894,1401.2544039132204,1487.550218811599,1607.0932586656504,1474.9862233897943,2091.825006218921,2030.8108656161594,1810.3126661007336,2176.771051440103,2133.583756423938,2035.0922514175759,1674.8584127683637,2480.717679247954,2290.699452386539,2165.001702400278,2297.324830401141
experiment_431,0.0,0.0,0.0,0.0,0.0,1597.2679038992983,718.6453319287531,1303.8686470264497,1715.1895342154985,1164.155738046853,1418.2631695298564,1336.792777691125,1317.0849227152867,1130.9778505770032,1428.3949192404423,1620.7250117429799,1236.6192606157394,1479.001967809831,1376.9720950747446,1032.6962675122663,1316.2370011562673,1975.283718826507,1430.7915773921832,1554.0624619810537,1435.0336066228201,2259.86110749514,1884.7610380754354,1947.4865793580416,1630.454972360595,1965.1764870830757,1868.4910866067894,1821.1840945900885
experiment_432,0.0,0.0,0.0,0.0,0.0,1519.4078616380757,1259.6176250058134,1278.8712387159635,1597.0618849105147,1286.7639563005625,2001.922346431266,808.0519472006308,1057.1810047787392,1496.8337927250057,1577.5097715256175,913.5506384241114,1647.1155724176153,1313.055683847544,1650.3821056578968,1065.0161209363298,1934.9720614006064,1996.8676927059676,1653.4194265080005,2156.221877396555,1876.8271722338875,1835.194154924349,2030.9711387259117,2139.7440707490678,1861.8757668065532,2050.516256917943,2132.426538303179,2142.1714486586548
experiment_433,0.0,0.0,0.0,0.0,0.0,1275.8267764449176,1379.7097412873234,1571.5950990975919,1613.738291824835,1436.8411672322918,1681.4777214529327,1736.7223406981452,1394.1303999613658,1689.5383293177938,1601.9806622163753,1644.189374103431,1621.3324016925512,1754.6425079517264,1120.5572150552257,1367.652780395695,1564.7108711633862,1624.3894169133923,1164.6618564170287,1576.7858298366414,1807.576526266867,1555.7032538553003,1651.329170264863,1497.7021676719746,1751.3747003289827,1617.3579163657537,1963.0643840733771,1807.1025009960947
experiment_434,0.0,0.0,0.0,0.0,0.0,1089.2469132656508,943.8092339874679,1514.6482424109267,1078.7254357921574,1450.3181945863896,1357.192079798442,1534.4439182533624,1346.0663579045158,1305.6692837197165,1222.7016327890594,1538.3360939891097,1296.2944619056111,1436.563914910275,1479.17183820755,1461.7047902366958,1351.6039736479843,1281.9285938109915,1290.4615928550088,1462.4854296969188,1447.7196248580885,2425.796677619325,1664.5322275890715,1997.6024764853516,1745.349240461342,1699.519760958928,1814.7824594577735,1705.2907713201182
experiment_435,0.0,0.0,0.0,0.0,0.0,1244.1145073827768,1888.066070673358,1212.5136277577808,1743.420463466024,1663.8736089745153,1289.34616309248,1691.2231777605095,1059.1692614248086,1285.4888727791172,1436.3262600196535,1377.4020782514635,1564.083755929708,1423.4056994002913,1770.9813859588337,1428.9085460813883,1914.1293670598213,1994.3762003852135,1935.8171543733258,1879.4262700076251,1983.8667580078277,2072.971009998498,2074.6391136015013,2127.366153476436,2041.9441248815206,2446.1799803792023,2080.628502660295,2460.5665985788714
experiment_436,0.0,0.0,0.0,0.0,0.0,1675.3449573687185,1837.391511389225,1041.849556554806,1879.4872124052895,1659.463541428116,1438.187454715458,1796.2485141945435,1569.5840769708207,1615.2087546069768,1419.6845403406314,1481.0295904435268,1838.7745116327787,1747.4544813983152,1781.9241331877206,1968.5157188454473,1693.83469707003,1718.287306244728,1540.647601759825,2017.8648204917308,2031.4831242723121,1776.954862831724,2198.3549064437484,2313.214917052955,2036.5394019559872,2018.579749359221,2191.709171766056,2023.7714745529315
experiment_437,0.0,0.0,0.0,0.0,0.0,1479.6115315148577,1304.2353954754299,1804.9563146607654,2075.2078609314235,1816.4345882253447,1667.5243189058056,1480.7771022255702,1285.8032467173468,1541.5587009873318,1524.7124114419712,1598.58026993886,1570.455214446889,1688.5470665940438,1323.9094534338221,1327.7600169923717,1743.5306422358303,1668.3028519438326,1693.3389649705475,1761.6344520382474,1742.3276197273706,1934.8857940371004,1537.681884704606,1831.7756300249794,1909.0972540880034,2000.407617944472,1746.6854274112939,1985.2627738184258
experiment_438,0.0,0.0,0.0,0.0,0.0,1814.0033727337127,1067.8162513035454,1311.648531726397,1648.223079796222,1492.0167786643851,1607.1055138752586,1484.8740793452941,1538.6047266888504,1275.0436812939647,1497.603256985435,1522.9841723237955,1809.5960770217353,1965.8178987056956,1456.509681676543,1703.8846398839626,1733.2159581111064,1611.2238991905112,1923.8403174792913,1805.0326206780126,1807.650620356578,1572.807511071457,1660.389678450263,1987.8505961161925,1680.707512523895,1381.9109890353552,1835.0726800949296,1797.3483938613754
experiment_439,0.0,0.0,0.0,0.0,0.0,1210.5844293388984,764.4490910262247,923.315521547085,1329.3398783572266,1382.4212495557924,955.5006010595685,1701.6638093082122,844.5188922964813,1515.7517400858324,1514.1763745091307,1188.9119877099959,1227.7472913334602,1704.639984680666,1632.1388927173941,1697.4669006208867,1781.481071922859,1552.56264820639,1502.4619141716946,1588.7471676414598,1740.233940067435,1762.7893849287202,1867.2304268062312,1844.598912265086,2076.274115178285,2077.8059790285383,2094.1747936201828,2136.42768655622
experiment_440,0.0,0.0,0.0,0.0,0.0,1616.003152391579,1541.8506575516392,1246.0749431479253,719.5680065056694,1729.3490973092325,1776.5116259003216,1722.7105267721577,1489.2557352774616,1511.3116003546443,1843.5133788601836,1366.157785496755,1850.8063020210766,1892.5391860627733,1708.7223082514047,1897.4503078816683,1918.793729834746,1963.7993211352837,2097.014544862275,1093.9399516352255,2157.856977961017,2443.610619071448,2229.0898608241064,2323.5277721417533,2267.6508093026605,2311.767877394883,2324.8903685230202,2538.9418889252815
experiment_441,0.0,0.0,0.0,0.0,0.0,1364.1238526603106,1601.0921100074129,1329.4026264193867,1432.1667787027675,1686.4871681018938,1768.0429535681935,1561.2343760817844,1790.7134973808804,1194.6284302442814,1678.7321236808687,1594.3456542453212,1856.9949598809976,1912.0472952831724,1588.8487020769091,1436.0828436018685,1672.911388795718,2064.309142751928,1968.4164975751319,1736.617935181298,2094.0909966898857,2245.3246936565934,2228.50350592771,2230.0189748221696,2217.4954716654374,2295.5249789435165,2208.006100756828,2254.328898758418
experiment_442,0.0,0.0,0.0,0.0,0.0,1226.6031099297154,1281.4536422778242,1501.548338116113,1363.267039973862,1561.8008166498548,1621.683293872551,720.1699041788204,1747.1569363068797,1788.5896052139906,1655.650367666712,1628.2457126384347,1537.3939554280303,1950.823864976236,1436.383888497295,1744.3319148547428,1793.4878982684309,1824.6420746632139,1752.9938516835373,1879.0373437498622,1816.8232828629666,1600.3581414931662,1809.4121740498758,2110.443918753951,2014.4527641000116,2072.0890512273736,2070.2372208011197,2283.706622515146
experiment_443,0.0,0.0,0.0,0.0,0.0,1288.6116389696301,1287.2070646879524,1281.8905103154354,1154.2479909461392,1545.233908961446,1440.1305444220118,1712.214704466397,1011.9052407866,1778.0333262344752,802.3969916577444,1398.955667930596,1671.2282183007248,1600.9045157818919,1298.9413923015127,1688.3067732017587,1556.2950447338494,1436.8876750989443,1578.568138155345,1670.722269271637,1691.5130331627147,1021.8081869360782,1750.576432639692,1720.7524514307188,1656.426056636068,1839.3441181113374,1522.1432167839323,2141.5191466731553
experiment_444,0.0,0.0,0.0,0.0,0.0,1094.830378537048,1831.615178758749,788.2102604577333,1422.3837495588966,1721.2502106775369,1340.3820141392878,1262.0970548792677,1490.3357580385832,1310.5046073471249,1162.4138408171934,1545.587721452497,862.2672508088008,1918.0505980285786,1663.9416736282765,1432.8779128881679,1435.8572711675274,1625.1760785018523,2076.685651189413,1534.3114337326278,1763.8881639116769,1326.2346306991335,1868.2554784778545,2051.5771239025285,2090.707743142276,2105.7889912788337,2047.8714641948086,2204.4214722027755
experiment_445,0.0,0.0,0.0,0.0,0.0,914.2949076368031,1293.4049817085818,1677.5640056899524,1370.810904779853,1486.8996036782078,1669.1620700766653,1889.2561491529564,1371.4275488971775,1798.8541849014432,1630.0808860387401,1418.3371525204152,1705.2699139273193,2017.6919185826214,1647.1407992545744,2038.2375602913348,1734.3838326344337,1576.5149162561877,2030.9415406361115,2089.1988695955097,2228.6075727603206,1975.6242028605398,1829.3988987459036,1888.0855663831112,2083.429821387936,2092.003467260626,1987.2460089827555,2319.098839734404
experiment_446,0.0,0.0,0.0,0.0,0.0,1107.5575727519147,1424.1538105014672,1550.2420014605877,1646.859126725567,1664.0816051678737,1577.2556800086911,1648.1117629361022,1308.431370601184,1162.0052485032986,1683.7718405510402,1473.366010024935,1192.5447730685123,1347.7797844515057,1827.1115106110067,1384.631726649554,1674.1721546220258,1617.914333509168,1697.774295464896,1704.505112326908,1700.3813958528362,1784.3265445948152,1796.080560836353,1675.2214002858575,1885.7818272960333,2032.1606532919554,1863.7099017003281,1929.5969930525027
experiment_447,0.0,0.0,0.0,0.0,0.0,1576.194851676968,1334.27764830784,1713.179306950598,1640.7718227159555,1252.5213540920959,1002.3009588847169,1932.0261935946457,1439.808444162337,1013.3438982139419,1859.71500721343,1675.2519177901997,1826.8086770626,1603.2725755136044,1222.0845739986069,2024.3701644935122,1662.3668679325433,1871.4462306980754,2024.4320336950861,2019.419606291758,1300.0100457091721,2018.0527342100072,1811.2854156616468,1937.816112974447,1960.5222654263289,1945.0305999024863,2221.405250218368,2365.664596483646
experiment_448,0.0,0.0,0.0,0.0,0.0,1621.7337290374944,973.8602633657706,1170.8911816112536,1940.9896732969269,1647.495112313416,1005.9010268700174,1487.198742425508,1398.8757521997395,1177.232028415539,1452.3905214260753,1479.193269207864,1928.6892024402355,1593.2269913720218,1683.5890804993323,1646.754147836028,1225.4059066640211,1438.6442091046063,1486.9077176128749,1532.6317276622185,1777.2354755518165,1570.116887507617,1856.6183281609444,1329.0117286841983,1951.287896886523,1429.2762459292253,1610.0161353464994,1668.966572901351
experiment_449,0.0,0.0,0.0,0.0,0.0,1523.267066100001,1484.8078048902908,1485.3346663516309,1539.8182728282668,2185.1549541698023,1585.6080885713409,1316.7633668439307,1556.4275194723523,1498.791685446391,1665.0886885405384,1753.5392791850634,1631.428131425499,1853.2474780347206,1440.2832675251677,1142.4815127091163,1721.961065929414,1937.3815607888428,1181.2286373273735,2169.5044236215144,1613.053391421612,1621.0702523200941,1633.2465865405616,1649.3098777477971,1492.7572806171888,1572.9086679478073,1808.8273606302976,1974.3168061589377
experiment_450,0.0,0.0,0.0,0.0,0.0,1194.0674818279847,995.3823564980852,1141.0753447276597,1719.2092813204233,1578.8098971360018,1493.4977179604475,1946.9010546677143,1487.8583728573924,1758.1068321691798,1471.5107370193614,1460.481297334127,1968.5179809435037,1311.245191790009,1424.7471178197918,1636.9473520391955,1558.004270462152,1512.164005116413,1428.915455918584,1248.0222255574547,1849.4220161587127,1569.281297134441,1688.1570609795003,1548.3771336387674,1824.6133718377728,1486.6316910871392,1145.4621906998614,1783.11470797615
experiment_451,0.0,0.0,0.0,0.0,0.0,2265.560116950346,1535.6577022128909,1168.7479638766763,1718.7693388197572,1509.051611908128,1171.0152008396083,1201.9764144250023,1463.895033395394,1411.547027730694,1640.2456130604542,2096.9226743278564,1484.0774089310034,1608.53362566014,1296.9287147766427,1678.2441447958108,1660.237473861898,1480.0396528287604,1482.7478563220473,1853.4356552062777,1507.0675044743364,734.157747897449,1403.676669041077,1623.7963630537724,1651.4752712672935,1651.4291259548095,1742.67810443409,1596.358334282927
experiment_452,0.0,0.0,0.0,0.0,0.0,1349.9951737798242,1310.9066050815652,1128.0402281904194,1475.4966139912926,1383.6315014367196,1289.577569553897,1569.7667234821663,1136.7236252660493,1335.58783556593,1390.306623822231,1331.965626424269,1270.7016585641145,1703.0502730606102,1602.652195236005,1540.627761549755,1600.6007431388234,1808.592202016434,1846.434397330146,2281.1874058174026,1891.6704484499862,2017.641142248881,2087.33779658392,1707.00803112311,1903.2099213894303,2181.015736832074,1977.7816999155043,2057.8277799382467
experiment_453,0.0,0.0,0.0,0.0,0.0,1525.444773253112,1788.2928284562408,1324.709183563406,1729.9712232205088,829.3183114615333,1427.1156013847012,1096.2194568840612,1577.305618059409,1681.9754956480665,1677.1151344238037,1229.9091263837831,1347.9482585695432,1724.8003631257645,1379.6044841146525,1537.338534497157,1272.583701140004,1543.6449027977765,969.8401543590749,1257.5830140050703,1382.8796849967289,1582.6074400535028,1552.9325203099727,1331.834736668453,1436.9198642286144,1583.2644094253124,1012.5537556000666,1339.4520777462842
experiment_454,0.0,0.0,0.0,0.0,0.0,929.3761086483053,1269.744060340397,1434.261744227298,1540.869974275742,1531.8448401242767,1343.223688008585,1698.2598196402023,1405.8527098169595,1175.9087738714036,1400.0253528938592,1964.718263434856,1809.8343980687032,1614.5120070258417,2025.339660275371,1370.3818748910016,1392.4293819460836,1674.2525851141909,1401.8610844635234,1654.058654993526,1990.858508853732,1784.845290103959,1565.2180885037585,2064.888466580621,2073.835591532133,2317.4490951981106,2111.607277690325,2067.7465883789264
experiment_455,0.0,0.0,0.0,0.0,0.0,1435.6091209169304,1520.7955133696464,1436.088985963259,1335.2685319642453,1532.608135640571,1325.3868607483041,1819.1714115270138,1206.439045785155,1751.5519532325982,1514.3396165470085,1735.4381385019915,1836.1802880992323,1462.339975124385,1414.1061490486138,1666.7225576204664,1021.2579843875434,1441.6881395694122,1644.3340257014854,1539.741797649182,1511.5586755653276,1651.18415105485,1185.5411044043785,1469.290690710814,1421.3166285756506,1834.3939813654488,1715.877251243022,1442.1396990833337
experiment_456,0.0,0.0,0.0,0.0,0.0,1597.493707993945,1171.7194876251688,1628.2610501862184,1526.2651150257761,1369.5269913794552,1459.9520566659016,1638.435421323049,1315.4561141243255,1743.0603653343978,1836.1681969460142,1764.371611268551,1988.4193246762848,1732.9141836558283,1765.0875983032724,1770.3844849117202,1450.760429913928,2351.010606106107,1366.873921068039,1637.2234077542885,1445.4174418454509,1743.0928712255152,1865.7681363592321,1869.1302562399876,1581.3931798723202,2084.5369044816193,2019.0900536897261,1784.279205716833
experiment_457,0.0,0.0,0.0,0.0,0.0,1206.8917318561093,1417.9735849984888,1468.7547747748074,1342.035685734064,1244.1904352738952,1126.6926385327627,1975.077135652218,1033.8493969725653,1354.5413426852901,1765.0009734356258,1507.659080847083,2017.581523573121,2000.43013637802,1698.3317613897962,1491.6270897318013,1874.6918328684183,2058.324399022393,1907.873807572096,2039.3617895964676,1819.5134777510666,2236.4054409866158,2368.500566290828,2029.2819469721303,1991.0773828278716,2189.740148495901,2046.7565739425413,2020.1461336970506
experiment_458,0.0,0.0,0.0,0.0,0.0,1408.085368338569,1034.571828491792,1359.7301813378506,1456.2287498614387,1238.2594726950688,1191.5369962147645,855.2906088106721,1461.4948759217514,1541.1975606722679,1257.280832123698,1428.1933433628697,1340.9437469286927,1438.6836552806765,1499.479523507007,1529.796252158147,1890.9043092130573,1392.7189216328463,1632.9009292656958,1445.1405494162336,1426.7493125195242,1388.0423803197896,1053.1143278830366,1589.0562865595853,1732.605306566246,2011.4269989002037,1947.7631209763022,1758.238911478434
experiment_459,0.0,0.0,0.0,0.0,0.0,1193.0923113205524,1137.9472261070782,1477.0012631536088,1263.4577104981947,1637.6023389687412,1557.9647934720374,2192.783373782134,1375.6239430028913,1456.2723352894054,1560.0626378993638,1367.8720088429675,1247.3272187595733,1699.5694746941692,1514.047569293895,1447.170029406257,1743.8246113957632,1506.8429478835587,1133.5871592786448,1749.604717653864,2095.6965881143433,1888.8302028596,1737.0585924160664,1628.9811903193472,1644.3941290923342,1815.6388561611564,1817.5930491001113,1666.0236528799787
experiment_460,0.0,0.0,0.0,0.0,0.0,1664.0241987799507,1262.2908992911898,1051.8302486012249,1261.6581603843429,1611.6989093057382,1234.212426022205,1422.225653533822,1355.317808646621,1237.3234167621308,1250.0085256235675,960.9276017396745,1361.5781304093287,1316.5543733368822,1281.714540710289,1238.5260618655213,1352.4082006248946,928.6082751004196,1477.6195992073,1435.6909234528994,1204.1867570752922,2156.9094512335355,1538.0492702436027,1191.9193790315755,1711.9017547653862,1718.0381461408087,1503.8571380061069,2319.660514217593
experiment_461,0.0,0.0,0.0,0.0,0.0,1478.9202164140147,1134.6357105193824,451.4697444475519,1342.0065609616875,1265.3075268798793,1301.879001503491,1058.0801268383948,1305.0429413883276,1239.825793789659,1604.0314890444351,1685.897370721172,1497.71238539221,1180.0179480121424,980.4330587832699,822.0722911453142,1496.4200997097664,1625.2646259573526,1502.3419628096754,1581.643842064494,1504.883040555697,1605.3097030784386,1659.8069242088018,1818.1633718690064,1699.638503956834,2263.4881004881827,2156.0288101451733,2114.1548434085917
experiment_462,0.0,0.0,0.0,0.0,0.0,1567.9840747543315,1113.9497727192725,1509.6976776048468,1021.0033240053003,1329.2513903271188,1213.7852395026966,1349.8553788003794,1129.0210950577166,1356.2951794569124,1584.5179979738527,1668.2932263562361,1916.7809282876708,1623.4804634947336,1037.3133005389082,1706.3104080475127,1823.124677045012,1555.6501856372392,1590.7233996613868,1793.065017942026,1855.4616578782084,1607.7954771830027,1849.2036259802235,1443.3790855324237,1269.7110657527855,1445.8288729201365,1703.6128624834028,1619.3627959148107
experiment_463,0.0,0.0,0.0,0.0,0.0,1172.8261169767202,1194.0743976257547,1086.6048976731722,1708.0426742387176,1269.3382101982575,1519.737261198656,1211.8641782082598,1679.0160277408725,1415.708791268546,1482.6805736246997,1658.6739206050959,1724.0889145965152,1339.9671990024922,1650.2728307392422,1640.3366796766359,1545.9579142811288,1734.2356009888044,2023.7984294296184,2292.8372225354265,1656.8004892023382,1962.6887633130289,1811.2696503557422,2028.2876396175477,2061.669850509203,1889.1924152891722,2080.7665024964454,2108.6357438998357
experiment_464,0.0,0.0,0.0,0.0,0.0,1342.6356527425753,1499.429017948021,1413.6629170647097,938.0810048309569,1590.813470375401,1525.7928107323296,1101.3410954532005,738.6018608728846,1662.7795646449865,1776.7914679517673,1761.933604491299,1355.1456804426218,1561.5860814013263,1335.2637345708395,1538.88506140385,1565.6031420259237,1800.3552658135854,1729.5798935296789,1934.359403433137,1527.3809324767637,1558.1532016658925,1518.7421559432555,1828.5286308816762,1834.5040684214946,1571.6424388282312,1549.4181089109165,1840.0581866286577
experiment_465,0.0,0.0,0.0,0.0,0.0,1801.4911735300864,1001.323638164687,1466.5665181382376,1493.6564172327617,1265.2078136239256,1525.196829216332,1904.8570927257936,1243.8876947923402,1600.6554854663364,1602.15594618483,1050.70877803282,1201.6758629510932,1470.86460055951,1601.8051642454775,1676.6498177694011,1011.7395610988945,2118.9344347206043,1307.4997150639565,1565.6176691743613,1854.3835583219116,1744.5706647330246,1515.342610211399,1657.4860022534174,1680.27783734951,1572.7065707715083,1698.5948854440653,1895.2849623391337
experiment_466,0.0,0.0,0.0,0.0,0.0,1594.5360419216481,954.0264379042613,1424.1601103744683,1603.4396498767765,1338.047032843167,1466.7338660927248,1341.8656127861536,1058.2589546873278,1267.217292274971,1564.131256966186,1098.6539584010177,1621.6603055371286,1159.2648742539234,1042.0862509848112,1695.8523097454638,1068.6730718240751,1622.165215378951,1650.646710444832,2099.619140927244,1921.370531168702,1889.7991899985277,1675.6969854705062,1975.0544278350133,1865.6786674815799,1940.2574347363657,2160.46640062944,2093.8814846194773
experiment_467,0.0,0.0,0.0,0.0,0.0,926.3468799061111,1333.6564516437606,2034.0150469285272,1358.449504440742,1252.1146308570371,1807.4246586563672,1423.082716447793,974.3797657283396,1294.892487990502,1509.7429308030923,1487.2092941614292,1459.4129319781416,1786.7192102026015,1047.0078153641875,1644.843090167596,2038.3573422215927,1711.0378112719459,1152.7478410466063,1446.8071210846706,1980.0306109671371,2051.961453728295,1679.9053282907375,1659.9217918303389,1734.6077918391543,1985.582281547212,1963.069629743347,1209.9363036910522
experiment_468,0.0,0.0,0.0,0.0,0.0,1389.1880618520322,1523.8687832100632,1427.3103868683993,1485.3644947021255,1513.384598057864,1799.99884663977,1834.437467823654,1098.0536840789837,1741.6600676389157,1777.8879592503176,1632.676081914672,1373.1557158049122,1109.945423234693,1946.8512512084458,1733.5148308300866,2379.275476534523,1902.181511003149,1931.338732544752,1807.2277808718245,1583.4626125815366,2308.9815195527813,2117.1817686974523,2197.601102272487,1992.6298035663008,2577.378109611227,1983.7085069293853,2252.3504237366806
experiment_469,0.0,0.0,0.0,0.0,0.0,1697.3722188145298,1507.4982949055736,1551.355441863133,1240.835778267286,1431.2940165439459,1253.501048408628,1620.204801596234,1734.1439706945384,1460.377387118967,1347.5472022730753,1543.6168534472758,1362.176227441286,1646.3178414350311,1548.8347851729927,1576.595480956343,1710.3132886668716,1234.4246607606033,1651.6092667229386,1538.1896330427521,1191.9466729796143,1770.5096028045043,2000.984206973394,1370.870776908925,2006.7350822763228,1610.1684546606941,2032.2857678701666,1693.3846727737728
experiment_470,0.0,0.0,0.0,0.0,0.0,1746.9033068945066,1010.5641192740719,1045.5005418754954,1346.251598101733,1506.5105348281081,1471.2314812649588,1151.817860714001,1425.718828282682,1432.748712140232,2017.972763474389,937.388537904582,1323.7729969651873,1510.6921121620687,1437.9283502802025,1478.5053121306885,1732.1930329270945,1543.8057321967453,1111.0860723740625,1918.9556225044048,1528.229248871113,1311.799946630747,1505.9114533975635,1729.6990737447497,1216.0430109889267,1640.1965392196803,1601.20237960166,1774.6475132721641
experiment_471,0.0,0.0,0.0,0.0,0.0,1265.9211100685345,1249.8274311691903,978.818950790201,1472.8462736110555,1159.755576730789,1435.8353069076188,1680.0865856446694,2017.751397079971,2115.2833878636047,1634.4618270309509,1589.4945989950543,1641.5764460964626,2118.4354259911397,1743.9308179539485,1851.9911592448589,1683.0324494717904,1746.7604485188688,1980.5038772490816,1996.8759643682108,1772.7903514404356,1898.7136276104434,2095.4910636670406,2241.9963424972534,2132.396913546597,1584.7423203764665,1645.3677168575066,1892.937178988472
experiment_472,0.0,0.0,0.0,0.0,0.0,1362.670517919543,1514.5575867501975,1288.9842754861954,1378.8273740783843,1237.1236636692483,1005.4795881148831,1694.212531410725,1739.8234429405684,1595.7242002217106,1751.869982151552,1470.331687938236,1702.958920249528,1520.164339069986,693.903466814437,1897.546481638208,1717.6499770809758,1422.092153765778,2079.7850480597826,1400.9587673207748,1227.1209276007392,1561.9402077228547,1487.217243379901,1745.0538543413263,1674.6071217515832,1871.8232033049414,2242.118983839131,2600.740180587671
experiment_473,0.0,0.0,0.0,0.0,0.0,1813.0168941390048,1650.49548913581,1428.6927252505373,1539.3009853352723,1501.8476506080922,1673.471830531189,2112.225406011308,1641.5877644619973,1953.0007970463837,1647.1208172695053,1799.4344315741077,1889.8507572679237,1982.9814811245951,1649.4676922984245,2491.8209490937847,1640.7937131610283,1885.314173938858,1757.1786432458196,1948.8434188522463,1701.9641447846582,1728.7813592910288,2225.797200271796,1838.2736784240624,1963.8044095221783,2614.605799498426,1973.6058109777864,2014.3069370985086
experiment_474,0.0,0.0,0.0,0.0,0.0,1264.9075297979284,919.7420418558155,1185.3374998447146,1694.1897452033154,1201.1680783915747,1559.8339684651821,1689.368058955718,1127.0020440509993,1156.1436289619844,1316.5282085247009,1345.69199755874,1250.8846523798834,1617.9561393177692,1706.1980053152693,1536.6373387464091,1834.5605657645415,2027.9041553666375,1772.0775720357196,2113.192263837101,1804.7173038064932,1979.8854562899908,2071.239046386588,2226.697720680557,2066.555416106594,2226.0544454945352,2071.8961491588043,2663.7374820012137
experiment_475,0.0,0.0,0.0,0.0,0.0,939.9536231166967,996.4347169604016,407.3897772552808,1507.8654933449393,1496.4439014097857,1065.6761809719653,1872.1254706854934,1800.4230960947057,1240.5139833338703,1290.459808452031,1953.138891915284,1123.2095990148496,1137.7640026537636,1907.313881548909,1361.847903596157,1775.0103143472197,1317.6673841826369,1481.0938483908662,917.4358313730773,1718.175512428331,1683.8966307386988,1523.019365283336,1350.7297321450362,1433.7205031315914,1575.4067272897896,1505.4701320326292,1703.369971269136
experiment_476,0.0,0.0,0.0,0.0,0.0,1335.646436519784,1483.0708395940028,1802.0048648455072,1141.0565445232787,2157.22966548907,1743.6566206571695,1565.448196415924,1539.0642588444161,1532.947431849384,1435.878130181076,1754.1408994429444,1709.648567467874,1697.7206154594028,1854.1503691228945,1772.056761446373,1778.206438702229,1722.721987954538,1537.2138272547809,1956.1862112005624,1795.9256056132263,1964.7683576616398,1487.0122959490054,2142.1810111995665,1894.0219194158726,1788.8422655863524,1654.8332296982553,1643.0217269215077
experiment_477,0.0,0.0,0.0,0.0,0.0,1380.5801631553884,1696.155372994329,1601.058515667416,1310.6082767721605,1604.5431855133531,1309.9437170111387,1588.712033760184,1828.308558373775,1752.4421992094071,1707.9086695945903,750.5446581590559,1931.1297252529343,1655.0134701356178,1652.0494873329735,1719.820379858816,1892.3627884823538,2063.7125463729385,1801.1872101410454,2207.6487071385864,2080.6017436840925,1605.771641625453,2315.2113154101917,2250.4655956523666,2068.198464192437,2327.4936454751814,2269.0309104055,2484.34007313424
experiment_478,0.0,0.0,0.0,0.0,0.0,1793.6645799330145,1448.1549777466125,1470.7345753979284,1552.5970223280203,1450.9374585941557,1166.422436147133,1544.8792929743183,1727.861132908908,1715.3540136264949,1690.2934694821663,1721.7006858987916,2060.8691692284683,1812.4407604543972,1756.1571556898305,2488.3293642464378,1959.5205571151698,1924.2175207514895,2165.6389766685274,2346.5351548310327,2283.6859782473807,2012.9224803828602,1887.857049295339,2481.974604035384,2220.6728041495453,2253.349543143669,2570.4549303566628,2540.336345892574
experiment_479,0.0,0.0,0.0,0.0,0.0,948.8048203077875,1440.3866880588746,1180.9510358446125,1572.2415684694743,1660.5620495620146,1349.8763561962455,1332.3758977593975,1807.7705695073876,1570.11529315888,1528.3287996699394,1611.2429727086683,1674.6014257063064,1698.7510200386291,1951.421429272015,1874.9358887055082,1939.8916115022762,2007.284735982329,1823.9642966574388,1847.507450393146,2209.4554115962496,2003.2812129549134,2011.4769257604914,2066.8889065863623,2029.5063929103935,2022.5573750780932,2528.0982040477265,2458.047238938938
experiment_480,0.0,0.0,0.0,0.0,0.0,1441.2920719006015,1268.7173302654069,1343.6267385031063,1608.326318464021,989.556161454732,1381.6342233298978,1545.7135253338317,1469.0575742936453,1481.283772851837,1475.3161205115075,1734.7676128629862,1646.5885333828357,1141.9844672342867,1518.632974258646,1797.727865283795,1497.9590565670715,1784.6299111661988,1472.8566687159873,1635.360930757828,1986.7937468914834,1504.4273915478564,1659.694484427894,2197.717372298278,2013.6004084621754,2106.8548999192753,2209.0681651301084,2517.1914644645517
experiment_481,0.0,0.0,0.0,0.0,0.0,1539.5269604084426,1445.348442763427,1038.849147188851,1812.7816495413622,1784.7620029489858,1586.4467125564256,1731.0826211845192,1740.7893678303167,1753.25354204865,1892.3302890994114,1802.0696254198137,1528.4132341414115,1763.9512712349783,1752.714876384721,1644.8389332429056,1783.4914137128317,1924.4814917106792,1758.1951060162623,1955.520397991549,1896.091061269489,2059.5722026830013,1946.1717245701452,2146.854999305372,1901.7633678217169,2030.9839480116825,2247.421694411281,2121.354520980685
experiment_482,0.0,0.0,0.0,0.0,0.0,1681.01427384531,959.7315229836829,1106.2641472980872,1801.0892357595685,1550.8883086639573,1498.4429225162398,1347.9945836676761,1923.5132801593563,1702.5684846725212,1463.1756073819722,1447.5702825384053,1755.9354089331,1530.763998392769,1749.404940831823,1477.3309720809775,2056.0130830514845,1231.3884085580048,1858.823409747607,1301.1163540451519,2062.1773932672295,1758.4835268880724,1958.3274205824464,2021.4103023748453,2192.4275599931434,1730.9072448304485,2212.433594010412,2149.9029937614796
experiment_483,0.0,0.0,0.0,0.0,0.0,1893.181265618803,1486.7379263756031,1558.4305960274637,1458.3353130545875,1568.6992677536166,1487.34237741297,1391.7922509737136,1453.2618103986165,1689.000604601044,1816.3335115527552,1725.4083743039969,1624.715971057138,1676.8211955556735,1716.5976918736815,1814.1833044766352,1640.7013796126328,1653.9793240648237,2228.002483233876,2167.636840078617,1893.4450678740827,1924.01253676707,1840.6337148334292,2028.4063883455538,2022.0960714848152,2113.4244947358347,2403.059494218586,2079.29294487956
experiment_484,0.0,0.0,0.0,0.0,0.0,1268.2533570709245,1131.0262318966145,1578.1216194653525,1737.2020783511018,2181.743458348098,1760.596900759111,2162.9798092891606,2733.0006349637933,1709.0291873520307,1861.2148228689348,2010.7930894038755,1359.8604505517915,1853.4747632955057,1991.3329763238892,1700.2189814820208,2106.5384827817916,2671.087512171842,2304.408292596375,2369.2809193032335,2465.352819377147,2429.5158845580886,2462.627955299128,2481.2171057946925,2616.3896970066417,2525.1258066119626,2500.7783515825927,2595.31485927268
experiment_485,0.0,0.0,0.0,0.0,0.0,1100.2488775534566,1308.1982231764953,1319.7319358292186,1274.8323640400242,1195.4221710075979,1367.1560842332487,1284.4891652387878,1240.9304623592186,949.7213238462953,1320.0909295700742,1543.1433492173896,1401.090755067339,975.1436142621271,1434.4354603014945,1524.9669107404961,1362.0919117538463,1484.6658127426044,1659.3226711913321,892.320133025221,1519.020776762913,1774.6899335471403,1499.41827437962,1648.0936417129524,1060.8265175285542,1268.0779899203021,1556.6516544979786,1704.0879368720343
experiment_486,0.0,0.0,0.0,0.0,0.0,1606.8862914907795,1152.3229206378915,1006.8185833454816,1327.5396811254948,1222.5706528188189,1535.9892403332728,1613.8148953503273,1708.6071904209725,1102.0749283394966,491.3519564841176,707.8532540176976,1877.9202617604406,1884.5874844880766,1573.7346698028334,1597.5050604691,1586.4070724199091,1592.1685711123944,1459.4024371287892,1821.8732304552868,1922.819686939301,2054.5886721270954,1662.54792047166,2288.953608050926,2337.851313525358,2166.992157494556,2509.0335334916376,2593.4178286420024
experiment_487,0.0,0.0,0.0,0.0,0.0,1130.9545700310823,1549.0792160381802,1531.3502713768758,1758.4043067289258,1609.340144447624,1777.655938268485,1701.4608821130932,1561.5003326593585,1778.8547321725841,1884.6065087745674,1999.3515298278535,1723.4509064823376,1985.3444295658987,2172.2763247490284,1874.3552046581592,2091.7896975584417,2114.5896810808817,2045.1595041201772,2255.1925580271063,2111.194225101982,2369.361844335129,2436.5052061206807,2503.9476386625643,2600.855682567153,2817.9530560416065,3012.023475331617,2850.951163818544
experiment_488,0.0,0.0,0.0,0.0,0.0,1868.5299048266445,980.6911279595013,1852.47213863985,1481.4174148521024,1369.1476238101427,1483.6679582858374,1804.7900741569206,1490.9999319065817,1611.0104791220112,1803.0765542672975,1767.4363775711304,1241.721709734364,1463.4084066082241,1356.188976422934,1449.9166380398458,1699.7920725119884,1469.5241969012502,1767.2766904688604,1646.422991129093,1469.5702693431444,2132.185276557423,1631.2199723954996,1764.8522565770256,2028.2437197836928,1632.6494507198163,1971.0720212289016,1881.4422442260463
experiment_489,0.0,0.0,0.0,0.0,0.0,1085.1317984534628,1765.137522754148,1451.0758101984845,1180.2648366605642,1397.6810875407923,1457.816433499875,1632.4465255631212,1266.0163981811402,1585.2387173728039,1157.3074432326039,1581.9931270201446,837.9026943060682,1418.4311145347717,971.9402625587426,1688.9224375384433,1406.5687901001377,1582.8769215021644,1623.705321936971,2019.43075197492,2071.0406571665717,1550.1034344979162,1746.666559991106,1749.1391125807072,1986.520402021425,1833.304922074713,2238.4135128063785,2426.944293806284
experiment_490,0.0,0.0,0.0,0.0,0.0,1469.0951888634002,709.059533631086,1397.7114593562624,819.0541508263284,1499.479593866763,1283.8233351745962,1273.570388694646,1261.077296896408,1228.7916483445756,1336.9934101442439,1621.856484328344,1541.8924890925487,1544.0551664823533,1306.0343518443808,1655.078321310133,1506.8802364737721,1876.7050032606162,1643.0129804342905,1419.7875425273844,1550.6306947786743,1550.5484496507634,1699.5671026069426,1974.5199682200862,1737.103400580247,1733.4723484740232,1745.6353971542776,1751.0611919945823
experiment_491,0.0,0.0,0.0,0.0,0.0,1239.0552224431756,773.9626673839742,786.7448272693423,2058.863845570958,1755.2338407226582,1291.4850506705932,1477.20796399957,1573.8994803570072,1780.1516970076962,1778.8864370040174,1485.816076810449,1680.2253324635356,1460.8728341505253,1679.2502477121895,1499.3800661696919,2115.2702712844653,1492.0870732994686,1830.6234734448728,1647.8016561024049,1727.2826588327214,1090.4723276965804,1850.8631900413538,1715.4018971226853,1541.0389740431046,1948.9084296967585,1832.4078442968062,2131.4891816228346
experiment_492,0.0,0.0,0.0,0.0,0.0,1617.2064360795348,1126.6109827866348,952.6398039348578,1054.4849689273924,1341.4935073683664,1438.2862523182919,1400.9810369270526,1494.256641155488,1528.2873873033755,1399.6531930736624,1595.2612972310612,1553.9039529849292,1308.9995265491452,1419.0487932095175,1883.9713387987047,1571.159770363181,1682.592387553155,1859.1796207495495,1733.6301349741184,2416.696863003604,1861.7973423258243,1404.973350756122,1808.8273724239132,1524.83803603226,1639.3150640410822,2013.5613730830592,2027.087449711646
experiment_493,0.0,0.0,0.0,0.0,0.0,1470.6888038078962,1532.60802892654,1644.4292975957985,872.0947468696354,1294.8442242412762,2103.3090255897446,1238.5470395912746,1534.0312471809623,1355.904190307862,1599.296822777558,1345.1888897655049,1553.1518850357497,1453.089488527,1609.1137588809906,1521.5985259980266,1283.5238466265632,1727.1468321162106,1754.9020125473294,2015.485378219495,1593.3845812191362,1376.8821900558053,1382.1857398799714,1333.7279851383373,1526.2562575414454,1673.9888179018371,1953.9403958351518,1926.9734360048278
experiment_494,0.0,0.0,0.0,0.0,0.0,1092.2161440289806,1372.2667692530176,1628.2260499194356,1788.0142120458013,1218.3817931246972,1449.492470398067,1750.2133261516688,1276.5499096519975,1565.5152160637072,1216.0382664591993,1492.8225364829354,1444.905420095717,1412.5483783002217,1841.46324273385,1037.3489146026275,1632.2711003801637,1837.0382200639192,1693.2212553085717,2028.9836173973647,2149.225682499052,1751.3218900012341,1912.448013766536,1758.4895602136194,1919.8559089209114,2145.8354644498504,1853.3234193092865,2114.033367067057
experiment_495,0.0,0.0,0.0,0.0,0.0,1523.3308266610993,1459.5443950595156,1567.4476568383463,1535.5831128902494,1543.0088288922614,1351.906297469604,1255.2351021052314,1252.372537181771,940.8165226165906,1625.9704041473403,1749.586208819188,859.792012159538,1629.4687125554321,1571.0809278487434,1769.0238429544097,1932.1408484700412,1566.6955018554995,1927.9872375276464,1983.0104515217581,1472.772499754139,1796.812807130584,1927.344070015346,1710.363809955154,2092.8644248496576,1700.7218406273983,1928.711831863121,2310.9899890511433
experiment_496,0.0,0.0,0.0,0.0,0.0,1535.5977183659472,1510.688833140689,1554.5472422465004,1683.278996799111,1214.3757232039625,1344.484609093959,1714.1240741705265,1960.9747360697866,1445.9379840103636,1601.514619440858,1944.2781759106765,1935.1118281387298,1922.597710686293,1864.461027007359,2107.237601011457,1977.3259364795117,2023.1980290125975,1896.5347740312923,2012.3991181644897,2007.676992119816,2085.4608390837716,1649.8446485616712,2119.743676547064,1892.4782607438042,2027.5263559511036,1959.1440673535676,2149.595831862051
experiment_497,0.0,0.0,0.0,0.0,0.0,1731.7142268608022,1208.0506579070968,1038.0039094518793,1556.1540068289692,1741.218266674945,1207.243976056594,1314.2578576421718,1615.8906210040911,831.1179006664299,1002.9134384662361,2228.0308462908797,1528.8369096341307,1365.8097245203478,1510.0853320203764,1180.1521028578948,1197.9127951728321,1640.0190771753669,1513.0166327875647,2115.646993552005,1606.8643088196134,1611.8155721634469,1517.0357690539176,1669.2042296943903,2050.448600480419,1583.724183580287,2018.6244504798103,1868.0219179506512
experiment_498,0.0,0.0,0.0,0.0,0.0,957.3451520082338,1470.7038105657766,1194.1197697832836,1234.2539579775735,959.8572549974452,1449.307524477488,935.4225164971515,1041.8775559580342,1559.1364243370638,1516.652114169262,1376.067359389922,1818.0780378422382,1187.674925841553,1356.5329556967922,1570.387140584931,1615.1086988877782,1277.5493725168099,1137.1509300883768,1567.9490758093689,1820.607291679337,1548.8251163385555,1869.75207160724,1939.1343124060131,1854.7201653239083,1872.4927806613648,1827.5953223905854,2349.083191413703
experiment_499,0.0,0.0,0.0,0.0,0.0,1104.7874253179293,1230.5115206747973,1447.7414149212905,1149.3875867905467,1972.8612672214417,1758.7929566254666,1430.5981897302331,764.2400244056691,646.2047624693142,1376.5118236695366,1080.1632297434521,1886.987797754211,1741.3227344161583,1373.1766718796184,1565.0332591527222,1672.6846208347397,1098.9420354544923,1797.2675371968207,783.8573701420553,1609.472257300742,1788.062096922068,1613.6894324965292,1349.9173295750866,1915.1603339671617,1737.9304178272655,1822.525564883888,2020.2022499563413
experiment_500,0.0,0.0,0.0,0.0,0.0,0.0,0.0,0.0,0.0,0.0,0.0,0.0,0.0,0.0,0.0,0.0,0.0,0.0,0.0,0.0,0.0,0.0,0.0,0.0,0.0,0.0,0.0,0.0,0.0,0.0,0.0,0.0
experiment_501,0.0,0.0,0.0,0.0,0.0,0.0,0.0,0.0,0.0,0.0,0.0,0.0,0.0,0.0,0.0,0.0,0.0,0.0,0.0,0.0,0.0,0.0,0.0,0.0,0.0,0.0,0.0,0.0,0.0,0.0,0.0,0.0
experiment_502,0.0,0.0,0.0,0.0,0.0,0.0,0.0,0.0,0.0,0.0,0.0,0.0,0.0,0.0,0.0,0.0,0.0,0.0,0.0,0.0,0.0,0.0,0.0,0.0,0.0,0.0,0.0,0.0,0.0,0.0,0.0,0.0
experiment_503,0.0,0.0,0.0,0.0,0.0,0.0,0.0,0.0,0.0,0.0,0.0,0.0,0.0,0.0,0.0,0.0,0.0,0.0,0.0,0.0,0.0,0.0,0.0,0.0,0.0,0.0,0.0,0.0,0.0,0.0,0.0,0.0
experiment_504,0.0,0.0,0.0,0.0,0.0,0.0,0.0,0.0,0.0,0.0,0.0,0.0,0.0,0.0,0.0,0.0,0.0,0.0,0.0,0.0,0.0,0.0,0.0,0.0,0.0,0.0,0.0,0.0,0.0,0.0,0.0,0.0
experiment_505,0.0,0.0,0.0,0.0,0.0,0.0,0.0,0.0,0.0,0.0,0.0,0.0,0.0,0.0,0.0,0.0,0.0,0.0,0.0,0.0,0.0,0.0,0.0,0.0,0.0,0.0,0.0,0.0,0.0,0.0,0.0,0.0
experiment_506,0.0,0.0,0.0,0.0,0.0,0.0,0.0,0.0,0.0,0.0,0.0,0.0,0.0,0.0,0.0,0.0,0.0,0.0,0.0,0.0,0.0,0.0,0.0,0.0,0.0,0.0,0.0,0.0,0.0,0.0,0.0,0.0
experiment_507,0.0,0.0,0.0,0.0,0.0,0.0,0.0,0.0,0.0,0.0,0.0,0.0,0.0,0.0,0.0,0.0,0.0,0.0,0.0,0.0,0.0,0.0,0.0,0.0,0.0,0.0,0.0,0.0,0.0,0.0,0.0,0.0
experiment_508,0.0,0.0,0.0,0.0,0.0,0.0,0.0,0.0,0.0,0.0,0.0,0.0,0.0,0.0,0.0,0.0,0.0,0.0,0.0,0.0,0.0,0.0,0.0,0.0,0.0,0.0,0.0,0.0,0.0,0.0,0.0,0.0
experiment_509,0.0,0.0,0.0,0.0,0.0,0.0,0.0,0.0,0.0,0.0,0.0,0.0,0.0,0.0,0.0,0.0,0.0,0.0,0.0,0.0,0.0,0.0,0.0,0.0,0.0,0.0,0.0,0.0,0.0,0.0,0.0,0.0
experiment_510,0.0,0.0,0.0,0.0,0.0,0.0,0.0,0.0,0.0,0.0,0.0,0.0,0.0,0.0,0.0,0.0,0.0,0.0,0.0,0.0,0.0,0.0,0.0,0.0,0.0,0.0,0.0,0.0,0.0,0.0,0.0,0.0
experiment_511,0.0,0.0,0.0,0.0,0.0,0.0,0.0,0.0,0.0,0.0,0.0,0.0,0.0,0.0,0.0,0.0,0.0,0.0,0.0,0.0,0.0,0.0,0.0,0.0,0.0,0.0,0.0,0.0,0.0,0.0,0.0,0.0
experiment_512,0.0,0.0,0.0,0.0,0.0,0.0,0.0,0.0,0.0,0.0,0.0,0.0,0.0,0.0,0.0,0.0,0.0,0.0,0.0,0.0,0.0,0.0,0.0,0.0,0.0,0.0,0.0,0.0,0.0,0.0,0.0,0.0
experiment_513,0.0,0.0,0.0,0.0,0.0,0.0,0.0,0.0,0.0,0.0,0.0,0.0,0.0,0.0,0.0,0.0,0.0,0.0,0.0,0.0,0.0,0.0,0.0,0.0,0.0,0.0,0.0,0.0,0.0,0.0,0.0,0.0
experiment_514,0.0,0.0,0.0,0.0,0.0,0.0,0.0,0.0,0.0,0.0,0.0,0.0,0.0,0.0,0.0,0.0,0.0,0.0,0.0,0.0,0.0,0.0,0.0,0.0,0.0,0.0,0.0,0.0,0.0,0.0,0.0,0.0
experiment_515,0.0,0.0,0.0,0.0,0.0,0.0,0.0,0.0,0.0,0.0,0.0,0.0,0.0,0.0,0.0,0.0,0.0,0.0,0.0,0.0,0.0,0.0,0.0,0.0,0.0,0.0,0.0,0.0,0.0,0.0,0.0,0.0
experiment_516,0.0,0.0,0.0,0.0,0.0,0.0,0.0,0.0,0.0,0.0,0.0,0.0,0.0,0.0,0.0,0.0,0.0,0.0,0.0,0.0,0.0,0.0,0.0,0.0,0.0,0.0,0.0,0.0,0.0,0.0,0.0,0.0
experiment_517,0.0,0.0,0.0,0.0,0.0,0.0,0.0,0.0,0.0,0.0,0.0,0.0,0.0,0.0,0.0,0.0,0.0,0.0,0.0,0.0,0.0,0.0,0.0,0.0,0.0,0.0,0.0,0.0,0.0,0.0,0.0,0.0
experiment_518,0.0,0.0,0.0,0.0,0.0,0.0,0.0,0.0,0.0,0.0,0.0,0.0,0.0,0.0,0.0,0.0,0.0,0.0,0.0,0.0,0.0,0.0,0.0,0.0,0.0,0.0,0.0,0.0,0.0,0.0,0.0,0.0
experiment_519,0.0,0.0,0.0,0.0,0.0,0.0,0.0,0.0,0.0,0.0,0.0,0.0,0.0,0.0,0.0,0.0,0.0,0.0,0.0,0.0,0.0,0.0,0.0,0.0,0.0,0.0,0.0,0.0,0.0,0.0,0.0,0.0
experiment_520,0.0,0.0,0.0,0.0,0.0,0.0,0.0,0.0,0.0,0.0,0.0,0.0,0.0,0.0,0.0,0.0,0.0,0.0,0.0,0.0,0.0,0.0,0.0,0.0,0.0,0.0,0.0,0.0,0.0,0.0,0.0,0.0
experiment_521,0.0,0.0,0.0,0.0,0.0,0.0,0.0,0.0,0.0,0.0,0.0,0.0,0.0,0.0,0.0,0.0,0.0,0.0,0.0,0.0,0.0,0.0,0.0,0.0,0.0,0.0,0.0,0.0,0.0,0.0,0.0,0.0
experiment_522,0.0,0.0,0.0,0.0,0.0,0.0,0.0,0.0,0.0,0.0,0.0,0.0,0.0,0.0,0.0,0.0,0.0,0.0,0.0,0.0,0.0,0.0,0.0,0.0,0.0,0.0,0.0,0.0,0.0,0.0,0.0,0.0
experiment_523,0.0,0.0,0.0,0.0,0.0,0.0,0.0,0.0,0.0,0.0,0.0,0.0,0.0,0.0,0.0,0.0,0.0,0.0,0.0,0.0,0.0,0.0,0.0,0.0,0.0,0.0,0.0,0.0,0.0,0.0,0.0,0.0
experiment_524,0.0,0.0,0.0,0.0,0.0,0.0,0.0,0.0,0.0,0.0,0.0,0.0,0.0,0.0,0.0,0.0,0.0,0.0,0.0,0.0,0.0,0.0,0.0,0.0,0.0,0.0,0.0,0.0,0.0,0.0,0.0,0.0
experiment_525,0.0,0.0,0.0,0.0,0.0,0.0,0.0,0.0,0.0,0.0,0.0,0.0,0.0,0.0,0.0,0.0,0.0,0.0,0.0,0.0,0.0,0.0,0.0,0.0,0.0,0.0,0.0,0.0,0.0,0.0,0.0,0.0
experiment_526,0.0,0.0,0.0,0.0,0.0,0.0,0.0,0.0,0.0,0.0,0.0,0.0,0.0,0.0,0.0,0.0,0.0,0.0,0.0,0.0,0.0,0.0,0.0,0.0,0.0,0.0,0.0,0.0,0.0,0.0,0.0,0.0
experiment_527,0.0,0.0,0.0,0.0,0.0,0.0,0.0,0.0,0.0,0.0,0.0,0.0,0.0,0.0,0.0,0.0,0.0,0.0,0.0,0.0,0.0,0.0,0.0,0.0,0.0,0.0,0.0,0.0,0.0,0.0,0.0,0.0
experiment_528,0.0,0.0,0.0,0.0,0.0,0.0,0.0,0.0,0.0,0.0,0.0,0.0,0.0,0.0,0.0,0.0,0.0,0.0,0.0,0.0,0.0,0.0,0.0,0.0,0.0,0.0,0.0,0.0,0.0,0.0,0.0,0.0
experiment_529,0.0,0.0,0.0,0.0,0.0,0.0,0.0,0.0,0.0,0.0,0.0,0.0,0.0,0.0,0.0,0.0,0.0,0.0,0.0,0.0,0.0,0.0,0.0,0.0,0.0,0.0,0.0,0.0,0.0,0.0,0.0,0.0
experiment_530,0.0,0.0,0.0,0.0,0.0,0.0,0.0,0.0,0.0,0.0,0.0,0.0,0.0,0.0,0.0,0.0,0.0,0.0,0.0,0.0,0.0,0.0,0.0,0.0,0.0,0.0,0.0,0.0,0.0,0.0,0.0,0.0
experiment_531,0.0,0.0,0.0,0.0,0.0,0.0,0.0,0.0,0.0,0.0,0.0,0.0,0.0,0.0,0.0,0.0,0.0,0.0,0.0,0.0,0.0,0.0,0.0,0.0,0.0,0.0,0.0,0.0,0.0,0.0,0.0,0.0
experiment_532,0.0,0.0,0.0,0.0,0.0,0.0,0.0,0.0,0.0,0.0,0.0,0.0,0.0,0.0,0.0,0.0,0.0,0.0,0.0,0.0,0.0,0.0,0.0,0.0,0.0,0.0,0.0,0.0,0.0,0.0,0.0,0.0
experiment_533,0.0,0.0,0.0,0.0,0.0,0.0,0.0,0.0,0.0,0.0,0.0,0.0,0.0,0.0,0.0,0.0,0.0,0.0,0.0,0.0,0.0,0.0,0.0,0.0,0.0,0.0,0.0,0.0,0.0,0.0,0.0,0.0
experiment_534,0.0,0.0,0.0,0.0,0.0,0.0,0.0,0.0,0.0,0.0,0.0,0.0,0.0,0.0,0.0,0.0,0.0,0.0,0.0,0.0,0.0,0.0,0.0,0.0,0.0,0.0,0.0,0.0,0.0,0.0,0.0,0.0
experiment_535,0.0,0.0,0.0,0.0,0.0,0.0,0.0,0.0,0.0,0.0,0.0,0.0,0.0,0.0,0.0,0.0,0.0,0.0,0.0,0.0,0.0,0.0,0.0,0.0,0.0,0.0,0.0,0.0,0.0,0.0,0.0,0.0
experiment_536,0.0,0.0,0.0,0.0,0.0,0.0,0.0,0.0,0.0,0.0,0.0,0.0,0.0,0.0,0.0,0.0,0.0,0.0,0.0,0.0,0.0,0.0,0.0,0.0,0.0,0.0,0.0,0.0,0.0,0.0,0.0,0.0
experiment_537,0.0,0.0,0.0,0.0,0.0,0.0,0.0,0.0,0.0,0.0,0.0,0.0,0.0,0.0,0.0,0.0,0.0,0.0,0.0,0.0,0.0,0.0,0.0,0.0,0.0,0.0,0.0,0.0,0.0,0.0,0.0,0.0
experiment_538,0.0,0.0,0.0,0.0,0.0,0.0,0.0,0.0,0.0,0.0,0.0,0.0,0.0,0.0,0.0,0.0,0.0,0.0,0.0,0.0,0.0,0.0,0.0,0.0,0.0,0.0,0.0,0.0,0.0,0.0,0.0,0.0
experiment_539,0.0,0.0,0.0,0.0,0.0,0.0,0.0,0.0,0.0,0.0,0.0,0.0,0.0,0.0,0.0,0.0,0.0,0.0,0.0,0.0,0.0,0.0,0.0,0.0,0.0,0.0,0.0,0.0,0.0,0.0,0.0,0.0
experiment_540,0.0,0.0,0.0,0.0,0.0,0.0,0.0,0.0,0.0,0.0,0.0,0.0,0.0,0.0,0.0,0.0,0.0,0.0,0.0,0.0,0.0,0.0,0.0,0.0,0.0,0.0,0.0,0.0,0.0,0.0,0.0,0.0
experiment_541,0.0,0.0,0.0,0.0,0.0,0.0,0.0,0.0,0.0,0.0,0.0,0.0,0.0,0.0,0.0,0.0,0.0,0.0,0.0,0.0,0.0,0.0,0.0,0.0,0.0,0.0,0.0,0.0,0.0,0.0,0.0,0.0
experiment_542,0.0,0.0,0.0,0.0,0.0,0.0,0.0,0.0,0.0,0.0,0.0,0.0,0.0,0.0,0.0,0.0,0.0,0.0,0.0,0.0,0.0,0.0,0.0,0.0,0.0,0.0,0.0,0.0,0.0,0.0,0.0,0.0
experiment_543,0.0,0.0,0.0,0.0,0.0,0.0,0.0,0.0,0.0,0.0,0.0,0.0,0.0,0.0,0.0,0.0,0.0,0.0,0.0,0.0,0.0,0.0,0.0,0.0,0.0,0.0,0.0,0.0,0.0,0.0,0.0,0.0
experiment_544,0.0,0.0,0.0,0.0,0.0,0.0,0.0,0.0,0.0,0.0,0.0,0.0,0.0,0.0,0.0,0.0,0.0,0.0,0.0,0.0,0.0,0.0,0.0,0.0,0.0,0.0,0.0,0.0,0.0,0.0,0.0,0.0
experiment_545,0.0,0.0,0.0,0.0,0.0,0.0,0.0,0.0,0.0,0.0,0.0,0.0,0.0,0.0,0.0,0.0,0.0,0.0,0.0,0.0,0.0,0.0,0.0,0.0,0.0,0.0,0.0,0.0,0.0,0.0,0.0,0.0
experiment_546,0.0,0.0,0.0,0.0,0.0,0.0,0.0,0.0,0.0,0.0,0.0,0.0,0.0,0.0,0.0,0.0,0.0,0.0,0.0,0.0,0.0,0.0,0.0,0.0,0.0,0.0,0.0,0.0,0.0,0.0,0.0,0.0
experiment_547,0.0,0.0,0.0,0.0,0.0,0.0,0.0,0.0,0.0,0.0,0.0,0.0,0.0,0.0,0.0,0.0,0.0,0.0,0.0,0.0,0.0,0.0,0.0,0.0,0.0,0.0,0.0,0.0,0.0,0.0,0.0,0.0
experiment_548,0.0,0.0,0.0,0.0,0.0,0.0,0.0,0.0,0.0,0.0,0.0,0.0,0.0,0.0,0.0,0.0,0.0,0.0,0.0,0.0,0.0,0.0,0.0,0.0,0.0,0.0,0.0,0.0,0.0,0.0,0.0,0.0
experiment_549,0.0,0.0,0.0,0.0,0.0,0.0,0.0,0.0,0.0,0.0,0.0,0.0,0.0,0.0,0.0,0.0,0.0,0.0,0.0,0.0,0.0,0.0,0.0,0.0,0.0,0.0,0.0,0.0,0.0,0.0,0.0,0.0
experiment_550,0.0,0.0,0.0,0.0,0.0,0.0,0.0,0.0,0.0,0.0,0.0,0.0,0.0,0.0,0.0,0.0,0.0,0.0,0.0,0.0,0.0,0.0,0.0,0.0,0.0,0.0,0.0,0.0,0.0,0.0,0.0,0.0
experiment_551,0.0,0.0,0.0,0.0,0.0,0.0,0.0,0.0,0.0,0.0,0.0,0.0,0.0,0.0,0.0,0.0,0.0,0.0,0.0,0.0,0.0,0.0,0.0,0.0,0.0,0.0,0.0,0.0,0.0,0.0,0.0,0.0
experiment_552,0.0,0.0,0.0,0.0,0.0,0.0,0.0,0.0,0.0,0.0,0.0,0.0,0.0,0.0,0.0,0.0,0.0,0.0,0.0,0.0,0.0,0.0,0.0,0.0,0.0,0.0,0.0,0.0,0.0,0.0,0.0,0.0
experiment_553,0.0,0.0,0.0,0.0,0.0,0.0,0.0,0.0,0.0,0.0,0.0,0.0,0.0,0.0,0.0,0.0,0.0,0.0,0.0,0.0,0.0,0.0,0.0,0.0,0.0,0.0,0.0,0.0,0.0,0.0,0.0,0.0
experiment_554,0.0,0.0,0.0,0.0,0.0,0.0,0.0,0.0,0.0,0.0,0.0,0.0,0.0,0.0,0.0,0.0,0.0,0.0,0.0,0.0,0.0,0.0,0.0,0.0,0.0,0.0,0.0,0.0,0.0,0.0,0.0,0.0
experiment_555,0.0,0.0,0.0,0.0,0.0,0.0,0.0,0.0,0.0,0.0,0.0,0.0,0.0,0.0,0.0,0.0,0.0,0.0,0.0,0.0,0.0,0.0,0.0,0.0,0.0,0.0,0.0,0.0,0.0,0.0,0.0,0.0
experiment_556,0.0,0.0,0.0,0.0,0.0,0.0,0.0,0.0,0.0,0.0,0.0,0.0,0.0,0.0,0.0,0.0,0.0,0.0,0.0,0.0,0.0,0.0,0.0,0.0,0.0,0.0,0.0,0.0,0.0,0.0,0.0,0.0
experiment_557,0.0,0.0,0.0,0.0,0.0,0.0,0.0,0.0,0.0,0.0,0.0,0.0,0.0,0.0,0.0,0.0,0.0,0.0,0.0,0.0,0.0,0.0,0.0,0.0,0.0,0.0,0.0,0.0,0.0,0.0,0.0,0.0
experiment_558,0.0,0.0,0.0,0.0,0.0,0.0,0.0,0.0,0.0,0.0,0.0,0.0,0.0,0.0,0.0,0.0,0.0,0.0,0.0,0.0,0.0,0.0,0.0,0.0,0.0,0.0,0.0,0.0,0.0,0.0,0.0,0.0
experiment_559,0.0,0.0,0.0,0.0,0.0,0.0,0.0,0.0,0.0,0.0,0.0,0.0,0.0,0.0,0.0,0.0,0.0,0.0,0.0,0.0,0.0,0.0,0.0,0.0,0.0,0.0,0.0,0.0,0.0,0.0,0.0,0.0
experiment_560,0.0,0.0,0.0,0.0,0.0,0.0,0.0,0.0,0.0,0.0,0.0,0.0,0.0,0.0,0.0,0.0,0.0,0.0,0.0,0.0,0.0,0.0,0.0,0.0,0.0,0.0,0.0,0.0,0.0,0.0,0.0,0.0
experiment_561,0.0,0.0,0.0,0.0,0.0,0.0,0.0,0.0,0.0,0.0,0.0,0.0,0.0,0.0,0.0,0.0,0.0,0.0,0.0,0.0,0.0,0.0,0.0,0.0,0.0,0.0,0.0,0.0,0.0,0.0,0.0,0.0
experiment_562,0.0,0.0,0.0,0.0,0.0,0.0,0.0,0.0,0.0,0.0,0.0,0.0,0.0,0.0,0.0,0.0,0.0,0.0,0.0,0.0,0.0,0.0,0.0,0.0,0.0,0.0,0.0,0.0,0.0,0.0,0.0,0.0
experiment_563,0.0,0.0,0.0,0.0,0.0,0.0,0.0,0.0,0.0,0.0,0.0,0.0,0.0,0.0,0.0,0.0,0.0,0.0,0.0,0.0,0.0,0.0,0.0,0.0,0.0,0.0,0.0,0.0,0.0,0.0,0.0,0.0
experiment_564,0.0,0.0,0.0,0.0,0.0,0.0,0.0,0.0,0.0,0.0,0.0,0.0,0.0,0.0,0.0,0.0,0.0,0.0,0.0,0.0,0.0,0.0,0.0,0.0,0.0,0.0,0.0,0.0,0.0,0.0,0.0,0.0
experiment_565,0.0,0.0,0.0,0.0,0.0,0.0,0.0,0.0,0.0,0.0,0.0,0.0,0.0,0.0,0.0,0.0,0.0,0.0,0.0,0.0,0.0,0.0,0.0,0.0,0.0,0.0,0.0,0.0,0.0,0.0,0.0,0.0
experiment_566,0.0,0.0,0.0,0.0,0.0,0.0,0.0,0.0,0.0,0.0,0.0,0.0,0.0,0.0,0.0,0.0,0.0,0.0,0.0,0.0,0.0,0.0,0.0,0.0,0.0,0.0,0.0,0.0,0.0,0.0,0.0,0.0
experiment_567,0.0,0.0,0.0,0.0,0.0,0.0,0.0,0.0,0.0,0.0,0.0,0.0,0.0,0.0,0.0,0.0,0.0,0.0,0.0,0.0,0.0,0.0,0.0,0.0,0.0,0.0,0.0,0.0,0.0,0.0,0.0,0.0
experiment_568,0.0,0.0,0.0,0.0,0.0,0.0,0.0,0.0,0.0,0.0,0.0,0.0,0.0,0.0,0.0,0.0,0.0,0.0,0.0,0.0,0.0,0.0,0.0,0.0,0.0,0.0,0.0,0.0,0.0,0.0,0.0,0.0
experiment_569,0.0,0.0,0.0,0.0,0.0,0.0,0.0,0.0,0.0,0.0,0.0,0.0,0.0,0.0,0.0,0.0,0.0,0.0,0.0,0.0,0.0,0.0,0.0,0.0,0.0,0.0,0.0,0.0,0.0,0.0,0.0,0.0
experiment_570,0.0,0.0,0.0,0.0,0.0,0.0,0.0,0.0,0.0,0.0,0.0,0.0,0.0,0.0,0.0,0.0,0.0,0.0,0.0,0.0,0.0,0.0,0.0,0.0,0.0,0.0,0.0,0.0,0.0,0.0,0.0,0.0
experiment_571,0.0,0.0,0.0,0.0,0.0,0.0,0.0,0.0,0.0,0.0,0.0,0.0,0.0,0.0,0.0,0.0,0.0,0.0,0.0,0.0,0.0,0.0,0.0,0.0,0.0,0.0,0.0,0.0,0.0,0.0,0.0,0.0
experiment_572,0.0,0.0,0.0,0.0,0.0,0.0,0.0,0.0,0.0,0.0,0.0,0.0,0.0,0.0,0.0,0.0,0.0,0.0,0.0,0.0,0.0,0.0,0.0,0.0,0.0,0.0,0.0,0.0,0.0,0.0,0.0,0.0
experiment_573,0.0,0.0,0.0,0.0,0.0,0.0,0.0,0.0,0.0,0.0,0.0,0.0,0.0,0.0,0.0,0.0,0.0,0.0,0.0,0.0,0.0,0.0,0.0,0.0,0.0,0.0,0.0,0.0,0.0,0.0,0.0,0.0
experiment_574,0.0,0.0,0.0,0.0,0.0,0.0,0.0,0.0,0.0,0.0,0.0,0.0,0.0,0.0,0.0,0.0,0.0,0.0,0.0,0.0,0.0,0.0,0.0,0.0,0.0,0.0,0.0,0.0,0.0,0.0,0.0,0.0
experiment_575,0.0,0.0,0.0,0.0,0.0,0.0,0.0,0.0,0.0,0.0,0.0,0.0,0.0,0.0,0.0,0.0,0.0,0.0,0.0,0.0,0.0,0.0,0.0,0.0,0.0,0.0,0.0,0.0,0.0,0.0,0.0,0.0
experiment_576,0.0,0.0,0.0,0.0,0.0,0.0,0.0,0.0,0.0,0.0,0.0,0.0,0.0,0.0,0.0,0.0,0.0,0.0,0.0,0.0,0.0,0.0,0.0,0.0,0.0,0.0,0.0,0.0,0.0,0.0,0.0,0.0
experiment_577,0.0,0.0,0.0,0.0,0.0,0.0,0.0,0.0,0.0,0.0,0.0,0.0,0.0,0.0,0.0,0.0,0.0,0.0,0.0,0.0,0.0,0.0,0.0,0.0,0.0,0.0,0.0,0.0,0.0,0.0,0.0,0.0
experiment_578,0.0,0.0,0.0,0.0,0.0,0.0,0.0,0.0,0.0,0.0,0.0,0.0,0.0,0.0,0.0,0.0,0.0,0.0,0.0,0.0,0.0,0.0,0.0,0.0,0.0,0.0,0.0,0.0,0.0,0.0,0.0,0.0
experiment_579,0.0,0.0,0.0,0.0,0.0,0.0,0.0,0.0,0.0,0.0,0.0,0.0,0.0,0.0,0.0,0.0,0.0,0.0,0.0,0.0,0.0,0.0,0.0,0.0,0.0,0.0,0.0,0.0,0.0,0.0,0.0,0.0
experiment_580,0.0,0.0,0.0,0.0,0.0,0.0,0.0,0.0,0.0,0.0,0.0,0.0,0.0,0.0,0.0,0.0,0.0,0.0,0.0,0.0,0.0,0.0,0.0,0.0,0.0,0.0,0.0,0.0,0.0,0.0,0.0,0.0
experiment_581,0.0,0.0,0.0,0.0,0.0,0.0,0.0,0.0,0.0,0.0,0.0,0.0,0.0,0.0,0.0,0.0,0.0,0.0,0.0,0.0,0.0,0.0,0.0,0.0,0.0,0.0,0.0,0.0,0.0,0.0,0.0,0.0
experiment_582,0.0,0.0,0.0,0.0,0.0,0.0,0.0,0.0,0.0,0.0,0.0,0.0,0.0,0.0,0.0,0.0,0.0,0.0,0.0,0.0,0.0,0.0,0.0,0.0,0.0,0.0,0.0,0.0,0.0,0.0,0.0,0.0
experiment_583,0.0,0.0,0.0,0.0,0.0,0.0,0.0,0.0,0.0,0.0,0.0,0.0,0.0,0.0,0.0,0.0,0.0,0.0,0.0,0.0,0.0,0.0,0.0,0.0,0.0,0.0,0.0,0.0,0.0,0.0,0.0,0.0
experiment_584,0.0,0.0,0.0,0.0,0.0,0.0,0.0,0.0,0.0,0.0,0.0,0.0,0.0,0.0,0.0,0.0,0.0,0.0,0.0,0.0,0.0,0.0,0.0,0.0,0.0,0.0,0.0,0.0,0.0,0.0,0.0,0.0
experiment_585,0.0,0.0,0.0,0.0,0.0,0.0,0.0,0.0,0.0,0.0,0.0,0.0,0.0,0.0,0.0,0.0,0.0,0.0,0.0,0.0,0.0,0.0,0.0,0.0,0.0,0.0,0.0,0.0,0.0,0.0,0.0,0.0
experiment_586,0.0,0.0,0.0,0.0,0.0,0.0,0.0,0.0,0.0,0.0,0.0,0.0,0.0,0.0,0.0,0.0,0.0,0.0,0.0,0.0,0.0,0.0,0.0,0.0,0.0,0.0,0.0,0.0,0.0,0.0,0.0,0.0
experiment_587,0.0,0.0,0.0,0.0,0.0,0.0,0.0,0.0,0.0,0.0,0.0,0.0,0.0,0.0,0.0,0.0,0.0,0.0,0.0,0.0,0.0,0.0,0.0,0.0,0.0,0.0,0.0,0.0,0.0,0.0,0.0,0.0
experiment_588,0.0,0.0,0.0,0.0,0.0,0.0,0.0,0.0,0.0,0.0,0.0,0.0,0.0,0.0,0.0,0.0,0.0,0.0,0.0,0.0,0.0,0.0,0.0,0.0,0.0,0.0,0.0,0.0,0.0,0.0,0.0,0.0
experiment_589,0.0,0.0,0.0,0.0,0.0,0.0,0.0,0.0,0.0,0.0,0.0,0.0,0.0,0.0,0.0,0.0,0.0,0.0,0.0,0.0,0.0,0.0,0.0,0.0,0.0,0.0,0.0,0.0,0.0,0.0,0.0,0.0
experiment_590,0.0,0.0,0.0,0.0,0.0,0.0,0.0,0.0,0.0,0.0,0.0,0.0,0.0,0.0,0.0,0.0,0.0,0.0,0.0,0.0,0.0,0.0,0.0,0.0,0.0,0.0,0.0,0.0,0.0,0.0,0.0,0.0
experiment_591,0.0,0.0,0.0,0.0,0.0,0.0,0.0,0.0,0.0,0.0,0.0,0.0,0.0,0.0,0.0,0.0,0.0,0.0,0.0,0.0,0.0,0.0,0.0,0.0,0.0,0.0,0.0,0.0,0.0,0.0,0.0,0.0
experiment_592,0.0,0.0,0.0,0.0,0.0,0.0,0.0,0.0,0.0,0.0,0.0,0.0,0.0,0.0,0.0,0.0,0.0,0.0,0.0,0.0,0.0,0.0,0.0,0.0,0.0,0.0,0.0,0.0,0.0,0.0,0.0,0.0
experiment_593,0.0,0.0,0.0,0.0,0.0,0.0,0.0,0.0,0.0,0.0,0.0,0.0,0.0,0.0,0.0,0.0,0.0,0.0,0.0,0.0,0.0,0.0,0.0,0.0,0.0,0.0,0.0,0.0,0.0,0.0,0.0,0.0
experiment_594,0.0,0.0,0.0,0.0,0.0,0.0,0.0,0.0,0.0,0.0,0.0,0.0,0.0,0.0,0.0,0.0,0.0,0.0,0.0,0.0,0.0,0.0,0.0,0.0,0.0,0.0,0.0,0.0,0.0,0.0,0.0,0.0
experiment_595,0.0,0.0,0.0,0.0,0.0,0.0,0.0,0.0,0.0,0.0,0.0,0.0,0.0,0.0,0.0,0.0,0.0,0.0,0.0,0.0,0.0,0.0,0.0,0.0,0.0,0.0,0.0,0.0,0.0,0.0,0.0,0.0
experiment_596,0.0,0.0,0.0,0.0,0.0,0.0,0.0,0.0,0.0,0.0,0.0,0.0,0.0,0.0,0.0,0.0,0.0,0.0,0.0,0.0,0.0,0.0,0.0,0.0,0.0,0.0,0.0,0.0,0.0,0.0,0.0,0.0
experiment_597,0.0,0.0,0.0,0.0,0.0,0.0,0.0,0.0,0.0,0.0,0.0,0.0,0.0,0.0,0.0,0.0,0.0,0.0,0.0,0.0,0.0,0.0,0.0,0.0,0.0,0.0,0.0,0.0,0.0,0.0,0.0,0.0
experiment_598,0.0,0.0,0.0,0.0,0.0,0.0,0.0,0.0,0.0,0.0,0.0,0.0,0.0,0.0,0.0,0.0,0.0,0.0,0.0,0.0,0.0,0.0,0.0,0.0,0.0,0.0,0.0,0.0,0.0,0.0,0.0,0.0
experiment_599,0.0,0.0,0.0,0.0,0.0,0.0,0.0,0.0,0.0,0.0,0.0,0.0,0.0,0.0,0.0,0.0,0.0,0.0,0.0,0.0,0.0,0.0,0.0,0.0,0.0,0.0,0.0,0.0,0.0,0.0,0.0,0.0
experiment_600,0.0,0.0,0.0,0.0,0.0,0.0,0.0,0.0,0.0,0.0,0.0,0.0,0.0,0.0,0.0,0.0,0.0,0.0,0.0,0.0,0.0,0.0,0.0,0.0,0.0,0.0,0.0,0.0,0.0,0.0,0.0,0.0
experiment_601,0.0,0.0,0.0,0.0,0.0,0.0,0.0,0.0,0.0,0.0,0.0,0.0,0.0,0.0,0.0,0.0,0.0,0.0,0.0,0.0,0.0,0.0,0.0,0.0,0.0,0.0,0.0,0.0,0.0,0.0,0.0,0.0
experiment_602,0.0,0.0,0.0,0.0,0.0,0.0,0.0,0.0,0.0,0.0,0.0,0.0,0.0,0.0,0.0,0.0,0.0,0.0,0.0,0.0,0.0,0.0,0.0,0.0,0.0,0.0,0.0,0.0,0.0,0.0,0.0,0.0
experiment_603,0.0,0.0,0.0,0.0,0.0,0.0,0.0,0.0,0.0,0.0,0.0,0.0,0.0,0.0,0.0,0.0,0.0,0.0,0.0,0.0,0.0,0.0,0.0,0.0,0.0,0.0,0.0,0.0,0.0,0.0,0.0,0.0
experiment_604,0.0,0.0,0.0,0.0,0.0,0.0,0.0,0.0,0.0,0.0,0.0,0.0,0.0,0.0,0.0,0.0,0.0,0.0,0.0,0.0,0.0,0.0,0.0,0.0,0.0,0.0,0.0,0.0,0.0,0.0,0.0,0.0
experiment_605,0.0,0.0,0.0,0.0,0.0,0.0,0.0,0.0,0.0,0.0,0.0,0.0,0.0,0.0,0.0,0.0,0.0,0.0,0.0,0.0,0.0,0.0,0.0,0.0,0.0,0.0,0.0,0.0,0.0,0.0,0.0,0.0
experiment_606,0.0,0.0,0.0,0.0,0.0,0.0,0.0,0.0,0.0,0.0,0.0,0.0,0.0,0.0,0.0,0.0,0.0,0.0,0.0,0.0,0.0,0.0,0.0,0.0,0.0,0.0,0.0,0.0,0.0,0.0,0.0,0.0
experiment_607,0.0,0.0,0.0,0.0,0.0,0.0,0.0,0.0,0.0,0.0,0.0,0.0,0.0,0.0,0.0,0.0,0.0,0.0,0.0,0.0,0.0,0.0,0.0,0.0,0.0,0.0,0.0,0.0,0.0,0.0,0.0,0.0
experiment_608,0.0,0.0,0.0,0.0,0.0,0.0,0.0,0.0,0.0,0.0,0.0,0.0,0.0,0.0,0.0,0.0,0.0,0.0,0.0,0.0,0.0,0.0,0.0,0.0,0.0,0.0,0.0,0.0,0.0,0.0,0.0,0.0
experiment_609,0.0,0.0,0.0,0.0,0.0,0.0,0.0,0.0,0.0,0.0,0.0,0.0,0.0,0.0,0.0,0.0,0.0,0.0,0.0,0.0,0.0,0.0,0.0,0.0,0.0,0.0,0.0,0.0,0.0,0.0,0.0,0.0
experiment_610,0.0,0.0,0.0,0.0,0.0,0.0,0.0,0.0,0.0,0.0,0.0,0.0,0.0,0.0,0.0,0.0,0.0,0.0,0.0,0.0,0.0,0.0,0.0,0.0,0.0,0.0,0.0,0.0,0.0,0.0,0.0,0.0
experiment_611,0.0,0.0,0.0,0.0,0.0,0.0,0.0,0.0,0.0,0.0,0.0,0.0,0.0,0.0,0.0,0.0,0.0,0.0,0.0,0.0,0.0,0.0,0.0,0.0,0.0,0.0,0.0,0.0,0.0,0.0,0.0,0.0
experiment_612,0.0,0.0,0.0,0.0,0.0,0.0,0.0,0.0,0.0,0.0,0.0,0.0,0.0,0.0,0.0,0.0,0.0,0.0,0.0,0.0,0.0,0.0,0.0,0.0,0.0,0.0,0.0,0.0,0.0,0.0,0.0,0.0
experiment_613,0.0,0.0,0.0,0.0,0.0,0.0,0.0,0.0,0.0,0.0,0.0,0.0,0.0,0.0,0.0,0.0,0.0,0.0,0.0,0.0,0.0,0.0,0.0,0.0,0.0,0.0,0.0,0.0,0.0,0.0,0.0,0.0
experiment_614,0.0,0.0,0.0,0.0,0.0,0.0,0.0,0.0,0.0,0.0,0.0,0.0,0.0,0.0,0.0,0.0,0.0,0.0,0.0,0.0,0.0,0.0,0.0,0.0,0.0,0.0,0.0,0.0,0.0,0.0,0.0,0.0
experiment_615,0.0,0.0,0.0,0.0,0.0,0.0,0.0,0.0,0.0,0.0,0.0,0.0,0.0,0.0,0.0,0.0,0.0,0.0,0.0,0.0,0.0,0.0,0.0,0.0,0.0,0.0,0.0,0.0,0.0,0.0,0.0,0.0
experiment_616,0.0,0.0,0.0,0.0,0.0,0.0,0.0,0.0,0.0,0.0,0.0,0.0,0.0,0.0,0.0,0.0,0.0,0.0,0.0,0.0,0.0,0.0,0.0,0.0,0.0,0.0,0.0,0.0,0.0,0.0,0.0,0.0
experiment_617,0.0,0.0,0.0,0.0,0.0,0.0,0.0,0.0,0.0,0.0,0.0,0.0,0.0,0.0,0.0,0.0,0.0,0.0,0.0,0.0,0.0,0.0,0.0,0.0,0.0,0.0,0.0,0.0,0.0,0.0,0.0,0.0
experiment_618,0.0,0.0,0.0,0.0,0.0,0.0,0.0,0.0,0.0,0.0,0.0,0.0,0.0,0.0,0.0,0.0,0.0,0.0,0.0,0.0,0.0,0.0,0.0,0.0,0.0,0.0,0.0,0.0,0.0,0.0,0.0,0.0
experiment_619,0.0,0.0,0.0,0.0,0.0,0.0,0.0,0.0,0.0,0.0,0.0,0.0,0.0,0.0,0.0,0.0,0.0,0.0,0.0,0.0,0.0,0.0,0.0,0.0,0.0,0.0,0.0,0.0,0.0,0.0,0.0,0.0
experiment_620,0.0,0.0,0.0,0.0,0.0,0.0,0.0,0.0,0.0,0.0,0.0,0.0,0.0,0.0,0.0,0.0,0.0,0.0,0.0,0.0,0.0,0.0,0.0,0.0,0.0,0.0,0.0,0.0,0.0,0.0,0.0,0.0
experiment_621,0.0,0.0,0.0,0.0,0.0,0.0,0.0,0.0,0.0,0.0,0.0,0.0,0.0,0.0,0.0,0.0,0.0,0.0,0.0,0.0,0.0,0.0,0.0,0.0,0.0,0.0,0.0,0.0,0.0,0.0,0.0,0.0
experiment_622,0.0,0.0,0.0,0.0,0.0,0.0,0.0,0.0,0.0,0.0,0.0,0.0,0.0,0.0,0.0,0.0,0.0,0.0,0.0,0.0,0.0,0.0,0.0,0.0,0.0,0.0,0.0,0.0,0.0,0.0,0.0,0.0
experiment_623,0.0,0.0,0.0,0.0,0.0,0.0,0.0,0.0,0.0,0.0,0.0,0.0,0.0,0.0,0.0,0.0,0.0,0.0,0.0,0.0,0.0,0.0,0.0,0.0,0.0,0.0,0.0,0.0,0.0,0.0,0.0,0.0
experiment_624,0.0,0.0,0.0,0.0,0.0,0.0,0.0,0.0,0.0,0.0,0.0,0.0,0.0,0.0,0.0,0.0,0.0,0.0,0.0,0.0,0.0,0.0,0.0,0.0,0.0,0.0,0.0,0.0,0.0,0.0,0.0,0.0
experiment_625,0.0,0.0,0.0,0.0,0.0,0.0,0.0,0.0,0.0,0.0,0.0,0.0,0.0,0.0,0.0,0.0,0.0,0.0,0.0,0.0,0.0,0.0,0.0,0.0,0.0,0.0,0.0,0.0,0.0,0.0,0.0,0.0
experiment_626,0.0,0.0,0.0,0.0,0.0,0.0,0.0,0.0,0.0,0.0,0.0,0.0,0.0,0.0,0.0,0.0,0.0,0.0,0.0,0.0,0.0,0.0,0.0,0.0,0.0,0.0,0.0,0.0,0.0,0.0,0.0,0.0
experiment_627,0.0,0.0,0.0,0.0,0.0,0.0,0.0,0.0,0.0,0.0,0.0,0.0,0.0,0.0,0.0,0.0,0.0,0.0,0.0,0.0,0.0,0.0,0.0,0.0,0.0,0.0,0.0,0.0,0.0,0.0,0.0,0.0
experiment_628,0.0,0.0,0.0,0.0,0.0,0.0,0.0,0.0,0.0,0.0,0.0,0.0,0.0,0.0,0.0,0.0,0.0,0.0,0.0,0.0,0.0,0.0,0.0,0.0,0.0,0.0,0.0,0.0,0.0,0.0,0.0,0.0
experiment_629,0.0,0.0,0.0,0.0,0.0,0.0,0.0,0.0,0.0,0.0,0.0,0.0,0.0,0.0,0.0,0.0,0.0,0.0,0.0,0.0,0.0,0.0,0.0,0.0,0.0,0.0,0.0,0.0,0.0,0.0,0.0,0.0
experiment_630,0.0,0.0,0.0,0.0,0.0,0.0,0.0,0.0,0.0,0.0,0.0,0.0,0.0,0.0,0.0,0.0,0.0,0.0,0.0,0.0,0.0,0.0,0.0,0.0,0.0,0.0,0.0,0.0,0.0,0.0,0.0,0.0
experiment_631,0.0,0.0,0.0,0.0,0.0,0.0,0.0,0.0,0.0,0.0,0.0,0.0,0.0,0.0,0.0,0.0,0.0,0.0,0.0,0.0,0.0,0.0,0.0,0.0,0.0,0.0,0.0,0.0,0.0,0.0,0.0,0.0
experiment_632,0.0,0.0,0.0,0.0,0.0,0.0,0.0,0.0,0.0,0.0,0.0,0.0,0.0,0.0,0.0,0.0,0.0,0.0,0.0,0.0,0.0,0.0,0.0,0.0,0.0,0.0,0.0,0.0,0.0,0.0,0.0,0.0
experiment_633,0.0,0.0,0.0,0.0,0.0,0.0,0.0,0.0,0.0,0.0,0.0,0.0,0.0,0.0,0.0,0.0,0.0,0.0,0.0,0.0,0.0,0.0,0.0,0.0,0.0,0.0,0.0,0.0,0.0,0.0,0.0,0.0
experiment_634,0.0,0.0,0.0,0.0,0.0,0.0,0.0,0.0,0.0,0.0,0.0,0.0,0.0,0.0,0.0,0.0,0.0,0.0,0.0,0.0,0.0,0.0,0.0,0.0,0.0,0.0,0.0,0.0,0.0,0.0,0.0,0.0
experiment_635,0.0,0.0,0.0,0.0,0.0,0.0,0.0,0.0,0.0,0.0,0.0,0.0,0.0,0.0,0.0,0.0,0.0,0.0,0.0,0.0,0.0,0.0,0.0,0.0,0.0,0.0,0.0,0.0,0.0,0.0,0.0,0.0
experiment_636,0.0,0.0,0.0,0.0,0.0,0.0,0.0,0.0,0.0,0.0,0.0,0.0,0.0,0.0,0.0,0.0,0.0,0.0,0.0,0.0,0.0,0.0,0.0,0.0,0.0,0.0,0.0,0.0,0.0,0.0,0.0,0.0
experiment_637,0.0,0.0,0.0,0.0,0.0,0.0,0.0,0.0,0.0,0.0,0.0,0.0,0.0,0.0,0.0,0.0,0.0,0.0,0.0,0.0,0.0,0.0,0.0,0.0,0.0,0.0,0.0,0.0,0.0,0.0,0.0,0.0
experiment_638,0.0,0.0,0.0,0.0,0.0,0.0,0.0,0.0,0.0,0.0,0.0,0.0,0.0,0.0,0.0,0.0,0.0,0.0,0.0,0.0,0.0,0.0,0.0,0.0,0.0,0.0,0.0,0.0,0.0,0.0,0.0,0.0
experiment_639,0.0,0.0,0.0,0.0,0.0,0.0,0.0,0.0,0.0,0.0,0.0,0.0,0.0,0.0,0.0,0.0,0.0,0.0,0.0,0.0,0.0,0.0,0.0,0.0,0.0,0.0,0.0,0.0,0.0,0.0,0.0,0.0
experiment_640,0.0,0.0,0.0,0.0,0.0,0.0,0.0,0.0,0.0,0.0,0.0,0.0,0.0,0.0,0.0,0.0,0.0,0.0,0.0,0.0,0.0,0.0,0.0,0.0,0.0,0.0,0.0,0.0,0.0,0.0,0.0,0.0
experiment_641,0.0,0.0,0.0,0.0,0.0,0.0,0.0,0.0,0.0,0.0,0.0,0.0,0.0,0.0,0.0,0.0,0.0,0.0,0.0,0.0,0.0,0.0,0.0,0.0,0.0,0.0,0.0,0.0,0.0,0.0,0.0,0.0
experiment_642,0.0,0.0,0.0,0.0,0.0,0.0,0.0,0.0,0.0,0.0,0.0,0.0,0.0,0.0,0.0,0.0,0.0,0.0,0.0,0.0,0.0,0.0,0.0,0.0,0.0,0.0,0.0,0.0,0.0,0.0,0.0,0.0
experiment_643,0.0,0.0,0.0,0.0,0.0,0.0,0.0,0.0,0.0,0.0,0.0,0.0,0.0,0.0,0.0,0.0,0.0,0.0,0.0,0.0,0.0,0.0,0.0,0.0,0.0,0.0,0.0,0.0,0.0,0.0,0.0,0.0
experiment_644,0.0,0.0,0.0,0.0,0.0,0.0,0.0,0.0,0.0,0.0,0.0,0.0,0.0,0.0,0.0,0.0,0.0,0.0,0.0,0.0,0.0,0.0,0.0,0.0,0.0,0.0,0.0,0.0,0.0,0.0,0.0,0.0
experiment_645,0.0,0.0,0.0,0.0,0.0,0.0,0.0,0.0,0.0,0.0,0.0,0.0,0.0,0.0,0.0,0.0,0.0,0.0,0.0,0.0,0.0,0.0,0.0,0.0,0.0,0.0,0.0,0.0,0.0,0.0,0.0,0.0
experiment_646,0.0,0.0,0.0,0.0,0.0,0.0,0.0,0.0,0.0,0.0,0.0,0.0,0.0,0.0,0.0,0.0,0.0,0.0,0.0,0.0,0.0,0.0,0.0,0.0,0.0,0.0,0.0,0.0,0.0,0.0,0.0,0.0
experiment_647,0.0,0.0,0.0,0.0,0.0,0.0,0.0,0.0,0.0,0.0,0.0,0.0,0.0,0.0,0.0,0.0,0.0,0.0,0.0,0.0,0.0,0.0,0.0,0.0,0.0,0.0,0.0,0.0,0.0,0.0,0.0,0.0
experiment_648,0.0,0.0,0.0,0.0,0.0,0.0,0.0,0.0,0.0,0.0,0.0,0.0,0.0,0.0,0.0,0.0,0.0,0.0,0.0,0.0,0.0,0.0,0.0,0.0,0.0,0.0,0.0,0.0,0.0,0.0,0.0,0.0
experiment_649,0.0,0.0,0.0,0.0,0.0,0.0,0.0,0.0,0.0,0.0,0.0,0.0,0.0,0.0,0.0,0.0,0.0,0.0,0.0,0.0,0.0,0.0,0.0,0.0,0.0,0.0,0.0,0.0,0.0,0.0,0.0,0.0
experiment_650,0.0,0.0,0.0,0.0,0.0,0.0,0.0,0.0,0.0,0.0,0.0,0.0,0.0,0.0,0.0,0.0,0.0,0.0,0.0,0.0,0.0,0.0,0.0,0.0,0.0,0.0,0.0,0.0,0.0,0.0,0.0,0.0
experiment_651,0.0,0.0,0.0,0.0,0.0,0.0,0.0,0.0,0.0,0.0,0.0,0.0,0.0,0.0,0.0,0.0,0.0,0.0,0.0,0.0,0.0,0.0,0.0,0.0,0.0,0.0,0.0,0.0,0.0,0.0,0.0,0.0
experiment_652,0.0,0.0,0.0,0.0,0.0,0.0,0.0,0.0,0.0,0.0,0.0,0.0,0.0,0.0,0.0,0.0,0.0,0.0,0.0,0.0,0.0,0.0,0.0,0.0,0.0,0.0,0.0,0.0,0.0,0.0,0.0,0.0
experiment_653,0.0,0.0,0.0,0.0,0.0,0.0,0.0,0.0,0.0,0.0,0.0,0.0,0.0,0.0,0.0,0.0,0.0,0.0,0.0,0.0,0.0,0.0,0.0,0.0,0.0,0.0,0.0,0.0,0.0,0.0,0.0,0.0
experiment_654,0.0,0.0,0.0,0.0,0.0,0.0,0.0,0.0,0.0,0.0,0.0,0.0,0.0,0.0,0.0,0.0,0.0,0.0,0.0,0.0,0.0,0.0,0.0,0.0,0.0,0.0,0.0,0.0,0.0,0.0,0.0,0.0
experiment_655,0.0,0.0,0.0,0.0,0.0,0.0,0.0,0.0,0.0,0.0,0.0,0.0,0.0,0.0,0.0,0.0,0.0,0.0,0.0,0.0,0.0,0.0,0.0,0.0,0.0,0.0,0.0,0.0,0.0,0.0,0.0,0.0
experiment_656,0.0,0.0,0.0,0.0,0.0,0.0,0.0,0.0,0.0,0.0,0.0,0.0,0.0,0.0,0.0,0.0,0.0,0.0,0.0,0.0,0.0,0.0,0.0,0.0,0.0,0.0,0.0,0.0,0.0,0.0,0.0,0.0
experiment_657,0.0,0.0,0.0,0.0,0.0,0.0,0.0,0.0,0.0,0.0,0.0,0.0,0.0,0.0,0.0,0.0,0.0,0.0,0.0,0.0,0.0,0.0,0.0,0.0,0.0,0.0,0.0,0.0,0.0,0.0,0.0,0.0
experiment_658,0.0,0.0,0.0,0.0,0.0,0.0,0.0,0.0,0.0,0.0,0.0,0.0,0.0,0.0,0.0,0.0,0.0,0.0,0.0,0.0,0.0,0.0,0.0,0.0,0.0,0.0,0.0,0.0,0.0,0.0,0.0,0.0
experiment_659,0.0,0.0,0.0,0.0,0.0,0.0,0.0,0.0,0.0,0.0,0.0,0.0,0.0,0.0,0.0,0.0,0.0,0.0,0.0,0.0,0.0,0.0,0.0,0.0,0.0,0.0,0.0,0.0,0.0,0.0,0.0,0.0
experiment_660,0.0,0.0,0.0,0.0,0.0,0.0,0.0,0.0,0.0,0.0,0.0,0.0,0.0,0.0,0.0,0.0,0.0,0.0,0.0,0.0,0.0,0.0,0.0,0.0,0.0,0.0,0.0,0.0,0.0,0.0,0.0,0.0
experiment_661,0.0,0.0,0.0,0.0,0.0,0.0,0.0,0.0,0.0,0.0,0.0,0.0,0.0,0.0,0.0,0.0,0.0,0.0,0.0,0.0,0.0,0.0,0.0,0.0,0.0,0.0,0.0,0.0,0.0,0.0,0.0,0.0
experiment_662,0.0,0.0,0.0,0.0,0.0,0.0,0.0,0.0,0.0,0.0,0.0,0.0,0.0,0.0,0.0,0.0,0.0,0.0,0.0,0.0,0.0,0.0,0.0,0.0,0.0,0.0,0.0,0.0,0.0,0.0,0.0,0.0
experiment_663,0.0,0.0,0.0,0.0,0.0,0.0,0.0,0.0,0.0,0.0,0.0,0.0,0.0,0.0,0.0,0.0,0.0,0.0,0.0,0.0,0.0,0.0,0.0,0.0,0.0,0.0,0.0,0.0,0.0,0.0,0.0,0.0
experiment_664,0.0,0.0,0.0,0.0,0.0,0.0,0.0,0.0,0.0,0.0,0.0,0.0,0.0,0.0,0.0,0.0,0.0,0.0,0.0,0.0,0.0,0.0,0.0,0.0,0.0,0.0,0.0,0.0,0.0,0.0,0.0,0.0
experiment_665,0.0,0.0,0.0,0.0,0.0,0.0,0.0,0.0,0.0,0.0,0.0,0.0,0.0,0.0,0.0,0.0,0.0,0.0,0.0,0.0,0.0,0.0,0.0,0.0,0.0,0.0,0.0,0.0,0.0,0.0,0.0,0.0
experiment_666,0.0,0.0,0.0,0.0,0.0,0.0,0.0,0.0,0.0,0.0,0.0,0.0,0.0,0.0,0.0,0.0,0.0,0.0,0.0,0.0,0.0,0.0,0.0,0.0,0.0,0.0,0.0,0.0,0.0,0.0,0.0,0.0
experiment_667,0.0,0.0,0.0,0.0,0.0,0.0,0.0,0.0,0.0,0.0,0.0,0.0,0.0,0.0,0.0,0.0,0.0,0.0,0.0,0.0,0.0,0.0,0.0,0.0,0.0,0.0,0.0,0.0,0.0,0.0,0.0,0.0
experiment_668,0.0,0.0,0.0,0.0,0.0,0.0,0.0,0.0,0.0,0.0,0.0,0.0,0.0,0.0,0.0,0.0,0.0,0.0,0.0,0.0,0.0,0.0,0.0,0.0,0.0,0.0,0.0,0.0,0.0,0.0,0.0,0.0
experiment_669,0.0,0.0,0.0,0.0,0.0,0.0,0.0,0.0,0.0,0.0,0.0,0.0,0.0,0.0,0.0,0.0,0.0,0.0,0.0,0.0,0.0,0.0,0.0,0.0,0.0,0.0,0.0,0.0,0.0,0.0,0.0,0.0
experiment_670,0.0,0.0,0.0,0.0,0.0,0.0,0.0,0.0,0.0,0.0,0.0,0.0,0.0,0.0,0.0,0.0,0.0,0.0,0.0,0.0,0.0,0.0,0.0,0.0,0.0,0.0,0.0,0.0,0.0,0.0,0.0,0.0
experiment_671,0.0,0.0,0.0,0.0,0.0,0.0,0.0,0.0,0.0,0.0,0.0,0.0,0.0,0.0,0.0,0.0,0.0,0.0,0.0,0.0,0.0,0.0,0.0,0.0,0.0,0.0,0.0,0.0,0.0,0.0,0.0,0.0
experiment_672,0.0,0.0,0.0,0.0,0.0,0.0,0.0,0.0,0.0,0.0,0.0,0.0,0.0,0.0,0.0,0.0,0.0,0.0,0.0,0.0,0.0,0.0,0.0,0.0,0.0,0.0,0.0,0.0,0.0,0.0,0.0,0.0
experiment_673,0.0,0.0,0.0,0.0,0.0,0.0,0.0,0.0,0.0,0.0,0.0,0.0,0.0,0.0,0.0,0.0,0.0,0.0,0.0,0.0,0.0,0.0,0.0,0.0,0.0,0.0,0.0,0.0,0.0,0.0,0.0,0.0
experiment_674,0.0,0.0,0.0,0.0,0.0,0.0,0.0,0.0,0.0,0.0,0.0,0.0,0.0,0.0,0.0,0.0,0.0,0.0,0.0,0.0,0.0,0.0,0.0,0.0,0.0,0.0,0.0,0.0,0.0,0.0,0.0,0.0
experiment_675,0.0,0.0,0.0,0.0,0.0,0.0,0.0,0.0,0.0,0.0,0.0,0.0,0.0,0.0,0.0,0.0,0.0,0.0,0.0,0.0,0.0,0.0,0.0,0.0,0.0,0.0,0.0,0.0,0.0,0.0,0.0,0.0
experiment_676,0.0,0.0,0.0,0.0,0.0,0.0,0.0,0.0,0.0,0.0,0.0,0.0,0.0,0.0,0.0,0.0,0.0,0.0,0.0,0.0,0.0,0.0,0.0,0.0,0.0,0.0,0.0,0.0,0.0,0.0,0.0,0.0
experiment_677,0.0,0.0,0.0,0.0,0.0,0.0,0.0,0.0,0.0,0.0,0.0,0.0,0.0,0.0,0.0,0.0,0.0,0.0,0.0,0.0,0.0,0.0,0.0,0.0,0.0,0.0,0.0,0.0,0.0,0.0,0.0,0.0
experiment_678,0.0,0.0,0.0,0.0,0.0,0.0,0.0,0.0,0.0,0.0,0.0,0.0,0.0,0.0,0.0,0.0,0.0,0.0,0.0,0.0,0.0,0.0,0.0,0.0,0.0,0.0,0.0,0.0,0.0,0.0,0.0,0.0
experiment_679,0.0,0.0,0.0,0.0,0.0,0.0,0.0,0.0,0.0,0.0,0.0,0.0,0.0,0.0,0.0,0.0,0.0,0.0,0.0,0.0,0.0,0.0,0.0,0.0,0.0,0.0,0.0,0.0,0.0,0.0,0.0,0.0
experiment_680,0.0,0.0,0.0,0.0,0.0,0.0,0.0,0.0,0.0,0.0,0.0,0.0,0.0,0.0,0.0,0.0,0.0,0.0,0.0,0.0,0.0,0.0,0.0,0.0,0.0,0.0,0.0,0.0,0.0,0.0,0.0,0.0
experiment_681,0.0,0.0,0.0,0.0,0.0,0.0,0.0,0.0,0.0,0.0,0.0,0.0,0.0,0.0,0.0,0.0,0.0,0.0,0.0,0.0,0.0,0.0,0.0,0.0,0.0,0.0,0.0,0.0,0.0,0.0,0.0,0.0
experiment_682,0.0,0.0,0.0,0.0,0.0,0.0,0.0,0.0,0.0,0.0,0.0,0.0,0.0,0.0,0.0,0.0,0.0,0.0,0.0,0.0,0.0,0.0,0.0,0.0,0.0,0.0,0.0,0.0,0.0,0.0,0.0,0.0
experiment_683,0.0,0.0,0.0,0.0,0.0,0.0,0.0,0.0,0.0,0.0,0.0,0.0,0.0,0.0,0.0,0.0,0.0,0.0,0.0,0.0,0.0,0.0,0.0,0.0,0.0,0.0,0.0,0.0,0.0,0.0,0.0,0.0
experiment_684,0.0,0.0,0.0,0.0,0.0,0.0,0.0,0.0,0.0,0.0,0.0,0.0,0.0,0.0,0.0,0.0,0.0,0.0,0.0,0.0,0.0,0.0,0.0,0.0,0.0,0.0,0.0,0.0,0.0,0.0,0.0,0.0
experiment_685,0.0,0.0,0.0,0.0,0.0,0.0,0.0,0.0,0.0,0.0,0.0,0.0,0.0,0.0,0.0,0.0,0.0,0.0,0.0,0.0,0.0,0.0,0.0,0.0,0.0,0.0,0.0,0.0,0.0,0.0,0.0,0.0
experiment_686,0.0,0.0,0.0,0.0,0.0,0.0,0.0,0.0,0.0,0.0,0.0,0.0,0.0,0.0,0.0,0.0,0.0,0.0,0.0,0.0,0.0,0.0,0.0,0.0,0.0,0.0,0.0,0.0,0.0,0.0,0.0,0.0
experiment_687,0.0,0.0,0.0,0.0,0.0,0.0,0.0,0.0,0.0,0.0,0.0,0.0,0.0,0.0,0.0,0.0,0.0,0.0,0.0,0.0,0.0,0.0,0.0,0.0,0.0,0.0,0.0,0.0,0.0,0.0,0.0,0.0
experiment_688,0.0,0.0,0.0,0.0,0.0,0.0,0.0,0.0,0.0,0.0,0.0,0.0,0.0,0.0,0.0,0.0,0.0,0.0,0.0,0.0,0.0,0.0,0.0,0.0,0.0,0.0,0.0,0.0,0.0,0.0,0.0,0.0
experiment_689,0.0,0.0,0.0,0.0,0.0,0.0,0.0,0.0,0.0,0.0,0.0,0.0,0.0,0.0,0.0,0.0,0.0,0.0,0.0,0.0,0.0,0.0,0.0,0.0,0.0,0.0,0.0,0.0,0.0,0.0,0.0,0.0
experiment_690,0.0,0.0,0.0,0.0,0.0,0.0,0.0,0.0,0.0,0.0,0.0,0.0,0.0,0.0,0.0,0.0,0.0,0.0,0.0,0.0,0.0,0.0,0.0,0.0,0.0,0.0,0.0,0.0,0.0,0.0,0.0,0.0
experiment_691,0.0,0.0,0.0,0.0,0.0,0.0,0.0,0.0,0.0,0.0,0.0,0.0,0.0,0.0,0.0,0.0,0.0,0.0,0.0,0.0,0.0,0.0,0.0,0.0,0.0,0.0,0.0,0.0,0.0,0.0,0.0,0.0
experiment_692,0.0,0.0,0.0,0.0,0.0,0.0,0.0,0.0,0.0,0.0,0.0,0.0,0.0,0.0,0.0,0.0,0.0,0.0,0.0,0.0,0.0,0.0,0.0,0.0,0.0,0.0,0.0,0.0,0.0,0.0,0.0,0.0
experiment_693,0.0,0.0,0.0,0.0,0.0,0.0,0.0,0.0,0.0,0.0,0.0,0.0,0.0,0.0,0.0,0.0,0.0,0.0,0.0,0.0,0.0,0.0,0.0,0.0,0.0,0.0,0.0,0.0,0.0,0.0,0.0,0.0
experiment_694,0.0,0.0,0.0,0.0,0.0,0.0,0.0,0.0,0.0,0.0,0.0,0.0,0.0,0.0,0.0,0.0,0.0,0.0,0.0,0.0,0.0,0.0,0.0,0.0,0.0,0.0,0.0,0.0,0.0,0.0,0.0,0.0
experiment_695,0.0,0.0,0.0,0.0,0.0,0.0,0.0,0.0,0.0,0.0,0.0,0.0,0.0,0.0,0.0,0.0,0.0,0.0,0.0,0.0,0.0,0.0,0.0,0.0,0.0,0.0,0.0,0.0,0.0,0.0,0.0,0.0
experiment_696,0.0,0.0,0.0,0.0,0.0,0.0,0.0,0.0,0.0,0.0,0.0,0.0,0.0,0.0,0.0,0.0,0.0,0.0,0.0,0.0,0.0,0.0,0.0,0.0,0.0,0.0,0.0,0.0,0.0,0.0,0.0,0.0
experiment_697,0.0,0.0,0.0,0.0,0.0,0.0,0.0,0.0,0.0,0.0,0.0,0.0,0.0,0.0,0.0,0.0,0.0,0.0,0.0,0.0,0.0,0.0,0.0,0.0,0.0,0.0,0.0,0.0,0.0,0.0,0.0,0.0
experiment_698,0.0,0.0,0.0,0.0,0.0,0.0,0.0,0.0,0.0,0.0,0.0,0.0,0.0,0.0,0.0,0.0,0.0,0.0,0.0,0.0,0.0,0.0,0.0,0.0,0.0,0.0,0.0,0.0,0.0,0.0,0.0,0.0
experiment_699,0.0,0.0,0.0,0.0,0.0,0.0,0.0,0.0,0.0,0.0,0.0,0.0,0.0,0.0,0.0,0.0,0.0,0.0,0.0,0.0,0.0,0.0,0.0,0.0,0.0,0.0,0.0,0.0,0.0,0.0,0.0,0.0
experiment_700,0.0,0.0,0.0,0.0,0.0,0.0,0.0,0.0,0.0,0.0,0.0,0.0,0.0,0.0,0.0,0.0,0.0,0.0,0.0,0.0,0.0,0.0,0.0,0.0,0.0,0.0,0.0,0.0,0.0,0.0,0.0,0.0
experiment_701,0.0,0.0,0.0,0.0,0.0,0.0,0.0,0.0,0.0,0.0,0.0,0.0,0.0,0.0,0.0,0.0,0.0,0.0,0.0,0.0,0.0,0.0,0.0,0.0,0.0,0.0,0.0,0.0,0.0,0.0,0.0,0.0
experiment_702,0.0,0.0,0.0,0.0,0.0,0.0,0.0,0.0,0.0,0.0,0.0,0.0,0.0,0.0,0.0,0.0,0.0,0.0,0.0,0.0,0.0,0.0,0.0,0.0,0.0,0.0,0.0,0.0,0.0,0.0,0.0,0.0
experiment_703,0.0,0.0,0.0,0.0,0.0,0.0,0.0,0.0,0.0,0.0,0.0,0.0,0.0,0.0,0.0,0.0,0.0,0.0,0.0,0.0,0.0,0.0,0.0,0.0,0.0,0.0,0.0,0.0,0.0,0.0,0.0,0.0
experiment_704,0.0,0.0,0.0,0.0,0.0,0.0,0.0,0.0,0.0,0.0,0.0,0.0,0.0,0.0,0.0,0.0,0.0,0.0,0.0,0.0,0.0,0.0,0.0,0.0,0.0,0.0,0.0,0.0,0.0,0.0,0.0,0.0
experiment_705,0.0,0.0,0.0,0.0,0.0,0.0,0.0,0.0,0.0,0.0,0.0,0.0,0.0,0.0,0.0,0.0,0.0,0.0,0.0,0.0,0.0,0.0,0.0,0.0,0.0,0.0,0.0,0.0,0.0,0.0,0.0,0.0
experiment_706,0.0,0.0,0.0,0.0,0.0,0.0,0.0,0.0,0.0,0.0,0.0,0.0,0.0,0.0,0.0,0.0,0.0,0.0,0.0,0.0,0.0,0.0,0.0,0.0,0.0,0.0,0.0,0.0,0.0,0.0,0.0,0.0
experiment_707,0.0,0.0,0.0,0.0,0.0,0.0,0.0,0.0,0.0,0.0,0.0,0.0,0.0,0.0,0.0,0.0,0.0,0.0,0.0,0.0,0.0,0.0,0.0,0.0,0.0,0.0,0.0,0.0,0.0,0.0,0.0,0.0
experiment_708,0.0,0.0,0.0,0.0,0.0,0.0,0.0,0.0,0.0,0.0,0.0,0.0,0.0,0.0,0.0,0.0,0.0,0.0,0.0,0.0,0.0,0.0,0.0,0.0,0.0,0.0,0.0,0.0,0.0,0.0,0.0,0.0
experiment_709,0.0,0.0,0.0,0.0,0.0,0.0,0.0,0.0,0.0,0.0,0.0,0.0,0.0,0.0,0.0,0.0,0.0,0.0,0.0,0.0,0.0,0.0,0.0,0.0,0.0,0.0,0.0,0.0,0.0,0.0,0.0,0.0
experiment_710,0.0,0.0,0.0,0.0,0.0,0.0,0.0,0.0,0.0,0.0,0.0,0.0,0.0,0.0,0.0,0.0,0.0,0.0,0.0,0.0,0.0,0.0,0.0,0.0,0.0,0.0,0.0,0.0,0.0,0.0,0.0,0.0
experiment_711,0.0,0.0,0.0,0.0,0.0,0.0,0.0,0.0,0.0,0.0,0.0,0.0,0.0,0.0,0.0,0.0,0.0,0.0,0.0,0.0,0.0,0.0,0.0,0.0,0.0,0.0,0.0,0.0,0.0,0.0,0.0,0.0
experiment_712,0.0,0.0,0.0,0.0,0.0,0.0,0.0,0.0,0.0,0.0,0.0,0.0,0.0,0.0,0.0,0.0,0.0,0.0,0.0,0.0,0.0,0.0,0.0,0.0,0.0,0.0,0.0,0.0,0.0,0.0,0.0,0.0
experiment_713,0.0,0.0,0.0,0.0,0.0,0.0,0.0,0.0,0.0,0.0,0.0,0.0,0.0,0.0,0.0,0.0,0.0,0.0,0.0,0.0,0.0,0.0,0.0,0.0,0.0,0.0,0.0,0.0,0.0,0.0,0.0,0.0
experiment_714,0.0,0.0,0.0,0.0,0.0,0.0,0.0,0.0,0.0,0.0,0.0,0.0,0.0,0.0,0.0,0.0,0.0,0.0,0.0,0.0,0.0,0.0,0.0,0.0,0.0,0.0,0.0,0.0,0.0,0.0,0.0,0.0
experiment_715,0.0,0.0,0.0,0.0,0.0,0.0,0.0,0.0,0.0,0.0,0.0,0.0,0.0,0.0,0.0,0.0,0.0,0.0,0.0,0.0,0.0,0.0,0.0,0.0,0.0,0.0,0.0,0.0,0.0,0.0,0.0,0.0
experiment_716,0.0,0.0,0.0,0.0,0.0,0.0,0.0,0.0,0.0,0.0,0.0,0.0,0.0,0.0,0.0,0.0,0.0,0.0,0.0,0.0,0.0,0.0,0.0,0.0,0.0,0.0,0.0,0.0,0.0,0.0,0.0,0.0
experiment_717,0.0,0.0,0.0,0.0,0.0,0.0,0.0,0.0,0.0,0.0,0.0,0.0,0.0,0.0,0.0,0.0,0.0,0.0,0.0,0.0,0.0,0.0,0.0,0.0,0.0,0.0,0.0,0.0,0.0,0.0,0.0,0.0
experiment_718,0.0,0.0,0.0,0.0,0.0,0.0,0.0,0.0,0.0,0.0,0.0,0.0,0.0,0.0,0.0,0.0,0.0,0.0,0.0,0.0,0.0,0.0,0.0,0.0,0.0,0.0,0.0,0.0,0.0,0.0,0.0,0.0
experiment_719,0.0,0.0,0.0,0.0,0.0,0.0,0.0,0.0,0.0,0.0,0.0,0.0,0.0,0.0,0.0,0.0,0.0,0.0,0.0,0.0,0.0,0.0,0.0,0.0,0.0,0.0,0.0,0.0,0.0,0.0,0.0,0.0
experiment_720,0.0,0.0,0.0,0.0,0.0,0.0,0.0,0.0,0.0,0.0,0.0,0.0,0.0,0.0,0.0,0.0,0.0,0.0,0.0,0.0,0.0,0.0,0.0,0.0,0.0,0.0,0.0,0.0,0.0,0.0,0.0,0.0
experiment_721,0.0,0.0,0.0,0.0,0.0,0.0,0.0,0.0,0.0,0.0,0.0,0.0,0.0,0.0,0.0,0.0,0.0,0.0,0.0,0.0,0.0,0.0,0.0,0.0,0.0,0.0,0.0,0.0,0.0,0.0,0.0,0.0
experiment_722,0.0,0.0,0.0,0.0,0.0,0.0,0.0,0.0,0.0,0.0,0.0,0.0,0.0,0.0,0.0,0.0,0.0,0.0,0.0,0.0,0.0,0.0,0.0,0.0,0.0,0.0,0.0,0.0,0.0,0.0,0.0,0.0
experiment_723,0.0,0.0,0.0,0.0,0.0,0.0,0.0,0.0,0.0,0.0,0.0,0.0,0.0,0.0,0.0,0.0,0.0,0.0,0.0,0.0,0.0,0.0,0.0,0.0,0.0,0.0,0.0,0.0,0.0,0.0,0.0,0.0
experiment_724,0.0,0.0,0.0,0.0,0.0,0.0,0.0,0.0,0.0,0.0,0.0,0.0,0.0,0.0,0.0,0.0,0.0,0.0,0.0,0.0,0.0,0.0,0.0,0.0,0.0,0.0,0.0,0.0,0.0,0.0,0.0,0.0
experiment_725,0.0,0.0,0.0,0.0,0.0,0.0,0.0,0.0,0.0,0.0,0.0,0.0,0.0,0.0,0.0,0.0,0.0,0.0,0.0,0.0,0.0,0.0,0.0,0.0,0.0,0.0,0.0,0.0,0.0,0.0,0.0,0.0
experiment_726,0.0,0.0,0.0,0.0,0.0,0.0,0.0,0.0,0.0,0.0,0.0,0.0,0.0,0.0,0.0,0.0,0.0,0.0,0.0,0.0,0.0,0.0,0.0,0.0,0.0,0.0,0.0,0.0,0.0,0.0,0.0,0.0
experiment_727,0.0,0.0,0.0,0.0,0.0,0.0,0.0,0.0,0.0,0.0,0.0,0.0,0.0,0.0,0.0,0.0,0.0,0.0,0.0,0.0,0.0,0.0,0.0,0.0,0.0,0.0,0.0,0.0,0.0,0.0,0.0,0.0
experiment_728,0.0,0.0,0.0,0.0,0.0,0.0,0.0,0.0,0.0,0.0,0.0,0.0,0.0,0.0,0.0,0.0,0.0,0.0,0.0,0.0,0.0,0.0,0.0,0.0,0.0,0.0,0.0,0.0,0.0,0.0,0.0,0.0
experiment_729,0.0,0.0,0.0,0.0,0.0,0.0,0.0,0.0,0.0,0.0,0.0,0.0,0.0,0.0,0.0,0.0,0.0,0.0,0.0,0.0,0.0,0.0,0.0,0.0,0.0,0.0,0.0,0.0,0.0,0.0,0.0,0.0
experiment_730,0.0,0.0,0.0,0.0,0.0,0.0,0.0,0.0,0.0,0.0,0.0,0.0,0.0,0.0,0.0,0.0,0.0,0.0,0.0,0.0,0.0,0.0,0.0,0.0,0.0,0.0,0.0,0.0,0.0,0.0,0.0,0.0
experiment_731,0.0,0.0,0.0,0.0,0.0,0.0,0.0,0.0,0.0,0.0,0.0,0.0,0.0,0.0,0.0,0.0,0.0,0.0,0.0,0.0,0.0,0.0,0.0,0.0,0.0,0.0,0.0,0.0,0.0,0.0,0.0,0.0
experiment_732,0.0,0.0,0.0,0.0,0.0,0.0,0.0,0.0,0.0,0.0,0.0,0.0,0.0,0.0,0.0,0.0,0.0,0.0,0.0,0.0,0.0,0.0,0.0,0.0,0.0,0.0,0.0,0.0,0.0,0.0,0.0,0.0
experiment_733,0.0,0.0,0.0,0.0,0.0,0.0,0.0,0.0,0.0,0.0,0.0,0.0,0.0,0.0,0.0,0.0,0.0,0.0,0.0,0.0,0.0,0.0,0.0,0.0,0.0,0.0,0.0,0.0,0.0,0.0,0.0,0.0
experiment_734,0.0,0.0,0.0,0.0,0.0,0.0,0.0,0.0,0.0,0.0,0.0,0.0,0.0,0.0,0.0,0.0,0.0,0.0,0.0,0.0,0.0,0.0,0.0,0.0,0.0,0.0,0.0,0.0,0.0,0.0,0.0,0.0
experiment_735,0.0,0.0,0.0,0.0,0.0,0.0,0.0,0.0,0.0,0.0,0.0,0.0,0.0,0.0,0.0,0.0,0.0,0.0,0.0,0.0,0.0,0.0,0.0,0.0,0.0,0.0,0.0,0.0,0.0,0.0,0.0,0.0
experiment_736,0.0,0.0,0.0,0.0,0.0,0.0,0.0,0.0,0.0,0.0,0.0,0.0,0.0,0.0,0.0,0.0,0.0,0.0,0.0,0.0,0.0,0.0,0.0,0.0,0.0,0.0,0.0,0.0,0.0,0.0,0.0,0.0
experiment_737,0.0,0.0,0.0,0.0,0.0,0.0,0.0,0.0,0.0,0.0,0.0,0.0,0.0,0.0,0.0,0.0,0.0,0.0,0.0,0.0,0.0,0.0,0.0,0.0,0.0,0.0,0.0,0.0,0.0,0.0,0.0,0.0
experiment_738,0.0,0.0,0.0,0.0,0.0,0.0,0.0,0.0,0.0,0.0,0.0,0.0,0.0,0.0,0.0,0.0,0.0,0.0,0.0,0.0,0.0,0.0,0.0,0.0,0.0,0.0,0.0,0.0,0.0,0.0,0.0,0.0
experiment_739,0.0,0.0,0.0,0.0,0.0,0.0,0.0,0.0,0.0,0.0,0.0,0.0,0.0,0.0,0.0,0.0,0.0,0.0,0.0,0.0,0.0,0.0,0.0,0.0,0.0,0.0,0.0,0.0,0.0,0.0,0.0,0.0
experiment_740,0.0,0.0,0.0,0.0,0.0,0.0,0.0,0.0,0.0,0.0,0.0,0.0,0.0,0.0,0.0,0.0,0.0,0.0,0.0,0.0,0.0,0.0,0.0,0.0,0.0,0.0,0.0,0.0,0.0,0.0,0.0,0.0
experiment_741,0.0,0.0,0.0,0.0,0.0,0.0,0.0,0.0,0.0,0.0,0.0,0.0,0.0,0.0,0.0,0.0,0.0,0.0,0.0,0.0,0.0,0.0,0.0,0.0,0.0,0.0,0.0,0.0,0.0,0.0,0.0,0.0
experiment_742,0.0,0.0,0.0,0.0,0.0,0.0,0.0,0.0,0.0,0.0,0.0,0.0,0.0,0.0,0.0,0.0,0.0,0.0,0.0,0.0,0.0,0.0,0.0,0.0,0.0,0.0,0.0,0.0,0.0,0.0,0.0,0.0
experiment_743,0.0,0.0,0.0,0.0,0.0,0.0,0.0,0.0,0.0,0.0,0.0,0.0,0.0,0.0,0.0,0.0,0.0,0.0,0.0,0.0,0.0,0.0,0.0,0.0,0.0,0.0,0.0,0.0,0.0,0.0,0.0,0.0
experiment_744,0.0,0.0,0.0,0.0,0.0,0.0,0.0,0.0,0.0,0.0,0.0,0.0,0.0,0.0,0.0,0.0,0.0,0.0,0.0,0.0,0.0,0.0,0.0,0.0,0.0,0.0,0.0,0.0,0.0,0.0,0.0,0.0
experiment_745,0.0,0.0,0.0,0.0,0.0,0.0,0.0,0.0,0.0,0.0,0.0,0.0,0.0,0.0,0.0,0.0,0.0,0.0,0.0,0.0,0.0,0.0,0.0,0.0,0.0,0.0,0.0,0.0,0.0,0.0,0.0,0.0
experiment_746,0.0,0.0,0.0,0.0,0.0,0.0,0.0,0.0,0.0,0.0,0.0,0.0,0.0,0.0,0.0,0.0,0.0,0.0,0.0,0.0,0.0,0.0,0.0,0.0,0.0,0.0,0.0,0.0,0.0,0.0,0.0,0.0
experiment_747,0.0,0.0,0.0,0.0,0.0,0.0,0.0,0.0,0.0,0.0,0.0,0.0,0.0,0.0,0.0,0.0,0.0,0.0,0.0,0.0,0.0,0.0,0.0,0.0,0.0,0.0,0.0,0.0,0.0,0.0,0.0,0.0
experiment_748,0.0,0.0,0.0,0.0,0.0,0.0,0.0,0.0,0.0,0.0,0.0,0.0,0.0,0.0,0.0,0.0,0.0,0.0,0.0,0.0,0.0,0.0,0.0,0.0,0.0,0.0,0.0,0.0,0.0,0.0,0.0,0.0
experiment_749,0.0,0.0,0.0,0.0,0.0,0.0,0.0,0.0,0.0,0.0,0.0,0.0,0.0,0.0,0.0,0.0,0.0,0.0,0.0,0.0,0.0,0.0,0.0,0.0,0.0,0.0,0.0,0.0,0.0,0.0,0.0,0.0
experiment_750,0.0,0.0,0.0,0.0,0.0,0.0,0.0,0.0,0.0,0.0,0.0,0.0,0.0,0.0,0.0,0.0,0.0,0.0,0.0,0.0,0.0,0.0,0.0,0.0,0.0,0.0,0.0,0.0,0.0,0.0,0.0,0.0
experiment_751,0.0,0.0,0.0,0.0,0.0,0.0,0.0,0.0,0.0,0.0,0.0,0.0,0.0,0.0,0.0,0.0,0.0,0.0,0.0,0.0,0.0,0.0,0.0,0.0,0.0,0.0,0.0,0.0,0.0,0.0,0.0,0.0
experiment_752,0.0,0.0,0.0,0.0,0.0,0.0,0.0,0.0,0.0,0.0,0.0,0.0,0.0,0.0,0.0,0.0,0.0,0.0,0.0,0.0,0.0,0.0,0.0,0.0,0.0,0.0,0.0,0.0,0.0,0.0,0.0,0.0
experiment_753,0.0,0.0,0.0,0.0,0.0,0.0,0.0,0.0,0.0,0.0,0.0,0.0,0.0,0.0,0.0,0.0,0.0,0.0,0.0,0.0,0.0,0.0,0.0,0.0,0.0,0.0,0.0,0.0,0.0,0.0,0.0,0.0
experiment_754,0.0,0.0,0.0,0.0,0.0,0.0,0.0,0.0,0.0,0.0,0.0,0.0,0.0,0.0,0.0,0.0,0.0,0.0,0.0,0.0,0.0,0.0,0.0,0.0,0.0,0.0,0.0,0.0,0.0,0.0,0.0,0.0
experiment_755,0.0,0.0,0.0,0.0,0.0,0.0,0.0,0.0,0.0,0.0,0.0,0.0,0.0,0.0,0.0,0.0,0.0,0.0,0.0,0.0,0.0,0.0,0.0,0.0,0.0,0.0,0.0,0.0,0.0,0.0,0.0,0.0
experiment_756,0.0,0.0,0.0,0.0,0.0,0.0,0.0,0.0,0.0,0.0,0.0,0.0,0.0,0.0,0.0,0.0,0.0,0.0,0.0,0.0,0.0,0.0,0.0,0.0,0.0,0.0,0.0,0.0,0.0,0.0,0.0,0.0
experiment_757,0.0,0.0,0.0,0.0,0.0,0.0,0.0,0.0,0.0,0.0,0.0,0.0,0.0,0.0,0.0,0.0,0.0,0.0,0.0,0.0,0.0,0.0,0.0,0.0,0.0,0.0,0.0,0.0,0.0,0.0,0.0,0.0
experiment_758,0.0,0.0,0.0,0.0,0.0,0.0,0.0,0.0,0.0,0.0,0.0,0.0,0.0,0.0,0.0,0.0,0.0,0.0,0.0,0.0,0.0,0.0,0.0,0.0,0.0,0.0,0.0,0.0,0.0,0.0,0.0,0.0
experiment_759,0.0,0.0,0.0,0.0,0.0,0.0,0.0,0.0,0.0,0.0,0.0,0.0,0.0,0.0,0.0,0.0,0.0,0.0,0.0,0.0,0.0,0.0,0.0,0.0,0.0,0.0,0.0,0.0,0.0,0.0,0.0,0.0
experiment_760,0.0,0.0,0.0,0.0,0.0,0.0,0.0,0.0,0.0,0.0,0.0,0.0,0.0,0.0,0.0,0.0,0.0,0.0,0.0,0.0,0.0,0.0,0.0,0.0,0.0,0.0,0.0,0.0,0.0,0.0,0.0,0.0
experiment_761,0.0,0.0,0.0,0.0,0.0,0.0,0.0,0.0,0.0,0.0,0.0,0.0,0.0,0.0,0.0,0.0,0.0,0.0,0.0,0.0,0.0,0.0,0.0,0.0,0.0,0.0,0.0,0.0,0.0,0.0,0.0,0.0
experiment_762,0.0,0.0,0.0,0.0,0.0,0.0,0.0,0.0,0.0,0.0,0.0,0.0,0.0,0.0,0.0,0.0,0.0,0.0,0.0,0.0,0.0,0.0,0.0,0.0,0.0,0.0,0.0,0.0,0.0,0.0,0.0,0.0
experiment_763,0.0,0.0,0.0,0.0,0.0,0.0,0.0,0.0,0.0,0.0,0.0,0.0,0.0,0.0,0.0,0.0,0.0,0.0,0.0,0.0,0.0,0.0,0.0,0.0,0.0,0.0,0.0,0.0,0.0,0.0,0.0,0.0
experiment_764,0.0,0.0,0.0,0.0,0.0,0.0,0.0,0.0,0.0,0.0,0.0,0.0,0.0,0.0,0.0,0.0,0.0,0.0,0.0,0.0,0.0,0.0,0.0,0.0,0.0,0.0,0.0,0.0,0.0,0.0,0.0,0.0
experiment_765,0.0,0.0,0.0,0.0,0.0,0.0,0.0,0.0,0.0,0.0,0.0,0.0,0.0,0.0,0.0,0.0,0.0,0.0,0.0,0.0,0.0,0.0,0.0,0.0,0.0,0.0,0.0,0.0,0.0,0.0,0.0,0.0
experiment_766,0.0,0.0,0.0,0.0,0.0,0.0,0.0,0.0,0.0,0.0,0.0,0.0,0.0,0.0,0.0,0.0,0.0,0.0,0.0,0.0,0.0,0.0,0.0,0.0,0.0,0.0,0.0,0.0,0.0,0.0,0.0,0.0
experiment_767,0.0,0.0,0.0,0.0,0.0,0.0,0.0,0.0,0.0,0.0,0.0,0.0,0.0,0.0,0.0,0.0,0.0,0.0,0.0,0.0,0.0,0.0,0.0,0.0,0.0,0.0,0.0,0.0,0.0,0.0,0.0,0.0
experiment_768,0.0,0.0,0.0,0.0,0.0,0.0,0.0,0.0,0.0,0.0,0.0,0.0,0.0,0.0,0.0,0.0,0.0,0.0,0.0,0.0,0.0,0.0,0.0,0.0,0.0,0.0,0.0,0.0,0.0,0.0,0.0,0.0
experiment_769,0.0,0.0,0.0,0.0,0.0,0.0,0.0,0.0,0.0,0.0,0.0,0.0,0.0,0.0,0.0,0.0,0.0,0.0,0.0,0.0,0.0,0.0,0.0,0.0,0.0,0.0,0.0,0.0,0.0,0.0,0.0,0.0
experiment_770,0.0,0.0,0.0,0.0,0.0,0.0,0.0,0.0,0.0,0.0,0.0,0.0,0.0,0.0,0.0,0.0,0.0,0.0,0.0,0.0,0.0,0.0,0.0,0.0,0.0,0.0,0.0,0.0,0.0,0.0,0.0,0.0
experiment_771,0.0,0.0,0.0,0.0,0.0,0.0,0.0,0.0,0.0,0.0,0.0,0.0,0.0,0.0,0.0,0.0,0.0,0.0,0.0,0.0,0.0,0.0,0.0,0.0,0.0,0.0,0.0,0.0,0.0,0.0,0.0,0.0
experiment_772,0.0,0.0,0.0,0.0,0.0,0.0,0.0,0.0,0.0,0.0,0.0,0.0,0.0,0.0,0.0,0.0,0.0,0.0,0.0,0.0,0.0,0.0,0.0,0.0,0.0,0.0,0.0,0.0,0.0,0.0,0.0,0.0
experiment_773,0.0,0.0,0.0,0.0,0.0,0.0,0.0,0.0,0.0,0.0,0.0,0.0,0.0,0.0,0.0,0.0,0.0,0.0,0.0,0.0,0.0,0.0,0.0,0.0,0.0,0.0,0.0,0.0,0.0,0.0,0.0,0.0
experiment_774,0.0,0.0,0.0,0.0,0.0,0.0,0.0,0.0,0.0,0.0,0.0,0.0,0.0,0.0,0.0,0.0,0.0,0.0,0.0,0.0,0.0,0.0,0.0,0.0,0.0,0.0,0.0,0.0,0.0,0.0,0.0,0.0
experiment_775,0.0,0.0,0.0,0.0,0.0,0.0,0.0,0.0,0.0,0.0,0.0,0.0,0.0,0.0,0.0,0.0,0.0,0.0,0.0,0.0,0.0,0.0,0.0,0.0,0.0,0.0,0.0,0.0,0.0,0.0,0.0,0.0
experiment_776,0.0,0.0,0.0,0.0,0.0,0.0,0.0,0.0,0.0,0.0,0.0,0.0,0.0,0.0,0.0,0.0,0.0,0.0,0.0,0.0,0.0,0.0,0.0,0.0,0.0,0.0,0.0,0.0,0.0,0.0,0.0,0.0
experiment_777,0.0,0.0,0.0,0.0,0.0,0.0,0.0,0.0,0.0,0.0,0.0,0.0,0.0,0.0,0.0,0.0,0.0,0.0,0.0,0.0,0.0,0.0,0.0,0.0,0.0,0.0,0.0,0.0,0.0,0.0,0.0,0.0
experiment_778,0.0,0.0,0.0,0.0,0.0,0.0,0.0,0.0,0.0,0.0,0.0,0.0,0.0,0.0,0.0,0.0,0.0,0.0,0.0,0.0,0.0,0.0,0.0,0.0,0.0,0.0,0.0,0.0,0.0,0.0,0.0,0.0
experiment_779,0.0,0.0,0.0,0.0,0.0,0.0,0.0,0.0,0.0,0.0,0.0,0.0,0.0,0.0,0.0,0.0,0.0,0.0,0.0,0.0,0.0,0.0,0.0,0.0,0.0,0.0,0.0,0.0,0.0,0.0,0.0,0.0
experiment_780,0.0,0.0,0.0,0.0,0.0,0.0,0.0,0.0,0.0,0.0,0.0,0.0,0.0,0.0,0.0,0.0,0.0,0.0,0.0,0.0,0.0,0.0,0.0,0.0,0.0,0.0,0.0,0.0,0.0,0.0,0.0,0.0
experiment_781,0.0,0.0,0.0,0.0,0.0,0.0,0.0,0.0,0.0,0.0,0.0,0.0,0.0,0.0,0.0,0.0,0.0,0.0,0.0,0.0,0.0,0.0,0.0,0.0,0.0,0.0,0.0,0.0,0.0,0.0,0.0,0.0
experiment_782,0.0,0.0,0.0,0.0,0.0,0.0,0.0,0.0,0.0,0.0,0.0,0.0,0.0,0.0,0.0,0.0,0.0,0.0,0.0,0.0,0.0,0.0,0.0,0.0,0.0,0.0,0.0,0.0,0.0,0.0,0.0,0.0
experiment_783,0.0,0.0,0.0,0.0,0.0,0.0,0.0,0.0,0.0,0.0,0.0,0.0,0.0,0.0,0.0,0.0,0.0,0.0,0.0,0.0,0.0,0.0,0.0,0.0,0.0,0.0,0.0,0.0,0.0,0.0,0.0,0.0
experiment_784,0.0,0.0,0.0,0.0,0.0,0.0,0.0,0.0,0.0,0.0,0.0,0.0,0.0,0.0,0.0,0.0,0.0,0.0,0.0,0.0,0.0,0.0,0.0,0.0,0.0,0.0,0.0,0.0,0.0,0.0,0.0,0.0
experiment_785,0.0,0.0,0.0,0.0,0.0,0.0,0.0,0.0,0.0,0.0,0.0,0.0,0.0,0.0,0.0,0.0,0.0,0.0,0.0,0.0,0.0,0.0,0.0,0.0,0.0,0.0,0.0,0.0,0.0,0.0,0.0,0.0
experiment_786,0.0,0.0,0.0,0.0,0.0,0.0,0.0,0.0,0.0,0.0,0.0,0.0,0.0,0.0,0.0,0.0,0.0,0.0,0.0,0.0,0.0,0.0,0.0,0.0,0.0,0.0,0.0,0.0,0.0,0.0,0.0,0.0
experiment_787,0.0,0.0,0.0,0.0,0.0,0.0,0.0,0.0,0.0,0.0,0.0,0.0,0.0,0.0,0.0,0.0,0.0,0.0,0.0,0.0,0.0,0.0,0.0,0.0,0.0,0.0,0.0,0.0,0.0,0.0,0.0,0.0
experiment_788,0.0,0.0,0.0,0.0,0.0,0.0,0.0,0.0,0.0,0.0,0.0,0.0,0.0,0.0,0.0,0.0,0.0,0.0,0.0,0.0,0.0,0.0,0.0,0.0,0.0,0.0,0.0,0.0,0.0,0.0,0.0,0.0
experiment_789,0.0,0.0,0.0,0.0,0.0,0.0,0.0,0.0,0.0,0.0,0.0,0.0,0.0,0.0,0.0,0.0,0.0,0.0,0.0,0.0,0.0,0.0,0.0,0.0,0.0,0.0,0.0,0.0,0.0,0.0,0.0,0.0
experiment_790,0.0,0.0,0.0,0.0,0.0,0.0,0.0,0.0,0.0,0.0,0.0,0.0,0.0,0.0,0.0,0.0,0.0,0.0,0.0,0.0,0.0,0.0,0.0,0.0,0.0,0.0,0.0,0.0,0.0,0.0,0.0,0.0
experiment_791,0.0,0.0,0.0,0.0,0.0,0.0,0.0,0.0,0.0,0.0,0.0,0.0,0.0,0.0,0.0,0.0,0.0,0.0,0.0,0.0,0.0,0.0,0.0,0.0,0.0,0.0,0.0,0.0,0.0,0.0,0.0,0.0
experiment_792,0.0,0.0,0.0,0.0,0.0,0.0,0.0,0.0,0.0,0.0,0.0,0.0,0.0,0.0,0.0,0.0,0.0,0.0,0.0,0.0,0.0,0.0,0.0,0.0,0.0,0.0,0.0,0.0,0.0,0.0,0.0,0.0
experiment_793,0.0,0.0,0.0,0.0,0.0,0.0,0.0,0.0,0.0,0.0,0.0,0.0,0.0,0.0,0.0,0.0,0.0,0.0,0.0,0.0,0.0,0.0,0.0,0.0,0.0,0.0,0.0,0.0,0.0,0.0,0.0,0.0
experiment_794,0.0,0.0,0.0,0.0,0.0,0.0,0.0,0.0,0.0,0.0,0.0,0.0,0.0,0.0,0.0,0.0,0.0,0.0,0.0,0.0,0.0,0.0,0.0,0.0,0.0,0.0,0.0,0.0,0.0,0.0,0.0,0.0
experiment_795,0.0,0.0,0.0,0.0,0.0,0.0,0.0,0.0,0.0,0.0,0.0,0.0,0.0,0.0,0.0,0.0,0.0,0.0,0.0,0.0,0.0,0.0,0.0,0.0,0.0,0.0,0.0,0.0,0.0,0.0,0.0,0.0
experiment_796,0.0,0.0,0.0,0.0,0.0,0.0,0.0,0.0,0.0,0.0,0.0,0.0,0.0,0.0,0.0,0.0,0.0,0.0,0.0,0.0,0.0,0.0,0.0,0.0,0.0,0.0,0.0,0.0,0.0,0.0,0.0,0.0
experiment_797,0.0,0.0,0.0,0.0,0.0,0.0,0.0,0.0,0.0,0.0,0.0,0.0,0.0,0.0,0.0,0.0,0.0,0.0,0.0,0.0,0.0,0.0,0.0,0.0,0.0,0.0,0.0,0.0,0.0,0.0,0.0,0.0
experiment_798,0.0,0.0,0.0,0.0,0.0,0.0,0.0,0.0,0.0,0.0,0.0,0.0,0.0,0.0,0.0,0.0,0.0,0.0,0.0,0.0,0.0,0.0,0.0,0.0,0.0,0.0,0.0,0.0,0.0,0.0,0.0,0.0
experiment_799,0.0,0.0,0.0,0.0,0.0,0.0,0.0,0.0,0.0,0.0,0.0,0.0,0.0,0.0,0.0,0.0,0.0,0.0,0.0,0.0,0.0,0.0,0.0,0.0,0.0,0.0,0.0,0.0,0.0,0.0,0.0,0.0
experiment_800,0.0,0.0,0.0,0.0,0.0,0.0,0.0,0.0,0.0,0.0,0.0,0.0,0.0,0.0,0.0,0.0,0.0,0.0,0.0,0.0,0.0,0.0,0.0,0.0,0.0,0.0,0.0,0.0,0.0,0.0,0.0,0.0
experiment_801,0.0,0.0,0.0,0.0,0.0,0.0,0.0,0.0,0.0,0.0,0.0,0.0,0.0,0.0,0.0,0.0,0.0,0.0,0.0,0.0,0.0,0.0,0.0,0.0,0.0,0.0,0.0,0.0,0.0,0.0,0.0,0.0
experiment_802,0.0,0.0,0.0,0.0,0.0,0.0,0.0,0.0,0.0,0.0,0.0,0.0,0.0,0.0,0.0,0.0,0.0,0.0,0.0,0.0,0.0,0.0,0.0,0.0,0.0,0.0,0.0,0.0,0.0,0.0,0.0,0.0
experiment_803,0.0,0.0,0.0,0.0,0.0,0.0,0.0,0.0,0.0,0.0,0.0,0.0,0.0,0.0,0.0,0.0,0.0,0.0,0.0,0.0,0.0,0.0,0.0,0.0,0.0,0.0,0.0,0.0,0.0,0.0,0.0,0.0
experiment_804,0.0,0.0,0.0,0.0,0.0,0.0,0.0,0.0,0.0,0.0,0.0,0.0,0.0,0.0,0.0,0.0,0.0,0.0,0.0,0.0,0.0,0.0,0.0,0.0,0.0,0.0,0.0,0.0,0.0,0.0,0.0,0.0
experiment_805,0.0,0.0,0.0,0.0,0.0,0.0,0.0,0.0,0.0,0.0,0.0,0.0,0.0,0.0,0.0,0.0,0.0,0.0,0.0,0.0,0.0,0.0,0.0,0.0,0.0,0.0,0.0,0.0,0.0,0.0,0.0,0.0
experiment_806,0.0,0.0,0.0,0.0,0.0,0.0,0.0,0.0,0.0,0.0,0.0,0.0,0.0,0.0,0.0,0.0,0.0,0.0,0.0,0.0,0.0,0.0,0.0,0.0,0.0,0.0,0.0,0.0,0.0,0.0,0.0,0.0
experiment_807,0.0,0.0,0.0,0.0,0.0,0.0,0.0,0.0,0.0,0.0,0.0,0.0,0.0,0.0,0.0,0.0,0.0,0.0,0.0,0.0,0.0,0.0,0.0,0.0,0.0,0.0,0.0,0.0,0.0,0.0,0.0,0.0
experiment_808,0.0,0.0,0.0,0.0,0.0,0.0,0.0,0.0,0.0,0.0,0.0,0.0,0.0,0.0,0.0,0.0,0.0,0.0,0.0,0.0,0.0,0.0,0.0,0.0,0.0,0.0,0.0,0.0,0.0,0.0,0.0,0.0
experiment_809,0.0,0.0,0.0,0.0,0.0,0.0,0.0,0.0,0.0,0.0,0.0,0.0,0.0,0.0,0.0,0.0,0.0,0.0,0.0,0.0,0.0,0.0,0.0,0.0,0.0,0.0,0.0,0.0,0.0,0.0,0.0,0.0
experiment_810,0.0,0.0,0.0,0.0,0.0,0.0,0.0,0.0,0.0,0.0,0.0,0.0,0.0,0.0,0.0,0.0,0.0,0.0,0.0,0.0,0.0,0.0,0.0,0.0,0.0,0.0,0.0,0.0,0.0,0.0,0.0,0.0
experiment_811,0.0,0.0,0.0,0.0,0.0,0.0,0.0,0.0,0.0,0.0,0.0,0.0,0.0,0.0,0.0,0.0,0.0,0.0,0.0,0.0,0.0,0.0,0.0,0.0,0.0,0.0,0.0,0.0,0.0,0.0,0.0,0.0
experiment_812,0.0,0.0,0.0,0.0,0.0,0.0,0.0,0.0,0.0,0.0,0.0,0.0,0.0,0.0,0.0,0.0,0.0,0.0,0.0,0.0,0.0,0.0,0.0,0.0,0.0,0.0,0.0,0.0,0.0,0.0,0.0,0.0
experiment_813,0.0,0.0,0.0,0.0,0.0,0.0,0.0,0.0,0.0,0.0,0.0,0.0,0.0,0.0,0.0,0.0,0.0,0.0,0.0,0.0,0.0,0.0,0.0,0.0,0.0,0.0,0.0,0.0,0.0,0.0,0.0,0.0
experiment_814,0.0,0.0,0.0,0.0,0.0,0.0,0.0,0.0,0.0,0.0,0.0,0.0,0.0,0.0,0.0,0.0,0.0,0.0,0.0,0.0,0.0,0.0,0.0,0.0,0.0,0.0,0.0,0.0,0.0,0.0,0.0,0.0
experiment_815,0.0,0.0,0.0,0.0,0.0,0.0,0.0,0.0,0.0,0.0,0.0,0.0,0.0,0.0,0.0,0.0,0.0,0.0,0.0,0.0,0.0,0.0,0.0,0.0,0.0,0.0,0.0,0.0,0.0,0.0,0.0,0.0
experiment_816,0.0,0.0,0.0,0.0,0.0,0.0,0.0,0.0,0.0,0.0,0.0,0.0,0.0,0.0,0.0,0.0,0.0,0.0,0.0,0.0,0.0,0.0,0.0,0.0,0.0,0.0,0.0,0.0,0.0,0.0,0.0,0.0
experiment_817,0.0,0.0,0.0,0.0,0.0,0.0,0.0,0.0,0.0,0.0,0.0,0.0,0.0,0.0,0.0,0.0,0.0,0.0,0.0,0.0,0.0,0.0,0.0,0.0,0.0,0.0,0.0,0.0,0.0,0.0,0.0,0.0
experiment_818,0.0,0.0,0.0,0.0,0.0,0.0,0.0,0.0,0.0,0.0,0.0,0.0,0.0,0.0,0.0,0.0,0.0,0.0,0.0,0.0,0.0,0.0,0.0,0.0,0.0,0.0,0.0,0.0,0.0,0.0,0.0,0.0
experiment_819,0.0,0.0,0.0,0.0,0.0,0.0,0.0,0.0,0.0,0.0,0.0,0.0,0.0,0.0,0.0,0.0,0.0,0.0,0.0,0.0,0.0,0.0,0.0,0.0,0.0,0.0,0.0,0.0,0.0,0.0,0.0,0.0
experiment_820,0.0,0.0,0.0,0.0,0.0,0.0,0.0,0.0,0.0,0.0,0.0,0.0,0.0,0.0,0.0,0.0,0.0,0.0,0.0,0.0,0.0,0.0,0.0,0.0,0.0,0.0,0.0,0.0,0.0,0.0,0.0,0.0
experiment_821,0.0,0.0,0.0,0.0,0.0,0.0,0.0,0.0,0.0,0.0,0.0,0.0,0.0,0.0,0.0,0.0,0.0,0.0,0.0,0.0,0.0,0.0,0.0,0.0,0.0,0.0,0.0,0.0,0.0,0.0,0.0,0.0
experiment_822,0.0,0.0,0.0,0.0,0.0,0.0,0.0,0.0,0.0,0.0,0.0,0.0,0.0,0.0,0.0,0.0,0.0,0.0,0.0,0.0,0.0,0.0,0.0,0.0,0.0,0.0,0.0,0.0,0.0,0.0,0.0,0.0
experiment_823,0.0,0.0,0.0,0.0,0.0,0.0,0.0,0.0,0.0,0.0,0.0,0.0,0.0,0.0,0.0,0.0,0.0,0.0,0.0,0.0,0.0,0.0,0.0,0.0,0.0,0.0,0.0,0.0,0.0,0.0,0.0,0.0
experiment_824,0.0,0.0,0.0,0.0,0.0,0.0,0.0,0.0,0.0,0.0,0.0,0.0,0.0,0.0,0.0,0.0,0.0,0.0,0.0,0.0,0.0,0.0,0.0,0.0,0.0,0.0,0.0,0.0,0.0,0.0,0.0,0.0
experiment_825,0.0,0.0,0.0,0.0,0.0,0.0,0.0,0.0,0.0,0.0,0.0,0.0,0.0,0.0,0.0,0.0,0.0,0.0,0.0,0.0,0.0,0.0,0.0,0.0,0.0,0.0,0.0,0.0,0.0,0.0,0.0,0.0
experiment_826,0.0,0.0,0.0,0.0,0.0,0.0,0.0,0.0,0.0,0.0,0.0,0.0,0.0,0.0,0.0,0.0,0.0,0.0,0.0,0.0,0.0,0.0,0.0,0.0,0.0,0.0,0.0,0.0,0.0,0.0,0.0,0.0
experiment_827,0.0,0.0,0.0,0.0,0.0,0.0,0.0,0.0,0.0,0.0,0.0,0.0,0.0,0.0,0.0,0.0,0.0,0.0,0.0,0.0,0.0,0.0,0.0,0.0,0.0,0.0,0.0,0.0,0.0,0.0,0.0,0.0
experiment_828,0.0,0.0,0.0,0.0,0.0,0.0,0.0,0.0,0.0,0.0,0.0,0.0,0.0,0.0,0.0,0.0,0.0,0.0,0.0,0.0,0.0,0.0,0.0,0.0,0.0,0.0,0.0,0.0,0.0,0.0,0.0,0.0
experiment_829,0.0,0.0,0.0,0.0,0.0,0.0,0.0,0.0,0.0,0.0,0.0,0.0,0.0,0.0,0.0,0.0,0.0,0.0,0.0,0.0,0.0,0.0,0.0,0.0,0.0,0.0,0.0,0.0,0.0,0.0,0.0,0.0
experiment_830,0.0,0.0,0.0,0.0,0.0,0.0,0.0,0.0,0.0,0.0,0.0,0.0,0.0,0.0,0.0,0.0,0.0,0.0,0.0,0.0,0.0,0.0,0.0,0.0,0.0,0.0,0.0,0.0,0.0,0.0,0.0,0.0
experiment_831,0.0,0.0,0.0,0.0,0.0,0.0,0.0,0.0,0.0,0.0,0.0,0.0,0.0,0.0,0.0,0.0,0.0,0.0,0.0,0.0,0.0,0.0,0.0,0.0,0.0,0.0,0.0,0.0,0.0,0.0,0.0,0.0
experiment_832,0.0,0.0,0.0,0.0,0.0,0.0,0.0,0.0,0.0,0.0,0.0,0.0,0.0,0.0,0.0,0.0,0.0,0.0,0.0,0.0,0.0,0.0,0.0,0.0,0.0,0.0,0.0,0.0,0.0,0.0,0.0,0.0
experiment_833,0.0,0.0,0.0,0.0,0.0,0.0,0.0,0.0,0.0,0.0,0.0,0.0,0.0,0.0,0.0,0.0,0.0,0.0,0.0,0.0,0.0,0.0,0.0,0.0,0.0,0.0,0.0,0.0,0.0,0.0,0.0,0.0
experiment_834,0.0,0.0,0.0,0.0,0.0,0.0,0.0,0.0,0.0,0.0,0.0,0.0,0.0,0.0,0.0,0.0,0.0,0.0,0.0,0.0,0.0,0.0,0.0,0.0,0.0,0.0,0.0,0.0,0.0,0.0,0.0,0.0
experiment_835,0.0,0.0,0.0,0.0,0.0,0.0,0.0,0.0,0.0,0.0,0.0,0.0,0.0,0.0,0.0,0.0,0.0,0.0,0.0,0.0,0.0,0.0,0.0,0.0,0.0,0.0,0.0,0.0,0.0,0.0,0.0,0.0
experiment_836,0.0,0.0,0.0,0.0,0.0,0.0,0.0,0.0,0.0,0.0,0.0,0.0,0.0,0.0,0.0,0.0,0.0,0.0,0.0,0.0,0.0,0.0,0.0,0.0,0.0,0.0,0.0,0.0,0.0,0.0,0.0,0.0
experiment_837,0.0,0.0,0.0,0.0,0.0,0.0,0.0,0.0,0.0,0.0,0.0,0.0,0.0,0.0,0.0,0.0,0.0,0.0,0.0,0.0,0.0,0.0,0.0,0.0,0.0,0.0,0.0,0.0,0.0,0.0,0.0,0.0
experiment_838,0.0,0.0,0.0,0.0,0.0,0.0,0.0,0.0,0.0,0.0,0.0,0.0,0.0,0.0,0.0,0.0,0.0,0.0,0.0,0.0,0.0,0.0,0.0,0.0,0.0,0.0,0.0,0.0,0.0,0.0,0.0,0.0
experiment_839,0.0,0.0,0.0,0.0,0.0,0.0,0.0,0.0,0.0,0.0,0.0,0.0,0.0,0.0,0.0,0.0,0.0,0.0,0.0,0.0,0.0,0.0,0.0,0.0,0.0,0.0,0.0,0.0,0.0,0.0,0.0,0.0
experiment_840,0.0,0.0,0.0,0.0,0.0,0.0,0.0,0.0,0.0,0.0,0.0,0.0,0.0,0.0,0.0,0.0,0.0,0.0,0.0,0.0,0.0,0.0,0.0,0.0,0.0,0.0,0.0,0.0,0.0,0.0,0.0,0.0
experiment_841,0.0,0.0,0.0,0.0,0.0,0.0,0.0,0.0,0.0,0.0,0.0,0.0,0.0,0.0,0.0,0.0,0.0,0.0,0.0,0.0,0.0,0.0,0.0,0.0,0.0,0.0,0.0,0.0,0.0,0.0,0.0,0.0
experiment_842,0.0,0.0,0.0,0.0,0.0,0.0,0.0,0.0,0.0,0.0,0.0,0.0,0.0,0.0,0.0,0.0,0.0,0.0,0.0,0.0,0.0,0.0,0.0,0.0,0.0,0.0,0.0,0.0,0.0,0.0,0.0,0.0
experiment_843,0.0,0.0,0.0,0.0,0.0,0.0,0.0,0.0,0.0,0.0,0.0,0.0,0.0,0.0,0.0,0.0,0.0,0.0,0.0,0.0,0.0,0.0,0.0,0.0,0.0,0.0,0.0,0.0,0.0,0.0,0.0,0.0
experiment_844,0.0,0.0,0.0,0.0,0.0,0.0,0.0,0.0,0.0,0.0,0.0,0.0,0.0,0.0,0.0,0.0,0.0,0.0,0.0,0.0,0.0,0.0,0.0,0.0,0.0,0.0,0.0,0.0,0.0,0.0,0.0,0.0
experiment_845,0.0,0.0,0.0,0.0,0.0,0.0,0.0,0.0,0.0,0.0,0.0,0.0,0.0,0.0,0.0,0.0,0.0,0.0,0.0,0.0,0.0,0.0,0.0,0.0,0.0,0.0,0.0,0.0,0.0,0.0,0.0,0.0
experiment_846,0.0,0.0,0.0,0.0,0.0,0.0,0.0,0.0,0.0,0.0,0.0,0.0,0.0,0.0,0.0,0.0,0.0,0.0,0.0,0.0,0.0,0.0,0.0,0.0,0.0,0.0,0.0,0.0,0.0,0.0,0.0,0.0
experiment_847,0.0,0.0,0.0,0.0,0.0,0.0,0.0,0.0,0.0,0.0,0.0,0.0,0.0,0.0,0.0,0.0,0.0,0.0,0.0,0.0,0.0,0.0,0.0,0.0,0.0,0.0,0.0,0.0,0.0,0.0,0.0,0.0
experiment_848,0.0,0.0,0.0,0.0,0.0,0.0,0.0,0.0,0.0,0.0,0.0,0.0,0.0,0.0,0.0,0.0,0.0,0.0,0.0,0.0,0.0,0.0,0.0,0.0,0.0,0.0,0.0,0.0,0.0,0.0,0.0,0.0
experiment_849,0.0,0.0,0.0,0.0,0.0,0.0,0.0,0.0,0.0,0.0,0.0,0.0,0.0,0.0,0.0,0.0,0.0,0.0,0.0,0.0,0.0,0.0,0.0,0.0,0.0,0.0,0.0,0.0,0.0,0.0,0.0,0.0
experiment_850,0.0,0.0,0.0,0.0,0.0,0.0,0.0,0.0,0.0,0.0,0.0,0.0,0.0,0.0,0.0,0.0,0.0,0.0,0.0,0.0,0.0,0.0,0.0,0.0,0.0,0.0,0.0,0.0,0.0,0.0,0.0,0.0
experiment_851,0.0,0.0,0.0,0.0,0.0,0.0,0.0,0.0,0.0,0.0,0.0,0.0,0.0,0.0,0.0,0.0,0.0,0.0,0.0,0.0,0.0,0.0,0.0,0.0,0.0,0.0,0.0,0.0,0.0,0.0,0.0,0.0
experiment_852,0.0,0.0,0.0,0.0,0.0,0.0,0.0,0.0,0.0,0.0,0.0,0.0,0.0,0.0,0.0,0.0,0.0,0.0,0.0,0.0,0.0,0.0,0.0,0.0,0.0,0.0,0.0,0.0,0.0,0.0,0.0,0.0
experiment_853,0.0,0.0,0.0,0.0,0.0,0.0,0.0,0.0,0.0,0.0,0.0,0.0,0.0,0.0,0.0,0.0,0.0,0.0,0.0,0.0,0.0,0.0,0.0,0.0,0.0,0.0,0.0,0.0,0.0,0.0,0.0,0.0
experiment_854,0.0,0.0,0.0,0.0,0.0,0.0,0.0,0.0,0.0,0.0,0.0,0.0,0.0,0.0,0.0,0.0,0.0,0.0,0.0,0.0,0.0,0.0,0.0,0.0,0.0,0.0,0.0,0.0,0.0,0.0,0.0,0.0
experiment_855,0.0,0.0,0.0,0.0,0.0,0.0,0.0,0.0,0.0,0.0,0.0,0.0,0.0,0.0,0.0,0.0,0.0,0.0,0.0,0.0,0.0,0.0,0.0,0.0,0.0,0.0,0.0,0.0,0.0,0.0,0.0,0.0
experiment_856,0.0,0.0,0.0,0.0,0.0,0.0,0.0,0.0,0.0,0.0,0.0,0.0,0.0,0.0,0.0,0.0,0.0,0.0,0.0,0.0,0.0,0.0,0.0,0.0,0.0,0.0,0.0,0.0,0.0,0.0,0.0,0.0
experiment_858,0.0,0.0,0.0,0.0,0.0,0.0,0.0,0.0,0.0,0.0,0.0,0.0,0.0,0.0,0.0,0.0,0.0,0.0,0.0,0.0,0.0,0.0,0.0,0.0,0.0,0.0,0.0,0.0,0.0,0.0,0.0,0.0
experiment_859,0.0,0.0,0.0,0.0,0.0,0.0,0.0,0.0,0.0,0.0,0.0,0.0,0.0,0.0,0.0,0.0,0.0,0.0,0.0,0.0,0.0,0.0,0.0,0.0,0.0,0.0,0.0,0.0,0.0,0.0,0.0,0.0
experiment_860,0.0,0.0,0.0,0.0,0.0,0.0,0.0,0.0,0.0,0.0,0.0,0.0,0.0,0.0,0.0,0.0,0.0,0.0,0.0,0.0,0.0,0.0,0.0,0.0,0.0,0.0,0.0,0.0,0.0,0.0,0.0,0.0
experiment_861,0.0,0.0,0.0,0.0,0.0,0.0,0.0,0.0,0.0,0.0,0.0,0.0,0.0,0.0,0.0,0.0,0.0,0.0,0.0,0.0,0.0,0.0,0.0,0.0,0.0,0.0,0.0,0.0,0.0,0.0,0.0,0.0
experiment_862,0.0,0.0,0.0,0.0,0.0,0.0,0.0,0.0,0.0,0.0,0.0,0.0,0.0,0.0,0.0,0.0,0.0,0.0,0.0,0.0,0.0,0.0,0.0,0.0,0.0,0.0,0.0,0.0,0.0,0.0,0.0,0.0
experiment_863,0.0,0.0,0.0,0.0,0.0,0.0,0.0,0.0,0.0,0.0,0.0,0.0,0.0,0.0,0.0,0.0,0.0,0.0,0.0,0.0,0.0,0.0,0.0,0.0,0.0,0.0,0.0,0.0,0.0,0.0,0.0,0.0
experiment_864,0.0,0.0,0.0,0.0,0.0,0.0,0.0,0.0,0.0,0.0,0.0,0.0,0.0,0.0,0.0,0.0,0.0,0.0,0.0,0.0,0.0,0.0,0.0,0.0,0.0,0.0,0.0,0.0,0.0,0.0,0.0,0.0
experiment_865,0.0,0.0,0.0,0.0,0.0,0.0,0.0,0.0,0.0,0.0,0.0,0.0,0.0,0.0,0.0,0.0,0.0,0.0,0.0,0.0,0.0,0.0,0.0,0.0,0.0,0.0,0.0,0.0,0.0,0.0,0.0,0.0
experiment_866,0.0,0.0,0.0,0.0,0.0,0.0,0.0,0.0,0.0,0.0,0.0,0.0,0.0,0.0,0.0,0.0,0.0,0.0,0.0,0.0,0.0,0.0,0.0,0.0,0.0,0.0,0.0,0.0,0.0,0.0,0.0,0.0
experiment_867,0.0,0.0,0.0,0.0,0.0,0.0,0.0,0.0,0.0,0.0,0.0,0.0,0.0,0.0,0.0,0.0,0.0,0.0,0.0,0.0,0.0,0.0,0.0,0.0,0.0,0.0,0.0,0.0,0.0,0.0,0.0,0.0
experiment_868,0.0,0.0,0.0,0.0,0.0,0.0,0.0,0.0,0.0,0.0,0.0,0.0,0.0,0.0,0.0,0.0,0.0,0.0,0.0,0.0,0.0,0.0,0.0,0.0,0.0,0.0,0.0,0.0,0.0,0.0,0.0,0.0
experiment_869,0.0,0.0,0.0,0.0,0.0,0.0,0.0,0.0,0.0,0.0,0.0,0.0,0.0,0.0,0.0,0.0,0.0,0.0,0.0,0.0,0.0,0.0,0.0,0.0,0.0,0.0,0.0,0.0,0.0,0.0,0.0,0.0
experiment_870,0.0,0.0,0.0,0.0,0.0,0.0,0.0,0.0,0.0,0.0,0.0,0.0,0.0,0.0,0.0,0.0,0.0,0.0,0.0,0.0,0.0,0.0,0.0,0.0,0.0,0.0,0.0,0.0,0.0,0.0,0.0,0.0
experiment_871,0.0,0.0,0.0,0.0,0.0,0.0,0.0,0.0,0.0,0.0,0.0,0.0,0.0,0.0,0.0,0.0,0.0,0.0,0.0,0.0,0.0,0.0,0.0,0.0,0.0,0.0,0.0,0.0,0.0,0.0,0.0,0.0
experiment_872,0.0,0.0,0.0,0.0,0.0,0.0,0.0,0.0,0.0,0.0,0.0,0.0,0.0,0.0,0.0,0.0,0.0,0.0,0.0,0.0,0.0,0.0,0.0,0.0,0.0,0.0,0.0,0.0,0.0,0.0,0.0,0.0
experiment_873,0.0,0.0,0.0,0.0,0.0,0.0,0.0,0.0,0.0,0.0,0.0,0.0,0.0,0.0,0.0,0.0,0.0,0.0,0.0,0.0,0.0,0.0,0.0,0.0,0.0,0.0,0.0,0.0,0.0,0.0,0.0,0.0
experiment_874,0.0,0.0,0.0,0.0,0.0,0.0,0.0,0.0,0.0,0.0,0.0,0.0,0.0,0.0,0.0,0.0,0.0,0.0,0.0,0.0,0.0,0.0,0.0,0.0,0.0,0.0,0.0,0.0,0.0,0.0,0.0,0.0
experiment_875,0.0,0.0,0.0,0.0,0.0,0.0,0.0,0.0,0.0,0.0,0.0,0.0,0.0,0.0,0.0,0.0,0.0,0.0,0.0,0.0,0.0,0.0,0.0,0.0,0.0,0.0,0.0,0.0,0.0,0.0,0.0,0.0
experiment_876,0.0,0.0,0.0,0.0,0.0,0.0,0.0,0.0,0.0,0.0,0.0,0.0,0.0,0.0,0.0,0.0,0.0,0.0,0.0,0.0,0.0,0.0,0.0,0.0,0.0,0.0,0.0,0.0,0.0,0.0,0.0,0.0
experiment_877,0.0,0.0,0.0,0.0,0.0,0.0,0.0,0.0,0.0,0.0,0.0,0.0,0.0,0.0,0.0,0.0,0.0,0.0,0.0,0.0,0.0,0.0,0.0,0.0,0.0,0.0,0.0,0.0,0.0,0.0,0.0,0.0
experiment_878,0.0,0.0,0.0,0.0,0.0,0.0,0.0,0.0,0.0,0.0,0.0,0.0,0.0,0.0,0.0,0.0,0.0,0.0,0.0,0.0,0.0,0.0,0.0,0.0,0.0,0.0,0.0,0.0,0.0,0.0,0.0,0.0
experiment_879,0.0,0.0,0.0,0.0,0.0,0.0,0.0,0.0,0.0,0.0,0.0,0.0,0.0,0.0,0.0,0.0,0.0,0.0,0.0,0.0,0.0,0.0,0.0,0.0,0.0,0.0,0.0,0.0,0.0,0.0,0.0,0.0
experiment_880,0.0,0.0,0.0,0.0,0.0,0.0,0.0,0.0,0.0,0.0,0.0,0.0,0.0,0.0,0.0,0.0,0.0,0.0,0.0,0.0,0.0,0.0,0.0,0.0,0.0,0.0,0.0,0.0,0.0,0.0,0.0,0.0
experiment_881,0.0,0.0,0.0,0.0,0.0,0.0,0.0,0.0,0.0,0.0,0.0,0.0,0.0,0.0,0.0,0.0,0.0,0.0,0.0,0.0,0.0,0.0,0.0,0.0,0.0,0.0,0.0,0.0,0.0,0.0,0.0,0.0
experiment_882,0.0,0.0,0.0,0.0,0.0,0.0,0.0,0.0,0.0,0.0,0.0,0.0,0.0,0.0,0.0,0.0,0.0,0.0,0.0,0.0,0.0,0.0,0.0,0.0,0.0,0.0,0.0,0.0,0.0,0.0,0.0,0.0
experiment_883,0.0,0.0,0.0,0.0,0.0,0.0,0.0,0.0,0.0,0.0,0.0,0.0,0.0,0.0,0.0,0.0,0.0,0.0,0.0,0.0,0.0,0.0,0.0,0.0,0.0,0.0,0.0,0.0,0.0,0.0,0.0,0.0
experiment_884,0.0,0.0,0.0,0.0,0.0,0.0,0.0,0.0,0.0,0.0,0.0,0.0,0.0,0.0,0.0,0.0,0.0,0.0,0.0,0.0,0.0,0.0,0.0,0.0,0.0,0.0,0.0,0.0,0.0,0.0,0.0,0.0
experiment_885,0.0,0.0,0.0,0.0,0.0,0.0,0.0,0.0,0.0,0.0,0.0,0.0,0.0,0.0,0.0,0.0,0.0,0.0,0.0,0.0,0.0,0.0,0.0,0.0,0.0,0.0,0.0,0.0,0.0,0.0,0.0,0.0
experiment_886,0.0,0.0,0.0,0.0,0.0,0.0,0.0,0.0,0.0,0.0,0.0,0.0,0.0,0.0,0.0,0.0,0.0,0.0,0.0,0.0,0.0,0.0,0.0,0.0,0.0,0.0,0.0,0.0,0.0,0.0,0.0,0.0
experiment_887,0.0,0.0,0.0,0.0,0.0,0.0,0.0,0.0,0.0,0.0,0.0,0.0,0.0,0.0,0.0,0.0,0.0,0.0,0.0,0.0,0.0,0.0,0.0,0.0,0.0,0.0,0.0,0.0,0.0,0.0,0.0,0.0
experiment_888,0.0,0.0,0.0,0.0,0.0,0.0,0.0,0.0,0.0,0.0,0.0,0.0,0.0,0.0,0.0,0.0,0.0,0.0,0.0,0.0,0.0,0.0,0.0,0.0,0.0,0.0,0.0,0.0,0.0,0.0,0.0,0.0
experiment_889,0.0,0.0,0.0,0.0,0.0,0.0,0.0,0.0,0.0,0.0,0.0,0.0,0.0,0.0,0.0,0.0,0.0,0.0,0.0,0.0,0.0,0.0,0.0,0.0,0.0,0.0,0.0,0.0,0.0,0.0,0.0,0.0
experiment_890,0.0,0.0,0.0,0.0,0.0,0.0,0.0,0.0,0.0,0.0,0.0,0.0,0.0,0.0,0.0,0.0,0.0,0.0,0.0,0.0,0.0,0.0,0.0,0.0,0.0,0.0,0.0,0.0,0.0,0.0,0.0,0.0
experiment_891,0.0,0.0,0.0,0.0,0.0,0.0,0.0,0.0,0.0,0.0,0.0,0.0,0.0,0.0,0.0,0.0,0.0,0.0,0.0,0.0,0.0,0.0,0.0,0.0,0.0,0.0,0.0,0.0,0.0,0.0,0.0,0.0
experiment_892,0.0,0.0,0.0,0.0,0.0,0.0,0.0,0.0,0.0,0.0,0.0,0.0,0.0,0.0,0.0,0.0,0.0,0.0,0.0,0.0,0.0,0.0,0.0,0.0,0.0,0.0,0.0,0.0,0.0,0.0,0.0,0.0
experiment_893,0.0,0.0,0.0,0.0,0.0,0.0,0.0,0.0,0.0,0.0,0.0,0.0,0.0,0.0,0.0,0.0,0.0,0.0,0.0,0.0,0.0,0.0,0.0,0.0,0.0,0.0,0.0,0.0,0.0,0.0,0.0,0.0
experiment_894,0.0,0.0,0.0,0.0,0.0,0.0,0.0,0.0,0.0,0.0,0.0,0.0,0.0,0.0,0.0,0.0,0.0,0.0,0.0,0.0,0.0,0.0,0.0,0.0,0.0,0.0,0.0,0.0,0.0,0.0,0.0,0.0
experiment_895,0.0,0.0,0.0,0.0,0.0,0.0,0.0,0.0,0.0,0.0,0.0,0.0,0.0,0.0,0.0,0.0,0.0,0.0,0.0,0.0,0.0,0.0,0.0,0.0,0.0,0.0,0.0,0.0,0.0,0.0,0.0,0.0
experiment_896,0.0,0.0,0.0,0.0,0.0,0.0,0.0,0.0,0.0,0.0,0.0,0.0,0.0,0.0,0.0,0.0,0.0,0.0,0.0,0.0,0.0,0.0,0.0,0.0,0.0,0.0,0.0,0.0,0.0,0.0,0.0,0.0
experiment_897,0.0,0.0,0.0,0.0,0.0,0.0,0.0,0.0,0.0,0.0,0.0,0.0,0.0,0.0,0.0,0.0,0.0,0.0,0.0,0.0,0.0,0.0,0.0,0.0,0.0,0.0,0.0,0.0,0.0,0.0,0.0,0.0
experiment_898,0.0,0.0,0.0,0.0,0.0,0.0,0.0,0.0,0.0,0.0,0.0,0.0,0.0,0.0,0.0,0.0,0.0,0.0,0.0,0.0,0.0,0.0,0.0,0.0,0.0,0.0,0.0,0.0,0.0,0.0,0.0,0.0
experiment_899,0.0,0.0,0.0,0.0,0.0,0.0,0.0,0.0,0.0,0.0,0.0,0.0,0.0,0.0,0.0,0.0,0.0,0.0,0.0,0.0,0.0,0.0,0.0,0.0,0.0,0.0,0.0,0.0,0.0,0.0,0.0,0.0
experiment_900,0.0,0.0,0.0,0.0,0.0,0.0,0.0,0.0,0.0,0.0,0.0,0.0,0.0,0.0,0.0,0.0,0.0,0.0,0.0,0.0,0.0,0.0,0.0,0.0,0.0,0.0,0.0,0.0,0.0,0.0,0.0,0.0
experiment_901,0.0,0.0,0.0,0.0,0.0,0.0,0.0,0.0,0.0,0.0,0.0,0.0,0.0,0.0,0.0,0.0,0.0,0.0,0.0,0.0,0.0,0.0,0.0,0.0,0.0,0.0,0.0,0.0,0.0,0.0,0.0,0.0
experiment_902,0.0,0.0,0.0,0.0,0.0,0.0,0.0,0.0,0.0,0.0,0.0,0.0,0.0,0.0,0.0,0.0,0.0,0.0,0.0,0.0,0.0,0.0,0.0,0.0,0.0,0.0,0.0,0.0,0.0,0.0,0.0,0.0
experiment_903,0.0,0.0,0.0,0.0,0.0,0.0,0.0,0.0,0.0,0.0,0.0,0.0,0.0,0.0,0.0,0.0,0.0,0.0,0.0,0.0,0.0,0.0,0.0,0.0,0.0,0.0,0.0,0.0,0.0,0.0,0.0,0.0
experiment_904,0.0,0.0,0.0,0.0,0.0,0.0,0.0,0.0,0.0,0.0,0.0,0.0,0.0,0.0,0.0,0.0,0.0,0.0,0.0,0.0,0.0,0.0,0.0,0.0,0.0,0.0,0.0,0.0,0.0,0.0,0.0,0.0
experiment_905,0.0,0.0,0.0,0.0,0.0,0.0,0.0,0.0,0.0,0.0,0.0,0.0,0.0,0.0,0.0,0.0,0.0,0.0,0.0,0.0,0.0,0.0,0.0,0.0,0.0,0.0,0.0,0.0,0.0,0.0,0.0,0.0
experiment_906,0.0,0.0,0.0,0.0,0.0,0.0,0.0,0.0,0.0,0.0,0.0,0.0,0.0,0.0,0.0,0.0,0.0,0.0,0.0,0.0,0.0,0.0,0.0,0.0,0.0,0.0,0.0,0.0,0.0,0.0,0.0,0.0
experiment_907,0.0,0.0,0.0,0.0,0.0,0.0,0.0,0.0,0.0,0.0,0.0,0.0,0.0,0.0,0.0,0.0,0.0,0.0,0.0,0.0,0.0,0.0,0.0,0.0,0.0,0.0,0.0,0.0,0.0,0.0,0.0,0.0
experiment_908,0.0,0.0,0.0,0.0,0.0,0.0,0.0,0.0,0.0,0.0,0.0,0.0,0.0,0.0,0.0,0.0,0.0,0.0,0.0,0.0,0.0,0.0,0.0,0.0,0.0,0.0,0.0,0.0,0.0,0.0,0.0,0.0
experiment_909,0.0,0.0,0.0,0.0,0.0,0.0,0.0,0.0,0.0,0.0,0.0,0.0,0.0,0.0,0.0,0.0,0.0,0.0,0.0,0.0,0.0,0.0,0.0,0.0,0.0,0.0,0.0,0.0,0.0,0.0,0.0,0.0
experiment_910,0.0,0.0,0.0,0.0,0.0,0.0,0.0,0.0,0.0,0.0,0.0,0.0,0.0,0.0,0.0,0.0,0.0,0.0,0.0,0.0,0.0,0.0,0.0,0.0,0.0,0.0,0.0,0.0,0.0,0.0,0.0,0.0
experiment_911,0.0,0.0,0.0,0.0,0.0,0.0,0.0,0.0,0.0,0.0,0.0,0.0,0.0,0.0,0.0,0.0,0.0,0.0,0.0,0.0,0.0,0.0,0.0,0.0,0.0,0.0,0.0,0.0,0.0,0.0,0.0,0.0
experiment_912,0.0,0.0,0.0,0.0,0.0,0.0,0.0,0.0,0.0,0.0,0.0,0.0,0.0,0.0,0.0,0.0,0.0,0.0,0.0,0.0,0.0,0.0,0.0,0.0,0.0,0.0,0.0,0.0,0.0,0.0,0.0,0.0
experiment_913,0.0,0.0,0.0,0.0,0.0,0.0,0.0,0.0,0.0,0.0,0.0,0.0,0.0,0.0,0.0,0.0,0.0,0.0,0.0,0.0,0.0,0.0,0.0,0.0,0.0,0.0,0.0,0.0,0.0,0.0,0.0,0.0
experiment_914,0.0,0.0,0.0,0.0,0.0,0.0,0.0,0.0,0.0,0.0,0.0,0.0,0.0,0.0,0.0,0.0,0.0,0.0,0.0,0.0,0.0,0.0,0.0,0.0,0.0,0.0,0.0,0.0,0.0,0.0,0.0,0.0
experiment_915,0.0,0.0,0.0,0.0,0.0,0.0,0.0,0.0,0.0,0.0,0.0,0.0,0.0,0.0,0.0,0.0,0.0,0.0,0.0,0.0,0.0,0.0,0.0,0.0,0.0,0.0,0.0,0.0,0.0,0.0,0.0,0.0
experiment_916,0.0,0.0,0.0,0.0,0.0,0.0,0.0,0.0,0.0,0.0,0.0,0.0,0.0,0.0,0.0,0.0,0.0,0.0,0.0,0.0,0.0,0.0,0.0,0.0,0.0,0.0,0.0,0.0,0.0,0.0,0.0,0.0
experiment_917,0.0,0.0,0.0,0.0,0.0,0.0,0.0,0.0,0.0,0.0,0.0,0.0,0.0,0.0,0.0,0.0,0.0,0.0,0.0,0.0,0.0,0.0,0.0,0.0,0.0,0.0,0.0,0.0,0.0,0.0,0.0,0.0
experiment_918,0.0,0.0,0.0,0.0,0.0,0.0,0.0,0.0,0.0,0.0,0.0,0.0,0.0,0.0,0.0,0.0,0.0,0.0,0.0,0.0,0.0,0.0,0.0,0.0,0.0,0.0,0.0,0.0,0.0,0.0,0.0,0.0
experiment_919,0.0,0.0,0.0,0.0,0.0,0.0,0.0,0.0,0.0,0.0,0.0,0.0,0.0,0.0,0.0,0.0,0.0,0.0,0.0,0.0,0.0,0.0,0.0,0.0,0.0,0.0,0.0,0.0,0.0,0.0,0.0,0.0
experiment_920,0.0,0.0,0.0,0.0,0.0,0.0,0.0,0.0,0.0,0.0,0.0,0.0,0.0,0.0,0.0,0.0,0.0,0.0,0.0,0.0,0.0,0.0,0.0,0.0,0.0,0.0,0.0,0.0,0.0,0.0,0.0,0.0
experiment_921,0.0,0.0,0.0,0.0,0.0,0.0,0.0,0.0,0.0,0.0,0.0,0.0,0.0,0.0,0.0,0.0,0.0,0.0,0.0,0.0,0.0,0.0,0.0,0.0,0.0,0.0,0.0,0.0,0.0,0.0,0.0,0.0
experiment_922,0.0,0.0,0.0,0.0,0.0,0.0,0.0,0.0,0.0,0.0,0.0,0.0,0.0,0.0,0.0,0.0,0.0,0.0,0.0,0.0,0.0,0.0,0.0,0.0,0.0,0.0,0.0,0.0,0.0,0.0,0.0,0.0
experiment_923,0.0,0.0,0.0,0.0,0.0,0.0,0.0,0.0,0.0,0.0,0.0,0.0,0.0,0.0,0.0,0.0,0.0,0.0,0.0,0.0,0.0,0.0,0.0,0.0,0.0,0.0,0.0,0.0,0.0,0.0,0.0,0.0
experiment_924,0.0,0.0,0.0,0.0,0.0,0.0,0.0,0.0,0.0,0.0,0.0,0.0,0.0,0.0,0.0,0.0,0.0,0.0,0.0,0.0,0.0,0.0,0.0,0.0,0.0,0.0,0.0,0.0,0.0,0.0,0.0,0.0
experiment_925,0.0,0.0,0.0,0.0,0.0,0.0,0.0,0.0,0.0,0.0,0.0,0.0,0.0,0.0,0.0,0.0,0.0,0.0,0.0,0.0,0.0,0.0,0.0,0.0,0.0,0.0,0.0,0.0,0.0,0.0,0.0,0.0
experiment_926,0.0,0.0,0.0,0.0,0.0,0.0,0.0,0.0,0.0,0.0,0.0,0.0,0.0,0.0,0.0,0.0,0.0,0.0,0.0,0.0,0.0,0.0,0.0,0.0,0.0,0.0,0.0,0.0,0.0,0.0,0.0,0.0
experiment_927,0.0,0.0,0.0,0.0,0.0,0.0,0.0,0.0,0.0,0.0,0.0,0.0,0.0,0.0,0.0,0.0,0.0,0.0,0.0,0.0,0.0,0.0,0.0,0.0,0.0,0.0,0.0,0.0,0.0,0.0,0.0,0.0
experiment_928,0.0,0.0,0.0,0.0,0.0,0.0,0.0,0.0,0.0,0.0,0.0,0.0,0.0,0.0,0.0,0.0,0.0,0.0,0.0,0.0,0.0,0.0,0.0,0.0,0.0,0.0,0.0,0.0,0.0,0.0,0.0,0.0
experiment_929,0.0,0.0,0.0,0.0,0.0,0.0,0.0,0.0,0.0,0.0,0.0,0.0,0.0,0.0,0.0,0.0,0.0,0.0,0.0,0.0,0.0,0.0,0.0,0.0,0.0,0.0,0.0,0.0,0.0,0.0,0.0,0.0
experiment_930,0.0,0.0,0.0,0.0,0.0,0.0,0.0,0.0,0.0,0.0,0.0,0.0,0.0,0.0,0.0,0.0,0.0,0.0,0.0,0.0,0.0,0.0,0.0,0.0,0.0,0.0,0.0,0.0,0.0,0.0,0.0,0.0
experiment_931,0.0,0.0,0.0,0.0,0.0,0.0,0.0,0.0,0.0,0.0,0.0,0.0,0.0,0.0,0.0,0.0,0.0,0.0,0.0,0.0,0.0,0.0,0.0,0.0,0.0,0.0,0.0,0.0,0.0,0.0,0.0,0.0
experiment_932,0.0,0.0,0.0,0.0,0.0,0.0,0.0,0.0,0.0,0.0,0.0,0.0,0.0,0.0,0.0,0.0,0.0,0.0,0.0,0.0,0.0,0.0,0.0,0.0,0.0,0.0,0.0,0.0,0.0,0.0,0.0,0.0
experiment_933,0.0,0.0,0.0,0.0,0.0,0.0,0.0,0.0,0.0,0.0,0.0,0.0,0.0,0.0,0.0,0.0,0.0,0.0,0.0,0.0,0.0,0.0,0.0,0.0,0.0,0.0,0.0,0.0,0.0,0.0,0.0,0.0
experiment_934,0.0,0.0,0.0,0.0,0.0,0.0,0.0,0.0,0.0,0.0,0.0,0.0,0.0,0.0,0.0,0.0,0.0,0.0,0.0,0.0,0.0,0.0,0.0,0.0,0.0,0.0,0.0,0.0,0.0,0.0,0.0,0.0
experiment_935,0.0,0.0,0.0,0.0,0.0,0.0,0.0,0.0,0.0,0.0,0.0,0.0,0.0,0.0,0.0,0.0,0.0,0.0,0.0,0.0,0.0,0.0,0.0,0.0,0.0,0.0,0.0,0.0,0.0,0.0,0.0,0.0
experiment_936,0.0,0.0,0.0,0.0,0.0,0.0,0.0,0.0,0.0,0.0,0.0,0.0,0.0,0.0,0.0,0.0,0.0,0.0,0.0,0.0,0.0,0.0,0.0,0.0,0.0,0.0,0.0,0.0,0.0,0.0,0.0,0.0
experiment_937,0.0,0.0,0.0,0.0,0.0,0.0,0.0,0.0,0.0,0.0,0.0,0.0,0.0,0.0,0.0,0.0,0.0,0.0,0.0,0.0,0.0,0.0,0.0,0.0,0.0,0.0,0.0,0.0,0.0,0.0,0.0,0.0
experiment_938,0.0,0.0,0.0,0.0,0.0,0.0,0.0,0.0,0.0,0.0,0.0,0.0,0.0,0.0,0.0,0.0,0.0,0.0,0.0,0.0,0.0,0.0,0.0,0.0,0.0,0.0,0.0,0.0,0.0,0.0,0.0,0.0
experiment_939,0.0,0.0,0.0,0.0,0.0,0.0,0.0,0.0,0.0,0.0,0.0,0.0,0.0,0.0,0.0,0.0,0.0,0.0,0.0,0.0,0.0,0.0,0.0,0.0,0.0,0.0,0.0,0.0,0.0,0.0,0.0,0.0
experiment_940,0.0,0.0,0.0,0.0,0.0,0.0,0.0,0.0,0.0,0.0,0.0,0.0,0.0,0.0,0.0,0.0,0.0,0.0,0.0,0.0,0.0,0.0,0.0,0.0,0.0,0.0,0.0,0.0,0.0,0.0,0.0,0.0
experiment_941,0.0,0.0,0.0,0.0,0.0,0.0,0.0,0.0,0.0,0.0,0.0,0.0,0.0,0.0,0.0,0.0,0.0,0.0,0.0,0.0,0.0,0.0,0.0,0.0,0.0,0.0,0.0,0.0,0.0,0.0,0.0,0.0
experiment_942,0.0,0.0,0.0,0.0,0.0,0.0,0.0,0.0,0.0,0.0,0.0,0.0,0.0,0.0,0.0,0.0,0.0,0.0,0.0,0.0,0.0,0.0,0.0,0.0,0.0,0.0,0.0,0.0,0.0,0.0,0.0,0.0
experiment_943,0.0,0.0,0.0,0.0,0.0,0.0,0.0,0.0,0.0,0.0,0.0,0.0,0.0,0.0,0.0,0.0,0.0,0.0,0.0,0.0,0.0,0.0,0.0,0.0,0.0,0.0,0.0,0.0,0.0,0.0,0.0,0.0
experiment_944,0.0,0.0,0.0,0.0,0.0,0.0,0.0,0.0,0.0,0.0,0.0,0.0,0.0,0.0,0.0,0.0,0.0,0.0,0.0,0.0,0.0,0.0,0.0,0.0,0.0,0.0,0.0,0.0,0.0,0.0,0.0,0.0
experiment_945,0.0,0.0,0.0,0.0,0.0,0.0,0.0,0.0,0.0,0.0,0.0,0.0,0.0,0.0,0.0,0.0,0.0,0.0,0.0,0.0,0.0,0.0,0.0,0.0,0.0,0.0,0.0,0.0,0.0,0.0,0.0,0.0
experiment_946,0.0,0.0,0.0,0.0,0.0,0.0,0.0,0.0,0.0,0.0,0.0,0.0,0.0,0.0,0.0,0.0,0.0,0.0,0.0,0.0,0.0,0.0,0.0,0.0,0.0,0.0,0.0,0.0,0.0,0.0,0.0,0.0
experiment_947,0.0,0.0,0.0,0.0,0.0,0.0,0.0,0.0,0.0,0.0,0.0,0.0,0.0,0.0,0.0,0.0,0.0,0.0,0.0,0.0,0.0,0.0,0.0,0.0,0.0,0.0,0.0,0.0,0.0,0.0,0.0,0.0
experiment_948,0.0,0.0,0.0,0.0,0.0,0.0,0.0,0.0,0.0,0.0,0.0,0.0,0.0,0.0,0.0,0.0,0.0,0.0,0.0,0.0,0.0,0.0,0.0,0.0,0.0,0.0,0.0,0.0,0.0,0.0,0.0,0.0
experiment_949,0.0,0.0,0.0,0.0,0.0,0.0,0.0,0.0,0.0,0.0,0.0,0.0,0.0,0.0,0.0,0.0,0.0,0.0,0.0,0.0,0.0,0.0,0.0,0.0,0.0,0.0,0.0,0.0,0.0,0.0,0.0,0.0
experiment_950,0.0,0.0,0.0,0.0,0.0,0.0,0.0,0.0,0.0,0.0,0.0,0.0,0.0,0.0,0.0,0.0,0.0,0.0,0.0,0.0,0.0,0.0,0.0,0.0,0.0,0.0,0.0,0.0,0.0,0.0,0.0,0.0
experiment_951,0.0,0.0,0.0,0.0,0.0,0.0,0.0,0.0,0.0,0.0,0.0,0.0,0.0,0.0,0.0,0.0,0.0,0.0,0.0,0.0,0.0,0.0,0.0,0.0,0.0,0.0,0.0,0.0,0.0,0.0,0.0,0.0
experiment_952,0.0,0.0,0.0,0.0,0.0,0.0,0.0,0.0,0.0,0.0,0.0,0.0,0.0,0.0,0.0,0.0,0.0,0.0,0.0,0.0,0.0,0.0,0.0,0.0,0.0,0.0,0.0,0.0,0.0,0.0,0.0,0.0
experiment_953,0.0,0.0,0.0,0.0,0.0,0.0,0.0,0.0,0.0,0.0,0.0,0.0,0.0,0.0,0.0,0.0,0.0,0.0,0.0,0.0,0.0,0.0,0.0,0.0,0.0,0.0,0.0,0.0,0.0,0.0,0.0,0.0
experiment_954,0.0,0.0,0.0,0.0,0.0,0.0,0.0,0.0,0.0,0.0,0.0,0.0,0.0,0.0,0.0,0.0,0.0,0.0,0.0,0.0,0.0,0.0,0.0,0.0,0.0,0.0,0.0,0.0,0.0,0.0,0.0,0.0
experiment_955,0.0,0.0,0.0,0.0,0.0,0.0,0.0,0.0,0.0,0.0,0.0,0.0,0.0,0.0,0.0,0.0,0.0,0.0,0.0,0.0,0.0,0.0,0.0,0.0,0.0,0.0,0.0,0.0,0.0,0.0,0.0,0.0
experiment_956,0.0,0.0,0.0,0.0,0.0,0.0,0.0,0.0,0.0,0.0,0.0,0.0,0.0,0.0,0.0,0.0,0.0,0.0,0.0,0.0,0.0,0.0,0.0,0.0,0.0,0.0,0.0,0.0,0.0,0.0,0.0,0.0
experiment_957,0.0,0.0,0.0,0.0,0.0,0.0,0.0,0.0,0.0,0.0,0.0,0.0,0.0,0.0,0.0,0.0,0.0,0.0,0.0,0.0,0.0,0.0,0.0,0.0,0.0,0.0,0.0,0.0,0.0,0.0,0.0,0.0
experiment_958,0.0,0.0,0.0,0.0,0.0,0.0,0.0,0.0,0.0,0.0,0.0,0.0,0.0,0.0,0.0,0.0,0.0,0.0,0.0,0.0,0.0,0.0,0.0,0.0,0.0,0.0,0.0,0.0,0.0,0.0,0.0,0.0
experiment_959,0.0,0.0,0.0,0.0,0.0,0.0,0.0,0.0,0.0,0.0,0.0,0.0,0.0,0.0,0.0,0.0,0.0,0.0,0.0,0.0,0.0,0.0,0.0,0.0,0.0,0.0,0.0,0.0,0.0,0.0,0.0,0.0
experiment_960,0.0,0.0,0.0,0.0,0.0,0.0,0.0,0.0,0.0,0.0,0.0,0.0,0.0,0.0,0.0,0.0,0.0,0.0,0.0,0.0,0.0,0.0,0.0,0.0,0.0,0.0,0.0,0.0,0.0,0.0,0.0,0.0
experiment_961,0.0,0.0,0.0,0.0,0.0,0.0,0.0,0.0,0.0,0.0,0.0,0.0,0.0,0.0,0.0,0.0,0.0,0.0,0.0,0.0,0.0,0.0,0.0,0.0,0.0,0.0,0.0,0.0,0.0,0.0,0.0,0.0
experiment_962,0.0,0.0,0.0,0.0,0.0,0.0,0.0,0.0,0.0,0.0,0.0,0.0,0.0,0.0,0.0,0.0,0.0,0.0,0.0,0.0,0.0,0.0,0.0,0.0,0.0,0.0,0.0,0.0,0.0,0.0,0.0,0.0
experiment_963,0.0,0.0,0.0,0.0,0.0,0.0,0.0,0.0,0.0,0.0,0.0,0.0,0.0,0.0,0.0,0.0,0.0,0.0,0.0,0.0,0.0,0.0,0.0,0.0,0.0,0.0,0.0,0.0,0.0,0.0,0.0,0.0
experiment_964,0.0,0.0,0.0,0.0,0.0,0.0,0.0,0.0,0.0,0.0,0.0,0.0,0.0,0.0,0.0,0.0,0.0,0.0,0.0,0.0,0.0,0.0,0.0,0.0,0.0,0.0,0.0,0.0,0.0,0.0,0.0,0.0
experiment_965,0.0,0.0,0.0,0.0,0.0,0.0,0.0,0.0,0.0,0.0,0.0,0.0,0.0,0.0,0.0,0.0,0.0,0.0,0.0,0.0,0.0,0.0,0.0,0.0,0.0,0.0,0.0,0.0,0.0,0.0,0.0,0.0
experiment_966,0.0,0.0,0.0,0.0,0.0,0.0,0.0,0.0,0.0,0.0,0.0,0.0,0.0,0.0,0.0,0.0,0.0,0.0,0.0,0.0,0.0,0.0,0.0,0.0,0.0,0.0,0.0,0.0,0.0,0.0,0.0,0.0
experiment_967,0.0,0.0,0.0,0.0,0.0,0.0,0.0,0.0,0.0,0.0,0.0,0.0,0.0,0.0,0.0,0.0,0.0,0.0,0.0,0.0,0.0,0.0,0.0,0.0,0.0,0.0,0.0,0.0,0.0,0.0,0.0,0.0
experiment_968,0.0,0.0,0.0,0.0,0.0,0.0,0.0,0.0,0.0,0.0,0.0,0.0,0.0,0.0,0.0,0.0,0.0,0.0,0.0,0.0,0.0,0.0,0.0,0.0,0.0,0.0,0.0,0.0,0.0,0.0,0.0,0.0
experiment_969,0.0,0.0,0.0,0.0,0.0,0.0,0.0,0.0,0.0,0.0,0.0,0.0,0.0,0.0,0.0,0.0,0.0,0.0,0.0,0.0,0.0,0.0,0.0,0.0,0.0,0.0,0.0,0.0,0.0,0.0,0.0,0.0
experiment_970,0.0,0.0,0.0,0.0,0.0,0.0,0.0,0.0,0.0,0.0,0.0,0.0,0.0,0.0,0.0,0.0,0.0,0.0,0.0,0.0,0.0,0.0,0.0,0.0,0.0,0.0,0.0,0.0,0.0,0.0,0.0,0.0
experiment_971,0.0,0.0,0.0,0.0,0.0,0.0,0.0,0.0,0.0,0.0,0.0,0.0,0.0,0.0,0.0,0.0,0.0,0.0,0.0,0.0,0.0,0.0,0.0,0.0,0.0,0.0,0.0,0.0,0.0,0.0,0.0,0.0
experiment_972,0.0,0.0,0.0,0.0,0.0,0.0,0.0,0.0,0.0,0.0,0.0,0.0,0.0,0.0,0.0,0.0,0.0,0.0,0.0,0.0,0.0,0.0,0.0,0.0,0.0,0.0,0.0,0.0,0.0,0.0,0.0,0.0
experiment_973,0.0,0.0,0.0,0.0,0.0,0.0,0.0,0.0,0.0,0.0,0.0,0.0,0.0,0.0,0.0,0.0,0.0,0.0,0.0,0.0,0.0,0.0,0.0,0.0,0.0,0.0,0.0,0.0,0.0,0.0,0.0,0.0
experiment_974,0.0,0.0,0.0,0.0,0.0,0.0,0.0,0.0,0.0,0.0,0.0,0.0,0.0,0.0,0.0,0.0,0.0,0.0,0.0,0.0,0.0,0.0,0.0,0.0,0.0,0.0,0.0,0.0,0.0,0.0,0.0,0.0
experiment_975,0.0,0.0,0.0,0.0,0.0,0.0,0.0,0.0,0.0,0.0,0.0,0.0,0.0,0.0,0.0,0.0,0.0,0.0,0.0,0.0,0.0,0.0,0.0,0.0,0.0,0.0,0.0,0.0,0.0,0.0,0.0,0.0
experiment_976,0.0,0.0,0.0,0.0,0.0,0.0,0.0,0.0,0.0,0.0,0.0,0.0,0.0,0.0,0.0,0.0,0.0,0.0,0.0,0.0,0.0,0.0,0.0,0.0,0.0,0.0,0.0,0.0,0.0,0.0,0.0,0.0
experiment_977,0.0,0.0,0.0,0.0,0.0,0.0,0.0,0.0,0.0,0.0,0.0,0.0,0.0,0.0,0.0,0.0,0.0,0.0,0.0,0.0,0.0,0.0,0.0,0.0,0.0,0.0,0.0,0.0,0.0,0.0,0.0,0.0
experiment_978,0.0,0.0,0.0,0.0,0.0,0.0,0.0,0.0,0.0,0.0,0.0,0.0,0.0,0.0,0.0,0.0,0.0,0.0,0.0,0.0,0.0,0.0,0.0,0.0,0.0,0.0,0.0,0.0,0.0,0.0,0.0,0.0
experiment_979,0.0,0.0,0.0,0.0,0.0,0.0,0.0,0.0,0.0,0.0,0.0,0.0,0.0,0.0,0.0,0.0,0.0,0.0,0.0,0.0,0.0,0.0,0.0,0.0,0.0,0.0,0.0,0.0,0.0,0.0,0.0,0.0
experiment_980,0.0,0.0,0.0,0.0,0.0,0.0,0.0,0.0,0.0,0.0,0.0,0.0,0.0,0.0,0.0,0.0,0.0,0.0,0.0,0.0,0.0,0.0,0.0,0.0,0.0,0.0,0.0,0.0,0.0,0.0,0.0,0.0
experiment_981,0.0,0.0,0.0,0.0,0.0,0.0,0.0,0.0,0.0,0.0,0.0,0.0,0.0,0.0,0.0,0.0,0.0,0.0,0.0,0.0,0.0,0.0,0.0,0.0,0.0,0.0,0.0,0.0,0.0,0.0,0.0,0.0
experiment_982,0.0,0.0,0.0,0.0,0.0,0.0,0.0,0.0,0.0,0.0,0.0,0.0,0.0,0.0,0.0,0.0,0.0,0.0,0.0,0.0,0.0,0.0,0.0,0.0,0.0,0.0,0.0,0.0,0.0,0.0,0.0,0.0
experiment_983,0.0,0.0,0.0,0.0,0.0,0.0,0.0,0.0,0.0,0.0,0.0,0.0,0.0,0.0,0.0,0.0,0.0,0.0,0.0,0.0,0.0,0.0,0.0,0.0,0.0,0.0,0.0,0.0,0.0,0.0,0.0,0.0
experiment_984,0.0,0.0,0.0,0.0,0.0,0.0,0.0,0.0,0.0,0.0,0.0,0.0,0.0,0.0,0.0,0.0,0.0,0.0,0.0,0.0,0.0,0.0,0.0,0.0,0.0,0.0,0.0,0.0,0.0,0.0,0.0,0.0
experiment_985,0.0,0.0,0.0,0.0,0.0,0.0,0.0,0.0,0.0,0.0,0.0,0.0,0.0,0.0,0.0,0.0,0.0,0.0,0.0,0.0,0.0,0.0,0.0,0.0,0.0,0.0,0.0,0.0,0.0,0.0,0.0,0.0
experiment_986,0.0,0.0,0.0,0.0,0.0,0.0,0.0,0.0,0.0,0.0,0.0,0.0,0.0,0.0,0.0,0.0,0.0,0.0,0.0,0.0,0.0,0.0,0.0,0.0,0.0,0.0,0.0,0.0,0.0,0.0,0.0,0.0
experiment_987,0.0,0.0,0.0,0.0,0.0,0.0,0.0,0.0,0.0,0.0,0.0,0.0,0.0,0.0,0.0,0.0,0.0,0.0,0.0,0.0,0.0,0.0,0.0,0.0,0.0,0.0,0.0,0.0,0.0,0.0,0.0,0.0
experiment_988,0.0,0.0,0.0,0.0,0.0,0.0,0.0,0.0,0.0,0.0,0.0,0.0,0.0,0.0,0.0,0.0,0.0,0.0,0.0,0.0,0.0,0.0,0.0,0.0,0.0,0.0,0.0,0.0,0.0,0.0,0.0,0.0
experiment_989,0.0,0.0,0.0,0.0,0.0,0.0,0.0,0.0,0.0,0.0,0.0,0.0,0.0,0.0,0.0,0.0,0.0,0.0,0.0,0.0,0.0,0.0,0.0,0.0,0.0,0.0,0.0,0.0,0.0,0.0,0.0,0.0
experiment_990,0.0,0.0,0.0,0.0,0.0,0.0,0.0,0.0,0.0,0.0,0.0,0.0,0.0,0.0,0.0,0.0,0.0,0.0,0.0,0.0,0.0,0.0,0.0,0.0,0.0,0.0,0.0,0.0,0.0,0.0,0.0,0.0
experiment_991,0.0,0.0,0.0,0.0,0.0,0.0,0.0,0.0,0.0,0.0,0.0,0.0,0.0,0.0,0.0,0.0,0.0,0.0,0.0,0.0,0.0,0.0,0.0,0.0,0.0,0.0,0.0,0.0,0.0,0.0,0.0,0.0
experiment_992,0.0,0.0,0.0,0.0,0.0,0.0,0.0,0.0,0.0,0.0,0.0,0.0,0.0,0.0,0.0,0.0,0.0,0.0,0.0,0.0,0.0,0.0,0.0,0.0,0.0,0.0,0.0,0.0,0.0,0.0,0.0,0.0
experiment_993,0.0,0.0,0.0,0.0,0.0,0.0,0.0,0.0,0.0,0.0,0.0,0.0,0.0,0.0,0.0,0.0,0.0,0.0,0.0,0.0,0.0,0.0,0.0,0.0,0.0,0.0,0.0,0.0,0.0,0.0,0.0,0.0
experiment_994,0.0,0.0,0.0,0.0,0.0,0.0,0.0,0.0,0.0,0.0,0.0,0.0,0.0,0.0,0.0,0.0,0.0,0.0,0.0,0.0,0.0,0.0,0.0,0.0,0.0,0.0,0.0,0.0,0.0,0.0,0.0,0.0
experiment_995,0.0,0.0,0.0,0.0,0.0,0.0,0.0,0.0,0.0,0.0,0.0,0.0,0.0,0.0,0.0,0.0,0.0,0.0,0.0,0.0,0.0,0.0,0.0,0.0,0.0,0.0,0.0,0.0,0.0,0.0,0.0,0.0
experiment_996,0.0,0.0,0.0,0.0,0.0,0.0,0.0,0.0,0.0,0.0,0.0,0.0,0.0,0.0,0.0,0.0,0.0,0.0,0.0,0.0,0.0,0.0,0.0,0.0,0.0,0.0,0.0,0.0,0.0,0.0,0.0,0.0
experiment_997,0.0,0.0,0.0,0.0,0.0,0.0,0.0,0.0,0.0,0.0,0.0,0.0,0.0,0.0,0.0,0.0,0.0,0.0,0.0,0.0,0.0,0.0,0.0,0.0,0.0,0.0,0.0,0.0,0.0,0.0,0.0,0.0
experiment_998,0.0,0.0,0.0,0.0,0.0,0.0,0.0,0.0,0.0,0.0,0.0,0.0,0.0,0.0,0.0,0.0,0.0,0.0,0.0,0.0,0.0,0.0,0.0,0.0,0.0,0.0,0.0,0.0,0.0,0.0,0.0,0.0
experiment_999,0.0,0.0,0.0,0.0,0.0,0.0,0.0,0.0,0.0,0.0,0.0,0.0,0.0,0.0,0.0,0.0,0.0,0.0,0.0,0.0,0.0,0.0,0.0,0.0,0.0,0.0,0.0,0.0,0.0,0.0,0.0,0.0
