,2019,2020,2021,2022,2023,2024,2025,2026,2027,2028,2029,2030,2031,2032,2033,2034,2035,2036,2037,2038,2039,2040,2041,2042,2043,2044,2045,2046,2047,2048,2049,2050
experiment_000,0.0,0.0,0.0,0.0,0.0,1387.8595888196667,1299.0789045391282,1122.4861566061443,1610.9720296433306,1453.0466310244876,1250.9784059300855,970.9512785691909,997.5410168088957,1274.7947038724747,1504.266463877804,1648.187466760616,1212.0059304607648,1340.5374985105132,1161.90792884657,1465.0521680251336,2128.5458159874574,1401.2659320223213,1214.9579266729404,1257.8774722097503,1055.6173805292283,950.5034231491996,1358.5253286283785,1346.1103614517688,1384.7280296918823,1183.886565686491,1337.2692115211992,1641.0049970770604
experiment_001,0.0,0.0,0.0,0.0,0.0,1227.1953438477397,1048.9010613973278,1009.5034695749039,1322.7373632712088,1047.6905437131495,930.3589896813901,834.6444192447661,950.6009040616286,948.3637104504735,1426.3562107631446,1595.6621667651373,1075.3859453060572,1300.2952365432795,1080.4013695853846,1362.341571663274,1239.859608029763,1585.8098802029408,1122.4932780389809,1695.974458780453,1507.6723204218129,1409.9165279091362,1431.3535526033115,1784.3435149111945,1836.2542593679013,1751.6913398184013,1490.2548403705546,1640.7090641624786
experiment_002,0.0,0.0,0.0,0.0,0.0,1153.0651217512172,829.9608192437911,1563.7330963208087,982.828589783298,969.9425646449733,1444.7242185625544,927.9640504314559,1165.7389720323529,1275.8991644784487,1065.561581209297,1024.0100972188263,1399.4937309113013,996.6991476881261,1316.6228746481067,1477.545431746365,1499.9919148297622,1518.1306763184339,1452.9073411328748,1518.9171882062665,1701.2658594422978,1689.993702878845,1452.8763724338314,1803.0314501511155,1680.9029038130088,1855.4024677661682,1951.9373190489537,2252.899748314457
experiment_003,0.0,0.0,0.0,0.0,0.0,1339.1398934952892,1323.319958816133,1163.5843500310948,1699.364127423225,1252.7715742752894,1338.1383841538736,1221.459667039703,1424.5433925899772,1882.249222425069,1466.6837675120087,1555.1848986075643,1270.8414006090482,1720.542774109727,1583.5565046450392,1621.7023923633883,1700.5484225435232,933.7890002305201,1700.9386779695276,1858.030412323547,1726.6689178967445,1787.03659374994,1709.5419018905855,1664.9026688581248,1742.0940093214954,2027.7506228849663,1779.7034820051335,2037.2959965372934
experiment_004,0.0,0.0,0.0,0.0,0.0,1042.5573525777947,1340.7003068111949,1045.5831365502,1826.2310787339472,80.08061686186107,1198.111236437386,1504.632077745297,1275.219195384058,1453.5995905573898,1672.8765142276354,1573.8466449939945,1690.6803970212686,2168.6493027895526,2061.1645540212435,1815.3327408673076,1500.6960156812625,1234.24399787007,1617.6331873918284,1846.5350658855868,1569.3555881543643,1822.5679735340639,2002.8764706163972,1601.7078638063053,2091.588013053222,2060.052016492726,2305.6367005157135,1947.0870444294317
experiment_005,0.0,0.0,0.0,0.0,0.0,1229.0669753403656,1020.0777182802593,1629.8065122823384,1469.8733596667105,1259.1711710327706,1779.2394359717562,1103.871307226125,1196.798783992047,1452.5543143806992,1275.85132463919,1418.8006992565834,1002.9186762641634,1019.6785497264101,1607.8045908809809,1632.742283794628,1662.3401385709428,1521.3395837117225,1541.709807649702,1478.3150166615744,1570.4242730671094,1901.8752263339456,1496.499607220469,1132.3377908664047,1745.0475253076181,1973.5315287642063,2175.5723602360545,2482.2191087593214
experiment_006,0.0,0.0,0.0,0.0,0.0,1236.563235464234,1284.9281881834863,1182.591616170892,1372.2039643136227,1522.5660689880674,1589.628804856072,1383.5239515100798,1253.0214668730664,1007.8594529931047,1578.6788287603576,1575.5376611917072,1636.0341130275328,1572.81266487567,1635.4076520280557,1662.9227295732794,1944.7281763116994,2067.8333486447004,1206.143391050336,1884.340066487715,1764.4247790683773,2021.818715828038,2082.9676996907187,1988.486259608479,2199.910273252882,2026.4011385805582,2279.1302060548574,2072.5204298038966
experiment_007,0.0,0.0,0.0,0.0,0.0,909.8491831836509,1202.8903354162642,1045.9584541289244,1126.243285574861,1621.1297842982526,945.6284725971728,1767.3724849473074,1268.9916780769047,1354.1584330096528,1506.6740054834052,1503.5455355173854,1590.9780275781798,1472.7949018464137,1477.3099650447562,1692.662782209563,1635.379236842401,1654.748067296062,1682.4427744079883,1522.5493381726285,2034.7872828900456,1871.6466411783642,1745.976771844404,2357.1715297026285,2058.5768164575666,1732.288239972565,2287.665058743844,2186.719053910843
experiment_008,0.0,0.0,0.0,0.0,0.0,605.0903008975984,1137.3949222786491,574.9201474820863,974.1276460492088,1396.8178552865354,749.1976193221461,1466.2019370752996,1175.9450920858828,1250.9870819037612,1424.4876690728163,1043.76191340342,986.7626279556964,1706.405617907336,1225.9243269292197,1899.2332561390422,1600.2529444398326,1326.3244826703533,1229.9185852111427,1375.7050971447843,1322.8422089232567,1887.8071505185708,1765.0082612469905,1883.810422588263,1655.428605838711,1612.3126184198677,1649.3396022923573,1785.8394832707388
experiment_009,0.0,0.0,0.0,0.0,0.0,1636.4488792472062,1130.6654475880052,1144.1878164007294,1754.6161278263537,1406.618228135375,1198.9742467516771,1981.5935170040543,1143.9120095485198,1878.0268781184443,1134.334778917425,1627.9580238370172,1469.005443471322,676.5322862837281,1458.3390462535367,1614.8877114744425,1849.600784198501,1624.9850371578614,1865.1144960448673,2023.0033097152982,1811.6942359674777,1837.1085676603059,1733.9313571051812,2298.3137683120244,2138.0544512296065,2357.512613615725,2006.4431757367738,2276.794770412886
experiment_010,0.0,0.0,0.0,0.0,0.0,1129.5717092383018,935.3135658956375,1225.8796280103957,1179.400263613414,1233.6782017441233,1187.4774189399589,979.5876378327819,1235.5550423747977,1685.622647245426,1084.5301997878528,1765.4863011248012,1049.5672712103667,1614.3454642166262,1626.2359726020027,1674.4710485696774,1487.0540961386976,1587.3379307920254,1657.0512359880304,1701.4506904602022,1688.4595177064728,1721.3696904901963,1752.5540594715062,1754.4154320948182,1833.1153671930467,1692.4356845270386,1569.3709746717384,1607.6985470768504
experiment_011,0.0,0.0,0.0,0.0,0.0,1213.695433050289,1433.6116411942617,986.2663045545853,1064.0037964131159,1622.401680457951,1388.3809110206955,1361.0496859083714,1125.770602917804,1584.506208308985,1124.4918925375337,1231.9859732013967,887.0436006912548,1299.850206490723,1755.9603390360794,1566.9579446035132,1161.5634351385813,1533.7302110776732,1875.7305787438945,1548.2057093034189,1262.958150165641,1158.476730971673,1372.484694452274,1526.0387534634528,1408.5563572309065,1267.0678920133714,1411.2388226081566,1530.2972269484671
experiment_012,0.0,0.0,0.0,0.0,0.0,1085.5282881201508,638.43289617937,1325.9374263860136,1362.307728412625,1114.7742496604565,1745.8063175349016,1287.2567579152842,1145.6394634374674,1515.7359617656962,1614.7047652811852,1576.0486166926403,1427.9434495542741,1293.0472276727098,1560.8477961718827,1714.5170694652816,1829.5312774419963,1758.170413017619,1703.4438680202074,2016.4154131258074,1977.93949079475,1961.0393961991201,2218.399558054254,2339.62276860463,2244.4607796425707,2126.257040953282,1739.7947083293866,2287.9709445250633
experiment_013,0.0,0.0,0.0,0.0,0.0,1598.1198299410994,1193.5585069126005,1008.7446210760347,1474.4476810597434,1282.3583759648498,1370.1709058572262,1663.8547337884202,1203.609277646256,1636.0464978110997,1530.7034242599386,1421.1875078635533,1658.3988899690771,1851.9967654323511,1674.5745786632494,1453.770532456942,1092.3917863071167,1736.0278001728218,1816.9243894489105,1906.478081563317,1945.6885005696545,2153.689804732086,1301.3432018802316,1853.0352275615123,2156.8160419190713,2403.294546075523,2193.3909408229993,2812.64560662977
experiment_014,0.0,0.0,0.0,0.0,0.0,594.3120867895123,1043.2952504509458,1003.1398371272625,836.169996459709,1125.0844519024913,880.1635042824678,832.9442057550998,1372.7418472319275,1043.9775399524815,749.357170340058,1164.2703663157067,1699.155327919464,1773.1110034769079,1764.8033797423022,1272.7443259993256,1568.6568030389517,1460.3776725440841,1637.8780711082225,1972.1470040477072,1955.7538838107173,1990.7308711560713,1930.133974196451,2026.3327310960935,2157.1656020528385,2188.420552937743,2541.1151025518257,2631.8336661102
experiment_015,0.0,0.0,0.0,0.0,0.0,1359.7677359903757,985.918220105742,843.1246828180775,1066.80792495739,1046.3799016173177,1002.6843465770487,847.0341173651109,976.9090070373552,1140.5923501959683,1052.235773757246,887.4391829640206,1304.5553728641335,978.037740246004,1246.4573634739806,919.9012903243804,885.5695789792434,1168.1736970332752,1061.0178320702767,1063.6272063227111,687.6991008647527,1346.9477708558052,1737.1519199468132,1095.067700801657,1829.8997435749159,1200.580871810996,1743.0348436184959,1608.8900131920605
experiment_016,0.0,0.0,0.0,0.0,0.0,1366.0636064755577,1136.2626656972761,1323.5008762994096,1152.9554693175883,1296.158615804809,1307.7472886707783,1812.8775351947304,1439.6963067892618,1300.2822206377655,1373.123714297237,1554.217404902549,1226.5769078408318,1661.9382156718843,1420.9584982529311,1101.084137211947,1730.2991678163598,1524.9224298995214,1762.7488723507395,1499.0039105508517,1757.3973558798089,1857.1107940227903,1843.1886646978546,1603.9485627235226,1907.3145854038173,2056.0051309793994,1876.9011451947404,1904.4107938762645
experiment_017,0.0,0.0,0.0,0.0,0.0,1261.8350207973754,1557.7685716698575,1272.6464376332667,1338.6441548176476,1538.1966160471532,1210.585544949725,1334.691782794645,1370.033922883322,1502.3723782634852,1450.804448788887,1491.3543363307751,1396.1247101390522,1455.446788315279,1463.7626957931245,1360.5931489774332,1663.7146396055145,1527.506959022373,1609.7823777329638,1797.0282099812885,1656.4743095618967,1881.8682968683925,1796.0023969857396,1572.9445776999296,1990.6199877270483,1957.6675836760905,1683.9116133450486,2078.463019817906
experiment_018,0.0,0.0,0.0,0.0,0.0,1306.7104998277212,1079.612636524732,1283.5895886513508,1396.8626670681265,786.4706510771251,1235.0723612937654,1075.2665520991518,1501.2713426053306,1139.1531518608763,1237.5745203624667,1283.497661931279,1262.46518956606,1176.3794408391327,1738.6605052548653,1415.4752479123808,1309.9787217685373,1150.6901248377917,1529.352024966768,1124.8776758096033,1299.0805330819492,1513.7512999884166,1504.3967326471166,1497.6742996973792,1627.3782668926951,1936.5308781906301,1709.9595230770312,2065.5213690342753
experiment_019,0.0,0.0,0.0,0.0,0.0,1409.8635047011394,1453.8633621935796,1166.0544288256397,1484.0898105788435,1283.0485605871306,1229.8438585443625,1279.44806999024,1464.7378613426115,1546.8015441895814,1269.2962762256595,1490.5732720502378,931.716915190494,1332.411724962047,1381.3915018083237,1562.2060110651566,1064.7245199689041,1522.2807821263978,1850.2983730823455,2386.0810055090824,1735.7399598585712,1606.7842307535639,1729.537294308876,1456.25396126528,2044.8975070635413,1895.7404800100512,1975.2661119262143,2006.3211439780366
experiment_020,0.0,0.0,0.0,0.0,0.0,788.2482062430303,869.725817280524,638.6698737976203,866.2674844021506,1455.1111363228695,1201.1675131790157,1475.6085865662471,927.8630944719753,1115.948306601204,1066.506547989962,1035.8770373792013,1503.7940966258755,1177.3745368958723,1231.3833432255192,1516.1701019981192,1457.4780671612411,1611.5419151583592,1697.8137225329347,1885.968439914662,2269.1946823160442,1662.0043347957271,1861.5074973128849,1940.0974126496126,1871.060971324221,1903.988247238995,2099.9588279416826,2024.7309540005872
experiment_021,0.0,0.0,0.0,0.0,0.0,1409.328953811955,1243.6774667276225,1361.7566150933626,1627.2317344199723,1721.2962909835524,1393.4699411626125,1690.5426213865899,1543.3184913327698,1670.1067020732062,1350.1288019608023,1637.0198173879903,1593.3398759381453,1491.1092276483187,1500.3152905873724,1659.1979329408664,1641.1035623028088,1928.100916205453,1531.3156452641101,1525.7346358785885,1720.2155458051336,1433.5944483587828,1597.1757159625847,1860.2486763691336,1853.8689859954632,1927.4889029678973,1823.6442255712582,1481.9931046872414
experiment_022,0.0,0.0,0.0,0.0,0.0,1004.2405051585245,955.3883223500375,859.6849092623816,1057.6230665619496,1017.7851728277072,1040.9904722779256,1054.181441155022,1159.9000391978998,959.0732244029101,967.8464122851165,1204.8815996370602,1517.9267556248037,1241.1323696914596,1435.8881389040298,949.7444602866044,1351.9715707626808,1428.6398686603698,1739.3892404121468,1636.0269359685797,1634.226858092772,1800.4759060486053,1696.998762364182,1890.698620904097,1966.0367984092024,2101.4154691671974,2702.422712000399,2255.727433005831
experiment_023,0.0,0.0,0.0,0.0,0.0,1039.334802947972,500.3971481251509,1262.5114401777553,1012.145217699762,1343.4434374119505,1181.3866513460207,1124.2815225027516,1287.0482915503694,1463.5808103658624,940.3647037299468,1136.8318999479295,1556.1718437602494,1336.3181749952655,1146.3884955541234,1372.6709371870884,1044.1156978134404,1139.2482571740966,1583.7095352484573,1234.8994680588903,1258.7867598653586,1352.1910283550355,1249.434963399736,1019.4554591564938,1285.9095812378766,1609.5700002927779,1398.7852155219125,1443.9974809163125
experiment_024,0.0,0.0,0.0,0.0,0.0,1038.962077784301,845.1459166195314,1184.6075260078164,1161.9353880034794,1451.7882181048342,1504.144540740528,1023.8836809886897,1043.1576769144874,1372.0744338591303,1453.5570224909757,1334.9508789162082,1227.9885081429047,1579.5263942403435,1157.0696864091908,1382.309725591356,1392.2603425736456,1752.612966022455,1500.4726688618443,1718.9679243213016,2302.1056490904703,1961.753374666959,1928.099806455504,1933.0872953819685,2157.0529019731557,2446.860843518944,2127.4697148384803,2586.8233716209506
experiment_025,0.0,0.0,0.0,0.0,0.0,936.8843011257586,791.5143830004304,670.4790487771837,767.4020367069859,1301.362879860489,1058.6762999833672,834.9818334740605,790.8856085569305,1462.4286778290784,1636.6508290767797,1352.1776441220068,1280.4296020853762,1532.7235257194611,1373.7121656416527,1464.554136683663,1472.5522012092047,1374.2784879969254,1298.1160291903252,1961.3103534413235,1493.0600797614377,1693.4086103597265,1675.6953865409978,1734.111818190062,1810.3455384489641,1834.142404764124,2112.086348552427,2120.0923111530083
experiment_026,0.0,0.0,0.0,0.0,0.0,625.1289259089151,1267.2923102660043,1355.3465267430647,951.5201562108703,735.5602758793268,1071.9784097543277,1062.9124936186279,1272.9567821114083,1357.2675420280889,1255.418831518678,1122.9465450402035,1273.8030792274435,1517.0227580477094,667.4678805399546,1096.5378328472489,1376.1104241762841,1603.7271920225337,1353.7403607483084,1514.84995264307,1339.4232906310026,1356.503468361658,1180.8688835538467,1658.6617029132976,1715.5502253338695,1646.314221762019,1628.0219536842774,1781.8341465916499
experiment_027,0.0,0.0,0.0,0.0,0.0,1148.2724536499609,1132.4659938876093,973.8004970076945,1481.7350159640107,1238.4470298222202,1448.5895194671966,1768.0721357415973,1068.8970730203775,1410.6462843839477,943.8055078623772,1027.4083491374724,1760.728183779186,1591.0335273269905,1085.471203155252,1630.3354157523981,1506.76569251672,1450.9248923454738,1394.5634073762844,1622.8364041613381,1531.113728875439,1703.7742700945962,1577.6136224166348,2037.7985275181943,1796.776391871583,1948.4224825981114,1786.389012174311,2127.029998150697
experiment_028,0.0,0.0,0.0,0.0,0.0,1095.8379943866398,1188.5148220968779,1110.0087925722476,1633.2838275477934,1305.372816489702,1194.7046157509992,1273.3187292492817,1418.483859271537,1328.3157435096716,1362.9469592646649,1372.6465164048275,1628.9222871373845,1075.902126340959,1596.9323265490534,1424.2209527692344,962.7578340697794,1693.8032804441762,1593.4162561835092,1869.1262499383768,2018.6761260148078,1716.8771385973562,1603.0075678856542,1822.4803654210489,1710.4722315429087,1630.5679743797957,2059.4742155477634,1866.268357771326
experiment_029,0.0,0.0,0.0,0.0,0.0,1162.0486474981192,1543.0218336339958,845.2517596759012,1050.797683774762,1314.6982410735625,1534.5521491695517,1531.446510959745,1234.7000334383724,1271.1876046962548,1461.178577911589,1379.6941605728498,1092.498853077423,1385.0473457913045,1808.5163630400853,1438.452290598564,1499.7516161810047,1111.6738173381766,1564.2690251481167,1905.0121774706317,1533.2626181493995,1696.7911498982994,1612.1625093492225,1893.806856461532,1735.3448739704595,1753.8492279399738,1922.4276926913415,1888.1564182327227
experiment_030,0.0,0.0,0.0,0.0,0.0,1203.4040300537993,1194.6938097057673,2059.350741121208,1755.795512149316,1568.8851348979774,1399.8696197355357,1049.4214654816456,1244.5910078332681,1514.6050372185534,1512.2717919216834,1507.7104612642509,1592.482547138162,1403.2653764512147,1329.9313783110208,1367.2645524222714,1871.331697949097,1608.2301487809755,1546.6905076856024,1466.939452624383,1769.1372211198475,1884.490142838121,1636.4936389363238,1966.3375401324754,1784.1836886216777,1882.0829410169233,1840.5893389461962,1915.1780509946586
experiment_031,0.0,0.0,0.0,0.0,0.0,1103.134680588953,1651.2446479922037,1170.5740623919653,895.4805213759532,1379.6809535667117,2113.02022655429,1316.8774894280953,1543.4606492659711,1288.3199660881564,1375.2573246994514,1393.1189688019185,1433.724484389416,1696.810465465429,1617.908609007949,1599.5125149080131,2054.675844859495,1892.8620819097214,1779.7863436720975,1944.409787744707,1897.4261837848435,2074.521152584358,1885.4860960038552,2066.631525874174,2172.428529584603,2309.259896264439,2411.9293001043843,2107.5254981494477
experiment_032,0.0,0.0,0.0,0.0,0.0,1303.3890893268588,1075.5533167130532,1399.426141597474,1171.009015126514,1394.1942461188262,1454.777647600603,1519.883912145629,1333.6613509734545,1472.1814241523819,1359.092435808709,1457.632827702768,1492.477958678347,1362.979066076133,1212.4989211474958,1481.196450081974,1294.8017271461854,1830.7632178183878,1547.0586573724008,1590.9683812138064,1626.2231369532067,1839.972481217564,1957.1004759430025,1919.3333127611863,1584.8492256968043,1838.8180755379365,2676.92615068467,1997.332541782531
experiment_033,0.0,0.0,0.0,0.0,0.0,954.8304101727465,589.9772038522656,756.2457913678558,1074.0292376742382,1191.4140646850387,1256.9179305397051,1125.2073322117283,1360.2719290492128,502.1914121516753,1203.9038256030103,1694.6578262925696,1317.291516693768,1415.7215356878078,1377.9002365509687,1287.181516613874,1382.6566558825796,1601.8654074775257,801.4499705990536,1408.7550960131257,1493.300853591958,1945.0161957518376,1860.9467521554257,1677.8717297896715,1895.574891304939,1841.765353283958,1709.1503865159902,2198.464299944486
experiment_034,0.0,0.0,0.0,0.0,0.0,1426.4128355205842,819.4235874121946,529.7866372500836,1236.7111541575464,1481.6830605870725,1449.894159639945,1258.815667660548,1303.3101200151639,1209.1499988819032,1958.312458123004,2088.7120578932754,1209.389829966254,1530.3702419479678,1330.0202011293413,1487.8222491927947,1254.2674184628625,1906.2226315772195,1554.066068720837,1213.6569094434885,1617.157942142234,1739.0807887538122,1801.69955538643,1937.0123464070195,2495.853595286639,1960.2486426387704,1950.19074601539,2045.6587614286318
experiment_035,0.0,0.0,0.0,0.0,0.0,1187.1051700619066,1255.5766085255082,682.7707190640531,1408.756216542648,970.8039108380123,1545.876891646999,1478.663632372593,1181.0554268136366,1401.310830538513,1025.764954702866,1617.950244790099,1265.1244082384535,1259.3455316302468,1394.6102338498972,1266.9596002424728,1335.651541737229,1354.9711778859473,1207.458121878175,1585.4424029440813,1531.3682255358956,1364.3592220141168,1593.2567095333698,1728.0197841912452,1974.5819743879472,1898.2330957774507,1941.5346330597172,2157.7773613472255
experiment_036,0.0,0.0,0.0,0.0,0.0,1231.5835635688268,1144.1407153683492,1337.7912650190137,1121.3100903990867,951.8589732302344,1334.9079194019473,1234.0243055172875,1155.0508404408322,1266.5032096312384,873.9522762756076,1144.4362306100325,1062.8684404704634,1313.8454414904745,1685.940727867708,1441.7791172034147,1637.3814102577053,1414.312046718034,1516.677136227343,1804.3240322543197,1459.1996832887853,1666.8237036871537,1931.8708250947413,1894.3205820049043,1686.1001163408419,1892.0986574152137,1712.6351448404248,1409.0481856997853
experiment_037,0.0,0.0,0.0,0.0,0.0,1343.3699741863545,1319.0824405544308,1288.9317285899451,1335.7948471116085,1561.2714370115173,1798.538233428183,1563.0645452661497,1551.9063338023948,1724.889472711087,1516.1207370401444,1729.11183657213,2124.6569529185704,935.7994694040526,1763.4181016222904,1622.9276419180003,1846.1389419796376,1750.0941365996036,1590.4900028755465,1581.5290040398359,1857.2010657767942,1854.9131316379044,1625.5149957530869,1854.2001376190733,2303.84302906249,1773.9716418643798,1613.727947940775,1751.567510106127
experiment_038,0.0,0.0,0.0,0.0,0.0,1559.6605544547615,490.5660900509403,1389.3898521583778,1433.5555674518018,1416.3932553093985,1519.0012625711618,1697.868973964304,1541.714003604385,1433.7081885194812,1916.597669265281,1473.465093283881,2032.666802205789,1661.5459015503684,2023.411671783899,2111.40282827075,1884.789726765258,2150.306916286035,2245.8639740407652,2336.926495550405,2038.1456497881431,2255.376804673996,2092.8686386901913,2449.992001164692,2104.535599189623,2295.749093217901,2545.8394816601053,2411.4751942425887
experiment_039,0.0,0.0,0.0,0.0,0.0,1737.6786750910223,1451.73460759501,1025.5599895655791,2044.1976174437948,1479.7745214511624,1498.7636424661798,937.826400213315,1730.7471976749812,1629.4437589888637,1495.2272568989167,1795.0789570062507,1484.8122288313543,1621.1954302614201,1457.6049775971378,1650.157324384446,1633.334813287931,1649.5988164629284,1860.2793437157136,1476.4223362385903,1577.4599205981772,2019.3972921083089,1944.4924801644138,2004.3442107899891,2181.5812734703813,2099.006622298131,2178.7433396585857,2119.6580336563648
experiment_040,0.0,0.0,0.0,0.0,0.0,1521.6005484981483,1072.8021389615326,1219.1470989633417,1723.9138322702267,1195.661829188598,1379.9773004786884,1255.3827700330976,1297.9470483176274,1146.020653929192,1588.8724051971246,1364.9639735483559,1326.8433151903653,1383.1068112087016,1458.4472555674101,1480.3571639906354,1600.2785211671326,1265.844652947342,1756.136986993742,1946.3758858625406,1678.0645501811123,2158.7758674469974,1537.7144002117602,1496.6480259401249,2126.5122962239,2209.9881842493232,2321.756385075412,2532.3002896798253
experiment_041,0.0,0.0,0.0,0.0,0.0,1163.3460895348503,1513.4062375967665,1072.645176582774,1847.8216038811847,1143.56342029981,1157.203925566243,776.8334386824399,1187.6520934994323,1320.857001946977,1022.9212306778234,1236.5317248251968,1376.4908589875395,1561.992521081586,1094.452809126407,1191.160841036831,1373.3101289167782,1496.473524289001,1376.865780736954,1142.637048096271,1716.5781513836887,1590.2153006067983,1653.828610569229,1546.1548822193733,1473.2438634440605,1604.532734916816,1690.5378758720376,1925.6087626518654
experiment_042,0.0,0.0,0.0,0.0,0.0,1225.7630331262706,1189.854531391601,1365.754146647717,1387.5747439569748,1645.2735430974433,1132.6235596364413,1008.7096629583046,1432.2709854378206,1358.0525058731632,1518.7041914684642,1408.328015472275,1441.2061570290944,1052.2753208663235,1714.7936228078406,1721.182404804587,1628.2160225310008,1789.0408312929885,2116.146092548052,1579.329423656218,2003.17940332222,1476.402945699054,2040.740440080682,2382.2064800827584,2122.641444335583,1952.0003074671006,2341.3201481860888,2228.4510657474702
experiment_043,0.0,0.0,0.0,0.0,0.0,1328.051849226338,1003.8682502802421,998.6991551403827,895.533126011093,1385.3067140898736,1448.7780411409858,1543.406268566747,1604.5137964460648,1132.5897396402129,1846.443132020828,1110.1558622773184,1231.3391792398943,1426.3645359753627,1372.1449198007404,1344.5229694454283,1752.8578019424458,1485.9033054650745,1557.0278334814989,1532.728503298306,1553.3291189894578,1368.2118830053748,1611.7010778900922,1575.337197415222,1783.1698545426304,2090.6031139188744,2024.736831134615,1944.0672983236748
experiment_044,0.0,0.0,0.0,0.0,0.0,1249.3125676650684,1132.9955109875484,1329.5543314191107,1553.5150602945482,1513.4793591742937,1443.214205766115,1593.965339535264,1615.4692302508142,1560.9812893928042,1755.2587228449495,1848.9022376387054,1828.378814726998,1708.8818551743846,1664.3334112845148,1335.8021225929788,1899.0090122762372,1678.3748659558219,1997.0381181169596,1913.2517231326187,1559.6065222189936,2312.8328742845215,1775.8094648098117,2362.214585073655,1999.90861740422,1927.6980920444823,1738.5773858783223,1917.2954900801924
experiment_045,0.0,0.0,0.0,0.0,0.0,1266.170869951912,1381.0012220463925,1156.941604792024,1423.3537846432903,1833.2003485156865,1148.5138878696778,1137.1950732057498,1525.9430673162356,1363.3548577627553,1762.9964918193393,1645.5635804826966,1507.9791765647979,1812.1108618045828,2068.930454573848,1436.0813842431296,1799.300741117199,1688.2966260713843,2039.347132953598,2086.506483580621,2441.839797874137,1896.1020880801216,2216.3041758999384,2029.5916530026975,1952.343150595854,2248.5810209261367,2307.0046837062614,2417.009248693494
experiment_046,0.0,0.0,0.0,0.0,0.0,883.5759343813676,944.5404570277078,1496.9942354332672,1234.337055609059,1062.4070549910214,1072.23473318866,1331.6208896013613,1337.8216150998842,1584.7860412482564,1736.89132001062,1130.9972122623515,1375.7297917084459,1296.3267680086037,1288.3639161488877,1035.8383867201626,1461.9801875205997,1261.3142465641502,1279.5106796357632,2129.205417941871,1404.5235808390773,1540.2954950865071,1418.168389385296,1406.2477991337587,1421.1673472324655,1873.0961504153058,1699.914629378961,1557.8968159016993
experiment_047,0.0,0.0,0.0,0.0,0.0,972.6789639663274,1543.1861057650929,1032.8074655953378,1013.2826424887398,1255.2755772661035,1384.905932604074,1395.4225970022733,1245.9879939632656,993.6982138006508,971.1138265342149,1381.3574913630039,1591.1953655872064,1339.523173156606,1320.6063358363194,1128.4971072755836,1059.325267869751,1902.8300392879523,1580.800024830749,1493.205819287291,1555.6362299338368,1623.523749968677,1496.7415050137492,1424.8952985440903,1786.4266489890265,1876.716073385625,1833.3048717640659,1501.0547278968506
experiment_048,0.0,0.0,0.0,0.0,0.0,1243.723599788394,906.0930216662089,714.6898448270556,913.9341658008993,1127.797495517717,1621.2807707312195,1406.0536651775483,1725.5984381125156,862.9622223176302,1179.2051145648984,1267.0843179560316,1806.688177751591,1257.2279410573904,1552.0867960774522,1585.4150037427353,1035.6165206337048,1724.050132200364,1738.284094854333,1608.4087029976386,1623.0396649010456,1673.1389671259726,1663.6180143189263,1635.2944166176567,1838.9605598031403,1675.0470525511182,2192.7759748087456,1962.3814602293137
experiment_049,0.0,0.0,0.0,0.0,0.0,1377.6968221417064,1355.137360838885,1739.6842152811219,1531.4406921356335,1337.722124900008,1310.8809235758054,1545.7519601230458,1247.2175955272176,1489.2299359339613,1303.397789428795,1520.5409895050188,1555.3270512175502,1583.2403326327426,1822.7264552114705,1540.995825474493,1851.8641033847043,1522.166344452395,2007.9028992369877,1869.5247729397634,1774.9975867993646,1731.008552657587,1742.489603487786,1887.079488431992,1852.7573807106505,1814.6238941349436,1846.7603198753832,1721.3060455803377
experiment_050,0.0,0.0,0.0,0.0,0.0,1142.4922409427434,1120.21361898768,1199.9861157800365,1503.522922419442,1304.6881768530748,1297.25154353584,1853.7186690555507,1464.8579092606346,1418.0748757643646,1538.66692141792,1387.1980778114862,1595.3755723534782,1540.7629397114572,1735.8698383432782,1822.0597561907985,2053.80143280524,2066.5898895890186,1789.1899502702809,1910.6967319866908,1907.155946931548,1640.1149467055186,2055.871453029663,1995.474022830182,1979.5652807471924,2140.90770527011,1962.050566281607,1955.5555280553012
experiment_051,0.0,0.0,0.0,0.0,0.0,786.9703228062233,870.4472939892987,759.7715786666874,939.4503666069986,1051.4998782768978,1177.7077991159758,1336.6720229926952,1265.468980348172,1405.5777230593383,1108.69413261309,1347.7991257192798,1765.2291491352169,1293.5153503184072,1215.7731352778344,1370.1320646598974,1306.6456212994376,1520.875532426451,1544.6042750200766,1847.0075218677564,1602.4089301995389,1749.8800642934434,1754.4291947212557,1887.8176427801723,1962.4428518544119,2086.3344681603267,1911.95142800352,2168.1943650287244
experiment_052,0.0,0.0,0.0,0.0,0.0,1155.4144492675628,1186.9260694059094,1124.6763745379583,1697.0722096807942,1320.9456757522591,1238.9257575671747,1549.674685821811,1463.7730321716117,1106.7368416860677,1303.701320262711,1678.7445392054744,1682.3156345845252,1450.844962721661,1208.2268913328974,1765.2889100717855,1365.2406067262457,1168.1373445890406,1437.312229988368,1732.7070020555577,1814.7945920749012,1839.8511065341308,1725.1463792542627,1575.2319973879692,1585.982886783668,1229.8052650863983,1225.4908555016777,1227.3007559675232
experiment_053,0.0,0.0,0.0,0.0,0.0,897.6526364146823,1075.6781066887645,1496.8262191113877,978.9095831144815,1192.800002661527,1262.597434861883,1319.2333648548984,1135.2278009597208,1111.6390844872333,1001.5960705558034,1687.492406642867,932.6133750907018,1247.2836715807248,951.7005498888832,1190.1062389660096,1339.2873970043777,1653.3425608385028,1225.6878793552273,1436.496927621203,1488.531751762401,1375.1449559332355,1553.8612736062832,1643.4757151665235,1467.8494460949942,1664.2724524175565,1764.992981142739,706.4425049111308
experiment_054,0.0,0.0,0.0,0.0,0.0,1494.4424360509754,1064.4773953354024,1509.866813309412,1135.6538893720626,1320.7861137706418,1518.0267843449992,1627.2554979468648,1352.7487704152688,1167.882282802847,1584.7896337232146,1837.683860033098,1546.5809780149875,1777.592793773941,1550.5712895178656,1571.9311271992106,1568.3049255378423,1809.9991620309888,1727.221457179838,1433.6839441589334,2330.5347368244297,1853.287440674329,1775.6417192370386,1665.9177729615687,2072.2646948267384,1785.4059421728425,1854.2762659372934,1814.9811357938856
experiment_055,0.0,0.0,0.0,0.0,0.0,1238.7493134585754,807.3758898533501,1672.4430013290084,1263.369181221769,1633.3290822659364,956.161776166767,1041.3581370771708,1121.1001241444585,1415.9170532776807,1366.4380219809684,1317.16464963381,1712.746159501888,1536.275307122994,1611.3170847557433,1711.8444670248982,1448.2132820215757,1418.6187882507184,1037.3873527166145,1644.4792823075327,1539.7049143372171,1866.696799793478,1670.513228861501,1546.2909006653188,1426.726245142092,1662.925098643492,1686.900712714677,1514.1418096904051
experiment_056,0.0,0.0,0.0,0.0,0.0,1041.8796625821615,1246.4803682079014,1261.1763110695733,1102.5971603221226,1418.0718166669808,1346.5098199553913,1771.7916595802808,1293.1342974758973,1366.4556860160403,1304.4969871198364,1619.930416982832,894.2544864565982,977.0217717699007,1564.1600199821025,1611.6343040068484,1674.8443111922102,1673.6226258698193,1611.5560586763108,1842.1888041041323,1801.9454603555778,1915.588350744729,1942.991252481971,1966.1540190335738,2141.7548870134297,1740.5810710494354,1996.979104387464,1999.2243856421555
experiment_057,0.0,0.0,0.0,0.0,0.0,1005.2567680893831,1528.779872601598,967.2982475391992,1254.8442867650672,1252.67408553635,1085.525510294681,1154.801124365545,1108.2839442014583,1451.5203747700525,1302.8567918239396,1513.7416009611834,1662.548371985919,1690.287575397539,1453.9525370893105,1732.4074071460818,1664.5225822942198,1702.369921781003,1655.1046874598983,1882.8291274644191,1603.5902402256913,1824.2307059737263,1820.948638788914,1817.2909480559301,2050.5193711916654,1991.2483273707614,2172.817496485969,2213.570884546791
experiment_058,0.0,0.0,0.0,0.0,0.0,1831.9355637376786,1270.028170237216,1385.7371801776712,1595.6740563407125,881.2853956889937,1268.7154418122454,1706.4102681952495,1557.1741085795484,1322.455452958507,1751.803167039647,1544.1434886022641,1636.9361215303584,1034.8562187600746,1528.7441080898902,1404.569309840435,1686.6344432642047,1558.474053541506,1809.8769122201857,1327.5821857830076,1844.4808056945994,1492.4000964861743,1697.8220904987188,1702.586048028351,2176.4313309091044,1635.4562000625897,1689.522963330626,2055.2870590716866
experiment_059,0.0,0.0,0.0,0.0,0.0,682.1474972091406,1149.4314109366871,1261.1715755643354,1000.3927324745409,1058.6895859542633,1502.376592936464,1377.6049239575093,1254.6701999487484,1228.0326062579934,1168.3108518764739,1199.3056834091021,1594.2377566369528,1211.162379211467,1480.3404829061908,1313.1132071248378,1195.3552628114544,1196.213869344711,1254.023328572045,1115.7894227198053,887.44640420577,1434.7759564912121,1467.2047064573937,1499.5284886123322,1496.8248286110438,1191.8607595872074,1602.4882435730428,1685.1619684357931
experiment_060,0.0,0.0,0.0,0.0,0.0,1293.6224884041185,732.2463445913063,1155.9770319510997,1223.7373814153698,1159.0471984369306,1423.524124150139,1576.1606643257378,1328.39383265385,1602.9788633258438,980.5454262999465,1064.4974540057763,1637.9105823324599,1328.4253663510633,1324.0411066065058,1869.8134865379384,1318.4826760045705,1720.6387409527956,1686.6187914338796,1620.2028213269205,1610.0584380588696,1395.6496162274798,1613.2313368203277,1750.6881905433538,1867.658952303267,2261.8934993356775,1825.716398650643,1891.8791964622244
experiment_061,0.0,0.0,0.0,0.0,0.0,1302.6850618089297,852.259894491925,1502.7918270463742,2438.2083203764064,1525.5045766699204,1472.5321449246737,1217.0670188994422,952.4839133890825,1461.539658137713,1231.4401288358163,1267.1301479499355,1517.4896693359856,1609.4678301322197,1195.6627205799,1494.2196068790831,1641.7295617001741,1134.4608768308012,1540.4880346992245,1448.353434093504,1257.6508272844467,1762.4722638962696,1472.982635608697,2071.160100436863,1459.7368328557513,1523.9106099095432,1344.0220060483416,1567.5229582824202
experiment_062,0.0,0.0,0.0,0.0,0.0,1187.5286460361615,1068.0381941546652,866.9710480073868,1375.76022573335,1280.0516323045947,992.079641481384,1016.9908229348013,978.5331797741503,1316.3591379946379,1255.8762937392494,1009.7405391518719,1377.1704644029053,1062.4078183702532,1151.2727046437205,1383.03319045003,1412.8004636890655,1659.5818308874796,1299.1003181406488,1445.5423213607119,1021.1691157841384,1145.286717845492,1676.0816638085612,1470.4012000513649,1059.1678989226505,850.6161483680803,1284.4118417698921,1218.7691151717263
experiment_063,0.0,0.0,0.0,0.0,0.0,966.1316178999937,1423.7210300551155,909.0711089933096,969.4079088518401,1293.8433839125266,1134.4662849097317,1388.9173735331008,1321.9242320523972,1316.5868637634585,1813.5265849841321,1277.1928397503368,1285.3941232970817,1417.2351809105426,1365.1472837072417,1263.2614568871932,1242.8278021080246,1167.9083357100199,1290.4753997952914,1309.5420773989981,1259.5126747063805,1493.2529171706174,1426.7749547434541,1329.9692963655668,1295.9509853431218,1364.9286712702296,1854.478575746262,1315.1650538076426
experiment_064,0.0,0.0,0.0,0.0,0.0,1025.855359648469,878.2117604678087,1322.6192353673828,1449.4368562916673,1060.854229076744,1105.161807161025,419.86488752761534,972.96182909141,1112.5534046672137,1166.5361424148482,1138.965657525786,1346.826283361059,1189.1567549026959,1553.2477737000145,1589.5153445851524,1125.9320539623209,1585.7655868116985,1409.1323229909824,1278.415410503702,1501.7849597335942,1459.463588174122,1185.4536386085235,1433.1283649804514,1309.3166604185471,1532.3291188469423,1601.6242884009202,1898.089198579021
experiment_065,0.0,0.0,0.0,0.0,0.0,921.0291881336489,862.5812944855656,1178.7001575217482,960.5740500192904,1353.4843798389556,1496.8103410867095,1010.0408209780708,1350.1881189754772,1004.9260235426361,1297.8899157677051,1031.5549339525328,1378.824854205382,1117.0127933945246,1286.1868974770732,1374.5958282182567,1779.126259031796,1798.87380766698,1238.580699000934,1428.732575299198,1869.3293541254095,1279.4826297447453,1744.1660310024708,1570.5560416592016,2075.1295819399297,2071.7059633586,1703.9962162902093,2528.661403486202
experiment_066,0.0,0.0,0.0,0.0,0.0,933.1478936570386,977.3698872314883,797.1454142853297,1285.8109953357591,1299.8887107696296,1165.0148606952064,1277.546582911969,1245.7416688408605,1323.0400908861075,1213.9950888758628,1186.859554022943,1514.948515811157,1606.447650509539,2014.443314201925,1447.4594081545824,1679.3474296792592,1384.3842395422512,2008.816591300461,1625.791989275816,1863.3725561832368,1730.9882826840408,1773.7477212040415,1867.8427957041813,2024.6804778170122,1969.4117094089827,2243.245689701704,2195.8707210695447
experiment_067,0.0,0.0,0.0,0.0,0.0,883.0006655497573,729.0098019858224,1147.8271730745223,1090.4624699052933,997.054127806221,1090.4547914975008,919.4607597971,1138.424136196998,1186.5328751814175,1096.708597762128,1033.9329984877738,1409.0745521378196,1255.5841203641214,1685.395130651618,1394.225338419831,1622.1763622576836,1636.8022948543262,1621.488831341921,1987.0354985567142,1681.843944513239,2169.992255851692,1896.0337369003669,2304.2484145983526,2068.830812224359,1912.3248372445432,2670.408048924737,2331.9995577588975
experiment_068,0.0,0.0,0.0,0.0,0.0,1250.5239124469313,1397.3049306632058,1201.7335346075704,1578.8207584928648,1311.7867812285974,859.1357349366464,1782.520162831067,1131.135803828998,1356.8047160230371,1519.7744794177197,1419.7971901566743,1279.898828617352,1327.98228901704,1827.8482050739963,1430.231814056752,1817.2216397782502,1609.1743278668216,1567.5349574984991,1681.9562931667117,1833.2847079669473,1808.5470732983829,2095.3220782276303,2031.7981219421563,1932.5538017307058,1804.3886214051508,2199.1655737294795,1833.1894316611465
experiment_069,0.0,0.0,0.0,0.0,0.0,1326.5621349410517,1273.74016490568,820.5414670403188,871.9996505361634,1073.8665095808683,1101.6972234870045,893.8548265356285,1219.4281009276715,442.74963598849627,1170.7674636369272,1200.021306612434,1321.6237746306178,1093.9662185568427,1041.244718254264,1498.5351439104422,1783.0494806536196,1481.4994080265496,936.1257373788956,1848.4464958544743,1478.8537848868157,1710.035308125294,1756.252485125552,1757.9163036631064,1985.8118148064068,2148.1407823559766,2055.5868564735556,2309.57631755915
experiment_070,0.0,0.0,0.0,0.0,0.0,819.225978849194,904.3649687964682,1395.4741293983666,1365.5485451906256,1271.3161185639233,869.9096159966525,1113.9464264622748,967.7499382595861,1050.1290315126469,1167.8106195543899,1146.4962619445032,932.684029255088,1769.6847322004867,1480.8085253308045,1357.8409062094809,1510.4412675929925,1515.2493087414882,1323.236511520226,1326.6485540135916,1754.6748182615788,1675.2723664234004,1521.0307830654929,2278.335424530954,1930.1561808892457,2135.658272094999,2334.188283983816,2357.5330207753755
experiment_071,0.0,0.0,0.0,0.0,0.0,1290.556261339701,1147.3831129302562,1180.2323883283686,1311.825958182817,1115.03751714914,1171.3897712058792,1507.451274732313,1655.5586079145833,1565.1436502124761,1493.4475416099137,1618.214733105909,1402.5149959357218,1440.0674925745916,1704.7733038125896,1491.8612443367945,1516.115406658453,1654.2678061375675,1926.4288017997776,1545.2985182154362,1673.1051338783627,1662.8947073768134,1884.3824652311687,1615.8754512634316,1812.098485692931,1958.8656180722487,1760.9582911593598,1957.0663058498512
experiment_072,0.0,0.0,0.0,0.0,0.0,842.8184174698475,650.9529836754019,1022.8005950630275,795.9810363360069,1410.671914443551,1245.618038857158,757.2592100044577,674.0648394131606,967.8293466396321,1042.4117324119634,1377.8597526500662,1058.5572474832322,340.64399245853934,1131.7539129046827,1247.5937762666204,1549.0883691232884,1118.6690285823604,1379.984326251911,1103.5752618388763,1616.7481763185137,1412.687311661751,1554.364707609892,1561.6432072874475,1585.8620601958519,1956.6376806063536,1712.9339878625015,1659.335865102316
experiment_073,0.0,0.0,0.0,0.0,0.0,1157.475179632334,1026.374780979949,1448.4280888001504,1076.836853545641,1544.8042315275673,1560.5800269456872,1625.3711906760905,1200.1177368988901,1340.4487378040617,849.3235339915045,2099.593555858958,1631.223839687212,1472.7397061167117,1271.0221137104986,1483.467884777676,1353.0914381612529,977.5251366250866,1287.1178228522642,1379.0969221176158,1979.8868629613874,1514.9285727292959,1624.9085415558802,1868.7819180724368,1805.8170777361556,1940.6335813139467,1731.3542727931426,1624.0330746785255
experiment_074,0.0,0.0,0.0,0.0,0.0,1082.2471721878187,912.3111506931863,933.957300187276,1343.948515902016,1055.2804115630606,1312.7885274850134,1223.4881683916965,1002.8840473941704,749.8012727797509,1572.011158356875,1011.6194817558022,993.1165863466451,1289.139597290882,1247.1565930670731,1185.293290907632,1434.8224958006645,1440.873533167662,1547.9099229481503,1436.4048572990582,1553.7135188348382,1930.0329455766514,2069.8606978519147,1894.51280850355,2042.3387664565885,2265.928281623301,2290.2718565331334,2293.410110138153
experiment_075,0.0,0.0,0.0,0.0,0.0,721.9646779024501,1061.578768269506,1050.4308074734024,1490.6978412145754,1193.8901031715436,1325.941205701762,998.7355643795124,1324.5637250458155,1099.7114693972032,1371.981808363632,1245.2516197469972,1228.39002014243,1055.670675830888,1041.4435498756454,1023.1619381089695,1355.8507678843926,1329.8683962416544,1333.7663084309263,1544.2758258234603,1045.6648489841245,941.4397045196408,1625.6830481716129,1190.0437621526285,1491.6857374265694,1643.3283509535513,1650.6154213661625,1318.0368856067098
experiment_076,0.0,0.0,0.0,0.0,0.0,1142.3750370065575,796.9351856065672,950.8926879255368,1276.5372424970478,1331.676917342979,922.1857230647113,949.5220953357523,1468.0396184258839,1431.8983069065096,1167.4002475358313,1456.6869490550228,1544.8633043098807,1468.564276894242,1197.8295036149937,1039.1920565153903,1306.91844487469,1303.5780282281587,993.6931040194703,1893.1992097241741,1647.0404724009945,1394.6920553073064,1442.4166152793296,1549.4355221921478,1570.0058318507552,1780.5346027346318,1394.0283823609743,1741.075519863638
experiment_077,0.0,0.0,0.0,0.0,0.0,1500.6304219968679,1709.4446520898691,1100.5475797295865,1609.1413157591767,1479.6934529980374,935.4496754838317,1911.537459443431,1670.0138760745583,1380.216729810227,1786.2853296555313,1638.7795596419655,1520.8006583327358,1475.1628392839366,1386.9940130217556,809.8763531711716,1836.9056424096257,1546.8390701997528,1192.0247537357873,1624.0133641856858,1600.2311258293398,1385.6861553812348,1786.925429961153,2234.773134101187,1590.7250455523927,1443.6778350750917,1738.2504195552528,1636.6297471830503
experiment_078,0.0,0.0,0.0,0.0,0.0,1179.2000653809314,780.9282116161778,1071.112701610993,1178.692133006309,1498.9299034924938,1073.010116719336,1354.4510731414662,1292.7277866431457,1472.6344472826154,1101.6197530808317,1221.1223573748277,1397.3623976817862,1204.3020699127471,1621.854165226092,1359.9143860387612,1059.1911806762873,1524.1273505478448,1758.615469161735,1607.7197025214427,1735.5580746928447,1774.444990967286,2134.2531269316187,1912.9396335221638,1884.414843871486,2013.7567957793317,2143.6697118086277,2026.9909462262362
experiment_079,0.0,0.0,0.0,0.0,0.0,935.5468246461397,1258.648551490332,737.831056957707,1236.6628777390797,1099.571985853418,1282.2963408269104,1501.042397465345,1262.0300000774819,1586.6122744616323,1183.4158960233433,1423.036933187172,1079.315592977267,1501.5737880840438,1123.5366112065726,1192.4767731580268,1082.4492133524302,1357.6802048110976,1189.4796235585306,1323.6545180204726,1458.6033854036873,1345.5978968614127,1333.0904327913895,1516.3535895901732,1233.8901896862735,1602.3766965854975,1444.7009322452043,1798.236832524985
experiment_080,0.0,0.0,0.0,0.0,0.0,919.8232372448092,1333.4306411068194,967.2206747319058,1310.4402408668575,1134.7205066046768,1132.4525120767116,1721.52303295173,1599.2637933887193,1194.9922443848282,1421.016533893486,1369.9621631833566,1254.881849719925,1374.0818539891852,777.5930097877254,1230.898807124739,1445.8528927589205,1400.7458506905355,1410.9739326691679,1536.3374151123408,1401.0569632999225,1675.8005363448633,1328.669301302541,1623.026542186231,1635.958063956038,1539.2425821569686,1577.1567276794065,1767.0932790329907
experiment_081,0.0,0.0,0.0,0.0,0.0,1097.9604755162618,859.9913071491628,1083.2176038595762,475.17470169381625,1327.104312807161,1303.0477225611999,1125.6276332094083,1050.0320687463538,1019.0640109161692,1011.1791145234106,775.2836747205678,1849.6571682426577,903.5072100779879,1103.6348771534513,1442.4587746110199,1001.2556972484896,1407.245868924815,1536.3685523423628,1440.4989070123186,1594.0988765187294,1372.7873585776622,1338.9489706180595,1679.9236810170978,1753.1688984868651,1568.1120855592126,1871.3054910663463,1730.5118399964476
experiment_082,0.0,0.0,0.0,0.0,0.0,1082.0880835042567,1065.1539319451106,1108.7925768111854,1318.5040065108176,1438.8988680866712,1502.440929499468,1650.598174173095,1372.415850697935,1732.7544449949378,1551.8210752386954,1394.8455334978635,1451.450031480777,1533.7908904186388,1733.0431418750668,2005.3696145256836,1736.9378686749653,1945.6842690907617,1744.9330366544928,1784.7078083066974,1722.9133694843447,1936.8635691188683,2035.0953225042376,2214.646949809833,2152.1261701140224,2139.015367153328,2214.4044530331116,2129.322298675028
experiment_083,0.0,0.0,0.0,0.0,0.0,1316.4539872073174,1312.587046782974,1060.6998125224475,1097.5451341637404,1515.2551148185476,1372.9044190575553,1714.4934051414323,1654.1987030538526,1682.5114799956405,1046.7634670508332,1633.7594310502268,1713.8878690113347,1829.53888159675,1536.6445066969068,1910.0256080239378,1659.6640143386353,1863.1918110424626,1872.5339873726298,1683.5855196634363,2139.8431224858923,2028.9970842931825,2540.103657085066,2088.2147215014747,2094.771137971316,2075.6585841635365,2223.2978914354026,2101.1739502012306
experiment_084,0.0,0.0,0.0,0.0,0.0,1129.489860558552,1566.548011626995,1416.2475109033862,1569.7562627235184,792.0060903635843,1788.6284529055088,1333.7682235039276,1386.9641147699035,1440.3246658040823,1261.071758104897,1509.75205653283,1762.0372434523958,1627.5592793550627,1567.2167779694728,1747.386448110131,1770.362073617249,1846.0212849951058,1900.1573512599055,1767.4961995231738,1842.0377460206519,1864.9041821140868,1917.5760420706133,1676.2201914578095,1849.1312879961918,2299.2739274758023,2090.1034636602767,1879.6901839267603
experiment_085,0.0,0.0,0.0,0.0,0.0,1018.9313607699103,1356.0610070738678,1223.010168994148,1731.712419647924,629.5057560166347,1224.8110386268,1369.1998922004998,951.0261534725256,1048.656659826077,1392.5342262871955,1511.4658571052385,1499.73946255283,1492.5929380720804,1765.2761417211075,1780.7524344870517,2199.5832206386394,1685.7497585644292,1691.4360293098111,1730.5539948528096,1681.616332221196,1985.9088460999776,1960.273809931859,1800.6412613787322,1867.2165925181716,2156.649229271963,2003.839459276827,2179.388150870651
experiment_086,0.0,0.0,0.0,0.0,0.0,1225.9157579561709,1044.9474369733657,1022.4802975274102,818.5198098674666,1052.7965561910178,1436.195621525818,1291.4634730619014,1439.9247784965994,1609.250528281244,1822.0359552039768,1520.7322503505131,1646.0151810312552,1770.4865230479438,1831.5611391928658,1758.3491404595918,2114.5632204854646,1965.9342161212876,2147.1908579171286,2129.8236898691807,2273.487412981963,2385.1871199307593,2399.793439493475,2512.1005010448016,2615.1474292753583,2995.459678390672,3062.784875211262,3155.836770783905
experiment_087,0.0,0.0,0.0,0.0,0.0,1515.8922247340151,789.0925135888448,1114.0640519929552,1606.7826165837791,1265.5220941841392,1227.1453669875339,1442.710938809429,1389.8608042611709,1533.1930285621393,1669.4940961747197,1329.1679833912028,1441.5643120818547,1334.1929672467975,1507.0500167345358,1721.8362420221192,1521.984147319308,1749.416729752439,1658.5752301486555,1167.5088834772582,1444.078466681602,2122.6682192537087,1806.9067610330496,1609.1110798794343,1701.6139186513915,1796.7859915478891,1755.1428662014916,1675.970245170367
experiment_088,0.0,0.0,0.0,0.0,0.0,846.3047411736713,657.4530856565225,835.4246422758031,1618.0125750415111,1432.8234005406111,1950.7233913707612,773.6433870823043,1116.8601052241984,963.7172677313663,1403.0411666010748,1093.9706229557346,1287.3282750065196,1808.6949638173976,1500.306944994511,1622.239513046597,1513.3102179518758,1564.3854938773807,1594.6276697395779,1297.8267094937958,1405.233636828193,1782.165876465312,1875.0942107031726,1527.3400771165902,1531.9836770891538,1641.5719509759078,1783.346814742031,1769.792620028442
experiment_089,0.0,0.0,0.0,0.0,0.0,1284.1528625993649,1299.2202306460533,1732.95104305708,944.8344347444498,1257.0833700482242,1013.7511326096546,1370.0700162463163,1518.8630160184186,1845.1797477377556,1433.3644917119027,1491.7867718613213,1495.5043445718138,1518.6824302249454,1877.3284177209982,1718.3692868976402,1484.6374537192407,1727.1045362045013,1622.796561071576,1765.51572082088,1716.195272900236,1794.9943379687813,1719.6135738628623,1873.5727097990043,1571.965381031031,2035.7772524610373,2250.965862261158,2151.8731988693703
experiment_090,0.0,0.0,0.0,0.0,0.0,1174.069943713493,1611.9659028538272,1174.8896203578208,1462.2453974993398,1318.955934707299,1448.1795996896374,2128.8409472975513,1413.5067340958449,1505.4316786708914,1336.2372220480586,1346.322469570789,1330.776045625267,1508.37745251253,1250.627351875904,1301.266836638014,1808.7241113910534,1517.603859821385,1416.1288017763654,1392.3940359586984,1520.152587209419,1794.678119873051,1401.4706571447637,1367.5603327763838,1592.628369369443,1534.449672922447,1861.6190172310532,1628.9938965883039
experiment_091,0.0,0.0,0.0,0.0,0.0,1405.245226244987,1106.0232558175012,1289.6231306103107,1897.9039737509052,1463.3148807874386,1408.9087430681932,1606.170540884586,1672.3965599631974,1662.7991103987604,1477.9008583437167,1676.0812834678861,1548.7646400408994,1484.6176643331905,1802.904322175939,2077.706285549897,1860.7381376902365,1757.3620696475884,1734.7107383249138,1938.6271915954032,1888.9082236583788,1892.283541059293,2063.1117010990115,2050.957087974076,2143.1525345397176,1917.8156187693169,1988.438371613227,2085.3540750403467
experiment_092,0.0,0.0,0.0,0.0,0.0,1175.5155823237978,1272.317800946504,1194.6239333955566,1429.9345126499795,1247.638710165326,1544.6589786939712,1730.2343475847142,1083.522363690686,1139.7935212632412,1693.037604276758,1425.2319715669012,1690.0724649986741,1721.305098455921,1939.7247417242586,1581.5318003114385,1518.4173113660856,1872.1144448405516,1835.9800519113362,2039.5849589671166,2072.310956152833,1945.3108826003936,1961.2415800209,1934.9364927467645,1409.307603850756,1915.836052245225,1915.0307125604306,2061.9064088680707
experiment_093,0.0,0.0,0.0,0.0,0.0,1118.2433365152197,1362.600002904693,1352.745621231547,1330.5021626871026,1074.7919093702744,1482.8778814621055,1603.9244532692337,1290.884350911436,1592.076401877744,1535.104399319383,1361.2901504458644,1902.5347854377692,1621.8724918054563,1402.7742464042785,1717.4669986540534,1737.646092709234,2123.2817716515756,1984.0097404480389,1978.2344553538603,2259.924811913262,2063.1115888799895,2255.1612532089375,2069.357728869946,2263.362075684319,2179.2143671939725,2482.650070324936,2544.274890213626
experiment_094,0.0,0.0,0.0,0.0,0.0,1431.5615958655796,1510.1349676789475,1319.5152441939433,1459.0184669338842,1279.8725888123581,2189.6747762624154,1604.370522843642,904.8787097475285,1185.693284018228,1820.066436039317,1244.6872298828894,1601.4984772272253,1634.9818576051193,1814.4025346433884,2170.476507093779,1653.2377472845403,1656.554606283322,1846.510518522989,1946.0022207958118,2117.7200650828663,1784.9487602581462,2363.839412033523,1933.6720365495398,1372.5488955113487,1813.3854268009873,2101.0739820785093,2102.1099608053987
experiment_095,0.0,0.0,0.0,0.0,0.0,1100.9724440206069,1232.253942803209,985.3620014047194,1634.579585258512,1622.0462281392777,1237.1713734802174,1148.3858110498254,1520.1138921095508,1052.7996148261818,1528.6148824895472,1055.2943263473685,1578.8877187587427,1265.4681807273273,1340.5602903124038,1303.5658777690855,1415.8039019006446,1724.1053830424653,1621.4063707291607,1822.5908483465514,1712.0869118260698,1783.9754845884572,2039.9628203526806,1773.7419426861056,2123.933001156705,2018.2910806995787,2098.3054148602237,2207.2036470240846
experiment_096,0.0,0.0,0.0,0.0,0.0,731.2762830245265,1220.232682291866,852.3320387604272,497.3692195960691,931.2156487357875,1170.3835485140512,972.0529540567916,1170.8471074672552,1186.4405348133903,962.1873370174263,932.2472536928306,998.6153774050166,1327.6941393142752,829.5986212080134,1386.1819639981127,911.8096468400174,1236.6189164687435,1362.995994294973,1367.034731137231,1102.9229915440576,1632.173521757054,1063.3176126748972,1339.335889404243,1274.5770069827597,1510.3543117078182,1407.2523993536165,912.7804016932598
experiment_097,0.0,0.0,0.0,0.0,0.0,1042.7767188669254,1288.6149677338615,846.8406400891913,1463.1191813588978,1407.2125310948127,1317.51611677853,1561.5026551029982,1564.2519971737806,1642.8011194007822,1398.2830244292663,1714.2838774059815,1722.3852814672455,1812.8234510123086,1810.743476902552,2183.1978141208338,1826.5695884119311,1987.1831440862406,1858.421546251742,1722.9112049621165,2122.0904735055074,2437.7140840894313,2390.2744872917838,2192.8647225565915,2418.032779917614,2451.024272488507,2575.5546571019922,2787.46995649875
experiment_098,0.0,0.0,0.0,0.0,0.0,1194.7757365773527,895.5252754478003,1212.5785254878974,1622.928489783881,1401.8294581539005,1257.993488593822,1811.8835227700333,1280.8808035160198,1944.068085247447,1936.265203912425,1552.6752758797957,1560.6901342585022,1756.6220691128806,1549.2584355851982,1536.8653416697325,1642.0373480569729,1575.4035441854387,1601.9153991543942,1896.2733034581306,1629.0704701972409,1958.5557521271935,1891.7336097884179,1933.7093906690952,1800.44818180695,2428.8091668176066,1854.2696809031822,2090.924638478817
experiment_099,0.0,0.0,0.0,0.0,0.0,897.5146996174074,876.330055643583,1494.381099271721,740.8879635256814,889.8254767954876,1569.8598893551543,911.666683322415,1009.5141490567823,911.1167501097815,1215.9977351044543,1124.1036320631995,1006.9563410522419,1256.6780882751182,1180.8488241261791,1639.1559985691038,1417.1049749030951,1526.0800973911068,1792.114075164846,1387.2979144192996,1549.2134816454845,1755.7783210527045,1559.8469747575468,1894.199229734756,1765.2155317654986,1749.8784131155471,1892.4942011141895,1991.899944497677
experiment_100,0.0,0.0,0.0,0.0,0.0,1323.578892208944,1247.680942736454,607.5617143039269,1398.162830821488,1513.2075389858994,1725.2248393416164,1225.9783671104394,945.199220951349,1501.2772152662205,2031.257708823387,1376.8751438511397,1276.8405853841887,1379.2460102161285,1029.4196695369617,1137.4758432330634,1239.8104048512364,1414.1713180208144,1447.5500889880268,1479.4930694931268,1157.9454525868648,1449.1806535043393,1310.7811714957993,1248.2448735009207,1214.71195818796,1606.8161510561943,1598.2349603285274,1187.117805857192
experiment_101,0.0,0.0,0.0,0.0,0.0,575.8113618659577,1101.6708122186458,1097.5473729834407,1226.0119909217278,835.88297329395,1394.987495724591,1432.5926991168244,1441.5999643026278,1294.8801127942284,985.369182416496,1679.3472449288274,1203.701591012375,2706.821616438445,1358.0571429716888,1196.498090920607,1376.0770285588096,1338.9613753897295,1739.0371327716114,1305.4112002001207,1438.176343227396,1717.2435350337191,1512.3269090425158,1333.1089067470143,1731.1432443092563,1600.9092423968996,1365.093275377736,1905.925353366315
experiment_102,0.0,0.0,0.0,0.0,0.0,931.2553531114575,945.2583733390996,1442.7075524230568,775.3644864887465,924.8622050819063,1545.6994580142505,1531.661345684628,1259.3951688750167,1866.466832083199,1543.1281707684614,1441.5960647792326,1384.2957569586772,1373.4836340948846,1489.5747513842025,1473.3436556525814,1671.2911038473417,1598.041486132677,1851.797861182334,1575.389333509185,1652.1800776398145,1370.7356242819603,1958.749458824268,1756.3138107808438,2039.6629059859565,2130.812382485456,2040.847181051502,2225.7654021240223
experiment_103,0.0,0.0,0.0,0.0,0.0,1055.6855906981968,1394.223245957212,1010.8684375103245,1341.4167992271089,1318.20171460441,1471.9478251933133,1485.7943949028686,1106.6241954260063,1383.8590744291525,1683.9977789615943,1456.054421537474,1276.8318935862837,1346.9651214916787,1635.4971737379342,1647.3544297126623,1659.4295587548368,1687.5477839358387,2029.1140642609228,2010.4502202489261,1969.0757357985885,1798.699521414511,2200.89692598192,2380.4869252701187,2204.834122432685,2318.997782365357,2615.6438173376528,2654.0101358215325
experiment_104,0.0,0.0,0.0,0.0,0.0,1112.667529059994,1192.9227136977004,1378.2570053331058,1677.655461346275,1270.1150789362887,1215.2033060360172,1382.620219726642,1469.731220800364,1397.5722344655169,1334.1426454252546,1342.7527861880135,1610.6816969391916,1469.0275688035013,1106.599282482742,1279.1142072076334,1710.5355459082728,2155.419711828798,1548.8734066903698,1491.5176978967982,1358.3630859447742,1737.0631426979216,1756.0764370370246,1904.8193992379931,1920.0197102164343,1955.1341343436986,1881.2902018028437,1912.01568703351
experiment_105,0.0,0.0,0.0,0.0,0.0,1688.379898977094,1093.9464365225797,601.2091457182377,1404.1383286913203,1404.0303304557522,1151.79093752702,1530.2501378788731,973.5095189019852,1547.2448414754715,1584.7724621885627,1664.7848175511533,1829.2933950147606,1764.4204485992211,1702.5464789996106,1925.1231345182287,1582.702414603914,2076.1562944158036,2067.5253237041375,2185.0626258924412,2238.6169524079046,1987.2030221490925,2174.126357743329,2198.8091988216242,2319.638785760176,2229.1513806172748,2543.285645397873,2703.239712249205
experiment_106,0.0,0.0,0.0,0.0,0.0,317.33721662283216,798.2641691036026,1270.265928201225,1596.7751626879935,1024.717599903223,1544.502073152852,1000.0946054339523,1537.1761844476084,1012.1550125935952,1111.3633629151511,1064.3878613301745,1504.597217548802,1214.3458052523436,1362.5218397218257,1310.667642343823,1291.2513275173467,1155.9712959596354,1259.0010953877081,1407.5004582018655,1315.4828836590768,1290.0741015573728,1174.899748368531,953.6352609728601,1122.7136185147033,1407.6348960739285,1690.7013789059029,1838.419442903506
experiment_107,0.0,0.0,0.0,0.0,0.0,1328.0337880139018,1602.1849317712831,1113.7233810433017,1542.647099489764,1366.3588352145446,1606.0682964393086,1363.7848075193956,1266.8636541208793,1504.498758766979,1618.1140134426244,1513.4333151834037,1704.3206555429658,1305.473927705998,1771.9093804499767,1749.515062679755,1725.2479785432097,1360.715817295703,1385.584967597032,1645.2225087936908,1856.2109637461563,1895.5389593373616,1640.2654623387184,1570.0530450766755,1767.0977817921255,1886.9267499450643,2033.0273942413864,1626.1679398205797
experiment_108,0.0,0.0,0.0,0.0,0.0,978.6660506765581,1470.801131973687,1815.8777588711453,1461.825554386776,1040.9108873909345,1568.2552340760385,1323.9334932528245,1561.0334811151665,1624.9370783695285,1539.104569774378,1566.1220384678027,1227.625792702478,1350.5092168422234,1350.485552207314,1565.5649389253178,1753.2687888546006,1540.3215856962913,1933.700883460932,1862.1563508947347,1584.8272961621797,1627.960678686142,1528.0017588182068,1378.2336299300825,1657.7579377541801,1526.006718440889,2116.849780294979,1624.361631799632
experiment_109,0.0,0.0,0.0,0.0,0.0,1067.3392930990676,1307.496181530158,1373.0709109881109,1219.4201702957669,1097.4519081126439,1177.232215193106,1418.8395281541575,1226.537068824388,1371.9003070398005,1045.859356251254,1149.8982261673832,1175.6030228814852,1125.8808835219654,1707.1421543517808,906.3811816731286,1103.7294892185696,1437.4936384757752,689.1352611370319,1255.8098367850075,1288.314954071156,1245.967472406065,695.2140907086562,691.1573759219392,1324.40191151415,1135.6781017361764,961.3877403307198,1027.7265735866688
experiment_110,0.0,0.0,0.0,0.0,0.0,1035.284887456482,1006.1741629022252,1656.9675270090652,1614.6558916521822,1539.027523392426,1517.236467710515,1232.5462429704287,1462.5189286837358,1340.8802442197057,896.9435736472695,1461.7606026960045,1411.0722306455748,1298.0095521122253,1473.5320822945948,1554.4970110696727,1682.9232044517107,1639.4450157228216,2142.7176186352444,1822.0281909100015,1712.5994789254555,1686.1576998509568,2011.8631918142505,2044.5076740000102,2000.341282514718,2020.6645465130875,2093.2750934371206,2346.9844189149503
experiment_111,0.0,0.0,0.0,0.0,0.0,1067.4022202003769,997.0552504901982,1178.541947884366,1195.166950722534,1630.6213150208282,1428.4720655998467,1422.009937264018,1391.246305687122,1229.239146132281,1532.8448162969426,1036.5919439063714,1368.450833913801,1384.8261400177867,1130.6411865022453,782.6456253771747,1249.5148463371434,1852.723361849118,1468.3496463029564,1603.1568723141472,1856.2720686325524,1538.189057679751,1751.950990543522,1549.4861679036167,1752.0227863906507,1806.2617604429847,1717.144783039904,2041.326406296706
experiment_112,0.0,0.0,0.0,0.0,0.0,1263.5228488299385,1433.6676066105324,1364.8632677683631,1174.4670750221017,1282.2398010297384,764.3345732318309,1277.420915609439,1356.9916809242159,1562.9910307503453,1634.5464502448224,1769.6013549380698,1412.5725099459041,2075.582567962746,1733.7166656294537,1735.9653483625775,972.2568878053165,1558.063932339928,1807.392470919141,1662.2120175085797,1592.1917050665518,1763.0854511913733,1805.1304698789584,1147.896049436742,1660.939909644164,1931.3787407627713,2104.6713262741555,1630.8718464541248
experiment_113,0.0,0.0,0.0,0.0,0.0,1430.2521863061897,1118.9910617344867,1120.8331204057345,1715.9049734785538,1411.6917515815176,666.1624226281921,940.4967222369534,1201.1058281891242,1281.7666686869952,1296.6020587337505,1541.7822851136596,1101.0016433070325,1339.296912313173,1521.715369648361,1388.5310979946933,1360.869658415901,1421.103540186772,1589.8101592368175,1312.9259419751522,1315.2010236568706,1480.4431248320357,1195.3612540229892,1428.5601104862885,1501.5116572881707,728.9446885365901,1479.797272290924,1632.8268837872286
experiment_114,0.0,0.0,0.0,0.0,0.0,1336.8214611258302,1529.066180862831,1382.318930500146,1549.159041847562,1647.118595807969,1241.0905396288465,1642.4923151462754,1350.4487375408269,1523.1705863227505,1433.148108780887,1401.4796404523172,1513.58599914606,1751.8338574436805,1992.1605096466442,1997.7899256762369,1726.1978016327469,1311.7691032141215,1454.1409989265487,1682.69389173325,1133.959081935226,1803.722870131708,1166.3412553205756,1528.6946520832225,1152.637908345933,1426.1286381950515,1481.4925697904634,1657.6086173757594
experiment_115,0.0,0.0,0.0,0.0,0.0,1203.8591365148163,811.4794078765572,1309.21875493016,1200.8078394841675,1459.8820966717385,1050.9434105149867,1576.1130321076514,1362.679584964597,1460.0470824796312,1400.4631156204694,1530.2463758362874,1442.696196273679,1379.3871496918614,1002.975306673411,1410.7326821232298,1208.2038425708945,1327.2944846058167,1232.7117516237813,1550.025130415761,1334.717258436048,1439.602647866464,769.1854692573447,1094.1839159409758,1580.2534485691003,856.2678587811369,872.6689288603907,1230.7870335474202
experiment_116,0.0,0.0,0.0,0.0,0.0,616.2996276823579,1518.1898982069315,1193.7251161001707,1275.8993222608874,1233.6225691924542,1080.006850091453,1035.4246015616882,1500.0769933989059,660.9107099828188,1174.416582599053,920.1141136147295,1099.7662296282374,1084.4354321967344,1162.4645110310767,1638.6553191636021,1138.607360872862,1723.1195949450725,1470.933975581514,1508.5652678067195,1428.9204812513844,1330.8809378968551,1189.2078557527418,1561.8478255205923,1099.7921977905512,1630.5073116783783,2115.0968166829625,1958.8788650020588
experiment_117,0.0,0.0,0.0,0.0,0.0,1181.7492500314227,1576.2802496479385,1603.6311519343687,785.4980897019357,1436.1499041117004,1522.904793045947,1294.9480773931468,1348.796628974314,1525.4594423826954,1640.7843026435057,1080.5915189220595,1600.8175529130604,1163.7527792501476,2192.245120326049,1893.8837951891278,1361.0090899556017,1746.5447484549306,1544.482866870691,1530.2461142062607,1651.7395214342457,1488.735901993588,1856.072916209294,1984.7222352575686,1895.1127482066263,2072.4051306262586,2023.1466398180855,2152.608329540122
experiment_118,0.0,0.0,0.0,0.0,0.0,1965.4975594198272,1191.7196425754705,1204.9037567180683,1299.628335219609,1553.46543735017,1151.284136223865,1593.4789470731348,1153.766823484511,1463.7087110697557,1464.563836387587,1494.1842206710126,1676.6495412282804,1318.7679900849948,2013.4158035265707,1819.4811121279336,1558.2768753508979,1748.2304227104523,1737.999402244374,1675.2824500783684,1620.3168048362893,1710.0908512944056,1973.6386027395552,1727.0100390580526,1976.721050988804,1834.1087018278076,2164.0022498308576,1942.6866568604028
experiment_119,0.0,0.0,0.0,0.0,0.0,1137.8832856375504,1118.5173371524531,859.0042521912013,943.47065081439,1302.1628049713784,956.8778036921519,1166.7045184355609,1536.2598639658036,1476.0041472096245,1463.1991623450208,1079.2655889812954,1576.1431420360984,1340.2753761128452,1272.8369720870915,1316.6280412572153,1529.7625694317499,1391.2596499745787,1305.2030334432452,1637.833119696967,1665.4717959631193,1562.174232163141,2014.725652413612,1672.291454634314,1317.8275960064573,1833.4502902338627,2034.4820141300895,2191.6147673775636
experiment_120,0.0,0.0,0.0,0.0,0.0,1008.9163577075036,878.904673981537,850.2350740211128,483.938992091767,1115.1929842378272,1210.4267284705252,1769.2082100904418,1078.7334368872434,1164.835440816373,562.8467136915046,1368.507797889597,1591.1358672945307,1937.8826145040703,1491.2295504149893,1134.5115434252155,1559.4186552282692,1499.1025077836564,1393.4681607551968,1733.6564087799145,1631.16195257331,1387.9129984152078,1992.1320517765373,1751.8354849084747,1853.7490301255007,1836.6873067939491,1948.7079113573186,1958.4902418548268
experiment_121,0.0,0.0,0.0,0.0,0.0,1501.9625368187665,1727.389287451275,1608.2119323818242,1410.470287613241,1250.996617512748,1503.1079825783659,1682.4804294353391,1400.6063933789346,1272.3915273524601,2063.341164220502,1728.6989718098566,1076.4555887117428,1633.0916910896397,1569.9638645105986,1854.0862652481715,1744.6045217176495,1547.9364079663073,1645.7158582637069,2129.2172702749035,1709.2225532971813,1944.531247317501,2168.906824598851,2092.9302757614837,2333.8220217902804,2212.178247703871,2145.613864105912,2053.955983505425
experiment_122,0.0,0.0,0.0,0.0,0.0,1046.9518612695158,1312.2098991345324,1313.8812024295257,1183.278343093698,1595.1564877028707,1035.6246933192883,821.3970486901364,808.5502621950609,981.3497052718278,1370.425644299495,1340.9924089613146,1115.5569707760812,1311.3361735762046,1238.2816371853419,1250.7941453082326,1785.2092979810554,1731.599382388188,1626.5060404557855,1312.0624968505365,1414.9582985539955,1671.0905518776106,1492.942105645257,1937.4018585806728,1454.905765393978,1207.5950353244164,1699.622171980394,1542.3845901736663
experiment_123,0.0,0.0,0.0,0.0,0.0,1394.9916797088067,1326.9375119731785,1634.184350823636,1370.6710757993628,1352.1185019518089,1769.3042508762214,1205.1229495086523,1263.593632178352,1272.1263230258387,1490.7784166612223,1453.015863290338,1636.632556766875,1479.556963449563,1686.8842711698974,1445.444353284966,1423.3870343720087,1582.7867500438533,1587.8860591434882,1359.9676963732782,1468.7630683870955,2112.105529915889,1767.6568132778064,1709.849967057468,1637.7352199795628,1535.2017847990141,1809.7374997089896,1639.893282943779
experiment_124,0.0,0.0,0.0,0.0,0.0,1163.8967932309733,1266.5812129811222,1130.8190737740613,1209.160534785459,1553.6602363754519,1550.667251207356,1321.805684716703,1417.1039969130456,1440.1369170267249,1639.7921360996793,1406.3312029977596,1648.0844874388808,1460.2282149121281,1604.0619708691052,1559.1046044593315,1573.8543041638702,1793.3292694011518,1662.428174396802,1795.1285296985502,1599.9684339321457,1849.8805982185013,2171.7135021453505,1825.7522491391946,1765.0761469120039,1865.85675935346,1871.9183441427454,1829.7326315352125
experiment_125,0.0,0.0,0.0,0.0,0.0,1135.503148917944,1144.311577809298,908.800307572826,1264.4326447168648,1325.293577055418,1284.1063949730305,1130.9997527872167,1267.7554899943557,1362.6068970370613,1027.8583842855662,1383.371724506122,1648.7290794361775,1562.3966804139359,1645.3953114874125,1669.70233929901,1793.665425490538,2055.048378888502,1804.0250624006471,2201.073376007588,2067.19588605627,2136.580122657846,2302.3257494498225,2419.9587862147127,2132.330466903968,1536.061733123563,2275.4229480080317,3114.861277995453
experiment_126,0.0,0.0,0.0,0.0,0.0,1208.0051907937304,1138.2642301898836,1250.550904775173,1266.4291713024377,1505.4547541400611,1415.7975997660837,1621.3400310425616,1551.8018188946073,1939.8196775023912,2139.9430020222394,1636.4953832266056,1440.3613422701417,1397.3866248389218,1537.974215078891,1552.0915944573007,1634.9060631000661,1520.1046578382172,1580.3911893867798,1727.5496709287095,1829.9696191149708,1598.7164840129017,1617.0057949899276,1799.0735383574888,1518.2337825702016,1595.7894315458916,1454.185693749032,1400.4480787948705
experiment_127,0.0,0.0,0.0,0.0,0.0,1485.608309107488,1192.378079870567,669.0139149163928,974.851326169294,1487.1783285958568,559.4460616752084,1056.218356485348,1268.1900299665017,1377.6733045631931,1850.6572444098651,1221.3271765724826,1196.3524721287624,1290.445371153994,1365.1983906355351,1992.7437697391038,1088.3360836273741,1674.0013846221798,1382.0213639647277,1411.0302070270182,1611.5081277561717,1496.7407493369428,1687.099669514488,1872.911371182978,2300.2507531362935,1804.666659948755,1734.2060351803648,2232.2867548986787
experiment_128,0.0,0.0,0.0,0.0,0.0,712.5686771077235,1202.106391685841,1438.0544480958674,1084.1599985097123,1669.1381272321805,1523.8457368150948,1259.4518717953279,2173.320865247544,1505.6191118940637,1613.0504938191623,1606.4785644101526,2107.0364036275046,1487.8854596637702,1795.9732316055693,1971.3019394150451,1804.654515920883,2054.659859239667,1724.8672187884822,2298.8076512000907,2110.4499110999814,1823.9123703884331,2103.977969488011,2103.9529727787058,1891.8177887704694,2135.647008942978,1634.3600458904511,1883.3363555794974
experiment_129,0.0,0.0,0.0,0.0,0.0,859.2106661235152,1014.0202006438626,1440.938863471737,1521.6058086784258,1378.4780827304317,1701.6776858859505,1468.3605196330377,1435.7773552054139,1848.8608505473726,1371.230069482409,1369.1928976559368,1520.691525478836,1939.2565625651507,1565.7857644574508,1648.5166755117816,1431.1688394045718,1741.8818808222102,1315.7827479995012,1889.8035074071113,1663.6651708300901,2001.707070078214,1724.9704194763035,1809.2445442079113,1955.8888299761188,1861.0870645106284,1967.48619549036,1802.6824227684972
experiment_130,0.0,0.0,0.0,0.0,0.0,846.0195400561591,1316.4662623793365,943.7903495252615,1150.3006895945011,1097.5000450114503,1299.2920990249881,798.0666770365086,1180.6201455371488,1304.0157963789477,939.0810420310282,924.3163046939906,1450.942936433472,1119.1131323555564,1094.1452714051522,1339.199433618571,1291.2863084849996,1307.7024774933802,1445.453119544748,1185.8155564901997,1291.708803233502,1605.5499586480707,1458.4109904233555,1317.795041151854,1588.7469731461833,1344.637961675617,1450.4840484809722,1643.177167889029
experiment_131,0.0,0.0,0.0,0.0,0.0,1119.939451790209,906.2359010002422,1038.101727308496,1076.2745993860503,1461.9499574449228,1502.7399604692123,1354.290663047755,1546.9973512497165,1668.4698546745503,1686.390031407921,1773.7138313147002,1594.6882253867775,1793.6779757126847,1771.432000571543,1820.3215425935045,2074.365198479842,2039.213609218022,2039.9546431514452,2347.26571237454,2177.2794409315065,2161.3727020162432,2274.9415819355413,2561.2974214755577,2385.7720268838275,3119.128861374342,2560.9381911140963,2752.1165068931437
experiment_132,0.0,0.0,0.0,0.0,0.0,1428.3557440290592,934.780522287223,829.60539402774,705.2971696465104,1006.4132196861956,781.6267646017476,1582.70882774997,1129.0047059679075,881.7770103464893,1006.5060875350033,587.7403978663024,999.5447098786404,991.5118223480151,899.4290318746863,1266.5602808265587,1018.5460300768816,1100.4243792380012,1095.497844231398,1705.6744372639523,1390.3418006116376,1093.459234171641,1413.99741635808,1407.019671659034,1488.8160311085742,1465.3227370423979,1541.5415817081252,1673.83832217911
experiment_133,0.0,0.0,0.0,0.0,0.0,1354.7450140187811,489.6578875458236,1267.9244150669622,1151.379567316605,1906.1852385275115,1097.6074320906037,1246.4233733023757,1318.933465022837,1639.5410480413898,1324.9942730901078,1412.1016284743296,1060.478317029938,1663.9120825880295,1607.1897873800071,1400.2381032524734,1731.0987693357674,1992.6424014861213,1663.8400794388167,1689.9071290903817,1688.9385041858964,1937.751972374661,1892.996003611528,2064.363416678383,2090.137269452497,2109.4871631094243,2463.7347510302507,2281.6858578585516
experiment_134,0.0,0.0,0.0,0.0,0.0,953.4512617599861,651.9509934300756,1052.4040935350129,1215.8472126898416,1329.8357979088141,1752.8744790375135,1335.6654149940862,1290.5670036104757,1313.748824230094,1410.8223633477596,1366.7015063924378,1463.347015838107,1611.288042380139,2051.545538729541,1540.2933245293639,1607.6023176223143,1490.8700489402727,1884.209094133566,1593.23066588977,1507.0336228504743,1595.0505935408794,1689.9311615160232,1374.585458599359,1632.6654145991806,1673.4911715181584,1605.8712438069642,1789.4306068852309
experiment_135,0.0,0.0,0.0,0.0,0.0,577.3527165962896,882.6096720830838,1550.4769977706646,1260.7918573579789,1106.5826518407873,624.0352170483563,1009.5244707661094,977.0825155310004,1653.1841244713244,1256.2511191708757,1476.5994454290294,758.2789873999757,1160.9220882253549,1469.5196553946598,1384.6981024824804,1670.7149772012178,1382.7599490315367,1444.4941178017025,1436.3998477897335,1448.0240746249651,1365.2899363188094,1999.4701372050413,1587.0998145654155,1881.3028407525424,1665.9464475612788,1934.6638937876746,2016.857900777752
experiment_136,0.0,0.0,0.0,0.0,0.0,1423.633826204431,1273.8077216915176,1771.4976470939598,621.2027428398065,1339.8216943357104,1451.4007986109232,1164.9395730391632,1530.993921420334,1284.172461566587,1405.2938688191662,1108.4288242921045,1093.7373478399852,1449.4657820954715,1421.9856956267022,1402.1715126878014,1583.5447201395873,1258.36628585211,1193.2875141644085,1338.0276547152896,1734.6124185601357,1205.1927156320178,1231.68057378853,1382.4973113518438,1607.3877087833569,1684.4575903972004,1344.5661260719833,1540.753176788621
experiment_137,0.0,0.0,0.0,0.0,0.0,1149.549861317248,1170.6574853515722,838.4964936693684,1573.0513132842566,1053.837777040921,2045.013840115592,1502.9253315619485,945.5411666685027,1687.7398568067067,1631.5198586899696,1255.6355997926605,1408.5907324876428,1523.4545605868889,1013.2254315801557,1526.2902160498218,1326.364909470597,1520.0678380609288,1404.655885629173,1382.2765324526306,1362.450186496218,1506.586453218289,1474.0974210672607,1737.1710320503091,1535.0639200981323,1119.0846922975932,1660.2591343795518,1351.1955058812202
experiment_138,0.0,0.0,0.0,0.0,0.0,1395.0901121608415,1068.3181634578418,1444.9063104610855,1399.9622610844613,1346.314395056921,1171.0055106324469,1427.4028457219945,1045.1314652099263,1312.094847748152,1731.7256192066086,1496.9749487015342,2302.9462920234437,1425.8992150518307,1699.381088734939,1550.5771039241338,1851.2340452174763,1733.3498263668794,1975.3270336586966,1787.543755917818,1950.5274414770724,1283.9292867255576,1631.0554300942526,1888.8432597375986,1813.5514665179521,2079.012021577203,1763.1666583025599,1812.5727277146707
experiment_139,0.0,0.0,0.0,0.0,0.0,1245.3316036438687,1177.8709068286767,928.9219437887695,1295.5858428635836,1054.8376034275457,1343.9280840415418,1352.0506687034983,1768.789653050048,1128.0345363308509,1992.2072226562009,482.79699799578424,1349.8962667885037,1384.9880511982365,1143.1837442748665,1324.3600567968713,1505.9893350122218,1468.6626847652956,1970.0723097084003,1428.9322190741634,1903.6855518502416,710.766129638436,1995.1932166463498,1401.4557785129657,1842.7588902711773,1754.032764641861,1879.932221645792,1550.4340560307753
experiment_140,0.0,0.0,0.0,0.0,0.0,1102.7624513438375,1253.7426132255289,1151.5551244875073,1770.7615020918188,1399.6338089307865,1617.3514390686964,1407.376521204352,1543.5773689903588,1214.230176304857,1359.8217428856335,1558.0673997250683,1539.4287302819841,1289.6444295462445,1415.1334130489815,1921.5770356456264,1599.5456777769577,1084.6626295115022,1309.833986381497,1920.3693878838421,1487.393846241146,1844.4310949613325,1468.3999134006872,1335.0053499003543,2068.700980601781,2002.502646662466,2093.454594864231,1903.9594710785611
experiment_141,0.0,0.0,0.0,0.0,0.0,1171.5651816169702,924.8564641687115,968.3752757353889,1131.8058472974128,1226.1848920391394,973.5559669518857,760.382446123595,1788.7072566623447,1544.0077556864221,821.1447784587195,1516.247819984742,1207.6336424705983,1600.0554322672251,1399.608758161089,1440.7303901524272,1766.2601982592341,1408.3569659989619,1716.9989106208795,1558.192142993064,1886.1258221389944,1540.481708539347,1922.751416079701,1985.5751157050213,2034.5556299517073,2085.406233552055,2142.54341155092,2414.6201586486336
experiment_142,0.0,0.0,0.0,0.0,0.0,562.9683123116411,1194.8380653785027,819.1335474420436,1441.7243166462622,967.4039463846127,1110.3307729258431,1350.9005154660153,1146.5340383599932,1261.9742712594023,1609.9864783360201,932.7429901355865,1357.9020437591525,842.1448998125494,1286.3027525003242,1312.9928773915108,1539.5308537276233,1560.1310139192815,1437.9918787329505,1588.9647941001467,1444.238421743883,1417.5359156452664,1248.7758463173764,1510.5090830419344,1548.101396160245,1854.0722489262153,1607.962396388918,1941.2903756325709
experiment_143,0.0,0.0,0.0,0.0,0.0,1127.3643562928012,1063.0336740261923,1020.9587577278903,1059.5600569448707,1120.6579436975321,1093.374345618439,956.6486279093505,1395.5325583492265,1464.7396617102982,1329.7327886347412,733.148250365539,1215.3668391652952,1615.3342634159312,1895.5292861602466,1333.7508543365766,1461.0865309694752,1539.079932912058,1167.5091659103084,1600.2365643921962,1333.3847702014086,1618.0434042736613,1633.9826800767005,1669.4003867884217,1898.4584731504651,1917.0654074367608,2055.6899352210594,1649.9873938173814
experiment_144,0.0,0.0,0.0,0.0,0.0,1234.5269054039697,1248.3576021038118,654.9609570041765,1579.2475394865965,1241.7835666137555,1159.7467733815706,1289.6639710214977,1058.5176579303943,1033.5646021013706,979.1924782993051,1801.8130158174804,1834.082561474389,990.6464498730525,1346.7405636062742,1687.0281774715174,1765.6521129865473,1574.445509442396,1817.0171665130497,1615.362529582236,1868.3750439256555,2009.2185467183874,1942.8315885292927,1746.4315278251765,2263.1910471690194,1900.7207419572117,2250.4011524903767,2332.0521544781022
experiment_145,0.0,0.0,0.0,0.0,0.0,1365.5935283088684,1447.3065200019246,1510.1459380240658,1529.4125747964258,1514.329678283962,1376.3796809652033,1816.2481814650378,1614.273654433295,1611.4708081467802,1253.4099752476623,1793.7341972853699,1438.2963279832525,1903.0916814115872,2053.809853092862,1705.1296800118928,1617.470611814943,1674.3338446275272,1755.4615114008866,1857.6322586157282,1983.917942082197,1866.4556910166148,1933.6560574042753,2192.008704741567,2099.3163429566857,2184.4638148084764,2322.1028195701156,1959.1049495854675
experiment_146,0.0,0.0,0.0,0.0,0.0,1362.8457136889326,883.0558539756876,1371.9274422777623,1072.982698221011,1554.7469339975855,1629.3958902386075,1558.8441538163338,1105.4471953632096,1555.2596289797311,1538.9471311524476,1538.595619574998,1320.2509627384838,1251.0206334630543,1657.33338451117,1663.7473263555378,1740.2287922732426,1591.2811123446681,1466.1977909473537,1897.5345503506253,2058.9204514297517,1948.0918920340732,2148.812254440927,1734.346704860963,2283.4574885691836,2287.261200877183,2334.550917800337,2263.9016393852326
experiment_147,0.0,0.0,0.0,0.0,0.0,958.7665980023635,611.1890569890951,1208.6477821740373,1212.0824437580573,1005.3792409463335,1035.226541542404,1424.3707465947653,1514.382216292434,1326.447425053279,1014.8205523812724,1234.2635551254834,771.5387953141724,1539.3545078031782,1343.9149087262426,1486.41507237393,1509.2556466460396,1413.3294577421473,1284.107765043706,1579.084590550733,1837.488591680023,1430.4628153413478,1792.2860671016383,1932.0924192353655,1826.9468620922248,1970.1521068276188,1942.0299210305147,1989.4997458928765
experiment_148,0.0,0.0,0.0,0.0,0.0,1152.197429719386,1236.1144677793134,1266.345757839129,1076.2326145714505,1053.8114435815842,1101.2590373624384,1403.2063789413307,1385.170629984718,1683.7610321117347,785.4546142163812,1177.3582252457184,1299.0177818806053,1181.0721894410972,1736.1941108276164,1167.1030061193362,1378.2082080273071,1654.5437065767783,1745.416242919559,2038.8420110000384,1639.5859746210695,1880.5198451295403,1636.038509331474,2035.6513583705832,1626.5926541187769,1863.8474791678007,1930.4626844238092,1838.363715915216
experiment_149,0.0,0.0,0.0,0.0,0.0,1188.4994668156469,1201.1207332162528,987.7577555462262,1340.3572071821905,909.7944702180316,1141.734713248236,1646.6442698649566,1219.206360579651,978.9502706239273,1545.2678228428745,1191.1484531656847,1432.356595993098,1481.5619474174275,1382.6370859533001,1274.486744993017,1309.8843037848858,1252.5750697432604,1645.1263064536574,1809.4252022914488,1577.133588117301,1885.4183570712582,2149.3728915147112,1993.6884240345616,1966.8467672527775,2094.796727698911,2045.6578592891965,2007.4129301183318
experiment_150,0.0,0.0,0.0,0.0,0.0,519.3865446363467,1294.240988368433,1302.3121863478043,1485.082329484393,951.4556619547859,1615.2460181369345,1317.9645035737417,1405.0445274919186,1579.2215678197492,1173.747237109271,1335.9648033422352,1384.7646031872002,2153.3147664979397,1438.3724912363962,1936.906590679263,1630.181556913514,1047.2639107135844,1813.9701656163197,1267.0198201335504,1939.7110215627695,1792.3699923908296,1237.8179651825517,1488.1479021235375,1819.8603609181896,1173.9080824135185,1796.2446318801572,1760.6974921279582
experiment_151,0.0,0.0,0.0,0.0,0.0,1539.749104294116,1649.089361945339,1265.8280750697286,1267.640387709638,1095.2877817719873,1902.6715321645836,1639.141355894945,1635.6882324114604,1389.2779056953732,1286.5475190030488,1348.6102063808642,1735.9231342652924,1161.8151756663121,1472.4677801505127,1447.951351137591,1416.4752405830818,1636.3052473347925,1787.4217281707306,1557.8932034292352,1560.3486088261143,2184.695738562547,1602.7962957879652,1818.7274760523283,1873.4680472992443,1533.3761055823659,1944.2347931259146,1814.844561535798
experiment_152,0.0,0.0,0.0,0.0,0.0,1427.8730572474178,1613.6120729063591,1335.763654752075,1434.4002269100586,1449.373699292284,1328.847853391946,1352.7956967216503,1399.5872856991234,1376.5827120822917,1406.2577105219048,1296.4092489985203,1699.8340820654205,1114.777285880365,1438.2297422507968,1408.1634302262019,1030.6353986139998,1118.4660340227097,1476.229274922121,1728.3012341147605,1725.268209539851,1746.3855435483865,1474.9272939299985,1547.221941020316,1826.2086897633706,1723.6395094711256,1684.9370782329436,1856.7999104806536
experiment_153,0.0,0.0,0.0,0.0,0.0,1183.6246443578107,1438.40827113095,1576.4106934851754,1621.9185243600073,1614.9054557161,1167.834737533735,1571.2192166600848,1316.6957989238908,1830.6652837334627,1806.9175469589823,1772.6728929242795,1783.5723938042872,1959.3375400716022,1888.6101978636248,1981.0519669946718,1713.3190176754292,2114.5492561886854,1938.7367145525604,1873.672259914882,2000.5298534022902,2386.9239450358004,1673.7564111533486,2003.0040267154397,1900.413073202175,1901.7197883261947,2425.9813958688765,2071.028366299752
experiment_154,0.0,0.0,0.0,0.0,0.0,870.7835318344963,1338.7013551334692,769.5883451411958,1444.939771095731,1506.0869831136595,1254.4343231309674,1377.3783887323457,1377.4079807128712,729.7219380727681,1577.9131278901168,793.7597756597147,2202.3554482402346,2022.7319360637127,938.9652164350687,1355.093593440526,1088.3556636336061,1447.5402675543776,1987.6218795297855,1473.5967147275796,1494.0255313845628,1189.0197980201544,1500.9760960629378,1679.4521202892429,1495.588794875807,1675.141612437015,1613.6118330239565,1614.59677258292
experiment_155,0.0,0.0,0.0,0.0,0.0,1007.3483105162584,1130.6854748360092,1254.5516754330085,1595.4734671812434,993.8189994347741,1218.8632722981508,1295.201865669,919.5705162437782,1333.2898948309949,1220.6117476492966,1342.011411923181,1202.8942356529374,1291.3594175804205,1458.2044552208044,1162.477185341285,992.5232381713377,1856.5394813778917,1045.1071239977755,869.491240333088,1765.1146948111016,1857.685055305899,1123.222701161141,1776.016110751672,1757.8736169161084,1754.4128256129457,2441.6552832624625,2036.112503029289
experiment_156,0.0,0.0,0.0,0.0,0.0,1031.155919873188,935.8924340222981,876.5453697526867,1348.055649082737,1222.2952702097587,1035.2354326322707,1352.3533895360595,1246.3100555145684,1180.3558228008305,1489.109901445488,1385.5406161560193,1544.560301756694,1317.3203896874538,832.9993335988755,1100.0042968978505,1602.4645846654964,1300.7623480782154,1473.4913178290046,858.2854485872658,1282.075494113465,1660.788415270688,1354.0607515984752,1509.2348615585383,1421.6728094757998,1574.1352647759975,1513.71120779468,1748.5897287401795
experiment_157,0.0,0.0,0.0,0.0,0.0,1058.1585519950086,1040.4864088081606,1154.4722524912686,1011.3406568827182,1058.1092054687683,1529.0058862363721,1319.623628046087,1419.0943065161343,1165.6945683802828,1637.0660564151028,1311.1518400885245,950.230980120165,1372.9851377802465,1563.3921626031572,1851.5154600806204,1719.2778234802538,1733.7118146027185,1554.1800745342807,1825.2577408399898,1781.9664892072265,1962.094329285709,2267.99816308055,2294.672786557287,2207.408414055779,1727.2818264522718,2816.571741570762,2702.4245815373815
experiment_158,0.0,0.0,0.0,0.0,0.0,1194.0699068032027,668.0443161455015,1200.9472738024701,1464.3311055075005,1147.3396228764186,882.2783377951591,806.0106904548404,1378.9275118076316,545.5428942452078,1013.7986225677953,597.1019443282751,1300.915530291244,852.1200870238836,1262.6821736444451,1434.0653846391044,989.1384794819251,1563.9803158541745,1527.5821715003055,1642.9963602033722,2386.012841785876,1607.4344236321954,1723.7200445008864,1763.1511595810757,1886.9236441436542,1762.0301504819827,1992.9853047743954,2135.9700678198724
experiment_159,0.0,0.0,0.0,0.0,0.0,1101.4495322474645,1157.6176205751851,673.0712638931454,1175.632625668693,1579.4675772944968,935.4219065686566,1248.9300302960094,889.7758227168954,1096.2532733218038,1325.5618036369929,1003.3959625209028,980.3166686824468,1552.485556848288,1003.6892510304594,1458.6360305040296,1725.0511264256425,1308.1606603782398,1704.0148614037876,1595.2163867966137,1492.9569768525857,1872.318718652638,1576.1329882596972,2059.0893281082317,1970.1731181220348,2198.4455054931213,2141.252849789305,2338.860249745267
experiment_160,0.0,0.0,0.0,0.0,0.0,1265.7724006244339,1010.0483445493121,1177.5847981697223,1472.3128748366134,1216.5694428487395,1372.8673192982137,1476.674096172355,1221.7041450683766,1399.1680978637894,1152.060512366093,902.8919353223398,1759.635107594999,1219.947028912379,1453.7680923549124,1693.456351165636,1641.0880101340601,1432.4947637116325,1256.8722929114297,1414.5807997734128,1667.7940544443052,1583.3957655170952,1607.4726950327924,1883.0506347979772,1669.2353956187021,1501.5280463933088,1688.9433910333746,1756.5595555962748
experiment_161,0.0,0.0,0.0,0.0,0.0,881.0057373639709,1180.3443244235568,669.9089054934318,1277.113777456845,1524.0147634286789,1249.9642967381315,1948.6972120031166,900.0624503305196,1408.8299053279634,1275.0187987369798,1687.0733723806325,1288.3790604060048,1440.949420430499,1652.5312219870707,1364.9220707380878,1526.9187186721158,1574.4499516997369,1580.118089989697,1514.0879065659706,1576.2351096625302,1620.2674584091583,2171.242807106531,1893.9068238124046,1952.6036678708267,1978.3508741982318,2462.090410459029,1962.1759458820043
experiment_162,0.0,0.0,0.0,0.0,0.0,1179.791444253548,1443.2066772908165,902.9215800483737,1140.08969974725,1188.6563464570836,1333.311157653153,1236.0363318466534,1973.1710552737754,1223.6520286234784,1160.158884614252,1115.6059810193685,1407.736429570577,1464.9418037227244,1104.1489390325883,1335.9425567627934,1262.6801822423504,1278.6443897915938,1366.48990944505,1520.1602885979971,1308.6981874167432,1730.6181583177113,1592.52101395763,1824.553855729865,1903.2256879388578,1762.0931077548482,2122.548348516295,1972.1563771193605
experiment_163,0.0,0.0,0.0,0.0,0.0,979.5220544765226,1229.8645435092665,1392.0838267163303,1492.0150278824538,1123.631460045672,1045.2077599757124,1455.1910268015454,1328.1359663292287,1440.0116026112662,1365.3963352355631,1853.6879018400973,1428.887601763131,1577.2127192825437,1700.6577849006976,1796.5949138450662,1285.836237997101,1854.4169106755357,1600.5777688877806,1477.6177118658584,1399.5100203761683,1480.475738438022,1779.561687987011,1573.6295156375206,1599.8540718521235,1640.530692949902,1606.992707799065,1491.6776950837732
experiment_164,0.0,0.0,0.0,0.0,0.0,1061.7846581850652,1358.9658871634117,1172.2923796017253,1082.2157094215154,1307.9123330354014,1527.7842774532533,1579.2358014045244,1566.2974038514076,1429.4529513633784,1462.2553552738127,1755.8663598444455,1455.0428228043834,1915.5621292543838,1525.726179457566,1926.067888307116,1858.2643274250597,1406.5839339254467,1630.1612008251386,1802.3306959450713,1938.8636074247283,1875.4008284784377,1936.4678834012598,1880.8627534885372,2018.824179784635,2167.9175459033568,2098.292666842457,2370.9407829743136
experiment_165,0.0,0.0,0.0,0.0,0.0,1160.0033728756978,1472.6681499934848,876.4696988250078,893.485006462617,638.9881718372101,1302.6402820967712,1190.1460184277169,1262.8792040476312,1174.2746201287623,1081.0069967790496,1154.0173717830535,1662.2329393814593,1115.9453077440332,1959.6361729563755,1770.7452939892191,1292.6196583875399,1448.2971324056484,1472.4062339731126,1708.4678224212585,1222.2913800653375,1345.7190739050734,1530.2093012364826,1356.0782115154602,1408.5568937103783,1576.9055545290173,1714.2836217071697,1385.8847093186484
experiment_166,0.0,0.0,0.0,0.0,0.0,1331.1697216261246,1168.7746475603699,995.8967802401548,945.6261178571825,1542.4666101812625,666.4673600320475,1340.370273338697,1493.0597347967853,1725.7562524338036,1166.0010939653048,1118.1768825221436,1963.710721212775,1219.665329573775,1127.5986648428511,1227.1328730966316,864.4964532962836,1355.567509931622,1398.5285182117714,1736.4056195032854,1925.1520748055796,1699.8572030187943,1460.5662191120196,1550.161529799009,2132.225513836116,1640.6313961171581,1816.7993146250044,1765.1047128090997
experiment_167,0.0,0.0,0.0,0.0,0.0,986.4488113435193,1051.4211722726227,984.7988269130099,1135.7914609059644,1188.988374702496,690.497840103537,706.6028173072102,716.3811982703643,832.2917930883023,1009.1356075677097,1347.2481774615662,1096.4134848208491,1390.14027289124,1337.0602888352887,1077.7750890345515,1356.6448364519463,1397.7302132857126,1620.9007825885492,1513.8837428110066,1724.2175475779245,1776.8666652409602,1730.5059495173236,1905.453652259834,1757.7342161031506,2044.5295604929563,1984.1677699666714,2305.8288673906904
experiment_168,0.0,0.0,0.0,0.0,0.0,1285.502706213937,1433.670283356387,1360.9742040431506,1141.3066088224496,1596.6912709400162,1501.8392857173171,1650.537805178061,1363.4148529972813,1554.9557654140428,1386.1434024127834,1826.3629199584075,1697.7410854085304,1773.7095877811923,1704.563823459066,1927.4842416786487,1835.941317280573,1882.6870909029685,1995.4196199074008,1934.084436895061,2110.9258107598635,1793.837755413852,2056.6856291737854,2163.286263734594,1782.2296356542176,2066.0723899061522,2194.8923469221436,2072.074383834757
experiment_169,0.0,0.0,0.0,0.0,0.0,1106.942019382588,1231.373613027191,1141.5514444571725,1272.181319139253,968.1580996096872,998.1202900595885,1173.1839077017573,1028.3198294452836,778.2224701827543,1088.056145255487,1070.061164712259,915.4473282185693,1386.3511680052789,1009.2111381263791,1022.6932049260404,1130.1045143374768,1344.188547687041,818.6417536005285,2060.504884083793,1063.5959009948765,1968.175135451802,1454.47013002825,1285.1807330536342,1323.5666939991547,1208.8487648139949,1528.5034118415065,1443.9853925780183
experiment_170,0.0,0.0,0.0,0.0,0.0,1081.7260911239005,1152.946532351497,1390.5405031842265,876.4959905447012,1519.214231396113,1305.1479279554337,885.637352999297,978.2912880706194,1228.3194146867654,1369.6964665947087,1043.2414184171625,1068.144609447721,1236.6318225346783,1284.0520746242476,1455.117424382464,1447.899891631452,1336.8138425142397,1085.1367409237596,1054.8347812046006,1490.7677933758387,1188.9810445316434,1408.2754621696863,891.9119048076543,984.0237194286044,1074.106558373025,1368.4733852719864,1957.1376917089904
experiment_171,0.0,0.0,0.0,0.0,0.0,693.3825201401888,1153.6028766094191,1190.119924371073,1216.8164059978449,1150.0592012240818,1219.8143595823108,935.4581796818798,1246.2805273776094,1503.5649663133029,1249.489026323539,1267.3059536242467,1170.9423734997767,931.0863164647106,1485.238280271205,1217.7881361107402,1621.0906566596714,2355.0383316160387,1183.4331494295182,1561.0092745666848,1960.031909199092,1515.212270733834,1625.4507358987478,1701.5234713697814,1761.612200359135,1598.9383522948458,2037.9999435369416,1790.2607979246636
experiment_172,0.0,0.0,0.0,0.0,0.0,1438.8350525150584,1225.7079653989417,1434.720768004594,1680.8975077476969,1401.2732654770598,2452.831659476792,1647.3595085751845,1280.2123690169449,1438.331328001383,1541.9943126670769,1393.7909396037921,1321.2891422224227,1365.44116365704,1790.089763937091,1738.1551919599858,2012.4316643416319,1470.6859864695705,1713.1320672244003,1876.5192890228177,1665.032275452448,2132.1457621758973,1966.6819384715136,1984.979121148424,2085.6006787840797,2073.2867458550227,2449.8918346601304,1755.4456779225902
experiment_173,0.0,0.0,0.0,0.0,0.0,682.9903608103211,309.70625053860493,1338.0445558488693,1161.0913703046022,906.6822254704169,1356.9981428648043,1202.294460314489,795.2121984526268,963.2878445031197,912.9247829768685,1635.414167542715,1631.6701134773627,747.9755308149466,1050.5776588537885,1386.9110260453122,1347.154226529639,1129.836935369293,880.1726495322107,1651.6908390413564,2203.4160372519164,1540.8546713955732,1707.0027242380636,1379.5135617266585,1708.3416229183413,1595.8676460855036,1517.6564120367145,1575.4783629315043
experiment_174,0.0,0.0,0.0,0.0,0.0,1346.9022169692353,824.8568138595028,1271.4604830637713,1316.0944475102124,1062.2557938919376,739.153494986158,1230.3281992308932,1561.4666636476284,1663.5356700575521,1289.0739817215263,1054.5514299892368,1524.1884142650676,1653.3415866083958,1594.7201435171276,1151.0915284164253,1498.410134867959,1162.3384652560587,1529.2762459213327,1981.2637773121257,1618.2407001902548,1279.191792439935,1793.756240588126,1456.2814345852712,1542.021236229175,1767.362584327384,1434.350501000888,1698.6454253991442
experiment_175,0.0,0.0,0.0,0.0,0.0,1171.5481138419484,1358.8689440861176,985.0748674593517,1529.8296274467334,1312.864614462067,858.139621847825,1095.6942762163521,1401.8731948414802,1518.178972000629,1273.3456228198636,1421.2543915694123,1148.956771525343,1343.0777893297773,1487.1216110788757,1330.1918907315624,1205.0414743925774,1515.3750004911728,1523.0548135333077,1507.3899839537423,1080.8726800593236,1430.491926133453,1536.7205983278157,1582.5773409574463,2419.5009857622663,990.513234623462,1681.4227869487622,1635.2428828678926
experiment_176,0.0,0.0,0.0,0.0,0.0,1361.691324360312,1420.9320195966607,1234.8273974839021,1606.0701933585062,1562.0222532799,1737.5713485841645,1672.5463877801326,1549.7827955073433,1394.77637518665,1451.4251200149536,1398.814663042387,1707.3349040906694,1671.9481543796392,1912.326580387406,1589.3021780268546,1811.9455927535635,2007.1548204423284,1820.7036446191123,2105.0610368123444,1908.1861798487553,2134.444329652304,1911.2328476838325,2468.2762979212284,2078.0019613956256,2267.696435719159,1745.713068290418,2277.611818524111
experiment_177,0.0,0.0,0.0,0.0,0.0,1145.6518185850377,1108.1164271992484,1220.7493014924178,947.761952840905,1485.793679911877,1504.955005128703,1259.027574839257,1565.8966679305245,1444.6784441050445,1188.40049187944,1304.4196263160648,1404.5811140890153,1490.37976055061,1447.2589794627531,1570.1841157465997,1531.7652538278578,1650.01715263433,2044.4367649565643,1064.512874273418,1805.443865630244,1652.23114185838,1772.1450846633616,1979.1398302581313,1659.6119404771016,1828.375137306699,1979.3655121567404,2007.6346148366083
experiment_178,0.0,0.0,0.0,0.0,0.0,1124.4581706238082,1191.3762004766158,1139.6360775831965,1304.0357394215328,1480.7203909181665,1537.7617478192672,1515.6375456753506,1110.3741091070397,1437.2062426500684,1300.9049483395072,1537.0255421295244,1438.5759539146309,1487.829982591116,2008.470147704925,1511.3400029513602,1689.3443954789186,1592.4708704781324,1803.271764716284,1864.8646293391507,1653.1231018238354,2055.1793820172925,1696.5383005065657,1815.860827238279,1954.1932136947905,2105.8509095056506,1746.2654222136987,2116.3100054785796
experiment_179,0.0,0.0,0.0,0.0,0.0,1298.336026794433,2202.7514939330035,1233.6220571222937,1250.2909121996151,946.2353079519416,1310.5665254149592,1130.8804609471267,1118.5275759569176,1047.27398159306,1256.0271965532477,1194.7737468910075,880.1414163835608,1456.3183391139473,1110.1484216816982,978.0781966759555,1052.8032735317934,1049.0736069573804,883.8257270286057,882.6779853159162,1048.844442997302,999.8326032122744,1004.9492633525357,1110.6509574665197,776.3451771148414,821.627141392146,1393.4266707746485,1301.3586939973866
experiment_180,0.0,0.0,0.0,0.0,0.0,1330.1568597667522,1197.2297740008971,1139.353876257545,1280.832986228988,1044.7098695718612,1249.4250530492018,1519.324573329522,1514.852922637424,1375.563017296188,1348.6477170261273,1322.3123316632204,1437.7546042196775,1608.9643389419675,1615.5809952604527,1674.5423143167206,1893.6636894262251,1958.585507474222,1731.6474076371358,1845.2656543370626,2026.428278607118,2060.8736993358325,2553.3287141171922,2192.2644295379205,2297.4531533183767,2630.1683858734086,2437.6103824637967,2425.156139927198
experiment_181,0.0,0.0,0.0,0.0,0.0,1546.0538305736934,1320.3052713170782,1538.3631675005984,1282.1594586317099,1386.8876791621167,1807.8351107331157,1056.341260610109,1625.0563246062559,1528.6120184342547,1652.3057112360839,1418.3218919998615,1515.7538478945326,1817.5267171175158,1666.9908708656083,1424.9765248608787,1608.9155281428766,1423.3762814560218,1644.7093218484324,1834.4336662604446,1869.2704254911632,1950.3700274719017,2050.1384732046026,1967.483438001584,2153.396375368702,2213.1087320956303,2167.7821294718688,2394.2339940142224
experiment_182,0.0,0.0,0.0,0.0,0.0,1210.6446001805894,1928.1123745634175,1170.803350828262,1182.7858929634604,1031.3606402798512,1011.3082908381914,1635.8430884939648,1422.3008402898145,1358.3786806401,1420.963187185442,1206.4741027478024,1595.3126830602264,1754.3155766321754,1648.0363472009003,1204.5397912467147,1292.8539567936423,1823.2773195519692,1728.157151846646,1925.93609719837,1842.6674964763642,1878.3041115791834,1767.8047204371485,1944.014060218518,1960.473760757518,2016.3398985054257,2134.8282079317014,1967.4986722464405
experiment_183,0.0,0.0,0.0,0.0,0.0,899.4575693297805,897.4513718968495,1371.3159948612283,1189.1557387167077,1479.858082818354,1935.115499722352,1141.7462710186594,1342.453742024253,1179.9168121621317,1087.120669643689,1624.1894645890884,1138.0624930878737,1362.0176653516583,1260.5954136316477,1405.6540213693627,1610.2913879861671,1684.6761690229232,1740.934297268958,1656.2897913124693,1653.0915431653116,1968.109393902756,1850.0017235215394,1838.2311595923743,1986.151387634123,2200.0918651939082,2339.3388099852486,2233.6045420354767
experiment_184,0.0,0.0,0.0,0.0,0.0,915.5106165859257,1176.5521687153714,767.0514868656845,1718.662783858948,1077.6989737703727,1214.4202596912924,1509.6916681803177,1336.6102613512269,1345.4174009628373,1896.6237006186034,1362.3619247938975,1507.830060008062,1217.1836980989078,1577.0275893840985,1513.8731524194463,1336.3777963041518,1093.6707259282516,1923.5131325743387,1693.256744183604,1855.3783581675277,1305.9138255388193,1785.2345400874392,1738.734220866948,2083.4399171522205,1317.93865712646,1763.22075772885,2080.9737935265903
experiment_185,0.0,0.0,0.0,0.0,0.0,1120.1923843222996,1527.9498428251277,1224.2321264006184,1187.2065478675277,1268.8772175962151,1731.9975507835175,1753.8804959549043,1635.2325239402498,2336.9539279747164,1402.7670351068896,1551.299166263304,1711.2644775893978,1696.332576319266,1274.6680652288169,1381.3778208709396,1608.7096229762578,1767.0444767348272,2052.881445808108,1784.0841982781862,1767.6462104052498,1714.923711410372,1791.938557193877,1582.125686620086,1648.8929601146444,1742.6821630455083,1527.3881946440024,1674.9172635156863
experiment_186,0.0,0.0,0.0,0.0,0.0,1181.9805005985597,1005.0931415550207,1289.2483844680014,1516.961045161967,1246.2067323920598,1557.6894704725244,1214.2849367417896,1524.718639247876,1241.7457039970163,1264.8593922850334,1400.6095504086582,995.5044282014894,1173.1424367472146,1412.6196622263328,1324.7790537485412,1243.5852449175784,1261.9510305375732,1293.4678479169197,1074.6499919865973,1391.9449585916145,1466.7290399627452,1591.7394381134986,1354.2460790380183,1639.2778728115993,1573.4200726067859,1487.5923901249257,1526.7489235191642
experiment_187,0.0,0.0,0.0,0.0,0.0,1803.8145613073943,1197.4169156492178,1164.582423803421,1485.8804777957075,1223.2259484907408,1510.7302062745991,1070.1740518327704,1358.1541062059969,1385.6976743279643,1441.550743652846,1644.3683954146536,1110.4388246123501,1347.9343331869213,1405.4619974647753,1504.4235890122238,1411.9673262214342,1112.5487957241908,1481.7406869857057,1576.5743983100547,1753.87521985181,1543.2299062202414,1604.2335480693703,1575.2370627585765,1595.7412118369634,1601.9075667176417,1672.5769937586879,1621.439186163349
experiment_188,0.0,0.0,0.0,0.0,0.0,1334.568460570749,1248.6260819411536,972.1489070773634,1463.6969201248246,1683.1101880697368,1162.445957349845,1231.2701748284044,1312.589448084526,1090.149299152057,1013.8866483558429,1224.3146516372863,1137.0192474996459,1540.503922362896,1444.1659411034361,1557.3495962494987,1513.4822441333527,1311.206325792509,1514.7792322537061,1354.5141459449958,1472.6695927755247,1532.6698843503043,1609.4183397466682,1539.0119945078814,1645.1668965348754,1885.7725745316066,1615.5475409851135,1725.381315245533
experiment_189,0.0,0.0,0.0,0.0,0.0,1159.4942987627724,1310.31078431788,1302.4814724324867,1462.358901772828,1517.8601308635125,1246.45453889342,1507.6146335087676,1246.0142610688372,1560.3991148304679,1404.8184515592752,1668.1866555178003,1633.5314235067176,1570.1167775530514,1644.7270735093352,1761.2129233194705,2035.6705181874981,1891.9241680185744,1801.3597388906926,1757.596787885541,1856.5229519423278,1935.0168201692422,1981.7930149665299,2131.5761506424747,2000.2539844424755,1925.545005398553,2032.0250015719378,2215.1081074649496
experiment_190,0.0,0.0,0.0,0.0,0.0,1276.2234683177696,982.7829679261521,1270.741105021265,1253.8026772206208,1323.5427098358284,1563.8005551824544,1573.3688902908518,1258.918789060484,1234.1129707022023,1457.5501964416299,877.2674777070713,1313.0941569745755,1514.8020455889814,1483.6139010560069,1439.9126586509633,1544.7484995937123,1784.856949266645,1892.1926448276708,1889.9584513058235,1846.1632391464755,1640.7469288269715,1901.6419751188691,2117.767989274095,1762.5435645660452,2000.426799083983,1881.2978446728819,1480.639850212692
experiment_191,0.0,0.0,0.0,0.0,0.0,1361.572163258509,1523.0067171336673,1540.7138869331416,1521.4788222548275,1452.3608572998398,1492.1458536002106,1678.657867599139,1444.219644190275,1948.4019367344881,1761.1444403313317,1909.0536159981841,1972.2852706406377,1882.4224744088158,2223.9528833555946,1994.9756827407243,2144.9832106048666,2198.1386964505937,2172.2711033937817,2053.226590406713,2085.356287179109,2474.631307962136,2431.523446311135,2458.1208067093753,2549.43996781271,2581.03353161,2551.4682020712144,2755.4503681644846
experiment_192,0.0,0.0,0.0,0.0,0.0,1081.4840378535544,1253.238096815376,921.161611750333,1388.6626150978032,1226.5102142440148,1012.227261586926,1320.7398523271966,1186.7243928812811,1579.5122002485919,1390.6226226452686,1360.526541409192,1298.9311632776617,1335.263830105191,1276.800642465455,1376.4633845004776,1294.0429929008249,1402.595060812476,1356.3245206936886,1218.9610225421447,1825.2599406488996,1588.1427482467084,1321.1615436744387,1478.2975696598276,1132.257047931202,1508.559651171003,1150.769645110853,838.6359460024489
experiment_193,0.0,0.0,0.0,0.0,0.0,1253.1815519516047,1157.2432630492217,1439.8038407282233,1067.8934052827756,1367.8092905511926,1581.059611865754,1402.5548350600889,1227.5303269804328,1552.083285224161,1561.6057783575918,1262.8235339691423,1542.6707925548349,1634.3901793900657,1769.0629868841195,1760.0065784070641,1908.8967136245822,2187.5042732836237,2031.4607186466626,2129.056637212192,1713.526310649155,2166.305619126672,2216.97175104328,2392.4098302131106,2477.000206889995,2781.9408239764853,2672.132530947694,2590.2354006083638
experiment_194,0.0,0.0,0.0,0.0,0.0,1045.5380649421254,1631.4303684763754,1784.7437506809906,1534.3499141060126,1386.764149925586,1455.0885780997573,1555.4622300419674,1847.190344466781,1546.4564513636478,1768.1695379184891,1745.8588169476864,1950.6388305445666,1917.4775534607916,1887.6789489569292,2038.6542867648348,2042.826739936873,1924.6081025797153,1990.7926813229637,1959.55253096549,2651.510744122244,2000.6041628814119,2242.158460097032,2459.035672957024,2431.955500353385,2346.5810999352643,2352.9101848023997,2497.7442822429834
experiment_195,0.0,0.0,0.0,0.0,0.0,1149.1359681542774,1140.8682406480257,1370.2249063003153,1180.4052149951135,1181.8939527091381,1036.9493220619684,1624.2024722108326,1393.058621919615,1299.9925148061484,626.78842811992,1210.5399968425136,1528.0106113032632,1309.3702667233708,1757.777387697667,1474.331961178288,1470.6472654621334,1614.8454958941431,1485.1992210438402,1533.5751458844206,1832.8723601583838,1686.8207135665193,1514.0886806586661,1784.2225624645637,1739.8163598011424,1887.7257694003142,2137.8648532798597,1975.017521547825
experiment_196,0.0,0.0,0.0,0.0,0.0,1059.758054942986,1256.4345822744278,1732.768725503394,1247.0454169323698,1155.1633263905592,1044.2433179793043,1269.3425613157794,2058.397379289596,1425.942468105337,1367.3433032916887,1636.438621041229,2005.6194924087251,1657.4403479509706,1754.777032778578,1972.4011800290987,1700.8432764652712,1983.8726397130772,1470.299265182526,2263.7718668326665,2069.678927750049,2087.9305586014766,2218.4466096173637,2395.025828813587,2328.222150101053,2082.386947643146,2223.5830604047374,2448.795432809723
experiment_197,0.0,0.0,0.0,0.0,0.0,1139.3584261298388,997.1301998191548,1211.1604970209587,1285.3108860213683,391.2366493560741,1936.674530320189,1257.2070818591114,864.6842471750501,1371.74750573245,1391.2339656281235,1359.137478854298,1328.832607216315,1509.810639117582,1629.6701590024204,1700.864219914998,1585.7851510636608,1969.6216317070157,1512.120456204974,1730.6318560542554,1609.256747605331,1819.3018791730642,1424.113116867941,1252.8886721101535,1649.2092311509596,1383.9337457945253,1377.763074945402,1454.6450220704378
experiment_198,0.0,0.0,0.0,0.0,0.0,1754.4629980372479,553.8799847195849,658.6839639869511,1225.6488823018676,1015.4614639540698,1450.6215714341306,1315.8978104454843,959.1467786142873,1108.1522798513806,1548.6281175594515,1141.4361107688337,1052.1090995287177,654.1780821860054,1410.027844771858,1005.180074294622,1575.3845745406452,1441.070445138445,1762.0681024719725,1828.287767750113,1949.7957435256858,2035.566319309028,1974.4200713783732,2180.747337979375,2306.52821988434,2367.5221824467135,2650.0996741028544,2586.806483603776
experiment_199,0.0,0.0,0.0,0.0,0.0,1036.4554099384848,511.66792478256394,994.1507020290439,1087.5842627923726,891.4057663220192,1286.3446548656623,1534.2951613870061,1462.1423520167245,1201.5812867635195,1076.5807254867307,1760.0648259479312,1798.1128649617124,1355.5752035610979,1252.127316218899,1767.6994606021733,1227.63324798386,1217.8184678158555,1435.4642709229684,1260.3725058776033,1795.0046735365845,1617.4769880154033,1537.7358584236667,1550.0555341149495,1700.3005485106055,1539.5121732408477,1864.6013973413756,1561.8867863935188
experiment_200,0.0,0.0,0.0,0.0,0.0,1709.6437107623826,1142.2511867924518,1290.852928154951,1111.7311095515106,1343.065106082526,1420.6749665377201,1354.821156942665,1677.9187066051109,1784.456434729446,1506.8368661111763,1971.3830050791353,1574.3316100562256,1653.1013687945206,1680.3569057541602,1697.9708993497861,1759.637674116349,1820.5412050889158,1649.858056314569,1732.4912820188101,1549.637489906192,1778.886285572433,1925.984489537924,1888.6205427956008,1918.4125420445819,2065.1280537126486,1836.568984411042,2090.3038975193936
experiment_201,0.0,0.0,0.0,0.0,0.0,449.5634603392625,885.4652518756462,962.0830146616302,918.975010524965,779.8308740715395,1227.2482921784822,1393.496821984277,1345.5468723182125,1497.4661346370654,845.5993710169558,1245.0388598846162,1240.7146118807018,1095.5134309367875,1095.1598735425987,838.9857621891409,1506.9869416415963,1203.0246689662258,800.4910407461371,1508.2777144088795,1174.818638977305,967.8730718434613,1151.584346190883,1348.0235421996124,1352.3459657739531,1353.8562852630107,1872.0041271717378,1309.313713033981
experiment_202,0.0,0.0,0.0,0.0,0.0,764.2273997823992,1262.186769472795,668.7285551436344,1112.718352132889,1166.7250453750737,871.7057773538195,1630.0293971541823,1408.88385519173,1138.1084353373853,1404.596191004701,1522.7889929549076,1593.6697131268756,1219.3436212507474,1629.7769990866109,1267.0869050464646,1505.3298526879114,1283.857252501588,1381.9549157596198,1486.0594559580688,1038.0398688041273,1577.5746870172916,1389.661065626122,1545.701110136138,1421.2496160018427,1498.2610915827163,1662.4586834256877,1784.8755309495305
experiment_203,0.0,0.0,0.0,0.0,0.0,1560.9492911212506,1251.8935887321982,1446.86885097491,1544.0072474121905,2087.180114873674,1415.7796346566024,1732.469867771383,1827.1244532758192,1539.6551012612829,1602.166412041425,1729.1875606353713,1922.7595692208536,1729.8417692475905,1810.1095345859637,2028.7518640047458,1810.2304717306079,1917.759031772865,1943.7098347774988,1991.7499975724509,2233.380395723476,1550.3520538248,1825.4794192697434,1992.4691994388495,2301.966211836348,2247.8485141668216,2281.51099864262,2508.4283124433555
experiment_204,0.0,0.0,0.0,0.0,0.0,1008.9866957900363,871.5857376028715,1508.8169610497544,915.4205315285528,1114.7315029796341,1170.003044221671,1276.766623719323,1443.8111170860495,1412.020684577251,1406.5035045288605,870.726221276446,1440.9833879433659,1612.4251140883894,1434.5315763142248,1525.3952341002132,1719.131554133523,1688.160701060015,1570.3315315825125,1731.7034310900776,1412.8395052987587,1591.2403533386391,2039.8326958074772,1841.9600456393014,1935.9031574638057,2015.6742674734282,2052.361790889089,2111.0111758069525
experiment_205,0.0,0.0,0.0,0.0,0.0,1939.2681081460833,1727.5354603375656,683.0575457184233,1204.0584413343076,1724.8627450665817,1834.4468845417994,1794.0542562853811,1084.0877532800264,943.1749182906008,1305.0092878611538,1525.3891756283717,1551.0331313502993,642.0894202709853,1436.9058945377824,1520.2650845427452,1587.7068704923174,1453.2914870280194,1452.3818839649891,1465.6326995675738,1476.209089225056,1703.3790792146533,1694.2291238343064,1528.804178541798,1255.389255757931,1394.6832809664302,1537.3136556422976,1879.785402436225
experiment_206,0.0,0.0,0.0,0.0,0.0,1441.836305032987,1149.9973684513475,1596.285943442375,936.2044043496016,1334.190706862776,1396.2626155771018,1042.5620289790077,1272.3213091082198,1000.1040774456204,1008.742991749762,849.8585053408433,1093.2861273471153,1235.317418432232,1193.7247499675311,1516.586970564234,1123.804806790968,1296.2297631068068,1376.7261750685268,1186.8329604239534,1293.9429515084819,1347.0110023636926,1462.319255757355,1623.8250743154254,1361.4608418099874,1240.6526643945763,1664.8465529605112,1615.922852836036
experiment_207,0.0,0.0,0.0,0.0,0.0,881.8606474883236,1791.5434048064635,1469.8435127168568,878.997323480557,1073.6877597840385,1023.4155554282972,1002.647921171302,1245.6281594120708,1261.942271783751,991.607971604745,1311.8061418810275,1305.0007395927983,1974.293309130247,1405.22992339099,1320.5772144932696,1477.0650037581831,1433.6192113969837,1582.244473933472,1868.9286841085407,1336.6042775202807,1634.6039058067104,2122.2158041277953,2046.8177253962208,2120.6361509442177,2215.7637282779256,1830.5594389130192,2390.582837805662
experiment_208,0.0,0.0,0.0,0.0,0.0,908.4232794971016,1029.2575063000763,763.0148723940715,1034.4654070428303,1341.7687102510338,1253.5974567317119,1296.8006213054446,1175.43983700776,1186.9611937196519,1361.2273522544647,1264.799298679239,1257.4465049577748,1441.2084690939355,1185.791573841619,1414.7458242075613,1593.3658444629416,1242.2985361295373,1726.1469503521053,1481.905562168083,1571.1198496019092,1469.011652934641,1716.6343949319125,2050.650712778928,1953.732570202255,1887.3989977875258,2006.9806739373398,2112.7948595926036
experiment_209,0.0,0.0,0.0,0.0,0.0,840.9928826791748,1297.5711746917686,1103.7959464429198,1614.980378163161,1707.806121703968,1581.2357141813727,1286.4545656085131,1378.826635035052,1232.1090321802506,1081.6552541830943,1495.5499664287568,1152.7636300028767,1140.66595050385,1372.3386552932811,1413.0752026816244,602.7939165778765,1382.174798440145,1232.2454924020712,1329.7952614765154,1513.6534967868333,1528.262406959198,1306.3691352455467,1936.889141080266,1812.2640972638324,1290.0369747605614,1706.5051390951614,1698.4563419488743
experiment_210,0.0,0.0,0.0,0.0,0.0,1310.9936889633605,1718.2447283411548,1865.8156015252496,1288.2316811444214,1473.5066703450175,1719.41207847804,1213.1037872687907,1739.5886982263685,1375.9750479412987,1661.8349696712653,2023.1812063725915,1678.9391988264729,1884.9239928713528,1562.4056730159086,1884.768449716349,1706.5381343860204,1618.4430764049248,2099.2799008934135,1946.702066712367,1731.5065294064698,2079.6495595065217,1816.5873214900919,2019.4072916739478,1859.937073164224,2170.7118495523537,1924.6016092063433,2053.131409966846
experiment_211,0.0,0.0,0.0,0.0,0.0,1323.661623377603,1047.7339536849247,1064.3193965806533,1507.9904721365604,1167.3054782312656,1457.767483573685,1450.4303294724095,1462.525207374456,1350.8525886423677,1502.6817820775557,1409.5171215617722,1394.539673630668,1738.6185161359012,1570.8197101612232,1386.5170411421852,1601.5842232831428,1414.353022992573,1565.985473252948,2159.3210841222744,1719.1552369307608,1592.682200268995,1751.33273844376,1603.83702971227,1629.7866720238246,1967.4816132344154,1958.4785276778764,2162.2558633785306
experiment_212,0.0,0.0,0.0,0.0,0.0,727.7622873479428,1049.3496336792628,1054.2129238587445,1083.6270404699324,1656.338460829839,1182.8271975441464,1071.5368161324147,958.0530607260368,771.636790879442,820.2840256703122,1549.883147655014,1444.0464962994752,1513.4931822774242,890.4860808407998,1459.802533099027,1868.1093785794117,1467.5472933140386,1711.753568909548,1569.4906597270583,1657.3942889196824,2121.4661890450952,1521.990732388335,1714.9809052327846,1778.8119849452173,1724.4522101393902,1714.2332286971914,1868.0569931217965
experiment_213,0.0,0.0,0.0,0.0,0.0,993.6428035867291,846.6561851561546,908.5489574729444,1207.9214533708587,1306.2407365610666,988.3509987535354,999.0811867954176,1236.770178708326,1485.138376148649,1404.7856979798332,1407.1016327933442,1055.0862544709682,1139.6321202489958,1240.9445766137533,1687.1038894210149,1136.3980262513828,1217.6563409231796,1003.9861818291683,1473.8266629930176,1646.585863263968,2294.568507542922,1871.0385121231204,1369.9015650266515,1322.166672072924,1435.3953253468285,1845.0270300996294,1766.1567683305107
experiment_214,0.0,0.0,0.0,0.0,0.0,1246.4327306885502,1739.180065030206,1242.9161703624504,1638.0998031046508,1910.4368601301162,1892.2519629757571,1681.4828486224415,1915.828410604513,1763.9429431050871,2000.406189535713,1867.3248800267754,2278.1943792845623,2074.4610860194534,1792.3867509413167,2063.6336540360144,1944.4615697184686,2057.897619879404,2017.8224779021155,2357.398750803136,1945.4940206493918,1858.1375765021598,1829.540457512747,1935.4019510736557,1896.7834051198897,1918.733970494923,1593.3267586323861,1644.0923451049455
experiment_215,0.0,0.0,0.0,0.0,0.0,984.6889853122575,1373.3639672893787,1110.406742017547,1568.0714076851755,1286.8957815370848,822.8786017037182,1428.1768888670226,1246.279409207908,1386.5689725422858,1208.0644141937335,1101.3133531649178,1699.0878963340267,1272.2181825861705,1612.4602411736248,1495.3667461061214,1670.605868355632,1696.4516159238406,2028.6706329808453,1996.6941799369981,1769.8273031125789,1760.7010728497416,1994.3365445403404,1971.521397901527,1874.783328026655,2349.2646794344855,1953.3253629280964,2204.8968485787377
experiment_216,0.0,0.0,0.0,0.0,0.0,578.5324574940371,911.2746844106754,1014.7171473293181,792.7577168434569,1161.9697123841004,1208.0957910403208,1266.5204264815425,1136.7688344703542,1195.2294869615043,1135.2555086574607,1652.8120449857033,1340.9315820794834,1974.9345578713157,1196.8630522248422,1133.9451563607404,1550.795978370994,1347.7929013547564,1718.1132605545567,1411.3728737855656,1646.5108792966103,1315.4102744542163,1230.8562735144897,1698.00606046081,1718.2265160216907,1976.8041355385053,1774.1538695968547,1823.9273833647933
experiment_217,0.0,0.0,0.0,0.0,0.0,1344.5383685061925,1048.8146549976077,1512.2784199018938,1727.2862863948442,1395.7908923144682,1391.5987996025742,1330.7580437114289,1318.0955517616255,1627.1225580175792,1251.4080198027004,1464.5432540619865,1403.037259865309,1356.6451698495334,1579.887899962017,1431.5214154748712,1340.5690319922849,1718.3367854454705,1524.8439314125415,1728.5075572749922,1700.3098146165814,1812.5115868699186,1802.2637475968982,1903.5221853941955,1859.607500615766,1769.3054188885294,1757.7584682881093,1960.4847929536104
experiment_218,0.0,0.0,0.0,0.0,0.0,1278.953949693219,1417.4751457712628,763.9609043464245,1332.2336424031987,1141.8283469551518,1072.3838409276748,1374.8987912632563,1346.8549324196779,1272.9623167479594,1675.1204225502322,1458.487517332598,1396.162281429712,1396.949607517382,1796.7606899345137,1959.801186528396,1249.9230512383276,1539.903455173785,1579.2464800725406,1556.1923081071493,1834.8435830319263,1673.5188632575164,1487.074535719677,1867.2655479678024,1710.7437920144594,1763.1589572934972,1832.124518286374,1832.1544671272873
experiment_219,0.0,0.0,0.0,0.0,0.0,906.9266696299309,878.283915214012,1322.0489578927904,731.097120343919,1000.0727752148935,1126.6762923867427,1021.1773940526673,912.9834263108933,1076.4427350716219,1085.8249541871567,811.0473064015222,1290.9999768150194,742.113655043051,973.7466262150285,986.1118740697625,997.3593826743413,1047.4243650077851,1303.688690762721,1365.141262144658,1490.5242082450106,1253.2644433128407,1186.1714560477433,1526.415959472655,1271.5701976671469,1358.3836579414155,1362.2935981952842,1497.0639200604844
experiment_220,0.0,0.0,0.0,0.0,0.0,1311.4934547239936,1041.571599179495,1350.5699332367194,1168.3881094914564,1434.6527081712434,1271.875497500254,1441.152630690972,1709.3628453265758,1504.2449251807043,1509.491960404751,1479.0920273078043,1431.9284833667093,1771.9143134516764,1642.593210520024,1769.4099905244848,1993.873456915714,1596.3575121048161,1724.662442586174,1465.0180017267605,1679.6982482318629,1819.7989448186238,1621.8171456069758,1957.5624932263127,2014.0755478664214,2108.204257199306,2046.520088059257,2502.425643763365
experiment_221,0.0,0.0,0.0,0.0,0.0,1174.6377147043936,930.0070147774013,1291.0047386439169,1091.7888954105908,1543.9304292479424,1385.3399048026567,1523.6373785162473,1377.1235294132082,1778.0622100925302,1177.5498851786372,1449.3407698329804,1240.4952486827578,1417.4001238811518,1777.891020309084,1394.8411915906336,1879.8923540337855,1228.068490071902,1310.7797684217699,1462.4220322375265,1515.0625912989776,1438.6541018552757,1582.9290208144305,1029.782510047068,1405.2524774904061,991.7025979851614,1570.8565277935709,1587.6610034201776
experiment_222,0.0,0.0,0.0,0.0,0.0,530.9630948604263,878.00638506507,1086.0580249573636,652.668214409626,1023.782522930863,1393.1722404335956,1383.4639426985088,992.962308205843,807.4673269916211,1174.9053422557224,837.000844989323,1192.055946841251,914.0292447832771,1128.3466453350075,1097.3801385711022,734.5583056872399,1119.341977271279,692.8963371232461,1422.2974380247629,1448.5156116203975,1527.3705811565455,1288.2684436151892,1414.3135775671792,1482.626380513926,1634.6868173769462,1573.3544146688273,1646.7996967070346
experiment_223,0.0,0.0,0.0,0.0,0.0,703.5275432733072,1315.9149814553407,1242.9009290334125,1307.2862121998105,1139.7435939036873,1649.7067273201064,938.3450340464537,1697.6573518080063,1592.5959098124895,1201.6092688155527,639.9406863273596,1419.3691630432106,1094.2882556537584,1202.7709735695826,1328.6623363241583,1005.6492131384566,1451.0565858128707,1474.2391379104736,1021.8090043586335,1275.606996909665,1254.2576018904228,1440.5994610528733,1017.7460075445035,1449.4727243120624,1342.1442841020134,1570.348599474163,1174.2050416112065
experiment_224,0.0,0.0,0.0,0.0,0.0,1580.7139777470998,1044.9568241144918,1308.1616928205947,1368.7963519179348,1226.045154648002,1235.4207736085748,1505.8791073371008,1311.6218858089737,1373.537012647826,794.108405521359,1221.9485561066217,1379.5554668029758,1434.503721460231,1519.6277486919134,1569.425888707744,1407.1092793559856,1688.7350337621513,1542.9220555611562,1704.7096972014738,1716.4028768292771,1526.5372278289574,1724.5591258392674,1658.1150736481102,1637.6888798082564,1761.2246754994121,1473.3712526198894,2000.120450046301
experiment_225,0.0,0.0,0.0,0.0,0.0,175.5574248231513,553.223040444538,1640.968832706324,1012.0034128224562,631.579855103166,1044.1441176046474,1094.135551275919,948.5440992140961,1050.059312111519,1805.3013677971749,1342.6080016833848,1321.7529699774236,1357.0765049242532,1305.380225733815,1552.2460639951125,1607.4679940137873,1460.0829488892882,1416.663693213295,1633.9666180205722,1806.0042108659982,1953.786638090421,1614.693096993268,2222.226989965804,2105.2986094874564,2217.9273569655534,2609.6050465158237,2363.9626177325486
experiment_226,0.0,0.0,0.0,0.0,0.0,997.7866346023716,1140.997992793936,1501.1819987582232,993.6942544187434,938.4999349502975,1291.8037645134227,1102.3268975706674,890.7183963384134,1308.693898973668,1084.3908722613717,1438.75909377287,1216.184531572543,1524.9264261080793,1106.2694175185359,1108.3872922060598,1249.9185927464025,1174.5089637028873,1625.550730841339,1493.0999375844654,1787.5371647777795,1838.609772379679,1838.3244059590043,1951.7975381238573,2090.5449601261253,2221.4879791437443,2042.783436574548,2595.4434706416127
experiment_227,0.0,0.0,0.0,0.0,0.0,1309.3220020124193,1669.645342521636,1543.2495871629562,1398.5417621035335,1587.3922852124474,1536.7784530955155,1602.9311023388268,1614.978860986408,1637.9523928003387,1727.576146416258,1534.995497783635,2071.0011615259295,1707.1428426479602,1946.0493582652214,1901.7692301482189,1760.8313154155521,2047.4825725375001,1984.1659848139864,1884.4778066840863,2077.5647350822787,1931.8541195724108,2216.2793762391498,2410.8606280766426,2192.4847525199966,2259.1243138093923,2381.9245987663053,2366.226610026686
experiment_228,0.0,0.0,0.0,0.0,0.0,1498.016884387268,1332.4222594977925,1414.3188520137585,1389.7628206786364,1093.5156041263467,1238.2481719174925,1366.9398364207486,1858.8779658677095,1430.2415348065563,2049.3133946304597,1482.6865225322997,1588.0451854758762,1439.0921582741614,1243.0365002645344,1365.6032843220273,1477.037600255096,1577.1054791080535,1517.1771988538235,1091.6512619247546,1688.9665016213687,1673.6746558305294,2205.65241470053,1468.4773772886358,1547.1177217951868,1216.8788080158165,1444.9736265784943,1474.9350216767023
experiment_229,0.0,0.0,0.0,0.0,0.0,647.3553929355178,958.0601540364314,1035.0507119986728,1208.1467600845328,1937.3193477823907,1233.7799477391425,1362.3990905851465,1178.2494437189116,1393.8517900195639,1169.807183765017,1420.16804381733,1667.208122383888,1968.1411355565008,1649.8479944570854,1723.3356542326012,1524.6809394024808,1810.5651233499082,1650.7020986716868,2167.698649465564,1925.6079022771644,2004.402115908873,2082.764247487281,1792.58630310592,2410.6259991700954,2271.2784680083682,2324.5872100748766,2450.0478193430636
experiment_230,0.0,0.0,0.0,0.0,0.0,822.0232938707662,1198.5389702148686,1092.298172476375,1032.9616608969914,1167.2081727361033,1168.58254350739,1275.7069909255927,1096.5547595038245,875.283769506085,1522.511715133468,1462.9424859120836,1255.7178671198128,1486.6335488876155,1826.152428745208,1576.6687497692694,1774.4965421942409,1899.628507549562,1847.096864489899,1875.262702634387,2126.872094494821,2024.5751906403166,2115.84726093646,2274.9860173299035,2323.0552194840257,2445.126900359066,2666.3708491676102,2759.7627466582057
experiment_231,0.0,0.0,0.0,0.0,0.0,1368.8371795996047,1205.6541962631115,1219.1168902500647,1097.6510398225046,700.7184113022699,1056.3198959720294,1368.0504997109895,968.9846813013021,1347.2731828117255,1248.4079148642413,1145.7965125035744,1407.424431476487,2300.403351865423,1582.4013888377717,1309.9530879161885,1436.8301178541205,1729.797318784255,1748.93962047499,2372.955455044767,2171.503196102905,1837.1538372927598,2226.2122799461085,2201.1011017566916,2187.800465263693,2081.1412031460422,2261.3760918846224,2497.2833573366065
experiment_232,0.0,0.0,0.0,0.0,0.0,1079.458031696312,1180.7003236137957,1097.0320423495496,1463.1391560936631,418.8240247598508,1562.3164360143346,1048.2692592096705,1143.037526253446,1134.3928179036145,1212.5662178208322,1456.191725976853,1343.6620488469173,1500.792507379333,1564.8533818963588,1331.7358449294568,1280.785938843287,1586.723339148507,1037.0671877545246,1540.6510927498891,2284.9514361321185,1889.6528278346536,1713.5312985145652,1401.6030693693974,1614.4709320103564,2263.3871374046194,2125.1830069524694,1861.2994831119663
experiment_233,0.0,0.0,0.0,0.0,0.0,982.5381611224834,1372.9756295974794,1116.169367063276,1704.4042824508197,1072.2155316017652,1588.3287160368318,1445.4340153114981,1019.3751683156961,1241.3528016032187,1565.119532761556,987.0246192832237,1453.3582150331922,1390.511520869803,1302.6607223290662,1079.309947037351,1416.3518962727308,1682.556160441666,1872.1797240852784,1275.1051458258585,1611.5119733524339,2042.0418787752346,1657.202959400151,1933.118627083537,1779.9607244249084,1889.095806425137,2050.1425885723124,2083.1359767282324
experiment_234,0.0,0.0,0.0,0.0,0.0,699.1577447244308,1399.492197198496,1293.561256267611,1361.2132101621098,1389.7979988940351,1378.5442097607838,1540.5853746878738,1656.3273204265345,1943.1135866032628,1310.7624478746984,1195.2482104729731,1925.844995557704,1582.8850191745817,1901.7367521815395,958.8599399995867,1472.5043460464137,1436.4644553014477,1731.599385135709,1786.1396409620668,1610.4856819912982,1632.650952967357,1463.6951230677564,1687.3310423152402,1734.4112839505574,1749.0970404475543,1901.4120476583876,2142.0658678029095
experiment_235,0.0,0.0,0.0,0.0,0.0,798.8803994800328,1464.9926891056095,1072.0561651362877,1104.6835711027986,1507.381361155868,1831.5099755183592,1339.2326245572817,1333.6425734339837,1034.2766442516872,1819.8642074683562,1519.7320667433453,1506.6545174083544,1573.3253588623124,1388.664122951075,1745.2246245735453,1413.969062361605,1296.4413378970771,1476.3448855036077,1485.9001998439348,1486.6803122428782,1642.4207521731532,1590.5917184273949,1856.5969404695134,1936.5886971025975,1818.004903708573,1883.6328974428732,2040.2813058391398
experiment_236,0.0,0.0,0.0,0.0,0.0,1239.5739070388188,2003.9628975040114,1396.693798910064,1254.3848898483357,1379.432314921109,1674.904628694124,1296.1320020678932,1476.5066690457425,1525.983017271687,1670.8604804378315,1724.8219781597286,1796.4987858646712,1667.2472543748881,1818.9932959209773,1833.2551720695992,1845.5807598513238,1924.4258265989465,1581.3869643863027,1950.5719533905792,1882.164939549325,1797.4862234082625,1796.151294846507,1671.5845467213696,2170.533925993638,2166.168802769965,2227.9275050913698,2141.4603964645
experiment_237,0.0,0.0,0.0,0.0,0.0,1193.3933309752001,1097.0250618171845,953.0570157322195,1218.7522538520666,940.617011304596,956.3662243974189,836.3506896066633,1002.4044937448323,783.3611253916669,1050.5561516539349,1294.6608659252972,1371.3912259791798,924.4401267333383,972.1148762163882,1445.6403066640219,1088.0410034473205,1017.3605361589539,1205.150684655344,1036.4223123797185,1104.6237845955886,895.6228463774639,1354.4368967849362,403.7479898504151,1161.5167581680653,1355.714956934255,1357.9562149717415,1384.6588145403248
experiment_238,0.0,0.0,0.0,0.0,0.0,1051.2216089966364,1060.9344795501713,640.7308961750673,742.6102592467809,1190.9429478426723,1244.9013977841328,1064.8557464780147,1060.1495872107112,1185.0721123087874,1295.1238338495314,1112.7726151973065,1312.5541896190894,1256.198157597638,1485.9234815344012,1373.7756404903905,1565.3636336008858,1628.55765773109,1395.7034262491918,1496.8854739270903,1551.1586878189087,1348.0605181939059,1270.2322695288055,1516.6294952916066,1635.8444929620732,1585.763607430387,1761.8382288630773,1550.684186324971
experiment_239,0.0,0.0,0.0,0.0,0.0,1485.9517906165588,938.5193183991579,1179.5974335859912,1538.8530410946714,1548.0478142030531,1253.6194686271758,1414.609417326509,1102.7023841928133,1121.2343031925034,1340.6443195191594,1132.9665170679775,1711.4740087795058,1422.5361657343974,1583.5039689186244,1058.9612653585036,1523.755831686305,1521.0329654258246,1296.5210385972757,1573.760655112322,1653.486175630626,1395.6610438077935,1571.1013178105436,1929.783270107623,1854.3211056942732,1748.5999704485448,1926.5308074181362,1799.5176384419526
experiment_240,0.0,0.0,0.0,0.0,0.0,1059.0226797793148,1011.1495306473041,1070.5090952876194,1222.1969981669843,869.8037681681893,1690.7636071153013,1533.0672296582075,1474.5481966779407,1344.0246862438828,1327.5443185652084,1339.992272535967,1407.6450268014764,1564.511760076466,1392.8973789950296,1007.3594550745892,1418.4803289384356,1187.2309230814917,1192.486503259509,1915.5843456689304,1100.3008745344032,906.7672353587548,758.7808444048613,1047.8244361669304,1179.1805300112678,776.5750052412822,1356.1949323463336,1330.7222223854687
experiment_241,0.0,0.0,0.0,0.0,0.0,1115.054644308976,976.7749325099315,846.1756971748089,1240.268583525406,1092.4381625567755,1286.9580030427626,820.2769886675777,859.5202710651715,1115.583208010028,1151.0089744564784,489.883684089129,512.616588963253,1407.6145254714706,1967.501313759348,1322.293197319583,1503.967525314436,1173.7889069996556,1516.0130533472561,1763.8658489711204,1307.3047500423138,1336.332362985979,1604.4710369820662,1648.8377783523224,1319.359830022762,1711.9121329371296,1580.0595665673302,1610.3930109919606
experiment_242,0.0,0.0,0.0,0.0,0.0,1523.1144883541251,1046.846902919272,600.1396617737938,1475.582531941268,1387.8384040624087,1567.2718268150782,1452.1502363201328,1403.24854234153,1816.148467707948,1366.226348027382,1647.4235879357739,1598.5046025799313,1600.351183313277,1633.901497349359,1572.2901770788621,2264.398057583803,1352.8478448387004,1835.6220729084362,1632.907254150845,1528.340504499051,1912.5710866084182,1717.3871361986526,1772.7990692187884,1795.4216893410628,1591.5413562455794,1619.8001402738619,1892.8231308233921
experiment_243,0.0,0.0,0.0,0.0,0.0,1190.7361422513159,1208.7470004870404,1071.1331109597347,1505.2079689480277,1246.1704236840883,1347.558597037441,1528.0980579457778,1267.7558360134963,996.4578712522004,958.0235993396911,1334.6432415023548,1146.884521202845,1268.4693116491762,1477.042405413526,1387.457447898942,1397.9286901701914,1824.4273106951239,1225.1629156682689,1739.5741684601667,1466.3944699139447,1836.1994916959957,1738.125026850383,1701.4677241565923,1383.065581181785,2099.240293252895,2098.309014060451,2169.6018107276245
experiment_244,0.0,0.0,0.0,0.0,0.0,1197.2657840296079,804.2306420766677,1321.422461693532,958.7857961441554,1225.0625822556146,1522.6463819254425,1559.4150686194944,966.4887583759069,1391.7779642044356,1074.2781188858492,1029.9587303306744,1161.86137894962,1294.63483575891,1257.9783135944613,1452.4671773485732,1620.6413580048506,901.6230633360875,1381.0197291850739,1339.2548081649752,1440.6906602549866,1412.5339293893308,1681.0703577038084,1364.9985720241484,1689.3666524948671,1444.9226739839037,1643.0334379154983,1829.379592461772
experiment_245,0.0,0.0,0.0,0.0,0.0,940.5979422581098,771.0286321118341,1159.0746819546337,1897.370297507904,1319.8031985165628,1335.5286126905075,1336.6159849471228,1711.1761659424137,1495.572253877637,1864.8867915649275,1431.4155158459532,1044.4344321590315,1165.4973344460877,1419.43171262574,1838.063797633323,1779.3001712982884,1618.3693629432835,1241.2632895385436,1888.9081648824567,1810.362833957809,1747.7765539267793,1449.4762237121706,1592.410053178137,1704.3918689783848,1682.2094766576104,1647.451934036184,1690.8069700140263
experiment_246,0.0,0.0,0.0,0.0,0.0,1446.3949826818196,1521.766467572114,1514.248000538723,1110.531186708688,1165.0122390450392,1224.1436114637438,1354.2379435868563,794.5061154048193,1520.2798589284525,1760.5532863409403,1726.631029378545,1471.4257182457563,1551.7284818552043,2316.2084429477686,1408.0856882245266,1471.819354184048,1322.7225892967526,1318.8800678527582,1678.5338369472042,1765.4106182196263,1575.5411227319944,1685.3383455245562,1891.911271966774,1904.8366021918098,1663.7544368376307,1909.8917051765416,1974.6597879499425
experiment_247,0.0,0.0,0.0,0.0,0.0,1003.4751322597714,1387.405746844517,712.8685447983817,1104.2188226182375,647.0937301398042,1121.3214259709775,1120.5218569050276,1352.952743537413,738.9854699169834,1373.981794979818,864.0451344446133,1382.9358222622661,952.363380962111,994.3742043569098,1121.4843222032173,1362.9445543509232,1186.7247449482034,1505.466769482599,1332.3021206335334,1369.0569523244342,1289.337458969358,1272.849011179971,1675.8986208828785,1444.7856215517504,1814.6670958940354,1825.9551409501591,1804.545095505546
experiment_248,0.0,0.0,0.0,0.0,0.0,1271.8094071295393,836.5139624972107,1221.026679356502,1144.9339512860904,855.2401877851464,2306.736424077824,1445.7584667477447,1071.4737888214186,1380.236747619341,1490.4269451431269,2492.3176123481503,1499.0360945163982,1152.413533016109,1731.0195798831653,2035.761866141129,1496.6546644732516,1822.586637738651,1677.244844987054,1820.1369070883513,1741.7843511426404,2214.0462296269943,1936.637109720261,1732.759626744316,2158.7640875076104,1985.5373964021996,2025.3508824880967,2187.8416685499856
experiment_249,0.0,0.0,0.0,0.0,0.0,1313.8991718099937,1306.1496130982246,1214.3443192903478,1076.0955126227118,1610.466580641716,1587.2912052865472,1621.4259221731343,887.9683714547048,2015.924140852846,1618.095562381955,1643.4431372779536,1624.1316137028218,2008.4798482527842,1792.839268164445,1560.5353495153277,1928.5066413500858,1713.7659781451148,1981.9231698638828,2229.5610957931794,2056.3152106345237,1973.569406483848,1983.1236577428444,1798.635673176461,2159.092981875435,2122.402809487607,2341.195689081061,2408.516164059312
experiment_250,0.0,0.0,0.0,0.0,0.0,1084.6724940596343,1264.952280163775,1160.2258500434343,1488.9983126733518,1984.9972516163482,1487.9284859278457,1401.4178770518117,1071.794491539155,1215.4724747263174,1363.163327239745,1280.4804563590692,1086.9630102732217,1395.7346534098565,1396.9872274361596,1481.3174861315183,2065.716465323434,1612.931995690417,1460.5277995108916,1496.7585298701133,1637.5499784493622,1523.2401112545804,1607.5844875486146,1811.6224636818115,1563.5500476665084,1736.4617097589144,1984.184354083307,1670.3978878160597
experiment_251,0.0,0.0,0.0,0.0,0.0,1140.2843947461217,1357.2648164479517,1095.3258560450015,832.2827512861809,1421.499257874537,1430.1937223153504,1565.6483290775602,1454.9429269317156,1447.6804350690772,1572.0590165750123,1462.3351606045176,1664.3811289382113,1580.679344137482,1534.5478601795712,1879.6754029511974,2068.713740886827,2273.720989763027,1843.4789222776153,1942.5486796033194,2030.1014237855854,1840.2503475347262,1966.903831127889,2232.9169227770635,2348.295954104463,2370.1972220718008,2518.7692511373452,2512.5586002178275
experiment_252,0.0,0.0,0.0,0.0,0.0,897.4580920142196,1066.8847667018154,1707.5360969893668,873.1427564617343,1311.0812893846369,1314.648317149716,1723.6835270283348,1667.259088604807,1388.7382055079447,1305.1297138448854,1309.7672511587716,1572.8445201586267,1273.6435353409336,1517.165208603723,1368.7233099777454,1282.2672995548428,1302.2922129223464,1709.8367508201227,1615.375705173161,1320.439833452348,1773.1685475263298,1696.2059208426256,1513.0997547931831,1738.3339205286966,1822.8038446172627,1865.6072894591812,1409.6971759734186
experiment_253,0.0,0.0,0.0,0.0,0.0,1243.8388273052065,1502.612210196153,788.2533250205875,1242.322891517732,1677.5687867200968,1327.424190169544,1501.3667045336088,1228.2188436730066,1551.5970786607986,1154.7064719556715,1276.0669927096621,1399.0818903075553,971.4977743259582,1577.432524332077,1529.4776045640292,1747.8516939678684,1538.9712514065454,1646.967597965911,1684.265880733994,1703.4795519288639,1468.1771037313406,1693.1175313504823,1836.526471135956,1682.8460764309607,1792.3002043187025,1711.0226936139393,1779.4093790641675
experiment_254,0.0,0.0,0.0,0.0,0.0,945.3625169238959,846.7064443786346,907.2812999556704,1093.2473075655412,1062.2750086707892,1097.1065870144905,1425.60837040228,511.466344732135,1378.8836467749668,1240.8387092066455,1073.3288709427422,1696.7866819682142,1372.9357424004124,1462.2813663856493,1394.0223960108667,1474.5152841594609,1463.4463792189317,1571.258866453093,1742.533602286333,1220.556952916553,2173.008677104559,1606.6842099041128,1713.6212208896563,2012.9929901836592,1961.7568703847944,2196.423965464604,2015.9811346628728
experiment_255,0.0,0.0,0.0,0.0,0.0,1397.9743473486983,1913.8627820800923,1274.9714156725568,1318.7954872133157,1379.9958240843148,1718.7020879267034,1358.5349938786508,1485.88661661873,1309.327324578793,1172.9360129539077,1670.399315882826,1472.6479094087592,1713.8040134335465,1305.84875324869,1392.9425207234985,1332.2196950944174,1402.0446906595448,1433.3316765981278,1452.7976496978413,1434.4866418714394,1646.005838349921,1450.8378106612683,1694.6346731141384,932.5383365500534,1804.1936623435295,1688.8051869986698,1917.1953759448306
experiment_256,0.0,0.0,0.0,0.0,0.0,1523.0177854159845,1450.11297088189,1150.1549531712567,1078.8700277573037,1398.2280264511733,1237.0730210826478,1409.5693599148708,1564.075779231048,1324.9709428047581,1256.8057398498538,1429.9861482939957,1565.753544220324,1298.056416180632,1479.6217332720817,1323.3545721751748,1632.0159121395104,1760.619461497601,1685.7764301969532,1685.611765338168,1813.533314120797,1656.9853143649714,1809.1553086285583,1889.3540928005584,2339.3905542684624,2091.6129296892514,2054.076798152842,2047.1094827707961
experiment_257,0.0,0.0,0.0,0.0,0.0,707.9215365871637,1226.4791107367923,1281.9302176186325,1151.010338642057,1757.8874708092683,1289.110057495548,1415.1775509743647,1572.6715132516015,1222.4376270847545,825.7987826571923,1380.6084539602252,1542.5854564418814,1838.949956076413,1474.522815443772,1552.2363479772882,1475.569227287937,1556.5917797500729,1717.9251222794887,1526.9173760905333,1579.9927121341088,1893.7420114201364,1744.3942721410422,1691.505808171216,1768.14722471012,1931.8526297670567,2124.20031999575,1894.2864581354727
experiment_258,0.0,0.0,0.0,0.0,0.0,1032.0064255301488,877.7678318527297,1156.7653810507845,1497.3598103298884,1324.6734512852095,1149.9845589494905,1443.7936061470696,875.9890059506253,1473.1241260359036,1407.4403951079787,2573.741165274066,1709.689821060298,935.696522966071,1821.9646429673294,959.1780011396135,1432.6178913890762,1534.626226462802,1548.476198832812,1644.1384430266253,2087.86680227426,1975.9163670597013,1839.4198801124749,1985.1004166561256,2086.518372935588,2117.832994133678,1913.9951835961458,2561.077186654715
experiment_259,0.0,0.0,0.0,0.0,0.0,880.1369794365653,1217.5723362791512,1350.5235304484313,1425.9282692475547,1436.3088702700304,1780.3626460702276,1188.3150670742662,1190.178792700402,1287.563340049148,1640.1818243929702,1336.4595754364896,817.4630573478082,1061.2953619689356,1610.1786599587908,1488.6829720628475,1199.243650260085,1236.2988367713026,1496.3783825184628,1308.7747472347626,1183.0992792237266,1471.4776871543547,1462.0848637635218,1593.056003941811,1630.1819733864106,1708.659183916031,1630.2455485454625,1681.7295162249789
experiment_260,0.0,0.0,0.0,0.0,0.0,877.7686468130654,1266.5819727540745,1236.656589770355,1221.256992637328,1019.5097820706537,1054.9358201427576,1127.0107523013123,1239.1285731876724,1619.4083347939786,1248.3626337303904,1544.693261833112,1581.6769542452964,1247.6189936796284,1070.9614994742526,1830.3592317412608,1529.1588774427528,1607.3167230236472,2133.489630741793,1645.6011053169882,1607.259736857755,1670.5437925846456,1729.9721375936017,2227.371734833311,1826.4950616316714,1946.1858026221985,1850.563237293075,2193.0243547843224
experiment_261,0.0,0.0,0.0,0.0,0.0,1826.6999307283645,1091.8516457803976,1252.1876756062084,1264.6122065534582,1303.2756897861384,1808.7403904823964,1410.0279065339164,1130.0390794627517,1505.8762637637344,973.9228001360535,1366.5702367652818,1924.9919199558399,2090.0732429417476,1450.1105733500203,1741.278274791132,1748.414533116122,1036.619147077945,1639.716870277206,1880.6474340834643,1651.9197222070484,1712.8909703833544,1861.3805451073727,1877.8348716898513,1958.3823863570415,1412.7309776501006,2046.003864198727,1812.6244411026034
experiment_262,0.0,0.0,0.0,0.0,0.0,1139.011743042096,893.3889764028293,1199.278257746021,1750.2010908386997,1274.0367007955365,1208.572798711969,1235.6877851585496,1279.6429588352617,1728.5893452430762,1647.5513400963102,1515.2246040191908,1609.8704065447841,1488.6057281574215,1151.3610731437475,1410.1291209703095,2032.826508745168,1763.541212521253,1797.8090784505398,1749.229043313427,1787.030433263301,1714.7325876496782,1695.1558764090048,1712.8579165765004,1838.8022554839536,1690.40004489479,1732.7446780878063,1506.2460681363104
experiment_263,0.0,0.0,0.0,0.0,0.0,869.8102739357691,1320.057388041248,1245.550139227975,1224.6095356980693,1493.7130965885776,1519.3860989104583,1321.5259979444038,1274.1845084377878,1274.6466780780272,1508.2790928256425,1316.3436594139575,1601.2072498970874,1100.6012302280951,1067.1298200884237,1111.7801908592755,1332.8947999368154,1321.1732587364254,1353.3023193845222,1171.7661761443703,1080.252684282596,1211.655000139537,925.3156747996978,1314.0058825496756,1338.248335261809,830.4766659013187,1268.4996007882346,930.546601105184
experiment_264,0.0,0.0,0.0,0.0,0.0,1024.0270372773857,861.2633383435395,1372.140616923278,1699.475951662514,1800.5256765316803,1374.0587301676667,1250.2162437040145,1042.2533524618218,1085.059261047168,1519.896206965009,1186.165842981738,1337.2327760817634,1216.3881592460211,1922.378116057494,1676.2235807559327,1638.4818902004847,1906.1351050605313,1553.4016205964654,1795.9822008897893,1534.9454788900102,1785.0585496589915,2414.273068982231,2219.994191392365,1965.9693646528297,2103.424541168476,2001.586325821393,2212.0268730403704
experiment_265,0.0,0.0,0.0,0.0,0.0,1014.7774881878175,1221.3506317827246,1104.9747773366646,1182.9401897344583,1183.0915819719235,1673.6861029851598,1535.8582977873916,492.7777274177422,1787.2429890378103,1584.6439226119614,1363.598788163652,1616.5044289518091,1538.378739577333,1290.4014101131827,1676.419639507165,1893.8147159783807,1890.556908790318,1980.6130681568827,1838.9413793681379,1711.5095525823779,1822.9526157590526,2300.7950293492668,2395.9761123472967,2180.9887304473177,2555.228993913963,2436.860632835371,2856.654771339866
experiment_266,0.0,0.0,0.0,0.0,0.0,1619.3341342762983,1913.3310025151336,1097.7779043818007,1581.7103145808915,1563.0455410790948,1564.7392046229854,1418.7804951881412,1502.67356946485,1479.0906440349866,1358.2136493421426,1547.1475964020856,1378.7719443628662,1470.7471368789024,1501.502869787523,1717.2597193336978,1725.187072841193,1748.9058489715535,1780.5500922176454,1652.6672989585313,2012.6581312253084,1925.825686525574,2093.9549362956977,1876.329544151173,1993.6227763208121,2041.330007738442,2187.1240869019557,2211.4749183319327
experiment_267,0.0,0.0,0.0,0.0,0.0,1127.599613097261,880.5533462276064,1081.4527554368676,1150.6392938867775,1467.434713161734,1258.3900054677988,1138.4882110082472,1297.2981485296361,1280.8011665932415,1523.342886424206,881.7829572792277,1528.8826856609362,1318.9918165965773,1470.0109313454611,1643.4306253254208,1893.897979747167,1627.0692062271078,1520.704817451126,1446.2905377472323,1720.167769343304,1503.018748151215,1513.0615725808818,1816.6698535600601,2064.1258007273136,1868.6954741291465,2010.3622856389259,2049.07655857965
experiment_268,0.0,0.0,0.0,0.0,0.0,1281.7183921135027,1515.4151005274884,949.4573705106145,1194.372881654068,915.3239214553678,1587.5027876701877,1135.5408611078894,1249.787948582568,1605.993973535774,1349.764554330759,1266.1201537583947,1385.030681992275,1280.4258275159168,1914.8868298462792,1494.8638211221564,986.9018925153455,1355.08679899474,1578.4066134023885,1326.7984644917378,1499.8854238093897,1800.778175852885,1416.9018253210884,1107.6481105363819,1642.407355467852,1421.33738289955,1576.80210085782,1580.0237956710498
experiment_269,0.0,0.0,0.0,0.0,0.0,959.0836797942143,1016.1336740490225,999.4404037756475,996.0135594753322,1297.98547910651,1063.8823363853844,1071.86788904713,1148.7351727177286,1054.7635991089496,1293.0528293529605,960.4315652445673,1162.4210465432614,1007.6362013622388,1510.1685294715205,1457.2820935476298,1479.5341675192099,1433.864084107819,1192.8479136677322,1233.1629811988946,1326.6051054939055,1507.8240882397658,2097.4549137628987,1130.7014096259504,1585.1572438518333,1368.4505510104389,1540.8735504543597,1424.449840540682
experiment_270,0.0,0.0,0.0,0.0,0.0,1416.5616138336345,1327.5287406087073,1473.9343101149232,1232.0421647794772,1297.1918936298293,1416.8568768610141,1528.6303878035478,2401.769399044344,1251.5483807315109,1877.555897683762,1798.6366376449114,1802.9790375260134,1424.5729683582576,1876.7849027838088,1893.309276256728,2021.9874337384674,1274.9005452086853,2062.6382495930816,2082.418642139561,2014.4998865483844,2092.759620027287,2148.0391694347018,2199.8265280243504,2182.3457364371366,2083.0149542792724,2045.7233695368184,2429.6760732140883
experiment_271,0.0,0.0,0.0,0.0,0.0,982.5784113180392,1405.2941986885894,1112.3732813063446,1170.503250685784,1274.6750393916777,1066.2288393508795,685.9276095956271,905.836865013428,887.7127155446722,1406.7316405913255,1150.5968917399764,1743.7411728252519,1213.3315215712598,1213.3752816324418,1412.9868632152481,1328.9420233934484,1536.1484281717094,1656.7157958720188,1435.4164164446354,1894.5017405196395,1628.334121700717,1482.2488609782622,1429.3543799321537,1869.0980669427063,2005.2896615529985,1749.3970920183258,1916.9485794584878
experiment_272,0.0,0.0,0.0,0.0,0.0,1194.7509981277517,746.1675761091561,1007.4861776458201,1240.497431407569,1173.8757480110105,1096.7327023295782,1089.6663257748867,1084.60183385811,1056.1034999883072,1643.281495319218,1096.4345434037657,1444.7040937339682,1798.3737417056159,1611.4548273074943,1422.4229094978737,959.8252646251563,1259.4306306103624,1288.276335667466,1587.3410698520183,1917.7766022921594,1731.791737606827,1463.6551376466905,1374.9748458737663,1339.0757349286914,1948.8238881896323,1910.2859503662842,1695.7980471327169
experiment_273,0.0,0.0,0.0,0.0,0.0,1411.5752371390815,1697.0591148575772,2084.172396804769,1264.083810494442,1162.460624701117,1382.3595899411662,1765.6442570110637,1373.8211572867717,1085.1592113032393,1389.3226235813197,1669.6165137165892,1380.5469847629884,1331.0524532317484,1303.5212210262919,1562.1097301174402,1493.5096188509501,1170.2883695887258,1587.6726466410687,1569.6760103179176,1655.4213679431614,1810.6608763121208,1727.6771034786461,1885.6284392991965,1657.0643270035885,1716.728030768463,2131.2140019986477,2034.3626698247854
experiment_274,0.0,0.0,0.0,0.0,0.0,889.9186719944475,755.1145473211142,1493.7498589063334,1516.7769319022282,1076.0239297334824,1745.934376804033,1394.4582943212035,1150.1811568653632,1250.1723295035563,1324.3394877082615,1681.9419447001083,1599.7146148747527,1953.7437102863676,1431.6204080037387,2145.316190836353,2041.6459139539595,2040.2409220616664,2071.7967446925345,1819.6712259865774,2049.9752612173684,2499.443332632546,2569.614404698397,2445.2725911702123,2622.496817977251,3058.763287112854,2731.679120299297,3061.4990144181147
experiment_275,0.0,0.0,0.0,0.0,0.0,1021.1080568296949,1050.5717524928723,807.0268097766066,1067.88961722413,1606.8517031593376,1019.6311737457419,1438.8935080544568,1387.0486236917423,573.1558823756027,1093.0481991360589,1494.0167637617553,1114.9590699165096,987.5319604435842,1084.4462766116658,1628.7233754978217,2576.0050289790297,1365.0074287903055,1350.3639929261326,1521.5213867957564,1789.6023497821911,1763.8966081218769,1918.2295035060888,2139.030390442325,1529.038344827294,2089.7340303066453,1892.4122564154654,2323.5962571635996
experiment_276,0.0,0.0,0.0,0.0,0.0,1043.8335116545688,974.599010906463,933.3169967016421,1315.9908767512002,1578.1727443437132,1437.7193195048624,635.6144872578373,1396.9941587881153,765.0766040289103,1065.634134595005,1396.9853154580833,1099.9333803589452,1287.768595271179,1621.1008471590308,1695.3948058327555,1532.0784951099909,1790.958698039831,1767.3127095541392,1676.8964920178769,1849.8727205204823,1796.443760960593,1948.9005610374202,1800.8385655527854,2150.781027014514,2117.917921746825,1931.557969026045,2297.04721903472
experiment_277,0.0,0.0,0.0,0.0,0.0,1558.3286748568848,1505.3141222841264,1257.1550454110409,1321.7166778037843,1422.388407020281,1538.4075093425545,1607.519990483789,1336.4245265577438,2000.9144396348188,1855.6013913227607,1858.5703224710082,1859.551241702087,2017.0280303331308,1786.0695963952005,1960.8247093563534,2061.3435664154417,2037.3403791078413,2212.583140201906,2200.2580339956985,2176.0104251671582,2263.6291337668854,2315.0280444860805,2314.7833724665006,2327.834188170609,2438.6877720714133,2504.7372133818517,2865.4342438132167
experiment_278,0.0,0.0,0.0,0.0,0.0,1207.5724412319435,1234.1471479913746,1734.164209951847,1532.163934462209,846.7926998716596,1065.9328201085991,740.5191841376243,1283.3316514596786,1134.0335747446602,1249.3177705192327,1635.2823765542212,1487.5661408912015,1453.113711276077,1637.654948066904,1248.185450047868,1621.5689789603853,1502.0229352005958,1576.6320053356535,1904.0750958197732,1697.5161077500265,1738.4798710952782,1785.5768454515842,1795.8613702720975,1710.4711984549162,1639.9074704277211,1982.3440673125062,1996.128101205045
experiment_279,0.0,0.0,0.0,0.0,0.0,1281.374275500848,760.5347166344056,1157.4492917773268,1434.7676636919027,1808.451289384017,1525.0302871519434,1349.04544795323,1413.4253660803029,1441.9953899596394,1588.2354267313358,1533.0057144224202,1347.0764889560435,1713.8902433157216,1913.6596499232123,1781.6946345835029,2006.856194490394,1793.8813155029675,2154.563773628609,2116.411954030232,2209.536126558834,2365.615902930046,2282.8486521687073,2337.0593035897136,2419.3022116528005,2083.2749132734075,3052.2105544866586,2581.4669878180594
experiment_280,0.0,0.0,0.0,0.0,0.0,1547.8651461070317,1363.6884542457437,1509.7355400629228,1192.5651954581126,1313.612417976597,1406.1087880814553,1271.9832270497752,1647.3798399129382,1690.011555700804,1501.7028030666152,1068.690083294108,1548.8625323327133,1492.600413810497,1685.2206984262411,1730.4782718117726,1738.5936859038002,1779.058516378664,1608.3071725145944,1551.4839463874328,1571.169436360511,1602.038595356756,1584.005661637325,1603.2141528262653,1795.0990970874543,1762.9106465762459,1832.2868334377108,1679.7176265437254
experiment_281,0.0,0.0,0.0,0.0,0.0,989.4718653830032,1435.1835324936064,1071.115888843977,1195.1244801886073,1385.7110019029556,1416.4561302608272,1536.5811524273288,1332.8688438389083,1217.4003497948343,1524.8558108704342,1594.9120536424775,1807.3336501719632,1798.006241407044,1508.8972485834845,1785.6908078710603,1715.086690352722,2587.516002068851,2039.5086879450178,2043.9275944249912,1885.5761019340143,2396.6301476402923,2279.0883901744287,2524.703678637956,2516.9130842908235,2621.8460101249084,3021.8805446239267,2656.8599371356063
experiment_282,0.0,0.0,0.0,0.0,0.0,1171.4498040556223,1436.3678762758514,994.7906521856488,504.8305748291609,1285.42648707348,1184.693953286872,1160.0319785715415,1260.070298472903,929.3341480974599,1549.849066783004,1046.3229531208967,1288.0586235954588,1154.5987331992487,841.3882720158724,756.7594559914643,1401.9427601449381,1316.7283704711376,847.659080702698,965.4697538782812,883.291587963399,999.6659110297278,1297.570343752924,1305.191631910035,1173.2138657173166,1130.2717039340655,1195.9590499801302,2078.473012972685
experiment_283,0.0,0.0,0.0,0.0,0.0,1512.6115146342265,1597.4240585643129,1618.890294563684,1756.6158358313974,1746.0809139541175,1453.0362009873315,1130.3495621089253,1490.3975594779881,2005.6584940868997,1540.7164522771468,1650.9999662315108,1764.0155591199302,1542.5666289118753,1718.9688459201084,1614.5668055739748,1911.2073780933501,1876.2562986996259,2067.6533319652913,1852.8944432909936,2021.3390674912666,2056.834422953877,2099.0974089276206,2202.5371373855714,2226.299463960564,2016.185050727792,2461.473705459201,2409.821801010117
experiment_284,0.0,0.0,0.0,0.0,0.0,1362.4575678122064,1760.3480978884404,977.142332628585,1157.5209580776686,1072.3576140348066,931.8693681080729,1378.0731825373414,1394.8176722275623,1188.7097585085771,1212.3152014492987,1482.726231829444,1199.8118511918606,1230.1457812769522,1730.8032452856653,1490.9423524443075,1171.7490243395673,1434.0791751937863,1630.5594144467273,1767.0510229617123,1606.1634088648475,1574.5725781162666,1431.0160971039766,1791.336433545328,2204.6383583103107,1545.2308866395906,2060.472774614677,2018.155548431027
experiment_285,0.0,0.0,0.0,0.0,0.0,1345.494051609069,1064.7065854766104,1196.1457231806542,1397.8041826495053,1315.4112751916214,1498.7715878134295,1601.9047144356127,1299.3760827614599,1647.240618101461,1617.9191712317606,1918.0023018195018,1504.8293247219892,1591.9497714272306,1537.852996940047,1692.3736808606104,1579.894653908668,1810.7444983705684,1917.8999386605226,1755.3451041667226,2056.593537048214,1790.0938313516795,1916.9709931563852,1833.4308068041653,1715.9790316273616,1994.4372545976012,1979.5610044408709,2228.101696314943
experiment_286,0.0,0.0,0.0,0.0,0.0,1247.9170345884372,1242.427800619645,926.6719579212752,900.2964739079382,1050.278447679747,1312.87494905918,1386.1079618370534,1197.792539782487,1083.5859346604284,1496.517922783551,1109.355004028199,1334.0906842994254,753.9810409391972,1413.0758059552131,1314.3698916134285,1677.8582119278462,1460.8903630024138,1249.601701969808,1419.172268621965,1291.072583868074,1694.3071118435612,1158.8109544226481,1427.846467899322,1492.3578254991235,1403.5064522981143,1652.1160741760882,1369.4063327624735
experiment_287,0.0,0.0,0.0,0.0,0.0,1107.717037072528,1511.8656900221456,1414.5473158635136,1441.7140742987413,1400.2342966243932,1724.036984715437,2397.3436727216663,1538.0455698417363,1496.4768955996624,1453.1593626423487,1257.7862412108434,1593.4057686324027,1478.855784076076,1475.123553785072,1710.5250267298447,1929.7979496340959,1695.918163816765,1845.9619483488486,1818.671672928156,2137.4141516015293,1922.9564664425689,1960.8997648679401,1760.090305757163,2472.664871545532,1944.5079648499805,2071.8243002907625,1923.9517400390916
experiment_288,0.0,0.0,0.0,0.0,0.0,919.4478428803645,1345.2952190847145,1209.2836353769594,1127.433808399151,1378.5774129654337,1103.3488495520432,1497.0793260303544,1537.3417473262848,1183.4333537775292,1501.2957894020785,1477.8579698519966,1388.3936448535633,1416.2183723752705,801.5797907385042,1614.4154188349776,1773.1738369675104,1576.4164842981688,2050.0956267621823,1603.661894491629,2088.5182550338845,1636.9204654190394,1758.9862684419877,1596.9554551658348,1169.5139066523752,1565.8903384146656,1638.8182309065169,1512.3198500993594
experiment_289,0.0,0.0,0.0,0.0,0.0,1366.1730140052568,1249.618844285737,1465.9768592090043,1310.5012118368775,1204.4358949084815,1239.029925496744,1139.4316777076367,1257.6233713552297,1588.7578469936025,1558.206139465727,1241.5663380676556,1361.533109510502,1422.1362586157748,1663.7189875476445,1656.953889730181,1489.8428089366446,1282.6687471246676,1807.8391603736009,1428.3190129617153,1972.5819630956757,1693.879833923569,1694.8467119987276,2021.3701364721676,1428.1845674339825,2227.556602155322,2104.7635470035043,2491.9978231313808
experiment_290,0.0,0.0,0.0,0.0,0.0,1406.986886531092,1785.6772577239149,914.2288761301622,1480.3384116314714,1106.2922269219735,1252.662015740303,1289.7652056860588,810.7009930126135,1277.9431337046015,1212.434218764486,1336.8930986184346,1385.6939718892359,1781.6118872822003,1674.164642434233,1704.8926370707586,1744.6348095277654,1958.5166451272014,1639.494917663944,1691.2935753918957,1976.0812530353635,1787.2568542009276,1828.8442470957104,1954.0635652982432,2095.4197973817613,2316.079889718567,2095.538363206864,2077.169407826246
experiment_291,0.0,0.0,0.0,0.0,0.0,1090.8810444186315,971.9587782225835,1207.59318206719,1595.7578745271157,1100.6845449615473,1449.2428878849885,1614.553466758191,1420.3902700648355,1527.6075094175046,1295.386793111244,1617.5427369726922,1355.0175102717953,1406.8386078805197,1554.788417850347,1035.7219932149444,1425.3453553684844,1615.072171351024,1817.7669456066737,1753.72390381865,2049.229353290339,1806.3841375914005,2245.620633201659,1846.7100051088428,2223.7524912662407,2109.8722462697306,2400.912115278663,2358.454277259618
experiment_292,0.0,0.0,0.0,0.0,0.0,688.3131296035713,985.9497791687086,1421.8700532928074,880.2905606999611,1316.9985871102426,1169.04349372665,987.3960530909567,1031.4911880507527,812.1695435464212,1092.9553304478727,1378.7489737768499,1170.2217710735401,1307.5681443903115,1335.2287949881886,944.6922800427993,1937.736501636592,1398.5877410655412,1143.8436815608661,1350.708072797455,1674.1697449820597,1162.9022473916316,1462.9635921240151,1745.1399976139662,1634.7029964059225,1861.5711364445426,1579.5772371759226,1779.6676642749364
experiment_293,0.0,0.0,0.0,0.0,0.0,1581.181108095662,1335.1059035992744,1813.2887276399067,1365.1811539614237,1140.4493001480062,1249.5592300821163,1652.3657351388904,1168.3605590035738,1698.75419905413,1598.2796150833206,1152.7655621341883,1424.7545472722431,1614.6454103720969,1589.2059098494497,1594.6136114595502,1891.089271202208,1613.7729664751473,1950.6887752633259,1842.7506980800263,1908.9883926897382,1876.8291618604458,1985.3607660424655,1937.8778172357968,2132.6586823796197,2185.53495366892,2331.081554214697,2348.341931032973
experiment_294,0.0,0.0,0.0,0.0,0.0,1340.1972578266862,1249.3295553534858,1356.5747861901905,1224.675453226752,1435.3052385947694,1533.453136001513,1329.8052766116525,1327.936607236666,1478.3887917083616,1266.6754502662118,1103.4107387199906,1245.770694199829,1141.0020510935876,1244.3961227874138,1518.4179302410175,965.6236981008494,1747.0755437304883,1264.4653324201445,1132.025338306386,1394.7162607202235,1541.894582236957,1660.7315486047007,1640.5726583869696,1714.6747514821197,1798.5234597447864,1968.784652284849,1643.0137319686637
experiment_295,0.0,0.0,0.0,0.0,0.0,1071.798320406623,1361.688277440681,1630.703232829614,1196.9865864283893,1240.3230460953969,1641.8038278457934,511.33284071793895,1033.9435710245539,1283.2098874187918,950.4380904203288,1229.4318086602927,1776.9610837032374,1779.6583059476309,988.4804245165122,1525.0147568976868,772.1198937784146,1795.6026760111788,538.7750198526167,1188.5646519345005,1618.3734776180142,1495.5647888090425,1842.9701566186027,1602.35769622008,1484.8192184530214,1936.4281746725953,1587.1186847439062,1724.9452660295524
experiment_296,0.0,0.0,0.0,0.0,0.0,2217.5191673007016,1298.3647744514928,1604.354928507889,1255.6572425209538,1470.0348351236973,1404.529778756937,1316.114059449852,1316.549523122103,1063.8155613753984,1952.4843544260475,1647.6572118155618,1449.6629983546695,1517.8670502567993,1343.9056697039205,1706.7616456168084,1592.3602669496443,1578.0222667366552,1481.8740638308227,1685.300616855685,1415.1088280093013,1810.7612937168658,1588.7059153609516,1646.2973486996182,1761.7767063758283,1681.0358101569582,1524.9635775893798,1125.1319214063833
experiment_297,0.0,0.0,0.0,0.0,0.0,1272.2940956110954,914.4991192847838,1361.725968225765,1728.0721731684885,1495.2367174599349,1311.013534301051,1718.6385045614365,1165.3583855029597,1573.4871038871165,1478.0104538581043,1703.7033289302776,1652.4656829117553,2052.721245213982,2197.630443317622,1859.8777329416034,2052.47924593696,1921.0267957940023,2260.191756244072,2068.7884718593896,2100.014443365257,2171.0154020730088,2129.304975060304,2308.5393513539602,2348.5170577445915,2414.4507118922543,2384.756349622654,2132.809263035938
experiment_298,0.0,0.0,0.0,0.0,0.0,1107.9330379641146,1014.9303915705214,1175.7802926858321,1320.437977823939,1184.7606520212837,1285.6711997759603,1372.926471755342,964.7598379344618,1464.8017533654906,1124.4510734842368,1537.0098493908865,1502.01845819311,1264.3296781532742,1214.2279966462913,2257.56195320331,1557.249752248374,1601.7089798446127,1542.3070843297369,1541.8991692455497,1794.3859055560072,1940.2831199529119,1725.382546269263,1818.9422465354796,1982.3342568882354,1887.3052970660203,2081.224953614772,2131.477340659215
experiment_299,0.0,0.0,0.0,0.0,0.0,1391.469973335313,1235.7757814541774,905.7187203928793,1511.1968013751903,1259.1973668523392,955.6359085073609,1221.7404726040193,1302.5357121211605,1468.882432318871,1626.709980123495,1533.064990936915,1493.8480581324197,1311.586149035453,1407.1759143835698,1649.9735880719256,1522.6608336432666,1406.6113483467007,1721.9150881418702,1745.0949895378717,1658.2677129555118,1376.6620850470042,1784.9788222568989,2000.0532105572759,2087.2722657022537,1882.754952322427,2131.4687591503994,1798.1426447862993
experiment_300,0.0,0.0,0.0,0.0,0.0,823.0532977916339,1040.099884222712,667.5005444503872,1461.4546516099642,1304.6105283394902,1210.5422338484018,1503.9366582087946,688.8617189097129,1425.7550809060872,1686.1169999441327,1246.240311013406,488.6124743697729,1376.8884607641658,1714.7138800943198,1342.548547581787,1586.9408102334444,1766.343283708877,1746.3466774112644,1619.5072720073447,1667.716691232252,1755.0718995716766,1912.4513512100984,1676.6580171730218,1869.043500327521,1791.2873520563553,2030.9818074879827,1995.6869806304762
experiment_301,0.0,0.0,0.0,0.0,0.0,547.2123363708758,889.133464568271,1338.2265400596345,823.3482500584968,1062.5685112058718,1083.210586271836,828.0291756818856,1269.6882791859794,977.9512823557973,920.9152997827063,1028.525280047624,1539.7513701616308,1789.3693563545444,1297.5396076227303,1398.8875731538108,1353.8357524259168,1261.0662455495167,1531.2618495404417,1093.4309160606829,1367.6769901907594,1300.0899352601969,1027.1915852106429,1049.6512370393482,1444.3449889286526,1503.6192659503695,1520.6956507515065,1619.7662972044247
experiment_302,0.0,0.0,0.0,0.0,0.0,1209.2272843024862,1144.898077550987,1496.3912910817373,1404.1139990259444,1470.1833328973212,1755.5975102038942,1473.1817740285685,1493.4873526731217,1061.537966988421,1700.37645660533,1315.5201325684704,1172.5345969285127,1736.51065977007,1527.0067281537918,1632.5736349081365,1533.6151222078406,1659.1002651891617,1913.4901733735678,1728.0830743723452,1816.4106423040964,2080.992492633088,2092.5542990435288,1766.4773406626173,1778.7302443946828,1798.0638464869858,1899.1168722938937,1773.5810412238309
experiment_303,0.0,0.0,0.0,0.0,0.0,1115.8797278588306,1163.948229923689,811.9249007955019,1218.1115678401823,883.9579796259326,1364.7636455913455,1533.5079963337191,1211.7285332851598,1408.274263065503,1443.6796863964828,1453.688462540334,1710.842665929477,1542.3330625932465,1676.6480547962958,1473.766776403782,1664.1121433775627,1771.8320420521695,1720.261398859544,1843.4337209031135,1836.444911050804,1921.3679533653483,2047.9099819655512,1998.999638394326,2217.3304004091,2307.551058457121,2165.2010978397166,2186.29348922218
experiment_304,0.0,0.0,0.0,0.0,0.0,608.3437249012092,1123.1702824392323,1185.7602716208148,1090.0697409949987,878.4099445568834,1065.322199921242,1416.3750405182245,945.4388253171776,1317.6450129608525,941.1971086379342,1267.582982766929,1318.011378328005,1284.7421564261538,1231.6882315337286,1406.9826713169616,1296.0118429102492,1345.4613348119346,1674.2940360298326,1671.598958332633,1411.1867384728662,1972.3297243756324,1607.6603594328544,1603.650491918408,1424.1268251860256,1677.272605513804,1849.837889963165,2199.4775856677325
experiment_305,0.0,0.0,0.0,0.0,0.0,1119.3626872181408,1250.9578602254805,1119.0404220430685,1174.8896049661141,1374.7220814674067,980.3646822204806,1012.596133163524,1103.6456029619021,1556.6594120357202,930.3316163445179,1204.1028251314906,1175.0353452980237,1446.7219688414034,1569.8021902393061,1289.5466151413057,1387.7152701874827,1358.4630237152867,1312.4027197023802,1847.4502309258773,1780.5367689821962,1719.4309350501735,1623.848007452037,1963.6140025784011,2028.293537396901,1836.858669777787,1914.884002948661,1698.3939599635082
experiment_306,0.0,0.0,0.0,0.0,0.0,1420.380552798375,1046.773414674717,1062.0857173581148,1406.829162441599,1370.6565266230632,780.0995557462419,680.2055834530814,1229.4013445044209,1272.802064606301,1317.5049330664326,878.7586828074805,1484.7205311186099,1714.0217665623493,1873.633890494344,1762.9188743316354,1636.9475637432329,1910.8507529258272,1883.898221839012,2216.2114102285254,2023.5288124514655,2035.6171496940117,1891.5547756633573,2119.5947585551903,2053.969498681493,2086.2180886826736,2038.2444508655733,2217.0571608102073
experiment_307,0.0,0.0,0.0,0.0,0.0,1245.3750997037812,1152.9954724217364,1136.255110728423,1475.784467439298,1474.994670796986,1359.1490116360605,1531.6554076365242,1034.662483711083,1636.9859720337738,1415.9295362292655,1507.5310100680817,1482.8981941360958,1218.9732702465258,1638.1567641477843,1708.8987650019649,1757.1396960436493,939.490271151576,1112.2998498484396,1458.83274480713,1525.8080341379134,1628.4020770028906,1546.8737941818101,1675.1052680290272,1523.1819402718884,1396.9386822322326,1419.546738135286,1529.1018999261219
experiment_308,0.0,0.0,0.0,0.0,0.0,1109.4964548111461,1132.484301155697,1724.1301719935516,1604.8424642576956,1065.6083803971283,1024.7937277395813,1525.248700531355,1301.5778607883435,1368.508295152449,1690.3522364056817,1018.075884078306,1449.4247105546515,1472.2877122542823,1882.98473505878,1827.8756768677706,1772.9361979660785,1718.901468528054,1783.7706367392523,1607.6005774754808,2056.3476861770105,2118.3324408671615,1911.5040954183025,2039.1841956360345,2245.1699816633336,2161.701007814092,2268.02178995428,2399.2785018713166
experiment_309,0.0,0.0,0.0,0.0,0.0,654.5835333381344,862.0430026546107,1129.95338419036,1097.8268013863874,1111.9207403672826,1425.8047695232742,1154.5570577033784,1350.975555168428,1322.7795517369566,828.1887872937812,1153.6748527808465,1381.558654884664,1547.213620955027,1277.9799917979087,1492.2873154360727,1371.4191532798263,1150.4723703988088,1373.8823511410656,1413.863727276307,1739.3626108549963,1646.7712158617114,1499.1886259739197,859.5925769769683,1664.9094579868529,1919.74773505808,1516.868477382949,1426.7812185738244
experiment_310,0.0,0.0,0.0,0.0,0.0,1073.0624033148313,967.3396197035997,1042.7842011951695,1139.1282384023332,1036.0555297601204,1221.2870719759946,1731.000882795337,1414.7262134687826,1434.123268987491,1535.0211061221962,1334.809045381126,1459.123677133297,1680.5154807573103,2099.598563009383,1455.4071862245173,1559.8848498273424,2058.3425946692364,1861.5937741633134,1990.5956866854672,1746.0378673123093,2229.431170488161,2320.0482529590836,2433.232662518211,2560.134129150131,2165.7215192107533,2396.1226420287835,2318.173074150008
experiment_311,0.0,0.0,0.0,0.0,0.0,1222.9957717338125,743.0241160855143,960.227575509499,1403.6034024219064,1340.1140608487356,1665.54937114678,1777.0984387846038,1336.4869497561367,1242.1380278736785,1470.3630549650547,1697.3284267357571,1526.3927364803312,1486.7380556872058,1448.7132932338754,1124.7814011256326,1581.4045532630957,1843.729920483007,1297.1602812573356,1995.9077925200647,1709.1742222582004,1800.4866227626528,1625.120477030842,2203.645301513226,1792.1103725976363,2060.1404406321626,2030.9744401454443,2089.8488251150175
experiment_312,0.0,0.0,0.0,0.0,0.0,1208.6797411968794,1044.3615473689179,1599.5074631451162,1184.2428220182878,1133.7917668525643,146.889034721931,1529.8862718874575,1002.6572237631576,1411.46091459991,1211.1405051864558,1461.977289586104,1487.3646811830963,1637.5097873000673,1815.970798901811,1428.411048912711,1641.5885486797627,993.5906994567035,2247.465844515916,1920.915617777067,1796.5439450971787,1495.5980560065457,1490.7538854302197,1478.3619403413263,1492.9019262847798,1525.910795989899,1566.9423423758146,1923.3902487124153
experiment_313,0.0,0.0,0.0,0.0,0.0,1027.46362227892,1128.3423903143175,1163.702783949704,1357.9086657043147,1080.7010204519975,804.3363069453864,940.9990277506422,1272.878465436835,1267.1424808161028,1277.304576199438,1173.408249721156,955.3150120552589,1661.2187005661538,1252.0574307064398,1560.462466315679,1398.4621756399279,1469.4709370068197,1537.8242803177736,1822.593626986869,1407.2366738825167,1525.958836124066,1556.1853274109067,1709.7771223796813,1603.3972332554013,1538.9034732742257,1780.6115923099408,1872.454679713081
experiment_314,0.0,0.0,0.0,0.0,0.0,1062.3695130033775,924.3915140931092,1154.4096660660969,756.9283831882517,1028.745434432967,1164.1224432320523,1309.4344440539383,1560.8638929317067,1390.637273336316,635.2713090458687,1020.680725961477,1065.7078488491632,1090.67074832895,1208.8608533777974,1257.5928247274142,1299.5486826314366,1250.3080440245267,1794.1061525884559,1276.8742271334313,1517.2833604404873,1569.4528822609382,1675.2788761937559,1855.878433597825,1588.168266700754,1775.1897809835637,1895.2055053099034,1877.2791642277666
experiment_315,0.0,0.0,0.0,0.0,0.0,1071.7578926339593,1790.2928344647435,1555.1304258722114,1162.7093666915557,1428.4023394839114,1594.02173984204,1232.7209988205002,1526.7842434766176,1365.4164625754192,1763.6136341865588,2143.4688279600123,1705.3212543454006,1237.175902498925,1270.7607160035136,1210.079244529186,1333.8286004044835,1171.3708599588708,1281.8098393669723,1423.1518154713353,1752.2653532409136,1975.876998155104,2043.3424267021328,1306.0947677370557,1614.841251949144,2188.4859180175777,1827.8663073062883,1569.5884805031446
experiment_316,0.0,0.0,0.0,0.0,0.0,1468.6485646493675,1455.3417938850735,1367.6160363300473,1075.8945934424057,1583.7890451906703,1927.963278649962,1269.7371785484663,1914.5096569022562,1360.1501712897732,1493.4249790831611,1534.7927818399855,1461.7583079937576,1798.443261986165,1801.0421260262829,1362.5319145747012,1411.3787330483792,1620.2252855228217,1581.5266385310304,1718.1340477048914,1638.7357917475476,1456.1601119559236,1715.1735824464483,1873.4616064517425,1872.321865653195,1885.157258656524,1711.9168681088827,1930.532348899504
experiment_317,0.0,0.0,0.0,0.0,0.0,1387.2143133561208,1153.9358970073656,951.9365041853673,1075.0595419660497,994.9907716843692,1495.036919583763,1445.1223752054914,1284.3938909960207,1669.713166464378,1454.0049822813075,1094.1085543692875,1294.4561323825014,1088.908085396853,1101.4120362131769,1028.3864209631477,1477.6242294662452,1243.9905523255043,1098.6791360320822,1193.725557925702,1431.5905182744373,1277.9465696934806,1469.9556618559639,1421.489861778271,1352.9011773181714,1692.1784726457154,1382.6278195319424,1556.025046081109
experiment_318,0.0,0.0,0.0,0.0,0.0,1270.1934120305925,1269.7727757471268,1362.0121189161057,1191.9770797148885,1324.964668656126,1228.7210139202332,1429.880095585717,1641.4677417425735,1404.7053234378145,1377.4687831043175,1748.3667979630677,1487.9881287650524,1931.7431691646686,1647.4944480841673,1605.02725119217,1314.714158568955,1709.2030353036419,2152.262494581545,1720.1836151135603,1951.491453035036,2068.909723768436,2050.072684354308,1674.98742048952,1813.7716351045196,2019.1186855982578,2181.2629474358678,2277.356785770585
experiment_319,0.0,0.0,0.0,0.0,0.0,773.636809788241,1253.9231870736457,741.6146235129908,920.6805231707351,1127.2013867341611,1421.9589262445497,877.3855047694806,492.2977185133865,505.4090462379242,821.9096041305703,891.5125198276895,1327.9161438023473,1177.565215868798,768.6189818318659,1404.7705760151146,1401.8404379130016,1147.5285564737583,1247.732328078632,1365.6503453471396,1438.799691200393,1340.1482218141641,1218.0047789835708,1395.2566287134634,1361.703422733852,1607.2359825612011,1520.6131729692447,1403.993605950092
experiment_320,0.0,0.0,0.0,0.0,0.0,1228.9788731529036,1365.893376206628,1198.5821797813542,1078.632828074741,1904.2457021501289,1156.3494636674336,1674.629764835183,2045.4392831978562,1558.7261503861446,1388.1008690088684,1839.984675116038,1696.334035353847,1559.0660889143737,1927.0934123122342,1816.6024456831685,1506.2798246881848,1889.372455475589,1850.3103725677408,1939.082193157035,1821.070782861,2257.7082055071132,1922.1218786855652,2037.8482833314063,1901.1853906864328,2123.6481562453337,1845.80894172828,1947.1608519622255
experiment_321,0.0,0.0,0.0,0.0,0.0,1088.3718165318755,1531.561040223583,1030.0891085264996,1027.1233801737635,1291.7663591248188,992.8441820569012,1312.0206886714736,919.7969769137194,1056.3401094284534,1321.915771257788,1408.0492269644833,1516.7141612219468,1452.680115363993,1126.3880055323912,1373.0476539335802,1274.9229926540738,1499.652743712463,1394.4620897062987,2002.7529241687466,1504.584889276508,1670.3907785092938,1368.904553635486,1654.937527628119,1705.219018360386,1817.8514330716976,1934.690603070198,2121.894134476709
experiment_322,0.0,0.0,0.0,0.0,0.0,887.0008259170427,1097.2252906146516,712.8929822517775,1466.4398409902365,1382.1255988096707,1314.5913533281139,829.6717712430052,949.1134830584249,1288.0519311674657,1260.9744469172902,1007.2319021398507,1174.388548868052,830.8379338093833,1067.3823902227687,1877.6922794833279,1311.0863627545511,1354.845485310291,1427.3875537137344,1658.3113005398468,1371.2920066808938,1649.970405227761,1948.2025361591645,1944.2654581974234,1770.2829082340104,1990.2061689635689,2046.6227044439656,2126.1821606405188
experiment_323,0.0,0.0,0.0,0.0,0.0,1430.8165166804056,1145.928339062804,1315.6831236644875,938.733124654477,870.861470677547,1261.34205699741,1573.5094571123268,1761.4093413577903,1080.648282097261,1263.8944106858069,1244.4154180615274,1117.4121874128166,1034.3087837598787,1267.2907254518914,1455.4987418776454,1128.7153040539063,1339.7384928988586,1066.8343171935574,839.7016937240721,1421.6519239102488,1403.505974853101,1254.8932510177315,1436.4954301620023,1553.3571470470351,1324.0245768791194,1449.27457374172,1453.0576505786144
experiment_324,0.0,0.0,0.0,0.0,0.0,1405.6093069396443,1008.7624018252088,1220.1524846447733,1320.424158076423,1368.4967019505507,802.7220419952785,1433.767528881196,1110.7581651859284,1212.3752318090064,1494.3022597160546,1562.880617854326,1534.338989635462,1487.0582196810979,1607.7524922402495,1659.4476220295053,1903.952003791394,1707.2766927289038,1882.6748164251703,1976.0746966375016,2019.0932819459363,2063.114269469288,2338.478645010958,2276.5026279638096,2362.1599928726255,2353.283094097731,2779.7768793124446,2532.92282649522
experiment_325,0.0,0.0,0.0,0.0,0.0,1506.1003393332594,1132.137111790976,1258.0056748975273,823.1526927896454,943.2680954959136,991.0050049551702,1259.2149627198537,1739.2259390717004,1356.648680532525,494.7501704199303,1404.647074191395,1116.1676213789979,829.4426964469563,1037.7122367033546,1206.0073110772607,1452.4063000956105,1244.992916781921,1094.0056693041618,551.2488426312657,1001.3297746480055,1292.389342697038,1246.177163657118,1446.4863893052457,1225.7181613151315,1257.5913278554199,1373.453557399684,1317.2753225729248
experiment_326,0.0,0.0,0.0,0.0,0.0,1263.3291125383726,910.5198580622373,1247.726961499173,1318.6658935664955,1136.3626680404611,1321.5303440665966,1642.0773216572975,1419.2752377549627,1705.4988937927264,1171.2246881659535,1644.7746631582136,2392.165828053927,1461.3324481678737,1637.7985654203446,1504.553257949937,1642.5474167971347,1307.6507137562132,1745.790297302793,1766.3486730071013,1870.1325643446496,1885.859146751681,1863.0671775998921,1878.0604684227567,2035.8250340176755,2048.1428617133606,1918.8503187504898,1964.1317890560194
experiment_327,0.0,0.0,0.0,0.0,0.0,1302.336917148016,852.7141598658043,1367.8132335865198,1181.8860336662665,1683.4026533482067,1166.6202544583589,1373.9675764644612,1575.0768249158139,1283.5870569536335,974.9570311642369,1349.5486561499577,1187.682194582348,1653.7095781259964,1426.294676499764,1365.1529552223078,1487.9956552051444,1810.5236642745247,2254.8370664790937,1793.5948703015558,1552.1523040304328,1741.8507526436297,1407.2026000244095,1879.814899839573,1812.0595130620343,1718.5699296602527,1870.2756114808633,1699.1322377299057
experiment_328,0.0,0.0,0.0,0.0,0.0,1422.459524355237,1121.8143114285883,1489.9731844969922,1252.6138230496651,1684.7692808530294,1275.898346800128,1472.9142614087853,1434.6860075535858,1785.3781531784828,1656.279918350403,1406.9577493583022,2419.0620713621024,1736.2618382143792,1471.9723160511103,1808.399320780798,1750.3167643682204,1839.0276891641884,1879.2325487620578,1932.4008973985615,2111.989043873731,2253.0149080981246,2284.9914801459004,2167.904949478593,2356.158313169098,2320.7486207068455,2454.958840501634,2582.926141512811
experiment_329,0.0,0.0,0.0,0.0,0.0,600.1960242525643,822.2354534678025,997.216493941824,1336.7301681609201,1209.4298098230279,1650.9701012439928,1243.8946589811112,1174.7172339554932,1131.0149824241485,1443.7292427076063,1292.3959525389196,1609.6398597997759,1760.383353666076,1412.4422021631185,1903.153038242827,1367.3349406726804,1546.8512569487611,1575.3173002341655,2060.0841227524365,1580.217990405135,1632.7420702198544,2030.3061463564313,2075.9386146198135,2283.468147101895,2534.6068053849262,2370.016772205363,2338.8215073023475
experiment_330,0.0,0.0,0.0,0.0,0.0,1078.7753571742683,1340.7787752990005,1196.2864252357303,1263.954138260499,1474.6781114234946,1437.0521743295753,1605.0699090725766,1639.7385111013712,1397.084040322109,1213.985366264354,1607.4662712952081,1508.867694175802,1712.2471947053052,1641.5975357284374,1843.6625824553266,1765.1835566794625,1897.7091281236294,1564.3113037023957,1989.6159026558464,1882.3133836803108,2069.11794156709,1994.8288389122206,1893.3430025670887,2134.5932203223124,2266.033152062589,2236.3942091676454,2342.0056235731645
experiment_331,0.0,0.0,0.0,0.0,0.0,959.8188436534788,1330.0439945623054,1170.8369282115327,1739.7098079047914,1206.5851814007137,1868.4539082913839,1054.8178312141486,1351.1511285565425,1383.1463795971783,1058.2446955629057,1455.0935563820494,1486.0184475740987,1612.8381368518862,843.5238977748794,1626.5064666855587,1622.519844083592,1534.4619074523473,2000.3250705950013,1642.8539931950083,2076.675931493383,1405.7429945416736,1853.9013976862532,1666.022249162631,1833.3482273745637,1475.7781302088986,1744.8445438440178,1817.9389728050312
experiment_332,0.0,0.0,0.0,0.0,0.0,1319.3306696937636,1258.7146482948688,1445.9113840473303,1111.1597939964681,1900.5248739056956,1480.2974973373807,1093.5349055923932,1402.8527670932383,1472.0905835277565,1679.8359896728095,1666.0693685950525,1473.8064460750356,1700.8959366448478,1675.2624025166908,1638.2442358023416,1792.3203393287658,2050.865559358684,2329.9394191282454,1752.099783245531,2311.8361436096934,2149.384067530763,2228.439649508071,2134.4773881275482,2121.7747005831784,1615.7511076486244,2648.4651953490256,2086.9847963076645
experiment_333,0.0,0.0,0.0,0.0,0.0,1048.7930447870165,878.2045199016742,1090.8356592682953,988.4009142461548,979.5548365408879,767.908275079323,1413.4239348404326,1283.5792928069468,800.4480249683089,1377.2411675679498,1051.2351279388424,1027.145144336384,1028.194408541755,1258.04574511574,1605.5907352135669,1051.982797302715,1278.4130384539117,1276.0382620429675,1362.2581959310592,1520.2698077239415,1785.286320204229,1336.5515296425617,1527.5727830139956,1688.1325536054658,1439.5611738153139,1114.1016146533027,1881.2432382688776
experiment_334,0.0,0.0,0.0,0.0,0.0,1585.518114531123,1578.8853935517272,1312.7820935580012,1290.9233931200224,1465.59397684275,1518.062517507157,1423.920801254781,1767.6188298435447,1529.2302542849739,2054.5364088910123,1431.1385775119013,1453.7072275688618,1720.265386597003,1838.7254545363555,1459.0260751353464,1696.1964581273191,1735.531316003786,1614.9388423955431,1984.8890863818253,1798.8736738163373,1918.8864403146144,1735.179796181971,2000.986860723941,2105.6707864821283,2432.5133062176983,2769.169307460397,1973.3444044551404
experiment_335,0.0,0.0,0.0,0.0,0.0,1033.7398751625221,1236.7789611217102,1270.7332860979122,1513.3452307414123,1157.1564752671957,1113.2643145984182,1215.251189941635,1123.761082385359,1189.5378478390014,884.6502669855079,1272.86104257716,1045.1193142821237,1239.9969375423982,1314.5850204179558,1881.5453510192822,1938.730428298054,1439.3452788151706,1467.516784655219,1473.0056727259337,1224.4533354923205,1223.636974361923,1221.3884567868658,1059.1013748784533,1462.074279269731,1253.7017692769564,1133.325336096258,1026.3388607293678
experiment_336,0.0,0.0,0.0,0.0,0.0,852.6760860822546,1134.8288322278236,1002.5015894508371,1101.337285952127,1004.7085242605517,1333.0367855300524,1717.0439153131604,1482.644676046765,1593.994676728254,1448.3303305855695,1320.7317802233172,1503.2850765791927,1683.575369494715,1637.2945833815752,1943.9688572986452,2281.701599350962,1514.0305937026978,1770.6118742666508,1889.105849723361,2105.320653469017,2566.3414646920046,2047.4282589174964,2336.882822611658,2248.0230865018393,2340.0339992264026,2645.296825411163,2541.227553130401
experiment_337,0.0,0.0,0.0,0.0,0.0,1075.4710529481342,1109.1340216574397,1200.799904882329,927.2043206980588,1086.1559706350536,914.8401690210205,1000.1975275882753,1025.3251479786395,1038.3767512840898,1379.1834891243225,1095.4238617297797,1493.8398316598018,1399.504363478962,1355.3049023959168,1424.9777084289553,1592.3727486047978,1859.749558294266,1646.2845216852797,1560.383600072676,1710.707573578328,1602.5478056329584,1806.4908238527314,1887.9411858984386,2180.6592658852255,2074.8144641691333,2015.979788905042,2276.0327106321693
experiment_338,0.0,0.0,0.0,0.0,0.0,1057.0249163300878,1164.7755767715348,1227.971862822907,1433.4590028366918,1261.5587980796597,1583.0995123241355,1470.746065585778,1635.8595529799504,1647.6989753781395,1741.8212063862468,1948.4489309969877,1232.4208156141863,1400.6534959435198,1215.3480459358652,1453.3310586564116,1676.8252106952568,1596.695815587906,1470.2171448978906,1754.7363247265685,1744.8821017676346,1379.1808006893918,1821.0405291862944,1304.5581981949704,2250.1459551450466,1669.7285185317476,2322.0687524031773,1725.4976327499949
experiment_339,0.0,0.0,0.0,0.0,0.0,1021.9475333700448,1345.7891329134031,633.5045919398847,1392.2500410888133,991.6610741090508,1335.129270411072,1247.0504169334308,1190.9351359027146,1395.9404092530644,1605.1545070166962,1474.565487225079,1451.1643363973383,1324.4016673024184,1200.7922675210962,1648.7324948751418,1454.3814518525307,1599.4933730120542,1612.863015420431,1618.5119010325352,1639.6794640914277,1876.2073272068478,2082.629019460478,2033.689770215183,1861.1511717474166,1997.556130881654,1854.1798916639927,2204.7055317016843
experiment_340,0.0,0.0,0.0,0.0,0.0,1213.0845089154598,1212.8757413936996,1480.8092962118035,1329.4300044943986,1032.933264122224,1228.441584766697,1219.2444133173667,1285.907186327538,1452.4447180774907,1499.2558677090105,1614.2173521274717,1423.596634087821,1456.9765047547412,2170.818448470064,1663.5107931637613,1534.95818247622,1777.5877261506284,2066.4917961745555,2003.1803525399014,1925.0718573381578,2192.2094915680086,2312.73146359282,2059.647485699591,2404.8348451958104,2353.118689826038,2205.2994472218993,2277.347524155331
experiment_341,0.0,0.0,0.0,0.0,0.0,1098.2076821194055,898.5938267958543,1299.6462097503231,1257.122653986373,1195.7635982479187,1521.9453363028683,1408.3434473686284,1139.9735186998967,1194.632014349349,825.6165217201803,1078.7465517351231,1374.3272151185763,1553.558429859901,1168.606047110778,1188.0767985962677,1558.0331835800189,1444.3900320821147,1409.0609938618563,1607.5169343622242,1674.8561300003362,1956.259262105838,1533.9298516603276,1465.0111293898735,1952.9375615465724,1212.8181185237377,1561.9469217108874,1645.6556569986533
experiment_342,0.0,0.0,0.0,0.0,0.0,1092.3066138459533,1258.0469990686988,1511.4596585862096,1439.6753256959018,1656.1104055734434,1535.8354034043855,1061.717728608422,1006.9421188434947,1127.2845881634396,1421.8677649133012,1428.6817542607137,1194.6324124360249,1447.2738472902115,1197.5611696070696,1663.9810479980085,1266.9304511525577,1415.5827571528782,1550.1220679624678,1395.2408603779134,1374.510669163894,1489.3839037773712,1875.8430316075608,1926.9729680812252,2059.0015955313447,1630.6212970075749,1528.5949349101816,1518.1941595894773
experiment_343,0.0,0.0,0.0,0.0,0.0,1123.8441152867836,1248.4008041151878,1058.9687403118041,1347.339908666046,779.6375072170673,1306.3517356856323,1607.4105514110445,1366.2573281792431,1383.3115180836348,1305.6982354801926,1095.4827597680514,1643.6829923778982,1625.0125021685103,1200.0587558687535,2114.585621692651,2049.721147213876,1307.7174935096057,1557.864077028249,1746.8436799606707,1787.812432295542,1657.8143113102963,2015.9066200733064,1398.2354800344053,1804.683635078611,1926.663610840145,2011.3682788098627,1954.7792028448991
experiment_344,0.0,0.0,0.0,0.0,0.0,873.4834095895251,1414.703122265034,1204.1687576872453,1499.3546384711958,1278.8260776975314,1707.6176714624569,1164.7900838739183,1734.6384124265483,1363.6430543919,1373.8388975990229,1506.7121678551198,1568.9784182511198,1919.2414960334181,1690.1052404940087,1664.7329353064683,1770.0091772735277,1441.2307313731044,1696.2210286783627,2034.088902419009,1914.3260283579516,1966.851142918416,2005.2587388899044,1643.816259510509,1831.658319205355,1792.319171904262,2265.5029544103318,2113.5381065421534
experiment_345,0.0,0.0,0.0,0.0,0.0,1521.0451440005004,1161.4880688581738,692.1535766156264,1259.878438246324,1108.8035669664455,1553.4961061122156,1032.5200622550283,1041.2702296237633,1270.8900181542404,1349.3671382367897,1174.425981262303,1320.6144013326516,1354.3632044915844,1317.7306841912846,1283.7919050689065,1565.643580715142,1180.651970240239,989.9900352707944,1304.7494966354316,1125.4154813075052,1664.5302483851367,1271.7366528528019,695.7140701769486,1038.1702452571155,1509.353964354238,957.7149597510604,1028.038141453096
experiment_346,0.0,0.0,0.0,0.0,0.0,1148.576383601729,1004.2201244024036,1091.6304544190343,854.415810248212,759.7355433171815,1097.4617338895896,1341.5273424422412,1321.9567302606508,1130.1039234173754,1232.4796190897237,939.5079052439941,966.6433315811056,1392.5204457174264,1334.65936258283,1046.369206674942,1271.7895111599878,1225.8729279297709,1262.5015252358787,1600.5147420219812,1558.6747668102091,1527.2664179179867,1349.6353313631291,1458.6343240104256,984.4643686102922,1376.2931402488025,1847.1400118737517,1721.6742816342162
experiment_347,0.0,0.0,0.0,0.0,0.0,1368.998355748815,996.0347668815778,1203.8019235754018,1343.347008621707,1330.658373683005,1716.3670114543506,1248.582585477213,1933.2131988470028,1696.6733171260744,1227.3292463587015,1387.9463623891538,1976.9912674709803,1330.334389618038,1658.994930183211,1464.4384187936034,1840.4432144707625,1457.2339589652788,1795.6609650409628,1754.6027357446383,1862.1580885193478,1766.1353730776605,1771.5036510432476,1959.4759438045928,1906.9856936481688,2235.501447427989,2048.0293770688772,2392.994150672627
experiment_348,0.0,0.0,0.0,0.0,0.0,842.1298758876854,736.5054703978582,1587.1833992041052,1130.3067802235273,1447.7184269399781,1539.584843946189,1235.5025891240336,1428.842740231475,1126.665866133489,1594.124124864249,1199.5235950310384,1767.8130247415484,1446.2783878345272,1487.1207284912898,1127.4114408386338,1391.3230119482134,1263.2395287313343,1150.592873961672,1525.9986622874355,1275.066416834531,1666.174752963212,1544.1018677073484,1793.9070599455565,1752.245566792564,1822.5475104322193,1749.525865440972,1724.9919622027169
experiment_349,0.0,0.0,0.0,0.0,0.0,1217.9388151266376,1220.0259759959135,1163.7087231878538,974.3673316661187,1357.8997679106442,1287.910583640399,1599.4405684385883,1432.252513617456,1414.5695389788234,982.0533579315374,1311.0797653199588,1266.7886305418926,1521.1799129314945,1133.3663024563873,1364.1071831182671,1384.7265916879328,1477.3334262221497,1643.7082717120193,2023.2647067913445,1814.7356885579566,1902.8134368121878,1725.5561947950787,1614.5876618451434,1744.2657263713277,1989.5078943129784,2029.410539739174,2100.057729210255
experiment_350,0.0,0.0,0.0,0.0,0.0,1394.4007056561127,1076.5075657643179,1114.814153371872,1263.4214498812337,1468.3865657719348,1769.5066810999497,1400.7948230798193,1639.0199154011793,1694.8936839733187,1539.8956546952845,1664.7683250393939,1626.8173894333654,1833.7854850619829,1885.0156684808355,1687.3942893110025,1773.5498522110674,1911.0109872550765,2059.646933989202,2022.3607865957156,2246.424437422832,2166.5060579497813,2301.828146457818,2474.1779376435425,2414.4888940570518,2389.348564161502,2740.9021520043525,2778.183669861907
experiment_351,0.0,0.0,0.0,0.0,0.0,1189.1328967334562,911.6144058187044,1280.1682497739216,1433.572541394559,1273.689821691148,1621.8039223465785,1840.7782719357833,1495.3699640028267,1518.8727307566062,1515.1931073897658,1616.0125958906353,1437.9575778527178,1833.439854437394,1770.0013903589613,1448.495115556188,1613.2899353021016,1389.6336887745833,1417.1314217269237,2228.9586835460473,1942.97227096883,1400.6179840456027,1858.7994366623607,1590.5381946681398,1597.5569667572422,1587.4411248194708,1825.0958523774473,1822.4946184423327
experiment_352,0.0,0.0,0.0,0.0,0.0,937.0941157566276,1405.774361818921,1365.9327849099082,1172.4480470066128,1149.7831300617631,1302.4331322303387,1736.82315668229,932.9323038525916,1033.7088977104881,1185.3310854435645,2163.2982005065287,1423.5699115775953,1442.02932164487,1559.6411781584636,1498.7981900013083,1591.8792381856817,2099.626528771112,1266.4188747525775,1765.7051130215111,1531.3006066450976,1878.9813832824618,1775.0083311928533,2203.243263183683,2168.644018835269,1856.1953271662744,2356.7402826779626,2343.0928778968673
experiment_353,0.0,0.0,0.0,0.0,0.0,994.6867310864199,1494.4026699800797,1415.9284432698219,1123.3449964727088,1059.32495854229,1325.9235311134387,1023.6314570585978,1327.3335523065339,1317.8623873034069,1652.7296342284144,1384.2127666373706,1572.7007069488322,1722.5121163936885,1587.2335179883337,1750.1338843448125,1737.2759328334012,1764.8800289760898,1853.6281395609608,1998.1399764040357,2039.0338164545346,1956.4182362849044,2542.980651466743,2012.9337060255953,2261.7776169865956,2399.7515922759135,2108.8349892342735,2376.3454641877897
experiment_354,0.0,0.0,0.0,0.0,0.0,1159.6726190447653,1160.1392081086926,1054.9492234339903,1268.1490964955049,1071.2326888173218,897.8313379821545,1407.3402106427643,1384.4597446359217,1147.1297257925444,1013.311281303219,1440.5520111538326,1222.960187613782,972.5703372965748,695.828337182702,983.543361551007,1415.7563167547678,968.2734154436346,1527.3207701904462,1287.9739738894057,2238.499730882274,800.036448296331,1432.308884366713,1392.7355066400874,1752.7645558953052,1426.1277700096564,1557.047969017493,1464.025949708466
experiment_355,0.0,0.0,0.0,0.0,0.0,888.2057500373857,993.4809889498637,1429.6554911028238,980.2104758954206,1123.0401360826058,1509.1979311000682,1485.8028752550645,934.3772196554705,1434.0338365948696,1975.2809418531292,1388.0472543843798,1016.3352695151921,1471.096568916089,1326.0384416190936,1362.9534388888726,882.4745826848117,1333.0691502698983,1436.6380557477823,1100.707406312916,1221.0964670038575,1664.0273978161315,1670.6503467115215,1730.404136113152,1678.6128646913626,1575.6411577137608,1723.4479647765233,1658.5918729056623
experiment_356,0.0,0.0,0.0,0.0,0.0,1334.0363739952725,1241.5825016109495,1308.3291445288137,1136.9845029709827,1127.182079600146,1188.9225439982533,1299.1624547074512,1291.1813205850067,1399.069818323932,1535.9252212498727,1920.7765619007473,1336.6386737949447,1587.4301184754327,1407.4585999471599,2114.123665493278,1866.1460556180252,1650.2697055476488,1858.1579085906524,1606.0480669571668,1977.2787748314784,1874.500833628128,1950.5741569044148,2048.792573750049,2194.76598802056,2094.205032422214,2224.0744149806305,2159.7151055251843
experiment_357,0.0,0.0,0.0,0.0,0.0,1017.8731961858688,1380.426149499642,888.0817803292907,740.2402495011316,1014.130977717492,1372.1376796645268,1131.24592526404,1244.760690420547,1282.5075385806695,1311.633828944273,1056.8220237588184,1108.7669487199319,1445.8674428743286,1335.850262698549,1953.4342964391874,1550.3145256544158,1597.004310871303,2230.0743040314665,1344.307660912757,1737.651255361157,1492.749586694053,1577.3540388669794,1668.8093213834568,1677.7262578428843,1845.7119606828114,2032.0312951766896,1898.851443140426
experiment_358,0.0,0.0,0.0,0.0,0.0,1296.882193528328,998.8798816223352,1822.5591088369226,1697.5958008752154,1304.0220383827723,1532.723098329919,1493.8029952111065,1617.3296539228286,1626.7141518683347,1375.3865744537977,1554.1790909190972,1525.9796146724368,1750.8311170574125,1708.1014630357286,1434.4312208348056,1243.018748864833,1616.0931184136682,1565.2871969366342,1623.2981951452875,1285.4355898540343,2086.0401397334736,1589.144763105984,1841.850198533093,1412.1119537191646,1746.3694807056331,1686.549543666878,2023.7043155251918
experiment_359,0.0,0.0,0.0,0.0,0.0,537.1490577623824,1506.0064559880452,1466.7536383647387,1312.0944932082716,1104.1321994495736,1349.0857354554892,1550.8297731649377,1121.5282347374855,1525.346021408811,1353.9814072179595,1433.5688582559171,1571.7183813109232,1436.3722581801485,1221.5902624139717,1444.8709900480824,1210.3601308672205,1180.0500000990814,875.4456983337781,1467.496473248986,1552.2859876847306,1566.4177556469783,1792.715010555231,1725.1637559961137,1965.9384021793621,1824.7675664370843,2032.4787633649235,1889.3295425264314
experiment_360,0.0,0.0,0.0,0.0,0.0,815.8875992309108,1114.3262718008486,974.5375737384413,1296.2069102670687,1755.2274692385633,1682.1869148588637,1475.952403850191,1588.6187138554944,1162.6240822066145,1570.910232098006,1269.591557468896,1283.4215329861825,1163.9420530893385,1534.0240331358973,1803.3459527771383,1741.177963041649,1506.0904322602996,2063.6015676549246,1789.5846462785207,1872.612067475978,1874.3547967316842,2004.1143087286928,2259.429222412863,2192.9324859053877,2094.710908611098,2115.2510571126886,2308.3073319213636
experiment_361,0.0,0.0,0.0,0.0,0.0,947.5381705033916,1419.9889916116517,1602.6287027552657,1266.0043564606356,908.6634604892707,2065.7977505398244,1510.658171687282,1670.748483066373,1492.6870023611148,1272.6667862886354,2087.395446961541,1563.4187856283104,1730.4902837685406,1828.9223216049725,1353.1358313427115,1609.5075141693408,1698.4591282473502,1683.567705135843,996.7778411783565,1355.9895330596776,1724.1384419327653,1777.7180957277255,1530.7623719239355,1792.9549924959433,2270.4209785034627,1740.109282917263,1699.5860411548636
experiment_362,0.0,0.0,0.0,0.0,0.0,943.4739894055921,1068.3662714913658,967.4029786522316,955.5243558375016,2001.5303535110338,903.4576682664535,1511.803432312084,1611.7700055027558,1242.7922722026228,1322.062968661464,1344.9375124690373,921.1977659564952,1202.4637439086612,1127.4294805838135,1228.3045617682437,993.0079959545293,1099.582117812029,1076.6998250044198,970.5043632400425,1040.1867014797697,1579.4927790502202,1208.556483524413,1105.9149115942769,1299.9572263266778,1305.76020526902,2046.509202474079,1380.3481782377673
experiment_363,0.0,0.0,0.0,0.0,0.0,1290.5189947234967,1293.4681853998782,861.1029397277129,1186.0684787056161,1296.5658618433683,1160.9726701231132,1498.818799785696,1113.7877917232813,1347.8793431624756,1709.6403728754133,1244.6862718706516,1434.9299765578837,1737.3167598621492,1749.1961321711724,1491.7259030414505,1822.8409058451873,1681.1696160390727,1743.4114145656436,1698.2513009309127,2115.1530101553503,2252.5794631771946,2118.4423258967704,2097.2667885265064,2650.012873115908,2175.4168774960704,2167.562795870538,2149.2559824145947
experiment_364,0.0,0.0,0.0,0.0,0.0,1138.309762005958,1249.3825596653273,970.7118307597945,989.4950719476914,1660.4838920839225,1156.430777618913,1120.2877267632232,1478.7489373695473,1466.1282264180377,1641.4496932206844,1000.2028988206434,1450.6941639911229,767.1839130805492,1448.7767383733437,1308.3509892040663,1147.8350350502456,1311.797611922561,1406.8971663857171,1401.7637434407563,2017.871666082735,1324.9197240762783,1434.9535250324545,1809.0200458498698,1668.7461676278922,1263.9488870199896,1839.430708920167,2029.802288315483
experiment_365,0.0,0.0,0.0,0.0,0.0,1091.2918991330118,1164.3426149605014,1155.8542520314577,1318.1833625680624,1325.1174429135117,1236.8096678246247,1203.4346874549592,921.5458805232199,1736.938939573284,1176.1948604144281,1397.690080227079,1449.8752439286827,1452.6995896427948,1291.4364608302883,1477.2549073328191,1380.5468544374503,1345.8672857490967,1309.446120434457,1456.035804019146,1158.7798074804755,1543.163022641073,1780.4506638702273,1792.037821631598,1917.9430329087756,1991.811450702438,2061.553530229511,2093.233313241184
experiment_366,0.0,0.0,0.0,0.0,0.0,1450.1313431310705,750.0316112873222,1444.825224236282,1189.4000607988155,1675.151902453452,1665.6370226573576,1228.668487555867,1329.5567152218423,874.7835783769671,1552.0472638061972,1577.4945940519287,1462.5464295298004,1710.3206399782302,1598.3291287442416,1359.6720286508948,1958.6949074022807,1860.8259690704888,1765.4012413582445,1585.076174743845,1871.095970526146,1953.5986800241933,2043.8702450241472,1800.3427500258108,1912.074774015376,2148.439136458528,1904.7932990545373,2144.309863093238
experiment_367,0.0,0.0,0.0,0.0,0.0,971.7216750432585,1308.9420839070856,1594.6039426745067,1253.5383319096022,1216.1534486447997,1708.9924690008463,626.6740504680215,917.5322221290961,1400.8632119785832,1280.8247319567954,1339.7519661066729,1184.9984895040166,1399.6806522179,1266.5532463367383,1294.0291491757607,1242.56027447706,1273.024063080702,1535.2632485629506,1541.4822016364521,1456.9739173057574,1419.3062340250267,1669.0880123297593,1638.1819152476085,1326.6155086831232,1698.144789381869,2173.2529924910327,1873.616599767625
experiment_368,0.0,0.0,0.0,0.0,0.0,1795.442747788979,965.8631999552223,1159.7958002714224,1619.4669566934417,2089.6519225759566,1305.2216902591244,1260.8091702125635,1278.3250888214484,1369.956326425198,1586.3896862163265,1376.8264668942008,1799.416518761642,1546.506457766901,1723.84396410233,1427.9216474084537,1636.183032952657,1994.5472897742643,1847.3054072330735,1846.3372189356867,1534.482783222178,1945.7919254569067,1975.4645581059158,1973.3919411483394,2098.429828804769,1952.6628745262383,1736.1349976364736,2282.5866128948514
experiment_369,0.0,0.0,0.0,0.0,0.0,1186.4913826269371,1525.2061672685586,1229.8003696533883,1354.8531898124913,1576.3373913181322,1149.4884399074394,1295.2665808355614,1364.9461466194375,1452.8067143369638,1277.7722175287017,1846.5650542143378,1374.806433060949,1270.128194189996,1752.750672947726,1467.5341671726733,1640.664688111203,1452.522529302919,1219.7223269058943,1691.30485656339,1669.1926329445034,1184.690191014573,1690.8739408342146,1681.4364155004682,1595.4300714867286,1574.0232013239201,1319.1410421498413,1696.5747710284309
experiment_370,0.0,0.0,0.0,0.0,0.0,1185.815229826195,1204.0975733809305,770.4454580565871,1381.6649648344467,1187.6017844580465,1297.3449126694627,1324.8354421208091,1723.417714530864,1521.5223513112323,1767.0283048467873,1614.7006869369018,1676.5578735294944,1718.6477132832097,1608.408771095321,1866.6599055300026,1772.7674426164062,2491.786752327953,1622.0328761255992,2039.8783914807361,1932.2667801791792,1822.339750733684,1796.9598839691484,2201.9808227277467,2207.3403715358268,2537.6692443602833,2288.456458414169,2411.0299584398517
experiment_371,0.0,0.0,0.0,0.0,0.0,1257.8138456362071,859.6929829437258,1480.7742843451836,1341.005092454026,1246.0797993374636,893.5773529694308,798.6779504856574,1406.2807645913483,1385.6198353290358,1024.0049500416785,1119.450764634776,1620.7115341164897,1513.3653695796245,1302.0387107219701,1463.0569281155163,1294.279638885635,1102.0755807203732,1741.6095199464403,1840.087441971959,1987.6410409462042,1546.3545486281123,1810.4831415889307,2035.9415576073056,1787.3029165946175,1501.0750709884887,2307.58009889382,2184.016273285015
experiment_372,0.0,0.0,0.0,0.0,0.0,1289.6589873054625,896.299809716922,1490.628152224302,1218.1047820662943,1379.8485552402724,1309.1415563998708,1379.9827298294213,1480.0394475519472,1501.6178284720131,1479.7027997537796,1345.9207908689198,1677.189994054208,1221.9675201318432,1413.2055192767723,1564.6686665465568,1603.5259050952495,1790.4758092200732,1878.0632554695226,1646.996966877557,1897.917365422517,1847.908766369146,1956.826399953913,1917.6370208339038,1980.672734900544,1665.775902028694,2100.337889843078,2205.0727322872135
experiment_373,0.0,0.0,0.0,0.0,0.0,1559.6336842751691,1366.7096276370285,1652.1736770232778,1719.4651238032243,1316.9677263276799,1803.29745961553,1594.44254890302,1761.0024564883615,1843.909731577297,1851.4439065245665,1805.7922994438177,1893.5772277930255,1854.037462250359,2032.3293364853075,1558.8750902635131,1849.2863977091913,1758.081422435322,2052.265384766182,2191.2748352273575,1931.2526027034758,1867.2342182069974,2011.3825154300375,2119.7718259404996,2115.781664521693,2153.7369644430355,2208.566220850537,2150.2362576563496
experiment_374,0.0,0.0,0.0,0.0,0.0,1049.8841582649702,794.7659565117192,1257.8772665989327,929.9375425175184,1088.0048909294853,1031.9084518050586,1166.5092163125382,942.8376655857237,1327.829974770365,1362.4899001844865,1399.118883599551,824.3419625359484,1184.5206693455725,1263.084184029261,882.2457094503025,1069.3749207485073,1362.8766320678446,1122.3748742963267,1321.3653920228194,1235.4409209445398,1702.5485897207673,1416.2364689188867,1809.0496394892903,1743.3854626740774,1797.1207140379302,1618.8791120798187,1796.8975977418315
experiment_375,0.0,0.0,0.0,0.0,0.0,857.8113569908231,987.3842861370016,1016.7102260740747,1369.8149359407944,1141.9612227711689,1389.1214536147768,890.2140304446684,1213.9167484229295,1327.8084308596126,995.6279139440078,1143.8943233348461,1423.3487949422147,1119.699075641744,1359.4394097040201,972.6087282197145,1588.5956364029962,1842.8886897742937,1407.1329259169338,1641.1321650899959,1377.1102518708353,1165.872233698106,1506.350187461537,1452.7611902459257,1482.4033533280706,1908.0320764840415,1677.5215575021136,1454.2715530598514
experiment_376,0.0,0.0,0.0,0.0,0.0,1115.8605472345982,1402.696598324716,1253.716052538984,1461.4590090405784,1652.1127874252147,1336.4224883953957,1481.0413206918302,1358.890116919551,1482.187221273652,2162.094242866548,1723.1956821528254,1284.3100355136678,1490.9100061467839,1856.3313716130742,1469.6927150568176,1710.1831326322997,1891.522225853381,1946.001761109162,1895.104537545307,1923.8269012715625,1858.5928950964449,1953.190223776916,2095.796286111064,2221.0360193614774,2108.2000372232587,2189.9742886080035,2409.5688029457374
experiment_377,0.0,0.0,0.0,0.0,0.0,1170.4777227826783,1022.6555535593513,1387.0982454238024,1423.330940966527,1828.827028068129,1495.2193869588934,1548.5314653946264,1632.4122110495555,1169.6554339682361,933.569401294865,1181.6439024525837,1163.7963793585902,837.2121959106858,1381.505198048068,1178.2973930920045,1147.7654419737662,1146.8188735765286,1470.510014691798,1538.961471100186,1296.339266429868,1430.3522844501617,1701.4162894782646,1875.958729975007,1263.3712098460549,1380.1794148312315,1405.2715637649694,1371.5774398610924
experiment_378,0.0,0.0,0.0,0.0,0.0,813.9876872522805,1086.1261412657911,925.6817211562186,747.5959551433168,1535.8959037181312,879.9502822748584,1265.9681830572981,1177.2343205393454,1336.2727792758624,1380.4844992285762,1058.3666180640885,1704.452129928752,770.6699205075491,1110.2431310701102,1594.5628001811854,1827.6270495120912,1423.37260101812,1797.8275491235618,1390.965845459268,1344.4324101588577,1389.4260143910324,1636.010878150349,1957.1146038330792,1512.7086241935908,1688.9742048763624,1583.6735089634885,1771.6826274902473
experiment_379,0.0,0.0,0.0,0.0,0.0,1420.547528917939,843.9071332687895,1141.1578310046586,880.1575016002901,846.3060662502454,1050.1061133958478,984.1094699315629,1210.6392508193703,1170.1298845067136,1081.3936733996434,1885.6539976783477,1106.3769660003,1111.683793402461,1472.762546760499,1052.378178771482,1324.8778448371158,1259.9443678814193,1320.5836516149157,1947.2094881329463,1708.8248575160096,1492.7785568298332,1525.9555289313125,1424.9661490470835,1197.6006337199203,1463.075964483582,1463.6537134798,1685.3905508161233
experiment_380,0.0,0.0,0.0,0.0,0.0,1131.7191463702177,1528.99816024243,1928.3975228497623,2342.767762742593,1580.3712704494787,1424.3322922839975,1803.4916871508135,1809.02782940721,1490.940915883993,1626.2784340158948,1544.3369269286086,1582.3919868327462,1822.8234125714487,1577.327278273995,1541.1450570426841,1790.0112142246373,1589.1272722916895,2085.9979323281927,1744.7745696638333,2032.3184033948717,2216.5746866457393,1984.6108473968673,2072.533026158986,1998.4099818619643,1953.6069887205094,2225.0335098291125,2353.9308031825913
experiment_381,0.0,0.0,0.0,0.0,0.0,1055.256226178432,994.616231063641,1110.0020263395197,1415.485583563575,1585.88018927472,1028.2907502222758,1494.090440369335,1200.2662074389377,1204.4698751096932,1541.822140460743,1395.630118559894,1484.4995190465052,1206.724211135959,1474.7492961933472,1240.9195462419689,1578.4134372452806,1229.9098856590908,1516.0255294910653,1584.4680336715003,1374.6157328089114,1930.4473741135794,1536.7403790815806,1854.9982964905203,1745.1990692702452,1853.8541666658248,2027.864127684209,2169.4701678235583
experiment_382,0.0,0.0,0.0,0.0,0.0,1050.3196528901244,1125.457490576922,1095.0959270717137,1022.3525594827122,859.9584435708131,585.6727291077686,1406.6356709012382,885.9784838524072,1260.9427581243299,846.7985558427919,1015.7310658274869,1056.4139531949504,1501.309677247072,1120.2033586854131,1671.9791355123828,1531.5076798650907,1792.2778053097397,1630.826332643241,1776.4392348679937,1630.4832047317914,2024.631545104975,2608.0452581744767,1994.5652829666492,2389.8800171497696,1690.9804336431462,2308.00770407678,2242.1929301524683
experiment_383,0.0,0.0,0.0,0.0,0.0,1207.6178354160593,1290.0004195646534,1375.2727756851152,1641.3094157830783,1640.4068568919538,1660.4617049871167,1501.8451413097346,1646.9824081201023,1770.126881291235,2060.532649390144,2288.6844761704797,2009.7452041273348,2086.650177028071,1965.123635186425,1845.752467731826,1720.9523839554236,2090.866558251762,2510.004078525421,2111.10194631201,2197.9272231044115,2170.493420478634,2436.4924268434893,2630.60635249499,2505.264689284041,2413.196162955908,2468.7378527381497,2730.8270946374614
experiment_384,0.0,0.0,0.0,0.0,0.0,1359.4250797575094,968.8973272806107,1066.7363237708194,1206.808955278191,1397.0272969890161,1539.9345570818646,1139.9443420869604,1280.3336228819003,1277.3511264866029,1789.4905643965585,1127.538807153855,1317.3833175669397,1233.6406694098787,1207.2721679636259,1859.6943695340035,1456.3429535067996,1532.3023521670934,957.0445725750435,1746.1867996938217,1498.1816692279324,1311.6154343097005,947.8494954483592,1386.0092361142927,1462.7617839555287,933.494101797585,1418.3459061618578,1790.2250419283046
experiment_385,0.0,0.0,0.0,0.0,0.0,766.7138269042849,1319.180114971076,1645.8660973131018,1948.5050909939907,1369.7406106704539,1483.3019523581538,1305.5399541642298,1524.496860150132,1669.0820772548539,1332.3452260269607,1234.0633700368417,1466.1042936372855,1697.0331501440692,1685.9177335538843,1623.1239351475535,1621.7945758001308,1597.831384890284,1928.0858646203624,2017.169125648143,1694.952979818508,1746.5607327465304,1954.7311839502077,1992.2899351811066,1847.479832162048,1971.8558289067196,1800.8031545752137,2082.580920903001
experiment_386,0.0,0.0,0.0,0.0,0.0,803.0196556975409,888.0435859101909,1471.8965759636199,1456.5968098489268,1215.982293793672,1178.9100847201667,984.2918190630432,1109.811007492212,1479.8021962511139,1122.9819036810993,1343.0818201318116,1190.9946649284948,1089.2050740648806,1434.2710346697897,1469.7384652855255,1387.475668900187,1409.1927700188921,1175.427021991893,1158.5807980431646,1336.9200026627004,1333.2641572417951,2166.9541172486406,1398.2608755386575,1759.2555525359935,1610.7958099027937,1912.5045227269466,1568.6578886917428
experiment_387,0.0,0.0,0.0,0.0,0.0,1776.6899551839874,1160.8771761995492,1033.355789057543,1829.838508889813,1335.3537590868027,1312.147946869748,1217.4814463567916,1142.5306166121322,2096.6763111612117,1483.7270602909934,1803.1180774237073,1848.1242947439146,811.2986308494641,1637.6247585340234,1529.2905155600993,1641.1060708053408,1729.8703471356114,1524.1518352914318,1639.0824259574729,1743.8718416259335,1855.1867607009917,1887.2750498179687,1915.7812946672407,1871.4254774063531,2117.4635209154653,1695.1748331708898,2093.0708744638346
experiment_388,0.0,0.0,0.0,0.0,0.0,1142.0159461753262,847.0261976020666,1324.2761906853427,1141.615994796336,873.4129988659831,1212.9901104842456,1227.0628324195159,1255.8962283706608,1219.067489517247,1003.4699425472288,1126.1400247877466,1110.605645859423,1314.2750005874475,1392.849351984645,1310.2326069835794,1264.3084170217417,1557.9638280958866,2445.12493451761,1720.228955649096,1472.1514465054695,1572.3587350726048,1825.483477822674,1486.3683045640096,1661.204382307572,1931.8499954610588,1856.0869670675927,1806.981809366705
experiment_389,0.0,0.0,0.0,0.0,0.0,1422.56225995667,1198.6685278097432,1039.438702711594,1190.2795697648212,1193.1264660783618,1270.5937149037773,1054.5907351606727,993.7602785927998,1012.7044567453447,1342.4445373932413,1288.012394179695,1346.3008114562838,1530.63807979186,1144.8840973662354,1435.6153481631034,1316.450931117655,1770.141041066158,1330.4326461641272,1391.7088546053935,1519.1826462980275,1639.6022136648448,1639.6031885947193,1598.6163328623204,1730.3496319391295,1657.6064302314521,1710.6676763073972,2096.5676432764294
experiment_390,0.0,0.0,0.0,0.0,0.0,1038.9852147502293,1641.4070427873894,1324.1202469214218,1342.0911923037597,800.1656798726906,1237.4304377832345,1281.8456801474658,646.9926638487756,1109.1985096465894,1296.131251104082,1326.0307414583197,734.5465872149989,1127.7190952669168,1505.106336554424,1025.2717832181002,1254.993780161437,1469.9836962417025,1236.8554126432061,1719.0085450862698,1563.7103103022164,2164.1626163542046,1911.843120506856,1816.8627261687477,2063.6842287998934,2177.0497162728793,2150.48811935843,2362.060598150417
experiment_391,0.0,0.0,0.0,0.0,0.0,1451.9834854598007,1312.4461095659738,1478.9648573578384,1244.924731157759,674.7096496069855,783.5855560331671,1336.801072161562,1339.863085958334,1267.3453456142686,1358.6789908550963,1738.5138610455751,1711.696494297247,1737.551888501327,1126.9271285128598,1340.0616578061877,1398.848330730007,1466.53641570838,1605.4106293633763,1089.3092504831377,1796.8021920634021,1400.3834241223317,1473.5093460800822,1618.2444343436528,1749.5981346492185,1193.1764209596402,1667.608810915331,1545.0264124138594
experiment_392,0.0,0.0,0.0,0.0,0.0,665.6413255696112,959.6689559076746,1122.0682678809162,1087.8986675308968,1179.2743431434114,1156.6523487688692,1760.8274857392323,781.3570739431198,1586.210856648323,1534.2526999136878,1048.374312007852,1359.7968374042193,1372.9935043325024,740.7609323323236,1210.8652629482067,1380.589491557118,1270.6462285950001,1344.845273132752,1318.8524688611528,1500.6085865037874,1689.5501419513598,2062.2528215038433,1859.6629282969259,2011.9543731810154,2200.298183878138,2072.812785335125,2194.1020568402755
experiment_393,0.0,0.0,0.0,0.0,0.0,1091.9945930062868,1215.3767165816894,1277.8647777072242,1411.903931463508,883.2110333725586,1062.998438447038,1376.7653296041876,1475.9793176807857,1456.4983206188522,1148.1310384387937,1710.301667972096,1550.6308823354743,1276.332765336376,1245.982205367826,1620.935332009029,1613.1242651042364,1579.3981564986345,1886.0845263878243,1353.2080947961663,1295.2549527803694,1447.7887092278377,1836.02468556752,1735.6456448676631,1390.5403042397872,1555.9488368098725,1608.9031056957856,1527.364753414885
experiment_394,0.0,0.0,0.0,0.0,0.0,1332.908572427753,1640.990706021265,1390.5381756755091,1503.601677238159,1610.3900889968777,1522.9917461405073,1254.4978858031152,1670.9120734935902,1852.862609109025,1648.9800790709637,1824.827746215802,1570.337050635187,1777.6410575015034,1964.2057490641907,1895.925854289967,1985.5605552559016,2161.357823833807,2044.26132282869,1966.8838811027424,2201.8016870827087,2268.256384563415,2366.442768716152,2198.8512287322937,2305.1980719404273,2354.210689626568,2119.307205027423,2428.4088363810724
experiment_395,0.0,0.0,0.0,0.0,0.0,1127.2740600626612,1003.7712485090017,1531.9540763065158,1375.828085195408,1142.4524644267544,1534.3480325879934,1611.6932260946437,1478.434722476677,1381.2237121777566,1436.348734437554,1278.6868453785698,1912.4989833102377,1338.823621228175,1599.7418322061592,1564.9635685541607,1814.2528062201893,1608.6846340690026,1726.8150369542095,1793.3628811539115,1925.4961162393809,1670.1698162389014,1807.4590422185647,1488.7988504165091,1789.3922889179714,2171.21520440571,1843.1456529106322,2422.521755998851
experiment_396,0.0,0.0,0.0,0.0,0.0,993.2359320228702,1317.3583544311803,1068.287589492727,1468.1853210967101,1430.3738539457552,1253.1588699450433,1398.2420921186801,1216.2697295460625,1233.811956592498,961.9816595728438,1207.7891565165428,988.956292989349,1267.9773639864413,1303.5919667889912,878.965021988556,1222.3400835933708,1413.7914386474802,1470.8838445191977,1647.816623665238,1591.824911187685,1854.6643053419223,1816.6804491582861,1634.8908007329055,1734.630700576442,1974.4731613128351,1835.7027117455482,1886.1880161009312
experiment_397,0.0,0.0,0.0,0.0,0.0,1832.8975637821127,1281.945106107824,1328.5032115705305,1361.0841836351938,1611.0725037183183,1572.595001267808,1454.6169660715607,1622.3451637802154,1629.2179583737334,1464.518740073247,1683.790644046947,1604.983457354614,1713.9465581095033,1343.246041303867,1757.1715927841142,1730.3859242291746,1661.0766487112264,1987.8578254363872,1685.4866452711935,1729.273278475154,1756.7647629867975,1808.0335555493539,2534.279663637757,1977.6277364174753,1854.6948777866141,1781.3148815757224,1928.2423160369367
experiment_398,0.0,0.0,0.0,0.0,0.0,1505.7003187252399,1177.0209063227999,1132.4554120813646,1103.6174926046283,1218.742294895519,1436.6659734583066,1189.358768453663,1408.5825456837351,1137.0380828310701,1685.013504288611,1596.789124492659,1351.593598586839,1169.9481177227349,1259.145842121316,1499.2273354128124,1648.2742908541215,1728.9456814386217,1509.9660561088072,1620.1154562138602,1789.078596371683,2045.7965031441424,1668.6288339362868,2353.4942908856583,1944.371918601058,2000.2172797698,2136.201266264166,2298.023476863393
experiment_399,0.0,0.0,0.0,0.0,0.0,1021.3954106667152,570.3225873691068,15.35036029494209,1626.141951298238,2190.7027789472772,1220.955460858354,1165.2827517345363,1720.3505410376815,831.3331084382099,1285.27198680272,1544.269672867843,1478.268082352145,1546.6327562443655,1380.895634919915,1195.0279453058606,1369.020690153,454.2128072743557,1440.367678750874,1278.3546035488198,1123.2061609304214,1327.4756177999182,1664.6358184891103,1779.6530787698898,1952.152997081846,1529.4684855653763,1665.4133688479596,1596.8355001575878
experiment_400,0.0,0.0,0.0,0.0,0.0,1341.1396580358908,1039.1769982163046,1560.4480248334646,1656.1545204081638,1516.6889752185673,1809.252826104259,1510.8476046836438,1554.0026367577887,1331.7025767585276,1448.9427752284057,1379.4481430946605,2236.8816451051002,1506.548684614251,1554.8349470666599,1006.4800354528322,2203.9404480842695,1510.5052620439924,1779.1243823947573,1880.7790162287858,1483.3157241400195,1580.5860514196697,1718.1612388291928,1652.005866196615,1972.8805235402353,1946.4835451835036,1984.3184763526785,2466.3967373590995
experiment_401,0.0,0.0,0.0,0.0,0.0,1497.6122217784814,975.6761787040612,1246.6559985373476,1017.9227670752068,640.4834583423208,716.0508715383312,1117.9262572696452,1138.413840306347,975.3873074923629,951.5759405326653,1359.6323685675588,1182.0053963069977,1053.407868358246,1372.3067711049873,1583.3922278415034,1313.316789702324,1228.03201805391,1323.6119827356897,1017.5196073915602,1281.2802762705278,1430.5126044529898,1344.2397089739165,1642.9692405802543,1464.7306809992344,1410.0658937817325,1592.3947084678255,1001.4876341186889
experiment_402,0.0,0.0,0.0,0.0,0.0,1448.5336287860632,688.7735384123894,1393.438965119904,1224.0428814720826,1173.8297962395848,939.1373579545622,1117.5407177247453,837.070976097556,1308.1638325078566,1215.7484709591176,1125.7098808374255,1035.0367667096343,1405.2834809253222,1652.244835196942,1662.5422986508436,1223.8595334785398,1603.9326967044037,1567.0430695453388,1590.0792263956446,1180.0161870871111,1621.314020833503,1654.282157887043,1529.575831841563,1885.3285446235213,1927.5285095321258,2026.3873519151618,2123.015235696533
experiment_403,0.0,0.0,0.0,0.0,0.0,1204.3835047447294,1078.2419178033456,1123.2833618575846,1269.2735487192997,1511.4556756885368,1691.642653717282,1533.2286212923923,913.2259748166509,1575.6224082554645,1651.4367370970667,988.7493145584016,1331.8873740891493,1408.5980644646086,2055.773081274886,1103.001229636516,1414.8540041304564,1616.3523186980246,1385.3010461092545,1317.4698678748587,1525.1032466256106,1252.488205252922,1386.7233618932455,1681.3218798842217,1577.669537834156,1111.942731036662,1272.722696273152,1231.7111796329218
experiment_404,0.0,0.0,0.0,0.0,0.0,1529.2596721887708,1158.8002485687718,1307.3156511796517,1013.1352195084444,1436.722874150974,1392.5010531881853,1479.3065215166157,1376.0017139729864,1640.9904118805857,1520.0448044719615,1550.4881166159626,1602.4224340130083,1460.9491779115456,1682.849454120842,1642.3350948714353,1545.9451884031519,1677.168117360427,976.6820139955278,1750.7436024966369,2154.7091320504837,2127.1872497149197,1925.5542169676057,1834.1033158137993,2162.1866250409257,2376.8442990392655,2117.7337677761598,2429.170406761919
experiment_405,0.0,0.0,0.0,0.0,0.0,885.6055368430375,1741.422542796962,1479.740543880469,1403.2739458679011,1180.1901508436117,1032.7657939822398,1253.7570001086442,1246.2264159466258,1277.4784384464829,1425.6931821197513,1632.5041256450952,1497.5305480648049,1704.871937533861,1097.0433008962325,1426.3787529949948,1771.8592599132612,1502.0104272405156,1611.7912502687082,1726.886342721443,1823.4210526422492,1658.6399199183022,1815.424867271441,1800.8363606023556,1918.7837250684604,1791.958256670152,1938.78045670934,1736.9035268852597
experiment_406,0.0,0.0,0.0,0.0,0.0,984.0609184421163,1085.5648236463733,1622.4153000056288,904.0921295573164,1585.5794479807996,1298.1821806841485,972.8057313071412,711.5235840419024,1343.4750196936568,1193.9582349169582,1036.5162138763733,1239.3782810994976,1486.522261086564,1451.963899013253,1174.7197661260914,1260.7384763952923,1873.0144571533217,957.2280572000117,1499.3492163853675,1527.4779948557737,1538.4893604225979,1740.291631485153,1528.5836715836963,1913.1763513468372,1954.8791310882534,1937.5023923525805,2069.155088770958
experiment_407,0.0,0.0,0.0,0.0,0.0,1266.478838958119,1187.3659143854836,1318.4988307911592,709.2654225334081,1078.1463009360489,1208.7964118840243,1096.585361630396,1507.2471284437618,1897.1507243707783,1416.552335807458,1374.0480978435967,1298.3127223739436,1375.2712545297807,1228.7066758014246,1454.4705282611992,1927.0334143148211,1504.7175982319206,1438.172476070358,1994.9589951663222,1656.8691425823868,1502.5055711829852,1771.159964010345,1519.466827900807,1710.069784468457,1838.7325853081666,2103.444954962926,1937.6980456581862
experiment_408,0.0,0.0,0.0,0.0,0.0,1439.8333437306915,1237.092800324449,876.0542495759664,1541.9172701717166,2055.242344377261,1380.4917151334498,1764.118756048439,1227.1676716608233,1308.7563460580532,1408.9549120932197,1233.286384470525,1149.7238359938326,1444.7460604155647,1594.6794155686168,1327.5371957602397,1325.7396330977324,1605.5012195251597,1420.721535157343,1737.4361867420207,1773.155586456606,1823.151422736355,1694.1664269940638,2105.1412859646016,2066.942049288682,1620.735511327254,1875.2144428640934,2023.0265493559373
experiment_409,0.0,0.0,0.0,0.0,0.0,1044.6080930599646,1264.731543992285,1348.4521754570424,741.9990059280769,1259.502295186243,988.5569457908078,1420.7608349895368,745.353297610753,1508.5606889979383,1505.779258692575,1618.849137481443,1255.4284004315825,1462.021176989725,1555.0664160205397,1603.981833131745,1602.5250640149652,1535.9036448623879,1596.618737249934,1836.724977924905,1909.7171584298787,1750.7690671319097,1939.654818617956,2379.9456310146543,1796.61697122366,2127.106417748019,2248.870879534014,2202.621379174833
experiment_410,0.0,0.0,0.0,0.0,0.0,1167.4934909766446,1205.104082404389,1193.1173977665721,1466.4716298971248,1187.1929773217412,1846.3170528014602,980.2307398493099,1559.8852552299777,1482.7771358123791,785.3824828726683,1320.4661156577663,1210.9890790720765,1502.0233883238857,1674.525873431178,1745.8271279062023,1774.3934734602485,1663.391741584598,1811.6307585879795,2059.153818974767,1760.949845704232,1973.154728580492,1984.2027943252692,2276.565917697054,2100.277002435057,2235.3394012988915,2243.868004589349,2239.7737814402044
experiment_411,0.0,0.0,0.0,0.0,0.0,1486.9567435400031,1530.4325304310476,1333.3374557554544,1352.2753811101097,1560.867777489445,2070.061888134735,1512.837558580172,1636.0115701612312,1645.0861113771143,1657.4396215273775,1543.7142693363046,1685.6367245975175,1857.0454119641936,1865.215594254098,1641.5419242332887,2097.326450031314,2097.050102442568,1675.15705085304,1772.3364518331423,2206.6943938675468,1241.246668859247,1862.2681478259517,2050.633236131057,1651.0612948364987,2090.044784536351,1885.1144059357107,1514.0809839913459
experiment_412,0.0,0.0,0.0,0.0,0.0,1303.7647143415645,1040.9479752213074,871.9271687151012,1063.662350283295,1148.1646902039586,1011.9345400392109,1249.2796491236713,661.0874280520102,1251.0358084517507,1467.5987421672753,1070.9960659547874,1176.207055901154,1487.9203626990798,1086.3429533162794,1694.4269234471303,1382.6231924328085,1518.4369991812514,450.4990413164936,1119.7123908287851,1086.0039281636932,1610.8837822755813,1167.7827572513527,1385.6130156543866,1371.068872824071,1262.7371193636914,1555.572700162525,1522.2352292955156
experiment_413,0.0,0.0,0.0,0.0,0.0,1308.2059531934842,607.2869748018828,1777.2215382924974,1249.4982091313336,1074.300117067723,1059.0334163905675,1164.8604048789202,1048.0689102703393,1271.5099102374218,1476.447567912263,1161.168817908269,657.3907276935809,1375.4397940745134,1273.9073444443768,1453.8560612341166,1286.0017927322212,1378.5832054446114,1577.4387693711992,1498.9171743478169,1505.7482144149171,1400.4204204328462,1425.9024566591904,1528.8893010414351,1488.8652265826627,1517.3501852728702,1502.8574531078848,1799.7201100253671
experiment_414,0.0,0.0,0.0,0.0,0.0,1449.8003714496442,1546.9833793319408,1654.4072197985256,1517.275896434533,1449.62256227028,1352.899837962385,1526.4379850027617,610.0223158213282,1318.6009588184154,1287.9773742550162,1661.192955179528,1732.1688127655543,1435.8735037504123,1497.78990108691,1628.1874212475973,1841.0915955557089,1872.0343655079535,1707.4617775531515,1780.7706018064046,1533.1868483653893,1535.8889697406762,1045.644902277742,1065.6880831930146,1613.9114240817617,1589.579781205138,1671.5188573235093,1687.1434920399574
experiment_415,0.0,0.0,0.0,0.0,0.0,1743.919894839284,1714.3761832230362,1434.3959825895843,1206.7201288806423,1465.9021673887323,1320.8574040331132,1765.1790978268448,1570.3942138085683,1269.9394177061422,1406.7262929045164,1031.932224082204,1381.774188558145,1545.8534937037532,1223.1142639468017,1445.497804570292,1656.7518649296012,1795.0692222977245,1598.6056151072003,1678.1979624810206,1828.4739524416423,1551.484344107715,1278.1118665373397,1471.7311329175222,1496.9096058597647,1396.3415159255194,1510.3046322757764,1564.0171293521314
experiment_416,0.0,0.0,0.0,0.0,0.0,1044.8095812445465,975.822835524431,940.1315315422448,1235.8772761046064,1074.2888527800908,1359.636986685224,1329.2402166326813,1002.6182941030249,988.2092364731809,1486.8500287218626,1813.0094349116157,1032.2151506358134,1026.71145268356,1187.7911544150884,1520.545303041215,1824.1342885948563,1510.4581818922372,1684.352862365435,1592.6297503338478,1653.9651674798413,2035.6208041734512,1662.6596533720558,1766.6717242576572,1660.6359098734156,1552.692243596256,1637.4499077965775,1191.1717397369382
experiment_417,0.0,0.0,0.0,0.0,0.0,1127.0100769870094,1139.3897973548062,1208.4629401547008,1645.1721711573061,1865.5921241049195,1460.303525385959,1378.0074519752116,1330.4350042497367,1778.245117887933,1904.4684931894428,2492.5527957204736,1729.815774401153,1579.8595442883372,1721.1366549719373,1819.9519758166657,1597.6610960638072,2953.317199079249,1903.2369624856833,2133.900408282771,2172.3565835035247,2232.7188009411216,2205.014590482031,2370.8194161782435,2438.2220294262997,2661.256908480051,2591.8564053275127,2806.1007304884165
experiment_418,0.0,0.0,0.0,0.0,0.0,1075.302546474525,1281.8860251888811,1603.4448890695407,1550.391707018628,1367.7538834568513,1317.9814073246175,1902.2917963807931,1497.7266997205961,1618.3085199349484,1734.3626793106328,1522.315216590826,1582.5449744403425,1535.4004562353834,2040.010284149455,1593.6144451092268,1598.4777316185427,1762.0460111553793,1701.9530589322908,1646.611816426556,2194.311466522061,2120.6216262301605,1604.0109414955484,1717.8358260051618,1787.8372674344928,1865.5293419771904,1599.9031431179296,1914.6959661841709
experiment_419,0.0,0.0,0.0,0.0,0.0,1169.961361204603,711.9278071869988,954.2196715504724,1858.2111124410924,1642.1041180147854,1218.904352672556,1602.4894625150953,1162.9330339337162,1894.4972258247378,1340.705638720291,1392.2545559103808,1515.8724815869336,1379.6388154181266,1439.6436756033102,1795.7912570646158,1672.410640100561,1502.2535741890738,1775.2236104646004,2123.8493237896882,1845.48133573589,1761.8942285023886,1325.0409176114836,1940.5888245070644,1887.69846426255,1969.749039235344,1484.6851293991772,1872.4231888964478
experiment_420,0.0,0.0,0.0,0.0,0.0,1016.176562067063,864.9820176596543,911.9024036218708,1299.152985943048,1376.1605228186966,1390.0705588818573,1429.6715094459391,749.8852262529906,1221.980575944601,1596.885548032766,1392.4860208392474,1590.5284958595917,915.313380022061,1674.0379923206756,1434.5104371486107,1701.8020952183451,1708.301923942638,1869.7137498650368,1826.7762181828411,1721.4052835845569,1946.7870678673567,1859.4797429632386,1858.702184488617,2048.2347040791387,2284.5643291322285,1954.562561789814,2207.4412332114152
experiment_421,0.0,0.0,0.0,0.0,0.0,1264.3735838139328,1067.1482278304716,1143.9427128938148,1280.9256784277632,1788.6901195633125,966.333675006736,858.6509826759257,1480.610173487054,1321.8417527735614,1213.6423961954345,1607.2650211333273,1335.8014898943686,1307.5030483658477,1504.108000563729,1487.7518552887177,1463.0007822388377,1500.8165158904874,1270.7445619784182,1445.9803422504453,1551.0505039731056,1340.0116993622812,1521.9612872574958,1613.0292192745947,1695.5771466891351,1658.2509331129397,1433.195788598656,1514.7913236388467
experiment_422,0.0,0.0,0.0,0.0,0.0,1052.378027331604,1138.5605099542024,1204.3563640248074,1910.8642409527129,1195.016241587508,1265.9181062251268,1715.8305568325738,1534.217482297544,1767.2312775361004,1336.7658470000629,1257.6637884888446,1050.1419673405885,1560.943266917747,1262.5534520146914,910.2120576483078,1847.153296696314,1569.456582672451,1524.6414956210028,1298.0674145972027,1675.684990579907,1762.1802270712465,1503.7931951083171,1899.6937149600342,1549.0093206294055,1789.1242390314983,1703.3882705189317,1949.4744711681437
experiment_423,0.0,0.0,0.0,0.0,0.0,816.1975094801178,1333.0167933836683,1062.4846269175137,1383.645962959345,1347.1897541064259,1685.5346008803326,1175.8496844300669,1248.4341240658975,1430.1854559249023,1368.2540641509975,1329.4833398495211,1669.6404210787614,1501.038122603395,1515.7417558216023,1440.2358068154463,1667.0247287768746,1411.0331699176643,1725.5087486817047,1296.0365872470913,1616.233381165989,1445.711309086113,1761.3874168476484,1645.1770724114958,1838.6240989783503,1855.1492226273208,1850.4427310955202,1617.0515532734462
experiment_424,0.0,0.0,0.0,0.0,0.0,1112.2446166692032,1775.255789293955,1692.6343919279184,1108.3680513658344,1257.7870615705042,1332.722980621926,1941.4924244566703,1287.920224138629,1007.5328373554955,1650.4331115774648,1322.2023690626227,1431.7111123105237,1143.9232721343906,1901.0816223079055,1460.8582822735734,1596.870750164907,1267.3756702033738,930.4047432432789,1665.4935784969193,1386.9176233122616,1631.1221412863242,1860.7722758695863,1626.2899802228574,1736.4400691191154,1686.3203536190706,1766.1726726098493,1742.4059067965854
experiment_425,0.0,0.0,0.0,0.0,0.0,1206.3958342807568,1589.7087869342342,1382.8209966705053,1435.5174284126792,1493.878625125095,1573.5055659737488,1536.5557250359352,1867.680130003741,1578.8670907748044,2113.051095300452,1665.1627306309408,1817.1896087061814,1768.033164694357,1844.3669291400709,1839.2368418143024,1637.4113414364115,2011.522992188765,1430.736235048242,1755.0751370637795,1756.7199673057546,1818.23599208429,1483.1104741882405,1651.6110737652753,1950.3711508215124,2107.536893113313,2023.160989684611,1820.9281701048767
experiment_426,0.0,0.0,0.0,0.0,0.0,1453.6672215637739,891.6448665040307,1213.739119474301,1476.9777263005287,1123.2619314206984,1334.4759543927485,1086.4480734994183,1432.572788856543,1635.507096176273,1715.2568791650563,1363.5817266422148,1683.0854936819276,1554.4389226240348,1556.449334259256,1498.21788709974,1764.388276116064,1513.0684913951718,1260.506703553614,1249.480072277442,1508.7771078549445,1221.5341334867435,1556.8297008945942,1379.5706700374453,1370.316586901368,1256.403317421579,1259.924232106899,1115.1569923170755
experiment_427,0.0,0.0,0.0,0.0,0.0,1400.7700777209297,1497.2097361077792,1179.9269745992397,1928.1325241379968,1346.345771092731,1759.327584596387,1629.1009110168188,1460.2852732634615,1659.106712570476,2029.674882690548,1399.7552660982205,1787.4321483208696,1572.754712021829,1608.684031490319,1840.0951685181776,1651.7649082580333,1711.9512232607863,1602.9142537255796,1550.7151053230978,1988.3513146606592,1637.6305354423334,1785.5579212804844,1613.313251403314,2145.9530721928936,1944.7410617612672,1799.4467051188028,2439.4955040358564
experiment_428,0.0,0.0,0.0,0.0,0.0,522.0511487467083,1102.240463250901,925.6414485663686,1076.0080626346962,1564.3970013966823,1180.7066113503465,2240.65674207587,1095.7000734236376,1366.670798226127,1193.083458522107,1436.090899602022,1674.904006428689,1800.6544429723772,1716.4585032682885,1596.7274472337772,1532.3331094644525,1588.2263952694814,1889.0276283776661,2051.332813545885,2084.0239901524997,1865.4566635544452,1561.1773987581314,2335.551355617492,1993.3839327898452,2539.072895702246,2273.956508542832,2430.050312746508
experiment_429,0.0,0.0,0.0,0.0,0.0,1567.3587039372464,1156.619119324239,1405.5565824659882,1525.814710681049,1259.3028480095766,1433.8993372112618,1377.4272867919146,1347.557771293979,1608.3139945413436,1565.2867246206572,1429.1697817424206,1524.2890375562138,1684.087202657126,1920.6104975570124,1727.8715785948054,1791.4417495449386,1861.4782516532387,1905.0857256072234,1678.9069869293976,1839.1119356586814,1940.4009083583778,1941.6814934791425,1945.346406910926,1916.9750408167938,2123.5555426859582,2109.727970347636,2029.6020499386775
experiment_430,0.0,0.0,0.0,0.0,0.0,1050.4070040294537,858.627353696066,1184.164790619483,851.6945553638329,1095.3639390857852,974.3938355608481,1268.8944108292528,1208.884984139949,1252.6779700113573,1272.2411662187983,1614.035650500743,1181.0781528264847,1558.3583733178843,1534.287621351866,1353.4242376924315,1957.0724725590535,1655.3304809147949,1614.4582463627103,1660.2921496654612,1474.7669408380054,2011.652269859979,1934.9129070729837,1996.0851258821099,1975.556387209011,2047.5913324374387,1943.6558710221689,1699.3357525380945
experiment_431,0.0,0.0,0.0,0.0,0.0,1358.4804627182205,1515.9066046644712,948.0106540617486,1363.6156246468722,1089.1647994736559,1115.379620828438,1036.491851250021,993.7924198381129,1018.8679903009883,1230.1677755348899,1321.3971037597712,1037.0297202919949,1380.0648675458635,1107.4072134698656,897.0022515565511,1433.6107199393311,1386.4584467543445,1466.8180629533272,1724.8269870085742,1546.0602954668661,1595.8069639919447,1240.146390701714,1354.6039646219492,1719.2509035787862,1811.2325084419458,1597.6982699191205,2199.516403581977
experiment_432,0.0,0.0,0.0,0.0,0.0,1108.5232567839857,1211.7384784133444,1565.4466134126487,1196.857230398086,1461.2670883519422,1251.011613414084,736.8436861899263,1091.0492987633384,1453.6393206671594,1281.3546457986736,834.6924342062252,1642.4595293921243,1596.5814969637263,1294.1664569409234,1485.6767109310977,1080.0302839913202,1601.8163233603075,1641.7498086414582,1580.3534033080243,1880.7880967973945,1847.3895732878418,1718.618785548902,1782.5003032909935,1797.7492964805717,1745.981047784258,1654.9087796946933,1668.445184446918
experiment_433,0.0,0.0,0.0,0.0,0.0,910.2291493244957,1180.0908256084108,1546.521834347336,1410.5994428646873,1681.5124006216622,1541.0248825779001,1405.5093243124059,1187.6820213653075,1248.222409256795,1478.1022161168175,1469.7674745773297,1629.3941615161575,1432.0581492837287,1338.0516794788775,1561.5430955468973,1498.3020491262182,1602.0164935574187,1263.9439312909103,1467.6674016531074,1453.3079474672604,1418.7276832534649,1983.4307458236965,1430.9717739768646,1691.9319476202618,944.1848072892215,1487.5834785143998,1548.9426781378584
experiment_434,0.0,0.0,0.0,0.0,0.0,1170.620684847167,1121.853453911313,1003.0538488657882,1346.217095144731,1012.4069464396734,1426.6126879600906,896.5960242703663,1177.9671275517353,668.791979315061,1174.2729511695197,1144.5565157888636,1106.7170809139313,1010.3618466748828,1159.1147172559351,1381.8733615536532,1092.2949849259253,1007.7513590240776,1548.3648000968014,1131.056062068357,1148.5039447951879,1495.1293002692767,1654.0070328571635,1629.894419059995,1401.9031306538234,1471.0772637603995,1549.0919200497656,1640.666822673051
experiment_435,0.0,0.0,0.0,0.0,0.0,939.6108913890866,414.91230391415445,1475.4489820528283,1731.7570259742995,933.1262602152523,1239.4993712136945,1000.2656432830945,1050.0755309260726,1243.4847541268778,1220.6734283959515,1184.3105743110345,1446.2472824496738,1297.8294345948655,1644.7795391527175,1638.3888834705112,1747.1923966403374,1902.8579549049223,1759.6740525853975,1710.0945582417926,1875.2673306819456,1872.2957923886333,2108.1240772822757,1965.4786918947111,2263.7050608071577,2301.354071156335,2485.013480818454,2486.9150349003876
experiment_436,0.0,0.0,0.0,0.0,0.0,1429.600043116197,880.4816445723607,1485.4000564188887,1109.3673666479895,1279.1771002565383,1340.6323939706913,2159.3020043178626,1626.5767845374712,1671.6170756284764,1747.816910560885,1871.4693800053865,1604.1469704453616,2132.376204614054,1739.565535985264,1566.0805792845651,1567.5585204825838,1951.7677847241694,1356.859527489601,2183.184216527058,2002.1242410584453,1704.2483045104718,2163.1950247733457,2136.4329957845557,2226.758222904483,2271.032596979888,2113.7657207306474,2318.9009979681678
experiment_437,0.0,0.0,0.0,0.0,0.0,2167.88021456395,1499.7630941576433,1347.4422748503303,1142.7768805288897,802.9008948265139,1326.2077425147763,1235.1766200319441,970.532522410394,1225.5664385211212,1311.621695421914,1429.4032222381268,1643.697247514906,1556.8582062080745,1506.5397842073526,1930.8692528996312,1547.745559342798,918.740755574021,865.1365163357955,1793.5030600066657,1421.634154904332,1651.8002716918027,1666.437835366044,1413.3848764713628,1575.9601662674136,1612.2124354967445,1729.0297371897989,1930.9563400595719
experiment_438,0.0,0.0,0.0,0.0,0.0,1575.4517005272974,1170.243234947851,1337.4023557201936,1466.5570985829988,938.8536289051403,1417.9977375042868,1382.9360895922184,1403.0286557242007,1821.4404625124787,1271.6699613251913,1517.0388206253688,1505.7086453474312,1887.8109909120544,1721.891207809506,1653.3985652977415,1887.5779720779815,1954.3591497392563,1249.1100120384808,2037.220759110439,1784.4317154991945,1834.5190512168354,1807.7648990290122,2058.5626201017567,1842.8100452615292,2343.538849928943,1982.2150411832947,1811.8163177912172
experiment_439,0.0,0.0,0.0,0.0,0.0,889.5958889924256,1108.9288565760216,1521.3820004454017,1319.0949563117317,1196.968778236624,1317.206846089298,911.1612043635868,1186.225349542008,1144.784799247047,897.3064298611766,980.5204348418567,1222.3640912860403,1469.9054910026562,1356.9720995437851,1423.514565419294,1401.8076127580948,1644.3802365157242,1271.207793383953,1416.3622093304843,1901.4789665258277,1876.983851731023,1732.4525242176592,1534.0968743958492,1638.9926680391293,2109.8714381596033,1690.9463784755405,1986.3009677110695
experiment_440,0.0,0.0,0.0,0.0,0.0,1076.4012284853793,1580.3412909181002,626.3468365512226,860.4471810359771,1156.1084576918227,1438.9366502549947,1285.4557347962814,1153.493485276349,1385.5299002634893,1546.4919387539867,1899.6225328876117,1479.519803802718,1808.245422063268,1709.1928963520409,2158.4847081880334,1674.7809176669098,1855.5494428326872,1720.114403036608,1922.788858937385,2090.149368815102,2221.749336299422,2068.9766590184745,2125.9172317804596,2222.6831398299078,2202.6282264974584,2311.062996554863,2505.0904849912718
experiment_441,0.0,0.0,0.0,0.0,0.0,1351.986635127338,1026.2102349261327,1192.9924656191395,1110.1329789929314,1189.6727726298036,1316.2282188917948,1138.7127129746364,1469.074018444237,1648.3117484335407,1367.1638795526255,1716.0409973647002,1415.5019229715408,1868.3326110756286,1397.230591575797,1657.104189022124,2221.3648946491703,1903.3293877735418,1772.6746326994814,1855.5934544226448,1930.2598449473976,1912.9485355308148,2058.571266276012,2091.7901215714232,2213.0562417136375,2232.0112678537535,2231.321459867267,2197.585864193116
experiment_442,0.0,0.0,0.0,0.0,0.0,791.0527706084187,1463.0898144859427,1092.9469746485622,1595.6634006382667,1600.9292509490845,1564.7465791990758,1678.4582319275028,1544.738927351581,1398.3959077300244,1725.8252672399149,1607.735963755757,1488.0716649442963,1552.9819810650238,1499.9749870667779,1606.8074672609728,1570.8972202632333,1865.0284302272003,1634.8324827450024,1577.3820331910563,1569.9602772870514,1896.5605211429288,2074.7355316834573,2102.8952508061425,1926.3031436912568,1865.0341961633178,2328.8884171266836,2083.1777922623824
experiment_443,0.0,0.0,0.0,0.0,0.0,1154.6623328331643,1778.3135924022533,1373.2619535687134,1253.811463263769,1144.515016150094,1446.194578089618,1211.0461760080311,1525.7788090638278,917.8738890119937,758.1409936092984,1163.4120632603663,1105.594372463432,1675.5296450398785,1968.9709137866594,1662.8775330714993,1407.3351856996605,1469.7811701709418,1598.3200344804159,1530.9761645645226,1327.5105118101694,1423.347111647612,1646.70183501121,2045.6504993508847,1706.1096447494904,1692.9152162991159,1278.2247309593104,2005.9684563663384
experiment_444,0.0,0.0,0.0,0.0,0.0,1273.0284630265844,821.7188517211551,990.8955189595431,1254.5891398359158,1374.4251247906545,992.0231178845967,1493.9845572245388,1429.5407085971747,1661.8375427537198,1587.5007787464378,1004.676393621715,1411.226021652742,1216.9670163167725,1322.9873350471598,1942.5770003394246,1571.9767192432569,1431.6772528822958,1571.1786615893793,1543.1311414414681,1717.8235899109513,1316.91527487289,1602.3917123670665,2079.016909430048,1953.8671384821748,2018.6080387645422,1901.7337749412625,2125.5162854335244
experiment_445,0.0,0.0,0.0,0.0,0.0,1137.7653670182704,1106.401894008683,1259.860341073358,1517.292474774694,1352.0733383420543,1339.7557968044048,1603.5419861538903,1597.750601269353,1646.4506307458091,1526.1692283118473,1343.6404175169382,1415.1286016306146,1712.1095175041942,1543.5952324598966,1652.0732060244577,1594.1102979640532,1563.825027640928,1905.122563645522,1648.9464957818275,1545.8285771015398,1895.399111622865,1795.204361097251,1998.4846307637124,1976.3147696065798,1929.6917456325953,1565.5135872670123,1844.7076368694488
experiment_446,0.0,0.0,0.0,0.0,0.0,1183.4059121862722,1307.7941002582638,1180.7492640357432,1051.8543186832721,1370.1823782751344,1815.6258969902512,1502.8673238966544,1258.1001881861166,814.3332391583389,1445.3471922570561,1905.3026707146357,1431.7085295103093,1320.4047626749302,1105.7011458012819,1021.9751559994338,1251.3339726330614,1214.066871306746,1400.0919859920284,1498.1480842342596,1509.573290129106,1741.88713108792,1657.6651768645415,1594.965952248864,1687.5274159161422,1889.0323573687979,1565.9852082916655,2310.056025384898
experiment_447,0.0,0.0,0.0,0.0,0.0,820.0850519291491,1062.9141819149368,1185.8795396347466,1169.3163372101394,1251.9250463374578,938.5466448299308,1063.204004088975,1520.5671513512402,1059.2435553944924,1340.1499159652085,1179.418453823849,1528.0674939340215,1653.5129119211567,1761.4165612630334,1431.800121185627,1493.8954340303592,1664.9892120021323,1635.8564271443604,1873.7011126835291,1747.0684412531632,2316.2034853774753,2044.058536132989,2142.7446452355744,1791.359918092096,2204.167375757131,2111.6598225685902,2050.357086364959
experiment_448,0.0,0.0,0.0,0.0,0.0,1487.5435403260033,929.673856783532,981.0560411509578,1173.553073219744,1369.7931043818794,1290.144218817446,1753.0899927068708,1126.2608171076245,1284.2985756800713,947.0109926614628,1311.2653567093985,786.1022655534659,1377.9506332133878,1447.3951688612317,1147.434336213852,1594.5110016382628,1232.0142267597084,1293.7299930870677,1538.7328139358274,1237.8641444997588,1354.8921831965242,1153.6843118649472,1259.347872828794,1569.7417015583806,1241.920711231724,1565.0106993369188,1416.0815486525798
experiment_449,0.0,0.0,0.0,0.0,0.0,1046.6244068356068,1433.2387382841318,1598.4462248008776,1283.7934270560902,2296.486951968607,1305.0297415359078,1386.64073146569,2085.4641705877552,1671.7835915473072,1519.7718567620993,996.8675923465679,1384.8319167625802,1621.6122034722362,1564.7776443214102,1716.8505894564303,1421.5904552897236,1667.1222677054557,1827.0248525718418,1218.774810992759,1461.977359764794,1454.4948334422884,1328.6234223803963,1836.3655561598737,1615.9186942293436,1789.8458509483205,1561.9673760753885,1813.9035729885425
experiment_450,0.0,0.0,0.0,0.0,0.0,974.254367607133,1272.0903733553291,1490.734879373203,1131.3757717105107,1337.4411590473405,728.7000369391365,574.7558783067697,1340.7430268638695,1642.5404769386757,1554.0464129397833,1428.5442060687142,1450.5756169364624,1828.8880657193718,1319.6503252827788,1631.1351413245663,1578.837471436261,1706.4468084812295,1737.6172786549346,1643.7732892412057,1662.5622232633104,1608.8685853320474,1608.228959459271,1530.6962741747889,1229.17289210828,1407.3148163762544,1417.7261817549565,1617.6648937145574
experiment_451,0.0,0.0,0.0,0.0,0.0,1001.8982424303874,956.2162200154642,1133.2329131827146,1215.1514002046874,1175.501022075267,1273.478733462268,1471.6951992679492,1686.1751284535576,1174.666360325678,1203.403287246787,993.5974109773503,1177.8947625944304,1421.0867687221612,1290.29096055173,1284.1114137636387,1349.2291190938959,1533.3803989275,1448.2917389454306,634.5204865841891,1519.4730442829223,1415.0984897100543,1405.4993812191124,1659.1622935472597,1859.6147017972687,1882.8948081470444,1736.7194830871597,1553.9326199762781
experiment_452,0.0,0.0,0.0,0.0,0.0,1215.685198780583,1288.767350180466,1179.7280388096533,1423.7770702938146,1677.0357289042686,1454.9114218865034,1626.7060945573712,1266.8953578004366,1275.5451627483628,1368.5329248861735,1850.4543181525964,1711.6946514055337,1506.5771388490145,1535.7584300241233,1729.1718868093194,1712.0842182540791,1753.6707414401558,1670.7967940679778,1718.6939613535667,1968.871712186706,1566.3697499923405,1775.1734858602927,1898.0951326004574,1869.0808744621704,2105.0297840538315,2148.9779096893644,1927.1937942293657
experiment_453,0.0,0.0,0.0,0.0,0.0,1160.9074640760757,1304.3898216651812,1571.9994220248257,1262.554777598048,1615.6353569084094,1712.2241112738698,1278.2755499877608,1557.0128091178426,1358.1600358075684,1385.3246465922382,1048.4561387107274,1608.3521744770492,1460.7720577318037,1460.5825622487473,1188.625396099533,1525.7868386522262,1176.433941661308,1597.529777474379,1254.770993877841,1356.6561627175952,952.9029668535832,1207.176420829165,1895.0471699625944,676.619939449615,1426.9761979100826,1481.5326515792678,1391.0638894356198
experiment_454,0.0,0.0,0.0,0.0,0.0,1026.6235848394467,985.4659400687217,1040.6660899655744,1246.8233009576134,1316.0321094595454,1054.0783419885486,1545.9081843756726,1306.9310607305677,1390.1899944214176,1120.7068912143968,1220.8186570488583,1334.733572825047,1447.268313000514,1336.3442116274841,1249.0178034259093,1390.0172144753215,1562.5602150560865,1498.1224460740225,1407.4939025729018,1855.1478019478948,1696.3095769048855,1840.2188308825012,1395.8320124681889,1996.4648847767517,1779.9051509653937,2128.1819860118185,2088.6736399906536
experiment_455,0.0,0.0,0.0,0.0,0.0,1287.0450344775584,1029.2458040162987,1246.7944789843475,1639.9242048930146,1408.2421505603438,1337.4496527313631,1191.0590986735488,1534.6098122069457,979.9967354829116,1401.66126282146,1274.2831088542132,1163.3584170595223,1289.114633444796,1410.5551172396206,1681.1931153124933,1658.9272845680548,1405.7870889176552,868.2589202611721,1295.4109389840974,1143.8998846398972,1390.4699726967172,1482.4387562417685,1843.1834404184235,1831.9126335828382,1299.3154512130695,1605.3239303887724,1524.3562738659573
experiment_456,0.0,0.0,0.0,0.0,0.0,911.0082783740388,1748.201040861586,842.3437090519267,1035.9130673891398,1065.5848193321808,1289.6405601040717,1005.3906595903809,1488.2156972583734,1421.501524406733,1353.3961357839103,1164.8618927477867,1807.5110481382956,1363.5341583237089,1386.0592634332488,1435.4182068501616,1418.5718782418996,1008.1519683786418,1495.1012350585356,1627.6032329828045,1554.4344268319887,1281.930596911757,1874.694835312283,1789.8041488725205,2093.5198946237765,1814.6719909408228,1626.3081009514008,2137.4828779480827
experiment_457,0.0,0.0,0.0,0.0,0.0,1188.4184419767457,1130.2016560744846,829.5157117704046,1009.1748183262714,1536.9529928368345,1546.293559156536,1714.101052516733,1239.4319489325633,1226.9617801059007,1753.4204287370871,1603.503256170463,1623.565049329376,1784.6172167444322,1584.2109142370668,1254.0610929031889,1688.7529693603005,1935.071001355781,1789.7503289780498,1750.2225436558558,1971.8110917447918,1680.2756762634795,1702.962379064887,1933.1226180692602,1931.3936824851714,2356.9248240817333,2080.1667788114432,1900.8280862123083
experiment_458,0.0,0.0,0.0,0.0,0.0,1069.4156146887565,660.1801182851927,445.4106742041629,1492.3517913798526,729.9008946087442,1355.7121317594801,873.6794397863569,942.8402918520239,969.7247851429147,1450.1213789670587,1033.9433703042969,1600.261403458068,1205.5927582964064,1261.8200049499908,1866.6689063664417,1406.4700467531263,1710.270762133748,1762.4989880538578,1593.106532945059,1377.4953780420583,1322.372725297977,1362.0503959552618,1446.6778531950747,1388.1374577747974,1479.536105377943,1611.3077010667785,1626.1044109997174
experiment_459,0.0,0.0,0.0,0.0,0.0,1413.5982319107916,1053.999713113024,1396.4108508984918,1938.1383435285134,1460.7610263624724,779.1666275811742,963.9246379021696,596.1126733284023,1117.8618278582958,1620.7440623546404,1548.2021436278612,1329.6849008934014,1079.205433168578,1559.949635214452,1456.523126033079,1315.0912641076623,1717.2124120019016,1630.5531802905234,1793.7857928833457,927.9966894872616,1369.4187915056261,1649.404984820445,1512.7118370604098,1469.518999579479,1622.9682294697818,1446.7905422532174,1560.796728129629
experiment_460,0.0,0.0,0.0,0.0,0.0,1440.866287571549,1082.2233549976363,1112.9948376205766,923.9919497238573,1445.8151374563731,1295.0294394181071,1392.9550033461207,1333.9024212415682,1562.6548629046592,961.1143282800429,1318.0235719789061,1019.832145669309,1263.4908601464767,1080.7256605338528,1514.4298922991131,1756.8910519730578,1353.3929030008424,1388.9319549296565,1404.1743735243292,1266.804659568168,2087.2765495250314,1516.572650399873,800.672239534221,1437.5442261688854,1495.632911230235,1327.124449945542,1225.00435108165
experiment_461,0.0,0.0,0.0,0.0,0.0,1030.208814978771,992.6418798387422,1688.028291344099,1171.039882701899,681.2538911929256,1240.020917586535,1012.6284637052478,1164.5740210449917,874.5741124556826,1154.3410356592558,842.2139066837004,1169.5662564212912,1547.8896912748683,1101.5449750228606,839.8119708673935,1300.7070422194959,1368.0422261432077,1841.1461850019512,873.6877165930132,957.1939845121184,1126.9802777881969,1815.3225639507532,1723.2883495792375,1753.1078472452577,2064.8980444592344,2154.241878945055,2114.9046319379217
experiment_462,0.0,0.0,0.0,0.0,0.0,1445.3969748633237,1629.9102823165538,1376.3046612839405,1169.6424044920363,890.696857966622,1088.1393323287439,1363.707187654994,1405.573411528611,1430.5426714907303,1499.7460715292932,1186.3457598997957,1488.0044097428126,1292.794499396673,1178.959031816873,1652.4995481713254,1455.3656453186327,1288.6662419060406,1486.5685150096483,1511.3040081420925,1668.0462164223645,1778.6205783646087,1762.1201774694737,621.156975044034,1322.618113703195,1895.8822469449774,1953.2884969899608,1811.9204234633703
experiment_463,0.0,0.0,0.0,0.0,0.0,1682.8535602063243,1742.5047304405286,1120.0000502803728,1153.6669244527743,866.4540252551751,983.6280109726216,1434.4116558702196,1500.1441829543694,941.633634259037,1418.1754371751467,1276.8466923726974,1392.201111304766,1341.8963063874967,1483.777101092784,1690.318028634055,1504.8780758497378,1477.9055232664778,1801.8146574228845,1677.1013533522955,1752.5365171946069,1738.4166875130263,1899.2477323348735,1739.3755666145569,1844.819398760609,1979.480938921597,2134.9984512294704,1798.5457507967847
experiment_464,0.0,0.0,0.0,0.0,0.0,915.3013475558953,1161.0066371338135,1061.6747272341458,1274.5368878440888,1216.6407713973585,1403.718631693888,1041.3883380862353,692.8866872446495,1137.5511604021228,1234.1532003073303,1376.7728525811451,1175.1181569485602,1230.6143024509759,1669.4197331776181,1266.2461725572007,1403.8955695891636,1548.322700428514,1814.021756226116,1325.533985320935,1243.84195474537,1449.3560417927067,1466.7766694744055,1473.4042350678958,1565.3443801207545,1683.5183466518465,1520.6637829768192,1413.5801059542264
experiment_465,0.0,0.0,0.0,0.0,0.0,1099.1859753378935,1135.6894665577893,1200.5516060277696,1282.687237628847,1935.03434440179,1358.810902172323,1594.049211282485,816.5286862069595,1574.2881591422029,1424.8997162383612,1145.9256239629647,1125.5512697642012,1413.0382053778899,1582.2063315696532,1635.8364680672375,1554.5049782181632,1004.5790992152661,1599.7184140236898,1756.3099000736468,1438.7621603609869,1185.5998376608632,1200.1988547232545,1410.9086555306164,1559.5574175821264,1398.5151277714872,1722.7765104865227,1465.575801314423
experiment_466,0.0,0.0,0.0,0.0,0.0,1285.0060560021147,1301.584232931038,957.9065331640264,1474.6154170352252,1085.1421342868596,1596.3018436354996,1262.1947115901653,1556.2001876580157,1478.807004934282,1439.63775018871,1507.800384732587,1477.2840038740424,1238.9986117672838,1284.2240226613824,1475.2297682009078,1701.775368099672,1679.4467795297887,1756.124185584173,1544.81999931352,1809.399134726574,1684.8838242812246,1763.2859502490896,1906.4536870313605,1992.8022526620625,1976.5048771030542,2196.6335810734063,2139.892256211446
experiment_467,0.0,0.0,0.0,0.0,0.0,1057.9916056860773,1203.533985786725,821.9613753693363,1733.0372037764946,955.9319708363273,1315.637667781075,1262.3182968394917,1593.420436279831,1114.8508760211942,1587.5971053899511,2648.7190156437964,1298.1816973734235,1210.4504030838157,1365.3202845677527,1412.922093496394,1072.3605748441364,1299.1807401097753,1313.9451848093026,1682.4858887607443,1490.5335543097497,1489.351124887805,1508.262029421589,1502.4873161829412,1691.680529940898,1613.5715871330506,1814.1615360060803,1933.376969879009
experiment_468,0.0,0.0,0.0,0.0,0.0,998.1137497790475,1095.0922955841486,993.4298052874764,1419.2923653034707,1664.1883822808175,1453.0322144887637,1762.4880692951429,1599.1001235227675,1938.5376283240255,1773.944042937605,1385.0905856095974,1613.12615772355,1643.627063937346,1355.5385532778564,1590.6872115978913,1859.0791404291572,1758.898290119567,1700.6188972320836,1995.7405414140096,1905.9949574733596,1909.5686721903635,1886.552877176895,2022.1741077262393,2069.7893813601063,2116.8692243334667,1824.9270318955796,1970.237857854232
experiment_469,0.0,0.0,0.0,0.0,0.0,1172.9567125806182,1397.7738250808236,1351.8634246635452,1640.9386763489952,1470.1649855973258,1525.3170940266498,1454.334069123728,841.5548770510959,1267.7555960173781,1690.2775465472384,1388.1919386271466,1743.398449671745,1527.6343229976937,1460.1331604155794,1695.8806831968373,1247.0406827516188,1376.510605352021,1492.227881609312,1615.9946812775172,1461.137882723664,1279.6646737155868,1495.9734007664895,1261.4126273701343,1738.901605809156,1729.8618501361482,1478.9012943432242,1716.053112624767
experiment_470,0.0,0.0,0.0,0.0,0.0,972.2629468286424,1249.1527304780036,1121.8966332925363,735.2613787012535,937.248924899169,1140.8236352546826,1154.4272368239974,1171.4173947764355,1328.9856995472005,564.0397054523646,1321.6855920275416,1286.7965654538673,2021.7886228911898,1445.6913392975478,1124.8621025102796,1353.1775806162955,1303.2316160170176,1398.8340055699027,1742.4376368537714,1470.6644713674548,2247.747917840617,1715.6209108357286,1382.5992625532233,1583.1344068527517,1847.4961086531948,1721.444739644227,1767.5285131723251
experiment_471,0.0,0.0,0.0,0.0,0.0,1454.9154279917657,624.5529888311571,1935.8863486775658,1383.9423949024297,1112.2369033592627,1660.2939945793692,1628.3325027870396,1254.013712400714,1639.2163068738116,1437.221784030667,1867.0609156992364,1644.114779974917,1303.8667754044795,1597.121281888535,1911.1729090260555,1290.955844403918,1614.4252999829464,1655.1577728635677,1784.2437341476586,1866.7784632752596,1914.0983989069268,1814.258946212889,1955.7102193934506,1695.206347101827,2531.3956444679766,2091.6476322359163,2225.644408397938
experiment_472,0.0,0.0,0.0,0.0,0.0,1199.153964159685,1071.5643651512771,875.5844805005707,1454.569736198509,1095.0413545122863,1795.130651078435,1302.9985861424905,1555.0446072204759,1710.1306017122033,1545.2855919461888,1224.3935455254755,1578.432004243577,1816.6522962647239,1894.5899677026518,848.1637034829108,1368.52743634203,1804.8577847504916,1389.7008073211068,1341.1894157851211,1561.8804680429466,1116.3288504447403,1267.0807686497794,1578.5640423968214,1289.3139828963176,1245.6704459442853,763.7972178847743,974.1099066145215
experiment_473,0.0,0.0,0.0,0.0,0.0,1180.3605490749908,1280.7859314308987,844.667409105853,1243.7735964214576,1308.9544137265193,1736.3663186061665,1600.249805360184,1457.3926764804264,1572.4358363620759,1410.9483058300107,1297.5605771973526,1560.5651828716395,1396.9538838438143,1744.511875222097,1998.5397958362341,1857.8916667437393,1820.0667051979149,1657.2840642491237,1203.9445539024582,1933.3322208083687,1716.3402542528777,1774.406660181646,1890.1753479851204,1950.9821356938048,1799.2960251733646,1809.4924266694811,2000.3635472013998
experiment_474,0.0,0.0,0.0,0.0,0.0,1097.7913863139224,1240.8119462884438,1046.2143311607508,1291.7733696774494,1412.8621196896756,1626.503890771136,1083.695943745798,1321.2210838935266,1146.4136849345855,1231.474303030481,1374.992747191326,1347.83842582732,1291.6650645104735,1348.1492883097892,1801.5245554962812,1618.9662815799438,1806.7702797796746,1697.058774736067,2116.672029210422,1934.2132129703562,2007.7509304552582,1949.5633691395067,2011.0471566196954,2185.139364269524,2359.4494646076337,2334.4989499795756,2493.6677159315936
experiment_475,0.0,0.0,0.0,0.0,0.0,1121.940883808777,979.9287273314344,1107.189162236532,1263.1138742951343,483.20458349082014,1387.8393087086004,1184.3871002943906,1682.6539397971158,957.2103088946134,1220.8969829817247,1049.839481155582,1036.5855599061138,1155.5732652449485,1085.1592104051756,1236.9137327437406,1585.7950377571128,1417.5788883024784,1287.9251309876697,1282.6645291240648,1455.6786967931337,1212.3593856099208,1648.9696882476978,1393.0329759287408,1483.6943000325873,1409.1826774396625,1599.2458532530627,1649.9168559898656
experiment_476,0.0,0.0,0.0,0.0,0.0,1297.1702045456154,1435.1824699517877,1314.6789965536202,1630.3028162627313,1291.7379771199621,1515.4956735301387,1094.7734411923523,1833.2135361077476,1343.7267591427094,1522.667370709477,1563.7758420849336,1222.1069377925228,1379.8547800722645,1262.5932514053713,1711.0905074116818,1490.2373141506837,1712.8675031893017,1593.1210423970033,1082.414268379679,1459.6416417416685,1420.9236298603928,1305.8067874413657,1546.686056170377,1480.2410475171982,1553.341341555485,1584.301850220475,1426.6071351029964
experiment_477,0.0,0.0,0.0,0.0,0.0,1108.6867870034566,1400.2919188324129,1444.509574172885,1619.658037575562,1291.778732581778,1624.5008193962497,1553.6084980998762,1594.5114221896454,1644.127324880697,1626.8778978199794,1007.5744306129643,1948.4794500333608,1674.7050978198474,1615.45224100275,2054.3705232915618,1868.2586391776056,1692.0935022963536,1851.3942840416012,2195.9488872122206,1973.7662611023802,1955.2569941988918,2355.095748312442,2291.0092722098652,2187.369240545154,2164.859105372723,2489.944225932682,2461.511551734551
experiment_478,0.0,0.0,0.0,0.0,0.0,1329.3471604031888,955.2116340676012,1158.4648340169267,1163.1818678988404,1335.486220679832,1409.8981536795454,1437.2286880554955,1578.5822508209058,1053.5973130781927,1758.9469978333937,1360.573188097835,1905.0238488175555,1787.9218305003283,1624.08788043727,1839.4405026140375,1761.7293503628052,1901.9864566586295,1838.8542709307744,1950.6867416841312,2182.6689429321045,2142.025123659855,2002.3571306350443,2203.100317886813,2349.4434354309224,2432.6378484543793,2454.4305154177564,2551.376443231473
experiment_479,0.0,0.0,0.0,0.0,0.0,1359.889866886696,1310.1343697592138,1595.1027005767428,1268.5887777935807,1163.0525375568257,1647.9790950305048,1376.6477101317132,1645.7217863869898,1153.6035138373836,1363.5190201692387,1614.5136189685916,1657.2089318703945,1626.3196595838995,1594.437887014712,1765.7449331480086,1311.8715258114867,1962.1359396055166,2191.5944536477336,2012.9364240195694,1890.4224370708594,1952.0946385825916,2336.7986705427647,2363.2334506217476,2169.4426812598604,2254.9425567307853,2219.841254064234,2485.5476329716994
experiment_480,0.0,0.0,0.0,0.0,0.0,1002.3013486725254,1365.9419095166904,829.6919536931211,1356.342064877059,1276.8488937045488,1120.315597604203,1289.274391255341,1066.869433621469,1713.2444608522972,1188.178571820427,1303.6493147016367,1668.9091814279386,1506.7622225420844,1354.3262433864493,1637.914239272828,1672.468276831899,1280.9226841085106,1377.6337993877537,1843.7744994704458,1634.9386633157467,1859.811901917156,1957.926049820125,1923.9209462361484,1708.4020739920409,2214.352568219734,2039.7230635213564,1922.71484074818
experiment_481,0.0,0.0,0.0,0.0,0.0,1075.8874744101408,1260.659273916798,837.2760139753649,1655.6768548637801,1388.8342545206447,1248.0132240738435,1649.1316634893642,1525.366311959284,1299.397971693416,1600.0306112918415,1772.7921635155537,1420.5929587509643,1482.714421039508,1942.6623063093784,1826.6020368535685,1844.70017872802,1732.730847425472,1390.9903214189499,2024.799975837854,1888.1565538188506,2066.1084507406013,1879.7071687725002,1952.3635099725125,1825.6194840131304,2005.4773898006301,2272.3835533747083,1798.754566772646
experiment_482,0.0,0.0,0.0,0.0,0.0,955.5666441499752,1438.6522676605598,1065.0813524831485,1410.4920752560172,555.5418941061362,1187.351931111353,1045.606874130154,1776.0210472963367,1169.798041473885,1382.4181948130545,1256.8160674117364,873.0868178888438,1200.8787973695,1600.9386214049011,1434.2106069078409,1639.660120475524,1487.0322007405384,1286.9878388218744,1367.3293450497072,1514.0067855030843,1768.4842297518244,1948.7224054642386,1992.6710304786989,1822.530402075305,1762.6669420558846,1846.1201517269533,2025.4430733608763
experiment_483,0.0,0.0,0.0,0.0,0.0,1206.97552148394,1211.6792876741472,1941.8021802123803,1624.490663627655,1297.3057523726457,1404.389458103065,1635.734267070835,1218.854506708789,1256.4975311695557,1602.0421684507176,1627.6592459323597,1719.5944631461339,1461.8647450529984,1590.7705827789907,1479.7553856679956,1445.1871842534356,1707.5333845133364,1727.1920476917194,1947.7398779349783,1863.7433442058714,1798.6623307358923,1916.105710464592,1886.9412942470371,1927.7066459664152,2050.510705799158,2200.1075893674333,1969.2274442139337
experiment_484,0.0,0.0,0.0,0.0,0.0,1366.6939132006542,1138.6915262960276,1342.0468983187484,1429.6813851011016,1656.775289493717,1509.4331069006303,1547.6095333662968,1816.5554654344812,1704.2720991655965,1680.9355607618484,1832.8681885432638,2018.1357683157494,2055.6185714601265,1869.0195702091326,2262.245873591535,2068.6782742282826,1728.4762882373993,2370.8581497660794,2256.8588163214295,2174.8477389999484,2309.185269401582,2278.260269016884,2399.396516261084,2253.9181069703995,2457.7194422679313,2453.3726489621326,2544.4075554063593
experiment_485,0.0,0.0,0.0,0.0,0.0,932.0292560185824,1438.1753574565475,833.3203909544527,648.2777262981984,1168.754670772527,1291.217600034184,1385.6750033698709,1237.1609214615864,805.4161477108447,820.6765353188912,1128.3905822134652,718.4855523802692,1155.5350056910506,1227.5983815724476,1016.1719906164957,1101.6430951858742,1254.3692902226317,1020.3748865638288,1429.796191405227,1294.7729944334365,920.8503404062319,998.2501806096441,985.8032534830263,1258.5516300906124,1009.634436600999,1025.0535002315037,1496.1684546420727
experiment_486,0.0,0.0,0.0,0.0,0.0,1391.7301131481033,1279.5530581910773,1258.0528924124771,1363.1108912999016,866.6892857686904,1279.3033070637257,1048.8651425982866,1466.719318448541,1563.1679614129507,1135.117282284482,1268.379997307422,1249.643954724463,1780.876272267642,1294.199216407849,1463.5697390047148,1982.9732177874378,1624.9576138554107,1504.8161043554182,1633.457351308321,1936.935549423456,1675.113841368895,1826.6836929264978,1881.3876471344045,1957.196621539678,2059.2660556282376,2449.1065863016725,2487.694854516642
experiment_487,0.0,0.0,0.0,0.0,0.0,1371.240624685945,1554.5246456661055,1535.8629174930102,1352.4602217453194,1475.6576649420206,1448.2615085586017,1572.939179085151,1498.0731551336005,1380.4738748325083,1565.3035896787721,1382.072830964502,1760.9136943245144,1793.7725294733314,2052.3291000472,2121.9546434104273,1678.9047175469627,1765.6330040573935,2184.705238286728,2540.6360468626976,2281.272100736248,2302.386329829496,2455.6393593447665,2284.8891923798665,2150.7882298565873,2582.7079310497643,2552.5123755858303,3352.5838479544373
experiment_488,0.0,0.0,0.0,0.0,0.0,1008.8127597057688,1899.973991594152,1386.1203922400207,1353.4593315393372,1337.97184435432,1236.0410834834906,1255.7213162921603,1275.1010593224303,1999.2475327550405,1418.2007327379333,1416.663989386028,1453.2648073220103,1474.5147116368926,1638.3517091340932,1376.129832044995,1398.9683489335011,1581.349942717573,1722.9647060800276,1465.7964357563292,1409.5990873522478,1382.5102514985474,1754.2297640086504,1787.4387239871576,1712.191864387793,2104.1668808754957,1946.36414231367,1994.9523159542987
experiment_489,0.0,0.0,0.0,0.0,0.0,933.1433087525573,1029.452331549041,947.4053642807502,954.4449474556895,1289.5786725544085,1057.5239989191941,1011.6449608708938,1238.434617867109,1266.4742382941663,1067.1871666294178,1295.1327241781057,1621.2834149358832,1322.2820618624426,1187.6035152281302,901.3842538486874,1378.1162449569074,1567.0248364298063,1688.5224100587936,1577.7077566348967,1671.2123761148782,1718.4505742838046,1693.1698473159577,1710.7188970293505,1577.1372122215935,1807.7433552936168,2044.1321444691853,2136.17211440466
experiment_490,0.0,0.0,0.0,0.0,0.0,926.7605212034413,1011.1706845697304,1016.1228470408479,1159.5003695408113,1530.6082812063337,891.6801912899236,1254.4324010096639,1224.5669923934347,1568.8437920342203,1124.5748888698606,1246.8603287119104,1293.7030992615146,1050.2958327196845,1390.5898265861083,1291.2834935767744,1331.677805847258,1268.4926383373513,1522.0918368107791,1580.2739029140337,1520.581930100982,1566.7974728608158,1706.9984088504734,1338.6045337740682,1563.2740205929033,1869.539799092352,1475.211245496238,1747.668969048195
experiment_491,0.0,0.0,0.0,0.0,0.0,1533.8629812076297,923.3167331461877,975.3358373545309,1884.5793298668784,1512.9298322054549,1188.9547485601167,1760.480848999945,1701.770444675335,1473.2649378985757,1604.335875751728,1608.0612370935562,1504.2151003573458,1477.71379866666,1183.0267749977204,1147.0666054493304,1241.3459377631686,1895.4665467285074,1720.836720241862,2019.667797133986,1782.0777067218096,1613.8543241219577,1766.1731792804321,2070.7883320577826,1790.90374796534,1666.8037127152584,1926.2580928763828,1634.80173655394
experiment_492,0.0,0.0,0.0,0.0,0.0,1551.249741696356,1375.6650889194593,550.4246994128326,1320.4480615368145,1658.1607675039104,1482.71905850831,1763.6469730906028,1248.9032829452203,1251.0141994089522,1491.640420338781,1426.5831769953934,1291.4861257603097,1595.4492996744539,1455.399538990696,1786.0060818478057,1663.2162374058228,1453.7613684499497,1700.0532813867076,1630.46802084852,1618.3875015864432,1844.476825055791,1461.0795771194475,1724.2702539607592,1752.099578251919,1664.1732021826429,1617.5711859896549,1751.9385257225695
experiment_493,0.0,0.0,0.0,0.0,0.0,1261.9726611454807,1127.651859528357,1429.0748831045073,1610.17100119591,1382.1040485057927,1127.0795160653165,1192.20458505582,1481.055431399143,1699.1772609192917,1333.9672108352515,1714.2129365839473,1614.6443944668702,1071.7098874981039,1497.1399903049942,1455.3206930425108,1167.0846344648728,1303.4670225611712,1622.5196223639284,1359.5831724098616,1659.582406700313,1583.7302851432241,1944.3449561402617,1503.8770056906178,1820.812675954062,1253.78285009087,896.282987104523,1295.5181687930235
experiment_494,0.0,0.0,0.0,0.0,0.0,701.4498574733013,1004.514008747344,1325.8424848413852,1216.102836615452,1474.6994024783219,1147.0425235669618,1163.2291661573138,880.9238848135781,1111.0474954816086,1074.876080687277,1853.7412908259719,1538.1574631347253,1633.6638421561734,1626.2982424524978,1849.154156747089,1270.5341655478694,1513.6656125549966,1452.753541971677,1780.2855199278379,1833.5196035572494,1631.0493505491513,1768.008062119257,1694.9058680378475,1887.7143381884923,1809.2656131998524,2016.875403648492,2014.0623670514235
experiment_495,0.0,0.0,0.0,0.0,0.0,1411.5281257885404,773.4254999366301,1023.4944288973552,983.4162925894819,1912.1253188049209,814.8268460171682,1886.6453513243473,1768.8942496871043,1212.0340962377713,1273.0751054285925,1283.772415206859,1290.8552274523422,1059.005495890721,1514.5645583530813,1170.7877592178788,1137.9337805248256,1616.6631953803785,1568.8123241801823,1712.5676177762793,1637.9298640629665,1514.9717070766378,1467.3289982853794,1955.3765399727504,2123.9269982253586,1941.9316782232422,1744.2975137494464,2169.332633343762
experiment_496,0.0,0.0,0.0,0.0,0.0,1240.6060536889142,1242.5057904471882,1243.6863229185883,1471.7216538000007,1729.472908560038,1460.7393757941952,1436.8168881613828,1475.9160648610466,1596.944493885141,1682.834044799339,1699.6865653775167,1762.0948887794168,1718.5092152207603,1997.7845335023378,1790.820584347025,2004.1734546203454,1547.8662641038609,1823.8655473892395,1886.3105819116568,1787.7222943150682,2048.95097158472,2089.3967590210386,2117.9468663045445,1990.52235340966,2012.7510916722235,1749.0131948150301,2039.2982592960511
experiment_497,0.0,0.0,0.0,0.0,0.0,676.7613370688066,1363.721752379773,1032.3550962525708,1369.6399252499914,1541.7699178109224,1166.7730665026438,1145.1630147385863,752.0563001960336,1245.8417749334126,847.4316160042638,539.4888666147953,1195.3529298453063,1321.8080283295153,1076.4856426882502,773.8817954882265,1454.0704126656688,1614.2484514874186,1217.506117476211,1944.0797591775713,1624.982636106127,1784.2541954991455,1327.2778198546785,2166.966013745563,1892.2074921393141,1865.9452292059161,1900.7951228681786,2074.0356800712007
experiment_498,0.0,0.0,0.0,0.0,0.0,1603.1098384599904,1053.7895116026882,994.0008394929429,1009.9809230856761,1478.3844491023788,1147.462852618096,1541.0940472910056,1567.351582462962,1463.8391679800377,1417.2186130200735,972.1287582837431,1590.2551886601068,1226.5549587099445,1507.7484885625151,1441.3847730013476,1437.658585506136,1307.8011166722972,1837.8957173535046,1439.067218361486,1484.2146718857946,2041.1099347559416,1495.2657217815438,1666.2444589596391,1775.658838735521,1648.6996746291316,1925.8292226430553,1969.5792256863497
experiment_499,0.0,0.0,0.0,0.0,0.0,1014.6762516046766,1126.0741161222415,1598.227754338905,1050.546896336752,785.5647682038946,1189.054607134763,1164.7785464797669,1472.0550928134016,1815.5050597883342,891.207774698147,1078.6472053889222,1262.4130214264396,491.2266315105358,1017.6135847021103,1254.480411550569,1000.6308353892268,1641.1622475110707,1575.8649526009337,1401.0490187941714,1424.7683430372888,1856.2277300092776,1416.4932769322,1502.8171455061147,1501.9370633383073,1836.3167549376174,1751.2929660355749,2023.4988946549572
experiment_500,0.0,0.0,0.0,0.0,0.0,0.0,0.0,0.0,0.0,0.0,0.0,0.0,0.0,0.0,0.0,0.0,0.0,0.0,0.0,0.0,0.0,0.0,0.0,0.0,0.0,0.0,0.0,0.0,0.0,0.0,0.0,0.0
experiment_501,0.0,0.0,0.0,0.0,0.0,0.0,0.0,0.0,0.0,0.0,0.0,0.0,0.0,0.0,0.0,0.0,0.0,0.0,0.0,0.0,0.0,0.0,0.0,0.0,0.0,0.0,0.0,0.0,0.0,0.0,0.0,0.0
experiment_502,0.0,0.0,0.0,0.0,0.0,0.0,0.0,0.0,0.0,0.0,0.0,0.0,0.0,0.0,0.0,0.0,0.0,0.0,0.0,0.0,0.0,0.0,0.0,0.0,0.0,0.0,0.0,0.0,0.0,0.0,0.0,0.0
experiment_503,0.0,0.0,0.0,0.0,0.0,0.0,0.0,0.0,0.0,0.0,0.0,0.0,0.0,0.0,0.0,0.0,0.0,0.0,0.0,0.0,0.0,0.0,0.0,0.0,0.0,0.0,0.0,0.0,0.0,0.0,0.0,0.0
experiment_504,0.0,0.0,0.0,0.0,0.0,0.0,0.0,0.0,0.0,0.0,0.0,0.0,0.0,0.0,0.0,0.0,0.0,0.0,0.0,0.0,0.0,0.0,0.0,0.0,0.0,0.0,0.0,0.0,0.0,0.0,0.0,0.0
experiment_505,0.0,0.0,0.0,0.0,0.0,0.0,0.0,0.0,0.0,0.0,0.0,0.0,0.0,0.0,0.0,0.0,0.0,0.0,0.0,0.0,0.0,0.0,0.0,0.0,0.0,0.0,0.0,0.0,0.0,0.0,0.0,0.0
experiment_506,0.0,0.0,0.0,0.0,0.0,0.0,0.0,0.0,0.0,0.0,0.0,0.0,0.0,0.0,0.0,0.0,0.0,0.0,0.0,0.0,0.0,0.0,0.0,0.0,0.0,0.0,0.0,0.0,0.0,0.0,0.0,0.0
experiment_507,0.0,0.0,0.0,0.0,0.0,0.0,0.0,0.0,0.0,0.0,0.0,0.0,0.0,0.0,0.0,0.0,0.0,0.0,0.0,0.0,0.0,0.0,0.0,0.0,0.0,0.0,0.0,0.0,0.0,0.0,0.0,0.0
experiment_508,0.0,0.0,0.0,0.0,0.0,0.0,0.0,0.0,0.0,0.0,0.0,0.0,0.0,0.0,0.0,0.0,0.0,0.0,0.0,0.0,0.0,0.0,0.0,0.0,0.0,0.0,0.0,0.0,0.0,0.0,0.0,0.0
experiment_509,0.0,0.0,0.0,0.0,0.0,0.0,0.0,0.0,0.0,0.0,0.0,0.0,0.0,0.0,0.0,0.0,0.0,0.0,0.0,0.0,0.0,0.0,0.0,0.0,0.0,0.0,0.0,0.0,0.0,0.0,0.0,0.0
experiment_510,0.0,0.0,0.0,0.0,0.0,0.0,0.0,0.0,0.0,0.0,0.0,0.0,0.0,0.0,0.0,0.0,0.0,0.0,0.0,0.0,0.0,0.0,0.0,0.0,0.0,0.0,0.0,0.0,0.0,0.0,0.0,0.0
experiment_511,0.0,0.0,0.0,0.0,0.0,0.0,0.0,0.0,0.0,0.0,0.0,0.0,0.0,0.0,0.0,0.0,0.0,0.0,0.0,0.0,0.0,0.0,0.0,0.0,0.0,0.0,0.0,0.0,0.0,0.0,0.0,0.0
experiment_512,0.0,0.0,0.0,0.0,0.0,0.0,0.0,0.0,0.0,0.0,0.0,0.0,0.0,0.0,0.0,0.0,0.0,0.0,0.0,0.0,0.0,0.0,0.0,0.0,0.0,0.0,0.0,0.0,0.0,0.0,0.0,0.0
experiment_513,0.0,0.0,0.0,0.0,0.0,0.0,0.0,0.0,0.0,0.0,0.0,0.0,0.0,0.0,0.0,0.0,0.0,0.0,0.0,0.0,0.0,0.0,0.0,0.0,0.0,0.0,0.0,0.0,0.0,0.0,0.0,0.0
experiment_514,0.0,0.0,0.0,0.0,0.0,0.0,0.0,0.0,0.0,0.0,0.0,0.0,0.0,0.0,0.0,0.0,0.0,0.0,0.0,0.0,0.0,0.0,0.0,0.0,0.0,0.0,0.0,0.0,0.0,0.0,0.0,0.0
experiment_515,0.0,0.0,0.0,0.0,0.0,0.0,0.0,0.0,0.0,0.0,0.0,0.0,0.0,0.0,0.0,0.0,0.0,0.0,0.0,0.0,0.0,0.0,0.0,0.0,0.0,0.0,0.0,0.0,0.0,0.0,0.0,0.0
experiment_516,0.0,0.0,0.0,0.0,0.0,0.0,0.0,0.0,0.0,0.0,0.0,0.0,0.0,0.0,0.0,0.0,0.0,0.0,0.0,0.0,0.0,0.0,0.0,0.0,0.0,0.0,0.0,0.0,0.0,0.0,0.0,0.0
experiment_517,0.0,0.0,0.0,0.0,0.0,0.0,0.0,0.0,0.0,0.0,0.0,0.0,0.0,0.0,0.0,0.0,0.0,0.0,0.0,0.0,0.0,0.0,0.0,0.0,0.0,0.0,0.0,0.0,0.0,0.0,0.0,0.0
experiment_518,0.0,0.0,0.0,0.0,0.0,0.0,0.0,0.0,0.0,0.0,0.0,0.0,0.0,0.0,0.0,0.0,0.0,0.0,0.0,0.0,0.0,0.0,0.0,0.0,0.0,0.0,0.0,0.0,0.0,0.0,0.0,0.0
experiment_519,0.0,0.0,0.0,0.0,0.0,0.0,0.0,0.0,0.0,0.0,0.0,0.0,0.0,0.0,0.0,0.0,0.0,0.0,0.0,0.0,0.0,0.0,0.0,0.0,0.0,0.0,0.0,0.0,0.0,0.0,0.0,0.0
experiment_520,0.0,0.0,0.0,0.0,0.0,0.0,0.0,0.0,0.0,0.0,0.0,0.0,0.0,0.0,0.0,0.0,0.0,0.0,0.0,0.0,0.0,0.0,0.0,0.0,0.0,0.0,0.0,0.0,0.0,0.0,0.0,0.0
experiment_521,0.0,0.0,0.0,0.0,0.0,0.0,0.0,0.0,0.0,0.0,0.0,0.0,0.0,0.0,0.0,0.0,0.0,0.0,0.0,0.0,0.0,0.0,0.0,0.0,0.0,0.0,0.0,0.0,0.0,0.0,0.0,0.0
experiment_522,0.0,0.0,0.0,0.0,0.0,0.0,0.0,0.0,0.0,0.0,0.0,0.0,0.0,0.0,0.0,0.0,0.0,0.0,0.0,0.0,0.0,0.0,0.0,0.0,0.0,0.0,0.0,0.0,0.0,0.0,0.0,0.0
experiment_523,0.0,0.0,0.0,0.0,0.0,0.0,0.0,0.0,0.0,0.0,0.0,0.0,0.0,0.0,0.0,0.0,0.0,0.0,0.0,0.0,0.0,0.0,0.0,0.0,0.0,0.0,0.0,0.0,0.0,0.0,0.0,0.0
experiment_524,0.0,0.0,0.0,0.0,0.0,0.0,0.0,0.0,0.0,0.0,0.0,0.0,0.0,0.0,0.0,0.0,0.0,0.0,0.0,0.0,0.0,0.0,0.0,0.0,0.0,0.0,0.0,0.0,0.0,0.0,0.0,0.0
experiment_525,0.0,0.0,0.0,0.0,0.0,0.0,0.0,0.0,0.0,0.0,0.0,0.0,0.0,0.0,0.0,0.0,0.0,0.0,0.0,0.0,0.0,0.0,0.0,0.0,0.0,0.0,0.0,0.0,0.0,0.0,0.0,0.0
experiment_526,0.0,0.0,0.0,0.0,0.0,0.0,0.0,0.0,0.0,0.0,0.0,0.0,0.0,0.0,0.0,0.0,0.0,0.0,0.0,0.0,0.0,0.0,0.0,0.0,0.0,0.0,0.0,0.0,0.0,0.0,0.0,0.0
experiment_527,0.0,0.0,0.0,0.0,0.0,0.0,0.0,0.0,0.0,0.0,0.0,0.0,0.0,0.0,0.0,0.0,0.0,0.0,0.0,0.0,0.0,0.0,0.0,0.0,0.0,0.0,0.0,0.0,0.0,0.0,0.0,0.0
experiment_528,0.0,0.0,0.0,0.0,0.0,0.0,0.0,0.0,0.0,0.0,0.0,0.0,0.0,0.0,0.0,0.0,0.0,0.0,0.0,0.0,0.0,0.0,0.0,0.0,0.0,0.0,0.0,0.0,0.0,0.0,0.0,0.0
experiment_529,0.0,0.0,0.0,0.0,0.0,0.0,0.0,0.0,0.0,0.0,0.0,0.0,0.0,0.0,0.0,0.0,0.0,0.0,0.0,0.0,0.0,0.0,0.0,0.0,0.0,0.0,0.0,0.0,0.0,0.0,0.0,0.0
experiment_530,0.0,0.0,0.0,0.0,0.0,0.0,0.0,0.0,0.0,0.0,0.0,0.0,0.0,0.0,0.0,0.0,0.0,0.0,0.0,0.0,0.0,0.0,0.0,0.0,0.0,0.0,0.0,0.0,0.0,0.0,0.0,0.0
experiment_531,0.0,0.0,0.0,0.0,0.0,0.0,0.0,0.0,0.0,0.0,0.0,0.0,0.0,0.0,0.0,0.0,0.0,0.0,0.0,0.0,0.0,0.0,0.0,0.0,0.0,0.0,0.0,0.0,0.0,0.0,0.0,0.0
experiment_532,0.0,0.0,0.0,0.0,0.0,0.0,0.0,0.0,0.0,0.0,0.0,0.0,0.0,0.0,0.0,0.0,0.0,0.0,0.0,0.0,0.0,0.0,0.0,0.0,0.0,0.0,0.0,0.0,0.0,0.0,0.0,0.0
experiment_533,0.0,0.0,0.0,0.0,0.0,0.0,0.0,0.0,0.0,0.0,0.0,0.0,0.0,0.0,0.0,0.0,0.0,0.0,0.0,0.0,0.0,0.0,0.0,0.0,0.0,0.0,0.0,0.0,0.0,0.0,0.0,0.0
experiment_534,0.0,0.0,0.0,0.0,0.0,0.0,0.0,0.0,0.0,0.0,0.0,0.0,0.0,0.0,0.0,0.0,0.0,0.0,0.0,0.0,0.0,0.0,0.0,0.0,0.0,0.0,0.0,0.0,0.0,0.0,0.0,0.0
experiment_535,0.0,0.0,0.0,0.0,0.0,0.0,0.0,0.0,0.0,0.0,0.0,0.0,0.0,0.0,0.0,0.0,0.0,0.0,0.0,0.0,0.0,0.0,0.0,0.0,0.0,0.0,0.0,0.0,0.0,0.0,0.0,0.0
experiment_536,0.0,0.0,0.0,0.0,0.0,0.0,0.0,0.0,0.0,0.0,0.0,0.0,0.0,0.0,0.0,0.0,0.0,0.0,0.0,0.0,0.0,0.0,0.0,0.0,0.0,0.0,0.0,0.0,0.0,0.0,0.0,0.0
experiment_537,0.0,0.0,0.0,0.0,0.0,0.0,0.0,0.0,0.0,0.0,0.0,0.0,0.0,0.0,0.0,0.0,0.0,0.0,0.0,0.0,0.0,0.0,0.0,0.0,0.0,0.0,0.0,0.0,0.0,0.0,0.0,0.0
experiment_538,0.0,0.0,0.0,0.0,0.0,0.0,0.0,0.0,0.0,0.0,0.0,0.0,0.0,0.0,0.0,0.0,0.0,0.0,0.0,0.0,0.0,0.0,0.0,0.0,0.0,0.0,0.0,0.0,0.0,0.0,0.0,0.0
experiment_539,0.0,0.0,0.0,0.0,0.0,0.0,0.0,0.0,0.0,0.0,0.0,0.0,0.0,0.0,0.0,0.0,0.0,0.0,0.0,0.0,0.0,0.0,0.0,0.0,0.0,0.0,0.0,0.0,0.0,0.0,0.0,0.0
experiment_540,0.0,0.0,0.0,0.0,0.0,0.0,0.0,0.0,0.0,0.0,0.0,0.0,0.0,0.0,0.0,0.0,0.0,0.0,0.0,0.0,0.0,0.0,0.0,0.0,0.0,0.0,0.0,0.0,0.0,0.0,0.0,0.0
experiment_541,0.0,0.0,0.0,0.0,0.0,0.0,0.0,0.0,0.0,0.0,0.0,0.0,0.0,0.0,0.0,0.0,0.0,0.0,0.0,0.0,0.0,0.0,0.0,0.0,0.0,0.0,0.0,0.0,0.0,0.0,0.0,0.0
experiment_542,0.0,0.0,0.0,0.0,0.0,0.0,0.0,0.0,0.0,0.0,0.0,0.0,0.0,0.0,0.0,0.0,0.0,0.0,0.0,0.0,0.0,0.0,0.0,0.0,0.0,0.0,0.0,0.0,0.0,0.0,0.0,0.0
experiment_543,0.0,0.0,0.0,0.0,0.0,0.0,0.0,0.0,0.0,0.0,0.0,0.0,0.0,0.0,0.0,0.0,0.0,0.0,0.0,0.0,0.0,0.0,0.0,0.0,0.0,0.0,0.0,0.0,0.0,0.0,0.0,0.0
experiment_544,0.0,0.0,0.0,0.0,0.0,0.0,0.0,0.0,0.0,0.0,0.0,0.0,0.0,0.0,0.0,0.0,0.0,0.0,0.0,0.0,0.0,0.0,0.0,0.0,0.0,0.0,0.0,0.0,0.0,0.0,0.0,0.0
experiment_545,0.0,0.0,0.0,0.0,0.0,0.0,0.0,0.0,0.0,0.0,0.0,0.0,0.0,0.0,0.0,0.0,0.0,0.0,0.0,0.0,0.0,0.0,0.0,0.0,0.0,0.0,0.0,0.0,0.0,0.0,0.0,0.0
experiment_546,0.0,0.0,0.0,0.0,0.0,0.0,0.0,0.0,0.0,0.0,0.0,0.0,0.0,0.0,0.0,0.0,0.0,0.0,0.0,0.0,0.0,0.0,0.0,0.0,0.0,0.0,0.0,0.0,0.0,0.0,0.0,0.0
experiment_547,0.0,0.0,0.0,0.0,0.0,0.0,0.0,0.0,0.0,0.0,0.0,0.0,0.0,0.0,0.0,0.0,0.0,0.0,0.0,0.0,0.0,0.0,0.0,0.0,0.0,0.0,0.0,0.0,0.0,0.0,0.0,0.0
experiment_548,0.0,0.0,0.0,0.0,0.0,0.0,0.0,0.0,0.0,0.0,0.0,0.0,0.0,0.0,0.0,0.0,0.0,0.0,0.0,0.0,0.0,0.0,0.0,0.0,0.0,0.0,0.0,0.0,0.0,0.0,0.0,0.0
experiment_549,0.0,0.0,0.0,0.0,0.0,0.0,0.0,0.0,0.0,0.0,0.0,0.0,0.0,0.0,0.0,0.0,0.0,0.0,0.0,0.0,0.0,0.0,0.0,0.0,0.0,0.0,0.0,0.0,0.0,0.0,0.0,0.0
experiment_550,0.0,0.0,0.0,0.0,0.0,0.0,0.0,0.0,0.0,0.0,0.0,0.0,0.0,0.0,0.0,0.0,0.0,0.0,0.0,0.0,0.0,0.0,0.0,0.0,0.0,0.0,0.0,0.0,0.0,0.0,0.0,0.0
experiment_551,0.0,0.0,0.0,0.0,0.0,0.0,0.0,0.0,0.0,0.0,0.0,0.0,0.0,0.0,0.0,0.0,0.0,0.0,0.0,0.0,0.0,0.0,0.0,0.0,0.0,0.0,0.0,0.0,0.0,0.0,0.0,0.0
experiment_552,0.0,0.0,0.0,0.0,0.0,0.0,0.0,0.0,0.0,0.0,0.0,0.0,0.0,0.0,0.0,0.0,0.0,0.0,0.0,0.0,0.0,0.0,0.0,0.0,0.0,0.0,0.0,0.0,0.0,0.0,0.0,0.0
experiment_553,0.0,0.0,0.0,0.0,0.0,0.0,0.0,0.0,0.0,0.0,0.0,0.0,0.0,0.0,0.0,0.0,0.0,0.0,0.0,0.0,0.0,0.0,0.0,0.0,0.0,0.0,0.0,0.0,0.0,0.0,0.0,0.0
experiment_554,0.0,0.0,0.0,0.0,0.0,0.0,0.0,0.0,0.0,0.0,0.0,0.0,0.0,0.0,0.0,0.0,0.0,0.0,0.0,0.0,0.0,0.0,0.0,0.0,0.0,0.0,0.0,0.0,0.0,0.0,0.0,0.0
experiment_555,0.0,0.0,0.0,0.0,0.0,0.0,0.0,0.0,0.0,0.0,0.0,0.0,0.0,0.0,0.0,0.0,0.0,0.0,0.0,0.0,0.0,0.0,0.0,0.0,0.0,0.0,0.0,0.0,0.0,0.0,0.0,0.0
experiment_556,0.0,0.0,0.0,0.0,0.0,0.0,0.0,0.0,0.0,0.0,0.0,0.0,0.0,0.0,0.0,0.0,0.0,0.0,0.0,0.0,0.0,0.0,0.0,0.0,0.0,0.0,0.0,0.0,0.0,0.0,0.0,0.0
experiment_557,0.0,0.0,0.0,0.0,0.0,0.0,0.0,0.0,0.0,0.0,0.0,0.0,0.0,0.0,0.0,0.0,0.0,0.0,0.0,0.0,0.0,0.0,0.0,0.0,0.0,0.0,0.0,0.0,0.0,0.0,0.0,0.0
experiment_558,0.0,0.0,0.0,0.0,0.0,0.0,0.0,0.0,0.0,0.0,0.0,0.0,0.0,0.0,0.0,0.0,0.0,0.0,0.0,0.0,0.0,0.0,0.0,0.0,0.0,0.0,0.0,0.0,0.0,0.0,0.0,0.0
experiment_559,0.0,0.0,0.0,0.0,0.0,0.0,0.0,0.0,0.0,0.0,0.0,0.0,0.0,0.0,0.0,0.0,0.0,0.0,0.0,0.0,0.0,0.0,0.0,0.0,0.0,0.0,0.0,0.0,0.0,0.0,0.0,0.0
experiment_560,0.0,0.0,0.0,0.0,0.0,0.0,0.0,0.0,0.0,0.0,0.0,0.0,0.0,0.0,0.0,0.0,0.0,0.0,0.0,0.0,0.0,0.0,0.0,0.0,0.0,0.0,0.0,0.0,0.0,0.0,0.0,0.0
experiment_561,0.0,0.0,0.0,0.0,0.0,0.0,0.0,0.0,0.0,0.0,0.0,0.0,0.0,0.0,0.0,0.0,0.0,0.0,0.0,0.0,0.0,0.0,0.0,0.0,0.0,0.0,0.0,0.0,0.0,0.0,0.0,0.0
experiment_562,0.0,0.0,0.0,0.0,0.0,0.0,0.0,0.0,0.0,0.0,0.0,0.0,0.0,0.0,0.0,0.0,0.0,0.0,0.0,0.0,0.0,0.0,0.0,0.0,0.0,0.0,0.0,0.0,0.0,0.0,0.0,0.0
experiment_563,0.0,0.0,0.0,0.0,0.0,0.0,0.0,0.0,0.0,0.0,0.0,0.0,0.0,0.0,0.0,0.0,0.0,0.0,0.0,0.0,0.0,0.0,0.0,0.0,0.0,0.0,0.0,0.0,0.0,0.0,0.0,0.0
experiment_564,0.0,0.0,0.0,0.0,0.0,0.0,0.0,0.0,0.0,0.0,0.0,0.0,0.0,0.0,0.0,0.0,0.0,0.0,0.0,0.0,0.0,0.0,0.0,0.0,0.0,0.0,0.0,0.0,0.0,0.0,0.0,0.0
experiment_565,0.0,0.0,0.0,0.0,0.0,0.0,0.0,0.0,0.0,0.0,0.0,0.0,0.0,0.0,0.0,0.0,0.0,0.0,0.0,0.0,0.0,0.0,0.0,0.0,0.0,0.0,0.0,0.0,0.0,0.0,0.0,0.0
experiment_566,0.0,0.0,0.0,0.0,0.0,0.0,0.0,0.0,0.0,0.0,0.0,0.0,0.0,0.0,0.0,0.0,0.0,0.0,0.0,0.0,0.0,0.0,0.0,0.0,0.0,0.0,0.0,0.0,0.0,0.0,0.0,0.0
experiment_567,0.0,0.0,0.0,0.0,0.0,0.0,0.0,0.0,0.0,0.0,0.0,0.0,0.0,0.0,0.0,0.0,0.0,0.0,0.0,0.0,0.0,0.0,0.0,0.0,0.0,0.0,0.0,0.0,0.0,0.0,0.0,0.0
experiment_568,0.0,0.0,0.0,0.0,0.0,0.0,0.0,0.0,0.0,0.0,0.0,0.0,0.0,0.0,0.0,0.0,0.0,0.0,0.0,0.0,0.0,0.0,0.0,0.0,0.0,0.0,0.0,0.0,0.0,0.0,0.0,0.0
experiment_569,0.0,0.0,0.0,0.0,0.0,0.0,0.0,0.0,0.0,0.0,0.0,0.0,0.0,0.0,0.0,0.0,0.0,0.0,0.0,0.0,0.0,0.0,0.0,0.0,0.0,0.0,0.0,0.0,0.0,0.0,0.0,0.0
experiment_570,0.0,0.0,0.0,0.0,0.0,0.0,0.0,0.0,0.0,0.0,0.0,0.0,0.0,0.0,0.0,0.0,0.0,0.0,0.0,0.0,0.0,0.0,0.0,0.0,0.0,0.0,0.0,0.0,0.0,0.0,0.0,0.0
experiment_571,0.0,0.0,0.0,0.0,0.0,0.0,0.0,0.0,0.0,0.0,0.0,0.0,0.0,0.0,0.0,0.0,0.0,0.0,0.0,0.0,0.0,0.0,0.0,0.0,0.0,0.0,0.0,0.0,0.0,0.0,0.0,0.0
experiment_572,0.0,0.0,0.0,0.0,0.0,0.0,0.0,0.0,0.0,0.0,0.0,0.0,0.0,0.0,0.0,0.0,0.0,0.0,0.0,0.0,0.0,0.0,0.0,0.0,0.0,0.0,0.0,0.0,0.0,0.0,0.0,0.0
experiment_573,0.0,0.0,0.0,0.0,0.0,0.0,0.0,0.0,0.0,0.0,0.0,0.0,0.0,0.0,0.0,0.0,0.0,0.0,0.0,0.0,0.0,0.0,0.0,0.0,0.0,0.0,0.0,0.0,0.0,0.0,0.0,0.0
experiment_574,0.0,0.0,0.0,0.0,0.0,0.0,0.0,0.0,0.0,0.0,0.0,0.0,0.0,0.0,0.0,0.0,0.0,0.0,0.0,0.0,0.0,0.0,0.0,0.0,0.0,0.0,0.0,0.0,0.0,0.0,0.0,0.0
experiment_575,0.0,0.0,0.0,0.0,0.0,0.0,0.0,0.0,0.0,0.0,0.0,0.0,0.0,0.0,0.0,0.0,0.0,0.0,0.0,0.0,0.0,0.0,0.0,0.0,0.0,0.0,0.0,0.0,0.0,0.0,0.0,0.0
experiment_576,0.0,0.0,0.0,0.0,0.0,0.0,0.0,0.0,0.0,0.0,0.0,0.0,0.0,0.0,0.0,0.0,0.0,0.0,0.0,0.0,0.0,0.0,0.0,0.0,0.0,0.0,0.0,0.0,0.0,0.0,0.0,0.0
experiment_577,0.0,0.0,0.0,0.0,0.0,0.0,0.0,0.0,0.0,0.0,0.0,0.0,0.0,0.0,0.0,0.0,0.0,0.0,0.0,0.0,0.0,0.0,0.0,0.0,0.0,0.0,0.0,0.0,0.0,0.0,0.0,0.0
experiment_578,0.0,0.0,0.0,0.0,0.0,0.0,0.0,0.0,0.0,0.0,0.0,0.0,0.0,0.0,0.0,0.0,0.0,0.0,0.0,0.0,0.0,0.0,0.0,0.0,0.0,0.0,0.0,0.0,0.0,0.0,0.0,0.0
experiment_579,0.0,0.0,0.0,0.0,0.0,0.0,0.0,0.0,0.0,0.0,0.0,0.0,0.0,0.0,0.0,0.0,0.0,0.0,0.0,0.0,0.0,0.0,0.0,0.0,0.0,0.0,0.0,0.0,0.0,0.0,0.0,0.0
experiment_580,0.0,0.0,0.0,0.0,0.0,0.0,0.0,0.0,0.0,0.0,0.0,0.0,0.0,0.0,0.0,0.0,0.0,0.0,0.0,0.0,0.0,0.0,0.0,0.0,0.0,0.0,0.0,0.0,0.0,0.0,0.0,0.0
experiment_581,0.0,0.0,0.0,0.0,0.0,0.0,0.0,0.0,0.0,0.0,0.0,0.0,0.0,0.0,0.0,0.0,0.0,0.0,0.0,0.0,0.0,0.0,0.0,0.0,0.0,0.0,0.0,0.0,0.0,0.0,0.0,0.0
experiment_582,0.0,0.0,0.0,0.0,0.0,0.0,0.0,0.0,0.0,0.0,0.0,0.0,0.0,0.0,0.0,0.0,0.0,0.0,0.0,0.0,0.0,0.0,0.0,0.0,0.0,0.0,0.0,0.0,0.0,0.0,0.0,0.0
experiment_583,0.0,0.0,0.0,0.0,0.0,0.0,0.0,0.0,0.0,0.0,0.0,0.0,0.0,0.0,0.0,0.0,0.0,0.0,0.0,0.0,0.0,0.0,0.0,0.0,0.0,0.0,0.0,0.0,0.0,0.0,0.0,0.0
experiment_584,0.0,0.0,0.0,0.0,0.0,0.0,0.0,0.0,0.0,0.0,0.0,0.0,0.0,0.0,0.0,0.0,0.0,0.0,0.0,0.0,0.0,0.0,0.0,0.0,0.0,0.0,0.0,0.0,0.0,0.0,0.0,0.0
experiment_585,0.0,0.0,0.0,0.0,0.0,0.0,0.0,0.0,0.0,0.0,0.0,0.0,0.0,0.0,0.0,0.0,0.0,0.0,0.0,0.0,0.0,0.0,0.0,0.0,0.0,0.0,0.0,0.0,0.0,0.0,0.0,0.0
experiment_586,0.0,0.0,0.0,0.0,0.0,0.0,0.0,0.0,0.0,0.0,0.0,0.0,0.0,0.0,0.0,0.0,0.0,0.0,0.0,0.0,0.0,0.0,0.0,0.0,0.0,0.0,0.0,0.0,0.0,0.0,0.0,0.0
experiment_587,0.0,0.0,0.0,0.0,0.0,0.0,0.0,0.0,0.0,0.0,0.0,0.0,0.0,0.0,0.0,0.0,0.0,0.0,0.0,0.0,0.0,0.0,0.0,0.0,0.0,0.0,0.0,0.0,0.0,0.0,0.0,0.0
experiment_588,0.0,0.0,0.0,0.0,0.0,0.0,0.0,0.0,0.0,0.0,0.0,0.0,0.0,0.0,0.0,0.0,0.0,0.0,0.0,0.0,0.0,0.0,0.0,0.0,0.0,0.0,0.0,0.0,0.0,0.0,0.0,0.0
experiment_589,0.0,0.0,0.0,0.0,0.0,0.0,0.0,0.0,0.0,0.0,0.0,0.0,0.0,0.0,0.0,0.0,0.0,0.0,0.0,0.0,0.0,0.0,0.0,0.0,0.0,0.0,0.0,0.0,0.0,0.0,0.0,0.0
experiment_590,0.0,0.0,0.0,0.0,0.0,0.0,0.0,0.0,0.0,0.0,0.0,0.0,0.0,0.0,0.0,0.0,0.0,0.0,0.0,0.0,0.0,0.0,0.0,0.0,0.0,0.0,0.0,0.0,0.0,0.0,0.0,0.0
experiment_591,0.0,0.0,0.0,0.0,0.0,0.0,0.0,0.0,0.0,0.0,0.0,0.0,0.0,0.0,0.0,0.0,0.0,0.0,0.0,0.0,0.0,0.0,0.0,0.0,0.0,0.0,0.0,0.0,0.0,0.0,0.0,0.0
experiment_592,0.0,0.0,0.0,0.0,0.0,0.0,0.0,0.0,0.0,0.0,0.0,0.0,0.0,0.0,0.0,0.0,0.0,0.0,0.0,0.0,0.0,0.0,0.0,0.0,0.0,0.0,0.0,0.0,0.0,0.0,0.0,0.0
experiment_593,0.0,0.0,0.0,0.0,0.0,0.0,0.0,0.0,0.0,0.0,0.0,0.0,0.0,0.0,0.0,0.0,0.0,0.0,0.0,0.0,0.0,0.0,0.0,0.0,0.0,0.0,0.0,0.0,0.0,0.0,0.0,0.0
experiment_594,0.0,0.0,0.0,0.0,0.0,0.0,0.0,0.0,0.0,0.0,0.0,0.0,0.0,0.0,0.0,0.0,0.0,0.0,0.0,0.0,0.0,0.0,0.0,0.0,0.0,0.0,0.0,0.0,0.0,0.0,0.0,0.0
experiment_595,0.0,0.0,0.0,0.0,0.0,0.0,0.0,0.0,0.0,0.0,0.0,0.0,0.0,0.0,0.0,0.0,0.0,0.0,0.0,0.0,0.0,0.0,0.0,0.0,0.0,0.0,0.0,0.0,0.0,0.0,0.0,0.0
experiment_596,0.0,0.0,0.0,0.0,0.0,0.0,0.0,0.0,0.0,0.0,0.0,0.0,0.0,0.0,0.0,0.0,0.0,0.0,0.0,0.0,0.0,0.0,0.0,0.0,0.0,0.0,0.0,0.0,0.0,0.0,0.0,0.0
experiment_597,0.0,0.0,0.0,0.0,0.0,0.0,0.0,0.0,0.0,0.0,0.0,0.0,0.0,0.0,0.0,0.0,0.0,0.0,0.0,0.0,0.0,0.0,0.0,0.0,0.0,0.0,0.0,0.0,0.0,0.0,0.0,0.0
experiment_598,0.0,0.0,0.0,0.0,0.0,0.0,0.0,0.0,0.0,0.0,0.0,0.0,0.0,0.0,0.0,0.0,0.0,0.0,0.0,0.0,0.0,0.0,0.0,0.0,0.0,0.0,0.0,0.0,0.0,0.0,0.0,0.0
experiment_599,0.0,0.0,0.0,0.0,0.0,0.0,0.0,0.0,0.0,0.0,0.0,0.0,0.0,0.0,0.0,0.0,0.0,0.0,0.0,0.0,0.0,0.0,0.0,0.0,0.0,0.0,0.0,0.0,0.0,0.0,0.0,0.0
experiment_600,0.0,0.0,0.0,0.0,0.0,0.0,0.0,0.0,0.0,0.0,0.0,0.0,0.0,0.0,0.0,0.0,0.0,0.0,0.0,0.0,0.0,0.0,0.0,0.0,0.0,0.0,0.0,0.0,0.0,0.0,0.0,0.0
experiment_601,0.0,0.0,0.0,0.0,0.0,0.0,0.0,0.0,0.0,0.0,0.0,0.0,0.0,0.0,0.0,0.0,0.0,0.0,0.0,0.0,0.0,0.0,0.0,0.0,0.0,0.0,0.0,0.0,0.0,0.0,0.0,0.0
experiment_602,0.0,0.0,0.0,0.0,0.0,0.0,0.0,0.0,0.0,0.0,0.0,0.0,0.0,0.0,0.0,0.0,0.0,0.0,0.0,0.0,0.0,0.0,0.0,0.0,0.0,0.0,0.0,0.0,0.0,0.0,0.0,0.0
experiment_603,0.0,0.0,0.0,0.0,0.0,0.0,0.0,0.0,0.0,0.0,0.0,0.0,0.0,0.0,0.0,0.0,0.0,0.0,0.0,0.0,0.0,0.0,0.0,0.0,0.0,0.0,0.0,0.0,0.0,0.0,0.0,0.0
experiment_604,0.0,0.0,0.0,0.0,0.0,0.0,0.0,0.0,0.0,0.0,0.0,0.0,0.0,0.0,0.0,0.0,0.0,0.0,0.0,0.0,0.0,0.0,0.0,0.0,0.0,0.0,0.0,0.0,0.0,0.0,0.0,0.0
experiment_605,0.0,0.0,0.0,0.0,0.0,0.0,0.0,0.0,0.0,0.0,0.0,0.0,0.0,0.0,0.0,0.0,0.0,0.0,0.0,0.0,0.0,0.0,0.0,0.0,0.0,0.0,0.0,0.0,0.0,0.0,0.0,0.0
experiment_606,0.0,0.0,0.0,0.0,0.0,0.0,0.0,0.0,0.0,0.0,0.0,0.0,0.0,0.0,0.0,0.0,0.0,0.0,0.0,0.0,0.0,0.0,0.0,0.0,0.0,0.0,0.0,0.0,0.0,0.0,0.0,0.0
experiment_607,0.0,0.0,0.0,0.0,0.0,0.0,0.0,0.0,0.0,0.0,0.0,0.0,0.0,0.0,0.0,0.0,0.0,0.0,0.0,0.0,0.0,0.0,0.0,0.0,0.0,0.0,0.0,0.0,0.0,0.0,0.0,0.0
experiment_608,0.0,0.0,0.0,0.0,0.0,0.0,0.0,0.0,0.0,0.0,0.0,0.0,0.0,0.0,0.0,0.0,0.0,0.0,0.0,0.0,0.0,0.0,0.0,0.0,0.0,0.0,0.0,0.0,0.0,0.0,0.0,0.0
experiment_609,0.0,0.0,0.0,0.0,0.0,0.0,0.0,0.0,0.0,0.0,0.0,0.0,0.0,0.0,0.0,0.0,0.0,0.0,0.0,0.0,0.0,0.0,0.0,0.0,0.0,0.0,0.0,0.0,0.0,0.0,0.0,0.0
experiment_610,0.0,0.0,0.0,0.0,0.0,0.0,0.0,0.0,0.0,0.0,0.0,0.0,0.0,0.0,0.0,0.0,0.0,0.0,0.0,0.0,0.0,0.0,0.0,0.0,0.0,0.0,0.0,0.0,0.0,0.0,0.0,0.0
experiment_611,0.0,0.0,0.0,0.0,0.0,0.0,0.0,0.0,0.0,0.0,0.0,0.0,0.0,0.0,0.0,0.0,0.0,0.0,0.0,0.0,0.0,0.0,0.0,0.0,0.0,0.0,0.0,0.0,0.0,0.0,0.0,0.0
experiment_612,0.0,0.0,0.0,0.0,0.0,0.0,0.0,0.0,0.0,0.0,0.0,0.0,0.0,0.0,0.0,0.0,0.0,0.0,0.0,0.0,0.0,0.0,0.0,0.0,0.0,0.0,0.0,0.0,0.0,0.0,0.0,0.0
experiment_613,0.0,0.0,0.0,0.0,0.0,0.0,0.0,0.0,0.0,0.0,0.0,0.0,0.0,0.0,0.0,0.0,0.0,0.0,0.0,0.0,0.0,0.0,0.0,0.0,0.0,0.0,0.0,0.0,0.0,0.0,0.0,0.0
experiment_614,0.0,0.0,0.0,0.0,0.0,0.0,0.0,0.0,0.0,0.0,0.0,0.0,0.0,0.0,0.0,0.0,0.0,0.0,0.0,0.0,0.0,0.0,0.0,0.0,0.0,0.0,0.0,0.0,0.0,0.0,0.0,0.0
experiment_615,0.0,0.0,0.0,0.0,0.0,0.0,0.0,0.0,0.0,0.0,0.0,0.0,0.0,0.0,0.0,0.0,0.0,0.0,0.0,0.0,0.0,0.0,0.0,0.0,0.0,0.0,0.0,0.0,0.0,0.0,0.0,0.0
experiment_616,0.0,0.0,0.0,0.0,0.0,0.0,0.0,0.0,0.0,0.0,0.0,0.0,0.0,0.0,0.0,0.0,0.0,0.0,0.0,0.0,0.0,0.0,0.0,0.0,0.0,0.0,0.0,0.0,0.0,0.0,0.0,0.0
experiment_617,0.0,0.0,0.0,0.0,0.0,0.0,0.0,0.0,0.0,0.0,0.0,0.0,0.0,0.0,0.0,0.0,0.0,0.0,0.0,0.0,0.0,0.0,0.0,0.0,0.0,0.0,0.0,0.0,0.0,0.0,0.0,0.0
experiment_618,0.0,0.0,0.0,0.0,0.0,0.0,0.0,0.0,0.0,0.0,0.0,0.0,0.0,0.0,0.0,0.0,0.0,0.0,0.0,0.0,0.0,0.0,0.0,0.0,0.0,0.0,0.0,0.0,0.0,0.0,0.0,0.0
experiment_619,0.0,0.0,0.0,0.0,0.0,0.0,0.0,0.0,0.0,0.0,0.0,0.0,0.0,0.0,0.0,0.0,0.0,0.0,0.0,0.0,0.0,0.0,0.0,0.0,0.0,0.0,0.0,0.0,0.0,0.0,0.0,0.0
experiment_620,0.0,0.0,0.0,0.0,0.0,0.0,0.0,0.0,0.0,0.0,0.0,0.0,0.0,0.0,0.0,0.0,0.0,0.0,0.0,0.0,0.0,0.0,0.0,0.0,0.0,0.0,0.0,0.0,0.0,0.0,0.0,0.0
experiment_621,0.0,0.0,0.0,0.0,0.0,0.0,0.0,0.0,0.0,0.0,0.0,0.0,0.0,0.0,0.0,0.0,0.0,0.0,0.0,0.0,0.0,0.0,0.0,0.0,0.0,0.0,0.0,0.0,0.0,0.0,0.0,0.0
experiment_622,0.0,0.0,0.0,0.0,0.0,0.0,0.0,0.0,0.0,0.0,0.0,0.0,0.0,0.0,0.0,0.0,0.0,0.0,0.0,0.0,0.0,0.0,0.0,0.0,0.0,0.0,0.0,0.0,0.0,0.0,0.0,0.0
experiment_623,0.0,0.0,0.0,0.0,0.0,0.0,0.0,0.0,0.0,0.0,0.0,0.0,0.0,0.0,0.0,0.0,0.0,0.0,0.0,0.0,0.0,0.0,0.0,0.0,0.0,0.0,0.0,0.0,0.0,0.0,0.0,0.0
experiment_624,0.0,0.0,0.0,0.0,0.0,0.0,0.0,0.0,0.0,0.0,0.0,0.0,0.0,0.0,0.0,0.0,0.0,0.0,0.0,0.0,0.0,0.0,0.0,0.0,0.0,0.0,0.0,0.0,0.0,0.0,0.0,0.0
experiment_625,0.0,0.0,0.0,0.0,0.0,0.0,0.0,0.0,0.0,0.0,0.0,0.0,0.0,0.0,0.0,0.0,0.0,0.0,0.0,0.0,0.0,0.0,0.0,0.0,0.0,0.0,0.0,0.0,0.0,0.0,0.0,0.0
experiment_626,0.0,0.0,0.0,0.0,0.0,0.0,0.0,0.0,0.0,0.0,0.0,0.0,0.0,0.0,0.0,0.0,0.0,0.0,0.0,0.0,0.0,0.0,0.0,0.0,0.0,0.0,0.0,0.0,0.0,0.0,0.0,0.0
experiment_627,0.0,0.0,0.0,0.0,0.0,0.0,0.0,0.0,0.0,0.0,0.0,0.0,0.0,0.0,0.0,0.0,0.0,0.0,0.0,0.0,0.0,0.0,0.0,0.0,0.0,0.0,0.0,0.0,0.0,0.0,0.0,0.0
experiment_628,0.0,0.0,0.0,0.0,0.0,0.0,0.0,0.0,0.0,0.0,0.0,0.0,0.0,0.0,0.0,0.0,0.0,0.0,0.0,0.0,0.0,0.0,0.0,0.0,0.0,0.0,0.0,0.0,0.0,0.0,0.0,0.0
experiment_629,0.0,0.0,0.0,0.0,0.0,0.0,0.0,0.0,0.0,0.0,0.0,0.0,0.0,0.0,0.0,0.0,0.0,0.0,0.0,0.0,0.0,0.0,0.0,0.0,0.0,0.0,0.0,0.0,0.0,0.0,0.0,0.0
experiment_630,0.0,0.0,0.0,0.0,0.0,0.0,0.0,0.0,0.0,0.0,0.0,0.0,0.0,0.0,0.0,0.0,0.0,0.0,0.0,0.0,0.0,0.0,0.0,0.0,0.0,0.0,0.0,0.0,0.0,0.0,0.0,0.0
experiment_631,0.0,0.0,0.0,0.0,0.0,0.0,0.0,0.0,0.0,0.0,0.0,0.0,0.0,0.0,0.0,0.0,0.0,0.0,0.0,0.0,0.0,0.0,0.0,0.0,0.0,0.0,0.0,0.0,0.0,0.0,0.0,0.0
experiment_632,0.0,0.0,0.0,0.0,0.0,0.0,0.0,0.0,0.0,0.0,0.0,0.0,0.0,0.0,0.0,0.0,0.0,0.0,0.0,0.0,0.0,0.0,0.0,0.0,0.0,0.0,0.0,0.0,0.0,0.0,0.0,0.0
experiment_633,0.0,0.0,0.0,0.0,0.0,0.0,0.0,0.0,0.0,0.0,0.0,0.0,0.0,0.0,0.0,0.0,0.0,0.0,0.0,0.0,0.0,0.0,0.0,0.0,0.0,0.0,0.0,0.0,0.0,0.0,0.0,0.0
experiment_634,0.0,0.0,0.0,0.0,0.0,0.0,0.0,0.0,0.0,0.0,0.0,0.0,0.0,0.0,0.0,0.0,0.0,0.0,0.0,0.0,0.0,0.0,0.0,0.0,0.0,0.0,0.0,0.0,0.0,0.0,0.0,0.0
experiment_635,0.0,0.0,0.0,0.0,0.0,0.0,0.0,0.0,0.0,0.0,0.0,0.0,0.0,0.0,0.0,0.0,0.0,0.0,0.0,0.0,0.0,0.0,0.0,0.0,0.0,0.0,0.0,0.0,0.0,0.0,0.0,0.0
experiment_636,0.0,0.0,0.0,0.0,0.0,0.0,0.0,0.0,0.0,0.0,0.0,0.0,0.0,0.0,0.0,0.0,0.0,0.0,0.0,0.0,0.0,0.0,0.0,0.0,0.0,0.0,0.0,0.0,0.0,0.0,0.0,0.0
experiment_637,0.0,0.0,0.0,0.0,0.0,0.0,0.0,0.0,0.0,0.0,0.0,0.0,0.0,0.0,0.0,0.0,0.0,0.0,0.0,0.0,0.0,0.0,0.0,0.0,0.0,0.0,0.0,0.0,0.0,0.0,0.0,0.0
experiment_638,0.0,0.0,0.0,0.0,0.0,0.0,0.0,0.0,0.0,0.0,0.0,0.0,0.0,0.0,0.0,0.0,0.0,0.0,0.0,0.0,0.0,0.0,0.0,0.0,0.0,0.0,0.0,0.0,0.0,0.0,0.0,0.0
experiment_639,0.0,0.0,0.0,0.0,0.0,0.0,0.0,0.0,0.0,0.0,0.0,0.0,0.0,0.0,0.0,0.0,0.0,0.0,0.0,0.0,0.0,0.0,0.0,0.0,0.0,0.0,0.0,0.0,0.0,0.0,0.0,0.0
experiment_640,0.0,0.0,0.0,0.0,0.0,0.0,0.0,0.0,0.0,0.0,0.0,0.0,0.0,0.0,0.0,0.0,0.0,0.0,0.0,0.0,0.0,0.0,0.0,0.0,0.0,0.0,0.0,0.0,0.0,0.0,0.0,0.0
experiment_641,0.0,0.0,0.0,0.0,0.0,0.0,0.0,0.0,0.0,0.0,0.0,0.0,0.0,0.0,0.0,0.0,0.0,0.0,0.0,0.0,0.0,0.0,0.0,0.0,0.0,0.0,0.0,0.0,0.0,0.0,0.0,0.0
experiment_642,0.0,0.0,0.0,0.0,0.0,0.0,0.0,0.0,0.0,0.0,0.0,0.0,0.0,0.0,0.0,0.0,0.0,0.0,0.0,0.0,0.0,0.0,0.0,0.0,0.0,0.0,0.0,0.0,0.0,0.0,0.0,0.0
experiment_643,0.0,0.0,0.0,0.0,0.0,0.0,0.0,0.0,0.0,0.0,0.0,0.0,0.0,0.0,0.0,0.0,0.0,0.0,0.0,0.0,0.0,0.0,0.0,0.0,0.0,0.0,0.0,0.0,0.0,0.0,0.0,0.0
experiment_644,0.0,0.0,0.0,0.0,0.0,0.0,0.0,0.0,0.0,0.0,0.0,0.0,0.0,0.0,0.0,0.0,0.0,0.0,0.0,0.0,0.0,0.0,0.0,0.0,0.0,0.0,0.0,0.0,0.0,0.0,0.0,0.0
experiment_645,0.0,0.0,0.0,0.0,0.0,0.0,0.0,0.0,0.0,0.0,0.0,0.0,0.0,0.0,0.0,0.0,0.0,0.0,0.0,0.0,0.0,0.0,0.0,0.0,0.0,0.0,0.0,0.0,0.0,0.0,0.0,0.0
experiment_646,0.0,0.0,0.0,0.0,0.0,0.0,0.0,0.0,0.0,0.0,0.0,0.0,0.0,0.0,0.0,0.0,0.0,0.0,0.0,0.0,0.0,0.0,0.0,0.0,0.0,0.0,0.0,0.0,0.0,0.0,0.0,0.0
experiment_647,0.0,0.0,0.0,0.0,0.0,0.0,0.0,0.0,0.0,0.0,0.0,0.0,0.0,0.0,0.0,0.0,0.0,0.0,0.0,0.0,0.0,0.0,0.0,0.0,0.0,0.0,0.0,0.0,0.0,0.0,0.0,0.0
experiment_648,0.0,0.0,0.0,0.0,0.0,0.0,0.0,0.0,0.0,0.0,0.0,0.0,0.0,0.0,0.0,0.0,0.0,0.0,0.0,0.0,0.0,0.0,0.0,0.0,0.0,0.0,0.0,0.0,0.0,0.0,0.0,0.0
experiment_649,0.0,0.0,0.0,0.0,0.0,0.0,0.0,0.0,0.0,0.0,0.0,0.0,0.0,0.0,0.0,0.0,0.0,0.0,0.0,0.0,0.0,0.0,0.0,0.0,0.0,0.0,0.0,0.0,0.0,0.0,0.0,0.0
experiment_650,0.0,0.0,0.0,0.0,0.0,0.0,0.0,0.0,0.0,0.0,0.0,0.0,0.0,0.0,0.0,0.0,0.0,0.0,0.0,0.0,0.0,0.0,0.0,0.0,0.0,0.0,0.0,0.0,0.0,0.0,0.0,0.0
experiment_651,0.0,0.0,0.0,0.0,0.0,0.0,0.0,0.0,0.0,0.0,0.0,0.0,0.0,0.0,0.0,0.0,0.0,0.0,0.0,0.0,0.0,0.0,0.0,0.0,0.0,0.0,0.0,0.0,0.0,0.0,0.0,0.0
experiment_652,0.0,0.0,0.0,0.0,0.0,0.0,0.0,0.0,0.0,0.0,0.0,0.0,0.0,0.0,0.0,0.0,0.0,0.0,0.0,0.0,0.0,0.0,0.0,0.0,0.0,0.0,0.0,0.0,0.0,0.0,0.0,0.0
experiment_653,0.0,0.0,0.0,0.0,0.0,0.0,0.0,0.0,0.0,0.0,0.0,0.0,0.0,0.0,0.0,0.0,0.0,0.0,0.0,0.0,0.0,0.0,0.0,0.0,0.0,0.0,0.0,0.0,0.0,0.0,0.0,0.0
experiment_654,0.0,0.0,0.0,0.0,0.0,0.0,0.0,0.0,0.0,0.0,0.0,0.0,0.0,0.0,0.0,0.0,0.0,0.0,0.0,0.0,0.0,0.0,0.0,0.0,0.0,0.0,0.0,0.0,0.0,0.0,0.0,0.0
experiment_655,0.0,0.0,0.0,0.0,0.0,0.0,0.0,0.0,0.0,0.0,0.0,0.0,0.0,0.0,0.0,0.0,0.0,0.0,0.0,0.0,0.0,0.0,0.0,0.0,0.0,0.0,0.0,0.0,0.0,0.0,0.0,0.0
experiment_656,0.0,0.0,0.0,0.0,0.0,0.0,0.0,0.0,0.0,0.0,0.0,0.0,0.0,0.0,0.0,0.0,0.0,0.0,0.0,0.0,0.0,0.0,0.0,0.0,0.0,0.0,0.0,0.0,0.0,0.0,0.0,0.0
experiment_657,0.0,0.0,0.0,0.0,0.0,0.0,0.0,0.0,0.0,0.0,0.0,0.0,0.0,0.0,0.0,0.0,0.0,0.0,0.0,0.0,0.0,0.0,0.0,0.0,0.0,0.0,0.0,0.0,0.0,0.0,0.0,0.0
experiment_658,0.0,0.0,0.0,0.0,0.0,0.0,0.0,0.0,0.0,0.0,0.0,0.0,0.0,0.0,0.0,0.0,0.0,0.0,0.0,0.0,0.0,0.0,0.0,0.0,0.0,0.0,0.0,0.0,0.0,0.0,0.0,0.0
experiment_659,0.0,0.0,0.0,0.0,0.0,0.0,0.0,0.0,0.0,0.0,0.0,0.0,0.0,0.0,0.0,0.0,0.0,0.0,0.0,0.0,0.0,0.0,0.0,0.0,0.0,0.0,0.0,0.0,0.0,0.0,0.0,0.0
experiment_660,0.0,0.0,0.0,0.0,0.0,0.0,0.0,0.0,0.0,0.0,0.0,0.0,0.0,0.0,0.0,0.0,0.0,0.0,0.0,0.0,0.0,0.0,0.0,0.0,0.0,0.0,0.0,0.0,0.0,0.0,0.0,0.0
experiment_661,0.0,0.0,0.0,0.0,0.0,0.0,0.0,0.0,0.0,0.0,0.0,0.0,0.0,0.0,0.0,0.0,0.0,0.0,0.0,0.0,0.0,0.0,0.0,0.0,0.0,0.0,0.0,0.0,0.0,0.0,0.0,0.0
experiment_662,0.0,0.0,0.0,0.0,0.0,0.0,0.0,0.0,0.0,0.0,0.0,0.0,0.0,0.0,0.0,0.0,0.0,0.0,0.0,0.0,0.0,0.0,0.0,0.0,0.0,0.0,0.0,0.0,0.0,0.0,0.0,0.0
experiment_663,0.0,0.0,0.0,0.0,0.0,0.0,0.0,0.0,0.0,0.0,0.0,0.0,0.0,0.0,0.0,0.0,0.0,0.0,0.0,0.0,0.0,0.0,0.0,0.0,0.0,0.0,0.0,0.0,0.0,0.0,0.0,0.0
experiment_664,0.0,0.0,0.0,0.0,0.0,0.0,0.0,0.0,0.0,0.0,0.0,0.0,0.0,0.0,0.0,0.0,0.0,0.0,0.0,0.0,0.0,0.0,0.0,0.0,0.0,0.0,0.0,0.0,0.0,0.0,0.0,0.0
experiment_665,0.0,0.0,0.0,0.0,0.0,0.0,0.0,0.0,0.0,0.0,0.0,0.0,0.0,0.0,0.0,0.0,0.0,0.0,0.0,0.0,0.0,0.0,0.0,0.0,0.0,0.0,0.0,0.0,0.0,0.0,0.0,0.0
experiment_666,0.0,0.0,0.0,0.0,0.0,0.0,0.0,0.0,0.0,0.0,0.0,0.0,0.0,0.0,0.0,0.0,0.0,0.0,0.0,0.0,0.0,0.0,0.0,0.0,0.0,0.0,0.0,0.0,0.0,0.0,0.0,0.0
experiment_667,0.0,0.0,0.0,0.0,0.0,0.0,0.0,0.0,0.0,0.0,0.0,0.0,0.0,0.0,0.0,0.0,0.0,0.0,0.0,0.0,0.0,0.0,0.0,0.0,0.0,0.0,0.0,0.0,0.0,0.0,0.0,0.0
experiment_668,0.0,0.0,0.0,0.0,0.0,0.0,0.0,0.0,0.0,0.0,0.0,0.0,0.0,0.0,0.0,0.0,0.0,0.0,0.0,0.0,0.0,0.0,0.0,0.0,0.0,0.0,0.0,0.0,0.0,0.0,0.0,0.0
experiment_669,0.0,0.0,0.0,0.0,0.0,0.0,0.0,0.0,0.0,0.0,0.0,0.0,0.0,0.0,0.0,0.0,0.0,0.0,0.0,0.0,0.0,0.0,0.0,0.0,0.0,0.0,0.0,0.0,0.0,0.0,0.0,0.0
experiment_670,0.0,0.0,0.0,0.0,0.0,0.0,0.0,0.0,0.0,0.0,0.0,0.0,0.0,0.0,0.0,0.0,0.0,0.0,0.0,0.0,0.0,0.0,0.0,0.0,0.0,0.0,0.0,0.0,0.0,0.0,0.0,0.0
experiment_671,0.0,0.0,0.0,0.0,0.0,0.0,0.0,0.0,0.0,0.0,0.0,0.0,0.0,0.0,0.0,0.0,0.0,0.0,0.0,0.0,0.0,0.0,0.0,0.0,0.0,0.0,0.0,0.0,0.0,0.0,0.0,0.0
experiment_672,0.0,0.0,0.0,0.0,0.0,0.0,0.0,0.0,0.0,0.0,0.0,0.0,0.0,0.0,0.0,0.0,0.0,0.0,0.0,0.0,0.0,0.0,0.0,0.0,0.0,0.0,0.0,0.0,0.0,0.0,0.0,0.0
experiment_673,0.0,0.0,0.0,0.0,0.0,0.0,0.0,0.0,0.0,0.0,0.0,0.0,0.0,0.0,0.0,0.0,0.0,0.0,0.0,0.0,0.0,0.0,0.0,0.0,0.0,0.0,0.0,0.0,0.0,0.0,0.0,0.0
experiment_674,0.0,0.0,0.0,0.0,0.0,0.0,0.0,0.0,0.0,0.0,0.0,0.0,0.0,0.0,0.0,0.0,0.0,0.0,0.0,0.0,0.0,0.0,0.0,0.0,0.0,0.0,0.0,0.0,0.0,0.0,0.0,0.0
experiment_675,0.0,0.0,0.0,0.0,0.0,0.0,0.0,0.0,0.0,0.0,0.0,0.0,0.0,0.0,0.0,0.0,0.0,0.0,0.0,0.0,0.0,0.0,0.0,0.0,0.0,0.0,0.0,0.0,0.0,0.0,0.0,0.0
experiment_676,0.0,0.0,0.0,0.0,0.0,0.0,0.0,0.0,0.0,0.0,0.0,0.0,0.0,0.0,0.0,0.0,0.0,0.0,0.0,0.0,0.0,0.0,0.0,0.0,0.0,0.0,0.0,0.0,0.0,0.0,0.0,0.0
experiment_677,0.0,0.0,0.0,0.0,0.0,0.0,0.0,0.0,0.0,0.0,0.0,0.0,0.0,0.0,0.0,0.0,0.0,0.0,0.0,0.0,0.0,0.0,0.0,0.0,0.0,0.0,0.0,0.0,0.0,0.0,0.0,0.0
experiment_678,0.0,0.0,0.0,0.0,0.0,0.0,0.0,0.0,0.0,0.0,0.0,0.0,0.0,0.0,0.0,0.0,0.0,0.0,0.0,0.0,0.0,0.0,0.0,0.0,0.0,0.0,0.0,0.0,0.0,0.0,0.0,0.0
experiment_679,0.0,0.0,0.0,0.0,0.0,0.0,0.0,0.0,0.0,0.0,0.0,0.0,0.0,0.0,0.0,0.0,0.0,0.0,0.0,0.0,0.0,0.0,0.0,0.0,0.0,0.0,0.0,0.0,0.0,0.0,0.0,0.0
experiment_680,0.0,0.0,0.0,0.0,0.0,0.0,0.0,0.0,0.0,0.0,0.0,0.0,0.0,0.0,0.0,0.0,0.0,0.0,0.0,0.0,0.0,0.0,0.0,0.0,0.0,0.0,0.0,0.0,0.0,0.0,0.0,0.0
experiment_681,0.0,0.0,0.0,0.0,0.0,0.0,0.0,0.0,0.0,0.0,0.0,0.0,0.0,0.0,0.0,0.0,0.0,0.0,0.0,0.0,0.0,0.0,0.0,0.0,0.0,0.0,0.0,0.0,0.0,0.0,0.0,0.0
experiment_682,0.0,0.0,0.0,0.0,0.0,0.0,0.0,0.0,0.0,0.0,0.0,0.0,0.0,0.0,0.0,0.0,0.0,0.0,0.0,0.0,0.0,0.0,0.0,0.0,0.0,0.0,0.0,0.0,0.0,0.0,0.0,0.0
experiment_683,0.0,0.0,0.0,0.0,0.0,0.0,0.0,0.0,0.0,0.0,0.0,0.0,0.0,0.0,0.0,0.0,0.0,0.0,0.0,0.0,0.0,0.0,0.0,0.0,0.0,0.0,0.0,0.0,0.0,0.0,0.0,0.0
experiment_684,0.0,0.0,0.0,0.0,0.0,0.0,0.0,0.0,0.0,0.0,0.0,0.0,0.0,0.0,0.0,0.0,0.0,0.0,0.0,0.0,0.0,0.0,0.0,0.0,0.0,0.0,0.0,0.0,0.0,0.0,0.0,0.0
experiment_685,0.0,0.0,0.0,0.0,0.0,0.0,0.0,0.0,0.0,0.0,0.0,0.0,0.0,0.0,0.0,0.0,0.0,0.0,0.0,0.0,0.0,0.0,0.0,0.0,0.0,0.0,0.0,0.0,0.0,0.0,0.0,0.0
experiment_686,0.0,0.0,0.0,0.0,0.0,0.0,0.0,0.0,0.0,0.0,0.0,0.0,0.0,0.0,0.0,0.0,0.0,0.0,0.0,0.0,0.0,0.0,0.0,0.0,0.0,0.0,0.0,0.0,0.0,0.0,0.0,0.0
experiment_687,0.0,0.0,0.0,0.0,0.0,0.0,0.0,0.0,0.0,0.0,0.0,0.0,0.0,0.0,0.0,0.0,0.0,0.0,0.0,0.0,0.0,0.0,0.0,0.0,0.0,0.0,0.0,0.0,0.0,0.0,0.0,0.0
experiment_688,0.0,0.0,0.0,0.0,0.0,0.0,0.0,0.0,0.0,0.0,0.0,0.0,0.0,0.0,0.0,0.0,0.0,0.0,0.0,0.0,0.0,0.0,0.0,0.0,0.0,0.0,0.0,0.0,0.0,0.0,0.0,0.0
experiment_689,0.0,0.0,0.0,0.0,0.0,0.0,0.0,0.0,0.0,0.0,0.0,0.0,0.0,0.0,0.0,0.0,0.0,0.0,0.0,0.0,0.0,0.0,0.0,0.0,0.0,0.0,0.0,0.0,0.0,0.0,0.0,0.0
experiment_690,0.0,0.0,0.0,0.0,0.0,0.0,0.0,0.0,0.0,0.0,0.0,0.0,0.0,0.0,0.0,0.0,0.0,0.0,0.0,0.0,0.0,0.0,0.0,0.0,0.0,0.0,0.0,0.0,0.0,0.0,0.0,0.0
experiment_691,0.0,0.0,0.0,0.0,0.0,0.0,0.0,0.0,0.0,0.0,0.0,0.0,0.0,0.0,0.0,0.0,0.0,0.0,0.0,0.0,0.0,0.0,0.0,0.0,0.0,0.0,0.0,0.0,0.0,0.0,0.0,0.0
experiment_692,0.0,0.0,0.0,0.0,0.0,0.0,0.0,0.0,0.0,0.0,0.0,0.0,0.0,0.0,0.0,0.0,0.0,0.0,0.0,0.0,0.0,0.0,0.0,0.0,0.0,0.0,0.0,0.0,0.0,0.0,0.0,0.0
experiment_693,0.0,0.0,0.0,0.0,0.0,0.0,0.0,0.0,0.0,0.0,0.0,0.0,0.0,0.0,0.0,0.0,0.0,0.0,0.0,0.0,0.0,0.0,0.0,0.0,0.0,0.0,0.0,0.0,0.0,0.0,0.0,0.0
experiment_694,0.0,0.0,0.0,0.0,0.0,0.0,0.0,0.0,0.0,0.0,0.0,0.0,0.0,0.0,0.0,0.0,0.0,0.0,0.0,0.0,0.0,0.0,0.0,0.0,0.0,0.0,0.0,0.0,0.0,0.0,0.0,0.0
experiment_695,0.0,0.0,0.0,0.0,0.0,0.0,0.0,0.0,0.0,0.0,0.0,0.0,0.0,0.0,0.0,0.0,0.0,0.0,0.0,0.0,0.0,0.0,0.0,0.0,0.0,0.0,0.0,0.0,0.0,0.0,0.0,0.0
experiment_696,0.0,0.0,0.0,0.0,0.0,0.0,0.0,0.0,0.0,0.0,0.0,0.0,0.0,0.0,0.0,0.0,0.0,0.0,0.0,0.0,0.0,0.0,0.0,0.0,0.0,0.0,0.0,0.0,0.0,0.0,0.0,0.0
experiment_697,0.0,0.0,0.0,0.0,0.0,0.0,0.0,0.0,0.0,0.0,0.0,0.0,0.0,0.0,0.0,0.0,0.0,0.0,0.0,0.0,0.0,0.0,0.0,0.0,0.0,0.0,0.0,0.0,0.0,0.0,0.0,0.0
experiment_698,0.0,0.0,0.0,0.0,0.0,0.0,0.0,0.0,0.0,0.0,0.0,0.0,0.0,0.0,0.0,0.0,0.0,0.0,0.0,0.0,0.0,0.0,0.0,0.0,0.0,0.0,0.0,0.0,0.0,0.0,0.0,0.0
experiment_699,0.0,0.0,0.0,0.0,0.0,0.0,0.0,0.0,0.0,0.0,0.0,0.0,0.0,0.0,0.0,0.0,0.0,0.0,0.0,0.0,0.0,0.0,0.0,0.0,0.0,0.0,0.0,0.0,0.0,0.0,0.0,0.0
experiment_700,0.0,0.0,0.0,0.0,0.0,0.0,0.0,0.0,0.0,0.0,0.0,0.0,0.0,0.0,0.0,0.0,0.0,0.0,0.0,0.0,0.0,0.0,0.0,0.0,0.0,0.0,0.0,0.0,0.0,0.0,0.0,0.0
experiment_701,0.0,0.0,0.0,0.0,0.0,0.0,0.0,0.0,0.0,0.0,0.0,0.0,0.0,0.0,0.0,0.0,0.0,0.0,0.0,0.0,0.0,0.0,0.0,0.0,0.0,0.0,0.0,0.0,0.0,0.0,0.0,0.0
experiment_702,0.0,0.0,0.0,0.0,0.0,0.0,0.0,0.0,0.0,0.0,0.0,0.0,0.0,0.0,0.0,0.0,0.0,0.0,0.0,0.0,0.0,0.0,0.0,0.0,0.0,0.0,0.0,0.0,0.0,0.0,0.0,0.0
experiment_703,0.0,0.0,0.0,0.0,0.0,0.0,0.0,0.0,0.0,0.0,0.0,0.0,0.0,0.0,0.0,0.0,0.0,0.0,0.0,0.0,0.0,0.0,0.0,0.0,0.0,0.0,0.0,0.0,0.0,0.0,0.0,0.0
experiment_704,0.0,0.0,0.0,0.0,0.0,0.0,0.0,0.0,0.0,0.0,0.0,0.0,0.0,0.0,0.0,0.0,0.0,0.0,0.0,0.0,0.0,0.0,0.0,0.0,0.0,0.0,0.0,0.0,0.0,0.0,0.0,0.0
experiment_705,0.0,0.0,0.0,0.0,0.0,0.0,0.0,0.0,0.0,0.0,0.0,0.0,0.0,0.0,0.0,0.0,0.0,0.0,0.0,0.0,0.0,0.0,0.0,0.0,0.0,0.0,0.0,0.0,0.0,0.0,0.0,0.0
experiment_706,0.0,0.0,0.0,0.0,0.0,0.0,0.0,0.0,0.0,0.0,0.0,0.0,0.0,0.0,0.0,0.0,0.0,0.0,0.0,0.0,0.0,0.0,0.0,0.0,0.0,0.0,0.0,0.0,0.0,0.0,0.0,0.0
experiment_707,0.0,0.0,0.0,0.0,0.0,0.0,0.0,0.0,0.0,0.0,0.0,0.0,0.0,0.0,0.0,0.0,0.0,0.0,0.0,0.0,0.0,0.0,0.0,0.0,0.0,0.0,0.0,0.0,0.0,0.0,0.0,0.0
experiment_708,0.0,0.0,0.0,0.0,0.0,0.0,0.0,0.0,0.0,0.0,0.0,0.0,0.0,0.0,0.0,0.0,0.0,0.0,0.0,0.0,0.0,0.0,0.0,0.0,0.0,0.0,0.0,0.0,0.0,0.0,0.0,0.0
experiment_709,0.0,0.0,0.0,0.0,0.0,0.0,0.0,0.0,0.0,0.0,0.0,0.0,0.0,0.0,0.0,0.0,0.0,0.0,0.0,0.0,0.0,0.0,0.0,0.0,0.0,0.0,0.0,0.0,0.0,0.0,0.0,0.0
experiment_710,0.0,0.0,0.0,0.0,0.0,0.0,0.0,0.0,0.0,0.0,0.0,0.0,0.0,0.0,0.0,0.0,0.0,0.0,0.0,0.0,0.0,0.0,0.0,0.0,0.0,0.0,0.0,0.0,0.0,0.0,0.0,0.0
experiment_711,0.0,0.0,0.0,0.0,0.0,0.0,0.0,0.0,0.0,0.0,0.0,0.0,0.0,0.0,0.0,0.0,0.0,0.0,0.0,0.0,0.0,0.0,0.0,0.0,0.0,0.0,0.0,0.0,0.0,0.0,0.0,0.0
experiment_712,0.0,0.0,0.0,0.0,0.0,0.0,0.0,0.0,0.0,0.0,0.0,0.0,0.0,0.0,0.0,0.0,0.0,0.0,0.0,0.0,0.0,0.0,0.0,0.0,0.0,0.0,0.0,0.0,0.0,0.0,0.0,0.0
experiment_713,0.0,0.0,0.0,0.0,0.0,0.0,0.0,0.0,0.0,0.0,0.0,0.0,0.0,0.0,0.0,0.0,0.0,0.0,0.0,0.0,0.0,0.0,0.0,0.0,0.0,0.0,0.0,0.0,0.0,0.0,0.0,0.0
experiment_714,0.0,0.0,0.0,0.0,0.0,0.0,0.0,0.0,0.0,0.0,0.0,0.0,0.0,0.0,0.0,0.0,0.0,0.0,0.0,0.0,0.0,0.0,0.0,0.0,0.0,0.0,0.0,0.0,0.0,0.0,0.0,0.0
experiment_715,0.0,0.0,0.0,0.0,0.0,0.0,0.0,0.0,0.0,0.0,0.0,0.0,0.0,0.0,0.0,0.0,0.0,0.0,0.0,0.0,0.0,0.0,0.0,0.0,0.0,0.0,0.0,0.0,0.0,0.0,0.0,0.0
experiment_716,0.0,0.0,0.0,0.0,0.0,0.0,0.0,0.0,0.0,0.0,0.0,0.0,0.0,0.0,0.0,0.0,0.0,0.0,0.0,0.0,0.0,0.0,0.0,0.0,0.0,0.0,0.0,0.0,0.0,0.0,0.0,0.0
experiment_717,0.0,0.0,0.0,0.0,0.0,0.0,0.0,0.0,0.0,0.0,0.0,0.0,0.0,0.0,0.0,0.0,0.0,0.0,0.0,0.0,0.0,0.0,0.0,0.0,0.0,0.0,0.0,0.0,0.0,0.0,0.0,0.0
experiment_718,0.0,0.0,0.0,0.0,0.0,0.0,0.0,0.0,0.0,0.0,0.0,0.0,0.0,0.0,0.0,0.0,0.0,0.0,0.0,0.0,0.0,0.0,0.0,0.0,0.0,0.0,0.0,0.0,0.0,0.0,0.0,0.0
experiment_719,0.0,0.0,0.0,0.0,0.0,0.0,0.0,0.0,0.0,0.0,0.0,0.0,0.0,0.0,0.0,0.0,0.0,0.0,0.0,0.0,0.0,0.0,0.0,0.0,0.0,0.0,0.0,0.0,0.0,0.0,0.0,0.0
experiment_720,0.0,0.0,0.0,0.0,0.0,0.0,0.0,0.0,0.0,0.0,0.0,0.0,0.0,0.0,0.0,0.0,0.0,0.0,0.0,0.0,0.0,0.0,0.0,0.0,0.0,0.0,0.0,0.0,0.0,0.0,0.0,0.0
experiment_721,0.0,0.0,0.0,0.0,0.0,0.0,0.0,0.0,0.0,0.0,0.0,0.0,0.0,0.0,0.0,0.0,0.0,0.0,0.0,0.0,0.0,0.0,0.0,0.0,0.0,0.0,0.0,0.0,0.0,0.0,0.0,0.0
experiment_722,0.0,0.0,0.0,0.0,0.0,0.0,0.0,0.0,0.0,0.0,0.0,0.0,0.0,0.0,0.0,0.0,0.0,0.0,0.0,0.0,0.0,0.0,0.0,0.0,0.0,0.0,0.0,0.0,0.0,0.0,0.0,0.0
experiment_723,0.0,0.0,0.0,0.0,0.0,0.0,0.0,0.0,0.0,0.0,0.0,0.0,0.0,0.0,0.0,0.0,0.0,0.0,0.0,0.0,0.0,0.0,0.0,0.0,0.0,0.0,0.0,0.0,0.0,0.0,0.0,0.0
experiment_724,0.0,0.0,0.0,0.0,0.0,0.0,0.0,0.0,0.0,0.0,0.0,0.0,0.0,0.0,0.0,0.0,0.0,0.0,0.0,0.0,0.0,0.0,0.0,0.0,0.0,0.0,0.0,0.0,0.0,0.0,0.0,0.0
experiment_725,0.0,0.0,0.0,0.0,0.0,0.0,0.0,0.0,0.0,0.0,0.0,0.0,0.0,0.0,0.0,0.0,0.0,0.0,0.0,0.0,0.0,0.0,0.0,0.0,0.0,0.0,0.0,0.0,0.0,0.0,0.0,0.0
experiment_726,0.0,0.0,0.0,0.0,0.0,0.0,0.0,0.0,0.0,0.0,0.0,0.0,0.0,0.0,0.0,0.0,0.0,0.0,0.0,0.0,0.0,0.0,0.0,0.0,0.0,0.0,0.0,0.0,0.0,0.0,0.0,0.0
experiment_727,0.0,0.0,0.0,0.0,0.0,0.0,0.0,0.0,0.0,0.0,0.0,0.0,0.0,0.0,0.0,0.0,0.0,0.0,0.0,0.0,0.0,0.0,0.0,0.0,0.0,0.0,0.0,0.0,0.0,0.0,0.0,0.0
experiment_728,0.0,0.0,0.0,0.0,0.0,0.0,0.0,0.0,0.0,0.0,0.0,0.0,0.0,0.0,0.0,0.0,0.0,0.0,0.0,0.0,0.0,0.0,0.0,0.0,0.0,0.0,0.0,0.0,0.0,0.0,0.0,0.0
experiment_729,0.0,0.0,0.0,0.0,0.0,0.0,0.0,0.0,0.0,0.0,0.0,0.0,0.0,0.0,0.0,0.0,0.0,0.0,0.0,0.0,0.0,0.0,0.0,0.0,0.0,0.0,0.0,0.0,0.0,0.0,0.0,0.0
experiment_730,0.0,0.0,0.0,0.0,0.0,0.0,0.0,0.0,0.0,0.0,0.0,0.0,0.0,0.0,0.0,0.0,0.0,0.0,0.0,0.0,0.0,0.0,0.0,0.0,0.0,0.0,0.0,0.0,0.0,0.0,0.0,0.0
experiment_731,0.0,0.0,0.0,0.0,0.0,0.0,0.0,0.0,0.0,0.0,0.0,0.0,0.0,0.0,0.0,0.0,0.0,0.0,0.0,0.0,0.0,0.0,0.0,0.0,0.0,0.0,0.0,0.0,0.0,0.0,0.0,0.0
experiment_732,0.0,0.0,0.0,0.0,0.0,0.0,0.0,0.0,0.0,0.0,0.0,0.0,0.0,0.0,0.0,0.0,0.0,0.0,0.0,0.0,0.0,0.0,0.0,0.0,0.0,0.0,0.0,0.0,0.0,0.0,0.0,0.0
experiment_733,0.0,0.0,0.0,0.0,0.0,0.0,0.0,0.0,0.0,0.0,0.0,0.0,0.0,0.0,0.0,0.0,0.0,0.0,0.0,0.0,0.0,0.0,0.0,0.0,0.0,0.0,0.0,0.0,0.0,0.0,0.0,0.0
experiment_734,0.0,0.0,0.0,0.0,0.0,0.0,0.0,0.0,0.0,0.0,0.0,0.0,0.0,0.0,0.0,0.0,0.0,0.0,0.0,0.0,0.0,0.0,0.0,0.0,0.0,0.0,0.0,0.0,0.0,0.0,0.0,0.0
experiment_735,0.0,0.0,0.0,0.0,0.0,0.0,0.0,0.0,0.0,0.0,0.0,0.0,0.0,0.0,0.0,0.0,0.0,0.0,0.0,0.0,0.0,0.0,0.0,0.0,0.0,0.0,0.0,0.0,0.0,0.0,0.0,0.0
experiment_736,0.0,0.0,0.0,0.0,0.0,0.0,0.0,0.0,0.0,0.0,0.0,0.0,0.0,0.0,0.0,0.0,0.0,0.0,0.0,0.0,0.0,0.0,0.0,0.0,0.0,0.0,0.0,0.0,0.0,0.0,0.0,0.0
experiment_737,0.0,0.0,0.0,0.0,0.0,0.0,0.0,0.0,0.0,0.0,0.0,0.0,0.0,0.0,0.0,0.0,0.0,0.0,0.0,0.0,0.0,0.0,0.0,0.0,0.0,0.0,0.0,0.0,0.0,0.0,0.0,0.0
experiment_738,0.0,0.0,0.0,0.0,0.0,0.0,0.0,0.0,0.0,0.0,0.0,0.0,0.0,0.0,0.0,0.0,0.0,0.0,0.0,0.0,0.0,0.0,0.0,0.0,0.0,0.0,0.0,0.0,0.0,0.0,0.0,0.0
experiment_739,0.0,0.0,0.0,0.0,0.0,0.0,0.0,0.0,0.0,0.0,0.0,0.0,0.0,0.0,0.0,0.0,0.0,0.0,0.0,0.0,0.0,0.0,0.0,0.0,0.0,0.0,0.0,0.0,0.0,0.0,0.0,0.0
experiment_740,0.0,0.0,0.0,0.0,0.0,0.0,0.0,0.0,0.0,0.0,0.0,0.0,0.0,0.0,0.0,0.0,0.0,0.0,0.0,0.0,0.0,0.0,0.0,0.0,0.0,0.0,0.0,0.0,0.0,0.0,0.0,0.0
experiment_741,0.0,0.0,0.0,0.0,0.0,0.0,0.0,0.0,0.0,0.0,0.0,0.0,0.0,0.0,0.0,0.0,0.0,0.0,0.0,0.0,0.0,0.0,0.0,0.0,0.0,0.0,0.0,0.0,0.0,0.0,0.0,0.0
experiment_742,0.0,0.0,0.0,0.0,0.0,0.0,0.0,0.0,0.0,0.0,0.0,0.0,0.0,0.0,0.0,0.0,0.0,0.0,0.0,0.0,0.0,0.0,0.0,0.0,0.0,0.0,0.0,0.0,0.0,0.0,0.0,0.0
experiment_743,0.0,0.0,0.0,0.0,0.0,0.0,0.0,0.0,0.0,0.0,0.0,0.0,0.0,0.0,0.0,0.0,0.0,0.0,0.0,0.0,0.0,0.0,0.0,0.0,0.0,0.0,0.0,0.0,0.0,0.0,0.0,0.0
experiment_744,0.0,0.0,0.0,0.0,0.0,0.0,0.0,0.0,0.0,0.0,0.0,0.0,0.0,0.0,0.0,0.0,0.0,0.0,0.0,0.0,0.0,0.0,0.0,0.0,0.0,0.0,0.0,0.0,0.0,0.0,0.0,0.0
experiment_745,0.0,0.0,0.0,0.0,0.0,0.0,0.0,0.0,0.0,0.0,0.0,0.0,0.0,0.0,0.0,0.0,0.0,0.0,0.0,0.0,0.0,0.0,0.0,0.0,0.0,0.0,0.0,0.0,0.0,0.0,0.0,0.0
experiment_746,0.0,0.0,0.0,0.0,0.0,0.0,0.0,0.0,0.0,0.0,0.0,0.0,0.0,0.0,0.0,0.0,0.0,0.0,0.0,0.0,0.0,0.0,0.0,0.0,0.0,0.0,0.0,0.0,0.0,0.0,0.0,0.0
experiment_747,0.0,0.0,0.0,0.0,0.0,0.0,0.0,0.0,0.0,0.0,0.0,0.0,0.0,0.0,0.0,0.0,0.0,0.0,0.0,0.0,0.0,0.0,0.0,0.0,0.0,0.0,0.0,0.0,0.0,0.0,0.0,0.0
experiment_748,0.0,0.0,0.0,0.0,0.0,0.0,0.0,0.0,0.0,0.0,0.0,0.0,0.0,0.0,0.0,0.0,0.0,0.0,0.0,0.0,0.0,0.0,0.0,0.0,0.0,0.0,0.0,0.0,0.0,0.0,0.0,0.0
experiment_749,0.0,0.0,0.0,0.0,0.0,0.0,0.0,0.0,0.0,0.0,0.0,0.0,0.0,0.0,0.0,0.0,0.0,0.0,0.0,0.0,0.0,0.0,0.0,0.0,0.0,0.0,0.0,0.0,0.0,0.0,0.0,0.0
experiment_750,0.0,0.0,0.0,0.0,0.0,0.0,0.0,0.0,0.0,0.0,0.0,0.0,0.0,0.0,0.0,0.0,0.0,0.0,0.0,0.0,0.0,0.0,0.0,0.0,0.0,0.0,0.0,0.0,0.0,0.0,0.0,0.0
experiment_751,0.0,0.0,0.0,0.0,0.0,0.0,0.0,0.0,0.0,0.0,0.0,0.0,0.0,0.0,0.0,0.0,0.0,0.0,0.0,0.0,0.0,0.0,0.0,0.0,0.0,0.0,0.0,0.0,0.0,0.0,0.0,0.0
experiment_752,0.0,0.0,0.0,0.0,0.0,0.0,0.0,0.0,0.0,0.0,0.0,0.0,0.0,0.0,0.0,0.0,0.0,0.0,0.0,0.0,0.0,0.0,0.0,0.0,0.0,0.0,0.0,0.0,0.0,0.0,0.0,0.0
experiment_753,0.0,0.0,0.0,0.0,0.0,0.0,0.0,0.0,0.0,0.0,0.0,0.0,0.0,0.0,0.0,0.0,0.0,0.0,0.0,0.0,0.0,0.0,0.0,0.0,0.0,0.0,0.0,0.0,0.0,0.0,0.0,0.0
experiment_754,0.0,0.0,0.0,0.0,0.0,0.0,0.0,0.0,0.0,0.0,0.0,0.0,0.0,0.0,0.0,0.0,0.0,0.0,0.0,0.0,0.0,0.0,0.0,0.0,0.0,0.0,0.0,0.0,0.0,0.0,0.0,0.0
experiment_755,0.0,0.0,0.0,0.0,0.0,0.0,0.0,0.0,0.0,0.0,0.0,0.0,0.0,0.0,0.0,0.0,0.0,0.0,0.0,0.0,0.0,0.0,0.0,0.0,0.0,0.0,0.0,0.0,0.0,0.0,0.0,0.0
experiment_756,0.0,0.0,0.0,0.0,0.0,0.0,0.0,0.0,0.0,0.0,0.0,0.0,0.0,0.0,0.0,0.0,0.0,0.0,0.0,0.0,0.0,0.0,0.0,0.0,0.0,0.0,0.0,0.0,0.0,0.0,0.0,0.0
experiment_757,0.0,0.0,0.0,0.0,0.0,0.0,0.0,0.0,0.0,0.0,0.0,0.0,0.0,0.0,0.0,0.0,0.0,0.0,0.0,0.0,0.0,0.0,0.0,0.0,0.0,0.0,0.0,0.0,0.0,0.0,0.0,0.0
experiment_758,0.0,0.0,0.0,0.0,0.0,0.0,0.0,0.0,0.0,0.0,0.0,0.0,0.0,0.0,0.0,0.0,0.0,0.0,0.0,0.0,0.0,0.0,0.0,0.0,0.0,0.0,0.0,0.0,0.0,0.0,0.0,0.0
experiment_759,0.0,0.0,0.0,0.0,0.0,0.0,0.0,0.0,0.0,0.0,0.0,0.0,0.0,0.0,0.0,0.0,0.0,0.0,0.0,0.0,0.0,0.0,0.0,0.0,0.0,0.0,0.0,0.0,0.0,0.0,0.0,0.0
experiment_760,0.0,0.0,0.0,0.0,0.0,0.0,0.0,0.0,0.0,0.0,0.0,0.0,0.0,0.0,0.0,0.0,0.0,0.0,0.0,0.0,0.0,0.0,0.0,0.0,0.0,0.0,0.0,0.0,0.0,0.0,0.0,0.0
experiment_761,0.0,0.0,0.0,0.0,0.0,0.0,0.0,0.0,0.0,0.0,0.0,0.0,0.0,0.0,0.0,0.0,0.0,0.0,0.0,0.0,0.0,0.0,0.0,0.0,0.0,0.0,0.0,0.0,0.0,0.0,0.0,0.0
experiment_762,0.0,0.0,0.0,0.0,0.0,0.0,0.0,0.0,0.0,0.0,0.0,0.0,0.0,0.0,0.0,0.0,0.0,0.0,0.0,0.0,0.0,0.0,0.0,0.0,0.0,0.0,0.0,0.0,0.0,0.0,0.0,0.0
experiment_763,0.0,0.0,0.0,0.0,0.0,0.0,0.0,0.0,0.0,0.0,0.0,0.0,0.0,0.0,0.0,0.0,0.0,0.0,0.0,0.0,0.0,0.0,0.0,0.0,0.0,0.0,0.0,0.0,0.0,0.0,0.0,0.0
experiment_764,0.0,0.0,0.0,0.0,0.0,0.0,0.0,0.0,0.0,0.0,0.0,0.0,0.0,0.0,0.0,0.0,0.0,0.0,0.0,0.0,0.0,0.0,0.0,0.0,0.0,0.0,0.0,0.0,0.0,0.0,0.0,0.0
experiment_765,0.0,0.0,0.0,0.0,0.0,0.0,0.0,0.0,0.0,0.0,0.0,0.0,0.0,0.0,0.0,0.0,0.0,0.0,0.0,0.0,0.0,0.0,0.0,0.0,0.0,0.0,0.0,0.0,0.0,0.0,0.0,0.0
experiment_766,0.0,0.0,0.0,0.0,0.0,0.0,0.0,0.0,0.0,0.0,0.0,0.0,0.0,0.0,0.0,0.0,0.0,0.0,0.0,0.0,0.0,0.0,0.0,0.0,0.0,0.0,0.0,0.0,0.0,0.0,0.0,0.0
experiment_767,0.0,0.0,0.0,0.0,0.0,0.0,0.0,0.0,0.0,0.0,0.0,0.0,0.0,0.0,0.0,0.0,0.0,0.0,0.0,0.0,0.0,0.0,0.0,0.0,0.0,0.0,0.0,0.0,0.0,0.0,0.0,0.0
experiment_768,0.0,0.0,0.0,0.0,0.0,0.0,0.0,0.0,0.0,0.0,0.0,0.0,0.0,0.0,0.0,0.0,0.0,0.0,0.0,0.0,0.0,0.0,0.0,0.0,0.0,0.0,0.0,0.0,0.0,0.0,0.0,0.0
experiment_769,0.0,0.0,0.0,0.0,0.0,0.0,0.0,0.0,0.0,0.0,0.0,0.0,0.0,0.0,0.0,0.0,0.0,0.0,0.0,0.0,0.0,0.0,0.0,0.0,0.0,0.0,0.0,0.0,0.0,0.0,0.0,0.0
experiment_770,0.0,0.0,0.0,0.0,0.0,0.0,0.0,0.0,0.0,0.0,0.0,0.0,0.0,0.0,0.0,0.0,0.0,0.0,0.0,0.0,0.0,0.0,0.0,0.0,0.0,0.0,0.0,0.0,0.0,0.0,0.0,0.0
experiment_771,0.0,0.0,0.0,0.0,0.0,0.0,0.0,0.0,0.0,0.0,0.0,0.0,0.0,0.0,0.0,0.0,0.0,0.0,0.0,0.0,0.0,0.0,0.0,0.0,0.0,0.0,0.0,0.0,0.0,0.0,0.0,0.0
experiment_772,0.0,0.0,0.0,0.0,0.0,0.0,0.0,0.0,0.0,0.0,0.0,0.0,0.0,0.0,0.0,0.0,0.0,0.0,0.0,0.0,0.0,0.0,0.0,0.0,0.0,0.0,0.0,0.0,0.0,0.0,0.0,0.0
experiment_773,0.0,0.0,0.0,0.0,0.0,0.0,0.0,0.0,0.0,0.0,0.0,0.0,0.0,0.0,0.0,0.0,0.0,0.0,0.0,0.0,0.0,0.0,0.0,0.0,0.0,0.0,0.0,0.0,0.0,0.0,0.0,0.0
experiment_774,0.0,0.0,0.0,0.0,0.0,0.0,0.0,0.0,0.0,0.0,0.0,0.0,0.0,0.0,0.0,0.0,0.0,0.0,0.0,0.0,0.0,0.0,0.0,0.0,0.0,0.0,0.0,0.0,0.0,0.0,0.0,0.0
experiment_775,0.0,0.0,0.0,0.0,0.0,0.0,0.0,0.0,0.0,0.0,0.0,0.0,0.0,0.0,0.0,0.0,0.0,0.0,0.0,0.0,0.0,0.0,0.0,0.0,0.0,0.0,0.0,0.0,0.0,0.0,0.0,0.0
experiment_776,0.0,0.0,0.0,0.0,0.0,0.0,0.0,0.0,0.0,0.0,0.0,0.0,0.0,0.0,0.0,0.0,0.0,0.0,0.0,0.0,0.0,0.0,0.0,0.0,0.0,0.0,0.0,0.0,0.0,0.0,0.0,0.0
experiment_777,0.0,0.0,0.0,0.0,0.0,0.0,0.0,0.0,0.0,0.0,0.0,0.0,0.0,0.0,0.0,0.0,0.0,0.0,0.0,0.0,0.0,0.0,0.0,0.0,0.0,0.0,0.0,0.0,0.0,0.0,0.0,0.0
experiment_778,0.0,0.0,0.0,0.0,0.0,0.0,0.0,0.0,0.0,0.0,0.0,0.0,0.0,0.0,0.0,0.0,0.0,0.0,0.0,0.0,0.0,0.0,0.0,0.0,0.0,0.0,0.0,0.0,0.0,0.0,0.0,0.0
experiment_779,0.0,0.0,0.0,0.0,0.0,0.0,0.0,0.0,0.0,0.0,0.0,0.0,0.0,0.0,0.0,0.0,0.0,0.0,0.0,0.0,0.0,0.0,0.0,0.0,0.0,0.0,0.0,0.0,0.0,0.0,0.0,0.0
experiment_780,0.0,0.0,0.0,0.0,0.0,0.0,0.0,0.0,0.0,0.0,0.0,0.0,0.0,0.0,0.0,0.0,0.0,0.0,0.0,0.0,0.0,0.0,0.0,0.0,0.0,0.0,0.0,0.0,0.0,0.0,0.0,0.0
experiment_781,0.0,0.0,0.0,0.0,0.0,0.0,0.0,0.0,0.0,0.0,0.0,0.0,0.0,0.0,0.0,0.0,0.0,0.0,0.0,0.0,0.0,0.0,0.0,0.0,0.0,0.0,0.0,0.0,0.0,0.0,0.0,0.0
experiment_782,0.0,0.0,0.0,0.0,0.0,0.0,0.0,0.0,0.0,0.0,0.0,0.0,0.0,0.0,0.0,0.0,0.0,0.0,0.0,0.0,0.0,0.0,0.0,0.0,0.0,0.0,0.0,0.0,0.0,0.0,0.0,0.0
experiment_783,0.0,0.0,0.0,0.0,0.0,0.0,0.0,0.0,0.0,0.0,0.0,0.0,0.0,0.0,0.0,0.0,0.0,0.0,0.0,0.0,0.0,0.0,0.0,0.0,0.0,0.0,0.0,0.0,0.0,0.0,0.0,0.0
experiment_784,0.0,0.0,0.0,0.0,0.0,0.0,0.0,0.0,0.0,0.0,0.0,0.0,0.0,0.0,0.0,0.0,0.0,0.0,0.0,0.0,0.0,0.0,0.0,0.0,0.0,0.0,0.0,0.0,0.0,0.0,0.0,0.0
experiment_785,0.0,0.0,0.0,0.0,0.0,0.0,0.0,0.0,0.0,0.0,0.0,0.0,0.0,0.0,0.0,0.0,0.0,0.0,0.0,0.0,0.0,0.0,0.0,0.0,0.0,0.0,0.0,0.0,0.0,0.0,0.0,0.0
experiment_786,0.0,0.0,0.0,0.0,0.0,0.0,0.0,0.0,0.0,0.0,0.0,0.0,0.0,0.0,0.0,0.0,0.0,0.0,0.0,0.0,0.0,0.0,0.0,0.0,0.0,0.0,0.0,0.0,0.0,0.0,0.0,0.0
experiment_787,0.0,0.0,0.0,0.0,0.0,0.0,0.0,0.0,0.0,0.0,0.0,0.0,0.0,0.0,0.0,0.0,0.0,0.0,0.0,0.0,0.0,0.0,0.0,0.0,0.0,0.0,0.0,0.0,0.0,0.0,0.0,0.0
experiment_788,0.0,0.0,0.0,0.0,0.0,0.0,0.0,0.0,0.0,0.0,0.0,0.0,0.0,0.0,0.0,0.0,0.0,0.0,0.0,0.0,0.0,0.0,0.0,0.0,0.0,0.0,0.0,0.0,0.0,0.0,0.0,0.0
experiment_789,0.0,0.0,0.0,0.0,0.0,0.0,0.0,0.0,0.0,0.0,0.0,0.0,0.0,0.0,0.0,0.0,0.0,0.0,0.0,0.0,0.0,0.0,0.0,0.0,0.0,0.0,0.0,0.0,0.0,0.0,0.0,0.0
experiment_790,0.0,0.0,0.0,0.0,0.0,0.0,0.0,0.0,0.0,0.0,0.0,0.0,0.0,0.0,0.0,0.0,0.0,0.0,0.0,0.0,0.0,0.0,0.0,0.0,0.0,0.0,0.0,0.0,0.0,0.0,0.0,0.0
experiment_791,0.0,0.0,0.0,0.0,0.0,0.0,0.0,0.0,0.0,0.0,0.0,0.0,0.0,0.0,0.0,0.0,0.0,0.0,0.0,0.0,0.0,0.0,0.0,0.0,0.0,0.0,0.0,0.0,0.0,0.0,0.0,0.0
experiment_792,0.0,0.0,0.0,0.0,0.0,0.0,0.0,0.0,0.0,0.0,0.0,0.0,0.0,0.0,0.0,0.0,0.0,0.0,0.0,0.0,0.0,0.0,0.0,0.0,0.0,0.0,0.0,0.0,0.0,0.0,0.0,0.0
experiment_793,0.0,0.0,0.0,0.0,0.0,0.0,0.0,0.0,0.0,0.0,0.0,0.0,0.0,0.0,0.0,0.0,0.0,0.0,0.0,0.0,0.0,0.0,0.0,0.0,0.0,0.0,0.0,0.0,0.0,0.0,0.0,0.0
experiment_794,0.0,0.0,0.0,0.0,0.0,0.0,0.0,0.0,0.0,0.0,0.0,0.0,0.0,0.0,0.0,0.0,0.0,0.0,0.0,0.0,0.0,0.0,0.0,0.0,0.0,0.0,0.0,0.0,0.0,0.0,0.0,0.0
experiment_795,0.0,0.0,0.0,0.0,0.0,0.0,0.0,0.0,0.0,0.0,0.0,0.0,0.0,0.0,0.0,0.0,0.0,0.0,0.0,0.0,0.0,0.0,0.0,0.0,0.0,0.0,0.0,0.0,0.0,0.0,0.0,0.0
experiment_796,0.0,0.0,0.0,0.0,0.0,0.0,0.0,0.0,0.0,0.0,0.0,0.0,0.0,0.0,0.0,0.0,0.0,0.0,0.0,0.0,0.0,0.0,0.0,0.0,0.0,0.0,0.0,0.0,0.0,0.0,0.0,0.0
experiment_797,0.0,0.0,0.0,0.0,0.0,0.0,0.0,0.0,0.0,0.0,0.0,0.0,0.0,0.0,0.0,0.0,0.0,0.0,0.0,0.0,0.0,0.0,0.0,0.0,0.0,0.0,0.0,0.0,0.0,0.0,0.0,0.0
experiment_798,0.0,0.0,0.0,0.0,0.0,0.0,0.0,0.0,0.0,0.0,0.0,0.0,0.0,0.0,0.0,0.0,0.0,0.0,0.0,0.0,0.0,0.0,0.0,0.0,0.0,0.0,0.0,0.0,0.0,0.0,0.0,0.0
experiment_799,0.0,0.0,0.0,0.0,0.0,0.0,0.0,0.0,0.0,0.0,0.0,0.0,0.0,0.0,0.0,0.0,0.0,0.0,0.0,0.0,0.0,0.0,0.0,0.0,0.0,0.0,0.0,0.0,0.0,0.0,0.0,0.0
experiment_800,0.0,0.0,0.0,0.0,0.0,0.0,0.0,0.0,0.0,0.0,0.0,0.0,0.0,0.0,0.0,0.0,0.0,0.0,0.0,0.0,0.0,0.0,0.0,0.0,0.0,0.0,0.0,0.0,0.0,0.0,0.0,0.0
experiment_801,0.0,0.0,0.0,0.0,0.0,0.0,0.0,0.0,0.0,0.0,0.0,0.0,0.0,0.0,0.0,0.0,0.0,0.0,0.0,0.0,0.0,0.0,0.0,0.0,0.0,0.0,0.0,0.0,0.0,0.0,0.0,0.0
experiment_802,0.0,0.0,0.0,0.0,0.0,0.0,0.0,0.0,0.0,0.0,0.0,0.0,0.0,0.0,0.0,0.0,0.0,0.0,0.0,0.0,0.0,0.0,0.0,0.0,0.0,0.0,0.0,0.0,0.0,0.0,0.0,0.0
experiment_803,0.0,0.0,0.0,0.0,0.0,0.0,0.0,0.0,0.0,0.0,0.0,0.0,0.0,0.0,0.0,0.0,0.0,0.0,0.0,0.0,0.0,0.0,0.0,0.0,0.0,0.0,0.0,0.0,0.0,0.0,0.0,0.0
experiment_804,0.0,0.0,0.0,0.0,0.0,0.0,0.0,0.0,0.0,0.0,0.0,0.0,0.0,0.0,0.0,0.0,0.0,0.0,0.0,0.0,0.0,0.0,0.0,0.0,0.0,0.0,0.0,0.0,0.0,0.0,0.0,0.0
experiment_805,0.0,0.0,0.0,0.0,0.0,0.0,0.0,0.0,0.0,0.0,0.0,0.0,0.0,0.0,0.0,0.0,0.0,0.0,0.0,0.0,0.0,0.0,0.0,0.0,0.0,0.0,0.0,0.0,0.0,0.0,0.0,0.0
experiment_806,0.0,0.0,0.0,0.0,0.0,0.0,0.0,0.0,0.0,0.0,0.0,0.0,0.0,0.0,0.0,0.0,0.0,0.0,0.0,0.0,0.0,0.0,0.0,0.0,0.0,0.0,0.0,0.0,0.0,0.0,0.0,0.0
experiment_807,0.0,0.0,0.0,0.0,0.0,0.0,0.0,0.0,0.0,0.0,0.0,0.0,0.0,0.0,0.0,0.0,0.0,0.0,0.0,0.0,0.0,0.0,0.0,0.0,0.0,0.0,0.0,0.0,0.0,0.0,0.0,0.0
experiment_808,0.0,0.0,0.0,0.0,0.0,0.0,0.0,0.0,0.0,0.0,0.0,0.0,0.0,0.0,0.0,0.0,0.0,0.0,0.0,0.0,0.0,0.0,0.0,0.0,0.0,0.0,0.0,0.0,0.0,0.0,0.0,0.0
experiment_809,0.0,0.0,0.0,0.0,0.0,0.0,0.0,0.0,0.0,0.0,0.0,0.0,0.0,0.0,0.0,0.0,0.0,0.0,0.0,0.0,0.0,0.0,0.0,0.0,0.0,0.0,0.0,0.0,0.0,0.0,0.0,0.0
experiment_810,0.0,0.0,0.0,0.0,0.0,0.0,0.0,0.0,0.0,0.0,0.0,0.0,0.0,0.0,0.0,0.0,0.0,0.0,0.0,0.0,0.0,0.0,0.0,0.0,0.0,0.0,0.0,0.0,0.0,0.0,0.0,0.0
experiment_811,0.0,0.0,0.0,0.0,0.0,0.0,0.0,0.0,0.0,0.0,0.0,0.0,0.0,0.0,0.0,0.0,0.0,0.0,0.0,0.0,0.0,0.0,0.0,0.0,0.0,0.0,0.0,0.0,0.0,0.0,0.0,0.0
experiment_812,0.0,0.0,0.0,0.0,0.0,0.0,0.0,0.0,0.0,0.0,0.0,0.0,0.0,0.0,0.0,0.0,0.0,0.0,0.0,0.0,0.0,0.0,0.0,0.0,0.0,0.0,0.0,0.0,0.0,0.0,0.0,0.0
experiment_813,0.0,0.0,0.0,0.0,0.0,0.0,0.0,0.0,0.0,0.0,0.0,0.0,0.0,0.0,0.0,0.0,0.0,0.0,0.0,0.0,0.0,0.0,0.0,0.0,0.0,0.0,0.0,0.0,0.0,0.0,0.0,0.0
experiment_814,0.0,0.0,0.0,0.0,0.0,0.0,0.0,0.0,0.0,0.0,0.0,0.0,0.0,0.0,0.0,0.0,0.0,0.0,0.0,0.0,0.0,0.0,0.0,0.0,0.0,0.0,0.0,0.0,0.0,0.0,0.0,0.0
experiment_815,0.0,0.0,0.0,0.0,0.0,0.0,0.0,0.0,0.0,0.0,0.0,0.0,0.0,0.0,0.0,0.0,0.0,0.0,0.0,0.0,0.0,0.0,0.0,0.0,0.0,0.0,0.0,0.0,0.0,0.0,0.0,0.0
experiment_816,0.0,0.0,0.0,0.0,0.0,0.0,0.0,0.0,0.0,0.0,0.0,0.0,0.0,0.0,0.0,0.0,0.0,0.0,0.0,0.0,0.0,0.0,0.0,0.0,0.0,0.0,0.0,0.0,0.0,0.0,0.0,0.0
experiment_817,0.0,0.0,0.0,0.0,0.0,0.0,0.0,0.0,0.0,0.0,0.0,0.0,0.0,0.0,0.0,0.0,0.0,0.0,0.0,0.0,0.0,0.0,0.0,0.0,0.0,0.0,0.0,0.0,0.0,0.0,0.0,0.0
experiment_818,0.0,0.0,0.0,0.0,0.0,0.0,0.0,0.0,0.0,0.0,0.0,0.0,0.0,0.0,0.0,0.0,0.0,0.0,0.0,0.0,0.0,0.0,0.0,0.0,0.0,0.0,0.0,0.0,0.0,0.0,0.0,0.0
experiment_819,0.0,0.0,0.0,0.0,0.0,0.0,0.0,0.0,0.0,0.0,0.0,0.0,0.0,0.0,0.0,0.0,0.0,0.0,0.0,0.0,0.0,0.0,0.0,0.0,0.0,0.0,0.0,0.0,0.0,0.0,0.0,0.0
experiment_820,0.0,0.0,0.0,0.0,0.0,0.0,0.0,0.0,0.0,0.0,0.0,0.0,0.0,0.0,0.0,0.0,0.0,0.0,0.0,0.0,0.0,0.0,0.0,0.0,0.0,0.0,0.0,0.0,0.0,0.0,0.0,0.0
experiment_821,0.0,0.0,0.0,0.0,0.0,0.0,0.0,0.0,0.0,0.0,0.0,0.0,0.0,0.0,0.0,0.0,0.0,0.0,0.0,0.0,0.0,0.0,0.0,0.0,0.0,0.0,0.0,0.0,0.0,0.0,0.0,0.0
experiment_822,0.0,0.0,0.0,0.0,0.0,0.0,0.0,0.0,0.0,0.0,0.0,0.0,0.0,0.0,0.0,0.0,0.0,0.0,0.0,0.0,0.0,0.0,0.0,0.0,0.0,0.0,0.0,0.0,0.0,0.0,0.0,0.0
experiment_823,0.0,0.0,0.0,0.0,0.0,0.0,0.0,0.0,0.0,0.0,0.0,0.0,0.0,0.0,0.0,0.0,0.0,0.0,0.0,0.0,0.0,0.0,0.0,0.0,0.0,0.0,0.0,0.0,0.0,0.0,0.0,0.0
experiment_824,0.0,0.0,0.0,0.0,0.0,0.0,0.0,0.0,0.0,0.0,0.0,0.0,0.0,0.0,0.0,0.0,0.0,0.0,0.0,0.0,0.0,0.0,0.0,0.0,0.0,0.0,0.0,0.0,0.0,0.0,0.0,0.0
experiment_825,0.0,0.0,0.0,0.0,0.0,0.0,0.0,0.0,0.0,0.0,0.0,0.0,0.0,0.0,0.0,0.0,0.0,0.0,0.0,0.0,0.0,0.0,0.0,0.0,0.0,0.0,0.0,0.0,0.0,0.0,0.0,0.0
experiment_826,0.0,0.0,0.0,0.0,0.0,0.0,0.0,0.0,0.0,0.0,0.0,0.0,0.0,0.0,0.0,0.0,0.0,0.0,0.0,0.0,0.0,0.0,0.0,0.0,0.0,0.0,0.0,0.0,0.0,0.0,0.0,0.0
experiment_827,0.0,0.0,0.0,0.0,0.0,0.0,0.0,0.0,0.0,0.0,0.0,0.0,0.0,0.0,0.0,0.0,0.0,0.0,0.0,0.0,0.0,0.0,0.0,0.0,0.0,0.0,0.0,0.0,0.0,0.0,0.0,0.0
experiment_828,0.0,0.0,0.0,0.0,0.0,0.0,0.0,0.0,0.0,0.0,0.0,0.0,0.0,0.0,0.0,0.0,0.0,0.0,0.0,0.0,0.0,0.0,0.0,0.0,0.0,0.0,0.0,0.0,0.0,0.0,0.0,0.0
experiment_829,0.0,0.0,0.0,0.0,0.0,0.0,0.0,0.0,0.0,0.0,0.0,0.0,0.0,0.0,0.0,0.0,0.0,0.0,0.0,0.0,0.0,0.0,0.0,0.0,0.0,0.0,0.0,0.0,0.0,0.0,0.0,0.0
experiment_830,0.0,0.0,0.0,0.0,0.0,0.0,0.0,0.0,0.0,0.0,0.0,0.0,0.0,0.0,0.0,0.0,0.0,0.0,0.0,0.0,0.0,0.0,0.0,0.0,0.0,0.0,0.0,0.0,0.0,0.0,0.0,0.0
experiment_831,0.0,0.0,0.0,0.0,0.0,0.0,0.0,0.0,0.0,0.0,0.0,0.0,0.0,0.0,0.0,0.0,0.0,0.0,0.0,0.0,0.0,0.0,0.0,0.0,0.0,0.0,0.0,0.0,0.0,0.0,0.0,0.0
experiment_832,0.0,0.0,0.0,0.0,0.0,0.0,0.0,0.0,0.0,0.0,0.0,0.0,0.0,0.0,0.0,0.0,0.0,0.0,0.0,0.0,0.0,0.0,0.0,0.0,0.0,0.0,0.0,0.0,0.0,0.0,0.0,0.0
experiment_833,0.0,0.0,0.0,0.0,0.0,0.0,0.0,0.0,0.0,0.0,0.0,0.0,0.0,0.0,0.0,0.0,0.0,0.0,0.0,0.0,0.0,0.0,0.0,0.0,0.0,0.0,0.0,0.0,0.0,0.0,0.0,0.0
experiment_834,0.0,0.0,0.0,0.0,0.0,0.0,0.0,0.0,0.0,0.0,0.0,0.0,0.0,0.0,0.0,0.0,0.0,0.0,0.0,0.0,0.0,0.0,0.0,0.0,0.0,0.0,0.0,0.0,0.0,0.0,0.0,0.0
experiment_835,0.0,0.0,0.0,0.0,0.0,0.0,0.0,0.0,0.0,0.0,0.0,0.0,0.0,0.0,0.0,0.0,0.0,0.0,0.0,0.0,0.0,0.0,0.0,0.0,0.0,0.0,0.0,0.0,0.0,0.0,0.0,0.0
experiment_836,0.0,0.0,0.0,0.0,0.0,0.0,0.0,0.0,0.0,0.0,0.0,0.0,0.0,0.0,0.0,0.0,0.0,0.0,0.0,0.0,0.0,0.0,0.0,0.0,0.0,0.0,0.0,0.0,0.0,0.0,0.0,0.0
experiment_837,0.0,0.0,0.0,0.0,0.0,0.0,0.0,0.0,0.0,0.0,0.0,0.0,0.0,0.0,0.0,0.0,0.0,0.0,0.0,0.0,0.0,0.0,0.0,0.0,0.0,0.0,0.0,0.0,0.0,0.0,0.0,0.0
experiment_838,0.0,0.0,0.0,0.0,0.0,0.0,0.0,0.0,0.0,0.0,0.0,0.0,0.0,0.0,0.0,0.0,0.0,0.0,0.0,0.0,0.0,0.0,0.0,0.0,0.0,0.0,0.0,0.0,0.0,0.0,0.0,0.0
experiment_839,0.0,0.0,0.0,0.0,0.0,0.0,0.0,0.0,0.0,0.0,0.0,0.0,0.0,0.0,0.0,0.0,0.0,0.0,0.0,0.0,0.0,0.0,0.0,0.0,0.0,0.0,0.0,0.0,0.0,0.0,0.0,0.0
experiment_840,0.0,0.0,0.0,0.0,0.0,0.0,0.0,0.0,0.0,0.0,0.0,0.0,0.0,0.0,0.0,0.0,0.0,0.0,0.0,0.0,0.0,0.0,0.0,0.0,0.0,0.0,0.0,0.0,0.0,0.0,0.0,0.0
experiment_841,0.0,0.0,0.0,0.0,0.0,0.0,0.0,0.0,0.0,0.0,0.0,0.0,0.0,0.0,0.0,0.0,0.0,0.0,0.0,0.0,0.0,0.0,0.0,0.0,0.0,0.0,0.0,0.0,0.0,0.0,0.0,0.0
experiment_842,0.0,0.0,0.0,0.0,0.0,0.0,0.0,0.0,0.0,0.0,0.0,0.0,0.0,0.0,0.0,0.0,0.0,0.0,0.0,0.0,0.0,0.0,0.0,0.0,0.0,0.0,0.0,0.0,0.0,0.0,0.0,0.0
experiment_843,0.0,0.0,0.0,0.0,0.0,0.0,0.0,0.0,0.0,0.0,0.0,0.0,0.0,0.0,0.0,0.0,0.0,0.0,0.0,0.0,0.0,0.0,0.0,0.0,0.0,0.0,0.0,0.0,0.0,0.0,0.0,0.0
experiment_844,0.0,0.0,0.0,0.0,0.0,0.0,0.0,0.0,0.0,0.0,0.0,0.0,0.0,0.0,0.0,0.0,0.0,0.0,0.0,0.0,0.0,0.0,0.0,0.0,0.0,0.0,0.0,0.0,0.0,0.0,0.0,0.0
experiment_845,0.0,0.0,0.0,0.0,0.0,0.0,0.0,0.0,0.0,0.0,0.0,0.0,0.0,0.0,0.0,0.0,0.0,0.0,0.0,0.0,0.0,0.0,0.0,0.0,0.0,0.0,0.0,0.0,0.0,0.0,0.0,0.0
experiment_846,0.0,0.0,0.0,0.0,0.0,0.0,0.0,0.0,0.0,0.0,0.0,0.0,0.0,0.0,0.0,0.0,0.0,0.0,0.0,0.0,0.0,0.0,0.0,0.0,0.0,0.0,0.0,0.0,0.0,0.0,0.0,0.0
experiment_847,0.0,0.0,0.0,0.0,0.0,0.0,0.0,0.0,0.0,0.0,0.0,0.0,0.0,0.0,0.0,0.0,0.0,0.0,0.0,0.0,0.0,0.0,0.0,0.0,0.0,0.0,0.0,0.0,0.0,0.0,0.0,0.0
experiment_848,0.0,0.0,0.0,0.0,0.0,0.0,0.0,0.0,0.0,0.0,0.0,0.0,0.0,0.0,0.0,0.0,0.0,0.0,0.0,0.0,0.0,0.0,0.0,0.0,0.0,0.0,0.0,0.0,0.0,0.0,0.0,0.0
experiment_849,0.0,0.0,0.0,0.0,0.0,0.0,0.0,0.0,0.0,0.0,0.0,0.0,0.0,0.0,0.0,0.0,0.0,0.0,0.0,0.0,0.0,0.0,0.0,0.0,0.0,0.0,0.0,0.0,0.0,0.0,0.0,0.0
experiment_850,0.0,0.0,0.0,0.0,0.0,0.0,0.0,0.0,0.0,0.0,0.0,0.0,0.0,0.0,0.0,0.0,0.0,0.0,0.0,0.0,0.0,0.0,0.0,0.0,0.0,0.0,0.0,0.0,0.0,0.0,0.0,0.0
experiment_851,0.0,0.0,0.0,0.0,0.0,0.0,0.0,0.0,0.0,0.0,0.0,0.0,0.0,0.0,0.0,0.0,0.0,0.0,0.0,0.0,0.0,0.0,0.0,0.0,0.0,0.0,0.0,0.0,0.0,0.0,0.0,0.0
experiment_852,0.0,0.0,0.0,0.0,0.0,0.0,0.0,0.0,0.0,0.0,0.0,0.0,0.0,0.0,0.0,0.0,0.0,0.0,0.0,0.0,0.0,0.0,0.0,0.0,0.0,0.0,0.0,0.0,0.0,0.0,0.0,0.0
experiment_853,0.0,0.0,0.0,0.0,0.0,0.0,0.0,0.0,0.0,0.0,0.0,0.0,0.0,0.0,0.0,0.0,0.0,0.0,0.0,0.0,0.0,0.0,0.0,0.0,0.0,0.0,0.0,0.0,0.0,0.0,0.0,0.0
experiment_854,0.0,0.0,0.0,0.0,0.0,0.0,0.0,0.0,0.0,0.0,0.0,0.0,0.0,0.0,0.0,0.0,0.0,0.0,0.0,0.0,0.0,0.0,0.0,0.0,0.0,0.0,0.0,0.0,0.0,0.0,0.0,0.0
experiment_855,0.0,0.0,0.0,0.0,0.0,0.0,0.0,0.0,0.0,0.0,0.0,0.0,0.0,0.0,0.0,0.0,0.0,0.0,0.0,0.0,0.0,0.0,0.0,0.0,0.0,0.0,0.0,0.0,0.0,0.0,0.0,0.0
experiment_856,0.0,0.0,0.0,0.0,0.0,0.0,0.0,0.0,0.0,0.0,0.0,0.0,0.0,0.0,0.0,0.0,0.0,0.0,0.0,0.0,0.0,0.0,0.0,0.0,0.0,0.0,0.0,0.0,0.0,0.0,0.0,0.0
experiment_858,0.0,0.0,0.0,0.0,0.0,0.0,0.0,0.0,0.0,0.0,0.0,0.0,0.0,0.0,0.0,0.0,0.0,0.0,0.0,0.0,0.0,0.0,0.0,0.0,0.0,0.0,0.0,0.0,0.0,0.0,0.0,0.0
experiment_859,0.0,0.0,0.0,0.0,0.0,0.0,0.0,0.0,0.0,0.0,0.0,0.0,0.0,0.0,0.0,0.0,0.0,0.0,0.0,0.0,0.0,0.0,0.0,0.0,0.0,0.0,0.0,0.0,0.0,0.0,0.0,0.0
experiment_860,0.0,0.0,0.0,0.0,0.0,0.0,0.0,0.0,0.0,0.0,0.0,0.0,0.0,0.0,0.0,0.0,0.0,0.0,0.0,0.0,0.0,0.0,0.0,0.0,0.0,0.0,0.0,0.0,0.0,0.0,0.0,0.0
experiment_861,0.0,0.0,0.0,0.0,0.0,0.0,0.0,0.0,0.0,0.0,0.0,0.0,0.0,0.0,0.0,0.0,0.0,0.0,0.0,0.0,0.0,0.0,0.0,0.0,0.0,0.0,0.0,0.0,0.0,0.0,0.0,0.0
experiment_862,0.0,0.0,0.0,0.0,0.0,0.0,0.0,0.0,0.0,0.0,0.0,0.0,0.0,0.0,0.0,0.0,0.0,0.0,0.0,0.0,0.0,0.0,0.0,0.0,0.0,0.0,0.0,0.0,0.0,0.0,0.0,0.0
experiment_863,0.0,0.0,0.0,0.0,0.0,0.0,0.0,0.0,0.0,0.0,0.0,0.0,0.0,0.0,0.0,0.0,0.0,0.0,0.0,0.0,0.0,0.0,0.0,0.0,0.0,0.0,0.0,0.0,0.0,0.0,0.0,0.0
experiment_864,0.0,0.0,0.0,0.0,0.0,0.0,0.0,0.0,0.0,0.0,0.0,0.0,0.0,0.0,0.0,0.0,0.0,0.0,0.0,0.0,0.0,0.0,0.0,0.0,0.0,0.0,0.0,0.0,0.0,0.0,0.0,0.0
experiment_865,0.0,0.0,0.0,0.0,0.0,0.0,0.0,0.0,0.0,0.0,0.0,0.0,0.0,0.0,0.0,0.0,0.0,0.0,0.0,0.0,0.0,0.0,0.0,0.0,0.0,0.0,0.0,0.0,0.0,0.0,0.0,0.0
experiment_866,0.0,0.0,0.0,0.0,0.0,0.0,0.0,0.0,0.0,0.0,0.0,0.0,0.0,0.0,0.0,0.0,0.0,0.0,0.0,0.0,0.0,0.0,0.0,0.0,0.0,0.0,0.0,0.0,0.0,0.0,0.0,0.0
experiment_867,0.0,0.0,0.0,0.0,0.0,0.0,0.0,0.0,0.0,0.0,0.0,0.0,0.0,0.0,0.0,0.0,0.0,0.0,0.0,0.0,0.0,0.0,0.0,0.0,0.0,0.0,0.0,0.0,0.0,0.0,0.0,0.0
experiment_868,0.0,0.0,0.0,0.0,0.0,0.0,0.0,0.0,0.0,0.0,0.0,0.0,0.0,0.0,0.0,0.0,0.0,0.0,0.0,0.0,0.0,0.0,0.0,0.0,0.0,0.0,0.0,0.0,0.0,0.0,0.0,0.0
experiment_869,0.0,0.0,0.0,0.0,0.0,0.0,0.0,0.0,0.0,0.0,0.0,0.0,0.0,0.0,0.0,0.0,0.0,0.0,0.0,0.0,0.0,0.0,0.0,0.0,0.0,0.0,0.0,0.0,0.0,0.0,0.0,0.0
experiment_870,0.0,0.0,0.0,0.0,0.0,0.0,0.0,0.0,0.0,0.0,0.0,0.0,0.0,0.0,0.0,0.0,0.0,0.0,0.0,0.0,0.0,0.0,0.0,0.0,0.0,0.0,0.0,0.0,0.0,0.0,0.0,0.0
experiment_871,0.0,0.0,0.0,0.0,0.0,0.0,0.0,0.0,0.0,0.0,0.0,0.0,0.0,0.0,0.0,0.0,0.0,0.0,0.0,0.0,0.0,0.0,0.0,0.0,0.0,0.0,0.0,0.0,0.0,0.0,0.0,0.0
experiment_872,0.0,0.0,0.0,0.0,0.0,0.0,0.0,0.0,0.0,0.0,0.0,0.0,0.0,0.0,0.0,0.0,0.0,0.0,0.0,0.0,0.0,0.0,0.0,0.0,0.0,0.0,0.0,0.0,0.0,0.0,0.0,0.0
experiment_873,0.0,0.0,0.0,0.0,0.0,0.0,0.0,0.0,0.0,0.0,0.0,0.0,0.0,0.0,0.0,0.0,0.0,0.0,0.0,0.0,0.0,0.0,0.0,0.0,0.0,0.0,0.0,0.0,0.0,0.0,0.0,0.0
experiment_874,0.0,0.0,0.0,0.0,0.0,0.0,0.0,0.0,0.0,0.0,0.0,0.0,0.0,0.0,0.0,0.0,0.0,0.0,0.0,0.0,0.0,0.0,0.0,0.0,0.0,0.0,0.0,0.0,0.0,0.0,0.0,0.0
experiment_875,0.0,0.0,0.0,0.0,0.0,0.0,0.0,0.0,0.0,0.0,0.0,0.0,0.0,0.0,0.0,0.0,0.0,0.0,0.0,0.0,0.0,0.0,0.0,0.0,0.0,0.0,0.0,0.0,0.0,0.0,0.0,0.0
experiment_876,0.0,0.0,0.0,0.0,0.0,0.0,0.0,0.0,0.0,0.0,0.0,0.0,0.0,0.0,0.0,0.0,0.0,0.0,0.0,0.0,0.0,0.0,0.0,0.0,0.0,0.0,0.0,0.0,0.0,0.0,0.0,0.0
experiment_877,0.0,0.0,0.0,0.0,0.0,0.0,0.0,0.0,0.0,0.0,0.0,0.0,0.0,0.0,0.0,0.0,0.0,0.0,0.0,0.0,0.0,0.0,0.0,0.0,0.0,0.0,0.0,0.0,0.0,0.0,0.0,0.0
experiment_878,0.0,0.0,0.0,0.0,0.0,0.0,0.0,0.0,0.0,0.0,0.0,0.0,0.0,0.0,0.0,0.0,0.0,0.0,0.0,0.0,0.0,0.0,0.0,0.0,0.0,0.0,0.0,0.0,0.0,0.0,0.0,0.0
experiment_879,0.0,0.0,0.0,0.0,0.0,0.0,0.0,0.0,0.0,0.0,0.0,0.0,0.0,0.0,0.0,0.0,0.0,0.0,0.0,0.0,0.0,0.0,0.0,0.0,0.0,0.0,0.0,0.0,0.0,0.0,0.0,0.0
experiment_880,0.0,0.0,0.0,0.0,0.0,0.0,0.0,0.0,0.0,0.0,0.0,0.0,0.0,0.0,0.0,0.0,0.0,0.0,0.0,0.0,0.0,0.0,0.0,0.0,0.0,0.0,0.0,0.0,0.0,0.0,0.0,0.0
experiment_881,0.0,0.0,0.0,0.0,0.0,0.0,0.0,0.0,0.0,0.0,0.0,0.0,0.0,0.0,0.0,0.0,0.0,0.0,0.0,0.0,0.0,0.0,0.0,0.0,0.0,0.0,0.0,0.0,0.0,0.0,0.0,0.0
experiment_882,0.0,0.0,0.0,0.0,0.0,0.0,0.0,0.0,0.0,0.0,0.0,0.0,0.0,0.0,0.0,0.0,0.0,0.0,0.0,0.0,0.0,0.0,0.0,0.0,0.0,0.0,0.0,0.0,0.0,0.0,0.0,0.0
experiment_883,0.0,0.0,0.0,0.0,0.0,0.0,0.0,0.0,0.0,0.0,0.0,0.0,0.0,0.0,0.0,0.0,0.0,0.0,0.0,0.0,0.0,0.0,0.0,0.0,0.0,0.0,0.0,0.0,0.0,0.0,0.0,0.0
experiment_884,0.0,0.0,0.0,0.0,0.0,0.0,0.0,0.0,0.0,0.0,0.0,0.0,0.0,0.0,0.0,0.0,0.0,0.0,0.0,0.0,0.0,0.0,0.0,0.0,0.0,0.0,0.0,0.0,0.0,0.0,0.0,0.0
experiment_885,0.0,0.0,0.0,0.0,0.0,0.0,0.0,0.0,0.0,0.0,0.0,0.0,0.0,0.0,0.0,0.0,0.0,0.0,0.0,0.0,0.0,0.0,0.0,0.0,0.0,0.0,0.0,0.0,0.0,0.0,0.0,0.0
experiment_886,0.0,0.0,0.0,0.0,0.0,0.0,0.0,0.0,0.0,0.0,0.0,0.0,0.0,0.0,0.0,0.0,0.0,0.0,0.0,0.0,0.0,0.0,0.0,0.0,0.0,0.0,0.0,0.0,0.0,0.0,0.0,0.0
experiment_887,0.0,0.0,0.0,0.0,0.0,0.0,0.0,0.0,0.0,0.0,0.0,0.0,0.0,0.0,0.0,0.0,0.0,0.0,0.0,0.0,0.0,0.0,0.0,0.0,0.0,0.0,0.0,0.0,0.0,0.0,0.0,0.0
experiment_888,0.0,0.0,0.0,0.0,0.0,0.0,0.0,0.0,0.0,0.0,0.0,0.0,0.0,0.0,0.0,0.0,0.0,0.0,0.0,0.0,0.0,0.0,0.0,0.0,0.0,0.0,0.0,0.0,0.0,0.0,0.0,0.0
experiment_889,0.0,0.0,0.0,0.0,0.0,0.0,0.0,0.0,0.0,0.0,0.0,0.0,0.0,0.0,0.0,0.0,0.0,0.0,0.0,0.0,0.0,0.0,0.0,0.0,0.0,0.0,0.0,0.0,0.0,0.0,0.0,0.0
experiment_890,0.0,0.0,0.0,0.0,0.0,0.0,0.0,0.0,0.0,0.0,0.0,0.0,0.0,0.0,0.0,0.0,0.0,0.0,0.0,0.0,0.0,0.0,0.0,0.0,0.0,0.0,0.0,0.0,0.0,0.0,0.0,0.0
experiment_891,0.0,0.0,0.0,0.0,0.0,0.0,0.0,0.0,0.0,0.0,0.0,0.0,0.0,0.0,0.0,0.0,0.0,0.0,0.0,0.0,0.0,0.0,0.0,0.0,0.0,0.0,0.0,0.0,0.0,0.0,0.0,0.0
experiment_892,0.0,0.0,0.0,0.0,0.0,0.0,0.0,0.0,0.0,0.0,0.0,0.0,0.0,0.0,0.0,0.0,0.0,0.0,0.0,0.0,0.0,0.0,0.0,0.0,0.0,0.0,0.0,0.0,0.0,0.0,0.0,0.0
experiment_893,0.0,0.0,0.0,0.0,0.0,0.0,0.0,0.0,0.0,0.0,0.0,0.0,0.0,0.0,0.0,0.0,0.0,0.0,0.0,0.0,0.0,0.0,0.0,0.0,0.0,0.0,0.0,0.0,0.0,0.0,0.0,0.0
experiment_894,0.0,0.0,0.0,0.0,0.0,0.0,0.0,0.0,0.0,0.0,0.0,0.0,0.0,0.0,0.0,0.0,0.0,0.0,0.0,0.0,0.0,0.0,0.0,0.0,0.0,0.0,0.0,0.0,0.0,0.0,0.0,0.0
experiment_895,0.0,0.0,0.0,0.0,0.0,0.0,0.0,0.0,0.0,0.0,0.0,0.0,0.0,0.0,0.0,0.0,0.0,0.0,0.0,0.0,0.0,0.0,0.0,0.0,0.0,0.0,0.0,0.0,0.0,0.0,0.0,0.0
experiment_896,0.0,0.0,0.0,0.0,0.0,0.0,0.0,0.0,0.0,0.0,0.0,0.0,0.0,0.0,0.0,0.0,0.0,0.0,0.0,0.0,0.0,0.0,0.0,0.0,0.0,0.0,0.0,0.0,0.0,0.0,0.0,0.0
experiment_897,0.0,0.0,0.0,0.0,0.0,0.0,0.0,0.0,0.0,0.0,0.0,0.0,0.0,0.0,0.0,0.0,0.0,0.0,0.0,0.0,0.0,0.0,0.0,0.0,0.0,0.0,0.0,0.0,0.0,0.0,0.0,0.0
experiment_898,0.0,0.0,0.0,0.0,0.0,0.0,0.0,0.0,0.0,0.0,0.0,0.0,0.0,0.0,0.0,0.0,0.0,0.0,0.0,0.0,0.0,0.0,0.0,0.0,0.0,0.0,0.0,0.0,0.0,0.0,0.0,0.0
experiment_899,0.0,0.0,0.0,0.0,0.0,0.0,0.0,0.0,0.0,0.0,0.0,0.0,0.0,0.0,0.0,0.0,0.0,0.0,0.0,0.0,0.0,0.0,0.0,0.0,0.0,0.0,0.0,0.0,0.0,0.0,0.0,0.0
experiment_900,0.0,0.0,0.0,0.0,0.0,0.0,0.0,0.0,0.0,0.0,0.0,0.0,0.0,0.0,0.0,0.0,0.0,0.0,0.0,0.0,0.0,0.0,0.0,0.0,0.0,0.0,0.0,0.0,0.0,0.0,0.0,0.0
experiment_901,0.0,0.0,0.0,0.0,0.0,0.0,0.0,0.0,0.0,0.0,0.0,0.0,0.0,0.0,0.0,0.0,0.0,0.0,0.0,0.0,0.0,0.0,0.0,0.0,0.0,0.0,0.0,0.0,0.0,0.0,0.0,0.0
experiment_902,0.0,0.0,0.0,0.0,0.0,0.0,0.0,0.0,0.0,0.0,0.0,0.0,0.0,0.0,0.0,0.0,0.0,0.0,0.0,0.0,0.0,0.0,0.0,0.0,0.0,0.0,0.0,0.0,0.0,0.0,0.0,0.0
experiment_903,0.0,0.0,0.0,0.0,0.0,0.0,0.0,0.0,0.0,0.0,0.0,0.0,0.0,0.0,0.0,0.0,0.0,0.0,0.0,0.0,0.0,0.0,0.0,0.0,0.0,0.0,0.0,0.0,0.0,0.0,0.0,0.0
experiment_904,0.0,0.0,0.0,0.0,0.0,0.0,0.0,0.0,0.0,0.0,0.0,0.0,0.0,0.0,0.0,0.0,0.0,0.0,0.0,0.0,0.0,0.0,0.0,0.0,0.0,0.0,0.0,0.0,0.0,0.0,0.0,0.0
experiment_905,0.0,0.0,0.0,0.0,0.0,0.0,0.0,0.0,0.0,0.0,0.0,0.0,0.0,0.0,0.0,0.0,0.0,0.0,0.0,0.0,0.0,0.0,0.0,0.0,0.0,0.0,0.0,0.0,0.0,0.0,0.0,0.0
experiment_906,0.0,0.0,0.0,0.0,0.0,0.0,0.0,0.0,0.0,0.0,0.0,0.0,0.0,0.0,0.0,0.0,0.0,0.0,0.0,0.0,0.0,0.0,0.0,0.0,0.0,0.0,0.0,0.0,0.0,0.0,0.0,0.0
experiment_907,0.0,0.0,0.0,0.0,0.0,0.0,0.0,0.0,0.0,0.0,0.0,0.0,0.0,0.0,0.0,0.0,0.0,0.0,0.0,0.0,0.0,0.0,0.0,0.0,0.0,0.0,0.0,0.0,0.0,0.0,0.0,0.0
experiment_908,0.0,0.0,0.0,0.0,0.0,0.0,0.0,0.0,0.0,0.0,0.0,0.0,0.0,0.0,0.0,0.0,0.0,0.0,0.0,0.0,0.0,0.0,0.0,0.0,0.0,0.0,0.0,0.0,0.0,0.0,0.0,0.0
experiment_909,0.0,0.0,0.0,0.0,0.0,0.0,0.0,0.0,0.0,0.0,0.0,0.0,0.0,0.0,0.0,0.0,0.0,0.0,0.0,0.0,0.0,0.0,0.0,0.0,0.0,0.0,0.0,0.0,0.0,0.0,0.0,0.0
experiment_910,0.0,0.0,0.0,0.0,0.0,0.0,0.0,0.0,0.0,0.0,0.0,0.0,0.0,0.0,0.0,0.0,0.0,0.0,0.0,0.0,0.0,0.0,0.0,0.0,0.0,0.0,0.0,0.0,0.0,0.0,0.0,0.0
experiment_911,0.0,0.0,0.0,0.0,0.0,0.0,0.0,0.0,0.0,0.0,0.0,0.0,0.0,0.0,0.0,0.0,0.0,0.0,0.0,0.0,0.0,0.0,0.0,0.0,0.0,0.0,0.0,0.0,0.0,0.0,0.0,0.0
experiment_912,0.0,0.0,0.0,0.0,0.0,0.0,0.0,0.0,0.0,0.0,0.0,0.0,0.0,0.0,0.0,0.0,0.0,0.0,0.0,0.0,0.0,0.0,0.0,0.0,0.0,0.0,0.0,0.0,0.0,0.0,0.0,0.0
experiment_913,0.0,0.0,0.0,0.0,0.0,0.0,0.0,0.0,0.0,0.0,0.0,0.0,0.0,0.0,0.0,0.0,0.0,0.0,0.0,0.0,0.0,0.0,0.0,0.0,0.0,0.0,0.0,0.0,0.0,0.0,0.0,0.0
experiment_914,0.0,0.0,0.0,0.0,0.0,0.0,0.0,0.0,0.0,0.0,0.0,0.0,0.0,0.0,0.0,0.0,0.0,0.0,0.0,0.0,0.0,0.0,0.0,0.0,0.0,0.0,0.0,0.0,0.0,0.0,0.0,0.0
experiment_915,0.0,0.0,0.0,0.0,0.0,0.0,0.0,0.0,0.0,0.0,0.0,0.0,0.0,0.0,0.0,0.0,0.0,0.0,0.0,0.0,0.0,0.0,0.0,0.0,0.0,0.0,0.0,0.0,0.0,0.0,0.0,0.0
experiment_916,0.0,0.0,0.0,0.0,0.0,0.0,0.0,0.0,0.0,0.0,0.0,0.0,0.0,0.0,0.0,0.0,0.0,0.0,0.0,0.0,0.0,0.0,0.0,0.0,0.0,0.0,0.0,0.0,0.0,0.0,0.0,0.0
experiment_917,0.0,0.0,0.0,0.0,0.0,0.0,0.0,0.0,0.0,0.0,0.0,0.0,0.0,0.0,0.0,0.0,0.0,0.0,0.0,0.0,0.0,0.0,0.0,0.0,0.0,0.0,0.0,0.0,0.0,0.0,0.0,0.0
experiment_918,0.0,0.0,0.0,0.0,0.0,0.0,0.0,0.0,0.0,0.0,0.0,0.0,0.0,0.0,0.0,0.0,0.0,0.0,0.0,0.0,0.0,0.0,0.0,0.0,0.0,0.0,0.0,0.0,0.0,0.0,0.0,0.0
experiment_919,0.0,0.0,0.0,0.0,0.0,0.0,0.0,0.0,0.0,0.0,0.0,0.0,0.0,0.0,0.0,0.0,0.0,0.0,0.0,0.0,0.0,0.0,0.0,0.0,0.0,0.0,0.0,0.0,0.0,0.0,0.0,0.0
experiment_920,0.0,0.0,0.0,0.0,0.0,0.0,0.0,0.0,0.0,0.0,0.0,0.0,0.0,0.0,0.0,0.0,0.0,0.0,0.0,0.0,0.0,0.0,0.0,0.0,0.0,0.0,0.0,0.0,0.0,0.0,0.0,0.0
experiment_921,0.0,0.0,0.0,0.0,0.0,0.0,0.0,0.0,0.0,0.0,0.0,0.0,0.0,0.0,0.0,0.0,0.0,0.0,0.0,0.0,0.0,0.0,0.0,0.0,0.0,0.0,0.0,0.0,0.0,0.0,0.0,0.0
experiment_922,0.0,0.0,0.0,0.0,0.0,0.0,0.0,0.0,0.0,0.0,0.0,0.0,0.0,0.0,0.0,0.0,0.0,0.0,0.0,0.0,0.0,0.0,0.0,0.0,0.0,0.0,0.0,0.0,0.0,0.0,0.0,0.0
experiment_923,0.0,0.0,0.0,0.0,0.0,0.0,0.0,0.0,0.0,0.0,0.0,0.0,0.0,0.0,0.0,0.0,0.0,0.0,0.0,0.0,0.0,0.0,0.0,0.0,0.0,0.0,0.0,0.0,0.0,0.0,0.0,0.0
experiment_924,0.0,0.0,0.0,0.0,0.0,0.0,0.0,0.0,0.0,0.0,0.0,0.0,0.0,0.0,0.0,0.0,0.0,0.0,0.0,0.0,0.0,0.0,0.0,0.0,0.0,0.0,0.0,0.0,0.0,0.0,0.0,0.0
experiment_925,0.0,0.0,0.0,0.0,0.0,0.0,0.0,0.0,0.0,0.0,0.0,0.0,0.0,0.0,0.0,0.0,0.0,0.0,0.0,0.0,0.0,0.0,0.0,0.0,0.0,0.0,0.0,0.0,0.0,0.0,0.0,0.0
experiment_926,0.0,0.0,0.0,0.0,0.0,0.0,0.0,0.0,0.0,0.0,0.0,0.0,0.0,0.0,0.0,0.0,0.0,0.0,0.0,0.0,0.0,0.0,0.0,0.0,0.0,0.0,0.0,0.0,0.0,0.0,0.0,0.0
experiment_927,0.0,0.0,0.0,0.0,0.0,0.0,0.0,0.0,0.0,0.0,0.0,0.0,0.0,0.0,0.0,0.0,0.0,0.0,0.0,0.0,0.0,0.0,0.0,0.0,0.0,0.0,0.0,0.0,0.0,0.0,0.0,0.0
experiment_928,0.0,0.0,0.0,0.0,0.0,0.0,0.0,0.0,0.0,0.0,0.0,0.0,0.0,0.0,0.0,0.0,0.0,0.0,0.0,0.0,0.0,0.0,0.0,0.0,0.0,0.0,0.0,0.0,0.0,0.0,0.0,0.0
experiment_929,0.0,0.0,0.0,0.0,0.0,0.0,0.0,0.0,0.0,0.0,0.0,0.0,0.0,0.0,0.0,0.0,0.0,0.0,0.0,0.0,0.0,0.0,0.0,0.0,0.0,0.0,0.0,0.0,0.0,0.0,0.0,0.0
experiment_930,0.0,0.0,0.0,0.0,0.0,0.0,0.0,0.0,0.0,0.0,0.0,0.0,0.0,0.0,0.0,0.0,0.0,0.0,0.0,0.0,0.0,0.0,0.0,0.0,0.0,0.0,0.0,0.0,0.0,0.0,0.0,0.0
experiment_931,0.0,0.0,0.0,0.0,0.0,0.0,0.0,0.0,0.0,0.0,0.0,0.0,0.0,0.0,0.0,0.0,0.0,0.0,0.0,0.0,0.0,0.0,0.0,0.0,0.0,0.0,0.0,0.0,0.0,0.0,0.0,0.0
experiment_932,0.0,0.0,0.0,0.0,0.0,0.0,0.0,0.0,0.0,0.0,0.0,0.0,0.0,0.0,0.0,0.0,0.0,0.0,0.0,0.0,0.0,0.0,0.0,0.0,0.0,0.0,0.0,0.0,0.0,0.0,0.0,0.0
experiment_933,0.0,0.0,0.0,0.0,0.0,0.0,0.0,0.0,0.0,0.0,0.0,0.0,0.0,0.0,0.0,0.0,0.0,0.0,0.0,0.0,0.0,0.0,0.0,0.0,0.0,0.0,0.0,0.0,0.0,0.0,0.0,0.0
experiment_934,0.0,0.0,0.0,0.0,0.0,0.0,0.0,0.0,0.0,0.0,0.0,0.0,0.0,0.0,0.0,0.0,0.0,0.0,0.0,0.0,0.0,0.0,0.0,0.0,0.0,0.0,0.0,0.0,0.0,0.0,0.0,0.0
experiment_935,0.0,0.0,0.0,0.0,0.0,0.0,0.0,0.0,0.0,0.0,0.0,0.0,0.0,0.0,0.0,0.0,0.0,0.0,0.0,0.0,0.0,0.0,0.0,0.0,0.0,0.0,0.0,0.0,0.0,0.0,0.0,0.0
experiment_936,0.0,0.0,0.0,0.0,0.0,0.0,0.0,0.0,0.0,0.0,0.0,0.0,0.0,0.0,0.0,0.0,0.0,0.0,0.0,0.0,0.0,0.0,0.0,0.0,0.0,0.0,0.0,0.0,0.0,0.0,0.0,0.0
experiment_937,0.0,0.0,0.0,0.0,0.0,0.0,0.0,0.0,0.0,0.0,0.0,0.0,0.0,0.0,0.0,0.0,0.0,0.0,0.0,0.0,0.0,0.0,0.0,0.0,0.0,0.0,0.0,0.0,0.0,0.0,0.0,0.0
experiment_938,0.0,0.0,0.0,0.0,0.0,0.0,0.0,0.0,0.0,0.0,0.0,0.0,0.0,0.0,0.0,0.0,0.0,0.0,0.0,0.0,0.0,0.0,0.0,0.0,0.0,0.0,0.0,0.0,0.0,0.0,0.0,0.0
experiment_939,0.0,0.0,0.0,0.0,0.0,0.0,0.0,0.0,0.0,0.0,0.0,0.0,0.0,0.0,0.0,0.0,0.0,0.0,0.0,0.0,0.0,0.0,0.0,0.0,0.0,0.0,0.0,0.0,0.0,0.0,0.0,0.0
experiment_940,0.0,0.0,0.0,0.0,0.0,0.0,0.0,0.0,0.0,0.0,0.0,0.0,0.0,0.0,0.0,0.0,0.0,0.0,0.0,0.0,0.0,0.0,0.0,0.0,0.0,0.0,0.0,0.0,0.0,0.0,0.0,0.0
experiment_941,0.0,0.0,0.0,0.0,0.0,0.0,0.0,0.0,0.0,0.0,0.0,0.0,0.0,0.0,0.0,0.0,0.0,0.0,0.0,0.0,0.0,0.0,0.0,0.0,0.0,0.0,0.0,0.0,0.0,0.0,0.0,0.0
experiment_942,0.0,0.0,0.0,0.0,0.0,0.0,0.0,0.0,0.0,0.0,0.0,0.0,0.0,0.0,0.0,0.0,0.0,0.0,0.0,0.0,0.0,0.0,0.0,0.0,0.0,0.0,0.0,0.0,0.0,0.0,0.0,0.0
experiment_943,0.0,0.0,0.0,0.0,0.0,0.0,0.0,0.0,0.0,0.0,0.0,0.0,0.0,0.0,0.0,0.0,0.0,0.0,0.0,0.0,0.0,0.0,0.0,0.0,0.0,0.0,0.0,0.0,0.0,0.0,0.0,0.0
experiment_944,0.0,0.0,0.0,0.0,0.0,0.0,0.0,0.0,0.0,0.0,0.0,0.0,0.0,0.0,0.0,0.0,0.0,0.0,0.0,0.0,0.0,0.0,0.0,0.0,0.0,0.0,0.0,0.0,0.0,0.0,0.0,0.0
experiment_945,0.0,0.0,0.0,0.0,0.0,0.0,0.0,0.0,0.0,0.0,0.0,0.0,0.0,0.0,0.0,0.0,0.0,0.0,0.0,0.0,0.0,0.0,0.0,0.0,0.0,0.0,0.0,0.0,0.0,0.0,0.0,0.0
experiment_946,0.0,0.0,0.0,0.0,0.0,0.0,0.0,0.0,0.0,0.0,0.0,0.0,0.0,0.0,0.0,0.0,0.0,0.0,0.0,0.0,0.0,0.0,0.0,0.0,0.0,0.0,0.0,0.0,0.0,0.0,0.0,0.0
experiment_947,0.0,0.0,0.0,0.0,0.0,0.0,0.0,0.0,0.0,0.0,0.0,0.0,0.0,0.0,0.0,0.0,0.0,0.0,0.0,0.0,0.0,0.0,0.0,0.0,0.0,0.0,0.0,0.0,0.0,0.0,0.0,0.0
experiment_948,0.0,0.0,0.0,0.0,0.0,0.0,0.0,0.0,0.0,0.0,0.0,0.0,0.0,0.0,0.0,0.0,0.0,0.0,0.0,0.0,0.0,0.0,0.0,0.0,0.0,0.0,0.0,0.0,0.0,0.0,0.0,0.0
experiment_949,0.0,0.0,0.0,0.0,0.0,0.0,0.0,0.0,0.0,0.0,0.0,0.0,0.0,0.0,0.0,0.0,0.0,0.0,0.0,0.0,0.0,0.0,0.0,0.0,0.0,0.0,0.0,0.0,0.0,0.0,0.0,0.0
experiment_950,0.0,0.0,0.0,0.0,0.0,0.0,0.0,0.0,0.0,0.0,0.0,0.0,0.0,0.0,0.0,0.0,0.0,0.0,0.0,0.0,0.0,0.0,0.0,0.0,0.0,0.0,0.0,0.0,0.0,0.0,0.0,0.0
experiment_951,0.0,0.0,0.0,0.0,0.0,0.0,0.0,0.0,0.0,0.0,0.0,0.0,0.0,0.0,0.0,0.0,0.0,0.0,0.0,0.0,0.0,0.0,0.0,0.0,0.0,0.0,0.0,0.0,0.0,0.0,0.0,0.0
experiment_952,0.0,0.0,0.0,0.0,0.0,0.0,0.0,0.0,0.0,0.0,0.0,0.0,0.0,0.0,0.0,0.0,0.0,0.0,0.0,0.0,0.0,0.0,0.0,0.0,0.0,0.0,0.0,0.0,0.0,0.0,0.0,0.0
experiment_953,0.0,0.0,0.0,0.0,0.0,0.0,0.0,0.0,0.0,0.0,0.0,0.0,0.0,0.0,0.0,0.0,0.0,0.0,0.0,0.0,0.0,0.0,0.0,0.0,0.0,0.0,0.0,0.0,0.0,0.0,0.0,0.0
experiment_954,0.0,0.0,0.0,0.0,0.0,0.0,0.0,0.0,0.0,0.0,0.0,0.0,0.0,0.0,0.0,0.0,0.0,0.0,0.0,0.0,0.0,0.0,0.0,0.0,0.0,0.0,0.0,0.0,0.0,0.0,0.0,0.0
experiment_955,0.0,0.0,0.0,0.0,0.0,0.0,0.0,0.0,0.0,0.0,0.0,0.0,0.0,0.0,0.0,0.0,0.0,0.0,0.0,0.0,0.0,0.0,0.0,0.0,0.0,0.0,0.0,0.0,0.0,0.0,0.0,0.0
experiment_956,0.0,0.0,0.0,0.0,0.0,0.0,0.0,0.0,0.0,0.0,0.0,0.0,0.0,0.0,0.0,0.0,0.0,0.0,0.0,0.0,0.0,0.0,0.0,0.0,0.0,0.0,0.0,0.0,0.0,0.0,0.0,0.0
experiment_957,0.0,0.0,0.0,0.0,0.0,0.0,0.0,0.0,0.0,0.0,0.0,0.0,0.0,0.0,0.0,0.0,0.0,0.0,0.0,0.0,0.0,0.0,0.0,0.0,0.0,0.0,0.0,0.0,0.0,0.0,0.0,0.0
experiment_958,0.0,0.0,0.0,0.0,0.0,0.0,0.0,0.0,0.0,0.0,0.0,0.0,0.0,0.0,0.0,0.0,0.0,0.0,0.0,0.0,0.0,0.0,0.0,0.0,0.0,0.0,0.0,0.0,0.0,0.0,0.0,0.0
experiment_959,0.0,0.0,0.0,0.0,0.0,0.0,0.0,0.0,0.0,0.0,0.0,0.0,0.0,0.0,0.0,0.0,0.0,0.0,0.0,0.0,0.0,0.0,0.0,0.0,0.0,0.0,0.0,0.0,0.0,0.0,0.0,0.0
experiment_960,0.0,0.0,0.0,0.0,0.0,0.0,0.0,0.0,0.0,0.0,0.0,0.0,0.0,0.0,0.0,0.0,0.0,0.0,0.0,0.0,0.0,0.0,0.0,0.0,0.0,0.0,0.0,0.0,0.0,0.0,0.0,0.0
experiment_961,0.0,0.0,0.0,0.0,0.0,0.0,0.0,0.0,0.0,0.0,0.0,0.0,0.0,0.0,0.0,0.0,0.0,0.0,0.0,0.0,0.0,0.0,0.0,0.0,0.0,0.0,0.0,0.0,0.0,0.0,0.0,0.0
experiment_962,0.0,0.0,0.0,0.0,0.0,0.0,0.0,0.0,0.0,0.0,0.0,0.0,0.0,0.0,0.0,0.0,0.0,0.0,0.0,0.0,0.0,0.0,0.0,0.0,0.0,0.0,0.0,0.0,0.0,0.0,0.0,0.0
experiment_963,0.0,0.0,0.0,0.0,0.0,0.0,0.0,0.0,0.0,0.0,0.0,0.0,0.0,0.0,0.0,0.0,0.0,0.0,0.0,0.0,0.0,0.0,0.0,0.0,0.0,0.0,0.0,0.0,0.0,0.0,0.0,0.0
experiment_964,0.0,0.0,0.0,0.0,0.0,0.0,0.0,0.0,0.0,0.0,0.0,0.0,0.0,0.0,0.0,0.0,0.0,0.0,0.0,0.0,0.0,0.0,0.0,0.0,0.0,0.0,0.0,0.0,0.0,0.0,0.0,0.0
experiment_965,0.0,0.0,0.0,0.0,0.0,0.0,0.0,0.0,0.0,0.0,0.0,0.0,0.0,0.0,0.0,0.0,0.0,0.0,0.0,0.0,0.0,0.0,0.0,0.0,0.0,0.0,0.0,0.0,0.0,0.0,0.0,0.0
experiment_966,0.0,0.0,0.0,0.0,0.0,0.0,0.0,0.0,0.0,0.0,0.0,0.0,0.0,0.0,0.0,0.0,0.0,0.0,0.0,0.0,0.0,0.0,0.0,0.0,0.0,0.0,0.0,0.0,0.0,0.0,0.0,0.0
experiment_967,0.0,0.0,0.0,0.0,0.0,0.0,0.0,0.0,0.0,0.0,0.0,0.0,0.0,0.0,0.0,0.0,0.0,0.0,0.0,0.0,0.0,0.0,0.0,0.0,0.0,0.0,0.0,0.0,0.0,0.0,0.0,0.0
experiment_968,0.0,0.0,0.0,0.0,0.0,0.0,0.0,0.0,0.0,0.0,0.0,0.0,0.0,0.0,0.0,0.0,0.0,0.0,0.0,0.0,0.0,0.0,0.0,0.0,0.0,0.0,0.0,0.0,0.0,0.0,0.0,0.0
experiment_969,0.0,0.0,0.0,0.0,0.0,0.0,0.0,0.0,0.0,0.0,0.0,0.0,0.0,0.0,0.0,0.0,0.0,0.0,0.0,0.0,0.0,0.0,0.0,0.0,0.0,0.0,0.0,0.0,0.0,0.0,0.0,0.0
experiment_970,0.0,0.0,0.0,0.0,0.0,0.0,0.0,0.0,0.0,0.0,0.0,0.0,0.0,0.0,0.0,0.0,0.0,0.0,0.0,0.0,0.0,0.0,0.0,0.0,0.0,0.0,0.0,0.0,0.0,0.0,0.0,0.0
experiment_971,0.0,0.0,0.0,0.0,0.0,0.0,0.0,0.0,0.0,0.0,0.0,0.0,0.0,0.0,0.0,0.0,0.0,0.0,0.0,0.0,0.0,0.0,0.0,0.0,0.0,0.0,0.0,0.0,0.0,0.0,0.0,0.0
experiment_972,0.0,0.0,0.0,0.0,0.0,0.0,0.0,0.0,0.0,0.0,0.0,0.0,0.0,0.0,0.0,0.0,0.0,0.0,0.0,0.0,0.0,0.0,0.0,0.0,0.0,0.0,0.0,0.0,0.0,0.0,0.0,0.0
experiment_973,0.0,0.0,0.0,0.0,0.0,0.0,0.0,0.0,0.0,0.0,0.0,0.0,0.0,0.0,0.0,0.0,0.0,0.0,0.0,0.0,0.0,0.0,0.0,0.0,0.0,0.0,0.0,0.0,0.0,0.0,0.0,0.0
experiment_974,0.0,0.0,0.0,0.0,0.0,0.0,0.0,0.0,0.0,0.0,0.0,0.0,0.0,0.0,0.0,0.0,0.0,0.0,0.0,0.0,0.0,0.0,0.0,0.0,0.0,0.0,0.0,0.0,0.0,0.0,0.0,0.0
experiment_975,0.0,0.0,0.0,0.0,0.0,0.0,0.0,0.0,0.0,0.0,0.0,0.0,0.0,0.0,0.0,0.0,0.0,0.0,0.0,0.0,0.0,0.0,0.0,0.0,0.0,0.0,0.0,0.0,0.0,0.0,0.0,0.0
experiment_976,0.0,0.0,0.0,0.0,0.0,0.0,0.0,0.0,0.0,0.0,0.0,0.0,0.0,0.0,0.0,0.0,0.0,0.0,0.0,0.0,0.0,0.0,0.0,0.0,0.0,0.0,0.0,0.0,0.0,0.0,0.0,0.0
experiment_977,0.0,0.0,0.0,0.0,0.0,0.0,0.0,0.0,0.0,0.0,0.0,0.0,0.0,0.0,0.0,0.0,0.0,0.0,0.0,0.0,0.0,0.0,0.0,0.0,0.0,0.0,0.0,0.0,0.0,0.0,0.0,0.0
experiment_978,0.0,0.0,0.0,0.0,0.0,0.0,0.0,0.0,0.0,0.0,0.0,0.0,0.0,0.0,0.0,0.0,0.0,0.0,0.0,0.0,0.0,0.0,0.0,0.0,0.0,0.0,0.0,0.0,0.0,0.0,0.0,0.0
experiment_979,0.0,0.0,0.0,0.0,0.0,0.0,0.0,0.0,0.0,0.0,0.0,0.0,0.0,0.0,0.0,0.0,0.0,0.0,0.0,0.0,0.0,0.0,0.0,0.0,0.0,0.0,0.0,0.0,0.0,0.0,0.0,0.0
experiment_980,0.0,0.0,0.0,0.0,0.0,0.0,0.0,0.0,0.0,0.0,0.0,0.0,0.0,0.0,0.0,0.0,0.0,0.0,0.0,0.0,0.0,0.0,0.0,0.0,0.0,0.0,0.0,0.0,0.0,0.0,0.0,0.0
experiment_981,0.0,0.0,0.0,0.0,0.0,0.0,0.0,0.0,0.0,0.0,0.0,0.0,0.0,0.0,0.0,0.0,0.0,0.0,0.0,0.0,0.0,0.0,0.0,0.0,0.0,0.0,0.0,0.0,0.0,0.0,0.0,0.0
experiment_982,0.0,0.0,0.0,0.0,0.0,0.0,0.0,0.0,0.0,0.0,0.0,0.0,0.0,0.0,0.0,0.0,0.0,0.0,0.0,0.0,0.0,0.0,0.0,0.0,0.0,0.0,0.0,0.0,0.0,0.0,0.0,0.0
experiment_983,0.0,0.0,0.0,0.0,0.0,0.0,0.0,0.0,0.0,0.0,0.0,0.0,0.0,0.0,0.0,0.0,0.0,0.0,0.0,0.0,0.0,0.0,0.0,0.0,0.0,0.0,0.0,0.0,0.0,0.0,0.0,0.0
experiment_984,0.0,0.0,0.0,0.0,0.0,0.0,0.0,0.0,0.0,0.0,0.0,0.0,0.0,0.0,0.0,0.0,0.0,0.0,0.0,0.0,0.0,0.0,0.0,0.0,0.0,0.0,0.0,0.0,0.0,0.0,0.0,0.0
experiment_985,0.0,0.0,0.0,0.0,0.0,0.0,0.0,0.0,0.0,0.0,0.0,0.0,0.0,0.0,0.0,0.0,0.0,0.0,0.0,0.0,0.0,0.0,0.0,0.0,0.0,0.0,0.0,0.0,0.0,0.0,0.0,0.0
experiment_986,0.0,0.0,0.0,0.0,0.0,0.0,0.0,0.0,0.0,0.0,0.0,0.0,0.0,0.0,0.0,0.0,0.0,0.0,0.0,0.0,0.0,0.0,0.0,0.0,0.0,0.0,0.0,0.0,0.0,0.0,0.0,0.0
experiment_987,0.0,0.0,0.0,0.0,0.0,0.0,0.0,0.0,0.0,0.0,0.0,0.0,0.0,0.0,0.0,0.0,0.0,0.0,0.0,0.0,0.0,0.0,0.0,0.0,0.0,0.0,0.0,0.0,0.0,0.0,0.0,0.0
experiment_988,0.0,0.0,0.0,0.0,0.0,0.0,0.0,0.0,0.0,0.0,0.0,0.0,0.0,0.0,0.0,0.0,0.0,0.0,0.0,0.0,0.0,0.0,0.0,0.0,0.0,0.0,0.0,0.0,0.0,0.0,0.0,0.0
experiment_989,0.0,0.0,0.0,0.0,0.0,0.0,0.0,0.0,0.0,0.0,0.0,0.0,0.0,0.0,0.0,0.0,0.0,0.0,0.0,0.0,0.0,0.0,0.0,0.0,0.0,0.0,0.0,0.0,0.0,0.0,0.0,0.0
experiment_990,0.0,0.0,0.0,0.0,0.0,0.0,0.0,0.0,0.0,0.0,0.0,0.0,0.0,0.0,0.0,0.0,0.0,0.0,0.0,0.0,0.0,0.0,0.0,0.0,0.0,0.0,0.0,0.0,0.0,0.0,0.0,0.0
experiment_991,0.0,0.0,0.0,0.0,0.0,0.0,0.0,0.0,0.0,0.0,0.0,0.0,0.0,0.0,0.0,0.0,0.0,0.0,0.0,0.0,0.0,0.0,0.0,0.0,0.0,0.0,0.0,0.0,0.0,0.0,0.0,0.0
experiment_992,0.0,0.0,0.0,0.0,0.0,0.0,0.0,0.0,0.0,0.0,0.0,0.0,0.0,0.0,0.0,0.0,0.0,0.0,0.0,0.0,0.0,0.0,0.0,0.0,0.0,0.0,0.0,0.0,0.0,0.0,0.0,0.0
experiment_993,0.0,0.0,0.0,0.0,0.0,0.0,0.0,0.0,0.0,0.0,0.0,0.0,0.0,0.0,0.0,0.0,0.0,0.0,0.0,0.0,0.0,0.0,0.0,0.0,0.0,0.0,0.0,0.0,0.0,0.0,0.0,0.0
experiment_994,0.0,0.0,0.0,0.0,0.0,0.0,0.0,0.0,0.0,0.0,0.0,0.0,0.0,0.0,0.0,0.0,0.0,0.0,0.0,0.0,0.0,0.0,0.0,0.0,0.0,0.0,0.0,0.0,0.0,0.0,0.0,0.0
experiment_995,0.0,0.0,0.0,0.0,0.0,0.0,0.0,0.0,0.0,0.0,0.0,0.0,0.0,0.0,0.0,0.0,0.0,0.0,0.0,0.0,0.0,0.0,0.0,0.0,0.0,0.0,0.0,0.0,0.0,0.0,0.0,0.0
experiment_996,0.0,0.0,0.0,0.0,0.0,0.0,0.0,0.0,0.0,0.0,0.0,0.0,0.0,0.0,0.0,0.0,0.0,0.0,0.0,0.0,0.0,0.0,0.0,0.0,0.0,0.0,0.0,0.0,0.0,0.0,0.0,0.0
experiment_997,0.0,0.0,0.0,0.0,0.0,0.0,0.0,0.0,0.0,0.0,0.0,0.0,0.0,0.0,0.0,0.0,0.0,0.0,0.0,0.0,0.0,0.0,0.0,0.0,0.0,0.0,0.0,0.0,0.0,0.0,0.0,0.0
experiment_998,0.0,0.0,0.0,0.0,0.0,0.0,0.0,0.0,0.0,0.0,0.0,0.0,0.0,0.0,0.0,0.0,0.0,0.0,0.0,0.0,0.0,0.0,0.0,0.0,0.0,0.0,0.0,0.0,0.0,0.0,0.0,0.0
experiment_999,0.0,0.0,0.0,0.0,0.0,0.0,0.0,0.0,0.0,0.0,0.0,0.0,0.0,0.0,0.0,0.0,0.0,0.0,0.0,0.0,0.0,0.0,0.0,0.0,0.0,0.0,0.0,0.0,0.0,0.0,0.0,0.0
