,2019,2020,2021,2022,2023,2024,2025,2026,2027,2028,2029,2030,2031,2032,2033,2034,2035,2036,2037,2038,2039,2040,2041,2042,2043,2044,2045,2046,2047,2048,2049,2050
experiment_000,1.0312514813774423,1.0424737333184242,1.0433388256204124,1.0445966722952837,1.048460712183569,1.0410623918326902,1.0417818172068556,1.0415937907095263,1.0443311516793623,1.0438973771792839,1.0444952894715827,1.0440929248822413,1.0436581621739212,1.0430057461131987,1.041013627738696,1.0411467810141926,1.0410392352224163,1.040553177822169,1.039541610614903,1.0389791413577916,1.0374542402473135,1.0367210232855288,1.0335379421320576,1.034186115614289,1.0328752433220942,1.0316023560887664,1.0302457102512574,1.0306278519543457,1.026899212321936,1.0265146490820423,1.0249280999710817,1.023949922579903
experiment_001,1.0312514813774423,1.0305861096406517,1.0297632686977658,1.0292346873326554,1.029948960271695,1.0313209048032477,1.030849970052541,1.0305560615468603,1.0333668903998536,1.0317585879648492,1.0330911752045404,1.0340852009353503,1.034043691562631,1.0351505336430367,1.0370866331106063,1.0385847020390897,1.040838459566401,1.0421562200136045,1.044999457157889,1.0484507779797352,1.052376517392317,1.05681313099542,1.0619650917385424,1.0653867726008044,1.0743904489649934,1.0818458359160965,1.090068496941952,1.1008926248301814,1.111594083953613,1.1250654781815383,1.1362449532064494,1.1530739627786448
experiment_002,1.0312514813774423,1.0303691778367783,1.029276792573634,1.0285207029528634,1.0287825498111016,1.0302026601593042,1.0294398831142224,1.0296858372823356,1.031939758643169,1.0328248867992986,1.0326503905238207,1.033812917040289,1.0357398982403776,1.0371071369296014,1.0384401062584603,1.042528914154723,1.0464239393738717,1.0504469572996715,1.0559971941343371,1.0628571349335736,1.0699536678251549,1.078088524660352,1.090736630349473,1.1017914031122198,1.1202235113202912,1.1360428858427911,1.1598760493041893,1.1853024120976796,1.2205332975330265,1.250068631534183,1.2985524167257338,1.3380974350392723
experiment_003,1.0312514813774423,1.0312285085138615,1.026140904092648,1.026197578035042,1.0220133238458369,1.0365559036903138,1.0373887892329345,1.0369325036824528,1.0392188019982802,1.0402372294866893,1.0404822932823554,1.0415250002068497,1.043532725253479,1.0449466215019758,1.0472007794263065,1.0491555652028974,1.0517789356305352,1.0537279423753447,1.0555307093114852,1.0590608336747624,1.0619486594011458,1.0639636127972563,1.0690797103853587,1.0715154123579398,1.0764414751602134,1.083674203907821,1.082586150974795,1.0911329643610008,1.0939864726793407,1.099292651164373,1.1035422321663668,1.1072515051105443
experiment_004,1.0312514813774423,1.041775561088701,1.0422210225739152,1.0432799602042417,1.046864036862914,1.038885865677503,1.0407127777290262,1.0422740533831465,1.045871769051191,1.048531163909197,1.0503946940277362,1.0535171849016178,1.056316874100235,1.0593491713508119,1.0640415537300496,1.065954537698597,1.0708162333013924,1.076869625549081,1.0816038102440722,1.0915262193342097,1.098419746446644,1.1037928644222674,1.1159557646645943,1.1241356716257604,1.1308811736041888,1.1462932843235918,1.1576795209726018,1.1695053409409313,1.1851364752184497,1.2100593447850847,1.2157686504357568,1.2289896206957236
experiment_005,1.0312514813774423,1.0349795839917293,1.0258294072334193,1.0252804747113786,1.0190857303683734,1.0318640792592315,1.0323626529904262,1.0324077107807463,1.0337281646075456,1.0350231382549682,1.035716851155631,1.0357933073130652,1.0385712770644229,1.0414723133070827,1.0435115023166275,1.0475214825126336,1.051075182873754,1.0553463908650376,1.0617431500272523,1.0669893864133995,1.0727228780323992,1.0870124755809998,1.0949908552457164,1.1097453648558486,1.120168037606915,1.1322752384527157,1.1579069408824587,1.1808294332512117,1.202302750616027,1.2377078397244636,1.2712985464628124,1.3042014135576836
experiment_006,1.0312514813774423,1.0432586031230855,1.0451292363350408,1.0479304082605445,1.0390535742747864,1.044094734249383,1.0476834558691832,1.0502920372537865,1.0581028141002884,1.0601974447759055,1.0671720919408818,1.0705507952283893,1.075970228459142,1.0840470934703466,1.0943542260062697,1.103610995195596,1.108239132494148,1.1218134184317186,1.133810204347085,1.149180402402576,1.1548924339122413,1.1641310615943508,1.195067374050601,1.207738361949607,1.2204651309882888,1.2512199950083824,1.267734544654655,1.2849714440491877,1.3201747671237902,1.3532259801459219,1.3676567809362032,1.4041087640445602
experiment_007,1.0312514813774423,1.0304504122661007,1.0259512729388698,1.025582397075721,1.0193240723457604,1.0335205166666794,1.0335792589579404,1.0342152965500895,1.0366240217781393,1.0370132502428848,1.0405998776320102,1.0426069733324184,1.045895049797421,1.0499569590866766,1.0535801726076686,1.0583603912404504,1.062479207136928,1.0706514234572369,1.0784241746631469,1.0868850618618644,1.09621707668993,1.107468843966902,1.119342900882932,1.1365971170846547,1.1475649855927725,1.1749829886965553,1.1976352479063328,1.22545649168056,1.2470911780093268,1.2754176362041787,1.329247728674786,1.3598481168899177
experiment_008,1.0312514813774423,1.0294102891618355,1.0262217502939979,1.0246750212420832,1.0243192847183884,1.0254661449978082,1.0239716912006844,1.0232402714714082,1.0243101756936972,1.0235078909843092,1.0233260635455879,1.0233582033650486,1.0233009167763483,1.0238493913913134,1.0244685152096664,1.0254643420224343,1.0270346587644077,1.0293587120498258,1.0312167849563616,1.0342509257186954,1.0382950575800605,1.0430167443975236,1.0485631046423187,1.0547334682653235,1.0629576278563346,1.0737204891441625,1.0851854598704564,1.1002547734735806,1.1185901075246991,1.137809306257197,1.1620011140492745,1.1943080016949614
experiment_009,1.0312514813774423,1.0314369170462427,1.0360269326330669,1.026633734354139,1.0223533748300544,1.036816789711914,1.0383950747626163,1.0390344718060718,1.0420897901618713,1.0442207852053436,1.0469580717079403,1.0494540750498704,1.0539361247408787,1.0582563937129674,1.0633341607819362,1.06857744839309,1.077298970110048,1.0863480487347152,1.0921002763395955,1.104794974277632,1.1155522171256733,1.1316902233920914,1.1506848719418248,1.170219655058859,1.1874049142367422,1.2180892167718431,1.2428745257407543,1.286240083835081,1.3015035430189599,1.3618706455146845,1.4108849298647486,1.4761312264542472
experiment_010,1.0312514813774423,1.041927597559749,1.0420838199435607,1.0429027176183623,1.0457855892339547,1.0382302075608774,1.0390190817054799,1.0391433034282789,1.0431038768548064,1.0425815338195494,1.04555697014029,1.0459734529198343,1.0485547882323691,1.050449675264543,1.0515995930009545,1.054149305870748,1.0576652358366239,1.0608199635840077,1.062720372200711,1.0688566481838067,1.073645015073207,1.0777759659655635,1.086783047159866,1.093297205355731,1.1033960562482354,1.1123873562227442,1.1239368114817068,1.1330754789641422,1.1444134055705724,1.1638795547376193,1.1795888684560683,1.1935649097388525
experiment_011,1.0312514813774423,1.0316309194183289,1.031577550938643,1.0414758888892357,1.0442303446849714,1.0373555306420625,1.0368136281208284,1.0369350022407362,1.037910847885901,1.037915481136923,1.0380134372805923,1.037466407235934,1.0373876176738164,1.0376983491285654,1.0371284909648981,1.0359840067283161,1.0372431344725883,1.0372231697924998,1.037217701859896,1.03746502612325,1.036824190791969,1.037468870031744,1.0386671980614604,1.038240564452393,1.0391610497848247,1.0407928146046754,1.0421674665478924,1.0423175755278624,1.045352658600403,1.046571745504628,1.0491041814395914,1.0525679407132924
experiment_012,1.0312514813774423,1.0312083093287925,1.0310839281551836,1.031524419519985,1.0436139510637232,1.0362263096698225,1.0377585375101634,1.039107495168813,1.0443099359722952,1.0465757246839977,1.0501817179083692,1.0545949514915305,1.057906099835787,1.0643932446137498,1.0690608513748767,1.07638557655528,1.0863798271102272,1.0950947434713336,1.1081306517434337,1.1229108913053314,1.1354030005034779,1.1517424957025106,1.1803493758215153,1.2025777616692297,1.231475995459728,1.2536331602865167,1.2934827816092174,1.3266869748166457,1.37506985999787,1.4238561193528194,1.4732100032961482,1.5475145670525894
experiment_013,1.0312514813774423,1.029274018527384,1.0256276931449102,1.0250624538949111,1.0188756280405085,1.0323454154717477,1.031900733686621,1.0313993579401333,1.036741627853179,1.0374440307730697,1.0377839902610007,1.0399444454155902,1.0418008605470026,1.0449576836021257,1.0466571436675356,1.0521052749742994,1.0559786462364045,1.0631091283924141,1.0696735860321092,1.0781353564301888,1.0886681652415269,1.1010506139389558,1.1119506977627056,1.1308755424974906,1.1481081459948403,1.1809255592144547,1.2078001596388375,1.2305448317655598,1.2767197864046995,1.3159829991221583,1.3601260472977517,1.413752190500035
experiment_014,1.0312514813774423,1.0294330540784649,1.0265996027825197,1.0254912622646228,1.0256088495401212,1.0272632595578433,1.0272315527905462,1.0271062900837409,1.0300433000419889,1.0312591660706254,1.032670562456311,1.0346074066948985,1.0371553351077007,1.039732613707123,1.0449606770265893,1.0498072092495319,1.0563959205344542,1.0645197366086778,1.0739183920181556,1.087628736618243,1.104238787871639,1.1234599710632807,1.1403231777504226,1.1646762619042443,1.2055548210691325,1.2296852145547974,1.2818496431622561,1.3327938974430449,1.395698761432813,1.4775648099799206,1.5596039323417412,1.663453811914031
experiment_015,1.0312514813774423,1.024450955185909,1.0202590143441155,1.0174497680272614,1.0184426191400764,1.0201909147329868,1.0184958741784116,1.0166277127942132,1.0164511911444725,1.0153437901594067,1.0144348907753262,1.013649273501328,1.0131450460118923,1.0127586624372515,1.0128587882671105,1.0129639288642447,1.0128061563335131,1.0134207753418172,1.0142323248838419,1.015097648231554,1.0163618271653567,1.017786473301723,1.0203720786106056,1.0226577790219649,1.026080026755625,1.0301162517651896,1.0354068989406386,1.0417378317173878,1.0500400880774705,1.0606082013576752,1.0735928644790695,1.0871832353888566
experiment_016,1.0312514813774423,1.0311119468596843,1.0258887621584465,1.025769044770786,1.0218527008982488,1.0365462104627388,1.0358382497709884,1.0371370011969139,1.0395951565164694,1.040175753069071,1.0415643984315706,1.044657406945413,1.045578369992226,1.0492114124019547,1.051646990700034,1.055283310147957,1.058922522833487,1.0627228977284566,1.0666011652010514,1.0729220389183678,1.0790974835672258,1.0842747843004963,1.0949322395353636,1.1042975048745673,1.1104974596540196,1.1225472021237244,1.138514494958697,1.1500223744931188,1.1695241406861983,1.1878129028596558,1.2158293158846458,1.2368183653600502
experiment_017,1.0312514813774423,1.0423313485164554,1.043260208335595,1.0447124904782457,1.0475143677364687,1.0397142820116558,1.0408888288861677,1.0421339535353675,1.0482876108722456,1.0504219754011028,1.0522624273279166,1.0541937625987934,1.057727988317049,1.0609710260355139,1.065568647611035,1.0681773217767685,1.0729826488356202,1.0782599360569765,1.0843591509794954,1.0898338598318096,1.0997458153806388,1.103685203873945,1.1188882239792415,1.1300432733558727,1.1403747722185198,1.1531258928446986,1.1703682365285066,1.184365259176408,1.2057253720771566,1.2201894706148888,1.2554857789983465,1.2814996666185883
experiment_018,1.0312514813774423,1.0304084253343642,1.0256819443436158,1.0249097954605026,1.0258158629605192,1.0313740324309166,1.0297673849245637,1.0287591927005926,1.0318394122367966,1.0312070202262726,1.0307232639895703,1.0310230984099782,1.0310885352384125,1.0317974727246562,1.03284567686255,1.0338616596862096,1.0353158367906925,1.0368335203410513,1.0382783961036248,1.0404977904422432,1.0442614957396728,1.0475217341951364,1.0517452356971098,1.056827056875952,1.0625401687565266,1.0682717175084866,1.0747110064504504,1.08215473511862,1.0919095647028882,1.098929367860842,1.1152690454676328,1.1264514973963773
experiment_019,1.0312514813774423,1.0428777725100484,1.0445330162879403,1.0465033235478645,1.0373005837413531,1.0438524902570876,1.0457526621857844,1.0465823128761425,1.0531900589642917,1.0559704384271569,1.057254348171695,1.0607439363037334,1.0630188058685728,1.0654262372988559,1.0661721070226948,1.0710903987627722,1.0730716626678432,1.076150646115752,1.0824694992713433,1.0852161324741671,1.0920903539281046,1.0964000303625139,1.0998962515939754,1.1077076938477675,1.1143620246416297,1.1172092324302922,1.124240948001877,1.132654766678518,1.1407093342871855,1.1512218590642858,1.163056942209428,1.1707841147192086
experiment_020,1.0312514813774423,1.0281041917270295,1.026208448242748,1.0249474495313255,1.0245829305995897,1.0259079315185835,1.025503510357703,1.0254846805271607,1.0286481807862287,1.0287897609879042,1.0293379043492172,1.0314350047872303,1.03341070817196,1.035696835121136,1.0383968000983093,1.0421451532421695,1.0465047098783569,1.051684275943449,1.0575780595394162,1.0652143161360528,1.074093292534278,1.085560402199505,1.0959366205169414,1.1143359601707166,1.1303770743238246,1.1574423079300595,1.1779420967018797,1.2059873549671247,1.2383349696447408,1.2954246986913,1.3273342844379665,1.392309849758318
experiment_021,1.0312514813774423,1.043573862659519,1.0457234476851611,1.0483782469881842,1.0310578924337226,1.0465129038769423,1.0476862136221674,1.049315086407807,1.0559602573786733,1.0567280505338574,1.0583771486160272,1.062146575435641,1.0648688303887164,1.0632158964390406,1.0690685185476272,1.0713218200270054,1.0733264048882498,1.0767399580765287,1.0804312882450258,1.0812401310110904,1.0822431646352533,1.0906454386059914,1.0949334425832495,1.094073814897189,1.0997371290969078,1.102604603496151,1.1092117058231052,1.1171781994035594,1.121895847655987,1.1301355765297223,1.1350603899930165,1.13297206719234
experiment_022,1.0312514813774423,1.0242292326519191,1.0199371049974755,1.0182937296104337,1.018479006407605,1.0206053105189308,1.019066678369043,1.0180409990378445,1.0185456399119448,1.017999540278065,1.018613361858532,1.0188416078943263,1.0187630928877294,1.0200903773588001,1.02138420795563,1.0235522624887343,1.0263479408081588,1.0299124477526551,1.034362982293318,1.040415888135661,1.0469245048456892,1.0579619442928891,1.0704604907385706,1.0879153621206645,1.1069816304508924,1.131310002650385,1.1557079073431349,1.1965379180922142,1.2417281138455938,1.284845507872568,1.3343077482069183,1.4276818423323123
experiment_023,1.0312514813774423,1.0319028788380495,1.0419738340555977,1.0426389649316457,1.0448976007695563,1.0363473882558882,1.0360311082777194,1.0376528470195163,1.0392065651065092,1.0391070307280248,1.0396234720229143,1.0395413555906157,1.0401527458426878,1.040606719059055,1.040918452908138,1.0412543742067815,1.0411322533822753,1.0412018165974883,1.041909135627954,1.042418712472279,1.043077180789919,1.0426541907952664,1.0445047053172705,1.0455835630859198,1.0459395533909541,1.0469623419862706,1.0472236641520447,1.0485312563540454,1.049909489578535,1.05173330635206,1.0530436305763724,1.0536090926716972
experiment_024,1.0312514813774423,1.0290435945480627,1.0259256901142075,1.0243753403206792,1.02399360440673,1.0255316207532221,1.0247166277898907,1.0240867851822717,1.0250686382506793,1.0253135818289858,1.0257576221759692,1.0269003507159544,1.028378194823877,1.03082562786846,1.0332128292781888,1.0372396671388364,1.0416082426585833,1.0476423591091975,1.0546964442545341,1.0650095930074057,1.0761956036146334,1.092934636818086,1.1054036829734497,1.134556801702541,1.1619065609586965,1.1858980713674478,1.229532327698698,1.2801388678082128,1.3310584273740094,1.4104620362024036,1.5007560195716594,1.6050103691098045
experiment_025,1.0312514813774423,1.0269839477454241,1.0241048208341166,1.0215950465099521,1.0213650625079211,1.0221031563327077,1.0206568820169446,1.0199863850808868,1.020187397178678,1.020193512791523,1.0195382954731729,1.0199890544441519,1.0208188898152897,1.0219459063319385,1.023363657940339,1.025122594545992,1.0278145456357095,1.0309680356363842,1.034669261362696,1.0397077682489484,1.0458477534293091,1.053171040461424,1.0621040885625608,1.0742646031853103,1.0880217921524709,1.1052570078055246,1.1299372622322756,1.1576430724448783,1.1862085060945695,1.2215584775674222,1.283159385968785,1.324451342313568
experiment_026,1.0312514813774423,1.0306958808878057,1.0347470685839473,1.025906337940215,1.0260360934077635,1.03266544974789,1.032038567768432,1.032230964711512,1.034397095436255,1.0341355221813817,1.0346632943423018,1.0348500323060825,1.0356364182298559,1.035572644226687,1.035987114272913,1.038525435534981,1.0391157337190107,1.0409223633300388,1.0433679058538936,1.0452164471673548,1.04868867733639,1.0517468418417721,1.05492171821409,1.0603210665104805,1.063637288434389,1.0689744197438762,1.0759529766706346,1.0836725941415395,1.0920065129391616,1.1006856462489785,1.1067321682538318,1.121663953853043
experiment_027,1.0312514813774423,1.0343267413685897,1.0249110061170572,1.0239342913051797,1.0179466715681909,1.029737997151926,1.0287833690935106,1.0286363663484852,1.0283381737956552,1.028444589862777,1.028048529023188,1.0284968852526202,1.0294127299709044,1.0315182319293192,1.0321382384285918,1.0353796589482562,1.0375435539684814,1.0405333285875646,1.0430689443835472,1.04876970788516,1.0542049163829992,1.0599943854193097,1.066597152431804,1.0771393290858426,1.086291341610819,1.0996625948013394,1.107987624745912,1.133065784818361,1.1520261794296227,1.1746420518349756,1.19418639438857,1.2299712902091982
experiment_028,1.0312514813774423,1.0434262967104444,1.04511389272378,1.047552918821866,1.0378002688984014,1.0430736628163606,1.0454265740669808,1.0474108379282427,1.0521064628238557,1.0529671697923386,1.0547135560631635,1.0578320895526045,1.061828398850886,1.065399153264685,1.0690786329336188,1.0726001060684025,1.0761887116014561,1.080909654360028,1.0851427906601527,1.0908225398915825,1.0960420672105344,1.1016904277255954,1.1087078790829534,1.1161272234139694,1.1228942559352977,1.1306664261330117,1.1391667106203736,1.1511486059281197,1.1590527570262024,1.1749994206193421,1.1841579049010253,1.202610831300159
experiment_029,1.0312514813774423,1.0311752989984693,1.0307912166739097,1.0307762550500643,1.0415007902562539,1.033696590458411,1.0336569717652637,1.0340816945034543,1.036484558555776,1.0372496860066551,1.037409798125092,1.0380468709132675,1.0401898134601397,1.0416159524125004,1.043442612957611,1.04551057473458,1.0476360517486536,1.0507811128142972,1.0541052625734348,1.0576086395718518,1.0610740030781753,1.066958086395875,1.0726852718912205,1.0818308017375446,1.0898565529605222,1.1006029905388908,1.1123995603559613,1.128098132930718,1.1441972624541081,1.1595309559579214,1.1781549602940096,1.204627280669679
experiment_030,1.0312514813774423,1.0434157544351967,1.0452744159133693,1.0481309235552814,1.0388954106573907,1.044942120879842,1.047404036661465,1.049487294181377,1.056707613798069,1.0599760362361212,1.0643585989215985,1.0684784602126292,1.0723235662185244,1.0748930515920232,1.0838909366661453,1.0892930982365197,1.0969707948979535,1.1044883239037533,1.1092689498964445,1.119254893618232,1.127631467153591,1.1407382463290139,1.1506594442842792,1.1593908730486184,1.1673059900719405,1.1845579727306776,1.1882652914674767,1.204185847051718,1.2229845163171678,1.2327750559220378,1.2499557768056038,1.2652523917933443
experiment_031,1.0312514813774423,1.0424473982034026,1.0434979993625735,1.0454142629603715,1.0503224693987978,1.0425053847044858,1.0450808832259777,1.0476120650901513,1.0523402796743608,1.056075238845448,1.0590331591437716,1.0643247978376875,1.0684732845033582,1.0752907811058348,1.0806769457580752,1.0893042602868324,1.0983339157623744,1.104938624438431,1.1135922069645492,1.127953430443623,1.1349031859888836,1.1503526059493723,1.1667757718677856,1.1882285550218226,1.2049218538764828,1.2301747001020924,1.2540996009967633,1.274415726663814,1.301738967355317,1.330537267005609,1.3753203885840621,1.4274124407398907
experiment_032,1.0312514813774423,1.0419550091234564,1.0427391306013505,1.0439943647917402,1.0478166790265577,1.040840779199108,1.0415312971459185,1.0433333541121137,1.0472111381532592,1.047931038635722,1.0493773120816183,1.0511307233586629,1.0533255890212456,1.0579693090128537,1.0615267326270572,1.0623427599587518,1.0653182575702005,1.0717302968204023,1.0775447988998856,1.0815840156205931,1.0868011361044725,1.0948272695160812,1.099981938870401,1.108288863759107,1.1126645196716174,1.12129108393588,1.1325559315467681,1.1373980855346737,1.1541802274674433,1.1746473807792925,1.1847282935954055,1.1940527322508434
experiment_033,1.0312514813774423,1.0310604441948188,1.0307027712722994,1.029473828443236,1.0315191216564066,1.0342692125374016,1.0340237210131393,1.0333968387433914,1.036988829909791,1.0369238549137545,1.0382911043853886,1.03909556697783,1.0393466401814235,1.041822092681079,1.0438986751082486,1.044904059953227,1.0471900194705321,1.0499809687956139,1.0527505820178509,1.0572786627403394,1.0597317240639743,1.0659159912651173,1.0704669266873512,1.0771418867274956,1.0835277081765597,1.0913897781142947,1.1018418659825602,1.1103496981083716,1.1242443895995682,1.130579621822202,1.1505517156976912,1.1686724245866134
experiment_034,1.0312514813774423,1.043275775141492,1.04486009644746,1.0470847199022282,1.0372446976559717,1.0427293693875452,1.0441539037859298,1.0454530521490182,1.0512624165767166,1.0530696701957487,1.0556026534784784,1.058185467504051,1.0590903724925895,1.0627866563037713,1.0668419740999786,1.0697890458451642,1.0726029735451903,1.0762227808813873,1.0832127525706794,1.0846085130137981,1.0945190928930926,1.0989541861169911,1.1107931404511542,1.1182997647213715,1.1286906526175624,1.1340515901238433,1.147846954689858,1.162158809683024,1.1781337449919576,1.186956874762079,1.208169809609391,1.2264147206552076
experiment_035,1.0312514813774423,1.0258935859020357,1.0240603113771543,1.0228505937809897,1.0246486275236837,1.0282633434093083,1.0268625994299023,1.0264262057525175,1.0267747751285712,1.0280686363924,1.0276213466674238,1.028383763864577,1.029280987284492,1.031248270042256,1.0313986989257087,1.0329822783748595,1.036600835019106,1.0396143953504897,1.042887234562925,1.0471163740830118,1.0524220415791674,1.0576286648641284,1.0677133169701458,1.0773392755379194,1.0839006870210544,1.0966666905149214,1.1121918484645357,1.124513156298594,1.1449654460100893,1.1619788812682597,1.180515047232753,1.215657270745291
experiment_036,1.0312514813774423,1.031818688018804,1.0420475118824828,1.0430044231784474,1.0455643393841065,1.037825097329552,1.0383373435768446,1.0381243818617834,1.0425493467576012,1.0445000260991244,1.0455732733005276,1.0487375308909879,1.0493417140275931,1.054456027413759,1.0569344544618375,1.0595000374089207,1.065798950927129,1.0693950586735255,1.0754018925071573,1.0804326864146316,1.0867240417045252,1.091135075605476,1.1028614082227568,1.1079775000861425,1.1186607619428377,1.1323055768378611,1.140957296073089,1.154548585324361,1.1644018587769103,1.1767139023000894,1.1885786551808344,1.2081062835171243
experiment_037,1.0312514813774423,1.0461226193991464,1.051021189911955,1.0321177596952253,1.046994744686298,1.0580592834146565,1.0609256684381638,1.0655718771663203,1.0744678615544192,1.0723189887902924,1.0801696083627361,1.0836557158634772,1.087217387700063,1.0876807433128044,1.0924385820136155,1.0900541719022048,1.0972528135510315,1.0967307366011363,1.100672217306218,1.1030727811758618,1.1048518999516943,1.1049914248297552,1.102771748406946,1.1050014820088385,1.1047263275549413,1.1047106857929112,1.1034158520706336,1.1029431894786743,1.1089270468466692,1.1079387633610176,1.1056462673165206,1.1034395055143857
experiment_038,1.0312514813774423,1.0456091933635514,1.0503850646757507,1.0321368701811964,1.0476560095831522,1.0594497053747354,1.0644234770887238,1.0710485466554929,1.0815051707816865,1.0900032359906644,1.0963417953643508,1.1068934875166008,1.1165974825261251,1.1266782580873484,1.1410642583240598,1.1529017763097316,1.1642214744332111,1.1797383475019725,1.1946145773968952,1.2096713910865655,1.2428277109846184,1.2582823092340802,1.2782266185505113,1.2927299336562466,1.3289203427951275,1.3533391030397741,1.3831946928572374,1.4261174749886523,1.452171051550501,1.502811980848105,1.5341547065196128,1.5706320367055042
experiment_039,1.0312514813774423,1.0420729112969076,1.0426410225999374,1.0438750464350663,1.0475923320365161,1.0391329105605085,1.0407227575770368,1.0422690520168512,1.0483931343629953,1.0504758846125106,1.0526566417451808,1.0529897006135847,1.0576926464322238,1.0605751671174073,1.0641299371946948,1.0706025393622534,1.071458738045803,1.0802310146588234,1.086500642218706,1.093701155417245,1.1018495750300223,1.112435128200418,1.1236940270801383,1.1341059192121183,1.1487375785249274,1.1628921229928424,1.1823491365594232,1.1966192119258248,1.2143869426083722,1.2311407615237548,1.2761270632716948,1.2824928427252158
experiment_040,1.0312514813774423,1.0300038019192201,1.028678321255107,1.0278033413771688,1.028070802599161,1.029410088068025,1.02937623782473,1.0288228941393156,1.032025528205887,1.0329064583139564,1.0335655948257403,1.0349263831536468,1.036247379070236,1.0383649921444562,1.0415891491693279,1.0427840486628122,1.0484226418760954,1.0532503188788924,1.0586731396538107,1.065246394862204,1.0746815959809086,1.081836369643775,1.0949563532127358,1.109320925855916,1.1244163393725026,1.1411246844408933,1.1572802875735038,1.1825495731520925,1.2198885583878296,1.2419167276438547,1.2817406343635944,1.3248357156585049
experiment_041,1.0312514813774423,1.0253810949083597,1.0230608789703857,1.020136556684559,1.0226260745013178,1.024203403429875,1.0233154536830058,1.022149061684616,1.0229135045603137,1.0221621691625191,1.0215445139061259,1.021006783005739,1.0210260436591188,1.0214173430355433,1.0229168581931452,1.022292627096366,1.0233452511036862,1.0245636765330035,1.0258849701389443,1.0277399662686886,1.0302340624970587,1.0330165286593989,1.0361605806491687,1.0411212662427294,1.046020574162284,1.051192101487974,1.057122173653584,1.0661478904158315,1.0734857266070226,1.087326795388636,1.0980479900849922,1.1143487031109367
experiment_042,1.0312514813774423,1.043024153482435,1.044708997905732,1.0470704968286448,1.0382636471968676,1.0457383994172351,1.0473775636036247,1.0489316298996432,1.0567916000534623,1.0595538528852306,1.061862948592185,1.0661550742468784,1.0712911044081372,1.0764928729251146,1.0768574148513537,1.0855617775037192,1.0933817690538497,1.0995767979420397,1.1107261518327718,1.113572876028254,1.128732570315507,1.133916909976726,1.1484143903247448,1.1607016357560185,1.1725746819005416,1.1945386485046305,1.2025271412128844,1.2273013541819822,1.2416173908073258,1.2625647111122744,1.2992643876376404,1.3256498018166525
experiment_043,1.0312514813774423,1.0346142079693836,1.0252642944037604,1.0244802611988095,1.01826168714586,1.0304421143172393,1.0306547381677662,1.0301142132795398,1.0316290993965695,1.0311572714481,1.0314530780317839,1.0332492283838255,1.0341703477755266,1.0358512982084798,1.0382889016868184,1.041170155917068,1.0434263101215553,1.0469536951454759,1.051457764586649,1.0563814378907275,1.0631290439295682,1.0688010303322033,1.0768629707521706,1.0879611650942842,1.0938961947035044,1.1078544360590563,1.1232455888926731,1.138869619454695,1.1601340082935612,1.1787986022005592,1.2090793780461464,1.2252644244735085
experiment_044,1.0312514813774423,1.0456010795654274,1.0501736954057312,1.0405725213035837,1.0457902894955813,1.0558211156191069,1.0610127715434627,1.0658854685440011,1.0739671010573493,1.082310347529865,1.086798673756123,1.0965802271965128,1.100843259090063,1.1032147189535846,1.1142356853122564,1.1168449373940772,1.1263096236967114,1.1305897617940122,1.1340715051376549,1.138672445528949,1.1466166497452484,1.153813204865541,1.162865030944559,1.16150649312068,1.1693972867125995,1.167186818515198,1.1739424185031881,1.1763053546288371,1.1777663589158873,1.1867148828637746,1.1872367212031174,1.187882546485667
experiment_045,1.0312514813774423,1.0434565746917268,1.0453689089747114,1.0484048624988607,1.0396786723787974,1.045801905504098,1.049404927982714,1.0519803334051725,1.0571069591286464,1.064773593264457,1.0696406610696654,1.0733915294184913,1.0795110359619102,1.086691239895041,1.0897930046789315,1.0992570436722637,1.1107072063235581,1.1173401297653558,1.13007374967305,1.1375417230962062,1.1514418979782166,1.1669572983719858,1.1814088045695046,1.1936671353646413,1.218344118460973,1.2445728161181735,1.2639093557634322,1.284328887192289,1.3179915385736387,1.3373780375481956,1.3805801190140592,1.418832159390629
experiment_046,1.0312514813774423,1.0303855098384664,1.025625371225049,1.0249648991210853,1.0260282310082927,1.0314149788312106,1.0298826673595673,1.0310998286387854,1.0316795678216897,1.0317399541438803,1.0319819117997544,1.0326912026911763,1.033417366562228,1.0338662615193062,1.0352493105390002,1.036731092864655,1.0378848179095743,1.0399537840860382,1.0421843851794919,1.0433226367188448,1.0468107941046203,1.0515776697038446,1.055649048364683,1.0602637056782602,1.0653002435539038,1.0710816858224026,1.074983329614543,1.084802574688257,1.0899496659556447,1.1009164406587466,1.111211734697505,1.1223590071914713
experiment_047,1.0312514813774423,1.0315535401648006,1.02656886484205,1.0267907848439668,1.0226150995285037,1.0379156549920012,1.0381869053232773,1.0376738204929825,1.0401784438218118,1.0403799437299748,1.042670253907066,1.043666549557023,1.0444569261320762,1.046526491334929,1.048528167394374,1.049937382630209,1.0526410860110371,1.054800898397274,1.0564762032477224,1.0583264105239043,1.0632944117474024,1.0673655581901578,1.0694506482782893,1.0719467357998662,1.0787832590011661,1.0796970965493762,1.0874756288932843,1.0889088962497022,1.0983545629012974,1.1022806322910343,1.1037371751160452,1.1125171577588686
experiment_048,1.0312514813774423,1.0307045918255318,1.0299584512181212,1.0297457796717386,1.030675809554631,1.0318318730954434,1.0318575478706717,1.032348031697745,1.0353788188595066,1.0361263338707993,1.0370855306894224,1.0380370659896943,1.0397002574604532,1.0421253529104324,1.0450618224986787,1.0477435543168325,1.0510511103344848,1.054684952934096,1.0572444565452823,1.0629038374792852,1.066485529189269,1.0718483805013714,1.0789213612676725,1.0850939457077122,1.0921770542915477,1.1005135034442608,1.110949331383963,1.12004325581513,1.1310982525556788,1.1478570963937833,1.1598694738387736,1.1797669270853337
experiment_049,1.0312514813774423,1.0440699345371636,1.046711003796619,1.0496830086786915,1.0387772886456283,1.0462665485778977,1.0473538433662188,1.0492930854664224,1.056756219335599,1.0585020537798615,1.0613025790172907,1.0638400870189444,1.0662642929312902,1.0697895423413688,1.0723502068953439,1.0741689068631632,1.078678939141996,1.082609672084756,1.0864371455917763,1.0904998277206006,1.0955277630596059,1.102204200776718,1.1070797557020482,1.1154118271542754,1.120904003438818,1.1281091376998877,1.1318181573896626,1.1498271439810956,1.1527728148738896,1.162676434269188,1.1745614855671391,1.1935327982845771
experiment_050,1.0312514813774423,1.042823235857271,1.044408347678878,1.0465812051544292,1.0503557632614753,1.042407020126729,1.045496917999533,1.0478442733451272,1.0542672466733136,1.0567341815149396,1.0595533562772426,1.062589185835864,1.0668398831488346,1.069143423726775,1.0734550530372498,1.0771008917799576,1.0836377598591724,1.0854466038395338,1.091535771135712,1.0985882328548207,1.1075949136918597,1.1162741649081058,1.1220422727237545,1.1199258121994917,1.1400033659825708,1.1502949028736666,1.1615197091007774,1.1724369827418175,1.185212602331834,1.1981400755482592,1.2161526809870733,1.2426763667072107
experiment_051,1.0312514813774423,1.024420437240907,1.0208538145059023,1.0177266689487037,1.019041874757107,1.0217626063646625,1.0205058492070556,1.0196442677723037,1.0196270895862836,1.0193761690233303,1.0190973638179839,1.0196541699870814,1.0199239864551566,1.0207340798549487,1.02146077160772,1.0236438251869513,1.0253648939342537,1.0285234359866746,1.0323559625845182,1.036636979424301,1.0400628971364785,1.049649824430416,1.0578020996787538,1.0688618487983583,1.0797559756282467,1.0935347597708103,1.1157881257431166,1.1481877621058063,1.1784224882801744,1.2168092087081006,1.2614906036107265,1.3241805470479697
experiment_052,1.0312514813774423,1.0418994999055997,1.042224253204169,1.0429526722611584,1.0456742052205503,1.0383404445701885,1.0381276633929069,1.0382314112034092,1.040479756678582,1.041088648929761,1.0403093455508923,1.0382720985217642,1.0397109210168025,1.0405653869164653,1.0409347001441378,1.0411220915226902,1.039753564683543,1.0399317527524188,1.040226196813159,1.0397596767220156,1.0400357748176006,1.0399045835213725,1.040018989016841,1.03952687631441,1.0397246468948735,1.039828995274241,1.0393980321790284,1.0395469463362685,1.0395804426553552,1.0394390981569663,1.039456568211098,1.039418620406302
experiment_053,1.0312514813774423,1.0346033529274308,1.0251714528781977,1.0241685314482132,1.0248287588127514,1.029337357035574,1.02814212048789,1.0267722878028778,1.0288227382319246,1.0282352718165013,1.0279719213273393,1.027716461255336,1.0278972098803842,1.0278197575116437,1.0290668143741937,1.0305049409466465,1.0322697465687056,1.0323628205084001,1.0350644674183678,1.037971714609195,1.041620962818318,1.0453246605713846,1.0504482807805504,1.0552947017668406,1.0623594223331807,1.0686971169685815,1.0776310905613657,1.0862608455191252,1.0964804353034105,1.106830240000727,1.1227660043757661,1.1331379043562646
experiment_054,1.0312514813774423,1.0442042873304174,1.0467918446086104,1.0504059016656913,1.0280694234742391,1.0488370323507623,1.0528668788369298,1.055143133176719,1.0614258875132374,1.0649244443450618,1.0656594143044293,1.0697094574306647,1.0758807203739018,1.079425080505283,1.0805840864871183,1.0858260652354221,1.0897459835149903,1.0942523431135278,1.0991233710604529,1.1055113264305305,1.1104300828191855,1.1138981190783237,1.1198866433766712,1.1264441370104916,1.133856542883489,1.139392152554031,1.1464164963256256,1.1572569427844162,1.1595249810914359,1.1603672349007441,1.173019849342078,1.1833467031230835
experiment_055,1.0312514813774423,1.0425040612588892,1.043418381146363,1.0450870557433587,1.0495159985301439,1.042428273143398,1.0414617291214132,1.0434952807364066,1.0489968881144847,1.0493599815634072,1.0510368934970138,1.0516177722333855,1.0517506356714406,1.053522829524181,1.055554178574006,1.0555395737011246,1.056186565079604,1.0564131388414217,1.059186566649363,1.0612080705658016,1.0611686360497419,1.0607543054590884,1.061109432273243,1.0647565287086618,1.0657414261296592,1.065938459560213,1.0693598618434335,1.0691784143614986,1.0736929909481074,1.075721217016491,1.0767072247374756,1.0759826496760998
experiment_056,1.0312514813774423,1.0426610512784593,1.043877660170228,1.0457743635764534,1.0493393938338176,1.041494509383012,1.0419622573154568,1.0445831056881474,1.0506291912577366,1.052905842078465,1.0574803030598177,1.059382734658849,1.0650230662409692,1.0680300570635088,1.0741363844218967,1.0787759518718107,1.0832819586098081,1.0929524672187563,1.100498428073487,1.1095337190972636,1.1168603009170377,1.1295737842931763,1.1443909732070783,1.1595174549719816,1.1731013172470117,1.1928813407444536,1.209783554725848,1.2354356095080783,1.2627184860016818,1.2961408680387245,1.3217027369715293,1.3578727027971311
experiment_057,1.0312514813774423,1.0417896867639636,1.0420306237002963,1.0430640421970396,1.0455794438111339,1.0369771922007684,1.0387711548006766,1.039974092823183,1.0443479963862907,1.0472447598725607,1.0495548392442506,1.0510190473503338,1.056058728106472,1.058459459083708,1.0643628847781075,1.0701450044578191,1.0749875626183774,1.0826346234068576,1.090231071496279,1.10184394125167,1.1087410500332422,1.1284051912928392,1.1373297115512742,1.157330336561647,1.1768556890938804,1.2000725001353347,1.228651660949899,1.252782901416433,1.2882905862158003,1.3319386605411867,1.3861713629049905,1.430630894480388
experiment_058,1.0312514813774423,1.0435799540365722,1.045768184508177,1.0487478836847621,1.0394552160921882,1.0460358284281415,1.0488920241056445,1.0511061486648205,1.0578125006106314,1.0601561263304455,1.0633628142381726,1.0663761159535048,1.0708813176984844,1.0711405964743819,1.0759179975480038,1.0801231024856792,1.0828517400956956,1.0880979102391362,1.0880596070892445,1.0957030575384474,1.1021227819630384,1.1058395939008294,1.108819100070396,1.1156071416922384,1.1170198077726194,1.1205443438166858,1.12671333337724,1.1256934997874972,1.1340295330318435,1.136020427669324,1.1430105250132068,1.1424541489027513
experiment_059,1.0312514813774423,1.0261525069012267,1.024518752601947,1.023263647270761,1.023729930568954,1.0279062689290457,1.026845827062684,1.026128663897465,1.02484697038433,1.024982211070939,1.0243795941635003,1.0243800793988482,1.0239884850416967,1.0241389691476455,1.023813224410131,1.0243975996804422,1.0250465509195057,1.0259653825095552,1.0269173416302881,1.0282113528633825,1.0297477122094527,1.0310897781854949,1.0340856276330757,1.034788202047305,1.0392264189149134,1.042255358834921,1.0469886547517548,1.0509941903499167,1.056972309150383,1.0624655197120034,1.0705674307273267,1.0785133813934498
experiment_060,1.0312514813774423,1.0302773566209025,1.0254087965655663,1.0246385918660579,1.0255507686360192,1.0298796854480203,1.0297565617608224,1.02871148085477,1.029612071394621,1.0290985280225462,1.0292752801200116,1.0298726397641496,1.030371627317944,1.03119311953759,1.032622901049301,1.0340147890109248,1.0359036920810998,1.0380693366871439,1.0408875039441137,1.0441124091738976,1.0472003382001251,1.0497129207142335,1.057108150238343,1.063813394395429,1.0703878008543288,1.0792353475289638,1.0904598664609049,1.1016792446721508,1.1156394914203145,1.1321062116904057,1.1499059108567893,1.1738716203899722
experiment_061,1.0312514813774423,1.0422119497120588,1.0429864092696126,1.0443382830623693,1.0477694064228245,1.0405932449056348,1.0408007280078322,1.0418696750388625,1.0467855910185917,1.0473672534295353,1.0476127064670457,1.0494112091827468,1.0514595001092635,1.0525456862251203,1.053895350995594,1.0551097149621596,1.0561347974191377,1.0554548267514061,1.0589016378724703,1.0612235426608836,1.0620456554974333,1.0653522846790264,1.0673517537584067,1.0694152922666995,1.0692978541637042,1.071898541131122,1.0761605748684198,1.080544284078005,1.0838677315772143,1.0861457264709795,1.0855341546504296,1.0950103498987176
experiment_062,1.0312514813774423,1.0318396686301108,1.0421173617297075,1.042696430401894,1.0443033436718094,1.035817507597742,1.036066779498325,1.0355908856037273,1.0374348050375095,1.0381226638625112,1.0379992581732151,1.0371951951377825,1.0380023652787311,1.0382227107976891,1.0384719237659465,1.0388216173555778,1.0385124723453378,1.0379222920456703,1.0386042048719322,1.0389587111466931,1.0390858742158475,1.0389700068797758,1.03929745017177,1.038917498401135,1.0390615784551758,1.038492594267395,1.038401991423706,1.0384495309184214,1.0385215330316049,1.0381081676896546,1.0377411250416981,1.0376128142738523
experiment_063,1.0312514813774423,1.0307282228250187,1.029299766440335,1.028797942461003,1.02962851481228,1.0319278591986358,1.0312613319074735,1.030613455398266,1.0322933240230447,1.0317165231810448,1.031302540513717,1.0306018544909832,1.030359168246329,1.030125706779762,1.0303280107119932,1.0299828307836756,1.0303475480920639,1.030428750232414,1.0306362060803849,1.0310543116993598,1.0314787609085516,1.0323460238434459,1.0327429421415932,1.033621492421382,1.0344151166767168,1.0353854846858352,1.0359199859826924,1.0369556862412406,1.0372470256842072,1.0401589292013722,1.0418347571479625,1.0436513831805643
experiment_064,1.0312514813774423,1.0306616196663347,1.025077430434702,1.025756158913934,1.0201023760653576,1.032616860281541,1.031799233854113,1.0304819475622156,1.0333249082635243,1.0321740716052146,1.031039382721547,1.0316528008411743,1.0307935759275813,1.0310996627686215,1.0336387202014616,1.0344677982839936,1.0348890970783544,1.0354261908152538,1.0382060129865132,1.0384294578297177,1.0426856554272212,1.0436268912726592,1.0492904710946789,1.0519830314727925,1.0553030227504705,1.0604239721582702,1.0657414241839525,1.0716042633274543,1.0816970712096627,1.0856071380604142,1.0952535239816352,1.1046677071114477
experiment_065,1.0312514813774423,1.029842280580617,1.0282133931014206,1.0262577886228081,1.0265121392939411,1.0287087414595424,1.0278655516903514,1.0280390378212263,1.0310358575248728,1.0310743386794765,1.0320283004925674,1.0330318948793422,1.0345717238272327,1.0370471185400907,1.0395719327478496,1.0427440993277521,1.0467886908121187,1.0515078760140937,1.0584050713828177,1.0652833770539465,1.074856248782503,1.0822745174168464,1.0992635403858848,1.1166918893599698,1.1322530792685346,1.153442091254382,1.1812839768322583,1.2190383642497182,1.2593179739645606,1.3121124790707746,1.3658893950031314,1.4293423474885456
experiment_066,1.0312514813774423,1.0287778024527041,1.025303161026408,1.023576550259313,1.0230083800850218,1.0238960663899124,1.022536897519614,1.021654178259645,1.0234098294649838,1.0232892588490068,1.0233503888132285,1.0236488904586358,1.0246550391451252,1.025599856893745,1.027110916862125,1.029223782811228,1.031873547826735,1.03579822301323,1.0397808112470353,1.0454575637744643,1.0518267695200363,1.0607127208836293,1.072161010561219,1.0846603827545769,1.1018932384360491,1.1247908846245802,1.146065137631754,1.1846300275842157,1.2242453666840984,1.2649869170336543,1.3217938903225248,1.388216633103056
experiment_067,1.0312514813774423,1.0265516847808351,1.0233758008885863,1.021091477126374,1.0202343083097454,1.0202705101348446,1.019065073467948,1.018067704444342,1.0192252496217507,1.0189257827434517,1.0194019829908074,1.0200029668996493,1.0210138528330712,1.0225204163952448,1.0243715263812339,1.0272402376784253,1.030731150122513,1.0356170142001981,1.0415566137295087,1.0502978553133773,1.0590983571370407,1.0715850115667391,1.0889367361406732,1.112850846367732,1.1374731923715196,1.1840401979626427,1.2225013047217175,1.2928449916566425,1.3568732152030167,1.471669328439804,1.604508502716329,1.7604075472073744
experiment_068,1.0312514813774423,1.0309733660499172,1.0256780505450542,1.0257399614128566,1.0218289762260748,1.0360086980996235,1.0362280360661669,1.037502026063488,1.0414652011303334,1.042895131270637,1.0435963532755854,1.0453014903840367,1.050250871739759,1.053329257415798,1.0577626727159388,1.06219959317662,1.066427128643727,1.0732321581210984,1.083453556607774,1.0918383411236334,1.1042097503030137,1.1166226533260666,1.1217511096949744,1.1456293039434344,1.1622868945051867,1.1796811875875544,1.2001562555056071,1.222742557045611,1.2570520899160784,1.2755036245187832,1.3269567014820982,1.3571813869312637
experiment_069,1.0312514813774423,1.0242331834212295,1.0199449250019847,1.018048678975383,1.0188758750648172,1.0211457386145526,1.0195179915625652,1.0185814150138615,1.0186015823004086,1.0178242220261182,1.0176476839275905,1.0179269440155556,1.0184918116085129,1.0195280729458778,1.0204056433279916,1.0227313123587867,1.0251448533593805,1.0284655893162886,1.0325309555513633,1.0380344930584118,1.044785669041501,1.0530815762995185,1.0646663681064825,1.0769413050311982,1.0962322339042854,1.1132074203802291,1.145728079421907,1.1819571293878912,1.2184538222083128,1.2747873815065192,1.3261175138406545,1.4198211874982607
experiment_070,1.0312514813774423,1.0294421969728387,1.02646759699143,1.0251139482616645,1.0248721655847546,1.0261137283879855,1.025458666173007,1.0248756502295702,1.0253131171641936,1.0256309688510834,1.02651049493267,1.0269688307980713,1.027621686587519,1.0299220735377859,1.031980832585526,1.0349072903415684,1.0389482869296762,1.0437572821364403,1.0475227156258167,1.0567632522981572,1.0667208467259532,1.0774503278258716,1.0911509626165767,1.1080126787679063,1.134523758267032,1.1660307920222817,1.2018640903132567,1.2449169278396197,1.2926655660742834,1.3599737530019367,1.4396863150721335,1.5403207686711684
experiment_071,1.0312514813774423,1.0454370591283169,1.0495153134605646,1.039579714665943,1.0320312725697827,1.0522059788112974,1.0549177222771409,1.0581891806089059,1.0698229826717454,1.0716052624600807,1.07492246589218,1.078540579075636,1.0830445381974365,1.0839208647147605,1.0873255079209867,1.0912292268813442,1.096113556867477,1.096219420789336,1.1054978548085563,1.1085863032785093,1.1138928873307954,1.1183119710095728,1.1222193332921766,1.1241514929314254,1.1304218240376058,1.1336606357924264,1.135934115355284,1.1428454647528081,1.1436448633554608,1.1521303093733553,1.1504359823037305,1.1604567881082537
experiment_072,1.0312514813774423,1.029463323136631,1.0265190951153071,1.025288369570244,1.025096587028893,1.0258921594671886,1.025287672129548,1.0244983497000568,1.0260346521926846,1.0258728921484668,1.0253266202475617,1.0259099634252178,1.026254765707412,1.0275507671394866,1.028900684345282,1.0308580951010697,1.0335220065731845,1.035080304391135,1.0377984026597575,1.0429208174536742,1.0466537305598382,1.0531848472172798,1.0580824889847518,1.0684127379479484,1.07851177714814,1.0902761313229477,1.1056861815636403,1.1275638783734758,1.1495106558758412,1.1755736784276616,1.219177069912665,1.2560332747904785
experiment_073,1.0312514813774423,1.0308041370246432,1.026622031502158,1.0264216858618058,1.020757720704131,1.034316546598634,1.0333144852983833,1.034124963918062,1.0367340518286434,1.03678205850137,1.0361136892344445,1.0367405832904308,1.037057851891108,1.038805883613125,1.0414086941373053,1.0408633561352894,1.043495166428131,1.043791045265792,1.0472342187600479,1.0492632475952233,1.0509597209620325,1.053627752075989,1.0551388547465443,1.0592604607480152,1.0630937293848275,1.0650915883552285,1.0691247216729978,1.0725983976259579,1.0769237424317997,1.081313111834274,1.0846427183593619,1.092200336367011
experiment_074,1.0312514813774423,1.027454708745354,1.0247687991519063,1.0228130448066548,1.0223831932154783,1.0229456592317816,1.0211296916836992,1.0202954197346117,1.0214312544005968,1.0213372337605122,1.021107981232819,1.021540038605015,1.021874271127916,1.0227179036638003,1.0244594577353272,1.0264918244818921,1.0288142365402317,1.0323953911364283,1.0376011630126822,1.0434997543220799,1.0516445162342578,1.06271704490175,1.0748458676554526,1.0898227988004423,1.1134057052850572,1.1426865926925547,1.1831642868938737,1.2285637782403545,1.2792589098973979,1.359286951358895,1.4510003134575373,1.5774933596232155
experiment_075,1.0312514813774423,1.025168500747201,1.0220577987200146,1.0202547523531351,1.0203790926889462,1.0235300165835166,1.0216490737759576,1.0198795353840557,1.0208647509917017,1.0197837000322663,1.0192112771380406,1.0179036061252946,1.017418201066303,1.0170920110663124,1.0166260592308287,1.0164524023287482,1.0165467980368228,1.0164746743364075,1.0166255585636115,1.0172007394562004,1.0177874435603402,1.0185497493381086,1.019634489181542,1.0208519596303016,1.0227841630103702,1.0245065561220628,1.0270384741409073,1.0300718457407967,1.0336156038938058,1.0381104834639359,1.0436915853440163,1.0498678908920671
experiment_076,1.0312514813774423,1.0259914638741257,1.0243055948811821,1.0231361090697577,1.0235561216627798,1.0278173891471682,1.0270443552340887,1.0260599482843562,1.0278429376694795,1.0276569459548155,1.0273756191668542,1.027171464950991,1.0276952281100156,1.0285001531931588,1.02931066748969,1.0301866587859283,1.031454733034407,1.0330104179501076,1.0351964191607108,1.037324336519047,1.0384681375757914,1.0432340500585306,1.0462750901532203,1.0506347673927499,1.0557934123661439,1.0623664597131377,1.0684136758710687,1.0774839325712826,1.0860097414290588,1.0947608442099543,1.1102914153022316,1.120804589619699
experiment_077,1.0312514813774423,1.045756961815922,1.0499862007119134,1.0401866025244109,1.0447421329995987,1.052073482989171,1.0561677021016447,1.0596647709576614,1.0654651219679554,1.0685114594844136,1.0716665082096861,1.0767096929070479,1.079724062912864,1.0832589303008655,1.0878357925242155,1.0912513977318208,1.0965548158404015,1.1018363533251565,1.1070835745576315,1.1124710698787892,1.1162103084997597,1.120134997071036,1.1232622696321508,1.1320259995254587,1.1362133739588733,1.133983303222898,1.1470778300735276,1.148285080632065,1.1570685696626926,1.1659777817658026,1.1714262679480165,1.1799568086976362
experiment_078,1.0312514813774423,1.0314843354794065,1.0314641077730013,1.041605261952459,1.0430970141127855,1.0356418355621604,1.0356544222877098,1.0366577571554592,1.0409128845182927,1.0410699647475592,1.0426465542105938,1.0427400653242418,1.0464249833283414,1.0473494282569689,1.0507398277752993,1.053605316901832,1.0580890440392883,1.061553710783455,1.065556164568672,1.0724395092346088,1.0790686900352318,1.0888882633890975,1.097162833397725,1.1084496654939153,1.1255992653612068,1.1334609080546716,1.1511573111910118,1.177449545490087,1.1994942678140081,1.2253237990433699,1.261811342655414,1.2771199882700324
experiment_079,1.0312514813774423,1.0287433054582074,1.0262756679790916,1.024684283464122,1.0236997922244637,1.0255037324822085,1.0239181706976541,1.0231477685442272,1.0231523207650943,1.0226448846131424,1.021850530749556,1.0217026291578883,1.0209769668198219,1.0207795727898639,1.0208873106961422,1.020511426604711,1.0210339023289712,1.021298178952189,1.0216676929989181,1.022369826532588,1.0234898436804858,1.0246441955496164,1.0260515212803243,1.0270747645749256,1.0285482924627103,1.0315074169702299,1.0347303575058253,1.0362126717148918,1.041152688658943,1.0451788178906933,1.049396686008783,1.0547131817167863
experiment_080,1.0312514813774423,1.0307800870397765,1.034803736421329,1.026246298231096,1.0203670899521065,1.0337293972320594,1.0329237357694974,1.0325339468499852,1.033354509341686,1.0328976635520757,1.0329698641495728,1.0332492405176423,1.0329701192466976,1.033505759073631,1.0335225999514372,1.0344412014880413,1.033832990283946,1.0350099254230236,1.036786457221565,1.0380495836987467,1.0398149551875766,1.0413649487337897,1.0427701582106663,1.0441533564848968,1.045751977346217,1.0482531542673081,1.0532565463725085,1.0565645308325233,1.0601454422598597,1.0638357773403533,1.0696603465692487,1.0753200152566218
experiment_081,1.0312514813774423,1.0272933922719023,1.0208479225329692,1.018655430509633,1.0185343867778998,1.0209105232034414,1.0192286293986843,1.0180061712348112,1.0182434770675395,1.0172871165791602,1.0170065878986967,1.0166207811382728,1.016315569413407,1.0165873022452718,1.0168788130920348,1.0176013443693799,1.0182673777659488,1.0194413951417942,1.0206588410121904,1.0224133332188883,1.02465263271695,1.0277226721776551,1.03128779477018,1.0358389476966057,1.0402840912099305,1.045853065518185,1.056425293781009,1.0660140882526705,1.0782500815965619,1.0944730299877732,1.1134069923083187,1.1329471737059555
experiment_082,1.0312514813774423,1.0443010308255662,1.047326866670768,1.0511038600626845,1.030248833666401,1.0506338255697245,1.053086825508629,1.0568630921053546,1.0643148092263133,1.0699677887263448,1.0742872842057345,1.078155826765788,1.0829054168482537,1.0920272687448735,1.0958216128671208,1.103615039073348,1.1118785023903013,1.1168293793035442,1.1250052849041354,1.13729567307262,1.1421292681777961,1.1524208583239595,1.166375215619473,1.182882994958794,1.197502065384446,1.2078704790129478,1.2323613096225992,1.250682514243673,1.2672139982766288,1.2712352266632134,1.3189619891998046,1.336428529411812
experiment_083,1.0312514813774423,1.0313573583278854,1.0312452181695655,1.0412825101733847,1.0447634187636692,1.0386151940244197,1.0386967977911248,1.0397842856801331,1.0425331855874318,1.0461799181567277,1.0487327940311124,1.0511165426212628,1.0560652112524023,1.0572699553092912,1.0638218717950065,1.066478841273857,1.0770963151628847,1.0826467711264978,1.0918648427979807,1.1003349633090629,1.1148731589948586,1.1207101407217668,1.1402353020050635,1.15800306752666,1.1761132774465533,1.1894011545942589,1.2186354440743576,1.2421873447308578,1.2710572938105869,1.3051066140045724,1.3378951477243852,1.37365450218306
experiment_084,1.0312514813774423,1.0317787781309533,1.041938715248806,1.0428546259752796,1.0452790652074364,1.0384220945164133,1.0387668820632654,1.039737161679298,1.0432781620752312,1.0448854122866518,1.0463931927557346,1.0482074993536508,1.0499752529351012,1.0530843417131945,1.0558727000322474,1.0590883802336117,1.062791665792722,1.064723004140045,1.0697016326821094,1.0774336107035876,1.0822302695212032,1.0920096530341254,1.1020494129242981,1.1085503801247318,1.1201562009626513,1.1365446638893006,1.1478010495361224,1.1572772945506662,1.1840253853473253,1.2110304431163843,1.2286605220298072,1.256477426690146
experiment_085,1.0312514813774423,1.042546588135144,1.0435732536289377,1.0456054688506171,1.0504384361637906,1.043125495313072,1.0447543808472386,1.047191182829481,1.0508328133259872,1.0548585940918633,1.0578030482338885,1.0626320132954739,1.0665521474258313,1.0712776662370234,1.077106905990916,1.079722773106448,1.0854839904288505,1.0965252025550307,1.104896667250468,1.111803259994265,1.1245026378580942,1.1343330618891019,1.137298902828194,1.1532385628995407,1.1658083117117193,1.1793688819332684,1.1931079452231879,1.2069256981988012,1.2260289643469986,1.2466569805712597,1.263485675005043,1.2716826142633366
experiment_086,1.0312514813774423,1.0423199581428721,1.043139008492164,1.0448817825676173,1.0483614620608381,1.0405207231248967,1.0426865048075413,1.0451879696214288,1.0546522917608563,1.0565129018260124,1.0606329274095805,1.0699287193501583,1.076282733943729,1.0884075982764372,1.1006084852925107,1.116483884439007,1.1326605611178173,1.148712727679276,1.1798803251677945,1.1999920444731813,1.2419831786516746,1.288699881357655,1.3363677730639765,1.3908558976061505,1.473720508914102,1.5378339324320007,1.6519147030321473,1.792301796932896,1.9062327208707046,2.1315073769279578,2.3924063304611134,2.7181787804570057
experiment_087,1.0312514813774423,1.043146690140931,1.0449952691389888,1.0474970248649558,1.0378636062562414,1.045008196850709,1.0466227997586295,1.049384946705667,1.0561476750993426,1.057568380848751,1.061918627379937,1.0656947412209565,1.0692241287952071,1.073634162632277,1.0793391336449143,1.0830451881724537,1.0888606169970734,1.0911083353874997,1.0993094291427872,1.1056321039244463,1.1149259692479192,1.12091412343938,1.126472727227755,1.1374448501003667,1.1482619366901283,1.15521177458784,1.1626191221590236,1.1765940770565806,1.1761926580653856,1.1869439260207557,1.2033198180920022,1.2095183434562207
experiment_088,1.0312514813774423,1.0345863865051328,1.0252559828920478,1.024298271055717,1.0181210824957323,1.0300979183661338,1.028763145939003,1.028629904165085,1.0293105402798637,1.0289687130935492,1.028820590249821,1.029026832911971,1.0292953342860165,1.029693391376314,1.0293923153721098,1.0317274352835395,1.0327988301958941,1.0339647793371955,1.0363077995694836,1.0392395298738983,1.0421991138664908,1.04441998685384,1.0494739953273067,1.054085806423636,1.0594034181834426,1.0676946128325209,1.0768843108774881,1.0869378995633172,1.0998797459617253,1.1127342218112375,1.1272877459017931,1.148865536047061
experiment_089,1.0312514813774423,1.0419092851301643,1.0424207938244077,1.043545508151915,1.047029247228931,1.0396630602606594,1.0405998049471166,1.0420851714793784,1.0475083459852097,1.0495201861616725,1.052739178013622,1.0543342205566568,1.0571864415891197,1.0591399261524375,1.0643426083974705,1.0681331888602572,1.0733517453364272,1.0760306506739201,1.0857563142833497,1.0894401488482075,1.0956358479063488,1.105098255878572,1.116166515633096,1.123116969557057,1.1369266945814887,1.1517838795918567,1.1617082208649172,1.1762074862903704,1.190570752979857,1.2063614851216293,1.2297937207504228,1.2506240569192684
experiment_090,1.0312514813774423,1.0419771692967916,1.0423163671358593,1.0433466361339427,1.046738630392852,1.0385269112578972,1.040091803269759,1.0402265107767352,1.0434166423242826,1.0443289671338014,1.044637711178251,1.0458289958230764,1.0466244619303593,1.0478492835360176,1.0495790743480558,1.0510455816295956,1.0506911123761526,1.0546904164586888,1.0540646788534156,1.0586614516047643,1.0589768206200874,1.0634504740616102,1.0651029953624236,1.0695959544521503,1.072242538379843,1.0755989137441708,1.0773055456872616,1.085120024972848,1.088493408219387,1.0930472752253848,1.0968428735738465,1.1049049270323568
experiment_091,1.0312514813774423,1.043928765301291,1.0467004255842156,1.0497608406534522,1.027207396241891,1.0463535544784492,1.0505354778681013,1.0534160252634484,1.0618320105605683,1.0636756211495673,1.0684295185864439,1.0728769136099419,1.0738192069748806,1.0792369055537874,1.0838869461475968,1.0851440152342862,1.0957932866394995,1.098998844884578,1.1060777044648897,1.1112261314707896,1.119244095973808,1.1299076445713327,1.1393583451727967,1.1452486853320802,1.1553493681225357,1.1643522510392943,1.1842485918477816,1.193612074611922,1.2042384476873957,1.2225738282893661,1.2430280438885217,1.2599346502385824
experiment_092,1.0312514813774423,1.04399434750781,1.0466790890930067,1.0504098645570725,1.032460743867151,1.0495566245204402,1.0530718397398033,1.054959656636896,1.0658964033273453,1.0685628854757039,1.0770586863744203,1.0811546296300243,1.083509962763047,1.093815965450666,1.0979059854316615,1.1043674075793468,1.115990910502661,1.1241965011233999,1.1316152615333934,1.1356366111634253,1.1470868903502367,1.1565488725677442,1.1688497540520506,1.1733275799234775,1.184466174324406,1.196629171959871,1.2061243717471113,1.2167248180595973,1.2213587832927906,1.2266032803016051,1.2340109464310969,1.2476490451878355
experiment_093,1.0312514813774423,1.0425502125765471,1.0437667057243416,1.0457557511934554,1.0494857873682626,1.0415982353480504,1.0436853893813862,1.0467486215127872,1.0549700405142606,1.0594130780444733,1.0634702116226318,1.068297315766977,1.073439465899896,1.0787837980172057,1.0879618450200836,1.0951628247541394,1.1032491402813265,1.1183086101553756,1.1315386476919536,1.1475462291009804,1.1582689935884467,1.1815903082486847,1.2019944517429026,1.2257036601920348,1.2558952665521321,1.2802872032959254,1.3249991858525745,1.356329103031001,1.4145394040570778,1.4586069218789204,1.5211137800615668,1.561248714028458
experiment_094,1.0312514813774423,1.042879744835549,1.0446067470737483,1.0473108961495254,1.0391056261239358,1.0459267438734916,1.0487847442283267,1.0511082189513128,1.058336457254078,1.0587929370133324,1.0651321192092655,1.067642438618494,1.0736450019520274,1.0807774034643467,1.084472138728431,1.0885109469233405,1.0952939976062552,1.100145447652298,1.1085906068760132,1.1194395565134938,1.1246616832944398,1.1275858717206502,1.1395296268787745,1.1532458407650432,1.1649882412153323,1.1678635436829405,1.1864240987095689,1.1921427267633407,1.201507202725269,1.2193015950774257,1.219231818775115,1.222834467553993
experiment_095,1.0312514813774423,1.0309335291236004,1.0303243406444318,1.0292404907427377,1.0301347044829319,1.03310117058896,1.032333598415409,1.0335416914613584,1.0357604828252598,1.0365670618931255,1.0376518598770605,1.039582140123145,1.0415491066964329,1.0443628836518126,1.0474691085554113,1.0508668398114651,1.0547005806886918,1.0603029382586553,1.0661486340981867,1.0720358213048065,1.0811541451592248,1.0914017131966678,1.1033996426850512,1.116398261371328,1.1337515754575138,1.1494855834947162,1.1808550603566765,1.2011414948574908,1.23933886834231,1.2639686745880756,1.2953379624880237,1.356954972580663
experiment_096,1.0312514813774423,1.0297130022151246,1.027021518529143,1.02570449489097,1.0252863613833498,1.026777561824053,1.0254673802799552,1.02452508645413,1.0245109060660982,1.0243894443146173,1.023654507433868,1.0235236960143657,1.0232994903295143,1.023038153818438,1.023286709299922,1.023628830957992,1.024233376751135,1.0250417249892174,1.0260773590020482,1.0277664710001495,1.0288113965233001,1.0308637341252722,1.0331311360190614,1.0364114606033341,1.0401496808340622,1.0436305838596438,1.0474169605908195,1.0510989208125379,1.0585945795460872,1.0638779006798336,1.074150062475815,1.0836219545287338
experiment_097,1.0312514813774423,1.0459266057489287,1.0508879690160555,1.0298092733252378,1.0470229292875242,1.0574330980552726,1.0625005530480935,1.0702075321205164,1.0856473320607383,1.0936730369227932,1.1031988917092936,1.1157363922770178,1.126440841715195,1.1433455745089884,1.157242101207445,1.177310761280981,1.1920661837916575,1.2139723769434845,1.2330611986145843,1.2563547098657368,1.289801984449044,1.3121028653014049,1.3654035105595526,1.3891382861854107,1.4286945017399477,1.4839664480998822,1.5372310418795736,1.6007918183460401,1.6552448780538487,1.7247446098782047,1.854571751540083,1.9464524597306996
experiment_098,1.0312514813774423,1.0314857742959271,1.0314303642664155,1.0417445985662614,1.0450765512482045,1.0391172648410396,1.0396934486774148,1.040129754121949,1.0436273730520402,1.0456074453392845,1.0491415912906372,1.050559801705411,1.052029485005967,1.0574845944587525,1.062790844278406,1.0658342882295857,1.0707929452577516,1.0774388713332723,1.0806441919411613,1.0895668897059654,1.0992238534734604,1.1081849050760935,1.1209794178596342,1.1326039366295269,1.1371395391350194,1.1565645535075093,1.1740363032821626,1.1983684356912323,1.2129492349741287,1.2270965454786964,1.2641753778678015,1.2847781801797413
experiment_099,1.0312514813774423,1.0266069580230595,1.0233493667322688,1.0211785458355995,1.0200256433527541,1.0197528300358987,1.0183248403808798,1.0168078916677035,1.0180086548355192,1.0171928027887738,1.0171664092282242,1.016976343936961,1.017170449651682,1.017667775605855,1.018440288483201,1.0195531578332382,1.0209243585535117,1.0228437986020464,1.025612582536922,1.0283451880936767,1.0323516461553346,1.0375297867711053,1.043502752944138,1.0503802178410806,1.0615316415668437,1.0721632933548608,1.0900041592329972,1.11292515975745,1.136946079415831,1.1734962210500923,1.2161058132596854,1.2626669067792622
experiment_100,1.0312514813774423,1.042430236740333,1.0436417008773387,1.0450529644470883,1.0492544868038445,1.0423587971617485,1.0440065996316767,1.0446071469204883,1.0482878660148383,1.0497730124184506,1.050003150179704,1.0515330301932373,1.0502458361292555,1.0531033409918034,1.053294124822176,1.053339894290568,1.0533716678643048,1.0536262422917761,1.0534794788558544,1.0537622016600123,1.054905591078854,1.0537765604675724,1.0541440115183773,1.0542599467534104,1.0534977567713133,1.051571229703675,1.05344862619511,1.052954745374572,1.0524537450326132,1.0515617906875805,1.050954116586625,1.0484596889071385
experiment_101,1.0312514813774423,1.0317253448540749,1.0415247019031153,1.0420840633192745,1.044376708820298,1.0367480517163177,1.0361593159648679,1.0355811161914854,1.0390357504298708,1.0389605013891285,1.0392986958714705,1.0401487180719353,1.0413220229736289,1.0424503369763893,1.044240595696829,1.0461581360096193,1.0484289820974788,1.0502792869888442,1.0529221553347305,1.0557557442078878,1.0568570727770894,1.0617995611326396,1.065806941978427,1.0716202960085752,1.077790601420295,1.0802181376317725,1.0900303679768004,1.0995173227686312,1.1047838370501162,1.1189337510911257,1.1288305230258464,1.1405811297016075
experiment_102,1.0312514813774423,1.0304292082418733,1.0256496652170446,1.025171646860778,1.026410579780005,1.0317550814644876,1.0313575861953799,1.032043121180376,1.0350228418141283,1.0357298697059252,1.0369440316532281,1.039122960752081,1.0417071663787623,1.0442328866621624,1.0465549871445694,1.0518420400295274,1.056836939089385,1.0595822926650258,1.0697187887203365,1.0739238072590465,1.0847415568087062,1.0929666709851926,1.104898843740276,1.1252772865002345,1.139728300622759,1.1572708044558668,1.1890683827398383,1.2170923199103878,1.2379896116663316,1.2712172556953962,1.3223227531895572,1.3660866259728142
experiment_103,1.0312514813774423,1.031702301275513,1.041737460855028,1.0427965103149266,1.0459488179443654,1.0383409736104796,1.0402035174147757,1.0422046071761075,1.0493314904685145,1.0512125330455615,1.056197414507372,1.0594499471161525,1.0642381744185998,1.0710660828720737,1.0758352499508361,1.086124535636717,1.0960436153772808,1.1082590634895129,1.118172243669976,1.1391558490113465,1.1551951529673061,1.1713689610354774,1.1999781527392415,1.2361622199789537,1.2617485458976712,1.2997480316242762,1.3436345374888996,1.3975336157557579,1.4663891137276936,1.5258402992431037,1.6258187334610608,1.7358708871790935
experiment_104,1.0312514813774423,1.0315350161512564,1.0315961694082094,1.0418057834151215,1.0451196380410221,1.0384965243182454,1.0393090293522866,1.0398777346760144,1.0430334142365536,1.044496559166216,1.046109340972265,1.0467123911044038,1.0484675590507277,1.051954210767171,1.0546287032355883,1.0577819467380674,1.0592840211051868,1.063487807787789,1.0688526304500043,1.0748666592731757,1.0810646164501179,1.08753442640311,1.0927319485269769,1.0990946936304928,1.1107851205424337,1.1222505166930312,1.1253062759611543,1.144252077528201,1.1618312205457118,1.1677055368754252,1.1835510026980678,1.2068786666977813
experiment_105,1.0312514813774423,1.042418954493069,1.0438069368712701,1.0459498446182334,1.0505991799552028,1.043978759109464,1.046071154999324,1.0493837843333857,1.0564512802215507,1.06122932558192,1.0646822250768342,1.0737273337658844,1.079751202530584,1.0887557069243492,1.0949995261738643,1.1069342589593454,1.117411068429662,1.1312884421449614,1.1436221817338654,1.161284920756828,1.179258888478122,1.203550178110501,1.2258080244567038,1.2469096238202073,1.274818396086205,1.2964765441391044,1.3309529145698995,1.3834884173146251,1.4051404465037605,1.440324118224577,1.5072382570832557,1.5689742572186223
experiment_106,1.0312514813774423,1.034453381679701,1.0249799086703528,1.023944516456366,1.0246436402491361,1.0295424864158178,1.028020260018774,1.0269905241044834,1.0289321492714871,1.0280227625380478,1.0281437131481415,1.0277483006121522,1.0276928860712018,1.0275920923012658,1.0276850321410744,1.0284683114011224,1.0290821563903882,1.0302869523116691,1.0309317829990514,1.032652125913231,1.0335472638744618,1.0350235513089092,1.0374136283239208,1.0406204815068647,1.0430604218831137,1.0470953972723558,1.0492153412152245,1.0563277361904568,1.060868608071727,1.0674028219054184,1.0743417406804845,1.0788706578569405
experiment_107,1.0312514813774423,1.042605998699097,1.0437908302985917,1.0456858045098958,1.04989761225962,1.0423702446296357,1.043884134251975,1.0451767417390518,1.0493845192662903,1.051002219350537,1.0540029240986173,1.0551941964078395,1.0562821747030777,1.0582221337439184,1.0605058531662528,1.0624845761218893,1.0653761266084334,1.0640961344205866,1.0692616226345577,1.0697559447943814,1.072903202798503,1.0769892116680213,1.0774859214766699,1.0819587095726504,1.08295312108409,1.0860466894596672,1.0847954966698103,1.088827145374821,1.095039594177036,1.0973417436244293,1.0994892834063577,1.1008021633565652
experiment_108,1.0312514813774423,1.0446379519530058,1.0481284635308303,1.0521076323552365,1.03139943259212,1.0518647478590464,1.0554189370664637,1.0581387970980582,1.0631527625776247,1.0648395205178454,1.0681366408728104,1.0718795721984218,1.0751078717554932,1.0767600608010275,1.0792085279202184,1.0841180403008877,1.0866559061725385,1.0884387469967283,1.087747059730169,1.092322506425696,1.0942813282766668,1.0956191655772993,1.098792805878473,1.099824571600096,1.1007220104231639,1.1046996633060415,1.1020586252079883,1.1045216968013565,1.1084783543393633,1.108736133361674,1.1094462295669423,1.1105703307694874
experiment_109,1.0312514813774423,1.0424422741666444,1.0428157378184986,1.0436755944834215,1.0463456382063308,1.0378715263072453,1.0377943177592304,1.036310047912613,1.037181222336007,1.0355009718842565,1.0343462566436075,1.0335058574033729,1.032144576862702,1.0311361937982515,1.0296208311682147,1.0282148497215382,1.0273479232941103,1.0264593051766338,1.0255628064662012,1.0248957144958835,1.0240638521198118,1.0233747591252051,1.022824838241721,1.022119567888375,1.0219578768286794,1.0214832754694323,1.0212202662540133,1.0211037982129558,1.0212008096948801,1.0212263805069388,1.021261264036712,1.0213711679305866
experiment_110,1.0312514813774423,1.043315299278591,1.045094156443144,1.0476624607175782,1.0378792010985007,1.0431783495591678,1.0454876421735808,1.0476369399677974,1.0559915847893868,1.0588559685280496,1.0625771036156395,1.066949582910248,1.0705865731612014,1.0752508521899886,1.0787467897544865,1.0864245227743161,1.092038851041377,1.097375353590239,1.1017635032866138,1.1122427228947476,1.1193351513216436,1.126161209589466,1.1358307813049915,1.1437427059597014,1.1533579165874448,1.160256964124755,1.1761386062623367,1.1851558259230908,1.1975474187537658,1.2179019749981235,1.2329520077029947,1.2477937826785654
experiment_111,1.0312514813774423,1.0420978198276465,1.042631581881911,1.0435682284233823,1.045378111055915,1.0370009817462111,1.037793824908442,1.0382275292371868,1.0408264272183636,1.0407919057511448,1.0419588544211993,1.0433080833784465,1.0453971363898484,1.0467705444161188,1.0491239256574572,1.0515994259864236,1.054057026353605,1.0577119845972278,1.0604125073184667,1.0644194248062364,1.0703029502982537,1.0766354963771105,1.0804296310519224,1.0872661032104696,1.0943958812662564,1.1072647290326636,1.1132381265787747,1.1271632786442216,1.1411347026796224,1.1564520630116184,1.1749212824714286,1.1914600148815342
experiment_112,1.0312514813774423,1.0430716480789597,1.0448657123490226,1.0467903380330539,1.0377654217351748,1.0432685043136756,1.0457151220692849,1.046357926015904,1.0500223938870326,1.0501891406663613,1.05230954790535,1.0543762937155314,1.055482427019052,1.0555070980618766,1.0569676223802393,1.0588250672070336,1.0615018649330479,1.0634777844749939,1.0652607916832144,1.0681033081703422,1.0703618505233399,1.0708643385857868,1.0767806576451766,1.0802227105208295,1.084916746364579,1.0888297480064788,1.0946886665479725,1.1011692083598934,1.1055161017751778,1.1142625771161532,1.1174486135086603,1.1261091771620166
experiment_113,1.0312514813774423,1.0317459103687059,1.0416569325693608,1.0424226029247443,1.0447789662897369,1.0366387196420817,1.038196460666751,1.038466040757596,1.04225819745979,1.0427519080337126,1.0420584149988255,1.042216097044886,1.0441592922310219,1.0465449488433916,1.0479403501187996,1.0492647850928132,1.0520629543290847,1.052506667764406,1.0553680170702038,1.058839181395346,1.061660036859808,1.0627707010759095,1.0677942611805609,1.070070337062475,1.0733431720789495,1.0801607507815505,1.0841676806117628,1.090642870887859,1.0957842190799312,1.1031526179950095,1.112780360967187,1.1165648025400958
experiment_114,1.0312514813774423,1.0453909310762244,1.0496103240820707,1.0397221025489245,1.0331779137974455,1.0556242001401437,1.0575740910689415,1.062092046029945,1.0713663620278506,1.074120406344005,1.0768911708089153,1.0782790999208602,1.081971764664009,1.082099294501221,1.0832316211012094,1.0839484125687704,1.0825125436124967,1.0845721282132175,1.0839491609661394,1.083873195120136,1.083559363870431,1.081941269673673,1.0800967890606983,1.0752447344906289,1.0752732276002757,1.0712395838328705,1.0694295811115802,1.0650910712668182,1.064529968936165,1.059825050354532,1.0578105745997601,1.0540280661202608
experiment_115,1.0312514813774423,1.044236757357856,1.0466086931998373,1.0493456965742292,1.039041425114987,1.0445452905078727,1.0458703066825108,1.0467891594531504,1.0494610312663573,1.0510050444194576,1.0508111745738415,1.0505758079786198,1.0509245795606794,1.0506833633196406,1.0509055862630676,1.050013846750947,1.0494780154925845,1.0474685043401593,1.0472772404795176,1.047196818319717,1.046618852275021,1.0455532527618674,1.0446636244489023,1.0431541358567245,1.0417667095800185,1.0412273801958996,1.0400190705277041,1.039045054924311,1.0377073553775515,1.0357916383615593,1.0349267826817656,1.0339641499265346
experiment_116,1.0312514813774423,1.027750920322185,1.0254435856823538,1.0237735235967758,1.022952887945395,1.0237603324487334,1.0226955406860012,1.022053470602968,1.0228368355549695,1.0224575084194965,1.0225293220285065,1.0227807304409533,1.023419879490652,1.0238876614059098,1.024645955669708,1.0261268959101928,1.0275470079160256,1.0297203281063945,1.0317442014554565,1.0351096109480906,1.03819055979119,1.0424040813214228,1.0475754005549829,1.0529785564880434,1.061132709672304,1.0701444385967962,1.081041236690185,1.0929539979757863,1.1107984988156003,1.1309230255415175,1.145633398648828,1.183543341775868
experiment_117,1.0312514813774423,1.0309957945814763,1.0354584450426878,1.026848867890527,1.020989057606007,1.0350588779367647,1.035677487628572,1.0359121896249115,1.0387404077084195,1.0401766821907088,1.0412767689348212,1.0420649586822266,1.0446102635864372,1.0471307554580447,1.0474950966083305,1.0529881748895769,1.0548840057456406,1.060174839321728,1.0662268346481591,1.073741099220468,1.0797758410527947,1.088140570752933,1.0992855534783461,1.106124332467377,1.1186942901454273,1.1356804862092909,1.1523893041595887,1.1647880576586755,1.189545891722315,1.2046590565775952,1.2258005635404885,1.264276975347379
experiment_118,1.0312514813774423,1.0422719210892117,1.0433590588058217,1.0450851804119554,1.0493375828234675,1.0422878154006148,1.0445805537870778,1.0464382855872485,1.0506993337968231,1.0527606854163605,1.057009886410221,1.0606570093592986,1.0624728573869353,1.0655491160177586,1.0710219215702403,1.0760482237633617,1.08079951038083,1.0880835574700949,1.0923189969701017,1.0971110520250347,1.1076480592584712,1.1174532777160477,1.1240858069375557,1.130716248868052,1.1448492146742504,1.1556173929034164,1.166751675532914,1.1802214724284579,1.1984353839077733,1.2140844331682714,1.2371614822465775,1.2397645498013836
experiment_119,1.0312514813774423,1.0260494711806287,1.0245862344424959,1.023578998024078,1.0241963463019284,1.0288015773742891,1.027213576276754,1.0267829490918923,1.028938115338129,1.029488054573703,1.0304341544822018,1.0310460600587965,1.0322320683848716,1.0338774187511692,1.0350650667611057,1.0361960456705663,1.0399413114348077,1.0435099596743855,1.0471712871605576,1.050935329430452,1.057079938220853,1.0622675576364329,1.0705968809643553,1.0783271970075954,1.0876593931212275,1.0952512214144183,1.1101990962612476,1.1246826519112167,1.142231565736741,1.158190618475752,1.1805057338377924,1.2039979752570644
experiment_120,1.0312514813774423,1.0301499635073301,1.028289868415604,1.027381736948229,1.0275873801577895,1.0298047125551424,1.0293161045578416,1.0290871312712537,1.0312347447509775,1.0318377431034191,1.0318743329756437,1.0325294344381806,1.0326254916173911,1.0338913437419623,1.0344652718075817,1.0365671476771638,1.0372006906687667,1.0412902766189307,1.0431170527746767,1.045759193586028,1.048767996879457,1.053019301024569,1.0552628698998938,1.0604767124718804,1.068487140240358,1.072907625435898,1.0815927246877564,1.0916695400944034,1.1006681700174625,1.110868007214405,1.1219358629367062,1.135250256790457
experiment_121,1.0312514813774423,1.0426070417460942,1.044086622460386,1.0462698735292455,1.0380348178288035,1.0448380899788872,1.0478752749272289,1.0502387702855611,1.0534680571556077,1.0577286679410594,1.0629697673806182,1.0667365716075143,1.0683150093150588,1.0750538889861483,1.0835581025713987,1.0905321013866227,1.0944467719665003,1.1059051848396715,1.1172628450451259,1.1205735771307066,1.1370225093168271,1.1396976994961732,1.1522461865242208,1.1694915414117995,1.18029200372281,1.2106737046103904,1.2193382192811741,1.2472787435960822,1.2692180195935696,1.2861067977745435,1.3134502039195421,1.3513241026042413
experiment_122,1.0312514813774423,1.0313429251348887,1.0260918778005066,1.02595034794653,1.0220041911231372,1.0366977611413561,1.0360835851321875,1.0359771911084035,1.0380612917012493,1.037475233319548,1.0391445472765053,1.0389971184898787,1.0394080244091626,1.0398553362889669,1.0415623290983145,1.0398950181193924,1.0412613863072033,1.043767260126786,1.0443982051630374,1.0451293444399363,1.0470314976085247,1.0487225800920048,1.0507802266547914,1.0525334277848253,1.05444561847067,1.0568604608129382,1.0601954983179176,1.0648858185149999,1.0688435666972973,1.0705049838425758,1.075176343642226,1.0805680987480775
experiment_123,1.0312514813774423,1.0426745292345103,1.0436903907425379,1.0454168544744642,1.049356971727934,1.0415881627970538,1.0429134170666077,1.0440567769247044,1.0473652871160168,1.0480455966195614,1.0512965568330404,1.0523257982139367,1.0542766903193366,1.055150007788321,1.0568870969431978,1.0575819034409653,1.0594525850137406,1.060877389728582,1.0637296811267378,1.0675410485614092,1.0690249801084155,1.073266690790615,1.0716873568320793,1.078517196203339,1.0852076637266619,1.088649303345277,1.0961623194082324,1.1005447942101805,1.1092938557243226,1.1155829830964634,1.1249173932931034,1.1374779373629678
experiment_124,1.0312514813774423,1.0439934619783549,1.046540482081429,1.0497670475447576,1.0314696117849218,1.0467964877207614,1.047975107347505,1.0515387769700482,1.0580394538815685,1.0625008010107937,1.0652640256271861,1.06593408302985,1.0703126611124554,1.0778763787017454,1.07992335003767,1.0844978448398563,1.0901637359188034,1.09451997817228,1.0993517733008173,1.1053845368078687,1.1084069369880825,1.1149895142986341,1.1219065839689424,1.1255917813196032,1.1337231719926597,1.1417840841529114,1.1505494443600686,1.151534364122423,1.158888762691735,1.1667811261529404,1.1634760376922597,1.179657559643994
experiment_125,1.0312514813774423,1.042156055490448,1.042891751435612,1.0444607555078163,1.0477337544117724,1.040109852665959,1.041355319179836,1.0438264022267616,1.0500079923728243,1.0532667262570903,1.0564999959111285,1.057880131148091,1.0665171512449878,1.0708668964332135,1.0780482434660652,1.0836774753432565,1.0960050873176874,1.1051569203254827,1.1147618144965468,1.1312779090746599,1.1497788070230692,1.1659611705170074,1.186157651667803,1.2012745484878682,1.2324448797427754,1.2678427096023266,1.2845261213101846,1.3486510067498216,1.3828086802010178,1.4493085433788435,1.5222639982505801,1.601118166692069
experiment_126,1.0312514813774423,1.0447642784173568,1.0481923835079585,1.0380047044862852,1.0302871630364665,1.0501986314411602,1.0520146076100088,1.0555446541251865,1.0647932010343013,1.0679886898894628,1.070897811576568,1.073142441354842,1.0747769759320522,1.0781743120215408,1.0800170258813326,1.0804487314998992,1.084858351101989,1.0835231863051416,1.0855341709548139,1.0878227432830698,1.087688282231717,1.0885715921619337,1.09383686458884,1.0877297923300964,1.0950428989905026,1.0963605588328913,1.0970096488056469,1.0958449417811962,1.096080971664665,1.095610033898086,1.095507777879825,1.098735326198746
experiment_127,1.0312514813774423,1.0312793381310907,1.0310970409214864,1.0313248930905239,1.0430372587223835,1.0366718547276876,1.0366479716288448,1.0375460830367405,1.0396253946426524,1.0406139567146062,1.0423660599124824,1.0434770656099785,1.04591190089688,1.04635611407816,1.0502387773576822,1.053797507511566,1.0574281865384607,1.0610488802065754,1.064539986813409,1.0718305117712574,1.0749401689451947,1.0819471770348215,1.092533508137221,1.1020702168323335,1.111883506959372,1.1237115564431095,1.1380817198298452,1.1519030640969148,1.168323287682043,1.1806356095596655,1.2047398266575249,1.2384273353584458
experiment_128,1.0312514813774423,1.0467098507403818,1.0382974566608818,1.0308173944487953,1.0486913187273592,1.0600966751973453,1.0655108646085418,1.0713311778178272,1.0889566317328192,1.0945382056720436,1.1035217572865275,1.1103563598448507,1.1203988568936698,1.1235737604055456,1.1383068114423551,1.1473278224714067,1.1488349613625521,1.154626703608602,1.1770423105376868,1.1776926482559644,1.1858459436328888,1.204317345373907,1.2114321808896318,1.226997852442542,1.2339848727698088,1.242073299490601,1.2416852593235561,1.254339552526375,1.267692830822855,1.2852977795968021,1.2966711411772918,1.305686408365239
experiment_129,1.0312514813774423,1.0426545770047901,1.0437924904013471,1.0456175110839832,1.0369786664139373,1.0429207913761853,1.0437010835668081,1.0434179205729577,1.0491992179277096,1.049953231038823,1.051179436919616,1.05243385693737,1.054960262906193,1.0575794127364548,1.0585026343670552,1.0626393434209664,1.0633614636555218,1.0681769398581589,1.0691336657574473,1.0757175507334886,1.0817905459049162,1.086433670100606,1.0892934235566396,1.1009016956926025,1.108195015274588,1.1100850900669612,1.1231924720046536,1.13813878885712,1.1540642264389238,1.1671847937083757,1.1830037097411439,1.2052259809242984
experiment_130,1.0312514813774423,1.025800242369432,1.0239401951637213,1.0224587472781794,1.0176338064997783,1.0265937902429132,1.0254117046056528,1.02443819621525,1.024051309957305,1.0238550287479673,1.0230027902244725,1.0228485722553802,1.0225737711968048,1.0225550261949627,1.0225200832575891,1.0228065979151004,1.0234371733399237,1.0243766932862328,1.0254697764565395,1.0261460071323274,1.0281019971273555,1.0300745402231042,1.032046423620578,1.034648682553284,1.0371219667823077,1.0414830432032174,1.044837076905742,1.049886965014552,1.0549545462689234,1.0636095198311306,1.0693807609780366,1.0789854568737989
experiment_131,1.0312514813774423,1.0305048141356368,1.0265041024795987,1.0351391984547695,1.0372940244904838,1.035765794042917,1.0367123793820248,1.0395512259862083,1.0438979277348652,1.0474092385088598,1.052620660213759,1.0597293397485317,1.0653792150824808,1.0754409974401657,1.0863695443687182,1.098116017797481,1.1144443225871639,1.1325914374654527,1.1481567105645338,1.1684585004517483,1.2041134716098947,1.2379494094259755,1.271803254538666,1.3149100909123312,1.3557754734945238,1.4241315997759747,1.477165435556969,1.569524200031534,1.6614325054292451,1.7449031240293822,1.8589179579653503,1.9982197631344176
experiment_132,1.0312514813774423,1.027567652970416,1.0251085017441366,1.0232392548772045,1.022242164549912,1.0229218543483294,1.0216081146997373,1.0205869280145312,1.0208084551310677,1.020417689615745,1.0194372442100577,1.019207152293015,1.0196527286350032,1.0196868232963723,1.0198391674294842,1.020444805436955,1.0215520768164668,1.022428811987189,1.0238657794447865,1.0252438985879249,1.0274304577425912,1.0299027721584066,1.032718935024677,1.0368905222753373,1.0405081442216513,1.0444314992330102,1.0513974987826664,1.059825192795445,1.0671790993605426,1.079519624453223,1.0924701734255446,1.11151973459673
experiment_133,1.0312514813774423,1.028567525415458,1.026219778308778,1.0248927550360152,1.0242704583475857,1.0271435053617326,1.0264586023114408,1.0260453298490828,1.0282877951319778,1.0291544840828637,1.0299496230260892,1.0314519721965514,1.033105635115049,1.035478151448142,1.0378523596949405,1.04164018960855,1.045133171866155,1.0498372491406998,1.0562998226942304,1.0647775152753984,1.073237271661527,1.0878962695427035,1.099629533995423,1.1211555141186953,1.1412582829178102,1.1692206360857553,1.2004383788100692,1.2392260706144418,1.2836439287460775,1.350757946676994,1.41467646209332,1.5161242168568454
experiment_134,1.0312514813774423,1.031336608578323,1.0409084850824757,1.0299205977617922,1.0430400377396556,1.0363788495837996,1.0361928851680102,1.0362592367060444,1.0395873297079519,1.039172335958443,1.039381489698983,1.0394417206893523,1.040516828914416,1.0412377321240374,1.0413515839754393,1.0412403484324397,1.0449716543581433,1.0454152975712108,1.0485047229812,1.0505986681343724,1.053538953731342,1.0564986702381356,1.0598348169841194,1.0648295971686574,1.06911918549331,1.075057812558106,1.079910223259575,1.0881113667422282,1.0972523061211286,1.1068617310796744,1.1160166395458444,1.124621460398963
experiment_135,1.0312514813774423,1.0253174659143118,1.0230908461779755,1.0206599980311415,1.0226169317473686,1.0252443714577135,1.0237739560891268,1.022679956498584,1.0234408895414628,1.0228708323057438,1.0227684492697624,1.0218953595631042,1.0229834291762971,1.0238562092511747,1.024773482529455,1.026308329592994,1.0270455927814666,1.0304704790871906,1.0331784816549334,1.0367037866711206,1.041318919747897,1.0464582532194158,1.0528873058326866,1.0605496868251005,1.0703630820256085,1.0804414598231782,1.0922330626159846,1.108451734985469,1.1239638186301286,1.1470840864472547,1.1758978227790944,1.204617022767951
experiment_136,1.0312514813774423,1.0315946970895091,1.0263364303445417,1.0204024824707785,1.0222081278569,1.0341917570009438,1.0350841994771725,1.0345383719706447,1.0353448620431231,1.0350292888185972,1.0339536379107024,1.0326258019674663,1.0329350554274062,1.03271700619151,1.0319882435454635,1.031520701774524,1.02996424341563,1.030895303326118,1.029843519427906,1.0309907587787186,1.0312155823030598,1.0312811075994486,1.0313796553875998,1.0318602300833541,1.0321272475517824,1.032455413815901,1.033873294408355,1.0346113963780725,1.035963581911362,1.036712121133276,1.0386967068463107,1.0390748770389577
experiment_137,1.0312514813774423,1.0434284992848626,1.044921554936292,1.0471487105468176,1.0376209255650184,1.0423265690106247,1.0437973282910407,1.045083329478811,1.048018643373353,1.0488920286874979,1.0506700359272816,1.0521306795844885,1.050973714610719,1.0534264207719473,1.0521476713529623,1.0553057475746068,1.05570489934763,1.0566519403832229,1.0558203566636404,1.0577027244066861,1.0578520200201593,1.0604716990080496,1.061677203447244,1.0628556097900055,1.0642025971038171,1.063813757413282,1.0665873878423553,1.068039894419117,1.0664347149305948,1.0722662806471552,1.0710770131357925,1.0748754755359444
experiment_138,1.0312514813774423,1.0434693604001282,1.0454761334251357,1.0483309975767083,1.0311998951377777,1.0465042169940957,1.0484682271349883,1.0501463639175315,1.0537455128132627,1.055245761512418,1.058430506725803,1.0588982951393946,1.061635206002407,1.0632577735476338,1.0666086319211792,1.0691009451598454,1.0726004251104164,1.0747032255238969,1.0759683521991876,1.0761507662604963,1.0786563682065808,1.083672045687893,1.085964133632042,1.0889502396585007,1.0908463137989115,1.0949180010485977,1.0960441627561885,1.1002531463260061,1.101593106243712,1.107184605794038,1.106922155594083,1.1108814656381751
experiment_139,1.0312514813774423,1.0422792176637385,1.0428364847692722,1.0438250795001789,1.047207986416912,1.0398043985043457,1.040084102811646,1.040314935751642,1.044144715721225,1.0420025876113328,1.0454133276044584,1.045189842646322,1.0457760640602503,1.046579978055798,1.046572293371611,1.04886643189526,1.048870954845572,1.05214516874993,1.0528996905827148,1.0565526001606784,1.0594958009800273,1.0635938478848015,1.0658728507680582,1.0694916820440772,1.0744286259968696,1.0789353827080423,1.0824933878008893,1.0865480618813752,1.0919911204563557,1.1015764679705147,1.1044420452943278,1.1134678026900922
experiment_140,1.0312514813774423,1.0416330470294257,1.0419963943360067,1.0428673166999365,1.0465043838234949,1.0397772513293004,1.040307196190926,1.0406576206928861,1.044528444350317,1.0452591449755848,1.0451553970479792,1.0495306228789172,1.0507718559198067,1.0518261821663284,1.0531722342113752,1.0570557609646907,1.0615677779470807,1.0642301771572271,1.067514785831878,1.0711848507663555,1.0754730170766709,1.0812454812431265,1.0855879196528417,1.0921711329531953,1.0969071082444675,1.1020914955894345,1.1085041333880061,1.1150810589939353,1.1300889549266955,1.1352004249203906,1.1513708439834116,1.1555071090756641
experiment_141,1.0312514813774423,1.0299054553974702,1.0247497175113793,1.0237519970740352,1.0243807590371892,1.0286968075770766,1.0277764034149348,1.0270445960778376,1.0294654865611967,1.0295194937079268,1.0293629527563022,1.0297975465012161,1.0303805272466608,1.0324867293457052,1.0342385822919733,1.035245021462195,1.0396304015968902,1.0441811771856637,1.0490119583803081,1.0551161908939972,1.0634736024003115,1.0721887679540498,1.0842370687530472,1.0969136903956815,1.1160638538727041,1.1382486980355955,1.162865052330706,1.1862108997779048,1.2310299477855708,1.27478134968118,1.3271836357150841,1.3699971272120328
experiment_142,1.0312514813774423,1.0418895606229046,1.0424180480645275,1.0433014614874871,1.045236488322335,1.0373198665443648,1.0373493848647646,1.038368930994744,1.0404682652902368,1.0418193915533254,1.0425401336214184,1.0440543011636754,1.04492602506076,1.047624722691098,1.0486727935079538,1.0507098495926128,1.0514661751696428,1.055120105237675,1.0569743525463087,1.0585789983744724,1.0636605299244977,1.0645491332036034,1.0710868149799664,1.074463070623861,1.0787167024198852,1.0838450367509451,1.0859635673389925,1.0938705936889686,1.1024075729580458,1.1114058783617649,1.1170447816077986,1.1294638267023964
experiment_143,1.0312514813774423,1.0250918226533503,1.0225343293162554,1.0194773891014708,1.021519205751979,1.0234468782437098,1.0217225157044716,1.0206711643608017,1.0207676943958655,1.019841345819569,1.0192801954679251,1.0191216908381429,1.0192021655909882,1.0195327147040187,1.0197326586878384,1.021350481812803,1.023103282406605,1.0253750688516792,1.0281987720657808,1.0317788041824276,1.035597745253017,1.04112788616902,1.0472433404575479,1.0577673771421499,1.0680347296833534,1.0798090138426906,1.0961754785274902,1.1150956756588368,1.140808349260181,1.160257331628855,1.2024299356796284,1.2289801722832747
experiment_144,1.0312514813774423,1.0347090502188674,1.0255445328789374,1.0250272989196965,1.019071523314898,1.0328506649251625,1.0328186165809574,1.0325093156932306,1.0362916511828664,1.036503529622273,1.0385624787150547,1.0410687819710887,1.0445714295171626,1.049432399501701,1.0535585051615495,1.0595005776236162,1.0657563688250864,1.0710514760125265,1.081325460049922,1.0935881075556104,1.1079294046044337,1.1162492681334202,1.1281915969912686,1.1560352039380153,1.1705376137809154,1.1984633294959222,1.2236182971185772,1.263066811289831,1.2879330971665826,1.3434083835399364,1.385766007551632,1.4218407920994824
experiment_145,1.0312514813774423,1.0432214234843964,1.0451702850577886,1.0482562801951711,1.0400049786385106,1.0480677598281578,1.050711777679154,1.0535392288990097,1.05939895856727,1.0636046562711836,1.06743514095891,1.0747421087108022,1.0766557800628735,1.0862178601043508,1.0932345510933537,1.1005881882223154,1.1112121390447594,1.1206397452024996,1.1246741448964424,1.1503099048714167,1.1609888877238166,1.1709506865245223,1.1830197757978205,1.199759323988837,1.208523516220994,1.2323450948088628,1.2515147649833929,1.2844811398525937,1.3026247137572322,1.321691335058735,1.3481365432334003,1.3659953700699852
experiment_146,1.0312514813774423,1.0313578946673947,1.0314181204510207,1.041746379448928,1.0448643298212605,1.0381716555328606,1.0382814179823543,1.0406766485869543,1.0472213721795576,1.0490664733281496,1.049594005809593,1.0547036067100883,1.0596654846348752,1.0653803976303458,1.0700193105021545,1.077716483561385,1.0832715349647712,1.0917715054948978,1.1013013904654438,1.110558797058282,1.121625747367948,1.1380458805914442,1.1556915724507593,1.1725468502706773,1.1903010429621406,1.2290438535452342,1.2469946751674725,1.287065321783997,1.3201185845838994,1.3543837571292223,1.3913609464570424,1.4434159610205886
experiment_147,1.0312514813774423,1.0301084955150372,1.0250426092369673,1.024237351433522,1.0250419553656949,1.0298101283232435,1.0292818723472752,1.0288592072446958,1.03017592852148,1.0305296075482446,1.0311703816137592,1.0317921718075034,1.0334016001952977,1.0347206959449053,1.0373683172384385,1.0400468015786806,1.043374715907124,1.0473129704018644,1.0527984880527226,1.0593640318834474,1.0664253245731055,1.0758137344156176,1.086789382065019,1.098187592607238,1.113537700423256,1.1321225640539079,1.1506031763392268,1.1719978033310023,1.2025262843680766,1.2332232343511433,1.2693942711564006,1.312860790190968
experiment_148,1.0312514813774423,1.0307284770747511,1.0300426989253808,1.029808044569626,1.030848168449733,1.0325655302877819,1.0329964732752883,1.0329960813542236,1.0366441914641664,1.0379856775634226,1.0384728424399343,1.0397843635973834,1.0410367208432922,1.042182873998732,1.0458589958371978,1.049300570869391,1.0494859822114964,1.0549200366147902,1.0596166841451309,1.066562008425105,1.0717871832012034,1.0802726123750388,1.0842332728687818,1.0959057232790326,1.1045200446979528,1.1195397190049734,1.1340420030147522,1.152257512013927,1.1594950476185037,1.1795503402772938,1.2120428275467943,1.2315320683686
experiment_149,1.0312514813774423,1.0313301585310624,1.0312451866934722,1.031629121349554,1.0433866717386633,1.0365071195299767,1.0368243014428864,1.0378239453834195,1.0415713918767475,1.0434546092603632,1.0456107206226926,1.0491924283229521,1.0515167481976238,1.0533617297862548,1.0570975923389658,1.0619217873574571,1.0678882557422438,1.0730654337444705,1.079598219840907,1.08629183486487,1.0950291661030076,1.1034896829226293,1.1110698461962911,1.12611009538322,1.132798663770569,1.1538493194121358,1.1715655554697975,1.1862220813705147,1.21054487040387,1.224870237699579,1.262084932579104,1.2835710850581388
experiment_150,1.0312514813774423,1.0423594592075331,1.043214134806004,1.044857055749423,1.0492018973687032,1.0429608770659375,1.04383020962025,1.045814693878222,1.049476731485738,1.0512945346876963,1.0544423804281076,1.0567667384117287,1.0603329241194195,1.062945029390828,1.0657232352101544,1.0681452618731235,1.0713292274284503,1.075641644068204,1.0779466327853091,1.0838586355501407,1.0861977373424019,1.0908919392433138,1.0919692968286774,1.0982815402055568,1.0990560781244583,1.1059352013288595,1.102528988324457,1.1096968124668287,1.1126347905292,1.1150602378812624,1.1162074443911807,1.1234438695012077
experiment_151,1.0312514813774423,1.0253678586386619,1.02549695278817,1.0248254921612965,1.014343554736554,1.0321129433801952,1.031715451450856,1.0303027040759862,1.033519812103511,1.0338509139504444,1.035581905548353,1.0364061629116785,1.037493407726182,1.0388105123271625,1.0406072361190315,1.0427159868986153,1.044867303361702,1.046717088535336,1.0507412767705169,1.0542440468785468,1.057618469414181,1.0607639099532473,1.065410516964705,1.0724238189397473,1.0798698005683092,1.0875103013105545,1.0960933290437203,1.1000259274164381,1.110076553852954,1.1246757956905797,1.1365300769570372,1.1445247055427616
experiment_152,1.0312514813774423,1.044737262848799,1.048042354848047,1.0380613008899646,1.0306076709897782,1.04884322780743,1.0524282796696207,1.0547358435087149,1.0629221157829987,1.0656826131701607,1.0695684541369546,1.0735164590979607,1.073824242932263,1.076962994883531,1.0831748290264038,1.0844626223627554,1.0890852293911066,1.0925741866990835,1.0931841005596425,1.0973476241839513,1.0981435818746679,1.1011676959077537,1.1046671352487103,1.1038900576332948,1.1069687406232198,1.1027258264441944,1.1072801105487233,1.1092184102723746,1.10710793217788,1.1045663284721718,1.1046794432255616,1.104311330298815
experiment_153,1.0312514813774423,1.048070748548966,1.0401037895559921,1.044788000985666,1.0534267222018856,1.0662058618780272,1.074719077439944,1.0796448337577287,1.0930557338264788,1.0984313186643757,1.1080562454781535,1.117446048991207,1.1217580869651562,1.126715796795419,1.1318020836812197,1.1427784277736988,1.150117902726186,1.158034542167499,1.1687696650529982,1.1771884619536472,1.1818323662371508,1.1823029701659848,1.1903635414627507,1.2082630626652588,1.1999765578113681,1.2113605034161736,1.2077842202535096,1.2311352096291928,1.2310108223727796,1.2413563136953574,1.2481724962695913,1.2532903777866229
experiment_154,1.0312514813774423,1.0417725331907375,1.041694046829312,1.042050055279335,1.0439308680572534,1.0361991224152416,1.0354929364939531,1.034624923005801,1.0389816982663793,1.0391685808417706,1.0386499717542885,1.0397262942834382,1.039575269265419,1.0403055503924,1.0419408021143233,1.0435206061451001,1.0449670159641569,1.0475679971577934,1.0489862661881426,1.0513074662754693,1.0560045684395882,1.0581410615514428,1.0637843657168287,1.0682506375851841,1.0744199214325467,1.0801320984440788,1.0876475487645691,1.0938102282493196,1.1014976297010066,1.1102081383348856,1.123975216158064,1.1307611367838628
experiment_155,1.0312514813774423,1.0303930269027413,1.02596357751334,1.0254308949838755,1.0190796618657672,1.0327332404367326,1.0312913809565263,1.0319805339526047,1.0343342613754103,1.034559186682448,1.0350376888488884,1.0353696420992473,1.0358636753272101,1.037313670487858,1.0388249342548028,1.040493211425368,1.0421555766720394,1.044323186461823,1.0459797070409322,1.0503464747534719,1.0532575926008847,1.056570564341218,1.0615745050181902,1.0661020049318393,1.0738161244624436,1.0807870362907717,1.0887823674596704,1.0989294890775338,1.1066455407415496,1.1273395943024238,1.1400955581035774,1.1621195784595364
experiment_156,1.0312514813774423,1.034620419185974,1.0250568753668168,1.0240607391029162,1.0248531340015716,1.0290974922242138,1.0272016867241742,1.0272700615668562,1.028929079714732,1.0281611391355452,1.027558589704751,1.0275988066980823,1.0281116797325085,1.0285256685355053,1.0293281928024545,1.0301625363408606,1.0314057149616236,1.0330175790928935,1.0344575452214935,1.0373785458447253,1.039716634318674,1.0421179128610822,1.0457549968962554,1.0514920702706965,1.0565366475296003,1.06125430691681,1.0721023480625043,1.0812722826336119,1.0869262046853652,1.0997309167319953,1.1163112956153767,1.129155260033777
experiment_157,1.0312514813774423,1.030660740404757,1.0300346151357782,1.030006644716585,1.0313028862343783,1.0335435190379882,1.0341105087408258,1.0343484800963831,1.0384518551993995,1.0408581797454382,1.0434769584913326,1.0465407833425284,1.0506077343940328,1.0565044606817966,1.059175442299855,1.070800429341053,1.0766869763314764,1.088119525487517,1.1030174767060466,1.117288155311425,1.13938390323645,1.1588653363666666,1.1827769695458812,1.2083150219508103,1.258222808979947,1.2822508027279447,1.340117743699897,1.3985743856527801,1.4733394714422559,1.5446792990481715,1.668807472393234,1.7985175260976358
experiment_158,1.0312514813774423,1.0264143895017932,1.0231037289375375,1.0200068587898692,1.0194089464647667,1.0192629974144336,1.0175007462193773,1.016548594156175,1.0175011590210132,1.016964541027645,1.0166981521202456,1.0165711275798122,1.0166051236742324,1.0175774574883336,1.018223634319944,1.0196714342830755,1.0213351879842734,1.0240388567474095,1.0269061911301156,1.0306962950241452,1.0363706385431704,1.0435102770939502,1.05234581665437,1.0637078686159651,1.0822661716675306,1.1053948636406652,1.1265196690621815,1.1589928747161804,1.210103309928679,1.2581366685535231,1.3194589415845064,1.4080629933524849
experiment_159,1.0312514813774423,1.023830053024825,1.019424801722891,1.0175661659510928,1.0173968084860434,1.0195978196912316,1.0177038130310683,1.0165412523172526,1.01710446068835,1.0164467936784845,1.017264246512641,1.0167276946210826,1.017286671046963,1.01812590514237,1.0198918198935245,1.021684134699909,1.0242567571608308,1.0277231434606642,1.0324219918109216,1.0386616605114622,1.045920897594789,1.055771719486474,1.0696994525253332,1.085647162180941,1.1084555169483554,1.1374355837470322,1.1678010405410761,1.2150761408101065,1.263843330883901,1.3324116380012818,1.4071408745488283,1.4937061955348339
experiment_160,1.0312514813774423,1.0339622677082179,1.0244109970971815,1.0231957771281828,1.0238175712081472,1.0282837937723257,1.027089816171626,1.0269181421640072,1.0275092916397843,1.0272242435068892,1.0272608931753164,1.0277763223570797,1.0285335544231025,1.0293516621257044,1.0307086682315607,1.0318151868499854,1.0339559364872022,1.036713918528526,1.0395450153422623,1.0422931893560783,1.0479069439116455,1.0518110570834571,1.0588346992199653,1.0675452883515182,1.074912013281461,1.086426140796876,1.0958761246423279,1.1108541441067756,1.1279434416850078,1.141446533362393,1.1574856319009197,1.1831476884116683
experiment_161,1.0312514813774423,1.0316365882286518,1.0317388892182777,1.0423161906863723,1.0449657668147057,1.037128882654963,1.0385348499950116,1.0395243684745883,1.0424920333904617,1.0438468949197532,1.0464533147799284,1.0488902179944855,1.0503979560388,1.053703730608924,1.0570554087705182,1.0622373765166537,1.0665259023907638,1.0720287185014143,1.0776341538882666,1.0834996618697426,1.09032186626336,1.1002769285503562,1.1082795855345586,1.1179473690404267,1.1292911500896745,1.1421409920861598,1.1573913045176933,1.1736466923740294,1.1892997883741907,1.2101589492581386,1.235490944241365,1.260489670875732
experiment_162,1.0312514813774423,1.0303262512927145,1.0255191773034398,1.0248058851238826,1.0256604237016695,1.0313318874318693,1.0303487381957654,1.0297571501139786,1.0316325226042307,1.0317226056806643,1.0319177625481983,1.0327140931546281,1.0333278496007645,1.0345216397315136,1.035970270122241,1.0378120809652676,1.0401515502672574,1.0433170420131943,1.0461201650553298,1.0508227821571356,1.0548274511148612,1.0604190224801724,1.0664107940333645,1.0726211422452367,1.0815358449127634,1.0949856785845227,1.1094818337642929,1.1258633236067983,1.1389849181965963,1.16022025006668,1.1843810292448542,1.208458170676419
experiment_163,1.0312514813774423,1.0445232553087973,1.0475287911126214,1.0511647810110973,1.0278103898311475,1.0489345750627697,1.0515290550924792,1.0537078799813033,1.0590442735913863,1.0617508440091437,1.0630801287572573,1.0648375914434616,1.067702219825933,1.0706561704054391,1.071419012319271,1.0733717370543019,1.074280733319713,1.0762307387861876,1.0787536517098337,1.080494032326255,1.0827245363115297,1.0832360134461303,1.0847341841470626,1.0836854969849576,1.084629737579095,1.0865337200720404,1.0873577773072172,1.0881497894697758,1.0850902503488489,1.0876888458825051,1.0871771682404352,1.0893398825088862
experiment_164,1.0312514813774423,1.042447829990656,1.0433911180731927,1.0450505171973135,1.0490627425974257,1.0416161027742803,1.0424647725753742,1.0448144310701746,1.051685194642863,1.0556083846230995,1.0559169044105323,1.0599759956980475,1.0640306410210314,1.0696133782856463,1.0712932475561954,1.0798835403639835,1.0847690951987898,1.0920421242688354,1.0979185438684373,1.1047766512566402,1.1185178375938556,1.1275607352827117,1.1400446470951144,1.1542706891815302,1.1665742496722373,1.1865397415755004,1.2034816676877438,1.2288030473315552,1.2547407785258509,1.2719278675222552,1.2938197851439817,1.3381758223565838
experiment_165,1.0312514813774423,1.0307590142427707,1.0294899790698955,1.0289492417220374,1.0296867924980253,1.0321392823728763,1.0315579316710335,1.0302238483654218,1.0326911031958215,1.0318566624469263,1.0323020916908248,1.0323961063739793,1.0322369014382737,1.0323871671179472,1.031965029950201,1.0334745909486043,1.0343036724178831,1.0350694279951445,1.0364427825835532,1.0376097857024087,1.0396660126486326,1.0412074831109965,1.0431645086947783,1.0470289852571444,1.0488518173027341,1.053688709639139,1.0584130452581837,1.0635876032348701,1.0701316064198227,1.0755459163892112,1.0846348103445056,1.0941175132101106
experiment_166,1.0312514813774423,1.0259419412577782,1.0242873867059006,1.023228723558153,1.0240653838593892,1.0286500918386496,1.0281059407216258,1.0279383566882176,1.0287350680392138,1.0290581741804212,1.0293729834719791,1.0305953384666278,1.0320054834753525,1.0328596427499799,1.0353026509649408,1.037264458213922,1.0398814993585763,1.043507766768578,1.048004989956479,1.0512071316246494,1.0584051276026978,1.0643599558284418,1.0717918757269351,1.0777908744242901,1.087173799638411,1.0959371328543017,1.1070931141037894,1.11864740843538,1.1312691267248158,1.146407946135348,1.165083306327382,1.1829393252939129
experiment_167,1.0312514813774423,1.0242857645656565,1.020050169776503,1.0180106054580011,1.018649049758074,1.0210559502223067,1.0192946745685405,1.0183336488405048,1.0183177840647948,1.0174082481503053,1.0165654305754606,1.016758792926406,1.0169697430473823,1.01732705552092,1.018135347782308,1.019040104435622,1.0211486128309257,1.0234303038729604,1.025617358476623,1.0291999134088152,1.0359210056769739,1.0400667302976296,1.0473617614643225,1.0538108585670105,1.0640565902262644,1.0809506880306448,1.097808302542239,1.1137303018733125,1.1383416975038436,1.1725623638220948,1.2083422995718618,1.2434809385545305
experiment_168,1.0312514813774423,1.0453683861382146,1.049797158570143,1.040184285809289,1.0462232601110346,1.057102132708991,1.0606575856310363,1.0652905967341568,1.073779411192276,1.078311130228775,1.0855974351239734,1.0910913840787533,1.0977991874957063,1.0982454721903152,1.1089569359504898,1.119296572802339,1.125962175288791,1.1322986063706877,1.1390993190482026,1.1514700324628422,1.157414202822021,1.1656149013563244,1.1783185981077409,1.189030119314444,1.1956310973937363,1.215198014460673,1.2213699444347546,1.2352850142964014,1.2372603715104198,1.2688490116161173,1.2799013344956365,1.2992764774058163
experiment_169,1.0312514813774423,1.0302010271386841,1.0282966538260918,1.0278384692527343,1.027272329304567,1.0289406771420202,1.0282005976787163,1.0271497014306616,1.028331775968395,1.0274979160432702,1.0272637330093826,1.025674378731496,1.0255794509824756,1.0260884512656074,1.0255188578456018,1.0253485675078124,1.0247265656355915,1.0245940691698219,1.024815096011991,1.0248336470796366,1.025355090958666,1.0254807459968907,1.025859782878223,1.0264353470232257,1.026849631996144,1.0279937759764552,1.0287629926424564,1.0324512451288665,1.0337283166303646,1.0327644940964398,1.034966075697589,1.0379069527126623
experiment_170,1.0312514813774423,1.0312278567470186,1.0308529393077823,1.0295845059555764,1.0315404563391373,1.0335100139977054,1.0328558066606692,1.032284788303649,1.0339205482194191,1.0335502312199087,1.0331270175905836,1.0331203693979953,1.0327368370836718,1.0328193324292025,1.0323554453484103,1.032054967713865,1.0319130612492933,1.0317369448659617,1.0314165093585348,1.0316609233412,1.0327292624761346,1.0327563072559085,1.0330233809896818,1.0332776090049856,1.0343571451807811,1.0351786147100281,1.0363066108240382,1.0379239519334968,1.0387347370575206,1.0404250020601657,1.0430585611806937,1.0457195356403004
experiment_171,1.0312514813774423,1.0256684777279645,1.0237047408500488,1.022301760602765,1.0226493830085766,1.0262397793302955,1.0255390451332347,1.024164458316645,1.0260379016780095,1.0258959074793355,1.0260462014655085,1.0263846917686046,1.0264981206034052,1.0272260865299985,1.0283289061404433,1.0292434975950107,1.0313713312725596,1.0340608090858088,1.0358050650792052,1.040181154852108,1.0445639732740604,1.0487560935929188,1.054426577182016,1.059133256959794,1.0686393574670765,1.0791742018059889,1.0931839698720582,1.1073551812022806,1.1239959953582586,1.1427584301709612,1.1622966656398137,1.1900232360231247
experiment_172,1.0312514813774423,1.0437976532700304,1.0460860101008242,1.0490529341588566,1.0392733335384694,1.0458796393242311,1.04840454035657,1.051131282740863,1.0590669980219924,1.0613787330283186,1.06374267126183,1.0692918279466683,1.072696050683357,1.0771903018981792,1.081556430785128,1.0873443658090578,1.0911437347065855,1.0964520046613955,1.1046365614888036,1.1130734082102025,1.1221466687544115,1.1312360022768437,1.1437695829381256,1.1551955102288975,1.1641951135334698,1.1804873651393106,1.1919121764158809,1.2020868770533524,1.2227740438391523,1.2341163798147683,1.2709892174504693,1.291229509348664
experiment_173,1.0312514813774423,1.0253516495600117,1.022981465209552,1.0200253710544072,1.0224186748465476,1.0238232468532757,1.022681542312488,1.0213128286389084,1.0214655478321923,1.0208508523070663,1.0199238585091683,1.0195171069308344,1.0194370438886322,1.0195129991349436,1.0196669144278938,1.019734833387073,1.020484255435087,1.0215028974844056,1.0232680424060165,1.0241656719326586,1.0264299083924924,1.0278350029706451,1.0315204057745526,1.0352800523021377,1.040407428225552,1.0449372679222384,1.0527696128181996,1.058236987210856,1.0698177282923707,1.07943503739831,1.0948237441460027,1.1129033708972658
experiment_174,1.0312514813774423,1.0447819144222714,1.0480605611059306,1.0518665906110884,1.0303006927462934,1.0487852590610565,1.0517417023829838,1.053243316843913,1.0584366109782446,1.0612099970868856,1.062853386284451,1.0651067243434054,1.0668020810643741,1.0695417388950401,1.0721630621687082,1.0712193502540228,1.0698792461410505,1.0715150139191452,1.0748933147332889,1.0758796520435905,1.0766584230065561,1.0760467842419583,1.0756004449683112,1.0776384920348812,1.0785912060002154,1.0762558808388758,1.0776696431148618,1.0762444989631461,1.0756793523105033,1.0761311005913514,1.0746203333631912,1.0744891725800823
experiment_175,1.0312514813774423,1.042464976323512,1.0430940476915453,1.0443393293534748,1.0469339825701682,1.0388223276195125,1.039072016595967,1.0391811145368905,1.0430573769553755,1.0437319455270255,1.0437743277536227,1.0442982833002963,1.045204684380256,1.0458645126619854,1.04627009141919,1.0465859641313484,1.0473574997734834,1.049019908415715,1.0493269913145618,1.0508037512433013,1.0519207630936185,1.0535289402328598,1.0544291541613127,1.0559060906529323,1.0587632139622056,1.061342463798916,1.064430237756827,1.0660153546102638,1.0701039126151854,1.0744735062815336,1.0765423119820592,1.0831105324386252
experiment_176,1.0312514813774423,1.0458167876125408,1.0508042310918326,1.032177716263822,1.0472049661871863,1.0583628297552814,1.0619600438498866,1.0670195423687143,1.0750609192320708,1.0797815604049177,1.0891027163306526,1.0923173080131259,1.0990117955583283,1.1043048505109931,1.1137527997982708,1.1188957787615181,1.1300817854864778,1.1448480371214762,1.1462160638730932,1.1541785027814335,1.1704736852848074,1.175877688205373,1.1863617445269368,1.1998428009497901,1.2093902300585655,1.2213547012003452,1.2430103021520849,1.256918118377816,1.2686245517616317,1.2845950533548023,1.3212387816613005,1.3391366328296552
experiment_177,1.0312514813774423,1.0419736825358716,1.042670688939477,1.044027368762132,1.0466873104955876,1.0395894783575974,1.0410038506936818,1.0428514177795922,1.0461361392279482,1.0486223263023142,1.0515786788516865,1.0523905917749221,1.0576569084659018,1.0596629594190727,1.0643250422097712,1.0688847329444195,1.0740731024522947,1.0790331840207465,1.0863999018456958,1.0907060260593207,1.0961312870576314,1.1060264621310028,1.114683618137108,1.1222590749345456,1.1361050239510635,1.147726890057967,1.1595427588892118,1.1731632677708559,1.182512583996794,1.1972083922527033,1.2159728448306466,1.2349798818862465
experiment_178,1.0312514813774423,1.0438732530394754,1.0464130741181175,1.04965563867837,1.0397277447702755,1.0456763589505742,1.0471654057082511,1.0503589733179592,1.0618805076956135,1.0643982529238682,1.0679792317673895,1.0734025501646858,1.0807546808142765,1.083329227647416,1.093108644285414,1.0976251446501273,1.1068013999741309,1.1134933424939175,1.1298502758730375,1.1425224436560477,1.1523882350813641,1.1664456650870525,1.1828457815563493,1.18725382732873,1.2147508010466712,1.2313705723945982,1.2547597163258937,1.2813706284313804,1.2873780994381925,1.3321498505352818,1.3648034022891542,1.3999383539772627
experiment_179,1.0312514813774423,1.0347469934204039,1.0253586598254152,1.024251155059972,1.0178585297289469,1.0294411671566228,1.0282479834349183,1.026288603979367,1.025616997269277,1.0244507402231169,1.0233805465018766,1.0219159033873615,1.0210015621887167,1.0203845428297953,1.0196623076504403,1.0188508917365933,1.0185115485178478,1.0181941284811524,1.017631473698427,1.0174434217707722,1.016999488641085,1.016969295976313,1.0172775964085246,1.0174673217735783,1.0178822636699902,1.0184406167760487,1.0190763542448813,1.0199168453538598,1.0206815581367072,1.0218838872640112,1.0225692234002477,1.0249545672144478
experiment_180,1.0312514813774423,1.0314741661834606,1.0312850293619897,1.041633401598237,1.0435940352040658,1.0351740167604373,1.035517693168274,1.0375808281673524,1.0429617739184183,1.044707698385935,1.046873309555167,1.049772533853631,1.053251050065164,1.0573751573973058,1.0626428525507798,1.0685331661372839,1.0787282355467924,1.0872323628622926,1.0978423697555855,1.1120136124101376,1.126043459593122,1.1494456551873293,1.179027104170573,1.2192653567357805,1.2585516304845443,1.29624435370027,1.3562994162828799,1.4176354950831163,1.4896447508597659,1.5910048462614703,1.7217584729328406,1.8602548462571655
experiment_181,1.0312514813774423,1.0293197404457497,1.0260246938032112,1.0256292573227141,1.026529326873851,1.0333366461128644,1.0326589930705374,1.033419763215914,1.0368142881406128,1.038083772112119,1.039734095315859,1.0410511114682364,1.0430438843557832,1.0463469438531359,1.0494351023054893,1.0541058507156391,1.0584817889295497,1.060090090636601,1.0692334941824502,1.0767239575843053,1.084065777158327,1.0958960137310265,1.1051470962957017,1.1163053118017443,1.1302464462314918,1.1488575606116538,1.1703239426734047,1.1947700776771106,1.220446529903127,1.2559425590227329,1.2712262089213326,1.3180634162221467
experiment_182,1.0312514813774423,1.0418946553944701,1.0422053177289456,1.0433051711229384,1.047110500074776,1.0402371677459161,1.0407528654196352,1.041612405232632,1.0467439534978318,1.0493910711504877,1.0490599328919328,1.0540467614530256,1.0549685166514355,1.0606288259348908,1.0659488077050314,1.0707215805787316,1.076924600185297,1.0849510660219517,1.089208176791231,1.1001487380110204,1.1120386087486833,1.1226968349201545,1.1329384883373712,1.1484690234999846,1.1687467850593474,1.1947261769181063,1.1965072979835982,1.2278108707994784,1.2612109900476243,1.2860589396495308,1.313228640934607,1.3447928136757346
experiment_183,1.0312514813774423,1.0255907095280266,1.0237341249880012,1.0224730158836184,1.0229299814749349,1.0272048219977106,1.0266653768235545,1.0262903309527487,1.0285311695384585,1.028582393564485,1.030109165051306,1.0317344830403739,1.0330853182593085,1.0354192537732325,1.0369771342770695,1.042482802680461,1.0473377078260855,1.051114767383255,1.0584650424970423,1.0681941933122423,1.0780472792437585,1.0886347187599736,1.1033357525432295,1.1206261550258014,1.137430224427084,1.1634694192801918,1.1913505020555628,1.2245614444847281,1.2761692861555065,1.302527223719172,1.3767774244022846,1.4458820631144575
experiment_184,1.0312514813774423,1.0309105940920635,1.0256937618557613,1.0256659110020572,1.021605864307611,1.0365068905508172,1.0362137497038875,1.0372782472279625,1.039383270516813,1.0398992004766148,1.0410595239853946,1.0442269880977648,1.0443423373032548,1.0473396803494992,1.0501630380772786,1.0531998163171294,1.0569860942662663,1.0597028072394208,1.0633180990348503,1.0674384226775215,1.0716215662225053,1.076843436088698,1.0783082511782263,1.0884521239036884,1.0920661244291228,1.1010361634356998,1.1061198596825816,1.1120343160773287,1.1206233344289231,1.129021038999917,1.1413876338414886,1.1403115941724635
experiment_185,1.0312514813774423,1.0449961154829097,1.0485202282294273,1.0386090968198898,1.0313391537274215,1.0513234711015664,1.05378063498881,1.0572490572775994,1.0683055931520475,1.0703267720567047,1.0755061531469945,1.0786327308985977,1.0849638615220878,1.0877350900302338,1.0905825659632078,1.0962731881397139,1.0992430201568693,1.0990829997434775,1.1106295717769437,1.108558465896303,1.1159707049581307,1.1209363076806493,1.1223424605358558,1.1256749751553687,1.1301630916859915,1.133518932799757,1.1371860174204318,1.1389021360500093,1.1512109080306538,1.155475225245636,1.1511040495184512,1.1590977246997771
experiment_186,1.0312514813774423,1.04287044976974,1.0442950946236405,1.0460942438646141,1.0496868723948973,1.041827987367006,1.0428668903563327,1.043480524965445,1.0481159868136478,1.0483668763758696,1.0510725573496014,1.052228880819462,1.0534567865026363,1.0550485379734238,1.0558643854363767,1.0544390103576522,1.0572535866277948,1.0573225065790037,1.0582072976750614,1.0598016041577354,1.0591980034018973,1.061258332957292,1.059547039075451,1.0593233175261827,1.0626703541583042,1.0634027032586932,1.0642877060145683,1.0647503611577835,1.064014846699282,1.0648209769476789,1.0658217438217255,1.065428092647164
experiment_187,1.0312514813774423,1.0444573975315308,1.0473037550293602,1.050447100902487,1.0315925202907048,1.0462685563336758,1.047283047885318,1.0493486060496207,1.056059050832946,1.0578620266480445,1.0598048208564044,1.0615092618739728,1.0618081990795107,1.0632439603348256,1.0647166536408632,1.0640107211031822,1.0653402006221688,1.0682667464560804,1.0704571031393357,1.0719534111159084,1.0725818164531384,1.0748365463645646,1.0754072891959339,1.0796855664560474,1.0803666847834028,1.080814852379144,1.082183109067687,1.0871134931665556,1.0923463729654073,1.0923489897451109,1.0956723302778668,1.0982164012611526
experiment_188,1.0312514813774423,1.0310860758979528,1.0300023791805304,1.0299691883581574,1.0410708231556292,1.0340300960929982,1.0334339556039955,1.033761829835018,1.0362066392628855,1.0363883696392926,1.036383332482395,1.0386143845541749,1.0397824345326385,1.040277266691463,1.0428172456792357,1.045148084048039,1.0479124452638073,1.0490693001041098,1.054059099633323,1.05701130398452,1.062324047535112,1.0662318597271818,1.0734266092114462,1.080228909151026,1.0875254640020517,1.097209917626233,1.1045771610931747,1.1165201488389165,1.1321655786026392,1.147689211078688,1.1623627061007722,1.1803723806936153
experiment_189,1.0312514813774423,1.0432428021275157,1.045145466432725,1.0475919008984775,1.0378756825041822,1.0445700715616035,1.0464932986921411,1.0488220650873705,1.0537910772840537,1.0562278851387168,1.060497418117074,1.06390292251983,1.0660153239003258,1.0707990111302406,1.0753201462170305,1.0806954840358942,1.085371989815997,1.0904689135299948,1.098314424671602,1.107175484065598,1.1105205039358286,1.1213717354393964,1.1307210892666133,1.14049582811469,1.1485811048411414,1.163091836965624,1.175863941152268,1.1897792507919547,1.2023705238470885,1.2204735646014777,1.2303547214836859,1.244990202914263
experiment_190,1.0312514813774423,1.0420923708801226,1.0427572610646827,1.0439246122526933,1.0479199381373046,1.0410280106830563,1.0417120166931584,1.0416716168500966,1.0446839487577333,1.0449541972901137,1.0462085411188067,1.0474819685260122,1.0484515389170994,1.0506657399071395,1.0514640073591406,1.054272433780787,1.0570689732904188,1.0603833970949936,1.0630429185303631,1.067094626502687,1.0710811513002247,1.0763804662902554,1.0795660887657657,1.086627400080589,1.092623282101054,1.1020543435900696,1.1095250751419137,1.120257514413376,1.1258907611342406,1.1404389339145122,1.149587506534417,1.1618006174066924
experiment_191,1.0312514813774423,1.048670811012375,1.0275287366984445,1.0475285648982504,1.0581044148243781,1.0730106100979373,1.0834900372590957,1.0948029574119607,1.1175434720659527,1.1317484353931593,1.1460859805611459,1.1688521592264614,1.181292644236716,1.2079556628666182,1.2286607021888012,1.2458463385730598,1.282155348526373,1.3076701851394863,1.3355548811015507,1.368965785558576,1.4199609208821329,1.435473529553689,1.4581301878314936,1.5222245543001343,1.5466240122879023,1.5934333762998425,1.6572708095315207,1.6989032963246657,1.7440125384011698,1.8231375759253892,1.8877285505400594,1.9244598436641798
experiment_192,1.0312514813774423,1.0425781259525408,1.0436270612683691,1.0451621136132776,1.0479855527140787,1.0407061832288202,1.040567489771574,1.0410980501621412,1.0461498482193112,1.0468345904811793,1.0475770432071614,1.0482590834622132,1.0493083081659422,1.0502756234991084,1.0505981731780383,1.0515953131124691,1.0521131953976515,1.052332931600092,1.0523115976847541,1.05287869110578,1.0538645217073326,1.055648338095993,1.0555330775808285,1.0567307597983635,1.0582581522536856,1.0577787857427907,1.0592519439836958,1.0600430243156587,1.0612891291520286,1.0612657099056095,1.0635543013042978,1.0632681526929337
experiment_193,1.0312514813774423,1.0424372351479356,1.0436871913494874,1.04568508334866,1.0492073275843206,1.041545288217358,1.0442460074333055,1.0470967484357403,1.0534412324007465,1.0567316757029173,1.0643370920714754,1.0687820329885644,1.0760823101042538,1.0853047347689408,1.0949758711552635,1.111191538060817,1.122513451720871,1.1445696002102026,1.1622363701577518,1.1824534724146587,1.2092593330483297,1.2402146588065213,1.2863598248426569,1.3247269529949959,1.3845271314530339,1.4290679541880884,1.4970956526028132,1.5749016511847722,1.6878619992170658,1.7924900962670098,1.9481176767861466,2.129184219653813
experiment_194,1.0312514813774423,1.0439627917201393,1.0470230833162133,1.050806551451945,1.0311670655471623,1.0509376272449655,1.0550769645226166,1.0573626051589882,1.0669846724276362,1.0709440498870861,1.0738274953106755,1.0847608082160003,1.0880119991558954,1.0965075563705304,1.1045114475358828,1.1158171464199373,1.1279201117847744,1.1382601276394555,1.146557488717242,1.1578797587193135,1.1776160244820888,1.189179947296648,1.2106161227230428,1.2225141492769878,1.2379182910431814,1.2701464469758184,1.29517531154467,1.3129147188411434,1.3504347118467006,1.3709245010873783,1.3978323600563844,1.439352238303851
experiment_195,1.0312514813774423,1.0316119976859377,1.0316922964467967,1.0424408388045825,1.0445910190066119,1.0365254515815698,1.0373742092473133,1.0386136026858392,1.0424700881019322,1.043754634988852,1.0469121329960678,1.0489624723268356,1.051710254554698,1.055030089682881,1.058341438566603,1.062166474969494,1.0664975089900213,1.0715995327306675,1.0779241963625912,1.0836452618154722,1.0901558787860568,1.0988835458319257,1.106633063278202,1.1166380845296462,1.1260630687343383,1.1320626880848241,1.155983029001461,1.1684333739316957,1.1834159420043535,1.2061394168503874,1.2322716262306876,1.2394743436387268
experiment_196,1.0312514813774423,1.0455462405951104,1.049912057310778,1.0316138494461986,1.0457309791074905,1.0556411846872802,1.0576736435280514,1.0666532228278447,1.0760229074902468,1.0830173916341748,1.0871810582597359,1.0970019956301345,1.1048725521529321,1.113959640342356,1.1268104213906682,1.1422679834239473,1.1485463524182928,1.1607505836357745,1.178196380128192,1.1880620542112095,1.213406346733294,1.229827102447414,1.235821494154223,1.2612564637106622,1.2881833496576511,1.3090490132436332,1.332018327083535,1.3593567611293422,1.3800189550837372,1.4226624683449816,1.4518753811067961,1.4809583763711807
experiment_197,1.0312514813774423,1.0451009825648163,1.0489366042516588,1.0387610010627895,1.0316710083609273,1.051780963596676,1.0546249106795071,1.0559501008059868,1.0634835369478548,1.0653254717189014,1.069439921206978,1.069936634277931,1.0710496593764762,1.0709150124497722,1.075075449259372,1.0742336920976525,1.0773241932041147,1.074446918131687,1.0768066983050602,1.0771957415019262,1.0772349794871325,1.0774760105512944,1.0757802506078038,1.0781116219631057,1.0778049325986754,1.0758568857360151,1.0726279186254113,1.0724788468768438,1.0728606386165853,1.071690661883784,1.0690927282252018,1.0694620711401281
experiment_198,1.0312514813774423,1.0301565823606658,1.027987488290066,1.0275552385007602,1.0281971759292576,1.0299289544233066,1.0303724510296015,1.031056335901536,1.0339796471924894,1.0345597612718664,1.0370641945368073,1.0404956569354225,1.0438852255302344,1.0483972911991937,1.0554907806884268,1.061760198598559,1.0730098351794806,1.085907480685302,1.0979394184049298,1.1210501216052804,1.1346920554328863,1.1688771952515735,1.1894481786950606,1.2416781052439874,1.2725000293450428,1.3394533077487623,1.3950280315225254,1.4964684445530883,1.5811002666973832,1.6995236724885483,1.8662251275672728,2.0546318073632976
experiment_199,1.0312514813774423,1.0303347603570494,1.0255510654064228,1.0249460812630304,1.025887552005926,1.0310266863226345,1.030930934593375,1.030477038281538,1.0316677021050016,1.0315163610519433,1.0323786640541575,1.0326466577337556,1.0337343155649883,1.0349949200844841,1.0363339244206267,1.0381308755643952,1.0400084152743627,1.0427467084463566,1.0455304882939054,1.047339706578642,1.050943446533759,1.05732292367522,1.0594166782077385,1.0670713733182835,1.0713211203884687,1.0805814696436118,1.0892958181830732,1.0974099644099529,1.1101632277099514,1.120177759464478,1.1382321266341573,1.1503718698266545
experiment_200,1.0312514813774423,1.0439599506112975,1.0468269593819433,1.0503049650396707,1.0275101160410207,1.048562681225659,1.050462988445558,1.0551340297768739,1.0646234647822606,1.06791009847013,1.0716414565963146,1.0778918099103758,1.080704419768181,1.0856926692934863,1.0887933430561014,1.0943813691395303,1.1015928739764824,1.110879184612218,1.1161300526705873,1.1232948349420147,1.1302636111688726,1.1352101550660425,1.140108180730715,1.1576204842257587,1.1625514732032645,1.1725644784249059,1.1758405316077334,1.1931546120411243,1.2037998298637307,1.2149598027403865,1.2300902421912645,1.2532951865533977
experiment_201,1.0312514813774423,1.0270171649538609,1.020427949481638,1.0180571886267844,1.0176997826696457,1.0196913668821213,1.0178631956963855,1.0162103380454872,1.0158267706804047,1.0148462993994969,1.014006274807591,1.013182004591967,1.0129094797191103,1.0125790943649244,1.0123775236147292,1.01238399406726,1.0126152613447164,1.0128536202467997,1.0134051420467003,1.0139855097517747,1.014883788519246,1.015951128993776,1.0174317216169393,1.0189319427831451,1.020647630975973,1.0227457210578716,1.0253124672227483,1.0290760946670459,1.0334583492788598,1.0380657764485048,1.045278778808683,1.052638960331455
experiment_202,1.0312514813774423,1.0318378463872846,1.042113629043879,1.0429513509440498,1.0453786315136506,1.0378398296925795,1.0382156057825127,1.038822609529904,1.0416245726371107,1.0426070351232497,1.0446039194066032,1.0458574199000372,1.046815971074092,1.0475516698067642,1.0487692105190605,1.0519948513411024,1.05325457868092,1.055273202299175,1.0553605198754985,1.059680775855784,1.0619465921614761,1.065359848027506,1.0686507399629523,1.0715746176138197,1.0746662910101987,1.0777695345030458,1.084185259084319,1.0868523200999527,1.0942991608271984,1.100505723757016,1.107232097633126,1.1125038272905161
experiment_203,1.0312514813774423,1.0457829861667312,1.0503569108539668,1.040636524918709,1.0463740425092702,1.057253462599074,1.062211168964054,1.0667007041973464,1.0759801557122217,1.0801478739490562,1.0884334060733531,1.0949596077416102,1.09882449813138,1.1108215251099351,1.116472286831608,1.1180173360073284,1.130336775107004,1.1423917491283924,1.1487316872626552,1.15713651437113,1.1736364329939446,1.1871883545064017,1.197290006549342,1.2077303542507218,1.2148193223230983,1.2438166528106986,1.2573219325086527,1.2764866865840703,1.296951632193606,1.3269567002478644,1.335588695298592,1.3533372123108007
experiment_204,1.0312514813774423,1.0256728659133794,1.0237669566029048,1.021722926729262,1.0220771831921165,1.0266147705042703,1.0259748036365666,1.0250306307631114,1.027011231494163,1.026996775556785,1.0273747830194728,1.0276489526129255,1.028925714922111,1.0299666227632687,1.031914145808838,1.0331742361869953,1.0369984940575077,1.0397695530019662,1.0437986495288036,1.0483241513976762,1.0546775444650356,1.0607698046223324,1.0698386842864467,1.0790200081935817,1.090240045039975,1.1057965392577151,1.1239197009661392,1.1298319737981484,1.171101346784699,1.1823011575703386,1.2264571518462608,1.2723970315707904
experiment_205,1.0312514813774423,1.031285377313536,1.0360114380325978,1.0360882939214622,1.021892988057255,1.0359433408534229,1.0351766389308381,1.0366334297848925,1.0373532833656562,1.0397953044671764,1.0407518260592095,1.041885225982128,1.0429623267020607,1.0450231612505803,1.046726881325045,1.0489397567110728,1.051323178033509,1.0544563162594085,1.0575389711805683,1.0606005268054548,1.0652786145509896,1.069671866043899,1.0734100953917673,1.0803581740501975,1.0837396992101933,1.0935021010117167,1.0980605372846446,1.110404732554698,1.117283672036869,1.1286217509128194,1.1423773173883378,1.1508257294469684
experiment_206,1.0312514813774423,1.0345956179954527,1.0249594543441498,1.023796982078111,1.0243988586109123,1.0278496207213137,1.026899447752269,1.0254737262673836,1.0257297295414172,1.0243063403465602,1.0227212159359045,1.0226611683060207,1.0221890149200494,1.0216498970449397,1.021012544963722,1.0211806591838328,1.0214452213705134,1.02145341115286,1.0218073657557292,1.0224344071335,1.0235000968882597,1.023966153619709,1.0252530150679136,1.0269375308565394,1.0285273284243086,1.0308058880661182,1.033148850041261,1.0350580279639954,1.0382990185507173,1.0421775005186515,1.045926333814924,1.0507163978564662
experiment_207,1.0312514813774423,1.0279318817770144,1.0256859688800863,1.0241545636300537,1.023633609020078,1.0244294011285582,1.0236765917332953,1.0231238673981142,1.0245715878680044,1.0250777667532147,1.0256138260375154,1.02640276812266,1.02758243687288,1.0296953644156004,1.0317534940680724,1.0347738352017122,1.0391026231414924,1.044539923099233,1.0498377353368225,1.0577945109728744,1.0680261745765267,1.081080901254121,1.0991941486708379,1.1181601697311645,1.1513480097594755,1.1784513915097157,1.2212313795654548,1.2825369571465401,1.3506503084262746,1.4191460012005934,1.5281847464276812,1.650487729947215
experiment_208,1.0312514813774423,1.028564134624164,1.0247778676401504,1.0223184532086358,1.022184261160771,1.022810217853502,1.0206727825633388,1.0194938420207913,1.0206610421183724,1.0198078377525104,1.0189450829688418,1.018879447340197,1.0187972003011685,1.0189260821110215,1.0196762864913627,1.0204528174328924,1.0217813667619784,1.0233907792985857,1.0257414511331888,1.0287054027642781,1.0321582827823657,1.036215865593753,1.043158281065907,1.050663420024092,1.0591639758345306,1.0720000411115722,1.0884516557279487,1.1075633985871791,1.1322258561051897,1.1619981962029844,1.197040591833608,1.226441685348553
experiment_209,1.0312514813774423,1.0255339922534208,1.0336999348761489,1.025035938091378,1.0142205568045906,1.0313101078302611,1.0294207599676533,1.0297470453716213,1.0301072775515068,1.0276350056869796,1.0288025746940666,1.0282983297826735,1.0285561095221352,1.0278716482236991,1.0278393309360687,1.0288314312708497,1.0291803347384525,1.0292678278888459,1.0301485954867375,1.0314997122913043,1.0322356822549836,1.0333309516623332,1.0355539101006268,1.0378242961288726,1.0396146037603793,1.042116764710159,1.0452381621871274,1.047991686161422,1.0522748845841572,1.054962032326687,1.061340039658199,1.0668172595463024
experiment_210,1.0312514813774423,1.044941721550581,1.0486378207394418,1.0386891643644807,1.0318257568760079,1.0528846307152073,1.0560079956934287,1.0558390464797085,1.0653588090818231,1.0713586040242187,1.0764483076090487,1.0766535918354474,1.0852546883807908,1.0921464619749732,1.096838226384997,1.0993096084044847,1.1061212750545248,1.1107066365559695,1.123859634686313,1.1263699370482245,1.1369669748910285,1.14234537930851,1.1532605832504579,1.1667542842332606,1.1696058545918884,1.1837075887216613,1.202608133090179,1.2110218006567746,1.225328782070803,1.2353901554572155,1.2421468744206627,1.2574049050614169
experiment_211,1.0312514813774423,1.0419786030535847,1.0425185889132795,1.0436667184441353,1.0460209280623376,1.0381879651618515,1.0397854403752738,1.0406900884485308,1.0443130713014315,1.0453668710615933,1.0472107955049537,1.0489432496114623,1.0516086836014125,1.0537585072968083,1.0574079393991347,1.058737393555721,1.0612470174967819,1.0662844974885015,1.0692318370891893,1.0745936839084056,1.079560963639662,1.0845759555685923,1.0919471403733945,1.0962297445360507,1.1061971654245242,1.1138395229455882,1.124264553169846,1.132911722060142,1.1454634428589483,1.162669541079851,1.1729193605110924,1.1935060276868137
experiment_212,1.0312514813774423,1.0317660039522898,1.0418591452736767,1.042461610067932,1.0440582001294076,1.0357799474140386,1.0355556615743138,1.0359091369015216,1.0402797292740549,1.0407855629976879,1.0414221087598692,1.0421962481877514,1.042620216589898,1.0450789094043758,1.0458670070518332,1.0483729406715752,1.0509189548777675,1.0533773506945003,1.0562598840805033,1.0594369131790484,1.0640105243863531,1.067682500999469,1.0742365665995666,1.0790059589967678,1.0863082182609698,1.0935508065620572,1.1042251869671253,1.1146803476192648,1.12746975896798,1.1339919446366096,1.158772711531816,1.168598626175848
experiment_213,1.0312514813774423,1.024902583935625,1.0222281870458547,1.0192162277666352,1.021504729679414,1.0236190262959028,1.021567174486829,1.0205232234529265,1.0207022059367368,1.0197318117668241,1.0193296124430755,1.0188375377612457,1.0198227797792703,1.0191176803208597,1.0196078289470032,1.0194827939084947,1.0205133973016967,1.0203913225417078,1.0237121143570473,1.0242870214697266,1.0274039389615957,1.0290661641341154,1.032310335372823,1.035764556675976,1.0405932018411042,1.0460104519986972,1.0517187018159049,1.0593149811789595,1.0678504242519482,1.0766164512611558,1.094373114744243,1.1101070227416447
experiment_214,1.0312514813774423,1.0491655841022258,1.027923175537035,1.0475465789116443,1.0580109210917894,1.0730152294591633,1.0817101063165908,1.089858623189774,1.1103381644857362,1.1171453897403973,1.126875266612498,1.1310371678870352,1.1408190761080765,1.141354542179593,1.1532394801297505,1.1512741575081358,1.1571187854831884,1.1696219401772228,1.172824613031621,1.1704757258986527,1.169361447979179,1.1717750594330345,1.1715623195865001,1.165151467338487,1.162252854630384,1.1564548087698272,1.1530997708734176,1.150838416168784,1.1401169556996775,1.13776410896285,1.1270367475261136,1.1224410709737977
experiment_215,1.0312514813774423,1.0308633409311476,1.0297315343350086,1.0390358011202043,1.0410198333987346,1.0347687327842283,1.0349739704224314,1.035375746888156,1.0401673148575665,1.0395734002615258,1.0425053490167007,1.0456704102075354,1.048311865424194,1.0518523037078866,1.0551754904085107,1.0590963624332117,1.0631109988595804,1.069215009089539,1.0764998892253677,1.0832074938776717,1.0896213386400988,1.0981720296287982,1.1115134563340725,1.1193739991954343,1.1370376428850002,1.1440718613379246,1.1611057401026137,1.1773052599964555,1.1969296206974394,1.2202493034299962,1.2433616701783354,1.2635004194739752
experiment_216,1.0312514813774423,1.0295795687498432,1.0267971031462846,1.0256233925311333,1.0255445102873761,1.027291784178193,1.0262905131266367,1.02579739109441,1.0269088588877513,1.0270449837519309,1.0272066197874474,1.0272721277434818,1.0280683639441668,1.0290127699027405,1.0306020074711923,1.032668422477273,1.0344754268984342,1.0373327718208916,1.040042907282787,1.0439123057899429,1.0472611753611272,1.052557615123677,1.05914702851828,1.0661668941454134,1.0740730229928754,1.0850814865971437,1.0968038301916938,1.10897741247458,1.1274605261270487,1.14756532612183,1.1708112319341504,1.204724752442307
experiment_217,1.0312514813774423,1.043993462913933,1.0464046412649979,1.0496507019301833,1.040048954814091,1.0454202162296329,1.0482995737045044,1.0506701217918732,1.0543182111699603,1.0591277654842761,1.0619005969583886,1.065759784204201,1.0684584610108148,1.0735701340525605,1.0779504703490381,1.0830670501100903,1.0879454585633292,1.0932188736458512,1.0957350281444327,1.1045424986192502,1.10966476697218,1.1167607237265829,1.1249305224324586,1.1311542356371054,1.1427751906424197,1.1446367268987483,1.1583273713351105,1.172724690235548,1.1845955760298263,1.1941459330238182,1.2013047837764386,1.2172634567539988
experiment_218,1.0312514813774423,1.0300873905267278,1.0250555691541339,1.0240683191924895,1.0178710122076768,1.0301786953059866,1.028957010063172,1.0281614716018275,1.0292470185924336,1.0286803430326696,1.027714634930113,1.0283159870292373,1.028044099596107,1.0275571730436035,1.028768366066736,1.0316593966844567,1.030520081099908,1.031742804464825,1.032720999503039,1.0343032943362405,1.0359051441743812,1.0385226718040055,1.0412813195149526,1.0436262212169403,1.047828486167813,1.052143035594544,1.0572323379625514,1.0648874861872881,1.0707751640877332,1.076442014112915,1.0839294447582728,1.0931288695771655
experiment_219,1.0312514813774423,1.0253905747337584,1.0231656245959355,1.0206216388293008,1.0222534574418167,1.024542931376235,1.022774524878383,1.021110259313787,1.0216646197185921,1.0201652842303575,1.0198594350344965,1.0188566572584863,1.0183601774088942,1.0178854399300483,1.017703735966147,1.0179110678122754,1.0181368814831273,1.0187437180575856,1.0193305178020013,1.0201477000519836,1.0213637049484707,1.0227319728231241,1.0246876112292904,1.0261924761669536,1.029236008009904,1.0327126050904247,1.0368059261732971,1.0414677069816092,1.0477160119815732,1.0549574190831568,1.0642629547446503,1.0718166728085465
experiment_220,1.0312514813774423,1.0451782145859774,1.0487472969847151,1.0389729310771245,1.031398835736596,1.0514305496804175,1.054444630812692,1.0583250980000598,1.0667693706495391,1.0716569051636589,1.0781102116823706,1.0806077183998648,1.0886733682032952,1.0968754468022164,1.1053907801403862,1.1071660843019353,1.1201774172687438,1.1286772117077417,1.1364531334189187,1.1466301327124264,1.1650962111285361,1.1768715576127984,1.1960763905699385,1.2089813300587093,1.2254708109474697,1.240245181558799,1.2653382065368475,1.2801522869658108,1.3071192289736928,1.3276706986614137,1.3528655468692352,1.371654654781243
experiment_221,1.0312514813774423,1.0427456330645113,1.0438276123560226,1.0454610116175636,1.0490236519371496,1.0405962688767814,1.0417543039542905,1.0425139654496376,1.0455625507339252,1.0477163046141622,1.0487784653921473,1.0483662763056087,1.0518164533572203,1.053577069705933,1.0547188397177538,1.0572651824846568,1.0596863486762125,1.0617353872797264,1.0648466333294546,1.0664132120116954,1.0715162991317504,1.0715642116434707,1.0782648643739694,1.0815980233586227,1.086052774351928,1.0878104255611047,1.0967275378562906,1.0972973389503564,1.105025748456982,1.1133609345883684,1.1192101352849828,1.1256471199361142
experiment_222,1.0312514813774423,1.0269641629271504,1.0238817002592806,1.0208821507131267,1.020439916888825,1.0205015292536346,1.0185621656129336,1.0173769427133683,1.0173939683327424,1.0164740152514815,1.015862314408982,1.0155559151913034,1.0152401801377544,1.0153921539536594,1.0157123811564739,1.0161219045918406,1.0168919038537838,1.0181208719923018,1.0196179272733437,1.0212839728959016,1.0238945315838162,1.0272916286215912,1.0312683804649456,1.0363085872629147,1.0431500068628812,1.0509257082383272,1.0622283417237206,1.074618390166919,1.0926409559213508,1.1134884495283852,1.148634188934813,1.181311707515502
experiment_223,1.0312514813774423,1.0419743510379635,1.0421989643048413,1.0426876508455767,1.0446333189630939,1.0361287707149418,1.0353345509933298,1.0356467761855546,1.0392144406694837,1.038811792235826,1.038197283669006,1.037694381177849,1.0367370288830253,1.0350305852381947,1.0343785787141049,1.0343933661197549,1.0323542271148929,1.031967953717611,1.030824901732878,1.0301107061291137,1.0291575817363026,1.02841558400414,1.0276543169741679,1.0265599316177714,1.0253644052613824,1.0247067904809644,1.0238421033523792,1.0231680102783656,1.0225604211841464,1.021820219210718,1.021593927590247,1.0208305463151293
experiment_224,1.0312514813774423,1.0438972441431202,1.0465580541359745,1.0495089134658895,1.0396247427988168,1.0470566573391706,1.0477671588161261,1.0502620488543948,1.0557942918213625,1.058065726797693,1.0603572520799946,1.0627922503100837,1.065745338665387,1.0666146696242893,1.0705436458778044,1.0723710183465398,1.0770063105778922,1.079227484448254,1.083570742765135,1.0863089563252797,1.0900631148257263,1.0943197702748553,1.0996942060606585,1.101839360116477,1.1085169046317098,1.111346894921589,1.1162878050153262,1.1220796617848934,1.128237131795193,1.1360743756071292,1.1395036723602745,1.1500958514495963
experiment_225,1.0312514813774423,1.027755997811807,1.0255238180107356,1.0239988415680088,1.023429027403894,1.0245815354499095,1.0236355070103014,1.0234673334646922,1.0259628921308892,1.0263370666313119,1.0273964004596663,1.0287665975188105,1.0305056173522844,1.032914545099894,1.0359197098399051,1.0396597537948962,1.045183138012988,1.0512210792672834,1.0590823649423633,1.0693447473126527,1.0806074500595662,1.0964058527106544,1.1149485770184306,1.141627668897984,1.1718362053165046,1.2182032761767918,1.2570804351944085,1.3262032118303568,1.3859192779796854,1.4740692245141822,1.6019112700683291,1.7132728349119708
experiment_226,1.0312514813774423,1.0297757294138377,1.027423062919374,1.026657698868077,1.0268035282364556,1.02840045369436,1.0285123727410368,1.028693229291165,1.0317067013630914,1.0338105156137565,1.03566972950089,1.037511790444849,1.040348207890003,1.044481857123859,1.0493016497628704,1.054904701047955,1.0607587246464543,1.0674256631403964,1.0766810678483512,1.0940340003323994,1.1071965606136376,1.1292632939545264,1.1450238606844843,1.170223990429506,1.1917878046382526,1.2396744421225756,1.2741616309381012,1.3240794783813297,1.3612223578987388,1.4453919946593041,1.5290328751674043,1.6190350177928854
experiment_227,1.0312514813774423,1.042907016656667,1.0446811422271731,1.0474789132289104,1.0383662216661804,1.0452465235126056,1.048342606490719,1.0517220851879412,1.0604887873138573,1.0684674944832848,1.0740229893651188,1.0814505026063586,1.0863602955584197,1.099799950530464,1.1104810385187935,1.1200398362991695,1.1344331559239023,1.1461530906758834,1.1668909895648447,1.1905475450001848,1.1980030984409222,1.2231328633399339,1.2586317550894635,1.2854068576819957,1.313260144838008,1.3361464609304976,1.388387817428398,1.4365160562186317,1.479173357349881,1.5429563956191914,1.5887140394788068,1.649509909568603
experiment_228,1.0312514813774423,1.0444571638854183,1.0474732829058535,1.050678034346187,1.0303003320075526,1.0497185358545071,1.050570386678454,1.0513468616008326,1.055439273418256,1.0580266010436254,1.0563963435643025,1.0588453251910144,1.0603657172175767,1.059896844866732,1.0614248259271415,1.0617510731972544,1.060435639170797,1.0613294352864604,1.058797374583289,1.059194339370035,1.05977110991817,1.059761475311228,1.0604813590019442,1.0593869256788961,1.0596349050747171,1.0597903935271167,1.05744466697255,1.0596212734367374,1.0569281193424005,1.0574309844722478,1.0591834001125249,1.0569405112404722
experiment_229,1.0312514813774423,1.026027431355361,1.0243804660816174,1.0234427862549984,1.0246391115008795,1.029602658904892,1.0293042638022418,1.0288994565638252,1.0307052981019333,1.0312510584006598,1.0334573883049527,1.0360225003337926,1.039278425851965,1.0421032753579915,1.0466118512530413,1.0520126690481577,1.0567619036685034,1.065406765325639,1.0735050028523478,1.085367322749356,1.0943256351701325,1.1081034481792302,1.1310780956356594,1.1489989897145088,1.1729866143706205,1.2033028822798446,1.246356001915124,1.2712855082275691,1.3241236504122122,1.3697337401879348,1.4159201323972943,1.5298623128930666
experiment_230,1.0312514813774423,1.0304102602119842,1.029548659990556,1.0293601601965248,1.0303099478612223,1.032084573415592,1.0329678745955162,1.0341463399178032,1.0374378042852896,1.039901635630929,1.0417211886663857,1.0463571061465933,1.0512410879541956,1.0568932251074399,1.0646902556587534,1.0707060878706391,1.0826747776661498,1.0928130700511085,1.1099682211284772,1.128612654988619,1.148803479156443,1.1758695189261414,1.2191940997821802,1.2434460362254172,1.2946173971020363,1.3681610518898981,1.4351266716074633,1.5190438370947148,1.6334860309860386,1.7522019761068464,1.9094591167108026,2.115375387246325
experiment_231,1.0312514813774423,1.0300008765028137,1.0276469955968632,1.0269711640221153,1.0273279355815546,1.029927356272955,1.0293521911408166,1.029416388291028,1.0334467531770224,1.034069197054493,1.035932130072317,1.037399831077895,1.0412050395942012,1.0445279464481916,1.0483604047381552,1.0526973012096832,1.0572861621022853,1.0666978410662624,1.0741335361836044,1.0867691105114758,1.097491124365471,1.1171915849751162,1.1309584312924286,1.161998323434726,1.1913714306424452,1.2251082971307194,1.2643538201527236,1.316762298046725,1.3836556494443553,1.472207880466624,1.5645518888416676,1.683366941111665
experiment_232,1.0312514813774423,1.0301112874989875,1.028066114399734,1.0241927616522386,1.0244729552025889,1.0293401896006655,1.0281815030891666,1.0274752013649358,1.0280192290930974,1.0276673329178483,1.0276477289537993,1.0277271054864967,1.0280049575004617,1.0284471645217808,1.0287141806553375,1.031028384732792,1.0320038143428838,1.034167244802231,1.036888565498254,1.0395568611495882,1.042675504790764,1.0471724776342577,1.0518644195334568,1.0574219228146944,1.0643938953593908,1.0710736763708628,1.082022722295913,1.0947988151213233,1.1070153982925999,1.1195880069619248,1.1366387869512657,1.158886286079789
experiment_233,1.0312514813774423,1.0306577169339137,1.02913685265102,1.0287859703375541,1.0355159352674645,1.032663843131512,1.0332371984028272,1.0339386627265825,1.037373247428625,1.0365535524259746,1.0387801983074452,1.0395945207807185,1.0421386027872155,1.0431191972134901,1.0471398487177128,1.050668659774735,1.054234939000265,1.0578964575330652,1.062332874435714,1.0671088662325037,1.0750856770204211,1.0795802524601588,1.0872087244830495,1.095940327583333,1.1077147816975323,1.1199617150163865,1.1305519343862522,1.146515698624583,1.1585825844674114,1.1774857792874494,1.1956492546736224,1.2208409065183805
experiment_234,1.0312514813774423,1.0312660373779516,1.0360175939520995,1.027195324813817,1.0275005588830879,1.0353708641342478,1.035637048324204,1.0355777432679962,1.0402842730274793,1.0405462066012316,1.0408683507081238,1.042624381545368,1.0434551320378997,1.0451624165830893,1.04740852252666,1.0500491455462948,1.0537879621993593,1.057213232485868,1.061500730442475,1.065861452829386,1.0700451066214862,1.0798708821052987,1.0888628208649809,1.0970295216957102,1.1099225616180832,1.1246639094539153,1.1365467200013004,1.1576285687841656,1.182269918082028,1.2012304993211753,1.225099948721193,1.2585674582701585
experiment_235,1.0312514813774423,1.031485322982459,1.0313639325309238,1.041397260123117,1.0426482894231515,1.0345581892216156,1.0341845457702175,1.0343265264007393,1.0380121772073938,1.037658303562665,1.0385702488056814,1.0399994072067709,1.041402675275064,1.0432532945569826,1.0452357776069965,1.047657294823957,1.050367513100328,1.0535299034062966,1.0577945124037913,1.0628986242522527,1.0686104184371434,1.075530837466552,1.083274585121595,1.0921078423290047,1.1054595855296037,1.1155043355524246,1.1232958743165586,1.1503812986453923,1.1702646864680264,1.183632624950105,1.2116520998325138,1.2373707954261557
experiment_236,1.0312514813774423,1.0418046387015758,1.0423933256778946,1.0438265095298032,1.0484324198299428,1.041656826710994,1.0442177544551638,1.0460229205748361,1.0500637335701708,1.0538712733071176,1.0567854442050604,1.0594131456735032,1.063937769072935,1.0709277090639056,1.0762533566639028,1.083480474772875,1.089499975013776,1.0969426322026443,1.1055381399908513,1.1177628742154653,1.1266733308027397,1.1398733083566606,1.1552125713776769,1.1663255425248993,1.1930698862217346,1.204601713046356,1.2345678994700666,1.2586396132417463,1.2817626637902424,1.3188418676228628,1.3460982386376568,1.386602592429029
experiment_237,1.0312514813774423,1.029881759988392,1.0271152503100156,1.0257839971524838,1.0253699803355016,1.0262123164278167,1.0241929815082835,1.022985748075378,1.0230794757516741,1.021363669263707,1.0208825666707024,1.0199022655760606,1.0187883863219414,1.0181319134194253,1.0178332609486036,1.0174128178991753,1.0174156136585712,1.0169553477770483,1.0170933605697026,1.017072104463845,1.0172272534878193,1.0173157894089697,1.0178029200064918,1.018432064042461,1.0192516346530844,1.0196648588272583,1.0211811665528918,1.0224349515642726,1.0236027843967643,1.0254142521925154,1.0276059067532977,1.0302015872547832
experiment_238,1.0312514813774423,1.0300743537390902,1.0281446861151664,1.0272124271091385,1.024662817363645,1.0295211660671404,1.0292243012976343,1.0290144770887086,1.030992760888344,1.0307342802277197,1.03102858939754,1.0307850008344053,1.0316436454221882,1.032511038377669,1.0328989665096893,1.0345594916542853,1.0358391915904455,1.0372320662248877,1.0395421385295056,1.041573851020219,1.0442625128029188,1.046585023298601,1.0498647363853177,1.0507387237270303,1.0568136822160668,1.0616720561458342,1.0673165968235288,1.0736408435994966,1.0793546406246768,1.0873490902028562,1.0965540736318433,1.1054426139416949
experiment_239,1.0312514813774423,1.0441013167886588,1.0467234488380368,1.0502051933220198,1.0404493808770983,1.0465861589696106,1.049512188141361,1.0503661355120708,1.0616294543161569,1.0624693241744894,1.0664408898973616,1.0702622653591425,1.0750993732479246,1.0789791794069785,1.083157447498532,1.0847975918362047,1.0887304265497515,1.0921061921572524,1.098354548108782,1.1015085007969054,1.1058474566834118,1.1062040064060872,1.112670934456171,1.1147970353388486,1.1193703283061827,1.1200925763035285,1.1257627526148848,1.1310158025011923,1.1328926545746747,1.134656481544453,1.1444789655357903,1.148320908849103
experiment_240,1.0312514813774423,1.030684698336476,1.0294148631016675,1.0289408130799786,1.0266774827616993,1.0326046639908366,1.031636793025079,1.031496121104747,1.0328430792416172,1.0324297970211997,1.0324023527464636,1.0319698269301532,1.031777886540411,1.0317452866981207,1.031621830825968,1.0316761546969675,1.0315683531284012,1.0313651698900943,1.0315535457131477,1.0317261945211014,1.0323950499980898,1.0321141859654783,1.0323978950579302,1.0324456913296027,1.0330748546745476,1.0329687534760161,1.0334680377564738,1.0341765632556525,1.0345494489022538,1.0350368759886637,1.0354396358507805,1.0360686147900462
experiment_241,1.0312514813774423,1.03055533713043,1.0288875116836917,1.028156393396091,1.028546369178895,1.0304907555856613,1.0296432121677332,1.029100590713362,1.0305875865911924,1.0296755315123893,1.0298329561249737,1.0291608600781952,1.029330551373027,1.0311008208334407,1.0318312186297152,1.03211591113634,1.03374585165472,1.03496678593584,1.0373813974449844,1.0388660606471871,1.041714050311631,1.0447883678508734,1.0490379827959826,1.0538814923767286,1.0583528046211188,1.0647180504830371,1.0718102333735748,1.0802124203643642,1.0852839972938597,1.0972558915311799,1.1088010579667231,1.1225175928072664
experiment_242,1.0312514813774423,1.042708153042753,1.0440708315552147,1.0462580003732607,1.0374424905476551,1.0448097871905715,1.046352412890654,1.0482486154337296,1.0540067652921086,1.0563293789522181,1.058662186373686,1.0627223032413304,1.0661670963391658,1.067859601056631,1.0701766355017814,1.0751973711282947,1.0790941291127327,1.083199521256643,1.0872876508903813,1.0885828337717067,1.0984882277488526,1.1024569562589281,1.1094058745535686,1.1132772941773854,1.1153245375253795,1.1279987231755815,1.130192257445255,1.1431554236862835,1.1472236926304247,1.1509026712731893,1.1662806613472014,1.1749347154926004
experiment_243,1.0312514813774423,1.0302638855900892,1.025442997848218,1.0246829569512073,1.0256881010071675,1.03022067712056,1.0299492917285826,1.029158425651919,1.0321101738826692,1.0322328055592123,1.0330119177512491,1.033149091786605,1.0339045961678222,1.035464993211568,1.036945441944791,1.0399435747816252,1.0430744021781333,1.045566252622425,1.0496098934218692,1.0551831534130376,1.0610305675173926,1.068854523463466,1.075571472860667,1.08722755209609,1.09585686376341,1.1132831083059158,1.1298103275747813,1.1429329967620028,1.1727310985630055,1.1909371725478084,1.2182644461635763,1.2438855427644382
experiment_244,1.0312514813774423,1.030026936109923,1.0248940565140274,1.0238002476597088,1.0241984775795083,1.028700174794051,1.0270895449093826,1.025973817981369,1.0278421257193338,1.027125637353285,1.0267949378536416,1.0264197126909869,1.0262254561940902,1.02616515998896,1.0265981002804248,1.0268097950863386,1.0280092900036863,1.029106703254403,1.0304023088529468,1.0321630815795455,1.0346290406204492,1.0372453225032763,1.0391410724420567,1.0436520894643355,1.0481359385566478,1.0531823540404952,1.0596673343323393,1.0648018481245691,1.0749103021606774,1.0852583284679207,1.0939162536441018,1.106586558926511
experiment_245,1.0312514813774423,1.0444414079583537,1.0473289067835905,1.0371639856293142,1.029545548610226,1.0481647004262,1.0503980642071982,1.0531857106029625,1.059099645833501,1.060940779284208,1.061894896686654,1.0651594294523599,1.0658556674221866,1.0702787094605632,1.0711984250195787,1.0738260933868944,1.0752480209204667,1.0786784720613976,1.0798283722956052,1.0808497737816183,1.081629393634572,1.083857159781054,1.0838084573779854,1.085811479451674,1.082407615342757,1.0874304530008054,1.0880506409352222,1.0898303465174688,1.086663621367114,1.0900119847588992,1.0879831164216291,1.0908257939516093
experiment_246,1.0312514813774423,1.0309682099320174,1.0255691934953441,1.0254976804319262,1.0214669548256046,1.033981332668183,1.0358384422788707,1.0361048935130057,1.037356049054966,1.0382412821678033,1.0393002592013645,1.0407950070254635,1.0426062262785551,1.0444067990762274,1.0457399670352407,1.0483747935731753,1.0507382164302888,1.0543853428736996,1.0571192827766382,1.062174175607983,1.0653603652293184,1.0708147149372476,1.0762668634833648,1.0820909467918243,1.0880970516025184,1.0970127348670746,1.1078237567876674,1.11423300162865,1.1233714041812592,1.137663388167737,1.1520577640591358,1.1663877616378484
experiment_247,1.0312514813774423,1.0286609433581313,1.0237879271598491,1.0216127763597616,1.0216362060917654,1.0258064909558722,1.025211093155309,1.0244203289040985,1.0254778561436724,1.0252286136760156,1.025198273530292,1.0252905295656973,1.0254694792567438,1.0262441785064391,1.0270405344354505,1.0280807588995837,1.0295384809160124,1.031288099632267,1.0331128020024078,1.0360681277886625,1.0395786747783384,1.0425327034548444,1.0480792009447801,1.0517173900705534,1.0589172289495328,1.0669056135846617,1.077021819315617,1.0853861574076527,1.1003853036475522,1.1149826318455576,1.1302755606483115,1.1535016506809395
experiment_248,1.0312514813774423,1.0312081321537179,1.0358205931070443,1.0361404454851526,1.02159738266963,1.0351617492049348,1.0369705319308484,1.0377206746636634,1.0430310964932303,1.0442691219234983,1.0453287096326112,1.0459680739417325,1.0501781694703956,1.0536868713077951,1.0572637017088682,1.0604081987689868,1.0645759963885166,1.0700583313371337,1.075287406729778,1.0818715047075347,1.0880903514639286,1.0949826143344044,1.1072243386140597,1.116242054082766,1.1260344059618521,1.138705087416694,1.1559620569495803,1.1690526222848823,1.1883167118147804,1.2143126636378314,1.224106251391961,1.2455163116722028
experiment_249,1.0312514813774423,1.0459821206568514,1.05077258755263,1.0323546676910924,1.0469463055779868,1.0572916821040799,1.061959343210318,1.0684049220611216,1.07985752590772,1.0829327096869614,1.0943105509324924,1.100877609559236,1.1133470497997018,1.1154722564575632,1.1313256304996129,1.1428839691066561,1.1459106711503684,1.1622502815440772,1.176959039778894,1.1953595064360838,1.208873138959972,1.2180836004715068,1.2334977072665367,1.2561926807443227,1.2780354841079464,1.3024713957706073,1.3204197539010356,1.3358133241410288,1.3651716833737515,1.4056477338583149,1.4213783479144093,1.4491986983992684
experiment_250,1.0312514813774423,1.0313190083133905,1.0310301754338853,1.0311059879881852,1.0433248104858086,1.0369534799611264,1.0367453423046966,1.0362849453832117,1.0379513910236071,1.0386790720553831,1.0381686370063878,1.0384845222472032,1.0382324770737161,1.0399579437442903,1.0406342178379135,1.0408425543583644,1.04254172362793,1.0427787582007677,1.0433682805181488,1.0451867247088569,1.0465514333255184,1.0469750835623526,1.0488571960690702,1.0500239406896235,1.051248672718729,1.0535108185394737,1.0557595693979462,1.0587109770587253,1.059700072963303,1.0640082049647255,1.065853787178111,1.070320951992595
experiment_251,1.0312514813774423,1.0315988476410651,1.031962652182323,1.0431120557674347,1.0462718476103778,1.039764136235237,1.0421493148155643,1.0439313611725445,1.0497959751778252,1.0546053858467834,1.0599740785818714,1.0647225316778954,1.0731420965550718,1.081138124992004,1.087624593653813,1.0984579536984012,1.1082902882928851,1.1190897768517438,1.1365569146830488,1.1520040072053925,1.1738578906280301,1.1920417487569581,1.222684754164011,1.2568805311154612,1.273409222678413,1.313176595070699,1.3592063629644733,1.4021076864090198,1.4648605341928074,1.5389815828807638,1.5981927394094728,1.664874173432513
experiment_252,1.0312514813774423,1.0312042300771533,1.0308505852965784,1.0297953170266074,1.03175354049941,1.0340166373499156,1.0340268501950909,1.034508812857335,1.0381496361497662,1.0389812384645123,1.0394888693844229,1.0396673776747,1.0420151896723202,1.0432843925693358,1.0444526988110212,1.0461537807625478,1.048850386148462,1.0514409540286043,1.055192238446178,1.057407235108648,1.0619038068280475,1.0670933587329936,1.07119762765869,1.0787060608182926,1.0852864062819758,1.0938394534780025,1.1049804249666448,1.119050260657155,1.1304149547492641,1.1495241411765587,1.163853896836671,1.1922628553990098
experiment_253,1.0312514813774423,1.042733057436362,1.044099281239722,1.0458728347754773,1.0491081856538496,1.040901775248194,1.0423974382512051,1.0443561650110378,1.0469318816197264,1.0495161071313222,1.0493391791251379,1.053328051435983,1.0556000980718978,1.0566746151734692,1.0606509721823005,1.0622210986992413,1.0665407906472213,1.0687339252959673,1.0708553579699993,1.0744833820166144,1.0793818806317361,1.0824335646724332,1.082162028682607,1.0890063769103377,1.092674911402319,1.0973540373004762,1.1002534443941079,1.1089390902838099,1.1113473190685463,1.1136709969380092,1.118843114890586,1.1277979749287617
experiment_254,1.0312514813774423,1.0311723121370033,1.0357280181243178,1.0301027115072348,1.037082379691315,1.0348167768272465,1.0346644242459546,1.0344882878741233,1.0357526736214484,1.0372201910215173,1.037874486255389,1.0391682472217647,1.0408817791397846,1.043516186535061,1.0441770704576963,1.0482065839814487,1.0531066963208953,1.0569623117564504,1.0637089847483552,1.0696715551509515,1.077786618960787,1.083565568112894,1.097683414414272,1.1091456503594495,1.1274650659895633,1.141859516204727,1.156531433521752,1.1818725315093417,1.2032850481957411,1.2250870622658268,1.260034833640648,1.3051809848818203
experiment_255,1.0312514813774423,1.0418500468007905,1.0424560072513072,1.043464295246306,1.0471713601316013,1.0406877770125362,1.038536888343215,1.0403805790008627,1.0457308873126365,1.0463621441716306,1.04858922431085,1.049437800415692,1.0517742535386825,1.0509211765238178,1.0533182960247331,1.0564719482213667,1.058058097454037,1.0607429960601806,1.0606059747174874,1.0631726502752885,1.0648347475493771,1.0694591584512134,1.0711569692322234,1.0736412951577636,1.0765608950725547,1.0792024990716234,1.0796824990839906,1.0865611022523474,1.0926666529638076,1.0944853023695431,1.0997728279451235,1.0997664782324965
experiment_256,1.0312514813774423,1.029447114301102,1.0268271464396723,1.0258386519809586,1.0258438193993165,1.0279716752492174,1.0278085280286433,1.0281989454886198,1.0317622640771742,1.0328696224729184,1.0345776938590827,1.0364312333747814,1.0382213972144196,1.0426218498856932,1.0461723148573523,1.0511960587598654,1.0571032378091472,1.063394154525843,1.0703955641314409,1.077739732195463,1.0923612028985539,1.1079100159203477,1.1216012409936014,1.1393966994921716,1.164821002096733,1.188920436321472,1.2204959366193224,1.2599914364318308,1.3137553695815236,1.352148880860268,1.4248105114205636,1.4802637966581937
experiment_257,1.0312514813774423,1.0316463159079752,1.03161046720695,1.0422879171002262,1.0448421886458332,1.0363626098150558,1.0375443036855079,1.0381775248698446,1.0407011725921214,1.0422659591750494,1.0437683514826805,1.045383382874508,1.0474228539968653,1.0507556235463908,1.0538951251641635,1.0576777339931418,1.0619059651050478,1.0644389409453092,1.0713529651079452,1.0769075286746264,1.0837335741779415,1.089138405520812,1.1024614878898327,1.1139745857781926,1.1271815420051379,1.1414698712629185,1.156277600681363,1.1763135967148548,1.200739660235462,1.2226733652786028,1.2504525924032954,1.2724284569355984
experiment_258,1.0312514813774423,1.0338273014319275,1.0242693978396664,1.0230566218300094,1.0170786308690971,1.0285434297547078,1.0276079739910697,1.0274573665466944,1.0288916643061354,1.029345153943965,1.0297050548530984,1.0305691511073551,1.0317053819621174,1.0329318627328656,1.0352094162702403,1.0378689647733865,1.041144421931659,1.0454178443093431,1.0507154294640606,1.056991175357617,1.0626341957223253,1.072487418506588,1.0862971043278866,1.099795618208763,1.110223738850721,1.1368691880261816,1.1532101328903142,1.18731964083234,1.2128217764019247,1.2573564479663006,1.3000513336686759,1.3526229634832794
experiment_259,1.0312514813774423,1.043014216777291,1.0441958573152024,1.0461814326697645,1.0497516268900577,1.0411096915763156,1.0420280101735213,1.0426985215741598,1.0476102690155942,1.048765148315943,1.0499822958151364,1.0514952870628274,1.0526152300002327,1.0533269809693029,1.0534766362905503,1.0534632407994833,1.0571656159720457,1.0576993637286434,1.0572767206146076,1.0595344313512025,1.0603933979640174,1.0584117553596342,1.0617663113324562,1.0616291068782493,1.0625731758068555,1.062178757019603,1.0637484800383943,1.063111733745084,1.0634246737873492,1.0637697031768132,1.0620442204072547,1.0625728436545288
experiment_260,1.0312514813774423,1.0306125543565514,1.0263353868662253,1.0261552531924925,1.0207254187763233,1.0341047268801633,1.0348071353774182,1.0351424974984635,1.0359980230711041,1.0364792124251756,1.039488868415807,1.040883429987876,1.042859519437136,1.0447744115015076,1.048374437143171,1.0504698893955584,1.0533642794354834,1.0597629954029588,1.0629992757412934,1.067532853005368,1.0711652078664233,1.079405914274009,1.0891098264065604,1.0964649310601255,1.10527470568541,1.1111351627227402,1.1229069715855835,1.1325868233084193,1.1471989232416837,1.1626457154307652,1.183249639459954,1.2046959544083018
experiment_261,1.0312514813774423,1.042329274151828,1.0432578182206282,1.0452080137801703,1.049850258011327,1.0429935494398772,1.0447539621882918,1.0466192677306443,1.0529529718351087,1.0557305790072469,1.0572249073430557,1.0629351911856482,1.0658868015799825,1.0693757245151685,1.077020237287293,1.0828450828197285,1.0877884854147628,1.0939861793323427,1.1004614142293128,1.1124242434014104,1.1226834908806607,1.1298353845237563,1.1375744382683255,1.1583600691544271,1.1745270392865375,1.1861296722729002,1.1990428143370724,1.2126345395239344,1.2391262912447745,1.2609784088138176,1.276194107404089,1.3093815237199569
experiment_262,1.0312514813774423,1.0440667414225029,1.0467685820470432,1.0499301407940023,1.0277925619338146,1.0489345845615592,1.0515504087281513,1.0538595748183572,1.0589690906083609,1.0594422386233646,1.0611865128437639,1.063943156237585,1.0676515706426308,1.0706045550428496,1.0730777397618476,1.0739877639346331,1.0742369135505014,1.081676346087335,1.0829165748416931,1.0883163810766983,1.0890850806203196,1.0930388812214278,1.0966488529628686,1.1020537172171265,1.1055611495353037,1.1091507422872076,1.1190195523157234,1.1215774888224552,1.1206764171341135,1.1318474781026278,1.13596456042243,1.1455358935068745
experiment_263,1.0312514813774423,1.042528402680394,1.0435153730299458,1.044816350269578,1.0474746400683304,1.0401305306995223,1.0401846428824182,1.0405607544607607,1.0440331852446234,1.041827638853402,1.0423633902844944,1.0417619702325325,1.0410060442375697,1.0406538920072719,1.0390182366364933,1.0371770764864152,1.0358768819544462,1.0343664931468792,1.0325167227719487,1.0304477143554645,1.0285960208321403,1.0267583171906238,1.0250847303332489,1.025001229159479,1.022819251594857,1.0201002945630517,1.0207649100824798,1.0179006363854737,1.0162173449900727,1.0155945943689342,1.014284779522312,1.0120299823296455
experiment_264,1.0312514813774423,1.0307594513735385,1.0301706815411806,1.0290003626453041,1.0309461490311382,1.0325765677977523,1.0330454878762012,1.0331090858673802,1.0385198236070503,1.039014477616279,1.0399150071771925,1.0416337972318923,1.045522879168797,1.0488022104329433,1.0515664793261574,1.0558551076131557,1.0606841031991099,1.0658426431661803,1.0732470325793841,1.0797529612113022,1.090066332713948,1.101342535373077,1.1135646394657754,1.1323497361801413,1.1483603638310116,1.1714385193073265,1.194405607128819,1.2318623281341066,1.2676109897453611,1.3135255891096567,1.3806675601261995,1.4520205271776256
experiment_265,1.0312514813774423,1.031515416758207,1.0314578597063258,1.0421508394564634,1.0332605356307394,1.0379424290567743,1.0391152721833656,1.0394856395975534,1.0483460398075164,1.0497425359208912,1.054898758752805,1.0584279135320642,1.0665781103966685,1.074922931330777,1.082823786538299,1.0933712587432132,1.1078970182558643,1.1228873404291708,1.1362354392417826,1.1589749867847243,1.1819358243207048,1.2131949161935647,1.2469966262349976,1.2724326510228172,1.3152056051830814,1.3499976989348614,1.410039186056027,1.470367882722733,1.5391004586137216,1.6370207679263689,1.726336176878947,1.8616220725591166
experiment_266,1.0312514813774423,1.0420893978831478,1.0426700528112285,1.044235454822432,1.0478523149166372,1.040631708774278,1.0418922903862453,1.0434773867006557,1.0506213482053477,1.0532188155054767,1.0556962521526314,1.0596029616577807,1.0623380573506223,1.0646624711720225,1.071560350547351,1.0756282087290958,1.0800536391979456,1.0919005745325439,1.1003683916448912,1.1085918014262044,1.1181567572878124,1.1290724191985162,1.1438483936647474,1.1585224984510663,1.1757733699709028,1.1983528778286068,1.213115615716948,1.2427785831626508,1.2684761046942963,1.2947984779602248,1.3256140069837483,1.3692236337882349
experiment_267,1.0312514813774423,1.0315639492484052,1.0317572070293195,1.0422515304009405,1.0451865467801544,1.0394132490694818,1.0394954064583828,1.040827065540987,1.0457489219176896,1.0457887057478568,1.0504906941742518,1.0523022782313176,1.0557128676862289,1.0593785621610714,1.0627342173386372,1.0651340082013894,1.0708523161017744,1.076717841820816,1.0801844113696657,1.0898975986584778,1.0952525262554988,1.0991256845895219,1.1076110064531521,1.1216354862494486,1.1265348233392884,1.1392317753708965,1.1481316166416913,1.1627576088105824,1.1739303001227044,1.1852718828417244,1.2023719135151163,1.2129805622194585
experiment_268,1.0312514813774423,1.0345208826672314,1.0251287126288726,1.0241478240140947,1.0180640264040566,1.0303130594811227,1.029019909955041,1.0286238512835228,1.0307662303017426,1.030256652648449,1.0299388800213456,1.0297304920197683,1.0297659649958402,1.0302481980137064,1.0309465933324975,1.0314668107909695,1.032963190853713,1.0342552610007225,1.0353159064950326,1.0374139590580738,1.0398294935977024,1.0420821596903622,1.0447790706046922,1.0487456283123526,1.0527078616751697,1.0576664285190571,1.0625281719598387,1.0696374842037937,1.0762092618078616,1.084595061734753,1.0952112239549383,1.1064713727978297
experiment_269,1.0312514813774423,1.0318242647369837,1.0418767773234576,1.0423552840516785,1.0439977648379657,1.0356595916791973,1.0355743844774072,1.0353888759921102,1.0392079476424592,1.039526025325307,1.0393619247544734,1.0395765641426626,1.0397326812791774,1.038920034131391,1.0390435742372812,1.040012383764381,1.040451637662716,1.0409519676955348,1.0405616744168906,1.0415747397781727,1.0424703032189753,1.0431656527065007,1.0441965197732794,1.0452358741053012,1.0462501222146499,1.0475588561629807,1.049688746339916,1.0490693826059112,1.0530949626419284,1.0545430790302783,1.0559841354095874,1.0586460584448911
experiment_270,1.0312514813774423,1.0452878750229033,1.0495148822190865,1.039839388917313,1.0452988872490898,1.0557489429479623,1.0589960595096526,1.0646887860463012,1.0758024888907596,1.079622744891114,1.085778764193889,1.0936511540073186,1.1018446618337168,1.1073651371432618,1.1183764632570086,1.1262933727532056,1.134844115707286,1.1403817848806812,1.1562033945623025,1.158916427597589,1.1738221014863945,1.1791195027235222,1.2004325676484044,1.2222657431228754,1.2358822111235517,1.242512372896277,1.2592431165671427,1.275485727149289,1.3002473146793427,1.3090836388494427,1.3388633855149248,1.3640230909153346
experiment_271,1.0312514813774423,1.0344966369822284,1.0251863082032038,1.0243516937824797,1.0183030857106585,1.0309003260906915,1.0301154530822847,1.0297688817858688,1.0299604067142096,1.0302278198054067,1.0307744294847285,1.0324441133971638,1.0333175766997846,1.0350559705945073,1.0366767997394966,1.0390406028492813,1.0415707975788102,1.0444773714198792,1.048577564071722,1.05163843637068,1.0565558060013256,1.0607498155717157,1.070265330130284,1.0764990695301013,1.0857028318779876,1.0938957803070564,1.106043977837465,1.1202476348148387,1.127598132586899,1.1491631428574411,1.1653345480243331,1.188618950771393
experiment_272,1.0312514813774423,1.0301385863405113,1.028951918192517,1.0271922213507263,1.0273611915364245,1.0297157226979707,1.0293400290014005,1.029672137164632,1.0302530770839844,1.0304659079507608,1.0315541966765622,1.0318673424872737,1.0331293045202916,1.0338051264530606,1.0355855514266683,1.0371286548844998,1.0373820489309837,1.0411571222251501,1.04363880269505,1.0469469467621666,1.0503545414069153,1.0538358485324033,1.0591786168065251,1.0637872583507884,1.0725983269455899,1.080056219323978,1.0895083175946023,1.1014034910733914,1.1177371321395224,1.1335388185722335,1.1491113080697513,1.1805370050514608
experiment_273,1.0312514813774423,1.0304777029502463,1.0249826398189377,1.0246526730227041,1.020453895563176,1.0346562846652425,1.034468875793274,1.0346139741729372,1.0373248367546617,1.0381935211775124,1.0392732400949558,1.0405548357932397,1.0423906628790405,1.044677457261012,1.046665153160121,1.049358012010251,1.05107280753736,1.0546446238400184,1.0605588621143258,1.0626882468456902,1.0680769987452392,1.0757726577857118,1.0811792722734703,1.0902360738459427,1.0986906788237143,1.1094451073289928,1.1191171705066278,1.1318536305867792,1.1411643537334348,1.1573167246668785,1.1744764707376898,1.1905539284136468
experiment_274,1.0312514813774423,1.0309295636886635,1.0307678458292586,1.0309349743806084,1.0423927144312386,1.0358594882512042,1.0365096552059139,1.0372868398453332,1.0451977958401948,1.0488329575827808,1.052258986623785,1.058518088355323,1.0647420977744093,1.0733861190461782,1.0839340983313182,1.0942458252662144,1.113674994270434,1.127011899425859,1.1530823403517747,1.1814611214688828,1.2134334252903045,1.265825677438125,1.311167425201926,1.3700590645960204,1.4318268144832047,1.5267390496704778,1.65258564143965,1.8110365520827996,1.998356660978816,2.233500900245396,2.498230342344818,2.8996453976622587
experiment_275,1.0312514813774423,1.0255800172377283,1.023479016005998,1.0221075477716728,1.0175527505910467,1.0263313947367765,1.0256975946387108,1.0251389692952697,1.0259485194196873,1.0253586972679212,1.026045160716964,1.0274323153608953,1.02836032853086,1.030542154272644,1.0318496065412401,1.0356747539323583,1.0397970613305014,1.0441827682016946,1.0490930889028534,1.0563201293099835,1.065364040296567,1.074615790742921,1.0868282901652726,1.0980390953504318,1.1161300166772299,1.1376482156942205,1.1588012562576653,1.1827212473510005,1.2127551691637628,1.2583655469219017,1.3053954055209913,1.3522098510267166
experiment_276,1.0312514813774423,1.029891111489194,1.0247438794093084,1.0238221722217926,1.0247140376770874,1.0294388236180099,1.0284941007503734,1.027849077738429,1.0286642801273962,1.0288582654816254,1.029265843586243,1.030258572400097,1.0317166997592917,1.0334242861390417,1.0356109341086979,1.0383139974322446,1.0412868856637543,1.0457972767816877,1.051992019073357,1.058043541860127,1.0669399662973011,1.0762721879888537,1.087900903096894,1.1005294452924625,1.1225492791876146,1.1356185812345214,1.1668642357724914,1.1991992472309814,1.223915283842238,1.2673151435238574,1.3130602293304916,1.3605335389398467
experiment_277,1.0312514813774423,1.0456218606390497,1.0500053198025177,1.0269973021868228,1.0456399353266004,1.0567104915932772,1.0615480384310716,1.0668656892177502,1.0795239749245682,1.0861176452931394,1.0979377631511138,1.105688481121757,1.1152127058485968,1.1283536451784018,1.1383205310651283,1.1575864533811218,1.162471421110879,1.1883339514923885,1.2096532805735207,1.2226868435591225,1.245609009657186,1.2734023203231875,1.2962503044092395,1.3313131283262338,1.3494586752229674,1.3911999345589288,1.440138752080505,1.4864192423610738,1.528836725294628,1.5989719756877818,1.652074578781224,1.7256413414840854
experiment_278,1.0312514813774423,1.0308068946158744,1.0254381830205224,1.0253535059967798,1.0212531700134493,1.0350671982320405,1.0351321116289245,1.0357284551150139,1.036554694386436,1.0368709536976166,1.039237636544771,1.0406167398615132,1.0426811680988914,1.0450417278109152,1.047380504953125,1.0487587500896156,1.0537846223826701,1.0557504206449362,1.06054568429533,1.0648719466071852,1.0689384118376146,1.073562987897583,1.0803738174949395,1.0872109594503712,1.0972276046149945,1.107024593718972,1.1107353612689295,1.119776192378751,1.1297984367960505,1.144305407790719,1.160282373995868,1.1753493422956391
experiment_279,1.0312514813774423,1.0294526995757178,1.0343110876368335,1.0260098964083768,1.0207191704755942,1.0345109227114784,1.0327582562685809,1.0364537921504864,1.0414635550179834,1.043490433226085,1.046461705392354,1.0503310583704872,1.0546255528779136,1.0582985523054609,1.0667564925012,1.0745180883875025,1.0813231578852633,1.0915825775532997,1.1065982459035568,1.120054843133049,1.1474952069052375,1.1713617202841866,1.2015917273695416,1.2251993174597684,1.268781873940017,1.3103167794203152,1.363146825760502,1.4172417808004816,1.477456432250513,1.5643568319643724,1.6486285276191863,1.772223241602758
experiment_280,1.0312514813774423,1.0312514813774423,1.0410754167718563,1.0312106157163896,1.0432912253767659,1.0362837950138288,1.0376784785708741,1.0372841792061656,1.04215460611856,1.0437016510036532,1.043237033309566,1.0459294957444236,1.047143411003101,1.048684530402053,1.0521669058899694,1.0543572155341008,1.0574985929616492,1.059931920512606,1.0608585321575887,1.0671064490991746,1.0711139173177087,1.075784828119223,1.0827517908191844,1.085579460691159,1.092067734433566,1.1044428363697654,1.1086543343601882,1.1223223456182763,1.1228385403539012,1.1432054463072299,1.1510725666616943,1.165776690274043
experiment_281,1.0312514813774423,1.031781654733556,1.0423445867290626,1.0437560663543806,1.0470797724910257,1.0397545398600556,1.0414494746296366,1.0443696221192011,1.0514261281873023,1.0551212339585971,1.0625061623940615,1.0659268380748703,1.0753657225820885,1.0835911065195507,1.0899523879142816,1.1051776043710566,1.1203048587707556,1.134942241185206,1.14909579028978,1.1754414624725043,1.1946442290864856,1.2318549708807567,1.2659626719837265,1.2978579903684082,1.3487431259565297,1.3820325061938084,1.4426514016290328,1.5036344064019103,1.6114863847597904,1.6971841905567335,1.8059685662506764,1.9574893101359372
experiment_282,1.0312514813774423,1.029743763241705,1.0274545046471302,1.0251779014312137,1.0249057928366088,1.0268642293525292,1.025420715654823,1.0244767634428653,1.0251782523046746,1.0246285725119144,1.023695843092478,1.0225929882288505,1.0220271086859374,1.0213952587437667,1.020974505831362,1.020646449074613,1.0200321561033237,1.020293809812667,1.0203466670410601,1.0205276375056713,1.0206855633458054,1.0205223611611345,1.0210799834079827,1.0217951084600831,1.0225661119332436,1.0232334339405396,1.0243801806492343,1.025438046678221,1.0268855450708523,1.0292527419367319,1.0308423606545438,1.0336132612459292
experiment_283,1.0312514813774423,1.0430219342012659,1.0447523309676998,1.0471691886182466,1.0385254673267152,1.04573844883584,1.047425518440183,1.0486664181285827,1.0570354687316,1.059018881778008,1.063686679725683,1.0674947094059815,1.0728467738711773,1.0796743341874255,1.0858523351629679,1.0892886627671097,1.1013530499517592,1.1118179781998692,1.1177852383813656,1.1355010886470922,1.141712428422481,1.1598118161248816,1.1814665934864372,1.1992533387698738,1.2216002572417954,1.2467446588512212,1.2774807580155543,1.3129920187787263,1.3416332178523267,1.391472229993886,1.4345505146818327,1.459761140542421
experiment_284,1.0312514813774423,1.0305872939550649,1.0342687646827629,1.0258388170795156,1.0203356626314097,1.0335751839289866,1.0329845800298252,1.031876657472744,1.0324341644128894,1.0321960351820052,1.033573559695149,1.035433617804899,1.0356064117959045,1.0374566477392364,1.0390974765959688,1.0419059400017192,1.0442435710243188,1.0478692993760412,1.051919228051782,1.0572596293083603,1.0625544741561759,1.0701624045634013,1.0787038494641008,1.0860374059701918,1.0973603170537416,1.1099268240853437,1.1244449373516705,1.1460003130340273,1.16247650318534,1.1844130160953,1.2070432017863486,1.2362480744522237
experiment_285,1.0312514813774423,1.0417501540234264,1.0423839450953862,1.0436234199767607,1.0474666042172351,1.0415004932294853,1.0427499605583603,1.0447138202758395,1.050181907841807,1.052972729791655,1.054759377015356,1.0602074595313808,1.06349664955437,1.0680780459532782,1.0735061156926915,1.0801578968539494,1.084352377849658,1.0876416332411356,1.0962851263399533,1.102383571329374,1.1121956446542969,1.1235546033710633,1.1278568063101966,1.1445358653199658,1.1529885719447368,1.1669218961277283,1.1778344817551718,1.1938564330265953,1.209632210458096,1.225439868962089,1.2442081959607982,1.2586006633581266
experiment_286,1.0312514813774423,1.0306235773702344,1.0291307332353812,1.0284610234014988,1.0290476284379462,1.0312714038797384,1.0299760135437845,1.0292911410715757,1.0306947856957323,1.029999422817237,1.0291989472068988,1.0287173111457801,1.0285803713970871,1.0287699496811442,1.0281277801614415,1.0289576698150054,1.0289927418817926,1.0301127435372253,1.0309190805066053,1.0318738425405942,1.033167746225612,1.0344407945593344,1.035290479786599,1.0388522725491636,1.0417282319054642,1.044397770061411,1.0485222507689993,1.0524212089419396,1.0572067394519669,1.0624428489764561,1.0675149886125594,1.0745254778264317
experiment_287,1.0312514813774423,1.0436485168343619,1.0460824838326477,1.0495506935630101,1.032121325544039,1.049551132039527,1.0505358882258764,1.0568323501100325,1.0658989233570788,1.070147224254264,1.0757120507468343,1.0810968672944614,1.084385002545805,1.09146110944813,1.0959314341089694,1.1033081012399362,1.1065695711283827,1.1167087794057844,1.1212501235774182,1.1280943445826455,1.1396260805975789,1.1488833994675083,1.1523891145707197,1.1627639764708664,1.1738521168850096,1.1855289151416477,1.1877670223683772,1.2019367578403668,1.2124120191590206,1.2316169092065132,1.2459605020785858,1.2576635214089622
experiment_288,1.0312514813774423,1.0430971262863518,1.0443268014712808,1.046262016211539,1.0495350210102958,1.0404776254899573,1.0418210336558333,1.0426418544082083,1.0490160962606045,1.0496442022893262,1.05079744762429,1.0514205305381417,1.0524770528475333,1.0537162765781252,1.0543102452429303,1.055269280686799,1.056796455054854,1.0573626052132084,1.0596471073944975,1.060501026525483,1.0618811145589913,1.0622102568654697,1.0647198759928371,1.0637828193532781,1.068316971369108,1.0707034564375664,1.0709660434538568,1.0739061045105358,1.0760753101216385,1.0797848433935993,1.08148768970136,1.0833307395965488
experiment_289,1.0312514813774423,1.0313610780366733,1.0310994650046026,1.0314945857406286,1.04344198405895,1.0347259316879434,1.035596268052591,1.03718422221571,1.0428806858030124,1.0445441588816389,1.0468206634552188,1.049965311019557,1.0512990561849511,1.0558237923032485,1.0615635115291324,1.0682127221073288,1.0738739910452515,1.0810937354480594,1.0885344503634333,1.0959492913018243,1.1152855610492471,1.1278065009175946,1.147372120222236,1.16791702018118,1.1862298796716395,1.2293714241819722,1.2469637654174694,1.2828132091829996,1.3352581184068624,1.3771014157089705,1.4294567002933578,1.4927452150631049
experiment_290,1.0312514813774423,1.044587186695577,1.0473838806275944,1.0374049611880747,1.0297203321599773,1.0470572551337003,1.050472358651203,1.0522522797727625,1.0617639888006867,1.064357098146214,1.0675797980497252,1.0723976577964627,1.0769147150554998,1.0832218174025559,1.0879827758966722,1.0941576426383615,1.1009486641442745,1.107187671950474,1.1159695930248452,1.1197159391603977,1.1300614728722318,1.1483163788695954,1.1559915704684423,1.1698868535529188,1.1801431843391648,1.1953804569233684,1.2079051179292342,1.228066889271687,1.2546938570577193,1.2668018061435282,1.2969011968828223,1.31636972957007
experiment_291,1.0312514813774423,1.0421411606851336,1.042636451842003,1.043867317657051,1.0464440271170872,1.0381890825787763,1.0392850870738861,1.0410213107004056,1.0442837246274566,1.04609803481513,1.0479709142759954,1.0511289046106873,1.052743989761079,1.0580533371339913,1.0635243138022543,1.0683995198748477,1.073854984607526,1.0834254122538904,1.090503962603946,1.1043536612515292,1.1191269726000659,1.1359987677791656,1.1543854402509761,1.177534839133714,1.2041284643993775,1.2361982058096987,1.2708821495524285,1.3194259295141393,1.3709228933101263,1.4247824252179204,1.4830470067747572,1.5763029914645426
experiment_292,1.0312514813774423,1.0291132862747099,1.0272488612542803,1.0256091606188864,1.0251438149924665,1.02650160871204,1.0261125347709215,1.0247973250425388,1.0263710927564902,1.0259888653661402,1.026602597073299,1.0264536573928689,1.026749684731405,1.0276061779302472,1.0280266603468684,1.0294427177361793,1.0313900012991433,1.0324166999922215,1.0351543425870633,1.0379960579022873,1.0417310659687256,1.0452630661526774,1.0503476551216973,1.0558716303934998,1.0639034138253995,1.0728051261215357,1.081860458985657,1.0929869066000608,1.104332310690825,1.1241501870335415,1.1443781716485792,1.1642031077331771
experiment_293,1.0312514813774423,1.042212294735068,1.0431252386240943,1.0448356356924882,1.0497757994149233,1.043048454702737,1.0447926892761066,1.0472471674361354,1.050486025115101,1.0524430805330858,1.056520508364294,1.0609366726796658,1.0653605464899372,1.0689123226433592,1.0763262928135031,1.0834361234802747,1.0885104261187597,1.0921214273355462,1.1046738702530392,1.1115885460027906,1.1235431819835349,1.1357468450248545,1.1531639705224666,1.1640256693422357,1.1804414936498946,1.2059416580480153,1.2162092574557555,1.2533852990810335,1.277663281933315,1.3062522015834241,1.3565599840928375,1.399599631779619
experiment_294,1.0312514813774423,1.0340204942339843,1.0242643055457992,1.022846293783403,1.0232095578589337,1.0274950161219814,1.0259321542940307,1.024626496994979,1.0244188144078774,1.0233458580641017,1.0227264156137685,1.0225131779637278,1.0222688444727979,1.0225357124990475,1.0227468220422835,1.02319850844461,1.0240770963250014,1.0265003451298944,1.0268074217217311,1.0291013586618172,1.0331079203322504,1.034219834008107,1.038391322578479,1.0432208583727274,1.0480517674786534,1.055022048157894,1.0619815263958046,1.0695650033104767,1.0788375352609383,1.0940055605323418,1.1030464389310792,1.122548123374822
experiment_295,1.0312514813774423,1.0310397402160425,1.0402466005042827,1.0350872031841682,1.0209508568440144,1.0346857424826656,1.0338196919536207,1.033500058690084,1.034367346065845,1.034322084754958,1.0343215814646929,1.036302211537203,1.0369982068945716,1.037614076153174,1.0393143790721004,1.0401483780654992,1.0418006800487227,1.044230714094529,1.0450853151801072,1.0477160081626162,1.0522650653228065,1.053663240439675,1.0608443427789993,1.0656724601966598,1.0705492207114768,1.0751676367057226,1.0776428974320533,1.0862082007242164,1.0950440830962325,1.1030754824552016,1.1132632750395153,1.1232797690056748
experiment_296,1.0312514813774423,1.0437888545972933,1.0460876015358544,1.0491456752948838,1.0401713035779787,1.0479499318044945,1.0493174178017757,1.051533416689026,1.0582972943076743,1.0623270368340154,1.0645971266970344,1.0659067273969782,1.068183538471808,1.071086141947549,1.0741555274231398,1.0745879331164083,1.07639156320839,1.0817385325660849,1.0798618266243603,1.0843217897605526,1.0856857995324616,1.0884537268103336,1.089735909351707,1.0922082961651642,1.09235407486984,1.0874264074209878,1.0898023450051204,1.0944027019029459,1.094852728648414,1.0897913489442945,1.0937515665591617,1.0915225954635426
experiment_297,1.0312514813774423,1.042916713491067,1.0445755474208502,1.0472922117250727,1.0382648172623872,1.0446415060741852,1.0471063406774088,1.0506534993445797,1.060285167520137,1.0647687548079372,1.0688781115306458,1.0758131492544079,1.0812701689647697,1.0899721801668703,1.0985324412443895,1.1091294778175136,1.1204555430376595,1.132802740684838,1.1392412701636807,1.1671551144242818,1.1812734558979903,1.199223466728999,1.2250655694125925,1.2546909568533575,1.2866125486197233,1.2995306868034722,1.3528860095093564,1.3987457516078974,1.4432821694667277,1.5131073741017755,1.5605156950659675,1.6365751063094633
experiment_298,1.0312514813774423,1.0419519340692525,1.0425477833498407,1.0437706687510238,1.047557186341833,1.0390687727616807,1.0410199786681336,1.0426760347627548,1.047685070692018,1.0498678105249117,1.0517544817077327,1.0537229680464288,1.0568052860503259,1.057387658941336,1.0623060028142162,1.065664138019839,1.0691627988119026,1.0724188788711981,1.0786835865459101,1.0853844319068446,1.0896284717591693,1.097421873613052,1.1057023977357074,1.1126453887433048,1.1233456716024384,1.1290670730925532,1.1414964458476724,1.1425652135089095,1.1653641865028477,1.171978328598945,1.1969390714650912,1.2099670295832619
experiment_299,1.0312514813774423,1.031635416545216,1.041709073171313,1.0425019619699105,1.0449552218444562,1.0376992346936722,1.0388719048653976,1.0393714046393632,1.0428217417953178,1.045021010564216,1.0473702066734438,1.049990156926534,1.0516775093205184,1.0556808441532795,1.0572779218087267,1.060661800025371,1.0673706371641027,1.0715832379529424,1.0795475377673325,1.0850025249355344,1.0914799309129646,1.1029611655888625,1.1115744718242089,1.1218438463377614,1.1295816485968835,1.1419317589012026,1.1546952969272182,1.174147010553885,1.1903826129496466,1.2099886790366883,1.231171416921639,1.2576241271640467
experiment_300,1.0312514813774423,1.030419129427563,1.025520904675989,1.0248142658514754,1.0142340463948791,1.031955433373068,1.0316125419957585,1.0315002194049754,1.0338187949831956,1.0338555080340874,1.0344905849671562,1.034685718227139,1.0365326599355862,1.0385945311581541,1.0399694859159023,1.0428839894974564,1.0464990540147976,1.0490855385846927,1.0542128063379648,1.0595902616508615,1.0654921417653325,1.073732439375328,1.0823486466692211,1.090912065828108,1.1035348708853994,1.1163616281251363,1.126498082725041,1.1451052886024873,1.169964285994829,1.1802861336246875,1.2067004008819702,1.241538919726021
experiment_301,1.0312514813774423,1.030593999375332,1.029602289906048,1.0290371225679378,1.0295636006078122,1.0309163778187447,1.0299531907070631,1.0301470960730896,1.0326076411932903,1.0323775773274468,1.0325272332545845,1.0322544777212235,1.033103285852803,1.0332552354752909,1.0350254043681306,1.0351553699564018,1.0363053546474814,1.038144818284037,1.0399045040746353,1.0408704197063523,1.0431241145816943,1.046261466381726,1.0495081792998973,1.0521557737736218,1.0552201390198184,1.0597116362646255,1.0643955984125504,1.0695926252984673,1.0757769514484317,1.0804946427939446,1.0892657686311134,1.0993358606452517
experiment_302,1.0312514813774423,1.044074197881786,1.0468046712390728,1.0500280969932405,1.0270642037871214,1.047459982109616,1.0501696349694853,1.0525595058886057,1.060670343773813,1.0634243366167744,1.0661611110010014,1.068065066732984,1.0723738888604673,1.0746248044048115,1.0785737027664326,1.082163600705907,1.0852792507704896,1.0891171770649188,1.0925482571041936,1.0954992176213905,1.0990397173466866,1.1051113201256373,1.1083922651032108,1.1104299305019798,1.1184225176481906,1.1198025029553442,1.1260609941822837,1.1340513450818297,1.1412197679058667,1.1487358051549594,1.1490010939605593,1.1596089213094922
experiment_303,1.0312514813774423,1.042753228133148,1.044186026493036,1.046494791201317,1.0377562921211503,1.0445620532356354,1.0468352594421582,1.0496624646828079,1.0573991911971203,1.0610654069302599,1.0654416240775653,1.068826593956196,1.0781666565915455,1.0842633251928522,1.0879542266015554,1.0989362171722863,1.1065371441242566,1.118876023811686,1.1278251686475897,1.1400045373135885,1.1524324434075792,1.160482883837418,1.184292282258568,1.1994719579248816,1.213594810991794,1.22904970788857,1.2542151480352257,1.2767980561642644,1.2928475853468722,1.3285964670167243,1.3508164686936095,1.3767833178999531
experiment_304,1.0312514813774423,1.0286742802308515,1.026868105779504,1.0255264173851462,1.0251269946230903,1.0264457942489877,1.0250663916596894,1.0241018737283518,1.0247008582174737,1.024056802546904,1.023659301344818,1.0230229134328577,1.0232241035417418,1.0233695154259226,1.0238013179772507,1.0243691432953386,1.0254285879831089,1.0266388780304812,1.0284103300976355,1.0335869962561894,1.0328738892769893,1.0363135248818203,1.0403197646656845,1.0457204157843503,1.053059185206554,1.0611849849330248,1.0714517530458223,1.0823722447612654,1.0976907639418132,1.115891099569624,1.1397072126539214,1.1730509241795382
experiment_305,1.0312514813774423,1.025887042592836,1.023924010869176,1.0224850038664706,1.02275749969632,1.0265282434379412,1.0251716946779321,1.0235605808755373,1.0250420418811463,1.0239663101826888,1.0238970478237948,1.0235744126727522,1.0238656937852775,1.0241074052167096,1.0250898914827191,1.0263171446686068,1.0278325995798054,1.0301140604112644,1.0331695889084778,1.0360600979477137,1.039991604446201,1.04552942485281,1.051178122315896,1.0588813321079646,1.0662050378094854,1.078301883260648,1.091479275770323,1.1095537767622976,1.1320893423225065,1.147956312313486,1.1735166422028933,1.2003721600072335
experiment_306,1.0312514813774423,1.0423828047819255,1.0431652273338419,1.0449452624521993,1.048761024430791,1.0413935770525875,1.0415201626134776,1.0442304129230722,1.049930540789384,1.0519853798669447,1.054671310011919,1.058192581558625,1.0608359291621468,1.0655097945442147,1.0695150982182453,1.0731882464160793,1.0779597725442627,1.0853300543867503,1.0910610536957492,1.099740115928026,1.1054294514174425,1.1144810215830507,1.1225408935860655,1.1388175486929408,1.1493935007678984,1.1674706749912303,1.1731492259592973,1.1989915535538547,1.2235555742403135,1.2328125902060942,1.2581929129818321,1.2861756254461314
experiment_307,1.0312514813774423,1.045685964878297,1.050038860065234,1.040234865912125,1.0445256083522279,1.0539007759612473,1.0575048517623533,1.060713683560676,1.0702436782988467,1.074828074586139,1.076311587433051,1.0799017426382131,1.080483021222768,1.087758292106528,1.0890000187327018,1.091527777691597,1.0924753548916792,1.0950551083367326,1.0931703135334114,1.0945158615673234,1.095640596448089,1.0974012580877135,1.0936406448541278,1.0941414337369284,1.0926771301195826,1.0915534570265095,1.0862548861410632,1.083583646462165,1.0812217901013568,1.0784684323734695,1.072594833130375,1.0727677340419728
experiment_308,1.0312514813774423,1.0306584267400363,1.0261029947990306,1.0258924147860349,1.020576691270209,1.034075747438844,1.0345736965834547,1.03394226691751,1.0371529139582845,1.0383191527124092,1.0399666241057761,1.043468192542079,1.0476649184959914,1.0508259065920702,1.0564118222294092,1.0643007381184153,1.0695097416122967,1.0753191704986735,1.090238623307284,1.1024317454862256,1.1151954650850602,1.131617630341973,1.1467467853258535,1.1831560574871023,1.203785094010055,1.2271604234649707,1.2660351929652853,1.2995532551717148,1.351202340763126,1.410577297450721,1.4807388436035922,1.5352201293326353
experiment_309,1.0312514813774423,1.0311320947588776,1.0307329181394174,1.030587843027062,1.0313723457301467,1.0330274606426764,1.0324518857138496,1.032535520210378,1.036240461625562,1.0359935193387024,1.0362049735845298,1.0367330248979842,1.0374277202000406,1.0382101190666644,1.038744344168702,1.039962570431321,1.0408705055557164,1.0430122139591003,1.0444691553353547,1.0464170968859239,1.0490162803675622,1.0509201834711623,1.052625401181286,1.0572786796828741,1.0601162775364092,1.0640168450989265,1.069488400388534,1.0750098635495118,1.0780134935954213,1.0876962414145885,1.092806048807444,1.104657511759778
experiment_310,1.0312514813774423,1.0425726326401794,1.0439307070610886,1.0461241247172353,1.0501351021900336,1.0429290430195468,1.044334291081767,1.0474295783568752,1.0551582779917508,1.0588311326535838,1.0634094507821572,1.0684846129735934,1.0756881067688582,1.0818504013233319,1.0897662950501996,1.10172462606214,1.1118416468239347,1.1263215501602188,1.1382007068861837,1.1496589348086839,1.1734331272161442,1.1982772450669015,1.220528568601723,1.246176366726974,1.2729142710964547,1.3089893301494426,1.3476570485462063,1.3965167751225345,1.4369904912255538,1.4944841922728955,1.5633582259358074,1.6397388824596888
experiment_311,1.0312514813774423,1.0344950456829418,1.025186473077402,1.0244933571917283,1.0184317431661516,1.0317652248255738,1.0311134916695803,1.0315485223132899,1.0340600475019301,1.0346997985319941,1.0363511898635942,1.0389870869116826,1.0401847606201227,1.0432992493362596,1.0465529677652161,1.0513138663442714,1.05479812132321,1.0600865501618761,1.0666888345188783,1.0755408586842679,1.0831649774494367,1.0921133173375022,1.1001543353374073,1.113866348296888,1.12457369602292,1.1402723033246343,1.1592409164178068,1.1763458647049307,1.1991355245623727,1.2196533844426494,1.244815998402773,1.2553321042195293
experiment_312,1.0312514813774423,1.0257339809745911,1.0249801666630978,1.0258313136477013,1.020456708161527,1.0337645900381938,1.0337656378650824,1.0315911027687796,1.0340851095033547,1.0345527399733134,1.0350444079103096,1.0356663955233314,1.036858917861309,1.036860652501278,1.0393413180980327,1.0395744072358593,1.042900731716859,1.0452053600469817,1.0472958171220925,1.0499759718269404,1.054772633993621,1.058706155407858,1.0640395400409772,1.0687724454507677,1.0741026519221606,1.0792020232482111,1.0828348628973588,1.091817753876767,1.1021529150407914,1.115263906454894,1.1250781896642412,1.1362604796492197
experiment_313,1.0312514813774423,1.0310201021364032,1.0305894540013825,1.0303983261668745,1.031101982151164,1.0328167858593253,1.032599753721331,1.0320164607065212,1.036045842247851,1.0363409723513988,1.0364663022145248,1.0373310802187734,1.0377255554565488,1.0390076526521532,1.0403228738146937,1.0418336338125465,1.0451315728063988,1.0467026338255612,1.0508970629946655,1.0544740580164713,1.059051917514472,1.0633107926188416,1.0707177248839765,1.0756228357702422,1.0867387880358532,1.0974422428190385,1.111770001272651,1.1231946955928758,1.141135107060705,1.1638707397154278,1.1858534988208382,1.2106679364102744
experiment_314,1.0312514813774423,1.0288911041968314,1.0254110644235828,1.0236173731923484,1.023001273105656,1.0238221857370804,1.0222622139207642,1.0209848211937498,1.0216396486656731,1.020508495436863,1.02017909783057,1.0200678743825677,1.0200159940837121,1.0199776782226166,1.020667894206551,1.0213093017212058,1.0224874384585456,1.0237927955687016,1.0246967082642073,1.0276868255507163,1.0311454656446613,1.0347931560006822,1.0397160554605764,1.0481186260113569,1.0516873691890505,1.0620464211327174,1.0727705164024122,1.087528453950126,1.1052232367516253,1.1317242250812403,1.160732333433999,1.1980893654878793
experiment_315,1.0312514813774423,1.0424171438967018,1.043506419903824,1.0452363183044233,1.0497825226290973,1.0428041947749558,1.0441761450689904,1.0437766551627197,1.0477267806290067,1.048685388083446,1.0515027144812343,1.053009172123011,1.0540559972912489,1.0579357370712865,1.057661590874852,1.0608574790908627,1.0602399392020847,1.0650741612052606,1.0691228558454027,1.0693618950242079,1.0736713537291156,1.0774447697939293,1.0836663853918989,1.0821896317025956,1.0880162678046386,1.0940721662820205,1.0969940441528707,1.1022687034100767,1.1090358496887707,1.1120177674777136,1.123206699098216,1.128530480390725
experiment_316,1.0312514813774423,1.045013518445608,1.0488444347823562,1.0531847871827547,1.0322459605853926,1.0534013069869659,1.0572705850597452,1.0590188277565187,1.063256098180519,1.070029847170544,1.0726401530620706,1.0776961461656973,1.081227247921285,1.084750922276411,1.0888755928334406,1.090003375344467,1.090140780181905,1.0977881546455033,1.0974662185521458,1.1021527258383146,1.1103779636852946,1.1125275378428785,1.1108923739464107,1.123787776216791,1.124597984223654,1.1296443920728299,1.1322917165522062,1.133776868940671,1.1375177443212938,1.1415293428363973,1.1438906711598498,1.1577742413610503
experiment_317,1.0312514813774423,1.0309349197674833,1.0298603568507922,1.029658614841529,1.0401450736670705,1.0331940980552043,1.0330878426716756,1.0327586841899028,1.0342712433367467,1.0345438402583327,1.0346342015793328,1.035300995855069,1.035270559623772,1.0362494471630987,1.036893210495331,1.0381294099514646,1.039005278538086,1.0398557562706865,1.041930343555828,1.043093469796221,1.0461056916744012,1.0477553131102382,1.049570599954178,1.0535080561998438,1.056569703435148,1.0575734815465174,1.0631438980781733,1.0685644902956957,1.072579893884752,1.0795161789527628,1.0863386669722837,1.0935654232095402
experiment_318,1.0312514813774423,1.043267491255757,1.0449409748855043,1.0476804769867738,1.0386852052407916,1.0443998130169454,1.0466865280531439,1.0501071120959444,1.056494173187378,1.0604761665220839,1.062590149551371,1.06768738350903,1.0711569532733833,1.0778209062263622,1.0828078282837192,1.086940924715665,1.0959503138287965,1.1039202545867814,1.1131868019658684,1.1187177539500457,1.130357967882338,1.1425924088569432,1.154394769990235,1.1615201960827772,1.1729513434058791,1.191732892126935,1.2014698084605984,1.2248773262899675,1.2337885946921046,1.2758361596672163,1.2934796135809874,1.3147721815772555
experiment_319,1.0312514813774423,1.0303477938121957,1.0254274551715827,1.0244739544561159,1.0250593761964732,1.0291126309238854,1.0269789227071575,1.0255517998243056,1.0267405385432435,1.0264673151497425,1.0253721045366022,1.0251946517760377,1.0250053264431935,1.0244719795954862,1.02493041260817,1.025000932930652,1.0254550889668768,1.0257487494059607,1.0267696835262277,1.027976905201936,1.0295443919724592,1.0310442116118637,1.0332134160709852,1.0358948613549532,1.038108071797985,1.040544187646949,1.045011739326054,1.0495430330082132,1.0534490217785724,1.0603858080693358,1.0663789639365615,1.069442037175594
experiment_320,1.0312514813774423,1.0454376528588756,1.0497854438084306,1.0400532722260671,1.0457367568916038,1.0562482374032558,1.0601479994203789,1.0641292681243788,1.0736373576478182,1.079508927823566,1.0844059485279716,1.0877894965819275,1.0948539226866156,1.099329916284451,1.1048143332449876,1.106111002477056,1.1187994976583215,1.1259784927341583,1.1268733283325991,1.138818011869192,1.1496479693869208,1.1468731592380368,1.157592842669397,1.1665861498662762,1.1718408306568915,1.1865659302568516,1.1907105319713178,1.2000194675154665,1.21389593007855,1.2259281469694794,1.241094536066839,1.2524790991720989
experiment_321,1.0312514813774423,1.024871571987549,1.022286419730494,1.0193520207919216,1.0216940866551019,1.0235299943564853,1.0227215066752666,1.021460980504736,1.0212044504986872,1.0214704410142934,1.0211239696838073,1.0217966049306288,1.0224580173407547,1.0232327462351205,1.0250232884051895,1.0267712804055473,1.0294224115149282,1.0327277842563782,1.0367161819796697,1.040673532420059,1.047127740903714,1.0549053205273027,1.0634471095013003,1.0735246209577611,1.0869603350997692,1.1011506179054236,1.1168150417907772,1.1396402204374898,1.1648028346909656,1.2004666777807722,1.2369379896816186,1.2726404838555452
experiment_322,1.0312514813774423,1.0273466011825043,1.0246906119942587,1.0227181554279898,1.0221409242740747,1.022326259182814,1.0212777819475682,1.0203178215261022,1.02168858171293,1.0214945458188731,1.0214083175447028,1.021622880394501,1.0221525267853766,1.0232823549538401,1.0244083775098491,1.0260856340256908,1.0282143911003352,1.0301046258970592,1.0355176752910575,1.0406625183878582,1.0467775127405787,1.054023228177842,1.063001506378285,1.0749368084681834,1.0906451484000723,1.1073568267279683,1.1341872023468216,1.161845153890249,1.197337089067122,1.2303993114400036,1.2904195469317572,1.3431935379050102
experiment_323,1.0312514813774423,1.0300521185145066,1.0285280647807133,1.0264390189054418,1.0263797531405077,1.0285143135398662,1.0274845263779617,1.0264088371511584,1.0276856138187278,1.0269918226653887,1.0263046960833808,1.0263192200867834,1.0260073432273573,1.0260355493738156,1.0259237940390915,1.026598256426677,1.0266489927567588,1.0272042867107352,1.027797234818205,1.028595628818534,1.0295127319370927,1.0313113868028676,1.0325848622984797,1.0338405058810987,1.0359784716446645,1.0394073822690455,1.042364473053498,1.0455579108829467,1.0473225267337407,1.0531485256838085,1.0591269413930338,1.0642145129797869
experiment_324,1.0312514813774423,1.0315881525715362,1.0414969975980284,1.042168679764442,1.044259130569665,1.036804405213404,1.037794715463788,1.0389528278146658,1.0440028934963097,1.0440057442653443,1.0477345537354763,1.0501074298738546,1.0522949285077514,1.0600611348273727,1.0644278993110736,1.071630779543578,1.0783686137140254,1.0873586607075927,1.1004014506848063,1.113205617180984,1.1319390183574238,1.1507072454496696,1.1727474877719763,1.1988932261035676,1.2223540925220429,1.2627575004073355,1.3122237140531616,1.3651895247719859,1.4219605813065692,1.4932760167457348,1.5980999173907957,1.6605373114221238
experiment_325,1.0312514813774423,1.0312666357543054,1.0307646850719265,1.0306569784798525,1.0413738850863012,1.0327416475933529,1.032554802386628,1.0321074521208426,1.0328606678599899,1.0327357234814396,1.0328308285764791,1.0323511902732858,1.0318962473846636,1.032038509368191,1.0317365196915222,1.031775135253579,1.031475796757923,1.032143818574192,1.0321735868217747,1.0323039984113032,1.0332037539534977,1.0338619240616187,1.0345317209410747,1.0351490463392816,1.036140860435817,1.0366515429870924,1.0376575581000818,1.0394277270069754,1.0411447063120909,1.0425282511771066,1.0445795335601997,1.046329079860573
experiment_326,1.0312514813774423,1.0421636076323426,1.0428995947345365,1.0444966615452371,1.0485516483235653,1.0398337120772945,1.0436192162502196,1.0439562201236807,1.0494859404152062,1.0516749916801065,1.05446333615367,1.057200011494108,1.0605699374489586,1.0625109583400354,1.0673567027230304,1.071624750261171,1.0762507604135496,1.0830922301836754,1.0851362551463204,1.0938561588057891,1.0957031899629004,1.104895147340134,1.1177621759675447,1.1246965223858372,1.1338595244693108,1.1464997039129288,1.161960180283469,1.1761426701038886,1.1855622625041655,1.2053087580223134,1.2273009067069969,1.2302618936021446
experiment_327,1.0312514813774423,1.0306726900424346,1.0264641576499767,1.0260931366332267,1.0204479798221415,1.0340383091570362,1.0336458688717323,1.0336184051252615,1.0352701433260145,1.0348962050781738,1.0364378617311156,1.036904819540262,1.0385146877623102,1.0400255486574177,1.0409074198537196,1.0429725170994273,1.045756311025103,1.049355987772083,1.0530194952749479,1.0574342892567714,1.0620510920851867,1.06803047408907,1.0758814389785087,1.0812383235736422,1.094424047293815,1.0996797366146074,1.1162359685060261,1.1286672477400062,1.138494905026549,1.1613135510581742,1.1818811613441191,1.2002782324898282
experiment_328,1.0312514813774423,1.0314002778131715,1.0315907849239234,1.0422354992050462,1.046338735848734,1.0406122062142265,1.0422163393147978,1.0441706963376634,1.0498187360563513,1.0529579597929266,1.056657290977802,1.062038115879249,1.068302540996363,1.0733910075103967,1.0809739132418126,1.0906844092047188,1.1029486897629834,1.111725092010597,1.1237260647537894,1.1353939611480264,1.1511670069257252,1.1655610014766,1.184428670025047,1.2124279567743543,1.2403576715830391,1.262824409110513,1.3071809366203113,1.335899222305756,1.371907603205453,1.4029353557543442,1.4617163252556045,1.4966289389692735
experiment_329,1.0312514813774423,1.0255576987305783,1.0236031060695512,1.0215664605889638,1.0220864205420546,1.0268777656186745,1.0263666296905514,1.0260441894022936,1.0282455604400482,1.0291926547442336,1.0297366921682414,1.031802859699237,1.033821967394098,1.0364038749726456,1.0396925606916378,1.0441009402583603,1.047422306389495,1.0552440824258968,1.0641467319932574,1.0726861027092018,1.0817830750469206,1.0953640905714497,1.1108545922600397,1.1300228870167093,1.1503797555175237,1.1789941499149807,1.2155936862276628,1.2527324591208284,1.2851428450818072,1.3480071726793241,1.4030142811354045,1.4846152255500844
experiment_330,1.0312514813774423,1.04339415097617,1.045460635902138,1.0485374479536758,1.0397200560647164,1.046868142075435,1.0494678091551182,1.0525964663145486,1.0618990390872267,1.0671870531801606,1.0688910227840394,1.0735537632194299,1.0816979869838168,1.0841310786085592,1.0935232967214632,1.10129736794346,1.1083960849057575,1.1182627219411267,1.1260786363269002,1.1335489982287488,1.1428835043701882,1.1536122946595215,1.165735264962658,1.180960930568413,1.1898589921447207,1.2109341559862958,1.237107518403463,1.2433001704096731,1.2742074570132838,1.2991755210242464,1.3295095835797506,1.3597055661517348
experiment_331,1.0312514813774423,1.0417088886894008,1.0420840720347655,1.042925060692109,1.0463109793357825,1.0404391200643461,1.040317191998121,1.0407051678880006,1.044621722649691,1.0441887711721531,1.047699505378698,1.0501185850504082,1.051801551063971,1.0544392564186673,1.056234909616137,1.0580987894043588,1.0614310748684723,1.0627503230784996,1.065505524495627,1.0688771606358458,1.0734729028534564,1.0816827190774878,1.0852763942846249,1.0911900300423045,1.0946209158808766,1.1022130052010684,1.1075948372530666,1.1201826715160446,1.123947040307546,1.1322099914173211,1.145262903717467,1.1628036673573154
experiment_332,1.0312514813774423,1.0437775565708052,1.046307307589332,1.0495083084417538,1.0320520170256913,1.0495321153542578,1.0520281114530579,1.0553922773257076,1.0623649921773233,1.065773018798248,1.0706701279851254,1.0757278997119806,1.0788452033785134,1.0883857771411598,1.0947075811323719,1.1023555353600507,1.1105137618368002,1.1213707758067804,1.137167692527034,1.1471916460595508,1.1586572640433004,1.1792042228215722,1.190203556081189,1.2074029670900497,1.235327560680734,1.2668820791665303,1.295325749735877,1.3175538177357062,1.3346128011946956,1.3860518979296774,1.4121670055689166,1.4704806395815861
experiment_333,1.0312514813774423,1.0297192038036016,1.0279481135825805,1.0257253860085704,1.0255847085235144,1.0274538573528036,1.0264534409255035,1.025492118774637,1.026571536584203,1.0249707992476695,1.0255188515168245,1.0264429704627456,1.0266575255383266,1.0274718421990663,1.0279077971983608,1.029891558248458,1.0316500469508858,1.0329805439387265,1.0362901048932014,1.0398535955175567,1.0442294642122536,1.0487908683083935,1.0549441595534044,1.0630763973094763,1.0706676017902694,1.0822405445174634,1.0931377512241576,1.1057261581644044,1.1263961471806834,1.1406828083709588,1.1680664011539086,1.1926792232984187
experiment_334,1.0312514813774423,1.044626843303967,1.0480658826504339,1.0520027550374345,1.0316453228339555,1.0520339505736447,1.0524309247538,1.055863904632997,1.0649062826750528,1.0690919086978952,1.0714848833634267,1.074074054968516,1.0783749788293613,1.0815791462571156,1.0850702320797283,1.0871889836786406,1.0934511995268508,1.100673210007565,1.1017512626966328,1.1077845232082952,1.1126386153669494,1.1199838627914238,1.1251125087342289,1.1302441840309818,1.1384431301710525,1.1471838127938594,1.1548447156211636,1.1624782694587388,1.1792123656349212,1.1897466407315118,1.199076181629235,1.1972615758642435
experiment_335,1.0312514813774423,1.042021219282244,1.0423424756365847,1.0430513155649335,1.0451002492641193,1.0348249844768904,1.036871661288163,1.0368500055563978,1.0390096370761732,1.040052026582796,1.0396410191244865,1.03744406346498,1.0385552193583139,1.0382547426232565,1.037142259043183,1.0364328828984222,1.034601292775423,1.0345069383481382,1.0331812949956205,1.031874841851504,1.0306893801099728,1.0297139386307022,1.0280771327486955,1.0266712307589878,1.0255235639496298,1.0240124644051691,1.022932579001376,1.021591136603125,1.0204855464536313,1.019234055810004,1.0170268110735492,1.0159668928607977
experiment_336,1.0312514813774423,1.0317136048184907,1.0418670982745224,1.042729201288916,1.0451361505178824,1.0373612471060063,1.0387733481925137,1.039878299065426,1.0446506405853437,1.047061004708318,1.05114656531781,1.0547886081862607,1.0576300358940054,1.0646993209726636,1.071245798084855,1.0793657737646865,1.0900306471427585,1.1024793482048383,1.1143878123301518,1.136115475498102,1.1617085721595064,1.1829424408319547,1.213223529899209,1.2441836971215878,1.3021707577728658,1.3411539791478069,1.4138027021563246,1.4905707511081432,1.5635670516299265,1.6882810612952548,1.8063620218066614,1.9560486095920158
experiment_337,1.0312514813774423,1.0283675470504627,1.0251941228449972,1.021231932411186,1.0212948806164233,1.0258423900809024,1.0251056813710806,1.0246187488988268,1.0271046384766411,1.0273854018139605,1.0287958983571497,1.0294901553319844,1.0303532306369438,1.0323537223604229,1.0340614524858676,1.0371790140518709,1.0405914073993328,1.044232349467787,1.0497027316755876,1.0562194261802922,1.0642483921056443,1.0736459020397238,1.0861319302414365,1.099504712723581,1.1181118301485549,1.1372792794359627,1.1600871607078447,1.1892289412234633,1.2275909899970414,1.2741057476837723,1.3283161618607489,1.3864448433191452
experiment_338,1.0312514813774423,1.0425018057779267,1.043595128482968,1.0453232820277536,1.0495805928942186,1.0414083273424826,1.0419026640800135,1.0446889213384818,1.0487653640571948,1.0487213553464652,1.0508885279281657,1.0523701958860476,1.0549854002293693,1.0557794288496456,1.0576036295237028,1.0578649944231115,1.0596347313129464,1.062106568833197,1.0659838067837417,1.0677567712357585,1.0721908315239728,1.0743264726521407,1.0791470886775014,1.0809643610323272,1.0871219930434117,1.092263561171514,1.0998214181900685,1.1002682890593571,1.10298822292516,1.1176888943286043,1.123601092534292,1.1317398634981741
experiment_339,1.0312514813774423,1.0257293901010793,1.0240957282930678,1.0229069472606371,1.0232220491884647,1.027651039659556,1.026895625549567,1.0265407094680994,1.0290665106153043,1.0295044131173297,1.029940813590208,1.0316335278028133,1.0327778204809488,1.034637569747234,1.0373455770878386,1.0395154853829531,1.0423115775296363,1.0463924720388458,1.0493701840647234,1.0578571312376746,1.0643151838240903,1.071863596775457,1.0797322823705942,1.0914059490973764,1.1034704087536364,1.121800483988723,1.1393240604823907,1.1591747819039673,1.1847720475310513,1.2090786825937982,1.242855732953071,1.272258531103767
experiment_340,1.0312514813774423,1.0258309470891671,1.0242613257372915,1.0233105942490077,1.024304691952992,1.029649694511605,1.0295367225909442,1.0297324163024588,1.0299595469403184,1.0333458036847967,1.035444907722927,1.0382203656113818,1.0414185290880238,1.0456202669925436,1.0490954272494795,1.0557682847966956,1.0619744174593042,1.070683478985498,1.081198562164093,1.0941502111075383,1.1103097065076275,1.1218121651921447,1.14303760771488,1.1629950500721373,1.1920995706459856,1.2230719869635782,1.2527925175841579,1.278587487180362,1.3277767721493698,1.3863589670880638,1.442700376816848,1.4969287418678496
experiment_341,1.0312514813774423,1.0316308728026184,1.031636804340103,1.0420367774879964,1.0443943171997399,1.0372676279949107,1.0375657997980112,1.038237016845762,1.0405752206635843,1.0407038990638,1.0427265931010377,1.0436709547670702,1.0446792076433509,1.046866390960791,1.049202487858227,1.0526752068799303,1.0552959302035805,1.0587631323133546,1.0609066345048133,1.0656335372048966,1.070399680937261,1.0770775574845588,1.083116615016429,1.0899450571671114,1.0982245333548715,1.1047752663987103,1.1136678213101494,1.125865488380081,1.1305959386274678,1.1467529476873826,1.158698005514371,1.1775507452888556
experiment_342,1.0312514813774423,1.0314985190513952,1.0263411089076393,1.0264350448621076,1.0223264875408122,1.0378872656642726,1.0367339262698612,1.0366314274961919,1.038030141691721,1.038795935297028,1.0392844137266926,1.0382329935193275,1.0402648137714028,1.0413005069842758,1.0426570115379592,1.0439110603998014,1.0454516865955883,1.048411775684125,1.0503388627857144,1.051101567667988,1.0563741914895242,1.0603954367946695,1.0633044617940028,1.0683394421336596,1.070842764325145,1.079510327451403,1.0891863203732826,1.0920995686379293,1.1005166507664297,1.1178697698242899,1.1229286535178127,1.1372056453711274
experiment_343,1.0312514813774423,1.0293248174717087,1.0257637170729206,1.0252041524416904,1.0144170040544658,1.0316711945209902,1.0316436198561771,1.0312378034763487,1.0345585089616043,1.035130553659051,1.0352389518472,1.0355958888722494,1.0352832460582795,1.0375463310750195,1.0398821041953061,1.0418835588231543,1.0427629517934633,1.0456722493779218,1.0475963862721474,1.0506606595281762,1.0544471980969803,1.0586876511208536,1.0640104545305678,1.0698228487548331,1.0730328943464764,1.084176648717382,1.0928800592941668,1.099420629431306,1.1112476224771577,1.1251222668628973,1.1409447243420887,1.1615751841300535
experiment_344,1.0312514813774423,1.0445485369243148,1.047791365231367,1.0377210267425367,1.029758265527513,1.049020383847983,1.050829242467479,1.0543657496399406,1.0644033619969133,1.06732726188022,1.0727750405329841,1.0758624612030911,1.0810128434851054,1.0833020831393507,1.091726903251976,1.0972724934105118,1.1016303266150909,1.1075845419904229,1.1135137687223968,1.1255588121443463,1.1339691395940226,1.1429794777535687,1.1501112561803144,1.165269716442893,1.1666426813572321,1.18357348603711,1.1999553700764454,1.2110677315738019,1.2252908681260055,1.2356075866186087,1.2606917259857542,1.2763341807843729
experiment_345,1.0312514813774423,1.0318136524421084,1.0318034320907785,1.0422227269579738,1.043859677097161,1.034915696302736,1.0350157282621428,1.0354385063711238,1.0377350203866345,1.0378131801107158,1.0375273326023287,1.0374466266807911,1.0366214287572573,1.0367397076737193,1.035975164314869,1.0353182803404488,1.0343999620404276,1.0337473196500286,1.0327905652843945,1.0320150482672916,1.031282975894107,1.0301723347892202,1.0290105380096526,1.027803119825382,1.0265191458256804,1.0255502050033307,1.0239116876005712,1.0231189802266947,1.0212950555967384,1.0205428823916287,1.0199915989783923,1.0195875640093253
experiment_346,1.0312514813774423,1.0249088680802751,1.0222456052649396,1.0191153352042566,1.0207951014754382,1.0226210065229926,1.0207645834056052,1.019469249481864,1.0193017356475418,1.0181129648003002,1.0176024122633873,1.0171647419086263,1.0173382853963542,1.0168205176827927,1.0172485081329783,1.0174126491515483,1.0180977638774908,1.0186510410918472,1.0197979123450724,1.021296087462668,1.0232958445296652,1.0256118092636883,1.0287880288745785,1.032291266089515,1.0362489989167805,1.0417205472193576,1.0482915933003465,1.0546429276895384,1.0635899215447064,1.0763060100722917,1.0905560567593144,1.1057185490065093
experiment_347,1.0312514813774423,1.0303208972860733,1.025521657760825,1.0250126845963945,1.0189562956954241,1.0317322157429176,1.0320786702726077,1.0321123879556435,1.0343023295490605,1.0366342242448336,1.037255005735153,1.0393200459102918,1.0412678037550598,1.0439621583815326,1.0484142660304927,1.0510318425308327,1.057659260259716,1.0627459338985497,1.0701886214602636,1.0737989413391362,1.082654167010633,1.0996235360383766,1.1119944326399644,1.1310565860901622,1.1410684978130559,1.1576177828202854,1.1958072247696256,1.2182323901912815,1.2503096522319064,1.2715228562939371,1.3239242600698322,1.3731337657178813
experiment_348,1.0312514813774423,1.0299198787582766,1.0248948109005778,1.0238795961470515,1.0243964493540425,1.0287508568226946,1.027806460135817,1.0271824502854738,1.0280825421559947,1.0276393148520868,1.0274092656386489,1.0278282247961432,1.027941844258539,1.0282124122719298,1.0294381572667555,1.030259636031743,1.0321154939978268,1.0335409157158788,1.0343829944435725,1.038642237378944,1.0425931710633338,1.0460452018329813,1.050100171254509,1.0575056262140203,1.0633669728248352,1.072438297838898,1.083574202924453,1.093590387817794,1.109759142547893,1.1186293423559,1.1409764073208524,1.1596275712775674
experiment_349,1.0312514813774423,1.030860137688154,1.0303179852454734,1.0302419472313622,1.0312188848719286,1.0337774327810731,1.0335770649476392,1.033721094560684,1.0382265395125418,1.0390607861763685,1.0409066108346685,1.042773191278232,1.0449948971562812,1.0477134139729753,1.0510361775309776,1.052935486200581,1.0569038286217083,1.063622268962128,1.0678314355529492,1.076294398354197,1.0828816661463758,1.0913692572967393,1.1022731881437213,1.109439886331637,1.1236787993786037,1.1319941375665763,1.1510597671268104,1.17313674212519,1.1942182372257015,1.2174223212858082,1.2502679545858677,1.2760594086184078
experiment_350,1.0312514813774423,1.0426903787791257,1.0439147690996013,1.0462672475925667,1.0370923941462828,1.0421496783616275,1.0446834627530932,1.0480075127343536,1.0562983491276987,1.0599686744623087,1.0666556780550474,1.0734125391187188,1.0782935653400647,1.0880682383763165,1.094997634525495,1.1056479147374463,1.1197172115886933,1.1388905449701354,1.1566683532835482,1.1768186167528516,1.2037246252703673,1.2331375979899213,1.2675347870401992,1.3012322628221515,1.3495519085069485,1.3865895825094525,1.4555040785832345,1.5360810078573697,1.605734680532374,1.7085693477921653,1.8015081437170968,1.9442135362441897
experiment_351,1.0312514813774423,1.0436393666033335,1.0458005084634008,1.048785482169171,1.0402032156274894,1.047552214880461,1.0489875795921924,1.0503634300134261,1.0526909901954074,1.0561794264306028,1.0601366846250397,1.0608830043829196,1.0637662195690287,1.065573545869,1.0699751618619777,1.0701315014291968,1.0738789196168803,1.076870037502783,1.0762922015242955,1.0810290850872093,1.0851568002809369,1.0902885286318633,1.091943424124817,1.0968154879342462,1.0980639024954832,1.1019011893333082,1.1076179398470405,1.1088470530574406,1.1118500902516115,1.1194057858761168,1.1243437730902897,1.1238386016143076
experiment_352,1.0312514813774423,1.0299067147146366,1.0273819094720162,1.0265617343209348,1.0268873124491698,1.0287988182571874,1.0286385039428505,1.0286583076858944,1.0295633223638136,1.0311548447147334,1.0324295171281397,1.033276341800492,1.035932011837976,1.0391582780161253,1.0425178531230408,1.046940572435104,1.0518997094598337,1.0582965997650928,1.0665251367769755,1.07738072485249,1.0878531158628966,1.1047335987939935,1.1210008529954463,1.142040361464011,1.173525297571084,1.2055014161755402,1.249539857156977,1.2902228775163538,1.342125060507014,1.4088760953052182,1.500042605838149,1.607299175782735
experiment_353,1.0312514813774423,1.0312514813774423,1.0262545570115336,1.0266341110080115,1.0228381265192363,1.0388036527367674,1.039167701040448,1.0425523250525959,1.0447120398038683,1.0464846070988763,1.0517473542171232,1.0557581369630022,1.0608698735946647,1.0643253204394572,1.0705419154552565,1.078216008890805,1.0860876099467702,1.092980393195749,1.102326749127897,1.1122048966840707,1.1245100361687959,1.1376452503850252,1.1541343746899793,1.169044111865647,1.1931592074082278,1.2052873232586934,1.2330156550449982,1.2574365144498423,1.2816827487040925,1.3094545625343879,1.3286985681698398,1.3822997031118618
experiment_354,1.0312514813774423,1.0299874249441086,1.0278586618651435,1.0258763839235188,1.026056170081696,1.0286254803631123,1.027689918030272,1.0266952990052531,1.0287220443842784,1.028479682139303,1.028726243853264,1.028368149314202,1.0286881296085248,1.0278452194707197,1.0287179897542813,1.0291275381213159,1.0301652211166679,1.0309344938610956,1.0316958163723613,1.033533029962372,1.0352748948568178,1.0370900844696294,1.039829859455128,1.0421921450058826,1.0453473810162912,1.048549745074455,1.0526765214283855,1.05714464029918,1.0612813492011712,1.0686629687628906,1.074218420237644,1.0789423599585024
experiment_355,1.0312514813774423,1.0340184971656645,1.0244442520599586,1.0231874602213185,1.0238283523294183,1.028531361100266,1.0272868067733019,1.02619286615771,1.0267840112029167,1.0267612750242492,1.026302156428356,1.0265036000156047,1.0262821684163783,1.0269433129695538,1.0276741640137224,1.0275016398403578,1.0291887711557421,1.0305013775077274,1.0323261821995289,1.0346711861276776,1.0373616685722038,1.0388539310983635,1.0434377710470337,1.047207150489037,1.0533901154435834,1.0569295846578357,1.065508070512133,1.0737596079876621,1.0794519601917656,1.0919305188867314,1.0988899952800248,1.1083156926565985
experiment_356,1.0312514813774423,1.0317266893183616,1.031844800234541,1.042875123759573,1.0454795536770802,1.0372108429228368,1.0388662392698844,1.0400682980212745,1.0432873832777532,1.0460519671917134,1.048435622468779,1.0523810068011021,1.055985518449646,1.0577252695802837,1.0644110777859368,1.0713458399482374,1.0790876761255557,1.0842566037550727,1.09482888705599,1.1075753653909115,1.11745107824758,1.136286819135199,1.151963770681996,1.1757862340860432,1.201940728614173,1.215127776196162,1.2577183170206347,1.290941787409264,1.3341143090637464,1.3826748466796996,1.4483093299908356,1.5177526629745741
experiment_357,1.0312514813774423,1.0304437481641895,1.0295711805053456,1.0282263668451634,1.028794126321034,1.0316002088221967,1.0316714985151703,1.032135326472582,1.037214908379741,1.0375753647141632,1.0395533372855958,1.040519407933477,1.043433036756986,1.0464165189219952,1.0499044136836204,1.0532675960247675,1.0573612394411473,1.061577428553229,1.067441817196655,1.0735843761586936,1.081056607488429,1.0867121848809687,1.0963075423179058,1.1096435966835991,1.1213418258702366,1.1327912506346474,1.1472921269355352,1.1611239243039233,1.1848546699230484,1.1990220445676423,1.223473609490101,1.2459642165396456
experiment_358,1.0312514813774423,1.0429770289939098,1.044651122712337,1.0471750745572717,1.0386108430163914,1.045802410939373,1.0463366401267673,1.0501434928736024,1.0527376947073532,1.0551141572019456,1.0592824140093335,1.0628828406375361,1.0660368890871372,1.068920253253399,1.0715811963597635,1.071743598323695,1.0755467664712484,1.080949567611647,1.086187992256638,1.0884430265538136,1.091725825264308,1.0938592622100005,1.0987539933315706,1.0995476913378763,1.1049354683424746,1.1039298449527308,1.1102398376769862,1.1099348496464225,1.1121698079569808,1.114044376310677,1.1158018563418133,1.120136115754988
experiment_359,1.0312514813774423,1.0421320812489958,1.0427581544997195,1.0439055459679762,1.0462593588205995,1.0381958189356368,1.0388814638945332,1.0400081809796033,1.0413606552423835,1.0444868146040585,1.0457750836122524,1.0470842490776504,1.0486923449376302,1.05094760495319,1.0527919665739356,1.05487425308359,1.0565632060189707,1.0616306381687526,1.0630863189344115,1.068364313966501,1.0719880638911548,1.0748733511373716,1.0819350029285093,1.0880626720437823,1.0952047542915444,1.099326703066402,1.111768832431476,1.118207480309492,1.1291754113816523,1.1437185490395099,1.1530014986222181,1.170088709888376
experiment_360,1.0312514813774423,1.0303506741287876,1.025717337207539,1.0253104800258015,1.0265940207839113,1.0317193830036513,1.0324838095149602,1.0324788650745795,1.0360468155791374,1.0375150440531944,1.0394084461626223,1.0418410109740392,1.0452060066510085,1.0483750553560875,1.052564568917135,1.05591139579226,1.064474379938278,1.0728149214346498,1.0812829444760035,1.0925056973886065,1.1048373826910078,1.117193504435423,1.1338765828573911,1.15422717980085,1.1643932104470642,1.194524975940368,1.2226286209793231,1.2646882814027567,1.2894252779302868,1.3299038923495996,1.3822634434520382,1.451489110155793
experiment_361,1.0312514813774423,1.0423226444095595,1.0432225828612127,1.0446210701598424,1.0474364730378694,1.0382911072650134,1.0404936534155358,1.0421565621522488,1.0463756320174529,1.04846690557204,1.0503995481748996,1.053476965755035,1.0541465773253402,1.0575366929445265,1.0592671090502106,1.0648853562125302,1.066959498502622,1.0710427881511286,1.0736844073609149,1.0797043255014476,1.081873570820415,1.0834071086750117,1.09344523342215,1.0976426719214165,1.1029889149100098,1.1112572843870223,1.117377141420243,1.11775476985363,1.1289450528372498,1.1396680465952616,1.148254592370719,1.1510422190028868
experiment_362,1.0312514813774423,1.0298878602726933,1.0277021523016574,1.0255270976405801,1.0254269102837197,1.0278487856276475,1.026035814987746,1.025293724012667,1.0253192732644483,1.0246533769151212,1.0239173558982095,1.0233577064808583,1.0230076849661691,1.02263850809379,1.0227101328138068,1.0228680190087311,1.0231211897036974,1.0233879614409511,1.024119797509462,1.0247894939208806,1.0258662909156813,1.0273357284905347,1.0291840797464946,1.0307053731703626,1.0326936786014012,1.0353523851629558,1.0379201507060538,1.0406714535019113,1.0455895704534575,1.0487834313394506,1.0551610737277182,1.0612495190952556
experiment_363,1.0312514813774423,1.0261097239326396,1.0246519929841886,1.023843056229192,1.024580528296881,1.0293976184111475,1.028955501887776,1.0294330309120223,1.0333077673225186,1.0341945453063084,1.0359982028543073,1.0374439038983492,1.0401099529109605,1.043401481403798,1.0454029847333632,1.0529617153536948,1.0589019232259602,1.0662650310974395,1.0748748104307229,1.086572030752138,1.0952209535224486,1.1119614442490124,1.131481214447158,1.151786159468724,1.1737138849837478,1.2006824733048418,1.2234666167654136,1.267121044895761,1.3075562520598376,1.3818032600258312,1.4284639296863182,1.5182289657754695
experiment_364,1.0312514813774423,1.0309435784274206,1.0256180418192034,1.025474069273928,1.02134183718555,1.0335618329989122,1.0347366191930378,1.0345978651486893,1.0349947592692337,1.035339340466807,1.0356362828466725,1.0368808274125962,1.0365301187796214,1.037615687496572,1.0392391993192067,1.041023544755892,1.042351038341409,1.0440622252245473,1.044813884164312,1.0481833468484867,1.0505188256750153,1.0542928012700847,1.0588706948057727,1.0618275404365756,1.0645971869891402,1.0705713768026042,1.0773615954841937,1.0794464266411832,1.094437622141945,1.099318423196678,1.1061866223115993,1.1192003587102497
experiment_365,1.0312514813774423,1.0260620457099012,1.0244896932656626,1.0233585136546353,1.0241015699810767,1.0291342857527277,1.0282959814289274,1.0276487667165488,1.0291172705909268,1.0284853972077066,1.0296743385562255,1.0300944928427789,1.0311498877214944,1.0326820963444392,1.0337619386290706,1.0352637134882017,1.0393224195089235,1.0423503226369502,1.0441778083233415,1.0488970202548908,1.056937396121432,1.0623242865932874,1.0714607278936776,1.0822203515396576,1.0918382502382604,1.1075211861084029,1.126644183221038,1.147005803835442,1.1749585125114652,1.2034156007729953,1.2356629198757547,1.2774209629753766
experiment_366,1.0312514813774423,1.0312877919265804,1.026150517061147,1.0204245640580702,1.0224920985225479,1.0360074355794868,1.0380922137379698,1.038874975575522,1.042980788146246,1.0443330061474985,1.046079421587555,1.049072426660241,1.0489659806672265,1.0544137883263829,1.0588287385567379,1.0623832177930719,1.0679868843936051,1.0734776394729164,1.078095116296379,1.08936067861215,1.096418625372059,1.1073159583392287,1.120400192153972,1.130280200101322,1.1458255313626151,1.1646701477184922,1.1871693500841483,1.207909813275486,1.226270417679209,1.256012224357144,1.2925250826745858,1.3138783745095053
experiment_367,1.0312514813774423,1.0422366627619661,1.043053611185693,1.0443498590254459,1.0483115868197317,1.0411355103593463,1.0419521853874696,1.0414184940977491,1.0466472773255717,1.047592548858903,1.0487775880607695,1.0496599039638976,1.0506220655115877,1.0516547145149104,1.0516989998464041,1.0526617101535003,1.0538735078339065,1.057822365158141,1.0589722491968525,1.0604758307325182,1.0635643951543339,1.064987961720264,1.0669842174698716,1.0669213797476944,1.0713200280723603,1.0733422534817054,1.0793178082253352,1.0814631181728807,1.084287033111042,1.0866332504841525,1.0921433200434727,1.0958183259999568
experiment_368,1.0312514813774423,1.0311379237842002,1.0306284408690523,1.0307368695226256,1.0427872900713901,1.0361127664241168,1.0362620517127423,1.035604753833547,1.0416106007861856,1.0427590271676734,1.0457284624509744,1.0469206866527012,1.0483864037663808,1.0544632300373833,1.0581540918261598,1.061842626830657,1.0677167752510353,1.07497881632096,1.0859316367367036,1.0930806693097137,1.1039614401681312,1.1187900645588522,1.1314374384069632,1.1427088240069103,1.156253684506659,1.1833636881909342,1.2101001615477665,1.2297806205198412,1.2617135978026572,1.2973816063255257,1.3409460837308593,1.366324713880862
experiment_369,1.0312514813774423,1.0437890988320462,1.045888327468581,1.0488594871873351,1.0401532022164635,1.0470093526109499,1.048031327283294,1.048518111543413,1.0550298163237577,1.0564771484913211,1.0584463284225714,1.05837612819861,1.059775901706302,1.0636413389512613,1.0648539413662,1.0649261259650542,1.0685191805141747,1.0693906841820806,1.0716143496244168,1.073190359992887,1.0739267611209813,1.078460392777741,1.0785510529973337,1.0800617319395598,1.0815747751653597,1.0797882581965348,1.0891465537505634,1.0938895810779306,1.0968076294841855,1.0992913947984566,1.1018297395819698,1.10861636759678
experiment_370,1.0312514813774423,1.0423692463690866,1.043427223274221,1.0451875710020153,1.0482052695054147,1.0400651186493488,1.0423194383872427,1.0438650814746526,1.0485971653559454,1.0507787077916846,1.0545575564718543,1.0573284424385594,1.0621590437586546,1.0671610811268308,1.0729303225244455,1.0788759417794496,1.0827104573783886,1.0945689298800976,1.104527032565453,1.1170431665837621,1.1283283986644732,1.1424602434369722,1.1609601882958778,1.1769461472502407,1.1977565278430078,1.2216698117330027,1.2397426973983348,1.2736803201171467,1.2982234901204197,1.3414287029347747,1.385977841282983,1.4465509222468054
experiment_371,1.0312514813774423,1.0292073738647247,1.0246943256218324,1.0237779215006249,1.0242625094438798,1.0285100830336158,1.0281076789537649,1.0277719115166903,1.0309443578152686,1.0309745851865104,1.030594558718669,1.031471474290836,1.0331293979948988,1.0347135547545607,1.036954422641472,1.0390089509922256,1.0419428133006003,1.0454893429308343,1.048135665128106,1.0524474395484071,1.060002032111978,1.0655247611631051,1.0721662706356625,1.083397351866551,1.0945078595665945,1.1102298152651755,1.1177195256307606,1.138041722653325,1.1598450064866697,1.1832307121724015,1.2040194644516644,1.2439989231790458
experiment_372,1.0312514813774423,1.0311335458258628,1.040795864679317,1.0359869052456152,1.0276274627072302,1.0351568282714334,1.035735729442159,1.0364968791747635,1.0406599842785484,1.0415110039854867,1.0418130590405354,1.0462180641320207,1.0481451854747452,1.0499457047031744,1.0530293210820652,1.0570476547862124,1.060658514043361,1.0673274268892488,1.0728618979985545,1.0819035684554543,1.0873945374009946,1.0920950133448868,1.1118888242603753,1.1202251398901337,1.1394723986571071,1.1489151061878349,1.1685434479628716,1.190528741959577,1.2097693919158623,1.2314927805763527,1.265876533022502,1.2969551817352734
experiment_373,1.0312514813774423,1.047611814112469,1.0394076978169313,1.0321683180990313,1.0518873060850777,1.0638573765442008,1.0717106110826307,1.0791478579196754,1.0991818979425088,1.1071200399448684,1.11682751887051,1.1224094791452124,1.1316249704587986,1.142421347671181,1.151784985658109,1.1619180934599274,1.1684488084280367,1.18093152681395,1.1850287903946515,1.1975047400628653,1.204775137122068,1.2143831910705436,1.2206875827004082,1.2189912622092864,1.2391652116213825,1.2450474990477545,1.2525250516930626,1.263009995401686,1.2480349018538575,1.2748401571635952,1.2836854530866004,1.2756359282444123
experiment_374,1.0312514813774423,1.0253465558092896,1.0229058988772903,1.0198879030903556,1.0221860650934789,1.0243087072418544,1.0225715065161127,1.0211564657687728,1.0212257033134806,1.0204163607843282,1.0196586194209183,1.0191777078812303,1.0186862805071457,1.0188785585623967,1.0189186851858072,1.0192955079307222,1.0197741817160682,1.0207115140249492,1.0230772378877167,1.0232384658639588,1.0252885729597199,1.0284109281078848,1.031726991379508,1.0347832456126582,1.0402287871459541,1.04701769718441,1.053877405450024,1.0616329137252865,1.073057306694921,1.084286769112471,1.0995151979196984,1.1166220919307432
experiment_375,1.0312514813774423,1.0316100268148203,1.0313871749604029,1.0317064877925677,1.0436206488597648,1.0356063554539616,1.035870480680517,1.0365428236778054,1.0394618134311036,1.0396476050207357,1.0402185611268309,1.0425536439536027,1.0422110402839655,1.043077299043055,1.0434675666852664,1.044886642552201,1.0481038400841476,1.0484358358009016,1.049820345457801,1.052430533861434,1.0548532596547235,1.0577440986493856,1.0603818779152485,1.0627111943142928,1.0665983045257947,1.0707144720742587,1.0736769804449209,1.0749758521553965,1.081888061490604,1.08591997225608,1.0917554592428953,1.0954209202992808
experiment_376,1.0312514813774423,1.0435419325933952,1.0455789684688426,1.0481006455894826,1.0382683652692617,1.0442011744022694,1.045475828456926,1.0478373003694057,1.0535834205686139,1.0551286090510623,1.0572424259652187,1.0629821776288597,1.0672318572949577,1.07144491441211,1.0761593363889619,1.0814165218815215,1.0876646205977176,1.0952171740212235,1.1045892485783755,1.1134590988637092,1.1254012023518989,1.1398525207788324,1.1521294827294943,1.1714776938287925,1.1875912364506644,1.2012624445315536,1.2298525226164365,1.258910739965227,1.2815489500364232,1.3117671457296252,1.355381604629921,1.4148831955726182
experiment_377,1.0312514813774423,1.0422536052966695,1.0429868102241768,1.0440893353911778,1.047630639614634,1.040837198880048,1.041128265554882,1.04124204851075,1.045395416293154,1.0466789076386207,1.0463800945591843,1.0473097721167732,1.0472531251068216,1.0490648597440047,1.0497529263236556,1.049979833164225,1.0505787281383303,1.0523373578100723,1.0526598886780818,1.0535468651253967,1.0551318189596073,1.0564054885675416,1.0567647513259444,1.0591296806769117,1.0613511565689226,1.061742148595487,1.0651666213773965,1.067812262601331,1.0686350235858724,1.0720442837815776,1.0767134349734924,1.0776136268174352
experiment_378,1.0312514813774423,1.030263683202767,1.0253328728042788,1.0246259613567223,1.0255539108664167,1.030772497812496,1.029825223212939,1.0291899485024754,1.029686544247433,1.0301659717403286,1.030053397764613,1.0305935871862646,1.0313408968727955,1.0325079919061504,1.0336921445732012,1.0356013709125422,1.0373412617276243,1.0392974046545878,1.0418400154038396,1.04439868334963,1.048836357179772,1.0546855211448247,1.0598174350668117,1.0661706386018053,1.0744133136995875,1.0825073532657163,1.0959903853210882,1.1066194757414893,1.120047556424011,1.1344303988212714,1.1582335448685999,1.1782154879460052
experiment_379,1.0312514813774423,1.0306981877328503,1.0294381847276828,1.0290329992793388,1.0298207155006276,1.032351994271536,1.0315260685168604,1.031343682009905,1.0330300084418622,1.032984246523962,1.0331102197432898,1.0328190973100682,1.0338648689869472,1.034528334605146,1.0354293101763659,1.0364711111267086,1.0378650506308478,1.0397828966432636,1.0416312901926454,1.0430679528737599,1.0451496441207,1.0485760604650356,1.0515714415149608,1.0554281231623917,1.0592520702174912,1.065627068600174,1.0708670810862915,1.0760043168375355,1.0843406313048136,1.086921253688827,1.1035230627278687,1.1111168684088006
experiment_380,1.0312514813774423,1.0434035642023483,1.0454971138318472,1.0481739667675622,1.031066319044275,1.0475351890473004,1.0495276132551357,1.0525852163854368,1.0580835284775174,1.060929197524629,1.0648705774306717,1.0698276758541105,1.0726216972936198,1.0769754999160719,1.081774001707074,1.0863638027419116,1.0955057768305758,1.104015717631961,1.1101689178254606,1.1180784713044745,1.12844002138651,1.13653496586039,1.1509290755920527,1.1689591909995556,1.1789606380908246,1.1969267867052336,1.21046925488984,1.229719479745057,1.254035167909151,1.2739054144196023,1.2803828593364537,1.312022744249985
experiment_381,1.0312514813774423,1.031744312182704,1.0419583332127476,1.042746995269722,1.0447364598865005,1.036176872326689,1.0365431865993258,1.0381571414196729,1.0415406834632301,1.0439059808746276,1.0451280964674488,1.0467091863075482,1.048073022999066,1.0512588203909894,1.053579287996882,1.0559088210146028,1.0599239149869542,1.0640771888269704,1.0674711434343829,1.0728345675464905,1.0778011114896788,1.0848218613831788,1.0932228428845514,1.1025283035414548,1.1120477839583078,1.1250644710974251,1.1334648424246714,1.1470896644015718,1.1709054986349974,1.1863641441757902,1.2059744222446698,1.2165006937472147
experiment_382,1.0312514813774423,1.0302141254331902,1.0253822001206259,1.0247430511525804,1.025610494960009,1.030872002815082,1.0303282910049913,1.0305408313651423,1.032838518538647,1.0335344538157119,1.0345360082611148,1.0364956979140607,1.0386350899575862,1.0410731640951931,1.044245223609409,1.047691489049146,1.0524512492170186,1.0578905075706126,1.0649051296747376,1.0731034395864423,1.085126426500901,1.0972678404804068,1.111121204500309,1.1305546946070402,1.1487066094154605,1.1714321171494002,1.2034156221545451,1.2392704007480344,1.2780314092352512,1.3145563747705449,1.3817644875086328,1.4382070203485882
experiment_383,1.0312514813774423,1.0493807237506734,1.0303800520186879,1.0488805104962402,1.0599929184404566,1.075985212736752,1.0840089681907468,1.0926196864003825,1.1196260975317955,1.129903913327059,1.1516340699407315,1.1671067613571309,1.1798386254523991,1.1929669274589152,1.2102953629123585,1.2224473588552518,1.2471794709791524,1.2713934484846794,1.2880424141216893,1.315247470527397,1.3337648938729236,1.3569436454479558,1.3736559860167485,1.3963229967445914,1.4143807215914712,1.4413472434898753,1.4808266068423468,1.5091552963844965,1.536895663064972,1.5683389313110014,1.6046960588872978,1.6422963217346107
experiment_384,1.0312514813774423,1.0422231716133026,1.0427851899008493,1.0438373051657681,1.0477173965329885,1.039909365028098,1.0409812512194856,1.0409039074498487,1.0433072579706097,1.0427190473818855,1.043650912509328,1.0432278205438361,1.0426977117452447,1.0427102251432487,1.0429370741550537,1.0424937488696484,1.0416021949755119,1.0433887762004186,1.0420477281133143,1.0425495711330814,1.0418072450989893,1.042212009487897,1.0396393300789544,1.0414894894481443,1.0415666424110335,1.0405413975369018,1.0417423652597646,1.0411225517351708,1.0405228492111918,1.0395563667711079,1.0396470898741976,1.0405658696410753
experiment_385,1.0312514813774423,1.031599910981007,1.0317121426897173,1.0421248051540772,1.0447354770482564,1.0381301111037502,1.038820691954868,1.0395095314394738,1.0435110652425872,1.0448215952620967,1.0472969923548,1.047941908559806,1.050133698215444,1.055623067352136,1.0569798198137594,1.0649261098120553,1.068636225100652,1.0771196578117748,1.085486567685243,1.0904781732448765,1.1040262176709852,1.1128069755093242,1.1260531220273946,1.1406229865712108,1.16063295531551,1.1817463646195148,1.1948819286244168,1.2146647853284465,1.238861686364368,1.2784636289189992,1.2985027976656085,1.3457033936183778
experiment_386,1.0312514813774423,1.0340052086694536,1.0243509780664797,1.0230965909196164,1.0237800013341187,1.0284173153127203,1.027155957676021,1.0260174422958894,1.025637127390818,1.0245432098350156,1.0241462107408479,1.024533435808461,1.0246483056251983,1.0246390546445923,1.0250557020087672,1.026217889758615,1.0271087292808612,1.0281295509983508,1.0294360536039264,1.0313788273022757,1.033410561223311,1.036171913038178,1.0391551952255202,1.0429454269105882,1.0470313508772504,1.0518558423624598,1.0587155131775456,1.0651274295017694,1.0729087968722355,1.0795480231133565,1.0927823310247595,1.1087270015505066
experiment_387,1.0312514813774423,1.0317637055580484,1.041818650351955,1.0427655652580148,1.0462020055375945,1.0401423323088452,1.0407101245284824,1.0428768505017212,1.0450911868124624,1.0475781046602173,1.0495420214661588,1.0520022223670127,1.055246098450488,1.0586653079381017,1.0622258806563327,1.0659696537740353,1.0709787190366091,1.0749297350776845,1.0812153468638712,1.0876906063299374,1.0923414334260415,1.1002228875282538,1.1105858935336848,1.1157838249812284,1.127981936399664,1.1395183825273512,1.1578531606767888,1.1643971577152827,1.1870504187421747,1.2024623215427146,1.2258129982109935,1.24564798717446
experiment_388,1.0312514813774423,1.0348287784336043,1.0254900515167749,1.0246415025494664,1.0184649366945593,1.0307377696082354,1.030124461882153,1.028793237066469,1.0297097256539671,1.0302409750598254,1.029882244431462,1.0298309633401181,1.030385417862478,1.0305517748631836,1.0308351458715268,1.0319903840506255,1.0329332838911207,1.0339863874702966,1.036322348701868,1.0383654510631308,1.0410575777042896,1.0443828653868061,1.047813983152668,1.0527675817949982,1.0570178259702263,1.0636510057076682,1.0708823513038725,1.0751542591701961,1.0869739593082883,1.1013923034830921,1.1146312915428078,1.1297825762704568
experiment_389,1.0312514813774423,1.0306188568482433,1.0341453883649676,1.0256159482542724,1.0200790720178614,1.032746448356968,1.0308814509178308,1.0310094835999968,1.0306823230572677,1.031115982432714,1.031472527913066,1.0313452244205097,1.0312823986413828,1.0309524177097518,1.0316227869113084,1.0323863637822381,1.032849163004755,1.0330853744761734,1.0347742225099512,1.0363969509188307,1.0361649733114326,1.039878590628238,1.0418801559497761,1.043004137607986,1.0468945280855864,1.0490298261433904,1.0529560104523314,1.0578623413271082,1.0593553539421476,1.06750257085472,1.0730274517564435,1.0782384699659269
experiment_390,1.0312514813774423,1.0258663608403524,1.0200988467646517,1.019966108700898,1.0197988195119734,1.0197648380304054,1.0179854653006062,1.017089960855213,1.017184960176875,1.0171653553281557,1.0169264925582961,1.0170197591498744,1.0177067991394038,1.018617217659634,1.0200109141378964,1.021497714533649,1.023849317510573,1.0269737248298814,1.0312877328239998,1.0360808806624948,1.043827482695372,1.0525492986635763,1.0625143293186046,1.0795472377383133,1.0979198066886013,1.121484381614892,1.15298583911566,1.1890695858712772,1.2333115004997595,1.2741164493965964,1.3606624005308652,1.4637179116941292
experiment_391,1.0312514813774423,1.031535054390154,1.0313733277170853,1.0305210974614079,1.0440047451547865,1.0364271709222512,1.037742293092913,1.0376824973965268,1.040050801886787,1.0398116481694726,1.0401607613428345,1.0414041234143492,1.0416056228591515,1.0431448309863591,1.0435059047317765,1.0450850900742024,1.0448296930989214,1.0489256786752623,1.0507044514576807,1.0532266861087558,1.0531753646462902,1.0595178058481745,1.0604896189936859,1.0666058388919177,1.0691969428714678,1.0737682304415481,1.0774043620909466,1.0835027645931399,1.0909611487500541,1.1003175984698281,1.1082290400710055,1.1119342770027392
experiment_392,1.0312514813774423,1.0250113635815923,1.022563525443189,1.0187391586855432,1.0164053316561386,1.0240321245129123,1.0235290405992712,1.0225971848042652,1.0220570430295255,1.0221143983302965,1.0222090804488833,1.0221448829789472,1.022875995051458,1.0241525851390232,1.025691816901722,1.0268819201716597,1.030080723303659,1.0324190439368959,1.0365488860823275,1.0424163327737859,1.047602957080113,1.05254430032535,1.0634901201158204,1.0748200302640607,1.0883038325615453,1.1030699694397068,1.1207635934079647,1.1418472423304145,1.1680729266347796,1.1925417525477016,1.2224434159017823,1.250593889278656
experiment_393,1.0312514813774423,1.0419727073264398,1.042593250837361,1.0435810211588192,1.0474306080874836,1.0402469411418582,1.0411915599525194,1.0391410965868648,1.0432908582118199,1.0447816306184643,1.0429565631777198,1.0447792132146823,1.0470178224065798,1.0476048960466864,1.0483399567514147,1.0496463209085163,1.048819658599903,1.050470910234877,1.049865790720336,1.0503901015162411,1.0510657742383556,1.052330968267494,1.052530341148966,1.0527264916092687,1.054712332754311,1.0551012734024394,1.0555762184317452,1.056108411790029,1.057324308186546,1.0575965158404421,1.0582006550280292,1.0582785225355145
experiment_394,1.0312514813774423,1.0440054844712805,1.0469413377153158,1.0508040650630048,1.0307557335022468,1.05192039133999,1.0548611540256039,1.0595815677988134,1.0667303368344279,1.0740164584924474,1.0807643128149413,1.086491144295171,1.0921225921904287,1.1045776887038232,1.1156160243037696,1.1228300416417925,1.1362977949511914,1.149227165042763,1.1701023145121419,1.187977050134392,1.1924708033507194,1.228385507113412,1.2500493896362053,1.2821228577937815,1.3154336212596618,1.3330179927096755,1.372470494639457,1.419622679103373,1.4486733236971492,1.498163229275864,1.5718335544652557,1.619552505659056
experiment_395,1.0312514813774423,1.044651083086611,1.047667123499376,1.037773317232488,1.0303171716088588,1.0493224780972814,1.0517231547358536,1.0544730872437962,1.062587338225718,1.0653018932905267,1.0713356991536451,1.0750863942827484,1.0794747536546228,1.083587171278246,1.0892862508117755,1.0976635346329098,1.1007181702314208,1.106013175188497,1.1131536559447592,1.1194816780557415,1.132160279837385,1.1376156189640851,1.1430540876684154,1.1469190897221195,1.1587986445766139,1.165436168859281,1.1806261901501953,1.2018079775409085,1.2064132860897026,1.2166840948414759,1.230092768011818,1.2492341202122912
experiment_396,1.0312514813774423,1.030115162110241,1.0252668694243248,1.024511746644559,1.0251715337488274,1.029950356140057,1.0296015628322768,1.0293336969205742,1.0320347099435023,1.0319160954853503,1.032656948652077,1.0330105975280752,1.0341349413087224,1.0349194532811885,1.0347944784212404,1.0382520896462835,1.0401230276515108,1.0426518823638098,1.0455931749121627,1.0486844221208018,1.0522671981475158,1.056152838808192,1.0604894205967546,1.0649625116942265,1.0709529371221305,1.079567721251534,1.0891132063141509,1.0981200603433743,1.1039012032992455,1.1198402581712321,1.1371162808223774,1.1518175451797732
experiment_397,1.0312514813774423,1.0437654610006644,1.046286746645481,1.0493249619316072,1.0311827074277804,1.0472973211968217,1.0498318502485464,1.0501854713503205,1.0622787950426569,1.0666895969645938,1.0675350598538764,1.071640881762407,1.0776119884901958,1.0801828607791597,1.0858713956746815,1.0878412666447093,1.0937816704290322,1.1014058296076514,1.1026183114841284,1.1135031665154715,1.1148692237358018,1.1196812051522316,1.128280601066274,1.1312550209384582,1.1329391103366573,1.1458112331076196,1.151564008167696,1.159462846647976,1.1628793424267754,1.1757744982158962,1.17448030227649,1.18117592704196
experiment_398,1.0312514813774423,1.0294012499186573,1.0296571115633426,1.0282704803328804,1.0287569923781554,1.0313572166487972,1.031763538619207,1.0322937071563012,1.0355167799508007,1.0369390173814148,1.0382185863650755,1.0403090746266517,1.042212938453261,1.0450539380846087,1.049372127094557,1.053094369156495,1.0586854399917358,1.064401919953429,1.071536567963365,1.0748059516317385,1.0890515401438885,1.1004290741300697,1.1149639523909567,1.1312486289090589,1.1498665328408235,1.1687422229338744,1.197500603384983,1.2296267704630781,1.2516002082855093,1.269738905383965,1.340180829169956,1.3953360032345488
experiment_399,1.0312514813774423,1.0254304832372019,1.0335527895502261,1.025050048294268,1.014393081112375,1.0308432618975458,1.0317490667345919,1.0316764491789514,1.0327891338441262,1.0328035079489348,1.0327646981881893,1.0335151370123732,1.032870050373458,1.0344740207440748,1.0356082538421258,1.0365416591504426,1.0385632143197698,1.0409537533057986,1.0424886548582228,1.0441573716534216,1.0470707234835133,1.052102054620345,1.0522303442525074,1.0580286634116305,1.063849915762373,1.0661794706672902,1.0719663446239218,1.0810304334290057,1.0871621480504023,1.0924802466487993,1.1042930251500942,1.110876504733331
experiment_400,1.0312514813774423,1.043312030256183,1.044982712378154,1.0476589278703405,1.0389275675835337,1.0456147571461214,1.0472298618919358,1.048351169793108,1.0529333214917604,1.0553993941563915,1.0602189291682742,1.0616411534487769,1.0659422396619527,1.0687327670531723,1.0723028020458565,1.078656953892071,1.0824068337041752,1.0874894339966756,1.0946206333946946,1.1011720370743694,1.107596008835805,1.1154853743086706,1.1207161518845,1.1305952696998547,1.133444653907335,1.1509013449523857,1.1616868753538419,1.1706494155215177,1.1853414556091235,1.199565433157947,1.213059818930029,1.2176723028215342
experiment_401,1.0312514813774423,1.0306199377709582,1.0297272307986298,1.0291505199239679,1.0293614533186215,1.030065894184921,1.0299696153302118,1.029874071009348,1.0308042628886431,1.0305836934948693,1.0308445891213782,1.0308805405619377,1.0310641924498005,1.0312134854242463,1.0312880430010747,1.0324351086092272,1.03318039145883,1.0352132584208484,1.036600900468678,1.0378442336893663,1.0402591733504687,1.042143655456699,1.0448504538049228,1.0484606459788304,1.0517490049965328,1.0560104791037108,1.0621098256308765,1.0678067698880953,1.0748483217840155,1.082406547108212,1.0908710326096416,1.1018758954080103
experiment_402,1.0312514813774423,1.0305640519288615,1.0297752824551938,1.029495544801175,1.0303507188877707,1.0319107862588885,1.0319887215754806,1.0323960988268832,1.0333579171914826,1.034556809616602,1.0366387144109095,1.0379022375942466,1.0396195284369028,1.0419112487240405,1.044748672659305,1.0475274456131836,1.051473813160925,1.05615155521095,1.0616689205839434,1.0681289028860252,1.0752051662852031,1.0832170117888051,1.0941736591980484,1.0993232397421642,1.1164815693348493,1.1359695580138494,1.1502824216884213,1.1721449318344221,1.1979607396953689,1.2215587617719184,1.240206829197643,1.2808258029122035
experiment_403,1.0312514813774423,1.0431138574181518,1.0446588233953322,1.04694034848127,1.0384107492159051,1.04486478059481,1.0466537541113994,1.0474952143610659,1.0494802638807448,1.051106593211962,1.052647092156548,1.0538783078306049,1.055437620492716,1.0577556847710141,1.0570069877640367,1.0594987139267849,1.0603802957985948,1.0604528757287817,1.060843882245698,1.060692654608454,1.0617238626404917,1.061660331345592,1.0621333249769402,1.061708023352012,1.0629573250961448,1.0625637998966198,1.059524435369575,1.057901211940489,1.0565542010440239,1.0583198662690274,1.056527962461459,1.0549775141360092
experiment_404,1.0312514813774423,1.0308491643679543,1.0295623868795776,1.029192669803684,1.0399303854318018,1.0335438719800376,1.0335983520324592,1.0333286817287861,1.0382656164560415,1.0389272458433703,1.04033616026094,1.040776819307462,1.04423760763106,1.0469507310796013,1.050330830314563,1.053557097546367,1.0587572385922683,1.0636655815286429,1.07502008929219,1.0849521190475224,1.096429915864583,1.1106848575081694,1.1210447768720486,1.1395198038574506,1.1673936479107097,1.1845193375581866,1.2284462858808347,1.2589311943945214,1.3067901053911863,1.3663006764308112,1.405746644836178,1.4818331682863677
experiment_405,1.0312514813774423,1.0437465536309616,1.045894447894502,1.048560375924805,1.0384789699870862,1.0443872736125834,1.0463063512365747,1.0484925467939101,1.0535101002055043,1.0565447628154818,1.0584154623277109,1.0627959378963805,1.0649902793580486,1.068883831378494,1.0715921662520884,1.075625454233924,1.0793835977085764,1.0840955946079183,1.0891378285980293,1.0943648090868718,1.1012443597416017,1.1064301220890849,1.1129859526218406,1.122495748128058,1.1311405748705394,1.140021135522691,1.1499134534727293,1.1617258871315688,1.1750965914953644,1.17016126893569,1.1971493685218035,1.2191129947117016
experiment_406,1.0312514813774423,1.0343688094246701,1.0248585707103244,1.0239254137220595,1.0249223286708633,1.029117114599748,1.0288504377871757,1.0283699300042661,1.0292631196178352,1.0298852910149736,1.0303914077579608,1.0310976916002088,1.0322681675590561,1.0323583507775969,1.0346675576639406,1.0369630470959703,1.0397954185760698,1.0430450334302606,1.046397878590584,1.0506678451251021,1.0563967780025254,1.0633119611791841,1.0706154182278522,1.077561131619887,1.0877954588715135,1.1013913349250681,1.1092653592727517,1.1285040290462296,1.1442401841637801,1.162980035098939,1.191988788115888,1.2076454751616545
experiment_407,1.0312514813774423,1.0305244121184942,1.025831624079567,1.0253111266003103,1.0191426887964605,1.032399025084926,1.0313809912467164,1.0310702659988618,1.0333451057347436,1.0334157151610674,1.0338523997529525,1.0349657554581706,1.0351608932428493,1.0378909873069788,1.0381961953500902,1.0416479575040913,1.0435472012460199,1.0460132994811682,1.0509701761483086,1.0549260071161608,1.0599007402765512,1.0653246064158255,1.069894123136772,1.0764865612078738,1.0859761191797794,1.0933722331844042,1.1026498323409082,1.1097212026116696,1.1291652120858495,1.1440789710144141,1.1621461291519875,1.177770842702927
experiment_408,1.0312514813774423,1.0317081047467054,1.0419520698487,1.0428204263562206,1.0454026531958411,1.0382090899858722,1.0392412449618005,1.039556052698206,1.0454958209793102,1.048264490430508,1.049494912153622,1.0531172162474687,1.054272249290651,1.0582193174327432,1.060711471702071,1.0649933035750407,1.066593006655197,1.0723979051888737,1.076329106456824,1.0814422283413128,1.0846996733551886,1.0931081559088882,1.0961953598713405,1.1074819545861745,1.1146906710744455,1.119230828919878,1.127815672351982,1.1389239204755797,1.1523818654671745,1.1616638609593561,1.170822717398434,1.1833441269303728
experiment_409,1.0312514813774423,1.0311184946674872,1.0355812541727452,1.0394173615916293,1.0272027434523583,1.035201283283779,1.0354209781517718,1.036191499870983,1.040976136434224,1.0413165853966726,1.0432841531101964,1.0452077626812255,1.0487066315774172,1.0520950001288698,1.0564061866439531,1.0601367288075436,1.0659495546655873,1.0713174473776372,1.0824908876364072,1.09320348683523,1.1062705397781678,1.1184674805691937,1.1347615996792646,1.148474801978532,1.1738618713500815,1.2006279006685086,1.2340011499175727,1.261862680104862,1.3088077310719315,1.3480116688883028,1.4096195948869288,1.475319577663912
experiment_410,1.0312514813774423,1.0306429752375712,1.02949549603657,1.0293265607472877,1.0304491957210424,1.0346605049421804,1.0345784249430499,1.0352082803794198,1.0384416822102889,1.0400674322195653,1.042415797312241,1.044942610413372,1.0470442068827142,1.0496135935321378,1.0556552757420956,1.0600338269581626,1.0659821705022992,1.0722756574861356,1.0815018598481816,1.0916303690809974,1.1006176109161627,1.11808668274187,1.1316766931285083,1.1537200344126926,1.174677915456182,1.1950965417183295,1.23178833654105,1.2597930959036379,1.302691934526085,1.3520882830476815,1.4172679270057889,1.4711070486711848
experiment_411,1.0312514813774423,1.046202791487451,1.051594021547599,1.0329603936924614,1.0493581839493333,1.060978283769967,1.0665812662352094,1.070101030484006,1.0791498038259626,1.0828633698390273,1.085339328076904,1.095003542629246,1.1027048129194912,1.111779734534102,1.1154281282996192,1.1234306413614448,1.1365786636474011,1.1390392083050749,1.1500764316286771,1.1497396232357426,1.1717543045058179,1.1757580497815157,1.1833819809832495,1.1967173755424625,1.2019098904902317,1.2146717106096672,1.2257098763929624,1.2327728287092092,1.2456292699396736,1.252734612233673,1.2599982297152774,1.2731914463608374
experiment_412,1.0312514813774423,1.0312514813774423,1.0308863559146142,1.030573830046751,1.031129695059766,1.0320393441615274,1.032047246521823,1.0313936183739754,1.0323084738233013,1.0322620962260474,1.0318429449535345,1.031505929150966,1.0307371851305331,1.0304164214776956,1.030576050407979,1.0302457543750903,1.0306343720420157,1.0304856501322868,1.029994150450076,1.0310083644453336,1.0316155552479713,1.0324459116771272,1.0335622106878621,1.0349956912615126,1.036407967931151,1.0385179793091528,1.040698710971576,1.0440302457109987,1.0478276690934492,1.0528229521723036,1.057719394838982,1.0650308978862044
experiment_413,1.0312514813774423,1.0298754847935874,1.027184307510775,1.0259538170901934,1.0256989473368863,1.027196691836702,1.0261715354574363,1.0249997971028275,1.0250244807749107,1.0242672769503027,1.0237425742558997,1.0237498941417837,1.0235143884748497,1.0239856791054203,1.0245233498687047,1.0249130877904602,1.0272301467010656,1.0304781104030518,1.032027032744324,1.0310586191340787,1.033617344417001,1.0354474482596003,1.0405208793471306,1.0452073983228873,1.0523765657732238,1.0596357924353594,1.0676006107747091,1.076081468081889,1.0894308648654987,1.1088130797465408,1.1235765039257848,1.151404829097201
experiment_414,1.0312514813774423,1.044202435216513,1.0473079788291075,1.0508887400107063,1.0282078932286793,1.0503873617312698,1.0538041381788048,1.0562261473502936,1.0612872543982612,1.0640773477236287,1.0678598507635102,1.0708617462852983,1.0738942798618945,1.0763503965000443,1.0770543712011307,1.082255466891684,1.0833219182197213,1.0882446584701664,1.087506164106012,1.0920519932046415,1.095739490340041,1.0979301170367992,1.0967021032307258,1.0976429105598955,1.1022544327253345,1.1040078105249573,1.1060224585242944,1.101465855517402,1.106767079821342,1.109834561282298,1.1108682986765186,1.109790758023918
experiment_415,1.0312514813774423,1.0436586066844422,1.0456112417069918,1.048289747637964,1.038749698014752,1.0442747059769621,1.045317839564998,1.0472879349696367,1.0516769215180624,1.0511001783996703,1.0534343970788596,1.0555009483185303,1.0566100875078914,1.0577134845871776,1.0586617173811175,1.05906610327417,1.0595975179485457,1.0596566207037459,1.0615680742440892,1.060630450838934,1.0629478990183165,1.0628768022556754,1.0619141913930676,1.0609789408986605,1.0615043400919235,1.0624161574300515,1.063014792449879,1.0609229593653011,1.0631821157637262,1.0624035299767853,1.0591701670006926,1.0613995865406376
experiment_416,1.0312514813774423,1.0313619344122844,1.0310614422194164,1.0313045130754068,1.0429626326184107,1.0352464545380027,1.035536054709011,1.0363490774511313,1.0380061764410442,1.0385676059106965,1.0397504308019356,1.0405350028143239,1.0416323552322224,1.0428478262421437,1.0464082694823897,1.049236123377072,1.0525526544737311,1.0555543740815356,1.058036512150938,1.0630441014883043,1.0675802434683495,1.0714623964710255,1.0781351794730014,1.0846524605058014,1.0916631576976017,1.1012753920741776,1.11199993366883,1.1228845568229473,1.1369183604406121,1.1519056050143677,1.1660297482909365,1.1854745616649238
experiment_417,1.0312514813774423,1.030909312042488,1.0354660823282236,1.0357978781460828,1.0219660390046161,1.0380643124384479,1.040090511686344,1.042242653474744,1.0474647492472564,1.0517565681753196,1.0544678598539818,1.0619395737403894,1.069605523268709,1.077010913592464,1.0850984374088035,1.093576328250429,1.1092300670518707,1.1209778787012854,1.1428484129601422,1.1682190405046688,1.1831724442308014,1.2115734532435622,1.2479902091678465,1.2720225131990088,1.324270245392984,1.3627514037531043,1.4114604264031705,1.449816255544874,1.5270826126729087,1.6311624480548415,1.749140803951022,1.8664396180240015
experiment_418,1.0312514813774423,1.0463402183222639,1.0514917506710602,1.0280259727343264,1.0481428520563842,1.0572989071587462,1.064053928823139,1.0675579282259675,1.0755921012608753,1.0807392604319903,1.0855082230476312,1.0909743699998475,1.094197195520835,1.0993789606036588,1.1075506659481438,1.1084539918583471,1.11475107786939,1.1188146652018192,1.1243230051022617,1.1313289536243898,1.133919691990038,1.1361724250603016,1.1373754773961704,1.1431841344029041,1.143439110882689,1.151956883011631,1.1492001743776086,1.157691755096548,1.1624108881425166,1.1664752741387021,1.1678044840185862,1.1748343141902786
experiment_419,1.0312514813774423,1.0312402822474647,1.026154953733398,1.0262691972866416,1.022283508176021,1.036212780857607,1.0374992988503502,1.0379248412829991,1.0403496175807045,1.0427670730673506,1.0442851552748984,1.0427349424247825,1.0442139026446957,1.047302323956462,1.0505948553984072,1.053379145339477,1.0564651706100632,1.0580303572322278,1.062174771236353,1.065155438572621,1.069008838572349,1.0747252769056859,1.0813842552286936,1.0880096337228862,1.0898512525503357,1.0966331042153301,1.1050235972777436,1.110193912078908,1.1214947293438344,1.1313025367409064,1.1412588695630002,1.1511772938760028
experiment_420,1.0312514813774423,1.0308511696528642,1.0303927222927909,1.0304114375166227,1.0418248092317461,1.0355178463805819,1.0355298309982737,1.0360194214116012,1.042087689070574,1.0439302455501347,1.0459888377172755,1.0473459944564378,1.0512481999864511,1.055343136793637,1.0608201087612377,1.0664505764124455,1.0701139391132979,1.0775720641159896,1.084794871301561,1.0943096133794215,1.106987623098859,1.117942836197107,1.134258353749706,1.1434263924336003,1.1591956185421566,1.172633789254233,1.201845058147143,1.223697602224391,1.2577729331578673,1.2807284584012324,1.3261023711968847,1.3587407153988118
experiment_421,1.0312514813774423,1.0433346176528682,1.0449018550128641,1.0472631216915957,1.03775646951884,1.0428843545489155,1.0441646516519234,1.0448651091532595,1.0500255342872717,1.0535646089834259,1.0541377701040553,1.0557740710023529,1.057635306718046,1.060440832119,1.0620272192271036,1.066222342230131,1.067948024003116,1.067648409473879,1.072721947621353,1.0768007516822689,1.0790544243317706,1.0826170001348572,1.0856109542661894,1.0903768757111865,1.0935707084594772,1.097933402678271,1.1025165714822567,1.10747015350033,1.1160633349923674,1.1186323486846037,1.128236578673813,1.134698862734375
experiment_422,1.0312514813774423,1.03105723793214,1.0257988864955534,1.0258247896517318,1.0218894818609516,1.03637885676026,1.035471658228969,1.0373538657980526,1.0392625006218246,1.0392212616808163,1.042065171911221,1.0439732004921054,1.045161226302389,1.0468689543023053,1.049994503196148,1.0530942818755116,1.0549845701654084,1.0589462339855946,1.064127731952479,1.0696843737066002,1.0727159086459879,1.0792564306896344,1.0837216848202558,1.0906317928283915,1.099825037252869,1.1088588555654915,1.1180575038837377,1.1337715092373801,1.14062372931927,1.1621239064080129,1.176754501522586,1.185494445032675
experiment_423,1.0312514813774423,1.0311693854610364,1.0259049055107095,1.02584348471245,1.0218113332180354,1.0353514692326222,1.0365689409060237,1.0373090924187314,1.0404231607862988,1.041308445665594,1.042570886315657,1.0444561306332396,1.0449299445963962,1.0450517055059578,1.04955021713841,1.051982803823375,1.0549616933046537,1.0568514421561264,1.0605747586603516,1.0649996571308789,1.0693081059657885,1.0738839177543937,1.079300973121638,1.0830784931447917,1.0918185230243564,1.0966647450015146,1.1029037648110405,1.1144574244890362,1.1233751356462776,1.1319392196575475,1.1437223024277299,1.1567060059998502
experiment_424,1.0312514813774423,1.0309571943114655,1.035606650883388,1.035342137433615,1.027301222442081,1.0347624294352578,1.0347530384665975,1.0354364066537731,1.037458412303711,1.0379964116314286,1.0388049170759313,1.041502877512963,1.0428509095688334,1.0438377058321398,1.0456200528528843,1.0497411546265976,1.0529824466008821,1.0566725966930168,1.0602368766459067,1.0663589634334107,1.0720289065388309,1.074213492985814,1.0823305310191447,1.089197967660543,1.0984278634863565,1.1083711895117836,1.1143898584556455,1.1341632965629174,1.144909846943956,1.150705336052828,1.1724028312103736,1.1955101198512386
experiment_425,1.0312514813774423,1.0460808524769991,1.0369864481577746,1.0293020775395072,1.045558974257731,1.0561639794897384,1.0593266985480068,1.0641714448933695,1.0773590269305366,1.0802398686809862,1.084248643462341,1.092842643543951,1.099495875192269,1.10281539169505,1.111742188993361,1.1173891396462594,1.1201529757449693,1.1286302346972186,1.1382728369469846,1.1441226003853446,1.150358562248775,1.151879436272893,1.1633488941148662,1.1692528207857908,1.1832734715473994,1.1949546816517909,1.1925188418162718,1.204640886992574,1.20912584647659,1.2242576629954698,1.229941989231268,1.2386050975830294
experiment_426,1.0312514813774423,1.0431090375754744,1.0445812751182348,1.0466397046230898,1.0375198944136765,1.0429693918571519,1.0436694892691827,1.044855582607102,1.0464321309548599,1.047197927374699,1.046576276998726,1.046289977678345,1.0472925450847366,1.046081867016576,1.045169310063002,1.0447252063951489,1.0437038894151762,1.0421215919817985,1.0415434973689477,1.0403625558232412,1.038274465279475,1.0365453130668976,1.034657454770007,1.0321539061114402,1.0311368422205016,1.0291048470347126,1.0272643081950201,1.0249429017124123,1.0227035984649449,1.0206458945670283,1.0204263802896743,1.017559739127538
experiment_427,1.0312514813774423,1.0438795545590211,1.0466340467654631,1.0498711657839201,1.0301499152799374,1.0492540443134144,1.051127513731635,1.055181274639708,1.061254331243796,1.065722057567405,1.0666706340324872,1.0705248299539276,1.0743427710446887,1.0792273281463767,1.07754069689168,1.0865713182177152,1.0885002365427439,1.0904921794314761,1.0952886656212457,1.0994769111073504,1.098180379634204,1.1025000350658807,1.1052198894303187,1.111624043202978,1.1143777741275163,1.1200270380169663,1.1183968969472375,1.1300292805408272,1.1281818568726576,1.1330472794929178,1.1351920840888403,1.1454494046294768
experiment_428,1.0312514813774423,1.042840167222867,1.044166482435712,1.0462407328342744,1.0505011357671772,1.043514517307109,1.0444421412352278,1.046810353472505,1.0531496833226004,1.0556550558335531,1.057701280712031,1.063679436574064,1.065677433050873,1.0693821118329938,1.0750060606900786,1.081043373081666,1.0895166342838425,1.097473557171663,1.1043931170354855,1.1158093542502823,1.1276130105388604,1.1439082077190041,1.153541290450159,1.1754248747196283,1.1973134488037316,1.2131836594276015,1.239762895329689,1.2741311591857376,1.307069015015949,1.345344116971363,1.3707232801672753,1.4217686472115167
experiment_429,1.0312514813774423,1.0426584302144597,1.0439352776536475,1.0460178484599079,1.037011309358465,1.0437116982113268,1.0444703270020022,1.0479139637987942,1.0543375314564716,1.0563054464594102,1.0584954532517203,1.0617913033705586,1.0666790168002422,1.0701273974871046,1.0732249431605358,1.0808511880527687,1.0851490089504197,1.0916134956946906,1.0922251206648987,1.1066712934762697,1.1090743045313571,1.1236934451351592,1.1333254807086464,1.142926922454576,1.1502990605672676,1.1745567141168567,1.184771748499095,1.2002022461080748,1.226169005714778,1.2455996812765036,1.2719399506417008,1.2890151186229726
experiment_430,1.0312514813774423,1.0301822145855433,1.0284725474549874,1.0278844024246179,1.0285990592771375,1.0315543760703556,1.0319357889029734,1.032218434126451,1.03440453857881,1.0359984976106966,1.0377519039273715,1.0388416140062464,1.0418812607037384,1.0437014345944766,1.0480841128915384,1.05446146608074,1.0602495266454874,1.066755966649651,1.07435742918953,1.0839719432500448,1.0944747278191131,1.1100844087558626,1.1187761050323357,1.1373789435914707,1.1616303013831712,1.1822628416428391,1.216966396970214,1.2518949609073688,1.2742043730284094,1.3171937171609924,1.3730823439279858,1.4362013662861646
experiment_431,1.0312514813774423,1.0259314986233203,1.0241216374475088,1.0228595014730806,1.0244434493534247,1.0274571918986681,1.0269185461655368,1.026026716966268,1.027322891394868,1.027080228596377,1.0271832700621104,1.0269821510207013,1.0280174122685017,1.028724738785191,1.0294309412738918,1.0304582105934874,1.0326757016135006,1.0341278393320537,1.0360662573876154,1.039587741876627,1.0419387349444138,1.0455952511655053,1.051489454462682,1.0564487940546374,1.0638690690192893,1.0706051274155595,1.0804417453098887,1.089702191890232,1.1009671137388317,1.109887834104575,1.1298540725779684,1.1433035815662962
experiment_432,1.0312514813774423,1.0428995502192817,1.0440504622141409,1.0457547065314414,1.0494315182754355,1.0410288602242004,1.0420782668234998,1.0429094745570002,1.0490358136841615,1.0500266500338853,1.0528617741024344,1.0533515948356034,1.0564392471703972,1.05718979602431,1.0613463426044292,1.0652665540346242,1.0698837551969989,1.0706964969032222,1.0753119056793212,1.0829642761546192,1.089474423210149,1.0971417035953803,1.103703892759222,1.111997605915764,1.120595942164225,1.129858707398358,1.141149681920204,1.1488412772621415,1.1660130285609325,1.1814191863994021,1.1991474656044019,1.2127845182150345
experiment_433,1.0312514813774423,1.043479397624788,1.0452338837024004,1.0478675033691343,1.0389956995773104,1.0456556554424798,1.0475229822978793,1.0491037706641597,1.0524143951796852,1.0540881314583799,1.0554707192682733,1.0560134068900457,1.0572306171044779,1.0594062977210794,1.0622032876857568,1.0630340352692094,1.0629402062757876,1.0640355259050047,1.0657995330662746,1.0688653259363134,1.0681572604872536,1.0704790912890587,1.072315062824162,1.0716715403862715,1.0720760430062004,1.0724160906211795,1.074410878766893,1.0748773458310015,1.0759869804790778,1.0747831912324857,1.0765415844012354,1.0784131377596342
experiment_434,1.0312514813774423,1.0312026199323383,1.0306043200841986,1.0294107358658278,1.0312310679069494,1.0328765911663065,1.0322945504938819,1.0315252024580612,1.0335259548252587,1.033555722213424,1.0333325756703742,1.0334345375045733,1.0336718741367315,1.0340477569579498,1.0349601587325568,1.035769803501941,1.0371896292586442,1.0384473629052968,1.0403321692357703,1.0423110250509542,1.0450958574949487,1.047830859668247,1.051923398974063,1.0562881376443258,1.0604579363294102,1.0668931101034478,1.0738512935772973,1.0822238758499785,1.0926784901717925,1.100685660336362,1.1189145289087072,1.1338448013234086
experiment_435,1.0312514813774423,1.029919945511951,1.0275723706249025,1.0269421560299832,1.0275744562755167,1.0301654228431762,1.0301090214265807,1.0306246450883643,1.0342539873133831,1.0350667097573896,1.0389976024738168,1.0405637016910012,1.0433021829516498,1.0491908632695237,1.053808501602316,1.0605944430813334,1.0687009438653752,1.0769500372035545,1.090157151368678,1.104026866758451,1.1201048513793845,1.1400856726208968,1.1666188021147756,1.1870613540254578,1.2178480065734532,1.2561756940522322,1.3024738614513929,1.3537259392090917,1.3995050701945284,1.4744281486078585,1.5543212213909374,1.6523829279703837
experiment_436,1.0312514813774423,1.0315091086956711,1.0315419135674568,1.0419859327557264,1.045487163088378,1.039433467048789,1.0409973933208607,1.04217925296346,1.0474638537660517,1.0506244801413116,1.0533702053263065,1.0571992548567395,1.0607200213447698,1.0651797748022145,1.0680640826233987,1.0752694072344027,1.0779857457032607,1.0872033932144107,1.0939145407833106,1.1007007968502902,1.1149702543735545,1.1208970106053122,1.1346402967590221,1.1469542244177733,1.1635321991785137,1.1727788375133341,1.193164282819117,1.2137109466210878,1.234031058404681,1.2579709087486572,1.2796868912572443,1.3102080257134545
experiment_437,1.0312514813774423,1.0425231666524488,1.0437251293706298,1.0455024264058954,1.0497459075551274,1.0427748758905766,1.0444888143198556,1.0467914656355126,1.0526466458440868,1.0558012280252425,1.0556293808556867,1.061686894758206,1.063443003049497,1.0667943870104915,1.0690450654983101,1.075125503176078,1.0771848891667108,1.0813052567659853,1.08453426292533,1.094447636716198,1.094754471888233,1.1031117373678025,1.1086483115884151,1.115621821182627,1.1206516701678575,1.1243207875906647,1.1329848018613693,1.1374668558575045,1.1435605031448404,1.1515490666785235,1.1564789905903752,1.173534761850095
experiment_438,1.0312514813774423,1.0444329248631747,1.0478322715806383,1.0515683696633562,1.0308140646733526,1.0500483518519883,1.0541355982788179,1.0575722381940396,1.062503184712054,1.0671937939189222,1.0676478216569578,1.074990038820089,1.0765146304681994,1.0826041986257713,1.0889525241634321,1.09272180989342,1.0948273175350207,1.1032418329623501,1.1086969893455265,1.1151995203346885,1.1168111122732762,1.1235459958692915,1.134399347869764,1.1392691470752023,1.1411324709180963,1.1508196783218085,1.162835172520285,1.1658700329385872,1.1797182114593183,1.1954885087780047,1.1956549434242645,1.2032815677490505
experiment_439,1.0312514813774423,1.0257659334453186,1.0241035370866147,1.0228915557575031,1.0231870670919667,1.0270202210981754,1.026347292125913,1.0258296702950482,1.028324285179758,1.0280951178356352,1.0284951272291263,1.0292524642399503,1.0304062210000713,1.0317495648665413,1.0335293263223735,1.0367397667989036,1.039421308573101,1.0411930431746967,1.0475963260346426,1.051963011358332,1.059238321808922,1.0671379364696365,1.0738839744646,1.0895500486180059,1.1020782106043734,1.115491440151879,1.133653041918478,1.1503482750929441,1.184427192101659,1.2041568990679288,1.2490614893679335,1.2816652245751925
experiment_440,1.0312514813774423,1.0314357466239041,1.0315295301128775,1.0421985039240558,1.0443532230034556,1.0369845633444916,1.038042439050729,1.0393070318576063,1.0442781787046924,1.0473293541358415,1.0498170122231782,1.0538823711459189,1.0571690471065605,1.0608550056674313,1.0676713692771829,1.0734586995504287,1.0807071570760722,1.0915822007407994,1.1033151258297333,1.1120822584984524,1.125483322626737,1.1416685651195013,1.1599045983285927,1.1806593300208907,1.204944928054819,1.2294582176787934,1.2638827057093125,1.2889023159515096,1.3445457220375285,1.3943285465320476,1.4461531786191735,1.4975608862002459
experiment_441,1.0312514813774423,1.043992427322033,1.0466955689781732,1.0499762580397332,1.031448998651501,1.0472776374403252,1.0492725317891938,1.0528085554339457,1.0599561566344247,1.0619464463841226,1.0680291825512276,1.0722806271679914,1.0769150112774666,1.0821209118056296,1.0882596191523888,1.0935446019710433,1.1024379339902661,1.1108519772523386,1.1172257783716337,1.1319310732937398,1.1386442663373344,1.1546829911952285,1.1642107053321213,1.1833649166867675,1.1922746402139075,1.2030673413460564,1.2371472635833407,1.2519464690033515,1.2855046737416869,1.3100910279815516,1.343669931985439,1.37406403374911
experiment_442,1.0312514813774423,1.0427448860032558,1.0441220039449792,1.0461530648775799,1.0501688475340012,1.04356703140048,1.045309545050299,1.0468586893456582,1.0528242176352496,1.0552982856044484,1.0575601821229574,1.0608529593310494,1.065017876140258,1.0671486008865987,1.0716551786432753,1.0753760113875859,1.083306549755085,1.088027408847244,1.09305947144021,1.102385590986268,1.1110762703881678,1.1206371921617406,1.13153540487686,1.1407681207593856,1.153687945202683,1.1677051370612037,1.178815829722021,1.197308041801263,1.220162192483701,1.2379866491223808,1.2769886245044562,1.2851445159558197
experiment_443,1.0312514813774423,1.030889736162188,1.0253991019432303,1.0250968877893936,1.0208040126960325,1.034350240358312,1.033171636251361,1.032220699269392,1.0332761486049828,1.0330752864178538,1.033442677647103,1.0329200747940883,1.0326453511476665,1.0344463630025484,1.0363151097955663,1.0377906309090499,1.0399907034952733,1.040765199476284,1.0454960358224978,1.0477322924299064,1.0527968662950171,1.056988147121458,1.0613818792918737,1.067841161478974,1.0747137666706656,1.083083921218083,1.0924639366740723,1.1007096076131686,1.1119400033428763,1.126868403275825,1.1416400119104129,1.154731796746268
experiment_444,1.0312514813774423,1.0253119257861794,1.0274924418465525,1.0255890070413087,1.0168644456096654,1.02541070146067,1.0240992704954546,1.0228992243353061,1.0231853958902344,1.0221841522350208,1.022657771133593,1.0224759303351683,1.0228522935098119,1.0240611977998397,1.0253440400082388,1.0266830290115874,1.0291767587115326,1.031989830519568,1.035063699947586,1.0395486365680016,1.0452796202209889,1.0507412155638018,1.058737672465914,1.0673159001637036,1.0754814866048892,1.0908991411925595,1.1034737104863204,1.1261828290045444,1.1399562160211476,1.167749542054765,1.197495882393743,1.2299144177345454
experiment_445,1.0312514813774423,1.0450656993005578,1.0484555630565762,1.038521312250249,1.0308976519611743,1.0501782107452873,1.0516755093318775,1.0564340091778466,1.0633442582786812,1.0676173032739071,1.0698912460016934,1.0738397558538122,1.0783433238577143,1.0826199196798696,1.0873119555589648,1.091601749258577,1.094630838810858,1.1008178116242517,1.1096906714679218,1.1134898260138102,1.1207309879386629,1.1301447759309031,1.1347435019610674,1.14448675397047,1.151379025053256,1.1613259547853227,1.1653335317935976,1.1841800544498697,1.1886973477574962,1.2021736423913993,1.2113985875971829,1.2274375678928804
experiment_446,1.0312514813774423,1.0305029130521233,1.0261530189037347,1.025670749968654,1.0193015126591793,1.0325946290627241,1.0323158822795622,1.031791878262629,1.0346131014524746,1.0341931158294237,1.03521141365689,1.0353127649941811,1.0360574111160195,1.0371760259315885,1.0397793232962296,1.040662760474516,1.0426602954772206,1.0448861987778166,1.0495717077829514,1.0537581146651478,1.057470246440741,1.0612348586936653,1.0679477991320954,1.0762112246127211,1.0841697550016276,1.0956211578495478,1.1064360085240281,1.1168674958850284,1.1361631149743106,1.152055571457513,1.1650737835987992,1.1874483610558961
experiment_447,1.0312514813774423,1.0420850218472983,1.0428202476444681,1.0442505345073845,1.0473261940202718,1.0393863134071681,1.0411855476100802,1.04324440351463,1.0470986371081763,1.0507870702099804,1.0538544700729733,1.0578920611777005,1.06180371980773,1.0659381455692631,1.0711205138541495,1.0769984837791233,1.0832689502395205,1.0920972259937805,1.0996713184003588,1.1117532469942488,1.1242220650474557,1.1374505459651727,1.1504032623735596,1.169967886954399,1.1830518155698475,1.1978335676712062,1.2306758744841892,1.244571821076382,1.272722926961241,1.3080432260475434,1.332750373434374,1.3803074871128262
experiment_448,1.0312514813774423,1.0312514813774423,1.0406389243345373,1.030743185614823,1.042359070567949,1.0346041529395096,1.0345868414039567,1.0344802679595315,1.037000346746958,1.037040166971729,1.037223869272102,1.0374210890666802,1.037468886100509,1.0371969224076225,1.038552233494374,1.0391635393827174,1.0397611198757455,1.0401894461796741,1.0415037238441562,1.0412500978503536,1.043392447364187,1.0438022864382333,1.0452590414231442,1.0471596039303834,1.0488516911866075,1.0503048722386277,1.0519023283090767,1.0542918090620264,1.0567796914039695,1.0586819324560879,1.0599331071034828,1.064702483217212
experiment_449,1.0312514813774423,1.03079583377408,1.025331990866235,1.0250623195779542,1.0208824351008534,1.0332650575358717,1.03401502446588,1.0335785719237656,1.03592846531478,1.0361778062000102,1.0366737797987713,1.0370216269157815,1.0373672394444402,1.0373273823044034,1.039092028325395,1.040497572795384,1.0414626210997389,1.0430624816141276,1.043668641674876,1.0471891914445133,1.0497922250981266,1.0515937057181306,1.0546864409633343,1.0591968918399233,1.063604156770865,1.0683485295962567,1.0716043844756746,1.080640544502471,1.0875908865373107,1.0938042753311876,1.1004975958386929,1.1107746756124404
experiment_450,1.0312514813774423,1.0425062311199786,1.0436137039276168,1.0451315276944801,1.0492934127794395,1.0418909725330645,1.043439939487934,1.0449018377491246,1.047643544189758,1.0491923788254365,1.0496466590568132,1.051613089604278,1.0528689204249222,1.0552380841176492,1.0555460083417256,1.0574631771472298,1.058960776333763,1.0617586352673083,1.0632264219996037,1.064740441979767,1.0665614387495677,1.0674491652303535,1.0698182121150774,1.0710712320614384,1.0728302750633902,1.0759175405366688,1.0771612387328937,1.0787461279823172,1.0807270856548092,1.0787105831967048,1.0843363086807447,1.0850155360537013
experiment_451,1.0312514813774423,1.0419280431915274,1.0420758834861727,1.042983101297364,1.0462943403624645,1.0393467114742523,1.0390507716976551,1.0389981047582817,1.0405650095851335,1.039740657827136,1.0407777201080641,1.0409221582475034,1.0417216533852698,1.0414019990396974,1.041597335650988,1.0431041377796568,1.0434722400726755,1.0439998068755518,1.0450001465070065,1.047017693881573,1.047410046701058,1.0496371386982177,1.051515252378981,1.0530697573352703,1.056085000580196,1.0585157742072504,1.0606093477946104,1.0638385906933567,1.0667902727745742,1.0712292800484582,1.0751810789482932,1.0809074892328618
experiment_452,1.0312514813774423,1.0310517510156414,1.0257806248524541,1.0256234734140226,1.0215852695478738,1.0361667717144423,1.0368628694286566,1.0364104037370838,1.0411883209949009,1.040523723455148,1.0441165412875681,1.0448085482040774,1.0463515526750728,1.0494217029905573,1.0518717154693342,1.0546441405184024,1.057105324345439,1.0609824831345191,1.0653848609394,1.0699370585626764,1.0715547489417059,1.0781565875472827,1.0875469211509243,1.0919930845756465,1.1021649470885944,1.112735713601788,1.1198200323366714,1.1296685221770402,1.1389431545909234,1.1532941229115277,1.1737076718222086,1.1892709077514692
experiment_453,1.0312514813774423,1.0443179461276533,1.0470005396055262,1.0499352728436457,1.0400722418255035,1.0463067570574218,1.046468057635448,1.0476660485204548,1.049895088258013,1.0538126979566147,1.0530141789939353,1.051843728008392,1.0510489648615102,1.050322762480038,1.0486735517127328,1.048387650949048,1.0467022570146558,1.0435331899953264,1.0424513277747833,1.0407624579699357,1.0378514656704447,1.035935742863487,1.0331146829609328,1.0303415015954274,1.0278432033999418,1.0258261652775476,1.0231679145635528,1.0213896041976425,1.0186562129761076,1.0168409255802335,1.015728044727118,1.0134819084397695
experiment_454,1.0312514813774423,1.0302476062147776,1.0254228712818096,1.0247454732260068,1.0255755641736168,1.0307493074707768,1.0303031286293702,1.0303640893630681,1.0319643799058698,1.0320780023743923,1.0325597538540503,1.033737004706204,1.0347013760472497,1.036055400798692,1.0385354234264854,1.0404967533763532,1.0435313921892284,1.0465799407621108,1.0510545465385215,1.0554738163085517,1.0612206733966296,1.0678578769104687,1.074998909632014,1.0847422027637728,1.095710812591752,1.1077152140180733,1.1211217587253597,1.138938607205773,1.155767854726406,1.1783420404601785,1.2023107841574943,1.2343146020851854
experiment_455,1.0312514813774423,1.031678924631224,1.0317058493730928,1.0415858063922812,1.044323473053889,1.036921099465019,1.0373877438060175,1.0366356553922063,1.0387513898747056,1.0389056557730552,1.0382294101164198,1.0381419387001203,1.0380984381879383,1.0371741837777582,1.037270090251787,1.035462138470945,1.0370388633188559,1.0367434481781603,1.0370925494657515,1.0364563566025944,1.0367770594976748,1.0370431885880012,1.0374666117489995,1.0374825464386126,1.0373652912876137,1.0378682195532596,1.0394419725112825,1.0394537016313548,1.039843289777027,1.0404244386030468,1.0400414994126137,1.0407598194019159
experiment_456,1.0312514813774423,1.0305607788659363,1.02916492491657,1.0293859635768388,1.0302951133149039,1.0324165969410957,1.0317257977718173,1.0319810810988461,1.034884606257069,1.034758488839559,1.035121110103323,1.0363821007651393,1.037572862389629,1.0391918989928413,1.0408817198993163,1.0431253477389573,1.0458138527189824,1.0483776920407653,1.049586642906625,1.0553934176842275,1.0613031346736024,1.0669121599725808,1.0706993680929302,1.0804382669440984,1.0895311844948368,1.1006629905201322,1.1130578936678877,1.1241193177767546,1.1454487794739296,1.158903283423654,1.176835500693729,1.193647843119287
experiment_457,1.0312514813774423,1.0418814081104715,1.042215128020394,1.043386487168303,1.0460681215209249,1.038619310780852,1.0391037290349938,1.0406826190037872,1.0470057184404475,1.04826910967378,1.0503633519537663,1.0518342959657312,1.0557694294855227,1.0591875030983344,1.062915003417164,1.0661849949151698,1.0716608596225987,1.0758675267332396,1.080448565995104,1.091088365701549,1.0989587005467771,1.1059429539242687,1.1174442897019665,1.1308715318627236,1.1444532569300336,1.153445018646658,1.169401370024237,1.1905185093313453,1.2130032347303201,1.23268498000063,1.2601367094784175,1.287967772243908
experiment_458,1.0312514813774423,1.030711153031151,1.030047901556622,1.0285881923624478,1.0298807803001442,1.0311753982154002,1.0305554399663188,1.0300718353420777,1.0310237552679657,1.0317845657768998,1.0312897449057545,1.0314815752102384,1.0315220666324696,1.0317665867280736,1.0320321038683298,1.0322491031784589,1.0332516153250688,1.0336067168914913,1.034416902442989,1.03546906988505,1.0368407323099202,1.0376565053622056,1.0396110044625506,1.041605868636874,1.0430327622921713,1.046214097390868,1.049227066480539,1.0510136746453296,1.055872978347555,1.0565713195933717,1.0628062173117652,1.068685068393653
experiment_459,1.0312514813774423,1.0418727825753682,1.0422655356862693,1.0432239960289809,1.0461631955206532,1.0374499606573129,1.0395364520062467,1.0404305046067714,1.0427905717701333,1.0442628283983837,1.0450292238159258,1.045931141224008,1.0464929863859038,1.0479280579401082,1.046847984322649,1.0497054304416151,1.0510895053198097,1.0535912788893735,1.0526281542464613,1.0566498992064823,1.0574582194444018,1.058553220846229,1.0601469732432045,1.0637415150651166,1.0654415036749705,1.0684084686593947,1.070066511468241,1.0727508928266016,1.0744175100793414,1.0800629123952754,1.0831397931000666,1.0854974966442419
experiment_460,1.0312514813774423,1.0315257432871188,1.0313978329739482,1.031392987394958,1.03195516894226,1.0331716403809403,1.0329273146587572,1.031899782127138,1.0349854443253157,1.0345614165310526,1.0347843843996698,1.03444606497164,1.0343680775124315,1.034893517966682,1.0354535694633928,1.0356087362142208,1.03674517053744,1.0378132272696083,1.0393155097385727,1.04105254195075,1.0428130691825988,1.0458528287539939,1.0477795647801258,1.050681228418365,1.0538527578273462,1.0573186397078251,1.0628151010741929,1.0676407773111252,1.0727813191909958,1.0788157756428642,1.08111450658475,1.090231027968565
experiment_461,1.0312514813774423,1.0258305912887944,1.0200981408092955,1.0178240544242345,1.017685151301916,1.0197935101987152,1.017904336114062,1.0170254958766767,1.0167866232344243,1.016403534874048,1.016282798096601,1.0162706579116156,1.0167886025412554,1.0174453191734512,1.0185329546353379,1.020131488648943,1.0220082441378706,1.0245532277103506,1.0284730058716394,1.0330417277880777,1.0384496485379184,1.0466172292801403,1.0568016678232064,1.0683996220567156,1.0847252085638992,1.1009896044682081,1.132442226005947,1.1687096022188699,1.1966568490512244,1.257853230173997,1.314225572409813,1.3849209704421728
experiment_462,1.0312514813774423,1.0314232684059805,1.0412722475988911,1.0412696682703086,1.0437502362288265,1.0367793330978157,1.0367834330106762,1.0364421400509722,1.039113943396536,1.0393566702793064,1.0388575984060335,1.0394621659716614,1.042116120752344,1.0425768801425876,1.0433551139960207,1.046270534340892,1.0481639298227303,1.0504006527054601,1.0526085021005935,1.0548937739581645,1.0570696718196035,1.0599641806745068,1.0637004696875196,1.068086167000216,1.0720102511277625,1.0759826000910382,1.0822100939372576,1.0865403414377794,1.092154136922236,1.100759524067129,1.1095295158355354,1.115905597257065
experiment_463,1.0312514813774423,1.0348292033805393,1.0256047897558427,1.0250183286278705,1.0144676607333445,1.0326501766467608,1.0326505902860887,1.0324493733024322,1.0332484582032997,1.0343561454947527,1.034510289691296,1.0368073354219405,1.0383730741647124,1.0407606003735466,1.0430330266338008,1.04618477889487,1.050582795847382,1.054564465958825,1.0589101262248959,1.0662872577289224,1.0730526247161167,1.0801705682469052,1.088555996881366,1.0985907627435398,1.1095200738215727,1.1263586430094366,1.1407460476950062,1.1564963294691952,1.179641087861891,1.208593825473322,1.223984622870231,1.2668128546329995
experiment_464,1.0312514813774423,1.0315133112179546,1.031180755543155,1.0312059599731878,1.0423843024774235,1.0334940376414885,1.0334808136696738,1.0331375955691169,1.0348257989457292,1.034543628148541,1.0349616243236468,1.0348949639686673,1.0351141873898084,1.0352002251560168,1.0355898337773637,1.0365074048372176,1.0354104443818317,1.0387514673207314,1.0394096865959561,1.0413244734909604,1.0430956185890063,1.0452818108467175,1.0476713859072313,1.0501000273695482,1.054182295105317,1.0558969710756305,1.061222395091439,1.0682174358678858,1.0704129133325693,1.0762511984555558,1.0876088143862972,1.0969343591260474
experiment_465,1.0312514813774423,1.0418980957247383,1.0421464282715918,1.042923726946685,1.0458390715891714,1.0379514920572988,1.0393412923296954,1.038965813040409,1.0425212289701329,1.0429891887734903,1.0432473773513942,1.0448024063364505,1.045137092737857,1.0454633709851266,1.0457566171215593,1.047126748361846,1.0486340918195094,1.0496266468697788,1.0501991619912896,1.0517160616326953,1.0527436278009206,1.0547224586960804,1.0566930756747508,1.058149173238355,1.0580602871050027,1.0629934180023675,1.064673700357285,1.0674244308528094,1.0704879718726283,1.0735669998306179,1.0770139696398915,1.0799776931837473
experiment_466,1.0312514813774423,1.0259601511288552,1.0243315960114523,1.0231386600576997,1.0235890710107327,1.0275370894864402,1.0268306288515048,1.0270491526952554,1.028659375647364,1.0280380916885863,1.028673240770609,1.0292688778473364,1.0303429127637858,1.031537699104959,1.032965754356729,1.0346048549016327,1.0361556287545683,1.0403362843371247,1.0426814373861064,1.0479341891235268,1.0517740841592667,1.0577910222363966,1.064248807748419,1.0711841819310575,1.0834293018914765,1.0924083733156926,1.104189179677361,1.1172658926658665,1.1343450681712126,1.1513809189942235,1.176206803874141,1.1982244955918986
experiment_467,1.0312514813774423,1.0317747927164254,1.0415915746113062,1.0422160874050044,1.0447208550797713,1.0374165721856379,1.0380784034904358,1.0384605310249018,1.0384041942996365,1.0413257617218314,1.0428990436903447,1.0438970520712187,1.0452478893226778,1.0465982114490258,1.0493469697275435,1.051544034401433,1.052598398682175,1.0554379090161052,1.0548953141146118,1.0618336652743734,1.0659382517503602,1.0688362670501133,1.0755011431952322,1.082224731059279,1.086666224647839,1.095759574323218,1.1033337763268705,1.1114886444921215,1.121354014369961,1.1285601149322944,1.139958378758405,1.1576253143061488
experiment_468,1.0312514813774423,1.0431271535797064,1.0452249833782057,1.0479763837550689,1.0396134052410473,1.0473282979053695,1.0466017796670193,1.0500617970897264,1.0588886815642016,1.0596729503271254,1.0639984933839275,1.0665313879679303,1.070685855434689,1.0757913312587941,1.078686887168549,1.0878984575989012,1.0891836292975448,1.097096492485302,1.1024816518299008,1.1080389147094372,1.1218157347595206,1.1325805458199336,1.1289351744849276,1.1487612412006336,1.1607921672294752,1.1709201740634647,1.1810911999269675,1.1920997661460973,1.2194745533349405,1.225808759005234,1.246398610773667,1.2637876650135966
experiment_469,1.0312514813774423,1.0433516858805667,1.0449479884053556,1.0470790765451266,1.0379637989770072,1.044246755225961,1.0439108845353107,1.0445106065293372,1.045138118995466,1.0481783993792757,1.049793503828566,1.0492235255072353,1.0502632706616735,1.050313846099607,1.052405221553984,1.0532337283075075,1.053245344666396,1.0548591505359342,1.0566923761465798,1.0593601203456073,1.0611095846771745,1.062691334099479,1.0657785788837473,1.068410867496412,1.0694227415596171,1.071686180685936,1.074116027368821,1.0789294869015205,1.0829047764597441,1.0849087710947358,1.090527622112454,1.0981237621391313
experiment_470,1.0312514813774423,1.0302692691172013,1.028354096410613,1.0281051736503202,1.028485309950988,1.0296649443671884,1.0289806996049686,1.0288628785621567,1.0304312423181081,1.0304079372186508,1.0306659726568297,1.0310743664617834,1.0315128038835049,1.0319849019076084,1.0322726347090385,1.0339785586092436,1.0351210767946604,1.0371889979171236,1.0387498229740268,1.0410985245296838,1.0435530837728177,1.046947705870645,1.0489919464487707,1.0536514412317266,1.0590748021367324,1.064266072124393,1.070934297289218,1.078202878840621,1.0856693171531675,1.0964339158415064,1.1071377750593976,1.119923675947585
experiment_471,1.0312514813774423,1.0430014686490037,1.0449592892879125,1.0473509915093502,1.0392374129233395,1.0466323885156446,1.0497876546013942,1.0514895428346565,1.057472426016481,1.0597002114395853,1.0633863296597448,1.0671297224707672,1.0707326458053046,1.0732708085797036,1.0799156550902933,1.0884776781921033,1.0876347488799727,1.095142196213444,1.1058724052168174,1.1116323660627059,1.1157993562385102,1.122163100192323,1.134466212123661,1.1367835094494652,1.1434744482064045,1.1573201738540235,1.1670416841250493,1.1737965110768451,1.1878723178999961,1.1884814724849482,1.2015086804116342,1.2151347339801255
experiment_472,1.0312514813774423,1.031431616768964,1.0411589414912157,1.0311427121283239,1.0433777914431497,1.0361632443029125,1.0349591016873239,1.0352747110254235,1.0374075038178439,1.0384021870851472,1.0373633248984861,1.038352663923766,1.0382285124457151,1.0384372318786617,1.0380928068993795,1.0380801389484873,1.0386642161163642,1.0387895915966938,1.0388775260046104,1.0389840065817149,1.0397204606689159,1.0399764954883777,1.0405980880446302,1.040908004365361,1.0422296906477821,1.0425473887807957,1.0438435660641536,1.0446526320877376,1.0458924419875593,1.0473313477960926,1.0497088061880244,1.0509726308805811
experiment_473,1.0312514813774423,1.0465590396256486,1.0380988685369414,1.0304519647616774,1.0474792618115984,1.0583628260492008,1.0628772756076454,1.066554107985712,1.079720058495894,1.0857375302218248,1.0922874305485863,1.0998090970271142,1.108198325862925,1.1131937736291984,1.1203917184299295,1.1254464754695268,1.1361248610601236,1.1380335600997298,1.1480943620228055,1.1535527817119626,1.1614495892633903,1.1672914760324475,1.17179127987901,1.1856943071042039,1.188375611094131,1.197782743814133,1.202397122312388,1.2103883263174944,1.2131206734015536,1.2267652020692834,1.2337655958344325,1.237676243108357
experiment_474,1.0312514813774423,1.0294442431157749,1.0291740692134097,1.028750952748543,1.0296406288228614,1.031243960132857,1.031819264359537,1.0331307245355492,1.0357140602780157,1.0363940513812555,1.0381249070006915,1.0406249867366713,1.0420756276875232,1.0461185211311246,1.050900864510698,1.0566661635514156,1.0636033732185897,1.0711912304527973,1.0815831044797404,1.091739060024043,1.1072896645797268,1.125343617185943,1.1431919406243378,1.1650094344217186,1.1888411882769345,1.2265984085149344,1.2649527706368333,1.3065175516916208,1.3674141529824237,1.4232570624988667,1.4988414678529132,1.581539849568116
experiment_475,1.0312514813774423,1.0307032066715234,1.0251326694481786,1.033866134958887,1.0204220859548456,1.033185546585012,1.032571748581908,1.032078978482282,1.0315818177708633,1.0310026574437523,1.0311887068436818,1.030488009693944,1.0307247979645275,1.0301803638169953,1.0309613967831512,1.0316014465401049,1.0302789519557376,1.0314336521223235,1.0335502598519137,1.0342483083993312,1.0358169508578396,1.0365209565193407,1.0375255022051346,1.0393865093103833,1.0421246391687118,1.0442133764593953,1.0467115627502,1.0490766846620077,1.0513185373418918,1.0539964692981547,1.059572411730531,1.0639844333893897
experiment_476,1.0312514813774423,1.0446873519345157,1.0481424872975627,1.051899122727763,1.0313500105279834,1.0520056209253383,1.0539343617734227,1.0559771647579201,1.0592559273543587,1.0609980486596977,1.0620411338390319,1.065557196853717,1.0613962641965293,1.069333896393735,1.0708791477490716,1.0724470227201328,1.0716553589286513,1.0701439489748292,1.0718721967675298,1.073576085421057,1.0748771825098158,1.0728502756738783,1.0737901941024421,1.0724721930037875,1.0727589545580771,1.0725632080733338,1.071977216731297,1.0676370935239468,1.0696410463187633,1.0665461108139493,1.0672540314174186,1.0657573601243926
experiment_477,1.0312514813774423,1.0434016971646203,1.045658241784646,1.0489095879285817,1.032067297713841,1.0477759558818696,1.0513361907368208,1.053836440710214,1.0633745069280376,1.0647581117698919,1.0718190090423743,1.0783729058432308,1.0847042102348752,1.0889288387790577,1.1003376076252385,1.1083621285641398,1.1147059234968362,1.1277242262011486,1.137960486691592,1.1544040414883487,1.1694885612843278,1.1885427757261107,1.2102553789803747,1.2311966434438775,1.235971500587945,1.2725286462691798,1.3031271224094008,1.3377359114968825,1.3742175470727647,1.3970667747697318,1.4601286365461228,1.4985990670552831
experiment_478,1.0312514813774423,1.0443212417084182,1.0472883232903698,1.037485528452576,1.0304240912985065,1.0505360483633088,1.0536814859890786,1.0577993987163723,1.0676227604074258,1.0727243534373423,1.0781954075022742,1.085804141294565,1.0940466079618851,1.1027705877869218,1.1147416521283187,1.1234055132039569,1.1334014166880175,1.1484161617696726,1.1640765433892941,1.178816823326677,1.19977331026451,1.2226202340507564,1.2465827394199844,1.2759364628476249,1.3048864657381332,1.3468977478401842,1.3847121463726613,1.427261258579976,1.4941214425270763,1.547943950650783,1.6000032335356904,1.6997279656482505
experiment_479,1.0312514813774423,1.0423424928247118,1.0437353864083425,1.045652439689469,1.0506725183218417,1.0431523280912478,1.0450166512876775,1.047711520779959,1.0556447103037827,1.0566046024669722,1.0634917219423783,1.0668858027073673,1.073597352507336,1.0804411095956086,1.0870440691523846,1.094336094404223,1.0990900817150917,1.1082868057063702,1.1186995542424785,1.13061534654987,1.13884877405976,1.151197154494884,1.1723733582409916,1.1896327321232785,1.2010240202429696,1.227392104427084,1.2463850271589418,1.2753268844883865,1.301786513622416,1.3379644125089192,1.3514104456916627,1.4166424627405618
experiment_480,1.0312514813774423,1.0315531454493456,1.0316177829481916,1.04204301712699,1.0439226255618002,1.0367036152485776,1.0365460792979808,1.0383095586213476,1.0414834031853328,1.0430005383262555,1.0431317462981977,1.0472502366714107,1.0506978465646764,1.0537211387351815,1.0571718911682988,1.0612668933239766,1.0665045448203299,1.0730341649816837,1.0808540283659906,1.0887435872355669,1.0998646173239996,1.1073032540489072,1.1240983673652734,1.136056950922566,1.158020914361254,1.1716228456381972,1.1946094152443325,1.2158947849560429,1.249251927514928,1.2947787638794126,1.3101325231454257,1.3636023956198442
experiment_481,1.0312514813774423,1.0448498031962148,1.0483407897315413,1.038436488810375,1.030897021813708,1.0499619412653782,1.054801011708617,1.0584117964997442,1.06715667298073,1.0708406849042882,1.0775394223700634,1.0822159288452267,1.0866339564902878,1.090702506886323,1.0955210373576125,1.1052285077838195,1.1114558278119886,1.1182063196827898,1.1235255494402738,1.1348223903973296,1.1428356843248892,1.1492316869700576,1.1513606243282566,1.1686972643874596,1.1767568522064695,1.1849429252731551,1.2007517907457708,1.2132364269510423,1.224277157325264,1.2423850896067057,1.2442804971920567,1.2634633962604511
experiment_482,1.0312514813774423,1.0308808465392751,1.0391228672442945,1.029740989091972,1.0405070396182365,1.0346689407764629,1.0353928040613727,1.0346888939777619,1.038042342112275,1.0373872798184842,1.0403221048721358,1.0405634143826459,1.0446806525101033,1.0472985827177161,1.0497568507580857,1.0522134293413612,1.0570202870734375,1.0616519638884487,1.0683884293184307,1.0714354556322452,1.08104006112241,1.0900415664985899,1.099185082984808,1.1099413694764664,1.1236503451516442,1.1352211836287192,1.1522023770640804,1.172847805823693,1.1905123084346398,1.2237713329369495,1.2532988245712717,1.2854441888725479
experiment_483,1.0312514813774423,1.043385761466016,1.0452070394465693,1.0476254402396652,1.0379110397205298,1.043992401514325,1.0442423770858176,1.0473002067357957,1.0531709628648656,1.054488335493958,1.057515898542746,1.061695181019833,1.0660746832946524,1.0707968455074042,1.0760754298325523,1.0806772011552135,1.08843058351659,1.0941325203279089,1.1019747559792785,1.110546322164422,1.1241186549296742,1.1353238183630818,1.1452153060300536,1.1530561903685443,1.1710520025876774,1.1915867822614576,1.2213133636050062,1.2450013423866402,1.262401466295813,1.289663133993922,1.3068929236316191,1.3408824568648359
experiment_484,1.0312514813774423,1.046033794599514,1.0371753402407664,1.0296786989858746,1.04656161846537,1.0570928794788494,1.0616859599600597,1.0682608605116481,1.0835579726181075,1.0926187398017626,1.1018099969217057,1.110283889463975,1.123741109010278,1.132416775697326,1.1436246291186758,1.1555293144675716,1.1777094890393283,1.1862481533183937,1.2058982983538915,1.2262277778013513,1.2508175441884235,1.272124319529344,1.305389128140551,1.3302664308626275,1.3601987486424707,1.3925344533651662,1.4209680143968788,1.4706966539971023,1.5216001548674565,1.5734403642031576,1.627822613877231,1.7088305428608044
experiment_485,1.0312514813774423,1.0311197215850765,1.0307688398671306,1.0292985836926474,1.0309597398897505,1.0324046108765887,1.031698093138389,1.0318601419202735,1.0323477870041489,1.0319159932950424,1.0308500165044743,1.0301645020204553,1.0293832888789627,1.0284988919486475,1.0273956873640608,1.0268860975078677,1.0260486480798165,1.0254295527615929,1.0250160925059064,1.0241698000885282,1.023815909298628,1.0229301327623108,1.0222536745996478,1.0217132342127666,1.021278001129261,1.020954978140115,1.020732510313722,1.0203662973285605,1.0203473155754252,1.0198364168320702,1.0197466694674053,1.0199828404204931
experiment_486,1.0312514813774423,1.0261677895884287,1.02476957127478,1.0239054953950504,1.0246327888397657,1.029459803524108,1.0289889524019833,1.0288780446712626,1.030448646611639,1.031287988696346,1.0318198923991884,1.0333682250638687,1.0347186357918965,1.03783698004466,1.0419445561644698,1.0452427719926238,1.0506404278052528,1.057589941008839,1.0654076020168635,1.0734154815938786,1.0851988580406116,1.0993608644542785,1.115501232917592,1.1351906027983016,1.151102569170755,1.1820012490517686,1.2174745146522432,1.2537253307713625,1.2990300620379687,1.3466596965632998,1.4157309573064085,1.4813671999360851
experiment_487,1.0312514813774423,1.0316553820093435,1.041976941549566,1.0432915176357327,1.0472681627409333,1.0415529020302055,1.0439683692324628,1.046581874835779,1.0549643274787146,1.0580197142803607,1.0631371187566678,1.0712517020140102,1.0760298279256038,1.086894363974432,1.0945256113409636,1.108469174479654,1.123351258441251,1.1344236282403595,1.1584985760148683,1.1762626555093525,1.1994912174246826,1.2283310549475042,1.266118737505119,1.285678176104582,1.3406504968033053,1.3942790804727685,1.4449737222863837,1.5197534969413473,1.5977467886176222,1.6771208660492687,1.7796800613826222,1.8869004991571257
experiment_488,1.0312514813774423,1.042908258698672,1.0440327081043341,1.045652092749095,1.0491370555370951,1.0411448965553474,1.0413765472007703,1.0422911829365806,1.0471068497835903,1.048378880790813,1.0495656853157633,1.050265877347401,1.0505398117221496,1.0551190389313987,1.0576990250856004,1.0581533891947488,1.0639050677930864,1.067311635616149,1.0719701482975639,1.0775086573402595,1.084469271183249,1.0915094263549099,1.0994814000761948,1.1086203166457549,1.1172803148156825,1.1300751674283225,1.1459121193810595,1.1548613136989554,1.1732408464937474,1.1880068520331875,1.207706456988094,1.235947067857744
experiment_489,1.0312514813774423,1.029250510210537,1.0275162017525805,1.0254348436271625,1.0256435460611717,1.0279223287252253,1.0270166729133,1.0265767208096788,1.0286824727137511,1.0288472011074254,1.0290986630801513,1.0296533911969004,1.0301399592740847,1.0319597171109245,1.0333446047009345,1.0357423093804115,1.0387279919548773,1.0418440053501514,1.0474118153199685,1.0523650556043633,1.0595678311771528,1.0667743461116264,1.0801777596814188,1.0911718062193456,1.102049580761146,1.1239048292326173,1.143130053041986,1.169401974139624,1.1898185997885042,1.2156546457191844,1.2642299644692383,1.3238941152482007
experiment_490,1.0312514813774423,1.0304479546230008,1.029477850554747,1.0277990425228412,1.0280159424706776,1.0300931460733558,1.029285501237417,1.028854143309323,1.0312959079640693,1.0312804037794085,1.0309077884785354,1.0309106170531621,1.0312525802855526,1.0314550163330014,1.0318334287135444,1.0325473842175077,1.0335877376269258,1.0343794299455047,1.0358926220156381,1.037252053352764,1.0391744585357563,1.041058674631908,1.0438997727626944,1.046421891783956,1.0503745370139672,1.0545436881946149,1.0598223996485108,1.0655229491159035,1.070486433871507,1.077725559599411,1.0866915201607172,1.0999830648233921
experiment_491,1.0312514813774423,1.0316346686840059,1.0268317793489465,1.0212051396515507,1.0234108085165359,1.0393989860913808,1.040787494813789,1.0423836886036675,1.0457852517315067,1.0473418905150003,1.049303234366865,1.052103874654381,1.0527847935586103,1.0558771348656286,1.0590992729082798,1.063000786714843,1.0675324150297294,1.0745898253795416,1.075925258139799,1.0817679644587956,1.0871835085537158,1.0916439281922172,1.0970492280550006,1.1079535794765631,1.1154395053453467,1.1217203078701599,1.1314724007422445,1.1381735126132992,1.1498331687853967,1.1626920106481138,1.168461586413049,1.175866250298989
experiment_492,1.0312514813774423,1.0316461724229233,1.0315699238906355,1.0417646392326554,1.044406526673715,1.0378309250576352,1.0365369230127175,1.0378555219959,1.0416001267221071,1.039690873832031,1.0423809481541915,1.0429539213536725,1.0434669394659757,1.0448913761110006,1.0459888900890475,1.0465519212500776,1.0486137719532727,1.0508748344238985,1.0526041453933574,1.0554418101411014,1.0577092029175872,1.0615337581932975,1.0652187539702127,1.0701047947399542,1.0749765905476358,1.0781228525583408,1.0876058685431689,1.0932682928779613,1.1029696109319749,1.1082088678928461,1.1212919130104857,1.1289207513312125
experiment_493,1.0312514813774423,1.0446593442423986,1.0480682196714854,1.0518308127309588,1.0306104670171112,1.0503032905265786,1.0531516009663917,1.0552839875968547,1.0628920019345098,1.0636640347642548,1.0663185118622671,1.0698781212943005,1.0705102694843749,1.0710877352391397,1.0738756828115077,1.0723850436372115,1.0717406608714912,1.0740846429664186,1.0729724768891433,1.0736777895981622,1.0719812321179654,1.071591319488374,1.0684964975392637,1.066913307035273,1.0645915234355166,1.062248909563708,1.0592026959809855,1.0545525802530826,1.050795758536855,1.0476191049640016,1.0446182808699784,1.0404675097242826
experiment_494,1.0312514813774423,1.0309654954747705,1.0304999412890163,1.0304010552908753,1.0314840085718984,1.032780587443911,1.0337491906058442,1.033381324987422,1.0360610983615866,1.0371602776457556,1.0383715403867444,1.0399338330776016,1.0417337075631825,1.0438316324494907,1.0447924607995478,1.0482627656027366,1.0516739430654647,1.0556291643732425,1.0590201709417617,1.064217954356882,1.0700750323496502,1.0747112463868944,1.0826054104112668,1.0900145125525695,1.099433792472021,1.1097998152499635,1.1190503968973782,1.132515025296852,1.1442578096490341,1.1674407394962278,1.1867264556078578,1.2017015723083957
experiment_495,1.0312514813774423,1.0419684109798397,1.042396935284514,1.0435075230843156,1.0463300824268424,1.037901522536593,1.0392998888862301,1.0403227144924956,1.0443438120743602,1.04516118220023,1.0487305954683461,1.0509684810039543,1.0533647371944945,1.0563136957041372,1.0586608989556907,1.0620671212544401,1.0674146575747827,1.0730123313644604,1.0781120982497412,1.0837284448844258,1.0882864327265354,1.0963296356703747,1.1058342848120883,1.114645683732198,1.1245903781231514,1.134885271490978,1.1430696970243166,1.1631069087200012,1.1787435760471576,1.193257909129712,1.2140041910747266,1.227568387625014
experiment_496,1.0312514813774423,1.0442020094546467,1.0474663275586744,1.0515552417840133,1.0312282099427112,1.0527747290574032,1.0558829302189063,1.0598228759743527,1.0694456166089972,1.073469783319312,1.0829009361277593,1.090186119880654,1.0892805708930178,1.1015282858738917,1.1039165860335403,1.1117845830195747,1.1254420238603529,1.1262974919984226,1.1357655286630768,1.1432717193549886,1.1505024851604877,1.1659898165706353,1.1778493803681882,1.1926070691649693,1.1963708318226778,1.2003140952024236,1.2181638239730195,1.2215333969670774,1.2410515059907703,1.2427750961659882,1.2677877338432988,1.2811992078006222
experiment_497,1.0312514813774423,1.0262553733673176,1.0247588255231186,1.0237467769763182,1.024662510822639,1.0293656667658795,1.0283601355889849,1.0283155611127661,1.0288846131117775,1.028889884855064,1.0292938508094522,1.029903914857516,1.031299357527324,1.0320587438916582,1.0340255525026454,1.0357919863731675,1.0390813549859292,1.0424331466572883,1.0464590983877058,1.051245886025341,1.0558077301088873,1.0618970704963817,1.0719842803248247,1.078638849757239,1.0919259167320021,1.1058075961559246,1.1152508823685592,1.1389301723868523,1.153166956943164,1.1847290653298927,1.2117245969939137,1.2392901236274545
experiment_498,1.0312514813774423,1.030780763325937,1.0264909675490006,1.026211473983675,1.0199272839471436,1.03384913589851,1.0335037205118587,1.031946879363823,1.036323324817049,1.03737083506903,1.037877440367559,1.0392623478384493,1.0410831847588278,1.042894836459201,1.0443647378161363,1.047044068602493,1.0494750596704316,1.0542044812914073,1.0582810906388038,1.0624222635399867,1.0677279277002667,1.0749850223887016,1.0817554707829236,1.0894689231166537,1.0999064910150738,1.1060026993737717,1.1162181591704436,1.1279551184252252,1.141244184782627,1.1624204764553974,1.1699427996561367,1.1906966960585579
experiment_499,1.0312514813774423,1.02726599284176,1.0208239750413755,1.0186865122334812,1.0186770883978036,1.021135949701939,1.019820585412335,1.018977200561101,1.0190486683124533,1.0187256161350644,1.0181980305945846,1.0186923190668733,1.0184187171476546,1.0189937145639958,1.0195294404248612,1.0205944560552769,1.0221821822417942,1.0237434911098957,1.0255495180249934,1.0282836890090223,1.031440194236723,1.035067211370632,1.0397102062640613,1.0455132707512733,1.051131553574848,1.0601556613092413,1.0696780248400855,1.0816287967436744,1.096931729712034,1.1118054387861218,1.135338784527663,1.1660959877546364
experiment_500,1.0312514813774423,1.042473733318424,1.0433388256204124,1.0445966722952837,1.048460712183569,1.0488633537172012,1.0490952074850515,1.0492211575987749,1.109791810519756,1.1096689028025688,1.1090152776336928,1.1084535608057897,1.1072172172231554,1.1057147078184815,1.1041133879159752,1.071983194334308,1.0705681078666012,1.069276711713986,1.080708307527414,1.0785318884785786,1.0762398478505864,1.0738227512428529,1.0624159645995945,1.0247292014739349,1.0259696245830459,1.024877202579299,1.023762206694481,1.0226408211684432,1.010928258937447,1.0109767510255216,1.0103516321319903,1.012803617499197
experiment_501,1.0312514813774423,1.0305861096406517,1.0297632686977658,1.0292346873326554,1.029948960271695,1.0292270517756776,1.0276923872991106,1.0273551808978103,1.0183348086176627,1.0142343232261115,1.0143376650473526,1.0142261064994342,1.014533416885716,1.0149479102775234,1.0151676255346356,1.0158260413323443,1.0323405325423625,1.0341836086428322,1.036387614234506,1.0394919892304486,1.0488386655865027,1.1231237093999313,1.134111195551791,1.180824167790943,1.198821020228129,1.181636445399968,1.2004915187482637,1.2192866731734815,1.2468955690713968,1.281412881433753,1.368290041983729,1.4272346585107742
experiment_502,1.0312514813774423,1.0303691778367783,1.029276792573634,1.0285207029528634,1.0287825498111016,1.027085197674113,1.0265613366063222,1.0262693084627794,1.0179457244849204,1.0140385697145198,1.0139745414801344,1.0143614124911406,1.0149225446977324,1.0153478916076715,1.0316656777925903,1.0339576968933983,1.0368073768265225,1.0469001879213433,1.0507889469973426,1.1621480593846765,1.1885670187219999,1.215356715329015,1.2017393227160995,1.2303269211089136,1.2735139050658577,1.3679707161615362,1.4047547560574016,1.4788093525401542,1.3001076193875587,1.3574578485022468,1.4200446076722038,1.5072674591430837
experiment_503,1.0312514813774423,1.0312285085138617,1.0261409040926477,1.026197578035042,1.0220133238458369,1.022100116227912,1.0221808125041212,1.0223471778828332,1.100438045620936,1.1021559526916547,1.1034140836002353,1.1059093377091815,1.1087834634640634,1.112595432468767,1.116703734386681,1.121734478703084,1.1270285739415433,1.1334215598193582,1.1402589443525168,1.1480325636788784,1.156253950986853,1.1666183106733088,1.1588730382448102,1.1689552424244298,1.1797621471219601,1.096637438328881,1.1389424526103888,1.1478725201904931,1.157080988086238,1.1415219980992362,1.117738628578754,1.1243116291808157
experiment_504,1.0312514813774423,1.0417755610887012,1.0422210225739152,1.0432799602042417,1.046864036862914,1.0479867400126321,1.049454135840884,1.0374629273194016,1.0877603396356539,1.094682363489154,1.118637259609967,1.1237473003181853,1.1327467445901451,1.1408164052501515,1.1443148394038014,1.1543872854000177,1.1653256972033177,1.1783180018516377,1.189375535816562,1.2044570748948469,1.2046297217609063,1.2229395531936396,1.3126087963796746,1.1866894810740836,1.1983397582961985,1.196051358030009,1.2066865970483918,1.2300242727864508,1.2541962171499907,1.2305549875000203,1.2561192066836224,1.283678067028679
experiment_505,1.0312514813774423,1.0349795839917293,1.0258294072334193,1.0252804747113786,1.0190857303683734,1.0187393391276036,1.0185390108468169,1.0185151424568313,1.0223245571367552,1.0226872756013117,1.0232842204481924,1.0244816896437556,1.0298935682462196,1.1039662298639388,1.1041999538348106,1.114189432127624,1.1238376492904492,1.1357745000305068,1.150823460544317,1.168143189741557,1.1858294037072612,1.097450817271972,1.1495806278136524,1.1736769503629143,1.2061859655102711,1.2422532339078634,1.2755574048607612,1.3214196159964666,1.3206037556379753,1.3806622267965547,1.4474603228708576,1.421573871191464
experiment_506,1.0312514813774423,1.0432586031230855,1.0451292363350408,1.0479304082605445,1.0390535742747864,1.0321980758536604,1.0312284378727636,1.04530684631863,1.1565840241243008,1.1679810005582865,1.1546317570499294,1.1677563345951323,1.178079355386163,1.1903678175629842,1.2090580191654754,1.2115130151107076,1.2331033304889285,1.3276587094477723,1.3722849307013976,1.4133283806287424,1.2146977378649353,1.2376795665283176,1.264474888455607,1.2932348543326793,1.3212404664689856,1.3481624681494226,1.3831215035631577,1.4247667439514289,1.4748431123671835,1.5089539873769848,1.5668158903086062,1.6258233868608896
experiment_507,1.0312514813774423,1.0304504122661007,1.0259512729388698,1.025582397075721,1.0193240723457604,1.0193047830872355,1.0194480559537937,1.0204531264373071,1.029432057522423,1.0305323340577068,1.032539186024497,1.0317197744792743,1.0864871721602003,1.1140418180317015,1.1235001025502716,1.1372863239343036,1.145107254768948,1.1607456263213591,1.1796196432074062,1.197992187377898,1.2052513732731842,1.3009311225595441,1.1885379059253154,1.1929709824746042,1.2190319173810495,1.253955364862039,1.3068779577586263,1.2361452675527644,1.2658129947592482,1.31343421759701,1.3778474807561667,1.4286447573791772
experiment_508,1.0312514813774423,1.0294102891618355,1.0262217502939979,1.0246750212420832,1.0243192847183884,1.022823405681653,1.0215191069364395,1.0201790707019909,1.0184276671656551,1.017887038290944,1.0175440598256915,1.0173883079129158,1.0174542207709283,1.0177307394444164,1.0182403507501392,1.0197406070176733,1.0147392820834866,1.0157968371451638,1.0130238154473856,1.0140151377192903,1.0303969642836006,1.0340777165849797,1.0450371853072082,1.120995134139396,1.1725525884535362,1.1999575951685466,1.1950605737161566,1.2241038297206914,1.2698502854777127,1.4119276834743033,1.4005928208197536,1.4834362601703808
experiment_509,1.0312514813774423,1.0314369170462427,1.0360269326330669,1.026633734354139,1.0223533748300544,1.0228183821565875,1.022913880682328,1.0234583465398652,1.032494230108599,1.087107785421596,1.1136318225842652,1.1200500323071367,1.1308107998230965,1.1363582733152897,1.1490334133837046,1.1640914461388552,1.1793539682546577,1.1835936941847005,1.2070225538413002,1.1567959551005464,1.1845084102021597,1.2151473024590698,1.2165417083309973,1.285300211226259,1.3230518699390408,1.3694478452689383,1.3775947548276837,1.4404728879386643,1.524701935633455,1.4795152602469983,1.5601360657325785,1.5365281792107295
experiment_510,1.0312514813774423,1.041927597559749,1.0420838199435607,1.0429027176183623,1.0457855892339547,1.0461487953596218,1.0465038231096262,1.0469973296196016,1.0341726668670346,1.0365713755572135,1.04295475511348,1.04192732226655,1.0432077375178819,1.044227782807931,1.1108840211847113,1.1208769840450667,1.1514919391017508,1.1601214781285185,1.1702531720001723,1.1571536054418454,1.1641616900465994,1.1777998510542005,1.1943397979672068,1.2097120650734778,1.2313925329409816,1.2342101684724653,1.3306581759922531,1.3795174107334898,1.1972632719594891,1.2205353004726456,1.2429750455243802,1.2707685290275308
experiment_511,1.0312514813774423,1.0316309194183286,1.031577550938643,1.0414758888892357,1.0442303446849714,1.0439084792741498,1.0435699259077909,1.0432163140779402,1.0812864558073736,1.0770076989758715,1.0765125387570056,1.0762144907784772,1.0758584118916719,1.0755290411037666,1.0752745063984248,1.0751136250920539,1.0750661502558567,1.075150711527017,1.0753753588791382,1.075773022503098,1.0763775229376533,1.0972680963885504,1.0985886056507959,1.1001172191369555,1.1021838966999296,1.1045420307367875,1.1070656502969412,1.1046523904813614,1.1113915175764044,1.1165248228707148,1.122430861645058,1.1298780511683657
experiment_512,1.0312514813774423,1.0312083093287925,1.0310839281551836,1.031524419519985,1.0436139510637232,1.044563604261227,1.0458577861498264,1.0476494165743848,1.0356099373589103,1.0376608547924973,1.0407481278344812,1.0502954555112032,1.0533615243693546,1.1380268491234693,1.1868018851698339,1.2068795195737567,1.231220743527007,1.211743773078384,1.2416289014701056,1.2712158853609647,1.3881564290059627,1.457491465938573,1.4777268332962685,1.5021774655123012,1.3819093550872137,1.3454379855029608,1.3816040035492938,1.3879669209210914,1.3385011314288633,1.3915057035123237,1.4494672319026063,1.4380513715345968
experiment_513,1.0312514813774423,1.029274018527384,1.0256276931449102,1.0250624538949111,1.0188756280405085,1.0185019250582785,1.0182851536961495,1.0182298721306045,1.0280959838563417,1.030130112790485,1.0310762683482244,1.0327280745310148,1.0397103558100624,1.0417433956326019,1.1050932400089972,1.1425747475293537,1.15627468567582,1.167113383838711,1.164282402970063,1.186938103120877,1.2106927784082193,1.2199534168999102,1.3332392449378798,1.174071272909112,1.20656634350697,1.1846704472668863,1.238923859142579,1.2458501890730518,1.2923200068329401,1.3447508705030626,1.4157978489745189,1.3893617204409499
experiment_514,1.0312514813774423,1.0294330540784649,1.0265996027825197,1.0254912622646228,1.0256088495401212,1.0249233619788356,1.024576046290273,1.0245753459315468,1.016929516216895,1.0174293883781893,1.0181909889161394,1.0146329937966414,1.0153990014559389,1.0325658869547651,1.0359036337038339,1.0466895140563752,1.0516056359641706,1.173611908349229,1.2009025712586519,1.192837909147944,1.2286791054506039,1.2717364646102431,1.3742734869777085,1.4168923704345944,1.5149690132971034,1.332121726450841,1.405802500346261,1.4353702040174938,1.4471159817680768,1.283683129938501,1.3894543219328865,1.3530949557167369
experiment_515,1.0312514813774423,1.024450955185909,1.0202590143441155,1.0174497680272614,1.0184426191400764,1.0164666158801186,1.0148251746514736,1.013498664387235,1.01276017453732,1.0118367866122846,1.011161703705392,1.0106182334136549,1.0102096415229194,1.0099475866896912,1.0098161484458352,1.0098373763750355,1.010006230911564,1.0103345708798936,1.01084209922313,1.0115266858093752,1.0124062164318803,1.0136132727353944,1.015172958811015,1.017138230841666,1.0137517318103804,1.0121476239459681,1.0277152525357842,1.0333961271586924,1.1175931761516302,1.1393416105227734,1.170447784938643,1.1890234439412184
experiment_516,1.0312514813774423,1.0311119468596843,1.0258887621584467,1.025769044770786,1.0218527008982488,1.021786849647065,1.0218587545692603,1.0219375823433117,1.1042371475679968,1.1056456350363322,1.105252419489098,1.1090085776202845,1.1135357946153557,1.1191591436717425,1.1259167071779392,1.1340158534907039,1.1430887931671256,1.1536479798302246,1.1632465530261038,1.162789178217008,1.1781113305370337,1.0989227534853139,1.1485966277597868,1.1661991727382828,1.1939395977232359,1.2162090115570252,1.2444452886703536,1.2639762331316386,1.2869699618890327,1.2413108975168041,1.268220334910318,1.2748276478263725
experiment_517,1.0312514813774423,1.0423313485164554,1.043260208335595,1.0447124904782457,1.0475143677364687,1.048730341979655,1.0501653509787598,1.0379112674722495,1.0381860611105875,1.0396848700277137,1.0419701471262122,1.05042141631228,1.0524152602943588,1.0547503880139,1.0579977814354655,1.1460068554718275,1.1561720525118595,1.2059215536622652,1.2215094458140499,1.239342954816131,1.2620235670241378,1.2895326434154688,1.3188005829781533,1.3512509109466615,1.382635902567279,1.4227892892848895,1.4815422574580883,1.4881808431652843,1.5414283199810446,1.5637276712806525,1.637827311942607,1.7188478981765813
experiment_518,1.0312514813774423,1.0304084253343642,1.0256819443436158,1.0249097954605026,1.0258167570107823,1.0249825736453853,1.0242669109733054,1.0237263407462818,1.0251534290356286,1.0248931268492023,1.0125998804978582,1.0248677452257162,1.0250711714409901,1.0254812833938094,1.0260661053683442,1.0268652300281367,1.0279034396374516,1.02308259525514,1.0243731470820332,1.0306879190293357,1.1069310154944971,1.1140441741552016,1.1208094272753835,1.132262618642801,1.1456545204180724,1.1610340033390243,1.1790106136449658,1.1809210627573519,1.2034725202319172,1.1556848709316727,1.178348644199857,1.1853531807875568
experiment_519,1.0312514813774423,1.0428777725100484,1.0445330162879403,1.0465033235478645,1.0373005837413531,1.0386089947937558,1.0312450366588368,1.0297691832006204,1.1280157872893146,1.1328382770373264,1.1327442126168663,1.1381851253307027,1.1441574255434404,1.150293919234567,1.1569067193807638,1.1641535575265374,1.1726898752717507,1.1783591655249548,1.1879482271845012,1.1825829140764608,1.1937836230035603,1.2055409368916752,1.2784631672726532,1.2982176189916435,1.1721796937238815,1.1845575693068506,1.199360098584531,1.1901417293650574,1.195423787840544,1.2113485778781814,1.2186518435793263,1.264182015486016
experiment_520,1.0312514813774423,1.0281041917270295,1.026208448242748,1.0249474495313255,1.0245829305995897,1.0238384855970157,1.0234027440842839,1.0232738373828518,1.0223900187835993,1.022832217361453,1.023574251759708,1.0246360400993668,1.0181916997305107,1.0150987901020783,1.0159554416427459,1.0333575680250697,1.0365400563903628,1.0406245441328914,1.052352089617284,1.0585367042975717,1.1581298462014324,1.2230901237877136,1.259566959589754,1.3032991289822071,1.3611060982708898,1.5200518535831207,1.565511927103672,1.6691597747459024,1.5729823575491306,1.5992142197808747,1.3234492434495435,1.4170647011010262
experiment_521,1.0312514813774423,1.043573862659519,1.0457234476851611,1.0483782469881842,1.0310578924337226,1.0272970607773932,1.0302991708849618,1.0312135988477795,1.1297964469893933,1.134153614932783,1.1388222657422435,1.1439000460933344,1.1490533897196982,1.1545656869394563,1.1603703606777271,1.1665631385961104,1.1739768801111152,1.178787172764036,1.1867382447430908,1.195291371049217,1.1871221970064652,1.195500839737792,1.2045528773429666,1.2140065946759162,1.289329904852566,1.1573691938354829,1.1705348756832281,1.1799353078665107,1.1866789897522696,1.195072230830623,1.2058965183670762,1.1887651810494055
experiment_522,1.0312514813774423,1.0242292326519191,1.0199371049974755,1.0182937296104337,1.018479006407605,1.0167877486230255,1.0154953910416176,1.0145772001021052,1.0143399861521634,1.013974768832725,1.0138765951537827,1.0140392766911894,1.0144935272484081,1.0152539695967702,1.0163640681055115,1.0178755068485947,1.0206998610283684,1.0129954740067515,1.013524605768467,1.031489656789581,1.1063291467058598,1.1360327015505307,1.1614160986809081,1.1984126579680794,1.2290934105759317,1.2032846126763617,1.2277370943528811,1.2747347073357698,1.344039865466389,1.4506824162725338,1.4655215266419173,1.5693753269261652
experiment_523,1.0312514813774423,1.0319028788380495,1.0419738340555977,1.0426389649316457,1.0448976007695563,1.0451771660561346,1.045390690921165,1.0456501154247986,1.032029219327176,1.032156294997331,1.0323207629655893,1.0324673490102525,1.0326272826709801,1.0328273300715916,1.032996771447746,1.0332058141842158,1.0334002534811138,1.0336157434518476,1.0338720611703076,1.0341669970515814,1.034493296290619,1.0348692120914607,1.0353112425824829,1.0358132496712085,1.0363863065534207,1.0370468846457945,1.0378081683755136,1.039188886876069,1.0401590532736917,1.047362738380979,1.0487914308455153,1.0497922904105321
experiment_524,1.0312514813774423,1.0290435945480627,1.0259256901142075,1.0243753403206792,1.0239936044067297,1.0228301982305876,1.0220047351572403,1.0214817446046858,1.0189270450702597,1.0190396050936361,1.0194589248869952,1.0209658053851225,1.0221286473929938,1.0168785785677361,1.0139425823045047,1.015163297976091,1.0333002696327227,1.0385737834733635,1.0508144884263093,1.1713632086277912,1.2037597656391974,1.2017764308689136,1.2426466719184004,1.377405815795458,1.449895306667081,1.264632930385469,1.33002741690956,1.4136940740619908,1.5305184235913663,1.671051663107439,1.584246500465292,1.5749520096287304
experiment_525,1.0312514813774423,1.0269839477454241,1.0241048208341166,1.0215950465099521,1.0213650625079211,1.0198726629342103,1.0187482625972708,1.0179505976500438,1.0152438650764475,1.0150341231387892,1.0150492009547938,1.0152912383561683,1.015777308547689,1.0164645001461583,1.0174651488972748,1.0188883704226321,1.020640625815152,1.0168925565442202,1.0144177589929477,1.016134144680571,1.0363308620734577,1.0487536740943113,1.1345658057357966,1.1897952015317808,1.1962169775855425,1.2322881066014382,1.3657536628932476,1.4712705711883907,1.2557230842648446,1.3233341849810603,1.3835760581611143,1.4897593807526788
experiment_526,1.0312514813774423,1.0306958808878057,1.0347470685839473,1.025906337940215,1.0260360934077635,1.0190228297407868,1.0187206579473267,1.0259250148741856,1.0270201221013835,1.026940905792287,1.0270463938116348,1.0272847778555887,1.0276464098059226,1.0281523372693444,1.0288179684290464,1.0296882794961597,1.030726519729485,1.0324319024321356,1.0391732101358333,1.0412333112794854,1.1054026526689957,1.1382661834325478,1.1480886065519542,1.135494921535472,1.1491603758147464,1.1569557106010884,1.1720347958034367,1.187320175052272,1.2079899654478192,1.213282993458192,1.3037816216273057,1.1847868984297187
experiment_527,1.0312514813774423,1.0343267413685897,1.0249110061170572,1.0239342913051797,1.0179466715681909,1.0195669770842288,1.0193605312208405,1.0239191198355946,1.0192004028148474,1.0191281741408775,1.0192512269348297,1.0195016715440997,1.0200469857445411,1.020761822061258,1.0217341582600048,1.0233715952426747,1.0966746700686887,1.104091056672675,1.1087141238337535,1.119696208380816,1.1330025968498703,1.1491393591427208,1.1654304145440684,1.1726854956080592,1.1389408204047542,1.1700995075871798,1.219814384193563,1.2316481965349475,1.2613112514123128,1.2376516315918085,1.2722452122655408,1.3116523637490018
experiment_528,1.0312514813774423,1.0434262967104444,1.04511389272378,1.047552918821866,1.0378002688984014,1.0392835945260441,1.0271452135956793,1.0303889562917723,1.041989578324495,1.0501628145534108,1.0523802687749892,1.053500891535057,1.0560449370428882,1.0587761672059703,1.1448280686948311,1.1524986283374634,1.1971945762631833,1.2085041192251904,1.2208714385939563,1.2344920754835278,1.2496846453886759,1.2672555741974776,1.2856497118456605,1.3127369876982817,1.336657795537187,1.3625321544985374,1.4801570699001287,1.5185397614830558,1.4521487860471842,1.4995184516244786,1.4885155278060958,1.5306284573709943
experiment_529,1.0312514813774423,1.0311752989984693,1.0307912166739097,1.0307762550500643,1.0415007902562539,1.0414489111593088,1.0414375935476492,1.0415847479611566,1.0153334968207313,1.015540342586978,1.0154918163030455,1.0158565354774731,1.0319700389396995,1.0330602258572172,1.0343129508066733,1.0356916080906815,1.0375504267008746,1.0403070376412211,1.0492931535059082,1.0517182902188105,1.0558952596520599,1.1430444420500367,1.1563617129724333,1.2117127954519278,1.235123172916916,1.2637720612990822,1.298948995589664,1.3462807545357411,1.4869148156305314,1.5547310317636995,1.4718510622328167,1.5437206914089465
experiment_530,1.0312514813774423,1.0434157544351965,1.0452744159133693,1.0481309235552814,1.0388954106573907,1.0320153298560264,1.0309202111157891,1.044599530318035,1.053502126415709,1.1334362121348263,1.1471882422489474,1.1853500956531027,1.1981380601132459,1.2121587429668432,1.18670013073231,1.2012515451245984,1.2145681778583948,1.227876074659346,1.2467249066050246,1.2688531246308679,1.3632147785273483,1.3936193735338103,1.4335324450766405,1.427799788348868,1.4193832475512755,1.4490949810394649,1.4859898967490424,1.5261346066264283,1.297403361545373,1.3223807710941007,1.3486538797697243,1.3721076244614399
experiment_531,1.0312514813774423,1.0424473982034026,1.0434979993625735,1.0454142629603713,1.0503224693987978,1.038460102538773,1.031402899953829,1.0303846351852983,1.1236066552034198,1.1336456610873253,1.1373345369425634,1.148034205921577,1.1597294664821605,1.1730588506055122,1.1856730532282946,1.1859327118842296,1.2048427233842482,1.2909155581449623,1.1726779411667632,1.1972624381945425,1.2245599682881334,1.213995841848699,1.2415140498453214,1.2817437324561407,1.2340880778256285,1.2655117434316687,1.2914977497273363,1.2828164962406414,1.326010457443217,1.3759409957504491,1.4293540030528487,1.4886586469169143
experiment_532,1.0312514813774423,1.0419550091234564,1.0427391306013505,1.04399436479174,1.0478166790265577,1.049000929867617,1.0370225069467605,1.0298522051416776,1.1164251418923592,1.1209192985592464,1.1204430370131155,1.1256105348584973,1.1314951995836582,1.138417301362465,1.14593384184769,1.1543616024266063,1.1636949888688883,1.171365590451776,1.182937913516792,1.1791289976046655,1.1934330258670218,1.1453739207596798,1.1580721666413738,1.1757607046505745,1.1893675515222286,1.2158117913080608,1.235145946238715,1.2570763353167689,1.2807051816569544,1.2986338282447476,1.3242392336882527,1.3580955154105223
experiment_533,1.0312514813774423,1.0310604441948188,1.0307027712722994,1.0294738284432363,1.0315191216564066,1.0312516131144056,1.0300750005232597,1.0301217358604122,1.0153294104670716,1.0154913634715117,1.0308772314109274,1.0313006594413543,1.0321451211277737,1.0331824173336264,1.0344534961011682,1.035960669640168,1.0382671205639933,1.0463641999921256,1.0486531636624616,1.1225043871451899,1.1313956190020582,1.1746165965949629,1.1891167812199066,1.2052361282573245,1.185871673698106,1.2031222481201662,1.219890190891729,1.2450524561304384,1.2767003068619904,1.390200655815516,1.4032373683550095,1.413318990936831
experiment_534,1.0312514813774423,1.043275775141492,1.04486009644746,1.0470847199022282,1.0372446976559717,1.0384081406424923,1.0309246100666247,1.0292596852614064,1.0477575995140986,1.049455557180178,1.0513021149034802,1.05214034058561,1.1294335433317266,1.1347699454174374,1.1414153816654278,1.183295068833745,1.193666567626754,1.2057721952236438,1.2186605940403703,1.234027424880201,1.2045091076031649,1.2202395671413342,1.241649294579868,1.25766774526328,1.2811587343227524,1.3832479308826364,1.4207342830033742,1.472751226559959,1.4338694038506086,1.4729661237806317,1.5230910885244215,1.57960126061962
experiment_535,1.0312514813774423,1.0258935859020357,1.0240603113771543,1.0228505937809897,1.0246486275236837,1.0174480051347308,1.0229100373163735,1.0223259634527613,1.0089057385652085,1.008877162455943,1.0089426850597312,1.009090633533826,1.0093723315566439,1.019934802688386,1.0209437585272896,1.0222718927606351,1.0242666644912812,1.1027418630465429,1.1074464066339265,1.1183319033351786,1.1316997777828564,1.1482750567099973,1.167668666627603,1.1719486221967856,1.098694344107938,1.1536578906943056,1.1807830406409485,1.2127663656757062,1.2486170981406888,1.282440831799508,1.3257901053317769,1.3330427911914566
experiment_536,1.0312514813774423,1.031818688018804,1.0420475118824828,1.0430044231784474,1.0455643393841065,1.0461659411231066,1.0470813123958682,1.0482067648460824,1.0347856409444631,1.0360317601230702,1.0375030926807534,1.0397480921288598,1.0479143552306582,1.0505382602882478,1.1251105105136077,1.1311954607382355,1.1722591568107208,1.1845011054005055,1.1983102018903482,1.213736680226695,1.1904383842229835,1.2051094986288262,1.223007872622107,1.2390483707335997,1.261271074423378,1.3623141303812858,1.3981897073957983,1.4445189338162545,1.491909473581595,1.4849963526212342,1.4821239003761162,1.5201379546750582
experiment_537,1.0312514813774423,1.0461226193991464,1.051021189911955,1.0321177596952253,1.046994744686298,1.0501913610292974,1.0532757037127387,1.0563471417845613,1.1801852287531969,1.1730194360113002,1.1809378217763853,1.1886083565532188,1.0987386321585895,1.1025251724347147,1.1427272673718503,1.1465798535757454,1.150263418585376,1.1537605381239704,1.1571385241128156,1.1639520958653915,1.1668683175695373,1.1702982046395258,1.1730039112185182,1.1753874766985528,1.1729559585887288,1.1746479550133282,1.1752684945191034,1.1760938413341688,1.1766662886139452,1.1762007789086388,1.1753245499267022,1.1746546605605723
experiment_538,1.0312514813774423,1.0456091933635514,1.0503850646757504,1.0321368701811964,1.0476560095831522,1.0521619150868673,1.057119263005599,1.061696191909406,1.1939796126171993,1.1960470508011956,1.216259670212639,1.1599442786416754,1.1822942598812236,1.1993699783367116,1.2281653593308055,1.2197547111053608,1.2761396483099325,1.296463495111834,1.3222342459050436,1.355613376053897,1.3396072514552424,1.3738495925835361,1.413980812065473,1.462034214414449,1.4908403342575578,1.5464173939044596,1.4798044045137797,1.4116270716054766,1.4564837589994646,1.514554828518886,1.5732458487847567,1.6324677980246123
experiment_539,1.0312514813774423,1.0420729112969076,1.0426410225999374,1.0438750464350663,1.0475923320365161,1.0484594362958417,1.0495608305522,1.0374296662204723,1.1071969219822932,1.110035973973802,1.1196011560624015,1.125574780363739,1.1340728684068997,1.1420381094171335,1.1460236507840749,1.1565118663562461,1.1683370883334039,1.181885822181507,1.1952612114128707,1.1951849836164374,1.2148162716284823,1.303025097960004,1.3360690742316956,1.1796743922858668,1.1968746557083045,1.2209768519535575,1.2382805830449777,1.2701106616264601,1.2253694380641056,1.2506450673910523,1.275775396847076,1.3212025662569742
experiment_540,1.0312514813774423,1.0300038019192201,1.028678321255107,1.0278033413771688,1.028070802599161,1.026498820398676,1.0261364090173528,1.026041136662656,1.0138348567094864,1.0140527048103354,1.014415419264367,1.0149219681826738,1.0152933456809463,1.0313865927112589,1.0334353354258445,1.0359765613351821,1.0455015088469906,1.0487437898501961,1.1348844437078627,1.1784749925406943,1.165145627087593,1.183619580926412,1.2087674802934458,1.2410646037143658,1.327767732592209,1.3905306250540792,1.411746490800551,1.2526038077816417,1.2998271827707142,1.343901564849419,1.3964314097922055,1.4765174991269996
experiment_541,1.0312514813774423,1.0253810949083597,1.0230608789703857,1.020136556684559,1.0226260745013178,1.021067866103122,1.019747367175067,1.0179376489130145,1.0175151572868504,1.0168575718552728,1.0164221301283323,1.0154762050745465,1.0153880580686887,1.0154516416801636,1.0156839702460112,1.016754200121953,1.0123984565365525,1.013074912723417,1.0105378447587154,1.011316158106367,1.0120195334908875,1.0263733151486716,1.0230793236052893,1.1018102283440612,1.1107042964502776,1.1252678774449472,1.1431734785149779,1.1642474109831549,1.1724546927165158,1.100635591231087,1.1592334111219444,1.1597095992736703
experiment_542,1.0312514813774423,1.0430241534824352,1.044708997905732,1.0470704968286448,1.0382636471968674,1.0312061122879175,1.0299961206985189,1.031424356148668,1.1301796721997774,1.1394656005443453,1.1476594984783421,1.1512512333071552,1.1611247833150664,1.1720805347368894,1.1824034463817048,1.1970232582538778,1.2132290422138168,1.2118113524073064,1.2945977046399666,1.3212464713054455,1.1915050091929333,1.2097159750840776,1.2014600697981033,1.2127761953209761,1.2364983569817103,1.255294942814676,1.2354744304595044,1.2621724868976625,1.2473804816470606,1.2795187421223353,1.3220751063832406,1.3647321748880574
experiment_543,1.0312514813774423,1.0346142079693836,1.0252642944037604,1.0244802611988095,1.0182616871458603,1.0249039052190811,1.0244824567196762,1.0242963544194785,1.0252643774178911,1.0255132391706119,1.0259765244985894,1.0267058687014232,1.0276670688537766,1.0229511044271506,1.0242463438534553,1.030596239989597,1.0842205520450379,1.1128371822135743,1.1243596277856978,1.1313155484463702,1.1457952059512244,1.1625605396231722,1.1795994226138495,1.1860106925911857,1.2120361620591162,1.1669075296501876,1.194622717797111,1.2341106663317498,1.2689675185534524,1.3012192962897875,1.3489779458456943,1.3475405394852322
experiment_544,1.0312514813774423,1.0456010795654274,1.0501736954057312,1.0405725213035837,1.045790289495581,1.0498064207568325,1.0539424866934388,1.0590305427339324,1.1760353349231352,1.1878939983370747,1.2019772295036433,1.1988571776488384,1.2129737539597059,1.2266272362142938,1.3060787736584596,1.324353812788708,1.3448314857926416,1.3741805888490017,1.3928623572838743,1.2497808426198316,1.1998083034977247,1.2077895924868725,1.2152916423378612,1.2223364270567356,1.2291912541574272,1.2307389473995176,1.2366171127179237,1.2412984050854818,1.245557838024896,1.249045197840375,1.2408138265886186,1.2432458853225565
experiment_545,1.0312514813774423,1.0434565746917268,1.0453689089747114,1.0484048624988607,1.0396786723787974,1.029967874519346,1.0314829935046568,1.0454912716678775,1.138006785619626,1.1491540068950354,1.1593380522545718,1.1660935858758914,1.1788273012881685,1.1914269479428474,1.207359745338244,1.226378748793322,1.2272493477803985,1.3156482064630854,1.3597639515967241,1.3554575505803104,1.2052124974467033,1.2279930481087222,1.254281820824045,1.2775489611306254,1.3119323767704525,1.3264139666761525,1.3602860558160432,1.2922256354108053,1.3388219598382254,1.3776962131720674,1.4224530710089396,1.4866886498272043
experiment_546,1.0312514813774423,1.0303855098384664,1.025625371225049,1.0249648991210853,1.0260282310082927,1.0254554501871487,1.0250147126899785,1.0247398677412405,1.0130095562571055,1.0130198819202167,1.0131268418673123,1.0132608513630996,1.0262945106280947,1.0269518435935876,1.0277928441296407,1.028854356324063,1.0301228259842836,1.032052973113503,1.0390223991815082,1.0413612755764883,1.0889940962410576,1.1182218414315963,1.1274977290230064,1.14031908867484,1.146879066121964,1.160223985286131,1.1761637578455475,1.1910178491257295,1.2114215235855472,1.2150142320913566,1.1607308784421453,1.1846770666053643
experiment_547,1.0312514813774423,1.0315535401648006,1.02656886484205,1.0267907848439668,1.0226150995285037,1.0227947003389954,1.0230144707904203,1.0230427422518051,1.0310110645907817,1.031660604379018,1.0825909815790162,1.0850717671157462,1.1093326656481894,1.1129156319138402,1.1159673608982612,1.1196472794284817,1.1268269416653383,1.1324565716957966,1.133057377564719,1.139347221778479,1.1465614291116524,1.154096764310559,1.1623028371980015,1.1712050119273636,1.1782016742463495,1.1889691940164644,1.200920147630379,1.1959839551965386,1.2085988757849009,1.2863221331108763,1.1635554402193222,1.1794102945737712
experiment_548,1.0312514813774423,1.0307045918255318,1.0299584512181212,1.0297457796717386,1.030675809554631,1.030395519950215,1.030342446818321,1.0305289890896983,1.0153338132667928,1.01532556548381,1.0157545484181894,1.0159769094293958,1.0325772559238389,1.0338417418379444,1.0356254494669392,1.0377275773341956,1.0406558979146594,1.0498273459582421,1.0522340716052663,1.0562150010879505,1.1434109205646523,1.1556849626970316,1.207693860990778,1.226355335591742,1.2484271224495262,1.2733806637223,1.3011629413238541,1.3319250301722416,1.3737807060587697,1.5064917412612142,1.5609889494309652,1.621248021721453
experiment_549,1.0312514813774423,1.0440699345371636,1.0467110037966192,1.0496830086786915,1.0387772886456283,1.0295491016654044,1.0307650741119823,1.0434604418318578,1.0514450820316907,1.0529201321968926,1.0550877674634909,1.0573110734762237,1.0597722415603037,1.0767129921163268,1.153276378051199,1.1601181191304752,1.167484240101503,1.215549636910379,1.2263036763323596,1.2379744228903682,1.2517534532883503,1.2677753463808208,1.2826513931311434,1.3002217022460474,1.320832113872138,1.3433169638564117,1.3737802667095882,1.4916676067865282,1.5313959316282038,1.5782507692739314,1.5730501163080355,1.505294705305991
experiment_550,1.0312514813774423,1.042823235857271,1.044408347678878,1.0465812051544292,1.0503557632614753,1.0385792250265788,1.0268338837528375,1.0301950859458215,1.0498918076952901,1.1232087600396226,1.1293529925402706,1.1677779153215728,1.1767508268627709,1.1866710757692411,1.1973993756373436,1.2088436780316845,1.221515816672134,1.1974251665569866,1.208557070331044,1.2236536316771536,1.2343677638383195,1.2535031870570705,1.2683784244297074,1.370134154955052,1.4088361142173627,1.3859712597060727,1.4204478766935833,1.4558503778267384,1.4919426722223437,1.5401520933380566,1.5410391215924073,1.5317216344080493
experiment_551,1.0312514813774423,1.024420437240907,1.0208538145059023,1.0177266689487037,1.019041874757107,1.0175352495876337,1.016352557147374,1.0154864189635548,1.0148954552481013,1.014542965022169,1.0144257022150598,1.014519112773394,1.0148233142150216,1.0153993896939784,1.0163207993934984,1.0175454174648955,1.0142103688364357,1.0122314722523291,1.0132052424703972,1.0296800082156419,1.0347981999922613,1.1066728064867706,1.1563376086055268,1.1567028208363217,1.188558550770284,1.2316531630917908,1.3437162914940968,1.199601573689484,1.2410695604037003,1.253912947802629,1.2600004939335459,1.3428777906365261
experiment_552,1.0312514813774423,1.0418994999055997,1.042224253204169,1.0429526722611584,1.0456742052205503,1.0455217172846718,1.0453678775561113,1.045213981142967,1.0319129849685253,1.0318000613085268,1.031739544606257,1.0315948005085178,1.0315050917371198,1.031408789088039,1.0313156534969936,1.0312223845841024,1.0311311016469247,1.0326106600705125,1.032537863700027,1.0324507188715804,1.0323913251595545,1.0323257890559423,1.0322510535411134,1.0321803423469502,1.0321157640749872,1.0320584137317617,1.0320096230132847,1.0319709614252783,1.0319402333573262,1.0319236586000191,1.0319391716185715,1.0319668729293872
experiment_553,1.0312514813774423,1.0346033529274308,1.0251714528781977,1.0241685314482132,1.0248287588127514,1.0237943845179027,1.0228857626809251,1.0232623864850723,1.0120931334892682,1.0118752132198194,1.0117465713176075,1.0116965454360007,1.0117742670382168,1.011955861939269,1.0122590912487022,1.0127028900013515,1.025707985172729,1.021385633051309,1.0228026254121225,1.0248947528771186,1.0823341693143937,1.1121367326628273,1.1197568795389474,1.1330127285799385,1.1492626349828405,1.1677995119079054,1.1866985935200147,1.1945498876583083,1.1496331515828568,1.176222645982296,1.190438159518856,1.227417307737802
experiment_554,1.0312514813774423,1.0442042873304174,1.0467918446086104,1.0504059016656915,1.0280694234742391,1.0317027126544904,1.033270664055337,1.047689079597162,1.150100654775858,1.1578718811318565,1.1659186226771334,1.1742407016770673,1.1804721922920456,1.1897288306709617,1.1832332000321313,1.1932159018219055,1.2032518565307866,1.107670308567916,1.152898084465751,1.1617700816021805,1.174503672634135,1.1811490403457896,1.1918936329300376,1.207184825289136,1.1898653625055395,1.2321284581447594,1.2462630933826624,1.2524405516162114,1.2665590532918534,1.2813500964165345,1.2964848602178423,1.3123553285217684
experiment_555,1.0312514813774423,1.0425040612588892,1.0434183811463633,1.0450870557433587,1.0495159985301439,1.0371299691820943,1.0378698907203234,1.0302208353929518,1.1242723894019926,1.1266354890748231,1.1290024009659816,1.1314443827288263,1.1338554146971254,1.1363679333553653,1.1388767112407205,1.1416956604332553,1.1443676297370335,1.147127092021464,1.1500100075639836,1.1530107330536017,1.1561588369951707,1.1594577695676498,1.1601375067374313,1.1636995449861738,1.1674425307524832,1.1713136772976325,1.160904970330694,1.0829919850658614,1.0850510442920045,1.087188328856375,1.0898844591072108,1.0918198204295604
experiment_556,1.0312514813774423,1.0426610512784593,1.043877660170228,1.0457743635764534,1.0493563069790899,1.0374229830657968,1.0387526168959014,1.0315350278152535,1.0446067158853913,1.0502922157348842,1.0523568286424079,1.1303576304396323,1.1378276876309814,1.1808156111503265,1.1935653126442274,1.2083848785338862,1.2249090808879686,1.2376534275583162,1.215766287513697,1.2386575135278581,1.259015356822728,1.2871501413577089,1.3969083067129127,1.4509220712729227,1.423337490354969,1.471090247004677,1.5340327636396431,1.5981643175603213,1.351963217921193,1.3980165320616083,1.3971799203594855,1.4562866611166074
experiment_557,1.0312514813774423,1.0417896867639636,1.0420306237002963,1.0430640421970396,1.0455794438111339,1.0465511731230097,1.0478142585939612,1.0361563489081118,1.0359445045173998,1.037569363256314,1.039516219669515,1.0452160771361234,1.0517071592424467,1.0540808584512515,1.058204585998621,1.1483867432243626,1.1616795602760026,1.21725766100007,1.2391658897662114,1.26794758962994,1.2976897648519934,1.3353435064406052,1.3835320504155293,1.532347593979488,1.6181951193486737,1.6398046078487352,1.7298046990821871,1.7780298413349553,1.652914528918779,1.5948966217843012,1.399536305794496,1.4985922756848675
experiment_558,1.0312514813774423,1.043579954036572,1.045768184508177,1.0487478836847621,1.0394552160921882,1.027527085119344,1.030911032271029,1.0323183913164515,1.1519131955678157,1.1591488801301633,1.1666726363340203,1.1499797348974712,1.1576622565345853,1.1654668515919715,1.1689799456031351,1.177436225162737,1.1863159484773047,1.1935509275108642,1.2028964006355847,1.2132475443413338,1.2237751055989534,1.2347789266074691,1.2458320180008917,1.2569575627922833,1.3373948384231786,1.3510492038083115,1.3671147690110566,1.387486123533128,1.4039077594419571,1.384467317520968,1.3961819157943958,1.4100685897187852
experiment_559,1.0312514813774423,1.0261525069012267,1.024518752601947,1.023263647270761,1.023729930568954,1.0174187244774704,1.0226467953835505,1.021742194282669,1.0140637879877303,1.0136309757217241,1.0133145896340294,1.0130585039476634,1.0180716246841592,1.017995178273718,1.0129441900117262,1.013115142402209,1.0133861241452475,1.0137349900588721,1.0110067077242746,1.0112480932778458,1.011840730534977,1.0122967542403722,1.0263831173824554,1.028433653714266,1.033665711915947,1.0913391119816953,1.111819185833064,1.1264797040477663,1.1344609756704018,1.1512106910036286,1.1707842344977308,1.1900323851383514
experiment_560,1.0312514813774423,1.0302773566209025,1.0254087965655665,1.0246385918660579,1.0255507686360192,1.0246050956416501,1.0238499898234064,1.0232916861656207,1.0120441911563893,1.0119593776302993,1.011970667553915,1.0120646032425125,1.01227101027268,1.0125749706549636,1.013001853470429,1.0263541210758698,1.0277424771535122,1.0293966965284078,1.0319393904519643,1.03977913890827,1.1039698229610133,1.1400436045886577,1.1313753763297731,1.1492418602763015,1.1616200607070022,1.1813575941905066,1.2058574132040072,1.2362804599957982,1.3210907128649034,1.20030936069012,1.1971063143419656,1.232109880094095
experiment_561,1.0312514813774423,1.0422119497120588,1.0429864092696126,1.0443382830623693,1.0477694064228245,1.0486583690411762,1.049436606185262,1.0368407766103607,1.113134357415802,1.115299701102133,1.119658808870469,1.1167542506234311,1.119363590787672,1.122247808738706,1.1250794581760921,1.1282613611365542,1.1315819807763734,1.135165889047002,1.1392715175026242,1.143456127331074,1.148021599365699,1.1528943536417158,1.1583842686776726,1.164097850483758,1.170244655243688,1.1775509192314937,1.1813939486322889,1.1733599353458275,1.1807944938909483,1.1901223167125294,1.1989006378174984,1.2085800550074703
experiment_562,1.0312514813774423,1.0318396686301108,1.0421173617297075,1.0426964304018942,1.0443033436718094,1.0442839334873029,1.0442397481146812,1.0442354229911037,1.0160196062292761,1.0160254463406737,1.0160325781210167,1.0160416433938535,1.0160583296823404,1.0160735838576154,1.0160908245354092,1.0161110292113262,1.0157975065407232,1.0158153259624405,1.0158313441092524,1.0158415537661245,1.0158472751391798,1.015845908368645,1.015835323819216,1.0158144897429,1.0157816924353074,1.015735144863597,1.015673017564608,1.0159176989051963,1.0158174031110863,1.0156880176985497,1.0155405644676425,1.0157097171348493
experiment_563,1.0312514813774423,1.0307282228250187,1.029299766440335,1.028797942461003,1.0296560328424378,1.0287206946524088,1.0278654938530785,1.0261852451302653,1.0138009556188379,1.013523940602399,1.0132870998554244,1.0130827423138649,1.0129350688132825,1.0128220194931599,1.0127387264125713,1.0127183990138275,1.0127242626805628,1.0127773841188692,1.0128576072037179,1.0129771846635798,1.0131412388052579,1.0133422139709225,1.0135906032734552,1.0138861802325143,1.0139403156338542,1.014336951956482,1.0147843460992303,1.029919090876343,1.0310143316130396,1.0322636414763857,1.033648654564588,1.035185180854338
experiment_564,1.0312514813774423,1.0306616196663347,1.025077430434702,1.025756158913934,1.0201023760653576,1.014311608237228,1.0183473641219802,1.0178738662673934,1.0215918398670505,1.0212522788201959,1.0210434840605118,1.0209152214681996,1.02096182930449,1.0211421897122344,1.0214868528546368,1.0219856011979178,1.0230205153902021,1.0780152142411314,1.0987532185943174,1.097153522225708,1.1055092166751408,1.1122056189288625,1.1208145992292702,1.1308027675090095,1.1420729365466973,1.1548469289342087,1.1666116859737206,1.1676637347817183,1.0936120040462156,1.1415597069802128,1.161799131737924,1.1781481362994517
experiment_565,1.0312514813774423,1.029842280580617,1.0282133931014206,1.0262577886228081,1.0265121392939411,1.0257096927743992,1.0251516209444096,1.0248770091280601,1.0173261809831076,1.017515166814237,1.0139212108441458,1.01407587212866,1.0147361982214287,1.0152765814375906,1.0317740836460223,1.0343545261273452,1.0380830175868145,1.0478482934359674,1.1271587179475793,1.1777336852817064,1.16691108977508,1.1890448524841386,1.2192453030289183,1.2606590107474918,1.3619125006781605,1.4037167615052233,1.2511669424737246,1.3074568503349795,1.3528985635187605,1.4399667769856876,1.5430585008685491,1.4703689688077317
experiment_566,1.0312514813774423,1.0287778024527041,1.025303161026408,1.023576550259313,1.0230083800850218,1.021531439007582,1.0208739183708297,1.0200272251098714,1.0176284584817066,1.0173869067899728,1.0173903216680011,1.017578845411451,1.0181014157371675,1.0189130750134947,1.0201217022574227,1.0225018909315515,1.0173288470205861,1.0146104871048103,1.0161195707675008,1.0358239915685628,1.040913140468831,1.054931855317329,1.1906749614848549,1.2273485015275352,1.2813160405661692,1.3462991161160862,1.4206260989730028,1.4747184532733177,1.5900921967918156,1.6532987744169831,1.2525247383880909,1.2772060174073934
experiment_567,1.0312514813774423,1.0265516847808351,1.0233758008885863,1.021091477126374,1.0202343083097454,1.0186882480401207,1.0175457361770925,1.0167699116999263,1.0145152555330434,1.014373180818316,1.0145024198451682,1.0149224046590957,1.0155837725591048,1.0166439173518964,1.0181098925880137,1.0201704429366776,1.0166269925935019,1.014570963181868,1.0328662310157501,1.038917249521385,1.053497691071731,1.1552697112991537,1.2374650606881212,1.3029286548672359,1.4843470737462168,1.5760410981044797,1.593342968928168,1.67772041233152,1.6670720842309363,1.243447615999684,1.3166791989838025,1.455754827765769
experiment_568,1.0312514813774423,1.0309733660499172,1.0256780505450542,1.0257399614128566,1.021828976226075,1.0218631737416854,1.0220783543560394,1.022332148009786,1.1017329176910255,1.1071481777801886,1.1117997968737747,1.117832292770127,1.1253376277533877,1.1342278957053327,1.1452002235383634,1.1580451728671537,1.1702976286799245,1.1723351003449396,1.0943832190489204,1.1426849688885916,1.1624590010470466,1.1913612582874653,1.2189962825876561,1.2490409035618566,1.28186216320185,1.3211543324682486,1.327883528542533,1.3835995108069197,1.3563982759839845,1.409294370669483,1.4849004500134844,1.5719551858465077
experiment_569,1.0312514813774423,1.0242331834212295,1.0199449250019847,1.018048678975383,1.0188758750648172,1.0171281258834093,1.0157829754031098,1.0148213693902572,1.0139622967316415,1.0136002032133558,1.013500810435629,1.013639871628841,1.014052366154724,1.0147071633378328,1.0156950505558757,1.0177595989904225,1.0140795353342777,1.0113713560707591,1.0254271188469126,1.0295264371267647,1.099759669232019,1.1238356175339415,1.1475999544852344,1.1797094005340873,1.2068082585536843,1.1848975236276502,1.2302408630611263,1.2783851675285682,1.26097462577708,1.2969875334270873,1.3961092971478797,1.4091920587771276
experiment_570,1.0312514813774423,1.0294421969728387,1.02646759699143,1.0251139482616645,1.0248721655847546,1.0236995837720344,1.02277729898112,1.0221548766975033,1.0194088908516454,1.0193741067167472,1.019594956685134,1.0208641971777794,1.0217169412720946,1.016237506889343,1.0174612205406004,1.0144205286010162,1.0156664923400818,1.0343171627428263,1.039653389917681,1.0514339185208306,1.1420110690309564,1.2064388842867393,1.2493089564443367,1.2510289579661014,1.3804537345456787,1.4870927056915189,1.5007443024688347,1.3223828424940325,1.3846174393797925,1.435101740165641,1.4158482331669797,1.4818130173296624
experiment_571,1.0312514813774423,1.0454370591283169,1.0495153134605648,1.039579714665943,1.0320312725697827,1.0466692363539218,1.049457799473917,1.0522045780246785,1.1803847701763623,1.1893546272814488,1.16974742536493,1.1780603956502531,1.1817142702862724,1.1897372011352687,1.1965710815620043,1.2047332724034199,1.21308612063738,1.2216850747560275,1.231263272847631,1.240350051978634,1.2501771270844448,1.2615190383200228,1.3432322146386142,1.3569484585839433,1.3713803674047274,1.356740994521641,1.3777193173653677,1.393249864354159,1.4106677530712441,1.3852481174010949,1.4030549823641394,1.4194266965043973
experiment_572,1.0312514813774423,1.029463323136631,1.0265190951153071,1.025288369570244,1.025096587028893,1.0239376653258383,1.023040106071515,1.02239413187314,1.0198489244321656,1.019692733353588,1.0197184283777674,1.0199774553533305,1.0204065289830995,1.0218562003761222,1.0228049652979396,1.0240401775066605,1.0179635446180522,1.019347338198421,1.0159735622365555,1.0336942763986898,1.0371867052844321,1.0422648756932884,1.0536862638913338,1.145436309402827,1.2056579478616238,1.2398390866309166,1.2850270138380113,1.3454947132740038,1.50897180418067,1.5700607021968027,1.558503113994939,1.6326669389953075
experiment_573,1.0312514813774423,1.0308041370246432,1.026622031502158,1.0264216858618058,1.020757720704131,1.026521751749622,1.0262803028229144,1.0148584352478058,1.0290631705373647,1.0292278638181154,1.0295654950366135,1.0300360225517566,1.0306456537740265,1.0251808078911429,1.0258794347155935,1.031090256794317,1.0321268735328029,1.085399723352453,1.1104806165352696,1.1148935015329466,1.1202867651603534,1.1283238890149174,1.1293420273318269,1.1360267893904052,1.1434072415648373,1.1515980388745417,1.1602624320611572,1.1697888988020124,1.1804374528041797,1.1901784931885313,1.2028279020106867,1.1986927224006996
experiment_574,1.0312514813774423,1.027454708745354,1.0247687991519063,1.0228130448066548,1.0223831932154783,1.0207952237797975,1.0195906140723099,1.0186613226187748,1.0161368865985014,1.0158082078176927,1.0157240612897145,1.0158868415072035,1.0162747416773978,1.0170121317823873,1.0180773810581913,1.019629221435159,1.022463309261089,1.0177480824862333,1.0151203785994622,1.0345788569933274,1.0405392323705829,1.0553881084363284,1.1977146384920163,1.2442447334817759,1.3156961773942657,1.3985934202130437,1.4778781715968228,1.572541007994327,1.7403558165213728,1.3866392383336477,1.3317346957712786,1.3283161696489112
experiment_575,1.0312514813774423,1.025168500747201,1.0220577987200146,1.020254752353135,1.0203790926889462,1.0187996329840563,1.017412047976462,1.016204259076915,1.0157943516408614,1.0149052715869034,1.0141430277594337,1.0134555562336272,1.0129573702766028,1.012571292459608,1.012296255057823,1.0121313890120653,1.0121309045577005,1.0121767939263921,1.0123628811833985,1.012606330535429,1.0130445565769244,1.0136363575681886,1.0144056649909048,1.0153760249335801,1.016591831630145,1.0181445460232466,1.0147860310712504,1.0125449528591863,1.013848193727051,1.0309032255129602,1.0359405399966921,1.114279607546097
experiment_576,1.0312514813774423,1.0259914638741257,1.0243055948811821,1.0231361090697577,1.0235561216627798,1.0217227142389738,1.020943501639497,1.0219878802723137,1.0149796868932508,1.0156338558692466,1.0155453888830794,1.0155353311292585,1.0156819219612665,1.01592453356195,1.0126908437388957,1.0128331103109034,1.0133426182617662,1.0140000059231986,1.0269974650092517,1.0286728618182313,1.030704557634181,1.0335859412153279,1.0415528255311004,1.137838512483469,1.13101109238604,1.140039256700488,1.1565489583932818,1.175650487814572,1.1960486846716085,1.204370225649221,1.235218383404901,1.1863592312360025
experiment_577,1.0312514813774423,1.045756961815922,1.0499862007119136,1.0401866025244109,1.0447421329995987,1.0475975889872082,1.0503595401110417,1.053161281936296,1.14282713190341,1.184252741460854,1.193584357072447,1.2032291582805363,1.2130837778333114,1.2228834520331777,1.2339649247387041,1.2014462722055712,1.2087683137514327,1.2182695564982502,1.2281438149053923,1.2390489867540562,1.2517882614243043,1.2571317649876024,1.2700853526037061,1.28411277645219,1.3720742898279596,1.3893965810568256,1.4078576132640368,1.4277891273509846,1.4561162364590672,1.4797720328306947,1.5045233110705134,1.4754930850910857
experiment_578,1.0312514813774423,1.0314843354794065,1.0314641077730013,1.041605261952459,1.0430970141127853,1.0434133759853104,1.0438037011487031,1.0443821485184615,1.0327138595541636,1.0331532948508746,1.0340926016391057,1.0352377698735016,1.036634187265645,1.0388461425572089,1.046957187766965,1.0486566122355705,1.0520017543413673,1.0559613526148117,1.143696005676486,1.1926699181615754,1.211792171006471,1.2340750118230162,1.2594440426494247,1.3010156823614205,1.3418124683549295,1.3829088969345755,1.4484739264801458,1.4667968861503122,1.5240326973783682,1.564184352737035,1.6268779464412988,1.3756112780117329
experiment_579,1.0312514813774423,1.0287433054582074,1.0262756679790916,1.024684283464122,1.0236997922244637,1.0201168145149304,1.0195627098827842,1.0208302193285188,1.0177689325078187,1.0171139743645548,1.0165753009265963,1.0161496676422095,1.0158447776489703,1.0156411005775987,1.0155448714951616,1.0155072358311046,1.0156073855472219,1.0158353702822125,1.016200622674997,1.016694713379248,1.0173279074976094,1.0180968789911626,1.0191021890589294,1.0210430356583087,1.015968925739042,1.0130170297124952,1.0138213062063481,1.0150725711865767,1.0165406436454303,1.0357512253494214,1.0386502661049672,1.0495372454215408
experiment_580,1.0312514813774423,1.0307800870397765,1.034803736421329,1.026246298231096,1.0203670899521065,1.0146176088464172,1.0189306265084292,1.0186655811508165,1.02655579522123,1.0262982090705497,1.0261892017970102,1.0261732478766261,1.026251898883563,1.0264425154694874,1.0267247564735087,1.0271411395272865,1.027653666286899,1.0283075036491192,1.0290996634882577,1.030020739005363,1.0315899572394447,1.0328260337200879,1.0318210740703397,1.0851643170761485,1.111480812794798,1.118253726222263,1.1280452976620747,1.1307659196463948,1.140049020907877,1.1507394924422492,1.1626012841316793,1.175875945881514
experiment_581,1.0312514813774423,1.0272933922719023,1.0208479225329692,1.018655430509633,1.0185343867778998,1.0169061713222969,1.0174349979726902,1.0162670142227357,1.0138735746908893,1.0132528143470034,1.0128003518444757,1.0125437798104804,1.0124259543028513,1.0124790475867083,1.0126859031538007,1.0130700452809545,1.0136488531902044,1.0144384691882593,1.0154362246136315,1.0167497466341733,1.0184722516235782,1.0152025468423613,1.0130266202326326,1.014584688440841,1.0329096374828715,1.0446099544387248,1.1229803603610753,1.1798228346809505,1.177929371982607,1.2075179723829952,1.2545768612611876,1.406330977106668
experiment_582,1.0312514813774423,1.0443010308255662,1.047326866670768,1.0511038600626845,1.030248833666401,1.0440012936547054,1.0468101152820415,1.049889592246245,1.1507175782953958,1.161157136123031,1.1724418670156955,1.1829269742040094,1.1960437684121394,1.193145561457737,1.2087092594553799,1.2245820361831086,1.3030665236855552,1.3295751375740457,1.195637120381783,1.2119706620011226,1.2024567406657316,1.2198927092131338,1.241122711952226,1.2593269308117248,1.2789843996901378,1.3046826834809804,1.3288938868274636,1.3606772956949031,1.399554566416902,1.4401809313922147,1.4881461278459605,1.5179159006062524
experiment_583,1.0312514813774423,1.0313573583278857,1.0312452181695655,1.0412825101733847,1.0447634187636692,1.045378482635285,1.0463543474526347,1.0477006016002923,1.1124089929735084,1.1175423874376744,1.1237346063071105,1.1311300240298081,1.1400930632762238,1.1511969392198695,1.1608028684316771,1.175161481679602,1.0893497807398227,1.0981401287602786,1.1490030886556997,1.1714843515866642,1.2029884880444752,1.2287877409593269,1.2562425323168334,1.2940593718723383,1.3077957989440647,1.3096705011768002,1.3578221066329745,1.406891521052844,1.3623575587258312,1.4232325598023112,1.4854711812481385,1.5414697843774068
experiment_584,1.0312514813774423,1.0317787781309533,1.0419387152488058,1.0428546259752798,1.0452790652074364,1.0459322514984482,1.0467605338491777,1.047691844637864,1.0348387409851763,1.0358279731872448,1.0376026268513947,1.0448560392784194,1.0468541388620183,1.0486782427700139,1.1207423164276478,1.133503343613052,1.1680737576744589,1.1801156927800607,1.19345872784888,1.209199136596368,1.2286685612085928,1.2073757427138412,1.2229893666204603,1.2477119548331115,1.350251285072675,1.3955122921688998,1.4512283372549517,1.4372769969074093,1.233460742774074,1.2005603394115782,1.2204657777373227,1.2493945339310657
experiment_585,1.0312514813774423,1.042546588135144,1.0435732536289377,1.0456054688506171,1.0504384361637906,1.0381624728005878,1.0395747309286674,1.0275964436663594,1.09915728183998,1.1250891068284048,1.1327480509426353,1.1433974335955588,1.148226174210929,1.1592356258330272,1.171560603568976,1.1853750072713725,1.1984606603844634,1.2154171288611915,1.235528593570262,1.326911545322339,1.330285579358196,1.3685599301418059,1.1925857213240019,1.2052274027198315,1.224708844459071,1.2355277982243313,1.2586580636646434,1.2133350269833034,1.2293448585908626,1.2446962227337381,1.2600230056582342,1.2810893865921216
experiment_586,1.0312514813774423,1.0423199581428721,1.043139008492164,1.0448817825676173,1.0483614620608381,1.036888051535807,1.0386887370293594,1.0272576647019909,1.0499659396191203,1.0533947159025134,1.0576416663519053,1.151446414435097,1.2069568531367822,1.2329587574781706,1.2669842331722396,1.3118391959791595,1.364442501844319,1.5136733586357178,1.6171080444353512,1.4959387365645709,1.6026446924730644,1.6134658974100884,1.4038683401740955,1.4178706179806257,1.3094615683334077,1.280730446454225,1.3448861712548372,1.3944042806929917,1.5346818306758907,1.994251960311835,1.9337673006946874,3.30012696348494
experiment_587,1.0312514813774423,1.043146690140931,1.0449952691389888,1.0474970248649558,1.0378636062562414,1.0398173955517218,1.027864313541016,1.031583071987155,1.0518344736944978,1.1262752555774718,1.1337447599087225,1.1742043710984684,1.1847839107018843,1.1963269965161876,1.2088511945387932,1.1835742655719887,1.196366435545155,1.2074366702392938,1.2218244818402562,1.2329295028582128,1.2501629801562695,1.2695159182432776,1.3650237347931455,1.3921002490520433,1.4215697040278434,1.418226433653303,1.4526415470530358,1.4286755065220733,1.4594320272760823,1.3336561641455325,1.2779252950257443,1.2970355083170653
experiment_588,1.0312514813774423,1.0345863865051328,1.0252559828920478,1.024298271055717,1.0181210824957323,1.0174033993144735,1.0194683488392051,1.0239055410950286,1.019384946893913,1.0190454419008679,1.0189075048388687,1.0188288645173642,1.0189601201143093,1.0192082042320652,1.0196171595637649,1.0202351955615767,1.021036321259001,1.0224399390038954,1.0278143911799449,1.0994690334181534,1.1003768613416882,1.1118234111628023,1.122618882451719,1.136160074848882,1.1519835100940932,1.1679672473833822,1.1749756448123618,1.101414210426325,1.1632361639087025,1.2134898490736863,1.2245022399466436,1.2515411911288157
experiment_589,1.0312514813774423,1.0419092851301646,1.0424207938244079,1.043545508151915,1.047029247228931,1.0480342896449266,1.0492997317073873,1.0372276164909373,1.0995491694661033,1.1114694560352187,1.119174400117698,1.1250952542632486,1.1337026573369666,1.1366283937838402,1.1452312027210092,1.1553488794539317,1.166438126126338,1.179204349648499,1.1914647800296096,1.1902282144308027,1.2079195668993563,1.292396413307074,1.3220899762223575,1.1924128092371016,1.1890227552090102,1.2053511526577199,1.227207712807728,1.2345405268940048,1.2876601310757458,1.2412946598588872,1.2324414265670547,1.2507286060219318
experiment_590,1.0312514813774423,1.0419771692967916,1.0423163671358593,1.0433466361339427,1.0468356791421018,1.0470397789799664,1.0473332927757435,1.0477668877801385,1.040415418570793,1.040928983802424,1.0415951455360837,1.0869517420716872,1.0879526186105777,1.0890590230544435,1.1145467546207564,1.1177019285753036,1.121555560115076,1.125529050364465,1.1320300567084296,1.1371149730206704,1.1371794263791883,1.142873735614726,1.1494396716579856,1.1564820460974414,1.1640485916584418,1.1724103160712076,1.1825096314749632,1.1896898749240405,1.200575396400378,1.1953028900154183,1.2085734421271015,1.2227648531440476
experiment_591,1.0312514813774423,1.043928765301291,1.0467004255842156,1.0497608406534522,1.027207396241891,1.030708263546563,1.0322009472464047,1.0460000677265875,1.1434451783819168,1.1511282387684154,1.1588706185654283,1.1671989601047184,1.1763444707397466,1.1841462053895837,1.1948594813005609,1.1899583945196381,1.2027309984861345,1.2164022566884813,1.2951182219326323,1.316391342985123,1.1827777175166954,1.1931026712405555,1.1863984814698751,1.2012155623851875,1.2091508208900372,1.2282703802442492,1.248729761995651,1.2980051994711057,1.2156539414018617,1.2353131133236788,1.2523275960471958,1.271868346521646
experiment_592,1.0312514813774423,1.04399434750781,1.0466790890930067,1.0504098645570725,1.032460743867151,1.0317307620216585,1.0460637794443137,1.049117921431242,1.1509012324621557,1.1618866905435044,1.1693065108845557,1.1823162481160898,1.1944408474036994,1.1929441474933526,1.2078515811017159,1.224762220159407,1.2441092735473,1.3346692491610324,1.367570504349621,1.3958042867767786,1.3845050065177904,1.2133309090575781,1.222314777182478,1.2371697978740224,1.2522594402692224,1.267424270796496,1.2838709202617788,1.2996407103318732,1.3093204365363784,1.3250273558822985,1.3223914182810168,1.3353607087568993
experiment_593,1.0312514813774423,1.0425502125765471,1.0437667057243416,1.0457557511934554,1.0494857873682626,1.0379538882503396,1.0398649973123315,1.0302148588744144,1.051035375841617,1.0532879228800962,1.1363370586373196,1.1467093918970603,1.1961800536649327,1.2138747725609627,1.234064630141356,1.2619493253763603,1.2913514299223068,1.325758548109637,1.2879851982699562,1.4023159361558408,1.463852660920487,1.476281795996704,1.5350488362482044,1.564177156037076,1.6299964533145044,1.7246202930674233,1.5998129066527467,1.3284481198204023,1.2803840544768335,1.3261321913240347,1.2084188174181316,1.330847073147186
experiment_594,1.0312514813774423,1.042879744835549,1.0446067470737486,1.0473108961495254,1.0391056261239358,1.032128661862287,1.0311882619256394,1.0330048393248232,1.1477922689407705,1.1576212193367856,1.1649724843455347,1.1760038699904551,1.08755761959405,1.0933648067248936,1.1369895243402681,1.1473331306147343,1.1652897252538517,1.1756969621532014,1.198907028356633,1.2159097572451372,1.222930284245851,1.2378992846445729,1.2576455480621134,1.2768591981476898,1.299421197360532,1.3051593890530415,1.328551430190065,1.3511179491004057,1.3309017584073048,1.3498453526440573,1.3740978037249727,1.40181128049549
experiment_595,1.0312514813774423,1.0309335291236004,1.0303243406444318,1.0292404907427375,1.0301347044829319,1.0300161733990123,1.0300767656274543,1.0303809526848753,1.0195017395149748,1.0200186917558138,1.0156517406530718,1.0160037054504794,1.016818017266154,1.0178256531156695,1.0372796978251961,1.0400813202454904,1.0433306982527162,1.0536909022505865,1.0591644589514932,1.0658516973895404,1.1707738577180067,1.2350835955608779,1.2673590848508645,1.3064330080465512,1.3538469857920195,1.4149392539709624,1.5906236930437974,1.628876270113367,1.73754869656479,1.7858044380107205,1.8603498943037338,1.933317176856326
experiment_596,1.0312514813774423,1.0297130022151246,1.027021518529143,1.02570449489097,1.0252863613833498,1.0239830321570258,1.0228587734425976,1.0218858546590548,1.0190955775766024,1.018516941539779,1.0180742599719033,1.0177616357039134,1.0176094121428603,1.0175779069155577,1.0176790609099975,1.0179246349061581,1.0183361399936817,1.0189078568924042,1.0196719246332304,1.020634246830563,1.0226673809305298,1.0170762060987115,1.0183971801204459,1.015116601743661,1.0161707237775408,1.0345396746027318,1.0381376876522688,1.0492871422228875,1.127298774483348,1.1752799267147234,1.197083617613578,1.1827136249643515
experiment_597,1.0312514813774423,1.0459266057489287,1.0508879690160555,1.0298092733252378,1.0470229220653973,1.0519461746269247,1.0573467396095688,1.067578542000499,1.2281701510574765,1.2543461225877919,1.2851190486986037,1.2556740161036248,1.282585431821483,1.3945544944931678,1.4515935035933354,1.4733591387327594,1.4713125915263283,1.5352664108215435,1.6078788543116591,1.6933240142251305,1.5321886557217743,1.382763977893489,1.3989116342958487,1.4567550957214563,1.2179533195594248,1.2659269470374068,1.4003213138628177,1.429169201370384,1.3443888505366715,1.5258974184739371,1.610187287966743,1.7811239889377015
experiment_598,1.0312514813774423,1.031485774295927,1.0314303642664155,1.0417445985662614,1.0450765512482045,1.0456811979423282,1.0465576151192357,1.0477946681234445,1.1093844184776782,1.113764435320553,1.120303533052672,1.1210589925796863,1.1281574166419146,1.1366112974132823,1.1463270465262543,1.1572549412019681,1.1697213646595939,1.1812599892289442,1.1811268020543704,1.1999251809504814,1.1506435121470917,1.1716281988493247,1.1884575753327487,1.1900653757955848,1.2110664978403707,1.2546778880339478,1.2747604807252462,1.2302014900584586,1.2512341957168325,1.2858249801248571,1.2857070775630994,1.3242791448668898
experiment_599,1.0312514813774423,1.0266069580230595,1.0233493667322686,1.0211785458355995,1.0200256433527541,1.0183074211627643,1.0169667838347394,1.0159307096312364,1.0135128506752775,1.0130701038464394,1.0128055493398775,1.0127387681233517,1.0128505327702295,1.0131238599490413,1.0136151744275959,1.0143785231256126,1.01541406968515,1.016780351405222,1.0185455880413632,1.0216432580565094,1.0173578314435094,1.0149296381727442,1.0344033051022277,1.0406059519620483,1.0553358392273702,1.1591893295454136,1.2405100160530316,1.3024451851836574,1.3815413485225732,1.6027105086584148,1.6966992301355637,1.7511209371029126
experiment_600,1.0312514813774423,1.042430236740333,1.0436417008773387,1.045052964447088,1.0492544868038447,1.050383747500747,1.037916732836042,1.0303038941138876,1.1218405092842023,1.1242330838445649,1.1263062611308285,1.128098576752786,1.1298622765994364,1.1314310971972137,1.1328419685360915,1.1340374965693814,1.1350501730483686,1.1358330657232365,1.1364133839927986,1.1368098478224697,1.1369456370621533,1.1368575215072263,1.136519618754489,1.1359797847938842,1.1352222700410413,1.1342356199990333,1.1330482059587563,1.1316565812604944,1.1298044824973164,1.1280014311258049,1.1260053667590957,1.1238239360034485
experiment_601,1.0312514813774423,1.0317253448540749,1.0415247019031153,1.0420840633192745,1.0443767088202982,1.0441742208885083,1.0440770193669417,1.044164343047295,1.0316355359494958,1.0319402264442126,1.032401069335649,1.0330048070014497,1.0337614444726702,1.03467270710849,1.035776521518027,1.0370982172723253,1.039149490323377,1.0469774777474081,1.0493445488234183,1.0514396455343966,1.127817542472264,1.161290452799252,1.1722875799034675,1.184863980307007,1.1706228690141094,1.1851447459911288,1.1969231170362484,1.2137430030849443,1.235556834487168,1.260929024090558,1.3667921601916306,1.4108496941568207
experiment_602,1.0312514813774423,1.0304292082418733,1.0256496652170446,1.025171646860778,1.026410579780005,1.026049441053753,1.0259066756168542,1.026029585170553,1.02767862187147,1.0283312204434036,1.0293251285585103,1.0306513225675311,1.0327668053715746,1.040189791469909,1.104233848329331,1.1385820797081427,1.128583326889656,1.1442242014544945,1.1549915761686596,1.1740156234761838,1.194442385057064,1.2226458440118886,1.3249140301465658,1.353155247878179,1.1896545929777733,1.2126668901077182,1.2510249811281617,1.2183950787752098,1.252788110674083,1.2894590970679518,1.3509446940996908,1.4153910375775633
experiment_603,1.0312514813774423,1.031702301275513,1.041737460855028,1.0427965103149266,1.0459488179443654,1.0473337377928305,1.0491224339654843,1.0375910133108026,1.046250164868944,1.0490917957226997,1.1234107458994693,1.1321974950390306,1.1769990709533997,1.1933095072818527,1.2132945288942532,1.1948115103505228,1.2152214722151216,1.238769269385401,1.2734634668029163,1.3917004141402387,1.4276139668956507,1.430763417836715,1.492221191454991,1.298991726017185,1.3323392886960814,1.2523472803218643,1.3020194460722423,1.3450298711280786,1.4153532881683675,1.5008663930113064,1.6129226603230489,1.6541988399243017
experiment_604,1.0312514813774423,1.0315350161512564,1.0315961694082094,1.0418057834151215,1.0451196380410224,1.0454834078225064,1.0460097355690987,1.046835375548822,1.1065524051848319,1.1092272340671299,1.1126874934056656,1.1173153110053702,1.1222824945164902,1.1281883473678085,1.1351368838048974,1.1429790053538502,1.1518913069310344,1.1620121532510481,1.1706832827146803,1.1680885711757665,1.0927205740933554,1.1378924533414698,1.1513538204166207,1.1670420721435193,1.1947768042001758,1.2314139969528441,1.222944694403982,1.247380549465273,1.2734934948278012,1.2350133300801718,1.2546031871424475,1.2724558266252384
experiment_605,1.0312514813774423,1.042418954493069,1.0438069368712704,1.0459498446182334,1.0505991799552028,1.0389748724246617,1.0296390099745345,1.0315595615152198,1.119909006518747,1.158830342073348,1.1725362268646642,1.1619189943592811,1.1781297130392134,1.192659202241473,1.211280094423398,1.236992087235065,1.266542895961921,1.3802925871294986,1.4413751138737965,1.4051577323262523,1.4519373001756282,1.2572545866503815,1.2197902800324865,1.2457627077006914,1.2816268842390017,1.2664513332529674,1.341578697588824,1.3786233457039747,1.44130985154216,1.5062973418588705,1.5793790943423194,1.6275085958122337
experiment_606,1.0312514813774423,1.034453381679701,1.0249799086703528,1.023944516456366,1.0246436402491361,1.0245194002589457,1.0175330776824152,1.0231822270063036,1.0120899616257617,1.0118209389373483,1.011648287489062,1.0114960570705922,1.011455459057925,1.011475330674051,1.0115604794880646,1.011723418451082,1.0119618225731657,1.0123011809776956,1.0127281799422279,1.0256632098721175,1.0212239296254153,1.0223902789482684,1.0238144241795841,1.0302023845652808,1.1066003207321957,1.1115226582517914,1.1211897226870835,1.1329038465012782,1.1470079152107526,1.1632989237845548,1.179097694289903,1.183989363207066
experiment_607,1.0312514813774423,1.042605998699097,1.0437908302985917,1.0456858045098958,1.0498976122596202,1.037434424081385,1.038334635856249,1.0307556796842343,1.1195896337141922,1.125029765907104,1.1286560086645154,1.1274413405053894,1.1315531726858419,1.1358829056123354,1.1402487861380948,1.1450706270432571,1.1498198824469021,1.1548107335990805,1.1599638035520075,1.1653325186892312,1.1708541514078463,1.177377137633415,1.1805785888086202,1.1866322638808573,1.1936009455064447,1.1832597608712776,1.1902887100242872,1.196539875294048,1.2029819071845282,1.2098369924391854,1.2164880528548898,1.2867864611728383
experiment_608,1.0312514813774423,1.0446379519530058,1.0481284635308303,1.0521076323552365,1.0313994325921203,1.0455112321631763,1.0481269925857475,1.0507153788314232,1.1543435123421633,1.1621638257328133,1.16975321590832,1.174504675724539,1.1816965900500518,1.188700368422289,1.1791165745440226,1.1857204281266984,1.1917404611967441,1.100860182323504,1.1030878816142113,1.105701261689389,1.1461793445501178,1.1503770184100375,1.153604790155228,1.1567173718894117,1.159659327812963,1.1625249260307666,1.1652264011951745,1.1713797283364609,1.174494829905021,1.176486981072037,1.1786546076505642,1.1808106519288444
experiment_609,1.0312514813774423,1.0424422741666444,1.0428157378184986,1.0436755944834215,1.0463456382063305,1.0454557418000427,1.0443369436472199,1.0430856198598708,1.0292257291481222,1.0282276135380128,1.027215516067603,1.0261810488391745,1.012965493103219,1.0124368480227286,1.0119299210032697,1.0114293484403207,1.0153913735573117,1.0147944905984625,1.01425594352005,1.0192317334768448,1.0186333680289128,1.0174194817973847,1.0169985072775758,1.0166425563935109,1.016359496496761,1.0161384779429667,1.0159880013836067,1.0159013993210175,1.0158765996793917,1.015910992377093,1.015984820455995,1.0161280093619653
experiment_610,1.0312514813774423,1.043315299278591,1.045094156443144,1.0476624607175782,1.0378792010985007,1.0397018517404846,1.027692717368903,1.031372725423453,1.0523780459254672,1.0546688013545569,1.0571817055293267,1.0605189355660247,1.1523473773527075,1.1618899350542788,1.2119096559708946,1.2256024029446626,1.2413897486842969,1.2587145525764711,1.2777125175597406,1.2966601746121176,1.3192039680656502,1.3468005324977812,1.3728958521581685,1.4008630034863911,1.525568424552364,1.5675638244147978,1.5607445378899152,1.5861219535691253,1.5909678084107108,1.636580062424751,1.634158202572678,1.6671760614328393
experiment_611,1.0312514813774423,1.0420978198276465,1.042631581881911,1.0435682284233823,1.045378111055915,1.045839813000341,1.0463984720034685,1.0470324365927763,1.0164122736236936,1.0167624078893565,1.017171245581775,1.0345639735097627,1.035711992762553,1.0370694051775962,1.0384579571284513,1.0403081445547229,1.0424936336970552,1.0522501535501974,1.0543508914405737,1.0582007975453438,1.0627398105241839,1.1572491163733873,1.170856493699342,1.2276590501984357,1.2497442901311038,1.276828328742054,1.305995488675294,1.3407465968416654,1.3794712500154047,1.5184996640042592,1.5908352274832882,1.6580791080921853
experiment_612,1.0312514813774423,1.0430716480789597,1.0448657123490226,1.046790338033054,1.0377654217351748,1.0303184682795063,1.0309804669780263,1.027110851464491,1.1261910436113927,1.1288494819149537,1.1318510378257194,1.134895897754913,1.1379944423944532,1.141355144396188,1.144968494220896,1.1489467727772855,1.1533549804734329,1.1582090519393544,1.1608636358208702,1.1668893751658875,1.1590311137033267,1.1665516875861845,1.1749550137401616,1.0935035069051446,1.0985852447430071,1.1425810423153413,1.15154537008498,1.165258154775664,1.1736291838314634,1.2131552707379123,1.2092261385122005,1.2253047869407998
experiment_613,1.0312514813774423,1.0317459103687059,1.0416569325693608,1.0424226029247443,1.0447789662897369,1.0450638291648824,1.0453838960954684,1.0459421946958198,1.0336566412528707,1.034176279785591,1.034818751861243,1.035524879444138,1.0369038754743138,1.0435682580893526,1.0448724594546115,1.0463641986763776,1.0480613624892678,1.0488641620944548,1.121526986938265,1.1323823507391289,1.1642230605364954,1.1725464056661852,1.1818154855314482,1.1853515397823509,1.168677390887182,1.1793414409360479,1.1902368995528672,1.1980757620136575,1.2124573687910012,1.229904299100289,1.247816349069814,1.24168554431949
experiment_614,1.0312514813774423,1.0453909310762244,1.0496103240820707,1.0397221025489245,1.0331779137974455,1.0483487464877972,1.0511871548830698,1.053939280456345,1.169705659440483,1.1775970961458524,1.1844677789016345,1.1747665598246995,1.1794875051789655,1.183722790855081,1.1865124788300183,1.1884272545963457,1.1892319409060834,1.1890184578967344,1.1878253755552608,1.1857304738515453,1.1827633372481814,1.1785224261921639,1.174059733303409,1.1690190962882467,1.1778209060915996,1.171330749740108,1.1665932410649076,1.1593829180573034,1.1520231252681319,1.144614314284527,1.1371288874480758,1.1294691003988762
experiment_615,1.0312514813774423,1.044236757357856,1.0466086931998373,1.0493456965742292,1.039041425114987,1.031516207496144,1.0295811105555142,1.0301601846912616,1.0395259890005766,1.0399491067173459,1.0402436990020594,1.0404096499544748,1.0404211971662216,1.040306892926297,1.0400760469492771,1.0397385853761487,1.0393043243996734,1.0387804481522633,1.0381925119246505,1.0375234743071955,1.0367987381633645,1.036246626328895,1.0354104985547843,1.0345318630972373,1.0171723060798334,1.0166897136220754,1.0161932915359972,1.01568953750725,1.0154915080552893,1.019775662265294,1.0190530977034833,1.018344297166999
experiment_616,1.0312514813774423,1.027750920322185,1.0254435856823538,1.0237735235967758,1.022952887945395,1.0216777209561405,1.0206826080326994,1.0199485094780183,1.0171952540603468,1.0169412989667135,1.016813796932772,1.0169223367484093,1.017192887320083,1.0176507810793483,1.0183085771095035,1.0191880204937878,1.02031088681626,1.021779591341807,1.0244062620370307,1.0186907561433052,1.0152891304792988,1.016997665371634,1.0373101670600369,1.0419836735699413,1.0543256390030629,1.0625135738934919,1.1696584355703994,1.2427607634547557,1.2880358421114582,1.3437041883294731,1.4164197817985316,1.6236691475481542
experiment_617,1.0312514813774423,1.0309957945814763,1.0354584450426878,1.026848867890527,1.020989057606007,1.0208814826468293,1.0208143064324355,1.0209300875001985,1.0306236010246626,1.0317008414423103,1.0376342762743318,1.0388574846902552,1.099336820936591,1.1055269632526945,1.1145085243150026,1.1222693387040656,1.133816284417749,1.1391298896443618,1.1520431382762997,1.166789997475751,1.182111499095831,1.203567670807265,1.2087324024954944,1.3018712107861052,1.1858548615549365,1.1849363752924456,1.2102359360204322,1.2245886452839096,1.2864250435916902,1.2431240799440189,1.2719226844148421,1.275301849878729
experiment_618,1.0312514813774423,1.0422719210892117,1.0433590588058217,1.0450851804119554,1.0493375828234675,1.0374705401928799,1.038851101169285,1.03161213542486,1.1236003478316465,1.1296933143706356,1.1310206342916533,1.1386635629663022,1.1471878713436237,1.1564190557575433,1.1666406756548016,1.175421015284782,1.1878809397034724,1.1848778634495403,1.1994380059675391,1.2168572063272374,1.1619911604722926,1.1802018361480031,1.197150980433212,1.1903059691483846,1.2050657590510012,1.2250042217468784,1.267061306020044,1.2835287508633508,1.2382668184592853,1.261735998660197,1.2827105123862683,1.2583460084739229
experiment_619,1.0312514813774423,1.026049471180629,1.0245862344424959,1.023578998024078,1.0241963463019284,1.0234240358063174,1.022864916009696,1.0217315286006274,1.0122537347113498,1.012333836083082,1.0125242079299563,1.012818865408737,1.025605002038705,1.02666036755063,1.0280038510610845,1.029675742864121,1.0321551107595626,1.039922335138745,1.0882428654607874,1.1199953801241929,1.129240098549581,1.1434221470919748,1.1601770492674397,1.1796820727579536,1.1836026653965226,1.2087107292071744,1.3070901640142318,1.1912911419076202,1.1963865678733931,1.2284840163901798,1.2909203465217542,1.2927367359791195
experiment_620,1.0312514813774423,1.0301499635073301,1.028289868415604,1.027381736948229,1.0275873801577895,1.0258380582895161,1.0252012059839406,1.0247415225940868,1.013381389610016,1.0133378360780587,1.013377534707336,1.0135164001583852,1.0137640150890852,1.0138247306044441,1.0142885679186295,1.0293300907987462,1.03046476907727,1.0321409296841537,1.0346207616096923,1.0425047314252271,1.0445733547807459,1.1174302956193263,1.1585595603312528,1.1726912180617495,1.1891783208102091,1.2095992215801017,1.2287969437763206,1.2513287163528557,1.280801100691762,1.316457766662316,1.3138718437617118,1.3660617851383194
experiment_621,1.0312514813774423,1.0426070417460942,1.044086622460386,1.0462698735292453,1.0380348178288035,1.0313219858841927,1.0329879023092672,1.0321677419865045,1.133094497284458,1.1418095650857043,1.1521457080346549,1.163845128239257,1.1741112065168346,1.1883806985602456,1.1872910456530377,1.101951121039184,1.1507293222617883,1.1751452504235873,1.1847060936991198,1.207616144972886,1.230867447182944,1.2557760933616149,1.285265440840441,1.300979906301992,1.3388376027953106,1.37653106812253,1.3675430660857868,1.4042137312700071,1.4542963028694287,1.4082328810941185,1.4398638165643347,1.491938390202458
experiment_622,1.0312514813774423,1.0313429251348887,1.0260918778005066,1.02595034794653,1.0220041911231372,1.0219130580168392,1.0218545972211244,1.0218197847553756,1.0297037713500314,1.0298050535182581,1.0779885248591285,1.0787315765068621,1.1001169973176232,1.1013943548902396,1.102687139262908,1.1044471592240697,1.106524072710611,1.1080961238701945,1.107750783933219,1.110587564796559,1.1140439943355358,1.117955674171107,1.122515778997548,1.127697380149877,1.133828044197698,1.1403654986361507,1.1477036499069337,1.1560401534779452,1.1653990059270323,1.1731100750350938,1.1848667478053452,1.1820234558978413
experiment_623,1.0312514813774423,1.0426745292345103,1.0436903907425379,1.0454168544744644,1.049356971727934,1.0368678263702653,1.0375494159566974,1.0299304962100984,1.1137406039267972,1.1162229319476813,1.1186605872287692,1.121427443613346,1.1242540204007392,1.1299290544617715,1.1334636454407974,1.1373875568068699,1.1364418641083267,1.1411139045491547,1.1465709539138111,1.15254082463098,1.1591916918215615,1.1667802920149417,1.1760734410927485,1.1835974730780006,1.1948316332994777,1.2077930497588671,1.2034548294674723,1.219785617132464,1.3039253614719524,1.1790354754319665,1.1897520044310237,1.1888341668090792
experiment_624,1.0312514813774423,1.0439934619783549,1.046540482081429,1.0497670475447576,1.0314696117849218,1.0303849497215833,1.043567788432642,1.045817180565996,1.0537701885321809,1.1322735558158032,1.1384246440338044,1.1736760887937239,1.1886093593887748,1.1990154672049451,1.209459440938642,1.2215456850191713,1.2335833270075287,1.2473487247958164,1.2594093295533226,1.250119651509451,1.2388907446100546,1.25355339679211,1.2677934864939557,1.2771826606984718,1.2925302713992355,1.3850913479537619,1.4056097295924361,1.4262849513446638,1.4556615629937073,1.4797570730966574,1.5043228792736878,1.4750690363253667
experiment_625,1.0312514813774423,1.042156055490448,1.042891751435612,1.0444607555078163,1.0477388997593988,1.049345100013909,1.0375488126818193,1.030716053484865,1.0396549383638831,1.0488642160811772,1.0521944936444645,1.0547839047230607,1.1396577455107757,1.1518568528823447,1.2040522891606769,1.224427296685733,1.2494862283176547,1.278873213194861,1.3135392123610785,1.3597729977992714,1.5001324614895175,1.5737700391801035,1.5852104586644855,1.6310372274858016,1.5977856300647764,1.7156676585390898,1.6038442845480356,1.648712851578355,1.4239632510741012,1.5252345149118085,1.1937080494566639,1.2281809192037627
experiment_626,1.0312514813774423,1.0447642784173568,1.0481923835079585,1.0380047044862852,1.0302871630364665,1.0320610742025214,1.0460550174116257,1.048264360255334,1.174441873895014,1.1817658934662594,1.18896491210353,1.195800094314617,1.2029252240235992,1.2092828021569368,1.2150934253287424,1.2211134405716781,1.1862286369788329,1.1903563003605253,1.1942853839750212,1.1986486199461557,1.2019532260878236,1.2049371667176179,1.2056059955851421,1.207954680634793,1.2098622038039197,1.2114297122214994,1.212660249941345,1.2135534114219269,1.2140243075233332,1.2142807840110246,1.214199802508419,1.21389906087359
experiment_627,1.0312514813774423,1.0312793381310907,1.0310970409214864,1.0313248930905239,1.0430372587223835,1.0434464774287042,1.044162557918722,1.0449437575764646,1.0310184034379746,1.0318572797675563,1.0329412903929025,1.0341658847246018,1.0361343817049735,1.0435780051890091,1.0458642052519254,1.113647188509718,1.1492825076845508,1.1592529475021136,1.1450882005790617,1.159154808707029,1.167906908858702,1.183680802563118,1.2001079440267932,1.2210371611237876,1.2466093170760622,1.3529302865070985,1.371944796962546,1.260655858260173,1.2280182719300938,1.256134713528531,1.2798898433277526,1.324261206654684
experiment_628,1.0312514813774423,1.0467098507403818,1.0382974566608818,1.0308173944487953,1.0486936555624038,1.0538770406902298,1.0599818320356458,1.0682305273882464,1.2398124977240117,1.2537180023975043,1.2298498368354807,1.2482324830947742,1.2656469046711363,1.2870038613677943,1.3835478248402835,1.380423368833794,1.4147685572242699,1.4452328030486787,1.4293240577364197,1.4519379356771596,1.4811258474650186,1.5114090249139436,1.5432169067216739,1.5752749061055726,1.6080394886055265,1.4315400925846953,1.3478217914829538,1.3664948218697062,1.385602066583281,1.3968308778821157,1.4139251054225064,1.3825165515959665
experiment_629,1.0312514813774423,1.0426545770047901,1.0437924904013471,1.0456175110839832,1.0500959997757264,1.0376886727747858,1.0300929508739851,1.030754836455809,1.1229247013027386,1.1261197367155866,1.1299895007333176,1.1339695156757628,1.138787126162713,1.1441508033012968,1.150152067445434,1.156962495609707,1.1616263327266065,1.170201366760622,1.1647001369858951,1.089327254081955,1.095855638078255,1.1415887234629225,1.1571176897919913,1.1725334879902178,1.2100165025848164,1.232080593239028,1.229816165403499,1.2432449683635045,1.2715678106413377,1.2357596250631253,1.2583004974471017,1.2843896977385296
experiment_630,1.0312514813774423,1.025800242369432,1.0239401951637213,1.0224587472781794,1.0176338064997783,1.0225655120344344,1.021335926283126,1.0203243122828027,1.0134891409263966,1.013001239340778,1.0176997213088148,1.0173255047089207,1.0171345123710551,1.0170764410737896,1.0171491567604753,1.0173637888205034,1.0126727753033204,1.0130492373528979,1.0135939865346564,1.010797518029918,1.0114253772203394,1.023805119634223,1.0202370241565344,1.021922500469773,1.028394682931046,1.1032260687667796,1.1096780100577641,1.121966583202929,1.1367469745589638,1.1539189138199617,1.1711887325679717,1.1792872844460758
experiment_631,1.0312514813774423,1.0305048141356368,1.0265041024795987,1.0351391984547695,1.0372532466178006,1.0279848731131518,1.0223511162068033,1.0238101174410832,1.0353315056907666,1.0442518705373016,1.1159796354726204,1.1336685186714552,1.1531055691492318,1.1690290276157569,1.192407959628128,1.2235991124501888,1.3078768443234157,1.1953740572474332,1.205242528985219,1.24013702644752,1.2746691477613632,1.3201277791565027,1.28031944718975,1.3477125774100727,1.4137767594247943,1.5037037032977378,1.485551204609765,1.574510288448205,2.5055943986323883,3.1373931571536677,3.3343201618548033,6.45754938699216
experiment_632,1.0312514813774423,1.027567652970416,1.0251085017441366,1.0232392548772045,1.022242164549912,1.0211765224744127,1.020002573049121,1.0191059716388828,1.0156217947302613,1.015161559248071,1.0148583807869485,1.0147039757535055,1.014678851283525,1.0147945669101246,1.0150519677997139,1.0154122311186666,1.0159788212714325,1.0167231593693442,1.017669618879803,1.018845291837822,1.020310699065165,1.0221507209835028,1.0178114445412398,1.0197597007017052,1.016380494157501,1.0362720637336515,1.0410040312768358,1.0533716770721415,1.0617653003902696,1.1676617168354855,1.2412428479080602,1.2865874633533807
experiment_633,1.0312514813774423,1.028567525415458,1.026219778308778,1.0248927550360152,1.0242704583475855,1.0234397735976648,1.0234014117764199,1.0231661904506326,1.0223024879298346,1.0160279215562193,1.016493266906874,1.0133049283810864,1.013743837796593,1.0143584793292448,1.0305307447870955,1.0330520907442984,1.0369630795749327,1.046348708126833,1.1255143896095918,1.1765481992285074,1.2029038980157518,1.1973498384293697,1.2256082334077536,1.2716072808520258,1.4186589519745154,1.4358723337060033,1.2555896902238388,1.2371262842280133,1.2410245256285592,1.3463682323993347,1.4377244504870281,1.5784761463506498
experiment_634,1.0312514813774423,1.031336608578323,1.0409084850824757,1.0299205977617922,1.0430400377396556,1.0428066679445653,1.042649099599102,1.0425978386484347,1.0295683308154007,1.0296943302878332,1.0299101188865878,1.0788388158194924,1.0799835361526113,1.085237873987682,1.1039905440141513,1.105718971471819,1.109086180265302,1.1132343189722949,1.1205252894097015,1.1206393593128336,1.1272116479961172,1.1348351999711486,1.1440231917669303,1.154394311809314,1.1666201992031153,1.1789473868654239,1.179443672258129,1.1971923654369618,1.1489533186131102,1.1697128172428004,1.1588225423705028,1.185108952240782
experiment_635,1.0312514813774423,1.0253174659143118,1.0230908461779755,1.0206599980311415,1.0226169317473686,1.021157490297056,1.0191830878810022,1.018330277550234,1.0175510696621486,1.0171613780118296,1.0169989341927799,1.0170190218176407,1.0172882642141141,1.0177776290971068,1.0132224749773,1.013973534906967,1.0113222260198163,1.0123003531117127,1.0262816062834175,1.0231116915262595,1.0307312245028986,1.1114624484672304,1.124110916981447,1.143595364620036,1.1665885441235428,1.1755050865546488,1.1054043732671623,1.1733192155431955,1.2120625198055162,1.2529152637090766,1.2914346376126642,1.346871424159508
experiment_636,1.0312514813774423,1.0315946970895091,1.0263364303445417,1.0204024824707785,1.0222081278569,1.0216454531973316,1.0210749763763947,1.0205093878738003,1.096353603790268,1.0938396520234406,1.0723646430097746,1.0708033378387487,1.0618209474599758,1.060630259059534,1.0595391934366378,1.0579567846265265,1.0203811010090558,1.0201793087266997,1.020072269672366,1.0200222183572678,1.0200459692836603,1.020145429235808,1.020323172138681,1.0205836622733702,1.0209253190770369,1.0213704373212522,1.0222438131768286,1.02285759963954,1.0942244002129617,1.0973254784415851,1.0964807656069429,1.1001645323782379
experiment_637,1.0312514813774423,1.0434284992848626,1.044921554936292,1.0471487105468176,1.0376209255650184,1.038477216740952,1.0391368800602852,1.0311237334362848,1.0447007258848133,1.045368016587928,1.1098480446948276,1.111029656144099,1.1114880424639,1.1129005914231027,1.1142279865428706,1.1157119920739473,1.1174226939035736,1.1430957112819495,1.1500454564490763,1.1524520609487618,1.155063004982304,1.1578774595167056,1.1609993961107776,1.1642613271840625,1.1677557392241456,1.1715099012924117,1.17547710197934,1.1800158027271226,1.1844281949258677,1.1626927605743722,1.166892611697918,1.1712543956743695
experiment_638,1.0312514813774423,1.0434693604001284,1.0454761334251357,1.0483309975767083,1.0311998951377777,1.0298220443831758,1.0309032119948072,1.0437267779376678,1.13450668802851,1.1399651855323498,1.1449140724245723,1.1501053256800182,1.1553654891804925,1.160751022953911,1.1634002576722282,1.168945609427149,1.1746271700075228,1.1656565703800148,1.1717096734521195,1.178490883034218,1.0941760219070151,1.0971076906461603,1.1002404042641252,1.1418483796690255,1.146569967859451,1.1489015709948243,1.1626328784911237,1.1634992608770458,1.1626971688440138,1.1664023141025588,1.1739179278987326,1.1856837625996979
experiment_639,1.0312514813774423,1.0422792176637385,1.0428364847692722,1.0438250795001789,1.047207986416912,1.047270683684165,1.0473278246197415,1.0473946010395934,1.0854574607860852,1.0891463770477987,1.1081434992307744,1.1095773205814814,1.1107856425281,1.111860090888363,1.1163393976706597,1.1148227909209316,1.1182485897510606,1.1225654252672337,1.1275304639443533,1.1335680834990338,1.1402497831044698,1.1482514488085602,1.1569061695250402,1.16693475469182,1.1777712027673146,1.1871074209967667,1.1837296611798114,1.1971594531526843,1.1063658073824725,1.1531633709884768,1.1649300377807215,1.1812389967532075
experiment_640,1.0312514813774423,1.0416330470294257,1.0419963943360067,1.0428673166999365,1.0465043838234949,1.0470054053279043,1.0476960050594375,1.04856551276988,1.1112274650351561,1.115693822852828,1.1137941102285074,1.1176710625253585,1.1221038777953534,1.127184752558303,1.1330755767828693,1.1393458751253445,1.1463008013617366,1.1539419066618226,1.1623734551229785,1.1691776008490125,1.1651176102954746,1.1765370186655297,1.1887497656736108,1.2016993593256782,1.1483619211224887,1.1574233943170682,1.1746512359862145,1.157259704990736,1.1775219563638184,1.19627722407462,1.1866007057614185,1.2065912468836704
experiment_641,1.0312514813774423,1.0299054553974702,1.0247497175113793,1.0237519970740352,1.0243807590371892,1.0232859207465514,1.0216043668547952,1.0210161338948949,1.012644321637178,1.0125546450720826,1.0126219612025338,1.012073167465016,1.0124462907107572,1.0130037444099755,1.0266402703040387,1.0285062921373944,1.030964530036713,1.0398675202171155,1.1333014256572942,1.1299912885189929,1.1438007487014359,1.167255669900157,1.178570512171794,1.2130059466405685,1.1716485343245748,1.1913704771826052,1.2290428755111429,1.2731385190768063,1.3332124864185606,1.4220194829998798,1.4407955041948626,1.5377100893056967
experiment_642,1.0312514813774423,1.0418895606229044,1.0424180480645275,1.0433014614874871,1.045236488322335,1.0459852581812585,1.0468272585700389,1.0478131227590297,1.0169519520069215,1.0339070424817245,1.0346019141679517,1.0355601830779368,1.0366211377097785,1.0377549463874287,1.039058883920355,1.0404856951340447,1.0426210054203897,1.0474157236870876,1.053112811138561,1.0549162762488542,1.0569616018298256,1.0599041367949453,1.1472048818037435,1.1556274196603373,1.2018692934885686,1.2150481188996454,1.229230012113264,1.2453857814041576,1.263634622880915,1.2885862259518608,1.3137918127719326,1.3420988804266945
experiment_643,1.0312514813774423,1.0250918226533503,1.0225343293162554,1.0194773891014708,1.021519205751979,1.0190064414546993,1.0176863690314122,1.0166180396814521,1.0153398594808014,1.0147626885546108,1.0144499021569848,1.014256864881133,1.0143300876136723,1.0146453645405373,1.0152736547394423,1.0161166351426953,1.0179936998620436,1.014106343513376,1.0111778669738647,1.012327546617823,1.0281635332857932,1.0381307013482914,1.113478731588783,1.1312248523841582,1.1571380189358316,1.187424969568119,1.2104869982594368,1.1846130163648465,1.2322719506551822,1.2601758240371117,1.247796542761759,1.2902035317768568
experiment_644,1.0312514813774423,1.0347090502188674,1.0255445328789374,1.0250272989196965,1.019071523314898,1.0188936552788666,1.0189142930180315,1.0145266436422773,1.0241705401421377,1.0292974229881835,1.1018164596107296,1.1039702658035908,1.1112028553612434,1.1203684023821732,1.1318448847168474,1.1465068649970553,1.1634538063741442,1.1806752868217119,1.09518755133737,1.1460674515535592,1.170446332902409,1.1996785134007848,1.2338258653340546,1.2658237463815463,1.3079174914432021,1.3194633773844642,1.374114129169849,1.3564607929936874,1.4213842493220998,1.493561757704164,1.5833309792586328,2.226801314835143
experiment_645,1.0312514813774423,1.0432214234843964,1.0451702850577886,1.0482562801951711,1.0400049786385106,1.0303823926622937,1.0320904268394595,1.0465889910600752,1.1429749439428407,1.1536249535375036,1.165926671575978,1.1770776227307507,1.1923307264931662,1.1927609488736128,1.1047420695728365,1.1550462614184394,1.1755313501112759,1.1903429046756664,1.2199402902302143,1.2405421845560511,1.2654316652809736,1.2854507294099071,1.3093748606358275,1.3456563502815189,1.3293908849826102,1.366111070555593,1.404773817742313,1.4497296220817861,1.494734016522732,1.4377107124010418,1.4697867501025732,1.5192650680065125
experiment_646,1.0312514813774423,1.0313578946673947,1.0314181204510207,1.041746379448928,1.0448643298212605,1.0457531685065382,1.0470498826959445,1.0488389403567173,1.1145000663730442,1.1166964891030353,1.1238501612674983,1.1323267512261148,1.142883317394099,1.1546652046570078,1.1684702100300424,1.1822747863242071,1.1850231436841745,1.2055503288988219,1.1554884180397147,1.1742382325436742,1.1990476490706719,1.201737578866231,1.262072821234948,1.2916443850736974,1.3316933492974954,1.3346818433603427,1.385540071482439,1.4538230536982055,1.4206021528434638,1.4815161221908988,1.5525100258529931,1.524453977164519
experiment_647,1.0312514813774423,1.0301084955150372,1.0250426092369673,1.024237351433522,1.0250419553656949,1.024306285063452,1.022919884436445,1.0226236794452892,1.017146945161699,1.0133609752377621,1.0133028766029082,1.0136579828469618,1.0141958292060862,1.014587730913524,1.0302851199704222,1.0308841753713387,1.0339584311295242,1.0428341469364857,1.1120414806835432,1.1314523382147605,1.1509553668944021,1.1665156623650423,1.1895451766592458,1.2211366232733696,1.3050234640240777,1.368324277566126,1.2081789492905937,1.237989543079461,1.27349314770546,1.240671745834847,1.2821358073745341,1.3496208110845844
experiment_648,1.0312514813774423,1.0307284770747511,1.0300426989253808,1.029808044569626,1.030848168449733,1.0304939953323815,1.0303286759472263,1.0304036708762079,1.0153537347778419,1.015625821258715,1.031160874646612,1.0321261790277654,1.033390284362467,1.0349773894110916,1.0368489725226202,1.0423320097443605,1.047990959596581,1.0510033677552826,1.132271510952762,1.1776579413587105,1.194061748417912,1.213166334163346,1.1938174248334912,1.2141120041216318,1.2354050842970143,1.2678303590096576,1.3784648371476047,1.3933326479960164,1.4173789849888547,1.4617985245920504,1.531602367417893,1.299531364616904
experiment_649,1.0312514813774423,1.0313301585310624,1.0312451866934722,1.031629121349554,1.0433866717386633,1.0441790079743447,1.0452442510315845,1.046509031415749,1.0342424469137235,1.0355634822666118,1.0371853820761352,1.0395887882287185,1.0479707519570984,1.0503073934251306,1.0530929146167416,1.1344564028993471,1.178234715791244,1.1926965228017974,1.209285769062369,1.1877476875574444,1.206611300545984,1.225616954664776,1.2462766321053909,1.2773689466100735,1.3884458298870577,1.4453919947837544,1.4560188870653248,1.4692318266173898,1.5327508689768372,1.3133339152619063,1.355531341103007,1.3369669512386702
experiment_650,1.0312514813774423,1.042359459207533,1.043214134806004,1.044857055749423,1.0492018973687032,1.0372949318660758,1.0385440811322033,1.0312681288900936,1.1169567330655907,1.1209946634822117,1.1264479548102906,1.1342781806683204,1.1356512126568135,1.1422753065513473,1.1495862120683895,1.157608007785837,1.1656114490046836,1.1739261574075168,1.182589138327248,1.189053077961413,1.1982054638121675,1.190206221827533,1.1993144329111205,1.2084433999151827,1.21708620562666,1.2254460568467709,1.3000763397706359,1.3114481266946556,1.1667891821733862,1.1712707068348545,1.1848195444823375,1.1838069489326415
experiment_651,1.0312514813774423,1.0253678586386619,1.02549695278817,1.0248254921612965,1.014343554736554,1.0140179678474093,1.0137910289610514,1.013700206351967,1.0228891527774757,1.0230702071101336,1.0274140352388548,1.0953027518244554,1.0632363761049244,1.0680100054659187,1.101245005210569,1.1061006137427327,1.1119737769586326,1.1188695521992504,1.127109160813497,1.1362068610073093,1.1466081885184578,1.1583961606619795,1.1548205530496798,1.084947120384389,1.0936741057935673,1.1405000573030262,1.1557879328665772,1.1765297247450488,1.2158599672070896,1.2111292310749666,1.2336185506056656,1.1980514131487614
experiment_652,1.0312514813774423,1.044737262848799,1.048042354848047,1.0380613008899646,1.0306076709897782,1.0442562532215416,1.0466130880193656,1.0489988088349222,1.1739423913613665,1.1823890249793891,1.1907510797037928,1.1991230399178847,1.2001133366058832,1.1779839401276981,1.1846629010059784,1.1914868810121555,1.1987173032834892,1.2028368498974864,1.208741600423017,1.2103212238537215,1.2154368887278046,1.2200624293899016,1.2242974077806676,1.227527448569465,1.2304577855897274,1.2329576403099478,1.2344923192198807,1.2353884311665142,1.2353952754942463,1.2345937683191621,1.232963518001695,1.2303885401890151
experiment_653,1.0312514813774423,1.048070748548966,1.0401037895559921,1.044788000985666,1.0534267222018856,1.0590884781595589,1.0679812855522723,1.0741062754648023,1.2088030083582522,1.2265606774559323,1.2448172370439072,1.335710277976273,1.3596663232196495,1.3930420475056788,1.388119239204331,1.4136518456335856,1.3855624687532888,1.4005924070782294,1.2202728901095465,1.2203283179334583,1.2312359919586746,1.2418153955053555,1.2459490651855252,1.2563889781069015,1.266804373575091,1.208692851029306,1.2165003331104578,1.224732823610805,1.2328926210292108,1.2413611116616539,1.2465897222221178,1.2548101070012931
experiment_654,1.0312514813774423,1.0417725331907375,1.041694046829312,1.042050055279335,1.0439308680572532,1.0436563846608953,1.0432641180194449,1.0429413286866132,1.0319318095029966,1.031853734594342,1.031925671676509,1.032095687054288,1.0324820957581702,1.033043987341741,1.0338600061913987,1.0348549794844035,1.0361414476140616,1.04081945466236,1.04607225395367,1.047588814546296,1.1216814398049888,1.1561021246987468,1.1728686153894303,1.1863967283485441,1.202018870869017,1.1812230319042027,1.1981567402843272,1.2098586200023422,1.2302610713889923,1.253386786441157,1.3499987987672182,1.3845257912172388
experiment_655,1.0312514813774423,1.0303930269027413,1.02596357751334,1.0254308949838755,1.0190796618657672,1.0187195343169944,1.018518090359308,1.0183914403996175,1.0268113596040336,1.026901419824387,1.02718756739652,1.0276168751501915,1.028236460014003,1.02902176975374,1.0304628969215477,1.03663190700976,1.0383249970326187,1.0990468351386362,1.1281135418997086,1.1367522387070288,1.1247259527989877,1.1346023842271027,1.1444130450501022,1.15868203543904,1.1753655987992093,1.1910511868838574,1.2132032283931744,1.2158670703358532,1.1663471942137853,1.1856610289561884,1.1875342421295223,1.162486737722673
experiment_656,1.0312514813774423,1.034620419185974,1.0250568753668168,1.0240607391029162,1.0248531340015716,1.0237104047488177,1.0227201336329046,1.022990416435939,1.0120311727658815,1.011778683458864,1.011616976164621,1.0115278257245586,1.0115614018282857,1.0116908727565943,1.0119304206898783,1.0122961862541815,1.0247523776515477,1.0259078060708757,1.0273940550453309,1.0292009114675968,1.0294081349421385,1.101058912064273,1.113056862575402,1.1216730910664467,1.1353758827386407,1.151408132602905,1.1698677137725864,1.1736646816251266,1.1980642455185284,1.1532226384212956,1.1808583439002402,1.1822417809607182
experiment_657,1.0312514813774423,1.030660740404757,1.0300346151357782,1.030006644716585,1.0313028862343783,1.0314600184412248,1.0320105127607486,1.0430541673537805,1.0162128768287362,1.016751645633144,1.034661044186148,1.0373336495227268,1.0406215573977338,1.0518831982653487,1.0562970878591786,1.1476968994705952,1.2049489987349833,1.2343848226740481,1.220329985422741,1.2605616936928223,1.3771594748841658,1.4567088196046245,1.4516539320658266,1.5383922269966968,1.3449296229596128,1.4122505731615567,1.4412312243478251,1.545322728198891,1.669560085450467,1.4870904651100796,1.6047099317944185,1.5843630008019685
experiment_658,1.0312514813774423,1.0264143895017932,1.0231037289375375,1.0200068587898692,1.0194089464647667,1.0176040540327371,1.0165284062316395,1.015451800988442,1.013358602375703,1.012853607921437,1.0125820039795665,1.0125302432985714,1.0126951625544216,1.013092924779455,1.0137820716092019,1.0147637050609644,1.0161220212498654,1.0179175118514396,1.021091464840671,1.017217929413568,1.0151379390818027,1.0352620417105765,1.0493653088960497,1.1793025647711353,1.181598580019345,1.2309210007097693,1.352289852479412,1.417833217158822,1.29115905123119,1.3745025439117893,1.4508844851378813,1.5100087433947642
experiment_659,1.0312514813774423,1.0238300530248248,1.019424801722891,1.0175661659510928,1.0173968084860436,1.015649419831539,1.0142963510562497,1.0148979095765254,1.0130396074515247,1.0126111767309909,1.0124693475520374,1.0125661805957498,1.0129455317648688,1.0136129998063446,1.014555994791252,1.0160223527817134,1.0186680265245642,1.0118514657719235,1.0132989036836804,1.0310074489677328,1.043241812040061,1.1529641267402972,1.1594788320023337,1.2003618676726306,1.3014354879661738,1.184252682357756,1.2241950298583042,1.2131453283853397,1.2765220130739923,1.3593488341579512,1.3759399317536247,1.4864025356601283
experiment_660,1.0312514813774423,1.0339622677082179,1.0244109970971818,1.0231957771281828,1.0238175712081472,1.023889391802836,1.0230677689758014,1.016661259472236,1.0113944582082866,1.0112889962055025,1.0113218506975514,1.0114459813263919,1.0116930179674237,1.0235276387313819,1.0194556039163971,1.0204978730647785,1.0217970673274646,1.0278029336645658,1.0822421609716635,1.107181205813967,1.1146722758244652,1.127488515168264,1.1432579628263864,1.161893124644589,1.1663951627182034,1.097423892682154,1.153872481948764,1.1787551201264845,1.227140629135115,1.2422214927402258,1.2148831934358355,1.254171497787676
experiment_661,1.0312514813774423,1.0316365882286518,1.0317388892182777,1.0423161906863723,1.0449657668147057,1.0456167950675468,1.046441357847467,1.0476076250842823,1.0350976061127182,1.0368554741932885,1.0440931165327085,1.0460748012920873,1.0484608548148049,1.119209090076277,1.1562005154282218,1.1607513774021998,1.1723353755756845,1.1856844873457535,1.1728783643930396,1.1887152535007426,1.204589989070101,1.2196921998514547,1.2431962557233365,1.3407163265892323,1.3815958747179644,1.431305872235528,1.3978667603095094,1.2194495237063783,1.2481850748110817,1.2714187256661738,1.2298144200490637,1.2561317212848906
experiment_662,1.0312514813774423,1.0303262512927145,1.0255191773034398,1.0248058851238826,1.0256604237016695,1.0249778786792776,1.0244634575703169,1.024114890379531,1.012710617800586,1.0127157316418898,1.0136269995871383,1.0130425705057229,1.0133791445021787,1.0268084333672913,1.0279494393512767,1.0293434827235766,1.0310724015579538,1.0388484351084324,1.0418298460225484,1.1081714576667723,1.1247692110667313,1.1402410025038463,1.1506415115029645,1.1691605380126098,1.1892185763530958,1.2162617337496844,1.292205177823624,1.185418383415791,1.1959605103475843,1.2215734406051832,1.2435434330033412,1.315443289457778
experiment_663,1.0312514813774423,1.0445232553087973,1.0475287911126214,1.0511647810110973,1.0278103898311475,1.031543638385265,1.045087365783345,1.0470089029793799,1.1344108355321436,1.1396387868447966,1.1463865768890162,1.151381195212395,1.1560278167365232,1.160520222759143,1.1600126546977925,1.1642324122007486,1.1680871136224806,1.1717982666910922,1.1753028591482204,1.178613168246576,1.1816377024505849,1.1844346207985268,1.186999885938686,1.187506076731015,1.1895530301553878,1.1912966172823685,1.192748304315134,1.194026468875196,1.1948091959519374,1.195263152476553,1.1953417708663143,1.1950194817042545
experiment_664,1.0312514813774423,1.042447829990656,1.0433911180731927,1.0450505171973135,1.049062742597426,1.037211241705765,1.038481843875205,1.031283240642853,1.1139318400209617,1.1472584876943732,1.1547973823603332,1.1382610188119666,1.1487326025342233,1.153890553592642,1.1651129312720403,1.1775428352277308,1.190041201237692,1.2064147045364828,1.2254739403515669,1.2265220731840254,1.316390857888371,1.3613268629456752,1.3610072541467313,1.2072037311727126,1.2271085215457431,1.2545782735871733,1.2736987679418732,1.297085682761773,1.246421454813463,1.2718010618283409,1.3153093616566922,1.3540052363488855
experiment_665,1.0312514813774423,1.0307590142427707,1.0294899790698955,1.0289492417220374,1.0296867924980253,1.0288595165921834,1.0281320553430842,1.0275114825873846,1.0140653166447764,1.0138673411372563,1.0137348031191538,1.013642777167513,1.0136346638693539,1.0136924512230436,1.0138236313288767,1.0140349117144576,1.0143554232488743,1.014441706739768,1.0149314682323223,1.0302866041385748,1.0316604818727266,1.0333144322889136,1.0357596963571416,1.0437781085050253,1.0463775740375738,1.1192490080634054,1.154304767181329,1.1681234636031292,1.1590492137661994,1.1708000349234047,1.1885961164081442,1.2118070793942683
experiment_666,1.0312514813774423,1.0259419412577782,1.0242873867059006,1.023228723558153,1.0240653838593892,1.0231511994640876,1.0225399318015533,1.017152146646272,1.011866143530561,1.0119965107726017,1.0122387777373802,1.0126245614338436,1.0255482053456257,1.0213179248211024,1.0226498484727837,1.0246175527270822,1.0309936393166612,1.108288335754673,1.1186538215758066,1.1248624133765337,1.1383343302213582,1.153582502603121,1.171471672233302,1.1885868794217016,1.1942744228302624,1.150980186859676,1.1762002809446153,1.1923151064698767,1.2258617698786243,1.2554361618023056,1.2893335341627425,1.3125324532640443
experiment_667,1.0312514813774423,1.0242857645656565,1.020050169776503,1.0180106054580011,1.018649049758074,1.016906950073249,1.015482118413124,1.0144569047421532,1.0129414373010208,1.0130822607850842,1.0127618471354398,1.0126460511266058,1.0127732133220848,1.0130771776321559,1.013668085111187,1.0145051273347607,1.0157297674242476,1.0173400789799774,1.0145497012240672,1.0118634025823465,1.0269638935425498,1.031946040477009,1.132759360302349,1.1325668912379414,1.1613722716969141,1.193966966234853,1.1083145929416782,1.1592086073604089,1.1986603570447831,1.212896484798595,1.2571688574555964,1.2618124078052524
experiment_668,1.0312514813774423,1.0453683861382146,1.049797158570143,1.0401842858092891,1.0462232601110346,1.0497040814544265,1.053259686766728,1.057070253056609,1.1833899920395412,1.1803252824696058,1.0980137530550658,1.1409288076697148,1.1519933896992671,1.1675677857820195,1.1783605687311538,1.199855114230922,1.2150114108541181,1.2292530864411533,1.2452174587154736,1.2623022290057195,1.278551329078091,1.2854342213031724,1.2991568994309948,1.2445139228276214,1.2517925824717242,1.2697734596283508,1.2895029201432147,1.3064748991537738,1.3263732059174282,1.3126241142019963,1.3382994981179934,1.3628474165846924
experiment_669,1.0312514813774423,1.0302010271386841,1.0282966538260918,1.0278384692527343,1.027272329304567,1.0258723914957486,1.0249471013374145,1.0236695659478803,1.0159434026202425,1.0218611241630504,1.021305700459125,1.0208054636155195,1.02039092181772,1.0200366927698687,1.0197469937913797,1.0187875790401317,1.018630462139989,1.0185366785032923,1.0185135500989824,1.0185707905936494,1.0186825475233823,1.0188679621998322,1.0191385729420714,1.020263178280733,1.0147034186613242,1.015153782130955,1.015689571215593,1.0126614282494484,1.0129895900740054,1.0134174208895539,1.0142832545736122,1.0153097584737178
experiment_670,1.0312514813774423,1.0312278567470186,1.0308529393077823,1.0295845059555764,1.0315404563391373,1.0310562995858317,1.029425282214826,1.0289179347069637,1.014498753344802,1.0142703468697793,1.0143746815934456,1.0141706966171555,1.0180761072888265,1.0178821004647016,1.0177246238793363,1.017599214613226,1.0175126407697204,1.0174687152299415,1.017471639347531,1.0175289622003754,1.0176396396176182,1.0178128635253212,1.0140033905971546,1.013946381128934,1.0142499949382324,1.0146286225878172,1.0147706345094583,1.0152971571984382,1.0159158760259608,1.0324067413022922,1.0339909230115767,1.0357871617157572
experiment_671,1.0312514813774423,1.0256684777279645,1.0237047408500488,1.022301760602765,1.0226493830085766,1.0205618189675976,1.0213913559442809,1.0206681331434426,1.0108825759601512,1.0107000830021746,1.0106409595967771,1.0106934293205074,1.0106388876505585,1.0109313627002021,1.0113523034848666,1.0119350964405343,1.0247728570294177,1.0265624443745782,1.0287616303786777,1.0369144276157047,1.1067077251880522,1.1161594696850412,1.1309107504243974,1.1487802462448164,1.1700557910137386,1.1782469236861317,1.1042677119846458,1.1651121094508778,1.166323043590302,1.2339627201007044,1.2653032354504359,1.2341968571948259
experiment_672,1.0312514813774423,1.0437976532700304,1.0460860101008242,1.0490529341588566,1.0392733335384694,1.0296265354699599,1.0311253158048994,1.0448014944396122,1.0532204104460798,1.0555347906212018,1.058663996828494,1.146340329597363,1.1552541801323164,1.1646486109092753,1.2150408521247962,1.2289301503951782,1.2444404524446713,1.2633226561589304,1.2822786970296653,1.3035475406953139,1.327839204696789,1.3598361703254107,1.3898738323156548,1.5173186489507227,1.5645328547370327,1.5694928906844594,1.6164174516957108,1.6756480545168566,1.7213579524347118,1.7721029545825964,1.6888852487435584,1.6540219717253803
experiment_673,1.0312514813774423,1.0253516495600117,1.022981465209552,1.0200253710544072,1.0224112645356533,1.0206659409202319,1.0184116203381988,1.0172551523069113,1.0165950370752714,1.015830015336005,1.0146620848299626,1.0142574432101827,1.0140428871996234,1.0139846035251632,1.0140829268910014,1.0143570311354526,1.014803587452295,1.0160717520778964,1.016990680602384,1.0129715192237705,1.0106809096496079,1.0117231422216406,1.0253118585242524,1.0224745493086076,1.1003984131249982,1.1098418180053569,1.1264914012128064,1.1471837204655497,1.1692482036423049,1.1827667571583005,1.1495466086549455,1.1800408887590648
experiment_674,1.0312514813774423,1.0447819144222714,1.0480605611059306,1.0518665906110884,1.0303006927462934,1.0318387848499677,1.0453804636799189,1.0472058101719237,1.1600206844619478,1.165304010225725,1.170128920351732,1.1744404822492256,1.1526494070237228,1.1559571887208322,1.1588873257549808,1.1614985380942056,1.1638264671636214,1.165816734596389,1.1675282602996804,1.168966292915492,1.1701407833109143,1.1710582363419313,1.1717249035852195,1.1721396481136535,1.1723032691957036,1.172211529537602,1.1718567084534663,1.1712259509824592,1.1700478937319385,1.168821888451102,1.1672659866213602,1.165364522665128
experiment_675,1.0312514813774423,1.042464976323512,1.0430940476915453,1.0443393293534748,1.0469339825701682,1.0473373720461119,1.0476038219999664,1.047876082183211,1.0343569491964795,1.0345646106909092,1.0348520511104862,1.0351366682467902,1.0354759088159475,1.0358740628700631,1.036338189176745,1.0368778429218604,1.0375103905981917,1.038227129357837,1.039058169620446,1.0405520721385482,1.0472270378756559,1.0480817195242633,1.0496277480581022,1.051382876641698,1.0533425383609933,1.0555259440116562,1.1375243716670862,1.1439000346580488,1.1508445577399982,1.1950325898828396,1.2059501910633206,1.217637617161533
experiment_676,1.0312514813774423,1.0458167876125408,1.0508042310918326,1.032177716263822,1.0472049661871863,1.0510623556322727,1.0550318200305602,1.0583701224833408,1.1821281904823224,1.1794352127671777,1.193306828218713,1.2040794013760732,1.1498376133347188,1.1621859212727512,1.179018858209316,1.1881941038068355,1.2089650675487307,1.223744992363768,1.2413024861580773,1.2529852259011354,1.2602619054656343,1.278143630596515,1.2994285616231154,1.2404964334574229,1.2503739218736996,1.270866040799593,1.2920214896742759,1.2773907368199389,1.298680344487854,1.3244241761439786,1.3542041879997515,1.3865821444348065
experiment_677,1.0312514813774423,1.0419736825358716,1.042670688939477,1.044027368762132,1.0466873104955876,1.0482304996459357,1.0365615302533302,1.0379846992426751,1.0372547036390891,1.0390352018682008,1.0476991818747823,1.0502839495103542,1.0526030125601116,1.0551379022069547,1.1374776204628574,1.1466601251787052,1.1921453057614448,1.2055965023851782,1.2211494138246557,1.2380193111542668,1.2578373137547898,1.2775404590665802,1.3092339779761004,1.3367193491823333,1.2959005750029498,1.3959365478706602,1.4335798650918539,1.4846154916395986,1.4806530903919177,1.5279645131156805,1.5736667473173878,1.6235714756332071
experiment_678,1.0312514813774423,1.0438732530394754,1.0464130741181175,1.04965563867837,1.0397277447702755,1.0301530200514817,1.0319605959848104,1.0464337786606142,1.0560296318762727,1.0597504492002858,1.1517736556426046,1.1621599172795762,1.2142008263545396,1.2306383112894106,1.2495440838620553,1.271550288246825,1.2942189259195642,1.324139620843612,1.3512394350191024,1.3848566916745446,1.5147038304145846,1.5624479297865856,1.5768201724583497,1.5343657219524207,1.5178642048948,1.5782265254427617,1.5840057923023592,1.6120211778756999,1.6919211700520034,1.3385880839801094,1.4125267392732526,1.4732217251173134
experiment_679,1.0312514813774423,1.0347469934204037,1.0253586598254154,1.024251155059972,1.0178585297289469,1.019517962883399,1.0233559182866268,1.01638567814768,1.0142473768410047,1.013482424219788,1.0127950680558773,1.0169351360314884,1.0161720623045671,1.0154791884033025,1.014258231190444,1.0137434989307368,1.0133359337611887,1.0129804184144364,1.0127034689452388,1.0125058077281501,1.0123886264370228,1.0123541495841173,1.01240929609674,1.0125533379110605,1.0127910596672827,1.0131321324788602,1.0135714182855275,1.014138922350103,1.0148507989320243,1.0163777188188792,1.0174559928653257,1.0134679560426465
experiment_680,1.0312514813774423,1.0314741661834606,1.0312850293619897,1.041633401598237,1.0435940352040658,1.043870865378601,1.0444532591279134,1.0454711929390887,1.0341764931099298,1.035299006424592,1.0371009268472822,1.0393768267997503,1.0484972278259765,1.0519755387189136,1.0568678616980682,1.149885173224266,1.2062385565560028,1.2327751334175672,1.268891036708672,1.3147998584116434,1.3687770879501302,1.52621697364837,1.5830616683860792,1.5597373507430832,1.5614206275302303,1.5633261303712982,1.4621893886980348,1.2147114809602764,1.1577119505612652,1.2689704131810609,1.344516402954174,1.3937121442628493
experiment_681,1.0312514813774423,1.0293197404457497,1.0260246938032112,1.0256292573227141,1.026529326873851,1.0263477189997796,1.02644500092448,1.0266215996968435,1.030013190694993,1.0309148308227754,1.0321037779682791,1.0335225512398198,1.0412610771632906,1.0438525141295547,1.111000453306181,1.1430570926032115,1.1550248052426257,1.1692930614254968,1.1806616006030317,1.174386789844664,1.1929490764137802,1.2173212149765293,1.2472805892225256,1.3532087539792816,1.4137706376147965,1.1962090496027336,1.1714460248322618,1.1990753742318703,1.253263555761878,1.2558523455992026,1.2896944046760215,1.349412197363498
experiment_682,1.0312514813774423,1.0418946553944701,1.0422053177289456,1.0433051711229384,1.047110500074776,1.0478145848945437,1.0487582218196563,1.0367694652953683,1.1141236326018504,1.1178799030688802,1.1252056036715645,1.1266443635326016,1.1344826001882895,1.1439742150421033,1.1549420699586834,1.1676538710723812,1.1802788446412764,1.1815879994758685,1.2011358707383013,1.1513189356534619,1.1727478884016755,1.1934237631063582,1.1931551300189667,1.248117214378276,1.2735293007112403,1.3148420228473543,1.3085222833570465,1.3535665639554428,1.408293141017511,1.4757765811167154,1.4488363618016247,1.4947226228242598
experiment_683,1.0312514813774423,1.0255907095280266,1.0237341249880012,1.0224730158836184,1.0229299814749349,1.0231028084464286,1.0225182730390225,1.0222577055209077,1.0118511635528356,1.0120251522935233,1.0123826571766303,1.0129168797916954,1.0263542350656456,1.0281570674224096,1.0240764847678236,1.081451156195195,1.1112445989750892,1.122004414528962,1.1385700698582935,1.1594697977352848,1.1818556771217867,1.1951917996208108,1.1558369110765485,1.1887564604250302,1.1998959055836855,1.2666219589716357,1.3195606994175761,1.3383560635989338,1.4212033402925808,1.4215982486282628,1.5103242235209162,1.6370583686407714
experiment_684,1.0312514813774423,1.0309105940920635,1.0256937618557613,1.0256659110020572,1.021605864307611,1.0216410036388874,1.0218145257245215,1.022122953025627,1.101866177395724,1.1044835164311548,1.1014219680848876,1.1076212558906955,1.1121704994570787,1.1173202952266066,1.1235650466103901,1.1304426701034487,1.138291428466879,1.1468394273365847,1.1561925824366859,1.1637201445138228,1.1748384762393318,1.1710900643941982,1.093702708819623,1.1008399086611216,1.148446104101434,1.164408484497489,1.1731887254521292,1.1916941841127433,1.2320257973356972,1.224728722275985,1.2308556343800188,1.2480319567624447
experiment_685,1.0312514813774423,1.0449961154829097,1.0485202282294273,1.0386090968198898,1.0313391537274215,1.0454606381309146,1.0481494186679432,1.0509224830855157,1.1851878146564765,1.1953102084016787,1.2055140740178294,1.1774817721852737,1.1859794711470455,1.1949896676617935,1.2027473830288817,1.2118745067533414,1.217439993721489,1.2267164557013208,1.2360980767746552,1.2472346257017595,1.2586239257599718,1.2689265609194487,1.2790219605496047,1.3611227946505104,1.3739858992810225,1.387130089816282,1.400569565623068,1.3827252962328478,1.4023513024891252,1.3734493981040878,1.3870513205543737,1.4017023913948834
experiment_686,1.0312514813774423,1.04287044976974,1.0442950946236405,1.0460942438646141,1.0496868723948973,1.037446544991157,1.0384098751439204,1.0393127799739235,1.0445237879215845,1.0455012424070893,1.1123956632887144,1.1127580492364266,1.1146530652841717,1.1155950417851044,1.1174339368009423,1.1475784112097374,1.1498388030759912,1.1517603401555185,1.153668142764463,1.1555241401896643,1.1574178421299075,1.1591750240200938,1.1669008088163813,1.1686967597504139,1.1704962194629625,1.1723426635758905,1.174209561745785,1.1762067033921115,1.1781945855344913,1.1802980562408734,1.1824605908412655,1.1846259323189188
experiment_687,1.0312514813774423,1.0444573975315308,1.0473037550293602,1.050447100902487,1.0315925202907048,1.0301175040261257,1.0310617707162955,1.0437171650262036,1.0518915817744896,1.0525489804312849,1.1286397572440783,1.130856621684751,1.1336561380497765,1.1364407565853636,1.1392620300372838,1.1751613290591951,1.1788420503572845,1.182604294155915,1.186575482271892,1.190765380179848,1.1952098482721507,1.2002511988064706,1.204863498063169,1.2101811481912765,1.2158586965982878,1.2219434931567552,1.2280930977669107,1.2350291525390231,1.2366312994378965,1.2447095387055782,1.211567255436318,1.216138184204565
experiment_688,1.0312514813774423,1.0310860758979528,1.0300023791805304,1.0299691883581574,1.0410708231556292,1.0404731411911607,1.0306002313355374,1.0305228866580787,1.0156034573752357,1.0154330405162977,1.0305077007473538,1.0311631365041043,1.0320548958536016,1.0331950186026182,1.034564264565045,1.0361915387110558,1.0386539331027895,1.0470221652144331,1.0495414933091314,1.125331248893223,1.1666213287873102,1.1802223133726863,1.1893070667961685,1.1776394364213867,1.190704889321982,1.209460921345435,1.2335918818917109,1.2618683011549583,1.3741576522741412,1.3994307721485126,1.4104629581967767,1.2413355444234406
experiment_689,1.0312514813774423,1.0432428021275157,1.045145466432725,1.0475919008984773,1.0378756825041822,1.0309580393878934,1.0296539731756351,1.031036108207052,1.0501197022454536,1.0521223740103738,1.054312465953092,1.1349936986854856,1.1429888791457263,1.1862193142114623,1.197673153379498,1.2106503523374428,1.2255661399557638,1.242138435415651,1.2581417965758204,1.2777891893884616,1.3038185237211188,1.336382045012704,1.3580494834263162,1.4794581911687106,1.5152147838148935,1.5676326365007136,1.5589586297804294,1.6085424592574529,1.6648928397000888,1.7249137059869175,1.726374442848306,1.6631387065303587
experiment_690,1.0312514813774423,1.0420923708801226,1.0427572610646827,1.0439246122526933,1.0479199381373046,1.0484600884635162,1.049208610589719,1.036554952910811,1.112275700376931,1.1143265135068312,1.1168505784997627,1.1197802825428391,1.1235749140654678,1.1274738614308915,1.132024501939597,1.1376935027586839,1.1440310811938348,1.151301186850824,1.1596717031014656,1.1662502319995265,1.1625575399844723,1.0885320598503623,1.0957444115788004,1.142569406128181,1.1578387482963857,1.1753479794723516,1.215273724431097,1.2164334243521557,1.2363315235145913,1.2613927768679183,1.2882367169065432,1.3134190351478265
experiment_691,1.0312514813774423,1.048670811012375,1.0275287366984445,1.0475285648982504,1.0581044148243781,1.0695649737627775,1.0799977945781365,1.0918583746970554,1.3087749314881312,1.354482564087677,1.4401637405063443,1.4648035308620286,1.531906316700709,1.5395785542731466,1.6120455980532125,1.6398276673852288,1.707805052066489,1.8009160166273295,1.737026462867746,1.7470217035188442,1.5267516536653916,1.2511502746284626,1.1977264476049685,1.2347594604359755,1.3358885579423756,1.3945394946827234,1.4245932433607433,1.4714138373103147,1.5086677902228984,1.5491379094624746,1.602847023416094,1.6598301152477564
experiment_692,1.0312514813774423,1.042578125952541,1.0436270612683691,1.0451621136132776,1.0479855527140787,1.0489639862823938,1.049791062012361,1.0370812369503564,1.0370127180208482,1.0375532884868583,1.0386363382548698,1.0391699740385385,1.039715978869485,1.0461985946430103,1.046783945219327,1.047359736321128,1.0479401673694055,1.048507232390976,1.0485419483884404,1.049129855800574,1.0497221676175768,1.0497673713910622,1.0504103270879164,1.051076034893279,1.0517800706932294,1.0525480762955677,1.0533425787728774,1.0542079757888443,1.1311385404561276,1.1335232504357398,1.1360832788453643,1.1388482227422556
experiment_693,1.0312514813774423,1.0424372351479356,1.0436871913494874,1.04568508334866,1.0492073275843203,1.0379514005805421,1.0402113205512027,1.0307683687461031,1.0436435104680315,1.0542894292787082,1.0579465925487805,1.149514940654804,1.1652626344347505,1.225628194123047,1.2537992632975952,1.28933839227183,1.3347088978911108,1.3854550939771433,1.5451071948184651,1.5841942428454558,1.6848749854272524,1.6363560870078147,1.6976611207363037,1.620946704456182,1.4165439953580583,1.4195302363010533,1.374102132486735,1.2866472471998671,1.3334363580457382,1.4076932359599965,1.4515743834887251,1.9363646550965428
experiment_694,1.0312514813774423,1.0439627917201393,1.0470230833162133,1.0508065514519451,1.0311670655471623,1.045480653623403,1.04856417075193,1.0520121381066996,1.1657577664814294,1.179641474688057,1.0909085396723712,1.0993906537976852,1.1495635765230032,1.1724560311228391,1.186263449404724,1.228792619717085,1.24622970009375,1.2372341532330078,1.2604731196231036,1.222268641673802,1.244664878246808,1.2590642820947415,1.2842933113677275,1.3137607142640753,1.3257831946329424,1.3608570568385272,1.3821106854368441,1.4023360984817026,1.3273388229886536,1.3630842517945807,1.4112387632518302,1.444177481676885
experiment_695,1.0312514813774423,1.0316119976859377,1.0316922964467967,1.0424408388045825,1.0445910190066119,1.0454435055214775,1.0464706567930009,1.0477969653872872,1.0343826992084575,1.0354896936270124,1.0370690997533656,1.038938694469385,1.0410673638130072,1.050527662071651,1.0531192319666065,1.0560846933663615,1.0600927459517362,1.1515600714243714,1.1949642507361946,1.2172766802061632,1.2359716343123406,1.2574444634341817,1.2836207871643812,1.3126969389842895,1.3495561065144452,1.3869667688443457,1.5259371083919284,1.595248896722433,1.5966317383316233,1.6561418493896598,1.5870220637926598,1.660936569665906
experiment_696,1.0312514813774423,1.0455462405951104,1.0499120573107779,1.0316138494461986,1.0457309791074905,1.0495186381561106,1.0535623448097824,1.05876113904143,1.1996713896279567,1.2171816106643782,1.2366401913965437,1.2120973842039235,1.2327365501711014,1.2504940292460351,1.2768366710153511,1.3850535224425187,1.431693650171196,1.4802088308474688,1.4763379533264436,1.4680016811078076,1.5087144772864696,1.295963272648832,1.327608733939647,1.3450042960699153,1.372480637154561,1.4158809927113707,1.2996950241055363,1.3339329750255777,1.422641134236878,1.4625575645009175,1.513848787096304,1.5751359447066293
experiment_697,1.0312514813774423,1.0451009825648163,1.0489366042516588,1.0387610010627895,1.0316710083609275,1.0454994335131909,1.0475057750220194,1.0493791953130363,1.145872850884442,1.1512926219191204,1.1559158165743724,1.1600918320152116,1.1639195226630574,1.1672963116716315,1.1702448372102079,1.1727800545059872,1.175661952333463,1.1775854727769037,1.1789064421463136,1.1765040664162523,1.176970155880007,1.1770379881046318,1.1797722926248475,1.1796467265317312,1.1786128794322015,1.1770043318519536,1.174219753267027,1.1718357992827317,1.1689460380781334,1.165662233089458,1.1614469123204834,1.1573734724656366
experiment_698,1.0312514813774423,1.0301565823606658,1.027987488290066,1.0275552385007602,1.0281971759292576,1.0279063882479267,1.0280007851395432,1.0285200116953368,1.0185745298712556,1.0195118059587618,1.0207862934233636,1.0166613205909587,1.0356719364302198,1.0394285129586611,1.0449898057182985,1.0581277892854357,1.1545547634279745,1.219936856041891,1.2597593771317066,1.3153502720014596,1.3765021146995615,1.4919804836049009,1.5152920896411688,1.5843890877351805,1.7349258470339206,1.700865233862071,1.5943651444878801,1.257934258852028,1.4021999126182543,1.380175866754048,1.5162223658327902,1.610889582425664
experiment_699,1.0312514813774423,1.0303347603570494,1.0255510654064226,1.0249460812630304,1.025887552005926,1.0253168917678417,1.0249154322121943,1.0247003866405988,1.0128280351851346,1.0129040479778202,1.0138845819606976,1.0133095466673685,1.0136578511255732,1.0137265117518819,1.0282784453447404,1.0295500268547655,1.0310641025527258,1.032831663554612,1.0408348510540335,1.043677470546002,1.1117059142613195,1.1256661901639111,1.1368865125374275,1.1521996579347378,1.161905722716234,1.1792077068020597,1.1971972076597301,1.2214299216365048,1.229101094787424,1.3319543575076471,1.2083579524449817,1.2093221619909849
experiment_700,1.0312514813774423,1.0439599506112975,1.0468269593819433,1.0503049650396707,1.0275101160410207,1.0314715777947936,1.0455467274778991,1.0483117039054843,1.1469416542998878,1.1563620131306458,1.1613362383442558,1.171776466496866,1.182775446622145,1.1926748896829256,1.2049450461833748,1.2184161482654108,1.233042497092171,1.2280873838739794,1.309013388574053,1.3309073453985054,1.3629838509649823,1.3909983830232484,1.1983020758254637,1.2091278608888028,1.2190949095715446,1.235099125921156,1.2485940298316167,1.2675045350771765,1.2752986578958192,1.2930021776181346,1.3146425038318863,1.3341556115268498
experiment_701,1.0312514813774423,1.0270171649538609,1.020427949481638,1.0180571886267844,1.0176997826696457,1.015897429319402,1.0161030469371566,1.0147927049084815,1.01213861159839,1.011374902925355,1.0107433581783472,1.0102635449960267,1.0099025327724798,1.009667542417213,1.0095450050009798,1.0095319480440073,1.0096300266209983,1.0098390343578085,1.0101664223402522,1.0106239056647506,1.0112108454563105,1.0119799342850118,1.0128824726879786,1.0140672238958417,1.0154630494241297,1.0171919321069796,1.0193754454585198,1.0162530361460058,1.0141606573850683,1.0313516547371164,1.0345856680659329,1.1126239162778302
experiment_702,1.0312514813774423,1.0318378463872844,1.042113629043879,1.0429513509440498,1.0453786315136504,1.046011733453435,1.0466420625425172,1.0474096287080017,1.0344105436068372,1.035110046488001,1.035912942637125,1.036794654893692,1.038309034532993,1.0452605943459483,1.046636013427588,1.0481603327387135,1.0498273616514224,1.1198364900417397,1.1244970751555965,1.129577665529983,1.1662894410476996,1.1737377584422766,1.1819069708904593,1.1908986609667047,1.1936133928403576,1.2047294206993164,1.185424269481583,1.1951144640595628,1.2072926956147025,1.216443138954676,1.2321419749856939,1.248998787213966
experiment_703,1.0312514813774423,1.0457829861667312,1.0503569108539668,1.040636524918709,1.0463740425092702,1.05013802738168,1.0539813634257054,1.0573806201692528,1.1737185479288486,1.1850027457268881,1.1988591632601435,1.2145995155771236,1.2120307528870158,1.2926407544654228,1.3170389687549326,1.1864957920905002,1.2022188682407569,1.2184696671289295,1.2061219203136475,1.223086438470523,1.232873437964134,1.2529851245556085,1.2748242568663535,1.245149300257869,1.2666579018700896,1.2823387944389657,1.2657646772963989,1.2853720989020236,1.2987754298797287,1.3313667127815023,1.3634272272035126,1.3946021889100826
experiment_704,1.0312514813774423,1.0256728659133794,1.0237669566029048,1.021722926729262,1.0220771831921165,1.0209590612762403,1.0201161356175226,1.0195798901952215,1.015200175209262,1.0151543334404702,1.0152775155280878,1.0155749352359205,1.0124953552571583,1.0127721640085818,1.0134779164744985,1.014081093570506,1.0296911647327034,1.0322792790090813,1.0413639207793048,1.1091520488431543,1.1511215762906593,1.1701931337768885,1.1928385681600155,1.1813292369611839,1.2082821680088696,1.2415239490172705,1.362454859364027,1.3566215096756193,1.164305284042316,1.199653206514158,1.228904460838736,1.2721402460767417
experiment_705,1.0312514813774423,1.031285377313536,1.0360114380325978,1.0360882939214622,1.021892988057255,1.021955427248161,1.022157012357424,1.0224168263931266,1.0248504438878536,1.0253459457656153,1.0263553470181015,1.0271617698310103,1.0326736518208097,1.0862916793072857,1.1121189731389687,1.116212102897162,1.1213127491463473,1.1301594307298624,1.1327960722679835,1.1415433773975407,1.1516216586435064,1.1629794742205397,1.175600528703414,1.1871502839199974,1.1860065821175039,1.2033676446217576,1.1497409867047992,1.1644835556224453,1.186806581095552,1.2026341676470358,1.2348466302476018,1.2572130027912698
experiment_706,1.0312514813774423,1.0345956179954527,1.0249594543441498,1.023796982078111,1.0243988586109123,1.022878295264232,1.022619994347958,1.02138062257963,1.013877353935455,1.0132091132256267,1.0177567045144662,1.0171031451010863,1.0159600868921361,1.0156110432183245,1.0153802172665152,1.015272213287242,1.0152843709848371,1.015401256328912,1.0156827252082996,1.0160837046827558,1.0166110626183746,1.0180265189622844,1.013531745929262,1.0110825200382398,1.0115725533844,1.012444783458481,1.0261751322115702,1.0224834463828814,1.0245066346884484,1.0826965543670755,1.114268584282463,1.1200036658127914
experiment_707,1.0312514813774423,1.0279318817770144,1.0256859688800863,1.0241545636300537,1.023633609020078,1.0223358100597895,1.021380348586214,1.0207620676018325,1.0188054066474097,1.0188098097824123,1.0190965286985127,1.0196856370834049,1.0206194608928447,1.0227626491680482,1.017217233445741,1.0146920928499341,1.0157257242259012,1.034870879137834,1.0398074558539971,1.0526524939557307,1.0622659326345891,1.2165020269603495,1.2646796094245076,1.3250774134815138,1.4992965073750246,1.5778828037662405,1.7259103174520214,1.6514036869946114,1.3788211143554894,1.3996220838684803,1.4164557052387314,1.3036410517093995
experiment_708,1.0312514813774423,1.028564134624164,1.0247778676401504,1.0223184532086358,1.022184261160771,1.0203145156836444,1.018786462972192,1.017937193846977,1.0152569149611486,1.0146082641755807,1.0141730725381566,1.0138893937991862,1.0138574078673948,1.0140272663129504,1.0144152397772648,1.0150505825996836,1.0159631510824054,1.0172130748501762,1.0189078739576833,1.0154849423751446,1.0133131549738086,1.0149932542377043,1.0341721741371646,1.045849908650323,1.1311530807984589,1.194703103483385,1.2379177733485782,1.2438844546516323,1.3771552187827791,1.431735750430494,1.479104757909434,1.2361737338419643
experiment_709,1.0312514813774423,1.0255339922534208,1.0336999348761489,1.025035938091378,1.0142205568045906,1.0181418260304076,1.0199441368102797,1.0193557470725099,1.0198049945268381,1.0193594795479557,1.0189965531126999,1.0187146883240834,1.0185477447818876,1.0184673401372741,1.0185101965559578,1.0186444221004112,1.0188847922385462,1.019219682789048,1.0197051458773465,1.0202939214385187,1.021064499396791,1.0219918250781617,1.0234693074120624,1.0290012577150411,1.1022848064232194,1.1048782242177888,1.11192682469109,1.1202272401403162,1.1299605111996835,1.1411431304762383,1.1535324176658195,1.1673922694844858
experiment_710,1.0312514813774423,1.044941721550581,1.048637820739442,1.0386891643644809,1.0318257568760079,1.0460681497039674,1.0488451443453637,1.0517153909951644,1.152866343321304,1.162783348283188,1.1729991779162,1.181677876772181,1.1934202119023238,1.206323760594564,1.2019453197311398,1.2161518661754454,1.2963690490730677,1.3200455931092145,1.1870016938469155,1.2016373608562911,1.191843889159675,1.2058978318857394,1.221581037667011,1.2387899091025625,1.28335551195078,1.2959936186423597,1.3183032938218382,1.3399106028446832,1.3168034582587334,1.340968292471925,1.3637684698557646,1.3912690743176166
experiment_711,1.0312514813774423,1.0419786030535847,1.0425185889132795,1.0436667184441353,1.0460209280623376,1.0471247807632995,1.0482824772562798,1.0363166187394524,1.035095880099445,1.0360750696606695,1.037396456493224,1.0388760182156982,1.0410750524051202,1.0492636112742653,1.0516634304499048,1.0530922022822018,1.0560741384267156,1.0594253964482205,1.147297285277518,1.156865028848947,1.2049921191264592,1.2200103055629596,1.23657775832937,1.2561840586747337,1.2760889918816103,1.3078314600744436,1.3361739483294,1.368552462579115,1.3989895657112876,1.440557279777832,1.4977730079549567,1.49789175644238
experiment_712,1.0312514813774423,1.0317660039522898,1.0418591452736767,1.042461610067932,1.0440582001294076,1.044146956914565,1.0442801854383104,1.044557180527019,1.0162913841841241,1.0165169542259826,1.023648660438954,1.0335791500156628,1.0344915338925385,1.0355890032146224,1.036691171233957,1.038242526188508,1.0400535987625346,1.0427189565953399,1.0512159403153307,1.0538558149787007,1.057579231736846,1.0619445377745564,1.1575749365117136,1.170787516638891,1.2283550419932145,1.2512469608011623,1.277469518397,1.3053394998393193,1.3391288457602424,1.378172395005568,1.5209268878621214,1.5681766781536957
experiment_713,1.0312514813774423,1.024902583935625,1.0222281870458547,1.0192162277666352,1.021504729679414,1.019791386021353,1.0175778220745186,1.0164720260978655,1.0148922674114123,1.0142499111342265,1.0138191600304753,1.0135190402095298,1.0134131528691703,1.0134490045546312,1.0136549754170558,1.014015929440546,1.0145441771281813,1.0113834238008164,1.0121179035728383,1.009855566821634,1.0107072920588063,1.0232636914538835,1.0257445696343892,1.0338197905043396,1.1006885406835862,1.1092596306646678,1.1293706725102786,1.1502066957179737,1.1578968551884214,1.1823501944876527,1.1573046186974674,1.1752014620023337
experiment_714,1.0312514813774423,1.049165584102226,1.027923175537035,1.0475465789116443,1.0580109210917894,1.0682372667494264,1.076023143118307,1.0837098984535327,1.3031190173327456,1.1810287324077773,1.1875379784496205,1.2068152790729645,1.1922951747557422,1.2029619600299444,1.212642417252317,1.2210149267381512,1.228529607519279,1.2307766272532905,1.2348727264800918,1.2371374284298515,1.2380877999293292,1.2374216184240416,1.2250029534927644,1.2213866758778833,1.2263684992013464,1.2191084790362747,1.2112497922545735,1.202947580817773,1.1926304630970854,1.190238536126368,1.1764206180528987,1.1859812967079737
experiment_715,1.0312514813774423,1.0308633409311476,1.0297315343350086,1.0390358011202043,1.0410198333987346,1.0408973570289002,1.0410472809045381,1.0413759588316174,1.0328187844659267,1.033837926700688,1.0352408705753844,1.043030271864506,1.0454290782527287,1.114118589344013,1.1512720357798127,1.1571351889647863,1.1698909696245003,1.158890934929128,1.1692834990283232,1.1869186038736965,1.2044129636637948,1.226964992233656,1.2537562112098466,1.3592468782613791,1.3778130941225135,1.3769716952008908,1.417681332515142,1.2321029725104589,1.2622450600530775,1.2195364819138275,1.2476447779660054,1.2336807684132307
experiment_716,1.0312514813774423,1.0295795687498432,1.0267971031462846,1.0256233925311333,1.0255445102873761,1.0245829439356393,1.0238617353440995,1.0233608482451693,1.0214732751569993,1.021402346366682,1.0215323996128687,1.021838335961299,1.0223706811227706,1.0231095384664337,1.017037488582846,1.0179255930542552,1.014413614478477,1.0151294326502047,1.0321342186993563,1.034621403076469,1.0379946193263412,1.0488516126712464,1.053219492168748,1.1409551696739426,1.1958095874863037,1.2229293001329036,1.208903841559625,1.24417441385877,1.28107453112988,1.4141886145312406,1.4520491950640744,1.4878412743929161
experiment_717,1.0312514813774423,1.043993462913933,1.0464046412649979,1.0496507019301833,1.040048954814091,1.0301241397510605,1.0315262410096426,1.0451629093459303,1.0526855534106396,1.0548018164026824,1.1340154945813967,1.1405817864858596,1.181694418372372,1.1919335935325728,1.2029537803330514,1.2149277190183276,1.2279313713972835,1.242167354850887,1.2096991762621987,1.223312316524026,1.23819197561121,1.2579044934941181,1.2711366723760475,1.2907374599108279,1.3892879110664764,1.4180723409493277,1.457197130858299,1.4940572641898782,1.4811125321001954,1.5187870116231186,1.507308214120311,1.547770361033526
experiment_718,1.0312514813774423,1.0300873905267278,1.0250555691541339,1.0240683191924895,1.0178710122076768,1.0171037594788819,1.0230702213361345,1.0223126264452247,1.0118157229590203,1.0115832705099959,1.0114484415173157,1.0113554542843595,1.0113759127730415,1.0114628799769758,1.011398268102595,1.011661364389652,1.0241902785329964,1.0250865660034265,1.027470714230199,1.0288821489918163,1.0357527810131568,1.0940060840219152,1.1003888358373732,1.1330510710716004,1.1441595726579796,1.1449324579131495,1.1588625227149056,1.1545989422491896,1.1721620454149466,1.1887737426151816,1.2043490883405805,1.145690328315323
experiment_719,1.0312514813774423,1.0253905747337584,1.0231656245959355,1.0206216388293008,1.0222534574418167,1.0205899480865297,1.0183949789768503,1.0172879804692072,1.0153992393293416,1.015407792792029,1.0147545835894518,1.0142473787517128,1.0138821661131374,1.0135977035823092,1.013485638678726,1.0135034243369494,1.0136592671837432,1.01394606354619,1.0143877249463744,1.015025212120675,1.0159019098197883,1.01698471498374,1.0136421277800716,1.0141058438870392,1.0117839259198242,1.0128648411347387,1.0288266893225337,1.0306807166402598,1.1119831712348054,1.1266855680441676,1.1481561563921978,1.1742199150954213
experiment_720,1.0312514813774423,1.0451782145859772,1.0487472969847151,1.0389729310771243,1.031398835736596,1.04586109173485,1.0489636281454056,1.0522974534901253,1.0614662308894298,1.1550873388652105,1.1656888457833994,1.2177504602569262,1.2338762649698656,1.2521484417357915,1.2734226236564394,1.2942922383660411,1.3186197632092855,1.3492962450100934,1.3792017097015736,1.5021852103002264,1.5466828906388939,1.6067395997263318,1.5995989497416652,1.6501129116248852,1.7042361133477884,1.7639506986827433,1.70384318350251,1.6392716897178445,1.6274347110760816,1.6909894517664146,1.6813940463489374,1.4663968337574247
experiment_721,1.0312514813774423,1.0427456330645113,1.0438276123560226,1.0454610116175636,1.0490236519371496,1.049881638397725,1.0372228579719913,1.0378825923944455,1.0386800662058768,1.0453473345041973,1.0464017379765351,1.0475306871035779,1.048817999099183,1.1139291161647784,1.116428934727005,1.1203146540374789,1.1545181141273813,1.1605887674332847,1.1673058544212362,1.1747124152693411,1.1830894197459816,1.164902227527675,1.1737037961617796,1.1785142457715936,1.188638570121139,1.1977553220632946,1.2093902319818028,1.2225632967409275,1.2371740863883722,1.2520026687632024,1.268155339642199,1.36088272768059
experiment_722,1.0312514813774423,1.0269641629271504,1.0238817002592806,1.0208821507131267,1.0204399168888247,1.019001011080484,1.0174706778138856,1.0162613207343245,1.0130959952907115,1.0124777027910092,1.0120077831404688,1.0117052036347483,1.011554539757888,1.0115680359546733,1.0117483463203487,1.0121041423948336,1.0126631979018261,1.0134117328410535,1.0144284133161963,1.015837461156232,1.0176246571252272,1.0208143882432639,1.0169603363957402,1.0146996887078699,1.0339836141788779,1.0473832115758424,1.1324709285265318,1.1990850708295722,1.2462223309677463,1.2591585490178598,1.3992033577929897,1.5255824050780153
experiment_723,1.0312514813774423,1.0419743510379635,1.0421989643048413,1.042687650845577,1.0446330926027436,1.0444339367700877,1.0439840240021498,1.043419524220378,1.032042323194459,1.0314461678836293,1.0308410826726415,1.0301587637855845,1.0294536949127344,1.0287125665877694,1.0143306368147993,1.0142124336949137,1.0137912794625248,1.0133541255116374,1.0129503628994123,1.0128071939954304,1.0159678867805069,1.0154535405854501,1.0149394153186795,1.0204172466520183,1.0197879258842748,1.0184509781577793,1.0178903761644018,1.0173546808562217,1.0167926340432316,1.01630824621664,1.0158532530368256,1.0154241261008836
experiment_724,1.0312514813774423,1.0438972441431202,1.0465580541359745,1.0495089134658895,1.0396247427988168,1.0298229561135548,1.0311023120679534,1.0443846161496402,1.0518282907042054,1.0533652830462827,1.1292288791259233,1.134424693013873,1.1666653276454744,1.1786350510742767,1.1859471524138474,1.193565044282089,1.2015593237530662,1.2095691307111436,1.2186213458567323,1.2282821449834262,1.2393188578984649,1.2480974043963153,1.2142673031105116,1.2243355110718876,1.2362700520869097,1.2497277853658488,1.2641864519505408,1.2702706378446158,1.2858992053010827,1.3788764694325693,1.400386941211502,1.4297875248882812
experiment_725,1.0312514813774423,1.027755997811807,1.0255238180107356,1.0239988415680088,1.023429027403894,1.022350106571012,1.0216313067983311,1.021258574831967,1.0195435987973138,1.0198092863498829,1.020392123878161,1.0221211350727946,1.023490292070795,1.0177534915845394,1.0147580103984095,1.0160683677179247,1.03542672045388,1.0401993026093064,1.0528231280622464,1.0619772430647467,1.213811812388927,1.2581640539519554,1.3141598664319887,1.3928630806522777,1.5484623733861413,1.6893698862110615,1.5809338700880722,1.2987209641647046,1.3534475035012656,1.3557503686550358,1.2404682820804367,1.3218309349937045
experiment_726,1.0312514813774423,1.0297757294138377,1.027423062919374,1.026657698868077,1.0268035282364556,1.0265259511501776,1.0265706824158225,1.0269556899093006,1.025509637202516,1.0186581358201887,1.019661914537921,1.0158916242590237,1.0168147966904246,1.0356377007040334,1.0393321263545805,1.0509702753973786,1.0561293818524227,1.1500793306532766,1.210438321946737,1.24348393733558,1.2868275944284593,1.3431295953390334,1.4953621212158843,1.4854559031659056,1.5268419540651734,1.5835327451010672,1.710853915661129,1.6783857794301646,1.541599715807557,1.2106856984723593,1.193484239101444,1.4231855039297518
experiment_727,1.0312514813774423,1.042907016656667,1.0446811422271731,1.0474789132289104,1.0383662216661804,1.0318574406322816,1.0311818303277311,1.0457469354232023,1.1694920269037985,1.1842724942605307,1.2014481305351938,1.1822507902236512,1.1984262084723243,1.218277908661303,1.2454278034488964,1.2776082648698837,1.361315216528176,1.4104416604018295,1.4169528718848565,1.4757916165855445,1.281727523826433,1.3212273259759777,1.3574677541013846,1.4030186384610677,1.4602468570895617,1.5304281834952587,1.5416232818282456,1.5022383958172676,1.248297760529494,1.2870777216254425,1.4610328574796707,1.4868595068021961
experiment_728,1.0312514813774423,1.0444571638854183,1.0474732829058535,1.050678034346187,1.0303003320075526,1.0313993254120535,1.0323606684523141,1.0453311808503578,1.1452389396901275,1.1484974444164213,1.1507844463441521,1.1526413151795665,1.1540916348628998,1.1551780090767991,1.1559307924934556,1.1563554813830668,1.1565422619135775,1.1564912435063688,1.1562406366780646,1.1558179708203677,1.155248757059117,1.1545589526111548,1.1537819650638885,1.1525533153940537,1.1516293815142427,1.1506625411221318,1.1496598033989809,1.148643784646136,1.1476159729360151,1.146518165013835,1.1454780040028247,1.144433145776021
experiment_729,1.0312514813774423,1.026027431355361,1.0243804660816174,1.0234427862549984,1.0246391115008795,1.0238374708311955,1.023377555444194,1.023312991392203,1.0205894050907258,1.0211236892777746,1.0220232561740508,1.023656681056171,1.078256686947331,1.1005894850799645,1.1126212210100077,1.1253612951834768,1.1411678093975404,1.1599406233472176,1.1650954929185906,1.0963882447594897,1.1528899601576652,1.1814542781674195,1.219373209453236,1.2492293069065388,1.2259045305856877,1.2562769128485554,1.2706670088659597,1.3309976886019401,1.4047496779248856,1.3593839932486889,1.4435625760533828,1.5200473582710914
experiment_730,1.0312514813774423,1.030410260211984,1.029548659990556,1.0293601601965248,1.0303099478612223,1.0305948584409637,1.0312275137975264,1.0423283889358383,1.015761637830926,1.016392097393649,1.0344545420907405,1.037199225259506,1.040874925996329,1.0527588864792519,1.0578335198933206,1.1526919304312997,1.2136663779976367,1.2469687805363237,1.289056142355333,1.3476902323794184,1.5025370532913618,1.4947651156784962,1.540711340071177,1.6410802518215892,1.7813818611790417,1.717759605696405,1.7901745988098554,1.4980297973013477,1.4668230282504826,1.4312168241864742,1.557798184380783,2.0650054361934913
experiment_731,1.0312514813774423,1.0300008765028137,1.0276469955968632,1.0269711640221153,1.0273279355815546,1.0269232181532348,1.0268034101492192,1.0270353728360808,1.0182740631068952,1.0188596416531064,1.0149322585325407,1.0154578525345332,1.0323367267535495,1.0349112722545524,1.037830722521739,1.0485385039482154,1.05293076615964,1.0596955028592399,1.1604910626551077,1.2267259984488754,1.2664033684062261,1.3124802339309394,1.3778804352150744,1.5636675826957422,1.613491076290237,1.5784739672896055,1.6817876308328839,1.5750087160295585,1.7102363214625766,1.4093851987020103,1.2268719221737405,1.3989699581229915
experiment_732,1.0312514813774423,1.0301112874989875,1.028066114399734,1.0241927616522386,1.0244729552025889,1.0237024886765653,1.0220218750976107,1.0213696438099833,1.015864801775733,1.0156313573208837,1.0155228419391553,1.0155490137744734,1.0157123092512355,1.0160144925549124,1.0127492818364776,1.0129605076624686,1.0135833718858975,1.0140706171542986,1.0295373190632435,1.0318198082894148,1.0351060642245247,1.0442024083667765,1.11458522686625,1.1519735743512167,1.1701903086853096,1.1665897954674143,1.1877993087954937,1.2087875458358148,1.2413812681188936,1.3523674627181288,1.3848746681750699,1.2021410564553023
experiment_733,1.0312514813774423,1.0306577169339137,1.02913685265102,1.0287859703375541,1.0355159352674645,1.0353303226261947,1.0353552954906953,1.0356757143585147,1.0290967873665973,1.02974473807696,1.030673643279597,1.0317558638169506,1.0336057214949121,1.0407018106924402,1.04295627187138,1.1097412426593611,1.1444575098577734,1.1314534543954118,1.1439834950358254,1.1515662965855555,1.165872948426725,1.182164193283152,1.1986001313413244,1.2205970535034731,1.2254749520796486,1.320958306821868,1.3729917470486657,1.1951307066801933,1.2207963535731656,1.245444338361856,1.2665392932108843,1.3001001157229397
experiment_734,1.0312514813774423,1.0312660373779516,1.0360175939520995,1.027195324813817,1.0275005588830879,1.0273168819631866,1.027279873690521,1.0212186208043372,1.0307998374836187,1.0312281078728016,1.033461369047501,1.0330415851645198,1.0393238902856428,1.0408281068917875,1.0421981897078199,1.1079066282988317,1.1425524667700957,1.152273020652328,1.163908656159261,1.148853505710282,1.1634172547495503,1.1808076426123346,1.1997386710276565,1.2255364173171854,1.297987844264202,1.3475312518945368,1.1886062616913826,1.2137854506353578,1.2381617786653314,1.2622496019140081,1.23097965570785,1.2695509022119653
experiment_735,1.0312514813774423,1.031485322982459,1.0313639325309238,1.041397260123117,1.0426482894231515,1.042532076568211,1.0425194352634621,1.042664489553831,1.015367301161272,1.0155792248370266,1.0158757105142195,1.0162834644463117,1.032913396566958,1.034196343758502,1.035733961529891,1.0374758369986012,1.0397933389779248,1.0494832001136931,1.0521130499470588,1.0566378195497153,1.0620268466036962,1.1602090735004165,1.2176553786889386,1.2423397204177882,1.273827489418273,1.3088157150671849,1.355850933051105,1.405733039162827,1.5609684357398108,1.481300117277551,1.553605381684269,1.6302255152442098
experiment_736,1.0312514813774423,1.0418046387015758,1.0423933256778946,1.0438265095298032,1.0484324198299428,1.0502681259023297,1.038391737483852,1.0314295473439075,1.12954056792877,1.1370127010561957,1.146121675367258,1.1560593400312957,1.1645820377283582,1.177391067944973,1.0892064730235929,1.0967900885281117,1.1448586887557983,1.1668842617643456,1.1812465661271,1.2099445497613746,1.2332338744591576,1.2581635675858966,1.289480327884244,1.3108862153797654,1.3519789038997478,1.3299186644199592,1.3773432322463641,1.335664733382737,1.3724786849139616,1.4306394870426737,1.477669867604171,1.4513591942944266
experiment_737,1.0312514813774423,1.029881759988392,1.0271152503100156,1.0257839971524836,1.0253699803355016,1.0237921576165043,1.0223437321122435,1.0210777286392572,1.0173541371760206,1.0164525345284534,1.015652053258574,1.014977976639764,1.0143891295912926,1.0138956970761641,1.013501015854286,1.0132082163775114,1.012965155680565,1.0128036529148763,1.0127247446360514,1.0127298244289016,1.0127819218478984,1.0129645187060903,1.0132441310130995,1.0136183331351174,1.0140746724096839,1.0146979420483566,1.0154624298759298,1.0163885079744388,1.0175082091331018,1.0188332440754824,1.0204743329066948,1.0232064300534347
experiment_738,1.0312514813774423,1.0300743537390904,1.0281446861151664,1.0272124271091385,1.024662817363645,1.023119063301189,1.02526363786805,1.0248542730090504,1.0134920710582922,1.0134378749994986,1.0131760040460336,1.0132726346372078,1.0134569985954576,1.013713317794723,1.0140726716475161,1.0142204155590802,1.0147542439270718,1.0300505819344925,1.031487061356081,1.0331487472698455,1.0350968082205878,1.043520791031227,1.0459273401582654,1.1177950742311697,1.1571470874243364,1.1638578926596552,1.1780584240646907,1.16233289218654,1.1778661787051636,1.193484654313757,1.2135278933346745,1.2379297969161156
experiment_739,1.0312514813774423,1.0441013167886588,1.0467234488380368,1.0502051933220198,1.0404493808770985,1.0306564724100402,1.044288797382473,1.0467817311421705,1.055820215414701,1.05826029431085,1.0615376330806143,1.1531118253430364,1.1604771881443618,1.2007129105637668,1.2164112486372094,1.226285998722292,1.2361251280373697,1.246606491703402,1.257172472203377,1.2678948984006417,1.2776233982699934,1.2866887426981477,1.296431207388156,1.3062268121455967,1.3168883608771402,1.3270034962730226,1.3374956306272694,1.3488487070533683,1.3601809932574125,1.3762082257441681,1.3892923878501313,1.403258646460075
experiment_740,1.0312514813774423,1.030684698336476,1.0294148631016675,1.0289408130799786,1.0266774827616993,1.0260657273470712,1.0255463623157741,1.0280418770615813,1.0142617534764529,1.0140756512336646,1.0139218577186213,1.0137963401095473,1.0136982416993414,1.0136165661486294,1.0135585632378754,1.0135208648964127,1.0135017786921117,1.0135006437916252,1.0135166912721216,1.0135494050727032,1.0135984510075442,1.0136617634969922,1.0137430293991918,1.013840513079079,1.0139537552253919,1.0140846318847443,1.0142330458805326,1.0144028975349348,1.0145889931762158,1.0147986396119373,1.0147124673647203,1.0292214658741787
experiment_741,1.0312514813774423,1.03055533713043,1.0288875116836917,1.0281563933960909,1.028546369178895,1.027613886340943,1.0258749122384156,1.025253722586874,1.0172641008861236,1.0170454198038446,1.016926437881758,1.016902556883009,1.0170137565699062,1.0172416392687602,1.0136433593190273,1.013740434662961,1.0142375263424317,1.014863149298487,1.015333733067252,1.0316546534010267,1.0338097748716781,1.0363550092454825,1.0458545025171162,1.1170899855510426,1.1526595852266504,1.1682994106882147,1.1601377286886243,1.1748307589761489,1.1948495846358698,1.220389874062438,1.2302064413505867,1.334592593956833
experiment_742,1.0312514813774423,1.042708153042753,1.0440708315552147,1.0462580003732607,1.0374424905476551,1.0303820388924076,1.0314830085316915,1.0280098667268043,1.1276682112540564,1.1330893057063705,1.1394962873830612,1.1462151319337976,1.1533544122003077,1.1608755438548068,1.1690243493631167,1.1752581040130274,1.1693374143889306,1.178697603456907,1.1897043417327509,1.2011484365880576,1.1077162505416522,1.1543386463868854,1.1644415014120841,1.1790626061049163,1.1889873520016032,1.2085460709204925,1.2216639012736024,1.2018115298746268,1.2456593915011342,1.2509284875299718,1.2661274394312236,1.283848780686079
experiment_743,1.0312514813774423,1.0302638855900892,1.025442997848218,1.0246829569512073,1.02568528136346,1.0248557671351854,1.0242189834814226,1.0238026510930796,1.0254972620140363,1.0255394842032952,1.0258133170543438,1.0262528037283651,1.027033992892324,1.0280991797211654,1.023313489488932,1.025153694022,1.0821563893235595,1.1105454727664865,1.1173008749196165,1.1298134444133183,1.145055606522978,1.1630537372915704,1.1824778244917584,1.1916119028280163,1.1486366015599148,1.1772703492756955,1.1862088929952534,1.246562601033123,1.274292321210935,1.3215880875447414,1.3324381387626816,1.3930553978168452
experiment_744,1.0312514813774423,1.030026936109923,1.0248940565140274,1.0238002476597088,1.0241984775795085,1.023040661925123,1.021214693733729,1.0220815927773643,1.0149408299282265,1.0145247488389633,1.0150720847815604,1.0148403276205318,1.0147619351698454,1.0147845705819825,1.0149307677081612,1.0152086730717327,1.012155238610819,1.0123361647325402,1.012927764410642,1.0136730147898947,1.0266008897851537,1.0285493114845963,1.0309321999708678,1.0395669379834631,1.1052469564797436,1.1234009575022568,1.135090247979086,1.1521877581872029,1.1719822881692412,1.1771996777572393,1.2026342265085546,1.2333805062414538
experiment_745,1.0312514813774423,1.0444414079583537,1.0473289067835905,1.0371639856293142,1.029545548610226,1.0310443390062927,1.044324544630734,1.0462017298866908,1.0536490672413044,1.1315407042501489,1.136477910286579,1.1412653951860416,1.1458778872403006,1.1847778797026525,1.1900456687970644,1.194785514999342,1.1994969857659403,1.2043679055447434,1.2085223963078888,1.2124882838220523,1.2161486630924232,1.219316529132529,1.2223804862975147,1.2249671731517182,1.2271893640379001,1.2290266458973214,1.2304473502509088,1.2315128037958296,1.232184576899375,1.2324616327890732,1.2323446539112426,1.2318367122964196
experiment_746,1.0312514813774423,1.0309682099320174,1.0255691934953441,1.0254976804319262,1.0214669548256046,1.0213191508223285,1.0213845876468939,1.0214999205357118,1.0295698434154443,1.0782711175260753,1.100862173199678,1.1040648513007691,1.1067695437429377,1.1075954121708185,1.1125204009920835,1.1182610184344906,1.125130248292543,1.1332415755907197,1.1422871098877299,1.1526053297840726,1.1642682758915317,1.174489625184631,1.173152344192031,1.0963436631509882,1.1424627335691182,1.1571924081534561,1.18225726258021,1.2049514886997919,1.22648958565375,1.2430647293355128,1.2696950917804373,1.2992325638009752
experiment_747,1.0312514813774423,1.0286609433581313,1.0237879271598491,1.0216127763597616,1.0216362060917654,1.022132391338378,1.0204018623154765,1.0197567092678184,1.0203403390904893,1.0200437557578808,1.0199421691799162,1.0200014551682943,1.0202616138237073,1.020709432158485,1.015182540751961,1.0158295281885381,1.01662842311146,1.0133964918403728,1.0143251498751007,1.0295284897366757,1.03210881665109,1.0334457248731515,1.0431560336436874,1.1140577862906946,1.1341852534908614,1.148969564469594,1.1702512117800974,1.1939305323183307,1.206156907046067,1.2421720982382838,1.3765686269487796,1.2093924104683638
experiment_748,1.0312514813774423,1.0312081321537179,1.0358205931070443,1.0361404454851526,1.02159738266963,1.02164706642237,1.021910721039777,1.022262431066787,1.039277378508255,1.0998450292982234,1.1025543632073322,1.1120662195487154,1.1179584191225254,1.126636281986324,1.1300697103646722,1.1390059603262457,1.1498496503457305,1.1618764996240687,1.1760747795167246,1.1906568678699792,1.1920639784813396,1.2121857033469963,1.3011849312577277,1.176311597330355,1.172049823973676,1.188371076579332,1.1595937498056417,1.180532206388349,1.2216586743193387,1.2173839242168072,1.2452522714119763,1.2663755620796424
experiment_749,1.0312514813774423,1.0459821206568514,1.05077258755263,1.0323546676910924,1.0469463055779868,1.0512609663108958,1.0557817015054511,1.065441888948565,1.2155914646186832,1.192854885058683,1.2088216866478056,1.2240454249536312,1.2452445714263067,1.2689481216210483,1.3699692524331797,1.4049423090056072,1.4104696940954722,1.4538831242040848,1.4395082286592191,1.481847494784449,1.3577498895617495,1.3041328164021269,1.333025741532519,1.3639762567329135,1.382867334033406,1.421216499672914,1.4607918160494409,1.5087704529879225,1.5521247863362748,1.5982142500870635,1.6571673256700412,1.6374136674812574
experiment_750,1.0312514813774423,1.0313190083133905,1.0310301754338853,1.0311059879881852,1.0433248104858084,1.0429467975566928,1.042678200974137,1.0425037304808351,1.0294078541562353,1.029418694457515,1.0295205985926865,1.0774481134115348,1.0817890919565878,1.099570506993471,1.1006967606235885,1.1013265892419568,1.1030486725394717,1.1044055958167915,1.1066852229538293,1.109350627752139,1.1123007680632817,1.1156226350679301,1.1192347435891385,1.11788048595461,1.1223005204396121,1.1271253785037545,1.1330345273885425,1.145074110496638,1.1527984573961525,1.161522511745702,1.1682662968789694,1.179530297487414
experiment_751,1.0312514813774423,1.0315988476410651,1.031962652182323,1.0431120557674347,1.0462718476103778,1.0484472391823723,1.0374354495539884,1.0310671139742604,1.0477611304159224,1.1162769287426744,1.1248509925306147,1.1683611388806048,1.185436477463627,1.1764990909925463,1.1925836757480555,1.214712615889637,1.2440619961580361,1.3506391955265828,1.374665027612157,1.4320018006760782,1.2333266605300863,1.2695621572339508,1.3119047089454758,1.3524061815683504,1.403139163821087,1.4754793114535358,1.5414487125242786,1.6410570548257177,1.6415896912432588,1.6297950972192141,1.5334586304564075,1.6410131117074478
experiment_752,1.0312514813774423,1.0312042300771533,1.0308505852965784,1.0297953170266074,1.03175354049941,1.0316866885812388,1.0305683996125754,1.0306520248287032,1.015765583423853,1.0159609376512748,1.031830560235612,1.0324156665730104,1.0330709629985497,1.0341127877460523,1.0353906437193112,1.0369104720401996,1.0387189101875778,1.04693752192685,1.049251712841721,1.0525636714269826,1.134444892789938,1.1737443061178694,1.1944731353721205,1.2124157134517344,1.2338539171619343,1.2517392093729112,1.2382267953650685,1.2632905829069374,1.3717143364828763,1.4321206009766043,1.4173375395296186,1.472244620463547
experiment_753,1.0312514813774423,1.042733057436362,1.044099281239722,1.0458728347754773,1.0491081856538496,1.0506797426020218,1.0382972299739444,1.0395197227024346,1.038730059380682,1.0406591471211255,1.0483849347293173,1.0502091214964124,1.0522134334219089,1.126661167507799,1.130021198487216,1.1357464937671602,1.1737164722755395,1.1815120233595815,1.1897657285707215,1.1984165292435822,1.2070728878141481,1.216761725189044,1.227031525949638,1.2374810324596397,1.2494460688682636,1.259106929188717,1.2240373265919904,1.2350430242094703,1.2476991903441057,1.3110809086581157,1.3377314683170352,1.3462383996849807
experiment_754,1.0312514813774423,1.0311723121370033,1.0357280181243178,1.0301027115072348,1.037082379691315,1.0367125618621649,1.0365671649700867,1.0366005014675268,1.0299288539542328,1.0303427296234386,1.0310174408437636,1.0319846286702092,1.0332574175025906,1.0348868788139658,1.0356357011425632,1.0438393159360384,1.1122495735860696,1.1495321582745213,1.1640432074986165,1.1563546471238153,1.1700054323999725,1.190411316212104,1.2165760122772018,1.2489839094761068,1.336441590981344,1.3968133329175896,1.2155507448446934,1.2516163706831158,1.2891921441832241,1.3319026252366408,1.3653338084886641,1.325718604008262
experiment_755,1.0312514813774423,1.0418500468007905,1.0424560072513072,1.043464295246306,1.0471713601316013,1.0482101335250593,1.0490546350616519,1.0499838670949566,1.1178990440653018,1.1210266523364218,1.1239117058611625,1.1268923452895854,1.1302774324715348,1.1339030616857704,1.1379823736989136,1.1422721304208612,1.1468098191122098,1.1520068323935848,1.15726554984845,1.162911246194629,1.1660837517535638,1.1724334331696389,1.1792788743307712,1.0858642759551156,1.0891748763249682,1.09337849966107,1.0978844331443431,1.1389964371707346,1.1458461591591047,1.1532060607629513,1.1631259025332559,1.1801763199527027
experiment_756,1.0312514813774423,1.029447114301102,1.0268271464396723,1.0258386519809586,1.0258438193993165,1.0253882342357763,1.0252618396544615,1.0254528797149194,1.017384515060314,1.0179749906827964,1.0188205883232042,1.015122557283932,1.015880425612092,1.0336286367672511,1.036505730956783,1.040806949971372,1.051514424554852,1.0571463768012161,1.1534092341649957,1.2149069023066943,1.246709566143197,1.287420787141957,1.3410948195441328,1.4900149995151377,1.583166760474844,1.5005532718053152,1.5895556097163612,1.6374611627229325,1.760314861368169,1.6496859977532337,1.462512421328058,1.2330722883313703
experiment_757,1.0312514813774423,1.0316463159079752,1.03161046720695,1.0422879171002262,1.0448475941933881,1.0451201381263668,1.045628199329135,1.046491491697055,1.0329777349107405,1.0338846874466692,1.0348917317941673,1.0363647326764984,1.0381001496634659,1.0406932104651194,1.0494651028530018,1.051501689234184,1.0552203876067918,1.1394707244280036,1.1509283904051544,1.2011021960869859,1.2202944115976866,1.2425280130535126,1.2678699696129643,1.3055594993684494,1.2780099040119806,1.384281732326614,1.4359190225211964,1.457531247371094,1.5227228394803038,1.5837934502898308,1.6207639975315504,1.4554126782405592
experiment_758,1.0312514813774423,1.0338273014319277,1.0242693978396664,1.0230566218300094,1.0170786308690971,1.0228308716096748,1.022109320445719,1.0208723973987135,1.0187970919537674,1.0188235094819735,1.0191151654012351,1.019556845373705,1.0202994257683133,1.0213280346028872,1.0270108716552435,1.0975102501968719,1.1022332647674473,1.1123534939737267,1.1256361832452098,1.1420407414972031,1.1621212705259183,1.1687649271079616,1.100083259817988,1.1656997923237495,1.2181791485810054,1.2304000669228377,1.2098506209574469,1.2480650288596593,1.2872539331654318,1.3216670814433487,1.3736037198249493,1.3421344500020975
experiment_759,1.0312514813774423,1.0430142167772911,1.0441958573152024,1.0461814326697645,1.0497516268900577,1.0374199409236713,1.0383239419923809,1.030692835563298,1.0380116722319377,1.038881483205305,1.0403392107292995,1.041226473978216,1.0482886715926267,1.0492821583671184,1.050276568746528,1.0512148692511412,1.0515166980679873,1.0517702981775316,1.0525760066477117,1.0533191247565445,1.0539477590087876,1.05455962942321,1.0550941420869542,1.0555299051836873,1.0559416732943208,1.0562852740673345,1.0566379734681512,1.0568994712348792,1.0570073687182724,1.0570556667578688,1.0571711479008055,1.0571436671046854
experiment_760,1.0312514813774423,1.0306125543565514,1.0263353868662253,1.0261552531924925,1.0207254187763233,1.0206458442996955,1.0206730263194062,1.0209147019378126,1.0236398463339724,1.0242687585997496,1.0255545863415267,1.0309806481496995,1.0831016124463297,1.1083294332354712,1.1135570180482306,1.1232732308527418,1.1267279714466156,1.1360798022271128,1.1471057747573545,1.159346837619469,1.1732531162134514,1.186465434655004,1.1877156993497846,1.2068454852291037,1.157256330933563,1.17882131843648,1.1970679015422094,1.2234632813138622,1.2070639712132207,1.2618656554268548,1.222578095063896,1.241841187133835
experiment_761,1.0312514813774423,1.042329274151828,1.0432578182206282,1.0452080137801703,1.049850258011327,1.0378471531584637,1.0308066662384203,1.0275085094550453,1.1230187121598332,1.1301468769436107,1.138000030209478,1.1473469067550552,1.1574681646285465,1.1688458712403929,1.1791175183554345,1.1774150892703967,1.1927297720808274,1.2097337130618087,1.1569365327777255,1.1768824196452154,1.1913722488863008,1.2130128148529726,1.2355898720746532,1.2581838194376673,1.285375645511863,1.3095288990760119,1.339573038244884,1.3244720236899723,1.36671642796021,1.4114569967000414,1.4646515124149304,1.4241280236808518
experiment_762,1.0312514813774423,1.0440667414225029,1.0467685820470432,1.0499301407940023,1.0277925619338146,1.031328719481995,1.0446971642661114,1.0465044248808537,1.1440005776445128,1.1500890341882004,1.1558911629560997,1.1617344957970723,1.1649589817852912,1.1710226023208004,1.1773202429725602,1.1682874951082336,1.1756863907343442,1.1827164076829817,1.0970868153008722,1.100854845182983,1.1430953165556317,1.149846319265959,1.1568135632056604,1.1684612201976439,1.1769708100809475,1.1837771675320117,1.2005633016018544,1.2115733393632981,1.2424342702502047,1.2304929099553834,1.242228152173952,1.2451160343724506
experiment_763,1.0312514813774423,1.042528402680394,1.0435153730299458,1.044816350269578,1.047461751075507,1.0479976665148965,1.0481162728422515,1.0480214486856867,1.0345262852711397,1.0359099675948946,1.0353613070591525,1.034575780073022,1.0332689660670327,1.0322910689081217,1.0311959911439659,1.0300090364832386,1.0287227927151592,1.013949442649956,1.0134979708663616,1.0127272747420417,1.0122041307338614,1.014717049239136,1.019294236331482,1.017273462155285,1.0159839655096943,1.0147807769679633,1.0136517855260343,1.012561166640615,1.0116003339829076,1.010615246573894,1.0097309794839702,1.0088941920686614
experiment_764,1.0312514813774423,1.0307594513735383,1.0301706815411806,1.0290003626453041,1.0309461490311382,1.0308153158548947,1.0309297777700408,1.0313569000977802,1.0159050797141544,1.016060839278703,1.0166811573060455,1.0341240407724441,1.035775561281001,1.038035575922374,1.040774948198137,1.0505453340092594,1.0543869294462132,1.059559827821106,1.156325611204513,1.2138112340071316,1.2404584138404435,1.2724386680792774,1.3113301495020744,1.3624180236462682,1.5116858103593263,1.604668124637385,1.6497918638963176,1.756930708307475,1.583706046334403,1.6661877687386508,1.3295884873826842,1.3215720300609144
experiment_765,1.0312514813774423,1.031515416758207,1.0314578597063258,1.0421508394564634,1.0332605356307394,1.0339955220997494,1.035154553403139,1.0368630403789463,1.0394255217460018,1.0484580103940422,1.0518349648260876,1.133339729590627,1.1816679754025243,1.2026130120325393,1.1864474542636612,1.2100772061535914,1.2383426793139354,1.2729587951580894,1.3662018490039693,1.4380320729520797,1.461173177712399,1.3686353914394211,1.3367357167433653,1.393141281663931,1.4082909728961857,1.5521673841995094,1.5831093438064627,1.3150324199112289,1.356726202850449,1.329100903218403,1.4922528559354293,2.952699782947628
experiment_766,1.0312514813774423,1.0420893978831478,1.0426700528112285,1.044235454822432,1.047855865814097,1.049118872981951,1.0370602812056817,1.0299904950635832,1.1094653091296067,1.1135500317024682,1.1485916147444215,1.157112580761041,1.1434719132332778,1.1541558339065365,1.1610627363637986,1.1743634673820074,1.1878317944285048,1.205469324598213,1.2264660796571663,1.2295144605000023,1.3261823757889701,1.373874223744345,1.2523098071996461,1.2190477067859475,1.2476895290693488,1.274409024525913,1.3033849757166536,1.3230465779237235,1.274374029301742,1.3150488308341024,1.3580337810087135,1.4133802663377057
experiment_767,1.0312514813774423,1.0315639492484052,1.0317572070293195,1.0422515304009405,1.0451865467801544,1.046259963719691,1.0474766967689821,1.0489407555612884,1.111178128810876,1.1161339109967396,1.1228349267601765,1.124128129223627,1.131348612289041,1.1395358196046863,1.1491226291006933,1.1596683926553188,1.1714100651677388,1.1820247420154109,1.180537618416283,1.1960850688898939,1.1058614367989434,1.1548547121955064,1.1739621979384482,1.187898101931164,1.2151839104349809,1.2007537147732228,1.2566055152007176,1.2755708897750484,1.3067098319709074,1.2911592347553613,1.3213449746977508,1.3597272175411592
experiment_768,1.0312514813774423,1.0345208826672314,1.0251287126288726,1.0241478240140947,1.0180640264040566,1.0173138591880442,1.0166919842127389,1.0225697747142464,1.019717393398234,1.019388624859056,1.0192032557609394,1.0190881571624457,1.0191386645729448,1.0193055132934414,1.0196046080246601,1.0200558959108172,1.020661835355051,1.0217522461008723,1.0266727121917445,1.0955166698354992,1.0993880808705372,1.1010388844351413,1.1109215969971864,1.1203154290953274,1.1312577579021073,1.1439614448264719,1.159346951614891,1.160176278379885,1.0901575317896441,1.136715256475539,1.1586869056504545,1.1754711570588698
experiment_769,1.0312514813774423,1.0318242647369837,1.0418767773234576,1.0423552840516785,1.0439977648379657,1.0437405173674474,1.0434530451122945,1.043247404392497,1.0317576741855536,1.0316003273310421,1.0314950487403778,1.0314379784876315,1.031403014285241,1.0314316629418427,1.0315164117152427,1.0316794169753474,1.0319039425883163,1.0322137023012221,1.0326077625847416,1.0330760373976149,1.0336365004185624,1.034294012987652,1.0350490141737017,1.0359076610747664,1.0368850240535699,1.0384662992620572,1.0455785951792018,1.046554732930801,1.0476971083912399,1.0494690580575015,1.0513775707940372,1.0533821554029952
experiment_770,1.0312514813774423,1.045287875022903,1.0495148822190865,1.039839388917313,1.0452988872490898,1.0487665425627206,1.0523862344515074,1.0562954433517362,1.17747500847932,1.1890811778891355,1.1871846441851222,1.2025553552160702,1.2189721386707935,1.3022200833442394,1.1783809442306667,1.188161001287743,1.2054058381325206,1.195302447259561,1.2072844685883286,1.2244774606469218,1.2329584473892279,1.2518508066603569,1.3014811742267982,1.2164020189968725,1.2335852286146203,1.2457469018869725,1.2725689698629212,1.295941046315818,1.3245736850510044,1.3444318126300792,1.375137441202162,1.407895545944466
experiment_771,1.0312514813774423,1.0344966369822284,1.0251863082032036,1.0243516937824797,1.0183030857106585,1.017752554419988,1.017336375302619,1.017095063799751,1.0204116261769622,1.0204649252330753,1.020751266071894,1.0211912896069466,1.0218613439557238,1.0231089493115333,1.0283340609835443,1.0990452724606732,1.0990031096835735,1.108566814613782,1.1172680978220513,1.1279404057945284,1.140801923847561,1.1554911955325728,1.1696881441784843,1.1736921471646578,1.0992189650534065,1.152043079490658,1.176079647304224,1.210514455255393,1.2391825335350974,1.2620022656360308,1.2942437630766308,1.330246573135192
experiment_772,1.0312514813774423,1.0301385863405113,1.028951918192517,1.0271922213507263,1.0273611915364245,1.026830142537511,1.0264438920562966,1.0262445043302424,1.0169981128760577,1.017084433610556,1.0172853173774659,1.0176216882191385,1.0180717016354421,1.0186367649096169,1.0146355655491268,1.0149688523803242,1.0157311659807349,1.016645135088365,1.034502538420382,1.0369363746819154,1.0397822631835014,1.050170721538505,1.0535219348709874,1.1382592468284072,1.1875659805451353,1.2091115096159168,1.2349495415796687,1.2175745375940528,1.2520163195456535,1.2886857160469358,1.4250389750813053,1.4666803782324789
experiment_773,1.0312514813774423,1.0304777029502463,1.0249826398189377,1.0246526730227041,1.020453895563176,1.0203008460023881,1.0202427016875606,1.0204349617311452,1.0964782125539738,1.0982886482902363,1.10079442533455,1.1003740862020008,1.1045525848756643,1.1091973848322765,1.1150501287854424,1.1216369216230364,1.1298409112037382,1.1389503988528422,1.1494156532809963,1.1618568044707926,1.1574337456816401,1.1725184607883734,1.0957901299031099,1.1438541418396264,1.1626314711018184,1.176987816280729,1.2222613540957885,1.2173594553801812,1.2412859551625686,1.2054314375283948,1.2323598012884407,1.252333980575071
experiment_774,1.0312514813774423,1.0309295636886635,1.0307678458292586,1.0309349743806084,1.0423927144312386,1.0432396531752808,1.044592787720598,1.0343282614122802,1.0365499360862993,1.0396943347287635,1.0494768943894603,1.1277142050217894,1.1748055931680554,1.1973076978045227,1.1843115805060993,1.2119230565729242,1.2472543695925107,1.3672864905498419,1.4161401405647738,1.454296639855367,1.553144739718132,1.3533945644417666,1.3870660663449255,1.4744177582411648,1.4924231560933612,1.2620180212860075,1.29671405399185,1.5093023835051707,3.3337701983703996,4.417730216122184,5.683376611923537,1.9109665824411666
experiment_775,1.0312514813774423,1.0255800172377283,1.023479016005998,1.0221075477716728,1.0175527505910467,1.0226751036763821,1.0217902305638524,1.0212388636486665,1.0141706872998735,1.014202181233404,1.0144583032713035,1.0115202737407956,1.011822725542162,1.0125661471087768,1.0208752650699902,1.022773556024257,1.029869236889323,1.1079826923187177,1.1172678054193619,1.1341766231135724,1.1551913360798267,1.1781577423768264,1.192102981287081,1.1566127404381197,1.191050867396397,1.2317469186245384,1.2803810758857028,1.3242320691701142,1.3358549017250563,1.4209392620001173,1.4080674661593042,1.4921501735505638
experiment_776,1.0312514813774423,1.029891111489194,1.0247438794093084,1.0238221722217926,1.0247140376770874,1.0236411890450956,1.022027321782866,1.021529476591136,1.0118866341856496,1.0116352168872955,1.0118227053476072,1.0121220647015605,1.0126115124733823,1.012997180839576,1.0275905350956354,1.0297838128767696,1.038112657566204,1.0421164544452568,1.1394684981877112,1.1343403462339217,1.150903790705025,1.175485231177726,1.2027573065320312,1.218993574282028,1.1814163613050723,1.2222315575535183,1.222831903762989,1.2252500707390095,1.2738581057273457,1.3098595246290374,1.33305726841734,1.4133369010695154
experiment_777,1.0312514813774423,1.0456218606390497,1.0500053198025179,1.0269973021868228,1.0456399353266004,1.050004007833164,1.0547633773446792,1.0641054560370582,1.2051045531009077,1.2261004899362395,1.249619060016911,1.2769710494160045,1.3083538890461919,1.3482779264386944,1.387371968922365,1.5292458438001308,1.599173300005731,1.5898396177839047,1.616496929438564,1.5893307723883767,1.6199218810185532,1.6888195904970194,1.771944888311827,1.7297102910509352,1.6722870837131845,1.7439229436511678,1.841752868200203,1.3449249374118573,1.4082436391689022,1.463296161817679,1.5249518116825378,1.5535678637556203
experiment_778,1.0312514813774423,1.0308068946158744,1.0254381830205224,1.0253535059967798,1.0212531700134493,1.0210870391022622,1.021046757046757,1.0211858110902716,1.024805561867008,1.0296766428509676,1.0789299422015155,1.1027356398464494,1.106720235956371,1.1111576131381633,1.113272935611205,1.1200258278243054,1.1275171874650045,1.1365535299588845,1.146603415153657,1.1578967704924434,1.1678383699589767,1.1672536824745692,1.1833174391179542,1.1015398905715477,1.1518556564773674,1.1682238081005671,1.175448542942057,1.2033246530272408,1.242158608801643,1.1857830418449042,1.204603143428235,1.227369613901843
experiment_779,1.0312514813774423,1.0294526995757178,1.0343110876368335,1.0260098964083768,1.0207191704755942,1.0207714534520365,1.020919216144661,1.0211368867351607,1.1032050046183923,1.107483041635668,1.1104846412423532,1.119232880239693,1.1300598274663487,1.1436893483673993,1.1601443050234892,1.1629438327675927,1.1877935745180355,1.147671195465373,1.175200342241464,1.1831324848711522,1.2363833104663293,1.2133688975796706,1.248816333821261,1.2459391500748935,1.2976678587147605,1.363628822386075,1.3364948725957126,1.4098073992122364,1.496509950008308,1.5624066040253681,2.8735899938969784,4.102914184195756
experiment_780,1.0312514813774423,1.0312514813774423,1.0410754167718563,1.0312106157163896,1.0432912253767657,1.04356854861533,1.0440132301590765,1.0446452376435535,1.0313079547187896,1.0832413364015836,1.0846215607062772,1.1094704916007858,1.1122955185808934,1.1168978845788524,1.1239412477358919,1.1247039237371106,1.1313248852491857,1.138541286048414,1.146953990493124,1.1562889137960886,1.1667368639560372,1.1762893124892888,1.173929877181674,1.1887654601358586,1.204300504237612,1.1517517923738092,1.1662351416471601,1.187881589422605,1.184566297574342,1.197747798232165,1.218804065195124,1.2757439923483143
experiment_781,1.0312514813774423,1.031781654733556,1.0423445867290624,1.0437560663543806,1.0470797724910257,1.0488828639428593,1.037682618006465,1.039957674268787,1.1202352539291767,1.1275430867339624,1.1654223189959314,1.1814098312149794,1.1717036350029635,1.1873871161617113,1.209444703692508,1.2189111761137996,1.318092237360088,1.3739550835526062,1.3850870777884827,1.2301333699632457,1.2701979387600981,1.3184864291329548,1.3584412692419046,1.4273159955085002,1.5009399915809885,1.5152346162476213,1.4955671155577472,1.251107899068065,1.379761334866386,2.528166482602838,2.838416355226431,3.397187528529044
experiment_782,1.0312514813774423,1.029743763241705,1.0274545046471302,1.0251779014312137,1.0249057928366085,1.0235604993226086,1.0201326957565007,1.019181615955043,1.0198211127220747,1.0182980726714652,1.0176157201138893,1.0170075658555873,1.0165042068049661,1.0160810909154006,1.0157429862104268,1.0154728099153383,1.0152791421639338,1.0151155159435035,1.0150740118246881,1.015112789211253,1.0152335480431336,1.0154384884623422,1.0157378607086704,1.0161370660999378,1.0166341688054226,1.0172577739709894,1.0180214640939085,1.0189376197630018,1.0200325508055101,1.021390579466328,1.0169096204439425,1.0141259839378498
experiment_783,1.0312514813774423,1.0430219342012659,1.0447523309676998,1.0471691886182466,1.0385254673267152,1.0313278754951283,1.0300835545835991,1.0315664215591454,1.133714766049872,1.1414683688284324,1.145059482354547,1.1556093189454233,1.1674115602936772,1.1789694934788253,1.1947429949750528,1.2145492742800907,1.2170640042053709,1.309049676820075,1.1874119535822085,1.2144535672543983,1.2066249313456046,1.2181753294347561,1.276111252237576,1.3057842763674197,1.260005860017387,1.2967056536560735,1.3002064060980008,1.3564238297644506,1.4097020103071223,1.4761071683484397,1.4180742762188958,1.4904100593572482
experiment_784,1.0312514813774423,1.0305872939550649,1.0342687646827629,1.0258388170795154,1.0203356626314097,1.0146028426568674,1.0143127520215347,1.014167702235729,1.0219342405137735,1.0219991456730178,1.0223072478961295,1.0227939570158213,1.0239091106720906,1.0290717187419758,1.0999116598857672,1.1057247109527122,1.1084654531564273,1.1168331165431948,1.127346398639436,1.1401164176242011,1.1552390289957344,1.1702325019604336,1.1748783077463965,1.1018836873164994,1.1622953154550708,1.1857643381036587,1.2239639597613206,1.2588710590617174,1.2993160612800168,1.322333142519729,1.3229587625652446,1.3859598562635544
experiment_785,1.0312514813774423,1.0417501540234262,1.0423839450953862,1.0436234199767607,1.0474666042172351,1.048996262000141,1.0373744659344444,1.0304780224101808,1.1202956126139445,1.1267909132905132,1.134068139624896,1.1425866860224199,1.1519523081731298,1.1623523540741059,1.1740076443191967,1.1845622586846642,1.1825729451302112,1.197808322723737,1.1084407488679813,1.1579553477009095,1.176434767942251,1.1914838504391334,1.1891864032636783,1.2089674498197989,1.2522439223502775,1.269187978848855,1.295874542391608,1.321430101321486,1.3065136137418596,1.3421980188658795,1.3751854381521094,1.4166447159981743
experiment_786,1.0312514813774423,1.0306235773702344,1.0291307332353812,1.0284610234014988,1.029047628437946,1.0278993596992922,1.0232611408354315,1.0251422854295646,1.013224867015768,1.016617026358722,1.0162821701637323,1.0160198731730796,1.015859833270037,1.0158003697401354,1.0158206849858062,1.015942052382472,1.0161617877863,1.0125120945199857,1.012871151347435,1.0133204765912514,1.0135915451027109,1.0142628175509416,1.0295299655136474,1.0313597539937218,1.0335347484597328,1.0419826345943077,1.0448592028425454,1.1160715091643643,1.1566313313971912,1.1713917313273057,1.1884761975445173,1.2001849922569112
experiment_787,1.0312514813774423,1.0436485168343619,1.0460824838326477,1.0495506935630101,1.032121325544039,1.031486995755458,1.045893281352015,1.048978916904688,1.1546366971815916,1.1658043784227639,1.1777751646094117,1.188093029784916,1.1850135617482807,1.1988336492511191,1.213253044702875,1.2920671976127822,1.166230332081957,1.1826679954776906,1.1937588813459923,1.1850044340288668,1.1925029258290314,1.2050669573150818,1.2197086794022278,1.234787440579051,1.2758875251661865,1.2938349367728466,1.315539822583216,1.3315067146495314,1.3519884938188167,1.3273893295003172,1.355295144072619,1.3806138131104435
experiment_788,1.0312514813774423,1.0430971262863518,1.044326801471281,1.0462620162115388,1.0495350210102958,1.036975207877842,1.0376283896650418,1.0383011326938398,1.0383340450506324,1.0390231527661118,1.0397602960744434,1.0405286564844305,1.0418277765111439,1.044955278140109,1.0493139996942906,1.0497310588004105,1.0507543383136435,1.0518289775453038,1.0529578338973928,1.054157683748306,1.0553664413857131,1.0566869149303804,1.0580530841988003,1.0596287249490106,1.0612630196977015,1.06297662161931,1.0648001840668793,1.1580986999931564,1.1630640669431722,1.1683138456180169,1.174056624755747,1.2218528917124913
experiment_789,1.0312514813774423,1.0313610780366733,1.0310994650046026,1.0314945857406286,1.04344198405895,1.0439264145874017,1.0447029594661015,1.0458545014889138,1.034224691370375,1.035653900948911,1.0372571156315085,1.0394336460794367,1.0425816928831988,1.0518544242460333,1.0555229094381036,1.0606105509148802,1.1580461377632176,1.207685234964775,1.2388757091468985,1.2693715767637133,1.3034206456834005,1.3463980235881998,1.4008208950681227,1.5622782893193077,1.604687410752847,1.6240898199502454,1.685247969574311,1.730151925627871,1.403230810593957,1.4221417347172374,1.3325998379180675,1.4128044399990731
experiment_790,1.0312514813774423,1.044587186695577,1.0473838806275941,1.0374049611880747,1.0297203321599773,1.0314298305728082,1.0454002596523686,1.048022124900591,1.0562438793268276,1.0588957522579756,1.0625473823282285,1.1559580251588983,1.1652876776426988,1.2153724898545095,1.229599875811194,1.2450910346961486,1.2647153058829361,1.2830927347733996,1.3044156720787754,1.3289263027215739,1.3557128122253232,1.3889287312409835,1.5142241770653915,1.560739712065151,1.6205893933131668,1.6126156452445137,1.6656308954459802,1.7221094766918528,1.722355032852264,1.7291358322287356,1.7961728695647885,1.875442536116672
experiment_791,1.0312514813774423,1.0421411606851336,1.042636451842003,1.043867317657051,1.0464440271170874,1.0473311508233563,1.048383319197955,1.036427639904574,1.0351928866905227,1.0364220450827988,1.0382218430943702,1.0404070948877346,1.0500042572380135,1.0530559928392553,1.0568213110226556,1.1447904204478496,1.1590997490922914,1.2162316832782094,1.2420515322274353,1.2740755234857384,1.3140979632256056,1.3669735045672164,1.5212992662560794,1.6145221091554993,1.5230556703267206,1.6007874131997915,1.7178700121920065,1.753149439159995,1.7550344526968984,1.424198528336813,1.3656404175294783,1.32442510102276
experiment_792,1.0312514813774423,1.0291132862747097,1.0272488612542805,1.0256091606188864,1.0251438149924665,1.0239104026317551,1.02063954699068,1.0199498607021027,1.0214284192349543,1.021079314790309,1.0209204921233495,1.0209282449102512,1.021151581322306,1.0215866229672492,1.0157339496631166,1.0163924912533064,1.013372601367114,1.013883460585307,1.0145864099139166,1.0307192199775337,1.033470911687383,1.0372911555236661,1.0469497341830176,1.1248263509225962,1.1735998461595045,1.1966327438617703,1.186838507508638,1.2078298932787372,1.242857661967323,1.361085388905051,1.4344687050889577,1.4121244077318371
experiment_793,1.0312514813774423,1.042212294735068,1.0431252386240943,1.0448356356924882,1.0497757994149233,1.0379357538492127,1.03944278957418,1.0323050830529652,1.12285065736675,1.129874604100802,1.1383496502955728,1.1478233305208143,1.1585916410270425,1.1680774300831702,1.1819110708520923,1.1814939633667125,1.1016004032606328,1.1512637380131068,1.1715814701863523,1.1897543040966856,1.2151416422355943,1.2399694355133302,1.2685499039586872,1.3018985993304024,1.3283720546285054,1.376119318664451,1.3695037400587626,1.4269260352077735,1.4919429671523035,1.4388591082289501,1.5073207342024835,1.5844314929321848
experiment_794,1.0312514813774423,1.0340204942339843,1.0242643055457992,1.022846293783403,1.0232095578589337,1.017105249755485,1.0160953220696662,1.0207139630301727,1.0132063479229885,1.0126875137374358,1.017155111601601,1.0168161815547685,1.0166599564530447,1.0166754514304868,1.0168878127269347,1.0124256035436876,1.0129259765350787,1.0104989311429735,1.0109374686167398,1.011779259299091,1.0253041343278666,1.0221605263557856,1.0293312250224662,1.1064358155111316,1.1165090912938638,1.132648299992137,1.1516323383065348,1.1711018144090857,1.181246415319452,1.146300272153248,1.1796419924318995,1.2297028187161523
experiment_795,1.0312514813774423,1.0310397402160425,1.0402466005042827,1.0350872031841682,1.0209508568440144,1.0205965186396309,1.0207275572418197,1.0201347018248044,1.0280826647118795,1.0280979536983637,1.0282898894884258,1.0286581326642825,1.029174424367548,1.0298845600643034,1.0307608783153674,1.0323242079583745,1.038831688930359,1.0325595762490118,1.0870736494208766,1.1143244013099776,1.121473680743437,1.1325476936755419,1.1366310898882879,1.1476064977980578,1.1596049965561313,1.1731444675888592,1.1860235334683649,1.2028666706782014,1.2030075936997955,1.2234332780730486,1.1680703117593956,1.188881178102641
experiment_796,1.0312514813774423,1.0437888545972933,1.0460876015358542,1.0491456752948838,1.0401713035779787,1.030272433712079,1.031597325403079,1.0450137662452257,1.1400572487182163,1.146198421054275,1.1519741088625692,1.1578256639721052,1.1636456627391465,1.1693791543846181,1.1750732275856666,1.178299496929158,1.1837243700565327,1.1889247387069684,1.178048232694404,1.1823866753893768,1.1864410044177731,1.1901867048034058,1.1940275429648315,1.1969324228320075,1.1993521907003677,1.2012350925715245,1.2025059081498606,1.20313170004649,1.2030351948486886,1.202168688845552,1.2005089136635965,1.1979891615912506
experiment_797,1.0312514813774423,1.042916713491067,1.0445755474208502,1.0472922117250727,1.0382648172623872,1.026853736095018,1.0305288458938426,1.0443694681299382,1.1299210547166432,1.1722656284217519,1.1861625996789298,1.2023397750643017,1.221203212610594,1.1987455258644075,1.219700319441918,1.2395548155215037,1.2694287728899,1.3782496196633696,1.4344291745122695,1.4341526401730011,1.445675170235214,1.4862215391732578,1.2798157184818346,1.3173804773509037,1.2733350344045553,1.265553093222232,1.308422815340474,1.3496312274887732,1.3879654913318815,1.453269919101133,1.5303354226092614,1.606896663843049
experiment_798,1.0312514813774423,1.0419519340692525,1.0425477833498407,1.0437706687510238,1.047557186341833,1.0483951021250086,1.0495307169539052,1.037271661588848,1.1154285826099328,1.1216147264166576,1.1261545816502123,1.1263139807165972,1.1321172726974653,1.1388317079087746,1.1465837027077168,1.1548972875720631,1.1642518309554262,1.1747296436238694,1.1840370013651873,1.180867537851357,1.1951523260903456,1.2101289482199078,1.1546547356806633,1.1681692220564273,1.1848181353739102,1.1834567866844743,1.196902657374695,1.216898169466769,1.2561724719843992,1.2740083272286626,1.3009935451469157,1.2522657767435639
experiment_799,1.0312514813774423,1.031635416545216,1.041709073171313,1.0425019619699105,1.0449552218444562,1.045711406626298,1.0468240940578895,1.0481208114184806,1.0340084983439886,1.0358728941173694,1.0431268915915581,1.0452445811864322,1.1131810363550965,1.146822465604049,1.1324859635268882,1.142035821165764,1.1549684638145452,1.1629197590632143,1.1771253395329735,1.1914675199155143,1.209696526749367,1.2318300972711527,1.230255704256626,1.3245796628974373,1.3704578905108347,1.2233738115894148,1.2162455206832223,1.2408362238132993,1.2711625564431395,1.299045961841648,1.3232016732049026,1.3627189952034227
experiment_800,1.0312514813774423,1.030419129427563,1.025520904675989,1.0248142658514754,1.0142340463948791,1.0183633258103917,1.0180039042971258,1.0178654730831433,1.021469544821606,1.0216350664731362,1.0220131845794365,1.0225193009715472,1.0236850625700529,1.0289054996810323,1.1010942411270168,1.1057669019527547,1.1107564963642687,1.1198810104067325,1.1313147450733274,1.1447352287885795,1.1605638526108744,1.162159609705672,1.1836007720528559,1.1429964475531946,1.167264497969812,1.1898005046806341,1.2215131212099835,1.2433099166927721,1.205350334169969,1.2372053151937183,1.2661254573900043,1.2630243220572634
experiment_801,1.0312514813774423,1.0305939993753317,1.029602289906048,1.0290371225679378,1.0295636006078122,1.028834488659291,1.0272736710550292,1.026869007957317,1.018111452410574,1.0180314894638194,1.018046878646819,1.018143575144999,1.0142386800939753,1.0141647837657863,1.0144777982275843,1.014865230160505,1.0153429459755643,1.0155881234356787,1.0316237077141899,1.0330707674784612,1.0348003740265608,1.0367485990033707,1.0395064766790914,1.0477408581174106,1.0505133640470166,1.129349463212019,1.1393879210696465,1.1859503779932519,1.2017093681710764,1.2194972249651317,1.2144356557621028,1.2151211702942548
experiment_802,1.0312514813774423,1.0440741978817858,1.0468046712390728,1.0500280969932405,1.0270642037871214,1.0305962937479323,1.0436763797757211,1.0456192747835953,1.1645918567279672,1.1717301421380544,1.1792171874345816,1.1872867770850128,1.1953330351142792,1.2033640913376442,1.2127494018172882,1.2216457267640024,1.192053054707417,1.1982011653733704,1.206652212220476,1.2156270013047403,1.2203890251110434,1.2307035225932306,1.2412215970766278,1.252238092641936,1.2656204492517686,1.279753619888028,1.3688542973499316,1.3872206778095277,1.4069239309877457,1.390942894786809,1.3815637982113715,1.4041749302445208
experiment_803,1.0312514813774423,1.042753228133148,1.044186026493036,1.046494791201317,1.0377562921211503,1.0396237420103376,1.027907237070013,1.0318809593562577,1.1302456675479844,1.1417305007310952,1.152521771105685,1.1599260671297593,1.173660784619588,1.1873024545542534,1.2047696143413584,1.206518351126752,1.2272240548135893,1.3185607055117863,1.3621260223097544,1.2184770542939125,1.2094040104354913,1.2260156222338308,1.2521121173342094,1.2760386164910567,1.3012677352041546,1.329092771986459,1.3652108452379301,1.4128521868151327,1.4587517363658915,1.5026694374338005,1.5532333708399761,1.5116591135893649
experiment_804,1.0312514813774423,1.0286742802308515,1.026868105779504,1.0255264173851462,1.02512699462309,1.0237222965805481,1.0224853799133804,1.021388085818924,1.0184610446298774,1.0178371805428634,1.0173993836791573,1.017125326929506,1.017018798283155,1.0171038290815235,1.0173709540107911,1.017849852734259,1.0185325391400806,1.0194596398542124,1.020764921224695,1.016384430336355,1.0138592856519635,1.014692535700642,1.0164586317345785,1.0366758387392703,1.0411281098843304,1.0545952595397527,1.150556432383661,1.2175165577611198,1.259604651493873,1.320089013569181,1.3885438853035748,1.4248088865443205
experiment_805,1.0312514813774423,1.025887042592836,1.023924010869176,1.0224850038664706,1.02275749969632,1.0204508258958072,1.0209914866106384,1.020007194406597,1.0132603603559964,1.0128542057916772,1.0125811729555865,1.0124929367385322,1.0125651010179746,1.01277524119183,1.013953189935322,1.010456217303372,1.0111087104790117,1.0119488408020065,1.0254831829938655,1.028114319815983,1.0368324680013823,1.1081772927805087,1.120882971707331,1.1399700205773764,1.1632098786524663,1.17466103668272,1.2063130975608443,1.172967302443031,1.20969137717714,1.2377064775919389,1.2858334170233945,1.2452938672171232
experiment_806,1.0312514813774423,1.0423828047819255,1.043165227333842,1.0449452624521995,1.048761024430791,1.0367247801067097,1.0377986832223467,1.0306085194700159,1.0464861940506731,1.0485569197475035,1.0498423177884695,1.125001730924099,1.162993877660949,1.17308367196183,1.1845680863817967,1.1970372652921109,1.2117431345362468,1.2295540393669684,1.204569703460262,1.2229311834030443,1.2380004034611187,1.2616757553679943,1.3581114690202407,1.4038778710751667,1.4512769483152184,1.4314784448770466,1.4711423438159792,1.5268168903093757,1.5384009138729842,1.604790106389325,1.2253112723459585,1.2528234654975205
experiment_807,1.0312514813774423,1.045685964878297,1.0500388600652337,1.040234865912125,1.0445256083522279,1.0477531457059297,1.050858914817352,1.0539605595335526,1.185538530638012,1.1953101395811492,1.204683438971267,1.213605286139778,1.2219115789283606,1.229456054958245,1.2361448998800675,1.2419504438623752,1.2476535530437656,1.2513760200115842,1.254027434709855,1.2555571017627214,1.255827195722222,1.2549085659871329,1.252808895443232,1.2486064195513713,1.2442613501627422,1.2388613080814077,1.2322389286812103,1.2249952110866766,1.2169380197868844,1.2083214768404278,1.1986601559878989,1.1537011356013804
experiment_808,1.0312514813774423,1.0306584267400363,1.0261029947990306,1.0258924147860349,1.020576691270209,1.0204386309440765,1.0205017029007197,1.020867701568489,1.0247038219638924,1.030016218322359,1.0816256722739261,1.10816959981932,1.1178730731700053,1.1229315320191904,1.1354824928427414,1.1508409477607824,1.1693719433560996,1.1727645030975322,1.1978583991780165,1.1573058702895604,1.1840966690026464,1.223087772164661,1.2576000317930542,1.2792122949829612,1.2462820107383532,1.282467009478339,1.297253439501793,1.3588846694297954,1.4281118732380291,1.3939081739530401,1.4777033900135736,1.5370345079938388
experiment_809,1.0312514813774423,1.0311320947588776,1.0307329181394174,1.030587843027062,1.0313723457301467,1.0310773183981978,1.0308617808449707,1.0307554791712945,1.0153213121319593,1.0150468106832014,1.0151591962046156,1.0153249848494617,1.0155455067887598,1.0155100078480899,1.0158498184568772,1.0162622596435331,1.0327910372578595,1.0339036531077832,1.0351964314836046,1.0366324631109003,1.0381415584206026,1.0401014177710466,1.0423528935951418,1.050913290936423,1.0542263630997764,1.057939816001947,1.0623525616405072,1.1585477676478524,1.171602968556103,1.2292731780069868,1.251305178686744,1.277332293921149
experiment_810,1.0312514813774423,1.0425726326401794,1.0439307070610886,1.0461241247172353,1.0501351021900336,1.0385736354272188,1.0317944515735562,1.030964269127252,1.0510061203325796,1.1280954519728785,1.1366340204338619,1.182419098500564,1.1997025571459612,1.2122515244450351,1.199411450718192,1.2224336046507733,1.2458081850736744,1.280684556449644,1.4002143412918706,1.4590508843473688,1.4318949691674243,1.4971154783086018,1.3027313134942171,1.3492646671288842,1.3872618943668427,1.4493006134129494,1.5216724932633363,1.5902297386310045,1.604410465589038,1.6890038942182493,1.4815609888309194,1.5570856952101575
experiment_811,1.0312514813774423,1.0344950456829418,1.025186473077402,1.0244933571917283,1.0184317431661516,1.018159092677169,1.0180971751203423,1.0182156647827962,1.0222303291897992,1.0228392754040905,1.024135117904428,1.0294796948734537,1.1028652907555507,1.1084583122606533,1.1129299485650619,1.1222608788588175,1.1335233565853644,1.1472517777076015,1.1630135377806177,1.178329658062081,1.182672348153704,1.1037589230629812,1.1572759341220549,1.1792702545940175,1.2087317871589272,1.2430534014501684,1.2681541197079398,1.3080299084661262,1.3023328481635157,1.3448186728204696,1.397747913809681,1.4601519419481908
experiment_812,1.0312514813774423,1.0257339809745911,1.0249801666630978,1.0258313136477013,1.020456708161527,1.0201416762742568,1.0199353017906645,1.0198534618962614,1.0228279636899853,1.0233767113254937,1.023732095895388,1.0242151375778925,1.0758660425057183,1.098523452008488,1.1023319719248985,1.1024364392107908,1.1073785648917027,1.113115035156888,1.1198417619171446,1.127396800269253,1.136778576044354,1.1471031405983834,1.1588567906825804,1.1691201404437612,1.1838652819285342,1.0932292524852676,1.102246655322265,1.154155300539017,1.172057782091607,1.2222057326598856,1.2274246810288865,1.2520556324337506
experiment_813,1.0312514813774423,1.0310201021364032,1.0305894540013822,1.0303983261668745,1.031101982151164,1.030755280247269,1.0305090384329976,1.0303925435568686,1.0150995843914756,1.015202116169213,1.0153670121091283,1.0156179360338573,1.0159771612780082,1.0161145748571774,1.0167090488832573,1.033869873118298,1.035566413047553,1.0376363854631125,1.040140764216604,1.0495408019849757,1.0530522170989434,1.13732665735252,1.1510587982382963,1.206210063900121,1.229671751038285,1.2625814084967777,1.287996829978616,1.2713708227105065,1.3886210335331433,1.4591200221185427,1.4493966633778506,1.524110326485093
experiment_814,1.0312514813774423,1.0288911041968314,1.0254110644235828,1.0236173731923484,1.023001273105656,1.0213179952654161,1.0201088259351316,1.0193813182878277,1.0160983431987751,1.0155105298006668,1.0151113790433015,1.0148827303061267,1.0147949555118072,1.014923398701934,1.015240143123036,1.015744667049304,1.0165066247971952,1.0175288028194014,1.0188726216668453,1.0214746701751725,1.0168427921340906,1.014026938374554,1.0159673290216997,1.0359805168434781,1.0476666214652053,1.133135775513636,1.1948270071893514,1.2347917863375106,1.235872820774721,1.2893003702456585,1.4106469915634245,1.5130470591637093
experiment_815,1.0312514813774423,1.0424171438967018,1.043506419903824,1.0452363183044233,1.0497825226290973,1.03757094723485,1.0384602632037003,1.0309018023245293,1.122724165751319,1.126492171081641,1.130311609222942,1.1345466378549343,1.139200369401629,1.1442795937792511,1.1496905514849947,1.155466943742714,1.1588058170075561,1.1653907801622212,1.172537422084563,1.165127902216538,1.0878011809136385,1.0916497383322001,1.096174716776719,1.1388090509064475,1.1467700062858521,1.1641499396451336,1.1656699844652063,1.2054971026863477,1.2179366612322025,1.2129524662185398,1.2278075449018206,1.2412158564401823
experiment_816,1.0312514813774423,1.045013518445608,1.0488444347823564,1.0531847871827549,1.0322459605853926,1.047007901101189,1.0500711634112987,1.0530637500991797,1.162763154796136,1.168294797060905,1.177335592737412,1.1707725250831271,1.1791408162208667,1.0954330024301295,1.0998774443088941,1.103665523060125,1.1460882976587616,1.152742434198446,1.167966466432442,1.1691715046637599,1.173671603283262,1.1802232892352187,1.1882248059201608,1.1952162067531145,1.2104872365283001,1.217603621308793,1.2230525189886408,1.2302783293711217,1.2383203165364267,1.2456298926404867,1.2532697074092083,1.2612198597451856
experiment_817,1.0312514813774423,1.0309349197674833,1.0298603568507922,1.029658614841529,1.0401450736670705,1.0301327480857554,1.0297721606836754,1.0295469584450125,1.0147292935281167,1.0147297341255543,1.0148025943668426,1.0149221369753934,1.015117566072128,1.0153623579965223,1.0299065465202994,1.0306368285615264,1.0315368918298717,1.0325875735721437,1.0338097971908322,1.0352138478536037,1.0373325086885428,1.0450052515201085,1.0474227891037642,1.1131625569699803,1.1189428721182084,1.1568093688163819,1.1677296901492433,1.18009500685517,1.1667290558820371,1.1761896482948768,1.1925187338204835,1.2076432492510238
experiment_818,1.0312514813774423,1.043267491255757,1.0449409748855043,1.0476804769867738,1.0386852052407916,1.0316556574108766,1.0304684369270425,1.0320553242517374,1.1246457139584065,1.1320828225278206,1.1725210688499035,1.18330290593041,1.1882540839249915,1.1719487043664258,1.184595690874029,1.1991067933778383,1.2119722087879923,1.2245886554205452,1.24392867416009,1.26598056703149,1.3657903935337927,1.4006988581588882,1.4117299519877122,1.4091200103430843,1.443613088404081,1.4884607918815091,1.2713121452408784,1.3004153017605906,1.3161883713582128,1.3483811350315023,1.3807905307922064,1.2785596391511624
experiment_819,1.0312514813774423,1.0303477938121957,1.0254274551715827,1.0244739544561159,1.0250593761964732,1.023854116175824,1.0219190247803351,1.0227158818139412,1.0147820005522565,1.0142921243098073,1.0195808032330422,1.0191418552173752,1.0188643796245136,1.0187150495212811,1.0196958282029351,1.0198398040516559,1.02013059095565,1.0205743081223522,1.0151421881822016,1.0148743787055101,1.0120623634340142,1.0124717508730965,1.0132586012421223,1.027580534736583,1.0297016237005097,1.0321842576287512,1.0355630438270462,1.1011689544280463,1.1241671223120275,1.1392538410004134,1.1486984835087086,1.1653758640489094
experiment_820,1.0312514813774423,1.0454376528588756,1.0497854438084306,1.0400532722260671,1.0457367568916038,1.0489400307224244,1.0521848240172695,1.055602341220597,1.174704429023496,1.1837500755238783,1.1795991714574787,1.1917248486152683,1.2042387773754004,1.216921328951223,1.1581648439402745,1.168496957573804,1.1840264790869253,1.1919150640847254,1.210898603574724,1.1945876808439502,1.2064497930925864,1.2201476012364307,1.265313540175994,1.2814769997297004,1.2908829382923397,1.3079095392185436,1.3302309523706815,1.343609945902699,1.3041669300144239,1.321759154037931,1.3407623907907857,1.368182522816311
experiment_821,1.0312514813774423,1.024871571987549,1.022286419730494,1.0193520207919216,1.0216940866551019,1.0201318859862796,1.0181746121767146,1.0173594170384284,1.015735880862323,1.0154788927481122,1.0154839105412956,1.0156989970723833,1.0161915048451589,1.0176545518278957,1.0134510103633745,1.01121895152742,1.0120605810254706,1.0207765523226833,1.0233664756003706,1.0817520217935508,1.113299980312461,1.131157913477586,1.1537145492117253,1.17832462323859,1.0991618699363226,1.1618408520308994,1.2024496960289044,1.2508010137266359,1.2961757809920345,1.3575929696398175,1.376478310722997,1.4523801502341511
experiment_822,1.0312514813774423,1.0273466011825043,1.0246906119942587,1.0227181554279898,1.0221409242740747,1.0206694482401075,1.0195594982205376,1.018713492852082,1.0161735130183227,1.0158991731923093,1.0158467288745663,1.0160221157481568,1.0163922258367784,1.0170589348704764,1.0180295114247215,1.0194173074638946,1.021947856530517,1.0170738215586985,1.0145361994826272,1.0162117526617218,1.036404339903836,1.0482268259900511,1.0569252849777682,1.1607242174623353,1.23793306780211,1.291966305216548,1.3680200780159129,1.5042215750898433,1.5109862798747504,1.6401634119141701,1.533340126155737,1.669875745950098
experiment_823,1.0312514813774423,1.0300521185145066,1.0285280647807131,1.0264390189054418,1.0263797531405077,1.0253001860959667,1.024343869429186,1.023561636078029,1.0215786027866096,1.0210354437213773,1.0206225920267957,1.0202924792497061,1.0200979544402475,1.0200054109096837,1.0200289779086762,1.02018120709014,1.020439755273548,1.0208106778772188,1.0151279906079902,1.0156298118107565,1.0162215118852225,1.0128409683885606,1.0135022931533357,1.0139808807579302,1.0148792247121594,1.031534938184825,1.0335430208589462,1.0362637385872755,1.0448505110328024,1.048896955764458,1.1283447858721245,1.1742082227682995
experiment_824,1.0312514813774423,1.0315881525715362,1.0414969975980284,1.042168679764442,1.044259130569665,1.0450132550704399,1.0460862380323281,1.0474680993912697,1.0345147575307505,1.0359431079233419,1.0379338529550743,1.0436889676354373,1.0503881542300555,1.0533812336398394,1.0583967283090867,1.1513576814797677,1.2067811514453677,1.2322270930570463,1.2652826303759719,1.3037269938311573,1.352039879882371,1.510792060187381,1.5979741646964336,1.6355907018220783,1.7420009656420519,1.8770855624173395,1.6745377668520318,1.6657385960432012,1.7961734742495061,1.43722723046902,1.4268629443940475,1.366659194116708
experiment_825,1.0312514813774423,1.0312666357543054,1.0307646850719265,1.0306569784798525,1.0413738850863012,1.0309340815104207,1.0304248879168092,1.0289528384036173,1.0181099895377477,1.017911327819486,1.017717543869285,1.0175838033680837,1.0174670068201597,1.017389374426962,1.0173411456276853,1.0173397168992608,1.017378666469214,1.0174734985292744,1.0176021315304007,1.0177754870411457,1.0179991387563634,1.0182765546270423,1.0186128532440746,1.0190110757533226,1.0147280357991555,1.0151357227849465,1.015295407573509,1.015823976718603,1.016425853112562,1.017113267978447,1.0178916213957179,1.0367827125065487
experiment_826,1.0312514813774423,1.0421636076323426,1.0428995947345365,1.0444966615452371,1.0485516483235653,1.0499758031902624,1.03777159981241,1.030535074158695,1.1215380999312778,1.1213031624527805,1.1269574521423271,1.133481146561671,1.140777952048687,1.1487911721472952,1.1577890122942556,1.1678289691191275,1.1765497406481709,1.1733375790309282,1.1862471257581424,1.2017827365464993,1.1490211848535967,1.1624851047069586,1.182582434145254,1.1968193571386987,1.2222371436302506,1.2117978127258655,1.2612533608187189,1.2734317258913588,1.2926946805206532,1.2452470294811149,1.2655492034570681,1.2914733183448386
experiment_827,1.0312514813774423,1.0306726900424348,1.0264641576499767,1.0260931366332267,1.0204479798221415,1.0148029355678605,1.0146393160979614,1.0145989510345201,1.0226973071686936,1.0228583269082385,1.0231960728455984,1.0237303380491163,1.024803943727863,1.0300336337957563,1.0814425701203956,1.1066124671065043,1.1120075957387674,1.1166060705424528,1.125474502701284,1.1362587994739228,1.1490034590531617,1.1638891034063472,1.1785636495502096,1.182245718775737,1.1036625712650465,1.1584073925035157,1.1827732020016248,1.218410461684143,1.2486340787253236,1.2764159079658242,1.3163782030737423,1.31993198398621
experiment_828,1.0312514813774423,1.0314002778131715,1.0315907849239234,1.042235499205046,1.046338735848734,1.0479973777031841,1.0502887162102994,1.0304621543801125,1.123415059376239,1.1323558098872621,1.1432754476713487,1.156021990874064,1.1678344906777516,1.1695315115681937,1.095602488339409,1.1448145185044474,1.1731007210856998,1.1908688538797674,1.2225812738357582,1.249573698052878,1.2823139565178094,1.3056895126612738,1.3532451988567114,1.3340072078556424,1.384280756521145,1.4364044962724445,1.382407455541676,1.4314078837755242,1.499517395981766,1.4720470756023842,1.5546509711268381,2.4232110596075436
experiment_829,1.0312514813774423,1.0255576987305783,1.0236031060695512,1.0215664605889638,1.0220864205420546,1.021187752923407,1.0206130961572561,1.0203778502998717,1.0161660036136677,1.0127934667302012,1.0129503511523463,1.0135728021069506,1.0262251061042218,1.0282417145372502,1.030799396815769,1.039754899291073,1.106380079228816,1.126665739389514,1.1472417774064065,1.164390148563831,1.1900317744837063,1.2060669410974973,1.3135995579621833,1.2092137342944282,1.2087206063653992,1.2426745241821195,1.2469429429105634,1.255030391476591,1.3244883372826783,1.3904534942803566,1.3843877953681962,1.4682946452202226
experiment_830,1.0312514813774423,1.04339415097617,1.045460635902138,1.0485374479536758,1.0397200560647162,1.0300441162526741,1.031699416119889,1.045924076668406,1.1458326523313007,1.1506219878643138,1.1613651559629907,1.1734562337137409,1.1847192108030464,1.1828743045554306,1.1978170224780533,1.2147917600064748,1.2332302899080991,1.3237299792369817,1.363020183585001,1.2038617359967352,1.1972891075540442,1.2150370122116783,1.2367020809222016,1.2607591186243607,1.27658614365015,1.3040484986511616,1.3303150431521318,1.3690778629031348,1.4080144377098813,1.4543248079870275,1.5086130355101728,1.4566942323057117
experiment_831,1.0312514813774423,1.0417088886894008,1.0420840720347655,1.042925060692109,1.0463109793357825,1.0472872460734926,1.0481435692445238,1.0491015291715051,1.1149300515995408,1.117910608731195,1.1213559003806477,1.125184123639906,1.129293339838214,1.134404030728794,1.1399277827522178,1.1463385108537811,1.1538353093883766,1.1618074778424539,1.1678913582415669,1.1776065907816338,1.173054942314859,1.092221517293323,1.0989227641102017,1.1436152574429008,1.1552580297589843,1.169464760851762,1.1908338883002336,1.2069593894278765,1.225333415219991,1.246459152133043,1.2625195843236319,1.2905846330006805
experiment_832,1.0312514813774423,1.0437775565708052,1.046307307589332,1.0495083084417538,1.0320520170256913,1.0311272451087157,1.0450029513267052,1.0476357710660642,1.1441787029632493,1.1545878110340133,1.1658445779840931,1.1760222201481367,1.1901711890851205,1.189598388419211,1.2071156016825402,1.1559014357764053,1.1820318765797213,1.1959399354611806,1.2166382197957057,1.2387478523227058,1.26437393371218,1.2789770967316259,1.3043200610026724,1.2559436233534718,1.2870695842937532,1.2883057271969698,1.324781705489935,1.3814881617612842,1.4353920647171956,1.382167649772672,1.4306004969429498,1.4936020698143866
experiment_833,1.0312514813774423,1.0297192038036016,1.0279481135825805,1.0257253860085704,1.0255847085235144,1.0244859295117041,1.023554028753753,1.022817182777175,1.0209373229228018,1.020616503897116,1.0204934806210728,1.0205537485807221,1.020834185840859,1.021324453978131,1.0220619077860411,1.0163879970289595,1.017338865428475,1.0140749578503017,1.014915663158876,1.0318136870305685,1.035078098775878,1.0455004112961366,1.050016280304696,1.1659603842145643,1.189447946809618,1.1799259169725334,1.20243872560537,1.2374764157453657,1.3553991463664197,1.398252697111046,1.4280030862012425,1.264906362943048
experiment_834,1.0312514813774423,1.044626843303967,1.0480658826504339,1.0520027550374345,1.0316453228339555,1.0455273388757582,1.0479016553693372,1.050213813959193,1.167641403787753,1.1758599118651745,1.0851682381091643,1.0886775311445676,1.0931669464737683,1.0976602455707376,1.1397619141063529,1.1468516047961819,1.1604746278856186,1.1665025957862092,1.1849450060571851,1.1957596032737863,1.2068923759035983,1.2184348297154703,1.2299133459849672,1.2434228022866587,1.2592433895856567,1.2763656963305694,1.2853159715935436,1.288532409088902,1.309621445247725,1.2918212212518325,1.3154830501574581,1.3360014140478542
experiment_835,1.0312514813774423,1.042021219282244,1.0423424756365847,1.0430513155649335,1.0451002492641193,1.0450432594867334,1.0448285685336762,1.0445384996095135,1.0325566320848638,1.0321926300292603,1.0317985757611674,1.0313041109797878,1.0309918259050173,1.0155059078331514,1.0151472927845067,1.0147579970068472,1.0146386256036612,1.0141836703464542,1.0136979435351732,1.0134863188417988,1.0166934645908705,1.0159717354834594,1.0216579927505205,1.019889781897762,1.0188352440943553,1.017834584071583,1.0168443717209572,1.0158557778993094,1.0148820213843919,1.0139500380838542,1.0130167906931002,1.0121030824680284
experiment_836,1.0312514813774423,1.0317136048184907,1.0418670982745224,1.042729201288916,1.0451361505178824,1.0459173463148341,1.0469770009753097,1.0485538111418546,1.0359950802926452,1.0378215207419976,1.040711748140545,1.050074446426123,1.0531121216067247,1.137675913861797,1.187503759178938,1.2104138307239363,1.2381189575612692,1.2218789410218889,1.2615432090466543,1.375795470089155,1.4565204938271352,1.4426711695134442,1.5346031072746475,1.3346746555431384,1.3896961605011224,1.418642901768711,1.3882858785082606,1.380492803199718,1.5186688006563083,1.4379848481679243,1.5259377853864322,3.0980467612314193
experiment_837,1.0312514813774423,1.0283675470504627,1.0251941228449972,1.021231932411186,1.0212948806164233,1.0203640982368292,1.019727792431274,1.0193366188761415,1.0153189485201504,1.0153906026194748,1.015685515842608,1.0161480259732045,1.0128201986437373,1.013532605647747,1.0141907726778148,1.0298921169471684,1.0326418241211421,1.042018292015837,1.111412967264744,1.1556717610885792,1.1708405325216025,1.1646404519805358,1.190174587728114,1.2249788364795666,1.3146374424672929,1.348222935319561,1.2197022884719986,1.2641958781484346,1.2995539308738633,1.2678491985417697,1.3400606191130704,1.4277769944616636
experiment_838,1.0312514813774423,1.0425018057779267,1.043595128482968,1.0453232820277538,1.0495805928942186,1.0506521559818778,1.0378899019939103,1.0302666737140833,1.1209301825358335,1.123964914700002,1.1272486353440836,1.1306667963309864,1.1345388289279408,1.138736481500136,1.1434436357203017,1.148506627822167,1.1540110699338397,1.1600444677408492,1.1638266410662879,1.1710084483925143,1.1639008207924557,1.0869363349046886,1.0916210647694853,1.0957838384934802,1.138143800666258,1.1468445964399385,1.1654820741179364,1.1697547497891003,1.209596724225015,1.2058904297783941,1.2212942483254787,1.2372599218811047
experiment_839,1.0312514813774423,1.0257293901010793,1.0240957282930678,1.0229069472606371,1.0232220491884647,1.0215869341015194,1.021033808336503,1.0207443658462636,1.0126028127812279,1.0127193759264612,1.012994015073653,1.0133694644406979,1.0139589014105865,1.0281007608343367,1.029857306623701,1.0320417551247165,1.038640856677079,1.1028130531907234,1.1399215950693335,1.155217636208367,1.1453709257063163,1.1646788180388072,1.1864884674184242,1.2148879042494956,1.290508680586258,1.3448948082609187,1.186648780399052,1.209960352172205,1.2505275895063317,1.2158299713347631,1.2455580999586806,1.2884941690311473
experiment_840,1.0312514813774423,1.025830947089167,1.0242613257372915,1.0233105942490077,1.024304691952992,1.0238475333128578,1.0237298833913413,1.0240190750529803,1.0236841715863307,1.021409018574789,1.0226727812423975,1.02473367440988,1.0809209247831328,1.1102496727239268,1.118733388605564,1.1335076356737857,1.1516012241567763,1.1703810785542443,1.1797164461806569,1.1068200074479309,1.174120013772878,1.2089365124275167,1.245387876276135,1.2885371319868686,1.3199185393087856,1.3709426211978173,1.3891329822629594,1.4608801926265444,1.4350841857889693,1.493750060881708,1.4785551552242129,1.582152485436322
experiment_841,1.0312514813774423,1.0316308728026187,1.031636804340103,1.0420367774879966,1.0443943171997399,1.0447614174820743,1.0454264311503034,1.0461570122143589,1.033211901032041,1.0339734069060844,1.0349320639896522,1.0343240893576062,1.0361043266028493,1.043256095202829,1.0451990755858382,1.0474211949494792,1.1177450334491397,1.1523798098640452,1.1618840545536953,1.146248370104274,1.1588761155198275,1.171735036449084,1.180766090370352,1.1945685639014023,1.2124893264860437,1.233682898421766,1.257076918252755,1.360247754844622,1.3773265711144116,1.4240264311025066,1.2177599776482566,1.242144230966685
experiment_842,1.0312514813774423,1.0314985190513952,1.0263411089076393,1.0264350448621076,1.0223264875408122,1.0222459529117118,1.0221839179387038,1.0221732536409625,1.0992877296760888,1.099943987360213,1.1008760387079182,1.1027471019183401,1.1046093322976018,1.10698246968657,1.1055311573820867,1.1089958719815327,1.1131653217485173,1.118221417886193,1.124011333716883,1.1312439091398416,1.1395929835092578,1.1491167755239988,1.16040207842076,1.170074049908045,1.168788433370287,1.093655697676859,1.102009661083,1.1534703050588375,1.1772528934742161,1.2014224001356206,1.2245933425553606,1.240863351753724
experiment_843,1.0312514813774423,1.0293248174717087,1.0257637170729206,1.0252041524416904,1.0144170040544658,1.0185773141822398,1.0181391246104154,1.0178855294843707,1.0272953668622198,1.02725051628573,1.0274973023837979,1.027808878060195,1.0284033797700949,1.0296536759455053,1.0355457277053597,1.037037908362974,1.1162598838104985,1.1268497908555866,1.1148945447131728,1.1205834173041829,1.1301347015304304,1.1421993941850352,1.1552856385146832,1.1714477356130493,1.1857950582336403,1.1889574730508459,1.2672535225495638,1.1565493513356953,1.1708497373737763,1.1737685811628258,1.1486646205240283,1.1925402978968072
experiment_844,1.0312514813774423,1.044548536924315,1.047791365231367,1.0377210267425367,1.029758265527513,1.0315674036528462,1.045720156596298,1.0483877463490066,1.0581646294049716,1.1465998480789021,1.1547859087092265,1.1640747292559126,1.2137997795721858,1.226806708174744,1.241518365755986,1.2583252545337105,1.2739154665554393,1.2918157477422514,1.3121696148555182,1.3336887023432558,1.3575876322899614,1.3878523045858902,1.5070053259343568,1.5462414512590104,1.5972744989474292,1.587414722659274,1.6288468949770265,1.6597177144456134,1.6545005604262277,1.6983766900904156,1.708901923552357,1.7652406583248519
experiment_845,1.0312514813774423,1.0318136524421084,1.0318034320907785,1.0422227269579738,1.043859677097161,1.04392532786911,1.0438077210224834,1.0436238457476676,1.0159719603038024,1.0158531932409476,1.0157005824046756,1.0155249307792058,1.0153164381659563,1.015080157544599,1.014815363998748,1.0148380740603098,1.018741055043887,1.0182932995157692,1.0178104275340385,1.0173096493165394,1.0238107226253215,1.0230052428402436,1.021362750028616,1.0204504100651335,1.0195965427164089,1.0187234001439018,1.017797447485652,1.0168986943437741,1.015981472554065,1.0150944636216241,1.0141744687106335,1.0132533267437227
experiment_846,1.0312514813774423,1.0249088680802751,1.0222456052649396,1.0191153352042566,1.0207951014754382,1.018205219469426,1.0167389168943226,1.0155450039859022,1.0146875052556503,1.0139397406863486,1.013377122781824,1.0129853481880378,1.0127762343374893,1.0127132073986709,1.01280958607878,1.0130697709940162,1.0135049810227732,1.0141142566494101,1.0149001254582715,1.015979814915104,1.0174035452411463,1.0142230481648415,1.0123147445413394,1.0135614073267036,1.0282651979480588,1.032845775800002,1.1053389350947596,1.132011535518385,1.1494143717993697,1.177019059769492,1.2081134463364327,1.2942302571013946
experiment_847,1.0312514813774423,1.0303208972860733,1.025521657760825,1.0250126845963945,1.0189562956954241,1.0185770524307702,1.018375908299512,1.0184039924395372,1.0279092007960868,1.028574360043482,1.0296344420338959,1.031442199012283,1.0306712693376694,1.0842887068203804,1.1130158105808867,1.1254449829310584,1.1325503952485614,1.1470354932250957,1.1641550637881064,1.1825243675711419,1.1904354097984944,1.2783066695917222,1.1749331840475155,1.2028907581250925,1.2073166455026052,1.2337866820780432,1.2254564484860226,1.2570213720453256,1.2594034280593347,1.3046104366838782,1.3619802199171511,1.4265731158062143
experiment_848,1.0312514813774423,1.0299198787582766,1.0248948109005778,1.0238795961470515,1.0243964493540425,1.0233373652599493,1.0216457423588503,1.0210033141324344,1.015836141065323,1.0155866279544885,1.0154798454716545,1.0154814529874454,1.0156602553811753,1.01595606204013,1.0124338055695585,1.0129120234765827,1.0135119467908413,1.013162461888198,1.0279209746748323,1.030060447839978,1.0331244100792967,1.0418930850254935,1.1164331564061472,1.1302003193498253,1.143684657554882,1.1637162432015036,1.1851871166585337,1.2135725910529782,1.2285975147321493,1.1893862854302504,1.198223575092521,1.2355762596410866
experiment_849,1.0312514813774423,1.030860137688154,1.0303179852454734,1.0302419472313622,1.0312188848719286,1.0312210969590234,1.031386402993521,1.0318934746595922,1.0158054848316262,1.0162892063315,1.0328238080121472,1.0342409001646364,1.0360008511750005,1.0380658742065902,1.04104955131107,1.0498316576735924,1.0530911576990172,1.1363412100545178,1.1826451230041468,1.1996658815375887,1.2194030345551896,1.242439989790457,1.244499666454711,1.2486457935715596,1.2743169860534758,1.3859685786309766,1.4459084989016384,1.4615986419302296,1.4804813266600025,1.5529617236566629,1.6232057248507892,1.3701338284745548
experiment_850,1.0312514813774423,1.0426903787791257,1.0439147690996013,1.0462672475925667,1.0370923941462828,1.038713337502987,1.0291741729672865,1.0309248055840787,1.0516932976278603,1.055112017017205,1.1417693239090427,1.190680271069668,1.2099607172479303,1.2327263763228973,1.260151529276625,1.2994486316677347,1.3397140038722624,1.4747521341760963,1.4444878543016502,1.4640112834454897,1.5213655397803423,1.5983859024863678,1.617920903595566,1.7189372465899848,1.6319741390327915,1.7396514971402373,1.3152076858753512,1.2693666935534218,1.5051846222697816,1.5939977879829195,1.4952264565461597,1.5440226844123441
experiment_851,1.0312514813774423,1.0436393666033332,1.0458005084634006,1.048785482169171,1.0402032156274894,1.0327653351441326,1.031445961174829,1.0326941205253217,1.136748405823863,1.1423063579339816,1.1480618163720449,1.153911605230688,1.160007829327814,1.1661498933618168,1.16964470218065,1.176133847215905,1.1828948888708308,1.1740044226213964,1.1807407117551079,1.0955123930149302,1.099077388164041,1.1029980338079481,1.1457694179788351,1.1524841924230103,1.158767506963858,1.169432534885232,1.1749952729218691,1.1828390999364475,1.1954489512643636,1.20702125843289,1.2178878037740364,1.227496482894713
experiment_852,1.0312514813774423,1.0299067147146364,1.0273819094720162,1.0265617343209348,1.0268873124491698,1.0262382251346733,1.0258851134047204,1.0258503755680315,1.0235724168738853,1.024136743238988,1.0176831412096494,1.0185833165976026,1.0149559859437296,1.0157790192997407,1.0337433911789107,1.036884556562465,1.041680741473261,1.0526454988820437,1.1403461948493965,1.1974781543192932,1.2300932446767958,1.2697900956040047,1.330805784487798,1.3987906572811535,1.4796173063861926,1.5131578470867915,1.6336092576442227,1.69537277839697,1.335353084998075,1.3699558798581748,1.4697515732969386,1.577053736560455
experiment_853,1.0312514813774423,1.0312514813774423,1.0262545570115336,1.0266341110080115,1.0228381265192363,1.023425390974274,1.0237147356162495,1.0242371264619092,1.1109043245460002,1.1176802225984008,1.1256956327329677,1.1350766949005988,1.1469119564969246,1.1600376575013482,1.1721731314674173,1.1731994299816315,1.0956293140654016,1.1457327748263684,1.1715925627328,1.1842447133990914,1.2135247366415056,1.2407795375123063,1.2549616652854727,1.287473441982104,1.247167822054793,1.2697736008944966,1.2974609947963436,1.3246318933388568,1.329914891680402,1.37798271788792,1.4289393881830856,1.3584043728583666
experiment_854,1.0312514813774423,1.0299874249441086,1.0278586618651435,1.0258763839235188,1.026056170081696,1.0250227788377801,1.024112752361398,1.0233975715883525,1.0160336603180302,1.015745267036799,1.0155726425532456,1.0155070164159146,1.0155144157051499,1.0156547212009277,1.0158730619508143,1.016187741983475,1.0166194147270189,1.0133117198014836,1.01353344811194,1.0141269874328176,1.0145413277385216,1.0299466755705484,1.0317468672465009,1.0338202720325276,1.0367147697901922,1.0453898952951632,1.115381510120374,1.1490193818594143,1.1622674251453518,1.177857322744287,1.1679431991398121,1.1808012285957026
experiment_855,1.0312514813774423,1.0340184971656643,1.0244442520599586,1.0231874602213185,1.0238283523294183,1.023798720339217,1.0168643594138507,1.0163434366404038,1.0086713621452539,1.008456316318355,1.0083280938697794,1.0082628277538108,1.0082786186350066,1.0083841519104786,1.008550682345824,1.0181000716955468,1.0187549767614577,1.0196458010496543,1.020764026521972,1.02249602420843,1.0955025321206704,1.0967049036382925,1.1080251430628962,1.118408652385611,1.1313001093315191,1.1461213982768943,1.160576991941352,1.1651326959416806,1.0949931787830525,1.1463656370983897,1.169584517079775,1.2031932634846065
experiment_856,1.0312514813774423,1.0317266893183616,1.031844800234541,1.042875123759573,1.0454795536770802,1.0464042260231503,1.0476669224135615,1.0493669221068402,1.0349320086272735,1.0366038220123974,1.0385524652899711,1.0410611555615155,1.0445854652477955,1.0544806191346687,1.0584953296453694,1.06402849454324,1.1638164175479169,1.2214504098509158,1.2464526796931983,1.278178689569835,1.3136077188288535,1.3612078185367738,1.4133252026353829,1.581902814441012,1.616310002030751,1.7173335125259255,1.660934314607652,1.7637728639015915,1.7568030589150962,1.7024643658084444,1.4610632895214983,1.4609511430903501
experiment_858,1.0312514813774423,1.0429770289939098,1.044651122712337,1.0471750745572717,1.0386108430163914,1.0315501107616143,1.0281526613742737,1.0316624939810322,1.1336089969326715,1.140090170500069,1.1469558280957055,1.1540595550173547,1.1615609093628123,1.169255891066809,1.1744401366480333,1.1825165621948588,1.1749189915791565,1.1827798960678502,1.1913166455482453,1.101303184777761,1.1050667543782344,1.147685665257438,1.1533603008313367,1.15904081109428,1.169133529234486,1.1738172354641436,1.1763218498285941,1.1806861719675803,1.1862186436290685,1.1899244877377866,1.1954375988420525,1.203419381874749
experiment_859,1.0312514813774423,1.0421320812489958,1.0427581544997195,1.0439055459679762,1.0462593588205995,1.0470291433093448,1.0479092348913548,1.0488972754015862,1.0344253493500128,1.035257020036559,1.0361387364023305,1.0373326339367939,1.0386510143443985,1.0401445695372444,1.04236398009604,1.0507603621734491,1.0525819735863073,1.0546742941072014,1.0577106451305007,1.0612163340082446,1.1518409513530299,1.1619292664061809,1.212139012627638,1.2277272632289926,1.2454140663358588,1.2675779559960043,1.290723861309122,1.3178021041000307,1.3487390044406893,1.389808899766367,1.5266894635592152,1.5856648793451333
experiment_860,1.0312514813774423,1.0303506741287876,1.025717337207539,1.0253104800258015,1.0265940207839115,1.0263041904274324,1.0263103201337882,1.0266695335386262,1.028577946715714,1.0296578849867213,1.0311593702493331,1.0330088750930755,1.0414004804405126,1.1077755136632463,1.1222425296081204,1.1368997273243497,1.1476152738196865,1.1658589676457642,1.1858565271761465,1.194220515835101,1.2233433153963797,1.3232017954658295,1.2019872116410448,1.2092142777447874,1.2469380529100667,1.2803595762687643,1.3248300820104097,1.3883380087224861,1.4624558141873902,1.5454018797547895,1.5329708035584133,1.6045455288097406
experiment_861,1.0312514813774423,1.0423226444095595,1.0432225828612127,1.0446210701598424,1.0474364730378694,1.048719695143307,1.0501589662222535,1.037894567779758,1.0374768730342083,1.0388551726383293,1.0409495280408982,1.048937547917773,1.0511238424770528,1.0529247648370126,1.054840661941888,1.135729507532527,1.1427937578424392,1.1792771438262015,1.1948421085538343,1.206145642219254,1.2176146918892594,1.2302881409119015,1.2448388395902792,1.2579427189761165,1.2754674921057847,1.2990009965079063,1.3182615303983038,1.3387113847742946,1.3604492773358294,1.471402014499967,1.5013728205880081,1.428680695028457
experiment_862,1.0312514813774423,1.0298878602726933,1.0277021523016574,1.0255270976405801,1.0254269102837197,1.0217723059510442,1.0207766149206028,1.0199091245958656,1.0192785364430526,1.0186775234810155,1.0181835915022233,1.017781589107921,1.0175098856343714,1.0173413220854093,1.017281684091177,1.0173400743231134,1.0175042410477682,1.0177775003363656,1.0181916538585232,1.0187544004817828,1.019445686035169,1.0211309353355411,1.0158456162207405,1.016828929217331,1.0135927719765538,1.0143190883690072,1.0155179719588832,1.0330178736554125,1.0361230039360962,1.0463172478346536,1.1189294325986503,1.1627324668814218
experiment_863,1.0312514813774423,1.0261097239326396,1.0246519929841886,1.023843056229192,1.024580528296881,1.0239792074126233,1.023688075881939,1.0237236791008606,1.0142224881653683,1.0278935398530065,1.0290162331753325,1.0305642218767963,1.0326129861672846,1.039103990757088,1.1037092723987934,1.1408938593611426,1.1568602918640636,1.1475293253960468,1.1681425368857605,1.1914010186089308,1.2227975686347081,1.3044189703839488,1.3731478569100668,1.2013092559297045,1.2407042061074296,1.2773052849850832,1.2345730378061226,1.2803314635873337,1.3361976579786994,1.4075301663253756,1.3994466588426773,1.4786703569820092
experiment_864,1.0312514813774423,1.0309435784274206,1.0256180418192034,1.025474069273928,1.02134183718555,1.0210449559121144,1.02084442567082,1.0207348243993992,1.028400567345854,1.028497781831095,1.0787694328800892,1.0961687166123117,1.097911214035594,1.0961496268783142,1.097595776257993,1.102453505788975,1.106171446256953,1.110734292640389,1.1160142496416414,1.122291981975855,1.1295943217366964,1.1379500855737368,1.147762815498682,1.1585739828080754,1.1680415445939576,1.181674465532021,1.0921220295582317,1.136904841705801,1.1500570746912069,1.1731982250592317,1.2146117683526436,1.2168639166338686
experiment_865,1.0312514813774423,1.0260620457099012,1.0244896932656626,1.0233585136546353,1.0241015699810767,1.0231812739531985,1.023595812819497,1.0171532492757873,1.0187402481367347,1.018724814612504,1.0189252307147898,1.0192739011247112,1.019856516482986,1.0206713882251053,1.0217315789199821,1.023470223957782,1.0773355960146254,1.1044437125917097,1.1108832580274304,1.122727721734844,1.1376748663285203,1.1554697370988207,1.1741607085475305,1.093893089188098,1.1492923897926173,1.177731369500477,1.2187779901203692,1.2524125473499828,1.2894069963721808,1.2592170971897838,1.2730075211418603,1.3459127967668385
experiment_866,1.0312514813774423,1.0312877919265804,1.026150517061147,1.0204245640580702,1.022492098522548,1.0226922434179542,1.0315674143713556,1.031834290475826,1.1075016861627223,1.111251803814707,1.1160319202254443,1.1216477361852801,1.1289247494954213,1.1373760777217878,1.1477030984861143,1.1592926269001094,1.1698054370649724,1.0859878458530365,1.0947208578442524,1.142070486395259,1.1656452454975816,1.1847868522538372,1.2139936564902776,1.240165044251747,1.2732637766761399,1.3089018248498139,1.2491622895751229,1.2629654511275052,1.268790860750962,1.3144156833291307,1.361224816832513,1.3088775548746334
experiment_867,1.0312514813774423,1.0422366627619661,1.043053611185693,1.0443498590254459,1.0483115868197317,1.0489039664794018,1.049704904225636,1.050451334286372,1.1123610714540353,1.1142532863035055,1.116547398174968,1.1187303066061682,1.1211923838607674,1.1240265861501118,1.1268805352819826,1.1299838772868587,1.1333990511648506,1.1376459404285812,1.1417102347573698,1.146062352919253,1.1508369460438856,1.1560082375193985,1.161633149310177,1.1677659914325398,1.1721633142364372,1.1793544590580038,1.1717242080279697,1.1796911873352656,1.1886736289430513,1.1001201827028602,1.1048798071577821,1.148557612513699
experiment_868,1.0312514813774423,1.0311379237842,1.0306284408690523,1.0307368695226256,1.0427872900713901,1.0429146222568138,1.0433451456065417,1.044111663063001,1.0332249083153513,1.0396125735860944,1.041281058711558,1.1048708529675564,1.136897507904806,1.1240371957682413,1.1362671412121423,1.1428522440742674,1.1566965042891757,1.1734646412015335,1.1908643658577631,1.1964061324142352,1.2223299367605538,1.3238026368391695,1.20427890342943,1.204763227219591,1.229862845343095,1.2927240916634952,1.2961389008095083,1.3403035532133611,1.3989479853279507,1.4706596912705543,1.451810243898955,1.5189978379608435
experiment_869,1.0312514813774423,1.043789098832046,1.045888327468581,1.0488594871873351,1.0401532022164635,1.0325107125962556,1.0309210184831803,1.0318745513171348,1.1316728217602796,1.1357268623330465,1.139793396440788,1.1437301467907237,1.1477754157310465,1.1517601098943266,1.1557636772241309,1.1597854911017096,1.1638943689292203,1.1681007844213243,1.1724753014189282,1.1769962017641198,1.1790017162922097,1.1838721154612568,1.1885848002035189,1.1779511231427733,1.183389227891097,1.1892390835133309,1.1960330447468395,1.2029337307768933,1.1063040479649204,1.1100667509737896,1.155490173283143,1.1630195360230067
experiment_870,1.0312514813774423,1.0423692463690866,1.043427223274221,1.0451875710020153,1.0482052695054147,1.0365870214612154,1.0380618296932336,1.0264641500319855,1.038334478821481,1.0405360829046888,1.043674888068291,1.0534628884297723,1.0560731842308906,1.060494208350257,1.065644431257252,1.1657532370855175,1.2213117215318203,1.2431155495853632,1.2700449403251313,1.2993472094785719,1.3342809178494035,1.3740209380275727,1.4210277830339104,1.5867427774967826,1.586637237374308,1.6669199239068178,1.7063958346611736,1.7407893430021522,1.7735008875640899,1.4665465121718906,1.5404689497238349,1.579539278183693
experiment_871,1.0312514813774423,1.0292073738647247,1.0246943256218324,1.0237779215006249,1.0242625094438798,1.0226212599231363,1.0220616044567754,1.0217347401230767,1.0133907792652412,1.0131770979453392,1.0133640838573568,1.0136820431011149,1.0141413801201518,1.0281921556682223,1.0296616615331777,1.0315036716927408,1.0337628196424664,1.0425647399626279,1.1111721884098351,1.1448263453692589,1.1602619043021427,1.1790549612035004,1.1683961293984344,1.189156637986753,1.2177897874225632,1.2304675402601488,1.3462327158017862,1.3608296031199396,1.2156849566970087,1.2354428279946832,1.2085186248513544,1.2417107099828992
experiment_872,1.0312514813774423,1.0311335458258628,1.040795864679317,1.0359869052456152,1.0276274627072302,1.0276307924163766,1.0277868021838483,1.0279132393927712,1.0319472641264515,1.0332612461451023,1.034443926544635,1.041291489307181,1.104893891101989,1.1319731875803942,1.1227787471951092,1.1318098519342716,1.1444844997456505,1.1521150008432486,1.1667634169845413,1.1847330073299884,1.2018471453341502,1.2082201500323646,1.2979575094536953,1.3428297720213906,1.1866920453923062,1.2051895841676716,1.22351687516172,1.257818053023974,1.2152033837796135,1.2382992325887159,1.271081104449547,1.31166625202881
experiment_873,1.0312514813774423,1.047611814112469,1.0394076978169313,1.0321683180990313,1.0518873060850777,1.057735982221589,1.0670853028174219,1.0734125887549375,1.2200457908567452,1.237079076521678,1.2581951722734688,1.3536663724045337,1.3832991610834702,1.4206774007578717,1.4556130294110208,1.4046821860711227,1.4254197510399362,1.443833032813276,1.4702620314003774,1.4974016318530103,1.52466287753583,1.5512741407533435,1.285744440053194,1.29840284261895,1.2999427377857096,1.3115164972612259,1.3224580550216738,1.3329262758496174,1.34288594480594,1.353476507130376,1.363577742474172,1.3194128040418212
experiment_874,1.0312514813774423,1.0253465558092896,1.0229058988772903,1.0198879030903556,1.0221860650934789,1.0204843452880956,1.0182808420505884,1.017105895559937,1.0153965910123575,1.0146581407343886,1.014109227683332,1.0137233453901981,1.0134994210056487,1.0134228979495674,1.013510826348166,1.0137720725795072,1.0141966453949882,1.0148459683603683,1.0157434272319201,1.0176139107839621,1.013728974813472,1.0115030931857214,1.0250888151448254,1.0224703351089524,1.0304581183510069,1.1154456287383698,1.1280746787700735,1.1503112562611846,1.174285229339803,1.1901810231209902,1.1554770836567743,1.1906146008129281
experiment_875,1.0312514813774423,1.0316100268148203,1.0313871749604029,1.0317064877925677,1.0436206488597648,1.0437516675156733,1.043901570559414,1.0441779587043785,1.0324685953307475,1.0328287111194991,1.0333000635288108,1.0338543117684216,1.0345028268016239,1.035251750737562,1.036122543402727,1.0371012972867888,1.0382067940213418,1.03997245387889,1.0475669808087649,1.0487828972585167,1.050745736854787,1.1249670369410998,1.1303704791939,1.1366993448749545,1.1769333421419332,1.1861485673383745,1.1961587778712592,1.2073499989152165,1.1804796623617786,1.1912408172124913,1.2031177374301043,1.2107260339821213
experiment_876,1.0312514813774423,1.0435419325933952,1.0455789684688426,1.0481006455894826,1.0382683652692617,1.0310831583693736,1.0295843536927711,1.0307732321662744,1.050376453129847,1.0521441535508282,1.0541919889317468,1.07043010935504,1.1430768250666163,1.1522713541421472,1.2002039099093995,1.2152045099088276,1.2324650129661505,1.2532993525888092,1.2770193164278814,1.3118093779331272,1.3458669473189326,1.4720978133388267,1.5203075273730544,1.4385642636367693,1.4858872527545108,1.5453078427445148,1.6221956734654377,1.6714326772695616,1.6975440631108234,1.6722602896966827,1.7077069307795851,1.2853397749041848
experiment_877,1.0312514813774423,1.0422536052966695,1.0429868102241768,1.0440893353911778,1.0476306396146338,1.0482557113467095,1.0488093902561995,1.0494632857777062,1.1125856971808261,1.1137583644238762,1.1163460842483353,1.112474984405958,1.1136780472951264,1.1150463060777984,1.1164677465020783,1.1180245025486373,1.1197291540450394,1.1217594932410653,1.1238715147594722,1.1264916670123089,1.1291323627820262,1.1320895293794992,1.1353853202970896,1.1392972519642917,1.1433483270003193,1.1479443408083558,1.1529701578582214,1.158527834557695,1.1646559531053189,1.1721661926343334,1.1764584141142298,1.169910111170065
experiment_878,1.0312514813774423,1.030263683202767,1.0253328728042788,1.0246259613567223,1.0255539108664167,1.0247596531462162,1.0241277416479322,1.023708804308359,1.016177509565944,1.0124577100328784,1.0125263652020755,1.01242182488555,1.0126916758899192,1.0130833980513443,1.013579000998379,1.0274807339691967,1.0289881639482275,1.0307966988425785,1.0334855650436645,1.0416407568258492,1.1088538550410378,1.1230637804425339,1.1357289071277257,1.153441396162552,1.1661593008233886,1.1854403162781133,1.2110076691968852,1.2220519156304697,1.3298811983190744,1.2117684868249843,1.2177689928382174,1.2454492361830531
experiment_879,1.0312514813774423,1.0306981877328503,1.0294381847276828,1.0290329992793388,1.0298207155006276,1.0291628519736231,1.0286327714284873,1.0282570085598426,1.0141436801359804,1.0141067316045467,1.0141278147272301,1.0142241827219816,1.0143950274409688,1.014645376459156,1.014981428138553,1.0150908836194397,1.0156269354600889,1.0316808157796087,1.033103542836006,1.0347942515621107,1.0367546147458289,1.0395843237983438,1.0479778244075495,1.1216417802644538,1.1566707292527916,1.1686317201656198,1.1836129866138299,1.1725044811055427,1.1847535865963077,1.204067717384859,1.2250109101163118,1.251329932393556
experiment_880,1.0312514813774423,1.0434035642023483,1.0454971138318472,1.0481739667675622,1.031066319044275,1.0277790476005362,1.0313269544212318,1.03288562964811,1.1372877741005247,1.1450983796976548,1.1536579809985115,1.1631585040630645,1.171139229385318,1.1680225338357775,1.1801973239417156,1.194959730987916,1.2102630069947908,1.156971872880976,1.1751912952107788,1.1856904270751483,1.2108801033763732,1.2221030291960822,1.2113856497199016,1.26252962624968,1.211326212210943,1.2336646556938082,1.258540798000284,1.2754249889127967,1.2940102203095178,1.3229420095632591,1.3197373348067274,1.359321348517908
experiment_881,1.0312514813774423,1.031744312182704,1.0419583332127476,1.042746995269722,1.0447364598865005,1.0451455279897148,1.045726749781065,1.0465719190981442,1.0336618492310308,1.0345610344732237,1.0355996763895745,1.0367463179643475,1.0382731921260673,1.0400540573292891,1.0426596864931867,1.0510906303283232,1.0535988023577334,1.0571624331418956,1.0612487403751436,1.1555368528618275,1.1680508648768229,1.2240704282089934,1.24440586161595,1.2709274795660752,1.297461706375544,1.33453342637619,1.3729072181202566,1.5096202905919582,1.5145460568686677,1.592538348633449,1.6118370207601393,1.607305063400284
experiment_882,1.0312514813774423,1.0302141254331902,1.0253822001206259,1.0247430511525804,1.025610494960009,1.0250674466004701,1.0247401376083913,1.024676422420561,1.0142258500717276,1.0144969300359312,1.014573205083666,1.0281921892317667,1.0297260999681344,1.0316608907666935,1.0345699407825169,1.0433508224879517,1.1405549007802964,1.1562618259417277,1.1513247717483264,1.1662762578825154,1.1889732053082507,1.2191731612096055,1.236429741458357,1.3662587098156433,1.2047738141442457,1.2408719909121046,1.2775578645021783,1.3184942663341481,1.2811855393972473,1.3520533267251478,1.4239311618522117,1.4202663381066922
experiment_883,1.0312514813774423,1.0493807237506734,1.0303800520186879,1.0488805104962402,1.0599929184404566,1.071597128126914,1.082072307988774,1.0934635259084635,1.2575327829416103,1.3623692064576571,1.4068757905307512,1.4692956450304084,1.472043397110632,1.475431237966906,1.5255580903520816,1.5684048432167574,1.6242255992761798,1.677330497728691,1.4764649763342939,1.4006006943049856,1.3763776354485557,1.3040870756994314,1.3297856170643962,1.3553029913578694,1.3468212409584501,1.3357428585582147,1.3623900355088703,1.3867275988996666,1.409998228272903,1.519383101237069,1.516749678984322,1.5166321540237444
experiment_884,1.0312514813774423,1.0422231716133026,1.0427851899008493,1.0438373051657681,1.0477173965329885,1.048051972215517,1.0482847120698984,1.0484252548624513,1.1080367791611736,1.108136536237905,1.1081425288291,1.10806487763952,1.1076594975030392,1.107368585159384,1.10701927347836,1.1065986718829977,1.1061228595451364,1.1056078060606886,1.105084893407331,1.1045400497100055,1.1039770742359558,1.1034215645953904,1.1028748413859988,1.1023437485540521,1.1018343214213475,1.1013513966693627,1.0709532614424402,1.0706533578960264,1.070377998976908,1.0701270074598073,1.0698821410366683,1.0696811838580158
experiment_885,1.0312514813774423,1.031599910981007,1.0317121426897173,1.0421248051540772,1.0447354770482564,1.0453891093503715,1.046265209584094,1.0475260644765452,1.0343038931069222,1.0410514817225047,1.0428527641301015,1.108285809481748,1.112329876298839,1.1480281582754486,1.134404551280378,1.1476443488470098,1.1606325932714154,1.1702338401308672,1.1858806376889186,1.2060289722446178,1.2319162928957845,1.3322524118617418,1.3521828443181778,1.2211112766348688,1.2164968956008295,1.2363963671306952,1.2595525951170294,1.2883095749752878,1.2490754306675982,1.2785623972817262,1.3293660864234111,1.377956298159197
experiment_886,1.0312514813774423,1.0340052086694536,1.0243509780664797,1.0230965909196164,1.0237800013341187,1.0236380047057583,1.016693900980649,1.0217686722300863,1.0141326513157938,1.013769546810001,1.0135567142190325,1.0134086607399253,1.0134216321250697,1.0135306811656901,1.0137717322655508,1.010927578206109,1.0110781173992693,1.008754948826316,1.019025636981527,1.020200484451455,1.0216273191127319,1.0237521067887922,1.0823824401884066,1.1076104249605212,1.1149261200842686,1.127868079227325,1.1430185580818775,1.1612928752598617,1.1797056861444755,1.096498846134103,1.153403896293075,1.1847660636701154
experiment_887,1.0312514813774423,1.0317637055580484,1.041818650351955,1.0427655652580148,1.0462020055375945,1.047258417948389,1.0484993401848586,1.0367675306329323,1.0874114444738332,1.112700244804928,1.1169169033716688,1.1227275125044807,1.1315910275191396,1.1339413336197646,1.1421890188873915,1.1517707133815132,1.1623188961636195,1.1742384452288648,1.1852532833663942,1.200277499843758,1.199799155253391,1.21813707163557,1.164365565315964,1.1855469295296246,1.2021762949699526,1.196424385896887,1.2089670553934948,1.233888628881104,1.2842700746211069,1.2414028580472907,1.2694269018814563,1.2547758887144393
experiment_888,1.0312514813774423,1.0348287784336043,1.0254900515167749,1.0246415025494664,1.0184649366945593,1.017715009393905,1.0238320233201563,1.0231131741898418,1.019806350312262,1.0194293299712034,1.019208324533223,1.0190913939465671,1.019097559651772,1.0192567890943145,1.01960549234127,1.0200813196354401,1.0207464151634718,1.0216444860370253,1.0231238234952558,1.0762838703051123,1.101590789315429,1.1072269393645287,1.1164781775762576,1.1283718110730168,1.1421467685355609,1.1595145291270852,1.162462770555049,1.1841851868071465,1.1413010835570296,1.1633171349973908,1.1631367148493021,1.1657395386511813
experiment_889,1.0312514813774423,1.0306188568482433,1.0341453883649676,1.0256159482542724,1.0200790720178614,1.0142431478145688,1.0140985056790592,1.0177255270542513,1.0206340973804968,1.0202634976830574,1.0200227490038998,1.019895699061624,1.0198844737519621,1.0199665502020938,1.0201733995522604,1.0204764545756044,1.020902550652239,1.0214865448371346,1.022181082653179,1.023457392831571,1.0286474235060403,1.0789899026855234,1.1031717298667056,1.1095351908771842,1.1141197996577663,1.122263676887956,1.132151901531371,1.1432518014090252,1.1555632627809884,1.1551480351725756,1.1821155905164245,1.179662154113867
experiment_890,1.0312514813774423,1.0258663608403524,1.0200988467646517,1.019966108700898,1.0197988195119734,1.0179540511090952,1.0165518417396167,1.0158856843163362,1.0131568921509724,1.0127969469370832,1.0126876639277236,1.0128135236727616,1.0131869780210783,1.0138308179879254,1.0147815722930444,1.0160559729477978,1.0177919062207137,1.0209180440508514,1.0171153702070304,1.0148948722285536,1.034568170332377,1.0478917890706196,1.1695090545246485,1.1732984303154124,1.2104302651771515,1.269892753941601,1.4203649828010771,1.2554807882089989,1.3206520063427931,1.4016835235072627,1.5268107969842277,1.5652872984365973
experiment_891,1.0312514813774423,1.031535054390154,1.0313733277170853,1.0305210974614079,1.0440047451547865,1.043847602183781,1.043812689850551,1.0438603218145859,1.0305241318385532,1.0798483687007687,1.0807929655049924,1.1031462026474583,1.1049144898957814,1.1070221807193898,1.1089876919006945,1.1136044053653735,1.1123209015744264,1.1166557384335472,1.121658318109021,1.127670054121589,1.1343193315496445,1.1421724086604066,1.150619554521089,1.1603453813395546,1.1713085289220633,1.1807050508390085,1.1779796916516205,1.0974964424090696,1.10550493726472,1.1553167297981064,1.1735319995435407,1.1883424590302785
experiment_892,1.0312514813774423,1.0250113635815923,1.022563525443189,1.0187391586855434,1.0164053316561386,1.0207602908867837,1.0196192594466411,1.0187852865460219,1.017216401476951,1.0169410683824174,1.016968378702447,1.0171984024040825,1.0127466763353759,1.0103179478074626,1.0081508052968358,1.0088223973873383,1.0198757234134992,1.0220393863600565,1.0974798533507981,1.106013326940786,1.1214674186963,1.141312337788178,1.162388127052317,1.089727901264315,1.1458105659884437,1.1792005987381928,1.2202771338375196,1.2627197360716664,1.3026186715086119,1.3678450586512416,1.3902529986702328,1.3665620747282434
experiment_893,1.0312514813774423,1.0419727073264398,1.042593250837361,1.0435810211588192,1.0474306080874838,1.0478588247260254,1.048296770649862,1.0487682216906582,1.1130749156562547,1.1144434061445379,1.115695483924436,1.1170368520268164,1.1183747786259408,1.1195177600149406,1.1210561886443318,1.1222298171449636,1.1236514823246404,1.1250407443704522,1.1264967304313727,1.1280595728681808,1.129738688991953,1.1312827137101389,1.1328940914466434,1.1343409436772471,1.1357959662403556,1.1372759296523354,1.1386780829858294,1.1400633187223626,1.141417384655415,1.1426869530729369,1.1442312868999558,1.1454877453960421
experiment_894,1.0312514813774423,1.0440054844712803,1.046941337715316,1.0508040650630048,1.0307557335022468,1.0447702138524937,1.047958458412566,1.0514685307948854,1.1586711357810737,1.1726956309014587,1.1858299938846895,1.1874408831209118,1.2064785242513218,1.1572531140806288,1.1811270410853731,1.1937451828249928,1.2223754369842936,1.2502725955065384,1.273686669078176,1.2936952893501936,1.2481026553259107,1.2719228466371864,1.3076708654598572,1.3075942246672156,1.3540987491124177,1.4134166686437846,1.3628795121544248,1.4037167549748555,1.467347649648521,1.5369678208584299,1.6042685003163157,2.6247895431672603
experiment_895,1.0312514813774423,1.044651083086611,1.047667123499376,1.0377733172324877,1.0303171716088588,1.0440309530679788,1.0466328913216925,1.0494428847324468,1.1452184699236805,1.1817756372333665,1.1926812039778114,1.2043864448362922,1.2094861767180358,1.1893533318798344,1.200052286233872,1.2129551761822366,1.2204839310030955,1.2361927771450067,1.2532559823744462,1.2722531422474292,1.3649928499859787,1.361772026877055,1.3953997034863364,1.4255693963487899,1.4619206471877204,1.4419965380921167,1.4772937523598004,1.5155417795766426,1.2909932714507766,1.3150052600954028,1.340580232886468,1.36957454959137
experiment_896,1.0312514813774423,1.030115162110241,1.0252668694243248,1.024511746644559,1.0251715337488274,1.0245177154287821,1.0231640715663297,1.022875776183551,1.0135884642091026,1.0136223435609433,1.0137580282301542,1.0139833901336541,1.0143214492503727,1.0144634304622697,1.029386866522026,1.0306891286246227,1.0322747458071457,1.0341474551680534,1.0394832086666899,1.0443875529312951,1.116006369154299,1.1559708983616523,1.1695250648971875,1.1793747105181471,1.1660637944939896,1.184532848130333,1.2033306830044435,1.2280370308704474,1.2584494268954136,1.3646239773510285,1.3523037646663472,1.196931334412214
experiment_897,1.0312514813774423,1.0437654610006644,1.046286746645481,1.0493249619316072,1.0311827074277804,1.0302152068664487,1.031759909214243,1.0456798348445269,1.1686168039160236,1.1777610864861998,1.1874700988700342,1.1977946814220508,1.208869464681676,1.2203297328770282,1.1931923328219982,1.2020559517462448,1.2132570558914533,1.226965989704846,1.2334372397040325,1.24801345173316,1.262773285452376,1.3465693311286717,1.3651689910358336,1.3779017533739024,1.4039446615531121,1.4274492831553196,1.4024200092082615,1.4217860106033522,1.440683306197587,1.4003625984387418,1.4167300458069412,1.433703397806406
experiment_898,1.0312514813774423,1.0294012499186573,1.0296571115633426,1.0282704803328804,1.0287569923781554,1.0286951718420094,1.0288010560786578,1.0292157217673668,1.0195243795409323,1.0152567924895717,1.0158867273813397,1.0163596164744475,1.0338821403261957,1.0360981202933384,1.038643654698204,1.0424813609046022,1.0520544510253582,1.0573892822540014,1.1498004131426502,1.1675609647535643,1.2313038587539382,1.2643632031001117,1.301691687324034,1.3531205734717688,1.5009259241118087,1.5799224223212418,1.6252794485359092,1.585964510928022,1.6796000817372927,1.6721384173221416,1.630602959618419,1.5127775645739454
experiment_899,1.0312514813774423,1.0254304832372019,1.0335527895502261,1.0250500482942682,1.014393081112375,1.0210539570622192,1.0206964126608857,1.0204553102484737,1.0220385371332723,1.0220531952112306,1.0221807864093133,1.022834350735471,1.023255915897763,1.0632080591987827,1.0656915929280961,1.0679739298648954,1.099912130597929,1.1044008166991723,1.1094860627054905,1.1158133501934742,1.1231305231351778,1.1314361285426553,1.1412877524038454,1.1526052381748062,1.1619881198587114,1.0815986695288562,1.0878107919492008,1.0962335624140764,1.144713520260436,1.1601633293063927,1.1872494893806913,1.2091318267877658
experiment_900,1.0312514813774423,1.0433120302561827,1.044982712378154,1.0476589278703403,1.0389275675835337,1.0316612888708998,1.0302658709067885,1.0315163799234328,1.1251955947883978,1.1334193222219657,1.140234580021437,1.1422246796888564,1.1503088137644548,1.1591654124744915,1.1687645969612945,1.1793007651187477,1.1884023541539517,1.201374531582044,1.1978215695979852,1.2122066800458975,1.2277414706598508,1.3175498617813846,1.1871059706701599,1.203088775795197,1.1948711677119916,1.2106919694273326,1.2288421568421555,1.249111176967538,1.2980764436620056,1.3240888462931704,1.342015381809002,1.3279388172060616
experiment_901,1.0312514813774423,1.0306199377709582,1.0297272307986298,1.0291505199239679,1.0293579098323278,1.0276584266921904,1.0270483991496373,1.0265870786712719,1.024587691246565,1.0243648096763494,1.0242572074275607,1.0170775339349882,1.0171676964322918,1.0173459816732544,1.0176362066262588,1.0180158103018229,1.018512651164249,1.0148306824781406,1.0150939167031436,1.0154762931669312,1.0163012904511022,1.0338008652579598,1.035805972269783,1.0383811811869494,1.041932805482078,1.050969800392381,1.0555782741176754,1.143893551425304,1.194510789003615,1.215121090152695,1.238863189387446,1.2713038848549467
experiment_902,1.0312514813774423,1.0305640519288617,1.0297752824551938,1.029495544801175,1.0303507188877707,1.0301166278957483,1.0300933238891143,1.0303327246445344,1.0189444333330648,1.0194341991822682,1.015523291506797,1.0158331879492108,1.016278090524997,1.0337340919871558,1.0356815666227184,1.0382872694833665,1.0419243285202096,1.0522848541253969,1.055955905680607,1.1436979296189298,1.1948737204389732,1.2173240322763315,1.2439920306256202,1.278338807635395,1.2773072184337397,1.2914802540993349,1.4123995308715884,1.4874642513440488,1.5138653573457885,1.5465082348947614,1.6454380195008738,1.7446413318004215
experiment_903,1.0312514813774423,1.0431138574181518,1.0446588233953322,1.04694034848127,1.0384107492159051,1.039587176867851,1.0318957874352048,1.0280567817614186,1.1260583780225237,1.1293953192156054,1.1324113088121823,1.1353033164887538,1.1381254657971598,1.1410514081135719,1.1436770842041153,1.1459371826396139,1.1479693417677603,1.1497386321285386,1.1512947751866165,1.1524923480165778,1.1533467110472286,1.1538374851942188,1.1539701498650115,1.153704532592284,1.1530202537615042,1.1518695815268374,1.1503051129761095,1.148248434271124,1.1456615643334431,1.142610802421231,1.1390589041385406,1.1346436403472218
experiment_904,1.0312514813774423,1.0308491643679543,1.0295623868795776,1.029192669803684,1.0399303854318018,1.0301359198259894,1.0299104688710157,1.0215851771785232,1.030648390123158,1.0312707067418387,1.0322698145149205,1.0340391159384834,1.0412335007901394,1.0434179365803082,1.1121437455653609,1.1512555115897232,1.1660696946338691,1.1843008520970628,1.2063178715206153,1.1919470877129188,1.21827728606234,1.2534697536925574,1.37759865154804,1.3739341418217674,1.2166937598049357,1.2601570753142382,1.2317423638684444,1.2655831902657262,1.31723462478253,1.3792291569039987,1.4589817762500257,1.4590696755508652
experiment_905,1.0312514813774423,1.0437465536309614,1.045894447894502,1.048560375924805,1.0384789699870862,1.026736617838351,1.0300137705051866,1.0312851109781782,1.0503859350746245,1.052603705867645,1.0543268730328919,1.0561571952883138,1.0587926309398845,1.0617621455444897,1.1525055944522435,1.1605652155329533,1.1692249428916834,1.219417584049193,1.2323061188293412,1.2466114249753828,1.265147135733453,1.2828684698308694,1.3014146674120681,1.3238116823277235,1.3481363369104624,1.379192591703765,1.4089014840134912,1.5383545522885846,1.58245824831174,1.5662267350017298,1.6248206864702845,1.6559890253263565
experiment_906,1.0312514813774423,1.0343688094246701,1.0248585707103244,1.0239254137220595,1.0249223286708633,1.0239867208815483,1.023249955717874,1.0227775729778052,1.0124537970056258,1.012439745778307,1.0125691049924974,1.0096543439082015,1.0202895937779863,1.0210777714292263,1.022188165330137,1.0235401224806768,1.0299122108831225,1.105015154171073,1.1108098336145167,1.1213651720415772,1.1349145972221428,1.1509135936168342,1.1694609851508277,1.1728183978172475,1.1969848599923363,1.1547098175152897,1.1813823410441961,1.21860049819308,1.2513440444586146,1.2910471012342795,1.3249998251155906,1.3242465696731291
experiment_907,1.0312514813774423,1.0305244121184942,1.025831624079567,1.0253111266003103,1.0191426887964605,1.0186758660698318,1.0183348283626845,1.025361880436099,1.021595586753129,1.0216891207924828,1.022004398061942,1.0224432060510757,1.023095142762099,1.023960300909965,1.0253898425105143,1.0814640965882711,1.107477527422696,1.1157746090223728,1.1192069193018277,1.1288595658593579,1.1404631952545232,1.1536882765587775,1.1687572386732932,1.1835046003124092,1.1866533829231247,1.1049404904716034,1.1580782401075005,1.180204294079299,1.2106557605617225,1.236748543009397,1.2602440073860526,1.2937551894022739
experiment_908,1.0312514813774423,1.0317081047467054,1.0419520698487,1.0428204263562206,1.0454026531958414,1.0465475194511111,1.0477496553741734,1.0492797994287293,1.0439960610015526,1.0456156801528804,1.0474570861427912,1.1162899278375233,1.1215246546617896,1.158016148062328,1.1661502838562756,1.1688616457532046,1.1785428921990786,1.1624371348563798,1.1726275160569286,1.1797251057107365,1.1927832961434848,1.20406050267694,1.218786833509973,1.2362890967198226,1.2544505419627985,1.3481442844794973,1.349267737448425,1.3875271343845799,1.3789981672210756,1.4093576111504735,1.2277960148353944,1.2491497916933167
experiment_909,1.0312514813774423,1.0311184946674872,1.0355812541727452,1.0394173615916293,1.0272027434523583,1.0271730945483815,1.0273680055130587,1.0277740121601882,1.0318372438486163,1.0327621654355659,1.0369453864387637,1.0416300139170387,1.106705929275178,1.1400460639671324,1.150823588170876,1.1410582387685615,1.1503412494332048,1.1671362002037302,1.1858829554749077,1.192849592919074,1.2211300614265204,1.3258610379431612,1.1817105100488678,1.2114638282689845,1.2438538142348103,1.279259050870912,1.3269523090800217,1.3947396374675936,1.4795282449442142,1.468477999004962,1.5598911124278718,1.4090619309640808
experiment_910,1.0312514813774423,1.0306429752375712,1.02949549603657,1.0293265607472877,1.0304491957210424,1.030607782546652,1.0296947734928672,1.027174174386179,1.0311547501685614,1.0323218174282711,1.0338854748979174,1.0362558422868247,1.0443712732366652,1.0476842737767589,1.120403083459677,1.1616718711645122,1.177651992628149,1.1964506463446378,1.2124021368413695,1.2055562565905196,1.2285227314485048,1.2631910849900017,1.386688172954576,1.4118264291186682,1.2184028099051118,1.195609984579265,1.2239974369674864,1.2633241221962699,1.2975877308202493,1.3664804319383812,1.4476030768029389,1.5416603942402842
experiment_911,1.0312514813774423,1.046202791487451,1.051594021547599,1.0329603936924614,1.0493581839493333,1.0535430844856992,1.057081639889757,1.0605906070173245,1.0918700513846855,1.0992431899850845,1.1461384611427994,1.1661812637618585,1.1764761068066423,1.1946186281981086,1.2098766453410645,1.2253376665374458,1.2402511932177693,1.255325048553659,1.2734529036178608,1.293244602957206,1.2992421903317148,1.3213381627653673,1.3434209523044112,1.364372848153641,1.3415665640735608,1.365121011527629,1.3886681650832675,1.4081332306632224,1.4333868296905372,1.3635465839815226,1.3761045380586865,1.3950760103328763
experiment_912,1.0312514813774423,1.0312514813774423,1.0308863559146142,1.030573830046751,1.0311296950597661,1.0305630799535563,1.029909416523499,1.0292828009407995,1.0182129123365078,1.0178508393468695,1.0175275331609637,1.0172418710244393,1.016998383419474,1.0238868102336158,1.023688412265495,1.023573243831135,1.0235481545162872,1.0236149478104906,1.0238183923965847,1.0169844932584466,1.0173099009263566,1.017770610563426,1.0183473013421733,1.0190720872888162,1.0151392216331512,1.0156659174358862,1.0166930381883856,1.0348762498860227,1.0378571075801648,1.0420690679861382,1.0529226778548417,1.1389602688129117
experiment_913,1.0312514813774423,1.0298754847935874,1.027184307510775,1.0259538170901934,1.0256989473368863,1.024305687540121,1.023024968096887,1.0220459946764628,1.0186916905869423,1.0181506676534273,1.0177186640449813,1.0174939618269903,1.017434128138812,1.0175331848876141,1.017807045873617,1.0182712019577531,1.019010006284717,1.0207102678743238,1.0155733023778666,1.0167402436502344,1.0134721351967733,1.0147985596422624,1.032480324617329,1.0360635039206578,1.0475205819441706,1.0530776757248106,1.1440292801585845,1.2049540006387987,1.2407850602458268,1.2607971884102698,1.2841901813264118,1.4220729070611307
experiment_914,1.0312514813774423,1.044202435216513,1.0473079788291075,1.0508887400107063,1.0282078932286793,1.032180613747014,1.0464873979190459,1.048973348832798,1.144010961104486,1.1516139545327313,1.159147770434819,1.1663856915365671,1.173529667058542,1.1778950584685688,1.184586233681083,1.1910916775045994,1.1808731488789195,1.1864636326200249,1.1922958874522906,1.1976739449268465,1.202504922051274,1.2076366026808742,1.2121797978500355,1.216651792944588,1.2839056331920649,1.1542984447522167,1.1573312660224275,1.1596544835727092,1.1618499221788516,1.1639302784802708,1.165979742112655,1.1679120229549242
experiment_915,1.0312514813774423,1.0436586066844422,1.0456112417069918,1.048289747637964,1.038749698014752,1.0313427703720794,1.0295986105911632,1.0303852001397729,1.0492606281923975,1.1154358530997406,1.116212328313744,1.117291595619097,1.1193762841247858,1.1212958592256654,1.1284458683009724,1.154125071407693,1.155843865168408,1.1571770916385908,1.1643971566494433,1.1654852616073044,1.1665222004465545,1.167238751255729,1.167765068774805,1.1681138641251705,1.1682826997603826,1.1683028405155371,1.1681900250838335,1.1681219035777706,1.1415842996702066,1.1355167628446665,1.1350771552359806,1.1345776917583381
experiment_916,1.0312514813774423,1.0313619344122844,1.0310614422194164,1.0313045130754068,1.0429626326184107,1.0430456697496224,1.0433729577348665,1.0438243327006789,1.015842629868897,1.0161735512545382,1.032458725424223,1.0332265382739303,1.0343985825454993,1.0357639616349195,1.037369664802267,1.0397617635024288,1.0480949715056498,1.050932551982446,1.0530301398791544,1.133269570656384,1.148725480337766,1.1891712946224264,1.2049507302706377,1.2227112426031697,1.2014774926411085,1.2191791469103128,1.2429328294208115,1.266180195230198,1.3740712536240378,1.4207649104068998,1.4855829382762051,1.4934752974585053
experiment_917,1.0312514813774423,1.030909312042488,1.0354660823282233,1.0357978781460828,1.0219660390046161,1.0225112802292924,1.0234833401062002,1.0247908779280326,1.1136459394957805,1.1222817334621604,1.1306579704521298,1.1446777038534586,1.1618448320071253,1.179480508985157,1.1865887273120508,1.2136272159575234,1.167830145693773,1.1965897562239762,1.2045337457023184,1.2711652556622535,1.3116091229372981,1.3161691993661557,1.3738230110052283,1.4481017748909726,1.4405222757548826,1.505684842381537,1.5908103566657161,1.7345839745112805,2.6033575708621712,3.2600125954470647,1.1793189052022253,1.215125509067431
experiment_918,1.0312514813774423,1.0463402183222639,1.05149175067106,1.0280259727343264,1.0481428520563842,1.0523102823993593,1.0565368577439613,1.0609000421382868,1.1735183787507277,1.1858799027060702,1.193282153520932,1.2057326257883614,1.2177863894091405,1.211157204461189,1.222150017608111,1.2334137448818407,1.3118352107553668,1.3265603854211687,1.3404562230864583,1.3613541092334829,1.2014611938326838,1.210404582213715,1.219176993515298,1.2240540032591074,1.230854917759656,1.2076716295106638,1.2130007206206828,1.2184172644122908,1.2240823202760687,1.2294859586658868,1.2349136077011715,1.2408346772194758
experiment_919,1.0312514813774423,1.0312402822474647,1.026154953733398,1.0262691972866416,1.022283508176021,1.0223506695829938,1.0225034610551031,1.0227637226420205,1.1062199313861676,1.1085929947502335,1.111393731108564,1.1149891481654024,1.119045852053006,1.1242207367131472,1.129866348711804,1.1362724403259028,1.1437195647535128,1.1518316916557894,1.1581600005828692,1.1681215865137997,1.0826648768046936,1.089051418530571,1.0960836677392356,1.1416260231852533,1.1564303443633934,1.166477132275872,1.2030851936840559,1.2216045349634412,1.2102965405796478,1.2273927749094011,1.1884491050418058,1.2061618954503917
experiment_920,1.0312514813774423,1.0308511696528642,1.0303927222927909,1.0304114375166225,1.0418248092317461,1.0320678044197569,1.0426937862655297,1.043670860165827,1.0333656326044076,1.0400269572257679,1.1032075266820087,1.1130242741780112,1.1207683657472776,1.1316969799784415,1.1377372602363793,1.1503310313488286,1.164894152973788,1.1797299670795682,1.1829364956558226,1.2042130488220548,1.2941673796045672,1.1794791060014085,1.1796630643252677,1.202384060656987,1.2307331836706732,1.2778293841350667,1.2803521763287913,1.241757593337097,1.2693680675648893,1.3074253904404407,1.3480977434104062,1.403453947354536
experiment_921,1.0312514813774423,1.0433346176528682,1.0449018550128641,1.0472631216915957,1.03775646951884,1.0387224626614826,1.039629789623327,1.031786684353409,1.0484202983509718,1.049723438367625,1.0505934652413464,1.1230517132121922,1.1269478858246735,1.1313991058677082,1.1678534818045674,1.173933551880012,1.180520103803126,1.1877126895173609,1.1954428994196946,1.1965559650173776,1.175639108484848,1.1838005739416553,1.1924220571200024,1.198047779318676,1.2065538235649498,1.217494838307695,1.2289280017302622,1.2419526163804369,1.255169329115106,1.2718771416192765,1.2873163688509077,1.379540573842892
experiment_922,1.0312514813774423,1.03105723793214,1.0257988864955534,1.0258247896517318,1.0218894818609516,1.021926626143389,1.022075169091274,1.022353405703044,1.101225309787486,1.1030312449849795,1.1059511054051745,1.109786712858857,1.114585121214765,1.1200827838504293,1.1262984404627756,1.1340609607590244,1.14295120130665,1.1527770743638914,1.1609906220992179,1.1733295808604973,1.0852836953167968,1.0919540974005248,1.137177737122106,1.1591111318488923,1.1670706517343898,1.1953519639517916,1.2164291964053302,1.2384554921524247,1.2645603613429959,1.2865551748105049,1.31670119273751,1.3552348766002404
experiment_923,1.0312514813774423,1.0311693854610364,1.0259049055107095,1.02584348471245,1.0218113332180354,1.0218291449355235,1.0219042544364698,1.0219978305598625,1.030529732027638,1.0808503551593174,1.0869808795002858,1.1066215781239663,1.1103863852730327,1.1161325689680077,1.1160592567312428,1.1216284371281133,1.1282830302839582,1.1358443545494787,1.1444600965867897,1.1538492248636196,1.1643842327653329,1.173553937797004,1.171160780928527,1.1847075797739486,1.2003163778305905,1.1488612444198854,1.1642047360904104,1.1796328008015153,1.2054608236972317,1.1956785128831913,1.247178134540342,1.2717180973760427
experiment_924,1.0312514813774423,1.0309571943114655,1.035606650883388,1.035342137433615,1.027301222442081,1.0272619431511762,1.0273888911420954,1.0275609572912925,1.0297377705603001,1.0303968283514644,1.0312924356491122,1.0324273734758496,1.034254600799889,1.0379597532624434,1.0880865863943354,1.092168916097311,1.1213697756268775,1.1299059522232904,1.1421772865522113,1.1481937314777253,1.1615156640086328,1.1762670134948867,1.1906879718178855,1.1922636561092808,1.2097814108575642,1.2976710388811385,1.1871392532865084,1.200398542618914,1.232841192680181,1.229185241040685,1.2855076298593626,1.3228449984554762
experiment_925,1.0312514813774423,1.0460808524769991,1.0369864481577749,1.0293020775395072,1.045558974257731,1.0492668755303811,1.0530565131416854,1.057757485506068,1.1626141059048247,1.2074028744740228,1.2281466469848996,1.2439576975341402,1.2611418054848078,1.2767108170903494,1.293645169379903,1.3120445978747077,1.3300444104613476,1.3490243424973425,1.3685490734529422,1.388748215520498,1.505223979854705,1.5324757743760569,1.560870499217002,1.5983031647923338,1.6287619492639982,1.60230445932048,1.6129258221664031,1.6566334090032244,1.6878619689846195,1.7052942250722616,1.737990462291354,1.7713599080533817
experiment_926,1.0312514813774423,1.0431090375754744,1.0445812751182348,1.0466397046230898,1.0375198944136765,1.038082540129561,1.0385115057080136,1.0303982937231406,1.1140369855343384,1.1142880337685839,1.1139416555056265,1.1137123513471066,1.1123855975878132,1.1112246178476997,1.1094892567226542,1.1073654118800924,1.0875164379571836,1.0822110383434065,1.0796580034153063,1.076850124386776,1.0302152396806676,1.028896578159289,1.0274447587539326,1.0259449521044968,1.0124337081584287,1.0115988958565676,1.0109805690356433,1.013251201959221,1.0169551280774185,1.015372280002981,1.0138863224965187,1.0125006920238517
experiment_927,1.0312514813774423,1.0438795545590211,1.0466340467654631,1.0498711657839201,1.0301499152799374,1.0316522461698856,1.0452640074240278,1.0474937620850227,1.1586995576001655,1.1666668238034619,1.160166747914827,1.0841711968647902,1.088202787365525,1.0926501114119889,1.0974782354697072,1.1390441504793487,1.145203327085314,1.1550547828908269,1.15808760395965,1.165288974649725,1.1974087408796719,1.201329824195168,1.2100302435967478,1.2180657288896606,1.1997358844273596,1.2060640581001036,1.2137374834198809,1.2209942162429166,1.228633748025514,1.1812598930469118,1.1873526123476645,1.193456314024353
experiment_928,1.0312514813774423,1.042840167222867,1.0441664824357118,1.0462407328342744,1.0505011357671772,1.0383297757596577,1.0311226864003868,1.0276345806855143,1.1335794521125269,1.126582277571189,1.1335117165495858,1.1433552644963045,1.1476580961411853,1.158205644912965,1.170253675648138,1.1852730653385597,1.1993560453096879,1.2191223173651895,1.2225255977774696,1.3165605686470343,1.3644888781991213,1.192840252498243,1.2187936787074856,1.2448148327072295,1.2724815184266465,1.2907011456902482,1.3282737166571317,1.2816593629474897,1.3342209371345983,1.3818942791740976,1.4390461028100208,1.4149724264403967
experiment_929,1.0312514813774423,1.0426584302144597,1.0439352776536475,1.0460178484599079,1.037011309358465,1.03008815743459,1.031334530981018,1.030037670107326,1.122382399155834,1.1283195730690743,1.1351288144656415,1.1450349710831,1.1534240232190114,1.1574441105653266,1.1675902539835872,1.1800069278224843,1.1899006387014053,1.2048890894728952,1.222196822564605,1.2417571765247142,1.333983197139632,1.3424048060564928,1.1967813107405816,1.191736592214979,1.2118836715351056,1.224804234131498,1.2514667687532415,1.282000407227875,1.2224624431589601,1.2497213439667407,1.274909169049484,1.3220645233917083
experiment_930,1.0312514813774423,1.0301822145855433,1.0284725474549874,1.0278844024246179,1.0285990592771375,1.0284119199738408,1.0284917500582595,1.0288954754004165,1.0149069595440596,1.0294497128600042,1.0307740153757998,1.0324822570929408,1.0346874905430352,1.041461994512443,1.0449957053645225,1.1157350672579973,1.1582604549201525,1.1512966172415693,1.1703635138342148,1.1885531455886744,1.2126669567544675,1.2219933210408582,1.3283239768767727,1.3984220206120657,1.2190704261699115,1.2595748016629753,1.3086932375376423,1.349855016126666,1.4220341028151642,1.5035672706065304,1.6063715187474714,1.587303156053533
experiment_931,1.0312514813774423,1.0259314986233203,1.0241216374475088,1.0228595014730806,1.0244434493534247,1.0173039023194257,1.0226808054916314,1.0220152070006892,1.011567920562668,1.0114116555110046,1.0113833462726187,1.0114173695578803,1.0115943093799213,1.0118697120506983,1.0092268758257024,1.0096331278332555,1.020624281704574,1.0218641214373134,1.0234227417053545,1.0789661678867442,1.101571379500368,1.1132204164899153,1.1248123676277526,1.1389453099213354,1.1550816640282395,1.1712719237627645,1.177248498804726,1.1017918709916112,1.1564902695590964,1.183157535914452,1.2185224706064723,1.2517757025686995
experiment_932,1.0312514813774423,1.0428995502192815,1.0440504622141409,1.0457547065314414,1.0494315182754355,1.0371875018944556,1.0380369733809431,1.039007716546488,1.0465327856015993,1.047956566579326,1.0495558125292945,1.1216571029405666,1.1245756414398165,1.130123256876017,1.1682640106932838,1.1768256032479016,1.1865451095964452,1.1906853450963295,1.1731779492464809,1.1855095361437848,1.1949951584310012,1.2085198548658032,1.225499478553241,1.2456787643077307,1.2694121721035827,1.3717459094868616,1.3764585076217302,1.3787777086509574,1.4233427993132772,1.46255662501279,1.265786507134498,1.2955174932325846
experiment_933,1.0312514813774423,1.043479397624788,1.0452338837024004,1.0478675033691343,1.0389956995773104,1.0316026256043254,1.0300809980584027,1.031040969880406,1.1236066035352301,1.1297365071796928,1.1334093217148795,1.1372766699901808,1.135388186789649,1.138727918770284,1.1419455321565675,1.1453515878450335,1.1480436622321237,1.1509246441007932,1.1537515599661523,1.1564042654096351,1.158944147736182,1.1615768181671764,1.1639232790352094,1.1661700778830608,1.168408412431712,1.170749287000862,1.1734785124147686,1.1757742499489854,1.1785029965847955,1.180836375608031,1.183418065136921,1.1870831310775187
experiment_934,1.0312514813774423,1.0312026199323383,1.0306043200841986,1.029410735865828,1.0312310679069494,1.029626191354345,1.0291153666866293,1.0287091509548498,1.0184929177378486,1.01837001570977,1.0183111084995997,1.018353750099539,1.018470390630185,1.018698567120975,1.0190433569086406,1.014774526402451,1.0152668210370346,1.015561018749011,1.0162816997390438,1.0171602906288806,1.035463560413631,1.0379208655173662,1.040862333386377,1.0509306034470491,1.0550322625397257,1.1420122091354266,1.1573715304559768,1.215331050070399,1.241233693033676,1.2649935981066602,1.2545883894355065,1.2870570023192354
experiment_935,1.0312514813774423,1.0299199455119508,1.0275723706249025,1.0269421560299832,1.0275744562755167,1.0272109843975117,1.0272130833753628,1.0276057187885317,1.014718395476439,1.015365632099359,1.0159196538822999,1.0330947880862307,1.035834738866587,1.0397964348727242,1.0500347402728136,1.131857330290215,1.1838497650957986,1.2097615562757553,1.2154110856588336,1.2288757252548184,1.2656412288639627,1.391442234084442,1.477678873351921,1.4623420115549646,1.5565750449629476,1.341257972714417,1.3426769356530246,1.4197300215211333,1.3449042637290496,1.36951160340389,1.4938468633703748,1.4094415084615621
experiment_936,1.0312514813774423,1.0315091086956711,1.0315419135674568,1.0419859327557264,1.045487163088378,1.0464882765516905,1.0479861014532323,1.0364483054110643,1.1154670896217347,1.1181116112200826,1.1248933298778032,1.1328035967298336,1.1420145538048392,1.152333774956297,1.1640154914727905,1.1748452449045892,1.1743777016766241,1.1914037196862672,1.2103221332089809,1.1569430039815805,1.1781203225964996,1.1944993165933813,1.1919307886095474,1.204757736368227,1.2581191387634514,1.212105522763446,1.2374113578011143,1.2653515493242677,1.286038190024925,1.2836450314605479,1.3173218523609922,1.3598935043291773
experiment_937,1.0312514813774423,1.0425231666524488,1.0437251293706298,1.0455024264058954,1.0497459075551274,1.0379140283227537,1.039389772594761,1.0320804378345605,1.1265115479714334,1.1321764011306372,1.133332550549988,1.1403364152305873,1.1474552942890655,1.155595757001816,1.1641433881019039,1.173227858363787,1.1807126752614046,1.1911824370233157,1.185666402452399,1.1971135141236482,1.20911555851943,1.2221404243956715,1.3023296780340834,1.169215510500494,1.1840746087331548,1.1946895972627123,1.1857383504329524,1.1980430122352002,1.2109561305961232,1.2244190862845645,1.2617707089087504,1.2781907825380798
experiment_938,1.0312514813774423,1.0444329248631747,1.0478322715806383,1.0515683696633562,1.0308140646733526,1.044743136406755,1.0474367286855435,1.0501858300347504,1.1559473315155986,1.165056778300457,1.1718173787459345,1.181416630148746,1.1755544518639816,1.186015549318924,1.1967244081163566,1.1031428637611738,1.1465799190361565,1.1556901350511022,1.1701487870050051,1.178258783599334,1.1891818665796512,1.2084570969130914,1.2213202924958668,1.2330252959973171,1.24744307368346,1.2626840176893825,1.280932199027182,1.2903593831643896,1.3096777693548232,1.3248488057555083,1.3478342588018877,1.3191053521036664
experiment_939,1.0312514813774423,1.0257659334453189,1.0241035370866147,1.0228915557575031,1.0231870670919667,1.021425493492087,1.0223949225457534,1.0219337958509092,1.0152488827762833,1.0152700338063796,1.0154550276623295,1.0119729117125713,1.0124039435890475,1.0129958414150715,1.0265802825546524,1.028414781554796,1.0307101126641298,1.0393080393291192,1.088451941910725,1.1229188504251326,1.1357394319290055,1.1547930983046728,1.1779427471514623,1.1866106501469529,1.218286988972161,1.1739179716429304,1.1872845547233057,1.2227376168023563,1.2862927778233904,1.301371578820555,1.3580576592881397,1.4365468026234385
experiment_940,1.0312514813774423,1.0314357466239041,1.0315295301128777,1.0421985039240556,1.0443532230034556,1.0454135049187334,1.0468139735644528,1.0486969689889882,1.0351697220993255,1.0371101575070583,1.0394862910994918,1.049110572136677,1.0523618988461017,1.056156038742743,1.1438920797744359,1.1582742040996306,1.2141746882761808,1.2377525243151875,1.2681168635727753,1.301677209051644,1.341778498384451,1.3955126031160867,1.5540795704798533,1.5703894813531472,1.6574162287308472,1.7513794231540298,1.8579783448542555,1.7680687490879181,1.7154844416939703,1.5479568502040655,1.4761965555965708,1.3444931764226582
experiment_941,1.0312514813774423,1.043992427322033,1.0466955689781732,1.0499762580397332,1.031448998651501,1.0305009559422402,1.0440691104075166,1.0467310897487534,1.054375631286998,1.0571798370626355,1.1425097507867303,1.15230191617374,1.1995372599150131,1.2143392467929714,1.2304103799256099,1.2495273416907982,1.269246744889465,1.2938931907446822,1.3195799428958706,1.3490142808546226,1.4762272957464315,1.5225722582808656,1.5834700729271765,1.5684756997753013,1.6283378693298034,1.6966286799145127,1.7684606679011492,1.8363271864950828,1.7256884977550437,1.6689759950428922,1.675161561049404,1.689680737071165
experiment_942,1.0312514813774423,1.0427448860032558,1.0441220039449792,1.0461530648775799,1.0501688475340012,1.0381747622192254,1.0309526916346736,1.027450906922678,1.1131081906581404,1.1464382655836318,1.1534960241383274,1.1369003446680022,1.1466966922654922,1.1554145875350352,1.1599853438804086,1.170716956519456,1.18366154119873,1.194782932943104,1.210876159189977,1.2305691496407563,1.2304624125111125,1.3213402940963368,1.3607170541994182,1.209488466931524,1.204072865364722,1.2227463125736142,1.2491772215819956,1.2668754802106947,1.2918106136662793,1.3300990968296227,1.272419321527582,1.3152136296883716
experiment_943,1.0312514813774423,1.030889736162188,1.0253991019432303,1.0250968877893936,1.0208040126960325,1.02030310378568,1.0198459351900644,1.014375015638307,1.0220615571223577,1.0219600441333072,1.0220146610154137,1.0222176755625458,1.0226301029251095,1.0231753018456031,1.0243404395603364,1.0296228822605413,1.1016211047915587,1.107373777690673,1.1098648977302576,1.1178713169605603,1.127460945938054,1.1394106138347426,1.1530262447416186,1.1688203515603615,1.1839704991697628,1.0959650965935357,1.1452153463936825,1.167773151026861,1.1895754142243153,1.2230406567776686,1.2520968911210988,1.2851291058527705
experiment_944,1.0312514813774423,1.0253119257861794,1.0274924418465525,1.0255890070413087,1.0168644456096654,1.021419688875709,1.0202192275817537,1.0193161458992277,1.0126191487815375,1.012344631566433,1.0170455900323572,1.0123166346355372,1.0125909567235705,1.01306363305498,1.010389817209443,1.0110771774504086,1.0187955354142526,1.0206123565225353,1.0232657271795524,1.1013079460150894,1.1103633214439832,1.1265393792460998,1.1468161352092037,1.169194980338152,1.0921403551708329,1.1465749630750082,1.1712940911624443,1.2317398311034784,1.191741137127902,1.2288713571526302,1.2597659934483443,1.3113295153454856
experiment_945,1.0312514813774423,1.0450656993005576,1.0484555630565762,1.038521312250249,1.0308976519611743,1.044722556946538,1.047258954534036,1.0498905222520851,1.0567412298906633,1.0600221511088268,1.1482576674296596,1.156116601973767,1.1650347489144575,1.2134695222533782,1.2256609178480176,1.239052458817422,1.2532049221944774,1.2701678840136217,1.2862232836652452,1.304644031460037,1.3235737183671248,1.348548121964475,1.3709399304521455,1.3945372314537234,1.513895923532339,1.5471756012942586,1.591581182383408,1.6239012779021145,1.532020049239764,1.5104839521246058,1.5420636760384197,1.568547206620461
experiment_946,1.0312514813774423,1.0305029130521233,1.0261530189037347,1.025670749968654,1.0193015126591791,1.0188286237876243,1.0184648570056567,1.01822856575523,1.0273593060449813,1.0273891536513953,1.027634456336403,1.0280886622888328,1.0287637181893174,1.029687726763733,1.0247740950778934,1.0303080763628305,1.0826699592105744,1.1096133774599015,1.1177573124078657,1.124605955907388,1.135689803302842,1.1490366493589734,1.164346600499986,1.179931724756402,1.184851175691824,1.208549285561917,1.1611162545017741,1.1852266486242802,1.1889509981381001,1.2178310640074301,1.2675382867695713,1.3010277932412133
experiment_947,1.0312514813774423,1.0420850218472983,1.0428202476444681,1.0442505345073847,1.0473261940202716,1.0488554240493229,1.037148611908856,1.0387247130794233,1.0384434467172163,1.0410761704078764,1.0499764819263566,1.0526541705724908,1.1316539287826428,1.1410417442873262,1.1870762139578284,1.2031346839894983,1.221572280472465,1.242607524903093,1.236844278227942,1.2427073367363004,1.2710852985433967,1.296864007976249,1.4160029110583798,1.4766709212739246,1.4847337381174506,1.4892001157536072,1.553933756450502,1.6179636716593313,1.4721368837631503,1.3986446874770133,1.3930406644417161,1.337630484181345
experiment_948,1.0312514813774423,1.0312514813774423,1.0406389243345373,1.030743185614823,1.042359070567949,1.0318532181326818,1.0314747202567904,1.0301555588463105,1.0300546118224596,1.0299619045058444,1.0299923018449366,1.0301146396329874,1.030303219448038,1.0305569044338185,1.0308878900334684,1.0312972957910655,1.0318008596810202,1.0323597200034387,1.0330293479055117,1.0337755419320451,1.0346268348754204,1.0360584561913666,1.039733706152683,1.0440194742021252,1.0449587300415388,1.0465604213595285,1.1154843660008937,1.1198901594386759,1.1548010693659896,1.1557147336570162,1.1628909435372945,1.1707878499744038
experiment_949,1.0312514813774423,1.03079583377408,1.025331990866235,1.0250623195779542,1.0208824351008534,1.0204497536748007,1.0201206393246764,1.019896265869581,1.0278967350263346,1.0279137147797868,1.0280348840384081,1.0783904848066004,1.0960207027128381,1.097837289133312,1.100273369340173,1.1023344890254174,1.1026121039419003,1.1066811013286058,1.1111486245807307,1.116721719717086,1.1231456548912,1.1308299328977336,1.1394085356428114,1.149113356963606,1.1608951633248443,1.1564203800639652,1.1703531109987522,1.0937815762503944,1.1395565535562582,1.1537242554501799,1.1679836359201883,1.1960239307497016
experiment_950,1.0312514813774423,1.0425062311199786,1.0436137039276165,1.0451315276944801,1.0492934127794395,1.0507734174572643,1.03827987531324,1.0307555706875218,1.1182763407133474,1.1215949194693697,1.1194552727961327,1.1228183252659383,1.1262492705383806,1.1296314433662862,1.1330878236499304,1.1370421689718817,1.1410514898037025,1.1449784218050043,1.1489206616884,1.1530352301607452,1.1570994177385117,1.1613168389189628,1.1656155780753563,1.1699780404036129,1.171687917448355,1.17604857155077,1.1804271362851173,1.1848123390311818,1.1731995618689397,1.1771142124479081,1.1812217005511891,1.1857064442146394
experiment_951,1.0312514813774423,1.0419280431915274,1.0420758834861727,1.042983101297364,1.0462943403624645,1.0460693152572158,1.0458675469821086,1.0456991784639607,1.1022799340703162,1.1021381147160458,1.1023415953775604,1.1029009055203907,1.1034878115211932,1.1043604605465176,1.1046421587826387,1.1063361377338368,1.1083546936295976,1.1097476208217345,1.1096272851035618,1.1127596997613969,1.1162599665226791,1.1204572338444143,1.125003372788734,1.130286911018389,1.1363357958534481,1.1429628748163343,1.1503016172650553,1.1583216291317004,1.167153016654136,1.173679698611183,1.183843504696439,1.1782142475886868
experiment_952,1.0312514813774423,1.0310517510156414,1.0257806248524541,1.0256234734140226,1.0215852695478738,1.0216313320630246,1.02171195837912,1.0216040207097958,1.104126787694859,1.1062492613024315,1.10573784273415,1.1093764128403694,1.1137466595591126,1.1189555966097582,1.1249510434070247,1.1322735858489898,1.1403522206725971,1.1496236561811093,1.1607139514860845,1.1709258212712332,1.1693215250430002,1.1837773269952796,1.0984514243113626,1.1459886762067173,1.1554357363636627,1.1791815054889827,1.1986356860437422,1.1639712917896787,1.181453877929449,1.201448973411087,1.224412539084509,1.2470012826743453
experiment_953,1.0312514813774423,1.0443179461276533,1.0470005396055262,1.0499352728436457,1.0400722418255035,1.0298534222018372,1.0305910135097265,1.031116032474171,1.122148230207492,1.1218194454106987,1.1215327115933724,1.1204592523432877,1.1185498273316172,1.117079591130144,1.091109270712912,1.106285608431926,1.1024721511198838,1.0404406124500105,1.0329365360972376,1.0311787242326464,1.0293430367708787,1.0288693470966697,1.0139938060849256,1.0132035376884896,1.01560912968594,1.0192066087925733,1.0173836511151368,1.0157083194260663,1.0140793132443395,1.0125997515326568,1.0111203934437545,1.0093945415145684
experiment_954,1.0312514813774423,1.0302476062147776,1.0254228712818096,1.0247454732260068,1.0255755641736168,1.0249648735777488,1.0245541868699495,1.0243336734046604,1.0135894083426678,1.013691209324458,1.013926410605884,1.0142802455313926,1.0144651536541696,1.0295648862190918,1.03107970605658,1.0329291534263998,1.0356845305772162,1.044192460018645,1.1127184629549176,1.152453883053585,1.1617847883270414,1.1795873074318632,1.1740410133159536,1.1890915197914922,1.2148987467900383,1.2461002497861005,1.3564661700363825,1.4100394191188386,1.2022236927707313,1.1787471031849284,1.208796694173962,1.2670992200779176
experiment_955,1.0312514813774423,1.031678924631224,1.0317058493730928,1.0415858063922812,1.044323473053889,1.0438224817718245,1.043293430536168,1.0427142826508784,1.0996592450850469,1.0985371521484237,1.0973122445708607,1.0673638590783217,1.0666823684394289,1.066074850229945,1.0655430406676478,1.0651072051208048,1.0647681222582752,1.0645243891930505,1.064402866454205,1.0645509607062194,1.0646543721037862,1.0648824663751402,1.0652091972101532,1.0656557018916883,1.066205085655589,1.066853190605018,1.0676439669572213,1.0683275196683981,1.0692272571185186,1.0701462675221636,1.0752299527668954,1.1031465393269886
experiment_956,1.0312514813774423,1.0305607788659363,1.02916492491657,1.0293859635768388,1.0302951133149039,1.029668940408388,1.0292488554294617,1.029056274178716,1.0145085849006783,1.014647626162806,1.0148893906733818,1.0149347929496166,1.0154153039143192,1.0312100735742793,1.0326341414664892,1.0343390163216146,1.0363613009567112,1.0451193824238065,1.0473615171071111,1.1221978149388625,1.1327917485134171,1.1788248873709721,1.1959656880303595,1.2163209912263915,1.2010857818612017,1.2229427597730387,1.2466097900191364,1.2832831567592002,1.4015755331949074,1.4252643610870799,1.4287705601448943,1.2592521058542612
experiment_957,1.0312514813774423,1.0418814081104715,1.042215128020394,1.043386487168303,1.0460681215209249,1.0470226417218682,1.0481218898475548,1.0362318353644364,1.036916905122779,1.0388498811195046,1.0465402819409164,1.0487919906269618,1.0502818986914757,1.05318320087403,1.1345839797768447,1.143706475296691,1.190161427831141,1.2045829479691588,1.221190584201834,1.2403722206189471,1.2632544601040387,1.2910785766925625,1.3266049503743473,1.3620731224539746,1.3949553357089444,1.4493398669497561,1.4557023170018022,1.5051016859552615,1.5177474406365667,1.5762432426695403,1.648918263346391,1.7398286846179685
experiment_958,1.0312514813774423,1.030711153031151,1.030047901556622,1.0285881923624478,1.0298807803001442,1.0282171581657689,1.027661381863946,1.0272426446388507,1.0173547677264083,1.0171966089103486,1.0171034879330785,1.017083633175632,1.0171008267431476,1.0171763883430651,1.0173264147248362,1.0175452614114056,1.0178422188587064,1.0182132297488884,1.0141356314526604,1.014243336884855,1.0147122403482418,1.0152823937604536,1.0159317061894615,1.0327888521820565,1.0344669946516851,1.036374231359967,1.0384877869157878,1.0412203727368994,1.0492901722363042,1.0528411869400043,1.0568894884486162,1.0611495977423415
experiment_959,1.0312514813774423,1.0418727825753682,1.0422655356862693,1.0432239960289809,1.0461645613945545,1.0467925179453392,1.0473897835684995,1.0481540413395756,1.0340893904570587,1.037199075935098,1.040750034616889,1.0414990690782966,1.0423766032529835,1.043313899899276,1.0443049252586252,1.1080613270848556,1.110728452107176,1.1126557843468283,1.1431739854457228,1.1472426372337172,1.151491067370089,1.1560491619455866,1.1609317807113526,1.1662081951244025,1.1461427490066092,1.1539570117846676,1.1598971824004476,1.16095941157678,1.1677219407787371,1.175167950861403,1.1832752785921405,1.1930638790654173
experiment_960,1.0312514813774423,1.0315257432871188,1.0313978329739482,1.031392987394958,1.0319551689422601,1.0315516352112675,1.0300610610247845,1.0296683829814546,1.0190755067983028,1.0189077712121406,1.0187949545941857,1.0187575973928453,1.0187960285407343,1.0189153663132353,1.0191378415673011,1.0194696324969834,1.0199231534990407,1.0155421990694193,1.0157683153860748,1.0164358184241569,1.0172239447893663,1.0181405831197667,1.0376022269086218,1.0397709393952894,1.0425116482676553,1.0450662900512036,1.0556534741939134,1.0600846211514665,1.0649896699752188,1.165264522023249,1.179119118052808,1.238157754206411
experiment_961,1.0312514813774423,1.0258305912887944,1.0200981408092955,1.0178240544242345,1.017685151301916,1.0159841853191889,1.0164176809790406,1.0153876414065408,1.012773091930339,1.0123697632900694,1.0122489260242895,1.0122971788797959,1.0125394827099718,1.01306352436115,1.0138655955727016,1.0149556562632613,1.0164387785789284,1.01846166104432,1.0156158168119835,1.0137599842609182,1.0311638390682194,1.0377991322542752,1.1179606988082798,1.1786808414456185,1.1866066179990378,1.2351746505524899,1.386890259498613,1.2224902672264772,1.2788953142853363,1.3346291276644635,1.3285754163323138,1.4373011437299146
experiment_962,1.0312514813774423,1.0314232684059805,1.0412722475988911,1.0412696682703086,1.0437502362288265,1.0435642703127395,1.0435448936789704,1.0439146228882359,1.0307920911607433,1.031144378295801,1.03171070129666,1.0323476468907988,1.0335917374489256,1.0398011978371053,1.0409870510799275,1.0423496942975885,1.1061823225507057,1.1091563154090311,1.1187562739750652,1.1243154721454907,1.1306570315581304,1.1398965031802935,1.148008674801158,1.1514681067560792,1.1611478962122102,1.1722654316789185,1.185314651676822,1.1968039062279094,1.2128843637089806,1.2312420408391356,1.2513804349346562,1.351452511146484
experiment_963,1.0312514813774423,1.0348292033805393,1.0256047897558427,1.0250183286278705,1.0144676607333445,1.0142308475337156,1.0141294135114958,1.0141559517256438,1.0221229140479926,1.0225197993236883,1.0231734154844747,1.0244579266634446,1.0777155511471057,1.10288194995573,1.1052400319329647,1.112726243050073,1.1219567507617136,1.1329366954710598,1.1457068137964797,1.1609039340764453,1.1756561961546341,1.1799580656323083,1.1425087590735696,1.1652513740154435,1.1869462217857403,1.2230243898460418,1.2551057692612844,1.277891601648311,1.2474416303797842,1.2691637197919892,1.2910071784663728,1.3368135215333659
experiment_964,1.0312514813774423,1.0315133112179546,1.031180755543155,1.0312059599731878,1.0423966648429688,1.0416258484716803,1.0311272012445563,1.0296316438822184,1.0146703697256703,1.0145478542837696,1.0144597796764334,1.0144398146869937,1.0144780430592335,1.014575999059797,1.0147462825092453,1.0146878049125923,1.015018327778508,1.0154406741407302,1.0159656077637955,1.0326346515618279,1.0341170333661343,1.0358091818204709,1.0376029728650757,1.0399916867983214,1.0452067240513097,1.0521060902551733,1.0562557231374945,1.144051075568225,1.1566175453470564,1.2103239083500892,1.2304371127409968,1.2536372422499635
experiment_965,1.0312514813774423,1.0418980957247383,1.0421464282715918,1.042923726946685,1.0458390715891714,1.0462324772229314,1.0465995788916431,1.0471068233826548,1.0339237616753574,1.0395142913702986,1.0399654553288378,1.0403741411613825,1.0409146592312664,1.0415081965142319,1.0421679463742861,1.104219096958865,1.1050797652614504,1.1071983567708814,1.1087265232824215,1.1383086876395034,1.1418884343642648,1.1458090628097737,1.150174311793179,1.1549971111413833,1.16034090137306,1.1662413062152037,1.149837378429713,1.1561933354000293,1.1577374882251994,1.1653883219642498,1.1735855048688737,1.181493430684382
experiment_966,1.0312514813774423,1.0259601511288552,1.0243315960114523,1.0231386600576997,1.0235890710107327,1.0218572425687527,1.02119159341403,1.0207408966272957,1.011580524080398,1.0115661148506372,1.0116603310877974,1.0118758204229108,1.0121997456865992,1.0126624885862217,1.0258419642594645,1.0273360036536467,1.029159206540682,1.03687820739527,1.098814975419961,1.1130529872830346,1.124822797505989,1.136068667947783,1.1538467336046636,1.174876606809587,1.1955966180208573,1.2012726597808667,1.1573161827085774,1.1797415312305073,1.1376902082926306,1.1611485068358678,1.21147556015298,1.244133428011058
experiment_967,1.0312514813774423,1.0317747927164254,1.0415915746113062,1.0422160874050044,1.0447208550797713,1.0450710720420882,1.0454491419163798,1.0459465907544805,1.0334480728250652,1.0340145056166936,1.0347592775975,1.0356029007383216,1.0366255762322631,1.0383547534218793,1.0456779901171664,1.0475611573066368,1.049159361615615,1.1215855007129942,1.1234064600813682,1.1612537867219603,1.1714838104378031,1.1831752074175106,1.1689422829434561,1.1778090340489755,1.192628584943745,1.2076848298378664,1.22700188605366,1.2492866627980923,1.3456185047925406,1.3551261354531239,1.400116961790562,1.4014845645816572
experiment_968,1.0312514813774423,1.0431271535797064,1.045224983378206,1.0479763837550689,1.0396134052410473,1.032549480852096,1.0316318991174944,1.0455112353957703,1.1467975084203665,1.1538097335407445,1.1593350513625316,1.1691790911753535,1.0836896977182133,1.0888287811847095,1.0945141220301913,1.1387954414393018,1.1490322106844368,1.1666409886137519,1.1767995106714948,1.1994868247606414,1.2157710444056842,1.2318244198933874,1.2487643898819467,1.270491320957451,1.2846616765897148,1.3142930169555833,1.3452963094520942,1.326647216842423,1.3594387595126218,1.3873417339019225,1.4274575328734498,1.3531262497586878
experiment_969,1.0312514813774423,1.0433516858805667,1.0449479884053554,1.0470790765451266,1.0379637989770072,1.0386093030908812,1.0306318623830948,1.0309924299742301,1.1153199305342159,1.1164057114696293,1.1177464247086988,1.119334859674825,1.1210695151316326,1.1228370431735415,1.1248634623518212,1.1271960008967603,1.1300134858609359,1.1334197196200533,1.137318717349053,1.1415307922575133,1.1462084830101875,1.151484141392375,1.1573561503076841,1.1637846998290258,1.1709114190464067,1.1758263406087164,1.1840799842062013,1.1767331844780395,1.1860381558130892,1.1954136168339204,1.1040333805631137,1.1473013393459326
experiment_970,1.0312514813774423,1.0302692691172013,1.028354096410613,1.0281051736503202,1.028485309950988,1.026744646855841,1.0261365438548717,1.0256923121192472,1.017065288442127,1.016978562962707,1.0169877661941213,1.0170946266942456,1.0173161037793226,1.0133868168960265,1.0137358109502415,1.0141697784352868,1.0144082883292516,1.0150611230723336,1.0309133991033224,1.0326910356392807,1.0347322267257262,1.0376785884159978,1.046579808549499,1.04934998043056,1.128153577170605,1.1727283030275537,1.190173664156939,1.2103539833573091,1.1950522449766146,1.211655868293683,1.240131098653545,1.2734273263808682
experiment_971,1.0312514813774423,1.0430014686490037,1.0449592892879125,1.0473509915093502,1.0392374129233395,1.0323798724768172,1.0314827224148395,1.0454494995690793,1.1462153125051109,1.1553691930912704,1.1619542669552867,1.172245288579207,1.083753479764246,1.0883624904838831,1.0944617561342511,1.1380699661353806,1.1487131227699734,1.165580278109173,1.1736068776939206,1.1964324464054574,1.2109108141456693,1.2265793272526737,1.240810489411619,1.25680815253254,1.2749324559914414,1.2893899147804322,1.3009798879023866,1.3252243760236693,1.345665940171427,1.3246526846160072,1.3473024395825373,1.3717528913238874
experiment_972,1.0312514813774423,1.031431616768964,1.0411589414912157,1.0311427121283239,1.0433777914431497,1.0427590610705646,1.0422304182596835,1.041778476876488,1.0289781814049104,1.028809663419264,1.0286868471184483,1.0284981121065473,1.0284377246846697,1.0284191313289948,1.0284299763660625,1.0284824450702745,1.028581316738272,1.0287136168651985,1.0288894442217877,1.029118395654034,1.0293891785811298,1.029708438253375,1.0792869152582498,1.0804397779948272,1.102463499905104,1.1037217968932524,1.1057824766329156,1.1086105880884767,1.1117852095440053,1.1175778358238113,1.1164096240247114,1.1213232375474063
experiment_973,1.0312514813774423,1.0465590396256486,1.0380988685369414,1.0304519647616774,1.0474792618115984,1.0521196837278386,1.0568167013284975,1.0665260182148675,1.207796870999595,1.2243874644601491,1.2409561909598978,1.2593628862392667,1.280305458761408,1.3005957387695415,1.321093496481837,1.3416680989579601,1.3218139073387076,1.3046650728593412,1.395089158695499,1.4171617185447336,1.4398517054200581,1.4709266414722986,1.4965380043110292,1.5226144835091724,1.4954719168170807,1.519337422744804,1.5373759838179626,1.5621005931966203,1.5408157307959354,1.564635567610762,1.5898220779135857,1.615210168943682
experiment_974,1.0312514813774423,1.029444243115775,1.02917406921341,1.028750952748543,1.0296406288228612,1.0293464004491788,1.0292825248017397,1.0296251059211623,1.0150777680265353,1.0152197013595257,1.030970078018111,1.0326806586812398,1.0348856095598056,1.040866862012103,1.0478822987603633,1.1229648445212546,1.163056581295218,1.1838130538263485,1.180007690852432,1.201088896970652,1.2362332004040766,1.3536380119418803,1.401085886215813,1.2208465489807052,1.2624994059543637,1.3181939030341727,1.3547393107551537,1.3304220328895182,1.4078703395110563,1.4985343637144015,1.511823479279455,1.6486624222638038
experiment_975,1.0312514813774423,1.0307032066715234,1.0251326694481786,1.033866134958887,1.0204220859548454,1.0198671025856438,1.0142329346801775,1.013903982862331,1.0211192882891547,1.0207909531538821,1.0205920189069297,1.020413133193176,1.0203911012283442,1.020410784509324,1.0205043830450493,1.0206719599437322,1.0209310513933443,1.0212709669574664,1.021766364394624,1.0223280487340163,1.0230216061129334,1.0242085005918204,1.02941562574326,1.083622342982121,1.1049363603443705,1.1088383618983002,1.1121331315780978,1.118785981530227,1.1264752997424154,1.1347863310869148,1.1445930774126358,1.1553313168554633
experiment_976,1.0312514813774423,1.0446873519345157,1.0481424872975627,1.051899122727763,1.0313500105279834,1.044775278040925,1.0466175701217764,1.048349862636637,1.1475159101250112,1.152472297410012,1.1570911255093872,1.1613892852090086,1.1625535232223125,1.1660266231426621,1.169196742589273,1.1720051802709628,1.1744144746735343,1.1764122885086523,1.1779683166170143,1.163878330613386,1.1644934042318513,1.1646909797207468,1.1644691115713164,1.1638305977578889,1.1779107211054038,1.1766363589763267,1.1746547729822199,1.1723319041278688,1.1726826299533282,1.169815142186894,1.1668742022639627,1.1640581878991394
experiment_977,1.0312514813774423,1.0434016971646203,1.045658241784646,1.0489095879285817,1.032067297713841,1.0312222257509338,1.0451495431608415,1.0480594000115522,1.1593205161309108,1.1718715697104827,1.0840183818972875,1.0903657096560584,1.0982155263359734,1.146603109461583,1.1620321875210418,1.1894500631616771,1.210161896238236,1.2313987365182508,1.2569829958134926,1.2770398772181222,1.304729172327196,1.2986813740853822,1.3377125140036439,1.3761288003643952,1.3324904687365613,1.3634652000554734,1.4227164404900274,1.4580995623329616,1.5262552713795694,1.4901304363325572,1.5663458267551726,2.511576020333339
experiment_978,1.0312514813774423,1.0443212417084182,1.0472883232903698,1.037485528452576,1.0304240912985065,1.0444712140715524,1.0476344572072842,1.0511665402263795,1.1796188507854173,1.1943348002858172,1.2035330922942462,1.1905678644404318,1.206239691409747,1.2222524271015662,1.246162398396564,1.2745156176898387,1.387121545216948,1.4404000634110117,1.4522546898808064,1.4493836718662034,1.2608743842921701,1.2962402439221041,1.3206386687857101,1.3644979818672018,1.3072702769780435,1.3067683203845064,1.4007722952949409,1.4578506186070652,1.540384104655466,1.536100475907074,1.6054534362643182,1.6496119147806685
experiment_979,1.0312514813774423,1.0423424928247118,1.0437353864083425,1.045652439689469,1.0506725183218417,1.0391374412052636,1.0322655323809202,1.0314565928692647,1.1360361153974385,1.145631660291026,1.1562112999059075,1.1680098698088934,1.1783735794812003,1.1769796459724873,1.0979937005251577,1.1435358392790091,1.1576543545336804,1.1768454267728334,1.2032517389000374,1.2230664095486465,1.2469087565724504,1.270737101997546,1.277200764159757,1.2377575162090073,1.2457090928600048,1.2749505785602944,1.3027376383512164,1.3057613459550481,1.3504618682867244,1.399913689352188,1.3434607252493194,1.3896477887651355
experiment_980,1.0312514813774423,1.0315531454493456,1.0316177829481916,1.0420430171269899,1.0439226255618002,1.0446189144784133,1.045398582854632,1.04646549560736,1.0333794679902897,1.0345489814331694,1.0359934789560656,1.037747471501057,1.0403900320494486,1.0492556233138597,1.0520996260584452,1.1307416512317658,1.1419525494892224,1.190557067137574,1.2098517346008766,1.2331667708773495,1.2124577635666383,1.2397708997162724,1.2684716436330732,1.3856916538653399,1.452015565702887,1.428322738213685,1.4887662701781752,1.386284565985771,1.3431667410343227,1.3896223355672783,1.3834111966756473,1.3368481544100892
experiment_981,1.0312514813774423,1.0448498031962148,1.0483407897315413,1.038436488810375,1.030897021813708,1.045355946462393,1.0485472311340094,1.0518884153099795,1.1434426710263161,1.1878965931918746,1.2004227326251953,1.2137831662378153,1.2279095122111117,1.2425703831497,1.2581123914096848,1.2788479873085654,1.3009085565973058,1.3209610356012276,1.3424764599854546,1.320804120153751,1.3902226562850832,1.4108902236194458,1.4387216669666754,1.4798153486400414,1.4620816951558635,1.4935089190761908,1.518952170471716,1.548475926865204,1.5894204090272854,1.633234395644645,1.6527097502809018,1.6394594379495937
experiment_982,1.0312514813774423,1.0308808465392751,1.0391228672442945,1.029740989091972,1.0405070396182365,1.0406813656490321,1.040735112659817,1.0304962216083546,1.0311147377585044,1.0319281982173643,1.0330429042740195,1.0344020258475368,1.036550825889387,1.0442524983690984,1.04473701191296,1.113142591849662,1.1489121572264371,1.1608391541212675,1.1747984116097916,1.1648667052128308,1.1770836055581504,1.1947573192716139,1.2180909739036347,1.2465856126774717,1.3545712124776792,1.386541215548159,1.2037167638877475,1.2359486389429921,1.2734304192425305,1.3213117008574669,1.3570595224168869,1.4253070741486038
experiment_983,1.0312514813774423,1.043385761466016,1.0452070394465693,1.047625440239665,1.0379110397205298,1.0393577016618982,1.0272020219286988,1.0304678250899555,1.119724144264136,1.1234311601045888,1.1351564164099275,1.1623675704465541,1.1718547070929346,1.1827892826030046,1.1957457659860684,1.1806331886725674,1.190722249171189,1.2061980381217703,1.225538723918292,1.2493093592960849,1.3490142866586379,1.3601278813031146,1.4095064197245937,1.4166502115110953,1.237007328306299,1.2667734455915198,1.3006366627802963,1.333788311272048,1.3670646441554706,1.4141168475702517,1.4718180901198559,1.52642673475662
experiment_984,1.0312514813774423,1.0460337945995137,1.0371753402407664,1.0296786989858746,1.04656161846537,1.051069335328839,1.0559570042185122,1.0654242344387728,1.219003060487874,1.2405766352942527,1.2655221118046376,1.2931349145325117,1.3239082430620106,1.357276656128871,1.39490672078743,1.5382724209948635,1.588107785990487,1.5576967137443518,1.57833924048846,1.6301937810303824,1.686937154370744,1.396954479253432,1.3953494580240489,1.443394610556678,1.4945052741351246,1.5252050468800273,1.5715692332438314,1.6710791459364696,1.5177780123199374,1.5492146689761355,1.5172957144891632,1.7357350328246968
experiment_985,1.0312514813774423,1.0311197215850765,1.0307688398671306,1.0292985836926474,1.0309597398897505,1.030404555091468,1.0297602158256927,1.0280078756897828,1.013733540365609,1.0136700029801191,1.017178980441375,1.0167024776227924,1.0162310298515147,1.0157634199121162,1.015297432176444,1.0208600772946959,1.0202626888262507,1.0196884878092425,1.018423485281886,1.0179216933797361,1.017462255531099,1.0170366794347028,1.016593702160473,1.0162360126227445,1.0159193305925585,1.0156470765050976,1.0154489412574215,1.0152432182241902,1.0150783397506067,1.0149563856457515,1.0148786578635196,1.0148464510171094
experiment_986,1.0312514813774423,1.0261677895884287,1.02476957127478,1.0239054953950504,1.0246327888397657,1.0239620970166816,1.0235571737769011,1.0234602777321553,1.0162651261376274,1.0125304809330589,1.0129822730073283,1.013592725449608,1.0278405510223363,1.0298671325932087,1.0328565916534045,1.0415460354717223,1.1095204941448582,1.1278035116267264,1.1472856172938157,1.1631542736801248,1.1869652935707569,1.220166615235253,1.3327065376124445,1.3728870085220222,1.2037602772279912,1.2357701442089482,1.239850089917372,1.2539856876871396,1.3001311963969941,1.3862875885041472,1.478209901419131,1.4732861023551187
experiment_987,1.0312514813774423,1.0316553820093433,1.041976941549566,1.0432915176357327,1.0472681627409333,1.0494351089290237,1.0382108812055781,1.0271743695843376,1.1284190206285578,1.1341400415836154,1.1472858603101643,1.1627666218718613,1.178660567115274,1.1834386573719216,1.2085563862175317,1.3054959124746013,1.1904239178553835,1.1915367154973717,1.2065416029691656,1.26781991622651,1.2295259426707508,1.2696082161470856,1.2623034326044873,1.3132248821380976,1.369212222004031,1.4397527242247454,1.419561538170115,1.481755574581377,1.5754013777489533,1.6807842188470101,2.85370696757815,4.782767882944633
experiment_988,1.0312514813774423,1.042908258698672,1.0440327081043341,1.045652092749095,1.0491370555370951,1.049928804068532,1.0371956414512291,1.0378202041105118,1.0386593871170153,1.042297727360132,1.0466288401415418,1.047970530048837,1.0490430614651352,1.0509960474733147,1.125364276458134,1.1318167782521,1.171525459140544,1.1819887515918581,1.1942745141059756,1.2011591937309243,1.1855995080253308,1.2005980118161381,1.2149759775999636,1.2372190045375129,1.2637371906011656,1.3697761203887364,1.38854180280893,1.3948424721632025,1.4417856219401706,1.261155974770264,1.290185024807022,1.3317403413600868
experiment_989,1.0312514813774423,1.029250510210537,1.0275162017525805,1.0254348436271625,1.0256435460611717,1.0221115356124126,1.021305619425589,1.0207491494707006,1.0162342804447793,1.0161347601159587,1.0162492972235098,1.0165170410581872,1.0132349775167457,1.0135206799897185,1.0142953328310917,1.0291887969722704,1.0315481375654765,1.0345445115866903,1.044658620622164,1.1136446803969506,1.159986515190908,1.1525794978777877,1.1774658409676735,1.2060595604874684,1.2235854876726027,1.3413146097939939,1.2542397410631723,1.232820544100877,1.2782986480559542,1.3179360895070067,1.3901952007963028,1.4766991538778882
experiment_990,1.0312514813774423,1.0304479546230008,1.029477850554747,1.027799042522841,1.0280159424706776,1.0272282911799568,1.0265380145852168,1.0259725816701684,1.0171807431575903,1.016978244241083,1.0168305638171737,1.0167998711048636,1.0168463895977469,1.0169811728091445,1.0172252578023933,1.017560375849849,1.0136728244911821,1.0141108476020873,1.0143535587817238,1.0150031043656027,1.0310086049937996,1.032805900727836,1.0346410892831965,1.0370964534676816,1.046536166834651,1.0493303828150613,1.0538040880893922,1.1403238777035065,1.1904856409859708,1.2114658173327582,1.2359362683934019,1.2655142740847742
experiment_991,1.0312514813774423,1.0316346686840059,1.0268317793489465,1.0212051396515507,1.0234108085165359,1.03280724914506,1.033336178344245,1.0248253179893405,1.1129185915019864,1.1177154033723276,1.1229830539208723,1.1289100505063676,1.135560365320423,1.143036825558041,1.1516543671487198,1.1610032825201477,1.1683224238264764,1.179217622440588,1.1752243281117867,1.0953514408382616,1.099281847567353,1.1446319556286664,1.1592086559830261,1.1755408375788714,1.1847865210100288,1.2063346504990704,1.2217470963574872,1.2385697730602685,1.2536178109237137,1.2619614701639086,1.2829124354275665,1.2321657335281968
experiment_992,1.0312514813774423,1.0316461724229233,1.0315699238906353,1.0417646392326556,1.044406526673715,1.0442651821686766,1.0442186666322282,1.0442454410094957,1.1043696831634628,1.1039614477916113,1.1049405428945878,1.1063875998311854,1.1049147424038683,1.1072300122093648,1.1096744501374294,1.1129519433806063,1.1168127292885444,1.1217467635609073,1.1272192220328079,1.133860259933877,1.141353000892375,1.1499077381272809,1.1596682248034633,1.168291980019978,1.165973586968688,1.1804818579601415,1.0986519293586545,1.146751744862174,1.163935701367973,1.1782019429025423,1.2069018499162256,1.2281175031557103
experiment_993,1.0312514813774423,1.0446593442423986,1.0480682196714854,1.0518308127309588,1.0306104670171112,1.0441577989030049,1.046388937760681,1.0484900900464382,1.1453107873460697,1.1509063456534936,1.1507233410634832,1.1554694842615167,1.1591138279157882,1.1621576950689478,1.164454827453042,1.166011468001511,1.1667858606857142,1.1667508922719196,1.165906567695964,1.1642255486523108,1.1617312775571045,1.1584108589726407,1.154296536187176,1.1492868277262387,1.1437489909997876,1.1422328369641257,1.1350745395768402,1.1276483698085442,1.1391922978975781,1.1059409847435666,1.040760631001277,1.0319729879228077
experiment_994,1.0312514813774423,1.0309654954747705,1.0304999412890163,1.0304010552908753,1.0314840085718984,1.0314897246248012,1.0414116321364768,1.0419617828709813,1.0152140582545015,1.0155913602716367,1.0157260878901866,1.016311856336536,1.0332941467862888,1.0347894848534158,1.0364008463292025,1.0385066855082017,1.0414955686908725,1.0508610151071505,1.053347005490657,1.057554700284869,1.1457207417180093,1.1582738468129585,1.211937937375407,1.2327953231006055,1.2567156133090434,1.2866942428868717,1.319443044358519,1.3642789761852283,1.401493326905236,1.5578016215531787,1.5798200934201305,1.6547079268349427
experiment_995,1.0312514813774423,1.0419684109798397,1.042396935284514,1.0435075230843154,1.0463300824268424,1.0474843604204038,1.0486937861801948,1.036814608302739,1.0365772633106554,1.037993561149495,1.0401538762415423,1.048174368204498,1.0505844800515498,1.0526959709388783,1.1299275574176795,1.1380060532292575,1.180528281079561,1.1928933810611426,1.206810224133589,1.2231946747107525,1.1974855174791896,1.2128620375354,1.2318432006154991,1.2499111240420824,1.2768622771390283,1.3821488568846392,1.423193250645051,1.4813192496584549,1.4466098752364798,1.4926598633688186,1.3759467576956248,1.3263793416622631
experiment_996,1.0312514813774423,1.0442020094546467,1.0474663275586744,1.0515552417840133,1.0312282099427112,1.0457789911797288,1.049234235275643,1.0528842338753743,1.1706016765234557,1.1814884787419406,1.1797495012494434,1.1945796314801058,1.210054663817092,1.1540299110725631,1.1704914748969029,1.1813757889658647,1.2041801199730597,1.2201693821558786,1.201597715248319,1.2468486851047444,1.264571032008365,1.2760647018437794,1.2954865422787587,1.309848095344814,1.3339762588655457,1.308697463145933,1.3314688672469128,1.3500076154819922,1.3736768336895055,1.3965779858708784,1.4226463488445098,1.4527024677769194
experiment_997,1.0312514813774423,1.0262553733673176,1.0247588255231186,1.0237467769763182,1.024662510822639,1.0236712753012067,1.0229094956636704,1.0173848239217176,1.0120319947299992,1.0120120817721543,1.0121474219881803,1.0093539739643327,1.0198158041416123,1.0206513784623397,1.0217383875077368,1.0231704678081066,1.025338552978567,1.1046419161002161,1.1151535381213589,1.1215473690128648,1.1357393555343498,1.152847536410265,1.1731990416873381,1.1778641811321524,1.1041398477800988,1.1643844692461611,1.1976547585175572,1.2379000392407131,1.2770809265691603,1.3127783297137423,1.323643516858879,1.384155992872719
experiment_998,1.0312514813774423,1.030780763325937,1.0264909675490006,1.026211473983675,1.0199272839471436,1.0195434738558815,1.0192979721618278,1.019225072462521,1.0287981817829468,1.0291251994547792,1.029764176742837,1.0306007906023638,1.0317185450629867,1.0335919123417119,1.040731938486316,1.0880183685796785,1.116565474092212,1.1273263774046793,1.1326071087567078,1.1442708168418572,1.1579759588595713,1.173653612384982,1.1893954033884584,1.192776118541591,1.2158359777632715,1.1596993162781413,1.1845948416331797,1.2122325756744188,1.206537545056119,1.2671195335855663,1.306534572631104,1.3052551356159385
experiment_999,1.0312514813774423,1.02726599284176,1.0208239750413755,1.0186865122334812,1.0186770883978036,1.0192418972892892,1.0179635107550749,1.0169829337487652,1.014657302393212,1.0142224621732967,1.0139808897452256,1.0139265773908854,1.014047649142306,1.0143470837258295,1.0148356242846845,1.0155293407726689,1.0163780749324987,1.0175980255221087,1.0198571301635344,1.0154529969905004,1.0130256685250019,1.0143248811520014,1.0317548517056156,1.0367855093981053,1.0475726691152925,1.1635421934517223,1.1906121396529425,1.2244926960411804,1.216282161335303,1.262018786470535,1.3982177137278897,1.4292073516372743
