,2019,2020,2021,2022,2023,2024,2025,2026,2027,2028,2029,2030,2031,2032,2033,2034,2035,2036,2037,2038,2039,2040,2041,2042,2043,2044,2045,2046,2047,2048,2049,2050
experiment_000,1.0001105662656666,1.0001105662656666,1.0001105662656666,1.0001105662656666,1.0001105662656666,1.0018602580547942,1.0018699810917107,1.0018485713863932,1.0018500108291957,1.0018158904679353,1.0018359535696935,1.001832672577072,1.0018049901890484,1.0017416044023117,1.0017416044023117,1.0016997305319117,1.0016684418554254,1.0016403935767024,1.0016335086460624,1.001610207713474,1.0015248131408363,1.0014884100398036,1.0014415117381528,1.0014192960243138,1.0013747665254706,1.001344159605364,1.0012661670076486,1.0012240084764361,1.0011781380535418,1.0011259097353558,1.001098747214207,1.0010152193164477
experiment_001,1.0001105662656666,1.0001105662656666,1.0001105662656666,1.0001105662656666,1.0001105662656666,1.0009713748681819,1.000954948474907,1.0009344605757857,1.0009399796806737,1.000953096502109,1.0009328911903896,1.0009442450232877,1.000973330635085,1.0009891053649904,1.0010152123562661,1.0010419324899111,1.0010849470397065,1.0011430915277486,1.0012154737655894,1.0012857547755767,1.001340775928606,1.0014473582116958,1.0015580440902192,1.001679055292222,1.00181232121148,1.0019930173255656,1.0021783122059287,1.0023619869145457,1.0025945261944458,1.0028441838988356,1.0031212318546743,1.0034772692766922
experiment_002,1.0001105662656666,1.0001105662656666,1.0001105662656666,1.0001105662656666,1.0001105662656666,1.0008972054515681,1.0008830674614704,1.000885105178014,1.000876796197371,1.000891027761487,1.000891027761487,1.0009226207666644,1.0009397824601605,1.0009786484327243,1.0010398426687492,1.0010945534842488,1.0011826579536913,1.001253853127987,1.0013818639353498,1.0015283643252169,1.0016845937589895,1.0018821439315289,1.0021172862914214,1.0023861815583401,1.0027329239055989,1.0031182905338665,1.0035817834273855,1.0041247930516124,1.0048083533374805,1.0056130298855446,1.0065550785728286,1.0076434029157226
experiment_003,1.0001105662656666,1.0001105662656666,1.0001105662656666,1.0001105662656666,1.0001105662656666,1.0018840966845504,1.0019206114158818,1.0019388195585313,1.0019428658676777,1.0019142970573676,1.0019646247955023,1.0019894898237354,1.0019866712640748,1.0019740384980786,1.0020168982622488,1.0021155894687686,1.0021285105028221,1.0022032977506963,1.0022211444748035,1.002296502466203,1.0023857569407428,1.002433098906304,1.0024893647321962,1.0025200363866194,1.0026219725986072,1.0026677083419309,1.0027259891892566,1.0027571957575705,1.0029065179647785,1.0028825780955686,1.003015013002914,1.0030085513480103
experiment_004,1.0001105662656666,1.0001105662656666,1.0001105662656666,1.0001105662656666,1.0001105662656666,1.001581693822969,1.0016324634476836,1.0016606832751334,1.0016664003634286,1.0017083713372525,1.0017777262401961,1.0018552890499903,1.0019013715223535,1.0020199368982456,1.0020877755762174,1.0021995572821838,1.0023200482500796,1.0024423057392107,1.0025320344014332,1.0026708179199977,1.0028463213968717,1.0029674816818592,1.003175474918883,1.0033835817656243,1.0036047635361571,1.0038499853541634,1.004012289370742,1.004293687857473,1.0046048965987866,1.004902100653407,1.0052474968837828,1.0056082531101758
experiment_005,1.0001105662656666,1.0001105662656666,1.0001105662656666,1.0001105662656666,1.0001105662656666,1.0015234108964743,1.0015288714566646,1.0015187620294486,1.0014926048643686,1.0015160879873406,1.0015640896493387,1.0016080478126181,1.001634098404705,1.0017128731805434,1.0017819739707874,1.0018273603641246,1.0019770282192566,1.002112755123061,1.0022711158841102,1.0024403934769341,1.0026333157883827,1.0028973799823973,1.0031507489095643,1.0034706145974444,1.0038340454885821,1.0042076836762777,1.004592985307929,1.005257339193517,1.0057535664666166,1.0064198964278288,1.0073470890708478,1.008335896668519
experiment_006,1.0001105662656666,1.0001105662656666,1.0001105662656666,1.0001105662656666,1.0001105662656666,1.0014134724577175,1.0014706519089989,1.0015470728325053,1.0016199927240448,1.0017310062208695,1.0018465496348257,1.0019771924948369,1.002121806427749,1.0022758102333664,1.0024391036394573,1.0026150158239455,1.0028013281512642,1.0030536612652967,1.0033166740084776,1.0035931380775018,1.0038891892010466,1.0042173181115563,1.004540654926982,1.004977928407179,1.0053820003873581,1.0058410241636397,1.0062965771933616,1.0068085982610675,1.0073282384658806,1.0079977488246612,1.0085363148179316,1.0092558902959423
experiment_007,1.0001105662656666,1.0001105662656666,1.0001105662656666,1.0001105662656666,1.0001105662656666,1.0014349389254142,1.0013886547770683,1.0014160953656008,1.001430912889225,1.0014901362087139,1.001518483636825,1.0015771687525574,1.0016718438860726,1.001743938423527,1.0018400505419844,1.0019329396843317,1.0020996840731908,1.0022666377915772,1.0024091474950652,1.0025904953115763,1.002833701665602,1.0030687637394298,1.0033328967430841,1.0037005139831916,1.0040613093904762,1.004435671828346,1.0049766722904903,1.0054130722268477,1.0061688738606613,1.0067117572318431,1.0076305803590555,1.0084656726786787
experiment_008,1.0001105662656666,1.0001105662656666,1.000090202010163,1.000090202010163,1.000090202010163,1.0008246946954134,1.0008021719176523,1.000752891028289,1.0007400368361479,1.000711867236909,1.0007043466048873,1.0007007702612543,1.0007047534800275,1.000718216521314,1.0007421612345713,1.0007636210619135,1.0008003422748657,1.0008441012059084,1.0009022058742234,1.0009635772728074,1.0010566898913862,1.0011769340473733,1.0013015140155577,1.0014264291408261,1.0016187006560853,1.00184716493102,1.002082589681809,1.0023612625949871,1.0027358130167932,1.0031548415187772,1.0035794335757269,1.004146099785707
experiment_009,1.0001105662656666,1.0001105662656666,1.0001105662656666,1.0001105662656666,1.0001105662656666,1.0015562668219928,1.00157868018414,1.0015916932541302,1.0016404339246872,1.0016683050835185,1.0017585110292333,1.0018508936295552,1.0019376255112413,1.0020695224667366,1.0022000611231818,1.0023281116243223,1.0025358101165935,1.0027470371414553,1.0029800437105936,1.003209257451731,1.0035484165198485,1.0039571882255418,1.004329027732293,1.0048439710253108,1.0053156015628701,1.0060355629971327,1.0067452410149866,1.0075475593304652,1.0084906796435074,1.0096469645340824,1.0109253522175072,1.0121980353316247
experiment_010,1.0001105662656666,1.0001105662656666,1.0001105662656666,1.0001105662656666,1.0001105662656666,1.0013204235605861,1.0013175152808256,1.0013484428541293,1.0013416812929652,1.0013471513751842,1.0013880305437801,1.0014068954080158,1.0014227636483977,1.001481240160721,1.001516685088592,1.0015487735905295,1.0016459641758653,1.0017105498942347,1.001779680379666,1.0019003737820251,1.0019635445601895,1.002080022655837,1.0022199259628304,1.0023944729395478,1.0025410260966787,1.0027296193194524,1.0029426960939787,1.0031798540050434,1.0034313191187083,1.0037516990837485,1.004067750890272,1.0044536581673962
experiment_011,1.0001105662656666,1.0001105662656666,1.0001105662656666,1.0001105662656666,1.0001105662656666,1.0018820169608322,1.0019025662869614,1.0018601611148368,1.0018099792518687,1.0018176386275082,1.0018398731844322,1.0017743511319916,1.0017584448393353,1.001739437057334,1.0017609729966677,1.0017479017944397,1.0017231545799687,1.0017116486765887,1.0017709622012172,1.0017730011163644,1.0017424170798344,1.0017431609110348,1.0017909923785746,1.0017805191384137,1.0018277916921692,1.001841126767666,1.0018915653350988,1.0019285855298228,1.0020129436281149,1.002088512479693,1.0021146336790197,1.002213881239433
experiment_012,1.0001105662656666,1.0001105662656666,1.0001105662656666,1.0001105662656666,1.0001105662656666,1.0010294388864884,1.0010590949627847,1.0010968649280154,1.0011464449177074,1.0011824818134416,1.0012620855657774,1.0013462668117399,1.0014402864061045,1.0015356706240353,1.0016798168433763,1.0018177078041832,1.00198299709849,1.0021807526196933,1.0024331564142062,1.0026983325542111,1.003004290191746,1.003343707665786,1.0037716502451164,1.0042189699665722,1.0047677595263347,1.005421736892145,1.0060882624766019,1.0069124246997945,1.0078660970252011,1.008906503265141,1.0102327368164965,1.0115991687843733
experiment_013,1.0001105662656666,1.0001105662656666,1.0000912661478434,1.0000912661478434,1.0000912661478434,1.0012837145947135,1.0012914832851045,1.0012675453041497,1.0012664969392087,1.0012859431987937,1.0013088214028758,1.0013383376580534,1.0013786298042988,1.0014641410055083,1.001524315154141,1.0016154077144517,1.0017261015530896,1.0018728525737786,1.0020297783272107,1.0021763031908386,1.0024020781599816,1.002674311293776,1.0029484690442105,1.003263705034277,1.0036705290163328,1.0040845890336239,1.0046454279617936,1.0053217162960404,1.0060195831371277,1.0068772542225484,1.007755701411622,1.009049541629278
experiment_014,1.0001105662656666,1.0001105662656666,1.0001105662656666,1.0001105662656666,1.0001105662656666,1.000803339404632,1.0007993262382355,1.0007929199053178,1.000809831441574,1.0008327400962538,1.0008602960455175,1.0009009450574204,1.0009674938300692,1.0010265328935846,1.0011101630891308,1.0012311035308872,1.001366706721465,1.001524799698488,1.0017371603114398,1.001992155420086,1.002294069348619,1.0026751415894466,1.0031246762414494,1.003679470955017,1.0043568181496694,1.005131005033281,1.0061899324062942,1.0074226542896683,1.0089432757008787,1.0107939404608703,1.0130488117446412,1.0158224102826507
experiment_015,1.0001105662656666,1.0000959235242068,1.0000816619384998,1.0000816619384998,1.0000816619384998,1.0009463388431108,1.000868248840951,1.0007968966993313,1.0007309720801927,1.000700309900941,1.0006541256777304,1.0006301813104113,1.0005959373400306,1.0005935767012957,1.0005896200173985,1.0005874621740183,1.0006071208195189,1.0006078342380904,1.000645483023787,1.0006796107920313,1.0007073556585981,1.0007688689940775,1.0008550013260675,1.0009235910939829,1.0010192130258249,1.0011513084407715,1.0012975916251812,1.0014609360042754,1.0017125353150027,1.001968684624702,1.002245224644569,1.0026542295908156
experiment_016,1.0001105662656666,1.0001105662656666,1.0001105662656666,1.0001105662656666,1.0001105662656666,1.0017288181859867,1.001771582284134,1.0017807970840709,1.0017785662665637,1.001766166942312,1.0018182888424956,1.0018538088257865,1.0018932190926422,1.0019522112641202,1.0020783635150858,1.002117718751728,1.0022060551034175,1.0023510702450489,1.0024448063298914,1.002572844244549,1.0027245121862458,1.0029117400619898,1.0031374052052338,1.0033681458839165,1.0035816709455698,1.003938472776583,1.0041753225371939,1.0045123673690197,1.004988617029669,1.005470766464511,1.0060376978584826,1.0066165949677084
experiment_017,1.0001105662656666,1.0001105662656666,1.0001105662656666,1.0001105662656666,1.0001105662656666,1.0009694442026484,1.0009862253064996,1.001018504828959,1.0010564565322162,1.0010860194456437,1.0011183735766935,1.0011744981974722,1.0012308787770061,1.0012760335319422,1.0013654981405118,1.0014246203825474,1.001510063051728,1.001602291580794,1.001716416460066,1.0018201509808855,1.0019582518519563,1.0021255809757772,1.0022917680547032,1.0024854074612237,1.0027155441782476,1.0029500900902149,1.0032234708532692,1.0035721545627114,1.0039492586629595,1.0043379669566137,1.004797245192748,1.0053272002151699
experiment_018,1.0001105662656666,1.0001105662656666,1.0001105662656666,1.0001105662656666,1.0001105662656666,1.0013908163287057,1.0013721415048789,1.001332239809481,1.0013412811449611,1.0012851471157782,1.0012978703764737,1.0012554535053642,1.001305438018969,1.0013019619140082,1.0013289687397777,1.0013378720417825,1.00138685246315,1.0014165006459905,1.001453865673249,1.0015555181848004,1.0015935450488875,1.0017086794798586,1.0018166457553104,1.0019087202593913,1.0020564265010055,1.0022526969895245,1.0023933948619896,1.0025970754389573,1.002758078124424,1.003021403436421,1.0032770641921922,1.0036112245435942
experiment_019,1.0001105662656666,1.0001105662656666,1.0001105662656666,1.0001105662656666,1.0001105662656666,1.0017277666072422,1.0017802875039024,1.001820969725013,1.001846971018692,1.001858389907398,1.0019463418075256,1.0019939433100165,1.0020547314603954,1.002109695977547,1.0021471354413372,1.002240456789399,1.002331707073119,1.0023876358816664,1.0025087159674184,1.002591739229082,1.0026672189808428,1.002787567741841,1.0028948032260776,1.0030392638545746,1.00318285731433,1.0033441980488669,1.0035306002481028,1.0036943214570493,1.0038634240058069,1.0041090171622002,1.00428757778206,1.0045788132824889
experiment_020,1.0001105662656666,1.0001105662656666,1.0000896854342025,1.0000896854342025,1.0000896854342025,1.0005715334963188,1.0005789412339257,1.0005803829789144,1.0005809699206893,1.000595736687393,1.0006151401130554,1.0006404149650114,1.0006757256068806,1.0007111637743382,1.0007681418242158,1.000830042466873,1.0009042778993764,1.0009860473341965,1.0011014418236788,1.0012329878483555,1.0013799884131396,1.001563409369665,1.0017927350953646,1.0020408944608852,1.0023673908459263,1.00275257128882,1.003198703832092,1.0037255811304497,1.004409563289962,1.0052159500842381,1.0061987375863868,1.0074043711105714
experiment_021,1.0001105662656666,1.0001105662656666,1.0001105662656666,1.0001105662656666,1.0001105662656666,1.0018188194889261,1.0018809435150458,1.0018809435150458,1.0019362464202732,1.0019775837898648,1.0019982271016519,1.0020516046945944,1.0021177669066008,1.0021590529660542,1.0021902060209655,1.0022832868149203,1.0023036726897288,1.0023851479550603,1.0024327639881025,1.0024960164854473,1.0025665285941774,1.0026810529783565,1.0027431556249387,1.0027936165722644,1.002928715888677,1.0030132981755968,1.003137368536295,1.0032319827893799,1.0033557076457642,1.0034826052873584,1.003639086325999,1.0038048232687211
experiment_022,1.0001105662656666,1.0000949066287945,1.0000800068058269,1.0000800068058269,1.0000800068058269,1.0008653627026147,1.000802044018845,1.000776211383453,1.0007342664491479,1.0007194788368146,1.0007201616214338,1.0007255218066582,1.0007255218066582,1.0007702709857287,1.0008087839735713,1.0008839411266541,1.0009533285930905,1.0010559808290307,1.0011879968942263,1.0013336085324522,1.0015001529988825,1.0017774373581314,1.0020667168737583,1.0024241316080091,1.00285861036036,1.003391871702265,1.004125268412149,1.0048721127218483,1.0059165505551209,1.0071022821016278,1.008606427401603,1.0104913631172519
experiment_023,1.0001105662656666,1.0001105662656666,1.0001105662656666,1.0001105662656666,1.0001105662656666,1.0011129638516425,1.0011479220784836,1.001146279106545,1.0011324918265418,1.0011452885149466,1.0011335368220753,1.001142837147171,1.0011592953115502,1.0011604837473904,1.0011615277303427,1.0011587332743275,1.0011580976962293,1.0011872394242465,1.0011836946672414,1.0011836946672414,1.0011937866084843,1.0011937866084843,1.00122243745545,1.0012313446708332,1.0012313446708332,1.0012313446708332,1.0012659169507163,1.001304312961925,1.0013427449771741,1.0013525596193824,1.0013934366977066,1.001424117288222
experiment_024,1.0001105662656666,1.0001105662656666,1.0000911487055828,1.0000911487055828,1.0000911487055828,1.0008297564034967,1.0008068922685731,1.000778471213954,1.000782474721745,1.0007792826801394,1.0007986888182114,1.0008251218090132,1.0008683690659987,1.0009088615712458,1.000981525670821,1.001069154964077,1.0011821715072218,1.001328692231338,1.0014793913561202,1.0016990136067605,1.001949367800958,1.0022786750750967,1.0027131123208521,1.0031892341354183,1.003825925410103,1.0046045582527667,1.0055567152155902,1.0067811538325662,1.0083424502848648,1.0102914864794574,1.0126658111677653,1.0157288212178752
experiment_025,1.0001105662656666,1.0000971083631474,1.000084758540928,1.000084758540928,1.000084758540928,1.0007235679109203,1.0006931094659306,1.0006773625712684,1.0006517389634486,1.0006560520368772,1.0006432560939056,1.0006615347597658,1.0006454786055445,1.0006954299487139,1.0007193512611263,1.0007861137267406,1.0008403260675993,1.0009139664681892,1.0009874540252641,1.0011066223241827,1.0012495316816452,1.001424050770035,1.0016090518080656,1.0018700484920406,1.0021538453607564,1.0025326221103577,1.0030209128592562,1.003585822794706,1.0042924206345354,1.005140082691593,1.0062293604689239,1.0075242659884525
experiment_026,1.0001105662656666,1.0001105662656666,1.000095346638635,1.000095346638635,1.000095346638635,1.0012806219813024,1.0012506959247847,1.0012682295218545,1.0012338582841604,1.0012465077160448,1.0012222276918303,1.0012525504042105,1.0012722036070243,1.0012715452127807,1.0013020321409678,1.0013343064483455,1.0013681684197346,1.001419764119158,1.0014545745850516,1.001500432119586,1.0016034142261427,1.0016385819923002,1.0017675298604056,1.001841410864692,1.0019853990955798,1.0020845627202901,1.0022367346784842,1.0023938627424924,1.0025645956277138,1.002806235888448,1.0030238635577373,1.0032677062282407
experiment_027,1.0001105662656666,1.0001105662656666,1.000093620933464,1.000093620933464,1.000093620933464,1.0017012618884693,1.0016569662935717,1.001592346916803,1.001532050895083,1.0015456032765753,1.0015624166333,1.0016311410044767,1.0015711789318982,1.0016316795009128,1.0016787773068976,1.001750941405205,1.001818058813178,1.0018985728356047,1.0019679348447383,1.0021329579597495,1.0022640704992836,1.0024234444795275,1.002632656630173,1.0028428553727335,1.0031585000287144,1.0033778899408425,1.0037008918824466,1.004085446348358,1.0045009292724552,1.0050427010332514,1.0056172893067186,1.006272169498347
experiment_028,1.0001105662656666,1.0001105662656666,1.0001105662656666,1.0001105662656666,1.0001105662656666,1.001075715605224,1.0011091963998806,1.001148283885137,1.0012028524992065,1.0012244065990399,1.0012814949829767,1.0013249154863868,1.0013910348983643,1.0014436491122223,1.0015104806550135,1.0015809501025967,1.0016402804514017,1.0017148863619874,1.0018219509760582,1.0019022120240595,1.0020138492874509,1.0021233603499269,1.002254334663769,1.0023957442820954,1.0025510380224256,1.0027138707093601,1.0028879127358836,1.003065465599042,1.0032770644300693,1.003499626155558,1.003738742968073,1.003996301771941
experiment_029,1.0001105662656666,1.0001105662656666,1.0001105662656666,1.0001105662656666,1.0001105662656666,1.0008679081020746,1.0008740075693168,1.0008836548954196,1.0008801091098016,1.0008955715944543,1.000921772704925,1.0009367517143648,1.0009446137058395,1.0009777911699957,1.0010174308351139,1.00106238558398,1.0011088501251235,1.0011661407707344,1.0012356144118306,1.0012941362724455,1.0013957126616537,1.0014956628851923,1.0016108874734917,1.0017577442091332,1.0019161028671493,1.0021144327337284,1.0023423488556846,1.0025901592282063,1.00290286573198,1.0032399078720473,1.0036431972559465,1.0041596418083674
experiment_030,1.0001105662656666,1.0001105662656666,1.0001105662656666,1.0001254138919597,1.0001254138919597,1.0012230137120324,1.0012880422415826,1.0013626228744308,1.001398914323408,1.0014713994814495,1.0015687967961502,1.001650249004976,1.001760532602862,1.0018606168642687,1.0019585706734904,1.0021139962549175,1.0022154015116835,1.0023790154280674,1.0025066853691884,1.0026591137510388,1.0028364127572893,1.0030167955091132,1.003225693436242,1.003438139093049,1.0036800821704013,1.0039004541251533,1.0041489334783478,1.0044449406844198,1.004694011178763,1.0049852156882677,1.0053397426792716,1.0056149213560819
experiment_031,1.0001105662656666,1.0001105662656666,1.0001105662656666,1.0001105662656666,1.0001105662656666,1.001710864595483,1.0017634832802478,1.0018286106422154,1.0018908587342734,1.0019935642448312,1.0020789820223486,1.0021946485960536,1.0023060409440914,1.0024115613399762,1.0025809177518223,1.0027645695600487,1.0029062623464742,1.0031515215074829,1.0033238439717376,1.0035850758325024,1.0038711333990904,1.004151105485993,1.0044608160282824,1.0048627000887542,1.005294401425173,1.0056719979450812,1.006153634858042,1.0067145037778416,1.0073003559193552,1.0080232440395385,1.0089177950099089,1.009713150807932
experiment_032,1.0001105662656666,1.0001105662656666,1.0001105662656666,1.0001105662656666,1.0001105662656666,1.0019232447065995,1.001953194044378,1.0019712228929742,1.002003002881054,1.002051118270951,1.0021255046709971,1.002156576345482,1.002192570663513,1.0022563795992112,1.0023677044631079,1.0023977862999212,1.0025177974442125,1.0026610431955654,1.0027787448092937,1.0028562514437762,1.0030275717618307,1.0031971395007055,1.0033030561024805,1.0035704506906271,1.0036591804031578,1.00387934343693,1.004235965481,1.004462362969929,1.004760592123605,1.0049395438321231,1.0053098031494598,1.005713839785827
experiment_033,1.0001105662656666,1.0001105662656666,1.0001105662656666,1.0001105662656666,1.0001105662656666,1.001044368748659,1.0010343182662957,1.0010428384549508,1.0010616445301532,1.0010575874168985,1.001063167144392,1.0010863458276953,1.0011012163180564,1.001123800424473,1.0011614865725071,1.0012272677167342,1.0012525323258878,1.0013209255898496,1.001390386805199,1.0014510351793955,1.001547170397489,1.0016475474046407,1.0017419458421932,1.0018681622941734,1.0020096942284578,1.0021580649723991,1.0023665786488019,1.0025476455637568,1.0027755401845249,1.003045711700508,1.0033076238054137,1.003629723813205
experiment_034,1.0001105662656666,1.0001105662656666,1.0001105662656666,1.0001105662656666,1.0001105662656666,1.0011592167608818,1.0011909502090461,1.0012259233883065,1.001262257634212,1.001294727530983,1.0013404930366807,1.0013607515208047,1.0014190162259944,1.0014768529531006,1.0015572668834896,1.0016303229127088,1.001679875387128,1.0017811833143613,1.001860124550542,1.0019409205449623,1.0020825444215478,1.0022275233221316,1.0023518885935616,1.0025301143151442,1.0027150588353648,1.0029012227276526,1.0031033500550126,1.0033440411459758,1.0036162751520394,1.003898748929505,1.0042421862512405,1.0045821113768205
experiment_035,1.0001105662656666,1.0001105662656666,1.0000906492405852,1.0000906492405852,1.0000906492405852,1.0014643737182982,1.0013845966348047,1.0013609891534683,1.0013363528339179,1.001315908205271,1.001324430285031,1.0013460763258395,1.0013736615783195,1.0014082673079718,1.0014495635327896,1.001510907938097,1.0016112398539072,1.0016712736366518,1.0017919037649905,1.00195722056349,1.0020793112668271,1.0022641759623157,1.00249854321022,1.0026680878319159,1.0029666665883785,1.0031895731030893,1.0035799503141842,1.0039375808005946,1.0044185952102647,1.0048349935300924,1.0054876730726292,1.0060450948913346
experiment_036,1.0001105662656666,1.0001105662656666,1.0001105662656666,1.0001105662656666,1.0001105662656666,1.001107429275267,1.001127296356815,1.0011652255325856,1.001174048235243,1.0011967095532366,1.0012681312062963,1.0013121986354976,1.0013550171004806,1.0014092958701402,1.0014772498464493,1.0015508697414457,1.0016312333559831,1.0017634712662375,1.0018548117202624,1.001957109139824,1.0021064316966366,1.0022095360845276,1.0024002430487715,1.0025688824764738,1.0027312337248189,1.0029290000462612,1.0031543970313985,1.003376777435737,1.0036018380090594,1.0039003105643696,1.0041687382188715,1.0044745621023226
experiment_037,1.0001105662656666,1.0001105662656666,1.0001105662656666,1.0001105662656666,1.0001105662656666,1.0024630930509155,1.0025242355137671,1.0026255665772774,1.0026461856767956,1.002704950064983,1.0028376020121443,1.0028980893337207,1.0029059108284497,1.0029963337765568,1.0030514912538717,1.0031531580214945,1.0031855756667247,1.0031908143587343,1.0032883348026018,1.003300505501068,1.0032715164628712,1.0033915480659508,1.0034077921156122,1.0034942457122755,1.0035477653641771,1.0035599767070242,1.0035470510280515,1.0035475018868782,1.0035186013759683,1.0035957062090803,1.0035934633171124,1.0035587975192164
experiment_038,1.0001105662656666,1.000124807541328,1.000124807541328,1.000124807541328,1.000140762584831,1.0022313907040306,1.0024099665449573,1.0025893185784098,1.002689264924329,1.002902601065359,1.0030814041346698,1.0032572490925142,1.0035323229558817,1.0038161285610088,1.0040645193307602,1.0043590270896596,1.0046933219911582,1.0049560620341538,1.0053912304856085,1.00575917755349,1.0060905845639152,1.006617768357005,1.0069541739866925,1.0075935691272597,1.0081413444363043,1.0086977892945215,1.0092960261626598,1.0098714628572254,1.0106495717378556,1.0114293642004815,1.012112527750191,1.0131450175628607
experiment_039,1.0001105662656666,1.0001105662656666,1.0001105662656666,1.0001105662656666,1.0001105662656666,1.0014614054803963,1.0015046840553148,1.0015110484738443,1.0015348355989755,1.001561855860966,1.001627328508774,1.0016849905349587,1.001742672619394,1.0018265897054086,1.001905678993258,1.0019999560351784,1.0020987619851314,1.0022390963776227,1.002360989614368,1.0025252746237547,1.0026863147391296,1.0028659098186954,1.0031113375732579,1.0033207297141453,1.003584942745236,1.003891368249762,1.0042071950523406,1.0045668534204308,1.0049688528148113,1.005375676203054,1.0059128035167972,1.0064364353968007
experiment_040,1.0001105662656666,1.0001105662656666,1.0001105662656666,1.0001105662656666,1.0001105662656666,1.0009476379447393,1.0009398848707265,1.0009462763776444,1.0009432395185065,1.0009484458160485,1.0009724106254365,1.0009997765517449,1.0010304680408812,1.0010709488904401,1.0011391361873527,1.001204636830824,1.0012849867623563,1.001383599998907,1.0015047229075775,1.0016571920542012,1.0018010074236685,1.0019991641360828,1.0022289246964577,1.0024868710830157,1.002783655357778,1.0031578964547148,1.0035594502796505,1.0040456736399295,1.0046306488675498,1.005307965520985,1.0060882709743735,1.0070664647798782
experiment_041,1.0001105662656666,1.0000993881466247,1.0000877056859498,1.0000877056859498,1.0000877056859498,1.001335447581403,1.0012796899513337,1.0012235562950584,1.0011480816488967,1.00112589098443,1.0010882631443965,1.0010952510571796,1.0010701829697644,1.0010698485673273,1.0010797797193585,1.0010954971909032,1.001123106339912,1.0011540554647795,1.0011886599070476,1.0012208966364653,1.001318303718771,1.0013826390889355,1.0014808074835646,1.0015685850181502,1.0016926939384683,1.0018434149044662,1.0019854423189325,1.0021769261547249,1.0024344808863102,1.0026515410599988,1.0028699567357684,1.0031965853244265
experiment_042,1.0001105662656666,1.0001105662656666,1.0001105662656666,1.0001105662656666,1.0001105662656666,1.0016957659506043,1.0017522271571797,1.001786806312179,1.0018565654704443,1.0019517897863346,1.0020010734043994,1.0020815903650737,1.0021680328344036,1.0023138402505802,1.002429166095083,1.0025475158178752,1.0026509472144154,1.0028399906417766,1.0030058773939476,1.0031871136858412,1.0034113426899858,1.0035264213845023,1.0038258315608146,1.0040641122785134,1.0043707353291675,1.0047252201409496,1.0050365652462394,1.005512975993951,1.0059972661077992,1.0065407034311957,1.0069601593318738,1.0077938929407593
experiment_043,1.0001105662656666,1.0001105662656666,1.0001105662656666,1.0001105662656666,1.0001105662656666,1.00141343819657,1.0014020878060539,1.001422111050034,1.0013781479308965,1.001399271949133,1.001399271949133,1.0014621809435253,1.0014518002735613,1.0015171011823447,1.0015733147508716,1.0016303844035828,1.001739519606321,1.0018199031487327,1.001955697561857,1.0020405743772385,1.0022101411505004,1.002431785057255,1.002616119455744,1.0027842457307434,1.003035762695733,1.0033820907114679,1.0036834212114005,1.0040404597461003,1.004429991644051,1.0050114371079664,1.0054762050348274,1.0061365741465196
experiment_044,1.0001105662656666,1.0001241643868302,1.0001241643868302,1.0001241643868302,1.0001241643868302,1.0018590277795378,1.0019823823373775,1.0020845183133273,1.002191474291593,1.0023061418785266,1.0024293010432372,1.00256600606431,1.0026873364057918,1.002837541199423,1.0029366956552181,1.0030723569069127,1.0031645295041878,1.0033174517814822,1.0033993921909956,1.0035193244167437,1.0036284301262284,1.003667853659516,1.0037948331990183,1.003862864595761,1.0039597000922322,1.0039883227762798,1.0040357508502007,1.0041036580974012,1.0041043999251318,1.0041262362828531,1.0041679367701408,1.0041492799943041
experiment_045,1.0001105662656666,1.0001105662656666,1.0001105662656666,1.0001105662656666,1.0001240389273236,1.0015570811086172,1.0016107263693261,1.0016901725079517,1.0017625948604798,1.0018309065059043,1.0019412946215491,1.0020125402288285,1.002135427669716,1.0022622063368791,1.0024035168372756,1.0025821517220477,1.0027523306069392,1.002949822600276,1.0031528122750784,1.0033670664205956,1.0036258181896889,1.0039113645864535,1.0042221796750987,1.0046177045001226,1.0049418131444456,1.0053877230757453,1.0058394987492674,1.0064204084089807,1.0070605748276975,1.0076861189120825,1.0085265063662838,1.0093358253500557
experiment_046,1.0001105662656666,1.0001105662656666,1.0001105662656666,1.0001105662656666,1.0001105662656666,1.00133986849412,1.0013251937426788,1.0012999468355361,1.0013049652486046,1.0012851562340737,1.0012877233474045,1.0013086779903015,1.0013336811587492,1.0013579324374635,1.0013792982510057,1.0014274233693112,1.0014414790737853,1.0015016495546458,1.0015590649415338,1.0016275774029209,1.001728917924879,1.0018250346092503,1.001928129980628,1.002006181987361,1.0021536025769744,1.0022988893974196,1.002458146887271,1.0026213175678838,1.002805037662003,1.003028889007266,1.0032824294865281,1.0035383555019042
experiment_047,1.0001105662656666,1.0001105662656666,1.0001105662656666,1.0001105662656666,1.0001105662656666,1.001649989312491,1.0016830715048028,1.001696876399203,1.0017255785558554,1.001721546902886,1.0017606867960087,1.0017853477998107,1.0017834933522909,1.001812555243086,1.0019075713174233,1.0019681036503267,1.0020153817933608,1.0020617560364764,1.0021328442945814,1.0021749301494949,1.0022695427426043,1.002323365025066,1.0024091407222546,1.0024968688870468,1.0025841711923955,1.0026817838425466,1.0027393855104014,1.002868592457325,1.0029441943864643,1.0030885703230368,1.0031897642729586,1.0033135506844
experiment_048,1.0001105662656666,1.0001105662656666,1.0001105662656666,1.0001105662656666,1.0001105662656666,1.0008076511857062,1.0008151463589552,1.0008160471891387,1.000819122059234,1.0008377418835055,1.0008700678314622,1.0008961319007357,1.000916477569967,1.000969667137476,1.0010040757598018,1.0010653252334003,1.0011182276531012,1.0011992108989427,1.0012712472863448,1.0013565440282395,1.0014433542995451,1.0015575591532377,1.0016814640617564,1.0018073549269788,1.0019490751752096,1.0021286426831548,1.0022923626056182,1.0024953688791909,1.0027258175610152,1.0029599719730902,1.0032438306223401,1.003519792603473
experiment_049,1.0001105662656666,1.0001105662656666,1.0001105662656666,1.0001105662656666,1.0001105662656666,1.0010738457090371,1.0011186855232113,1.0011543133977863,1.0012049185966936,1.00123824704443,1.001290452834501,1.0013271802720933,1.0013815821203436,1.0014272957939192,1.0014974032496977,1.0015532735836041,1.0016258085402652,1.0016899034495284,1.0017579040483917,1.0018460966886669,1.001930832950453,1.0020329139557815,1.0021117977147056,1.002239099651488,1.0023583312184499,1.0025025401925816,1.0026540158522934,1.0028049423723275,1.0030053506257364,1.0032166212111695,1.003434994341049,1.0037150217225148
experiment_050,1.0001105662656666,1.0001105662656666,1.0001105662656666,1.0001105662656666,1.0001105662656666,1.0013612416051265,1.001374654026367,1.001455443668228,1.001486172348246,1.001546815355301,1.0016030876050808,1.0016685520986242,1.001730796027877,1.0017991509158823,1.0018761272043206,1.0019880358378028,1.0020609393350868,1.0021651401259635,1.0022868377371819,1.0024070818782067,1.0025594771477482,1.0027225605896761,1.0028269794297835,1.0029941061361496,1.0032174950074688,1.003394842077147,1.0036195171751359,1.0038583883404824,1.0041691356060802,1.004437117656784,1.0047400432070777,1.0050988780469383
experiment_051,1.0001105662656666,1.0000960901571883,1.0000830423067149,1.0000830423067149,1.0000830423067149,1.0009357474924083,1.0008884419026651,1.0008354853607406,1.000811418049328,1.0007955650648714,1.0007900982894733,1.000786133114169,1.0008030069057692,1.0008302885434113,1.000867122083321,1.0009289488841628,1.000984798221186,1.0010439743323734,1.00116903151228,1.0012694078200037,1.0014245642956425,1.0015917452281815,1.0018119304729434,1.0020580146901712,1.0023415054613243,1.002748831782352,1.0031720454638204,1.0037124612105508,1.0044153711217918,1.0052381633640068,1.00615748850225,1.0073622488321459
experiment_052,1.0001105662656666,1.0001105662656666,1.0001105662656666,1.0001105662656666,1.0001105662656666,1.001419654288703,1.0013981638861293,1.001408806536302,1.0013861331335159,1.0013871039993372,1.0013734712021682,1.0013907165492941,1.0013486612030869,1.0013440029756537,1.0013440029756537,1.0013496261021029,1.0013652575085326,1.001326139188004,1.0013268691895125,1.001330912255863,1.001315943142404,1.0013225111350383,1.0013216881777727,1.0013300002713257,1.0013209976707849,1.0013027853652676,1.0013027853652676,1.0013027853652676,1.0013027853652676,1.0013027853652676,1.0013027853652676,1.0012724828539985
experiment_053,1.0001105662656666,1.0001105662656666,1.0001105662656666,1.0001105662656666,1.0001105662656666,1.001396425584048,1.0013557267613657,1.0012963022012233,1.0012513545449186,1.001265094355623,1.0012264634755483,1.0012572992060171,1.001260673216273,1.0012539563379743,1.001294630348182,1.001294630348182,1.001324076363987,1.0014115079377794,1.0014537241185069,1.0015524244322653,1.0016583709288607,1.0017450770020087,1.001876991883457,1.002046742241692,1.00222644606373,1.0024087918528157,1.0026323097514234,1.002878735764802,1.0031315015693199,1.0034951191894343,1.0037828755888523,1.0041387916068811
experiment_054,1.0001105662656666,1.0001105662656666,1.0001105662656666,1.0001105662656666,1.0001105662656666,1.0020468744889026,1.0021141962947282,1.0021534602522693,1.0021984427494328,1.0022417193623903,1.002349250583417,1.0024026302749884,1.0024694697174865,1.0025756649819006,1.0026873326102714,1.002794307311462,1.0028479810962265,1.0029619292572827,1.003045161589166,1.0031440377577197,1.0032824463330634,1.0033216409968353,1.0034782058392968,1.003635979556686,1.0037901084157779,1.0039144954943775,1.0040694049039258,1.0041166316171524,1.004327731193675,1.0044789451474347,1.0046820605773361,1.0047850361848625
experiment_055,1.0001105662656666,1.0001105662656666,1.0001105662656666,1.0001105662656666,1.0001105662656666,1.0021318303543492,1.0021797289133156,1.0021481799721383,1.0021777225439654,1.0022011141349345,1.0022011141349345,1.0022036468889166,1.0022835045501335,1.0022601389416295,1.0022819286780278,1.0022816057516222,1.002314829370099,1.002298973197613,1.0023520633785923,1.0023520633785923,1.0024584882037888,1.0024983827358434,1.0025098436685935,1.002487952588623,1.0024967741358057,1.0025294527904645,1.0026388745758708,1.0026672335702569,1.0026130668241626,1.0027164123920136,1.0027562709498778,1.0027893098146061
experiment_056,1.0001105662656666,1.0001105662656666,1.0001105662656666,1.0001105662656666,1.0001105662656666,1.0010836373810108,1.0011193241228322,1.0011568008721314,1.0012092093802267,1.0012476824737022,1.0013131190772877,1.0013718611023648,1.001454886282358,1.0015314185648123,1.0016141708331172,1.0017135395808647,1.0018426706702308,1.001954411911273,1.00211409710775,1.0022770864391388,1.0024839080893646,1.002685373489702,1.0029054529319719,1.0031891541093865,1.0035148210321878,1.003849571133835,1.0042813224980456,1.0047164894861902,1.0052630903468105,1.005876611427122,1.0065545136379814,1.0073604588696623
experiment_057,1.0001105662656666,1.0001105662656666,1.0001105662656666,1.0001105662656666,1.0001105662656666,1.0008661131493477,1.0008871497142555,1.0009384998571347,1.0009651550327372,1.0010078465562373,1.001052424317445,1.0011003390548512,1.0011676054127334,1.0012476866206246,1.001330545909347,1.001421788005479,1.0015259698797983,1.0016730506946299,1.0018125480032458,1.0019748156910664,1.0021755567742814,1.0024083861158062,1.0026718473221505,1.0029678949778056,1.003335266830432,1.0037423815177429,1.0042146819487916,1.0047767953123332,1.005466496053904,1.0062153238004634,1.0071616964580774,1.0082738545929195
experiment_058,1.0001105662656666,1.0001105662656666,1.0001105662656666,1.0001105662656666,1.0001105662656666,1.0014866174967592,1.0015411051174377,1.001603782977264,1.0016485151628636,1.0017005989964138,1.0017830775596837,1.001837885522292,1.0019162928608236,1.001974867841982,1.0020567956699635,1.0021051353965282,1.0022153754039318,1.002311064654471,1.002390874560602,1.0024850996866594,1.0025470589742704,1.0026254059289965,1.002747562856608,1.0028387713677973,1.0028887230129664,1.0029761701660145,1.003071893956636,1.003163241089727,1.0032247355483122,1.0032934550388715,1.0033971308832432,1.0034675179591344
experiment_059,1.0001105662656666,1.0001105662656666,1.0000916970754394,1.0000916970754394,1.0000916970754394,1.001431417818724,1.001346686871009,1.0013019172516762,1.0012483539316603,1.001243739490787,1.001215323195768,1.001195639816864,1.0011967895273117,1.0011658028460109,1.00114576832957,1.0011906866320015,1.0011752770265627,1.0012073930795604,1.0012343434628759,1.001258220449383,1.001321866024289,1.0013683857505802,1.0014193310379413,1.0014759305029994,1.0015432846044123,1.001659725131386,1.001740036988565,1.001910629027762,1.0020603901118075,1.0021609802143936,1.0023542532088137,1.002498913838696
experiment_060,1.0001105662656666,1.0001105662656666,1.0000942888077171,1.0000942888077171,1.0000942888077171,1.0012947176756106,1.0012494423486131,1.001242070816369,1.0012193858711573,1.0012117326444685,1.0012162933565918,1.0012126875585352,1.0012105970262728,1.001251741584543,1.0012603623901863,1.0013042559340295,1.0013472085477615,1.0014222326898796,1.0014647427497672,1.0015508962658548,1.0016417277491265,1.001786605463753,1.001918335890029,1.0020231678907507,1.002226933447745,1.0024102777809665,1.0026611355453663,1.0028861400268412,1.0031761366302776,1.0035048363792525,1.0038361526428807,1.004316589392083
experiment_061,1.0001105662656666,1.0001105662656666,1.0001105662656666,1.0001105662656666,1.0001105662656666,1.0017682823485068,1.001785479955044,1.0018111058839114,1.0018304793354578,1.001858411724039,1.0018575816292106,1.0018793579176057,1.0019084980782278,1.0019130961501341,1.0019454649092143,1.0019701251224833,1.0020064967934341,1.002025796288322,1.0020737951106604,1.0020737951106604,1.0021360662190293,1.0021648405111292,1.0022264287765592,1.002273382823688,1.0023032575989204,1.0023593434216547,1.0024437960945707,1.0025068270630138,1.0025350317758777,1.0026105855935685,1.0026536169698324,1.0027928877482983
experiment_062,1.0001105662656666,1.0001105662656666,1.0001105662656666,1.0001105662656666,1.0001105662656666,1.0009138951630594,1.0009095836261104,1.0009162192856322,1.000912569470222,1.0009128893553454,1.0009047972533482,1.0009057675343231,1.0009148437083286,1.0009085772900224,1.000920030692957,1.0009202610281176,1.0009202110500508,1.0009109485526468,1.0009100431597322,1.000914644914381,1.0009160385830718,1.000914037547458,1.0009168199952938,1.0009133298003958,1.00090464212241,1.0009053303832667,1.0008941358851555,1.000889905361828,1.0008843548404773,1.0008701880268298,1.0008718432216546,1.000859768786629
experiment_063,1.0001105662656666,1.0001105662656666,1.0001105662656666,1.0001105662656666,1.0001105662656666,1.0011674972736804,1.0011238844498176,1.0011074506326432,1.0010733317896159,1.0010668394806939,1.0010620577260814,1.00103923629658,1.0010178737117768,1.0010167834622916,1.0010018523469173,1.001001377770344,1.001010344748767,1.0010110247817572,1.0010137013951943,1.0010173113102407,1.0010300792840428,1.001024301285181,1.0010356850656064,1.001066423488213,1.001087127841847,1.0011044120569514,1.0011154931425488,1.0011780567331274,1.0011851561255924,1.00122174305752,1.0012715215517842,1.0013022530954572
experiment_064,1.0001105662656666,1.0001105662656666,1.0001105662656666,1.0001105662656666,1.0001105662656666,1.0017112076419348,1.0017138864820412,1.0016758340311471,1.0015885762733288,1.0015920209109184,1.0015782461870062,1.0015228260686102,1.0015512262412405,1.001534423122417,1.001590645092617,1.0016055362795477,1.0016638557713164,1.0017080360707582,1.0017409066292635,1.001764866907298,1.001833887794635,1.0019025077482555,1.0020013626462858,1.0021112572724404,1.0022133326577263,1.002334268852256,1.0025057978631369,1.0026741250584403,1.0027977867370177,1.003036505686885,1.0032061798668175,1.0034921926503027
experiment_065,1.0001105662656666,1.0001105662656666,1.0000924739257115,1.0000924739257115,1.0000924739257115,1.0009135096688007,1.0008960688707598,1.0008818353162277,1.0008773898883694,1.0009061130555916,1.0009007555088583,1.0009325320267066,1.0009700156531758,1.0010099618155928,1.0010631436978827,1.0011365311491676,1.0012224065431041,1.0013283107258197,1.0014491392135543,1.001611120096546,1.0017939538807519,1.0020341915702928,1.0022748852631729,1.0025600562106352,1.0030050416609355,1.0034601925568682,1.0040205723630204,1.004695329810224,1.0055228324034386,1.0065726732869962,1.0078446341900857,1.009385240310651
experiment_066,1.0001105662656666,1.000100141919958,1.0000848157533115,1.0000848157533115,1.0000848157533115,1.0006724554148,1.0006408773080293,1.0006230333055226,1.000609616561702,1.0005965313319651,1.0005966069441956,1.0006131889984138,1.0006276111854155,1.000650421046242,1.0006825631374983,1.000728558679535,1.0007853193449823,1.0008489365139295,1.0009426690032313,1.0010459507511842,1.0011802749717242,1.0013521592668158,1.0015645041100134,1.0018110013074244,1.0021025647021595,1.0024908965305641,1.0029664482989555,1.0035358725276375,1.0042267461565522,1.0051282264954702,1.0062351886648797,1.0075563392336444
experiment_067,1.0001105662656666,1.0000959120251138,1.0000817783642415,1.0000817783642415,1.0000817783642415,1.0005133653218268,1.000497782204086,1.0004786264219327,1.0004742357940728,1.00046353307167,1.000470081745395,1.000470081745395,1.0005031871812877,1.0005336577727042,1.0005801669057799,1.000637584710692,1.0007078557723021,1.0007996934714878,1.0009283956213149,1.001077455664365,1.001284866242518,1.001530010818357,1.001845007659312,1.0022733033753555,1.0027934970097265,1.003486104849001,1.0043584482584456,1.0055529247391544,1.0070742305399,1.009080595487485,1.0117177278320129,1.0152164159733423
experiment_068,1.0001105662656666,1.0001105662656666,1.0001105662656666,1.0001105662656666,1.0001105662656666,1.0017817268677636,1.0018004650144934,1.0018372253650765,1.00186728089463,1.0018714499355141,1.001934414182286,1.001968316010576,1.0020728162919836,1.0021531035557512,1.0022999122907363,1.0023968910573418,1.0026334064993794,1.002714192695663,1.0030340225735919,1.0032397151234513,1.003536062022452,1.0038108699589732,1.004184477486808,1.0045214996328842,1.005000160882589,1.0055720393723904,1.0061771867692213,1.0068017199661885,1.0076012298949528,1.0085185861715504,1.0097240811177175,1.0107953599479778
experiment_069,1.0001105662656666,1.0000944613931564,1.0000807261783398,1.0000807261783398,1.0000807261783398,1.0010165484443667,1.0009565130519953,1.000917153204015,1.0008641568394117,1.000861189496242,1.000859846758944,1.0008689034854077,1.0008663853431305,1.0009121243881978,1.0009440221723733,1.0010154518688137,1.0010964799987543,1.0011826762057376,1.0012995052748168,1.001465814582211,1.0016501565066398,1.0018808389275697,1.0021796025007823,1.002506853236191,1.0029665679570217,1.00349337955539,1.0041008405453082,1.0049002463639363,1.005923739222151,1.0071602959206718,1.0086675786992099,1.0105311230724103
experiment_070,1.0001105662656666,1.0001105662656666,1.000088573228512,1.000088573228512,1.000088573228512,1.0007634604854114,1.000737694049019,1.0007343801688826,1.0007175232575878,1.0007168420025354,1.0007273864184265,1.0007323498924834,1.0007706643700298,1.000812681647399,1.0008588289794826,1.0009180299375706,1.0009976769311597,1.001107486446447,1.001224084161543,1.0013959857970545,1.0015860337394746,1.0018181174081133,1.0021325700882584,1.0024987040381503,1.002957056187983,1.0035577112376568,1.004232649603437,1.0051828230006323,1.0062463113617293,1.007673111931308,1.0093836563895142,1.0117078466391525
experiment_071,1.0001105662656666,1.0001232767215613,1.0001232767215613,1.0001232767215613,1.000141073768793,1.0015733871133863,1.0016269434056317,1.0017187665861216,1.0017649946861078,1.0018561281551897,1.001921004640014,1.0019778707816187,1.0020609550108606,1.0021425018296422,1.0022130044387043,1.0022700470640789,1.0023543634241066,1.002413786269316,1.002510459722982,1.0025635416362346,1.0026230608532607,1.0027393842554755,1.0028010459147836,1.0028983184247786,1.0029892505523712,1.0030800540531655,1.0031466514165326,1.0033015226609598,1.003348033944066,1.00346821098509,1.0035635225832722,1.0036600740243806
experiment_072,1.0001105662656666,1.0001105662656666,1.0000901548888492,1.0000901548888492,1.0000901548888492,1.0006014176884432,1.0006046009509122,1.0005971472767023,1.000577942785448,1.0005818728454334,1.0005839268413825,1.0005910155351636,1.0005910155351636,1.0006199970170546,1.0006502362891636,1.0006788707576042,1.0007141873434977,1.0007610940504608,1.0008130645515667,1.0008999720195118,1.0009822949892702,1.001080515253031,1.0012270252651054,1.0013692380966366,1.0015501633048107,1.0017815965193066,1.0020789663275504,1.0024144362869483,1.002813127031735,1.0033616821257554,1.0040043393964073,1.0048047034272347
experiment_073,1.0001105662656666,1.0001105662656666,1.0001105662656666,1.0001105662656666,1.0001105662656666,1.001480789944178,1.0014395759950272,1.0014466579770294,1.0014343192341506,1.0014223868455794,1.0014539735831398,1.0014607307095547,1.0014800600445564,1.001498056427055,1.001472505157934,1.001545520719261,1.001594041804128,1.0016010072909372,1.0016211106169188,1.0016796127873722,1.0017288539251696,1.0017934503941062,1.0018592281483536,1.0019349891678586,1.0019649690982442,1.0020232527006876,1.0021319651180054,1.002166860338595,1.002293226409106,1.0023709977684088,1.0024301517674092,1.0025674955157733
experiment_074,1.0001105662656666,1.0000990663498406,1.0000837300358894,1.0000837300358894,1.0000837300358894,1.0006222459238363,1.0005891266096432,1.000563023862648,1.0005450966539529,1.000544511889015,1.0005367794687925,1.0005422445152858,1.0005514938767952,1.0005756438390725,1.0006090020518899,1.0006549688389421,1.0007128371299818,1.0007864154657637,1.0008877709346906,1.0010096250123104,1.0011583519143354,1.0013634020780582,1.0015971955654748,1.001921717476369,1.0023338766431478,1.0028818504714951,1.003549064327499,1.0044577141318343,1.0056218967992763,1.0071430794690952,1.009096310915496,1.0117035451917047
experiment_075,1.0001105662656666,1.0000998041691522,1.0000845774939893,1.0000845774939893,1.0000845774939893,1.000949879150582,1.0008852554484757,1.000815203141253,1.0007850635478066,1.000742616515404,1.000713613146233,1.0006753341586794,1.0006576429192258,1.0006419826615376,1.0006276092169333,1.0006170885415733,1.0006118983810164,1.0006157883770244,1.0006197594125394,1.000629942637156,1.0006405341983462,1.0006756749852588,1.0007064998033108,1.0007432605522042,1.0007911632981026,1.0008313719390343,1.0009174542647525,1.0009889716284326,1.0010681757390816,1.0011783507354317,1.0013208063352657,1.0014892379723497
experiment_076,1.0001105662656666,1.0001105662656666,1.0000931245269982,1.0000931245269982,1.0000931245269982,1.0011383685322086,1.0011036715388204,1.0010829354913946,1.0010555030775743,1.0010374899686487,1.0010290064396217,1.0010261650941181,1.0010385375024902,1.0010359257669261,1.0010535154382276,1.0010794085859849,1.001116750345448,1.00116015902316,1.0011885882258453,1.0012569096358763,1.0013112412180332,1.0013995216381548,1.0014764706610908,1.0015971671628672,1.0016807853013165,1.001842589848942,1.0019707758167267,1.0021413965338233,1.0023421151417637,1.0025424263543403,1.00279309933678,1.0030692422666896
experiment_077,1.0001105662656666,1.00012365372446,1.00012365372446,1.0001349694982693,1.0001349694982693,1.0014323643542802,1.0014833264665317,1.00156826123905,1.0016345374522853,1.001703238765661,1.0017819480992312,1.0018515631731228,1.0019065327927206,1.002003980637033,1.002079322831565,1.0021460475158996,1.002221747714794,1.0022985288336321,1.002388088646736,1.0024927797978855,1.0025594083629599,1.0026599400840726,1.0027622307753403,1.0028823663967885,1.0029438012288125,1.003091286971523,1.003182387170406,1.0033007174758772,1.003403366464442,1.0035501210557507,1.00368706230658,1.0038152962273619
experiment_078,1.0001105662656666,1.0001105662656666,1.0001105662656666,1.0001105662656666,1.0001105662656666,1.0009764193756343,1.0009911127717277,1.0009936395513896,1.0010239171219466,1.001023794566075,1.0010596679199246,1.0010761201056946,1.0011177658272805,1.0011607394039546,1.0012004932331544,1.0012779036555497,1.0013444506338816,1.0014203402126804,1.0015324517720863,1.0016423720787075,1.0017826658431908,1.0019073381121189,1.0021217948372099,1.0023144914369972,1.0025800456330742,1.0028626194095684,1.0032040865651055,1.0035750930489888,1.0040542971639776,1.004591106448415,1.005181725807646,1.005917232642972
experiment_079,1.0001105662656666,1.0001105662656666,1.0000924749833124,1.0000924749833124,1.0000924749833124,1.0008780783555047,1.0008459849089768,1.0007930523917126,1.000764619113557,1.0007358847421517,1.0007279651478582,1.0007036982726127,1.0006913543704234,1.0006797147520383,1.0006914291422844,1.0006851672407469,1.0006807705271037,1.0007034424241792,1.0007092018647135,1.0007186012785185,1.0007425179651996,1.000781009489452,1.0008092017086327,1.0008327963349286,1.000866084876979,1.0009275655504557,1.000976038998945,1.001039354593035,1.0011145874203844,1.0012014491974583,1.0012955655409965,1.0014059301067297
experiment_080,1.0001105662656666,1.0001105662656666,1.0001105662656666,1.0001105662656666,1.0001105662656666,1.0015184751691777,1.001502906586526,1.0014711081928276,1.001453448371309,1.001413596322717,1.001399993196871,1.0014121775743137,1.0013809292200457,1.0013986380119342,1.0014394303728256,1.0013979029061786,1.0014478026258684,1.0014687231902306,1.0014590308267595,1.0015248871137787,1.0015161657309082,1.0015772495642663,1.001629194604306,1.001638398143625,1.0017464088124273,1.0017914883188093,1.0018214851319485,1.0019243515286123,1.0020260976142186,1.002076563874753,1.0021988583461192,1.0022975835649375
experiment_081,1.0001105662656666,1.0000964294340313,1.000084407606109,1.000084407606109,1.000084407606109,1.000767359294979,1.0007199892138177,1.00067907375817,1.0006546704077306,1.0006219101447218,1.0005928925802337,1.0005974581588613,1.0005780778513003,1.0005780778513003,1.0005903505289606,1.000611633278462,1.0006287144565134,1.0006541329665557,1.0006857880058488,1.0007588348671212,1.0008013975750782,1.0008695724783545,1.0009595318689848,1.0010751070429844,1.0011959820665017,1.0013423773720815,1.0015320022819811,1.0017588871265664,1.0019760288397765,1.0023099884949482,1.0026882903727052,1.0031552318300614
experiment_082,1.0001105662656666,1.0001105662656666,1.0001105662656666,1.0001105662656666,1.0001105662656666,1.0017363288614933,1.0018293904432805,1.001895052794323,1.001974521858034,1.0020832231099122,1.002217825809263,1.0023126684015837,1.0024254491043936,1.0025478748429653,1.0027106326864315,1.0028624727496271,1.0030445470639522,1.003279686214454,1.0034091911147278,1.003616598959997,1.0038351623170123,1.0040851593446056,1.004354925227481,1.0047102537451875,1.0049994991341265,1.00534529200801,1.0056682437514999,1.0062286446876019,1.0065795837328682,1.0070807463927391,1.0075622341417068,1.00812973980355
experiment_083,1.0001105662656666,1.0001105662656666,1.0001105662656666,1.0001105662656666,1.0001105662656666,1.0019992287922899,1.0020584234178913,1.002117276430248,1.0020884193203892,1.0021457891893524,1.0022219530335132,1.0023545715239932,1.0023545715239932,1.002508574615487,1.0027213767041852,1.0027775327286705,1.0029654125912915,1.003147477775423,1.003370940787547,1.0036245490342046,1.0039367936100245,1.0041491355009844,1.0045779966816424,1.004988666706142,1.0053093977439822,1.0058974808169103,1.0064210271540723,1.0070720321500395,1.0076137930496591,1.0083699673452402,1.0092533482879888,1.0101550329878994
experiment_084,1.0001105662656666,1.0001105662656666,1.0001105662656666,1.0001105662656666,1.0001105662656666,1.001272667903511,1.0013000993639583,1.0012893093903092,1.0013018588062108,1.0013359724550779,1.0013560101447914,1.0014228851272526,1.0014793309385268,1.0015308588347374,1.0015966351884675,1.0016559796927567,1.0017355138866995,1.0018207144240496,1.001945169062041,1.0020751276233322,1.0022088048664994,1.0023839190062285,1.0025607689664147,1.002767646717036,1.002998419233529,1.003255208502265,1.0035620036471327,1.0038736824116314,1.0042193699639543,1.0046421319180483,1.005151506527545,1.0057018465180165
experiment_085,1.0001105662656666,1.0001105662656666,1.0001105662656666,1.0001105662656666,1.0001105662656666,1.0015404785227962,1.001577740055514,1.0016337534829232,1.0016638597940142,1.0017568442376659,1.0018024315357326,1.0018900872959817,1.0019925592157475,1.0021303117711133,1.0022125012832248,1.0023425744508643,1.0024656989294976,1.002595090945466,1.0027903057244465,1.0029355890571428,1.003135525494662,1.0033020257819378,1.0035325528913173,1.0037343691147007,1.0039474775804647,1.0042610894860373,1.0045313276226577,1.0047282399080486,1.005085775841576,1.005361308253975,1.0057595857054749,1.006063441585101
experiment_086,1.0001105662656666,1.0001105662656666,1.0001105662656666,1.0001105662656666,1.0001105662656666,1.0009274726094037,1.0009612844496802,1.0010219859778464,1.001077488062876,1.0011643226244875,1.001257330695133,1.0013618365118366,1.001515200785938,1.0016970416622948,1.0018902775825969,1.0021353711321452,1.0024502917847735,1.0028472022622659,1.0033124434062326,1.0038800254796287,1.0045825236745116,1.00547251400007,1.0065649634118572,1.0079319263282438,1.0096207561240829,1.011774368047749,1.0144381195665204,1.0178402038278063,1.0221364868473115,1.027502525610526,1.0342533353910908,1.0430235202820106
experiment_087,1.0001105662656666,1.0001105662656666,1.0001105662656666,1.0001105662656666,1.0001105662656666,1.001277423813092,1.0013177651323655,1.0013874066405648,1.0014370303211282,1.0015133713694753,1.0015884182246235,1.001639569752726,1.0017284193788971,1.0018190604650092,1.0019391694395208,1.0020316649760097,1.0021324217220895,1.002263397567926,1.0023867061090974,1.00251442709235,1.0026669196470313,1.0028186796809697,1.0030121972117132,1.0031797885975189,1.003371697890711,1.003560444046985,1.003759409540294,1.003987874503129,1.0041980583526458,1.0044546596459625,1.0047135445344666,1.004995431928607
experiment_088,1.0001105662656666,1.0001105662656666,1.0001105662656666,1.0001105662656666,1.0001105662656666,1.00162744443206,1.0016001784397741,1.0016102754435903,1.0015265777177045,1.0014989868030837,1.0014913042230649,1.0014703512055478,1.0014723107987016,1.00148225111458,1.0014866060867667,1.0015457366898652,1.001575499868955,1.0015951747507867,1.001672523778037,1.0017635651252355,1.0017779786696106,1.0019333251536167,1.0020380485708977,1.0021156692793876,1.002330216531925,1.002477457728118,1.0027349455152872,1.0029125211054248,1.0032352295924005,1.0034726256703725,1.00385791223719,1.0042129712673713
experiment_089,1.0001105662656666,1.0001105662656666,1.0001105662656666,1.0001105662656666,1.0001105662656666,1.0015286074014145,1.0015514701293025,1.001585577664859,1.001594051618087,1.0016431514181066,1.001698639024846,1.0017372203265449,1.00181668005406,1.0018854219251316,1.0019809399574084,1.0020871606658541,1.0021742621571457,1.0023125656016942,1.0024186314569232,1.0025618470337174,1.0027623958504646,1.002944672756909,1.003117869478124,1.003371512190543,1.003616215028997,1.0038526304515092,1.004095173756446,1.0044505415354545,1.0048143138852343,1.0051502717570542,1.005639352978908,1.0060565986863652
experiment_090,1.0001105662656666,1.0001105662656666,1.0001105662656666,1.0001105662656666,1.0001105662656666,1.0015265847125405,1.0015230450293255,1.0015237487452935,1.001527334279813,1.001544116878748,1.0015331423598919,1.0015725165942015,1.001598445885899,1.001622172251667,1.0016556569673047,1.0016772176980733,1.0017154995405713,1.0017786143833673,1.0018024115839659,1.0018482827621915,1.001887349730476,1.0019622263900765,1.0020353381006322,1.0020770316124683,1.0021748177189955,1.002238764713143,1.002312017163676,1.0024158953687798,1.0025233907659696,1.0026271922062322,1.0027541614546678,1.0029042809671986
experiment_091,1.0001105662656666,1.0001105662656666,1.0001105662656666,1.0001105662656666,1.0001105662656666,1.0017892952102219,1.0018701904170901,1.001911614035004,1.0019740374669728,1.0019949631988663,1.0020686606669087,1.0020976319803812,1.002223641137121,1.0023090281994154,1.0023967457679157,1.0025042900383434,1.0025970491041394,1.0026971818351278,1.002847663826323,1.0029534200199415,1.0031331327228914,1.0032847535512874,1.0034920591370504,1.0036860354028867,1.003887199816038,1.0041505182970434,1.0043247581397892,1.0046561748213827,1.0048906896389067,1.005305353152083,1.0057003402741078,1.006065122233811
experiment_092,1.0001105662656666,1.0001105662656666,1.0001105662656666,1.0001255833696465,1.0001255833696465,1.0015342878645108,1.0016147070335775,1.0016976656682728,1.0017593638025755,1.0018877017235197,1.002002531623956,1.0021086393936132,1.0022348262393752,1.0023568145141428,1.0025087771402716,1.0026294302731205,1.0027896946219244,1.0029649885364869,1.0031495925822826,1.0033123340708432,1.0034940653846591,1.003715276302967,1.0038888708804108,1.0040973674274312,1.004287497612986,1.0045150524445938,1.0047030637276955,1.0049008582676215,1.0050971121919707,1.0052569181027629,1.0054511534952415,1.0056634068949726
experiment_093,1.0001105662656666,1.0001105662656666,1.0001105662656666,1.0001105662656666,1.0001105662656666,1.0010555656512652,1.0011057247083652,1.0011614809501996,1.001221030277684,1.0012951050390082,1.0013827644060798,1.0014839159737414,1.00157831661327,1.0017023338213618,1.0018334826132365,1.0020069659158684,1.0021871366156148,1.0023945827840208,1.002606549800128,1.0028777835492217,1.0031963262719699,1.003525967315048,1.0039140430473092,1.0043853123677042,1.0048864954384724,1.005477899010597,1.0061544157657094,1.0069399664271963,1.0077976302597846,1.0088816126552187,1.0100466271260482,1.011346948244161
experiment_094,1.0001105662656666,1.0001105662656666,1.0001105662656666,1.0001105662656666,1.0001105662656666,1.0022661127373982,1.002393930660615,1.0024531931359004,1.0024677813601126,1.0025720716557698,1.002659291723318,1.0028157617360975,1.002891865028462,1.0030710540545906,1.0032371869136079,1.003426929356322,1.003546040978663,1.003689351286127,1.0038184703633297,1.00400933434414,1.0042519797226261,1.004419165060553,1.0046852281883818,1.0048953032233818,1.0052096856481858,1.005483143484539,1.0056903973593763,1.0059686014107319,1.006247118212274,1.0064229462079712,1.006832705265547,1.007141750979817
experiment_095,1.0001105662656666,1.0001105662656666,1.0001105662656666,1.0001105662656666,1.0001105662656666,1.000736253524962,1.0007519346229636,1.0007617156035407,1.0007694316663738,1.0007918705718917,1.0008061034447753,1.0008525906093226,1.0008909967195492,1.0009383257514866,1.000996561057057,1.0010580527052344,1.0011373298001531,1.0012411781452464,1.0013495004945814,1.0014786253892645,1.0016420033154987,1.0018134618904209,1.0020293348923681,1.0022892612161483,1.0025720941730198,1.0029376941372699,1.0033593230470554,1.0038338770338615,1.0044160584399762,1.0051055951999737,1.0059268887032955,1.0068950500304326
experiment_096,1.0001105662656666,1.0001105662656666,1.0001105662656666,1.0001105662656666,1.0001105662656666,1.0008027154193988,1.0007699679263895,1.0007426083650461,1.000709859190473,1.0006933512263225,1.0006803897305594,1.00067153924496,1.0006616101504653,1.0006608752790134,1.0006708072787514,1.00066164600841,1.0006870732290203,1.0007046225892302,1.0007388065239737,1.0007718657212532,1.0007915651917356,1.000836652154956,1.0009014118248085,1.0009619235365268,1.0010328155766461,1.0011074726469944,1.0012163536041179,1.0013051625376364,1.0014506404027197,1.0015962717806273,1.0017606851769048,1.001937327044042
experiment_097,1.0001105662656666,1.000123917555338,1.000123917555338,1.000123917555338,1.000152673332616,1.0013836670185634,1.0015082344205672,1.0016624711027315,1.0018059799098125,1.001957802188962,1.00216283588326,1.0023831600815079,1.0026275114261336,1.002890767826141,1.0032033212631923,1.003558004846962,1.0039477319824983,1.0043990007219148,1.0048940478513497,1.0054390031157567,1.0061192868370465,1.006840995884011,1.0076550302945615,1.0086385481281772,1.009742212981596,1.0109872684037096,1.0124495948914158,1.0140702928012524,1.0160332011548792,1.0182116828390715,1.0208116370858813,1.0237860761153534
experiment_098,1.0001105662656666,1.0001105662656666,1.0001105662656666,1.0001105662656666,1.0001105662656666,1.001683614532298,1.0017127467646465,1.0017249501533125,1.0017587160115977,1.001819406953999,1.001856146017015,1.001945433370606,1.0020133611829634,1.0021045080339002,1.0021790820426209,1.0022800653870114,1.0023671369192653,1.002560951331024,1.00267603936211,1.0028548218289408,1.0030209577517915,1.0033074632609487,1.0035698141139768,1.003816568178088,1.0040955252120254,1.004379356170597,1.0047777803617073,1.0052582653606033,1.0056099018882338,1.0060676832665685,1.0066769945044527,1.0073636127852117
experiment_099,1.0001105662656666,1.0000960200635953,1.0000796764995505,1.0000796764995505,1.0000796764995505,1.0004972802109229,1.000473746416421,1.0004450090929204,1.000426276026731,1.000417745185642,1.0004104544205958,1.0004107933035515,1.000417500658443,1.0004294452187523,1.0004419433966019,1.0004642895176783,1.0005001303471988,1.0005412056229057,1.0005916410146394,1.0006566827736483,1.0007377920012452,1.0008291906893532,1.000956530852045,1.0011043976009237,1.001308290808499,1.0015459137883425,1.0018444002617002,1.0022498131052122,1.0027239845795102,1.0033586500610003,1.0041418222408298,1.005142789275453
experiment_100,1.0001105662656666,1.0001105662656666,1.0001105662656666,1.0001105662656666,1.0001105662656666,1.0020665544519243,1.0020313703649613,1.0020954328703675,1.002067739178374,1.0020991044680034,1.0020950426146753,1.002093773897155,1.0021559072358515,1.0021463769563503,1.0021700447237425,1.0021780016586153,1.0021864129496898,1.0022063051276713,1.002189660592832,1.002200027069349,1.0022118549602936,1.0021932798533961,1.002195838206227,1.0021764395516275,1.0021764395516275,1.0021586484875564,1.002181320905321,1.0021213625520933,1.0021240257397992,1.0021088895313857,1.0020764690625599,1.0020492900026154
experiment_101,1.0001105662656666,1.0001105662656666,1.0001105662656666,1.0001105662656666,1.0001105662656666,1.00112866457683,1.001143611915647,1.0011380023775067,1.0011382046268007,1.00114404722834,1.0011654603211755,1.0011893745910037,1.0011946794107123,1.0012342484211134,1.0012580052491407,1.001293098729991,1.0013255394036618,1.0013809485070109,1.0014229586764332,1.001505461033964,1.0015637222182316,1.0016655028640384,1.0017395815831938,1.0018147783914393,1.0019446502166405,1.0020705248353379,1.0022108404011023,1.0023551651328069,1.002547872120382,1.0027618681400774,1.0029959365408425,1.0032672893074803
experiment_102,1.0001105662656666,1.0001105662656666,1.0001105662656666,1.0001105662656666,1.0001105662656666,1.0012397821385943,1.0012420634545096,1.001259994714561,1.0012411991303298,1.0012593051536676,1.0012996921362274,1.0013446379419717,1.001399166721196,1.001454416767405,1.0015411828922764,1.0016470663134678,1.0017476634742366,1.0018755665488799,1.0020251377099398,1.0021781408287354,1.0023765191646838,1.0026034839292448,1.0028378409993255,1.0031574140814348,1.003514524962161,1.0038778070098326,1.0043215467667728,1.004922941160899,1.0055079189415368,1.006181962916658,1.0070049899729234,1.0078328291805014
experiment_103,1.0001105662656666,1.0001105662656666,1.0001105662656666,1.0001105662656666,1.0001105662656666,1.0011277840812696,1.001175509715933,1.0012144706137678,1.0012557896431287,1.0013134131308499,1.001407086739399,1.001497521351319,1.0016056141027339,1.0017326678707181,1.0018729020124708,1.0020530162569203,1.0022228555457862,1.0024405359304152,1.0027207840330987,1.003003500002274,1.0033701299063589,1.003761653086957,1.0042605827975242,1.004824050844453,1.0054473535988477,1.0061831394760736,1.0071342633692568,1.0081825589438247,1.009476566675149,1.0110539757168506,1.0129048905023692,1.015175775253858
experiment_104,1.0001105662656666,1.0001105662656666,1.0001105662656666,1.0001105662656666,1.0001105662656666,1.0019138033338137,1.0019527202258087,1.0019773696397363,1.0019470056023023,1.0020137843906258,1.0020150374622738,1.0020700455280231,1.0021326384049543,1.0021735941072274,1.0022276151428067,1.0023023829967082,1.0023913792275922,1.0024944455669345,1.0025287897402406,1.0027211410817098,1.0028964199681885,1.0029604174797675,1.0032127194034777,1.0033895196982483,1.0036211605019398,1.0038067624195373,1.0040949574153213,1.0043488984427364,1.0047080527490786,1.005097148466806,1.005375870791452,1.0058490531452884
experiment_105,1.0001105662656666,1.0001105662656666,1.0001105662656666,1.0001105662656666,1.0001105662656666,1.0014029129140367,1.0014842031503097,1.0015405524409882,1.001612942358228,1.0017437003127014,1.0018291103523662,1.0019617616537855,1.0021363940739207,1.0023101110327326,1.0024860461307776,1.0026986524745767,1.0029641355844325,1.0032158693135862,1.0034647014374056,1.0038135845812555,1.004102948327683,1.0045611634878697,1.0049646155329297,1.0054328369433196,1.0058940672104228,1.0064461965206621,1.0071225173674352,1.0077985057878052,1.0085447172910915,1.00935069231167,1.0102228280430956,1.0112475802842418
experiment_106,1.0001105662656666,1.0001105662656666,1.0000906292176304,1.0000906292176304,1.0000906292176304,1.0014046614481784,1.0013781695720663,1.001309278236167,1.0012597060328217,1.0012756850241362,1.0012718583146045,1.001242982048929,1.001250605171011,1.0012130694044032,1.0012286413167282,1.0012588664902142,1.001278062277391,1.001278062277391,1.0013304568846868,1.0013568742062642,1.0014058830371917,1.0014680323627965,1.001509704952978,1.0016123000532544,1.0016762406495172,1.0017627561657054,1.0018756497505341,1.0020405559608647,1.0021462059578115,1.0023588779980084,1.0025218458610101,1.0026905506585668
experiment_107,1.0001105662656666,1.0001105662656666,1.0001105662656666,1.0001105662656666,1.0001105662656666,1.0017003201770647,1.001735278622496,1.001765198724358,1.001765198724358,1.0017880982466514,1.0018182750945468,1.0018678502235616,1.0019353567274476,1.001950248382643,1.0020017756669541,1.0020155964226032,1.002077750994973,1.0021287950552458,1.0021881516082691,1.002203796797725,1.0022615879651477,1.002304470103033,1.0023386726990589,1.0024025637946643,1.0024610802499732,1.0025078877399598,1.0025658425249158,1.0026109072616542,1.0026360065697106,1.0027321304425323,1.0028065822944032,1.0029059428099698
experiment_108,1.0001105662656666,1.0001220939989135,1.0001220939989135,1.0001220939989135,1.0001220939989135,1.0022468641984845,1.002333287678348,1.0024542232679516,1.002502519095584,1.0025549184608367,1.0026166374798975,1.0027404806200477,1.0028327764890106,1.002827132710224,1.00290098291936,1.0029666164411524,1.00302513124124,1.0031187630076952,1.0031651870068172,1.0031815824822705,1.0032616848192273,1.0032463347542422,1.003334967504088,1.0033767903930817,1.0034568409711502,1.0034246611938251,1.0034356330171068,1.0035171959717573,1.0035365832026164,1.0035934259881165,1.003541725958641,1.003565883026706
experiment_109,1.0001105662656666,1.0001105662656666,1.0001105662656666,1.0001105662656666,1.0001105662656666,1.0015666006601276,1.0015298521605571,1.0014780176942575,1.0014482497869817,1.0014159104389526,1.0013555234788811,1.0013076065483966,1.0012809868029235,1.0012367925408798,1.0011885848804352,1.0011755136662162,1.0011308377171715,1.001091637723207,1.00106384278695,1.0010432702776233,1.0010259214250528,1.0009886291336487,1.0009797004295378,1.0009680594978878,1.00092571048453,1.0009200158342622,1.000912360753541,1.000924016611439,1.0009196282044348,1.0009213683300873,1.0009248294378716,1.0009329185310016
experiment_110,1.0001105662656666,1.0001105662656666,1.0001105662656666,1.0001105662656666,1.0001105662656666,1.0009614362981816,1.0010140344884597,1.0010746836764874,1.0011249836014728,1.0011821862475825,1.0012363279369674,1.0012966354068769,1.0013665492912744,1.0014501226365742,1.001522714218299,1.0016217710953037,1.0017250087668017,1.0018338434837684,1.0019295909907964,1.002045837336038,1.002189318405762,1.0023099492732261,1.002462842631692,1.0026346318685855,1.0028038175605831,1.0029875835882844,1.003166629384137,1.0033793841332765,1.0036073344337062,1.003861393338055,1.004103733430491,1.0043634260989447
experiment_111,1.0001105662656666,1.0001105662656666,1.0001105662656666,1.0001105662656666,1.0001105662656666,1.0008285037776312,1.0008360834681786,1.0008580593186474,1.0008703004315465,1.0008813789658575,1.0009117453542355,1.0009311941660952,1.0009582080213475,1.0009921284569414,1.0010336786078182,1.001082280616836,1.001132940528566,1.0011959193114028,1.0012594698030624,1.0013384647584187,1.0014324825376666,1.0015286525250882,1.0016526121695593,1.0017913984652165,1.0019287729539066,1.0021131164892878,1.0023036824723017,1.00251933349249,1.002758557164724,1.003056317999212,1.0033486659657327,1.0037376058165823
experiment_112,1.0001105662656666,1.0001105662656666,1.0001105662656666,1.0001105662656666,1.0001105662656666,1.002139613262831,1.0022253655007065,1.002248943025538,1.0022339183925395,1.0022114330937704,1.0022620430603717,1.0022158774157657,1.002267688035816,1.002338110741354,1.0023494745606243,1.0023667063221584,1.002454288641378,1.002482049745997,1.002465562991875,1.0025525589901199,1.0026461905008743,1.0027028337617316,1.0027709196618777,1.0028141164408486,1.0029048182701952,1.0030567411767222,1.0031860162851938,1.003216764115657,1.0034475616311076,1.0035545856917032,1.0036982648585895,1.0038492476350538
experiment_113,1.0001105662656666,1.0001105662656666,1.0001105662656666,1.0001105662656666,1.0001105662656666,1.0011991332190693,1.0012146790543326,1.001228619512147,1.0012380007713706,1.0012602785489884,1.0012604008395507,1.001301389182557,1.0013236454362988,1.0013236454362988,1.0013720223227156,1.0014270510280259,1.0014440576723649,1.0014955916531514,1.0015497612832363,1.0016027697739227,1.001662818206278,1.0017193677053173,1.0018244356163155,1.0019098742610937,1.0020190851628328,1.0020815063585395,1.0022279872848006,1.002356341817777,1.0024843740179394,1.0026296638026289,1.0028152331417952,1.0029588611388964
experiment_114,1.0001105662656666,1.0001105662656666,1.0001105662656666,1.0001105662656666,1.0001105662656666,1.0022903436907022,1.0023866142916078,1.0024289876938273,1.0024468990040099,1.0025262504702488,1.0025934917225023,1.0026389722904647,1.002690361034276,1.0027328699445044,1.002675137867018,1.0027522544112268,1.0027675837172894,1.0027199786404524,1.002727651012061,1.0026953685096227,1.0026679438853205,1.0026317997636973,1.0025459924478162,1.0025074271310959,1.002476263752187,1.0023927794594438,1.0023143028523926,1.0022561025796126,1.0021614872322337,1.002163635511485,1.0020467805411504,1.001968488326558
experiment_115,1.0001105662656666,1.0001105662656666,1.0001105662656666,1.0001105662656666,1.0001105662656666,1.001028024237176,1.0010503716393175,1.0010684496186693,1.0010875396156111,1.0010947625784041,1.0011088182005794,1.0011060893428188,1.0011082398348203,1.00110224877222,1.0010944279730707,1.0010972847937385,1.0010877992801566,1.0010722511794188,1.0010514323270434,1.0010368575973845,1.0010220162337016,1.0010009938586863,1.0009616619128552,1.000943766180309,1.0009288591688905,1.0008999824463547,1.000882308284991,1.000854437048016,1.0008373036610585,1.0008039278592342,1.0007788336382735,1.0007570442074118
experiment_116,1.0001105662656666,1.0001105662656666,1.0000890978587835,1.0000890978587835,1.0000890978587835,1.0005345890504331,1.0005219201137983,1.0005057269919497,1.0004976659108036,1.0004891110277974,1.000489980294181,1.000491415658711,1.000491415658711,1.0005099303044722,1.0005314646450263,1.00054949220973,1.0005798103098165,1.000624171586672,1.000665896759423,1.0007133652364686,1.0007815533087507,1.0008658757810045,1.0009513623002035,1.0010682723893343,1.0011925660337082,1.001355590712863,1.001557701100859,1.0017784058598345,1.0020427106033483,1.0023719206971229,1.0028037116434103,1.003287481010383
experiment_117,1.0001105662656666,1.0001105662656666,1.0001105662656666,1.0001105662656666,1.0001105662656666,1.0014619299701755,1.0014638806097915,1.0014434482106587,1.0014402259698458,1.001476423203901,1.0015062612551844,1.001528427668645,1.001575502990602,1.001640507134387,1.0017004932687055,1.0018218360233715,1.0018878208315398,1.0019930421787029,1.0021233118372757,1.0022675665524434,1.002415228186897,1.002636546411064,1.0028176430477622,1.0030581960857123,1.0033443465597307,1.0036824441104841,1.003973367434991,1.0043571492062429,1.0047981391975611,1.0053615799220108,1.0058812786583455,1.0064784915977512
experiment_118,1.0001105662656666,1.0001105662656666,1.0001105662656666,1.0001105662656666,1.0001105662656666,1.0017627413245513,1.0017666265809724,1.0018674782883488,1.0018913246380272,1.0019236007383325,1.0020065626114798,1.0021366335160156,1.0021531274317148,1.0022746810534313,1.0023881733652582,1.0024908945645525,1.0026398730620787,1.002705149641528,1.0028338156109564,1.0030149459195807,1.0031533274188178,1.0033192203074932,1.003561401152415,1.003754899965298,1.0039969355306215,1.0042159091545144,1.0044602488392615,1.004695015088691,1.0050341645751724,1.005440871990128,1.0057949543632314,1.0061254269385753
experiment_119,1.0001105662656666,1.0001105662656666,1.0001105662656666,1.0001105662656666,1.0001105662656666,1.0012159273967967,1.0012047284477599,1.0011860956173582,1.0011760035799526,1.0011962286582496,1.0011989488510216,1.0012000417469442,1.0012291358668812,1.0012755061388332,1.0013464392022076,1.001395101889715,1.0014440396839206,1.001542247513394,1.001626589435696,1.001724995002164,1.0018365666881355,1.001994710407681,1.0021495857183524,1.0022873728120754,1.002522599151585,1.002725471418968,1.0029932915339415,1.0032518792713352,1.003648842231751,1.0039929489347907,1.004428061630719,1.0049976405776155
experiment_120,1.0001105662656666,1.0001105662656666,1.0000944952562991,1.0000944952562991,1.0000944952562991,1.0010494652295834,1.0010164204907053,1.0010030766547358,1.000987436941019,1.0009931927624545,1.000998022641174,1.0009945215604203,1.001003864010134,1.0010296279931863,1.0010623478117449,1.0010967513228581,1.001128871431622,1.0011700942000823,1.0012194418460123,1.0013077154232464,1.0013698005072182,1.001457416031319,1.0015288375006395,1.0016526603284666,1.0017483286557507,1.001893931386717,1.0020411525709536,1.002194659032489,1.0023819657760658,1.002588624791289,1.0028183430379238,1.0030532461120674
experiment_121,1.0001105662656666,1.0001105662656666,1.0001105662656666,1.0001105662656666,1.0001105662656666,1.0020573901362937,1.0020573901362937,1.0021680513887194,1.002195133881306,1.0023445189587568,1.002442802724594,1.002627378090158,1.0026732069504032,1.0028626009284556,1.0029973784656756,1.0031862012627195,1.0034486530496687,1.0036096813632729,1.0039067181334729,1.0041433292158572,1.0044307509760597,1.0047635402028139,1.0050244145417757,1.005411620067214,1.0058794893696514,1.0063576601693172,1.0067509428173151,1.0073461698007113,1.0079304775046765,1.008448578402104,1.0091448220709462,1.01002712994043
experiment_122,1.0001105662656666,1.0001105662656666,1.0001105662656666,1.0001105662656666,1.0001105662656666,1.001797750535453,1.0017704511163146,1.0017467487250977,1.0017688577371267,1.0017627690495716,1.0017374170579412,1.0017494051954634,1.0018008260320173,1.001774440716012,1.0018105075703263,1.001800331009992,1.001865591279024,1.0018868392354214,1.001897050652461,1.0019536674601601,1.0019852658856259,1.0020153070514737,1.0020728120605829,1.0021187290013795,1.002190164665512,1.002229762275387,1.002331450389456,1.0024359275372516,1.0024942027290749,1.0025685546432548,1.0026561690631317,1.0028285699993986
experiment_123,1.0001105662656666,1.0001105662656666,1.0001105662656666,1.0001105662656666,1.0001105662656666,1.0016470986813701,1.0016734584128195,1.0016935528287778,1.0016751966715982,1.0017212102458033,1.0017285288282098,1.001734343881091,1.00176710095263,1.0018038319054514,1.0018378574148048,1.001877084403382,1.0019096971989798,1.0019364432001445,1.0020161211177403,1.0020700691635414,1.0021063921069346,1.0022037460379156,1.0022861131112704,1.0023615155906358,1.0024655734311678,1.002558489895227,1.002672981669024,1.002868111612485,1.002989734030085,1.0031701082285467,1.0033741053958511,1.003581526839257
experiment_124,1.0001105662656666,1.0001105662656666,1.0001105662656666,1.0001105662656666,1.0001105662656666,1.0012444201630601,1.0012920513590886,1.001363769731299,1.0014196078212998,1.0014553970585707,1.001538646393994,1.0016194564850398,1.00168162326912,1.0017487912353156,1.0018385293123908,1.00193852927872,1.0020253315480474,1.0020998698330486,1.0022043928231397,1.0023042941855265,1.002396389633185,1.0025079637840217,1.002631047227507,1.0027467091084008,1.0028477110233855,1.0029882061020892,1.0030877358829713,1.003229397319169,1.0033514086394575,1.0034938356287557,1.0035872236179058,1.003752125235223
experiment_125,1.0001105662656666,1.0001105662656666,1.0001105662656666,1.0001105662656666,1.0001105662656666,1.0009925453274027,1.0010302467766083,1.001057907011591,1.001119523710617,1.001186768900219,1.0012550357935837,1.0013279481834667,1.001423201462104,1.0015340599783815,1.0016659327192863,1.0018070994645063,1.0019714940696194,1.0021734103114572,1.0023904984731944,1.0026446319040627,1.0029340753760476,1.0032737205403917,1.0036705834604478,1.004087968072938,1.0046288891351502,1.0052364747889964,1.005950833569541,1.0067694716837354,1.0076971104013166,1.0088690713266353,1.010179278715101,1.0117015233347066
experiment_126,1.0001105662656666,1.0001213951004793,1.0001213951004793,1.0001213951004793,1.0001213951004793,1.001394417350015,1.0014534900321326,1.0015263203509115,1.001555549695073,1.001627501490672,1.0016464571646715,1.001697341917503,1.001754270270002,1.0017951168325308,1.0018410456913673,1.0018736008068294,1.0019154343492738,1.0019425611084662,1.0019828397990425,1.0019988569128027,1.0020353913743565,1.002038661961333,1.0020674906895073,1.0020883180246767,1.0021028973142438,1.0021220006188714,1.0021202560359272,1.0021293480501832,1.002128496056176,1.0021542727478638,1.0021386868395914,1.002127860967008
experiment_127,1.0001105662656666,1.0001105662656666,1.0001105662656666,1.0001105662656666,1.0001105662656666,1.0012556750116266,1.0012615438474322,1.0012851407552164,1.001315485292277,1.001327873637781,1.0013599805367983,1.0014091905931743,1.0014549527927417,1.001513320532121,1.001557814848416,1.001610723707821,1.0017037531497757,1.0017863821121762,1.001893492611802,1.002000968574407,1.0021196724562358,1.002257916906614,1.00242180006443,1.0026446391423776,1.0028411990258845,1.0030836828443515,1.0033526810400828,1.003695361507939,1.0040197228240657,1.0044141140144036,1.004891219034756,1.0054358724820844
experiment_128,1.0001105662656666,1.000126244023741,1.000126244023741,1.0001482869379192,1.0001632532965166,1.001476898808606,1.00160736240918,1.0017532429615013,1.0018710025362487,1.0020120384114581,1.0021624803117883,1.002306397356231,1.0024771948665414,1.0026355907384086,1.0028099316736538,1.0029743866297918,1.0031424433974885,1.0033531023096807,1.003525332528899,1.0037073913890733,1.003908053328713,1.004096184774815,1.004322506019964,1.0044981488088545,1.0047417179994447,1.0049701649575564,1.005159873484979,1.005377625225637,1.0055890611817935,1.0058279052464545,1.0060806784922076,1.0062789799092435
experiment_129,1.0001105662656666,1.0001105662656666,1.0001105662656666,1.0001105662656666,1.0001105662656666,1.0022235113566418,1.0021902648382432,1.0022548924401373,1.0022064352980575,1.0022924801576514,1.002303255645595,1.0023186092405065,1.0023620683219128,1.0023871102571977,1.0025222186142182,1.0025905678956533,1.0026105590507095,1.0027074660222575,1.002786211607414,1.0029111475662913,1.0030286508938797,1.0031645279870993,1.0032538265066282,1.0034867303254624,1.0037001879117757,1.0039265081164475,1.0041663775225251,1.0043320866426,1.0046935404716721,1.0050180751573263,1.0055214219644455,1.0058725618585336
experiment_130,1.0001105662656666,1.0001105662656666,1.000091305289707,1.000091305289707,1.000091305289707,1.0013986097943006,1.0013618761734902,1.0013087946297647,1.0012769677720994,1.0012352830887348,1.0012256490746836,1.0011690435749239,1.0011635011497286,1.0011375745404765,1.0011711185754952,1.0011710356208634,1.0012052951216113,1.0012088884076555,1.0012094835267888,1.0012773852791879,1.0012959047973915,1.001379235762355,1.0014673632218944,1.0015363811975084,1.0016017497028764,1.0016938156098567,1.0018427674408115,1.0019631355663086,1.0021256865758215,1.002254261251681,1.0025301845464991,1.002749227700009
experiment_131,1.0001105662656666,1.0001105662656666,1.0001105662656666,1.0001105662656666,1.0001105662656666,1.0013420947406877,1.0013544532861032,1.0014402565623055,1.0015045417373376,1.0016094744295454,1.0017352296994015,1.0018765606146736,1.0020422816535715,1.0022871465048158,1.0024950990016626,1.002836807551811,1.003174797057571,1.0035861215674224,1.004002117224422,1.0045994544386034,1.0051908490196777,1.0059192389672884,1.0069045802066345,1.0078160127342253,1.0090169554525494,1.0104022693210049,1.0120437353693037,1.0139549198581517,1.0161399532180861,1.0185637336147069,1.0214996561890373,1.024976571273428
experiment_132,1.0001105662656666,1.0000998546457003,1.0000879225163073,1.0000879225163073,1.0000879225163073,1.0005684726149313,1.0005554324792747,1.0005333360563327,1.0005120471713762,1.0005030998754816,1.0004941941261498,1.0004862783755166,1.0004854800998435,1.0004907692477671,1.0005016923665175,1.0005016923665175,1.0005272251272466,1.000548435879549,1.0005855753887452,1.0006112037845467,1.0006565623452688,1.0007056771490135,1.0007612953366947,1.0008398694385372,1.0009258735290005,1.0010202167679207,1.001146782132553,1.0012783620501877,1.0014615149133264,1.0016705020607908,1.0019149452579508,1.00221432440832
experiment_133,1.0001105662656666,1.0001105662656666,1.0000908364499503,1.0000908364499503,1.0000908364499503,1.0008832084212749,1.0008838819192245,1.0008642565112562,1.0008700621238897,1.0008816033139458,1.0008987248266266,1.0009250448427662,1.0009580104166855,1.0009997549153005,1.0010912165138417,1.0011557734226484,1.0012625819347407,1.0013769130682582,1.0015197014140134,1.001669640158245,1.0018998160572843,1.0021195368978695,1.0024154321611252,1.0027736631965996,1.003201952399937,1.003724373955428,1.004359567287848,1.0051281308687778,1.0060264782557395,1.0072676964150549,1.008751370149049,1.0106182099699474
experiment_134,1.0001105662656666,1.0001105662656666,1.0001105662656666,1.0001105662656666,1.0001105662656666,1.0016798265009461,1.0016837286344673,1.0016741122423043,1.0016114494895214,1.0016132745146205,1.0016482777003954,1.0016253088791742,1.0016362159641454,1.0016671255553617,1.001691278753298,1.001691278753298,1.0017481396156376,1.0017481396156376,1.0018132696442,1.0018745274885261,1.0019031475021305,1.0020071911553605,1.002081687774406,1.0021604341752843,1.0023267937033387,1.0024052457931887,1.0025843805694963,1.0026934487170964,1.0028931346890164,1.003062397508641,1.003291216773657,1.0035727553534313
experiment_135,1.0001105662656666,1.0000994514641088,1.0000885661370953,1.0000885661370953,1.0000885661370953,1.0012542333404515,1.0011798124279994,1.0011741139444634,1.0011178395443512,1.0010819990146194,1.0010649064907098,1.0010649064907098,1.0010649064907098,1.001109674621194,1.0011273903550373,1.0011860314312917,1.001235694765256,1.0012948929823802,1.0013761683039755,1.0014898290474554,1.0016048177760466,1.0017657066669678,1.001959663554942,1.0021272064431423,1.0024063830475312,1.0026612546719265,1.002988353008355,1.0033598342593277,1.0037928171676982,1.0042641561620522,1.0047454467551018,1.0054139223101395
experiment_136,1.0001105662656666,1.0001105662656666,1.0001105662656666,1.0001105662656666,1.0001105662656666,1.0018628192439927,1.0018698066200087,1.0018549198117888,1.0017413255254235,1.0017180915546646,1.001697588401821,1.0016310944476305,1.0016490184651534,1.001617676324074,1.0015795613128273,1.0015587562690746,1.0015429213847082,1.0015570869680832,1.0015381837681945,1.0014938738244652,1.0015206330991915,1.001525353583153,1.0015360324852292,1.0015235595121752,1.0015307101607018,1.0016009842732831,1.0015629311377194,1.001609771825028,1.0016184664901784,1.0017354394307256,1.0017568414511806,1.0018175245299619
experiment_137,1.0001105662656666,1.0001105662656666,1.0001105662656666,1.0001105662656666,1.0001105662656666,1.0014378906417878,1.0014514506884409,1.00149471157596,1.00149471157596,1.0014820360548107,1.001512390607734,1.001513951877613,1.0015409791965777,1.001527472726408,1.001565424567038,1.00155945484688,1.0015795264120337,1.001596264881021,1.0016267174234248,1.0016242013082275,1.0016343134916224,1.0016571804311718,1.001665471022294,1.0016750332432,1.0017270620300376,1.001731758852596,1.0017663883403312,1.0017768977159587,1.0018047727548054,1.0018426565435599,1.0018568780523982,1.0018832648787417
experiment_138,1.0001105662656666,1.0001105662656666,1.0001105662656666,1.0001105662656666,1.0001105662656666,1.0022549633174684,1.0023078836407688,1.0023990300860222,1.002379183999846,1.0024496887361276,1.0024858440210256,1.00253412004525,1.00257395291918,1.0025900691641028,1.0026649289629028,1.0026949163463046,1.0027517433449638,1.0028098993967574,1.0028308460782693,1.0029125586513408,1.0029550953060775,1.0030115524880538,1.0029810490488413,1.0030511061884035,1.0030755593530254,1.0030941843203727,1.0032117002190013,1.003166628699988,1.0032374699658861,1.0033383666038245,1.0033114517518917,1.0033636650170226
experiment_139,1.0001105662656666,1.0001105662656666,1.0001105662656666,1.0001105662656666,1.0001105662656666,1.0016622326773974,1.0016488985389822,1.0016491348721983,1.0016264667197214,1.0016289781127228,1.0016113823994075,1.0016512796624057,1.001645614767426,1.0016899698852233,1.0016899698852233,1.0017415573912327,1.0017901502531688,1.0018144394451978,1.0018815410250879,1.0019291854493138,1.0020183661941586,1.0020901538821099,1.002164323775039,1.0022960638057465,1.002371997207126,1.0025136988758996,1.0026488234329343,1.0027674635778132,1.0029140639622045,1.0030737752195673,1.0032542193713516,1.0034042336443252
experiment_140,1.0001105662656666,1.0001105662656666,1.0001105662656666,1.0001105662656666,1.0001105662656666,1.0018205120998074,1.0018550165004068,1.0018820364381886,1.0018432888963065,1.001871257953794,1.0019191344084122,1.0019875283054434,1.0020110869614698,1.0020757070334745,1.0021248167394048,1.0021708011384054,1.0022441482501314,1.0022929292573137,1.002410865797013,1.0024694459801282,1.0025318819572941,1.0026425809380168,1.00271664947728,1.0028023355737525,1.002942163865527,1.0030943105596382,1.00324179141469,1.00333508287262,1.00351178796029,1.0037315096556723,1.0039745399328854,1.0041971137979437
experiment_141,1.0001105662656666,1.0001105662656666,1.0000887986737972,1.0000887986737972,1.0000887986737972,1.0011540988968815,1.0011313369230175,1.001121281001226,1.00108106269314,1.00108173057511,1.0010682305453964,1.001088620429037,1.0011126126789411,1.0011504707241727,1.001201325196458,1.0012664234319657,1.0013615158564502,1.0014446128929755,1.0015535803576305,1.001715937871284,1.0019110890479375,1.0021132732040356,1.0024255201879484,1.002717849676569,1.0031499218539361,1.003576105524714,1.0042749385176621,1.0049375133862268,1.0057754986314864,1.0067702632421305,1.0082440463325966,1.0097163340975694
experiment_142,1.0001105662656666,1.0001105662656666,1.0001105662656666,1.0001105662656666,1.0001105662656666,1.0009195787982494,1.0009214845137917,1.0009522360086218,1.0009709148612327,1.0009904652813986,1.0010153682481784,1.001039716442481,1.001067448761523,1.0011033642539018,1.0011302705881973,1.0011500570374308,1.0011988533348837,1.001246071524882,1.001291402816648,1.001337669230945,1.0013911997013814,1.0014399249808226,1.0015014963037403,1.0015882484484995,1.0016695820553796,1.0017512659597543,1.0018573465459568,1.0019426257950093,1.0020727300760823,1.0022223598548368,1.0023641489958597,1.0025223399357102
experiment_143,1.0001105662656666,1.000098438339703,1.0000851504627681,1.0000851504627681,1.0000851504627681,1.001141199090809,1.0010910345732569,1.0010154769168884,1.000972967688626,1.000959740673307,1.0009322366263034,1.0009410960352019,1.000921517497839,1.0009422736944535,1.0009728262935587,1.001008487965462,1.00105229977044,1.0011103376147548,1.0011834994874067,1.001331354558803,1.001440226487926,1.0015799107734003,1.0017754222743205,1.0020374636174716,1.0023376593646645,1.002653166754298,1.0030640018976489,1.0035352347539197,1.004090731211341,1.0047662079927293,1.0056283761706715,1.0064926556638965
experiment_144,1.0001105662656666,1.0001105662656666,1.0001105662656666,1.0001105662656666,1.0001105662656666,1.0015969344496511,1.0016114858889058,1.0015834585456715,1.0016574954591322,1.0016548914234404,1.001730031852868,1.0017611601834662,1.001888860381106,1.0019737889851232,1.00210060923549,1.0022583483373089,1.0024585480558716,1.0026161991742955,1.0028940627768805,1.0032098473783893,1.0034892293595339,1.003845740702596,1.0042926580984635,1.0047051204351733,1.0053440145252297,1.0060277713488508,1.0066590150902668,1.0076278142012236,1.0086256695931155,1.009762486228049,1.0110070673489457,1.012769692146454
experiment_145,1.0001105662656666,1.0001105662656666,1.0001105662656666,1.0001105662656666,1.0001105662656666,1.001976858614775,1.0020481971525792,1.0021571778681924,1.0022466975458626,1.0023624167985057,1.002489738501331,1.0025786034966004,1.0027837775637995,1.0029440347201146,1.0031646334217166,1.0033225951551035,1.0035060989976312,1.0038550032952285,1.0040755751670976,1.0042825091131133,1.0046490153827345,1.0049911471296225,1.0053389487850628,1.0056014982912198,1.0060532987579058,1.0064271855149403,1.0070521886472055,1.0073869308377967,1.0079454206488403,1.008435670698047,1.0091875116268683,1.0098241894093238
experiment_146,1.0001105662656666,1.0001105662656666,1.0001105662656666,1.0001105662656666,1.0001105662656666,1.0016564135435648,1.0016749991220497,1.001736383625027,1.0017679265060606,1.0018110291277118,1.0019047849246436,1.0019585931554245,1.0021010442459481,1.0022121044551893,1.0023785414912905,1.002532950267963,1.002717718315905,1.0029035392413537,1.0031585496022553,1.0034385196147828,1.0037497493271244,1.0040838244246597,1.0044362313663546,1.0048724105703781,1.0054678421472336,1.0060351602423503,1.0066905934956614,1.007427971623212,1.008394652588481,1.0093221500422125,1.010518262082729,1.0117560899448501
experiment_147,1.0001105662656666,1.0001105662656666,1.000093764455121,1.000093764455121,1.000093764455121,1.0011451745457847,1.0011103933044148,1.0011286169122438,1.0010967537710314,1.001114931967029,1.0011246930516806,1.001141226556905,1.001167347487831,1.0012129550739597,1.0012760680047803,1.0013392152980682,1.0014341884584497,1.0015325865310643,1.001668140024083,1.0018213527160615,1.0019875879653015,1.002203068678906,1.00239005314035,1.0027332080794438,1.0030931534530014,1.0034678619008106,1.0039117373153743,1.0044501533685677,1.005100765299468,1.0059339417025184,1.006803217705573,1.0078683204537162
experiment_148,1.0001105662656666,1.0001105662656666,1.0001105662656666,1.0001105662656666,1.0001105662656666,1.000990261118115,1.0009897040291407,1.0009783930103893,1.0009783930103893,1.0010058513234792,1.0010278369682732,1.0010428661486483,1.0010932039157538,1.001117690774845,1.0011737881111253,1.0012205394469134,1.0013026086878198,1.0013842794726198,1.0014644543531632,1.0015598938359918,1.0016873887046724,1.0018249605789635,1.001973012348374,1.0021412935008087,1.0023324102601392,1.002565479865122,1.0028358102629769,1.0031160903016627,1.0034444367074353,1.0038120433901512,1.0042412734984527,1.0047071773756717
experiment_149,1.0001105662656666,1.0001105662656666,1.0001105662656666,1.0001105662656666,1.0001105662656666,1.0010399655002595,1.001061710147027,1.001090710299641,1.0011069076931967,1.001146785244497,1.0011886009237059,1.0012386465418242,1.0012835581321389,1.0013645677050886,1.0014369453191718,1.0015131525014902,1.0016109321746518,1.0017271089793136,1.001832588502987,1.0019671743535976,1.002130850159315,1.002286054641257,1.0025052598160697,1.0026901609627006,1.0029575057064017,1.003254170364682,1.0035612563320628,1.003917025366793,1.0043542931468554,1.0048183022643467,1.0053557272295885,1.005987722980846
experiment_150,1.0001105662656666,1.0001105662656666,1.0001105662656666,1.0001105662656666,1.0001105662656666,1.0016164543594657,1.0016756682578842,1.0017230828139485,1.0017241454231973,1.0017781143982347,1.0018727466609199,1.0018921268717096,1.0019483815317929,1.0020583128967266,1.0020932371272018,1.0021865834653347,1.0022613878332873,1.002346507158051,1.0024332102216167,1.0025256311595834,1.0026344660574211,1.0027096467101277,1.0027877324353687,1.0029153401697681,1.0029960105858395,1.0030858226990014,1.003203866258463,1.0032769922773677,1.0033147541324627,1.003366803380069,1.0034620983814995,1.0035213879398672
experiment_151,1.0001105662656666,1.0001105662656666,1.0001105662656666,1.0001105662656666,1.0001105662656666,1.0017489881949722,1.0017166047503105,1.0017312884915677,1.001628018972661,1.001665024804451,1.0016636619334744,1.0017040236504657,1.0017040236504657,1.0017544290869178,1.0018114695322458,1.0018819785278206,1.0019199360368851,1.0020010823804524,1.00205334056262,1.0021455359804072,1.0022719301489105,1.0023672451991665,1.0024996400546504,1.0026665550888745,1.002765281779607,1.0029831764068673,1.003112544498932,1.0033729716418105,1.0035774540384934,1.0037717001414053,1.0041292559029469,1.0043536763581522
experiment_152,1.0001105662656666,1.0001209725617597,1.0001209725617597,1.0001209725617597,1.0001209725617597,1.0014278737056488,1.0014997788548663,1.0015522996477924,1.0016147556455246,1.0016728810818512,1.0017268401773491,1.0017815786377975,1.0018572786788604,1.0019016435369972,1.0019732085345927,1.0020193160966733,1.0020592945168907,1.0021086698343626,1.0021792581211573,1.00221309239193,1.0022562668625739,1.0022793834101404,1.0023033548345988,1.002349948635687,1.0023497438017717,1.002368619391118,1.0023606236791331,1.0023589086993394,1.0023460459793374,1.00233940061595,1.0023186424293982,1.0022905058015408
experiment_153,1.0001105662656666,1.0001105662656666,1.0001330010361735,1.0001330010361735,1.0001330010361735,1.002068950854998,1.0022116564643284,1.0024089659138906,1.00251047782133,1.002675496846947,1.002831434060151,1.003005818744335,1.003167098931387,1.003280483325608,1.0034177232507215,1.003552505293242,1.003699883702084,1.003881942898032,1.003958909877096,1.0041316908033437,1.004278442021698,1.0043928415732002,1.0045183433550453,1.0047339476579071,1.0048493022787066,1.0050041068511761,1.0051227716027598,1.0053326741040696,1.005452298828063,1.0055158612577484,1.0057055014210319,1.005830156650188
experiment_154,1.0001105662656666,1.0001105662656666,1.0001105662656666,1.0001105662656666,1.0001105662656666,1.0011312074453287,1.0011074986646067,1.0011028069146142,1.001082767176556,1.0010830438718372,1.001097297307375,1.001089416674344,1.0011116129524844,1.0011153397428667,1.0011405301444651,1.0011765463707525,1.0012040293774591,1.001259615248148,1.0012949283883124,1.0013535268644471,1.0014428007930598,1.0015123981117082,1.001606655677065,1.0016802930116746,1.0018180992009023,1.0019380394898332,1.0020863543999383,1.0022300026144326,1.0023684998141826,1.0025765155197677,1.002730396772147,1.002912212897443
experiment_155,1.0001105662656666,1.0001105662656666,1.0001105662656666,1.0001105662656666,1.0001105662656666,1.0014238942629257,1.001381885028899,1.0013662670253165,1.001342658076812,1.0013642046977524,1.0013467584760742,1.0013757800210068,1.0014139612585822,1.0014170736453138,1.001426669117003,1.0014950574987083,1.0015305734106705,1.0015920364049535,1.0016675007445044,1.0016977367242126,1.001814336375206,1.001901803962936,1.0020361170716712,1.0021235636140615,1.0023022505502244,1.0024266194355125,1.0026213868263298,1.0028640794683237,1.0031120381740382,1.0033978971956274,1.0036974896116153,1.0040785577294562
experiment_156,1.0001105662656666,1.0001105662656666,1.0001105662656666,1.0001105662656666,1.0001105662656666,1.0013386327785367,1.0012939221255301,1.0012701875057728,1.0012749692620766,1.0011932356949118,1.001185385117355,1.001173240239702,1.0012180354546443,1.001199535024841,1.001216968406754,1.0012475087377448,1.0012870132868115,1.001324550952954,1.0013756904389042,1.0014334383698533,1.0014804495560103,1.0015697346207746,1.001700345104444,1.0018002566656286,1.001966054943459,1.0021038371569506,1.002244586216607,1.0024653013554887,1.002716574321902,1.0029603579679192,1.0032457824238548,1.0035805278642635
experiment_157,1.0001105662656666,1.0001105662656666,1.0001105662656666,1.0001105662656666,1.0001105662656666,1.0009166677649601,1.0009317410458578,1.0009498851220522,1.0009882850288507,1.0010204034787344,1.001074507140471,1.001142710236463,1.0012348309149135,1.0013447195846332,1.0014606952244856,1.0016187487234127,1.0017844975478567,1.0020186779949978,1.0022672761724816,1.0025885515967905,1.0029382480827314,1.003423324995952,1.0039578154256497,1.0046332715404462,1.0054201854899256,1.0064285532312998,1.0076115064137308,1.0091509917568449,1.0109459546817023,1.0132107488181084,1.0160151336135805,1.0194259002104036
experiment_158,1.0001105662656666,1.0000950318375794,1.0000819224650968,1.0000819224650968,1.0000819224650968,1.0006348159435094,1.000596566698826,1.0005601309799728,1.0005347632821293,1.0005212472132339,1.0005028298952763,1.0005046606148578,1.000511116415823,1.000531423213719,1.000550076300662,1.0005766262951739,1.0006248336472694,1.0006838622091416,1.0007521608066894,1.000867922824292,1.0009915401724658,1.001152469345984,1.0013437827176772,1.0016191629011217,1.0019615854332495,1.0024177752837602,1.0029719817092069,1.0036969284681818,1.004719805601819,1.0060591022840284,1.0078179538154157,1.0102504745402578
experiment_159,1.0001105662656666,1.0000935018663166,1.000076867551358,1.000076867551358,1.000076867551358,1.0008598103504938,1.0008040897696737,1.000756684767767,1.0007088657973986,1.0007050409985625,1.0006798785071167,1.000677643200364,1.0007090157111476,1.0007400580426957,1.0007804693859605,1.0008305128147443,1.0009242347852954,1.001033279544291,1.0011434325264534,1.0012896214035305,1.001502943291317,1.0017435916972095,1.0020492383340414,1.0024297986837958,1.0028948016228225,1.0035299460734874,1.0042384303999607,1.0052077067379206,1.0063615449574823,1.0076824660979082,1.0095056949024097,1.0116261334650434
experiment_160,1.0001105662656666,1.0001105662656666,1.000091562098436,1.000091562098436,1.000091562098436,1.0015553302155296,1.0014548150712077,1.001452714040803,1.001429196795192,1.0013901880792169,1.0013801559540592,1.0014276069676553,1.0014172801796137,1.0014587824341719,1.0015258793129265,1.0015538092752905,1.0015927845753039,1.0016394929378738,1.001721579223775,1.001843910387431,1.0019409325325035,1.0021104550548217,1.002314814505935,1.0024789342486196,1.0026521497564371,1.0029697093330687,1.0031558141552774,1.003541880039831,1.003828630194375,1.0043087888931963,1.0046701371061841,1.005229741697485
experiment_161,1.0001105662656666,1.0001105662656666,1.0001105662656666,1.0001105662656666,1.0001105662656666,1.001268120688239,1.0012855573207868,1.0013056497662018,1.0013284356405583,1.0013720044142613,1.001416067691608,1.0014519399316046,1.0015247598707542,1.001615137865862,1.0016764758124865,1.001752421929433,1.0018530755319357,1.001978381378356,1.0020882040216679,1.0022271625680033,1.0023955051359297,1.002558606940594,1.002764990909141,1.0029704318980872,1.003227076299873,1.0035008001731271,1.0037572529802692,1.004081990016507,1.0044869582759224,1.0048823440781545,1.0053645057072746,1.0058552896111146
experiment_162,1.0001105662656666,1.0001105662656666,1.0001105662656666,1.0001105662656666,1.0001105662656666,1.0012449318442609,1.0012333300530336,1.001200268482553,1.0011974263932795,1.0012078763771521,1.0012279230186558,1.0012208455823322,1.0012407122176692,1.001280702241108,1.001314194339585,1.001355587823426,1.0014095771772296,1.0014982849383085,1.0015599120599492,1.0016553435384126,1.001776224840385,1.0019347678838568,1.0020557609184642,1.0022661709351788,1.00243926971343,1.002702833522488,1.002963090383178,1.0032788911951247,1.003711247872161,1.0041584912539512,1.004698425176936,1.0052652266837585
experiment_163,1.0001105662656666,1.0001207756177528,1.0001207756177528,1.0001207756177528,1.0001207756177528,1.001596225112127,1.0016605165287578,1.0017305217695953,1.0017630029512403,1.0018255204823092,1.0018676301099765,1.0019379557138794,1.0019649501575085,1.002013519565736,1.0020512595752467,1.0020695593920212,1.0021175799510569,1.00213233208402,1.0022133816943535,1.0022111265715892,1.0022514469023578,1.002272590388715,1.0023084686891626,1.0023294922266799,1.002352799600647,1.0023387572382836,1.0024042412360692,1.0024014189335058,1.0024093848949973,1.0024163493795952,1.0023993764521446,1.002408684372279
experiment_164,1.0001105662656666,1.0001105662656666,1.0001105662656666,1.0001105662656666,1.0001105662656666,1.0014058129873267,1.0014498191367536,1.0015092650120878,1.0015225367276765,1.0015943259358515,1.0016512368349462,1.0017378210527892,1.0018270288432463,1.001901602399638,1.0020094150062842,1.002093866876082,1.0022367985326013,1.0023790895183817,1.002517370875444,1.002714714949612,1.0029075382995958,1.003112931514171,1.003385940739346,1.003656659195555,1.0039133638124182,1.004260614312744,1.0046488681042232,1.005041229745058,1.0055639499453521,1.0061100211692842,1.0066796333333428,1.0073689177090857
experiment_165,1.0001105662656666,1.0001105662656666,1.0001105662656666,1.0001105662656666,1.0001105662656666,1.0011461122203165,1.0011146798500081,1.0010990069275867,1.0010761461747717,1.0010571640773556,1.0010376046335936,1.001044480235206,1.0010302067319978,1.0010433475596314,1.0010554562627478,1.0010665263106902,1.0010665263106902,1.0011071297652898,1.001126216995136,1.0011708690047678,1.0011977915060144,1.0012568952904064,1.0013049525864564,1.001377695887136,1.0014429307601316,1.0015415226052322,1.0016241389813183,1.0017498938394866,1.001887513788156,1.0020601691827737,1.0022172734473387,1.002445910728745
experiment_166,1.0001105662656666,1.0001105662656666,1.0001105662656666,1.0001105662656666,1.0001105662656666,1.0014168883519243,1.0013917294620243,1.0013573185626,1.001361019174648,1.0013435643852393,1.0013753635271958,1.0014014102711688,1.0014381064281779,1.001479152582979,1.001574763281727,1.0016329191401296,1.0017353079088374,1.0018133666144875,1.0019458045508798,1.0020640126608908,1.0022008734681909,1.0024026763748222,1.0026282976908587,1.0028044802887341,1.003058523266575,1.003326095434313,1.0035766159816093,1.0039435503902694,1.004287963033691,1.0046886656491116,1.0051496081385918,1.0056175181249656
experiment_167,1.0001105662656666,1.0000947751736637,1.0000813348895732,1.0000813348895732,1.0000813348895732,1.001095173087795,1.0010079998419894,1.0009429634223956,1.0009060848859372,1.0008857693863096,1.0008823055903238,1.0008521732189188,1.0008605451709784,1.0008681614710462,1.0008976903567113,1.0009280724088472,1.0009715298743431,1.0010320754736655,1.0011216272685621,1.0012393850548056,1.0013548999260358,1.0014886880651546,1.0016774668657158,1.0019119745433267,1.002180006346147,1.0024333794983515,1.0028243218164328,1.003177851098729,1.0036942604648453,1.004241389276368,1.0048549458756129,1.0056103055304142
experiment_168,1.0001105662656666,1.0001105662656666,1.0001105662656666,1.0001105662656666,1.0001339182756668,1.0024040022627645,1.0024909452303101,1.0026796853564819,1.0027362211107396,1.0028552494953538,1.0030014820902913,1.0031381846150247,1.0032429829121856,1.0034452398806002,1.0036120665689539,1.003707201927356,1.0038890631728605,1.0040572478746255,1.0041996629845629,1.0043479177034873,1.0046402008724966,1.004716077316305,1.005072617783639,1.0053271231065697,1.0054576011171747,1.0056638162583478,1.0059414987337671,1.0061890825761532,1.0065106074791383,1.006765363257349,1.0071005299476596,1.0073168775105124
experiment_169,1.0001105662656666,1.0001105662656666,1.0001105662656666,1.0001105662656666,1.0001105662656666,1.0009860017565866,1.0009436171599442,1.0009252628543877,1.0008878446439975,1.0008575608956014,1.0008571258895356,1.0008492411286052,1.0008201648419859,1.0008099697366792,1.000806528030077,1.000785975984453,1.0007972439258193,1.0007818910014925,1.0007846918392513,1.0007846918392513,1.0007846918392513,1.0007846918392513,1.0008020323407871,1.0008020323407871,1.000835603522874,1.0008538445808886,1.0008538445808886,1.0008895130355489,1.0009239872673057,1.000963082611833,1.0010069906034562,1.0010667431473002
experiment_170,1.0001105662656666,1.0001105662656666,1.0001105662656666,1.0001105662656666,1.0001105662656666,1.0010234480896287,1.0009956649290486,1.000994107226824,1.0009647598997766,1.0009459248287644,1.0009352992022336,1.000925867828461,1.000920823339944,1.0009175729716264,1.0009109185049923,1.0009012112146651,1.0009022887190515,1.0008930936078968,1.0008931100848346,1.0008771458905652,1.0009091212069625,1.0009111735476601,1.0009239561370997,1.0009339765819139,1.0009669764370905,1.0009818540159718,1.0009978430723905,1.0010208878132052,1.001063246884982,1.0010969388425701,1.0011345395956859,1.0011866044737863
experiment_171,1.0001105662656666,1.0001105662656666,1.0000884405583133,1.0000884405583133,1.0000884405583133,1.0013259102424885,1.0012626792296822,1.0012445316130871,1.0011735158049075,1.0011620885446133,1.0011513388423754,1.0011539323353318,1.0011661775383591,1.0011554244253258,1.0011961772042917,1.0012524677117312,1.0013012156647425,1.0013477476255876,1.0014580820434793,1.0015139666343178,1.001622951077928,1.0017690891463584,1.001901153507176,1.0020499516828338,1.0022527154604695,1.0024646353552957,1.0027536373756705,1.003026369193702,1.0033326171329249,1.0037546793358023,1.0042200939827075,1.0047477588395684
experiment_172,1.0001105662656666,1.0001105662656666,1.0001105662656666,1.0001248780187528,1.0001248780187528,1.0010436339585216,1.0011036262311124,1.0011521834159236,1.0012158162031661,1.0012535330097647,1.00134349527179,1.001414662801275,1.0014705464412144,1.0015599998959643,1.0016455821986752,1.001741248178747,1.0018344044092744,1.0019565062786633,1.002084802578528,1.002203976859572,1.0023644956182658,1.0025288493008992,1.0026912629291762,1.002895700794448,1.0031013963649553,1.0033519564144733,1.0036232031567738,1.0038782113940734,1.0042206344260836,1.0045590632739831,1.004959167159304,1.0054041037058221
experiment_173,1.0001105662656666,1.0000992214079136,1.000087861807723,1.000087861807723,1.000087861807723,1.0013096640356378,1.0012342556866929,1.0011915705968024,1.0011043983467716,1.001084314905858,1.0010540937221442,1.001023824976481,1.0010040613803362,1.000997039901438,1.0009909631188392,1.001015981970473,1.0010424448227548,1.0010698760270336,1.00111474807035,1.0011592723358043,1.001219798133233,1.0012932815687514,1.0014134475978491,1.001532123297584,1.0016603706246776,1.0018104630199416,1.0019700956070545,1.002195597178926,1.0024480547962027,1.0027561411059047,1.0030719719518602,1.0035152736208441
experiment_174,1.0001105662656666,1.0001214842668844,1.0001214842668844,1.0001214842668844,1.0001214842668844,1.0015123107492057,1.0015625602918963,1.0016161222369806,1.0016482799513835,1.00167698779719,1.0017414766129322,1.0017550061869192,1.0017949872856924,1.0018191449927687,1.0018519078638655,1.0018769974102169,1.0018926896877542,1.001916253752675,1.0019311265544133,1.001945816197368,1.0019328477334002,1.0019530606196538,1.001936665605801,1.0019418925589407,1.0019614863543984,1.0019466175310254,1.0019541498487128,1.0019340634946716,1.0019030518045802,1.0019048823785852,1.0018768515586618,1.0018509098360708
experiment_175,1.0001105662656666,1.0001105662656666,1.0001105662656666,1.0001105662656666,1.0001105662656666,1.001036710992906,1.0010405668902682,1.0010435593670306,1.0010435593670306,1.0010462916265632,1.0010667428851021,1.001072226371452,1.0010722820905493,1.0010842792374888,1.001105202387318,1.0011179618506179,1.0011344710786003,1.0011449837098454,1.001168724453362,1.001182565818727,1.0012228731637862,1.0012425969053018,1.0012751501238881,1.0013065302436772,1.0013447553869947,1.0014009564501725,1.0014529334657492,1.0015014107863525,1.0015748088392886,1.0016268287787409,1.0016888558718466,1.0017888443302019
experiment_176,1.0001105662656666,1.0001105662656666,1.0001105662656666,1.0001105662656666,1.0001105662656666,1.0023269286153433,1.0024277502694354,1.0025546443226425,1.0026376110036281,1.0028363279340713,1.0029789110653358,1.003115467006752,1.0032053554075777,1.0033369019699188,1.0035636097951923,1.0036912145240051,1.0039142257725928,1.0040682931582465,1.0042210982076356,1.0044817851147765,1.0045971057113963,1.0048587405336533,1.005110923013935,1.0053447092883525,1.005649326042593,1.005977577810932,1.0062502975944942,1.0065888999788022,1.0067905420712524,1.0073649674414595,1.007675355703465,1.008239149236542
experiment_177,1.0001105662656666,1.0001105662656666,1.0001105662656666,1.0001105662656666,1.0001105662656666,1.0010352257069937,1.0010674582549481,1.0010930430092229,1.0011233525038294,1.0011791874066898,1.0012445057617998,1.0012947587131633,1.0013609842671838,1.001437486599876,1.0015066400162678,1.0016015032013712,1.0016795334443025,1.001782803649155,1.0018986591972798,1.0020038210996722,1.0021397739786135,1.002285691962732,1.0024334297767543,1.0026182121952374,1.0028049419941503,1.0030239376824293,1.0032220083626018,1.0034956206862908,1.0037508030179791,1.0040440932829577,1.0043465104546345,1.0047109002209105
experiment_178,1.0001105662656666,1.0001105662656666,1.0001105662656666,1.0001105662656666,1.000136910267408,1.0010092316722752,1.0010642507609533,1.001125847376892,1.0012029005826308,1.0012544273755783,1.0013305296805763,1.0014322308754509,1.0015258538535294,1.0016316284065125,1.0017443491499687,1.0018592874874497,1.0019923680753087,1.002174650830245,1.002349096143371,1.0025479204419414,1.002749950530457,1.003016961426017,1.0032896856226907,1.003594012236649,1.0039718242616213,1.0043411239057514,1.0048082816685888,1.005346605193775,1.0059316935407998,1.006612521628079,1.0074044318038964,1.008361649328161
experiment_179,1.0001105662656666,1.0001105662656666,1.0000938910071302,1.0000938910071302,1.0000938910071302,1.0016080079622238,1.0015197557454638,1.0014948498074938,1.001403234996009,1.0013633134323667,1.0012997186089974,1.0012552908247043,1.001208270924102,1.0011766225834131,1.0011361108924548,1.0011163714577838,1.0010674997138203,1.0010305045957213,1.0010253360402372,1.0010253360402372,1.0010070157708524,1.0010092430817092,1.001007173945684,1.001007173945684,1.0010292376991154,1.0010651348291322,1.0010651348291322,1.0011182368964788,1.0011593143343527,1.0011950234975213,1.0012558249996268,1.0013139927562447
experiment_180,1.0001105662656666,1.0001105662656666,1.0001105662656666,1.0001105662656666,1.0001105662656666,1.0008641442064636,1.000890314632694,1.000896569539883,1.000934809275964,1.0009601441498033,1.001003709546932,1.0010659686320555,1.0011341036534642,1.0012072517635742,1.001302096326148,1.0014108353821292,1.0015795007676627,1.0017420174219054,1.0019497138175628,1.0021935166908058,1.0025161524900392,1.0029019179797085,1.0033721181331325,1.003932240846871,1.0046170144730346,1.0054919072033905,1.0065548610355814,1.0078622969779767,1.0094804157967174,1.011539581684521,1.0140955779420602,1.0173835714628867
experiment_181,1.0001105662656666,1.0001105662656666,1.0001105662656666,1.0001105662656666,1.0001105662656666,1.0012597010867743,1.001278408438607,1.0012807383075146,1.0012805795884925,1.0012935850259488,1.001313856294091,1.0013616437787536,1.001417848688368,1.0014945448990378,1.0015768549133843,1.0016396596131665,1.0017396783025923,1.0018683444060215,1.0020115643345076,1.002190226120172,1.0023476356421084,1.0025145513213256,1.0027422625153264,1.0030331154817151,1.0033396910226906,1.0036595341224321,1.0040195496831559,1.0045184677716954,1.005003314504962,1.005588969244761,1.0063454046685791,1.0071373390140943
experiment_182,1.0001105662656666,1.0001105662656666,1.0001105662656666,1.0001105662656666,1.0001105662656666,1.0016145952649145,1.001669617471323,1.0016814250592234,1.0017042291544351,1.0017520130829805,1.0017909673122471,1.0018729207480475,1.0019739414629107,1.0020567755723389,1.0021559329773122,1.0022657416009486,1.0024156142725553,1.0025871935647872,1.0027948343538056,1.0030408761019682,1.0033108439741623,1.0035536751731398,1.0038891442106939,1.0042177722700325,1.004631165961295,1.0051437565247374,1.005674318887209,1.0062559976320693,1.0068089776861826,1.00774457910696,1.0085922331003017,1.0095218182708476
experiment_183,1.0001105662656666,1.0001105662656666,1.0000895323768662,1.0000895323768662,1.0000895323768662,1.0012444038728903,1.001207062235232,1.0012131187462452,1.0011862614677696,1.0012112831053313,1.0012596424425602,1.0012475678326334,1.001319157035011,1.0013837442188513,1.0014739075953343,1.0015683111860723,1.0017174294129472,1.0018351939388825,1.0019913047179876,1.0022197632745609,1.002440640564383,1.002754445366521,1.0030625134868683,1.0034555888650647,1.0039390385876932,1.0045210071214565,1.0051851514564127,1.0060300187788596,1.0069870680099784,1.0082455876446703,1.0095864627270792,1.0113630586922853
experiment_184,1.0001105662656666,1.0001105662656666,1.0001105662656666,1.0001105662656666,1.0001105662656666,1.0019142341976757,1.0018602806327297,1.001882644717281,1.001862157862764,1.0019499772616287,1.0019135869940694,1.0019412192920427,1.0019842870480016,1.0020916963507556,1.0021207119111208,1.0022221589824085,1.0022838880842866,1.0023249189661418,1.0024454841758066,1.0025424307586612,1.0026555706267715,1.0027685684754306,1.0029075148157098,1.0030536448890004,1.0032051413323544,1.0032967594066136,1.0034682861695723,1.003589492618951,1.0037786775022173,1.0040244085684527,1.0041747830144678,1.004364528991845
experiment_185,1.0001105662656666,1.0001215868643971,1.0001215868643971,1.0001215868643971,1.0001215868643971,1.0014231206554522,1.0014906640419907,1.001568048911393,1.0016177281877918,1.0016855843203207,1.001769825491366,1.0018506326035592,1.0019207767888645,1.0019669774718793,1.0020390389255096,1.0021304093224657,1.0022002805779098,1.0022692282920056,1.0023351938735137,1.002421669367154,1.0025112400655838,1.0025814185266646,1.0026646952880127,1.0027412260318072,1.0028054548046124,1.002892685667447,1.0029582955736724,1.0030438715812928,1.0031127512424953,1.0031967459348898,1.0032620876265272,1.0033574054256484
experiment_186,1.0001105662656666,1.0001105662656666,1.0001105662656666,1.0001105662656666,1.0001105662656666,1.0014006135912497,1.0014196835125484,1.0014603507654158,1.0014481632630963,1.0014956554157965,1.0015100212557098,1.001527877029661,1.001575996757134,1.0015764322385932,1.0015798245564493,1.0015892932072434,1.0016023294352432,1.0016023294352432,1.0016448261741866,1.0016415760377475,1.001654141727637,1.001665404357195,1.001681055497592,1.0016840493608155,1.0016840493608155,1.001678930914693,1.0016828409958412,1.0016948297694221,1.001707064580665,1.0017116258951122,1.0017173909371786,1.0017173909371786
experiment_187,1.0001105662656666,1.0001105662656666,1.0001105662656666,1.0001105662656666,1.0001105662656666,1.0012683157493723,1.0013108374974262,1.0013546819617463,1.001378845628572,1.001406751689761,1.0014471291750369,1.0014587852231494,1.0014807484201047,1.0014987032056344,1.0015314666003996,1.0015739858933101,1.0015906429622614,1.001609268221735,1.001625470907418,1.001660065579581,1.0017029096885244,1.0017301548904525,1.0017602353273194,1.0017717488880098,1.0018141679716637,1.0018412462007567,1.0019037613389552,1.0019455022750452,1.0019670635642677,1.0020359304738797,1.002065110295299,1.0021102835311466
experiment_188,1.0001105662656666,1.0001105662656666,1.0001105662656666,1.0001105662656666,1.0001105662656666,1.00110373165516,1.0010936007868299,1.0010934091797583,1.001088692930991,1.0011089420885717,1.0011287434307765,1.0011262011419229,1.0011544272136006,1.0011938969284346,1.0012370091732563,1.0012739129995407,1.00133201244139,1.0013678155486299,1.0014776662298746,1.0015317105888,1.0016395249823742,1.0017478252756733,1.0018773658801978,1.0019943200319812,1.0021324887914207,1.0023284840399942,1.0025444972324067,1.0027694941893857,1.003038651291215,1.0033199663381391,1.003663138240713,1.0040414646038087
experiment_189,1.0001105662656666,1.0001105662656666,1.0001105662656666,1.0001105662656666,1.0001105662656666,1.0011780585322354,1.0012302558717245,1.0012820987927287,1.0013296846186817,1.0013820600826757,1.0014661734473354,1.0015221454193621,1.0016026622904906,1.00168734160557,1.0017722212024995,1.0018813699674785,1.0019707484420555,1.0021069472725366,1.0022194574990206,1.0023513008495304,1.0025317473994015,1.0026817689741465,1.0028772355709865,1.0030481497230848,1.00326868484304,1.0034848545560078,1.0037435152953074,1.0040195685177449,1.0043021638835457,1.004631511350489,1.004938862982067,1.005298822078712
experiment_190,1.0001105662656666,1.0001105662656666,1.0001105662656666,1.0001105662656666,1.0001105662656666,1.0021304761018717,1.0021031411539554,1.0021422400992948,1.0021136917592495,1.0021921934315587,1.0021629583797291,1.002196382285359,1.002242643745646,1.0022479436450467,1.0023036096587856,1.0023250383930928,1.002407732167396,1.002567397117083,1.0025972801477896,1.0027454126773385,1.0028321077714777,1.002954302471542,1.0030380078098162,1.0032138927868297,1.003399405453041,1.0035289561762217,1.0037516923135226,1.0039595921480355,1.0042357952266248,1.0046254858552717,1.0049359511041396,1.00522060818791
experiment_191,1.0001105662656666,1.0001314425577135,1.0001314425577135,1.0001573242912192,1.0001782781190018,1.0016349768110135,1.0018618826224546,1.002105081221793,1.0023515936630936,1.0026460708965763,1.0029645274878105,1.003308335620229,1.0037265217452223,1.004134072679793,1.0045796975824308,1.0051387297934558,1.0056914677742395,1.0062934862677222,1.0069810799175476,1.0077068609686701,1.0084877968224635,1.0093932309417615,1.010339156045994,1.0113170842473451,1.0124556255486838,1.0136404715369152,1.0148619404378203,1.016234826064685,1.0176120732949798,1.0191000016117056,1.0206883730173255,1.0224024622837198
experiment_192,1.0001105662656666,1.0001105662656666,1.0001105662656666,1.0001105662656666,1.0001105662656666,1.0011341072953408,1.0011568757843803,1.0011641854509814,1.0011832119131947,1.0012034927708031,1.0012102058797216,1.0012167902575948,1.0012322821448714,1.0012377306446978,1.0012499736373708,1.0012673609481897,1.0012776539513761,1.001304526205342,1.001304526205342,1.001304526205342,1.001304526205342,1.001304526205342,1.001304526205342,1.0013445385576467,1.0013605570533226,1.0013782621746823,1.0013973243429524,1.0013973243429524,1.0014380625678339,1.0014582370445384,1.0014672683335273,1.0014992220155903
experiment_193,1.0001105662656666,1.0001105662656666,1.0001105662656666,1.0001105662656666,1.0001105662656666,1.0009147121024795,1.000981631242653,1.0010497541335008,1.0011049117589064,1.0011920566094596,1.0012911630550103,1.0014214731310602,1.0015591388121885,1.0017152721166849,1.0019107731946606,1.0021133209221085,1.0023952560569276,1.0026771636267116,1.0030486871419517,1.0034806786168478,1.004011627362514,1.0045920150692336,1.0053334935984592,1.006200532119754,1.0072452570819619,1.0084613510004141,1.009938225382468,1.0117759531631267,1.0139252011946356,1.0165293260148685,1.019592342144389,1.0233782199628532
experiment_194,1.0001105662656666,1.0001105662656666,1.0001105662656666,1.0001105662656666,1.0001105662656666,1.002456175986643,1.0025348169407602,1.0027392054207613,1.0027311019546241,1.002837657329029,1.0029784107912159,1.0031794974563313,1.0033492193427227,1.0035263253557107,1.0037044732621792,1.003918823929944,1.0041678807913506,1.0043833691626283,1.0046663247794823,1.0048507089684586,1.0051454603997927,1.0054381446986278,1.0059928129025335,1.0061435512716237,1.0065567416883643,1.0070652729285123,1.0076047516858526,1.0079199772681362,1.0086827987174858,1.0092383735100503,1.009865588941161,1.0106967022379076
experiment_195,1.0001105662656666,1.0001105662656666,1.0001105662656666,1.0001105662656666,1.0001105662656666,1.0008899253283146,1.0008979649658318,1.0009334008388353,1.0009666696916535,1.0009893310923106,1.0010261760155383,1.0010807382397735,1.0011252663241588,1.0011950391987412,1.0012496179325285,1.0013334437083348,1.0014134731980049,1.0015008198254343,1.001612535153026,1.0017263702623933,1.0018594546781627,1.0020045659086272,1.0021511790666666,1.0023304467088114,1.002556144074526,1.0027716707811019,1.0030200207444486,1.003297232200264,1.0036365832640832,1.0040088380943992,1.004413479806252,1.004859254538904
experiment_196,1.0001105662656666,1.000123304587492,1.000123304587492,1.000123304587492,1.000141771592876,1.0015178056377263,1.001658543603337,1.0017593062793626,1.0018813760600407,1.0020217818144308,1.0021426507421574,1.0023018893873321,1.002468893754515,1.0026805166529926,1.0028828949231576,1.0031161208370358,1.0033657215612304,1.0036555437163879,1.0038992967733975,1.0042640380916912,1.0045658076272883,1.0049565538093703,1.0053504270527969,1.0058345525957957,1.0063114800855673,1.0068520713888176,1.007418586715878,1.008089500922073,1.0087655204956893,1.0095371810218423,1.0104022934993935,1.0113035881433385
experiment_197,1.0001105662656666,1.0001105662656666,1.0001105662656666,1.0001105662656666,1.0001105662656666,1.0019575245248111,1.0020264269092807,1.0020774282230769,1.0020959803147516,1.0021218548635167,1.0021858993230084,1.0022109714540217,1.002273351511892,1.0022953264329342,1.0023030132685335,1.0023403535358224,1.002334863291175,1.0023315523387306,1.0023569461105037,1.0023619656019505,1.0023858153647043,1.0023557721316747,1.0023534293810705,1.002324233258562,1.0023552876818236,1.0023025786113513,1.0022730503642965,1.0022516271071449,1.0022082125730132,1.002198039647205,1.0021616642709494,1.002113781126038
experiment_198,1.0001105662656666,1.0001105662656666,1.0000956010902216,1.0000956010902216,1.0000956010902216,1.0006783291582362,1.0006923935968433,1.000698241334101,1.0007250601347457,1.000756231795479,1.0008093992675517,1.0008679275433219,1.000940406362334,1.00103313045518,1.0011453032157247,1.0012758188623685,1.0014630303575036,1.0016837938368115,1.0019386254063665,1.002297844431653,1.0026918594980696,1.0031994735546232,1.0038508541453328,1.0046874469644829,1.0057313335971088,1.0070098308794333,1.0086584008317956,1.0107588739550826,1.0134137360342754,1.0168111002833435,1.0211719025875117,1.0268073650497773
experiment_199,1.0001105662656666,1.0001105662656666,1.0000948189348464,1.0000948189348464,1.0000948189348464,1.0012115071272512,1.0011824153865467,1.0011866168294623,1.0011851626934178,1.001161888568267,1.0012046424373637,1.0012183091854632,1.0012125591100085,1.0012648310159131,1.001287726667156,1.0013341422093156,1.0013605774049825,1.0014388377890338,1.0015018450164523,1.0015669900275455,1.0016879771161669,1.0017612321109446,1.0019026369633492,1.0020224284718344,1.0021755662964467,1.002352762809368,1.00251775184059,1.0027682131312112,1.0030121426600784,1.003259343506527,1.0036099298678987,1.0039539073774888
experiment_200,1.0001105662656666,1.0001105662656666,1.0001105662656666,1.0001105662656666,1.0001105662656666,1.0016355141893096,1.0016808129930443,1.001808103423909,1.00184474817257,1.001925197927395,1.002041294019899,1.002119787992731,1.002239108697624,1.0023312425866429,1.0024197957769034,1.002549419804814,1.0026973000434747,1.0028185398005094,1.0029502993116846,1.0030592771843345,1.0032340859334972,1.003418251871468,1.003630116911073,1.0037422207500357,1.0040308964254347,1.00417239524918,1.0044484880708464,1.0046766598828638,1.0049470992602556,1.0052986077294075,1.005667547378062,1.0060963877209743
experiment_201,1.0001105662656666,1.0000952999933637,1.0000820700556443,1.0000820700556443,1.0000820700556443,1.0007666418493049,1.0007225521165461,1.0006669072667376,1.000627056546931,1.0005883999638103,1.0005531744005793,1.00054326428715,1.000526669774089,1.0005019956904575,1.0004990495613788,1.000496603227431,1.0005115361871708,1.000506723920392,1.0005269696795753,1.0005412603809245,1.0005656136296857,1.000603253599719,1.000636388041804,1.0006818426744104,1.0007308595014572,1.0008100961586568,1.0008764665538257,1.0009953640251226,1.0010870492408526,1.001218807529167,1.0013584678251592,1.001545067533726
experiment_202,1.0001105662656666,1.0001105662656666,1.0001105662656666,1.0001105662656666,1.0001105662656666,1.0011696611561876,1.0011865305265963,1.0011865305265963,1.001215078391439,1.001241085995428,1.0012630784444254,1.0012962015038074,1.001303730661908,1.0013361591182173,1.001390693152853,1.0014174683445043,1.0014787732519912,1.0015202944969048,1.0015370242935904,1.001600417787789,1.0016625026005601,1.0017376088452778,1.0017976801082107,1.0018614116957307,1.0019265160304072,1.002045270187312,1.002124265004276,1.002241198377256,1.0023617518745278,1.0024567192955929,1.0026057858730006,1.0027690704037107
experiment_203,1.0001105662656666,1.0001105662656666,1.0001105662656666,1.0001105662656666,1.0001324585126607,1.002012214164574,1.0021978259791895,1.0022898935630844,1.0023680181095729,1.0024953509584074,1.0026186586744912,1.002736212181782,1.0028860350385411,1.0030809864329528,1.003214294762968,1.0033361295731689,1.0035050429214603,1.003687466202842,1.0039203945537531,1.0041480663757185,1.0042903757399855,1.004610870463587,1.0048937754157417,1.005098646495891,1.0054992618279528,1.005799155636757,1.0061314796800125,1.0065536309576315,1.0069711496769975,1.0073212441855401,1.0076840905340736,1.0082066394726463
experiment_204,1.0001105662656666,1.0001105662656666,1.0000914566516013,1.0000914566516013,1.0000914566516013,1.0010637675946767,1.001022081471402,1.0009967797976533,1.0009811279255139,1.0009597738028135,1.0009827342153461,1.0009827342153461,1.0010126536043,1.0010431214165405,1.0010830182113966,1.0011200872038573,1.001202736358595,1.001296439648555,1.001370952513526,1.00148712931064,1.0016197312990385,1.0017700574089954,1.0019416441461508,1.0021455287929668,1.0023828920021483,1.002668779358433,1.0030087020807446,1.003381308441119,1.003822398155302,1.0043562238579535,1.0050085381135732,1.0057268121931213
experiment_205,1.0001105662656666,1.0001105662656666,1.0001105662656666,1.0001105662656666,1.0001105662656666,1.0015537019966982,1.00156491174347,1.001555680377556,1.0015518647171862,1.0015663955306195,1.001590235455531,1.0016340965357402,1.0016652153067038,1.0017137786638712,1.0018009546862352,1.0018401532315497,1.0019140361336307,1.0019985568343621,1.0021234809297928,1.0021895385293997,1.0022950149007352,1.0024329978096163,1.0025502334972616,1.0026571376860534,1.002852416708323,1.0030773002317313,1.0033292722046214,1.0034835804902644,1.003746309423247,1.0040216735337617,1.004339778582378,1.0046276087396637
experiment_206,1.0001105662656666,1.0001105662656666,1.0000929605002082,1.0000929605002082,1.0000929605002082,1.001394809126683,1.0013381613668586,1.001276521130697,1.001196366119486,1.0011779040507072,1.0011085456559212,1.001097443877789,1.0010702608092803,1.0010165222493639,1.0010394419464919,1.0010316928352736,1.001025387003717,1.0010106952501938,1.0010380836780493,1.0010380836780493,1.0010821558067744,1.0011087980030282,1.0011459579974136,1.0011935819894908,1.0012404816209912,1.001311975668954,1.0013935027479113,1.0014930766857901,1.0015754465951758,1.001699599482359,1.0017725975027394,1.0019072568043306
experiment_207,1.0001105662656666,1.0001105662656666,1.0000874294075603,1.0000874294075603,1.0000874294075603,1.000561481222326,1.0005655922027523,1.0005452051356987,1.0005422119029468,1.0005420649206571,1.0005495936146045,1.0005663829043254,1.0005901100452823,1.000629549061573,1.0006753656665979,1.0007382420150523,1.0008104890223068,1.000887044443822,1.0010175675921884,1.00117406075212,1.0013560932445973,1.0015939269964214,1.001874342013401,1.002241779968775,1.0027160258418706,1.0033147574670356,1.0040695945200746,1.0050568058426494,1.0063085359654333,1.0078618407257887,1.009952933059639,1.0125854684559894
experiment_208,1.0001105662656666,1.0000990840384845,1.0000833112649288,1.0000833112649288,1.0000833112649288,1.0007373771685946,1.0006855762706877,1.0006284747578416,1.000622081858185,1.0006028157946552,1.0005864779464797,1.0005706009768347,1.0005737589290646,1.0005784382402163,1.000594670408689,1.0006167154122592,1.0006441481415331,1.0006897615046075,1.000748575598449,1.0008128523894473,1.0008939809333708,1.001003833206937,1.0011365310706721,1.0012762242143824,1.00149281567141,1.0017226081273174,1.002029492464557,1.002409757199116,1.0028675022252358,1.0034421886397038,1.0041414734749714,1.0049958249281628
experiment_209,1.0001105662656666,1.0001105662656666,1.000095768770982,1.000095768770982,1.000095768770982,1.001732797941407,1.0016873479403123,1.0016616370331404,1.001616420132157,1.00157152491204,1.001566884087268,1.0015168949075581,1.001465891119905,1.0015235473261834,1.0015188374369255,1.0014874513278154,1.001495037330832,1.0015287901197372,1.001574351245599,1.0015758743405305,1.001636387032807,1.0016357002133032,1.001694244896498,1.0017290022905914,1.0017652144074556,1.0018418601444945,1.0019442304262791,1.0019341379978377,1.0021546448227547,1.0021875002479335,1.0023094140684983,1.0024248937512146
experiment_210,1.0001105662656666,1.0001226255037898,1.0001226255037898,1.0001226255037898,1.0001226255037898,1.0019272697209236,1.0019896758737794,1.0020799644707972,1.0021478494096663,1.002224595303593,1.0023041510513413,1.0024187547879488,1.002537339293192,1.0026545390182473,1.0028072598481717,1.0029207201979489,1.0030400167501485,1.0031759969574265,1.0033856667770582,1.0035671374310398,1.003730435225708,1.0039190641240783,1.004160895640274,1.0043499259292443,1.0045795815854923,1.004877589678958,1.0050850507099123,1.0053573044160937,1.0057084002359276,1.0060220248291667,1.0062948000656553,1.006571252411059
experiment_211,1.0001105662656666,1.0001105662656666,1.0001105662656666,1.0001105662656666,1.0001105662656666,1.000957248180989,1.000983260273845,1.0010065413988893,1.0010409905326525,1.0010573901497408,1.0010961233041056,1.0011291731656327,1.001187634971018,1.0012358465982778,1.0012898149625309,1.001340162508297,1.0013777288601917,1.0014689308581857,1.0015369049840541,1.0016197561084876,1.0017284601931267,1.001827610561346,1.001940226165364,1.0020733571124318,1.0022171704469924,1.0023792239216587,1.002545864170641,1.0027675096976247,1.0029850388722945,1.00322441664348,1.003514491925993,1.0038206282173283
experiment_212,1.0001105662656666,1.0001105662656666,1.0001105662656666,1.0001105662656666,1.0001105662656666,1.0007670000011153,1.000793873025334,1.0007934163454626,1.000805872118232,1.0008180744109738,1.0008354727983182,1.0008466308301793,1.0008736873798696,1.0009013412865535,1.0009342531883136,1.0009653327261168,1.0010045655240638,1.0010588180180688,1.0011112306867898,1.0011709269629059,1.0012419842378781,1.00132204688829,1.0014138137722315,1.0015369612879947,1.0016591276514075,1.0017827737958176,1.0019514327372188,1.0021123897997666,1.002320581135708,1.0025510423243964,1.0028093038304564,1.0031025158862927
experiment_213,1.0001105662656666,1.0000971320033623,1.000084547502637,1.000084547502637,1.000084547502637,1.0012968997821778,1.0012233634446361,1.0011835736640542,1.0011160142210376,1.0010792170946843,1.0010662264123875,1.0010248419397347,1.0010281867577686,1.0010243916219617,1.0010355509280726,1.0010512024672995,1.001075004076759,1.00111277213199,1.001165588629851,1.001194480674079,1.0012558031759144,1.001328809746158,1.0014543750293647,1.001549202342582,1.0017319728140575,1.001836501904806,1.001998798247545,1.0022283504603136,1.002462432995608,1.002702725168972,1.0030392018678453,1.0034838539657476
experiment_214,1.0001105662656666,1.0001105662656666,1.0001105662656666,1.0001105662656666,1.000154836924075,1.0025483462589944,1.002754051328585,1.0029740580322364,1.0031243174729765,1.0032899769832595,1.0034613679168007,1.0036217587901937,1.0038007038209258,1.0039487773197238,1.0040709556161922,1.0041589414210972,1.0042130722491829,1.004286094529069,1.00429543487741,1.0043522801136109,1.0043816990400414,1.0043065736702854,1.0043169118068807,1.00425078804234,1.004235684343771,1.0041116109876447,1.0040012461757688,1.0038852144650063,1.003707428484973,1.0035518431536528,1.0033730503678262,1.0032524602495354
experiment_215,1.0001105662656666,1.0001105662656666,1.0001105662656666,1.0001105662656666,1.0001105662656666,1.001159451642416,1.0011753591548156,1.0011765352638693,1.0011899138319051,1.0012375744909392,1.0012547567192311,1.0013262120177768,1.0013625614569541,1.0014423554479435,1.0015153828655037,1.0016297773377723,1.0017157610863008,1.0018462683969576,1.001953682957595,1.0021243793975911,1.0022819574035609,1.0024761323177573,1.0026716095023556,1.0028773378572136,1.0031121929121725,1.0034117198967174,1.0036826654326674,1.004027382670362,1.0043851038743128,1.0047898395060793,1.0051696305250497,1.0056458118696883
experiment_216,1.0001105662656666,1.0001105662656666,1.0000928266021138,1.0000928266021138,1.0000928266021138,1.0007947985832921,1.0007817145487994,1.000770154545197,1.0007695695491665,1.0007563858829396,1.0007579252133425,1.0007623958425858,1.000789013141467,1.0008164149951533,1.0008439963335134,1.0008739257362969,1.0009220775847374,1.000972536109342,1.0010321692074478,1.0011031309280147,1.0012102211079443,1.0012961854355507,1.0014179746202618,1.0015858710046779,1.00175257092107,1.001943830350092,1.0021687837302338,1.0024517970714673,1.0027639695680093,1.003168411820474,1.0036081521769962,1.004156415668047
experiment_217,1.0001105662656666,1.0001105662656666,1.0001105662656666,1.0001105662656666,1.0001105662656666,1.0012005887730462,1.0012669610874967,1.0013221617325196,1.0013760964691225,1.0014197652989245,1.001479811957001,1.0015495758257005,1.0016209615815874,1.0017193680188294,1.0017897235428426,1.0018743121320983,1.0019804650267807,1.002098331728564,1.0021768716779171,1.002290493755789,1.0024087925632763,1.0025566215028392,1.0026855551866816,1.0028401580305744,1.003002786852734,1.003151286509379,1.0033437461793995,1.003543427455205,1.0037211589164978,1.0039881431750484,1.0042329553525893,1.0044990576926038
experiment_218,1.0001105662656666,1.0001105662656666,1.0001105662656666,1.0001105662656666,1.0001105662656666,1.0015106522166661,1.001449314387926,1.0014168405937771,1.0013820870045858,1.001372268241866,1.001305514789568,1.0013120143860899,1.0012958082981411,1.0012874846928919,1.0013116325327693,1.0012880834795908,1.0013165992689048,1.0013538982588637,1.0013783811835593,1.001415748953068,1.0014633778537825,1.0015273065916994,1.0015927782437308,1.0016858489602793,1.0017623403045217,1.0018821134083709,1.0019454881833996,1.002107365451086,1.0022698866013948,1.0023762780398822,1.0025961979137188,1.0028030769929153
experiment_219,1.0001105662656666,1.000100081538117,1.000086928833103,1.000086928833103,1.000086928833103,1.0011753672400978,1.0011074543078757,1.0010331904629646,1.0009957054675716,1.0009548577455392,1.0009198603327407,1.0008674311746786,1.000869362172859,1.0008817595965582,1.0008718442336844,1.0008539948025141,1.0008602821384525,1.0008689366192933,1.000883649567731,1.0009195165480602,1.0009391968997587,1.0009711899281317,1.001051851066692,1.001141942096303,1.001193515736664,1.0013258495006099,1.0014404578574971,1.0015598242910417,1.0017456235593454,1.001896549582867,1.002182671255632,1.0024209659812
experiment_220,1.0001105662656666,1.0001211571740523,1.0001211571740523,1.0001211571740523,1.0001452675460718,1.0010863098232006,1.0011561763380203,1.001243167009993,1.0013150878641266,1.0013958452545075,1.001488195276391,1.0015822847281317,1.0016975588204864,1.0018029555665557,1.0019128120407046,1.0020698796624485,1.0022211544873387,1.0023718838595774,1.0025443969405512,1.0027379164816392,1.0029557898959123,1.0031839890834093,1.0034505891570447,1.003742277873899,1.0040451994807773,1.0043964283226714,1.0047766183069473,1.0051950806692556,1.0056365908126492,1.0061402392325336,1.0066893941509076,1.0072740442837722
experiment_221,1.0001105662656666,1.0001105662656666,1.0001105662656666,1.0001105662656666,1.0001105662656666,1.0013145707021927,1.0013178505687947,1.0013344181238693,1.0013348459026734,1.0013694024495192,1.0013694024495192,1.001416749899976,1.0014649252017318,1.0014885549050117,1.001519480848511,1.001573257057613,1.0016326862695086,1.0016596997360685,1.0017303693836483,1.0018007929781474,1.0018459662118568,1.0019334656291883,1.00198539493935,1.002100690268723,1.0021814314890582,1.0022733258504806,1.0023964660330054,1.0025018921145261,1.0026530418617166,1.0027457062200966,1.0028951748257877,1.0030147529128546
experiment_222,1.0001105662656666,1.0000970609368933,1.0000831997664914,1.0000831997664914,1.0000831997664914,1.0006329043970084,1.0005907425169869,1.000554319990961,1.0005210614692266,1.0005049499246232,1.0004892957004239,1.0004746401727826,1.0004725570375226,1.000466584039598,1.0004766046571705,1.0004926666173402,1.000516458866288,1.0005357989791253,1.000577933517163,1.0006238145984745,1.0006884288521478,1.0007591656458976,1.0008675695425948,1.0009779957719314,1.0011219370530902,1.001317633006144,1.0015354124427203,1.0018432159575488,1.0022068215442097,1.0026457056363367,1.003239594631535,1.0039247063027903
experiment_223,1.0001105662656666,1.0001105662656666,1.0001105662656666,1.0001105662656666,1.0001105662656666,1.0012139128929602,1.0011926024936306,1.0012055128893738,1.00116659022676,1.001153672989761,1.0011363924930217,1.0011231680839818,1.0010988037319528,1.0010700431053172,1.0010374974620382,1.0010250219090133,1.0009875430029371,1.0009672779006107,1.0009535398944953,1.0009279621823781,1.000896440463698,1.000877473925723,1.0008625666145297,1.0008355501098838,1.0008095486715292,1.0007853137091867,1.0007738788295957,1.0007529793951193,1.0007264147858406,1.0007080498259648,1.0006910096831838,1.0006614804659515
experiment_224,1.0001105662656666,1.0001105662656666,1.0001105662656666,1.0001105662656666,1.0001105662656666,1.0013119359829004,1.0013840324092547,1.0014064010958295,1.001459834251916,1.0014964971077325,1.0015673638847387,1.0016108330819007,1.0016532295105631,1.0017263850797529,1.0017654513308978,1.0018279568184427,1.001897398375328,1.001970607298681,1.0020322909095634,1.0021166126069043,1.0021700610664155,1.0022554428719757,1.0023429448388852,1.0024331662901766,1.0025129715550904,1.0026040610308178,1.0026982192710734,1.0028138722833861,1.0029432090535115,1.0030632963279527,1.0031910174351517,1.0033191152881549
experiment_225,1.0001105662656666,1.0001105662656666,1.0000907498012606,1.0000907498012606,1.0000907498012606,1.000581497767338,1.0005773270293583,1.0005608896513636,1.000562815340639,1.0005747183573463,1.0005893730261828,1.0006166242332593,1.0006511071506103,1.0006975758419665,1.00075175090354,1.0008267162875675,1.0009219069701818,1.0010283324782239,1.0011826810904876,1.001350714287797,1.0015606522651608,1.0018310430777706,1.0021705103770377,1.0026088443366665,1.003150556078715,1.0038175417768467,1.0046782947572448,1.0057745822187116,1.0071855340039446,1.0089677567489637,1.0112418841585749,1.0143092337328241
experiment_226,1.0001105662656666,1.0001105662656666,1.0001105662656666,1.0001105662656666,1.0001105662656666,1.0006776172919152,1.0006872827658562,1.0006896380474481,1.000715131008167,1.0007422480449202,1.000782125168715,1.00082874915647,1.0008656293280809,1.000954049065134,1.001049896113879,1.0011565744968254,1.0012792930227168,1.0014331127129097,1.0016175741567086,1.0018539281333918,1.0021146176679538,1.002447335699743,1.002867245359502,1.0033528925879351,1.0039371523003633,1.0046790394049212,1.0055998317302102,1.0066663171226156,1.0080336462507218,1.0097365658381283,1.0117944266714272,1.0143090455892199
experiment_227,1.0001105662656666,1.0001105662656666,1.0001105662656666,1.0001105662656666,1.0001105662656666,1.001307050394296,1.0013731496043317,1.00146109873763,1.001542440472939,1.001657076971039,1.0017877943221545,1.0019318396865964,1.0021015443169576,1.002273343856932,1.0025260411861319,1.0027275587572821,1.003034243258163,1.003356793299681,1.0036781843708125,1.004118829166713,1.0045424719441456,1.005090057327222,1.0056612150522632,1.0063328734215835,1.0070757295490065,1.0078887117353719,1.0088557643283538,1.009982929942414,1.0112162794725852,1.0126187611395046,1.0141241683702864,1.0159371922828848
experiment_228,1.0001105662656666,1.0001105662656666,1.0001105662656666,1.0001105662656666,1.0001105662656666,1.0023980917406914,1.0024564154716509,1.002459424887829,1.0024829139283133,1.002500059077391,1.002479505209087,1.0025292968749877,1.0025515256598017,1.0025624135926545,1.0025240554222763,1.002502701208623,1.0025354521792262,1.002470089228591,1.0024363240662901,1.002473892819162,1.0025127553792512,1.0024031298594835,1.0024151184936259,1.0024376114878744,1.0023647397521522,1.0023321666831528,1.0023173856391596,1.0023173856391596,1.0023322188491308,1.0023411382526248,1.0023143863527864,1.0022949549514824
experiment_229,1.0001105662656666,1.0001105662656666,1.0000921156105145,1.0000921156105145,1.0000921156105145,1.0014723794460567,1.001438447532608,1.001455171241665,1.0014208385984376,1.001489747165951,1.0015331986907567,1.0016088932075247,1.0016566903177861,1.0017134189147423,1.0018236531578961,1.001983084490464,1.0021086032913982,1.0023116086613766,1.0024860627317496,1.0027514078913093,1.003106706066469,1.0033474592229104,1.0037519028337287,1.0041539161378483,1.0046951811467961,1.005199438906813,1.005851577232745,1.0067601905444954,1.0076278525553495,1.0087568802504951,1.0099419006793895,1.0116529035022221
experiment_230,1.0001105662656666,1.0001105662656666,1.0001105662656666,1.0001105662656666,1.0001105662656666,1.0007687919932367,1.0007977769117606,1.0008173658913582,1.000860566239505,1.0009114643812669,1.000962446406423,1.0010458034019332,1.0011349116594697,1.001234698785576,1.0013768814334236,1.001547462565912,1.0017299811182665,1.001972373361608,1.0022673513557403,1.0026031345756525,1.0030299192280416,1.0035717051020083,1.0041945440860038,1.0049548683960061,1.0059029801886448,1.0070775498175388,1.0084994982320128,1.0103103899775996,1.0125494962832826,1.0153477373489543,1.0189034493106728,1.023323505543007
experiment_231,1.0001105662656666,1.0001105662656666,1.0001105662656666,1.0001105662656666,1.0001105662656666,1.0007385909792073,1.0007366446627315,1.0007406260150247,1.0007600149331468,1.0007782497712303,1.000818599257519,1.0008426187540274,1.0009084246822777,1.0009659647302545,1.0010499670253943,1.0011523875488664,1.0012594419096061,1.0014011006239734,1.0015732207954973,1.0017751582231522,1.0020281094824137,1.0023220178118915,1.0026949631148623,1.0031525328233748,1.0037175625240113,1.0043836108078177,1.0052105964163094,1.0062759100620364,1.0075035257752512,1.0091066080165725,1.0111204561856062,1.0135354604520133
experiment_232,1.0001105662656666,1.0001105662656666,1.0001105662656666,1.0001105662656666,1.0001105662656666,1.001125989237067,1.001117437599736,1.0010884869844776,1.0010360451409952,1.0010360451409952,1.0010428128467341,1.0010201403734027,1.0010311070692652,1.0010661622691557,1.0010953551429778,1.0011105832654763,1.0011329957712707,1.0011859292464977,1.00124124532682,1.0013258225230424,1.001401959555992,1.0015291608277652,1.0016307544378114,1.001762345380296,1.0019308037212458,1.0020801110121,1.0022844006686034,1.0025184858165912,1.0028370416454564,1.0030990489340839,1.003470167052922,1.0038466594476998
experiment_233,1.0001105662656666,1.0001105662656666,1.0001105662656666,1.0001105662656666,1.0001105662656666,1.00121977250277,1.0012204483378244,1.0012185972781011,1.00124450052733,1.001246413815676,1.0012761640553587,1.0013334170846724,1.0013515005429205,1.0014277344654268,1.00147254384813,1.0015348086318432,1.0016206883907834,1.0017266791040422,1.00180113546729,1.0019194107573244,1.0020666318647187,1.0022251841874317,1.0023967000010041,1.002547576621497,1.0027684133116228,1.0030108251778527,1.0032062655873204,1.0035410656174146,1.003850822716041,1.0041386039555305,1.0046070261403743,1.0050564457920603
experiment_234,1.0001105662656666,1.0001105662656666,1.0001105662656666,1.0001105662656666,1.0001105662656666,1.0013465546669156,1.0013434759634505,1.0013291418204455,1.0013284467600776,1.0013374543130373,1.0013437625354464,1.0013774419281054,1.0014043232705125,1.0014438452980328,1.0014986135039505,1.0015403891767032,1.0016213049268594,1.0017041809898544,1.001796367568182,1.0019261948632825,1.0020467016871057,1.0022084402614977,1.0023850918178694,1.0026236297430382,1.0028353254390638,1.003163450377689,1.00343894158704,1.0038748801889994,1.004312076487221,1.004826489115512,1.005418926564324,1.0061075557366979
experiment_235,1.0001105662656666,1.0001105662656666,1.0001105662656666,1.0001105662656666,1.0001105662656666,1.0008314887399643,1.0008439791451005,1.0008429768217593,1.0008603347150142,1.000867458585354,1.000888382061005,1.0009085788433032,1.0009234399256468,1.000962806570639,1.0009938221320702,1.0010478838908912,1.0011016120352494,1.001159384480174,1.0012515830877362,1.0013446150210363,1.0014349229736936,1.0015579236072474,1.0017015277456007,1.0018630483779953,1.0020630892896487,1.0022863799906612,1.002534558679989,1.0028235837127386,1.0031736843568282,1.003550385875175,1.003992805933469,1.0044725464016107
experiment_236,1.0001105662656666,1.0001105662656666,1.0001105662656666,1.0001105662656666,1.0001105662656666,1.0020748384145972,1.0021431868247206,1.0021852600531347,1.0022368623299411,1.002294370663402,1.0023970299471985,1.0024771477402572,1.0026165058788963,1.0026771703248911,1.0028673200120315,1.0030314790246901,1.0032232281872422,1.0034053272475558,1.0036193810897158,1.0038521615184421,1.00415275880979,1.0043960873542321,1.0047534640096694,1.0050795821189564,1.0055195691742533,1.0060250084482434,1.006518112234444,1.0070996699826589,1.0078572946212618,1.0086910109353426,1.009392661553059,1.0102126357276637
experiment_237,1.0001105662656666,1.0001105662656666,1.0001105662656666,1.0001105662656666,1.0001105662656666,1.0007111877170811,1.0006823816993269,1.0006509852436891,1.0006124309747744,1.0005698155778622,1.0005672988056205,1.000533836768045,1.0005301298662659,1.000513605216795,1.0004948571609635,1.0004736564438095,1.000478555463437,1.0004771462509856,1.0004763252279754,1.0004763252279754,1.0004763252279754,1.0004763252279754,1.0004908897083575,1.0005098326961541,1.0005098326961541,1.0005369115508902,1.000564590407636,1.0005953363227829,1.0006324438372614,1.000670341782184,1.0007188725042253,1.0007792065608576
experiment_238,1.0001105662656666,1.0001105662656666,1.0001105662656666,1.0001105662656666,1.0001105662656666,1.0011023805946884,1.0010737746605416,1.00104931216732,1.0010399421310534,1.0010430127425396,1.0010209550439806,1.0010270396984622,1.0010436781095933,1.0010643173325497,1.0010973698978793,1.0010973698978793,1.0011414443550382,1.0011776753941188,1.0012355752708395,1.001252412470833,1.0013086301298577,1.001385527451129,1.001456187689631,1.0015254289106772,1.001614063938041,1.0017252158655447,1.0018382258470582,1.0019832561065762,1.0021286664532043,1.002256604744753,1.0024129473658359,1.0025755712776787
experiment_239,1.0001105662656666,1.0001105662656666,1.0001105662656666,1.0001105662656666,1.0001105662656666,1.001032931279314,1.0010800107547233,1.0011382805160403,1.001204513988993,1.0012683294572573,1.0013234891018328,1.0013886241878052,1.0014423711454756,1.0015182948262262,1.0015665157140063,1.0016291435411178,1.0017168262542866,1.0017652533578363,1.0018308917616312,1.0018954702929268,1.0019706437374167,1.0020284665371713,1.0020826588753389,1.0021412401556864,1.0021957639151557,1.0022556054132388,1.002320311874117,1.0024045071207923,1.0024655113152088,1.0025266509757367,1.0026013003728496,1.0026745557126828
experiment_240,1.0001105662656666,1.0001105662656666,1.0001105662656666,1.0001105662656666,1.0001105662656666,1.0012047732144882,1.0011973935155196,1.0011739939369853,1.001147276230649,1.001127351661027,1.001135190991697,1.0011294081688717,1.0011199716942287,1.0011159150740343,1.0011144127487699,1.0011097309538504,1.001109136079129,1.0010984776662784,1.001076823040408,1.001086083619796,1.001086255416496,1.001086255416496,1.0011008585354886,1.0011155019265674,1.0011107641710284,1.0011256498339396,1.0011256498339396,1.001134906940398,1.001134906940398,1.001134906940398,1.001134906940398,1.0011867332332682
experiment_241,1.0001105662656666,1.0001105662656666,1.0001105662656666,1.0001105662656666,1.0001105662656666,1.0010173757947303,1.0009921743301755,1.0009919110137415,1.000972959871163,1.0009645032368537,1.000945783420616,1.0009345216497398,1.0009390210511242,1.0009710322269139,1.000979775144682,1.001006819211346,1.0010410663250195,1.0010662174432696,1.0011127038442906,1.001152581052681,1.0012140093220798,1.0013135227404864,1.0013832220920955,1.001480323807544,1.0015811485044686,1.0017298401268206,1.0018723947959516,1.0020563802746616,1.0022579118046109,1.0024827121143918,1.002716961123046,1.0030334585579461
experiment_242,1.0001105662656666,1.0001105662656666,1.0001105662656666,1.0001105662656666,1.0001105662656666,1.001833128914877,1.0019110540650167,1.0019367070206446,1.0019737068025196,1.0020270416489203,1.0020819619969619,1.0021687975732347,1.0021987383168518,1.002289254423762,1.0023482480205477,1.0024294316042748,1.0024960917648342,1.0025678358764492,1.0027204336909346,1.0027899384927412,1.0029156411235773,1.002999953159473,1.0031708651065263,1.0032865421996287,1.0033525474390241,1.003524754688896,1.0036888538059427,1.003838957851581,1.004069784974985,1.0042480879546107,1.0044296467017249,1.0046432228728448
experiment_243,1.0001105662656666,1.0001105662656666,1.0001105662656666,1.0001105662656666,1.0001105662656666,1.0013796603825087,1.0013429228517312,1.0013313795056982,1.001316276419985,1.0013321696869346,1.001294218521509,1.0013245033867886,1.0013695754539578,1.0013832350464087,1.0014482715413213,1.0014788819657041,1.00156408837357,1.0016450300934898,1.0017440173921686,1.0018913803194687,1.002070809477475,1.0022564426456704,1.00247361516129,1.0027125340516863,1.0030283590573088,1.0032785615401836,1.0037171053928526,1.0041260717222418,1.0046748187861627,1.005187305945066,1.0059307107432887,1.0067588899399833
experiment_244,1.0001105662656666,1.0001105662656666,1.0000934448051966,1.0000934448051966,1.0000934448051966,1.001213121427925,1.0011326636479398,1.0011242827847153,1.0010800947419616,1.001045156849222,1.001044283869819,1.0010260537313465,1.0010254253276993,1.0010076839515631,1.0010190695782955,1.0010191086462406,1.0010441305756697,1.0010732040011312,1.0010967846092431,1.0011727444629306,1.001223153676306,1.0012730603031175,1.0013661778087435,1.0014278204204226,1.0015497093806704,1.0016378693392023,1.0017944953851345,1.0019505593164528,1.0021361836214657,1.0023457265600493,1.002552286153561,1.0027968201020374
experiment_245,1.0001105662656666,1.0001105662656666,1.0001105662656666,1.0001105662656666,1.0001105662656666,1.0012642579417144,1.0013293492448898,1.0013648263021973,1.0013931357370727,1.001455294682055,1.0015013288445618,1.0015551035367916,1.0015906196101676,1.0016313558538585,1.0016689727508021,1.0017193375338669,1.0017493950065113,1.00177943174483,1.0017895078555625,1.0018214127051432,1.0018476297528085,1.001880544696002,1.0019003045095964,1.0019214565651309,1.001934488560687,1.0019471128238089,1.0019608012206247,1.001971029403413,1.0019595174636096,1.0019580561913457,1.001975381314409,1.0019623107962625
experiment_246,1.0001105662656666,1.0001105662656666,1.0001105662656666,1.0001105662656666,1.0001105662656666,1.0017471553879032,1.001749330533112,1.0017679603131882,1.0017797576250194,1.0017669795367266,1.0017954296954774,1.0018323161638971,1.001887659679069,1.0019177164329574,1.0019954798432107,1.0020643745586149,1.0020736099269336,1.0022418124822914,1.0023084360701286,1.0023878201639207,1.0025878827038066,1.0027202356225342,1.0028680959234413,1.0030144519497572,1.0032286223390743,1.0034616343932525,1.0035861772202288,1.003920496087294,1.0041817205308714,1.0044474575100624,1.0048167537777408,1.00512554448186
experiment_247,1.0001105662656666,1.0001105662656666,1.0000881342539845,1.0000881342539845,1.0000881342539845,1.0010044164328666,1.0009705790471584,1.000942283269991,1.0009218812974634,1.0008911531840685,1.0008958770971221,1.0009047127396264,1.000922369759462,1.0009322744218017,1.0009551881638188,1.000989499142318,1.0010040472994597,1.0010552411790756,1.001100709007358,1.0011924013543307,1.0012737863277907,1.0013529844302114,1.0014577145071095,1.001580638082369,1.001729295164262,1.0019094849210435,1.0020591119912563,1.0023018459636928,1.002609749738924,1.0029260726225657,1.0032999515633019,1.0037093689336134
experiment_248,1.0001105662656666,1.0001105662656666,1.0001105662656666,1.0001105662656666,1.0001105662656666,1.0014730223649986,1.0014689064965965,1.0015068171645993,1.0014865843476508,1.001503933637122,1.0015548203451552,1.0015910328439883,1.0016485253957985,1.0017106959192938,1.00179990125457,1.0018488344064904,1.0019429557446393,1.002075815583242,1.0021862474089416,1.0023142335969555,1.002431195074128,1.0025489026081411,1.0027997472066243,1.002942071708365,1.0031529061319742,1.0033940467688505,1.0036866934121051,1.0039760860986442,1.0042164599312828,1.0046290075827637,1.0050359599294558,1.0055025261034793
experiment_249,1.0001105662656666,1.0001244613715599,1.0001244613715599,1.0001244613715599,1.0001244613715599,1.00155673241598,1.0016815457468973,1.0017890455694565,1.001933843596588,1.0020598973159849,1.0022072548153442,1.002403047596391,1.0025563193974516,1.0027645755345336,1.0029562341781946,1.0031906230993368,1.0034178258323065,1.003667896806473,1.003922686827591,1.0042330922869716,1.0045914533009503,1.0049198931102168,1.0052779536073462,1.0057205954437523,1.0061809423313546,1.006652364653401,1.0071706679528436,1.0077585939623022,1.008312582441065,1.0090422702694966,1.009756933813569,1.010646784194761
experiment_250,1.0001105662656666,1.0001105662656666,1.0001105662656666,1.0001105662656666,1.0001105662656666,1.001806861523844,1.0017944013090325,1.0017215675902973,1.0017198296815377,1.0017392404125813,1.0016802827545443,1.001727555017094,1.0017168140018902,1.0017638433098293,1.0017501876426278,1.0017164311731261,1.0017540380157557,1.0017754991077252,1.0017939540136451,1.0017917790213835,1.0017917790213835,1.00183995504093,1.0018319608001494,1.0018723710479795,1.0018819133784536,1.0019699687343968,1.0019771602504646,1.0020447230597085,1.0020447230597085,1.0021240992195461,1.0022047946275519,1.0022648295230858
experiment_251,1.0001105662656666,1.0001105662656666,1.0001105662656666,1.0001105662656666,1.0001105662656666,1.0012579800331465,1.001315124306026,1.0013823803090016,1.0014424521175904,1.0015583850341443,1.0016488579429184,1.0017825234691087,1.001915255262128,1.0020866690247023,1.0022631081812616,1.0025119164898981,1.0027623551440856,1.003037975251085,1.0033972508768216,1.0037870715759085,1.0042275661513351,1.004685328381892,1.0052918739226784,1.0059435365324123,1.0067751292733313,1.0076017462043312,1.008648591110637,1.0098131935393269,1.0111959913506956,1.012807466103242,1.0146327017796808,1.016879080700827
experiment_252,1.0001105662656666,1.0001105662656666,1.0001105662656666,1.0001105662656666,1.0001105662656666,1.0009483235476067,1.0009370460654872,1.0009568158794935,1.0009534222573304,1.0009626325174166,1.000967996228276,1.000971438546329,1.0010018687487194,1.001033072014329,1.0010635231178062,1.0010955632973557,1.00115241618843,1.0011913399676604,1.0012680460590415,1.001336931359188,1.00141564743138,1.001493809990188,1.0016079911771556,1.0017391661499908,1.0018850454573305,1.002053051679243,1.0022713922179791,1.0024855074601007,1.00274059240146,1.003092200063711,1.003451087235468,1.0039359933484495
experiment_253,1.0001105662656666,1.0001105662656666,1.0001105662656666,1.0001105662656666,1.0001105662656666,1.0011704637179162,1.001210420345696,1.0012552861567243,1.0012746627926896,1.0013282234487004,1.001369684652062,1.0014070324205082,1.0014607008020369,1.0015144288847466,1.0015408653783235,1.0015991993943338,1.0016627825084645,1.0017020948123316,1.001795607969061,1.0018346848402375,1.0019264421961092,1.0019772318196598,1.0020557148002829,1.0021291194581587,1.002186830641888,1.0022726048069068,1.0023580331929043,1.0024417044397866,1.0025203541254686,1.0025828472349751,1.0026767405735366,1.002751592088098
experiment_254,1.0001105662656666,1.0001105662656666,1.0000971940364018,1.0000971940364018,1.0000971940364018,1.0012196981963746,1.0012017740261574,1.001210961833377,1.0012006363870174,1.0011874102209062,1.0012247809138137,1.0012519769662764,1.0012882899242483,1.0013420918275684,1.0014099050405476,1.0014890349515062,1.0015717108497737,1.0016869182496837,1.001806379351464,1.0019676017848482,1.0021577892661653,1.0023685633103996,1.002627613559451,1.002900931215763,1.0032380726209387,1.003632564118078,1.0040720285735782,1.004574175863504,1.0051300026357448,1.005835869963447,1.006564379706747,1.007475349754535
experiment_255,1.0001105662656666,1.0001105662656666,1.0001105662656666,1.0001105662656666,1.0001105662656666,1.0021050349774887,1.0021086987826286,1.0021095845239338,1.002111407740043,1.0021071866205935,1.002163241343489,1.0021837868312156,1.0022101679179563,1.0022704964591254,1.0022997727483223,1.0022997727483223,1.0023902556451736,1.0023686857614396,1.0024510181176995,1.0024915481748855,1.0025916629304272,1.0026593781683906,1.002685558767087,1.0027210109637232,1.002821312353923,1.0028886757355062,1.0029051948076244,1.0030532871510314,1.003107984334446,1.003197119224983,1.00336216512988,1.0034257132497162
experiment_256,1.0001105662656666,1.0001105662656666,1.0001105662656666,1.0001105662656666,1.0001105662656666,1.000697185798512,1.00068466619677,1.000712592033318,1.0007240515333564,1.0007476099082824,1.0007719764500225,1.0008158097154882,1.0008670496790142,1.0009210394407058,1.0009978208812602,1.0010861060728498,1.0012038023444652,1.001331133579145,1.001487025767406,1.0016830549872757,1.0018869187798372,1.002144905026818,1.0024529167418608,1.0028119305934537,1.0032259291116756,1.0037480782993464,1.0043531702383008,1.0050684631178433,1.0059007863004323,1.006918147485417,1.0080876533621415,1.0095051897144949
experiment_257,1.0001105662656666,1.0001105662656666,1.0001105662656666,1.0001105662656666,1.0001105662656666,1.0009771441370254,1.001001935020004,1.0010026205915297,1.0010368417521696,1.0010645806870409,1.0010898084547675,1.0011191822846808,1.001184858376049,1.001222372747731,1.0013007524969146,1.0013840945754189,1.0014550904953272,1.0015306621826108,1.0016463081298854,1.001769788889018,1.001898203345303,1.0020789473924077,1.0022577739679397,1.0024606115794936,1.0026890605956722,1.0029619130125318,1.0032845962875532,1.0036474970502902,1.0040838818360918,1.0045445773843469,1.0051136027893126,1.0057517973646806
experiment_258,1.0001105662656666,1.0001105662656666,1.0001105662656666,1.0001105662656666,1.0001105662656666,1.0016154364238956,1.0015245448865797,1.001537349911823,1.0014952104125616,1.0015086580337296,1.0015061990800471,1.0015574387149182,1.0015531999044058,1.0015850075975212,1.001623070369837,1.0017378924461107,1.0018376125543886,1.001920916524294,1.0020168076923661,1.0022401947895445,1.0024568438963992,1.0026357986330288,1.0029155412922537,1.0032623339358033,1.0036412002405624,1.0040630333121454,1.0045337201295863,1.0051544339467606,1.0057943507251235,1.0067807338675916,1.0077189907795212,1.0089370627163023
experiment_259,1.0001105662656666,1.0001105662656666,1.0001105662656666,1.0001105662656666,1.0001105662656666,1.001059242518914,1.0010814667328807,1.0011165110057612,1.0011332125408858,1.0011559065397175,1.001174592273338,1.0011954745598015,1.0012151827349722,1.0012494943915775,1.001273596985087,1.0012844185780032,1.0013048441268053,1.0013328366729974,1.0013420169682594,1.0013725108017824,1.001376957245738,1.0013949914725213,1.0014100114653945,1.0014204127731547,1.0014143316141244,1.0014230621948506,1.0014277455778313,1.0014246983212762,1.0014480583126015,1.0014325228597356,1.001440808689828,1.0014423390813847
experiment_260,1.0001105662656666,1.0001105662656666,1.0001105662656666,1.0001105662656666,1.0001105662656666,1.0015240460590649,1.0015337711121612,1.0015493086185145,1.0015329203656713,1.0015780638273895,1.001606151190115,1.001661975893553,1.0016942654682472,1.0017809525164652,1.0018553140854287,1.0019589518710121,1.002029418688732,1.0021170412691403,1.0022350677230212,1.0023613882569968,1.0024095667083386,1.0026486007549673,1.0027045510894161,1.0029270419977574,1.003116659092613,1.003353136138419,1.003548161340596,1.0038349476356905,1.0040278220086756,1.0044021361238031,1.004744721353588,1.0050559044180274
experiment_261,1.0001105662656666,1.0001105662656666,1.0001105662656666,1.0001105662656666,1.0001105662656666,1.0017852626835688,1.0018291267691848,1.00188380100713,1.0018988267610904,1.0020156821610886,1.0020798626771856,1.002178696718904,1.0023040513320471,1.0023977315313026,1.0025237376434841,1.0026363162913434,1.0027976565242387,1.0030106102663636,1.003227274940526,1.0034127236609625,1.0036077642547694,1.0039008495734865,1.0041245199521072,1.0044281704497693,1.0048484804224562,1.0052097717488206,1.0056139062141014,1.0060392750344902,1.00656433547223,1.0070698059955454,1.0078978294569307,1.0083005085346013
experiment_262,1.0001105662656666,1.0001105662656666,1.0001105662656666,1.0001105662656666,1.0001105662656666,1.0022659623038135,1.002329591022537,1.0023420127272382,1.0024364382773323,1.0024716215319445,1.0024695019987588,1.0025508077570675,1.002674715584673,1.0026569808993715,1.002726194770629,1.0027335306263256,1.0028370254858767,1.0028621070058235,1.0029544322664554,1.002998458011351,1.0031548208969692,1.0032230570957574,1.0032430974486821,1.0033310711292966,1.0035049722191085,1.0035564321036585,1.0035893572597259,1.0037651827141711,1.0038710806634792,1.0040392197615746,1.0041990541661618,1.0043442742007709
experiment_263,1.0001105662656666,1.0001105662656666,1.0001105662656666,1.0001105662656666,1.0001105662656666,1.0014149424535115,1.001393941740659,1.0013971645053101,1.0013638614283469,1.0013549686759544,1.0013461619719612,1.0013270163241133,1.0013010244015508,1.001256345202915,1.0012382225110745,1.0011914272819067,1.0011367156269506,1.001091102794061,1.0010500181392654,1.0010092908136123,1.0009680528811966,1.0009192670900033,1.0008430258226468,1.0007976505311376,1.0007600885149601,1.0007161804477878,1.000657245550813,1.000625728355243,1.0005830488939995,1.0005309782927463,1.0005050588900648,1.0004706773230039
experiment_264,1.0001105662656666,1.0001105662656666,1.0001105662656666,1.0001105662656666,1.0001105662656666,1.0007408834970544,1.0007634689514546,1.000765853964811,1.0007851780408434,1.0008097922021109,1.0008394783745767,1.00087564177072,1.0009033512237338,1.0009694503166802,1.0010332887440132,1.0011068980136868,1.0011953249765102,1.0012915894942946,1.00141829302909,1.0015523329527263,1.0017147755591653,1.0019216449642392,1.0021426594504454,1.0024334331583449,1.0027626895547306,1.0031696315169902,1.00367526784309,1.0042514578310204,1.0049848854569188,1.0059179987769162,1.0070420930869337,1.008528917781567
experiment_265,1.0001105662656666,1.0001105662656666,1.0001105662656666,1.0001105662656666,1.0001105662656666,1.0010464120497848,1.0010905003023909,1.0011317415863639,1.001164947725765,1.0012422641969039,1.0013268170156773,1.0014364324890086,1.0015676792361305,1.0017169418212457,1.0019001085362655,1.0021159130818966,1.0023730922665066,1.0026742035902096,1.0030276696927647,1.0034578222344577,1.003924989317225,1.0045166838774953,1.0052142094782934,1.006030503105342,1.0069573041761972,1.0080606780491381,1.0094334589763034,1.0110016183717108,1.012789100865481,1.014970432556825,1.0175087833398233,1.0204451875214948
experiment_266,1.0001105662656666,1.0001105662656666,1.0001105662656666,1.0001105662656666,1.0001105662656666,1.001382765580663,1.0014074513736577,1.0014710816401398,1.0014868114213036,1.0015298107014552,1.0015883486120585,1.0016838935554753,1.001757850355297,1.0018462817088198,1.0019572426826462,1.0020750001567607,1.002222674514754,1.0023739088248522,1.002529420807408,1.0027219052677319,1.002953849416344,1.0032330179577327,1.0034719490512711,1.003791482600038,1.0041378181621419,1.0044936812477556,1.0049995580034683,1.005521033613176,1.0061232368367394,1.0067468996867481,1.0075015169833017,1.0083475327095277
experiment_267,1.0001105662656666,1.0001105662656666,1.0001105662656666,1.0001105662656666,1.0001105662656666,1.0016780005392547,1.0016896347983621,1.0017068258599076,1.0017468266950813,1.0017959951224278,1.0018642695681024,1.0019152036845587,1.001986154762898,1.0020533112022287,1.0021777738657782,1.0023123693411344,1.0024288609557839,1.0024902535603832,1.002696827721978,1.0028830721089792,1.0030662373474806,1.0032438768510359,1.0034666392769358,1.0036905617057728,1.0040011245786857,1.004163974227565,1.0045993952776011,1.0049383627172184,1.0052067511269702,1.0055891028540258,1.006080476662425,1.0065466083582408
experiment_268,1.0001105662656666,1.0001105662656666,1.0001105662656666,1.0001105662656666,1.0001105662656666,1.0015710537407498,1.0015585922040857,1.0015359248342002,1.0014552313538,1.001433716244495,1.001432463480815,1.0014190401569885,1.0014190401569885,1.0014190401569885,1.0014443203961294,1.0014378239326642,1.0014833011401723,1.0015122329131803,1.0015100123817282,1.0016021183237704,1.0016573371667492,1.0016869246870912,1.0017775504464024,1.0019094520435055,1.002021227526203,1.0021315757554512,1.0022760595413804,1.0024055813569157,1.0026244072947734,1.002834211954539,1.0031131588724038,1.0033375918526393
experiment_269,1.0001105662656666,1.0001105662656666,1.0001105662656666,1.0001105662656666,1.0001105662656666,1.0009959633078274,1.0009931638723277,1.000993059832956,1.0009688180105096,1.0009705604347872,1.0009717677860703,1.0009730311620413,1.0009775112631771,1.0009691268944394,1.0009830998863138,1.0009725492088584,1.0009858473715836,1.0009858473715836,1.001008975828002,1.001008975828002,1.0010421589517788,1.0010421589517788,1.0010640279284406,1.0010892942786283,1.0011060457643015,1.0011538781000773,1.0011746017050553,1.0012072324063082,1.001247949389459,1.0012915532017381,1.0013335086493007,1.0013847125537192
experiment_270,1.0001105662656666,1.0001236308166936,1.0001236308166936,1.0001236308166936,1.0001236308166936,1.0019587082277455,1.0020563714445065,1.002207716246202,1.002261102621028,1.0024032626659871,1.0025535179554994,1.002706054407455,1.002863547316402,1.003020221986863,1.0031867287201368,1.0033620211575163,1.00357011554703,1.003783527858332,1.0040639811228829,1.0041965640179058,1.0044381616757363,1.0046683474502407,1.0049736426952378,1.0053171002258274,1.0056370247509063,1.0059404355983805,1.0063193441944396,1.0066221026749997,1.0070567663867782,1.007525239341677,1.0080128680931293,1.008445420821952
experiment_271,1.0001105662656666,1.0001105662656666,1.0001105662656666,1.0001105662656666,1.0001105662656666,1.0016279701073638,1.0015973398785196,1.0015734787492838,1.0015748835692162,1.0015832184808167,1.0015400739528915,1.00155937320972,1.0016330886223128,1.0016966594712444,1.0017257140412956,1.0017648064683222,1.0018760539764422,1.0019716469250814,1.0020737186936168,1.0021493542566466,1.0023236555100303,1.0024682014898192,1.00263061232372,1.0028506907201777,1.0030659038445606,1.0032620355128126,1.0035673483787781,1.0039291997658681,1.004244614455873,1.0047153139453446,1.0050886142212012,1.005562005516658
experiment_272,1.0001105662656666,1.0001105662656666,1.0001105662656666,1.0001105662656666,1.0001105662656666,1.0008475448242506,1.000845607819142,1.0008323681989022,1.000835168378513,1.0008342589670982,1.0008270512137964,1.0008549430012166,1.000870322369911,1.0008915471884798,1.0009165966231988,1.0009544697730632,1.0009967669593407,1.0010403377205295,1.0010819601594725,1.0011645783368848,1.0012254510924221,1.001305634744095,1.0014014487387723,1.0015216803923754,1.0016593019929274,1.0018125319942293,1.0020151264899801,1.0022311793180956,1.0025052318634415,1.0028331131014774,1.0032276940078089,1.0037216191382192
experiment_273,1.0001105662656666,1.0001105662656666,1.0001105662656666,1.0001105662656666,1.0001105662656666,1.0018097213638504,1.001792954841813,1.0017758493227873,1.0017907865757911,1.0017556657588427,1.0017876680608446,1.0018191903479678,1.00191770603095,1.0019496625093605,1.0020296336934005,1.0020886912413056,1.0020886912413056,1.002290612249117,1.002337853146462,1.0024223891690809,1.0025606631815531,1.0027717196028845,1.0028497788078339,1.003012313238892,1.0032095105745205,1.0034869325303466,1.003691573948265,1.0038732391638687,1.004269862941594,1.0045466354622512,1.0049220249599886,1.005205819066015
experiment_274,1.0001105662656666,1.0001105662656666,1.0001105662656666,1.0001105662656666,1.0001105662656666,1.0009952721119393,1.0010317294811266,1.0010508193126129,1.0011046132996506,1.0011658656887368,1.0012825536591625,1.0013651522130702,1.0015004763686604,1.0016566534023617,1.0018539899083092,1.0020944015778797,1.0023931136366797,1.0027597814039095,1.0032115980661405,1.0037641852009782,1.00446006937029,1.0053017667648476,1.0063653608384506,1.007677922714061,1.0094237164579154,1.0115418807986942,1.0142339405836962,1.0177248270087547,1.022104749854952,1.0276640085325641,1.0352675497768724,1.0449956989133298
experiment_275,1.0001105662656666,1.0001001846040032,1.000087960304421,1.000087960304421,1.000087960304421,1.001360529402879,1.0013445832392605,1.0013146997737095,1.001279172791762,1.0012609091846427,1.0012694104309343,1.0012838628135323,1.0013676628410952,1.0014219627275573,1.0015088480646943,1.001591035622545,1.0016860365586444,1.001780165027535,1.0019818799672808,1.0021829164282823,1.0023885746548085,1.0026937066601482,1.0030006185609797,1.0033470254234154,1.0038162194072922,1.0043307660111476,1.0048588669130487,1.0055350712662994,1.006428087482934,1.0074203458109479,1.0084287608422116,1.0097862834122926
experiment_276,1.0001105662656666,1.0001105662656666,1.000091388209179,1.000091388209179,1.000091388209179,1.0012706171698067,1.001204326959171,1.0012267824022125,1.0011790187201663,1.0011920639484404,1.0011851259079139,1.0012268820042525,1.001238379571855,1.0012846340974835,1.0013661067369704,1.0014241117950509,1.0015115801009418,1.0016452444449162,1.0017948862233472,1.00195364413338,1.0021613035738401,1.0023743592166783,1.0026577101243999,1.0029661654871493,1.003331440591507,1.0037873641850186,1.0042560299680283,1.0049054008871248,1.0056406352084484,1.0064480442688255,1.0074786065226538,1.0086571171230894
experiment_277,1.0001105662656666,1.0001229812785373,1.0001229812785373,1.0001229812785373,1.0001229812785373,1.001327280141459,1.0014408442840972,1.0015605023680219,1.0016966343284452,1.001839414569427,1.0020181403190604,1.0022010172093136,1.0024129588961668,1.002635367526817,1.0028622982457427,1.0031517692152638,1.00345252044773,1.0037836646159874,1.0041248372213447,1.0045473862318868,1.0049927690207188,1.0054877749380193,1.0060221863124794,1.0066515139965664,1.0073015007662929,1.008030978128075,1.0088499302943352,1.0097198227317878,1.0107286012264254,1.0118346296638348,1.0130448502467064,1.0144199168634436
experiment_278,1.0001105662656666,1.0001105662656666,1.0001105662656666,1.0001105662656666,1.0001105662656666,1.0017508629991028,1.0017230263708974,1.001731547219487,1.001697991299482,1.001725722773321,1.0017239440592962,1.0017935113721363,1.0018277645534606,1.001898036666056,1.001972872043763,1.002036808299662,1.0020888172310154,1.0021998232092664,1.0022557052992689,1.0023574474275463,1.0024833558741242,1.0025837201981724,1.0027998014036135,1.0029049930458955,1.0031068542600685,1.0032580667238005,1.0034580370309,1.0036890106458198,1.0038687249802467,1.0040273255611583,1.0043072503508566,1.0046512202697186
experiment_279,1.0001105662656666,1.0001105662656666,1.0001105662656666,1.0001105662656666,1.0001105662656666,1.0016800002835162,1.001666406004831,1.0016861960953756,1.0016840529142481,1.0017642006698966,1.0018130013783497,1.001909364251138,1.00203167038828,1.0021731486184535,1.0023139908123768,1.002497669163882,1.0027124049303908,1.0029552941644586,1.0032294982397332,1.0036959853329577,1.0041038821016264,1.0045716292978584,1.0052341731166756,1.0059712082901202,1.0068078588281897,1.0077866341989326,1.008858594868818,1.0102385893678378,1.0117150404911968,1.0137028940396844,1.0157940170287176,1.0183938271886417
experiment_280,1.0001105662656666,1.0001105662656666,1.0001105662656666,1.0001105662656666,1.0001105662656666,1.001550197155065,1.0015340698266706,1.001567967538119,1.0015600321016112,1.0015618062134155,1.0015991923175096,1.001632438700226,1.0016613381336668,1.001714813323128,1.0017817554472572,1.001815398359733,1.001887436288019,1.001981320701875,1.0020552033682701,1.0021568865700212,1.0022541080282454,1.002324339807423,1.0024771305547957,1.0026199509279408,1.0027628683121805,1.0029501716904923,1.0031927687455815,1.0034115505792525,1.003606548511144,1.0038934293789967,1.0041939684123018,1.0045583966513085
experiment_281,1.0001105662656666,1.0001105662656666,1.0001105662656666,1.0001105662656666,1.0001105662656666,1.001241025616148,1.0012946469224087,1.001354943249148,1.0014077782270385,1.0014823420768073,1.0016173977284968,1.001732592290073,1.0019041686268702,1.002077467541191,1.0022632141704113,1.0025029711656774,1.0027801820247373,1.0031251761544715,1.0034905104999066,1.0039226548990012,1.004462693062399,1.0050809093405726,1.0057509812508894,1.0065323095037737,1.007491120461808,1.0086282951239973,1.009905358967861,1.0114883981189204,1.0133607905920838,1.0154239125131008,1.0178889278075438,1.0209152763836677
experiment_282,1.0001105662656666,1.0001105662656666,1.0000936676220602,1.0000936676220602,1.0000936676220602,1.0009452194086865,1.0009216515099966,1.0008776242704323,1.0008324316261055,1.000806574025845,1.000778966962528,1.0007546033982835,1.0007387079407393,1.000731491734603,1.0007078716560938,1.0006925689309834,1.0006718945832396,1.0006718945832396,1.0006718945832396,1.0006748343696106,1.0006748343696106,1.0006947853209964,1.0006947853209964,1.0007123682789352,1.000729961434809,1.000729961434809,1.0007715707983256,1.0007931730905233,1.000825478251135,1.0008701355482432,1.00090615472806,1.0009590401136463
experiment_283,1.0001105662656666,1.0001105662656666,1.0001105662656666,1.0001105662656666,1.0001105662656666,1.0017562719657505,1.0017906014084,1.0018559836592795,1.001879994418699,1.0019907407031547,1.002055024603012,1.002197706544041,1.0022703946100722,1.0024077336737083,1.0025674963069657,1.0027387708678497,1.0029361686484783,1.003088713618673,1.0033369666369576,1.0036789393089645,1.003977257511885,1.0043235462580489,1.0048039052445998,1.0052045209805636,1.0057299659934056,1.0062962967259834,1.0070037848430422,1.0078044851818815,1.0087818384593596,1.0096963735667799,1.0107993337494443,1.0120830106412195
experiment_284,1.0001105662656666,1.0001105662656666,1.0001105662656666,1.0001105662656666,1.0001105662656666,1.0017143008396636,1.0017158677140745,1.0016877930201349,1.001654993120354,1.0016709504074945,1.0016855366890378,1.001710374151786,1.001710374151786,1.0017729762934446,1.0017908168181666,1.0019077919568624,1.0019792528650207,1.0020818050609255,1.002222336385248,1.0023528890601316,1.0024964383861097,1.0027201657581792,1.0029063024390765,1.0031193730336283,1.00343344303237,1.003801020808218,1.0041935690054666,1.0044935302813025,1.0050605238077461,1.0055492523385416,1.0060736892152577,1.0067251859920137
experiment_285,1.0001105662656666,1.0001105662656666,1.0001105662656666,1.0001105662656666,1.0001105662656666,1.0017166247204434,1.0017769755111623,1.0018103487826648,1.001861068138267,1.0019502131197655,1.0020068675345366,1.0020813079509623,1.0021533040652377,1.0022926451729257,1.0023707505900528,1.0025130596376715,1.002630129806799,1.0027989149938377,1.0029472862047104,1.0031166732284162,1.0033285079100351,1.0035486843439074,1.0037427955581257,1.0040518101740215,1.0042271794667676,1.0045223141863087,1.004871086598717,1.005230739715982,1.0056138890534574,1.0059586729513454,1.0063200838160098,1.0069306450722284
experiment_286,1.0001105662656666,1.0001105662656666,1.0001105662656666,1.0001105662656666,1.0001105662656666,1.001136601816907,1.0011129210978975,1.0010846284374608,1.0010572056528884,1.000999903283485,1.001012318530496,1.0010002094668609,1.0009944956084453,1.0009815282876107,1.0009890531974122,1.0009801000886103,1.0009936586814343,1.0010309677438216,1.001043907385639,1.0010576031699405,1.001095134814061,1.0011112137866036,1.0011752409047607,1.0012509667792286,1.0013101590953877,1.0013778707265903,1.0014877136422755,1.001572012267467,1.0016866219724911,1.0018243216482523,1.0019426583311397,1.0021208942427775
experiment_287,1.0001105662656666,1.0001105662656666,1.0001105662656666,1.0001105662656666,1.0001105662656666,1.0018719225288981,1.0019325824732528,1.0020471728471378,1.002139297211011,1.0022338925365748,1.002320666141018,1.0024751381488843,1.0025944900550035,1.0027241068373232,1.0028686059964318,1.0030152518811024,1.0031717809982637,1.0033133365731657,1.003496586993733,1.0036315906400715,1.0038080907736742,1.0040193483810231,1.004172531966897,1.0043841487845357,1.0045829859106237,1.0048050275900597,1.0050237818672925,1.0053238735719139,1.0055804506210095,1.00588723197308,1.0061615763386291,1.0065595305861843
experiment_288,1.0001105662656666,1.0001105662656666,1.0001105662656666,1.0001105662656666,1.0001105662656666,1.0009033341090479,1.000919178716714,1.000951658542712,1.0009666311287002,1.0009868967565752,1.0010026097069604,1.0010272799135052,1.0010437634348552,1.0010662474016612,1.0010867303614008,1.0011070141140377,1.0011180548165537,1.0011613255258662,1.0011688507759666,1.0012006818714698,1.0012246828905926,1.0012435965899538,1.0012731129290482,1.0012956413370788,1.0013326687181194,1.0013580777711169,1.0014018614469429,1.0014229529582206,1.0014730653750152,1.0015234464916913,1.0015604552004953,1.0016085062618407
experiment_289,1.0001105662656666,1.0001105662656666,1.0001105662656666,1.0001105662656666,1.0001105662656666,1.0007592868454516,1.0007817713262095,1.0008046478679529,1.0008329770248043,1.0008647701042275,1.000908157464255,1.0009582675988518,1.0010148374316368,1.0010804075149813,1.0011512442191504,1.0012627674618317,1.0013715366844107,1.0015033191840093,1.0016448969401464,1.0018457393273894,1.0020423341279778,1.002299131789067,1.0025858978322058,1.0029365083669455,1.0033481283373462,1.0038320787487969,1.0044268949284132,1.0051153171229845,1.0059553666791394,1.0069552716827026,1.0081877836948725,1.0096259647721497
experiment_290,1.0001105662656666,1.0001105662656666,1.0001105662656666,1.0001105662656666,1.0001105662656666,1.0010130806128084,1.001074142585244,1.0011363996705493,1.0011952828575823,1.001264836866914,1.0013219436992464,1.001409165435366,1.0014969578792663,1.0015820952015058,1.0016734887800378,1.0017706454242596,1.0018886688418265,1.0020148008430416,1.0021476963695883,1.0022851688402392,1.0024534826222031,1.002630405993403,1.0028546769133417,1.003056213872739,1.0033089336458083,1.0035735276289643,1.0038846866541338,1.0042137738677288,1.004584206652722,1.00498733140111,1.0054228748391862,1.0059351480376244
experiment_291,1.0001105662656666,1.0001105662656666,1.0001105662656666,1.0001105662656666,1.0001105662656666,1.000920742706959,1.000936803137904,1.0009733929845357,1.001005301940086,1.0010332944456006,1.0010823381759042,1.0011479713026292,1.0012055225549603,1.0012855874359357,1.001370271724731,1.0014791547342825,1.001614777731795,1.0017658042338093,1.0019563325141125,1.0021590668906524,1.0024173085153947,1.0027247215081514,1.0030862692588178,1.0035381688341893,1.0040594187785516,1.0046683798775884,1.0054130341636764,1.0062943210260902,1.0074071171752197,1.0086754842229946,1.0102185511277497,1.0121184307789506
experiment_292,1.0001105662656666,1.0001105662656666,1.0001105662656666,1.0001105662656666,1.0001105662656666,1.0009210176265257,1.0008877048806826,1.000846024715672,1.0008517680559021,1.00084158834938,1.0008166341777607,1.000835505480316,1.000853428651948,1.0008597225567823,1.0008735116924838,1.0009073923969187,1.000950255743082,1.0009904178689426,1.001051974867795,1.0011174960712934,1.001180917696204,1.001293664817093,1.0013737262978943,1.0015342434968846,1.001690251516598,1.0018624827678153,1.0020590369977185,1.0023024487152639,1.0025738269259594,1.0029164077838724,1.0033007801318399,1.0036974322964491
experiment_293,1.0001105662656666,1.0001105662656666,1.0001105662656666,1.0001105662656666,1.0001105662656666,1.0019873929839056,1.0020600037857745,1.002105141953999,1.0021304112958718,1.002249956027538,1.0023352441712354,1.0023878694317756,1.002606991862233,1.0026770414082562,1.0028506808259203,1.0029718507812662,1.003215562011703,1.0033952038154612,1.0035729932517405,1.003902889555558,1.0041699335241416,1.0044577365889598,1.0047996714583647,1.005285566057915,1.0057626596201512,1.006234897241901,1.0068538783315009,1.0074826375701782,1.0082142483318102,1.0090753036420177,1.0103143317926893,1.0114615709630201
experiment_294,1.0001105662656666,1.0001105662656666,1.0000880878257798,1.0000880878257798,1.0000880878257798,1.0014799295207526,1.0013873497671542,1.0013280657606487,1.00129860195829,1.001236687178529,1.001213162343988,1.0011828824311522,1.00118167958897,1.001169501140351,1.0011622264524191,1.001196580973727,1.001210969646596,1.0012678033742213,1.001315197476229,1.0013658753967192,1.0014813256702157,1.0015375889251774,1.0016438750627419,1.001790932226222,1.0019618133289552,1.0021280417323857,1.0023627370172932,1.002583751818795,1.0027808229396862,1.0031060863941161,1.0034456916501169,1.0037759389762353
experiment_295,1.0001105662656666,1.0001105662656666,1.0001105662656666,1.0001105662656666,1.0001105662656666,1.0014534922860554,1.0014485910880977,1.0014399818727837,1.0013895770185173,1.0013815390749579,1.0014159720339642,1.0014159720339642,1.0014338573724162,1.0014552354380897,1.0015036538582147,1.0015310627516125,1.0015771047649904,1.0016203229767293,1.0016731245784873,1.0017376180300332,1.001817945792555,1.0019141298990493,1.0019993380783125,1.0020896367239447,1.0021804726074444,1.0023276286202358,1.0024717606092945,1.0025902514700535,1.0027860675013995,1.002913938856466,1.0030627042685423,1.0032792247385658
experiment_296,1.0001105662656666,1.0001105662656666,1.0001105662656666,1.0001105662656666,1.0001105662656666,1.0018561891110642,1.0019504416330516,1.0019634576003738,1.0020314894442608,1.0020453272279086,1.0020944732428745,1.0021994264337,1.0021939542114024,1.00229929628714,1.0022997540168943,1.0024010669291086,1.0024050159311857,1.0024811612948565,1.0025146449875442,1.0025475225146827,1.00258199619745,1.0026004177664471,1.0026624111843105,1.0026450731890695,1.0026872930959398,1.00268476185541,1.0027120094094062,1.0026995963232292,1.0026963508641566,1.002696170791999,1.0026770322498395,1.0026174566211965
experiment_297,1.0001105662656666,1.0001105662656666,1.0001105662656666,1.0001105662656666,1.0001105662656666,1.0013052117333852,1.0013690457698725,1.0014611345286377,1.0015301035762918,1.0016366133753678,1.0017456345864195,1.0018533165970058,1.0020095446836328,1.0021356425859933,1.0023219782935375,1.0025364865771214,1.0027309245225162,1.0029838759969871,1.0032899446833143,1.003566234462562,1.0039512966979376,1.0043302886227687,1.00479526739329,1.0053299643606386,1.005912009554791,1.006553866334726,1.0072958336559672,1.0081333063762647,1.0091135896235175,1.0102312123619988,1.0114887724657207,1.0130008636090952
experiment_298,1.0001105662656666,1.0001105662656666,1.0001105662656666,1.0001105662656666,1.0001105662656666,1.0016534074736823,1.001669574704981,1.0017396161106717,1.001683841059424,1.0017792454031986,1.0017931824139916,1.0018405786981839,1.0019182475468185,1.001955462435341,1.0020415700812881,1.0021393565180927,1.0022346986058521,1.0023265244890682,1.0024221561968178,1.0025386460593304,1.002650692447388,1.0027658531292436,1.0029424463087155,1.0031077648679316,1.0033110763163957,1.0034921893969022,1.0037538540660478,1.0040215693729235,1.0042027507305311,1.0044966728555493,1.00487835651921,1.0051991710127928
experiment_299,1.0001105662656666,1.0001105662656666,1.0001105662656666,1.0001105662656666,1.0001105662656666,1.0012795008619262,1.0013139623421865,1.0013572020730959,1.0013645892570213,1.0014171890503163,1.0014898508369403,1.001512530691673,1.001580717254066,1.0016687978747394,1.0017454387207712,1.001862188366488,1.0019446468472095,1.002093573408679,1.0022150278999038,1.0023741581494212,1.002545683400078,1.0027447260989073,1.0029640755308333,1.0031871067865146,1.0034867690318114,1.003773932645132,1.0040651038195738,1.0044670293910316,1.0048471662232752,1.005233747873261,1.0057398162221298,1.0062538059938113
experiment_300,1.0001105662656666,1.0001105662656666,1.0001105662656666,1.0001105662656666,1.0001105662656666,1.0015383848612214,1.0015462500444565,1.0015244789308162,1.0015086002692557,1.0015183817969397,1.0014977468715596,1.0015764740451043,1.0015668415966967,1.0016505648294205,1.0016505648294205,1.0017685851296785,1.0018273554149193,1.0019355544270419,1.0020300349123668,1.002137890593533,1.0023691283487426,1.0025295911193668,1.0027674039726535,1.0030195964660662,1.0032867891238573,1.0036052333630112,1.003960062848863,1.004272130369425,1.0048473369048099,1.0051523636516617,1.005846663383762,1.006349801113743
experiment_301,1.0001105662656666,1.0001105662656666,1.0001105662656666,1.0001105662656666,1.0001105662656666,1.0009193479702891,1.0008987177591129,1.0008894076336985,1.000880786980173,1.0008813939990522,1.0008692354557176,1.0008885675571626,1.0008806552497398,1.0008918326624803,1.0009205369940526,1.0009453784550424,1.0009453784550424,1.0009917537259896,1.001003459880803,1.0010717208803672,1.0011035411798024,1.001161547176522,1.0012174251927457,1.001271037151697,1.001345787760022,1.001421234746751,1.0015123418144973,1.0016120958528145,1.0017102619886835,1.001847292992793,1.0019876709465712,1.002146696776874
experiment_302,1.0001105662656666,1.0001105662656666,1.0001105662656666,1.0001105662656666,1.0001105662656666,1.001436818386733,1.001479845408364,1.0015511513381794,1.001591290938717,1.0016491980874227,1.001699844393781,1.0017691898828232,1.001828381753929,1.0018766439279012,1.0019388341149666,1.002002637176018,1.0020717577097085,1.0021354841114585,1.00221036553289,1.0022931997753952,1.0023394485381043,1.0024142629492854,1.0025036454725058,1.002583007429824,1.0026657316638692,1.0027456871961817,1.002867196066306,1.0029326295418048,1.0030515816470953,1.0031643371571342,1.0032735622246114,1.0034026205845323
experiment_303,1.0001105662656666,1.0001105662656666,1.0001105662656666,1.0001105662656666,1.0001105662656666,1.0015278039408229,1.0015866693295663,1.0016824215559899,1.0017479123764919,1.001810959455082,1.001946620195808,1.002043734748196,1.0021977418688988,1.0023470316971999,1.0024754301217744,1.002645122314465,1.0028620046199361,1.0030489528568372,1.0032862685305828,1.0035679988921395,1.003833159486563,1.00418145168175,1.0044554670447046,1.0048187297611282,1.0051833947859103,1.005660113489633,1.0061153374237455,1.0066572897421402,1.0072053250428048,1.0077893517144867,1.008376196414793,1.0091213953032399
experiment_304,1.0001105662656666,1.0001105662656666,1.0000893727787161,1.0000893727787161,1.0000893727787161,1.0007174634433817,1.0006923334151119,1.0006593736479767,1.0006478096999056,1.00063267754035,1.000606889415421,1.0006090263400398,1.0006066376784113,1.0006146905479625,1.0006222004300096,1.0006279080655507,1.0006489226116524,1.0006764028337407,1.0007198253817615,1.0007570629647755,1.0008102018359843,1.0008986773698798,1.000974982822208,1.0010822569689897,1.0012144724319283,1.001367724799678,1.001561223770268,1.0017822723800396,1.0020655152644347,1.0024048738661095,1.002806244416704,1.003318505609748
experiment_305,1.0001105662656666,1.0001105662656666,1.0000893069003656,1.0000893069003656,1.0000893069003656,1.0012843509351215,1.0012238929898682,1.0011720803133286,1.0011134906675248,1.00109923791091,1.001060974457733,1.0010527309140769,1.0010741573992301,1.0010677752768005,1.0011043702228348,1.0011476175982916,1.0011724746964044,1.0012451923637158,1.001318018511907,1.0014063439554068,1.0015123004971453,1.0016785434756232,1.001817766277194,1.002034882423457,1.0022222856485012,1.002534782657517,1.00287177717647,1.003175629252042,1.003623043788073,1.0041350941076226,1.0047392311804952,1.0053176584425818
experiment_306,1.0001105662656666,1.0001105662656666,1.0001105662656666,1.0001105662656666,1.0001105662656666,1.00125771878455,1.001303253259804,1.0013419432553485,1.0013807203853111,1.00142679231834,1.001482753114786,1.001552641928546,1.0016253896601501,1.0017071454796005,1.0017729179533086,1.001909515371416,1.0019876011700768,1.0021210341967983,1.0022717154370528,1.0024323384844092,1.0025648254697688,1.0027691386454733,1.0029774736785413,1.0031802677535357,1.0034649391412425,1.0037227774645552,1.004071115170574,1.0043997477219662,1.004802413300759,1.0051818898113807,1.0057013197976925,1.0062427113313954
experiment_307,1.0001105662656666,1.0001235435146485,1.0001235435146485,1.0001235435146485,1.0001235435146485,1.0013574858459624,1.0014433679197787,1.0015203258729204,1.001568833169978,1.0016456835434104,1.0017340450769157,1.0017898480319603,1.0018390527952779,1.0018948969915518,1.0019456464035348,1.0019653966121345,1.002002068409531,1.0020250382973122,1.0020475960195692,1.0020641636900762,1.0020449786742254,1.002054003540257,1.0020202385400465,1.0019944085068528,1.001971501527754,1.0019244763550563,1.0018825719689102,1.0018149646067038,1.001764562105939,1.0016937712768699,1.0016326235593138,1.001558960294373
experiment_308,1.0001105662656666,1.0001105662656666,1.0001105662656666,1.0001105662656666,1.0001105662656666,1.0015699487849958,1.0015671505502297,1.001609155549093,1.0016049646175496,1.001613190766524,1.0016921415383133,1.0017832970343532,1.0019020685431552,1.0020000546452734,1.0021315306672351,1.0022529880779683,1.002471407784431,1.002701699730349,1.0029201717270384,1.003194194943581,1.0035895457650803,1.0039600716259658,1.0043690489268025,1.0049173950413497,1.0054686561729098,1.0061205196931935,1.0069631594003794,1.0077257221586526,1.0088023804268742,1.0101353341065409,1.0113098987997717,1.01299018448406
experiment_309,1.0001105662656666,1.0001105662656666,1.0001105662656666,1.0001105662656666,1.0001105662656666,1.0007664059227965,1.0007735748823294,1.0007769748836064,1.0007729129621046,1.0007805299159436,1.000788362306812,1.0007975964300506,1.000808934836567,1.000808934836567,1.0008286853051747,1.0008568265939115,1.0008814091428304,1.0008970064922,1.0009382686965884,1.000972038892842,1.0010118033447792,1.001051922367886,1.0011155135560095,1.001181647670636,1.0012364655419193,1.0012997409996836,1.001381637063726,1.001489170263775,1.0015939676714616,1.0017163059143435,1.0018568412732063,1.0020033802462829
experiment_310,1.0001105662656666,1.0001105662656666,1.0001105662656666,1.0001105662656666,1.0001105662656666,1.0012265700084573,1.0012885821384123,1.0013285033417478,1.0014240562797343,1.001503693264637,1.0016068930759259,1.0017349845256727,1.0018557058749262,1.0020141286203084,1.0021858501512235,1.0023845906988151,1.0026377012937806,1.0029253072047406,1.0032194510949872,1.0035406369062116,1.0039952771001452,1.004426988779737,1.0049552590878017,1.005615995360761,1.006282376894867,1.0070431666543664,1.0079255265655058,1.0089968374807965,1.01026679699032,1.0116107033996724,1.0131873878010185,1.0148958441231575
experiment_311,1.0001105662656666,1.0001105662656666,1.0000955279660582,1.0000955279660582,1.0000955279660582,1.0014745916861372,1.001466140913741,1.0014858305610836,1.00150867338022,1.0015135934229893,1.0015492178231575,1.0016108675934319,1.0016836062914933,1.0017646845786565,1.0018611946818217,1.0019700921056147,1.0020245217516799,1.0021673260593364,1.0023544542919967,1.0024937759894095,1.0027454539522038,1.0029252040194048,1.0031564060300338,1.003395896868168,1.0036996309911437,1.0040430696866163,1.0044353017177083,1.0048198151527312,1.0052689484937354,1.0057272465091778,1.0061800189882824,1.0068066217649367
experiment_312,1.0001105662656666,1.0001105662656666,1.0001105662656666,1.0001105662656666,1.0001105662656666,1.001768210933544,1.0018038978202002,1.0017806537269516,1.001789828071181,1.0017554297165865,1.0017330753715346,1.0017900447330552,1.0017671946083933,1.0018232781630256,1.0019023320349916,1.0019121225608314,1.0020116905979362,1.002052931580364,1.0021679404289,1.002237397512673,1.002323035455165,1.0024801842797917,1.0025520107317876,1.002676637699149,1.0028355085756337,1.0030126299517925,1.003171280702419,1.0033268973741543,1.003591454420891,1.0037987684834815,1.0041101342441987,1.0044174165602238
experiment_313,1.0001105662656666,1.0001105662656666,1.0001105662656666,1.0001105662656666,1.0001105662656666,1.000838221612572,1.0008407439262166,1.0008511170777925,1.000826704485053,1.0008425617980818,1.0008487787544427,1.0008647033579867,1.000881819177382,1.0008999010223498,1.000927465110449,1.0009699556429636,1.00101027657998,1.0010579047076098,1.001117172688364,1.0011852634098752,1.001264158709867,1.0013677020683085,1.001488902871974,1.0016020775359837,1.0017752195090113,1.0019858120248286,1.0021895348561594,1.0024672917659054,1.0027751236299651,1.003132721931025,1.0035871068697604,1.0040912036362315
experiment_314,1.0001105662656666,1.0001003995016213,1.0000891279706785,1.0000891279706785,1.0000891279706785,1.0007451233186824,1.0007145874416308,1.00067615222276,1.0006460586624895,1.0006283738191282,1.0006137455049484,1.000601875384915,1.00060770021058,1.0006060809234754,1.000619432256385,1.0006422729392477,1.0006715112952103,1.0006995995065189,1.0007393245444118,1.0008037054185093,1.0008639623127702,1.0009416670566158,1.0010426145967437,1.0011726073877718,1.0013222622783264,1.0014945480616262,1.0017356818008745,1.0020070145717233,1.0023796260646411,1.0027880796308168,1.0033346912720396,1.0039851288002288
experiment_315,1.0001105662656666,1.0001105662656666,1.0001105662656666,1.0001105662656666,1.0001105662656666,1.0022599003720574,1.0022719700308,1.0022858276913689,1.0023288526661,1.0022906114614891,1.0023497420938678,1.0024165705409591,1.0024260261336682,1.0024842254502115,1.0025802931636503,1.002659663413805,1.00264139263753,1.0026942574939601,1.002795145435566,1.0029077834578373,1.00286999748596,1.0030447440517227,1.0031203515576412,1.0032396852131549,1.0033646482168477,1.0034006939192257,1.00357096990687,1.00357096990687,1.0038254739912316,1.003884065056216,1.0040736684786247,1.0042637612950185
experiment_316,1.0001105662656666,1.0001231984370145,1.0001231984370145,1.0001231984370145,1.0001231984370145,1.0022841837039904,1.0023853548245107,1.0024747058724213,1.002620761864514,1.0026714487344317,1.0028070998371181,1.002906142187757,1.0029021645064284,1.0030028390939296,1.0030909696548944,1.0032051648123048,1.003309891100291,1.0034259701001087,1.0035120431070044,1.0035910204561582,1.0036202699411494,1.0037330258394928,1.0038740079052828,1.003887808560734,1.0040091696588194,1.0040858005203515,1.004203043379265,1.004263380675844,1.0044212216405188,1.0044212216405188,1.0045072120265703,1.0046309647004845
experiment_317,1.0001105662656666,1.0001105662656666,1.0001105662656666,1.0001105662656666,1.0001105662656666,1.001108805703792,1.0010937072665993,1.0010942988490066,1.001069938115225,1.0010699722101966,1.0010905305539388,1.001089102971984,1.0011118416267117,1.0011094038474044,1.0011318245981766,1.0011474354745689,1.001178475203276,1.0012364410477859,1.0012674135575754,1.00128862201307,1.0013437021008351,1.0013917134601777,1.0014687891782315,1.0015221565748305,1.0016220153542017,1.0016795222665258,1.0017695407288312,1.0018849383692063,1.0020088602862995,1.0021375102328838,1.0022903858535017,1.0024572232149567
experiment_318,1.0001105662656666,1.0001105662656666,1.0001105662656666,1.0001105662656666,1.0001105662656666,1.001318845360512,1.001387948302805,1.0014247980213158,1.0014906185503851,1.0015602544242652,1.0016381455567915,1.0017259274774764,1.001819307857995,1.001911275082547,1.0020304128216302,1.0021482732661555,1.00227060795583,1.0024498294246318,1.0025628751296127,1.0027422559345835,1.0029480989194495,1.0031427372208868,1.0033638396953715,1.0036125802553466,1.0039100537262,1.0041880818182471,1.004517407756864,1.004896045533791,1.0053469880503378,1.0057597989994858,1.0063063755522275,1.0068736211051832
experiment_319,1.0001105662656666,1.0001105662656666,1.0001105662656666,1.0001105662656666,1.0001105662656666,1.0012209932396303,1.0011778752035057,1.0011283857494695,1.0010925532531865,1.0010691211789409,1.0010421810253556,1.0010284137293461,1.0010202971440336,1.0009979724536797,1.0009937300058083,1.001016475311032,1.001023776003778,1.001044357454671,1.0010477223478476,1.0010863686940483,1.0011164079013501,1.001158061927266,1.0011907242465097,1.0012494868480888,1.0013186649324142,1.001434159789401,1.0015070805377586,1.0015923638184108,1.0017208927600205,1.0018168435018882,1.0019616193354737,1.0021163339690113
experiment_320,1.0001105662656666,1.0001105662656666,1.0001105662656666,1.0001105662656666,1.0001105662656666,1.0021086875808165,1.0021715742843909,1.002338803023371,1.0023920478494546,1.0025057762741167,1.0026479853564252,1.002723995521642,1.0028457511162565,1.0029520460093564,1.0030648184491482,1.003182406763354,1.003343018075048,1.0035346483853136,1.0036271040099631,1.0037868575682591,1.0038787794496074,1.0040914727270966,1.0043275291197538,1.0045140382783175,1.0045977685756546,1.0048747766883637,1.0050797523884656,1.0053459663818305,1.0055370167267814,1.005696158113332,1.0060332921709993,1.006263896262001
experiment_321,1.0001105662656666,1.000097141947909,1.000084117335919,1.000084117335919,1.000084117335919,1.001299061953992,1.0012350983714238,1.0011865123975066,1.0011246572277146,1.0011184070624275,1.0011184070624275,1.0011184070624275,1.0011632439838252,1.0011828606774527,1.0012153750703177,1.0013068957352094,1.0013552266022596,1.0014768273439008,1.0016054050129437,1.0017279112808937,1.001925304134472,1.0020824703516726,1.0023915138253623,1.0026468759563953,1.002939548527094,1.0033738196202702,1.0038556315937452,1.0043083590698931,1.0049240687246952,1.0057637934897312,1.0065440814011501,1.0075675522797833
experiment_322,1.0001105662656666,1.0000988873941756,1.0000825999273677,1.0000825999273677,1.0000825999273677,1.0005991029951549,1.0005723288135446,1.0005527188062369,1.0005371080327585,1.000531542897933,1.0005349931755905,1.0005365562833644,1.0005456932464976,1.000569216214877,1.0005921317999336,1.0006378621112917,1.000686040869203,1.0007488843410604,1.000819830435465,1.0009214962089008,1.0010383191169432,1.0011862434606982,1.0013686713099132,1.0015910088775184,1.0018661259362787,1.0022008107031963,1.0026177391333546,1.0031658818065068,1.0038074909679369,1.004597335760474,1.0056328173259172,1.006865362504765
experiment_323,1.0001105662656666,1.0001105662656666,1.0001105662656666,1.0001105662656666,1.0001105662656666,1.00094086199678,1.0008877572395936,1.0008766928078416,1.000863510048838,1.0008311227294253,1.0008264635610817,1.0008070005418601,1.000811093250789,1.000806356859533,1.0007993523358816,1.0008084805004058,1.0008084805004058,1.0008266155948897,1.0008487623418574,1.000860996802727,1.000894911434734,1.0009145025018245,1.000947300131978,1.000982141096274,1.001036802556176,1.0011038490885587,1.0011691811018486,1.0012329610670392,1.0013289775023848,1.0014141869240059,1.0015241048657342,1.0016582895116954
experiment_324,1.0001105662656666,1.0001105662656666,1.0001105662656666,1.0001105662656666,1.0001105662656666,1.000920285431744,1.0009281936012708,1.000963880321531,1.0010016738488294,1.0010397884935156,1.0010854351027105,1.0011618361506518,1.0012347537265731,1.0013203314084818,1.001434887576422,1.0015518845432405,1.0017163211715632,1.001892980073592,1.0021131760693873,1.0023653710115108,1.0026791802574755,1.0030340018639279,1.0034701685863319,1.0039920486043288,1.0045843695149967,1.0053084705738378,1.0061722790299563,1.0071472563475983,1.0083388402661593,1.0097778644294007,1.0114318283167034,1.0133851122044908
experiment_325,1.0001105662656666,1.0001105662656666,1.0001105662656666,1.0001105662656666,1.0001105662656666,1.0007731084280682,1.0007760093379734,1.0007636943877531,1.0007605344426393,1.0007427505333388,1.0007484989942892,1.0007483353972286,1.0007457190560693,1.0007355790495707,1.0007417724334724,1.000737325755507,1.0007432202971203,1.0007501790259725,1.0007500970250396,1.0007521314756997,1.0007719196799578,1.0007766005196863,1.0007815310955877,1.0007938577747517,1.0008136998371713,1.0008272574858377,1.000855021712398,1.0008738583214944,1.0009013291180038,1.000937124381921,1.0009695621738404,1.0010114211615666
experiment_326,1.0001105662656666,1.0001105662656666,1.0001105662656666,1.0001105662656666,1.0001105662656666,1.0017730123196664,1.0018219324720334,1.0018231053237976,1.0018764423319901,1.0019046231841382,1.0019878874650203,1.0020304424144577,1.0020887801620675,1.0021705130156953,1.0022308590360236,1.0023372318404984,1.0024038874011294,1.0025497895160613,1.0026467142335147,1.0028279004284675,1.0029752726585182,1.003152362675561,1.0032966807320565,1.0035351555148981,1.003688614229907,1.0039805689452257,1.004216395487379,1.004482211725044,1.0048394444341442,1.0051709060302774,1.005486356577422,1.005843361121026
experiment_327,1.0001105662656666,1.0001105662656666,1.0001105662656666,1.0001105662656666,1.0001105662656666,1.001572437547946,1.0015796901068879,1.0015659864813464,1.0015759708275984,1.0015113647252538,1.001583853913496,1.0015777175756357,1.0016286239305656,1.0016417168123528,1.0016554368915336,1.0017131167217863,1.0017984482086755,1.001895245530705,1.0019840746062747,1.002099145263392,1.0022371018868723,1.002362558477422,1.0025105605278288,1.0026752066884546,1.0029456407928423,1.0031342925193931,1.003486548656174,1.0037298312575829,1.0041004257406938,1.0045939897349805,1.0049742484304665,1.005565177712304
experiment_328,1.0001105662656666,1.0001105662656666,1.0001105662656666,1.0001105662656666,1.0001105662656666,1.002006871073154,1.0020651570680543,1.0021849967928231,1.0021747386294384,1.0022556104608031,1.002438769064115,1.0025434401308269,1.0026064785397122,1.0028784239089432,1.003024016113693,1.0032722313893618,1.0035043111538398,1.0037792339573837,1.0040410818936893,1.0043717405794472,1.0047893022291328,1.005160585048581,1.0056459884395657,1.0061115832150314,1.0067452129911945,1.0073944002765158,1.0080884670564911,1.0088201277035194,1.0097464437276769,1.010597306406924,1.0117258578576156,1.012878807252761
experiment_329,1.0001105662656666,1.0001105662656666,1.0000901547526955,1.0000901547526955,1.0000901547526955,1.0010960339667265,1.0010837609904157,1.001066708895484,1.0010564252340461,1.0010913642621002,1.0011125693332992,1.001145110342042,1.0012067865998655,1.0012717446048853,1.001336663802496,1.0014401039500775,1.00159184496416,1.001756311784571,1.0019181177160181,1.0021475509730633,1.0024010519365676,1.0026645894198543,1.0030694427222036,1.0034964449351875,1.0039864381640875,1.0045811649547538,1.0052965571435657,1.006126420302349,1.0070871884529344,1.00825120916074,1.0096007866204337,1.0113279339633754
experiment_330,1.0001105662656666,1.0001105662656666,1.0001105662656666,1.0001105662656666,1.0001105662656666,1.0016058483920605,1.001678857659515,1.001746794658672,1.0018089412423046,1.0019056573252563,1.0019982256936693,1.0020949453055283,1.0022367161042454,1.002372116735167,1.002507574973829,1.0026806396610108,1.0028485607945874,1.0030195558806239,1.003191139997326,1.0034380171021693,1.0036904653658556,1.003936539860092,1.0042323205259456,1.0045634746233865,1.0048828002807635,1.0052745295972356,1.0056899265109613,1.006049174682174,1.0066350140885663,1.0071637643840237,1.0077663098130432,1.0084768319249857
experiment_331,1.0001105662656666,1.0001105662656666,1.0001105662656666,1.0001105662656666,1.0001105662656666,1.0019352624501763,1.001947559385617,1.0019824333146334,1.0019706555185925,1.0019478824916426,1.001992018435614,1.0020262611187998,1.002103452797083,1.002170051366606,1.0022261278227047,1.0023049581047263,1.0023552529718034,1.0024508566686468,1.0025084144100944,1.0026159050101777,1.0026759794515336,1.0028372084243145,1.0029795922547355,1.0031635928029432,1.0033269259320157,1.0034486039290103,1.003643418351371,1.0038316793459294,1.004099485307091,1.0043337474442515,1.004536063982391,1.004868627535918
experiment_332,1.0001105662656666,1.0001105662656666,1.0001105662656666,1.0001105662656666,1.0001105662656666,1.0018940282536546,1.0020118716329007,1.002087683782857,1.0021570823056423,1.0022670452072822,1.002404659671813,1.0025042730636338,1.00260741380003,1.002843603242019,1.002980246019044,1.003182651496468,1.0034084456028372,1.0036267044242233,1.0039054137947108,1.0041342878468016,1.004522456588897,1.0049516412218202,1.0053498296499415,1.0057670828776997,1.0062886577162256,1.0069310696125846,1.0075370921211104,1.0082541723390446,1.0091134111365154,1.0099604202775996,1.0111666409430782,1.0123062438237955
experiment_333,1.0001105662656666,1.0001105662656666,1.000093755745439,1.000093755745439,1.000093755745439,1.0009126224497422,1.000876908182824,1.0008611764952642,1.00084690402678,1.0008304113050148,1.000830753527971,1.000823164011537,1.0008213107672195,1.0008416961772642,1.0008792727162774,1.000898971573077,1.0009448567557742,1.0010103683420393,1.0010681201483094,1.001140754380967,1.0012466613065993,1.0013467789256765,1.00147081081693,1.001627420860622,1.0018052837709261,1.002038629901333,1.0022815187054823,1.0026026238793104,1.0029321157816065,1.0033447607393569,1.0037813678907428,1.004361447056111
experiment_334,1.0001105662656666,1.0001105662656666,1.0001105662656666,1.0001105662656666,1.0001105662656666,1.002476007873247,1.0025795322849238,1.0026431794335673,1.0026804699760552,1.002764624943368,1.0028482851238554,1.0029176189328266,1.00301247499178,1.0030783712014781,1.003160205131287,1.0033019981853828,1.003420265072702,1.0035054449763525,1.00362362478799,1.003761559690791,1.0038228372678106,1.0040290243456915,1.004082331044287,1.0043077924788248,1.0044215740966573,1.004652860789848,1.004896442967321,1.0051619353538315,1.005251474465395,1.0054448510815073,1.0057050647569428,1.0061514595950545
experiment_335,1.0001105662656666,1.0001105662656666,1.0001105662656666,1.0001105662656666,1.0001105662656666,1.001052106579847,1.0010509784010055,1.0010548754058126,1.0010350527116838,1.0010206218055622,1.0010299984789501,1.0010031910528367,1.0009868081031588,1.00097557597135,1.0009534518930343,1.0009355509576363,1.000906356207072,1.0008750899444874,1.0008645542451438,1.0008349846291662,1.000793338913144,1.0007771323427437,1.000745306712905,1.000718124474892,1.000677836225443,1.0006554909778318,1.0006162937791103,1.0005827699719543,1.0005536734750242,1.0005196279517587,1.0004901893531106,1.0004618006526207
experiment_336,1.0001105662656666,1.0001105662656666,1.0001105662656666,1.0001105662656666,1.0001105662656666,1.001016318294471,1.0010451011090298,1.0010652123388866,1.0011082194787646,1.0011601331879276,1.0012158587156414,1.001279364930863,1.0013667311036232,1.001492925140566,1.0016338393906004,1.0018049076833646,1.002011847174327,1.0022340473846634,1.0025318562335528,1.002880834979248,1.0033396424891596,1.0038446246325787,1.0044513836402555,1.0052541300980526,1.0062005833410197,1.0073462709333207,1.0088129199601674,1.0104878283680891,1.0127064876777787,1.0152420371164423,1.0184285169924905,1.022183665223043
experiment_337,1.0001105662656666,1.000100514779552,1.0000885944245257,1.0000885944245257,1.0000885944245257,1.0009615665185574,1.0009343460269577,1.0009180974717544,1.000890147993568,1.000900616522631,1.000907922826345,1.0009405825306905,1.000963336907573,1.0010079111906935,1.0010560927070842,1.001124371934497,1.001201397513267,1.0012903374395483,1.0014204141839003,1.0015759243867859,1.001751837998702,1.001932546113322,1.0021926955084473,1.0024720449304836,1.0028400015198065,1.0032176340261922,1.0037353597687826,1.0043883343508693,1.0050916957435043,1.0060790057355826,1.0072343358295206,1.0086582125098147
experiment_338,1.0001105662656666,1.0001105662656666,1.0001105662656666,1.0001105662656666,1.0001105662656666,1.002081475821905,1.0021190280872045,1.0021937463269195,1.002156719746057,1.0021826912474399,1.0021696006300598,1.002213239959688,1.002278938179037,1.002319153135022,1.0023569695636063,1.0023689799536413,1.002457546334102,1.0025018574030362,1.0025439488905326,1.0026015310004583,1.0027107961548811,1.0028557031136693,1.0028557031136693,1.0029762815423124,1.0031202400242452,1.003216020108473,1.0033101881951103,1.0034471435985888,1.0036487802197123,1.0038061989286269,1.0039631140164071,1.004140767628643
experiment_339,1.0001105662656666,1.0001105662656666,1.0001105662656666,1.0001105662656666,1.0001105662656666,1.0011358798175403,1.0010743516632852,1.0010997276406006,1.0010684280456155,1.0010804540025544,1.001108759163924,1.0011198937915202,1.0011621131100887,1.0012087111599972,1.001256863681493,1.0013249285858834,1.0013996796278186,1.001494959201277,1.001608994816548,1.001754362766569,1.0019359217895136,1.0020905152589676,1.0022984735361027,1.0025146070662099,1.0028034637506023,1.003124313557727,1.0034848914154832,1.0038754310845002,1.004405421599147,1.0049689014929482,1.0056257288427093,1.0062887820962676
experiment_340,1.0001105662656666,1.0001105662656666,1.0000923509956388,1.0000923509956388,1.0000923509956388,1.0014509207750244,1.0014515576267669,1.0014458381011553,1.0014458381011553,1.0014973336157027,1.0015747865020883,1.0016404507759042,1.0017436958372452,1.0018215260397851,1.001985104069421,1.00212983413736,1.0023160357151282,1.0025575059661944,1.002815298286356,1.003141151350868,1.0034256483421566,1.0038739387614908,1.0043175980873562,1.0047687128220704,1.0053395445417665,1.0059285334684074,1.0066553181855282,1.0075003426949434,1.0086098961513392,1.0094070492013383,1.0107759824570683,1.012006271246491
experiment_341,1.0001105662656666,1.0001105662656666,1.0001105662656666,1.0001105662656666,1.0001105662656666,1.0012387407303918,1.0012530855360162,1.0012530855360162,1.001280982665394,1.0013007545358543,1.0013337726861842,1.0013676097215618,1.0014075385985364,1.0014607026255582,1.0014866155252398,1.001540929010493,1.001605774211813,1.0017003716538,1.0017892427503101,1.0018590755120151,1.0019835214365307,1.002073408627384,1.0022150920710426,1.0023671819265598,1.002528127154353,1.0027127677798184,1.0029584578759116,1.0031531039741592,1.0034267042123592,1.0036997029354242,1.0040256506067933,1.0043731624799195
experiment_342,1.0001105662656666,1.0001105662656666,1.0001105662656666,1.0001105662656666,1.0001105662656666,1.0018921902865283,1.0018648340965763,1.0018745360820576,1.001804639438147,1.0018367076465102,1.0018367172516862,1.001874585488432,1.0018772303742451,1.0019391881143618,1.001931158005606,1.001962259311204,1.0019978181871927,1.0020973910673854,1.002126400599586,1.0022143096156877,1.0023692915671938,1.0024620677503566,1.0025197559377121,1.0026785922660757,1.0028520258473788,1.0029761161797182,1.0032595595336566,1.003418645722296,1.0036191559082779,1.0039168055289782,1.0041449016072148,1.0045304372075634
experiment_343,1.0001105662656666,1.0001105662656666,1.0001105662656666,1.0001105662656666,1.0001105662656666,1.0014933884446338,1.0014387837319478,1.0014111227704479,1.0014052417188908,1.0013484136366007,1.001375021716698,1.0013875087445518,1.0014207978680056,1.0014374872865173,1.0014677482750343,1.0015161415280447,1.0015537661845775,1.0015991683076984,1.0016925674212307,1.0017665566545588,1.00184513424163,1.001936974897574,1.002072383913991,1.0021741462618212,1.002319353725821,1.0025272499517046,1.0027082287239248,1.002893399743401,1.0031334219557222,1.0033841149750555,1.0037400626870667,1.0040398318750088
experiment_344,1.0001105662656666,1.0001105662656666,1.0001105662656666,1.0001105662656666,1.0001105662656666,1.0010546837537526,1.0011401104114972,1.0012003070849018,1.0012501242559642,1.0013317647420175,1.0013966315236706,1.0014655092708973,1.001567914248613,1.0016511271613728,1.0017256369872447,1.0018245322695964,1.0019392265127103,1.0020551872294206,1.0021673072169563,1.0023070668207776,1.0024454507777671,1.002603259011208,1.0027502597047981,1.0029351236827366,1.0031395515508386,1.00336112643494,1.0036019887342302,1.0038453626231176,1.0041342111740241,1.0044455212302001,1.0047697428733204,1.0051356210133857
experiment_345,1.0001105662656666,1.0001105662656666,1.0001105662656666,1.0001105662656666,1.0001105662656666,1.000890892434923,1.0008943500921255,1.0008987336918465,1.0008907933449465,1.0008863548649456,1.0008776787846225,1.0008679227763113,1.0008693058476297,1.0008522373924964,1.0008382597869838,1.000814820324564,1.0008051713227382,1.0007821946937108,1.000771118864073,1.0007515726126446,1.0007265630921738,1.0007060447787508,1.000681340275648,1.000646156296791,1.0006264523927677,1.0005909011716632,1.0005685679001008,1.0005466197693396,1.0005195516971581,1.0004864849132005,1.0004557865853192,1.0004348727702694
experiment_346,1.0001105662656666,1.00009770866928,1.0000852676103023,1.0000852676103023,1.0000852676103023,1.0010205569171717,1.000938630026627,1.0008813085113233,1.0008212250156587,1.0008094166017216,1.0007852423526913,1.0007556272924993,1.0007497086856998,1.0007468895813536,1.0007581653768782,1.000752838792339,1.000767094076201,1.0008038370375936,1.000842804353681,1.000878003336595,1.0009477258824937,1.001014663449645,1.0010892037630272,1.0011798684692714,1.001303643516128,1.0014444336691963,1.0015930825600892,1.001800601229749,1.0020293930524022,1.0022568636861093,1.0026063429816445,1.0028988451958702
experiment_347,1.0001105662656666,1.0001105662656666,1.0001105662656666,1.0001105662656666,1.0001105662656666,1.0013861788423006,1.0013772201391233,1.001403510480959,1.0013760583847264,1.0013956569854203,1.0014312137942039,1.0014585056912273,1.0015275639359085,1.0016219216296416,1.0016761866487156,1.0017746089675783,1.0019104666194867,1.002084240251369,1.0022346230707209,1.0024165382464665,1.002654920100813,1.0029135948943346,1.0031822496323735,1.0035342018556546,1.0039145971007728,1.0043041480289476,1.0048900777054763,1.0053846712869101,1.0060873713510423,1.006841471853162,1.0077595377480322,1.0087393807286082
experiment_348,1.0001105662656666,1.0001105662656666,1.0000930805535375,1.0000930805535375,1.0000930805535375,1.0012066587971415,1.001175581170828,1.0011403075642877,1.0010899864189358,1.0010876139162703,1.0010755879758415,1.0010897097334182,1.0010977060092785,1.0011021831684024,1.0011025157306161,1.0011404555084988,1.0011768759247863,1.0012488278093747,1.0013068354865922,1.0013609131817909,1.0014658236114642,1.0015517685854538,1.0016683790239818,1.0018047412020394,1.0019803190959435,1.0022168506816926,1.0024089845476087,1.0026913063136633,1.0029895690532524,1.0033617927446195,1.0037669356411254,1.0042670289302043
experiment_349,1.0001105662656666,1.0001105662656666,1.0001105662656666,1.0001105662656666,1.0001105662656666,1.0009248614454802,1.0009304998259778,1.0009371308472195,1.0009587531396757,1.0009723241843251,1.000992682884052,1.0010441736193756,1.0010960275339258,1.0011445715446903,1.001212053479103,1.0012550922315713,1.0013516787574994,1.0014633628428617,1.0015485884393738,1.0016696044885722,1.0018242271490876,1.0019737676136278,1.0021559430518427,1.002372559791183,1.0025879509314684,1.002867259000756,1.0031634810109797,1.003545213198125,1.0039322079911963,1.004426813874208,1.0049402805505432,1.0055301116988316
experiment_350,1.0001105662656666,1.0001105662656666,1.0001105662656666,1.0001105662656666,1.0001236521142405,1.001081599299291,1.0011265961908027,1.0011835459914082,1.0012639884804326,1.0013630837152876,1.0014574765916902,1.0015857651961972,1.0016967669486514,1.001850281197102,1.0020575153011848,1.0022542710271027,1.002515354493694,1.0028008162121838,1.0031454635940438,1.0035385566680362,1.003996497159898,1.0045157697708864,1.0051394038295305,1.005838731604524,1.0067232061013238,1.0076571468919615,1.0088483415489908,1.0101610687030669,1.0117548708090427,1.0136384636955083,1.0158623195756598,1.018518376542851
experiment_351,1.0001105662656666,1.0001105662656666,1.0001105662656666,1.0001105662656666,1.0001105662656666,1.0021980415415324,1.0022407701851601,1.002307010491141,1.0023396353819558,1.002353526122723,1.0024365307143677,1.0024879716423658,1.0025785005673187,1.002623930033752,1.0026592387307538,1.0027700272948583,1.0028323568976536,1.0028979480112625,1.0029544288104548,1.0030197718840563,1.0030661740954399,1.003215459169645,1.003249612686326,1.0033587994640438,1.0034312763499718,1.0035438807181258,1.0036013460746358,1.0037650403303289,1.0037883766317859,1.0039197100437096,1.0039977989558113,1.0041472484065725
experiment_352,1.0001105662656666,1.0001105662656666,1.0000919264671349,1.0000919264671349,1.0000919264671349,1.000770883793172,1.0007560232363217,1.0007673315517704,1.00077401004515,1.0007834980320935,1.0008101794208906,1.0008570134676122,1.0008914748392097,1.0009647294893163,1.001029243009784,1.0011267848894774,1.0012264201047334,1.001360921561025,1.0015243742752395,1.0017212773574928,1.0019691077198194,1.002264078442996,1.0026059332900712,1.0030552901166072,1.0036076867781902,1.0042549226814923,1.0050796413067944,1.006052533379962,1.0072150038098122,1.0087360614224337,1.0106282092859025,1.012952425387515
experiment_353,1.0001105662656666,1.0001105662656666,1.0001105662656666,1.0001105662656666,1.0001105662656666,1.0019605151771245,1.0019645587696544,1.002018713237485,1.0021121361891818,1.0021168468879178,1.002191522742088,1.002387005438682,1.0024269860772852,1.0025938215212051,1.0027697113686889,1.0029778677232382,1.0031182462742625,1.0033848141898551,1.003598476935555,1.0038895622406792,1.0042040450392058,1.0044118376844755,1.0048889024813676,1.005236108652588,1.005685089667622,1.0061316003959597,1.0066246506967629,1.0070316715881547,1.0077208795721977,1.0083272551955837,1.0091402980299866,1.0098073595318802
experiment_354,1.0001105662656666,1.0001105662656666,1.000093198654217,1.000093198654217,1.000093198654217,1.0010016026879953,1.0009547125967597,1.0009298972558598,1.0009187778188509,1.0008972305146038,1.0008962131131212,1.0008943030719017,1.0008616460767574,1.0008868395635084,1.0009069171967968,1.00092647589067,1.0009423214359623,1.000969518902537,1.0009952281812364,1.001020604450921,1.0010535484606276,1.0011189627346608,1.0011725389750623,1.0012442753854267,1.0013016609403376,1.0013799252332358,1.0014909570706259,1.0015638300232155,1.0016768527910296,1.0018246993147648,1.00195364222501,1.0021117740182075
experiment_355,1.0001105662656666,1.0001105662656666,1.000092864752151,1.000092864752151,1.000092864752151,1.0015930360260887,1.0015601298047827,1.0014537499519118,1.0014014269192386,1.0013786868876684,1.0013665372550495,1.0013803150234435,1.0013803150234435,1.0013729026580964,1.0014017526476617,1.001444262407313,1.0014175095964373,1.0015004016771731,1.0015370228320852,1.001579404802113,1.001666119736606,1.0017625788563682,1.001851798863063,1.0020327413275425,1.002085601309934,1.0022849148482624,1.0024507418375774,1.0026352170193573,1.0029243339058667,1.0032021831973503,1.0034364126477435,1.003771463108616
experiment_356,1.0001105662656666,1.0001105662656666,1.0001105662656666,1.0001105662656666,1.0001105662656666,1.000830657311961,1.0008587632415882,1.0008894462250095,1.0009236780337427,1.000969644993382,1.001012327236095,1.001077974629759,1.0011444589386926,1.0012236421134693,1.0013305669810184,1.00143733837894,1.001557211800742,1.0017018471254264,1.0018663247157795,1.0020834600730404,1.0022995094217328,1.0025845322283868,1.0028968873060808,1.0032872332758496,1.003708294041325,1.0042491103459568,1.0048648629168109,1.005599867444794,1.0064847420419907,1.0075285645313132,1.0087722572111082,1.0102768264808792
experiment_357,1.0001105662656666,1.0001105662656666,1.0001105662656666,1.0001105662656666,1.0001105662656666,1.0007405222099444,1.0007411544057088,1.0007490672907384,1.000768572957873,1.0007911524026813,1.0008146387132824,1.0008476001866216,1.0008839183675693,1.00092276015517,1.0009908039100321,1.0010489789118497,1.0011319642225858,1.001198432580939,1.0012921166997346,1.0013995457095044,1.0015209979447264,1.001666911049034,1.0018268372185362,1.0019848746122677,1.0021855909086617,1.0023984554067777,1.0026698161556205,1.0029409044400064,1.0032471280398276,1.003615098997084,1.004033722355978,1.0044696195276117
experiment_358,1.0001105662656666,1.0001105662656666,1.0001105662656666,1.0001105662656666,1.0001105662656666,1.0020373746959383,1.002115430246403,1.002155956568394,1.002210918330858,1.0022235283957472,1.0023384742440908,1.0024155919994309,1.0024752904163434,1.0025336191954646,1.0026718462386823,1.0027691745060627,1.0027607840985981,1.0028825571584852,1.0029792253592815,1.0030567997091175,1.0031423606253056,1.00321927795113,1.0032779029836416,1.0033269322801228,1.0034096997362074,1.0034388114926533,1.0035610824819428,1.0035771760712775,1.0036282721505176,1.003677515013433,1.0037187532893326,1.0037750434857873
experiment_359,1.0001105662656666,1.0001105662656666,1.0001105662656666,1.0001105662656666,1.0001105662656666,1.0008736760687764,1.0009029873155313,1.0009224051887189,1.00094409624175,1.0009600429321048,1.001001014024812,1.0010182878186553,1.0010533881026549,1.0010869510593563,1.0011315508150136,1.00117696986711,1.0012167696180165,1.0012856474232021,1.0013532027095617,1.0014087199988788,1.0014920633031112,1.0015729270417801,1.0016824012551597,1.0017904764549117,1.0019016189279712,1.0020351082372096,1.0021911092142322,1.0023542022778775,1.0025631889330255,1.002779490909422,1.0030079003982706,1.0032906840568976
experiment_360,1.0001105662656666,1.0001105662656666,1.00009435615508,1.00009435615508,1.00009435615508,1.001187820464968,1.001194212050933,1.001209317136208,1.001210011790045,1.0012753544742232,1.0013065256393996,1.0013655682650553,1.0014516124443098,1.0015358127971061,1.0016422675181824,1.0017608716784772,1.001943350123615,1.0021182998525904,1.0023262029659366,1.0025692158408435,1.0028474696001604,1.003170426199742,1.0034941469037741,1.0039748638868027,1.0044587179881252,1.0050506731015802,1.0056671293430395,1.0064977596293916,1.007333606689644,1.0084614077294363,1.0096465682373315,1.0110373250541016
experiment_361,1.0001105662656666,1.0001105662656666,1.0001105662656666,1.0001105662656666,1.0001105662656666,1.0010156065236917,1.0010466872206816,1.001080557935434,1.0011045417001845,1.0011315803456566,1.0011951283438694,1.0012333737690993,1.001276045411071,1.0013362100180934,1.0013920984455713,1.0014522350201533,1.0015303339261556,1.001586732184904,1.0016532292963576,1.0017363600797997,1.0018329430846329,1.0019323832185372,1.0020008744161821,1.0021179985805122,1.0022164635424993,1.002342039785968,1.0024649734490083,1.0025842181061706,1.0027450390409545,1.0028669704849056,1.00302552670403,1.0031799234422636
experiment_362,1.0001105662656666,1.0001105662656666,1.0000929210567033,1.0000929210567033,1.0000929210567033,1.0009533610404961,1.000926547636078,1.0008933515067588,1.0008458863577805,1.0008515108368392,1.0008231136550858,1.00081395290036,1.0008009566053035,1.000801513186677,1.0007888383492023,1.0007888986899751,1.0008021581515856,1.0008149984340808,1.0008300278161884,1.0008368669111736,1.0008715992998132,1.0009033515181522,1.0009200411485073,1.000991997946789,1.0010379867331864,1.0010902778721273,1.0011408768764756,1.0012464533313978,1.0013295274421874,1.0014488051129191,1.0015752029182277,1.0017062487262636
experiment_363,1.0001105662656666,1.0001105662656666,1.0000931338213739,1.0000931338213739,1.0000931338213739,1.0011336314596426,1.0011164398763954,1.0011246795218909,1.0011272669796603,1.0011486323599472,1.001166836269765,1.0012197441646782,1.0012668732339833,1.0013540166644597,1.001456401195804,1.0015707330549042,1.0017004383434394,1.0018767137104627,1.0020425789128766,1.0022684081432058,1.0025220875071001,1.0028047552176,1.0031697930238637,1.0036256233077219,1.0040874031900031,1.0046832922001374,1.0053822421247613,1.006101271365572,1.0070744832289489,1.0081608944315783,1.0094738550341436,1.0109695858069978
experiment_364,1.0001105662656666,1.0001105662656666,1.0001105662656666,1.0001105662656666,1.0001105662656666,1.0019229622411359,1.0019381008090804,1.0018958773997402,1.0019303026063409,1.0019096350157144,1.001873452497436,1.0018764233777757,1.0019021324943205,1.0019231297902482,1.0020191755599543,1.0020443995898198,1.0020991726671051,1.0021291453178807,1.0022110300430305,1.002302502047419,1.0023899069865145,1.0024426179744934,1.0026063189718062,1.0026727139083247,1.002774148734201,1.0029278814885245,1.0031130922044826,1.0033157624144482,1.0034581844219164,1.0036005828744547,1.0038955233025806,1.0041554249653593
experiment_365,1.0001105662656666,1.0001105662656666,1.0000926266970842,1.0000926266970842,1.0000926266970842,1.0015024230073697,1.00150941489044,1.0014850402929085,1.0014191274030162,1.0014357992189364,1.001456302471791,1.0014803247432942,1.0014539733437304,1.0014966248704433,1.0015589142036478,1.0016226480408397,1.0016890138673695,1.0017710578611947,1.0019466229504315,1.0020606393081113,1.0022502671234932,1.0024594468985377,1.002640362171729,1.0029205069629097,1.0032231109431062,1.0035215191449358,1.0039987047890377,1.0045523454973542,1.0050994258511834,1.0058718306064638,1.0066082984591604,1.0077734521678545
experiment_366,1.0001105662656666,1.0001105662656666,1.0001105662656666,1.0001105662656666,1.0001105662656666,1.001973245695218,1.001951604193483,1.0020112323082793,1.002042575236764,1.0020854799646528,1.0020633412279547,1.0021724374309273,1.002236651377089,1.0023681976639875,1.0024764026944328,1.0025319070865244,1.0027056539682682,1.0028390876840856,1.0030286568065991,1.0031439373319881,1.0034443359321763,1.0036417658308903,1.0039425598783176,1.0042712933249325,1.004598584520762,1.0049687016600362,1.0054646929001692,1.0058541955671496,1.0065806996858588,1.0070945799690598,1.007531034566139,1.008430341706592
experiment_367,1.0001105662656666,1.0001105662656666,1.0001105662656666,1.0001105662656666,1.0001105662656666,1.0018182582854116,1.0018557407775925,1.001868973103976,1.0018423734500244,1.001878521558247,1.0018936312252842,1.00189253584965,1.0019317984580893,1.0019514522727293,1.0019911117698646,1.0020242867483988,1.0020373242599407,1.0021027014675215,1.0021459291754322,1.0021834637827,1.0021947751129092,1.0022789963390355,1.002338716732564,1.002412741705069,1.0024892748556018,1.002524348231889,1.002574977459074,1.0027510030560247,1.0028092329637923,1.0029293933330443,1.003030510338503,1.0031443593274807
experiment_368,1.0001105662656666,1.0001105662656666,1.0001105662656666,1.0001105662656666,1.0001105662656666,1.0013941237366357,1.0013996085328152,1.001421892458521,1.0013962585329088,1.0014317413233562,1.0015147829813194,1.0015569759487022,1.0016342238962992,1.0017086994154594,1.0018290927955475,1.0019309715560032,1.0020414950448737,1.0022174810684767,1.002396007515234,1.0025960058737824,1.0028431340829174,1.0031088150388323,1.0034552984905034,1.0038390552993393,1.004205609724235,1.0046431699703702,1.005295260582233,1.0058486078860307,1.0065896254282132,1.007321278558724,1.0083220625299312,1.0093347768819596
experiment_369,1.0001105662656666,1.0001105662656666,1.0001105662656666,1.0001105662656666,1.0001105662656666,1.0019898091534445,1.002030422525282,1.00205370242349,1.0021161625651946,1.0021365250939278,1.0021440874823457,1.0021306451500638,1.002166253886962,1.0021978186641964,1.0022431650179733,1.0023344486578023,1.0023746516715788,1.0023746516715788,1.0024131318224776,1.0024326347758041,1.0024795424134951,1.0025337404008858,1.0025687888132457,1.0026007426135621,1.0025969769060925,1.0026771829280192,1.002728240376883,1.002747421765669,1.0028596929378406,1.0028824522033788,1.0029682004478462,1.0030307261526967
experiment_370,1.0001105662656666,1.0001105662656666,1.0001105662656666,1.0001105662656666,1.0001105662656666,1.000886734111541,1.0009388043581267,1.0009834362545247,1.0010295830323772,1.001078121607553,1.0011480436524047,1.001211942236664,1.0012878108627767,1.0013886839280073,1.0014909649785175,1.001600322901207,1.0017421174457224,1.0018803969864096,1.0020589006699285,1.0022520989043435,1.00248051677327,1.002733182022127,1.0030175808883257,1.0033504689856192,1.0037312837821648,1.0041842322952885,1.0046725579989124,1.0052505591473775,1.0059078251624918,1.0066793333116728,1.0075678844802782,1.0086148162949948
experiment_371,1.0001105662656666,1.0001105662656666,1.00009417126028,1.00009417126028,1.00009417126028,1.0010725437651502,1.0010431655006298,1.001033958431025,1.0010119761033234,1.001027425989382,1.001050666528338,1.0010642504214733,1.00108021588578,1.0011097749932478,1.0011638811012689,1.0012248059319866,1.0012683621455327,1.0013672526363355,1.0014724425493666,1.0015881261561352,1.0017340381141253,1.0018536134426574,1.0020584163889612,1.0022332223543036,1.0025020322347995,1.0027753723375905,1.0030647472117282,1.0034546772331516,1.003839346930569,1.00434232884808,1.0048712666623376,1.005489197852713
experiment_372,1.0001105662656666,1.0001105662656666,1.0001105662656666,1.0001105662656666,1.0001105662656666,1.0013125528722093,1.0013221227061004,1.0013574525851623,1.0013574525851623,1.0013902698690682,1.0014154217192737,1.0014522388525129,1.0015075490444971,1.0015748252334993,1.0016417501745354,1.001771609451869,1.0018570052531284,1.0019669189623353,1.0021018211049793,1.0022356367532796,1.0024261577058944,1.0026462594653867,1.002860548438648,1.0031162457437142,1.0034061440968218,1.0037374633576908,1.0040930060516828,1.0044808969855132,1.0049879976858276,1.0054276976558387,1.0060622127986274,1.0067379460275294
experiment_373,1.0001105662656666,1.0001292826823702,1.0001292826823702,1.0001292826823702,1.0001292826823702,1.001799682749384,1.0019506934374467,1.0020880041273872,1.0022317215001222,1.0023916503171477,1.0025737161359622,1.002723068249089,1.0029100311383246,1.0030695980418562,1.0032202561570032,1.003421344542043,1.0035915689713355,1.0037830492261683,1.003952520419013,1.0041097055571346,1.0042762261177498,1.0044360768888918,1.0046213234165238,1.004773691157948,1.0049175075446743,1.0050765029975868,1.0052437062298438,1.0053434232342453,1.0055196679603533,1.005661485096526,1.00575236053492,1.0058527272537443
experiment_374,1.0001105662656666,1.000099220421951,1.0000839228224137,1.0000839228224137,1.0000839228224137,1.001252046314905,1.0012055097241146,1.0011307130076714,1.0010629242177487,1.0010342040116207,1.0010204223757297,1.0009776132503285,1.0009735386171306,1.0009740339384352,1.0009622769016886,1.0009660681282984,1.000990569928025,1.0010265957015667,1.0010732335241725,1.0011183472541927,1.0012165121395162,1.0012889330392611,1.0013956284435634,1.0015131744240404,1.0016580722509953,1.0018047054721546,1.0020319835509488,1.0022669824917898,1.002498966545978,1.0028618492038084,1.003261835610944,1.0036803141404202
experiment_375,1.0001105662656666,1.0001105662656666,1.0001105662656666,1.0001105662656666,1.0001105662656666,1.0010531103081397,1.0010541054664295,1.0010767126810665,1.00106490321405,1.0010747565559392,1.0010835082630059,1.001111416795583,1.0011225483726829,1.0011306787229848,1.0011553139135843,1.001175668461555,1.001195230937361,1.0012513268438958,1.001285813804919,1.0013176996608295,1.0013537517566848,1.0014116808166553,1.0014375563309987,1.0015023828667933,1.0015602262852539,1.0016336721700183,1.0016925033310862,1.0017896166176745,1.001843323138375,1.0019564542049353,1.0020391353424987,1.0021694944477555
experiment_376,1.0001105662656666,1.0001105662656666,1.0001105662656666,1.0001105662656666,1.0001105662656666,1.001096804052764,1.0011358813256521,1.0012046990417247,1.001229114488577,1.0012801177069834,1.0013379240956228,1.0014112169222202,1.0014690050870505,1.0015507230014755,1.0016369795720328,1.001763766428138,1.0018805222175438,1.0020182722821747,1.002167307779352,1.0023770444255562,1.0025765206308948,1.002820143871349,1.0030950106505292,1.0033994171564153,1.0037560052353154,1.004197141321282,1.004647395083666,1.005196227128804,1.0057900077651223,1.0065224301261673,1.0073232800021716,1.0082501474652472
experiment_377,1.0001105662656666,1.0001105662656666,1.0001105662656666,1.0001105662656666,1.0001105662656666,1.001770319723934,1.0017777229232725,1.0017846306666462,1.0017720749145484,1.0017565720353816,1.0017920511051062,1.001808867349488,1.0018430716320594,1.0018276668144281,1.0018276668144281,1.0018433951536132,1.0018612016495458,1.0019061075057252,1.0019004755195497,1.0019703717148507,1.0019796966135335,1.0019996790990713,1.002010470256023,1.0020959852339777,1.00212755735294,1.0021646245718263,1.0022043766628013,1.0022906251845338,1.0023304448260446,1.0023728432430439,1.002452319587814,1.0025229659931472
experiment_378,1.0001105662656666,1.0001105662656666,1.0001105662656666,1.0001105662656666,1.0001105662656666,1.001211332476181,1.0011795946325024,1.0011539309548907,1.0011468503237082,1.0011582316903347,1.0011525502060037,1.001181191993014,1.001176392487227,1.0012188698732383,1.0012449247071507,1.0012752536019425,1.0013313815815077,1.001397619218096,1.001483018193559,1.0015739813392928,1.0016531126641675,1.001787014355337,1.001929708569984,1.0020955105309304,1.0022670113706957,1.0024654319875235,1.0026918112555374,1.0029683237706943,1.0033472580177483,1.0037023159571319,1.0040980866923255,1.0045991461582215
experiment_379,1.0001105662656666,1.0001105662656666,1.0001105662656666,1.0001105662656666,1.0001105662656666,1.0010924872408131,1.0010417668761873,1.0010565428891114,1.0010653590444238,1.0010349604777828,1.0010549133301119,1.0010604058440404,1.0010515894554113,1.0010650154398117,1.0010868477748196,1.0010868477748196,1.0011385103786437,1.001160044097468,1.0012032612290278,1.001247971633477,1.001318707884556,1.0013542639168747,1.0014298751447093,1.0015276543949985,1.001615513803281,1.0017096895055106,1.0018102342809658,1.0019290364345137,1.002073858550242,1.002246139699489,1.0024355945190915,1.0026171113309397
experiment_380,1.0001105662656666,1.0001105662656666,1.0001105662656666,1.0001105662656666,1.0001105662656666,1.0019917557020568,1.0020333900274196,1.0020822784844912,1.0021297606014636,1.0022151932467245,1.0022779764745895,1.0023950720368076,1.0024947804466264,1.0026367725379008,1.002708656964968,1.0028099138519393,1.0029757447928715,1.0031711389747768,1.0033291501976136,1.0035161386475944,1.0036684263276214,1.0039472470990414,1.0042126916032694,1.0044724780131202,1.0047206258069783,1.0050918896352867,1.0055792735352882,1.0060227519243687,1.0063293192471097,1.0068669020134944,1.007462582391889,1.0080212084970483
experiment_381,1.0001105662656666,1.0001105662656666,1.0001105662656666,1.0001105662656666,1.0001105662656666,1.000856301319758,1.0008774356026107,1.0008915380724233,1.0009148342447123,1.000931936268379,1.000958235947793,1.0009874494308044,1.001017334098312,1.0010689044915277,1.0011068806617998,1.0011787900517277,1.0012328786834748,1.0012993617047228,1.0013816882429163,1.0014646887026608,1.0015676611281368,1.0016927333762728,1.0018317987482142,1.0019869237757484,1.002144607423364,1.002335036931469,1.0025754641606694,1.0028149616902027,1.0031278229927232,1.003454288001317,1.0038294727836448,1.0042445471565389
experiment_382,1.0001105662656666,1.0001105662656666,1.0000934727901665,1.0000934727901665,1.0000934727901665,1.0011643336328984,1.0011403410405222,1.0011476550548386,1.0011422545592086,1.0011524024551888,1.0011524024551888,1.001221037007616,1.0012631769781823,1.0013152014494175,1.0013844154357248,1.0015049012432047,1.0016177413056169,1.0017551421683661,1.0018998096751275,1.0020942377954825,1.0023303331986932,1.0025875045799857,1.0028838103664748,1.0032842218125788,1.00367846273977,1.0041759895045212,1.0047997838411171,1.0054918722636816,1.006395124892925,1.0074195353213808,1.00862207670617,1.0099696788214927
experiment_383,1.0001105662656666,1.0001340059614292,1.0001340059614292,1.0001570318169253,1.0001763031526947,1.0018834635463332,1.0020952303215274,1.0023494880568475,1.0025711633104701,1.0028452093944529,1.003156389567097,1.0034463151018687,1.0037586166629024,1.004047825217297,1.00444332259873,1.0047914209624838,1.0051806856579062,1.005552509633761,1.005934426438802,1.006347054130941,1.0067547780345556,1.0072363122997565,1.0076391708534067,1.0081269785967129,1.0086319846399654,1.0091132941721455,1.0096119584415006,1.0101473311814484,1.010695187254935,1.0112746038503024,1.0119180027401977,1.0125343335903
experiment_384,1.0001105662656666,1.0001105662656666,1.0001105662656666,1.0001105662656666,1.0001105662656666,1.001959294753703,1.001974170793163,1.0020127917203956,1.0018978364769093,1.001912300031141,1.001920211987001,1.0019214244975516,1.0018794473670478,1.0018794473670478,1.0019224803557776,1.0018438973462747,1.0018841916904284,1.00188562890941,1.0018838850653136,1.0018533347605367,1.0018711080306968,1.0018514292862108,1.0018486102470228,1.0018486102470228,1.0018317382046924,1.0018317382046924,1.0018473920958473,1.0018029143365041,1.0018294148417295,1.0018267857782512,1.0018428463047264,1.0017724147288252
experiment_385,1.0001105662656666,1.0001105662656666,1.0001105662656666,1.0001105662656666,1.0001105662656666,1.001369379217333,1.0014017524126044,1.0014248786753492,1.0014373431745724,1.0014953221135852,1.001523267078731,1.001571504773591,1.0016471187068174,1.0017412716243255,1.0018374018064602,1.0019500113217712,1.0020630616262416,1.002214706475745,1.0023907192436894,1.0025568000888272,1.00280068966953,1.0030598544352316,1.0033226176362768,1.0036001632276863,1.0040139355409847,1.0044074964599565,1.0048323611922387,1.005332215392425,1.0059624050940714,1.0065599585307148,1.007332665777506,1.008187893378945
experiment_386,1.0001105662656666,1.0001105662656666,1.0000926613083954,1.0000926613083954,1.0000926613083954,1.0015431225499645,1.0014844231753837,1.0014371206752999,1.0013656343922028,1.0014005321683068,1.0013065912290966,1.001354004008847,1.0013440234812032,1.001329153393573,1.0013600276327144,1.001338156243708,1.001401045522139,1.0014466210323065,1.0014605423150384,1.001524070396755,1.0016047070541239,1.0016939326226024,1.0018333656617904,1.0019060809411031,1.0019840673879559,1.002216245402482,1.0023773461475982,1.0025302336016557,1.002743881632408,1.0029996546256632,1.0033641351964164,1.0035858675641094
experiment_387,1.0001105662656666,1.0001105662656666,1.0001105662656666,1.0001105662656666,1.0001105662656666,1.0016446911141448,1.0016696175062332,1.001726805190086,1.001761693178579,1.0018046276246295,1.0018481406057258,1.001908240823296,1.001969472009056,1.0020659107576966,1.0021402288343286,1.0022427867761694,1.0023292623335331,1.0024113445013925,1.0024982076467046,1.0026862029594394,1.0028131573151535,1.0029740765299602,1.0031864071752223,1.0033466826864323,1.003583788862926,1.003819173612466,1.0040793114467665,1.0043540843721532,1.0046828339631158,1.0050017351899,1.0054026853529963,1.005797044263434
experiment_388,1.0001105662656666,1.0001105662656666,1.00009435551424,1.00009435551424,1.00009435551424,1.001621851860502,1.001558053808719,1.0015013138379136,1.0014582927360203,1.001456625934956,1.0014402922538013,1.0014301786088498,1.0014247576345547,1.0014029891975111,1.0014103581940423,1.0014453818083693,1.0014555093120123,1.001495867181013,1.0015303335580492,1.0016002367660313,1.0016802074168565,1.0017574845687311,1.001790205421897,1.001942460776621,1.0020611949293736,1.0021964847259026,1.0023974592490172,1.0025623399596588,1.0027621145876275,1.0030113663092395,1.0032388780569252,1.0035264594305837
experiment_389,1.0001105662656666,1.0001105662656666,1.0000953739593887,1.0000953739593887,1.0000953739593887,1.0016612361933275,1.0016258328446779,1.0016031709530622,1.0015246489203007,1.0015078960903814,1.0014842009082774,1.0014416756967761,1.001480461596958,1.001468123002205,1.0014555983611608,1.0014602393723806,1.001482361503791,1.0014940909448433,1.0015060282448407,1.0015540303401784,1.0015913534910361,1.0016403190364462,1.0016888541777282,1.001723298227753,1.0017881149790535,1.0018987911426227,1.0019646329004157,1.0019925486873178,1.0021191048623252,1.0022638043889391,1.0023813895665565,1.00251260295899
experiment_390,1.0001105662656666,1.0000943677738807,1.0000810539602307,1.0000810539602307,1.0000810539602307,1.0006977117888003,1.0006636063391943,1.0006206078671667,1.0005977688800498,1.000573958050856,1.0005715124728651,1.0005788220815193,1.0005948082768765,1.0006286489150933,1.0006533202673427,1.0006833058737827,1.0007540087348288,1.000832182017019,1.0009362981073007,1.0010597854315055,1.0012261467175403,1.0014219275054346,1.0016782667960389,1.0020036667037826,1.0023805094894143,1.0028611357948345,1.0034907126104151,1.004258958901449,1.0052442642663881,1.006506842179478,1.0080953807711561,1.0101738849290072
experiment_391,1.0001105662656666,1.0001105662656666,1.0001105662656666,1.0001105662656666,1.0001105662656666,1.0017061060997747,1.0017278422481914,1.0016932747342466,1.0017192540844437,1.0017180780794215,1.0016702516987295,1.00172456465142,1.0017118605776902,1.0017474345782245,1.0017474345782245,1.0018141901339794,1.0018715607933013,1.0018927611118988,1.001943254217245,1.0020337280064175,1.0020776031455743,1.0021665329714649,1.0022158079893928,1.0023070568533414,1.0024518233252617,1.0025382260047921,1.0026939076123762,1.0029303755032073,1.0030899329602554,1.003263580715128,1.003433384740857,1.0036730847372262
experiment_392,1.0001105662656666,1.000097625917887,1.0000859736273742,1.0000859736273742,1.0000859736273742,1.0014505381760366,1.0014126761676492,1.0013369294371428,1.0013239986290237,1.0012988650389505,1.001278221085639,1.001338685417032,1.0013521222573851,1.0013937478432822,1.001436470144437,1.0015293197426849,1.0016116619430593,1.0017058069736495,1.0019055064462887,1.0020114006217442,1.002263216124589,1.0024496290524207,1.0027274556901415,1.0030402013936575,1.0034363238101334,1.003876016523701,1.0043719594679277,1.0049761356616742,1.0056020015756302,1.0062572641408272,1.007195340466133,1.0082564806931769
experiment_393,1.0001105662656666,1.0001105662656666,1.0001105662656666,1.0001105662656666,1.0001105662656666,1.0019701059177548,1.0020043140666808,1.0020025592586348,1.0019710533460084,1.0020099896916732,1.0019753031448293,1.0020102730230147,1.0019728461407194,1.0019718717768058,1.0020182720361948,1.0020038304282775,1.0020429784804072,1.0020018899401266,1.0020310898304776,1.002090124480211,1.0020654949075156,1.0020862783689926,1.00205605112844,1.0021037121040832,1.0021068732385152,1.0020730221625396,1.0020984015071448,1.0021260366791453,1.00210406458433,1.0021445796725288,1.002126393096797,1.002105360850367
experiment_394,1.0001105662656666,1.0001105662656666,1.0001105662656666,1.0001105662656666,1.0001105662656666,1.0020175415300572,1.0021235582814922,1.0022333617251793,1.0023223914123056,1.0024868200709824,1.0026041590225478,1.002802465038001,1.0030370627627048,1.0032421531133189,1.0034673427495158,1.0037352785283686,1.0039942422288834,1.0043670922073638,1.004757073750284,1.005117082918478,1.0056027908112293,1.0061182411679803,1.0066229572988161,1.007410891994763,1.0080135333840765,1.008751533558368,1.0096844240070864,1.0108433869794866,1.0117925762389848,1.0132158051433184,1.0146176088782455,1.0160959345165697
experiment_395,1.0001105662656666,1.0001105662656666,1.0001105662656666,1.0001105662656666,1.0001105662656666,1.0013486887922451,1.001418872080548,1.0014959268742076,1.0015583734125977,1.001650830400247,1.0017371780175122,1.001826490344844,1.0018997342820877,1.0020138309698157,1.0021350394900062,1.0022602934710398,1.0023464313171955,1.0024949693434964,1.0026239157474621,1.0027848718421983,1.002932481838,1.0031233452545034,1.0032804218885623,1.0035148865516068,1.0037088306946915,1.003935505817977,1.0041870474326708,1.0044513939379272,1.0047800160730518,1.0050850332566363,1.0054103129491296,1.0058162313152745
experiment_396,1.0001105662656666,1.0001105662656666,1.0000932097326316,1.0000932097326316,1.0000932097326316,1.0011619555118683,1.0011330393823163,1.0011194941329276,1.0010938046762132,1.001112035534756,1.0011213548769078,1.0011171625693742,1.001133062402229,1.0011550293009073,1.0011550293009073,1.001205182767462,1.0012759975401486,1.0013080484808528,1.0013796683460476,1.0014490052630032,1.0015143275960867,1.0016166522818644,1.001719701070486,1.0018559954570354,1.0019809234913308,1.0021022078900328,1.0023185520173428,1.0024712207197264,1.002692580698234,1.0028722603451516,1.0031894963856973,1.0035027602963495
experiment_397,1.0001105662656666,1.0001105662656666,1.0001105662656666,1.0001105662656666,1.0001105662656666,1.001386121941942,1.0014538316487551,1.001506380573322,1.0015659790293758,1.00162487029741,1.00170772369754,1.0017905287627158,1.0018569976273959,1.001930119040801,1.0020513859181068,1.0021243223389504,1.0022135579108844,1.002321581584919,1.0024174849401428,1.0025374348421032,1.0026440101669924,1.0027669492954434,1.0028479671938528,1.0029502322214088,1.0030755349609566,1.0031771742393198,1.0032843290189517,1.0034123697074093,1.0035608942815775,1.0036740104040225,1.0037796203692575,1.0038778642494497
experiment_398,1.0001105662656666,1.0001105662656666,1.0001105662656666,1.0001105662656666,1.0001105662656666,1.0007737560521321,1.0007761623250924,1.000788358903533,1.0008009445057684,1.0008157296728604,1.0008521756872133,1.0008779886613173,1.0009252716603734,1.0009901802934815,1.0010542530360695,1.001132873768011,1.0012182890146966,1.001342452086626,1.0014648791723952,1.0016208718109756,1.0017835691322594,1.0019893138684213,1.0022430412609165,1.002523446214018,1.002845800571789,1.0032607514816954,1.0037109091132281,1.004261181111522,1.0048971520079804,1.0056510845881588,1.0065335076241626,1.0075567279722994
experiment_399,1.0001105662656666,1.0001105662656666,1.0000956567581933,1.0000956567581933,1.0000956567581933,1.00180874346906,1.0017873293013766,1.0018025536067268,1.0017286563737238,1.0017510501257851,1.0017765888470667,1.0017615632875903,1.0017982073325609,1.0017982073325609,1.0018168839032808,1.0019014014279624,1.0018996888469425,1.001937575626554,1.0020241840425588,1.002096095889126,1.0022132493673508,1.0022463010561289,1.0023647790582064,1.0024703100562993,1.0026148232999899,1.0027827107324099,1.0028991168114665,1.003098591082714,1.0032753225023567,1.0035018699388325,1.0036299919282945,1.0039311586938318
experiment_400,1.0001105662656666,1.0001105662656666,1.0001105662656666,1.0001105662656666,1.0001105662656666,1.0017240919009196,1.0017451313512091,1.0018230228949359,1.0018623166316012,1.001925880983191,1.002027488772902,1.002064730450462,1.0021472021195423,1.0022322586640646,1.0023090539642225,1.0024258669658423,1.0025621746730764,1.0026774893322052,1.0027733297728751,1.0029211621707832,1.0030719402186639,1.0032479537724264,1.003364969160272,1.003580094044737,1.003799584532669,1.0039710149115293,1.004176346118651,1.0044791642401052,1.004652048220283,1.0049225195107627,1.0052670699590023,1.0055510203396438
experiment_401,1.0001105662656666,1.0001105662656666,1.0001105662656666,1.0001105662656666,1.0001105662656666,1.000812341213322,1.000799113980743,1.0007899054804104,1.0007768304360347,1.0007773405073859,1.0007722658151859,1.00077394896601,1.0007736919609127,1.0007859424363257,1.000790717165523,1.0008021049461209,1.0008148749478103,1.0008505358050441,1.0008845078466493,1.0009103523844678,1.0009602843031031,1.0010009647328353,1.0010283086939196,1.0011164179494778,1.0011749815596054,1.0012706554799953,1.0013600937674787,1.0014716921417182,1.0015869699875892,1.001734478524241,1.001893567260919,1.0020879925688864
experiment_402,1.0001105662656666,1.0001105662656666,1.0001105662656666,1.0001105662656666,1.0001105662656666,1.000804803754075,1.0008066477036939,1.0008192400980915,1.0008306799275106,1.0008528090875777,1.0008756434096135,1.0009144530273508,1.0009466008848569,1.0009943298705417,1.0010538469519175,1.0011118212956818,1.0011980738307489,1.0012878013798847,1.001399149666547,1.0015214232677403,1.001661981517877,1.0018239095774568,1.0020077685199744,1.002243058204323,1.0025260505400717,1.0028037581188065,1.0031673950661149,1.003597515444634,1.0040915780063686,1.0046756469834976,1.005338062393442,1.0061646755391787
experiment_403,1.0001105662656666,1.0001105662656666,1.0001105662656666,1.0001105662656666,1.0001105662656666,1.0021290541436314,1.0021265191351327,1.0022098168119404,1.0021718081789068,1.0022150520237432,1.0022542202770304,1.0022674121877484,1.0023258904786558,1.0023294724879892,1.0023910797636362,1.002408935183748,1.0023719975869376,1.002439141371849,1.0024411128688342,1.002429685082267,1.0024433547011216,1.0024326136729862,1.0025054461749414,1.0024675782126995,1.0024244399328492,1.0023733237942705,1.0023919965361412,1.0023669482930049,1.0023451852607619,1.0023026335304384,1.0022581170560079,1.0021849313284796
experiment_404,1.0001105662656666,1.0001105662656666,1.0000937598575865,1.0000937598575865,1.0000937598575865,1.0011963823621701,1.0011901309013616,1.0011817856504064,1.0011726872346882,1.0012145415398201,1.001239248910675,1.0012667940992774,1.0013020917093516,1.0013891154853154,1.0014450279332097,1.0015517084333554,1.0016620632471802,1.0018093582202385,1.0019868232655698,1.0021973070712147,1.002400193335365,1.002675512033135,1.0029834707083702,1.003384658511561,1.003873858980723,1.0043662409295104,1.0050397832714155,1.0057509319284332,1.0066427963884166,1.0076901461053633,1.0090203402397682,1.010414911198119
experiment_405,1.0001105662656666,1.0001105662656666,1.0001105662656666,1.0001105662656666,1.0001105662656666,1.000995530931655,1.0010305282695913,1.0010826564129005,1.0011183372443477,1.001163777620964,1.0012018826159315,1.00126571107088,1.0013216270632186,1.0013608162396506,1.001434981356046,1.0015145034128214,1.001567206042309,1.0016457532042262,1.0017331603055684,1.001818058280786,1.001918077386837,1.0020337376351305,1.0021520038475995,1.0022957624931546,1.0024289112065028,1.0026042407671067,1.0027566770453504,1.0029394518294232,1.0031307103345952,1.0033534987535577,1.0035722189875207,1.0038328490152884
experiment_406,1.0001105662656666,1.0001105662656666,1.000093449370735,1.000093449370735,1.000093449370735,1.0014350320395442,1.0014132681463634,1.001392201942916,1.0013424238546913,1.001343726367447,1.0013759630817156,1.0013759630817156,1.0014051565664024,1.0014420118411544,1.0015136915387215,1.001570997444266,1.001589881309926,1.0017279761305915,1.0018313471798574,1.0019607374907118,1.0020869876599219,1.0022260564994427,1.002422046172668,1.0026617280060692,1.0028914268159759,1.0032017730752243,1.003496824737761,1.0037963398808674,1.0041844600364385,1.0046702166389485,1.0052416192860953,1.005680266233897
experiment_407,1.0001105662656666,1.0001105662656666,1.0001105662656666,1.0001105662656666,1.0001105662656666,1.0014787218352463,1.0014287824878656,1.0014412518215794,1.0014306906344603,1.001424486147173,1.001421930401223,1.001444390563798,1.001499248884735,1.0014985931119835,1.0016031077843808,1.0016242883393522,1.001714978499481,1.0017730583726714,1.0018366453481933,1.0019373133038494,1.0020570900069357,1.0021894138424943,1.0023280594117598,1.0024559215927455,1.0026447683477884,1.002822964040463,1.003038552050093,1.0033672787304684,1.0035515451166876,1.0038785474897656,1.0041768623594671,1.004528355016295
experiment_408,1.0001105662656666,1.0001105662656666,1.0001105662656666,1.0001105662656666,1.0001105662656666,1.0012592561380251,1.0012756886282252,1.0013072776481822,1.0013370473560033,1.0013759613039888,1.001408274426846,1.0014652196091813,1.0015097668847326,1.001585126609408,1.0016338929428676,1.001710496482831,1.0018088711279125,1.0018808660904497,1.0019839150486325,1.0020737558010862,1.002151352240936,1.002308592937355,1.002404785108602,1.002554023234216,1.002734750201987,1.0028909448805248,1.0030630347810998,1.0032578364930604,1.0035062584744523,1.0037559173705912,1.0039642240986133,1.004266033062626
experiment_409,1.0001105662656666,1.0001105662656666,1.0001105662656666,1.0001105662656666,1.0001105662656666,1.0012616241932146,1.0012832604038986,1.001282962001682,1.001286334634075,1.0012938677524155,1.0013578029881371,1.0013973566407814,1.0014562213731861,1.0015423125533436,1.00163294564013,1.0017566572856047,1.0018968694950592,1.0020505903518941,1.002224140383641,1.0024476859936788,1.0026970559657529,1.0029941326347658,1.003374769242005,1.003787761355775,1.0043202768135113,1.004861397945395,1.0056087507501699,1.006365595794926,1.0074305832546482,1.008556272736012,1.0099989693385263,1.011684965357686
experiment_410,1.0001105662656666,1.0001105662656666,1.0001105662656666,1.0001105662656666,1.0001105662656666,1.0011887665055084,1.0011881358188384,1.0012228909787009,1.0012317566606173,1.0012520208526023,1.0013236297014532,1.0013807086285775,1.0014532518759363,1.0015162735615042,1.0015973725516212,1.0017231408839486,1.0018423107905883,1.0020230308771993,1.0021637940267327,1.0024105260767322,1.002639414103427,1.0029107306642921,1.0032366371239656,1.00363757309618,1.004084228896525,1.00463877869286,1.0052339069348701,1.005980654211363,1.0068584673703194,1.007918397016997,1.0090773148616294,1.0105642325174884
experiment_411,1.0001105662656666,1.0001105662656666,1.0001105662656666,1.0001105662656666,1.0001105662656666,1.0027954120028666,1.0028662498886085,1.0029864218358564,1.0031558647289227,1.0032929468995666,1.0035252472301606,1.003671385674602,1.0037803448216034,1.0040970766644592,1.0041962877900024,1.0044164364196129,1.0046001890114187,1.0047279700568243,1.0050323341396576,1.0053295403510547,1.0054906464361977,1.0057474583306638,1.0061240194026655,1.0063419480382556,1.0065790568666289,1.006806163790859,1.0071696728510848,1.0075169969852098,1.0077085694352486,1.0081581231780417,1.0083792680567336,1.008626500618201
experiment_412,1.0001105662656666,1.0001105662656666,1.0001105662656666,1.0001105662656666,1.0001105662656666,1.0008464830514063,1.00082839043649,1.0008164061849274,1.0008000042644785,1.000783823609982,1.0007799229744319,1.0007596453359087,1.0007490859149004,1.0007525398015307,1.0007365997390716,1.0007425902381455,1.0007382605757758,1.0007431282551733,1.0007471931111322,1.0007495465106857,1.0007668571600574,1.0007808449295805,1.0007973408931445,1.000826050279689,1.0008586760528992,1.0008989136332687,1.0009548690271606,1.0010080657676401,1.001078767468992,1.001169512112659,1.0012784455543862,1.001401788379227
experiment_413,1.0001105662656666,1.0001105662656666,1.0000884092460585,1.0000884092460585,1.0000884092460585,1.000811130157937,1.000778204396393,1.0007446823514439,1.0007377341969765,1.0007136763825533,1.0007050008431162,1.0006949699203047,1.0006948516597645,1.0006954904530856,1.000702688974048,1.000724163562303,1.0007389385164955,1.0007731433247777,1.000809233278094,1.0008607708024628,1.0009225186472968,1.00098409187468,1.0010725393680204,1.0011758341539652,1.0012893958845925,1.0014599056659967,1.0016502081009888,1.0018499833187233,1.0021006759688935,1.0024200970624833,1.0027885926031714,1.0032339322914017
experiment_414,1.0001105662656666,1.0001207309007596,1.0001207309007596,1.0001207309007596,1.0001207309007596,1.0019916116648286,1.0020927987880348,1.0021920350216662,1.0022158492832258,1.002310886661861,1.002369899938669,1.0024202786798688,1.002480176356078,1.0025266529989805,1.0025905271569742,1.0027235185411663,1.0027436440777355,1.0027978108266586,1.0027876332737973,1.0028624639604773,1.0029026243333288,1.002938456715999,1.003001330058219,1.0030573955457,1.0030338896798785,1.0030731077965231,1.0031051000695264,1.0031655657836613,1.0031724129669037,1.0031469703936715,1.0031873606323418,1.0032005363826701
experiment_415,1.0001105662656666,1.0001105662656666,1.0001105662656666,1.0001105662656666,1.0001105662656666,1.0013791950669224,1.0014388624648847,1.0014611165645395,1.001486921286113,1.0014937424074126,1.0015355758491151,1.0015541317140553,1.0015758093887233,1.001590229682585,1.0016320061563202,1.0016239519056451,1.0016303319008053,1.0016211408580546,1.0016599174591876,1.0016223013562415,1.001635752030315,1.001635752030315,1.001635752030315,1.0016382138400968,1.0016480537312176,1.0016417181074952,1.0016284582676753,1.0016133243986376,1.0015760515176808,1.0015760515176808,1.0015420097194507,1.0015596212199331
experiment_416,1.0001105662656666,1.0001105662656666,1.0001105662656666,1.0001105662656666,1.0001105662656666,1.0010017414676398,1.0010163261525982,1.0010113358677106,1.0010244273525688,1.0010486146125226,1.0010770249319527,1.00110520752679,1.0011182790044477,1.0011615346105407,1.0012116834158502,1.0012726222710326,1.0013075315934852,1.0013898201903084,1.0014735360460156,1.0015295725059907,1.0016207412657399,1.001738533228487,1.0018605407000352,1.0020126570490338,1.0021373794541921,1.0023309664569273,1.0025384355290565,1.002728378196292,1.002993030763039,1.003272061185044,1.0036006423764925,1.0039924563567895
experiment_417,1.0001105662656666,1.0001105662656666,1.0001105662656666,1.0001105662656666,1.0001105662656666,1.0015547124254807,1.001579578024569,1.0016526994031096,1.0017349455959603,1.001841157506638,1.00191581386761,1.0020597389509813,1.0022861677572037,1.0024933761899506,1.0027232508363007,1.0029439951163641,1.0032719670500643,1.0036812894426814,1.0040591764372941,1.0046176403745641,1.005184366273403,1.0058467511287341,1.006544277328487,1.0075573140320169,1.0085632503400317,1.009846022759885,1.0112705672159112,1.012931674200905,1.0149019481542747,1.0171118554326892,1.0199046607757023,1.0228120585718616
experiment_418,1.0001105662656666,1.0001263120976749,1.0001263120976749,1.0001263120976749,1.0001488145919404,1.0019637705729185,1.0020709689546754,1.002186991794771,1.0023132306135467,1.0024431715780473,1.002520234216831,1.0026460021757928,1.0027725094192168,1.0028883798220942,1.0030135375123546,1.0031632911309354,1.0032260285810768,1.0033027777576957,1.0034200940564941,1.003497479673313,1.0036687588931104,1.003708895647564,1.0038302509874935,1.003922155083506,1.0039660553054832,1.0040487817728363,1.0041062234094396,1.00417754398958,1.0042711509982896,1.004354288458742,1.0043223988945789,1.0044504596634296
experiment_419,1.0001105662656666,1.0001105662656666,1.0001105662656666,1.0001105662656666,1.0001105662656666,1.002068282165583,1.002052826078875,1.0020319780472344,1.0019820812010634,1.0019820812010634,1.0020435921211466,1.0020965571744462,1.0021457195620926,1.002140556860578,1.0022667547068318,1.0022991313637915,1.0023209844918017,1.0024535062474538,1.0025336273625975,1.0025629237207576,1.0027098851010947,1.0028038814155427,1.0029179257692389,1.003039701356186,1.0031630748696276,1.003328927381565,1.0034800248126152,1.0036331691625169,1.003684397369029,1.003921151451103,1.0041148132232778,1.0043121636730246
experiment_420,1.0001105662656666,1.0001105662656666,1.0001105662656666,1.0001105662656666,1.0001105662656666,1.0014057258306959,1.0014098537181206,1.0014098537181206,1.001437802641069,1.0014705469007554,1.0015609458783028,1.0016184666988037,1.0016686354243367,1.001749289736209,1.001869814069608,1.0020196075741294,1.0021307177083267,1.002270918390443,1.002442902986327,1.0026167126549321,1.0028458204184352,1.003107594404151,1.003357596334441,1.003712987296319,1.0040141183629234,1.0044293591366817,1.0048491250397142,1.005357001879403,1.0059169513454365,1.0065400899337476,1.0072659106009998,1.0079968191524762
experiment_421,1.0001105662656666,1.0001105662656666,1.0001105662656666,1.0001105662656666,1.0001105662656666,1.0012824329062235,1.0012808419379748,1.0013293183372798,1.0013275996782738,1.0013641726308269,1.0014083942241823,1.001444406597497,1.0014760181720754,1.0015086114934995,1.0015565168372904,1.001608065457608,1.0016550715558419,1.0016897734619639,1.0017580943977153,1.0018203736074773,1.0018820617465924,1.0019657513535924,1.0020254297435096,1.0020978855716596,1.002193952506051,1.0022712082456742,1.002373704247337,1.0024710158256243,1.0025566176998695,1.0026568250827816,1.0027601240841792,1.0028790026947807
experiment_422,1.0001105662656666,1.0001105662656666,1.0001105662656666,1.0001105662656666,1.0001105662656666,1.001932123214883,1.0019540615848643,1.0019858189443454,1.0020090050339996,1.0019645371634753,1.0020332737010296,1.0021276386212234,1.0021616605954058,1.0022331784055403,1.0022351839296213,1.0023708339193533,1.0025061730017382,1.002653997512428,1.002685759746363,1.002857198112849,1.0030050384139049,1.0031003578603406,1.0032764391539293,1.0035435636521273,1.0037312423261344,1.003987484700215,1.004302566110743,1.0046339112889149,1.0049055239397888,1.0053102825213254,1.005675721989704,1.0061096108726413
experiment_423,1.0001105662656666,1.0001105662656666,1.0001105662656666,1.0001105662656666,1.0001105662656666,1.0016504339010588,1.001653698045248,1.0016589558560571,1.001660458387098,1.0016740182039925,1.0016842865711992,1.0017378718389471,1.0017772486257703,1.001802464110154,1.001865095677322,1.0018870501433372,1.0020119704369705,1.0020567527919397,1.0021681874140795,1.002282135928763,1.0023539374881882,1.0024299586279288,1.0025711525192296,1.0027354943935283,1.0028582470168415,1.003039574825496,1.0032462590109037,1.0034332321029547,1.003642825304569,1.0038402886859563,1.004092174461542,1.0043809700694577
experiment_424,1.0001105662656666,1.0001105662656666,1.0001105662656666,1.0001105662656666,1.0001105662656666,1.0013622070930428,1.0013751467129466,1.0013752090824581,1.0014041128428222,1.0014250292406395,1.0014486710251325,1.0014660620780729,1.0015390353476392,1.0015925940290022,1.0016375365154182,1.0017045363605601,1.001805119680794,1.0018869226894178,1.0020065867265875,1.0021190246699796,1.002265233110848,1.0024023365931896,1.0026016085566725,1.0027861410918857,1.002989045520542,1.0032494190377814,1.0035379240228448,1.0038514527632156,1.0041256713180298,1.0045236166188516,1.0049969934690746,1.0054070497196372
experiment_425,1.0001105662656666,1.0001237571104207,1.0001237571104207,1.0001237571104207,1.000150340833795,1.001197684753945,1.001279649956271,1.0013615594913758,1.001448738506304,1.0015586921291215,1.0016629119191383,1.0017432590886288,1.0018608628780914,1.0019451290867616,1.0020608594259568,1.0021684045652772,1.002289485330053,1.002395274825851,1.0025227188868617,1.0026502614429924,1.002759269295427,1.0028966401440667,1.003018195181044,1.003143049671978,1.003272748091586,1.0034143635939303,1.0035671756380238,1.0037204821337427,1.0038655968770358,1.0040032475050356,1.004156750246195,1.0043266785081737
experiment_426,1.0001105662656666,1.0001105662656666,1.0001105662656666,1.0001105662656666,1.0001105662656666,1.001896562279539,1.0018795187121678,1.0019091311558377,1.0018799831439655,1.0018569005961624,1.0019222928311435,1.0018455471761776,1.0018712603026212,1.0018214164046932,1.00181324820558,1.0017513214052938,1.0017165052576722,1.0016669296615814,1.0016489987701274,1.00160542909956,1.0015576976070903,1.0015197823995914,1.00142639531533,1.001364597899794,1.001262776427181,1.0012065819196352,1.0011497241596445,1.0010743258809407,1.000994715455813,1.0009120996048977,1.0008394186659764,1.0007796917871121
experiment_427,1.0001105662656666,1.0001105662656666,1.0001105662656666,1.0001105662656666,1.0001105662656666,1.0024276474075053,1.002504195456316,1.002523476600654,1.0025659953959944,1.0026350385430427,1.002634049047811,1.002735669776086,1.002859831477368,1.0028746254971723,1.0029545128692146,1.0030521758636812,1.0030422416640474,1.0031518340069296,1.0031910042505752,1.0033672068718065,1.0033234607810433,1.0033767105065252,1.0034260661243157,1.0034844860204095,1.003529211136006,1.0036088007081365,1.0036890202754152,1.0037407337507216,1.0038403002427732,1.0039332341654763,1.0039804348263082,1.0040134926336644
experiment_428,1.0001105662656666,1.0001105662656666,1.0001105662656666,1.0001105662656666,1.0001105662656666,1.0015441376387033,1.0015742656745306,1.0016256050996613,1.0016789558741435,1.0016945833649833,1.0017861311443437,1.0018368821928532,1.0019746139348642,1.0020545955248326,1.0021603078390013,1.002308155261051,1.002469398195328,1.0026031936597333,1.00279477455563,1.003057352788652,1.0033034544247874,1.0036106641381999,1.003932710758965,1.0042728215678476,1.0047692202206107,1.0052896692222035,1.0057706847226269,1.0065169759698138,1.0072280692450963,1.0080922082811195,1.0090383736556299,1.0100807204980047
experiment_429,1.0001105662656666,1.0001105662656666,1.0001105662656666,1.0001105662656666,1.0001105662656666,1.0015749259301538,1.0016405950513423,1.0016872497431728,1.001729776740706,1.0018110858388944,1.0018628219833428,1.0019343304961352,1.0020083010956458,1.002107022691646,1.0021878899415189,1.002309508274443,1.0024200630709597,1.0025373389918963,1.002671046436471,1.0028578257872918,1.003017036162685,1.0031860507200239,1.0034313269496045,1.0036571052804122,1.0039425108080628,1.00424256092726,1.0045578936545092,1.0049156942160502,1.005291122974867,1.005785084059186,1.0063952444663176,1.0069821962088765
experiment_430,1.0001105662656666,1.0001105662656666,1.0001105662656666,1.0001105662656666,1.0001105662656666,1.0011204551089494,1.0011174634380058,1.0011299332370915,1.0011743056532982,1.0011608022694762,1.001225618867658,1.001266485220414,1.0013420535642672,1.0014162475757307,1.0015128172114374,1.0015978728373809,1.0017556540872679,1.0019146501128213,1.0021214138279648,1.0023368375704125,1.002589273438242,1.0029014216375467,1.003260959280186,1.0036187195180808,1.004094386951011,1.0047338401973602,1.0053490027742114,1.0061563980125192,1.0070624169929085,1.0081822206671385,1.009573802301526,1.0111412132828717
experiment_431,1.0001105662656666,1.0001105662656666,1.0000897809758869,1.0000897809758869,1.0000897809758869,1.001447679466587,1.0013830668077832,1.001355012421437,1.0012795543316315,1.0012699675161671,1.001263959519302,1.001288474282033,1.0013107472708291,1.0012853579138936,1.0013387781038654,1.0013764322904934,1.001419878347558,1.0015021413791354,1.0015761863986974,1.0016541092935312,1.0017283973665183,1.0018370005204085,1.0019552169536172,1.0021186858281512,1.0022649935651295,1.0024359671919814,1.0026797867410835,1.0028314449685285,1.0031986012891039,1.0034306093143233,1.0037661340695543,1.0041823209547145
experiment_432,1.0001105662656666,1.0001105662656666,1.0001105662656666,1.0001105662656666,1.0001105662656666,1.001238917713291,1.0012673997556274,1.0013115917703164,1.0013244527205272,1.0013523890988305,1.001385678449725,1.0014460671623155,1.0014683911092497,1.0015228733126225,1.0015845204759943,1.0016373207775346,1.0017221651688404,1.001801419085178,1.0018949395942491,1.001981735489731,1.0021020844267676,1.0022330445478043,1.0023535960213843,1.0025101329944641,1.0026775642957098,1.0028918368009427,1.0031079078446092,1.0032965448155209,1.0035794540281096,1.0038411370123574,1.0041230919956063,1.004468880519458
experiment_433,1.0001105662656666,1.0001105662656666,1.0001105662656666,1.0001105662656666,1.0001105662656666,1.0018453955588857,1.0018830904066252,1.0019327655684347,1.001925153281402,1.0019522887459504,1.002041249639795,1.0020565107910975,1.0020964782774637,1.0020934395858345,1.0021375668881853,1.0021415127692421,1.002222444724789,1.0022419939855243,1.0022645256891354,1.0022595625738193,1.0022851197508198,1.002312830196385,1.0023141874145247,1.002294263423539,1.002302469473493,1.0022837641619429,1.002320444909482,1.0023147813837872,1.0023140411171885,1.002314438716418,1.0023289677123133,1.002352198986114
experiment_434,1.0001105662656666,1.0001105662656666,1.0001105662656666,1.0001105662656666,1.0001105662656666,1.0008510662815364,1.000837841101921,1.000832109378443,1.0008218301759735,1.000813407825765,1.0008126800623542,1.0007995998742327,1.0008176197369587,1.0008176197369587,1.0008176197369587,1.000857658404505,1.0008733237853413,1.000912238057218,1.0009299578727704,1.0009825962788204,1.0010273100015694,1.0010964988892823,1.0011669830719352,1.0012529254080302,1.0013360844969075,1.0014506433035242,1.0015835547047622,1.001735750291322,1.0019117250260892,1.002116561919255,1.0023639788684422,1.0026613561626887
experiment_435,1.0001105662656666,1.0001105662656666,1.0001105662656666,1.0001105662656666,1.0001105662656666,1.0008373979953957,1.0008530994977378,1.0008715998170703,1.0008878133014694,1.0009126622264735,1.0009444082849193,1.0010185408456904,1.0010790414226993,1.0011827401870534,1.001285753128776,1.0014159550487514,1.0015630633981245,1.001755983886945,1.0019732311092135,1.0022353180682284,1.0025628588207678,1.0029279947612824,1.003361963515197,1.0038946884790239,1.004527145078961,1.0052845241577393,1.0061490688663848,1.007231507807979,1.0085420286899005,1.010014565702487,1.0119138608351352,1.0142001801496738
experiment_436,1.0001105662656666,1.0001105662656666,1.0001105662656666,1.0001105662656666,1.0001105662656666,1.0017157442641396,1.0017700341833708,1.001794609014881,1.0018084866292785,1.0018273927581016,1.0019095854411786,1.0020005634202296,1.0020773578822821,1.0021819385688915,1.0022587556673483,1.0023861178642743,1.002523964386432,1.0026482361968643,1.0028521365627752,1.0030336226484546,1.0032377332344533,1.0034556082073214,1.0035826558548118,1.0038971843846678,1.0042156291286746,1.0044736998633914,1.0048719554611432,1.0051985269629056,1.0056620831678802,1.006097470288268,1.0065931071056897,1.0071432606538708
experiment_437,1.0001105662656666,1.0001105662656666,1.0001105662656666,1.0001105662656666,1.0001105662656666,1.0016373662364826,1.0017027475229383,1.0017679807950355,1.001794845868654,1.001834406100121,1.0018981121507342,1.002000790914714,1.0020668103067791,1.0020949450954721,1.0022015483692226,1.002269757062942,1.002407917953974,1.002484014494663,1.0025748270415962,1.0027011003249053,1.002815914805147,1.0029289823949625,1.0030651843237166,1.0031640769433512,1.0033032171302334,1.0034531066868981,1.0036008329550752,1.0037714727737166,1.0039560022654914,1.004109194530907,1.0043179774312152,1.0044070830424134
experiment_438,1.0001105662656666,1.0001217176039938,1.0001217176039938,1.0001217176039938,1.0001217176039938,1.0021676659709624,1.0022638435897941,1.0023677838375364,1.002389907332574,1.0025089210966542,1.002554876434147,1.0027022010219042,1.0028136400840277,1.0029385365386279,1.0030339578644538,1.0031387438078818,1.0032297324544963,1.0033688859891323,1.003531657902503,1.0036656872862004,1.0037974826799332,1.0039335236779832,1.004107778104771,1.0042958151914219,1.004494691826945,1.0047462597301569,1.0048952072166626,1.0050702968963106,1.005330826606647,1.0055175014017093,1.0058474750048014,1.0061032154594718
experiment_439,1.0001105662656666,1.0001105662656666,1.000093441256897,1.000093441256897,1.000093441256897,1.0011301956946144,1.0011020639125974,1.00107236165457,1.001067219720384,1.0010697786118055,1.0010676484018257,1.0010889406376409,1.0011102143807884,1.0011524512799472,1.0012108435989677,1.0012775380528656,1.0013538909455193,1.0014259050018648,1.001536385885409,1.001688369012949,1.0018041108329372,1.0020416823047824,1.0022480650660157,1.0024866071666598,1.0027657502571576,1.0031169431304134,1.003539500732044,1.0039808707729487,1.0045664022098433,1.0051774093215466,1.006054580387819,1.0068820975859252
experiment_440,1.0001105662656666,1.0001105662656666,1.0001105662656666,1.0001105662656666,1.0001105662656666,1.0008875586142452,1.0009258826445735,1.0009639695671824,1.0010041142684623,1.0010459965169698,1.0011162751976517,1.001173749010472,1.001259016706196,1.0013769769556897,1.0014744735986505,1.001587505408697,1.0017348580350298,1.0018917387436364,1.002102004608168,1.002311460685448,1.002573608592655,1.002866544844611,1.003219957954499,1.0035959430386878,1.0040535860530464,1.0045525066010164,1.0051766260236266,1.0058542814687863,1.0066408861768614,1.007541522836283,1.00866738472999,1.0098833196815826
experiment_441,1.0001105662656666,1.0001105662656666,1.0001105662656666,1.0001105662656666,1.0001105662656666,1.001140355034207,1.0011999719930074,1.0012628182162262,1.0013383231166715,1.0014126777103851,1.0014968492865948,1.0015820651503824,1.0016857023963495,1.0017936483734977,1.0019014060277642,1.0020416374053862,1.0021959253735346,1.002347822341926,1.0025115159531661,1.0027139457677552,1.0029098764609634,1.0031551985501914,1.0033929659178131,1.0036734867689252,1.0039946356619371,1.0043323508571202,1.0047184929103252,1.0051628081009583,1.0056512454718316,1.006178794785154,1.0067928374474302,1.007453549564339
experiment_442,1.0001105662656666,1.0001105662656666,1.0001105662656666,1.0001105662656666,1.0001105662656666,1.001492182904171,1.0015515295928195,1.0015854033865876,1.0016446468006868,1.0016844234809017,1.0017407794533781,1.001818211348986,1.0018909565363476,1.001961400899336,1.0020965529927468,1.002176284086991,1.002283975849598,1.0024295522211384,1.0025508420659703,1.0027177751200422,1.0029029834107455,1.0030904127749265,1.003341196242062,1.0035704055689985,1.003894144317232,1.0042005961515683,1.0046066124523776,1.00494937578156,1.0054277321486256,1.0060286035442014,1.0065793633791296,1.007276147523336
experiment_443,1.0001105662656666,1.0001105662656666,1.0000957228652645,1.0000957228652645,1.0000957228652645,1.0017239296886473,1.0016648529980474,1.001646910281711,1.0016556262121434,1.0016443330627425,1.0016220603076618,1.0016420889093156,1.0016194926362743,1.001670947148126,1.0016953633398784,1.0017435031482602,1.0017740282977268,1.0018914624324275,1.0019352570731377,1.0020463273356222,1.002185516546305,1.002283657653445,1.0024314283799867,1.0025740539380963,1.0027552565309596,1.002993622966565,1.0032141163497157,1.0034106653651744,1.0037700160270606,1.004034196436982,1.004419403350853,1.0047521349116315
experiment_444,1.0001105662656666,1.0000987567440243,1.0000827940915906,1.0000827940915906,1.0000827940915906,1.0015241091467673,1.0014103266927825,1.0013817170928214,1.0013015266285197,1.0013344156083326,1.001260197541111,1.0013047010726872,1.00128157278077,1.0013148019975944,1.0013349012769952,1.0014297061033153,1.0014592349863476,1.0015439799257901,1.001615227543375,1.001753781091772,1.0018647099969111,1.0020878922034677,1.0022335192908574,1.002489404222124,1.0027550252206519,1.0030295433065777,1.0034000925690272,1.0037753146103525,1.0042717663357872,1.0047569650497363,1.0051269189538363,1.0057974627269506
experiment_445,1.0001105662656666,1.0001210726708285,1.0001210726708285,1.0001210726708285,1.0001210726708285,1.0011600150057172,1.0012051110831721,1.001272190149387,1.0013296733077564,1.001414235294405,1.0014763255267327,1.0015517345236498,1.0016206206990608,1.001716761327709,1.001799051746792,1.0018903534796393,1.0019943632724182,1.0020938998902595,1.0022098660474525,1.0023208441284326,1.00245889507752,1.0025780992733433,1.0027214048336592,1.002874461180567,1.0030225405175486,1.0031745506879561,1.0033573750026574,1.003529123838689,1.0037297340940883,1.0039099757376155,1.0041273619803808,1.0043257108977839
experiment_446,1.0001105662656666,1.0001105662656666,1.0001105662656666,1.0001105662656666,1.0001105662656666,1.0014637882748727,1.0014309172546312,1.0013907597652256,1.0013661072444204,1.0013749941605314,1.0013941753075697,1.0014225438560547,1.0014222422354147,1.001473947188312,1.0015249213925614,1.0015267553452012,1.001590321506495,1.001700056796422,1.0017767641063078,1.001855054871315,1.0019863425469868,1.0021274546665935,1.0022455384961813,1.0024221683429642,1.0025668830975663,1.0028378188002447,1.003102043505994,1.0033369622598227,1.0036233268069463,1.0040250682532763,1.0043506934585178,1.0048348716436353
experiment_447,1.0001105662656666,1.0001105662656666,1.0001105662656666,1.0001105662656666,1.0001105662656666,1.0010442119321619,1.0010864840886644,1.0011272364487853,1.0011659044673524,1.0012345428302516,1.0012996432039054,1.0013662394479803,1.0014614854810218,1.0015537858492338,1.0016576962693413,1.0017707455721356,1.001914871124744,1.0020832628053151,1.0022223801133874,1.0024237540736005,1.0026353217460982,1.00289461238299,1.0031642644969048,1.0035021363057641,1.0038165209407937,1.004234681334197,1.0046759856166179,1.0051606686154593,1.0057499121304976,1.006360122571623,1.0070579021894628,1.007854543288219
experiment_448,1.0001105662656666,1.0001105662656666,1.0001105662656666,1.0001105662656666,1.0001105662656666,1.001243073837348,1.0012339562027428,1.0012171529468545,1.0011999040924437,1.0011984208050837,1.001194789563199,1.001197143919519,1.0012084579912663,1.0012130005727835,1.0012253196814558,1.0012253196814558,1.001242829447945,1.0012520010669919,1.0012638730355439,1.0012966130677479,1.0013275700080986,1.001338748018626,1.00136081386211,1.0014123146284233,1.001422830646717,1.0014881225934793,1.001508104346586,1.0015802282143078,1.0015986953170917,1.0016741842398822,1.001723018169885,1.0017812375783695
experiment_449,1.0001105662656666,1.0001105662656666,1.0001105662656666,1.0001105662656666,1.0001105662656666,1.0017625635426926,1.0017944478690937,1.0017522015932105,1.0016990664346237,1.0017156681882218,1.0016989091122517,1.0017267426639336,1.0017356246815174,1.0017391416865127,1.001756246804199,1.0017689887075063,1.0018293133241338,1.0018452805787925,1.0018693227372286,1.0019206904596214,1.001994371619711,1.0020826500405966,1.0021639925164323,1.0022077674908099,1.002371001611083,1.0024235434349584,1.0025344917131165,1.0026991381419461,1.0028226616392655,1.0029880169926764,1.0031664100204296,1.00333581119542
experiment_450,1.0001105662656666,1.0001105662656666,1.0001105662656666,1.0001105662656666,1.0001105662656666,1.0018765029002616,1.0019311755764797,1.0019580054959027,1.0019580054959027,1.0020043413112427,1.0020468831575235,1.0020414217576141,1.0020943734310241,1.002133495359911,1.0020906656807778,1.0021886235311872,1.002238564637828,1.0022733704679747,1.0023094178936065,1.0023520188545996,1.0023907477067358,1.0024447286241709,1.0024800431086238,1.0025191323759137,1.0025722570457563,1.0025594368955006,1.0026593644587172,1.0026995803382681,1.0027669797429584,1.0027133792483776,1.002795938189206,1.0028885333194115
experiment_451,1.0001105662656666,1.0001105662656666,1.0001105662656666,1.0001105662656666,1.0001105662656666,1.0019038375921316,1.0018498486579177,1.001883238436476,1.0018532455162714,1.001773931209353,1.00182397523237,1.0018139353398976,1.0018442994747265,1.0018664158742754,1.0018626656051053,1.0018731201780948,1.0018887898359436,1.001871273538493,1.0019445529319775,1.0019549771305403,1.0020030094024623,1.0020213498945978,1.0020668258937397,1.002142929031744,1.0022039085717862,1.0022351228701856,1.0023891619616612,1.002467039122421,1.002514673585366,1.0026885446475318,1.0027529319776738,1.0029049293655594
experiment_452,1.0001105662656666,1.0001105662656666,1.0001105662656666,1.0001105662656666,1.0001105662656666,1.0017555528259796,1.0017334293781635,1.0017224776442142,1.00172438731019,1.001733919466815,1.0017763667921717,1.001810333084578,1.0018599125782413,1.0019008809301677,1.0019686740010318,1.00203295120666,1.0021041345135178,1.0021480742309685,1.0022917271468614,1.0023721684115718,1.0024821279328804,1.0026221006948348,1.0027296168233364,1.0028850106572555,1.0030533065534188,1.0032880675122127,1.0034044426578475,1.0036982726289945,1.0038756908098259,1.0042005163670837,1.0044557518660833,1.0047873540659826
experiment_453,1.0001105662656666,1.0001105662656666,1.0001105662656666,1.0001105662656666,1.0001298749913554,1.001675203415565,1.001737201876859,1.0017637249943796,1.0017225564451175,1.0017576963046204,1.0017419713659121,1.0017232142542232,1.001686335148867,1.0016627188723939,1.0016152110138112,1.0015804038800429,1.0015198095354678,1.0014742306970468,1.0014221547233557,1.001359892954583,1.0012702174386077,1.0012255712257274,1.0011415165589994,1.0010494298617632,1.0009946475044706,1.0009294049417277,1.000847384364662,1.0007855870308462,1.0007107043692536,1.0006261064766506,1.0005698560540863,1.0005008970712244
experiment_454,1.0001105662656666,1.0001105662656666,1.0001105662656666,1.0001105662656666,1.0001105662656666,1.0011734348086652,1.0011561054709965,1.0011523757621659,1.001154326202457,1.0011657386094703,1.0011657386094703,1.0011872617341284,1.0012126437563058,1.0012587009092426,1.0013000418391718,1.0013713625227783,1.0014069859301442,1.0015017923612335,1.0016049097092357,1.0017181380247744,1.0018337859777793,1.0019818468881312,1.002153511004341,1.00234715376821,1.0025898055186215,1.002819957747006,1.0030793029432432,1.003476563032142,1.0038262568187657,1.00428520888483,1.004752351131976,1.0053561820350465
experiment_455,1.0001105662656666,1.0001105662656666,1.0001105662656666,1.0001105662656666,1.0001105662656666,1.0020040834305732,1.0019560630712112,1.0019551365575914,1.001899707175048,1.0018191678151995,1.0018384674791547,1.0018182246550915,1.0017486385897194,1.0018022853009878,1.001709330261327,1.001709330261327,1.001744979770478,1.0017646094890535,1.001748898061145,1.001688089053266,1.001722203399971,1.0017064887806502,1.001744885019807,1.001728086435733,1.001705257126911,1.0017217054103913,1.0017678511429178,1.0017537388344229,1.0017537388344229,1.0017865346075168,1.0018273118975975,1.001845200057068
experiment_456,1.0001105662656666,1.0001105662656666,1.0001105662656666,1.0001105662656666,1.0001105662656666,1.001024389346303,1.0010200682121708,1.0010111016663692,1.0010075136247838,1.0010306928448935,1.0010220225298818,1.0010532682916413,1.00107272222311,1.0011087469307234,1.0011521621123265,1.0011906164049351,1.0012447104730653,1.0013139831691686,1.0013824375064775,1.0014704537832986,1.0015869705781917,1.001688811180573,1.0018099158777123,1.001943669749266,1.0021257544259772,1.0023087560423123,1.002539728256477,1.0028193059463018,1.0031224579634186,1.003430719157735,1.0038247020245357,1.0042917464049341
experiment_457,1.0001105662656666,1.0001105662656666,1.0001105662656666,1.0001105662656666,1.0001105662656666,1.00098700435912,1.0010262198302593,1.001053706132657,1.0010836866800568,1.0010987282947137,1.0011559138687525,1.0012087716921076,1.0012669070976146,1.0013279189129196,1.001404740361106,1.0014733983848518,1.0015787712121953,1.0016890827065885,1.0018032044475857,1.0019288057722426,1.0020829877190562,1.0022480213391425,1.0024377069380817,1.0026429638235432,1.002886478820199,1.0031715562993266,1.0034815695048191,1.0038463701908886,1.0041880783777208,1.0046547984021388,1.0051918562883726,1.0057561948302696
experiment_458,1.0001105662656666,1.0001105662656666,1.0001105662656666,1.0001105662656666,1.0001105662656666,1.000813251867215,1.000806039892957,1.0007881147460311,1.0007873705477055,1.0007768912175206,1.0007717377193235,1.0007786535971985,1.0007804837926995,1.000783154362394,1.000783154362394,1.000783154362394,1.000808663539504,1.0008247846289942,1.0008370265626771,1.0008624606170733,1.0008775733176396,1.0009033948632615,1.000936311231721,1.0009825315691991,1.001018397074073,1.0010807685215608,1.0011267782499083,1.0011832922451995,1.0012450231622676,1.0013315617758958,1.0014085586551884,1.0015160648857957
experiment_459,1.0001105662656666,1.0001105662656666,1.0001105662656666,1.0001105662656666,1.0001105662656666,1.0014057789844548,1.0014396918358417,1.0014438666675745,1.0014705757874571,1.0014582460230521,1.0014881175332766,1.0014930610374442,1.001530969795681,1.0015494585787728,1.0015828426140165,1.0016109685442809,1.001633562477434,1.001644655792586,1.0016829926417328,1.0017105067558532,1.0017744206843342,1.001791782320353,1.0018574727162188,1.0018752002899778,1.001906468776568,1.001971863365926,1.0020082286014322,1.0020704911162215,1.0021232967730866,1.002200319411863,1.0022573960921148,1.0023459907285535
experiment_460,1.0001105662656666,1.0001105662656666,1.0001105662656666,1.0001105662656666,1.0001105662656666,1.000764546629819,1.0007600987050698,1.0007557096198818,1.000754584331972,1.0007377380466915,1.0007341353913772,1.0007351001945595,1.0007377261618011,1.0007409692409541,1.0007491998216378,1.000765769794591,1.0007765520453273,1.000797565262896,1.000797565262896,1.0008494335796974,1.0008879291011166,1.0009277059613935,1.0009720937741633,1.0010324447930044,1.00109181754371,1.001140267870276,1.0012319274334793,1.001301325985895,1.001408557032839,1.0014888960819412,1.0016102795747834,1.0017400683630386
experiment_461,1.0001105662656666,1.0000942420844638,1.0000802741623915,1.0000802741623915,1.0000802741623915,1.000755705998821,1.0006975333419896,1.0006702793491613,1.000636725961823,1.0006098234654701,1.0006068891622728,1.0006158969707055,1.0006255817811922,1.0006463660551665,1.0006728578650146,1.0007115346487112,1.0007753700833855,1.000853641223504,1.000946317649334,1.00105782020985,1.0012038443835432,1.0013855694626088,1.0016316284928934,1.0019198392153161,1.0022447828735779,1.0027249275683219,1.0032774869010241,1.0039814756259837,1.0048959242161632,1.0060661022566175,1.0073796357885358,1.009248672891658
experiment_462,1.0001105662656666,1.0001105662656666,1.0001105662656666,1.0001105662656666,1.0001105662656666,1.0014424533955704,1.0014180395698244,1.0014171318502363,1.0014171318502363,1.0014171318502363,1.0014289140018713,1.0014722449788238,1.0014921239041241,1.0014921239041241,1.001560576151548,1.0015992977428627,1.0016543753584841,1.001680454119245,1.0016981370510152,1.0018065627927066,1.001836349472475,1.0019106870141912,1.0020022846227745,1.0020935458321867,1.0021395399106263,1.0022215272252242,1.0023546683283753,1.002488054813984,1.002615423099307,1.0027248381028109,1.0028774020424978,1.0030487369286494
experiment_463,1.0001105662656666,1.0001105662656666,1.0000946087974671,1.0000946087974671,1.0000946087974671,1.0016985165327772,1.0016711751224496,1.0017034051748779,1.001711819882342,1.001701555845326,1.0017073583111218,1.001771735353157,1.0018309293328922,1.0018651043641618,1.0019326615439597,1.0020633150384435,1.0020878635498827,1.0022215852700829,1.0023753146680126,1.002541466513845,1.002750338418675,1.0029143402117486,1.003154523328903,1.0034197605954127,1.0037252848869158,1.0039907062351758,1.0043403967785298,1.004833399832513,1.0052927961359228,1.0057782359060587,1.0064037634417855,1.007115620498209
experiment_464,1.0001105662656666,1.0001105662656666,1.0001105662656666,1.0001105662656666,1.0001105662656666,1.0009130066005543,1.00090703543898,1.0008880545516148,1.0008821131148582,1.0008790099495977,1.0008726534190893,1.0008678810470641,1.0008658770136976,1.000865530146905,1.0008865097046187,1.0009016544817397,1.0009016544817397,1.000943661514892,1.0009663714609103,1.000982159766727,1.001028498110142,1.001063692212753,1.0011220146393836,1.0011786538711942,1.0012298437100393,1.0013181631943089,1.0013876103912238,1.001471326627125,1.0016010083061448,1.0017029785363007,1.0018508286116208,1.0019956134056691
experiment_465,1.0001105662656666,1.0001105662656666,1.0001105662656666,1.0001105662656666,1.0001105662656666,1.0014271964061765,1.0014520868478207,1.001450224540279,1.0014713659975585,1.0014712786613627,1.0014648301526885,1.001488565459809,1.0015078729960147,1.001519996869572,1.001546504180718,1.0015429037374393,1.0015685029223889,1.0016244422789375,1.0016216858085285,1.0016588952069783,1.0017084558621858,1.0017418381830738,1.0017439781938215,1.001783517250547,1.0018745119057468,1.0018976648129745,1.0019494006847784,1.0020020865935058,1.0020759338771439,1.0021539612183035,1.0022396261796473,1.0023115414200623
experiment_466,1.0001105662656666,1.0001105662656666,1.0001105662656666,1.0001105662656666,1.0001105662656666,1.0013162948769674,1.0012739151272958,1.0012296808679015,1.0012139717553206,1.0012139717553206,1.001237920072224,1.001244709594105,1.0012617819164917,1.0012915056084033,1.001340589213273,1.0014071924186254,1.001468250927725,1.001506378642056,1.0016079016712567,1.0017484349661399,1.0018103361709123,1.0019573349112676,1.002140335308972,1.0023198520779912,1.0025491373622897,1.002762438147267,1.0030327817733031,1.0033110294503687,1.003674225128556,1.004004105107304,1.0044208540503927,1.0048458659566633
experiment_467,1.0001105662656666,1.0001105662656666,1.0001105662656666,1.0001105662656666,1.0001105662656666,1.001181842716641,1.0012110859759025,1.0012060605152084,1.0012309445453589,1.0012331503420393,1.0012491423571919,1.0012874942804948,1.0012967602271978,1.0013366495513867,1.0013590728323536,1.0014362861706092,1.001495240378343,1.001541919790223,1.0016017741162457,1.0017040950675231,1.0017791832004068,1.0018471806778029,1.0019693492516442,1.0021327213151778,1.0022381709314978,1.0024020812203371,1.0025645153373954,1.0027536479431671,1.0029413574869743,1.0031914845388754,1.003464852201821,1.0037560323918457
experiment_468,1.0001105662656666,1.0001105662656666,1.0001105662656666,1.0001105662656666,1.0001105662656666,1.0024164714062191,1.0024164714062191,1.0025134894238272,1.0025297295124107,1.0027104147024906,1.0027375731123211,1.002875562958237,1.002978697798326,1.0030750501041412,1.0032599830988473,1.0034159770031406,1.003557564072054,1.0036166415220162,1.0038935907925166,1.0040160430614973,1.00421815282347,1.0043119413325974,1.0046272442599997,1.0048831996413652,1.0051230649488767,1.005340133705873,1.0055807948896478,1.005937971245126,1.0061991909565233,1.0064903017787021,1.006879582189817,1.0072159509138405
experiment_469,1.0001105662656666,1.0001105662656666,1.0001105662656666,1.0001105662656666,1.0001105662656666,1.001989922483969,1.0020261338152783,1.0020173843248026,1.0019598302793358,1.0019929642168295,1.002047602250938,1.0020432917658475,1.0020437405141878,1.0020448434833193,1.002088243382749,1.0020993290251219,1.0021469961302771,1.002135419883086,1.0022142737468482,1.0022345535000945,1.0022870136114972,1.0023544650681637,1.0024118320717437,1.0024421211668304,1.0024694440930837,1.0025461580876032,1.002663127083179,1.002745459249064,1.0028401065513277,1.0029297609217283,1.00298204163328,1.0030244593708941
experiment_470,1.0001105662656666,1.0001105662656666,1.0001105662656666,1.0001105662656666,1.0001105662656666,1.0009908297339782,1.000964911532841,1.0009516924454633,1.0009428614120635,1.0009444158039758,1.0009516716663729,1.00095028824434,1.0009659673910292,1.0009736075401159,1.000991692194649,1.000991692194649,1.0010323114516537,1.001084856012968,1.0011043057864362,1.001175230047034,1.0012128369716309,1.0012983744144819,1.0013600250650414,1.001448156819149,1.0015429848358153,1.00166864860779,1.0017870205085857,1.0019335973158332,1.0021308170161072,1.002309818444868,1.002529126958571,1.0028075380414088
experiment_471,1.0001105662656666,1.0001105662656666,1.0001105662656666,1.0001105662656666,1.0001105662656666,1.0023942444350153,1.002445685822108,1.0025592906229388,1.0026308413406382,1.0027076108316648,1.002747308612908,1.0029161060852885,1.0028957944753798,1.003165979576318,1.0032695114103118,1.003390098589513,1.0035740242670041,1.0037443385095148,1.00395881272393,1.0040355163517827,1.0043203857386902,1.0043759206711038,1.0046975974327685,1.0049192239406461,1.0050198250167064,1.0052962979066036,1.0054894380652941,1.0057353057991754,1.0059346761435128,1.0062770211118994,1.0065270128521753,1.0066759731328856
experiment_472,1.0001105662656666,1.0001105662656666,1.0001105662656666,1.0001105662656666,1.0001105662656666,1.0016659692424166,1.0016781934190189,1.0016228880775246,1.0016016856929484,1.0016063242780908,1.001636768191381,1.0015752952364825,1.0015590193358639,1.001574274163249,1.0015849747865138,1.0015529496352358,1.0015559672431569,1.001571329074185,1.0015885292266082,1.0015323244192584,1.0015704069112084,1.0015949693214516,1.0016171865975336,1.0016119909999117,1.0016298003275146,1.0016242001292137,1.0016645678211702,1.0016644008446438,1.0017245805615551,1.0017133965795242,1.0017580984126966,1.0018349050302273
experiment_473,1.0001105662656666,1.0001258209635093,1.0001258209635093,1.0001258209635093,1.0001604439052811,1.0013442652778113,1.00144634773536,1.001567459983966,1.0016783976199488,1.00178146082482,1.0018916537900457,1.0020346288712545,1.0021384135038798,1.0022543361913832,1.0024003267447015,1.0025193922670783,1.0026549283321116,1.0027694229667816,1.0029201859085444,1.0030598932450143,1.0032193389905588,1.0033507104835844,1.003502382641338,1.003640313460641,1.0037949976071463,1.0039446009644115,1.0041201037141845,1.004283972062073,1.0044218047782265,1.0045991902096898,1.0047600378951569,1.0049054664904629
experiment_474,1.0001105662656666,1.0001105662656666,1.0001105662656666,1.0001105662656666,1.0001105662656666,1.0011108967237408,1.0011149872273601,1.0011184057822629,1.001123644265472,1.0011694748158375,1.001186143132547,1.001238594668408,1.0013000102283007,1.0013946843066939,1.0015116718628312,1.0015944111056363,1.0017829036368142,1.0019535834469218,1.0021644221650754,1.0024230252931499,1.0027568391458208,1.0031302192909959,1.0035604132025397,1.0040814202343908,1.0047181732252062,1.0054806388226436,1.006451999384186,1.0075088894421222,1.008886560653104,1.0104399372182022,1.0124176217086762,1.0147517215681316
experiment_475,1.0001105662656666,1.0001105662656666,1.0001105662656666,1.0001105662656666,1.0001105662656666,1.0017556624065265,1.0017044568012443,1.001610471707378,1.0016608470250215,1.0016178625544516,1.0015834558123342,1.001571259592483,1.0015550321919293,1.0015441313854332,1.001537293010949,1.001580627668259,1.0015898596029722,1.001631680298423,1.0016196792672207,1.0016196792672207,1.0016315353472496,1.001675024184466,1.0017321339645675,1.0017872033445543,1.0018000699525909,1.0018435932581524,1.0019112359590452,1.0019038624964114,1.0020465879090392,1.0021208683125038,1.0022166465036952,1.0023228508890512
experiment_476,1.0001105662656666,1.0001105662656666,1.0001105662656666,1.0001105662656666,1.0001105662656666,1.0023403163704445,1.0023660637305705,1.00248829724463,1.0025769054716214,1.002462515667539,1.0025824742597969,1.0025669697517483,1.0025564928464241,1.002656872754957,1.0026307330392676,1.0026749073078136,1.002666348865504,1.0026763480995469,1.002711742436548,1.00271313730208,1.002668750546877,1.0026624926875651,1.0026847377663555,1.0025997986514998,1.0026082122510618,1.0026305009398995,1.0025504964385819,1.002527051015421,1.0024990509997604,1.0024529001055538,1.0023754986463627,1.0023630693498595
experiment_477,1.0001105662656666,1.0001105662656666,1.0001105662656666,1.0001105662656666,1.0001105662656666,1.0023539704451891,1.002446288485674,1.0026063898709332,1.0026596027369805,1.0027506271832454,1.0028800256259232,1.00308612205885,1.0032595084460905,1.0033724540003,1.003547418854138,1.003880649680117,1.0040933859918328,1.0044064558906944,1.004695783979594,1.005036557997244,1.005266050622976,1.0057228220846046,1.006156943543271,1.006672959954559,1.0071914531186708,1.0076102169647256,1.0083539230193717,1.0090278949084919,1.0098276904193866,1.0107125909471901,1.0115699568549434,1.0123663972430783
experiment_478,1.0001105662656666,1.0001105662656666,1.0001105662656666,1.000126684669614,1.000126684669614,1.0014435858993036,1.0015452475747375,1.0016483898086876,1.0017188254520155,1.001852862378366,1.0019651481200234,1.0021230196861053,1.0023120504097434,1.0024754146438333,1.0026663293612048,1.002903898946697,1.0031437874119102,1.0034600184628835,1.0037554197953427,1.0040937379169577,1.0045296084174318,1.0049935692574519,1.0055326429875864,1.0061205308653207,1.0067870352876218,1.0075802311051387,1.0084575704258134,1.0095351879862682,1.0107133065309077,1.012038090167268,1.0137470600859517,1.0156132784449206
experiment_479,1.0001105662656666,1.0001105662656666,1.0001105662656666,1.0001105662656666,1.0001105662656666,1.0020127516645365,1.0021071255152953,1.002201330498981,1.0022194266708775,1.0023312123296333,1.0024085408742525,1.0025708166146918,1.0027379496685969,1.0028227719477332,1.0030361533499246,1.0032250846162556,1.0033103863400057,1.003610487739076,1.0037802811934164,1.0040196033613078,1.0043363533579035,1.0045017539972623,1.0048776461798063,1.0051951934136654,1.0055448148051451,1.0059693241637535,1.006453470568941,1.0069346786487052,1.0075405219222113,1.0081034043531445,1.0088419932852242,1.0096386637393848
experiment_480,1.0001105662656666,1.0001105662656666,1.0001105662656666,1.0001105662656666,1.0001105662656666,1.0010316546015334,1.001038151557953,1.0010608231364904,1.0010791926303197,1.0011133575332243,1.0011555933530922,1.0012013677877964,1.0012627679045365,1.0013356499076238,1.0014150445220698,1.001499984950615,1.001600770266558,1.0017362817839923,1.0018879927657358,1.002055660739364,1.0022227917716242,1.0024452790345486,1.002756364278022,1.0030640889113926,1.0034343455248576,1.0038518575333244,1.0043590797768516,1.0048941377342528,1.0055648439515041,1.006295738237238,1.007153576788454,1.0080923284507122
experiment_481,1.0001105662656666,1.00012099080731,1.00012099080731,1.00012099080731,1.000139221547503,1.0012834542292934,1.001368794192094,1.0014470586854147,1.0015307245079041,1.001609497062004,1.0017168076434488,1.00181255905635,1.0019141084003178,1.0020189754441728,1.0021292931341843,1.002228320002029,1.0023596770852834,1.002486824863045,1.0026173407057446,1.0027610079220266,1.0029182692146041,1.0030593374370702,1.0032572778702284,1.003417182107472,1.0036126329509616,1.0038094408584723,1.0040062648826074,1.0042505598599432,1.0044911053794772,1.004758976816253,1.0050349523261632,1.0053138248816615
experiment_482,1.0001105662656666,1.0001105662656666,1.0001105662656666,1.0001105662656666,1.0001105662656666,1.0011853094675847,1.001179680824747,1.00122221542522,1.001237084125617,1.001245153575556,1.001279101843373,1.001306305380787,1.0013665275897454,1.0014215447037487,1.0014845807228712,1.0015692646010577,1.0016676296138254,1.0017824770130643,1.001913412586376,1.002049851410917,1.0022117234275665,1.0023714969855682,1.00258294724697,1.0028197840666269,1.0031320903716254,1.0034753635285079,1.0038427939363517,1.0042368890406095,1.0048210605444154,1.0054681352381794,1.0061025218583552,1.0070076562699428
experiment_483,1.0001105662656666,1.0001105662656666,1.0001105662656666,1.0001105662656666,1.0001105662656666,1.0013601074987504,1.0014116738592145,1.0014333553057073,1.0014824333527257,1.0015062744253347,1.0015932382037023,1.0016692774396025,1.0017357724281675,1.0018268711262495,1.0019232097667425,1.0020281616415432,1.0021694463063986,1.0023109572359874,1.0024877035754556,1.002667202560148,1.0029067580552298,1.0031606288852282,1.003450261018906,1.0037457485167505,1.0041162894119993,1.0044897761725802,1.004940466973595,1.0054293184290881,1.0059208569882325,1.0064857278781418,1.0071242611354754,1.0078272128599304
experiment_484,1.0001105662656666,1.000123734050913,1.000123734050913,1.000123734050913,1.0001545119379731,1.0012146101986363,1.0013219902138522,1.0014300427743257,1.0015819335769125,1.0017135378023663,1.00185649421694,1.0020181656811664,1.0022109890972954,1.0024058538602671,1.0026503801289373,1.0028918168258607,1.0031617203994045,1.00346658617763,1.0038008960099323,1.004168149746378,1.0045544425798743,1.005026471894706,1.005519706374347,1.006058788011027,1.0066627498734488,1.007348273142413,1.008088783499422,1.008924103322586,1.009860290671574,1.0108989546069218,1.012032490091964,1.013319461407583
experiment_485,1.0001105662656666,1.0001105662656666,1.0001105662656666,1.0001105662656666,1.0001105662656666,1.0011329195561824,1.0011224266270748,1.001108021147065,1.001072126942721,1.0010466422988906,1.0010239326785662,1.0010061802769528,1.0009813488527692,1.000950390527762,1.0009333006930214,1.0009133877433503,1.000892174155777,1.0008665523501132,1.0008403495752851,1.000827021598049,1.0008272610869795,1.0008035907251627,1.000772544915168,1.0007486017416394,1.000753334809756,1.0007504870334836,1.0007208716302671,1.0007292591953922,1.0007174317034757,1.0006967491951562,1.000711594840742,1.000710598385853
experiment_486,1.0001105662656666,1.0001105662656666,1.0001105662656666,1.0001105662656666,1.0001105662656666,1.0011566410073212,1.0011532367585527,1.0011451444310404,1.0011224713890152,1.0011710725720357,1.0011978765268281,1.001242507054119,1.0012882387343858,1.0013830222333524,1.001442556104894,1.0015581096051018,1.001669152496303,1.0018269166586533,1.0020017564187063,1.002232709236107,1.0024844551009326,1.0027854383851853,1.0031543185557252,1.003588996433286,1.00406776248642,1.0046825505271133,1.005332863942066,1.0061410092473477,1.0071330271410053,1.0083709714592446,1.00977116207867,1.0114474565890732
experiment_487,1.0001105662656666,1.0001105662656666,1.0001105662656666,1.0001105662656666,1.0001105662656666,1.0016694891153013,1.0017099499899884,1.0017888869690315,1.0018567180179714,1.0019668563948534,1.002086137918864,1.0022492170807795,1.002421603465834,1.0026491325349693,1.0028856391671774,1.0031306934705575,1.0034160387813005,1.0037679307580574,1.0041485077167087,1.0045713466987678,1.0050873213206202,1.0057257690256274,1.0063784457257128,1.0071345753276495,1.007959396362221,1.008969129673894,1.0100847798067236,1.0113374247193387,1.0127390826995775,1.014628176116159,1.0165805590379895,1.01875949885244
experiment_488,1.0001105662656666,1.0001105662656666,1.0001105662656666,1.0001105662656666,1.0001105662656666,1.0012140973425316,1.0012218334969751,1.0012393223864835,1.0012673828212733,1.0012673828212733,1.001288451614562,1.0013435440521037,1.001372426753375,1.00140598715828,1.0014580132466409,1.0015123779810002,1.0015809645096148,1.0016651883878418,1.0017766345807841,1.0018643785978172,1.0019936764778,1.0021166147044835,1.002308707795959,1.0024708765721604,1.002674419404318,1.002914243974286,1.0031532015934446,1.003460962405151,1.0038048644641457,1.0042009316513538,1.004613071379622,1.0051685853176267
experiment_489,1.0001105662656666,1.0001105662656666,1.0000917490378944,1.0000917490378944,1.0000917490378944,1.0010140703342318,1.0009668164949233,1.00094026723359,1.000932422309214,1.0009237051868072,1.000940126128287,1.0009353587170828,1.0009490977207802,1.0009877963077862,1.0010333931195545,1.0010818319795192,1.0011762256897425,1.0012347247183202,1.0013533556340914,1.001464511647927,1.0016584200139982,1.001841821183551,1.0020498944574028,1.0023013205054545,1.002656320004309,1.0030029307819175,1.0034438174655245,1.0039242170583882,1.004600233533911,1.0053420555026,1.0061600535989026,1.0072016045368548
experiment_490,1.0001105662656666,1.0001105662656666,1.0001105662656666,1.0001105662656666,1.0001105662656666,1.0008241343254587,1.0008008078443198,1.0007877950844628,1.0007803295880333,1.0007742063209248,1.0007716713255097,1.0007688131494157,1.0007726525447553,1.0007784709505854,1.0007897720154022,1.0008021064956787,1.0008133771565317,1.0008339287668784,1.0008722020030378,1.0009099292474424,1.0009550512436078,1.0009906212344275,1.0010533188242015,1.0010967870958274,1.0011925724985449,1.0012732104228936,1.0013641638386055,1.0014824341267903,1.0016136858815254,1.0017707731221168,1.00192085551692,1.002146909743699
experiment_491,1.0001105662656666,1.0001105662656666,1.0001105662656666,1.0001105662656666,1.0001105662656666,1.0019377239451301,1.0019470115015607,1.002001517459235,1.00203896238906,1.0020623158727617,1.002112406852146,1.0022276929094998,1.0022613114165302,1.0023435757695482,1.0024344719082214,1.0025505396412933,1.0026606729914753,1.0027991602782655,1.0028962103109973,1.0030412127972208,1.0031352196769299,1.0033250513244392,1.003464901720362,1.0036242081502207,1.0037707604272215,1.0039679953886766,1.0041248538442296,1.0043280576886566,1.0046138815598629,1.004736398810688,1.0050135189391989,1.0053873117841376
experiment_492,1.0001105662656666,1.0001105662656666,1.0001105662656666,1.0001105662656666,1.0001105662656666,1.0017586311924287,1.0018172044275762,1.0017786848242893,1.0017813006528602,1.0017522411770199,1.0017594323214194,1.0017458258698673,1.0017825018177573,1.0017718248095941,1.0017969138535776,1.0018628124283446,1.00190073802633,1.0019397484135297,1.0020188393729093,1.0020530479146768,1.002122027919832,1.0022170925453606,1.0023606793179507,1.0024271379361533,1.0025612450627355,1.0027174500750258,1.0028389438881442,1.0030532835104347,1.0032009079306559,1.003430601141247,1.003719902099282,1.00391439683659
experiment_493,1.0001105662656666,1.0001216381022209,1.0001216381022209,1.0001216381022209,1.0001216381022209,1.001758562500049,1.0018221977309796,1.0018972436720628,1.0019079984976886,1.0019831892962137,1.002013413658615,1.0020586253757404,1.0021116462672606,1.0021283719177099,1.0021496083073207,1.0021412576158404,1.002179085119871,1.0021555876871717,1.0021562856571367,1.0021266962989421,1.0021314293665324,1.0020965361983247,1.002048758180083,1.0020052546992835,1.0019139549041214,1.0018731917144035,1.0017858362630625,1.001698225760753,1.0016297855356213,1.001550886950667,1.0014367938983675,1.001344956047946
experiment_494,1.0001105662656666,1.0001105662656666,1.0001105662656666,1.0001105662656666,1.0001105662656666,1.0008602805289892,1.0008759628292363,1.000892763167322,1.000906306003858,1.000917677045659,1.0009493516496333,1.0009683538826308,1.0009977681682285,1.0010508242328864,1.0010999411827,1.0011551189384826,1.0012073984274106,1.0012736610536088,1.0013554591348397,1.0014473653970413,1.0015584004808957,1.001655805694541,1.001799257926356,1.001931026005329,1.0021040409329676,1.0022922505175798,1.0024837016715138,1.0027157323478306,1.002992514291361,1.0032999067321513,1.0036377357902049,1.0040270954234667
experiment_495,1.0001105662656666,1.0001105662656666,1.0001105662656666,1.0001105662656666,1.0001105662656666,1.0010862859730647,1.0011162813514431,1.001133744646532,1.0011827364834749,1.0012241288519836,1.001262858273339,1.0013175157414391,1.001372100223409,1.0014229935148729,1.0014791857913419,1.001551006860402,1.0016540354929628,1.0017475309828585,1.0018393769301652,1.0019757824322206,1.0021013448128053,1.0022189319894919,1.0023915040953952,1.0025865547193598,1.0027592400138767,1.0029538559147149,1.00322806660116,1.003479897702589,1.0038162664188737,1.0041712678580221,1.0045666614833975,1.0050093106897047
experiment_496,1.0001105662656666,1.000120675797701,1.000120675797701,1.000120675797701,1.000120675797701,1.0021151244028508,1.0022172287816025,1.0023288778543704,1.0024122554747377,1.0025794602423435,1.0026942491505364,1.002836723120739,1.0030250390120092,1.0031593851728378,1.0033202899027016,1.0034584324711946,1.0037521350964131,1.0038199818647877,1.0041170694110093,1.0042430441613313,1.004456662512589,1.0047097309986583,1.0049411468768001,1.0051440457358702,1.0052880570394354,1.0055940881868113,1.0059116369353671,1.0061945181948364,1.0064258375426698,1.0066596343778753,1.0070633144129204,1.0073348660077481
experiment_497,1.0001105662656666,1.0001105662656666,1.0001105662656666,1.0001105662656666,1.0001105662656666,1.0015024857825723,1.0014411859943475,1.001431612488456,1.0013843518221055,1.0013992206925209,1.0013793198495544,1.0013793198495544,1.0014186974746204,1.0014617028747062,1.0015094570425995,1.0015447317316084,1.001665565429026,1.0017884155310182,1.0018283922605316,1.0019653555548649,1.0021420141603576,1.0022857902879914,1.0025362393044488,1.0027313557389474,1.002993151421323,1.0033494448403923,1.0036981423409619,1.0041193812361178,1.0044729144233617,1.0050630384368533,1.0056526465312852,1.0062747340983498
experiment_498,1.0001105662656666,1.0001105662656666,1.0001105662656666,1.0001105662656666,1.0001105662656666,1.001359846693936,1.0013242913974658,1.0013405894060237,1.001301491403676,1.0013267833596873,1.0013375480494684,1.0013621327293944,1.0014000587070457,1.001453107789976,1.0015417162367501,1.00158463985215,1.0016644876922816,1.0017397860577881,1.001866326452884,1.0019643932829196,1.002122740334947,1.002284472230278,1.0024269537445576,1.002686387400422,1.002894903551839,1.0031656441854684,1.0034459863280634,1.003778423666441,1.0042252117118196,1.004634434606121,1.0051744056667686,1.005747769490382
experiment_499,1.0001105662656666,1.0000962317268955,1.0000838507939451,1.0000838507939451,1.0000838507939451,1.0007689926738876,1.0007298416546613,1.0006799765880061,1.0006602087314442,1.0006579309800974,1.0006345465099247,1.0006263353763334,1.000640157876582,1.000657297627577,1.0006739533153142,1.0006982127469788,1.000739004194495,1.0007687741593385,1.0008298095924861,1.0008849754994307,1.000971854064959,1.0010534405685725,1.0011589226558721,1.001281059800061,1.001439208256285,1.0016093350524116,1.0018085578240334,1.0020547465265404,1.0023609169922147,1.0027141046900847,1.0031212317833944,1.0035924559764406
experiment_500,1.0001105662656666,1.0001105662656666,1.0001105662656666,1.0001105662656666,1.0001105662656666,1.0001105662656666,1.0001105662656666,1.0001105662656666,1.0001105662656666,1.0001105662656666,1.0001105662656666,1.0001105662656666,1.0001105662656666,1.0001105662656666,1.0001105662656666,1.0001105662656666,1.0001105662656666,1.0001105662656666,1.0001105662656666,1.0001105662656666,1.0001105662656666,1.0001105662656666,1.0001105662656666,1.0001105662656666,1.0001105662656666,1.0001105662656666,1.0001105662656666,1.0001105662656666,1.0001105662656666,1.0001105662656666,1.0001105662656666,1.0001105662656666
experiment_501,1.0001105662656666,1.0001105662656666,1.0001105662656666,1.0001105662656666,1.0001105662656666,1.0001105662656666,1.0001105662656666,1.0001105662656666,1.0001105662656666,1.0001105662656666,1.0001105662656666,1.0001105662656666,1.0001105662656666,1.0001105662656666,1.0001105662656666,1.0001105662656666,1.0001105662656666,1.0001105662656666,1.0001105662656666,1.0001105662656666,1.0001105662656666,1.0001105662656666,1.0001105662656666,1.0001105662656666,1.0001105662656666,1.0001752337946965,1.0001752337946965,1.0001752337946965,1.000231426486601,1.0002553682258595,1.0002829181740043,1.000314617574459
experiment_502,1.0001105662656666,1.0001105662656666,1.0001105662656666,1.0001105662656666,1.0001105662656666,1.0001105662656666,1.0001105662656666,1.0001105662656666,1.0001105662656666,1.0001105662656666,1.0001105662656666,1.0001105662656666,1.0001105662656666,1.0001105662656666,1.0001105662656666,1.0001105662656666,1.0001105662656666,1.0001105662656666,1.0001105662656666,1.0001105662656666,1.0001528577992882,1.0001703013944756,1.000191422039705,1.0002172644079592,1.0002484359128558,1.0002921704614125,1.0003523662993672,1.0004105930167861,1.00047227353658,1.0005555318137502,1.0006567547126823,1.0007822800468085
experiment_503,1.0001105662656666,1.0001105662656666,1.0001105662656666,1.0001105662656666,1.0001105662656666,1.0001105662656666,1.0001105662656666,1.0001105662656666,1.0001105662656666,1.0001105662656666,1.0001105662656666,1.0001105662656666,1.0001105662656666,1.0001105662656666,1.0001105662656666,1.0001105662656666,1.0001105662656666,1.0001105662656666,1.0001105662656666,1.0001105662656666,1.0001105662656666,1.0001105662656666,1.0001105662656666,1.0000707690785915,1.0000707690785915,1.0000707690785915,1.0000707690785915,1.0000707690785915,1.0000707690785915,1.0000707690785915,1.0000707690785915,1.0000707690785915
experiment_504,1.0001105662656666,1.0001105662656666,1.0001105662656666,1.0001105662656666,1.0001105662656666,1.0001105662656666,1.0001105662656666,1.0001105662656666,1.0001105662656666,1.0001105662656666,1.0001105662656666,1.0001105662656666,1.0001105662656666,1.0001105662656666,1.0001105662656666,1.0001105662656666,1.0001105662656666,1.0001105662656666,1.0001105662656666,1.0001105662656666,1.00015741830109,1.00015741830109,1.00015741830109,1.00015741830109,1.00015741830109,1.00015741830109,1.00015741830109,1.00015741830109,1.00020750786523,1.0002195261822244,1.0002337999512765,1.0002471423973565
experiment_505,1.0001105662656666,1.0001105662656666,1.0001105662656666,1.0001105662656666,1.0001105662656666,1.0001105662656666,1.0001105662656666,1.0001105662656666,1.0001105662656666,1.0001105662656666,1.0001105662656666,1.0001105662656666,1.0001105662656666,1.0001105662656666,1.0001105662656666,1.0001105662656666,1.0001105662656666,1.0001105662656666,1.000130314975675,1.000130314975675,1.000130314975675,1.0001523296389152,1.000168413305108,1.00018376462616,1.0002027521357018,1.0002231294718893,1.0002479069714292,1.000288022630003,1.0003408559396767,1.0004327687290768,1.000491611250527,1.0005680581813154
experiment_506,1.0001105662656666,1.0001105662656666,1.0001105662656666,1.0001105662656666,1.0001105662656666,1.0001105662656666,1.0001105662656666,1.0001105662656666,1.0001105662656666,1.0001105662656666,1.0001105662656666,1.0001105662656666,1.000189965043558,1.00020315412726,1.000227655140476,1.000244116007972,1.0002621187722716,1.0002843239634278,1.0002999318978691,1.0003287737614344,1.0003541979847292,1.0003833226870034,1.0004129366582166,1.000446482772147,1.000481670875923,1.0005189555325855,1.0005517980675576,1.000594073565878,1.0006388914009305,1.000687038156129,1.0007379838178478,1.0007921030196907
experiment_507,1.0001105662656666,1.0001105662656666,1.0001105662656666,1.0001105662656666,1.0001105662656666,1.0001105662656666,1.0001105662656666,1.0001105662656666,1.0001105662656666,1.0001105662656666,1.0001105662656666,1.0001105662656666,1.0001105662656666,1.0001105662656666,1.0001105662656666,1.0001105662656666,1.0001105662656666,1.000125685578647,1.000125685578647,1.000125685578647,1.000125685578647,1.0001507179948765,1.0001623798823691,1.000177313309627,1.0001914752964847,1.000209940777267,1.000229869921861,1.0002566563282986,1.0002855129133335,1.0003180208719795,1.0004152946801363,1.0004858101335992
experiment_508,1.0001105662656666,1.0001105662656666,1.000090202010163,1.000090202010163,1.000090202010163,1.000090202010163,1.000090202010163,1.000090202010163,1.000090202010163,1.000090202010163,1.000090202010163,1.000090202010163,1.000090202010163,1.000090202010163,1.000090202010163,1.000090202010163,1.000090202010163,1.000090202010163,1.000090202010163,1.000090202010163,1.000090202010163,1.000090202010163,1.0000970117920687,1.0001074151617086,1.0001201545534306,1.000135249872552,1.0001531853448646,1.0001641986709513,1.000187741032627,1.0002150636382956,1.0002478017817389,1.0002863269770967
experiment_509,1.0001105662656666,1.0001105662656666,1.0001105662656666,1.0001105662656666,1.0001105662656666,1.0001105662656666,1.0001105662656666,1.0001105662656666,1.0001105662656666,1.0001105662656666,1.0001105662656666,1.0001105662656666,1.0001105662656666,1.0001105662656666,1.0001105662656666,1.0001105662656666,1.0001596641358315,1.0001720080612804,1.0001720080612804,1.0002218636340883,1.0002435276417325,1.0002680126672194,1.0002960387540583,1.0003316064354661,1.0003691651400217,1.0003953617644412,1.0004464120413135,1.0005063619321446,1.0005739634838975,1.0006611769250349,1.000744573213419,1.000853894367874
experiment_510,1.0001105662656666,1.0001105662656666,1.0001105662656666,1.0001105662656666,1.0001105662656666,1.0001105662656666,1.0001105662656666,1.0001105662656666,1.0001105662656666,1.0001105662656666,1.0001105662656666,1.0001105662656666,1.0001105662656666,1.0001105662656666,1.0001105662656666,1.0001105662656666,1.0001105662656666,1.0001105662656666,1.0001105662656666,1.0001105662656666,1.0001105662656666,1.000139720532045,1.000139720532045,1.000139720532045,1.0001682223450645,1.000180307872778,1.000180307872778,1.0001978339677124,1.0002130726195568,1.0002311010817204,1.0002504238201588,1.0002717157836305
experiment_511,1.0001105662656666,1.0001105662656666,1.0001105662656666,1.0001105662656666,1.0001105662656666,1.0001105662656666,1.0001105662656666,1.0001105662656666,1.0001105662656666,1.0001105662656666,1.0001105662656666,1.0001105662656666,1.0001105662656666,1.0001105662656666,1.0001105662656666,1.0001105662656666,1.0001105662656666,1.0001105662656666,1.0001105662656666,1.0001105662656666,1.0001105662656666,1.0001105662656666,1.0001105662656666,1.0001105662656666,1.0001105662656666,1.0001105662656666,1.0001105662656666,1.0001105662656666,1.0001105662656666,1.0001105662656666,1.0001105662656666,1.0001105662656666
experiment_512,1.0001105662656666,1.0001105662656666,1.0001105662656666,1.0001105662656666,1.0001105662656666,1.0001105662656666,1.0001105662656666,1.0001105662656666,1.0001105662656666,1.0001105662656666,1.0001105662656666,1.0001105662656666,1.0001105662656666,1.0001105662656666,1.0001582455649896,1.0001710039284013,1.0001859034235063,1.0002031572961547,1.0002235621558564,1.0002358160186122,1.0002610905544138,1.0002902138491416,1.0003240452240776,1.000362854567254,1.0004215395210383,1.0004937065406114,1.0005599388396045,1.0006368081163364,1.000727009802393,1.000832679092731,1.0009579987936863,1.0010785801556539
experiment_513,1.0001105662656666,1.0001105662656666,1.0000912661478434,1.0000912661478434,1.0000912661478434,1.0000749049807527,1.0000749049807527,1.0000749049807527,1.0000749049807527,1.0000749049807527,1.0000749049807527,1.0000749049807527,1.0000749049807527,1.0000749049807527,1.0000749049807527,1.0000749049807527,1.0000749049807527,1.0000749049807527,1.0000749049807527,1.0000934053714325,1.0000934053714325,1.0000934053714325,1.0000934053714325,1.000123657391063,1.0001385937272897,1.0001564905155533,1.0001783483668962,1.0002066834540126,1.0002377556238151,1.0002761453111544,1.000322998777116,1.0004359601607309
experiment_514,1.0001105662656666,1.0001105662656666,1.0001105662656666,1.0001105662656666,1.0001105662656666,1.0001105662656666,1.0001105662656666,1.0001105662656666,1.0001105662656666,1.0001105662656666,1.0001105662656666,1.0001105662656666,1.0001105662656666,1.0001105662656666,1.0001105662656666,1.000122524360532,1.0001354559658444,1.000151332762424,1.000171152126154,1.0001951702214327,1.0002147775736765,1.0002483607764752,1.000312672281535,1.0003693692716047,1.0004389014367059,1.0005267897445929,1.000634767684884,1.0007598019582966,1.000917102795579,1.001117828518556,1.0013713665094721,1.001723669126872
experiment_515,1.0001105662656666,1.0000959235242068,1.0000816619384998,1.0000816619384998,1.0000816619384998,1.0000816619384998,1.0000816619384998,1.0000816619384998,1.0000816619384998,1.0000816619384998,1.0000816619384998,1.0000816619384998,1.0000816619384998,1.0000816619384998,1.0000816619384998,1.0000816619384998,1.0000816619384998,1.0000816619384998,1.0000816619384998,1.0000816619384998,1.0000816619384998,1.0000816619384998,1.0000816619384998,1.0000816619384998,1.0000816619384998,1.0000816619384998,1.0000822126576991,1.0000938351075608,1.0001074385318947,1.0001074385318947,1.0001326480820965,1.0001535294099564
experiment_516,1.0001105662656666,1.0001105662656666,1.0001105662656666,1.0001105662656666,1.0001105662656666,1.0001105662656666,1.0001105662656666,1.0001105662656666,1.0001105662656666,1.0001105662656666,1.0001105662656666,1.0001105662656666,1.0001105662656666,1.0001105662656666,1.0001105662656666,1.0001105662656666,1.0001105662656666,1.0001105662656666,1.0001105662656666,1.0001105662656666,1.0001105662656666,1.000131566963734,1.000131566963734,1.000131566963734,1.0001516410316584,1.0001625614122005,1.000176876795519,1.0002025784440662,1.000253955611329,1.0002865947469854,1.000319791293118,1.0003669275015916
experiment_517,1.0001105662656666,1.0001105662656666,1.0001105662656666,1.0001105662656666,1.0001105662656666,1.0001105662656666,1.0001105662656666,1.0001105662656666,1.0001105662656666,1.0001105662656666,1.0001105662656666,1.0001105662656666,1.0001105662656666,1.0001105662656666,1.0001105662656666,1.0001105662656666,1.0001105662656666,1.0001105662656666,1.0001901438612981,1.0002029019271423,1.0002173877700264,1.0002337634028138,1.0002524992903428,1.0002737257587648,1.0002979290856315,1.0003258093358827,1.0003576911182197,1.0003938457109616,1.0004242154495235,1.000470023065381,1.0005329426631284,1.0005943100982087
experiment_518,1.0001105662656666,1.0001105662656666,1.0001105662656666,1.0001105662656666,1.0001105662656666,1.0001105662656666,1.0001105662656666,1.0001105662656666,1.0001105662656666,1.0001105662656666,1.0001105662656666,1.0001105662656666,1.0001105662656666,1.0001105662656666,1.0001105662656666,1.0001105662656666,1.0001105662656666,1.0001105662656666,1.0001105662656666,1.0001105662656666,1.0001105662656666,1.0001105662656666,1.0001105662656666,1.0001105662656666,1.0001105662656666,1.0001105662656666,1.0001105662656666,1.0001105662656666,1.0001105662656666,1.0001490346183066,1.0001634825449606,1.000178262867861
experiment_519,1.0001105662656666,1.0001105662656666,1.0001105662656666,1.0001105662656666,1.0001105662656666,1.0001105662656666,1.0001105662656666,1.0001105662656666,1.0001105662656666,1.0001105662656666,1.0001105662656666,1.0001105662656666,1.0001105662656666,1.0001105662656666,1.0001105662656666,1.0001105662656666,1.0001105662656666,1.0001105662656666,1.0001105662656666,1.0001105662656666,1.0001105662656666,1.0001105662656666,1.0001105662656666,1.0001105662656666,1.000161472220865,1.000161472220865,1.000161472220865,1.000161472220865,1.0002126772746116,1.0002387205164511,1.0002387205164511,1.0002624271044835
experiment_520,1.0001105662656666,1.0001105662656666,1.0000896854342025,1.0000896854342025,1.0000896854342025,1.0000896854342025,1.0000896854342025,1.0000896854342025,1.0000896854342025,1.0000896854342025,1.0000896854342025,1.0000896854342025,1.0000896854342025,1.0000896854342025,1.0000896854342025,1.0000896854342025,1.0000896854342025,1.0000896854342025,1.0000896854342025,1.0001617249691401,1.0001822146304788,1.0002068824433783,1.000236484437534,1.0002822880268516,1.000326364253519,1.0003795508139526,1.0004437655372949,1.0005220488707693,1.0006175489234372,1.0007446969407072,1.0008897267212176,1.001069707471843
experiment_521,1.0001105662656666,1.0001105662656666,1.0001105662656666,1.0001105662656666,1.0001105662656666,1.0001105662656666,1.0001105662656666,1.0001105662656666,1.0001105662656666,1.0001105662656666,1.0001105662656666,1.0001105662656666,1.0001105662656666,1.0001105662656666,1.0001105662656666,1.0001105662656666,1.0001105662656666,1.0001105662656666,1.0001105662656666,1.0001105662656666,1.0001105662656666,1.0001105662656666,1.0001105662656666,1.0001105662656666,1.0001105662656666,1.0001105662656666,1.0001105662656666,1.0001105662656666,1.0001105662656666,1.0001105662656666,1.0001105662656666,1.0001105662656666
experiment_522,1.0001105662656666,1.0000949066287945,1.0000800068058269,1.0000800068058269,1.0000800068058269,1.0000800068058269,1.0000800068058269,1.0000800068058269,1.0000800068058269,1.0000800068058269,1.0000800068058269,1.0000800068058269,1.0000800068058269,1.0000800068058269,1.0000800068058269,1.0000800068058269,1.0000800068058269,1.0000800068058269,1.000083258952992,1.0000936599946302,1.0001070179177467,1.0001070179177467,1.000131051008319,1.0001530505309684,1.0001795159303268,1.0002123051052922,1.000254334961464,1.0003432740907658,1.0004259436825678,1.0005237854531157,1.000650042863616,1.0008020177685883
experiment_523,1.0001105662656666,1.0001105662656666,1.0001105662656666,1.0001105662656666,1.0001105662656666,1.0001105662656666,1.0001105662656666,1.0001105662656666,1.0001105662656666,1.0001105662656666,1.0001105662656666,1.0001105662656666,1.0001105662656666,1.0001105662656666,1.0001105662656666,1.0001105662656666,1.0001105662656666,1.0001105662656666,1.0001105662656666,1.0001105662656666,1.0001105662656666,1.0001105662656666,1.0001105662656666,1.0001105662656666,1.0001105662656666,1.0001105662656666,1.0001105662656666,1.0001105662656666,1.0001105662656666,1.0001105662656666,1.0001105662656666,1.0001105662656666
experiment_524,1.0001105662656666,1.0001105662656666,1.0000911487055828,1.0000911487055828,1.0000911487055828,1.0000911487055828,1.0000911487055828,1.0000911487055828,1.0000911487055828,1.0000911487055828,1.0000911487055828,1.0000911487055828,1.0000911487055828,1.0000911487055828,1.0000911487055828,1.0000911487055828,1.0000911487055828,1.0000911487055828,1.0001217763169883,1.0001390241285788,1.0001612050996191,1.0001886607907131,1.000227512781417,1.0002846622947754,1.000344241409185,1.0004104400309617,1.0005045806875184,1.0006239413078242,1.0007815603364096,1.0009820062350365,1.0012179404360297,1.0015380657498032
experiment_525,1.0001105662656666,1.0000971083631474,1.000084758540928,1.000084758540928,1.000084758540928,1.000084758540928,1.000084758540928,1.000084758540928,1.000084758540928,1.000084758540928,1.000084758540928,1.000084758540928,1.000084758540928,1.000084758540928,1.000084758540928,1.000084758540928,1.000084758540928,1.000084758540928,1.000084758540928,1.000084758540928,1.0001012660563582,1.0001144708769913,1.000130412231778,1.0001503887539105,1.00017503252148,1.000203934575027,1.0002406704822286,1.0002865593062946,1.0003441378227407,1.0004171551893615,1.000531363270699,1.0006571926635301
experiment_526,1.0001105662656666,1.0001105662656666,1.000095346638635,1.000095346638635,1.000095346638635,1.000095346638635,1.000095346638635,1.000095346638635,1.000095346638635,1.000095346638635,1.000095346638635,1.000095346638635,1.000095346638635,1.000095346638635,1.000095346638635,1.000095346638635,1.000095346638635,1.000095346638635,1.000095346638635,1.000095346638635,1.000095346638635,1.000095346638635,1.000095346638635,1.000095346638635,1.000095346638635,1.0001249995081023,1.0001249995081023,1.0001249995081023,1.0001552251436499,1.0001552251436499,1.0001710159063475,1.0001859421408272
experiment_527,1.0001105662656666,1.0001105662656666,1.000093620933464,1.000093620933464,1.000093620933464,1.000093620933464,1.000093620933464,1.000093620933464,1.000093620933464,1.000093620933464,1.000093620933464,1.000093620933464,1.000093620933464,1.000093620933464,1.000093620933464,1.000093620933464,1.000093620933464,1.000093620933464,1.000093620933464,1.000093620933464,1.000093620933464,1.000093620933464,1.000093620933464,1.000093620933464,1.000093620933464,1.000121127184858,1.0001315056342124,1.000141601644633,1.0001540603611758,1.0001822454627805,1.0002032738800397,1.0002282781260563
experiment_528,1.0001105662656666,1.0001105662656666,1.0001105662656666,1.0001105662656666,1.0001105662656666,1.0001105662656666,1.0001105662656666,1.0001105662656666,1.0001105662656666,1.0001105662656666,1.0001105662656666,1.0001105662656666,1.0001105662656666,1.0001105662656666,1.0001105662656666,1.0001105662656666,1.0001105662656666,1.0001807338450717,1.0001807338450717,1.0001807338450717,1.0001807338450717,1.0002179675746028,1.0002296729357811,1.000242528643599,1.0002567355600347,1.0002722703238114,1.000289322297073,1.000308123265531,1.0003287057565613,1.0003517692096426,1.0003764356815992,1.000403484153699
experiment_529,1.0001105662656666,1.0001105662656666,1.0001105662656666,1.0001105662656666,1.0001105662656666,1.0001105662656666,1.0001105662656666,1.0001105662656666,1.0001105662656666,1.0001105662656666,1.0001105662656666,1.0001105662656666,1.0001105662656666,1.0001105662656666,1.0001105662656666,1.0001105662656666,1.0001105662656666,1.0001105662656666,1.0001105662656666,1.0001105662656666,1.0001105662656666,1.0001105662656666,1.0001546407069848,1.000167329741255,1.0001822046102555,1.000199690034899,1.000220259875532,1.00024451396543,1.0002734034551668,1.0002960673160353,1.000334817970072,1.0003836664124723
experiment_530,1.0001105662656666,1.0001105662656666,1.0001105662656666,1.0001254138919597,1.0001254138919597,1.0001254138919597,1.0001254138919597,1.0001254138919597,1.0001254138919597,1.0001254138919597,1.0001254138919597,1.0001254138919597,1.0001254138919597,1.0001254138919597,1.0001254138919597,1.0002159337735412,1.0002292467402694,1.0002436061905715,1.0002594148358526,1.0002759916064257,1.0002934128548824,1.000312378688951,1.000332617849907,1.0003440460055788,1.0003793560137837,1.0004040765695053,1.0004300653470948,1.0004575601958952,1.000486694401543,1.0005195583252011,1.0005525265466573,1.0005874167759945
experiment_531,1.0001105662656666,1.0001105662656666,1.0001105662656666,1.0001105662656666,1.0001105662656666,1.0001105662656666,1.0001105662656666,1.0001105662656666,1.0001105662656666,1.0001105662656666,1.0001105662656666,1.0001105662656666,1.0001105662656666,1.0001105662656666,1.0001105662656666,1.0001623920023464,1.0001623920023464,1.0001623920023464,1.0001623920023464,1.0001882281548213,1.000199095758967,1.0002097062660125,1.0002331553921178,1.0002518699229173,1.000271126545623,1.000291179814172,1.0003144008774014,1.0003400247743373,1.0004090001636394,1.0004530555289974,1.0004963346881415,1.0005465206293047
experiment_532,1.0001105662656666,1.0001105662656666,1.0001105662656666,1.0001105662656666,1.0001105662656666,1.0001105662656666,1.0001105662656666,1.0001105662656666,1.0001105662656666,1.0001105662656666,1.0001105662656666,1.0001105662656666,1.0001105662656666,1.0001105662656666,1.0001105662656666,1.0001105662656666,1.0001105662656666,1.0001105662656666,1.0001105662656666,1.0001386699621804,1.0001386699621804,1.0001386699621804,1.0001386699621804,1.0001386699621804,1.0001386699621804,1.0001818358635186,1.0001818358635186,1.000205379515485,1.0002189366614078,1.000234329793881,1.0002513403814643,1.0002699282487746
experiment_533,1.0001105662656666,1.0001105662656666,1.0001105662656666,1.0001105662656666,1.0001105662656666,1.0001105662656666,1.0001105662656666,1.0001105662656666,1.0001105662656666,1.0001105662656666,1.0001105662656666,1.0001105662656666,1.0001105662656666,1.0001105662656666,1.0001105662656666,1.0001105662656666,1.0001105662656666,1.0001105662656666,1.0001105662656666,1.0001105662656666,1.0001105662656666,1.0001105662656666,1.0001105662656666,1.0001105662656666,1.0001105662656666,1.0001105662656666,1.000167170081116,1.0001806595520522,1.0001956796609186,1.0002125764324252,1.0002321489337538,1.0002540459250744
experiment_534,1.0001105662656666,1.0001105662656666,1.0001105662656666,1.0001105662656666,1.0001105662656666,1.0001105662656666,1.0001105662656666,1.0001105662656666,1.0001105662656666,1.0001105662656666,1.0001105662656666,1.0001105662656666,1.0001105662656666,1.0001105662656666,1.0001105662656666,1.0001105662656666,1.0001105662656666,1.0001105662656666,1.0001105662656666,1.0001105662656666,1.0001105662656666,1.0001105662656666,1.0001105662656666,1.000234457729725,1.0002513954640566,1.0002700753504938,1.0002910138262855,1.000314300373397,1.0003402060562125,1.0003689479867264,1.000400852626622,1.0004432758266473
experiment_535,1.0001105662656666,1.0001105662656666,1.0000906492405852,1.0000906492405852,1.0000906492405852,1.0000906492405852,1.0000906492405852,1.0000906492405852,1.0000906492405852,1.0000906492405852,1.0000906492405852,1.0000906492405852,1.0000906492405852,1.0000906492405852,1.0000906492405852,1.0000906492405852,1.0000906492405852,1.0000906492405852,1.0000906492405852,1.0000906492405852,1.000112965139734,1.000112965139734,1.000112965139734,1.000112965139734,1.000139784329514,1.00015398650411,1.0001675165024493,1.0002163527129513,1.0002445409954759,1.0002725503387209,1.0003053468054488,1.0003462983312812
experiment_536,1.0001105662656666,1.0001105662656666,1.0001105662656666,1.0001105662656666,1.0001105662656666,1.0001105662656666,1.0001105662656666,1.0001105662656666,1.0001105662656666,1.0001105662656666,1.0001105662656666,1.0001105662656666,1.0001105662656666,1.0001105662656666,1.0001105662656666,1.0001105662656666,1.0001105662656666,1.0001105662656666,1.0001105662656666,1.0001779097173353,1.0001779097173353,1.000198639922693,1.0002102260371233,1.0002227623661566,1.0002367697356123,1.0002514038004973,1.0002670004504601,1.0002670004504601,1.0002910245085017,1.0003093809518255,1.0003290992692173,1.0003503666527978
experiment_537,1.0001105662656666,1.0001105662656666,1.0001105662656666,1.0001105662656666,1.0001105662656666,1.0001105662656666,1.0001105662656666,1.0001105662656666,1.0001105662656666,1.0001105662656666,1.0001105662656666,1.0001105662656666,1.0001105662656666,1.0001105662656666,1.0001105662656666,1.0001105662656666,1.0001105662656666,1.0001105662656666,1.0001105662656666,1.0001105662656666,1.0001105662656666,1.0001105662656666,1.0001105662656666,1.0001105662656666,1.0001105662656666,1.0001105662656666,1.0001105662656666,1.0001105662656666,1.0001105662656666,1.0001105662656666,1.0001105662656666,1.0001105662656666
experiment_538,1.0001105662656666,1.000124807541328,1.000124807541328,1.000124807541328,1.000140762584831,1.000140762584831,1.000140762584831,1.0001606847174271,1.0001606847174271,1.0001606847174271,1.0001606847174271,1.000215219276945,1.0002368479957087,1.0002511953197735,1.0002674455964462,1.0002828709812621,1.0003034056143203,1.0003220125111534,1.0003419387005168,1.0003532196293434,1.0003756022916515,1.000399748502758,1.0004276331711288,1.0004547004293112,1.0004847273467827,1.0005164349914482,1.000543317261871,1.0005878917499826,1.0006256641062947,1.0006669255291774,1.0007119424666089,1.0007617583994897
experiment_539,1.0001105662656666,1.0001105662656666,1.0001105662656666,1.0001105662656666,1.0001105662656666,1.0001105662656666,1.0001105662656666,1.0001105662656666,1.0001105662656666,1.0001105662656666,1.0001105662656666,1.0001105662656666,1.0001105662656666,1.0001105662656666,1.0001105662656666,1.0001105662656666,1.0001105662656666,1.0001105662656666,1.0001105662656666,1.0001105662656666,1.000163991312397,1.000163991312397,1.000163991312397,1.000163991312397,1.000163991312397,1.000163991312397,1.0002076600918604,1.000220747004128,1.0002354318022846,1.000264900958882,1.0002823170188064,1.0003017028580847
experiment_540,1.0001105662656666,1.0001105662656666,1.0001105662656666,1.0001105662656666,1.0001105662656666,1.0001105662656666,1.0001105662656666,1.0001105662656666,1.0001105662656666,1.0001105662656666,1.0001105662656666,1.0001105662656666,1.0001105662656666,1.0001105662656666,1.0001105662656666,1.0001105662656666,1.0001105662656666,1.0001105662656666,1.0001105662656666,1.0001404131136153,1.0001533140289975,1.0001688940794862,1.0001873851495306,1.0002086841478262,1.00023329644967,1.0002623244573885,1.0002958681867653,1.0003371707694,1.0003843235496959,1.0004683603988134,1.0005419246939165,1.0006159739680625
experiment_541,1.0001105662656666,1.0000993881466247,1.0000877056859498,1.0000877056859498,1.0000877056859498,1.0000877056859498,1.0000877056859498,1.0000877056859498,1.0000877056859498,1.0000877056859498,1.0000877056859498,1.0000877056859498,1.0000877056859498,1.0000877056859498,1.0000877056859498,1.0000877056859498,1.0000877056859498,1.0000877056859498,1.0000877056859498,1.0000877056859498,1.0000877056859498,1.0000877056859498,1.0000877056859498,1.0000877056859498,1.0000877056859498,1.0000877056859498,1.0000877056859498,1.0000877056859498,1.0000877056859498,1.0000877056859498,1.0000877056859498,1.0000877056859498
experiment_542,1.0001105662656666,1.0001105662656666,1.0001105662656666,1.0001105662656666,1.0001105662656666,1.0001105662656666,1.0001105662656666,1.0001105662656666,1.0001105662656666,1.0001105662656666,1.0001105662656666,1.0001105662656666,1.0001105662656666,1.0001105662656666,1.0001105662656666,1.0001105662656666,1.0001105662656666,1.0001105662656666,1.0001105662656666,1.0001655050189922,1.0001655050189922,1.0001865838096904,1.0001978370584714,1.0001978370584714,1.0002153302581043,1.0002732335673645,1.0002999404121429,1.0003265441015452,1.0003571514048317,1.0003916652210483,1.0004328766123287,1.0004706133281247
experiment_543,1.0001105662656666,1.0001105662656666,1.0001105662656666,1.0001105662656666,1.0001105662656666,1.0001105662656666,1.0001105662656666,1.0001105662656666,1.0001105662656666,1.0001105662656666,1.0001105662656666,1.0001105662656666,1.0001105662656666,1.0001105662656666,1.0001105662656666,1.0001105662656666,1.0001105662656666,1.0001105662656666,1.0001105662656666,1.0001105662656666,1.000123410116633,1.000123410116633,1.0001430772311675,1.0001430772311675,1.0001564678584305,1.0001704036328827,1.0001887167018506,1.000208663979854,1.0002287716795637,1.0002543037285536,1.0003004661073622,1.0003365839537388
experiment_544,1.0001105662656666,1.0001241643868302,1.0001241643868302,1.0001241643868302,1.0001241643868302,1.0001241643868302,1.0001241643868302,1.0001241643868302,1.0001241643868302,1.0001241643868302,1.0001241643868302,1.0001241643868302,1.0001241643868302,1.0001241643868302,1.0001241643868302,1.0001241643868302,1.0001241643868302,1.0001241643868302,1.0001241643868302,1.0001241643868302,1.0001241643868302,1.0001241643868302,1.0001241643868302,1.0001241643868302,1.0001241643868302,1.0001241643868302,1.0001241643868302,1.0001241643868302,1.0001241643868302,1.0001241643868302,1.0001241643868302,1.0001241643868302
experiment_545,1.0001105662656666,1.0001105662656666,1.0001105662656666,1.0001105662656666,1.0001240389273236,1.0001240389273236,1.0001240389273236,1.0001240389273236,1.0001240389273236,1.0001240389273236,1.0001240389273236,1.0001240389273236,1.0001240389273236,1.0001240389273236,1.0001240389273236,1.0001240389273236,1.0001873818539595,1.0001873818539595,1.000209539052642,1.000222370532351,1.0002376819155092,1.000254016321461,1.0002721210863335,1.000294018547427,1.0003173316415503,1.0003470070518028,1.000377471522117,1.0004157778641374,1.0004951806216156,1.0005346757272229,1.0005923383753923,1.0006569495365216
experiment_546,1.0001105662656666,1.0001105662656666,1.0001105662656666,1.0001105662656666,1.0001105662656666,1.0001105662656666,1.0001105662656666,1.0001105662656666,1.0001105662656666,1.0001105662656666,1.0001105662656666,1.0001105662656666,1.0001105662656666,1.0001105662656666,1.0001105662656666,1.0001105662656666,1.0001105662656666,1.0001105662656666,1.0001105662656666,1.0001105662656666,1.0001105662656666,1.0001105662656666,1.0001105662656666,1.0001105662656666,1.0001105662656666,1.0001105662656666,1.000139031685132,1.000139031685132,1.000159473051801,1.0001720122220235,1.0001968693695278,1.0002243827588186
experiment_547,1.0001105662656666,1.0001105662656666,1.0001105662656666,1.0001105662656666,1.0001105662656666,1.0001105662656666,1.0001105662656666,1.0001105662656666,1.0001105662656666,1.0001105662656666,1.0001105662656666,1.0001105662656666,1.0001105662656666,1.0001105662656666,1.0001105662656666,1.0001105662656666,1.0001105662656666,1.0001105662656666,1.0001105662656666,1.0001105662656666,1.0001105662656666,1.0001105662656666,1.0001105662656666,1.0001105662656666,1.0001105662656666,1.0001105662656666,1.0001105662656666,1.0001105662656666,1.0001105662656666,1.0001105662656666,1.0001105662656666,1.0001105662656666
experiment_548,1.0001105662656666,1.0001105662656666,1.0001105662656666,1.0001105662656666,1.0001105662656666,1.0001105662656666,1.0001105662656666,1.0001105662656666,1.0001105662656666,1.0001105662656666,1.0001105662656666,1.0001105662656666,1.0001105662656666,1.0001105662656666,1.0001105662656666,1.0001105662656666,1.0001105662656666,1.0001105662656666,1.0001105662656666,1.0001105662656666,1.0001105662656666,1.000166394612105,1.0001769326808887,1.0001885675728346,1.0002013144532906,1.0002152123279544,1.0002303901916991,1.0002469872341562,1.000265100351272,1.0002850987680885,1.0003066839815509,1.0003326531453711
experiment_549,1.0001105662656666,1.0001105662656666,1.0001105662656666,1.0001105662656666,1.0001105662656666,1.0001105662656666,1.0001105662656666,1.0001105662656666,1.0001105662656666,1.0001105662656666,1.0001105662656666,1.0001105662656666,1.0001105662656666,1.0001105662656666,1.0001105662656666,1.0001105662656666,1.0001105662656666,1.0001105662656666,1.0001105662656666,1.0001105662656666,1.0001105662656666,1.0001105662656666,1.0001105662656666,1.0001105662656666,1.0001105662656666,1.0001105662656666,1.0002773918717665,1.0002981672048723,1.0003320183260083,1.000359668369845,1.0003914575012867,1.0004278263494417
experiment_550,1.0001105662656666,1.0001105662656666,1.0001105662656666,1.0001105662656666,1.0001105662656666,1.0001105662656666,1.0001105662656666,1.0001105662656666,1.0001105662656666,1.0001105662656666,1.0001105662656666,1.0001105662656666,1.0001105662656666,1.0001105662656666,1.0001105662656666,1.0001105662656666,1.0001105662656666,1.0001105662656666,1.0001105662656666,1.0001105662656666,1.0001105662656666,1.0001105662656666,1.0001740328013768,1.0001740328013768,1.0001740328013768,1.0001740328013768,1.0002111325589758,1.0002238052696835,1.0002400170315633,1.000257922758698,1.000257922758698,1.0002876584377565
experiment_551,1.0001105662656666,1.0000960901571883,1.0000830423067149,1.0000830423067149,1.0000830423067149,1.0000830423067149,1.0000830423067149,1.0000830423067149,1.0000830423067149,1.0000830423067149,1.0000830423067149,1.0000830423067149,1.0000830423067149,1.0000830423067149,1.0000830423067149,1.0000830423067149,1.0000830423067149,1.0000830423067149,1.0000830423067149,1.0000830423067149,1.0000830423067149,1.0000835685671603,1.0000942244141415,1.0001070547785664,1.0001070547785664,1.000129083574593,1.0001497838986935,1.0001752894815705,1.0002070660995102,1.0002636557444489,1.0003612685613341,1.0004412006917027
experiment_552,1.0001105662656666,1.0001105662656666,1.0001105662656666,1.0001105662656666,1.0001105662656666,1.0001105662656666,1.0001105662656666,1.0001105662656666,1.0001105662656666,1.0001105662656666,1.0001105662656666,1.0001105662656666,1.0001105662656666,1.0001105662656666,1.0001105662656666,1.0001105662656666,1.0001105662656666,1.0001105662656666,1.0001105662656666,1.0001105662656666,1.0001105662656666,1.0001105662656666,1.0001105662656666,1.0001105662656666,1.0001105662656666,1.0001105662656666,1.0001105662656666,1.0001105662656666,1.0001105662656666,1.0001105662656666,1.0001105662656666,1.0001105662656666
experiment_553,1.0001105662656666,1.0001105662656666,1.0001105662656666,1.0001105662656666,1.0001105662656666,1.0001105662656666,1.0001105662656666,1.0001105662656666,1.0001105662656666,1.0001105662656666,1.0001105662656666,1.0001105662656666,1.0001105662656666,1.0001105662656666,1.0001105662656666,1.0001105662656666,1.0001105662656666,1.0001105662656666,1.0001105662656666,1.0001105662656666,1.0001105662656666,1.0001105662656666,1.0001105662656666,1.0001105662656666,1.000136279728967,1.000148345512126,1.000148345512126,1.0001644631473867,1.0001804619694425,1.0002006618061312,1.0002493806464334,1.0002738656218562
experiment_554,1.0001105662656666,1.0001105662656666,1.0001105662656666,1.0001105662656666,1.0001105662656666,1.0001105662656666,1.0001105662656666,1.0001105662656666,1.0001105662656666,1.0001105662656666,1.0001105662656666,1.0001105662656666,1.0001105662656666,1.0001105662656666,1.0001105662656666,1.0001105662656666,1.0001105662656666,1.0001105662656666,1.0001105662656666,1.0001789873656202,1.0001789873656202,1.0001789873656202,1.0001789873656202,1.0001789873656202,1.0001789873656202,1.0001789873656202,1.0001789873656202,1.0001789873656202,1.0001789873656202,1.0001789873656202,1.0001789873656202,1.0001789873656202
experiment_555,1.0001105662656666,1.0001105662656666,1.0001105662656666,1.0001105662656666,1.0001105662656666,1.0001105662656666,1.0001105662656666,1.0001105662656666,1.0001105662656666,1.0001105662656666,1.0001105662656666,1.0001105662656666,1.0001105662656666,1.0001105662656666,1.0001105662656666,1.0001105662656666,1.0001105662656666,1.0001105662656666,1.0001105662656666,1.0001105662656666,1.0001105662656666,1.0001105662656666,1.0001105662656666,1.0001105662656666,1.0001105662656666,1.0001105662656666,1.0001105662656666,1.0001105662656666,1.0001105662656666,1.0001105662656666,1.0001105662656666,1.0001105662656666
experiment_556,1.0001105662656666,1.0001105662656666,1.0001105662656666,1.0001105662656666,1.0001105662656666,1.0001105662656666,1.0001105662656666,1.0001105662656666,1.0001105662656666,1.0001105662656666,1.0001105662656666,1.0001105662656666,1.0001105662656666,1.0001105662656666,1.0001105662656666,1.0001832923822047,1.0001950043476135,1.0002082738371938,1.0002233352199648,1.0002406283524834,1.000259969882842,1.0002823971991401,1.000307654500738,1.0003256690590394,1.0003570497763072,1.0003927964062556,1.0004342607926868,1.0004975489289392,1.0005510948007312,1.0006239968437816,1.0007011956364658,1.0007918169914214
experiment_557,1.0001105662656666,1.0001105662656666,1.0001105662656666,1.0001105662656666,1.0001105662656666,1.0001105662656666,1.0001105662656666,1.0001105662656666,1.0001105662656666,1.0001105662656666,1.0001105662656666,1.0001105662656666,1.0001105662656666,1.0001105662656666,1.0001105662656666,1.0001105662656666,1.0001105662656666,1.0001910268556475,1.0002069862878171,1.0002254631955463,1.0002468210543045,1.0002717452406218,1.0003007581560346,1.00033484829371,1.0003747185215839,1.0004253739231899,1.0004810576782195,1.000550492546981,1.0006318837478854,1.000728060119723,1.0008400155310142,1.0009739315254278
experiment_558,1.0001105662656666,1.0001105662656666,1.0001105662656666,1.0001105662656666,1.0001105662656666,1.0001105662656666,1.0001105662656666,1.0001105662656666,1.0001105662656666,1.0001105662656666,1.0001105662656666,1.0001105662656666,1.0001105662656666,1.0001105662656666,1.0001105662656666,1.0001105662656666,1.0001105662656666,1.0001105662656666,1.0001105662656666,1.0001105662656666,1.0001105662656666,1.0001105662656666,1.0001105662656666,1.0001105662656666,1.0001105662656666,1.0001105662656666,1.0001105662656666,1.0001105662656666,1.0001105662656666,1.0001105662656666,1.0001105662656666,1.0001105662656666
experiment_559,1.0001105662656666,1.0001105662656666,1.0000916970754394,1.0000916970754394,1.0000916970754394,1.0000916970754394,1.0000916970754394,1.0000916970754394,1.0000916970754394,1.0000916970754394,1.0000916970754394,1.0000916970754394,1.0000916970754394,1.0000916970754394,1.0000916970754394,1.0000916970754394,1.0000916970754394,1.0000916970754394,1.0000916970754394,1.0000916970754394,1.0000916970754394,1.0000916970754394,1.0000916970754394,1.0000916970754394,1.0000916970754394,1.0000916970754394,1.0000916970754394,1.0000916970754394,1.0000916970754394,1.0000916970754394,1.0000916970754394,1.0000916970754394
experiment_560,1.0001105662656666,1.0001105662656666,1.0000942888077171,1.0000942888077171,1.0000942888077171,1.0000942888077171,1.0000942888077171,1.0000942888077171,1.0000942888077171,1.0000942888077171,1.0000942888077171,1.0000942888077171,1.0000942888077171,1.0000942888077171,1.0000942888077171,1.0000942888077171,1.0000942888077171,1.0000942888077171,1.0000942888077171,1.0000942888077171,1.0000942888077171,1.0000942888077171,1.0000942888077171,1.0000942888077171,1.0000942888077171,1.0000942888077171,1.0000942888077171,1.0000942888077171,1.0001379005249198,1.0001504924544833,1.0001658619525629,1.0001815522698496
experiment_561,1.0001105662656666,1.0001105662656666,1.0001105662656666,1.0001105662656666,1.0001105662656666,1.0001105662656666,1.0001105662656666,1.0001105662656666,1.0001105662656666,1.0001105662656666,1.0001105662656666,1.0001105662656666,1.0001105662656666,1.0001105662656666,1.0001105662656666,1.0001105662656666,1.0001105662656666,1.0001105662656666,1.0001105662656666,1.0001105662656666,1.0001105662656666,1.0001105662656666,1.0001105662656666,1.0001105662656666,1.0001105662656666,1.0001105662656666,1.0001105662656666,1.0001105662656666,1.0001105662656666,1.0001105662656666,1.0001105662656666,1.0001105662656666
experiment_562,1.0001105662656666,1.0001105662656666,1.0001105662656666,1.0001105662656666,1.0001105662656666,1.0001105662656666,1.0001105662656666,1.0001105662656666,1.0001105662656666,1.0001105662656666,1.0001105662656666,1.0001105662656666,1.0001105662656666,1.0001105662656666,1.0001105662656666,1.0001105662656666,1.0001105662656666,1.0001105662656666,1.0001105662656666,1.0001105662656666,1.0001105662656666,1.0001105662656666,1.0001105662656666,1.0001105662656666,1.0001105662656666,1.0001105662656666,1.0001105662656666,1.0001105662656666,1.0001105662656666,1.0001105662656666,1.0001105662656666,1.0001105662656666
experiment_563,1.0001105662656666,1.0001105662656666,1.0001105662656666,1.0001105662656666,1.0001105662656666,1.0001105662656666,1.0001105662656666,1.0001105662656666,1.0001105662656666,1.0001105662656666,1.0001105662656666,1.0001105662656666,1.0001105662656666,1.0001105662656666,1.0001105662656666,1.0001105662656666,1.0001105662656666,1.0001105662656666,1.0001105662656666,1.0001105662656666,1.0001105662656666,1.0001105662656666,1.0001105662656666,1.0001105662656666,1.0001105662656666,1.0001105662656666,1.0001105662656666,1.0001105662656666,1.0001105662656666,1.0001105662656666,1.0001105662656666,1.0001105662656666
experiment_564,1.0001105662656666,1.0001105662656666,1.0001105662656666,1.0001105662656666,1.0001105662656666,1.0001105662656666,1.0001105662656666,1.0001105662656666,1.0001105662656666,1.0001105662656666,1.0001105662656666,1.0001105662656666,1.0001105662656666,1.0001105662656666,1.0001105662656666,1.0001105662656666,1.0001105662656666,1.0001105662656666,1.0001105662656666,1.0001105662656666,1.0001105662656666,1.0001105662656666,1.0001105662656666,1.0001105662656666,1.0001105662656666,1.0001105662656666,1.0001105662656666,1.0001105662656666,1.000118495189213,1.000118495189213,1.000118495189213,1.000118495189213
experiment_565,1.0001105662656666,1.0001105662656666,1.0000924739257115,1.0000924739257115,1.0000924739257115,1.0000924739257115,1.0000924739257115,1.0000924739257115,1.0000924739257115,1.0000924739257115,1.0000924739257115,1.0000924739257115,1.0000924739257115,1.0000924739257115,1.0000924739257115,1.0000924739257115,1.0000924739257115,1.0000924739257115,1.0000924739257115,1.0001364930340464,1.0001512862955309,1.0001695539586257,1.000191810773228,1.0002063779994925,1.0002471672017528,1.0002845117307404,1.0003316638217177,1.0003887296252316,1.000487744219429,1.0005849772164357,1.0006932592839586,1.0008438714658978
experiment_566,1.0001105662656666,1.000100141919958,1.0000848157533115,1.0000848157533115,1.0000848157533115,1.0000848157533115,1.0000848157533115,1.0000848157533115,1.0000848157533115,1.0000848157533115,1.0000848157533115,1.0000848157533115,1.0000848157533115,1.0000848157533115,1.0000848157533115,1.0000848157533115,1.0000848157533115,1.0000848157533115,1.0000848157533115,1.0000848157533115,1.0001075331034484,1.000121602706082,1.000139138557975,1.000160893976394,1.0001774000428183,1.0002079006504518,1.0002457290968774,1.0002934743965406,1.0003563448039259,1.000436101301548,1.0005337046167453,1.0006468481651165
experiment_567,1.0001105662656666,1.0000959120251138,1.0000817783642415,1.0000817783642415,1.0000817783642415,1.0000817783642415,1.0000817783642415,1.0000817783642415,1.0000817783642415,1.0000817783642415,1.0000817783642415,1.0000817783642415,1.0000817783642415,1.0000817783642415,1.0000817783642415,1.0000817783642415,1.0000817783642415,1.0000817783642415,1.0000970463290728,1.0001123481522327,1.0001320210121163,1.0001573870389808,1.0001902416116113,1.0002328151780986,1.0002873442364535,1.0003589077706483,1.000453406445405,1.0005923337298028,1.000762305101375,1.0009770772762931,1.0012898285638914,1.0017078977081475
experiment_568,1.0001105662656666,1.0001105662656666,1.0001105662656666,1.0001105662656666,1.0001105662656666,1.0001105662656666,1.0001105662656666,1.0001105662656666,1.0001105662656666,1.0001105662656666,1.0001105662656666,1.0001105662656666,1.0001105662656666,1.0001105662656666,1.0001105662656666,1.0001105662656666,1.0001390069188154,1.0001390069188154,1.0001746433659626,1.000185124087494,1.000201051679648,1.0002203588877667,1.0002439337995732,1.0002703317581254,1.000313098709512,1.0003524062186122,1.0004035407160796,1.00045592282181,1.0005118339988006,1.0005749670917423,1.0006544530265318,1.0007612727226902
experiment_569,1.0001105662656666,1.0000944613931564,1.0000807261783398,1.0000807261783398,1.0000807261783398,1.0000807261783398,1.0000807261783398,1.0000807261783398,1.0000807261783398,1.0000807261783398,1.0000807261783398,1.0000807261783398,1.0000807261783398,1.0000807261783398,1.0000807261783398,1.0000807261783398,1.0000807261783398,1.0000807261783398,1.0000807261783398,1.0000807261783398,1.0000837551985884,1.0000945002760726,1.0000945002760726,1.0001118363395332,1.0001290861088592,1.000165824802851,1.0002221675053704,1.0002709192708625,1.0003124957593874,1.0003894926939694,1.0004898119486163,1.0006161466672059
experiment_570,1.0001105662656666,1.0001105662656666,1.000088573228512,1.000088573228512,1.000088573228512,1.000088573228512,1.000088573228512,1.000088573228512,1.000088573228512,1.000088573228512,1.000088573228512,1.000088573228512,1.000088573228512,1.000088573228512,1.000088573228512,1.000088573228512,1.000088573228512,1.000088573228512,1.000088573228512,1.0001255513618654,1.00014306450228,1.0001653614969737,1.0001929875956066,1.0002268377559034,1.0002689738606143,1.0003219420950076,1.0003886006975076,1.0004945523572897,1.000608327499804,1.000744072258125,1.000929839641141,1.0011605097971294
experiment_571,1.0001105662656666,1.0001232767215613,1.0001232767215613,1.0001232767215613,1.000141073768793,1.000141073768793,1.000141073768793,1.000141073768793,1.000141073768793,1.000141073768793,1.000141073768793,1.000141073768793,1.000141073768793,1.000141073768793,1.000141073768793,1.000141073768793,1.000141073768793,1.000141073768793,1.000141073768793,1.000141073768793,1.000141073768793,1.000141073768793,1.000141073768793,1.000141073768793,1.000141073768793,1.000141073768793,1.000141073768793,1.000141073768793,1.000141073768793,1.000141073768793,1.000141073768793,1.000141073768793
experiment_572,1.0001105662656666,1.0001105662656666,1.0000901548888492,1.0000901548888492,1.0000901548888492,1.0000901548888492,1.0000901548888492,1.0000901548888492,1.0000901548888492,1.0000901548888492,1.0000901548888492,1.0000901548888492,1.0000901548888492,1.0000901548888492,1.0000901548888492,1.0000901548888492,1.0000901548888492,1.0000901548888492,1.0000901548888492,1.0000901548888492,1.0001221953882018,1.0001349975872933,1.0001504537895982,1.0001691999091475,1.0001922497135491,1.0002203020403062,1.000254829413985,1.0002864044648443,1.0003362485760185,1.000398239055583,1.0004761136493174,1.000574135100709
experiment_573,1.0001105662656666,1.0001105662656666,1.0001105662656666,1.0001105662656666,1.0001105662656666,1.0001105662656666,1.0001105662656666,1.0001105662656666,1.0001105662656666,1.0001105662656666,1.0001105662656666,1.0001105662656666,1.0001105662656666,1.0001105662656666,1.0001105662656666,1.0001105662656666,1.0001105662656666,1.0001105662656666,1.0001105662656666,1.0001105662656666,1.0001105662656666,1.0001105662656666,1.0001105662656666,1.0001105662656666,1.0001105662656666,1.0001105662656666,1.0001105662656666,1.0001105662656666,1.0001105662656666,1.0001105662656666,1.0001105662656666,1.0001105662656666
experiment_574,1.0001105662656666,1.0000990663498406,1.0000837300358894,1.0000837300358894,1.0000837300358894,1.0000837300358894,1.0000837300358894,1.0000837300358894,1.0000837300358894,1.0000837300358894,1.0000837300358894,1.0000837300358894,1.0000837300358894,1.0000837300358894,1.0000837300358894,1.0000837300358894,1.0000837300358894,1.0000837300358894,1.0000837300358894,1.0000837300358894,1.0001121781661253,1.0001310816987745,1.0001554239634067,1.0001870621344227,1.0002273575897322,1.00027948722334,1.0003472540621294,1.0004364360481661,1.0005540127155912,1.000729012596561,1.000945198968661,1.0012410978991977
experiment_575,1.0001105662656666,1.0000998041691522,1.0000845774939893,1.0000845774939893,1.0000845774939893,1.0000845774939893,1.0000845774939893,1.0000845774939893,1.0000845774939893,1.0000845774939893,1.0000845774939893,1.0000845774939893,1.0000845774939893,1.0000845774939893,1.0000845774939893,1.0000845774939893,1.0000845774939893,1.0000845774939893,1.0000845774939893,1.0000845774939893,1.0000845774939893,1.0000845774939893,1.0000845774939893,1.0000845774939893,1.0000845774939893,1.0000845774939893,1.0000845774939893,1.0000845774939893,1.0000845774939893,1.0000845774939893,1.0000845774939893,1.0000866240539075
experiment_576,1.0001105662656666,1.0001105662656666,1.0000931245269982,1.0000931245269982,1.0000931245269982,1.0000931245269982,1.0000931245269982,1.0000931245269982,1.0000931245269982,1.0000931245269982,1.0000931245269982,1.0000931245269982,1.0000931245269982,1.0000931245269982,1.0000931245269982,1.0000931245269982,1.0000931245269982,1.0000931245269982,1.0000931245269982,1.0000931245269982,1.0000931245269982,1.0000931245269982,1.0000931245269982,1.0000931245269982,1.0000931245269982,1.0000931245269982,1.0000931245269982,1.0000931245269982,1.0001249855636754,1.0001358717411335,1.0001486801341095,1.0001652867457358
experiment_577,1.0001105662656666,1.00012365372446,1.00012365372446,1.0001349694982693,1.0001349694982693,1.0001349694982693,1.0001349694982693,1.0001596073224135,1.0001596073224135,1.0001596073224135,1.0001596073224135,1.0001596073224135,1.0001596073224135,1.0001596073224135,1.0001596073224135,1.0001596073224135,1.0001596073224135,1.0001596073224135,1.0001596073224135,1.0001596073224135,1.0001596073224135,1.0001596073224135,1.0001596073224135,1.0001596073224135,1.0001596073224135,1.000289717133282,1.000300511191696,1.0003118996885925,1.0003239218039457,1.0003368962942976,1.000350252369362,1.0003641909608185
experiment_578,1.0001105662656666,1.0001105662656666,1.0001105662656666,1.0001105662656666,1.0001105662656666,1.0001105662656666,1.0001105662656666,1.0001105662656666,1.0001105662656666,1.0001105662656666,1.0001105662656666,1.0001105662656666,1.0001105662656666,1.0001105662656666,1.0001105662656666,1.0001105662656666,1.0001105662656666,1.0001105662656666,1.0001105662656666,1.0001469576376887,1.0001585753586915,1.0001722679530642,1.0001883542183971,1.0002074122244595,1.000229845504906,1.0002563355857128,1.00027661487607,1.000311438984272,1.0003524152862644,1.0004010733293307,1.0004710559826218,1.0005424002086984
experiment_579,1.0001105662656666,1.0001105662656666,1.0000924749833124,1.0000924749833124,1.0000924749833124,1.0000924749833124,1.0000924749833124,1.0000924749833124,1.0000924749833124,1.0000924749833124,1.0000924749833124,1.0000924749833124,1.0000924749833124,1.0000924749833124,1.0000924749833124,1.0000924749833124,1.0000924749833124,1.0000924749833124,1.0000924749833124,1.0000924749833124,1.0000924749833124,1.0000924749833124,1.0000924749833124,1.0000924749833124,1.0000924749833124,1.0000924749833124,1.0000924749833124,1.0000924749833124,1.0000924749833124,1.0000924749833124,1.0000924749833124,1.0000924749833124
experiment_580,1.0001105662656666,1.0001105662656666,1.0001105662656666,1.0001105662656666,1.0001105662656666,1.0001105662656666,1.0001105662656666,1.0001105662656666,1.0001105662656666,1.0001105662656666,1.0001105662656666,1.0001105662656666,1.0001105662656666,1.0001105662656666,1.0001105662656666,1.0001105662656666,1.0001105662656666,1.0001105662656666,1.0001105662656666,1.0001105662656666,1.0001105662656666,1.0001105662656666,1.0001105662656666,1.0001105662656666,1.0001105662656666,1.0001105662656666,1.0001105662656666,1.0001105662656666,1.0001105662656666,1.0001105662656666,1.0001105662656666,1.0001105662656666
experiment_581,1.0001105662656666,1.0000964294340313,1.000084407606109,1.000084407606109,1.000084407606109,1.000084407606109,1.000084407606109,1.000084407606109,1.000084407606109,1.000084407606109,1.000084407606109,1.000084407606109,1.000084407606109,1.000084407606109,1.000084407606109,1.000084407606109,1.000084407606109,1.000084407606109,1.000084407606109,1.000084407606109,1.000084407606109,1.000084407606109,1.000084407606109,1.000084407606109,1.0000835890480413,1.0000835890480413,1.0001041714652905,1.0001178323503188,1.0001178323503188,1.0001412590157357,1.0001624209820694,1.0001878067788
experiment_582,1.0001105662656666,1.0001105662656666,1.0001105662656666,1.0001105662656666,1.0001105662656666,1.0001105662656666,1.0001105662656666,1.0001105662656666,1.0001105662656666,1.0001105662656666,1.0001105662656666,1.0001105662656666,1.0001105662656666,1.0001105662656666,1.0001973192366242,1.0001973192366242,1.0002230720837362,1.000247661545101,1.000247661545101,1.0002659857986163,1.0002828020696577,1.0003000583605306,1.0003196381518502,1.0003417656269888,1.00036450991788,1.0003926287258529,1.000420564903691,1.000451256959583,1.0004851426531816,1.0005217904064674,1.0005617286489976,1.0006060143016662
experiment_583,1.0001105662656666,1.0001105662656666,1.0001105662656666,1.0001105662656666,1.0001105662656666,1.0001105662656666,1.0001105662656666,1.0001105662656666,1.0001105662656666,1.0001105662656666,1.0001105662656666,1.0001105662656666,1.0001105662656666,1.0001105662656666,1.0001105662656666,1.0001105662656666,1.0001105662656666,1.0001302958036271,1.0001302958036271,1.0001302958036271,1.000157705727491,1.000168635503146,1.0001809852337835,1.000213167713877,1.0002257039876459,1.0003110230799288,1.0003371269322414,1.0003717827489391,1.0004062686940618,1.0004438184595594,1.0005040711830484,1.0005747175786126
experiment_584,1.0001105662656666,1.0001105662656666,1.0001105662656666,1.0001105662656666,1.0001105662656666,1.0001105662656666,1.0001105662656666,1.0001105662656666,1.0001105662656666,1.0001105662656666,1.0001105662656666,1.0001105662656666,1.0001105662656666,1.0001105662656666,1.0001105662656666,1.0001105662656666,1.0001105662656666,1.0001105662656666,1.0001105662656666,1.0001105662656666,1.0001105662656666,1.0001105662656666,1.0001105662656666,1.0001574834741123,1.0001693415641086,1.0001828354693538,1.0001981336518917,1.00021566271851,1.0002403695001878,1.0002650436687341,1.000307145525547,1.0003528379813442
experiment_585,1.0001105662656666,1.0001105662656666,1.0001105662656666,1.0001105662656666,1.0001105662656666,1.0001105662656666,1.0001105662656666,1.0001105662656666,1.0001105662656666,1.0001105662656666,1.0001105662656666,1.0001105662656666,1.0001105662656666,1.0001105662656666,1.0001105662656666,1.0001105662656666,1.0001105662656666,1.0001105662656666,1.0001643992750584,1.0001643992750584,1.0001643992750584,1.0001643992750584,1.0001643992750584,1.0001643992750584,1.0001643992750584,1.0002195876791777,1.0002306000445718,1.0002412531516984,1.0002531415053775,1.0002676577108836,1.0002801746846062,1.0002933104384681
experiment_586,1.0001105662656666,1.0001105662656666,1.0001105662656666,1.0001105662656666,1.0001105662656666,1.0001105662656666,1.0001105662656666,1.0001105662656666,1.0001105662656666,1.0001105662656666,1.0001105662656666,1.0001745678271714,1.0001922830300565,1.000213906172379,1.0002404170366677,1.0002728414516535,1.0003128606635274,1.0003621893115617,1.0004335359292023,1.000510241711973,1.0006061162154942,1.0007254886290258,1.0008747698001186,1.0010633984493382,1.0012915270595464,1.0016020737525126,1.0019968371919918,1.002493592132093,1.0031204139456416,1.0039270218550378,1.005504110925889,1.006344250137075
experiment_587,1.0001105662656666,1.0001105662656666,1.0001105662656666,1.0001105662656666,1.0001105662656666,1.0001105662656666,1.0001105662656666,1.0001105662656666,1.0001105662656666,1.0001105662656666,1.0001105662656666,1.0001105662656666,1.0001105662656666,1.0001105662656666,1.0001105662656666,1.0001105662656666,1.0001105662656666,1.0001105662656666,1.0002153021600841,1.0002274217990001,1.0002400753170877,1.000253739261293,1.0002681347753557,1.0002681347753557,1.000314810717802,1.0003252346438984,1.0003459427707693,1.000368279758279,1.0003914628471455,1.0004266206244097,1.0004546903250149,1.0004840167263558
experiment_588,1.0001105662656666,1.0001105662656666,1.0001105662656666,1.0001105662656666,1.0001105662656666,1.0001105662656666,1.0001105662656666,1.0001105662656666,1.0001105662656666,1.0001105662656666,1.0001105662656666,1.0001105662656666,1.0001105662656666,1.0001105662656666,1.0001105662656666,1.0001105662656666,1.0001105662656666,1.0001105662656666,1.0001105662656666,1.0001105662656666,1.0001105662656666,1.0001105662656666,1.0001105662656666,1.0001105662656666,1.0000908944309697,1.0000908944309697,1.0000908944309697,1.0000908944309697,1.0000908944309697,1.0000908944309697,1.0000908944309697,1.0001366050067986
experiment_589,1.0001105662656666,1.0001105662656666,1.0001105662656666,1.0001105662656666,1.0001105662656666,1.0001105662656666,1.0001105662656666,1.0001105662656666,1.0001105662656666,1.0001105662656666,1.0001105662656666,1.0001105662656666,1.0001105662656666,1.0001105662656666,1.0001105662656666,1.0001105662656666,1.0001105662656666,1.0001105662656666,1.0001451791779055,1.0001451791779055,1.0001451791779055,1.0001451791779055,1.0001451791779055,1.0001451791779055,1.000191073421124,1.000202174018303,1.0002155844276437,1.000255593023345,1.0002760531136201,1.0002991744516843,1.0003232129800514,1.0003486495214264
experiment_590,1.0001105662656666,1.0001105662656666,1.0001105662656666,1.0001105662656666,1.0001105662656666,1.0001105662656666,1.0001105662656666,1.0001105662656666,1.0001105662656666,1.0001105662656666,1.0001105662656666,1.0001105662656666,1.0001105662656666,1.0001105662656666,1.0001105662656666,1.0001105662656666,1.0001105662656666,1.0001105662656666,1.0001105662656666,1.0001105662656666,1.0001105662656666,1.0001105662656666,1.0001105662656666,1.0001105662656666,1.0001105662656666,1.0001105662656666,1.0001105662656666,1.0001105662656666,1.0001105662656666,1.0001105662656666,1.0001105662656666,1.0001105662656666
experiment_591,1.0001105662656666,1.0001105662656666,1.0001105662656666,1.0001105662656666,1.0001105662656666,1.0001105662656666,1.0001105662656666,1.0001105662656666,1.0001105662656666,1.0001105662656666,1.0001105662656666,1.0001105662656666,1.0001105662656666,1.0001105662656666,1.0001105662656666,1.0001105662656666,1.0001105662656666,1.0001105662656666,1.0001105662656666,1.0001105662656666,1.0001105662656666,1.0001105662656666,1.0001105662656666,1.0001105662656666,1.0001831155729246,1.0001949773622087,1.0001949773622087,1.0001949773622087,1.0001949773622087,1.0001949773622087,1.000284604254062,1.0003384836209357
experiment_592,1.0001105662656666,1.0001105662656666,1.0001105662656666,1.0001255833696465,1.0001255833696465,1.0001255833696465,1.0001255833696465,1.0001255833696465,1.0001255833696465,1.0001255833696465,1.0001255833696465,1.0001255833696465,1.0001255833696465,1.000188694010184,1.0001991224647229,1.0002099393262696,1.0002213066678844,1.0002329748074295,1.000245390323177,1.000258311279612,1.000258311279612,1.0002745661494103,1.0003047783520782,1.0003237394515407,1.000338888607796,1.000355376269916,1.000370511306435,1.0003861428994856,1.0004009438561694,1.000415488255038,1.000428745051651,1.0004422700399078
experiment_593,1.0001105662656666,1.0001105662656666,1.0001105662656666,1.0001105662656666,1.0001105662656666,1.0001105662656666,1.0001105662656666,1.0001105662656666,1.0001105662656666,1.0001105662656666,1.0001105662656666,1.0001105662656666,1.0001105662656666,1.0001807120503765,1.0001935118846679,1.0002080211611097,1.000224591373835,1.0002433307319727,1.0002646447122978,1.000289447903905,1.000320314948287,1.0003519067084914,1.0003879938434421,1.000429184572555,1.0004767988600571,1.000534795479232,1.000603418043643,1.0006896352938675,1.0007762085769798,1.0008654609452614,1.000980115822434,1.0011287874252335
experiment_594,1.0001105662656666,1.0001105662656666,1.0001105662656666,1.0001105662656666,1.0001105662656666,1.0001105662656666,1.0001105662656666,1.0001105662656666,1.0001105662656666,1.0001105662656666,1.0001105662656666,1.0001105662656666,1.0001105662656666,1.0001105662656666,1.0001391904997343,1.0001391904997343,1.0001391904997343,1.0001391904997343,1.0001391904997343,1.0001391904997343,1.0001815561368805,1.0001815561368805,1.0002323875903558,1.0002323875903558,1.0002492163981702,1.000262396732724,1.000275657469202,1.0002896793030884,1.0003189374333583,1.0003189374333583,1.0003440910915777,1.0003602627629107
experiment_595,1.0001105662656666,1.0001105662656666,1.0001105662656666,1.0001105662656666,1.0001105662656666,1.0001105662656666,1.0001105662656666,1.0001105662656666,1.0001105662656666,1.0001105662656666,1.0001105662656666,1.0001105662656666,1.0001105662656666,1.0001105662656666,1.0001105662656666,1.0001105662656666,1.0001105662656666,1.0001105662656666,1.0001588397432797,1.0001737432315165,1.0001914821360842,1.0002125072255366,1.0002374655946504,1.000267064272537,1.0003023106648559,1.0003443065788116,1.0003965365423284,1.0004498301494305,1.0005232762862453,1.000610142490349,1.000715598400148,1.0008441670202544
experiment_596,1.0001105662656666,1.0001105662656666,1.0001105662656666,1.0001105662656666,1.0001105662656666,1.0001105662656666,1.0001105662656666,1.0001105662656666,1.0001105662656666,1.0001105662656666,1.0001105662656666,1.0001105662656666,1.0001105662656666,1.0001105662656666,1.0001105662656666,1.0001105662656666,1.0001105662656666,1.0001105662656666,1.0001105662656666,1.0001105662656666,1.0001105662656666,1.0001105662656666,1.0001105662656666,1.0001105662656666,1.0001105662656666,1.0001105662656666,1.0001105662656666,1.0001105662656666,1.0001105662656666,1.0001105662656666,1.0001646295279398,1.0001646295279398
experiment_597,1.0001105662656666,1.000123917555338,1.000123917555338,1.000123917555338,1.000152673332616,1.0001678431010392,1.000182009319495,1.0001978177364244,1.0002154319493277,1.0002346886696265,1.000256691440282,1.0002926135690373,1.0003156299859344,1.0003479185944446,1.0003844325539824,1.0004258303176246,1.0004839067033993,1.0005370188022944,1.0005996052069293,1.0006705191796148,1.00075112463032,1.0008329860504022,1.0009377927312988,1.0010589463683002,1.0011968375087572,1.0013574864305483,1.0015628534826924,1.0017829959406268,1.0020386025265324,1.0023464491137248,1.0026946325831179,1.0031118457492034
experiment_598,1.0001105662656666,1.0001105662656666,1.0001105662656666,1.0001105662656666,1.0001105662656666,1.0001105662656666,1.0001105662656666,1.0001105662656666,1.0001105662656666,1.0001105662656666,1.0001105662656666,1.0001105662656666,1.0001105662656666,1.0001105662656666,1.0001105662656666,1.0001105662656666,1.0001105662656666,1.0001105662656666,1.0001105662656666,1.0001105662656666,1.0001461678010721,1.0001461678010721,1.0001461678010721,1.0001461678010721,1.000175549650523,1.0002029055539137,1.0002138410077799,1.0002322627965308,1.0003002292012262,1.0003183065952064,1.0003464593493616,1.0003820363260651
experiment_599,1.0001105662656666,1.0000960200635953,1.0000796764995505,1.0000796764995505,1.0000796764995505,1.0000796764995505,1.0000796764995505,1.0000796764995505,1.0000796764995505,1.0000796764995505,1.0000796764995505,1.0000796764995505,1.0000796764995505,1.0000796764995505,1.0000796764995505,1.0000796764995505,1.0000796764995505,1.0000796764995505,1.0000796764995505,1.0000796764995505,1.0000796764995505,1.0000796764995505,1.0000796764995505,1.0001091816482226,1.0001272828669237,1.0001501824192711,1.000179246555977,1.0002160023823634,1.0002646139839286,1.0003297295191107,1.0004114758773188,1.0005193289924894
experiment_600,1.0001105662656666,1.0001105662656666,1.0001105662656666,1.0001105662656666,1.0001105662656666,1.0001105662656666,1.0001105662656666,1.0001105662656666,1.0001105662656666,1.0001105662656666,1.0001105662656666,1.0001105662656666,1.0001105662656666,1.0001105662656666,1.0001105662656666,1.0001105662656666,1.0001105662656666,1.0001105662656666,1.0001105662656666,1.0001105662656666,1.0001105662656666,1.0001105662656666,1.0001105662656666,1.0001105662656666,1.0001105662656666,1.0001105662656666,1.0001105662656666,1.0001105662656666,1.0001105662656666,1.0001105662656666,1.0001105662656666,1.0001105662656666
experiment_601,1.0001105662656666,1.0001105662656666,1.0001105662656666,1.0001105662656666,1.0001105662656666,1.0001105662656666,1.0001105662656666,1.0001105662656666,1.0001105662656666,1.0001105662656666,1.0001105662656666,1.0001105662656666,1.0001105662656666,1.0001105662656666,1.0001105662656666,1.0001105662656666,1.0001105662656666,1.0001105662656666,1.0001105662656666,1.0001105662656666,1.0001105662656666,1.0001105662656666,1.0001105662656666,1.0001105662656666,1.0001105662656666,1.0001105662656666,1.0001105662656666,1.0001918137659065,1.000205672937323,1.0002213437503744,1.0002390238400651,1.0002589430867688
experiment_602,1.0001105662656666,1.0001105662656666,1.0001105662656666,1.0001105662656666,1.0001105662656666,1.0001105662656666,1.0001105662656666,1.0001105662656666,1.0001105662656666,1.0001105662656666,1.0001105662656666,1.0001105662656666,1.0001105662656666,1.0001105662656666,1.0001105662656666,1.0001105662656666,1.0001105662656666,1.0001105662656666,1.0001105662656666,1.0001105662656666,1.000131160550992,1.000131160550992,1.0001503578109934,1.0001624231419337,1.0001762864545498,1.0001918665376428,1.0002108897710829,1.0002327059366625,1.0002601196272487,1.0002895743250397,1.0003136666497023,1.0003538526827724
experiment_603,1.0001105662656666,1.0001105662656666,1.0001105662656666,1.0001105662656666,1.0001105662656666,1.0001105662656666,1.0001105662656666,1.0001105662656666,1.0001105662656666,1.0001105662656666,1.0001105662656666,1.0001105662656666,1.0001105662656666,1.0001105662656666,1.0001688235135806,1.0001816231444711,1.0001816231444711,1.0002076455203555,1.0002277879387518,1.0002556614615514,1.0002824793522613,1.0003184220901191,1.0003679898539317,1.0004152537797981,1.0004694009803319,1.0005230897931443,1.0005987306808761,1.0006899431652014,1.000803309428916,1.0009349115643456,1.001094162691626,1.00133607306351
experiment_604,1.0001105662656666,1.0001105662656666,1.0001105662656666,1.0001105662656666,1.0001105662656666,1.0001105662656666,1.0001105662656666,1.0001105662656666,1.0001105662656666,1.0001105662656666,1.0001105662656666,1.0001105662656666,1.0001105662656666,1.0001105662656666,1.0001105662656666,1.0001105662656666,1.0001105662656666,1.0001105662656666,1.0001105662656666,1.0001105662656666,1.0001105662656666,1.0001105662656666,1.000122895587147,1.000122895587147,1.000122895587147,1.000122895587147,1.000122895587147,1.000122895587147,1.0001609670612224,1.0001728565370092,1.000187499159459,1.0002030036679663
experiment_605,1.0001105662656666,1.0001105662656666,1.0001105662656666,1.0001105662656666,1.0001105662656666,1.0001105662656666,1.0001105662656666,1.0001105662656666,1.0001105662656666,1.0001105662656666,1.0001105662656666,1.0001105662656666,1.0001681621963552,1.0001681621963552,1.0001681621963552,1.000188272928771,1.000199376673033,1.0002218420902809,1.0002353149651757,1.0002496572936257,1.0002657000655155,1.0002840724950113,1.000302823383217,1.0003265314905172,1.0003457869376124,1.0003739529228355,1.0004154946092185,1.0004302380453078,1.0004804960804088,1.00052429055708,1.000570173111652,1.000628442192035
experiment_606,1.0001105662656666,1.0001105662656666,1.0000906292176304,1.0000906292176304,1.0000906292176304,1.0000906292176304,1.0000906292176304,1.0000906292176304,1.0000906292176304,1.0000906292176304,1.0000906292176304,1.0000906292176304,1.0000906292176304,1.0000906292176304,1.0000906292176304,1.0000906292176304,1.0000906292176304,1.0000906292176304,1.0000906292176304,1.0000906292176304,1.0000906292176304,1.0000906292176304,1.0000906292176304,1.0000906292176304,1.0000906292176304,1.0000906292176304,1.0000906292176304,1.0001155029934636,1.0001155029934636,1.0001346262878428,1.0001346262878428,1.0001481431495558
experiment_607,1.0001105662656666,1.0001105662656666,1.0001105662656666,1.0001105662656666,1.0001105662656666,1.0001105662656666,1.0001105662656666,1.0001105662656666,1.0001105662656666,1.0001105662656666,1.0001105662656666,1.0001105662656666,1.0001105662656666,1.0001105662656666,1.0001105662656666,1.0001105662656666,1.0001105662656666,1.0001105662656666,1.0001105662656666,1.0001105662656666,1.0001105662656666,1.0001105662656666,1.0001105662656666,1.0001105662656666,1.0001105662656666,1.0001105662656666,1.0001105662656666,1.0001105662656666,1.0001105662656666,1.0001105662656666,1.0001105662656666,1.0001105662656666
experiment_608,1.0001105662656666,1.0001220939989135,1.0001220939989135,1.0001220939989135,1.0001220939989135,1.0001220939989135,1.0001220939989135,1.0001220939989135,1.0001220939989135,1.0001220939989135,1.0001220939989135,1.0001220939989135,1.0001220939989135,1.0001220939989135,1.0001220939989135,1.0001220939989135,1.0001220939989135,1.0001220939989135,1.0001220939989135,1.0001220939989135,1.0001220939989135,1.0001220939989135,1.0001220939989135,1.0001220939989135,1.0001220939989135,1.0001220939989135,1.0001220939989135,1.0001220939989135,1.0001220939989135,1.0001220939989135,1.0001220939989135,1.0001220939989135
experiment_609,1.0001105662656666,1.0001105662656666,1.0001105662656666,1.0001105662656666,1.0001105662656666,1.0001105662656666,1.0001105662656666,1.0001105662656666,1.0001105662656666,1.0001105662656666,1.0001105662656666,1.0001105662656666,1.0001105662656666,1.0001105662656666,1.0001105662656666,1.0001105662656666,1.0001105662656666,1.0001105662656666,1.0001105662656666,1.0001105662656666,1.0001105662656666,1.0001105662656666,1.0001105662656666,1.0001105662656666,1.0001105662656666,1.0001105662656666,1.0001105662656666,1.0001105662656666,1.0001105662656666,1.0001105662656666,1.0001105662656666,1.0001105662656666
experiment_610,1.0001105662656666,1.0001105662656666,1.0001105662656666,1.0001105662656666,1.0001105662656666,1.0001105662656666,1.0001105662656666,1.0001105662656666,1.0001105662656666,1.0001105662656666,1.0001105662656666,1.0001105662656666,1.0001105662656666,1.0001105662656666,1.0001105662656666,1.0001105662656666,1.0001105662656666,1.0001105662656666,1.000236628925318,1.0002499254740342,1.0002641871339335,1.0002794118085683,1.0002957731877788,1.0003131432952093,1.000331689477973,1.0003515346802605,1.0003726483082822,1.0003952959271836,1.0004192610621727,1.0004461874585957,1.0004758340674815,1.0005077435779441
experiment_611,1.0001105662656666,1.0001105662656666,1.0001105662656666,1.0001105662656666,1.0001105662656666,1.0001105662656666,1.0001105662656666,1.0001105662656666,1.0001105662656666,1.0001105662656666,1.0001105662656666,1.0001105662656666,1.0001105662656666,1.0001105662656666,1.0001105662656666,1.0001105662656666,1.0001105662656666,1.0001105662656666,1.0001105662656666,1.0001105662656666,1.0001105662656666,1.0001927385228875,1.0002080075873554,1.0002254953741576,1.0002455219812192,1.0002684508584552,1.0002946478122854,1.000324564228466,1.0003587871120436,1.0004026767729495,1.0004475804271717,1.0004990067879858
experiment_612,1.0001105662656666,1.0001105662656666,1.0001105662656666,1.0001105662656666,1.0001105662656666,1.0001105662656666,1.0001105662656666,1.0001105662656666,1.0001105662656666,1.0001105662656666,1.0001105662656666,1.0001105662656666,1.0001105662656666,1.0001105662656666,1.0001105662656666,1.0001105662656666,1.0001105662656666,1.0001105662656666,1.0001105662656666,1.0001105662656666,1.0001105662656666,1.0001105662656666,1.0001105662656666,1.0001105662656666,1.0001105662656666,1.0001105662656666,1.0001105662656666,1.0001105662656666,1.0001105662656666,1.0001105662656666,1.000132195749832,1.000132195749832
experiment_613,1.0001105662656666,1.0001105662656666,1.0001105662656666,1.0001105662656666,1.0001105662656666,1.0001105662656666,1.0001105662656666,1.0001105662656666,1.0001105662656666,1.0001105662656666,1.0001105662656666,1.0001105662656666,1.0001105662656666,1.0001105662656666,1.0001105662656666,1.0001105662656666,1.0001105662656666,1.0001105662656666,1.0001105662656666,1.0001105662656666,1.0001105662656666,1.0001105662656666,1.0001105662656666,1.0001105662656666,1.0001105662656666,1.0001105662656666,1.0001105662656666,1.0001779984549926,1.0001910605295419,1.0002053074655892,1.0002212050324248,1.000246824455045
experiment_614,1.0001105662656666,1.0001105662656666,1.0001105662656666,1.0001105662656666,1.0001105662656666,1.0001105662656666,1.0001105662656666,1.0001105662656666,1.0001105662656666,1.0001105662656666,1.0001105662656666,1.0001105662656666,1.0001105662656666,1.0001105662656666,1.0001105662656666,1.0001105662656666,1.0001105662656666,1.0001105662656666,1.0001105662656666,1.0001105662656666,1.0001105662656666,1.0001105662656666,1.0001105662656666,1.0001105662656666,1.0001105662656666,1.0001105662656666,1.0001105662656666,1.0001105662656666,1.0001105662656666,1.0001105662656666,1.0001105662656666,1.0001105662656666
experiment_615,1.0001105662656666,1.0001105662656666,1.0001105662656666,1.0001105662656666,1.0001105662656666,1.0001105662656666,1.0001105662656666,1.0001105662656666,1.0001105662656666,1.0001105662656666,1.0001105662656666,1.0001105662656666,1.0001105662656666,1.0001105662656666,1.0001105662656666,1.0001105662656666,1.0001105662656666,1.0001105662656666,1.0001105662656666,1.0001105662656666,1.0001105662656666,1.0001105662656666,1.0001105662656666,1.0001105662656666,1.0001105662656666,1.0001105662656666,1.0001105662656666,1.0001105662656666,1.0001105662656666,1.0001105662656666,1.0001105662656666,1.0001105662656666
experiment_616,1.0001105662656666,1.0001105662656666,1.0000890978587835,1.0000890978587835,1.0000890978587835,1.0000890978587835,1.0000890978587835,1.0000890978587835,1.0000890978587835,1.0000890978587835,1.0000890978587835,1.0000890978587835,1.0000890978587835,1.0000890978587835,1.0000890978587835,1.0000890978587835,1.0000890978587835,1.0000890978587835,1.0000890978587835,1.0000890978587835,1.0000890978587835,1.0000890978587835,1.0000890978587835,1.0001345308879013,1.0001518054981513,1.0001726871973118,1.0001981322608051,1.0002291770081917,1.000267118668052,1.0003136362531626,1.0003709876639169,1.0004421476103313
experiment_617,1.0001105662656666,1.0001105662656666,1.0001105662656666,1.0001105662656666,1.0001105662656666,1.0001105662656666,1.0001105662656666,1.0001105662656666,1.0001105662656666,1.0001105662656666,1.0001105662656666,1.0001105662656666,1.0001105662656666,1.0001105662656666,1.0001105662656666,1.0001105662656666,1.0001105662656666,1.0001105662656666,1.0001105662656666,1.0001105662656666,1.0001105662656666,1.0001321318879473,1.0001424986605034,1.000154633703178,1.000154633703178,1.0001729134413868,1.0001879564516787,1.0002462213469017,1.000276381284946,1.000308136406547,1.0003438711537411,1.0003840105931632
experiment_618,1.0001105662656666,1.0001105662656666,1.0001105662656666,1.0001105662656666,1.0001105662656666,1.0001105662656666,1.0001105662656666,1.0001105662656666,1.0001105662656666,1.0001105662656666,1.0001105662656666,1.0001105662656666,1.0001105662656666,1.0001105662656666,1.0001105662656666,1.0001105662656666,1.0001105662656666,1.0001105662656666,1.0001105662656666,1.0001105662656666,1.0001105662656666,1.0001105662656666,1.0001750131957998,1.0001750131957998,1.0001750131957998,1.0001750131957998,1.0002135433907728,1.0002257316042311,1.0002395702711047,1.0002557424558591,1.0002725078581607,1.0002922626692812
experiment_619,1.0001105662656666,1.0001105662656666,1.0001105662656666,1.0001105662656666,1.0001105662656666,1.0001105662656666,1.0001105662656666,1.0001105662656666,1.0001105662656666,1.0001105662656666,1.0001105662656666,1.0001105662656666,1.0001105662656666,1.0001105662656666,1.0001105662656666,1.0001105662656666,1.0001105662656666,1.0001105662656666,1.0001105662656666,1.0001105662656666,1.0001105662656666,1.0001105662656666,1.0001105662656666,1.0001346967205453,1.0001346967205453,1.0001346967205453,1.0001685689265323,1.0001852490936733,1.0002019242644766,1.000221221683712,1.0002344489416615,1.000258919648963
experiment_620,1.0001105662656666,1.0001105662656666,1.0000944952562991,1.0000944952562991,1.0000944952562991,1.0000944952562991,1.0000944952562991,1.0000944952562991,1.0000944952562991,1.0000944952562991,1.0000944952562991,1.0000944952562991,1.0000944952562991,1.0000944952562991,1.0000944952562991,1.0000944952562991,1.0000944952562991,1.0000944952562991,1.0000944952562991,1.0000944952562991,1.0000944952562991,1.0000944952562991,1.0000944952562991,1.0000944952562991,1.0000944952562991,1.0000944952562991,1.0000944952562991,1.0000944952562991,1.0000944952562991,1.0000944952562991,1.0000944952562991,1.0000944952562991
experiment_621,1.0001105662656666,1.0001105662656666,1.0001105662656666,1.0001105662656666,1.0001105662656666,1.0001105662656666,1.0001105662656666,1.0001105662656666,1.0001105662656666,1.0001105662656666,1.0001105662656666,1.0001105662656666,1.0001105662656666,1.000175232805304,1.000175232805304,1.0002091254092162,1.0002223590526391,1.0002488652133856,1.000266150742888,1.000284034169496,1.0003046099852813,1.0003271831497405,1.0003506117161474,1.0003669589157755,1.0003911668762593,1.000422087693657,1.0004550654090236,1.000498204972392,1.0005364577392928,1.0005870492790796,1.0006280141145527,1.0006786146382607
experiment_622,1.0001105662656666,1.0001105662656666,1.0001105662656666,1.0001105662656666,1.0001105662656666,1.0001105662656666,1.0001105662656666,1.0001105662656666,1.0001105662656666,1.0001105662656666,1.0001105662656666,1.0001105662656666,1.0001105662656666,1.0001105662656666,1.0001105662656666,1.0001105662656666,1.0001105662656666,1.0001105662656666,1.0001105662656666,1.0001105662656666,1.0001105662656666,1.0001105662656666,1.0001105662656666,1.0001105662656666,1.0001105662656666,1.0001105662656666,1.0001105662656666,1.0001105662656666,1.0001105662656666,1.0001105662656666,1.0001105662656666,1.0001405964066452
experiment_623,1.0001105662656666,1.0001105662656666,1.0001105662656666,1.0001105662656666,1.0001105662656666,1.0001105662656666,1.0001105662656666,1.0001105662656666,1.0001105662656666,1.0001105662656666,1.0001105662656666,1.0001105662656666,1.0001105662656666,1.0001105662656666,1.0001105662656666,1.0001105662656666,1.0001105662656666,1.0001105662656666,1.0001105662656666,1.0001105662656666,1.0001105662656666,1.0001105662656666,1.0001105662656666,1.0001105662656666,1.0001105662656666,1.0001105662656666,1.0001105662656666,1.0001105662656666,1.0001105662656666,1.0001532676770128,1.0001650602698244,1.0001776891036491
experiment_624,1.0001105662656666,1.0001105662656666,1.0001105662656666,1.0001105662656666,1.0001105662656666,1.0001105662656666,1.0001105662656666,1.0001105662656666,1.0001105662656666,1.0001105662656666,1.0001105662656666,1.0001105662656666,1.0001105662656666,1.0001105662656666,1.0001105662656666,1.0001105662656666,1.0001105662656666,1.0001105662656666,1.0001105662656666,1.0001105662656666,1.0001105662656666,1.0001105662656666,1.0002421035078133,1.000252444675965,1.0002636131880283,1.000274908974694,1.0002866504967947,1.0002987666393925,1.0003112439818196,1.0003242304180688,1.000337185602286,1.0003504074878857
experiment_625,1.0001105662656666,1.0001105662656666,1.0001105662656666,1.0001105662656666,1.0001105662656666,1.0001105662656666,1.0001105662656666,1.0001105662656666,1.0001105662656666,1.0001105662656666,1.0001105662656666,1.0001105662656666,1.0001105662656666,1.0001105662656666,1.0001105662656666,1.000188544779479,1.0002033013307523,1.0002201699437916,1.0002395061120295,1.0002617511714036,1.000288800580289,1.0003179370194613,1.0003517313222294,1.0003952004445822,1.000446470802159,1.000506537409794,1.0005758333391914,1.0006591192813632,1.0007159823222238,1.0008364684850015,1.0009629884117137,1.001117747713541
experiment_626,1.0001105662656666,1.0001213951004793,1.0001213951004793,1.0001213951004793,1.0001213951004793,1.0001213951004793,1.0001213951004793,1.0001213951004793,1.0001213951004793,1.0001213951004793,1.0001213951004793,1.0001213951004793,1.0001213951004793,1.0001213951004793,1.0001213951004793,1.0001213951004793,1.0001213951004793,1.0001213951004793,1.0001213951004793,1.0001213951004793,1.0001213951004793,1.0001213951004793,1.0001213951004793,1.0001213951004793,1.0001213951004793,1.0001213951004793,1.0001213951004793,1.0001213951004793,1.0001213951004793,1.0001213951004793,1.0001213951004793,1.0001213951004793
experiment_627,1.0001105662656666,1.0001105662656666,1.0001105662656666,1.0001105662656666,1.0001105662656666,1.0001105662656666,1.0001105662656666,1.0001105662656666,1.0001105662656666,1.0001105662656666,1.0001105662656666,1.0001105662656666,1.0001105662656666,1.0001105662656666,1.0001105662656666,1.0001105662656666,1.0001105662656666,1.0001105662656666,1.0001105662656666,1.0001412288795923,1.0001412288795923,1.0001412288795923,1.000168362717813,1.0001802034454723,1.0001802034454723,1.0001960971718418,1.0002120076366812,1.0002305775874265,1.0002511462571886,1.0002751277829052,1.0003022239227908,1.000334800760916
experiment_628,1.0001105662656666,1.000126244023741,1.000126244023741,1.0001482869379192,1.0001632532965166,1.0001760785754348,1.0001900852060435,1.0002046099870654,1.0002197431975217,1.0002346504538353,1.0002507507871319,1.0002507507871319,1.0002507507871319,1.0003012205346464,1.0003207361289086,1.0003410768188565,1.0003619500105196,1.0003836913923803,1.0004060217541901,1.0004289473522099,1.0004525761567589,1.0004768234106647,1.0005018405748152,1.000527982850757,1.0005436417335807,1.0005698521463335,1.0005974442770094,1.0006253013086657,1.0006421531366343,1.0006682597429213,1.0006944938962936,1.0007160980254037
experiment_629,1.0001105662656666,1.0001105662656666,1.0001105662656666,1.0001105662656666,1.0001105662656666,1.0001105662656666,1.0001105662656666,1.0001105662656666,1.0001105662656666,1.0001105662656666,1.0001105662656666,1.0001105662656666,1.0001105662656666,1.0001105662656666,1.0001105662656666,1.0001105662656666,1.0001105662656666,1.0001105662656666,1.0001105662656666,1.0001105662656666,1.0001105662656666,1.0001105662656666,1.0001105662656666,1.0001246448829686,1.0001246448829686,1.0001246448829686,1.0001246448829686,1.0001246448829686,1.0001548275749828,1.0001677175421841,1.0001843401432675,1.0002152377476092
experiment_630,1.0001105662656666,1.0001105662656666,1.000091305289707,1.000091305289707,1.000091305289707,1.000091305289707,1.000091305289707,1.000091305289707,1.000091305289707,1.000091305289707,1.000091305289707,1.000091305289707,1.000091305289707,1.000091305289707,1.000091305289707,1.000091305289707,1.000091305289707,1.000091305289707,1.000091305289707,1.000091305289707,1.000091305289707,1.000091305289707,1.000091305289707,1.000091305289707,1.000091305289707,1.000091305289707,1.000091305289707,1.000091305289707,1.000091305289707,1.000091305289707,1.000091305289707,1.000091305289707
experiment_631,1.0001105662656666,1.0001105662656666,1.0001105662656666,1.0001105662656666,1.0001105662656666,1.0001105662656666,1.0001105662656666,1.0001105662656666,1.0001105662656666,1.0001105662656666,1.0001105662656666,1.0001348518963473,1.0001348518963473,1.0001586206585606,1.0001586206585606,1.0001798427865694,1.0002107969802954,1.0002560961218263,1.0002902430873761,1.0003294127505578,1.0003771029141855,1.0004242340397898,1.0004896058669561,1.00056620578397,1.000657111344716,1.0007662375883797,1.0008938526943163,1.0010405501366546,1.0011952485076387,1.0014097657906764,1.001651952981514,1.0021165060792416
experiment_632,1.0001105662656666,1.0000998546457003,1.0000879225163073,1.0000879225163073,1.0000879225163073,1.0000879225163073,1.0000879225163073,1.0000879225163073,1.0000879225163073,1.0000879225163073,1.0000879225163073,1.0000879225163073,1.0000879225163073,1.0000879225163073,1.0000879225163073,1.0000879225163073,1.0000879225163073,1.0000879225163073,1.0000879225163073,1.0000879225163073,1.0000879225163073,1.0000879225163073,1.0000879225163073,1.0000879225163073,1.0000879225163073,1.0001139193359183,1.000127111033266,1.000142973830003,1.0001620161761229,1.0001851355870661,1.000213207945894,1.0002472991303093
experiment_633,1.0001105662656666,1.0001105662656666,1.0000908364499503,1.0000908364499503,1.0000908364499503,1.0000908364499503,1.0000908364499503,1.0000908364499503,1.0000908364499503,1.0000908364499503,1.0000908364499503,1.0000908364499503,1.0000908364499503,1.0000908364499503,1.0000908364499503,1.0000908364499503,1.0000908364499503,1.0000908364499503,1.0001066554086715,1.0001066554086715,1.0001281864737304,1.0001281864737304,1.000147536644945,1.0001661720705368,1.0001884372784215,1.000215750810873,1.0002512839457494,1.000307710301105,1.0003868165353953,1.0004645840276016,1.0005666378080977,1.000695974475953
experiment_634,1.0001105662656666,1.0001105662656666,1.0001105662656666,1.0001105662656666,1.0001105662656666,1.0001105662656666,1.0001105662656666,1.0001105662656666,1.0001105662656666,1.0001105662656666,1.0001105662656666,1.0001105662656666,1.0001105662656666,1.0001105662656666,1.0001105662656666,1.0001105662656666,1.0001105662656666,1.0001105662656666,1.0001105662656666,1.0001105662656666,1.0001105662656666,1.0001105662656666,1.0001105662656666,1.0001105662656666,1.0001105662656666,1.0001105662656666,1.0001105662656666,1.0001105662656666,1.0001105662656666,1.0001105662656666,1.0001105662656666,1.0001105662656666
experiment_635,1.0001105662656666,1.0000994514641088,1.0000885661370953,1.0000885661370953,1.0000885661370953,1.0000885661370953,1.0000885661370953,1.0000885661370953,1.0000885661370953,1.0000885661370953,1.0000885661370953,1.0000885661370953,1.0000885661370953,1.0000885661370953,1.0000885661370953,1.0000885661370953,1.0000885661370953,1.0000885661370953,1.0000885661370953,1.0000885661370953,1.0000885661370953,1.0000885661370953,1.0000885661370953,1.0001083225652347,1.0001083225652347,1.0001190524151786,1.0001323872951797,1.000150121781791,1.0001683738402893,1.0001893897313185,1.0002153381536307,1.000256173843358
experiment_636,1.0001105662656666,1.0001105662656666,1.0001105662656666,1.0001105662656666,1.0001105662656666,1.0001105662656666,1.0001105662656666,1.0001105662656666,1.0001105662656666,1.0001105662656666,1.0001105662656666,1.0001105662656666,1.0001105662656666,1.0001105662656666,1.0001105662656666,1.0001105662656666,1.0001105662656666,1.0001105662656666,1.0001105662656666,1.0001105662656666,1.0001105662656666,1.0001105662656666,1.0001105662656666,1.0001105662656666,1.0001105662656666,1.0001105662656666,1.0001105662656666,1.0001105662656666,1.0001105662656666,1.0001105662656666,1.0001105662656666,1.0001105662656666
experiment_637,1.0001105662656666,1.0001105662656666,1.0001105662656666,1.0001105662656666,1.0001105662656666,1.0001105662656666,1.0001105662656666,1.0001105662656666,1.0001105662656666,1.0001105662656666,1.0001105662656666,1.0001105662656666,1.0001105662656666,1.0001105662656666,1.0001105662656666,1.0001105662656666,1.0001105662656666,1.0001105662656666,1.0001105662656666,1.0001105662656666,1.0001105662656666,1.0001105662656666,1.0001105662656666,1.0001105662656666,1.0001105662656666,1.0001105662656666,1.0001105662656666,1.0001105662656666,1.0001105662656666,1.0001105662656666,1.0001105662656666,1.0001105662656666
experiment_638,1.0001105662656666,1.0001105662656666,1.0001105662656666,1.0001105662656666,1.0001105662656666,1.0001105662656666,1.0001105662656666,1.0001105662656666,1.0001105662656666,1.0001105662656666,1.0001105662656666,1.0001105662656666,1.0001105662656666,1.0001105662656666,1.0001105662656666,1.0001105662656666,1.0001105662656666,1.0001105662656666,1.0001105662656666,1.0001105662656666,1.0001105662656666,1.0001105662656666,1.0001105662656666,1.0001105662656666,1.0001105662656666,1.0001105662656666,1.0001105662656666,1.0001105662656666,1.0001105662656666,1.0001105662656666,1.0001105662656666,1.0001105662656666
experiment_639,1.0001105662656666,1.0001105662656666,1.0001105662656666,1.0001105662656666,1.0001105662656666,1.0001105662656666,1.0001105662656666,1.0001105662656666,1.0001105662656666,1.0001105662656666,1.0001105662656666,1.0001105662656666,1.0001105662656666,1.0001105662656666,1.0001105662656666,1.0001105662656666,1.0001105662656666,1.0001105662656666,1.0001105662656666,1.0001105662656666,1.0001105662656666,1.0001105662656666,1.0001105662656666,1.0001105662656666,1.0001105662656666,1.000149098514898,1.000149098514898,1.000149098514898,1.000149098514898,1.0001899889561603,1.0002013101014742,1.000213742399541
experiment_640,1.0001105662656666,1.0001105662656666,1.0001105662656666,1.0001105662656666,1.0001105662656666,1.0001105662656666,1.0001105662656666,1.0001105662656666,1.0001105662656666,1.0001105662656666,1.0001105662656666,1.0001105662656666,1.0001105662656666,1.0001105662656666,1.0001105662656666,1.0001105662656666,1.0001105662656666,1.0001105662656666,1.0001105662656666,1.0001105662656666,1.0001105662656666,1.0001105662656666,1.0001105662656666,1.0001105662656666,1.0001105662656666,1.0001105662656666,1.0001105662656666,1.0001105662656666,1.0001105662656666,1.0001105662656666,1.0001105662656666,1.0001105662656666
experiment_641,1.0001105662656666,1.0001105662656666,1.0000887986737972,1.0000887986737972,1.0000887986737972,1.0000887986737972,1.0000887986737972,1.0000887986737972,1.0000887986737972,1.0000887986737972,1.0000887986737972,1.0000887986737972,1.0000887986737972,1.0000887986737972,1.0000887986737972,1.0000887986737972,1.0000887986737972,1.0000887986737972,1.0000887986737972,1.0001110781379776,1.0001235449921533,1.0001391674080873,1.0001391674080873,1.000165774895331,1.000189853626696,1.0002215837696533,1.0002852343166062,1.0003485759422157,1.0004199376765741,1.0005082949698056,1.0006249304075199,1.0007703510494268
experiment_642,1.0001105662656666,1.0001105662656666,1.0001105662656666,1.0001105662656666,1.0001105662656666,1.0001105662656666,1.0001105662656666,1.0001105662656666,1.0001105662656666,1.0001105662656666,1.0001105662656666,1.0001105662656666,1.0001105662656666,1.0001105662656666,1.0001105662656666,1.0001105662656666,1.0001105662656666,1.0001105662656666,1.0001105662656666,1.0001105662656666,1.0001105662656666,1.0001105662656666,1.0001105662656666,1.0001105662656666,1.0001923421972314,1.0001923421972314,1.0002117825968808,1.0002231685421012,1.0002358093984458,1.0002498265101163,1.000265580076796,1.0002831617974381
experiment_643,1.0001105662656666,1.000098438339703,1.0000851504627681,1.0000851504627681,1.0000851504627681,1.0000851504627681,1.0000851504627681,1.0000851504627681,1.0000851504627681,1.0000851504627681,1.0000851504627681,1.0000851504627681,1.0000851504627681,1.0000851504627681,1.0000851504627681,1.0000851504627681,1.0000851504627681,1.0000851504627681,1.0000851504627681,1.0000851504627681,1.0000851504627681,1.0000851504627681,1.0000851504627681,1.0000888795367455,1.0001022256281364,1.0001179081128124,1.000140228092118,1.000165958850745,1.0001950727752478,1.000254529981147,1.0003050674014786,1.0003694475167
experiment_644,1.0001105662656666,1.0001105662656666,1.0001105662656666,1.0001105662656666,1.0001105662656666,1.0001105662656666,1.0001105662656666,1.0001105662656666,1.0001105662656666,1.0001105662656666,1.0001105662656666,1.0001105662656666,1.0001105662656666,1.0001105662656666,1.0001105662656666,1.0001105662656666,1.0001300379122193,1.0001407420529247,1.0001407420529247,1.0001567987961109,1.0001716148476836,1.0002335981435246,1.0002620119305778,1.0002952401466518,1.00033461229533,1.0003676460609774,1.000426109199405,1.0004933183326017,1.0005517683676683,1.0006467004591741,1.0007586694629624,1.0008683499991264
experiment_645,1.0001105662656666,1.0001105662656666,1.0001105662656666,1.0001105662656666,1.0001105662656666,1.0001105662656666,1.0001105662656666,1.0001105662656666,1.0001105662656666,1.0001105662656666,1.0001528950400287,1.0001528950400287,1.0001528950400287,1.0001528950400287,1.0001985535213644,1.0001985535213644,1.0002190330071208,1.0002320673184377,1.0002479946035354,1.0002801641009633,1.0003001811771275,1.0003209450422326,1.0003432122352,1.0003684851190877,1.000384976969302,1.0004124185551309,1.000440379765094,1.0004715492203653,1.0005055321149734,1.0005471631020968,1.0005815673477054,1.0006216971998974
experiment_646,1.0001105662656666,1.0001105662656666,1.0001105662656666,1.0001105662656666,1.0001105662656666,1.0001105662656666,1.0001105662656666,1.0001105662656666,1.0001105662656666,1.0001105662656666,1.0001105662656666,1.0001105662656666,1.0001105662656666,1.0001105662656666,1.0001105662656666,1.0001105662656666,1.0001512636540388,1.0001622757245594,1.0001622757245594,1.0001977818885617,1.000230597584994,1.0002525042573278,1.0002809616848318,1.0003108317443874,1.0003465401910165,1.0003740963952987,1.0004201625803026,1.0004736178211675,1.0005442089871366,1.000613380065641,1.000700055111708,1.0008196191069114
experiment_647,1.0001105662656666,1.0001105662656666,1.000093764455121,1.000093764455121,1.000093764455121,1.000093764455121,1.000093764455121,1.000093764455121,1.000093764455121,1.000093764455121,1.000093764455121,1.000093764455121,1.000093764455121,1.000093764455121,1.000093764455121,1.000093764455121,1.000093764455121,1.000093764455121,1.000093764455121,1.0001161213891374,1.0001271213773342,1.0001398157577215,1.0001398157577215,1.0001607774579944,1.0001798726988695,1.0002031052220457,1.0002303070461103,1.0002888721092036,1.0003317969080454,1.0003977634866947,1.000467400831477,1.000550215157587
experiment_648,1.0001105662656666,1.0001105662656666,1.0001105662656666,1.0001105662656666,1.0001105662656666,1.0001105662656666,1.0001105662656666,1.0001105662656666,1.0001105662656666,1.0001105662656666,1.0001105662656666,1.0001105662656666,1.0001105662656666,1.0001105662656666,1.0001105662656666,1.0001105662656666,1.0001105662656666,1.0001105662656666,1.0001105662656666,1.0001105662656666,1.0001105662656666,1.0001465886906107,1.0001569319854566,1.000169062953692,1.0001826303745471,1.000198484758215,1.0002159129145707,1.0002159129145707,1.0002567256274326,1.000282572565031,1.0003118449075266,1.000346487850756
experiment_649,1.0001105662656666,1.0001105662656666,1.0001105662656666,1.0001105662656666,1.0001105662656666,1.0001105662656666,1.0001105662656666,1.0001105662656666,1.0001105662656666,1.0001105662656666,1.0001105662656666,1.0001105662656666,1.0001105662656666,1.0001105662656666,1.0001105662656666,1.0001105662656666,1.0001105662656666,1.0001105662656666,1.0001671253435902,1.0001784608459579,1.0001915782134716,1.000206142611683,1.0002227391959828,1.0002419853201716,1.0002520881685522,1.0002749214698923,1.0003013438875223,1.0003308357092373,1.0003650694407644,1.0004039104561433,1.000450270094787,1.0005021354667523
experiment_650,1.0001105662656666,1.0001105662656666,1.0001105662656666,1.0001105662656666,1.0001105662656666,1.0001105662656666,1.0001105662656666,1.0001105662656666,1.0001105662656666,1.0001105662656666,1.0001105662656666,1.0001105662656666,1.0001105662656666,1.0001105662656666,1.0001105662656666,1.0001105662656666,1.0001105662656666,1.0001105662656666,1.0001105662656666,1.0001105662656666,1.0001105662656666,1.0001105662656666,1.0001105662656666,1.0001872361934359,1.0001872361934359,1.0001872361934359,1.0001872361934359,1.0001872361934359,1.000235161998406,1.0002517087132967,1.0002517087132967,1.0002517087132967
experiment_651,1.0001105662656666,1.0001105662656666,1.0001105662656666,1.0001105662656666,1.0001105662656666,1.0001105662656666,1.0001105662656666,1.0001105662656666,1.0001105662656666,1.0001105662656666,1.0001105662656666,1.0001105662656666,1.0001105662656666,1.0001105662656666,1.0001105662656666,1.0001105662656666,1.0001105662656666,1.0001105662656666,1.0001105662656666,1.0001105662656666,1.0001105662656666,1.0001105662656666,1.0001105662656666,1.0001105662656666,1.0001105662656666,1.0001105662656666,1.0001105662656666,1.0001105662656666,1.0001105662656666,1.0001105662656666,1.0001105662656666,1.0001105662656666
experiment_652,1.0001105662656666,1.0001209725617597,1.0001209725617597,1.0001209725617597,1.0001209725617597,1.0001209725617597,1.0001209725617597,1.0001209725617597,1.0001209725617597,1.0001209725617597,1.0001209725617597,1.0001209725617597,1.0001209725617597,1.0001209725617597,1.0001209725617597,1.0001209725617597,1.0001209725617597,1.0001209725617597,1.0001209725617597,1.0001209725617597,1.0001209725617597,1.0001209725617597,1.0001209725617597,1.0001209725617597,1.0001948075313154,1.0001948075313154,1.0001948075313154,1.0001948075313154,1.000191006434471,1.0001887999301682,1.0001860806856113,1.0001828508061392
experiment_653,1.0001105662656666,1.0001105662656666,1.0001330010361735,1.0001330010361735,1.0001330010361735,1.0001330010361735,1.0001330010361735,1.000172059682491,1.000172059682491,1.000172059682491,1.000172059682491,1.0001973433283058,1.0001973433283058,1.0001973433283058,1.0001973433283058,1.0001973433283058,1.0001973433283058,1.0001973433283058,1.0001973433283058,1.0001973433283058,1.0001973433283058,1.0001973433283058,1.0002690283796645,1.0002977350805478,1.0002977350805478,1.0002977350805478,1.0002977350805478,1.0002977350805478,1.0003451654518474,1.000356071002675,1.0003677404335258,1.0003798394869332
experiment_654,1.0001105662656666,1.0001105662656666,1.0001105662656666,1.0001105662656666,1.0001105662656666,1.0001105662656666,1.0001105662656666,1.0001105662656666,1.0001105662656666,1.0001105662656666,1.0001105662656666,1.0001105662656666,1.0001105662656666,1.0001105662656666,1.0001105662656666,1.0001105662656666,1.0001105662656666,1.0001105662656666,1.0001105662656666,1.0001105662656666,1.0001105662656666,1.0001105662656666,1.0001105662656666,1.0001105662656666,1.000143936369364,1.000143936369364,1.0001633732585875,1.0001743337019406,1.000186669739203,1.0001995307076978,1.0002130599106074,1.000227590922279
experiment_655,1.0001105662656666,1.0001105662656666,1.0001105662656666,1.0001105662656666,1.0001105662656666,1.0001105662656666,1.0001105662656666,1.0001105662656666,1.0001105662656666,1.0001105662656666,1.0001105662656666,1.0001105662656666,1.0001105662656666,1.0001105662656666,1.0001105662656666,1.0001105662656666,1.0001105662656666,1.0001105662656666,1.0001105662656666,1.0001105662656666,1.0001105662656666,1.0001105662656666,1.0001105662656666,1.0001105662656666,1.0001105662656666,1.0001105662656666,1.0001105662656666,1.0001105662656666,1.0001105662656666,1.0001339023658318,1.0001339023658318,1.0001339023658318
experiment_656,1.0001105662656666,1.0001105662656666,1.0001105662656666,1.0001105662656666,1.0001105662656666,1.0001105662656666,1.0001105662656666,1.0001105662656666,1.0001105662656666,1.0001105662656666,1.0001105662656666,1.0001105662656666,1.0001105662656666,1.0001105662656666,1.0001105662656666,1.0001105662656666,1.0001105662656666,1.0001105662656666,1.0001105662656666,1.0001105662656666,1.0001105662656666,1.0001105662656666,1.0001105662656666,1.0001105662656666,1.0001105662656666,1.0001105662656666,1.0001105662656666,1.0001211132731864,1.0001211132731864,1.0001211132731864,1.0001383508355928,1.0001484036898094
experiment_657,1.0001105662656666,1.0001105662656666,1.0001105662656666,1.0001105662656666,1.0001105662656666,1.0001105662656666,1.0001105662656666,1.0001105662656666,1.0001105662656666,1.0001105662656666,1.0001105662656666,1.0001105662656666,1.0001105662656666,1.0001105662656666,1.000150626529265,1.0001655174925026,1.0001837159872258,1.000205437982604,1.0002317943730903,1.0002641226018967,1.0003053357338634,1.0003523233164575,1.0004239492151903,1.0004973545492948,1.0005890673004192,1.000690299879828,1.0008274251117513,1.0009989187485833,1.0012154971936558,1.0014634478226832,1.001833475951197,1.0022623075670567
experiment_658,1.0001105662656666,1.0000950318375794,1.0000819224650968,1.0000819224650968,1.0000819224650968,1.0000819224650968,1.0000819224650968,1.0000819224650968,1.0000819224650968,1.0000819224650968,1.0000819224650968,1.0000819224650968,1.0000819224650968,1.0000819224650968,1.0000819224650968,1.0000819224650968,1.0000819224650968,1.0000819224650968,1.0000819224650968,1.0000819224650968,1.0000911908563428,1.0001060685615941,1.0001255158101277,1.0001505680402727,1.000183629985066,1.0002255479407112,1.0002804615725303,1.0003698728052088,1.0004754635738056,1.0006048573049426,1.0008013472314812,1.0010554183843976
experiment_659,1.0001105662656666,1.0000935018663166,1.000076867551358,1.000076867551358,1.000076867551358,1.000076867551358,1.000076867551358,1.000076867551358,1.000076867551358,1.000076867551358,1.000076867551358,1.000076867551358,1.000076867551358,1.000076867551358,1.000076867551358,1.000076867551358,1.000076867551358,1.000076867551358,1.000076867551358,1.0000727907911473,1.000083181008262,1.0000959845173247,1.0000959845173247,1.0001181024892054,1.0001399702521276,1.0001673951486048,1.0002260813980237,1.0002856301875698,1.0003562650185613,1.0004575435944303,1.0005668224331523,1.000723922219442
experiment_660,1.0001105662656666,1.0001105662656666,1.000091562098436,1.000091562098436,1.000091562098436,1.000091562098436,1.000091562098436,1.000091562098436,1.000091562098436,1.000091562098436,1.000091562098436,1.000091562098436,1.000091562098436,1.000091562098436,1.000091562098436,1.000091562098436,1.000091562098436,1.000091562098436,1.000091562098436,1.000091562098436,1.000091562098436,1.000091562098436,1.000091562098436,1.000091562098436,1.000091562098436,1.000091562098436,1.000091562098436,1.000091562098436,1.0001301426938323,1.0001415389771933,1.0001556967265521,1.0001827923654822
experiment_661,1.0001105662656666,1.0001105662656666,1.0001105662656666,1.0001105662656666,1.0001105662656666,1.0001105662656666,1.0001105662656666,1.0001105662656666,1.0001105662656666,1.0001105662656666,1.0001105662656666,1.0001105662656666,1.0001105662656666,1.0001105662656666,1.0001105662656666,1.0001105662656666,1.0001105662656666,1.0001105662656666,1.0001105662656666,1.0001105662656666,1.0001591329375052,1.0001591329375052,1.0001797136760628,1.000191719067474,1.000191719067474,1.0002080158642355,1.0002230809145967,1.0002495933434916,1.000271167012131,1.000310068924875,1.0003470080580397,1.0003782396781664
experiment_662,1.0001105662656666,1.0001105662656666,1.0001105662656666,1.0001105662656666,1.0001105662656666,1.0001105662656666,1.0001105662656666,1.0001105662656666,1.0001105662656666,1.0001105662656666,1.0001105662656666,1.0001105662656666,1.0001105662656666,1.0001105662656666,1.0001105662656666,1.0001105662656666,1.0001105662656666,1.0001105662656666,1.0001105662656666,1.0001105662656666,1.0001105662656666,1.0001105662656666,1.0001105662656666,1.0001226372195713,1.0001341204961536,1.0001475211354478,1.0001636073663986,1.0001636073663986,1.0002038309356507,1.0002292328441844,1.0002902397397422,1.000335301805097
experiment_663,1.0001105662656666,1.0001207756177528,1.0001207756177528,1.0001207756177528,1.0001207756177528,1.0001207756177528,1.0001207756177528,1.0001207756177528,1.0001207756177528,1.0001207756177528,1.0001207756177528,1.0001207756177528,1.0001207756177528,1.0001207756177528,1.0001207756177528,1.0001207756177528,1.0001207756177528,1.0001732547993152,1.0001732547993152,1.0001732547993152,1.0001732547993152,1.0001732547993152,1.0001732547993152,1.0001732547993152,1.0001732547993152,1.0001732547993152,1.0001732547993152,1.000190058767433,1.0001911093823934,1.0001918188662298,1.0001923282660508,1.0001926187789318
experiment_664,1.0001105662656666,1.0001105662656666,1.0001105662656666,1.0001105662656666,1.0001105662656666,1.0001105662656666,1.0001105662656666,1.0001105662656666,1.0001105662656666,1.0001105662656666,1.0001105662656666,1.0001105662656666,1.0001105662656666,1.0001105662656666,1.0001105662656666,1.0001105662656666,1.0001105662656666,1.0001105662656666,1.0001105662656666,1.0001840306627428,1.000195283798571,1.000195283798571,1.0002093775032577,1.0002229869985981,1.0002395739700938,1.0002572707530843,1.0002896422078433,1.0003402925016114,1.0003709940776444,1.000407073560867,1.0004452429120994,1.0004893115513613
experiment_665,1.0001105662656666,1.0001105662656666,1.0001105662656666,1.0001105662656666,1.0001105662656666,1.0001105662656666,1.0001105662656666,1.0001105662656666,1.0001105662656666,1.0001105662656666,1.0001105662656666,1.0001105662656666,1.0001105662656666,1.0001105662656666,1.0001105662656666,1.0001105662656666,1.0001105662656666,1.0001105662656666,1.0001105662656666,1.0001105662656666,1.0001105662656666,1.0001105662656666,1.0001105662656666,1.0001105662656666,1.0001105662656666,1.0001105662656666,1.0001105662656666,1.0001105662656666,1.0001105662656666,1.0001484307864679,1.00016263147659,1.0001789268494066
experiment_666,1.0001105662656666,1.0001105662656666,1.0001105662656666,1.0001105662656666,1.0001105662656666,1.0001105662656666,1.0001105662656666,1.0001105662656666,1.0001105662656666,1.0001105662656666,1.0001105662656666,1.0001105662656666,1.0001105662656666,1.0001105662656666,1.0001105662656666,1.0001105662656666,1.0001105662656666,1.0001105662656666,1.0001105662656666,1.0001105662656666,1.0001105662656666,1.0001105662656666,1.0001372778807094,1.0001487028898004,1.0001617872972968,1.000176854095403,1.0002239534823718,1.0002484978258894,1.000275137604582,1.0002957949713833,1.0003276209732417,1.0003635650386193
experiment_667,1.0001105662656666,1.0000947751736637,1.0000813348895732,1.0000813348895732,1.0000813348895732,1.0000813348895732,1.0000813348895732,1.0000813348895732,1.0000813348895732,1.0000813348895732,1.0000813348895732,1.0000813348895732,1.0000813348895732,1.0000813348895732,1.0000813348895732,1.0000813348895732,1.0000813348895732,1.0000813348895732,1.0000813348895732,1.0000813348895732,1.0000813348895732,1.0000813348895732,1.0000813348895732,1.0000813348895732,1.0000813348895732,1.0000813348895732,1.0000813348895732,1.0000947173431325,1.0001062773192053,1.0001201594071878,1.0001387086065854,1.0001753464683627
experiment_668,1.0001105662656666,1.0001105662656666,1.0001105662656666,1.0001105662656666,1.0001339182756668,1.0001339182756668,1.0001339182756668,1.0001339182756668,1.0001339182756668,1.0001339182756668,1.0001339182756668,1.0001339182756668,1.0001339182756668,1.0001628051683957,1.0001628051683957,1.0001628051683957,1.0001628051683957,1.0001628051683957,1.0001628051683957,1.0001628051683957,1.0001628051683957,1.0001628051683957,1.0001628051683957,1.0001628051683957,1.0001628051683957,1.0001628051683957,1.0001628051683957,1.0001628051683957,1.0001628051683957,1.0003069608965256,1.0003069608965256,1.0003069608965256
experiment_669,1.0001105662656666,1.0001105662656666,1.0001105662656666,1.0001105662656666,1.0001105662656666,1.0001105662656666,1.0001105662656666,1.0001105662656666,1.0001105662656666,1.0001105662656666,1.0001105662656666,1.0001105662656666,1.0001105662656666,1.0001105662656666,1.0001105662656666,1.0001105662656666,1.0001105662656666,1.0001105662656666,1.0001105662656666,1.0001105662656666,1.0001105662656666,1.0001105662656666,1.0001105662656666,1.0001105662656666,1.0001105662656666,1.0001105662656666,1.0001105662656666,1.0001105662656666,1.0001105662656666,1.0001105662656666,1.0001105662656666,1.0001105662656666
experiment_670,1.0001105662656666,1.0001105662656666,1.0001105662656666,1.0001105662656666,1.0001105662656666,1.0001105662656666,1.0001105662656666,1.0001105662656666,1.0001105662656666,1.0001105662656666,1.0001105662656666,1.0001105662656666,1.0001105662656666,1.0001105662656666,1.0001105662656666,1.0001105662656666,1.0001105662656666,1.0001105662656666,1.0001105662656666,1.0001105662656666,1.0001105662656666,1.0001105662656666,1.0001105662656666,1.0001105662656666,1.0001105662656666,1.0001105662656666,1.0001105662656666,1.0001105662656666,1.0001105662656666,1.0001105662656666,1.0001105662656666,1.0001105662656666
experiment_671,1.0001105662656666,1.0001105662656666,1.0000884405583133,1.0000884405583133,1.0000884405583133,1.0000884405583133,1.0000884405583133,1.0000884405583133,1.0000884405583133,1.0000884405583133,1.0000884405583133,1.0000884405583133,1.0000884405583133,1.0000884405583133,1.0000884405583133,1.0000884405583133,1.0000884405583133,1.0000884405583133,1.0000884405583133,1.0000884405583133,1.0000884405583133,1.0000884405583133,1.0000884405583133,1.0000884405583133,1.0000884405583133,1.0000884405583133,1.0000884405583133,1.0001117834711857,1.0001247581795054,1.0001409916595485,1.0001594746624516,1.000181891228112
experiment_672,1.0001105662656666,1.0001105662656666,1.0001105662656666,1.0001248780187528,1.0001248780187528,1.0001248780187528,1.0001248780187528,1.0001248780187528,1.0001248780187528,1.0001248780187528,1.0001248780187528,1.0001248780187528,1.0001248780187528,1.0001248780187528,1.0001248780187528,1.0001248780187528,1.0001248780187528,1.0001248780187528,1.0001248780187528,1.0002423828591729,1.000257473885314,1.0002741508258908,1.000292786983033,1.0003133329511653,1.0003362276728252,1.0003615995879436,1.000391023432763,1.0004233137679195,1.0004611928281122,1.0005042066151582,1.0005409877794742,1.0005925509671774
experiment_673,1.0001105662656666,1.0000992214079136,1.000087861807723,1.000087861807723,1.000087861807723,1.000087861807723,1.000087861807723,1.000087861807723,1.000087861807723,1.000087861807723,1.000087861807723,1.000087861807723,1.000087861807723,1.000087861807723,1.000087861807723,1.000087861807723,1.000087861807723,1.000087861807723,1.000087861807723,1.000087861807723,1.000087861807723,1.000087861807723,1.000087861807723,1.000087861807723,1.000087861807723,1.000087861807723,1.0000939066637002,1.0000939066637002,1.0000939066637002,1.000115137918411,1.0001286638007725,1.0001467280232323
experiment_674,1.0001105662656666,1.0001214842668844,1.0001214842668844,1.0001214842668844,1.0001214842668844,1.0001214842668844,1.0001214842668844,1.0001214842668844,1.0001214842668844,1.0001214842668844,1.0001214842668844,1.0001214842668844,1.0001214842668844,1.0001214842668844,1.0001214842668844,1.0001214842668844,1.0001214842668844,1.0001214842668844,1.0001214842668844,1.0001214842668844,1.0001214842668844,1.0001214842668844,1.0001214842668844,1.0001214842668844,1.0001214842668844,1.0001214842668844,1.0001214842668844,1.0001214842668844,1.0001214842668844,1.0001214842668844,1.0001214842668844,1.0001214842668844
experiment_675,1.0001105662656666,1.0001105662656666,1.0001105662656666,1.0001105662656666,1.0001105662656666,1.0001105662656666,1.0001105662656666,1.0001105662656666,1.0001105662656666,1.0001105662656666,1.0001105662656666,1.0001105662656666,1.0001105662656666,1.0001105662656666,1.0001105662656666,1.0001105662656666,1.0001105662656666,1.0001105662656666,1.0001105662656666,1.0001105662656666,1.0001105662656666,1.0001105662656666,1.0001105662656666,1.0001105662656666,1.0001105662656666,1.0001105662656666,1.0001105662656666,1.0001105662656666,1.0001105662656666,1.0001105662656666,1.0001105662656666,1.0001105662656666
experiment_676,1.0001105662656666,1.0001105662656666,1.0001105662656666,1.0001105662656666,1.0001105662656666,1.0001105662656666,1.0001105662656666,1.0001105662656666,1.0001580659427844,1.0001580659427844,1.0001580659427844,1.0001833770786162,1.0001833770786162,1.0001833770786162,1.0001833770786162,1.0001833770786162,1.0001833770786162,1.0001833770786162,1.0001833770786162,1.0001833770786162,1.0002559358118204,1.0002660159519052,1.000276909097881,1.000288400110031,1.0003024251885488,1.0003158111025017,1.0003309543575645,1.0003470168692827,1.000368777339959,1.0003887300080392,1.0004109150227944,1.0004444551713545
experiment_677,1.0001105662656666,1.0001105662656666,1.0001105662656666,1.0001105662656666,1.0001105662656666,1.0001105662656666,1.0001105662656666,1.0001105662656666,1.0001105662656666,1.0001105662656666,1.0001105662656666,1.0001105662656666,1.0001105662656666,1.0001105662656666,1.0001105662656666,1.0001105662656666,1.0001105662656666,1.0001105662656666,1.0001105662656666,1.0001965238300772,1.0002084260606179,1.0002216087875266,1.000236196412463,1.0002522591596545,1.000269945479177,1.0002897474367523,1.000311895740101,1.0003359156468745,1.000362579632885,1.0003919690048417,1.0004143343619345,1.0004492908075506
experiment_678,1.0001105662656666,1.0001105662656666,1.0001105662656666,1.0001105662656666,1.000136910267408,1.000136910267408,1.000136910267408,1.000136910267408,1.000136910267408,1.000136910267408,1.000136910267408,1.000136910267408,1.000136910267408,1.000136910267408,1.0002339960829905,1.000251592502423,1.0002712147119985,1.0002931890732187,1.000317410703795,1.0003449759404308,1.0003759860488146,1.0004110453339237,1.0004510011237155,1.0004959707271335,1.0005546989166634,1.0006034220759363,1.0006701238690734,1.0007465111798592,1.0008343318632382,1.0009365665587204,1.001054760543528,1.001194203933404
experiment_679,1.0001105662656666,1.0001105662656666,1.0000938910071302,1.0000938910071302,1.0000938910071302,1.0000938910071302,1.0000938910071302,1.0000938910071302,1.0000938910071302,1.0000938910071302,1.0000938910071302,1.0000938910071302,1.0000938910071302,1.0000938910071302,1.0000938910071302,1.0000938910071302,1.0000938910071302,1.0000938910071302,1.0000938910071302,1.0000938910071302,1.0000938910071302,1.0000938910071302,1.0000938910071302,1.0000938910071302,1.0000938910071302,1.0000938910071302,1.0000938910071302,1.0000938910071302,1.0000938910071302,1.0000938910071302,1.0000938910071302,1.0000938910071302
experiment_680,1.0001105662656666,1.0001105662656666,1.0001105662656666,1.0001105662656666,1.0001105662656666,1.0001105662656666,1.0001105662656666,1.0001105662656666,1.0001105662656666,1.0001105662656666,1.0001105662656666,1.0001105662656666,1.0001105662656666,1.0001105662656666,1.0001105662656666,1.0001541100010023,1.0001688931526005,1.0001688931526005,1.0002088956820943,1.0002358246405831,1.0002690122580669,1.0003098644019004,1.000360448121639,1.0004230399826315,1.0005009393960804,1.0006021549156348,1.0007171694865578,1.0008792404568652,1.0010708100424348,1.001331613654338,1.0016611530287072,1.0020730838999208
experiment_681,1.0001105662656666,1.0001105662656666,1.0001105662656666,1.0001105662656666,1.0001105662656666,1.0001105662656666,1.0001105662656666,1.0001105662656666,1.0001105662656666,1.0001105662656666,1.0001105662656666,1.0001105662656666,1.0001105662656666,1.0001105662656666,1.0001105662656666,1.0001105662656666,1.0001105662656666,1.0001105662656666,1.0001105662656666,1.0001105662656666,1.0001105662656666,1.0001105662656666,1.0001105662656666,1.0001105662656666,1.0001427118658917,1.0001553628924553,1.0001706203713023,1.0001884548445883,1.0002090947127478,1.0002391913025919,1.00027130303178,1.0003009088927517
experiment_682,1.0001105662656666,1.0001105662656666,1.0001105662656666,1.0001105662656666,1.0001105662656666,1.0001105662656666,1.0001105662656666,1.0001105662656666,1.0001105662656666,1.0001105662656666,1.0001105662656666,1.0001105662656666,1.0001105662656666,1.0001105662656666,1.0001105662656666,1.0001105662656666,1.0001105662656666,1.0001548199351322,1.0001548199351322,1.0001792088294046,1.0001792088294046,1.000200907612282,1.0002577535700354,1.0002834495594353,1.0003164687080266,1.0003511538843946,1.0003916058415188,1.0004246963275736,1.0004749979524572,1.000533645375992,1.000607714342145,1.0006793798933997
experiment_683,1.0001105662656666,1.0001105662656666,1.0000895323768662,1.0000895323768662,1.0000895323768662,1.0000895323768662,1.0000895323768662,1.0000895323768662,1.0000895323768662,1.0000895323768662,1.0000895323768662,1.0000895323768662,1.0000895323768662,1.0000895323768662,1.0000895323768662,1.0000895323768662,1.0000895323768662,1.0001115171538517,1.0001220137255604,1.0001220137255604,1.0001352386527034,1.0001494467672714,1.000166696157855,1.000189196433745,1.00024223605437,1.0002873251487794,1.00033264652629,1.0003939676086033,1.0004632566138407,1.0005575399309197,1.0006506651446287,1.0007820862186123
experiment_684,1.0001105662656666,1.0001105662656666,1.0001105662656666,1.0001105662656666,1.0001105662656666,1.0001105662656666,1.0001105662656666,1.0001105662656666,1.0001105662656666,1.0001105662656666,1.0001105662656666,1.0001105662656666,1.0001105662656666,1.0001105662656666,1.0001105662656666,1.0001105662656666,1.0001105662656666,1.0001105662656666,1.0001105662656666,1.0001105662656666,1.0001105662656666,1.0001105662656666,1.0001105662656666,1.0001105662656666,1.0001105662656666,1.0001105662656666,1.0001105662656666,1.0001105662656666,1.0001105662656666,1.0001105662656666,1.0001105662656666,1.0001105662656666
experiment_685,1.0001105662656666,1.0001215868643971,1.0001215868643971,1.0001215868643971,1.0001215868643971,1.0001215868643971,1.0001215868643971,1.0001215868643971,1.0001215868643971,1.0001215868643971,1.0001215868643971,1.0001215868643971,1.0001215868643971,1.0001215868643971,1.0001215868643971,1.0001215868643971,1.0001215868643971,1.0001215868643971,1.0001215868643971,1.0001215868643971,1.0001215868643971,1.0001215868643971,1.0001215868643971,1.0001215868643971,1.0001215868643971,1.0001215868643971,1.0001215868643971,1.0001215868643971,1.0001215868643971,1.0001215868643971,1.0001215868643971,1.0001215868643971
experiment_686,1.0001105662656666,1.0001105662656666,1.0001105662656666,1.0001105662656666,1.0001105662656666,1.0001105662656666,1.0001105662656666,1.0001105662656666,1.0001105662656666,1.0001105662656666,1.0001105662656666,1.0001105662656666,1.0001105662656666,1.0001105662656666,1.0001105662656666,1.0001105662656666,1.0001105662656666,1.0001105662656666,1.0001105662656666,1.0001105662656666,1.0001105662656666,1.0001105662656666,1.0001105662656666,1.0001105662656666,1.0001105662656666,1.0001105662656666,1.0001105662656666,1.0001105662656666,1.0001105662656666,1.0001105662656666,1.0001105662656666,1.0001105662656666
experiment_687,1.0001105662656666,1.0001105662656666,1.0001105662656666,1.0001105662656666,1.0001105662656666,1.0001105662656666,1.0001105662656666,1.0001105662656666,1.0001105662656666,1.0001105662656666,1.0001105662656666,1.0001105662656666,1.0001105662656666,1.0001105662656666,1.0001105662656666,1.0001105662656666,1.0001105662656666,1.0001105662656666,1.0001105662656666,1.0001105662656666,1.0001105662656666,1.0001105662656666,1.0001105662656666,1.0001105662656666,1.0001105662656666,1.0001105662656666,1.0001105662656666,1.0001105662656666,1.0001105662656666,1.0001105662656666,1.0001105662656666,1.0001105662656666
experiment_688,1.0001105662656666,1.0001105662656666,1.0001105662656666,1.0001105662656666,1.0001105662656666,1.0001105662656666,1.0001105662656666,1.0001105662656666,1.0001105662656666,1.0001105662656666,1.0001105662656666,1.0001105662656666,1.0001105662656666,1.0001105662656666,1.0001105662656666,1.0001105662656666,1.0001105662656666,1.0001105662656666,1.0001105662656666,1.0001105662656666,1.0001105662656666,1.0001105662656666,1.0001428543626776,1.0001428543626776,1.0001637157907157,1.0001765875196384,1.0001908806895388,1.0002073575579622,1.0002073575579622,1.0002348467888982,1.0002577470683454,1.0002834863924475
experiment_689,1.0001105662656666,1.0001105662656666,1.0001105662656666,1.0001105662656666,1.0001105662656666,1.0001105662656666,1.0001105662656666,1.0001105662656666,1.0001105662656666,1.0001105662656666,1.0001105662656666,1.0001105662656666,1.0001105662656666,1.0001105662656666,1.0001105662656666,1.0001105662656666,1.0001105662656666,1.0001105662656666,1.0001105662656666,1.0001105662656666,1.0001105662656666,1.0001105662656666,1.0002161898159718,1.0002161898159718,1.0002418229291583,1.0002571470015489,1.0002755818766973,1.0002949266426557,1.0003120066163407,1.00034470552628,1.0003630036518063,1.0003894046300237
experiment_690,1.0001105662656666,1.0001105662656666,1.0001105662656666,1.0001105662656666,1.0001105662656666,1.0001105662656666,1.0001105662656666,1.0001105662656666,1.0001105662656666,1.0001105662656666,1.0001105662656666,1.0001105662656666,1.0001105662656666,1.0001105662656666,1.0001105662656666,1.0001105662656666,1.0001105662656666,1.0001105662656666,1.0001105662656666,1.0001105662656666,1.0001105662656666,1.0001105662656666,1.0001105662656666,1.0001105662656666,1.0001105662656666,1.0001105662656666,1.0001105662656666,1.0001608833845128,1.0001732872576587,1.0001849672322967,1.000198030305213,1.000212903551352
experiment_691,1.0001105662656666,1.0001314425577135,1.0001314425577135,1.0001573242912192,1.0001782781190018,1.0002034437819607,1.0002285421116839,1.0002564898638482,1.0002911160588501,1.0003260531041125,1.0003646157509556,1.000407506055871,1.000464336660169,1.0005173394274274,1.0005759953994928,1.00064123475592,1.0007107858602267,1.0007888793919213,1.0008750949499974,1.0009696964950066,1.0010741043914317,1.0011879231824905,1.0013007169258383,1.0014362140715836,1.0015979802027666,1.0017613259647842,1.001941590508593,1.0021318764129914,1.0023374898847845,1.0025543381666497,1.0027851865967228,1.0030279608718005
experiment_692,1.0001105662656666,1.0001105662656666,1.0001105662656666,1.0001105662656666,1.0001105662656666,1.0001105662656666,1.0001105662656666,1.0001105662656666,1.0001105662656666,1.0001105662656666,1.0001105662656666,1.0001105662656666,1.0001105662656666,1.0001105662656666,1.0001105662656666,1.0001105662656666,1.0001105662656666,1.0001105662656666,1.0001105662656666,1.0001105662656666,1.0001105662656666,1.0001105662656666,1.0001105662656666,1.0001105662656666,1.0001105662656666,1.0001105662656666,1.0001105662656666,1.0001105662656666,1.0001105662656666,1.0001105662656666,1.0001105662656666,1.0001105662656666
experiment_693,1.0001105662656666,1.0001105662656666,1.0001105662656666,1.0001105662656666,1.0001105662656666,1.0001105662656666,1.0001105662656666,1.0001105662656666,1.0001105662656666,1.0001105662656666,1.0001105662656666,1.0001859266123658,1.0002033779235322,1.0002238136811301,1.0002479204595591,1.0002763346714838,1.000309900436944,1.0003497852777752,1.0003861219335513,1.000440071373323,1.0005149123458146,1.000601677556006,1.0006965732241726,1.0008101659235542,1.0009448526760758,1.0011091052737942,1.001307678527007,1.0015601304865593,1.0018543302466145,1.002217390598901,1.0026587588219156,1.0031919182116502
experiment_694,1.0001105662656666,1.0001105662656666,1.0001105662656666,1.0001105662656666,1.0001105662656666,1.0001105662656666,1.0001105662656666,1.0001105662656666,1.0001105662656666,1.0001105662656666,1.0001105662656666,1.0001105662656666,1.0001105662656666,1.0001105662656666,1.0001105662656666,1.0001105662656666,1.0001105662656666,1.0001105662656666,1.0001105662656666,1.0001105662656666,1.0001105662656666,1.0001105662656666,1.0001105662656666,1.0002005827650666,1.0002117444109007,1.0002117444109007,1.0002117444109007,1.0003097578190898,1.0003415692466737,1.0003415692466737,1.0003746237696762,1.000403925148849
experiment_695,1.0001105662656666,1.0001105662656666,1.0001105662656666,1.0001105662656666,1.0001105662656666,1.0001105662656666,1.0001105662656666,1.0001105662656666,1.0001105662656666,1.0001105662656666,1.0001105662656666,1.0001105662656666,1.0001105662656666,1.0001105662656666,1.0001105662656666,1.0001105662656666,1.0001105662656666,1.0001105662656666,1.000181927896924,1.0001938416611371,1.0002071769469516,1.0002220642037638,1.0002386368393184,1.0002571454914324,1.000277875197379,1.0003012204360258,1.000327321672491,1.0003454670957928,1.0003770674138526,1.0004147668092125,1.0004587536359644,1.0005082140172392
experiment_696,1.0001105662656666,1.000123304587492,1.000123304587492,1.000123304587492,1.000141771592876,1.000141771592876,1.000141771592876,1.000141771592876,1.000141771592876,1.000141771592876,1.0001893792755008,1.0002009756976638,1.0002141624751586,1.0002282970252225,1.0002443429526138,1.0002614606931475,1.0002807446672615,1.000302132062817,1.0003253670062304,1.000366676602765,1.000408819543899,1.0004450706553918,1.0004846489814505,1.0005281648772089,1.000576879856582,1.000620531701645,1.0006794160956272,1.0007456978360432,1.0008231945047996,1.0009051288379867,1.0009967981720997,1.0010981870657438
experiment_697,1.0001105662656666,1.0001105662656666,1.0001105662656666,1.0001105662656666,1.0001105662656666,1.0001105662656666,1.0001105662656666,1.0001105662656666,1.0001105662656666,1.0001105662656666,1.0001105662656666,1.0001105662656666,1.0001105662656666,1.0001105662656666,1.0001105662656666,1.0001105662656666,1.0001105662656666,1.0001105662656666,1.0001105662656666,1.0001105662656666,1.0001105662656666,1.0001105662656666,1.0001105662656666,1.0001105662656666,1.0001105662656666,1.0001105662656666,1.0001105662656666,1.0001105662656666,1.0001105662656666,1.0001105662656666,1.0001105662656666,1.0001105662656666
experiment_698,1.0001105662656666,1.0001105662656666,1.0000956010902216,1.0000956010902216,1.0000956010902216,1.0000956010902216,1.0000956010902216,1.0000956010902216,1.0000956010902216,1.0000956010902216,1.0000956010902216,1.0000956010902216,1.0000956010902216,1.0000956010902216,1.0001532106856144,1.0001724818077853,1.0001964639386522,1.0002263553280961,1.000274291558586,1.0003220195370732,1.0003818287905804,1.0004616502103696,1.0005580434963288,1.0006794968856287,1.0008341316319695,1.0010183610098968,1.0012670042698146,1.0015849618423822,1.0020082551213836,1.002543581606143,1.0032403166738617,1.0041456064902112
experiment_699,1.0001105662656666,1.0001105662656666,1.0000948189348464,1.0000948189348464,1.0000948189348464,1.0000948189348464,1.0000948189348464,1.0000948189348464,1.0000948189348464,1.0000948189348464,1.0000948189348464,1.0000948189348464,1.0000948189348464,1.0000948189348464,1.0000948189348464,1.0000948189348464,1.0000948189348464,1.0000948189348464,1.0000948189348464,1.0000948189348464,1.0000948189348464,1.0000948189348464,1.0000948189348464,1.0000948189348464,1.0000948189348464,1.000145302876602,1.00015691768743,1.000170141034787,1.0001853168303338,1.0001853168303338,1.0002110223007177,1.0002442655524253
experiment_700,1.0001105662656666,1.0001105662656666,1.0001105662656666,1.0001105662656666,1.0001105662656666,1.0001105662656666,1.0001105662656666,1.0001105662656666,1.0001105662656666,1.0001105662656666,1.0001105662656666,1.0001105662656666,1.0001105662656666,1.0001105662656666,1.0001105662656666,1.0001105662656666,1.0001105662656666,1.0001921912895497,1.0001921912895497,1.0001921912895497,1.0001921912895497,1.0002292024511805,1.000240197444659,1.0002532588333901,1.0002751943383543,1.0002946639411407,1.0003118989475908,1.000332235817908,1.0003538788726691,1.000377530833888,1.0004062834723184,1.0004365588415096
experiment_701,1.0001105662656666,1.0000952999933637,1.0000820700556443,1.0000820700556443,1.0000820700556443,1.0000820700556443,1.0000820700556443,1.0000820700556443,1.0000820700556443,1.0000820700556443,1.0000820700556443,1.0000820700556443,1.0000820700556443,1.0000820700556443,1.0000820700556443,1.0000820700556443,1.0000820700556443,1.0000820700556443,1.0000820700556443,1.0000820700556443,1.0000820700556443,1.0000820700556443,1.0000820700556443,1.0000820700556443,1.0000820700556443,1.0000820700556443,1.0000820700556443,1.0000820700556443,1.0000820700556443,1.0000820700556443,1.0000969876423287,1.000109238916482
experiment_702,1.0001105662656666,1.0001105662656666,1.0001105662656666,1.0001105662656666,1.0001105662656666,1.0001105662656666,1.0001105662656666,1.0001105662656666,1.0001105662656666,1.0001105662656666,1.0001105662656666,1.0001105662656666,1.0001105662656666,1.0001105662656666,1.0001105662656666,1.0001105662656666,1.0001105662656666,1.0001105662656666,1.0001105662656666,1.0001105662656666,1.0001105662656666,1.0001105662656666,1.0001105662656666,1.0001105662656666,1.0001105662656666,1.0001105662656666,1.0001105662656666,1.0001105662656666,1.0001105662656666,1.0001105662656666,1.0001105662656666,1.0001105662656666
experiment_703,1.0001105662656666,1.0001105662656666,1.0001105662656666,1.0001105662656666,1.0001324585126607,1.0001324585126607,1.0001324585126607,1.0001324585126607,1.0001324585126607,1.0001324585126607,1.0001324585126607,1.0001324585126607,1.0001324585126607,1.0001324585126607,1.0001324585126607,1.000181957891874,1.000181957891874,1.000181957891874,1.000181957891874,1.000181957891874,1.000181957891874,1.000221454989863,1.0002323521101932,1.0002443381541388,1.0002617291879923,1.0002869923119821,1.000303582242002,1.0003482718448977,1.0003482718448977,1.000365804784395,1.0004220382947815,1.0004492119003583
experiment_704,1.0001105662656666,1.0001105662656666,1.0000914566516013,1.0000914566516013,1.0000914566516013,1.0000914566516013,1.0000914566516013,1.0000914566516013,1.0000914566516013,1.0000914566516013,1.0000914566516013,1.0000914566516013,1.0000914566516013,1.0000914566516013,1.0000914566516013,1.0000914566516013,1.0000914566516013,1.0000914566516013,1.0000914566516013,1.0000914566516013,1.0000914566516013,1.0000914566516013,1.0000914566516013,1.000106490822279,1.000106490822279,1.000106490822279,1.0001266747545396,1.0001399624069907,1.0001676460366018,1.0001898463816552,1.0002173173064743,1.0002603067548639
experiment_705,1.0001105662656666,1.0001105662656666,1.0001105662656666,1.0001105662656666,1.0001105662656666,1.0001105662656666,1.0001105662656666,1.0001105662656666,1.0001105662656666,1.0001105662656666,1.0001105662656666,1.0001105662656666,1.0001105662656666,1.0001105662656666,1.0001105662656666,1.0001105662656666,1.0001105662656666,1.0001105662656666,1.0001105662656666,1.0001105662656666,1.0001105662656666,1.0001105662656666,1.0001105662656666,1.0001684577639456,1.0001792901176842,1.000191795772076,1.0002152439054808,1.0002339185646876,1.0002514024100373,1.0002710940397497,1.0002939401838395,1.000320085827116
experiment_706,1.0001105662656666,1.0001105662656666,1.0000929605002082,1.0000929605002082,1.0000929605002082,1.0000929605002082,1.0000929605002082,1.0000929605002082,1.0000929605002082,1.0000929605002082,1.0000929605002082,1.0000929605002082,1.0000929605002082,1.0000929605002082,1.0000929605002082,1.0000929605002082,1.0000929605002082,1.0000929605002082,1.0000929605002082,1.0000929605002082,1.0000929605002082,1.0000929605002082,1.0000929605002082,1.0000929605002082,1.0000929605002082,1.0000929605002082,1.0000929605002082,1.0000929605002082,1.0000929605002082,1.0000929605002082,1.0000929605002082,1.0000929605002082
experiment_707,1.0001105662656666,1.0001105662656666,1.0000874294075603,1.0000874294075603,1.0000874294075603,1.0000874294075603,1.0000874294075603,1.0000874294075603,1.0000874294075603,1.0000874294075603,1.0000874294075603,1.0000874294075603,1.0000874294075603,1.0000874294075603,1.0000874294075603,1.0000874294075603,1.0000874294075603,1.0001096116247943,1.0001235777965642,1.0001411912866467,1.0001632937342726,1.0001913654628711,1.0002268975601665,1.0002617441164752,1.0003160668420334,1.0003857490174175,1.0004749647735256,1.0005938658644546,1.000763352395786,1.0009535206888616,1.0012225625462616,1.0015818683420445
experiment_708,1.0001105662656666,1.0000990840384845,1.0000833112649288,1.0000833112649288,1.0000833112649288,1.0000833112649288,1.0000833112649288,1.0000833112649288,1.0000833112649288,1.0000833112649288,1.0000833112649288,1.0000833112649288,1.0000833112649288,1.0000833112649288,1.0000833112649288,1.0000833112649288,1.0000833112649288,1.0000833112649288,1.0000833112649288,1.0000833112649288,1.0000833112649288,1.0000833112649288,1.0000801101749894,1.000090904146238,1.0001041324743711,1.000120899248989,1.0001418163423756,1.0001550193926787,1.0001842049810188,1.0002208824685452,1.0002662732369705,1.0003260098984068
experiment_709,1.0001105662656666,1.0001105662656666,1.000095768770982,1.000095768770982,1.000095768770982,1.000095768770982,1.000095768770982,1.000095768770982,1.000095768770982,1.000095768770982,1.000095768770982,1.000095768770982,1.000095768770982,1.000095768770982,1.000095768770982,1.000095768770982,1.000095768770982,1.000095768770982,1.000095768770982,1.000095768770982,1.000095768770982,1.000095768770982,1.000095768770982,1.000095768770982,1.000095768770982,1.000095768770982,1.000095768770982,1.000095768770982,1.000095768770982,1.000095768770982,1.000095768770982,1.000095768770982
experiment_710,1.0001105662656666,1.0001226255037898,1.0001226255037898,1.0001226255037898,1.0001226255037898,1.0001226255037898,1.0001226255037898,1.0001226255037898,1.0001226255037898,1.0001226255037898,1.0001226255037898,1.0001226255037898,1.0001226255037898,1.0001226255037898,1.0001226255037898,1.0001226255037898,1.000185447113942,1.000185447113942,1.000185447113942,1.0002143646121429,1.0002252430529297,1.0002355264491118,1.0002487237161084,1.0002631185844189,1.0002777251515058,1.0002955261839122,1.0003133740857197,1.0003327871273835,1.0003960932225109,1.0004218206449786,1.0004502870703609,1.0004799173046866
experiment_711,1.0001105662656666,1.0001105662656666,1.0001105662656666,1.0001105662656666,1.0001105662656666,1.0001105662656666,1.0001105662656666,1.0001105662656666,1.0001105662656666,1.0001105662656666,1.0001105662656666,1.0001105662656666,1.0001105662656666,1.0001105662656666,1.0001105662656666,1.0001105662656666,1.0001105662656666,1.0001105662656666,1.0001105662656666,1.0001105662656666,1.0001786677052051,1.0001901700663682,1.000203161077524,1.0002178412591969,1.0002344296002665,1.0002532872676553,1.000274642502782,1.0002988295981667,1.000326296606865,1.0003580911068333,1.000393752293118,1.0004241128426141
experiment_712,1.0001105662656666,1.0001105662656666,1.0001105662656666,1.0001105662656666,1.0001105662656666,1.0001105662656666,1.0001105662656666,1.0001105662656666,1.0001105662656666,1.0001105662656666,1.0001105662656666,1.0001105662656666,1.0001105662656666,1.0001105662656666,1.0001105662656666,1.0001105662656666,1.0001105662656666,1.0001105662656666,1.0001105662656666,1.0001105662656666,1.0001105662656666,1.0001105662656666,1.0001788624258718,1.000191642937715,1.000206119167733,1.000222544055984,1.0002411329615402,1.0002622180873193,1.0002861303832262,1.0003131780320555,1.0003437171023035,1.0003785228405178
experiment_713,1.0001105662656666,1.0000971320033623,1.000084547502637,1.000084547502637,1.000084547502637,1.000084547502637,1.000084547502637,1.000084547502637,1.000084547502637,1.000084547502637,1.000084547502637,1.000084547502637,1.000084547502637,1.000084547502637,1.000084547502637,1.000084547502637,1.000084547502637,1.000084547502637,1.000084547502637,1.000084547502637,1.000084547502637,1.000084547502637,1.000084547502637,1.000084547502637,1.000084547502637,1.000084547502637,1.000084547502637,1.000084547502637,1.000084547502637,1.000084547502637,1.000084547502637,1.000084547502637
experiment_714,1.0001105662656666,1.0001105662656666,1.0001105662656666,1.0001105662656666,1.000154836924075,1.000154836924075,1.000154836924075,1.000154836924075,1.0001943871963266,1.0002102833984647,1.0002102833984647,1.0002102833984647,1.0002102833984647,1.0002102833984647,1.0002102833984647,1.0002102833984647,1.0002102833984647,1.0002102833984647,1.0002102833984647,1.0002102833984647,1.0002102833984647,1.0002102833984647,1.0002102833984647,1.0002102833984647,1.0002102833984647,1.0002102833984647,1.0002102833984647,1.0002157728514376,1.0002157728514376,1.0001895871862916,1.0001699864226599,1.0001699864226599
experiment_715,1.0001105662656666,1.0001105662656666,1.0001105662656666,1.0001105662656666,1.0001105662656666,1.0001105662656666,1.0001105662656666,1.0001105662656666,1.0001105662656666,1.0001105662656666,1.0001105662656666,1.0001105662656666,1.0001105662656666,1.0001105662656666,1.0001105662656666,1.0001105662656666,1.0001105662656666,1.0001105662656666,1.0001105662656666,1.0001490988219244,1.0001490988219244,1.0001490988219244,1.0001490988219244,1.0001490988219244,1.000187099472296,1.0002095531320587,1.0002233624948083,1.000239423362432,1.0002561561749477,1.0002751840795903,1.000295519409167,1.0003174933056542
experiment_716,1.0001105662656666,1.0001105662656666,1.0000928266021138,1.0000928266021138,1.0000928266021138,1.0000928266021138,1.0000928266021138,1.0000928266021138,1.0000928266021138,1.0000928266021138,1.0000928266021138,1.0000928266021138,1.0000928266021138,1.0000928266021138,1.0000928266021138,1.0000928266021138,1.0000928266021138,1.0000928266021138,1.0000928266021138,1.0000928266021138,1.0000928266021138,1.0000928266021138,1.0001320625555532,1.0001444751232775,1.0001592621387214,1.000176439992986,1.0001967410447703,1.0002210953350843,1.0002374274064474,1.0002689428676614,1.0003064211446324,1.0003507646667806
experiment_717,1.0001105662656666,1.0001105662656666,1.0001105662656666,1.0001105662656666,1.0001105662656666,1.0001105662656666,1.0001105662656666,1.0001105662656666,1.0001105662656666,1.0001105662656666,1.0001105662656666,1.0001105662656666,1.0001105662656666,1.0001105662656666,1.0001105662656666,1.0001105662656666,1.0001105662656666,1.0001105662656666,1.0001105662656666,1.0001105662656666,1.000247023814681,1.0002595815910904,1.0002729547797717,1.000287610826877,1.000303055242392,1.0003196589690513,1.000337468560842,1.0003565622020405,1.000376879917969,1.0003986994913492,1.000411537474139,1.0004358745739448
experiment_718,1.0001105662656666,1.0001105662656666,1.0001105662656666,1.0001105662656666,1.0001105662656666,1.0001105662656666,1.0001105662656666,1.0001105662656666,1.0001105662656666,1.0001105662656666,1.0001105662656666,1.0001105662656666,1.0001105662656666,1.0001105662656666,1.0001105662656666,1.0001105662656666,1.0001105662656666,1.0001105662656666,1.0001105662656666,1.0001105662656666,1.0001105662656666,1.0001105662656666,1.0001105662656666,1.0001105662656666,1.0001105662656666,1.0001105662656666,1.0001105662656666,1.0001105662656666,1.0001105662656666,1.0001105662656666,1.0001105662656666,1.0001105662656666
experiment_719,1.0001105662656666,1.000100081538117,1.000086928833103,1.000086928833103,1.000086928833103,1.000086928833103,1.000086928833103,1.000086928833103,1.000086928833103,1.000086928833103,1.000086928833103,1.000086928833103,1.000086928833103,1.000086928833103,1.000086928833103,1.000086928833103,1.000086928833103,1.000086928833103,1.000086928833103,1.000086928833103,1.000086928833103,1.000086928833103,1.000086928833103,1.000086928833103,1.000086928833103,1.000086928833103,1.000086928833103,1.000086928833103,1.000086928833103,1.0000960865984592,1.0001097586542265,1.0001256893482295
experiment_720,1.0001105662656666,1.0001211571740523,1.0001211571740523,1.0001211571740523,1.0001452675460718,1.0001452675460718,1.0001452675460718,1.0001452675460718,1.0001452675460718,1.0001452675460718,1.0001452675460718,1.0001452675460718,1.0001452675460718,1.0001452675460718,1.0002501793286074,1.0002676039335205,1.000286832310819,1.0003079961354227,1.00033144686618,1.0003572434828762,1.000385811180252,1.0004173942357766,1.0004524042763918,1.0004912237925112,1.0005409165622907,1.0005892150610036,1.0006419312905794,1.0007010990615015,1.0007665692311785,1.0008387183364447,1.000927895144328,1.0010155659350461
experiment_721,1.0001105662656666,1.0001105662656666,1.0001105662656666,1.0001105662656666,1.0001105662656666,1.0001105662656666,1.0001105662656666,1.0001105662656666,1.0001105662656666,1.0001105662656666,1.0001105662656666,1.0001105662656666,1.0001105662656666,1.0001105662656666,1.0001105662656666,1.0001105662656666,1.0001105662656666,1.0001105662656666,1.0001105662656666,1.0001105662656666,1.0001105662656666,1.0001105662656666,1.0001105662656666,1.0001105662656666,1.0001105662656666,1.0001105662656666,1.0001105662656666,1.0001952682674677,1.0001952682674677,1.0001952682674677,1.0001952682674677,1.0002341949292122
experiment_722,1.0001105662656666,1.0000970609368933,1.0000831997664914,1.0000831997664914,1.0000831997664914,1.0000831997664914,1.0000831997664914,1.0000831997664914,1.0000831997664914,1.0000831997664914,1.0000831997664914,1.0000831997664914,1.0000831997664914,1.0000831997664914,1.0000831997664914,1.0000831997664914,1.0000831997664914,1.0000831997664914,1.0000831997664914,1.0000831997664914,1.0000831997664914,1.0000831997664914,1.0000831997664914,1.0000876114353727,1.0001002973177526,1.0001164300887555,1.00013642143262,1.000161996213713,1.0001816138043478,1.0002180619175862,1.0002644055722063,1.0003376711541652
experiment_723,1.0001105662656666,1.0001105662656666,1.0001105662656666,1.0001105662656666,1.0001105662656666,1.0001105662656666,1.0001105662656666,1.0001105662656666,1.0001105662656666,1.0001105662656666,1.0001105662656666,1.0001105662656666,1.0001105662656666,1.0001105662656666,1.0001105662656666,1.0001105662656666,1.0001105662656666,1.0001105662656666,1.0001105662656666,1.0001105662656666,1.0001105662656666,1.0001105662656666,1.0001105662656666,1.0001105662656666,1.0001105662656666,1.0001105662656666,1.0001105662656666,1.0001105662656666,1.0001105662656666,1.0001105662656666,1.0001105662656666,1.0001105662656666
experiment_724,1.0001105662656666,1.0001105662656666,1.0001105662656666,1.0001105662656666,1.0001105662656666,1.0001105662656666,1.0001105662656666,1.0001105662656666,1.0001105662656666,1.0001105662656666,1.0001105662656666,1.0001105662656666,1.0001105662656666,1.0001105662656666,1.0001105662656666,1.0001105662656666,1.0001105662656666,1.0001105662656666,1.0001105662656666,1.0001105662656666,1.0001105662656666,1.0001105662656666,1.0001105662656666,1.0001105662656666,1.0001105662656666,1.0001105662656666,1.0001105662656666,1.0001105662656666,1.0001105662656666,1.0001105662656666,1.0001105662656666,1.0001105662656666
experiment_725,1.0001105662656666,1.0001105662656666,1.0000907498012606,1.0000907498012606,1.0000907498012606,1.0000907498012606,1.0000907498012606,1.0000907498012606,1.0000907498012606,1.0000907498012606,1.0000907498012606,1.0000907498012606,1.0000907498012606,1.0000907498012606,1.0000907498012606,1.0000907498012606,1.0000907498012606,1.0000907498012606,1.0001380513237754,1.0001579655168238,1.0001830127136555,1.0002144166149387,1.000253852167642,1.000314371181361,1.0003800163143006,1.0004634291882322,1.0005702770870681,1.000712084050333,1.0008809498067575,1.001113650880657,1.0014305768639564,1.001836914691509
experiment_726,1.0001105662656666,1.0001105662656666,1.0001105662656666,1.0001105662656666,1.0001105662656666,1.0001105662656666,1.0001105662656666,1.0001105662656666,1.0001105662656666,1.0001105662656666,1.0001105662656666,1.0001105662656666,1.0001105662656666,1.0001105662656666,1.0001365969063478,1.0001504327023318,1.000167252562705,1.0001876454728411,1.0002124576435416,1.0002424593996477,1.0002789785617923,1.000323348734144,1.0003654881821213,1.0004352711804945,1.0005148595411342,1.0006108489669983,1.000731077552371,1.0008789341247948,1.0010627898441609,1.0013021724699895,1.001602774247071,1.0019734850769604
experiment_727,1.0001105662656666,1.0001105662656666,1.0001105662656666,1.0001105662656666,1.0001105662656666,1.0001105662656666,1.0001105662656666,1.0001105662656666,1.0001501295371922,1.0001501295371922,1.0001698985534375,1.0001823583328426,1.000196957723253,1.0002137473160548,1.000232633291108,1.0002540737246628,1.0002674756009942,1.0002946952956913,1.0003516311456582,1.000390545988518,1.0004366250815735,1.000488318579602,1.0005473138024399,1.0006149724373543,1.0006956332806867,1.0007743881045454,1.0008751545392247,1.0009794023691683,1.0011020985364418,1.001253174148749,1.0014638025126283,1.0016641577148548
experiment_728,1.0001105662656666,1.0001105662656666,1.0001105662656666,1.0001105662656666,1.0001105662656666,1.0001105662656666,1.0001105662656666,1.0001105662656666,1.0001105662656666,1.0001105662656666,1.0001105662656666,1.0001105662656666,1.0001105662656666,1.0001105662656666,1.0001105662656666,1.0001105662656666,1.0001105662656666,1.0001105662656666,1.0001105662656666,1.0001105662656666,1.0001105662656666,1.0001105662656666,1.0001105662656666,1.0001105662656666,1.0001105662656666,1.0001105662656666,1.0001105662656666,1.0001105662656666,1.0001105662656666,1.0001105662656666,1.0001105662656666,1.0001105662656666
experiment_729,1.0001105662656666,1.0001105662656666,1.0000921156105145,1.0000921156105145,1.0000921156105145,1.0000921156105145,1.0000921156105145,1.0000921156105145,1.0000921156105145,1.0000921156105145,1.0000921156105145,1.0000921156105145,1.0000921156105145,1.0000921156105145,1.0000921156105145,1.0000921156105145,1.0000921156105145,1.0000921156105145,1.0000921156105145,1.0000921156105145,1.0000921156105145,1.0000921156105145,1.00013231464131,1.0001435297451646,1.0001574824545343,1.000184626983514,1.0002096958133888,1.0002361759227014,1.000267390703429,1.0003682413841843,1.0004161761521326,1.0004709504416285
experiment_730,1.0001105662656666,1.0001105662656666,1.0001105662656666,1.0001105662656666,1.0001105662656666,1.0001105662656666,1.0001105662656666,1.0001105662656666,1.0001105662656666,1.0001105662656666,1.0001105662656666,1.0001105662656666,1.0001105662656666,1.0001528989735047,1.0001679970082331,1.000186253866483,1.000208370754058,1.000234930092258,1.0002670099202857,1.0003053150463006,1.0003580230411468,1.0004163018349372,1.0004871531221926,1.0005742236765096,1.0006813578608922,1.000813840376391,1.0009788597165425,1.0011737161687193,1.0014506796960978,1.0017813766217116,1.0021900210833405,1.0027174874770222
experiment_731,1.0001105662656666,1.0001105662656666,1.0001105662656666,1.0001105662656666,1.0001105662656666,1.0001105662656666,1.0001105662656666,1.0001105662656666,1.0001105662656666,1.0001105662656666,1.0001105662656666,1.0001105662656666,1.0001105662656666,1.0001105662656666,1.0001105662656666,1.0001105662656666,1.0001343457505345,1.0001481814338589,1.0001649782747273,1.0001856293041498,1.0002107414750958,1.0002413439354836,1.00026855389029,1.000312629236356,1.0003670343933107,1.0004568326770222,1.000546197556849,1.0006574393811827,1.0007976029368835,1.0009743701874287,1.0012107192346358,1.0014943110473908
experiment_732,1.0001105662656666,1.0001105662656666,1.0001105662656666,1.0001105662656666,1.0001105662656666,1.0001105662656666,1.0001105662656666,1.0001105662656666,1.0001105662656666,1.0001105662656666,1.0001105662656666,1.0001105662656666,1.0001105662656666,1.0001105662656666,1.0001105662656666,1.0001105662656666,1.0001105662656666,1.0001105662656666,1.0001105662656666,1.0001105662656666,1.0001105662656666,1.0001105662656666,1.0001105662656666,1.0001105662656666,1.0001105662656666,1.0001105662656666,1.0001105662656666,1.0001280087374855,1.0001411580482686,1.0001558116881832,1.000173406612881,1.0001933024362442
experiment_733,1.0001105662656666,1.0001105662656666,1.0001105662656666,1.0001105662656666,1.0001105662656666,1.0001105662656666,1.0001105662656666,1.0001105662656666,1.0001105662656666,1.0001105662656666,1.0001105662656666,1.0001105662656666,1.0001105662656666,1.0001105662656666,1.0001105662656666,1.0001105662656666,1.0001105662656666,1.0001105662656666,1.0001105662656666,1.0001105662656666,1.0001105662656666,1.000149486852068,1.000149486852068,1.000149486852068,1.0001785845345488,1.0001785845345488,1.000203926383086,1.000218929046974,1.000235752643927,1.000254045201964,1.0002757676509508,1.0002992251851641
experiment_734,1.0001105662656666,1.0001105662656666,1.0001105662656666,1.0001105662656666,1.0001105662656666,1.0001105662656666,1.0001105662656666,1.0001105662656666,1.0001105662656666,1.0001105662656666,1.0001105662656666,1.0001105662656666,1.0001105662656666,1.0001105662656666,1.0001105662656666,1.0001105662656666,1.0001105662656666,1.0001105662656666,1.0001105662656666,1.0001105662656666,1.0001105662656666,1.0001224670771185,1.0001224670771185,1.0001444456923498,1.0001444456923498,1.0001631891327836,1.0001808852451428,1.0002019788272076,1.0002265335826128,1.000284006276106,1.0003267459590477,1.0003763307447604
experiment_735,1.0001105662656666,1.0001105662656666,1.0001105662656666,1.0001105662656666,1.0001105662656666,1.0001105662656666,1.0001105662656666,1.0001105662656666,1.0001105662656666,1.0001105662656666,1.0001105662656666,1.0001105662656666,1.0001105662656666,1.0001105662656666,1.0001105662656666,1.0001105662656666,1.0001105662656666,1.0001105662656666,1.0001105662656666,1.0001105662656666,1.0001105662656666,1.0001692703320948,1.0001852254153603,1.0002038234319528,1.0002255170056034,1.0002506954966663,1.0002800260624245,1.000314178794153,1.0003536567813125,1.0003997085888316,1.0004526347623526,1.000512712105498
experiment_736,1.0001105662656666,1.0001105662656666,1.0001105662656666,1.0001105662656666,1.0001105662656666,1.0001105662656666,1.0001105662656666,1.0001105662656666,1.0001105662656666,1.0001105662656666,1.0001105662656666,1.0001105662656666,1.0001105662656666,1.0001105662656666,1.0001105662656666,1.0001225454608877,1.0001225454608877,1.0001225454608877,1.0001225454608877,1.0001225454608877,1.0001225454608877,1.0001225454608877,1.0001795790896968,1.0001927070374441,1.0002183652224075,1.000246452686912,1.000318592307948,1.0003563045797894,1.0003870644287232,1.0004269347130736,1.0004782448490332,1.000533856410428
experiment_737,1.0001105662656666,1.0001105662656666,1.0001105662656666,1.0001105662656666,1.0001105662656666,1.0001105662656666,1.0001105662656666,1.0001105662656666,1.0001105662656666,1.0001105662656666,1.0001105662656666,1.0001105662656666,1.0001105662656666,1.0001105662656666,1.0001105662656666,1.0001105662656666,1.0001105662656666,1.0001105662656666,1.0001105662656666,1.0001105662656666,1.0001105662656666,1.0001105662656666,1.0001105662656666,1.0001105662656666,1.0001105662656666,1.0001105662656666,1.0001105662656666,1.0001105662656666,1.0001105662656666,1.0001105662656666,1.0001105662656666,1.0001105662656666
experiment_738,1.0001105662656666,1.0001105662656666,1.0001105662656666,1.0001105662656666,1.0001105662656666,1.0001105662656666,1.0001105662656666,1.0001105662656666,1.0001105662656666,1.0001105662656666,1.0001105662656666,1.0001105662656666,1.0001105662656666,1.0001105662656666,1.0001105662656666,1.0001105662656666,1.0001105662656666,1.0001105662656666,1.0001105662656666,1.0001105662656666,1.0001105662656666,1.0001105662656666,1.0001105662656666,1.0001105662656666,1.0001105662656666,1.0001105662656666,1.0001105662656666,1.0001105662656666,1.000128235704666,1.000128235704666,1.000128235704666,1.0001562156900878
experiment_739,1.0001105662656666,1.0001105662656666,1.0001105662656666,1.0001105662656666,1.0001105662656666,1.0001105662656666,1.0001105662656666,1.0001105662656666,1.0001105662656666,1.0001105662656666,1.0001105662656666,1.0001105662656666,1.0001105662656666,1.0001105662656666,1.0001105662656666,1.0001105662656666,1.0001105662656666,1.0001105662656666,1.0002345180290357,1.0002345180290357,1.0002345180290357,1.0002345180290357,1.0002345180290357,1.0002345180290357,1.0002345180290357,1.0002345180290357,1.0002345180290357,1.0002345180290357,1.0002345180290357,1.0002345180290357,1.0002345180290357,1.0002345180290357
experiment_740,1.0001105662656666,1.0001105662656666,1.0001105662656666,1.0001105662656666,1.0001105662656666,1.0001105662656666,1.0001105662656666,1.0001105662656666,1.0001105662656666,1.0001105662656666,1.0001105662656666,1.0001105662656666,1.0001105662656666,1.0001105662656666,1.0001105662656666,1.0001105662656666,1.0001105662656666,1.0001105662656666,1.0001105662656666,1.0001105662656666,1.0001105662656666,1.0001105662656666,1.0001105662656666,1.0001105662656666,1.0001105662656666,1.0001105662656666,1.0001105662656666,1.0001105662656666,1.0001105662656666,1.0001105662656666,1.0001105662656666,1.0001105662656666
experiment_741,1.0001105662656666,1.0001105662656666,1.0001105662656666,1.0001105662656666,1.0001105662656666,1.0001105662656666,1.0001105662656666,1.0001105662656666,1.0001105662656666,1.0001105662656666,1.0001105662656666,1.0001105662656666,1.0001105662656666,1.0001105662656666,1.0001105662656666,1.0001105662656666,1.0001105662656666,1.0001105662656666,1.0001105662656666,1.0001105662656666,1.0001105662656666,1.0001105662656666,1.0001105662656666,1.0001105662656666,1.0001105662656666,1.0001105662656666,1.0001105662656666,1.0001631023240551,1.0001631023240551,1.0001631023240551,1.0002076272522185,1.0002301848020874
experiment_742,1.0001105662656666,1.0001105662656666,1.0001105662656666,1.0001105662656666,1.0001105662656666,1.0001105662656666,1.0001105662656666,1.0001105662656666,1.0001105662656666,1.0001105662656666,1.0001105662656666,1.0001105662656666,1.0001105662656666,1.0001105662656666,1.0001105662656666,1.0001105662656666,1.0001105662656666,1.0001105662656666,1.0001105662656666,1.0001105662656666,1.0001105662656666,1.0001105662656666,1.0001105662656666,1.0001105662656666,1.0001105662656666,1.0001105662656666,1.0001105662656666,1.0001105662656666,1.0001105662656666,1.0001822787390346,1.0001822787390346,1.0001822787390346
experiment_743,1.0001105662656666,1.0001105662656666,1.0001105662656666,1.0001105662656666,1.0001105662656666,1.0001105662656666,1.0001105662656666,1.0001105662656666,1.0001105662656666,1.0001105662656666,1.0001105662656666,1.0001105662656666,1.0001105662656666,1.0001105662656666,1.0001105662656666,1.0001105662656666,1.0001105662656666,1.0001105662656666,1.0001105662656666,1.0001105662656666,1.0001105662656666,1.0001295612297738,1.0001416002743055,1.0001416002743055,1.0001588539410327,1.0001778204359888,1.000197730693195,1.0002209966404392,1.000293201869025,1.0003316796888007,1.000395215469038,1.0004526667874298
experiment_744,1.0001105662656666,1.0001105662656666,1.0000934448051966,1.0000934448051966,1.0000934448051966,1.0000934448051966,1.0000934448051966,1.0000934448051966,1.0000934448051966,1.0000934448051966,1.0000934448051966,1.0000934448051966,1.0000934448051966,1.0000934448051966,1.0000934448051966,1.0000934448051966,1.0000934448051966,1.0000934448051966,1.0000934448051966,1.0000934448051966,1.0000934448051966,1.0000934448051966,1.0000934448051966,1.0000934448051966,1.0000934448051966,1.0000934448051966,1.0000934448051966,1.0001092244455396,1.0001092244455396,1.00012863890307,1.00012863890307,1.0001423343402263
experiment_745,1.0001105662656666,1.0001105662656666,1.0001105662656666,1.0001105662656666,1.0001105662656666,1.0001105662656666,1.0001105662656666,1.0001105662656666,1.0001105662656666,1.0001105662656666,1.0001105662656666,1.0001105662656666,1.0001105662656666,1.0001105662656666,1.0001105662656666,1.0001105662656666,1.0001105662656666,1.0001105662656666,1.0001105662656666,1.0001105662656666,1.0001105662656666,1.0001105662656666,1.0001105662656666,1.0001105662656666,1.0001105662656666,1.0001105662656666,1.0001105662656666,1.0001105662656666,1.0001105662656666,1.0001105662656666,1.0001105662656666,1.0001105662656666
experiment_746,1.0001105662656666,1.0001105662656666,1.0001105662656666,1.0001105662656666,1.0001105662656666,1.0001105662656666,1.0001105662656666,1.0001105662656666,1.0001105662656666,1.0001105662656666,1.0001105662656666,1.0001105662656666,1.0001105662656666,1.0001105662656666,1.0001105662656666,1.0001105662656666,1.0001105662656666,1.0001105662656666,1.0001105662656666,1.0001105662656666,1.0001105662656666,1.0001105662656666,1.0001105662656666,1.000137715900474,1.000148944044456,1.0001593302723701,1.0001593302723701,1.000174143154691,1.0001865970031274,1.0002454172443238,1.0002590335822246,1.0002828694290564
experiment_747,1.0001105662656666,1.0001105662656666,1.0000881342539845,1.0000881342539845,1.0000881342539845,1.0000881342539845,1.0000881342539845,1.0000881342539845,1.0000881342539845,1.0000881342539845,1.0000881342539845,1.0000881342539845,1.0000881342539845,1.0000881342539845,1.0000881342539845,1.0000881342539845,1.0000881342539845,1.0000881342539845,1.0000881342539845,1.0000881342539845,1.0000881342539845,1.0000881342539845,1.0000881342539845,1.000116064057247,1.00012653513218,1.0001387555269845,1.0001532571118328,1.0001532571118328,1.0001752948777087,1.000195923442485,1.000220150497459,1.000248949999213
experiment_748,1.0001105662656666,1.0001105662656666,1.0001105662656666,1.0001105662656666,1.0001105662656666,1.0001105662656666,1.0001105662656666,1.0001105662656666,1.0001105662656666,1.0001105662656666,1.0001105662656666,1.0001105662656666,1.0001105662656666,1.0001105662656666,1.0001105662656666,1.0001105662656666,1.0001105662656666,1.0001105662656666,1.0001105662656666,1.0001105662656666,1.0001105662656666,1.0001105662656666,1.0001105662656666,1.0001105662656666,1.0001105662656666,1.0001105662656666,1.0001105662656666,1.0001105662656666,1.0001105662656666,1.000162139937362,1.0001755581390497,1.0001888382965183
experiment_749,1.0001105662656666,1.0001244613715599,1.0001244613715599,1.0001244613715599,1.0001244613715599,1.0001244613715599,1.0001650550742451,1.0001752090968996,1.0001860332746477,1.0001860332746477,1.000210409977699,1.000224006167715,1.0002391355341733,1.000255083987997,1.0002722364340826,1.0002909648971585,1.0003116419360027,1.0003481430896086,1.0003743207198132,1.0004021264606413,1.0004433070193786,1.0004798341671375,1.0005179948117124,1.0005605333379288,1.00060652558189,1.0006469978203818,1.000701728929286,1.0007633377386962,1.000832459595238,1.0009068303853648,1.000988487086163,1.00107836716996
experiment_750,1.0001105662656666,1.0001105662656666,1.0001105662656666,1.0001105662656666,1.0001105662656666,1.0001105662656666,1.0001105662656666,1.0001105662656666,1.0001105662656666,1.0001105662656666,1.0001105662656666,1.0001105662656666,1.0001105662656666,1.0001105662656666,1.0001105662656666,1.0001105662656666,1.0001105662656666,1.0001105662656666,1.0001105662656666,1.0001105662656666,1.0001105662656666,1.0001105662656666,1.0001105662656666,1.0001105662656666,1.0001105662656666,1.0001105662656666,1.0001105662656666,1.0001105662656666,1.0001105662656666,1.0001105662656666,1.0001105662656666,1.0001105662656666
experiment_751,1.0001105662656666,1.0001105662656666,1.0001105662656666,1.0001105662656666,1.0001105662656666,1.0001105662656666,1.0001105662656666,1.0001105662656666,1.0001105662656666,1.0001105662656666,1.0001105662656666,1.0001529396492848,1.0001644921085202,1.0001779024677735,1.0001939650689482,1.0002125966570534,1.000223090549636,1.0002457379454353,1.0002837082952993,1.000319082695759,1.0003705631206132,1.0004153941982112,1.000469428880587,1.000530520182334,1.0006056386995572,1.0006893165127875,1.000789760300245,1.0009065014419232,1.001037933384522,1.001168829026985,1.0013571721782786,1.0015844753458636
experiment_752,1.0001105662656666,1.0001105662656666,1.0001105662656666,1.0001105662656666,1.0001105662656666,1.0001105662656666,1.0001105662656666,1.0001105662656666,1.0001105662656666,1.0001105662656666,1.0001105662656666,1.0001105662656666,1.0001105662656666,1.0001105662656666,1.0001105662656666,1.0001105662656666,1.0001105662656666,1.0001105662656666,1.0001105662656666,1.0001105662656666,1.0001105662656666,1.0001105662656666,1.0001105662656666,1.000160938945479,1.0001750045373559,1.0001914212442844,1.0002109687789935,1.0002341467127365,1.0002618478247296,1.0002948611173332,1.0003347651126955,1.0003833120252188
experiment_753,1.0001105662656666,1.0001105662656666,1.0001105662656666,1.0001105662656666,1.0001105662656666,1.0001105662656666,1.0001105662656666,1.0001105662656666,1.0001105662656666,1.0001105662656666,1.0001105662656666,1.0001105662656666,1.0001105662656666,1.0001105662656666,1.0001105662656666,1.0001105662656666,1.0001105662656666,1.0001105662656666,1.0001105662656666,1.0001105662656666,1.0001105662656666,1.0001105662656666,1.0001105662656666,1.0001105662656666,1.0001105662656666,1.0001105662656666,1.0001105662656666,1.0001105662656666,1.0001105662656666,1.0001105662656666,1.0001105662656666,1.0001105662656666
experiment_754,1.0001105662656666,1.0001105662656666,1.0000971940364018,1.0000971940364018,1.0000971940364018,1.0000971940364018,1.0000971940364018,1.0000971940364018,1.0000971940364018,1.0000971940364018,1.0000971940364018,1.0000971940364018,1.0000971940364018,1.0000971940364018,1.0000971940364018,1.0000971940364018,1.0000971940364018,1.0000971940364018,1.0001322549594318,1.0001432521970186,1.0001566604282284,1.0001729140852926,1.0001729140852926,1.000200750861459,1.0002236090772172,1.0002668323486494,1.0003031401971183,1.000344486467169,1.0003913017817774,1.0004472355718967,1.000514079605723,1.0006020645668448
experiment_755,1.0001105662656666,1.0001105662656666,1.0001105662656666,1.0001105662656666,1.0001105662656666,1.0001105662656666,1.0001105662656666,1.0001105662656666,1.0001105662656666,1.0001105662656666,1.0001105662656666,1.0001105662656666,1.0001105662656666,1.0001105662656666,1.0001105662656666,1.0001105662656666,1.0001105662656666,1.0001105662656666,1.0001105662656666,1.0001105662656666,1.0001105662656666,1.0001105662656666,1.0001105662656666,1.0001105662656666,1.0001105662656666,1.0001105662656666,1.0001105662656666,1.0001105662656666,1.0001105662656666,1.0001105662656666,1.000151517950855,1.000151517950855
experiment_756,1.0001105662656666,1.0001105662656666,1.0001105662656666,1.0001105662656666,1.0001105662656666,1.0001105662656666,1.0001105662656666,1.0001105662656666,1.0001105662656666,1.0001105662656666,1.0001105662656666,1.0001105662656666,1.0001105662656666,1.0001105662656666,1.0001105662656666,1.0001260436039068,1.0001376869404948,1.0001515420130487,1.0001681379003406,1.0001879106110187,1.0002113186165187,1.0002390832320098,1.0002619260407122,1.000299156155053,1.0003434445700865,1.0003961639289802,1.0004707501208876,1.0005486654627036,1.0006418618806965,1.0007533351313656,1.0008872911370361,1.0010497163533518
experiment_757,1.0001105662656666,1.0001105662656666,1.0001105662656666,1.0001105662656666,1.0001105662656666,1.0001105662656666,1.0001105662656666,1.0001105662656666,1.0001105662656666,1.0001105662656666,1.0001105662656666,1.0001105662656666,1.0001105662656666,1.0001105662656666,1.0001105662656666,1.0001105662656666,1.0001105662656666,1.0001105662656666,1.0001105662656666,1.0001105662656666,1.0001105662656666,1.0001852316510875,1.0002008602011443,1.00021904543556,1.0002401115658357,1.0002646736245115,1.0002935404609903,1.0003268911761505,1.0003730244984876,1.000419012576838,1.0004728043470286,1.000545017206058
experiment_758,1.0001105662656666,1.0001105662656666,1.0001105662656666,1.0001105662656666,1.0001105662656666,1.0001105662656666,1.0001105662656666,1.0001105662656666,1.0001105662656666,1.0001105662656666,1.0001105662656666,1.0001105662656666,1.0001105662656666,1.0001105662656666,1.0001105662656666,1.0001105662656666,1.0001105662656666,1.0001105662656666,1.0001105662656666,1.0001105662656666,1.0001105662656666,1.0000913420882853,1.0000913420882853,1.0000990499082756,1.0001105103800734,1.0001226330665556,1.0001385157332616,1.0001766234831548,1.0001941948267619,1.0002313712155362,1.0002760140741347,1.0003822819475487
experiment_759,1.0001105662656666,1.0001105662656666,1.0001105662656666,1.0001105662656666,1.0001105662656666,1.0001105662656666,1.0001105662656666,1.0001105662656666,1.0001105662656666,1.0001105662656666,1.0001105662656666,1.0001105662656666,1.0001105662656666,1.0001105662656666,1.0001105662656666,1.0001105662656666,1.0001105662656666,1.0001105662656666,1.0001105662656666,1.0001105662656666,1.0001105662656666,1.0001105662656666,1.0001105662656666,1.0001105662656666,1.0001105662656666,1.0001105662656666,1.0001105662656666,1.0001105662656666,1.0001105662656666,1.0001105662656666,1.0001105662656666,1.0001105662656666
experiment_760,1.0001105662656666,1.0001105662656666,1.0001105662656666,1.0001105662656666,1.0001105662656666,1.0001105662656666,1.0001105662656666,1.0001105662656666,1.0001105662656666,1.0001105662656666,1.0001105662656666,1.0001105662656666,1.0001105662656666,1.0001105662656666,1.0001105662656666,1.0001105662656666,1.0001105662656666,1.0001105662656666,1.0001105662656666,1.0001105662656666,1.0001105662656666,1.0001105662656666,1.0001305798960065,1.0001305798960065,1.0001305798960065,1.0001305798960065,1.0001305798960065,1.0001305798960065,1.0001305798960065,1.0001305798960065,1.0001859164112283,1.0001988129399642
experiment_761,1.0001105662656666,1.0001105662656666,1.0001105662656666,1.0001105662656666,1.0001105662656666,1.0001105662656666,1.0001105662656666,1.0001105662656666,1.0001105662656666,1.0001105662656666,1.0001105662656666,1.0001105662656666,1.0001105662656666,1.0001105662656666,1.0001105662656666,1.0001105662656666,1.0001576660121416,1.0001576660121416,1.0001768435380782,1.0001768435380782,1.00019228974633,1.0002296786731522,1.0002487786752499,1.000268356964301,1.0002932101161044,1.000318560738269,1.0003469595757077,1.0003796906011264,1.0004315702990785,1.0004738073652752,1.0005228137520898,1.000583593597603
experiment_762,1.0001105662656666,1.0001105662656666,1.0001105662656666,1.0001105662656666,1.0001105662656666,1.0001105662656666,1.0001105662656666,1.0001105662656666,1.0001105662656666,1.0001105662656666,1.0001105662656666,1.0001105662656666,1.0001105662656666,1.0001105662656666,1.0001105662656666,1.0001105662656666,1.0001105662656666,1.0001105662656666,1.0001105662656666,1.0001105662656666,1.0001105662656666,1.0001105662656666,1.0001105662656666,1.0001105662656666,1.0001105662656666,1.0001105662656666,1.0001105662656666,1.0001105662656666,1.0001105662656666,1.0001105662656666,1.0001105662656666,1.000168149418173
experiment_763,1.0001105662656666,1.0001105662656666,1.0001105662656666,1.0001105662656666,1.0001105662656666,1.0001105662656666,1.0001105662656666,1.0001105662656666,1.0001105662656666,1.0001105662656666,1.0001105662656666,1.0001105662656666,1.0001105662656666,1.0001105662656666,1.0001105662656666,1.0001105662656666,1.0001105662656666,1.0001105662656666,1.0001105662656666,1.0001105662656666,1.0001105662656666,1.0001105662656666,1.0001105662656666,1.0001105662656666,1.0001105662656666,1.0001105662656666,1.0001105662656666,1.0001105662656666,1.0001105662656666,1.0001105662656666,1.0001105662656666,1.0001105662656666
experiment_764,1.0001105662656666,1.0001105662656666,1.0001105662656666,1.0001105662656666,1.0001105662656666,1.0001105662656666,1.0001105662656666,1.0001105662656666,1.0001105662656666,1.0001105662656666,1.0001105662656666,1.0001105662656666,1.0001105662656666,1.0001105662656666,1.0001105662656666,1.0001105662656666,1.0001105662656666,1.0001105662656666,1.0001105662656666,1.0001842027303263,1.0002033247705209,1.0002260198908444,1.0002635099032848,1.0002968922088884,1.0003372441297995,1.0003859845760499,1.0004454044640427,1.0005266986347243,1.0006189779204333,1.000734449964383,1.0008679967150385,1.0010523071147104
experiment_765,1.0001105662656666,1.0001105662656666,1.0001105662656666,1.0001105662656666,1.0001105662656666,1.0001105662656666,1.0001105662656666,1.0001105662656666,1.0001105662656666,1.0001105662656666,1.0001105662656666,1.0001105662656666,1.0001105662656666,1.0001748595568496,1.0001925452530687,1.0002139849352734,1.0002389970852719,1.0002827402561083,1.0003190254718712,1.0003620656494692,1.0004130301022516,1.0004732167056403,1.0005464319996238,1.0006213986277366,1.0007207666006894,1.0008403939302184,1.000983651823178,1.0011366606059802,1.0013426619823595,1.001599936880466,1.001896208448677,1.00224538452487
experiment_766,1.0001105662656666,1.0001105662656666,1.0001105662656666,1.0001105662656666,1.0001105662656666,1.0001105662656666,1.0001105662656666,1.0001105662656666,1.0001105662656666,1.0001105662656666,1.0001105662656666,1.0001105662656666,1.0001105662656666,1.0001105662656666,1.0001105662656666,1.0001105662656666,1.0001105662656666,1.0001105662656666,1.0001729091278602,1.0001729091278602,1.0001729091278602,1.000208265782066,1.0002254050225687,1.000251622569475,1.0002744227438862,1.0003019431269313,1.0003483870745613,1.0003923114993083,1.000436744835242,1.0004887262616244,1.0005488913514975,1.000618912707317
experiment_767,1.0001105662656666,1.0001105662656666,1.0001105662656666,1.0001105662656666,1.0001105662656666,1.0001105662656666,1.0001105662656666,1.0001105662656666,1.0001105662656666,1.0001105662656666,1.0001105662656666,1.0001105662656666,1.0001105662656666,1.0001105662656666,1.0001105662656666,1.0001105662656666,1.0001470570948263,1.0001470570948263,1.0001470570948263,1.0001749580237045,1.000197350241447,1.000211511196254,1.0002269856551227,1.0002440309874527,1.000264250522019,1.0002866636377608,1.0003098581995922,1.000339855096705,1.0003695100819252,1.0004039887186864,1.0004527041568358,1.0005013646167837
experiment_768,1.0001105662656666,1.0001105662656666,1.0001105662656666,1.0001105662656666,1.0001105662656666,1.0001105662656666,1.0001105662656666,1.0001105662656666,1.0001105662656666,1.0001105662656666,1.0001105662656666,1.0001105662656666,1.0001105662656666,1.0001105662656666,1.0001105662656666,1.0001105662656666,1.0001105662656666,1.0001105662656666,1.0001105662656666,1.0001105662656666,1.0001105662656666,1.0001105662656666,1.0001105662656666,1.0001105662656666,1.0001105662656666,1.0001105662656666,1.0001105662656666,1.0001105662656666,1.000088723400224,1.000088723400224,1.000088723400224,1.000088723400224
experiment_769,1.0001105662656666,1.0001105662656666,1.0001105662656666,1.0001105662656666,1.0001105662656666,1.0001105662656666,1.0001105662656666,1.0001105662656666,1.0001105662656666,1.0001105662656666,1.0001105662656666,1.0001105662656666,1.0001105662656666,1.0001105662656666,1.0001105662656666,1.0001105662656666,1.0001105662656666,1.0001105662656666,1.0001105662656666,1.0001105662656666,1.0001105662656666,1.0001105662656666,1.0001105662656666,1.0001105662656666,1.0001105662656666,1.0001105662656666,1.0001105662656666,1.0001105662656666,1.0001105662656666,1.0001105662656666,1.0001105662656666,1.0001105662656666
experiment_770,1.0001105662656666,1.0001236308166936,1.0001236308166936,1.0001236308166936,1.0001236308166936,1.0001236308166936,1.0001236308166936,1.0001236308166936,1.0001236308166936,1.0001236308166936,1.0001236308166936,1.0001236308166936,1.0001236308166936,1.0001872204485378,1.0002058471904895,1.0002234734361837,1.0002336238010547,1.0002445667843194,1.0002562329622902,1.0002562329622902,1.0002838234047635,1.0002984877295789,1.0003171403009459,1.0003239800661636,1.0003431059492727,1.0003628731061454,1.000383862247384,1.0004069303143008,1.0004328272457457,1.0004594107514166,1.0004912602252058,1.0005235041469447
experiment_771,1.0001105662656666,1.0001105662656666,1.0001105662656666,1.0001105662656666,1.0001105662656666,1.0001105662656666,1.0001105662656666,1.0001105662656666,1.0001105662656666,1.0001105662656666,1.0001105662656666,1.0001105662656666,1.0001105662656666,1.0001105662656666,1.0001105662656666,1.0001105662656666,1.0001105662656666,1.0001105662656666,1.0001105662656666,1.0001105662656666,1.0001105662656666,1.0001105662656666,1.0001105662656666,1.0001274383946,1.0001274383946,1.0001274383946,1.0001654143092766,1.0001783374441209,1.0001950468838687,1.000212066013169,1.000224271292021,1.000247424041872
experiment_772,1.0001105662656666,1.0001105662656666,1.0001105662656666,1.0001105662656666,1.0001105662656666,1.0001105662656666,1.0001105662656666,1.0001105662656666,1.0001105662656666,1.0001105662656666,1.0001105662656666,1.0001105662656666,1.0001105662656666,1.0001105662656666,1.0001105662656666,1.0001105662656666,1.0001105662656666,1.0001105662656666,1.0001105662656666,1.0001105662656666,1.0001105662656666,1.0001105662656666,1.0001105662656666,1.0001105662656666,1.0001522271948522,1.0001671071049798,1.0001847982783947,1.0002060115530043,1.0002321788433277,1.0002637894629196,1.0003053917611597,1.0003537425843056
experiment_773,1.0001105662656666,1.0001105662656666,1.0001105662656666,1.0001105662656666,1.0001105662656666,1.0001105662656666,1.0001105662656666,1.0001105662656666,1.0001105662656666,1.0001105662656666,1.0001105662656666,1.0001105662656666,1.0001105662656666,1.0001105662656666,1.0001105662656666,1.0001105662656666,1.0001105662656666,1.0001105662656666,1.0001105662656666,1.0001105662656666,1.0001105662656666,1.0001105662656666,1.0001105662656666,1.0001105662656666,1.0001105662656666,1.0001105662656666,1.0001105662656666,1.0001105662656666,1.0001105662656666,1.0001105662656666,1.0001670777268403,1.0001801767896734
experiment_774,1.0001105662656666,1.0001105662656666,1.0001105662656666,1.0001105662656666,1.0001105662656666,1.0001105662656666,1.0001105662656666,1.0001105662656666,1.0001105662656666,1.0001105662656666,1.0001105662656666,1.0001105662656666,1.0001501504319332,1.0001651465146215,1.0001835190469712,1.0002066100527498,1.0002367458612036,1.000270532185114,1.0003127820593063,1.0003648249037986,1.0004477963956728,1.0005354084897078,1.0006340213169695,1.0007714153414518,1.000949630681144,1.001154250872142,1.0014685546403412,1.0018587088745872,1.0023490672223354,1.0030131105275015,1.0038460357315404,1.0057489508454476
experiment_775,1.0001105662656666,1.0001001846040032,1.000087960304421,1.000087960304421,1.000087960304421,1.000087960304421,1.000087960304421,1.000087960304421,1.000087960304421,1.000087960304421,1.000087960304421,1.000087960304421,1.000087960304421,1.000087960304421,1.000087960304421,1.000087960304421,1.000087960304421,1.000087960304421,1.0001041402291513,1.0001149514712515,1.0001149514712515,1.0001280199648512,1.0001419464870556,1.0001588104401462,1.0001812043928473,1.0002551642022162,1.0002944663402,1.0003409004440738,1.0003866784453057,1.000460563303273,1.0005320175097474,1.0006290154088906
experiment_776,1.0001105662656666,1.0001105662656666,1.000091388209179,1.000091388209179,1.000091388209179,1.000091388209179,1.000091388209179,1.000091388209179,1.000091388209179,1.000091388209179,1.000091388209179,1.000091388209179,1.000091388209179,1.000091388209179,1.000091388209179,1.000091388209179,1.000091388209179,1.000091388209179,1.000091388209179,1.000091388209179,1.000091388209179,1.0001115667402758,1.0001115667402758,1.0001256935135576,1.0001409746419407,1.000160308224482,1.0001815765362743,1.000208731006028,1.0002621920685546,1.0003005455186953,1.0004132222595215,1.0004695139806998
experiment_777,1.0001105662656666,1.0001229812785373,1.0001229812785373,1.0001229812785373,1.0001229812785373,1.0001542895448903,1.0001643048078814,1.0001753175809485,1.000187404498159,1.0002004965750528,1.0002151556722445,1.0002312782479692,1.0002490953624317,1.0002687683772291,1.0002907542953259,1.0003150019883058,1.000342031737979,1.0003718964237742,1.0004148482431003,1.0004574103346862,1.000481923591135,1.000541129803873,1.000612086182563,1.0006741164312543,1.0007439390550132,1.0008224058669275,1.0009001777096633,1.000997380886198,1.0011091956666542,1.0012448677051962,1.0013949362216819,1.0015547277607306
experiment_778,1.0001105662656666,1.0001105662656666,1.0001105662656666,1.0001105662656666,1.0001105662656666,1.0001105662656666,1.0001105662656666,1.0001105662656666,1.0001105662656666,1.0001105662656666,1.0001105662656666,1.0001105662656666,1.0001105662656666,1.0001105662656666,1.0001105662656666,1.0001105662656666,1.0001105662656666,1.0001105662656666,1.0001105662656666,1.0001105662656666,1.0001105662656666,1.0000939295641402,1.0000939295641402,1.0000939295641402,1.0000939295641402,1.0000939295641402,1.0000939295641402,1.0000939295641402,1.0000939295641402,1.0000939295641402,1.0000939295641402,1.0000939295641402
experiment_779,1.0001105662656666,1.0001105662656666,1.0001105662656666,1.0001105662656666,1.0001105662656666,1.0001105662656666,1.0001105662656666,1.0001105662656666,1.0001105662656666,1.0001105662656666,1.0001105662656666,1.0001105662656666,1.0001105662656666,1.0001105662656666,1.0001105662656666,1.0001105662656666,1.0001105662656666,1.0001105662656666,1.0001206580054078,1.0001331603685442,1.000147312873544,1.0001669565300404,1.0001903427387189,1.0002388014371355,1.000319269038005,1.0003760514396303,1.0004373176903953,1.000521610088703,1.0005980896254993,1.0007011655851734,1.000836709170008,1.0010188811600447
experiment_780,1.0001105662656666,1.0001105662656666,1.0001105662656666,1.0001105662656666,1.0001105662656666,1.0001105662656666,1.0001105662656666,1.0001105662656666,1.0001105662656666,1.0001105662656666,1.0001105662656666,1.0001105662656666,1.0001105662656666,1.0001105662656666,1.0001105662656666,1.0001105662656666,1.0001105662656666,1.0001105662656666,1.0001105662656666,1.0001105662656666,1.0001105662656666,1.0001105662656666,1.0001105662656666,1.0001105662656666,1.0001105662656666,1.0001105662656666,1.000164025124788,1.0001761085244834,1.000189887903148,1.0002177574429574,1.00025156555094,1.0002781625285166
experiment_781,1.0001105662656666,1.0001105662656666,1.0001105662656666,1.0001105662656666,1.0001105662656666,1.0001105662656666,1.0001105662656666,1.0001105662656666,1.0001105662656666,1.0001105662656666,1.0001105662656666,1.0001644792601894,1.000177242468309,1.000192472547581,1.0002104472539386,1.0002104472539386,1.000241659553142,1.000277077639776,1.0003233464947499,1.0003633971101238,1.0004090066666078,1.0004627308724099,1.0005251830196875,1.000601348711103,1.0006762230275883,1.0007767023890524,1.0008955234281616,1.0010063445927502,1.0011737574932393,1.0013749566979235,1.0016533850850486,1.0019376535726794
experiment_782,1.0001105662656666,1.0001105662656666,1.0000936676220602,1.0000936676220602,1.0000936676220602,1.0000936676220602,1.0000936676220602,1.0000936676220602,1.0000936676220602,1.0000936676220602,1.0000936676220602,1.0000936676220602,1.0000936676220602,1.0000936676220602,1.0000936676220602,1.0000936676220602,1.0000936676220602,1.0000936676220602,1.0000936676220602,1.0000936676220602,1.0000936676220602,1.0000936676220602,1.0000936676220602,1.0000936676220602,1.0000936676220602,1.0000936676220602,1.0000936676220602,1.0000936676220602,1.0000936676220602,1.0000936676220602,1.0000936676220602,1.0000936676220602
experiment_783,1.0001105662656666,1.0001105662656666,1.0001105662656666,1.0001105662656666,1.0001105662656666,1.0001105662656666,1.0001105662656666,1.0001105662656666,1.0001105662656666,1.0001105662656666,1.0001105662656666,1.0001105662656666,1.0001105662656666,1.0001105662656666,1.0001105662656666,1.0001105662656666,1.00015016529427,1.0001607547571816,1.0001728000646048,1.0001728000646048,1.0001927267356148,1.000241958871919,1.0002777975457164,1.000312239336511,1.000351213137349,1.000395601922422,1.0004372508234745,1.0004885617679447,1.000567019184014,1.000648489159291,1.000743810776293,1.0008529000787252
experiment_784,1.0001105662656666,1.0001105662656666,1.0001105662656666,1.0001105662656666,1.0001105662656666,1.0001105662656666,1.0001105662656666,1.0001105662656666,1.0001105662656666,1.0001105662656666,1.0001105662656666,1.0001105662656666,1.0001105662656666,1.0001105662656666,1.0001105662656666,1.0001105662656666,1.0001105662656666,1.0001105662656666,1.0001105662656666,1.0001105662656666,1.0001105662656666,1.0001230512500126,1.0001230512500126,1.0001230512500126,1.0001441530974338,1.000156603126135,1.0001727156374005,1.0001888673986734,1.000219994364336,1.0002450792473319,1.0002740426523389,1.0003696258295451
experiment_785,1.0001105662656666,1.0001105662656666,1.0001105662656666,1.0001105662656666,1.0001105662656666,1.0001105662656666,1.0001105662656666,1.0001105662656666,1.0001105662656666,1.0001105662656666,1.0001105662656666,1.0001105662656666,1.0001105662656666,1.0001105662656666,1.0001105662656666,1.0001105662656666,1.0001105662656666,1.0001105662656666,1.0001105662656666,1.000170288407023,1.000170288407023,1.0001904377285082,1.0001904377285082,1.0002039961827223,1.0002613376220697,1.0002796925925366,1.0002999949116511,1.000322755500001,1.0003484032692078,1.000379866162228,1.000411106358958,1.0004453623971838
experiment_786,1.0001105662656666,1.0001105662656666,1.0001105662656666,1.0001105662656666,1.0001105662656666,1.0001105662656666,1.0001105662656666,1.0001105662656666,1.0001105662656666,1.0001105662656666,1.0001105662656666,1.0001105662656666,1.0001105662656666,1.0001105662656666,1.0001105662656666,1.0001105662656666,1.0001105662656666,1.0001105662656666,1.0001105662656666,1.0001105662656666,1.0001105662656666,1.0001105662656666,1.0001105662656666,1.0001105662656666,1.0001105662656666,1.0001105662656666,1.0001105662656666,1.0001105662656666,1.0001105662656666,1.0001105662656666,1.0001105662656666,1.0001105662656666
experiment_787,1.0001105662656666,1.0001105662656666,1.0001105662656666,1.0001105662656666,1.0001105662656666,1.0001105662656666,1.0001105662656666,1.0001105662656666,1.0001105662656666,1.0001105662656666,1.0001105662656666,1.0001105662656666,1.0001105662656666,1.0001105662656666,1.0001105662656666,1.0001105662656666,1.0001105662656666,1.0001975140523256,1.0001975140523256,1.0001975140523256,1.0002453037490626,1.0002562725670272,1.000267451388254,1.0002801564437658,1.00029591925801,1.00029591925801,1.00029591925801,1.00029591925801,1.000359958727179,1.0003801751497359,1.0003929855453126,1.0004172289658595
experiment_788,1.0001105662656666,1.0001105662656666,1.0001105662656666,1.0001105662656666,1.0001105662656666,1.0001105662656666,1.0001105662656666,1.0001105662656666,1.0001105662656666,1.0001105662656666,1.0001105662656666,1.0001105662656666,1.0001105662656666,1.0001105662656666,1.0001105662656666,1.0001105662656666,1.0001105662656666,1.0001105662656666,1.0001105662656666,1.0001105662656666,1.0001105662656666,1.0001105662656666,1.0001105662656666,1.0001105662656666,1.0001105662656666,1.0001105662656666,1.0001105662656666,1.0001105662656666,1.0001105662656666,1.0001105662656666,1.0001105662656666,1.0001105662656666
experiment_789,1.0001105662656666,1.0001105662656666,1.0001105662656666,1.0001105662656666,1.0001105662656666,1.0001105662656666,1.0001105662656666,1.0001105662656666,1.0001105662656666,1.0001105662656666,1.0001105662656666,1.0001105662656666,1.0001105662656666,1.0001105662656666,1.0001105662656666,1.0001105662656666,1.000180165602027,1.0001970453180917,1.000216941111976,1.0002403433788443,1.0002679184818977,1.0003005880179152,1.0003392877181745,1.0003854498925433,1.0004404733974979,1.0005130601902357,1.0005918905639126,1.000685679159069,1.0007991917218904,1.0009373586124946,1.0011049029682217,1.001317352599291
experiment_790,1.0001105662656666,1.0001105662656666,1.0001105662656666,1.0001105662656666,1.0001105662656666,1.0001105662656666,1.0001105662656666,1.0001105662656666,1.0001105662656666,1.0001105662656666,1.0001105662656666,1.0001105662656666,1.0001105662656666,1.0001105662656666,1.0001105662656666,1.0001105662656666,1.0002487180720412,1.0002637969257888,1.00028039826129,1.0002985938746698,1.0003186025624704,1.000340640730083,1.000365068111914,1.000391968361771,1.0004216436035636,1.0004544610939143,1.0004965880777756,1.0005374232135815,1.0005824204463152,1.0006356046014964,1.0006904055926455,1.0007509526058078
experiment_791,1.0001105662656666,1.0001105662656666,1.0001105662656666,1.0001105662656666,1.0001105662656666,1.0001105662656666,1.0001105662656666,1.0001105662656666,1.0001105662656666,1.0001105662656666,1.0001105662656666,1.0001105662656666,1.0001105662656666,1.0001105662656666,1.0001105662656666,1.0001105662656666,1.0001105662656666,1.0001886389225598,1.000207527649746,1.0002301640244795,1.00025732188402,1.0002899347366694,1.0003294307550397,1.0003770738911166,1.0004459423037422,1.0005288293878474,1.0006180272527787,1.000726422893531,1.000847791800197,1.0010074273552352,1.0011979111394425,1.001451208432986
experiment_792,1.0001105662656666,1.0001105662656666,1.0001105662656666,1.0001105662656666,1.0001105662656666,1.0001105662656666,1.0001105662656666,1.0001105662656666,1.0001105662656666,1.0001105662656666,1.0001105662656666,1.0001105662656666,1.0001105662656666,1.0001105662656666,1.0001105662656666,1.0001105662656666,1.0001105662656666,1.0001105662656666,1.0001105662656666,1.0001105662656666,1.0001105662656666,1.0001105662656666,1.0001105662656666,1.0001105662656666,1.0001105662656666,1.000129986304105,1.000142065940928,1.0001562747950326,1.000172917942903,1.0001942330009699,1.000215937403137,1.000241092981677
experiment_793,1.0001105662656666,1.0001105662656666,1.0001105662656666,1.0001105662656666,1.0001105662656666,1.0001105662656666,1.0001105662656666,1.0001105662656666,1.0001105662656666,1.0001105662656666,1.0001105662656666,1.0001105662656666,1.0001105662656666,1.0001105662656666,1.000146713936867,1.000146713936867,1.000146713936867,1.0001644387190438,1.000174508059434,1.0001862603898095,1.0002332220575114,1.0002663098767832,1.0002908646774749,1.0003179486632727,1.0003496708596777,1.0003742556341957,1.0004150441449677,1.0004691131636982,1.0005244749333444,1.000582372644767,1.000659133795141,1.0007592893888508
experiment_794,1.0001105662656666,1.0001105662656666,1.0000880878257798,1.0000880878257798,1.0000880878257798,1.0000880878257798,1.0000880878257798,1.0000880878257798,1.0000880878257798,1.0000880878257798,1.0000880878257798,1.0000880878257798,1.0000880878257798,1.0000880878257798,1.0000880878257798,1.0000880878257798,1.0000880878257798,1.0000880878257798,1.0000880878257798,1.0000880878257798,1.0000880878257798,1.0000880878257798,1.0000880878257798,1.0000880878257798,1.0000880878257798,1.0000880878257798,1.0000876521496298,1.0000876521496298,1.0001096358364834,1.0001229743884954,1.0001229743884954,1.0001471520739242
experiment_795,1.0001105662656666,1.0001105662656666,1.0001105662656666,1.0001105662656666,1.0001105662656666,1.0001105662656666,1.0001105662656666,1.0001105662656666,1.0001105662656666,1.0001105662656666,1.0001105662656666,1.0001105662656666,1.0001105662656666,1.0001105662656666,1.0001105662656666,1.0001105662656666,1.0001105662656666,1.0001105662656666,1.0001105662656666,1.0001105662656666,1.0001105662656666,1.0001105662656666,1.0001105662656666,1.0001105662656666,1.0001105662656666,1.0001105662656666,1.0001105662656666,1.0001346541249003,1.0001346541249003,1.0001346541249003,1.0001346541249003,1.000167981969262
experiment_796,1.0001105662656666,1.0001105662656666,1.0001105662656666,1.0001105662656666,1.0001105662656666,1.0001105662656666,1.0001105662656666,1.0001105662656666,1.0001105662656666,1.0001105662656666,1.0001105662656666,1.0001105662656666,1.0001105662656666,1.0001105662656666,1.0001105662656666,1.0001105662656666,1.0001105662656666,1.0001105662656666,1.0001105662656666,1.0001105662656666,1.0001105662656666,1.0001105662656666,1.0001105662656666,1.0001105662656666,1.0001105662656666,1.0001105662656666,1.0001105662656666,1.0001105662656666,1.0001105662656666,1.0001105662656666,1.0001425029770274,1.0001425029770274
experiment_797,1.0001105662656666,1.0001105662656666,1.0001105662656666,1.0001105662656666,1.0001105662656666,1.0001105662656666,1.0001105662656666,1.0001105662656666,1.0001105662656666,1.0001105662656666,1.0001105662656666,1.0001554326092414,1.0001554326092414,1.0001554326092414,1.0001858123205851,1.000198657817187,1.000198657817187,1.0002189457083648,1.0002368673020676,1.000257055645109,1.0002799546436847,1.000306320069994,1.0003692715312242,1.000407847809403,1.0004534804532232,1.0005054423007558,1.0005655241690858,1.0006369496309462,1.0007242651530024,1.0008192211659557,1.0009177744705557,1.0010453674214403
experiment_798,1.0001105662656666,1.0001105662656666,1.0001105662656666,1.0001105662656666,1.0001105662656666,1.0001105662656666,1.0001105662656666,1.0001105662656666,1.0001105662656666,1.0001105662656666,1.0001105662656666,1.0001105662656666,1.0001105662656666,1.0001105662656666,1.0001105662656666,1.0001105662656666,1.0001105662656666,1.0001105662656666,1.0001105662656666,1.0001105662656666,1.000144266005139,1.000144266005139,1.000144266005139,1.000144266005139,1.000144266005139,1.000144266005139,1.000144266005139,1.000144266005139,1.0001965900963592,1.0002100302970738,1.0002226222394757,1.000248224197477
experiment_799,1.0001105662656666,1.0001105662656666,1.0001105662656666,1.0001105662656666,1.0001105662656666,1.0001105662656666,1.0001105662656666,1.0001105662656666,1.0001105662656666,1.0001105662656666,1.0001105662656666,1.0001105662656666,1.0001105662656666,1.0001105662656666,1.0001105662656666,1.0001105662656666,1.0001105662656666,1.0001105662656666,1.0001105662656666,1.000187124059528,1.0002002851921465,1.0002147916498247,1.0002411326541876,1.000265172707521,1.0002892243813757,1.0003140847048277,1.0003416225057327,1.0003714217150157,1.0004065777304674,1.000443616509588,1.0004886289241837,1.0005350478048483
experiment_800,1.0001105662656666,1.0001105662656666,1.0001105662656666,1.0001105662656666,1.0001105662656666,1.0001105662656666,1.0001105662656666,1.0001105662656666,1.0001105662656666,1.0001105662656666,1.0001105662656666,1.0001105662656666,1.0001105662656666,1.0001105662656666,1.0001105662656666,1.0001105662656666,1.0001105662656666,1.0001105662656666,1.0001105662656666,1.0001105662656666,1.0000980467933855,1.0000980467933855,1.0000980467933855,1.0000980467933855,1.000123208055234,1.0001346456108762,1.0001481063421656,1.0001637260887963,1.0001950742558272,1.0002175863994556,1.0002849011707646,1.000326712751824
experiment_801,1.0001105662656666,1.0001105662656666,1.0001105662656666,1.0001105662656666,1.0001105662656666,1.0001105662656666,1.0001105662656666,1.0001105662656666,1.0001105662656666,1.0001105662656666,1.0001105662656666,1.0001105662656666,1.0001105662656666,1.0001105662656666,1.0001105662656666,1.0001105662656666,1.0001105662656666,1.0001105662656666,1.0001105662656666,1.0001105662656666,1.0001105662656666,1.0001105662656666,1.0001105662656666,1.0001105662656666,1.0001105662656666,1.0001105662656666,1.0001105662656666,1.0001105662656666,1.0001105662656666,1.0001105662656666,1.0001624918425975,1.000173076560669
experiment_802,1.0001105662656666,1.0001105662656666,1.0001105662656666,1.0001105662656666,1.0001105662656666,1.0001105662656666,1.0001105662656666,1.0001105662656666,1.0001105662656666,1.0001105662656666,1.0001105662656666,1.0001105662656666,1.0001105662656666,1.0001105662656666,1.0001105662656666,1.0001105662656666,1.0001105662656666,1.0001105662656666,1.0001105662656666,1.0001105662656666,1.0001105662656666,1.0001105662656666,1.0001105662656666,1.0001105662656666,1.0001849762208548,1.0001849762208548,1.0001849762208548,1.0001849762208548,1.0001849762208548,1.0001849762208548,1.0001849762208548,1.0002426686201193
experiment_803,1.0001105662656666,1.0001105662656666,1.0001105662656666,1.0001105662656666,1.0001105662656666,1.0001105662656666,1.0001105662656666,1.0001105662656666,1.0001105662656666,1.0001105662656666,1.0001105662656666,1.0001105662656666,1.0001105662656666,1.0001734330932315,1.0001842364254239,1.0001960038347633,1.0002092205454918,1.0002092205454918,1.0002270388626493,1.000242672283457,1.0002615364855307,1.0003049430536646,1.0003270875773862,1.0003539683931069,1.000382329169204,1.0004165418221185,1.0004512811661235,1.000489065811439,1.0005309271288916,1.0005768732749054,1.000627682611138,1.000697289254821
experiment_804,1.0001105662656666,1.0001105662656666,1.0000893727787161,1.0000893727787161,1.0000893727787161,1.0000893727787161,1.0000893727787161,1.0000893727787161,1.0000893727787161,1.0000893727787161,1.0000893727787161,1.0000893727787161,1.0000893727787161,1.0000893727787161,1.0000893727787161,1.0000893727787161,1.0000893727787161,1.0000893727787161,1.0000893727787161,1.0000893727787161,1.0000893727787161,1.0000893727787161,1.0000893727787161,1.0000893727787161,1.0000893727787161,1.0001147958035659,1.0001305556408717,1.0001501056462418,1.0001739691897689,1.0002033123587024,1.0002392160467546,1.0002833988181372
experiment_805,1.0001105662656666,1.0001105662656666,1.0000893069003656,1.0000893069003656,1.0000893069003656,1.0000893069003656,1.0000893069003656,1.0000893069003656,1.0000893069003656,1.0000893069003656,1.0000893069003656,1.0000893069003656,1.0000893069003656,1.0000893069003656,1.0000893069003656,1.0000893069003656,1.0000893069003656,1.0000893069003656,1.0000893069003656,1.0000893069003656,1.0000893069003656,1.0000893069003656,1.0000893069003656,1.0000893069003656,1.0000893069003656,1.0001067726660215,1.0001067726660215,1.0001241813835575,1.0001425591115602,1.000162863518086,1.0001885238128547,1.0002324138369516
experiment_806,1.0001105662656666,1.0001105662656666,1.0001105662656666,1.0001105662656666,1.0001105662656666,1.0001105662656666,1.0001105662656666,1.0001105662656666,1.0001105662656666,1.0001105662656666,1.0001105662656666,1.0001105662656666,1.0001105662656666,1.0001105662656666,1.0001105662656666,1.0001105662656666,1.0001105662656666,1.0001105662656666,1.0001105662656666,1.0001105662656666,1.0001105662656666,1.0001785319154413,1.000188700799085,1.0001997781369292,1.0001997781369292,1.0002245666505774,1.000240895648435,1.0002616717637003,1.0002848672215987,1.0003096864715952,1.0003427522415675,1.0003720660155242
experiment_807,1.0001105662656666,1.0001235435146485,1.0001235435146485,1.0001235435146485,1.0001235435146485,1.0001235435146485,1.0001235435146485,1.0001235435146485,1.0001235435146485,1.0001235435146485,1.0001235435146485,1.0001235435146485,1.0001235435146485,1.0001235435146485,1.0001235435146485,1.0001235435146485,1.0001235435146485,1.0001235435146485,1.0001235435146485,1.0001235435146485,1.0001235435146485,1.0001235435146485,1.0001235435146485,1.0001235435146485,1.0001235435146485,1.000165519553913,1.000165519553913,1.000165519553913,1.000165519553913,1.000165519553913,1.000165519553913,1.000165519553913
experiment_808,1.0001105662656666,1.0001105662656666,1.0001105662656666,1.0001105662656666,1.0001105662656666,1.0001105662656666,1.0001105662656666,1.0001105662656666,1.0001105662656666,1.0001105662656666,1.0001105662656666,1.0001105662656666,1.0001105662656666,1.0001105662656666,1.0001105662656666,1.0001244869013286,1.0001244869013286,1.0001244869013286,1.0001244869013286,1.0001483510406728,1.0001628920757206,1.0001774264455887,1.0001928504871713,1.000226805919255,1.0002899527950313,1.0003330723380885,1.0003796512772476,1.0004135189149446,1.000470207137445,1.000531325199227,1.0006046742040637,1.0006887972775391
experiment_809,1.0001105662656666,1.0001105662656666,1.0001105662656666,1.0001105662656666,1.0001105662656666,1.0001105662656666,1.0001105662656666,1.0001105662656666,1.0001105662656666,1.0001105662656666,1.0001105662656666,1.0001105662656666,1.0001105662656666,1.0001105662656666,1.0001105662656666,1.0001105662656666,1.0001105662656666,1.0001105662656666,1.0001105662656666,1.0001105662656666,1.0001105662656666,1.0001105662656666,1.0001105662656666,1.0001105662656666,1.0001105662656666,1.0001105662656666,1.0001105662656666,1.0001105662656666,1.0001716154593991,1.000183281633651,1.0001964565130677,1.0002112808863948
experiment_810,1.0001105662656666,1.0001105662656666,1.0001105662656666,1.0001105662656666,1.0001105662656666,1.0001105662656666,1.0001105662656666,1.0001105662656666,1.0001105662656666,1.0001105662656666,1.0001105662656666,1.0001640293659393,1.0001752001008748,1.000188153424753,1.0002032903709221,1.0002210484714635,1.0002411974401322,1.0002649850135197,1.0002926750596908,1.0003303503600014,1.0003774455691543,1.0004219245106052,1.0004751647420713,1.0005351988042117,1.0005953993167347,1.0006748076358227,1.0007685840792915,1.0008772112593445,1.001002366448295,1.0011453240801433,1.0012889403181853,1.0014790134854765
experiment_811,1.0001105662656666,1.0001105662656666,1.0000955279660582,1.0000955279660582,1.0000955279660582,1.0000955279660582,1.0000955279660582,1.0000955279660582,1.0000955279660582,1.0000955279660582,1.0000955279660582,1.0000955279660582,1.0000955279660582,1.0000955279660582,1.0000955279660582,1.0000955279660582,1.0000955279660582,1.000123259250422,1.000123259250422,1.000123259250422,1.000123259250422,1.000123259250422,1.0001540309354071,1.0001642008704068,1.0001770469722844,1.0001888035376971,1.0002046335300254,1.0002210384338175,1.000239083777331,1.0002741797148307,1.0002986860461434,1.0003263806183242
experiment_812,1.0001105662656666,1.0001105662656666,1.0001105662656666,1.0001105662656666,1.0001105662656666,1.0001105662656666,1.0001105662656666,1.0001105662656666,1.0001105662656666,1.0001105662656666,1.0001105662656666,1.0001105662656666,1.0001105662656666,1.0001105662656666,1.0001105662656666,1.0001105662656666,1.0001105662656666,1.0001105662656666,1.0001105662656666,1.0001105662656666,1.0001105662656666,1.0001105662656666,1.0001105662656666,1.0001105662656666,1.0001105662656666,1.0001105662656666,1.0001105662656666,1.0001105662656666,1.0001597659331274,1.0001689426838816,1.0001795706886791,1.0001911888703405
experiment_813,1.0001105662656666,1.0001105662656666,1.0001105662656666,1.0001105662656666,1.0001105662656666,1.0001105662656666,1.0001105662656666,1.0001105662656666,1.0001105662656666,1.0001105662656666,1.0001105662656666,1.0001105662656666,1.0001105662656666,1.0001105662656666,1.0001105662656666,1.0001105662656666,1.0001105662656666,1.0001105662656666,1.0001105662656666,1.0001105662656666,1.0001105662656666,1.0001105662656666,1.000163523500093,1.0001783531567274,1.0001958912694695,1.000216728169659,1.000241345472996,1.0002705523021862,1.0002952144295953,1.00033436408819,1.0003810591487838,1.0004366346162936
experiment_814,1.0001105662656666,1.0001003995016213,1.0000891279706785,1.0000891279706785,1.0000891279706785,1.0000891279706785,1.0000891279706785,1.0000891279706785,1.0000891279706785,1.0000891279706785,1.0000891279706785,1.0000891279706785,1.0000891279706785,1.0000891279706785,1.0000891279706785,1.0000891279706785,1.0000891279706785,1.0000891279706785,1.0000891279706785,1.0000891279706785,1.0000891279706785,1.0000891279706785,1.0000891279706785,1.0000891279706785,1.0000891279706785,1.0001069047940405,1.000122469623486,1.0001417428195731,1.0001655636968858,1.0002027302953824,1.000241012058335,1.000289105160735
experiment_815,1.0001105662656666,1.0001105662656666,1.0001105662656666,1.0001105662656666,1.0001105662656666,1.0001105662656666,1.0001105662656666,1.0001105662656666,1.0001105662656666,1.0001105662656666,1.0001105662656666,1.0001105662656666,1.0001105662656666,1.0001105662656666,1.0001105662656666,1.0001105662656666,1.0001105662656666,1.0001105662656666,1.0001105662656666,1.0001105662656666,1.0001105662656666,1.0001105662656666,1.0001105662656666,1.0001105662656666,1.0001105662656666,1.0001105662656666,1.0001105662656666,1.0001105662656666,1.0001105662656666,1.0001105662656666,1.0001105662656666,1.0001105662656666
experiment_816,1.0001105662656666,1.0001231984370145,1.0001231984370145,1.0001231984370145,1.0001231984370145,1.0001231984370145,1.0001231984370145,1.0001231984370145,1.000168731585859,1.000168731585859,1.000168731585859,1.000168731585859,1.000168731585859,1.000168731585859,1.000168731585859,1.000168731585859,1.000168731585859,1.000168731585859,1.000168731585859,1.000168731585859,1.000168731585859,1.000168731585859,1.000168731585859,1.000168731585859,1.000250234592733,1.000250234592733,1.000250234592733,1.000250234592733,1.000250234592733,1.000250234592733,1.000250234592733,1.000250234592733
experiment_817,1.0001105662656666,1.0001105662656666,1.0001105662656666,1.0001105662656666,1.0001105662656666,1.0001105662656666,1.0001105662656666,1.0001105662656666,1.0001105662656666,1.0001105662656666,1.0001105662656666,1.0001105662656666,1.0001105662656666,1.0001105662656666,1.0001105662656666,1.0001105662656666,1.0001105662656666,1.0001105662656666,1.0001105662656666,1.0001105662656666,1.0001105662656666,1.0001105662656666,1.0001105662656666,1.0001105662656666,1.0001105662656666,1.0001105662656666,1.0001105662656666,1.0001105662656666,1.0001105662656666,1.0001105662656666,1.0001105662656666,1.000206670608843
experiment_818,1.0001105662656666,1.0001105662656666,1.0001105662656666,1.0001105662656666,1.0001105662656666,1.0001105662656666,1.0001105662656666,1.0001105662656666,1.0001105662656666,1.0001105662656666,1.0001105662656666,1.0001105662656666,1.0001105662656666,1.0001105662656666,1.0001105662656666,1.0001841884731835,1.0001841884731835,1.000204875811244,1.0002172240909786,1.0002303479544397,1.000244668324355,1.0002607384771656,1.0002607384771656,1.0002870665622245,1.0003069681208085,1.0003294089374024,1.00037082331072,1.0004058707409595,1.0004390221881463,1.0004766778049061,1.0005183814714778,1.0005649801135854
experiment_819,1.0001105662656666,1.0001105662656666,1.0001105662656666,1.0001105662656666,1.0001105662656666,1.0001105662656666,1.0001105662656666,1.0001105662656666,1.0001105662656666,1.0001105662656666,1.0001105662656666,1.0001105662656666,1.0001105662656666,1.0001105662656666,1.0001105662656666,1.0001105662656666,1.0001105662656666,1.0001105662656666,1.0001105662656666,1.0001105662656666,1.0001105662656666,1.0001105662656666,1.0001105662656666,1.0001105662656666,1.0001105662656666,1.0001105662656666,1.0001105662656666,1.0001105662656666,1.0001105662656666,1.0001105662656666,1.0001105662656666,1.0001105662656666
experiment_820,1.0001105662656666,1.0001105662656666,1.0001105662656666,1.0001105662656666,1.0001105662656666,1.0001105662656666,1.0001105662656666,1.0001105662656666,1.0001105662656666,1.0001105662656666,1.0001105662656666,1.0001105662656666,1.0001105662656666,1.0001105662656666,1.0001105662656666,1.0001105662656666,1.0001105662656666,1.0001105662656666,1.0001971483564478,1.0001971483564478,1.0001971483564478,1.0001971483564478,1.0001971483564478,1.000239297577369,1.000239297577369,1.0002499397994653,1.000272096626543,1.0002828125477516,1.000297183897909,1.0003126637255713,1.000328868782548,1.0003823481889182
experiment_821,1.0001105662656666,1.000097141947909,1.000084117335919,1.000084117335919,1.000084117335919,1.000084117335919,1.000084117335919,1.000084117335919,1.000084117335919,1.000084117335919,1.000084117335919,1.000084117335919,1.000084117335919,1.000084117335919,1.000084117335919,1.000084117335919,1.000084117335919,1.000084117335919,1.000084117335919,1.000084117335919,1.0000910702809327,1.0001021899115097,1.0001021899115097,1.0001142283440343,1.0001280902821272,1.0001471166792304,1.0001672141121927,1.0002027314011652,1.0002332074109934,1.0002723615929436,1.0003821757317475,1.000449227781545
experiment_822,1.0001105662656666,1.0000988873941756,1.0000825999273677,1.0000825999273677,1.0000825999273677,1.0000825999273677,1.0000825999273677,1.0000825999273677,1.0000825999273677,1.0000825999273677,1.0000825999273677,1.0000825999273677,1.0000825999273677,1.0000825999273677,1.0000825999273677,1.0000825999273677,1.0000825999273677,1.0000825999273677,1.0000825999273677,1.0000825999273677,1.0001037364531902,1.0001178127470636,1.0001351500900513,1.0001567983468185,1.0001838392423394,1.0002064980468321,1.0002452930986594,1.0002940851349087,1.0003561686482532,1.0004398014549596,1.0005448263306418,1.0006772606706886
experiment_823,1.0001105662656666,1.0001105662656666,1.0001105662656666,1.0001105662656666,1.0001105662656666,1.0001105662656666,1.0001105662656666,1.0001105662656666,1.0001105662656666,1.0001105662656666,1.0001105662656666,1.0001105662656666,1.0001105662656666,1.0001105662656666,1.0001105662656666,1.0001105662656666,1.0001105662656666,1.0001105662656666,1.0001105662656666,1.0001105662656666,1.0001105662656666,1.0001105662656666,1.0001105662656666,1.0001105662656666,1.0001105662656666,1.0001105662656666,1.0001105662656666,1.0001105662656666,1.0001105662656666,1.0001105662656666,1.0001105662656666,1.0001105662656666
experiment_824,1.0001105662656666,1.0001105662656666,1.0001105662656666,1.0001105662656666,1.0001105662656666,1.0001105662656666,1.0001105662656666,1.0001105662656666,1.0001105662656666,1.0001105662656666,1.0001105662656666,1.0001105662656666,1.0001105662656666,1.0001105662656666,1.0001105662656666,1.0001591167884605,1.0001731696862033,1.000189912630497,1.000209929698065,1.0002338133160762,1.0002514963991789,1.000283500345035,1.000324576307538,1.0003747984429687,1.000435305559181,1.000488649976697,1.000572777739886,1.0006857947534276,1.0008038330651718,1.000945876455868,1.0011168326749158,1.0013289615897243
experiment_825,1.0001105662656666,1.0001105662656666,1.0001105662656666,1.0001105662656666,1.0001105662656666,1.0001105662656666,1.0001105662656666,1.0001105662656666,1.0001105662656666,1.0001105662656666,1.0001105662656666,1.0001105662656666,1.0001105662656666,1.0001105662656666,1.0001105662656666,1.0001105662656666,1.0001105662656666,1.0001105662656666,1.0001105662656666,1.0001105662656666,1.0001105662656666,1.0001105662656666,1.0001105662656666,1.0001105662656666,1.0001105662656666,1.0001105662656666,1.0001105662656666,1.0001105662656666,1.0001105662656666,1.0001105662656666,1.0001105662656666,1.0001105662656666
experiment_826,1.0001105662656666,1.0001105662656666,1.0001105662656666,1.0001105662656666,1.0001105662656666,1.0001105662656666,1.0001105662656666,1.0001105662656666,1.0001105662656666,1.0001105662656666,1.0001105662656666,1.0001105662656666,1.0001105662656666,1.0001105662656666,1.0001105662656666,1.0001105662656666,1.0001105662656666,1.0001105662656666,1.0001105662656666,1.0001105662656666,1.0001105662656666,1.0001105662656666,1.0001105662656666,1.000159373184407,1.000159373184407,1.000159373184407,1.000159373184407,1.0002010682152267,1.0002144054881177,1.0002300717709822,1.0002463484618855,1.0002639404156244
experiment_827,1.0001105662656666,1.0001105662656666,1.0001105662656666,1.0001105662656666,1.0001105662656666,1.0001105662656666,1.0001105662656666,1.0001105662656666,1.0001105662656666,1.0001105662656666,1.0001105662656666,1.0001105662656666,1.0001105662656666,1.0001105662656666,1.0001105662656666,1.0001105662656666,1.0001105662656666,1.0001105662656666,1.0001105662656666,1.0001105662656666,1.0001105662656666,1.0001105662656666,1.0001105662656666,1.0001105662656666,1.0001372400370094,1.0001504868277793,1.0001655088302477,1.0001803921801564,1.0001983864731006,1.0002185710529632,1.000231482783081,1.0002570077578121
experiment_828,1.0001105662656666,1.0001105662656666,1.0001105662656666,1.0001105662656666,1.0001105662656666,1.0001105662656666,1.0001105662656666,1.0001105662656666,1.0001105662656666,1.0001105662656666,1.0001105662656666,1.0001105662656666,1.0001105662656666,1.0001105662656666,1.0001105662656666,1.0001105662656666,1.0001105662656666,1.0001523356725999,1.0001523356725999,1.000172100787393,1.0001846053884733,1.0002002698860961,1.000229874082937,1.0002556774654834,1.0003300065192562,1.0003661263267143,1.0004080527540709,1.0004433112581335,1.000478758917865,1.00053188591465,1.0005904270150483,1.0006719747433304
experiment_829,1.0001105662656666,1.0001105662656666,1.0000901547526955,1.0000901547526955,1.0000901547526955,1.0000901547526955,1.0000901547526955,1.0000901547526955,1.0000901547526955,1.0000901547526955,1.0000901547526955,1.0000901547526955,1.0000901547526955,1.0000901547526955,1.0000901547526955,1.0000901547526955,1.0000901547526955,1.0000901547526955,1.0001158714299236,1.0001271982203794,1.0001415824007527,1.0001580718623657,1.0001775307074077,1.0002016282390536,1.0002401724910606,1.0002906307234256,1.000327809935638,1.0003832471230327,1.0004499879039317,1.000532604342017,1.0006446622383545,1.0007535335639088
experiment_830,1.0001105662656666,1.0001105662656666,1.0001105662656666,1.0001105662656666,1.0001105662656666,1.0001105662656666,1.0001105662656666,1.0001105662656666,1.0001105662656666,1.0001105662656666,1.0001105662656666,1.0001105662656666,1.0001105662656666,1.0001105662656666,1.000180376709041,1.000180376709041,1.0002004174869794,1.000211988385878,1.0002222926948054,1.0002451745222751,1.0002764992984472,1.000295434224643,1.0003168494497319,1.000341273679301,1.0003691117225213,1.000398962949867,1.000431438540011,1.0004683144761113,1.00050854718073,1.0005429874260334,1.000593637811348,1.0006497553157119
experiment_831,1.0001105662656666,1.0001105662656666,1.0001105662656666,1.0001105662656666,1.0001105662656666,1.0001105662656666,1.0001105662656666,1.0001105662656666,1.0001105662656666,1.0001105662656666,1.0001105662656666,1.0001105662656666,1.0001105662656666,1.0001105662656666,1.0001105662656666,1.0001105662656666,1.0001105662656666,1.0001105662656666,1.0001105662656666,1.0001105662656666,1.0001105662656666,1.0001105662656666,1.0001105662656666,1.0001105662656666,1.0001105662656666,1.0001105662656666,1.0001876738486604,1.0001991405531496,1.0002117037314548,1.0002291156942562,1.0002455279159426,1.0002637030428136
experiment_832,1.0001105662656666,1.0001105662656666,1.0001105662656666,1.0001105662656666,1.0001105662656666,1.0001105662656666,1.0001105662656666,1.0001105662656666,1.0001105662656666,1.0001105662656666,1.0001105662656666,1.0001105662656666,1.0001105662656666,1.0001105662656666,1.0001651155285833,1.0001651155285833,1.0001868365613467,1.0001868365613467,1.0002262972243692,1.000256555395011,1.0002659566067496,1.0002912201929748,1.0003176948277444,1.0003473407846595,1.0003829643303341,1.0004224099341008,1.0004720410017198,1.000522213676395,1.0005915618388135,1.0006620368738675,1.0007393029100216,1.0008231835936607
experiment_833,1.0001105662656666,1.0001105662656666,1.000093755745439,1.000093755745439,1.000093755745439,1.000093755745439,1.000093755745439,1.000093755745439,1.000093755745439,1.000093755745439,1.000093755745439,1.000093755745439,1.000093755745439,1.000093755745439,1.000093755745439,1.000093755745439,1.000093755745439,1.000093755745439,1.000093755745439,1.000093755745439,1.000093755745439,1.000093755745439,1.0001161011391502,1.0001278554412694,1.000142316269383,1.0001589244223155,1.0001790871569505,1.0001925260635949,1.000217926895045,1.0002592090430356,1.0002961164046613,1.0003411610383655
experiment_834,1.0001105662656666,1.0001105662656666,1.0001105662656666,1.0001105662656666,1.0001105662656666,1.0001105662656666,1.0001105662656666,1.0001105662656666,1.0001105662656666,1.0001105662656666,1.0001105662656666,1.0001105662656666,1.0001105662656666,1.0001105662656666,1.0001105662656666,1.0001105662656666,1.0001105662656666,1.0001105662656666,1.0001105662656666,1.0001105662656666,1.0001105662656666,1.0001105662656666,1.0001105662656666,1.0001105662656666,1.0001716417950948,1.0001716417950948,1.0001913135731413,1.0001913135731413,1.0001913135731413,1.000260860334512,1.000260860334512,1.0002798064108063
experiment_835,1.0001105662656666,1.0001105662656666,1.0001105662656666,1.0001105662656666,1.0001105662656666,1.0001105662656666,1.0001105662656666,1.0001105662656666,1.0001105662656666,1.0001105662656666,1.0001105662656666,1.0001105662656666,1.0001105662656666,1.0001105662656666,1.0001105662656666,1.0001105662656666,1.0001105662656666,1.0001105662656666,1.0001105662656666,1.0001105662656666,1.0001105662656666,1.0001105662656666,1.0001105662656666,1.0001105662656666,1.0001105662656666,1.0001105662656666,1.0001105662656666,1.0001105662656666,1.0001105662656666,1.0001105662656666,1.0001105662656666,1.0001105662656666
experiment_836,1.0001105662656666,1.0001105662656666,1.0001105662656666,1.0001105662656666,1.0001105662656666,1.0001105662656666,1.0001105662656666,1.0001105662656666,1.0001105662656666,1.0001105662656666,1.0001105662656666,1.0001105662656666,1.0001105662656666,1.0001105662656666,1.0001105662656666,1.0001714263204806,1.0001897454635091,1.0002121245190116,1.0002398866598066,1.000278629469032,1.000319483628598,1.0003834147033026,1.0004477891418802,1.0005282160849671,1.000616075580604,1.0007358388107561,1.0008844079581152,1.001071345326495,1.00128777424355,1.0016013826212846,1.0019677950181813,1.0024216263594603
experiment_837,1.0001105662656666,1.000100514779552,1.0000885944245257,1.0000885944245257,1.0000885944245257,1.0000885944245257,1.0000885944245257,1.0000885944245257,1.0000885944245257,1.0000885944245257,1.0000885944245257,1.0000885944245257,1.0000885944245257,1.0000885944245257,1.0000885944245257,1.0000885944245257,1.0000885944245257,1.0000885944245257,1.0000885944245257,1.0000885944245257,1.0001164241311487,1.0001288228731362,1.0001446164060674,1.0001446164060674,1.000172065431041,1.0002078891629804,1.0002402353175825,1.000279758582446,1.0003575021616922,1.0004303814657907,1.000507591338772,1.0006192655514012
experiment_838,1.0001105662656666,1.0001105662656666,1.0001105662656666,1.0001105662656666,1.0001105662656666,1.0001105662656666,1.0001105662656666,1.0001105662656666,1.0001105662656666,1.0001105662656666,1.0001105662656666,1.0001105662656666,1.0001105662656666,1.0001105662656666,1.0001105662656666,1.0001105662656666,1.0001105662656666,1.0001105662656666,1.0001105662656666,1.0001105662656666,1.0001105662656666,1.0001105662656666,1.0001105662656666,1.0001105662656666,1.0001105662656666,1.0001105662656666,1.0001105662656666,1.0001105662656666,1.0001496403119794,1.0001496403119794,1.0001496403119794,1.0001496403119794
experiment_839,1.0001105662656666,1.0001105662656666,1.0001105662656666,1.0001105662656666,1.0001105662656666,1.0001105662656666,1.0001105662656666,1.0001105662656666,1.0001105662656666,1.0001105662656666,1.0001105662656666,1.0001105662656666,1.0001105662656666,1.0001105662656666,1.0001105662656666,1.0001105662656666,1.0001105662656666,1.0001105662656666,1.0001105662656666,1.0001105662656666,1.0001105662656666,1.0001105662656666,1.000120854910403,1.000131512472074,1.000131512472074,1.0001454214700427,1.0001726700430407,1.0001915245368291,1.00021444084237,1.0002441698605506,1.0002756522999146,1.0003390844543594
experiment_840,1.0001105662656666,1.0001105662656666,1.0000923509956388,1.0000923509956388,1.0000923509956388,1.0000923509956388,1.0000923509956388,1.0000923509956388,1.0000923509956388,1.0000923509956388,1.0000923509956388,1.0000923509956388,1.0000923509956388,1.0000923509956388,1.0000923509956388,1.0001175125989392,1.0001175125989392,1.0001175125989392,1.0001435761073603,1.0001435761073603,1.000159806572493,1.0001748797185999,1.0001922646223356,1.000213365323591,1.0002518024982958,1.0002820023610803,1.0003722022984356,1.000416428074751,1.0004797519625517,1.0005379925056823,1.000615936716278,1.0007039052255529
experiment_841,1.0001105662656666,1.0001105662656666,1.0001105662656666,1.0001105662656666,1.0001105662656666,1.0001105662656666,1.0001105662656666,1.0001105662656666,1.0001105662656666,1.0001105662656666,1.0001105662656666,1.0001105662656666,1.0001105662656666,1.0001105662656666,1.0001105662656666,1.0001105662656666,1.0001105662656666,1.0001105662656666,1.0001105662656666,1.0001105662656666,1.0001105662656666,1.0001105662656666,1.000172959257326,1.0001844255929768,1.0001967770943172,1.0002108255954119,1.000226445037962,1.0002441367780597,1.0002441367780597,1.0002744476364775,1.0003220950835847,1.0003605845730938
experiment_842,1.0001105662656666,1.0001105662656666,1.0001105662656666,1.0001105662656666,1.0001105662656666,1.0001105662656666,1.0001105662656666,1.0001105662656666,1.0001105662656666,1.0001105662656666,1.0001105662656666,1.0001105662656666,1.0001105662656666,1.0001105662656666,1.0001105662656666,1.0001105662656666,1.0001105662656666,1.0001105662656666,1.0001105662656666,1.0001105662656666,1.0001105662656666,1.0001105662656666,1.0001105662656666,1.0001105662656666,1.0001105662656666,1.0001105662656666,1.0001539248783515,1.0001642414582945,1.0001642414582945,1.0001786216153412,1.0001909749268123,1.000215719281961
experiment_843,1.0001105662656666,1.0001105662656666,1.0001105662656666,1.0001105662656666,1.0001105662656666,1.0001105662656666,1.0001105662656666,1.0001105662656666,1.0001105662656666,1.0001105662656666,1.0001105662656666,1.0001105662656666,1.0001105662656666,1.0001105662656666,1.0001105662656666,1.0001105662656666,1.0001105662656666,1.0001105662656666,1.0001105662656666,1.0001105662656666,1.0001105662656666,1.0001105662656666,1.0001105662656666,1.0001105662656666,1.0001105662656666,1.0001105662656666,1.0001105662656666,1.0001105662656666,1.0001105662656666,1.0001105662656666,1.0001236293168692,1.0001360051843193
experiment_844,1.0001105662656666,1.0001105662656666,1.0001105662656666,1.0001105662656666,1.0001105662656666,1.0001105662656666,1.0001105662656666,1.0001105662656666,1.0001105662656666,1.0001105662656666,1.0001105662656666,1.0001105662656666,1.0001105662656666,1.0001105662656666,1.0001105662656666,1.0001105662656666,1.0001105662656666,1.0001105662656666,1.0002582759669327,1.0002726660845844,1.000288282639127,1.0003052904690004,1.0003239733677782,1.0003443214491354,1.0003665009674196,1.0003908375208592,1.0004174793753597,1.0004469661412203,1.0004792423632787,1.000522892943495,1.0005630998037731,1.0006072718616266
experiment_845,1.0001105662656666,1.0001105662656666,1.0001105662656666,1.0001105662656666,1.0001105662656666,1.0001105662656666,1.0001105662656666,1.0001105662656666,1.0001105662656666,1.0001105662656666,1.0001105662656666,1.0001105662656666,1.0001105662656666,1.0001105662656666,1.0001105662656666,1.0001105662656666,1.0001105662656666,1.0001105662656666,1.0001105662656666,1.0001105662656666,1.0001105662656666,1.0001105662656666,1.0001105662656666,1.0001105662656666,1.0001105662656666,1.0001105662656666,1.0001105662656666,1.0001105662656666,1.0001105662656666,1.0001105662656666,1.0001105662656666,1.0001105662656666
experiment_846,1.0001105662656666,1.00009770866928,1.0000852676103023,1.0000852676103023,1.0000852676103023,1.0000852676103023,1.0000852676103023,1.0000852676103023,1.0000852676103023,1.0000852676103023,1.0000852676103023,1.0000852676103023,1.0000852676103023,1.0000852676103023,1.0000852676103023,1.0000852676103023,1.0000852676103023,1.0000852676103023,1.0000852676103023,1.0000852676103023,1.0000852676103023,1.0000852676103023,1.0000852676103023,1.0000852676103023,1.0000852676103023,1.0000852676103023,1.0000852676103023,1.0000852676103023,1.0001024439531299,1.0001156291010074,1.0001306458150248,1.000151822350326
experiment_847,1.0001105662656666,1.0001105662656666,1.0001105662656666,1.0001105662656666,1.0001105662656666,1.0001105662656666,1.0001105662656666,1.0001105662656666,1.0001105662656666,1.0001105662656666,1.0001105662656666,1.0001105662656666,1.0001105662656666,1.0001105662656666,1.0001105662656666,1.0001105662656666,1.0001105662656666,1.0001105662656666,1.0001105662656666,1.0001210470683213,1.0001210470683213,1.0001210470683213,1.0001410145444802,1.0001550942650919,1.0001696291187103,1.0002002767509708,1.000221093104426,1.0002475635731563,1.0003165756295544,1.0003558642027282,1.0004059029817678,1.0004649718905103
experiment_848,1.0001105662656666,1.0001105662656666,1.0000930805535375,1.0000930805535375,1.0000930805535375,1.0000930805535375,1.0000930805535375,1.0000930805535375,1.0000930805535375,1.0000930805535375,1.0000930805535375,1.0000930805535375,1.0000930805535375,1.0000930805535375,1.0000930805535375,1.0000930805535375,1.0000930805535375,1.0000930805535375,1.0000930805535375,1.0000930805535375,1.0000930805535375,1.0000930805535375,1.0000930805535375,1.0000930805535375,1.0000930805535375,1.0001220001905884,1.000135657523356,1.0001518281817114,1.0001710040648886,1.0001984165576607,1.0002250968921935,1.0002577746541539
experiment_849,1.0001105662656666,1.0001105662656666,1.0001105662656666,1.0001105662656666,1.0001105662656666,1.0001105662656666,1.0001105662656666,1.0001105662656666,1.0001105662656666,1.0001105662656666,1.0001105662656666,1.0001105662656666,1.0001105662656666,1.0001105662656666,1.0001105662656666,1.0001105662656666,1.0001105662656666,1.0001105662656666,1.0001105662656666,1.0001602669847778,1.000172448034498,1.0001864189273022,1.0002023724106515,1.0002209656521694,1.0002421716548304,1.000266859462552,1.0002848823477046,1.0003161212879574,1.0003628890516463,1.0004062682629473,1.0004568552288209,1.0005395736062426
experiment_850,1.0001105662656666,1.0001105662656666,1.0001105662656666,1.0001105662656666,1.0001236521142405,1.0001236521142405,1.0001236521142405,1.0001236521142405,1.0001236521142405,1.0001236521142405,1.0001236521142405,1.0001236521142405,1.0001759994703,1.000190595737948,1.0002075372211847,1.0002272521985303,1.0002502386904535,1.0002772171085315,1.000307887905461,1.0003430542350347,1.0003841606867807,1.0004461092219166,1.0005052998968949,1.0005744564465708,1.000656065566717,1.0007531911257348,1.0008696952892142,1.001007915744253,1.0011953805258005,1.0013979057533442,1.0016274302671204,1.0019145753509622
experiment_851,1.0001105662656666,1.0001105662656666,1.0001105662656666,1.0001105662656666,1.0001105662656666,1.0001105662656666,1.0001105662656666,1.0001105662656666,1.0001105662656666,1.0001105662656666,1.0001105662656666,1.0001105662656666,1.0001105662656666,1.0001105662656666,1.0001105662656666,1.0001105662656666,1.0001105662656666,1.0001105662656666,1.0001105662656666,1.0001105662656666,1.0001105662656666,1.0001105662656666,1.0001105662656666,1.0001105662656666,1.0001105662656666,1.0001105662656666,1.0001105662656666,1.0001947207780073,1.0001947207780073,1.0001947207780073,1.0001947207780073,1.0001947207780073
experiment_852,1.0001105662656666,1.0001105662656666,1.0000919264671349,1.0000919264671349,1.0000919264671349,1.0000919264671349,1.0000919264671349,1.0000919264671349,1.0000919264671349,1.0000919264671349,1.0000919264671349,1.0000919264671349,1.0000919264671349,1.0000919264671349,1.0000919264671349,1.0000919264671349,1.0000919264671349,1.0000919264671349,1.0001505849802934,1.0001692522124155,1.0001919770305678,1.0002196854933034,1.0002536692514117,1.0002991648640216,1.0003609021123345,1.0004263951903865,1.0005079484499546,1.0006093272330894,1.0007267265885549,1.0008834735375443,1.0010794836654335,1.0013461726084523
experiment_853,1.0001105662656666,1.0001105662656666,1.0001105662656666,1.0001105662656666,1.0001105662656666,1.0001105662656666,1.0001105662656666,1.0001105662656666,1.0001105662656666,1.0001105662656666,1.0001105662656666,1.0001105662656666,1.0001105662656666,1.0001105662656666,1.00013002773778,1.00013002773778,1.0001643836901297,1.0001643836901297,1.0001643836901297,1.000192751294847,1.0002049411740268,1.0002190354782974,1.00023408920558,1.0002603610956855,1.0002806860758124,1.0003019503469868,1.0003239450226202,1.0003485890425547,1.0003834144275048,1.0004124761374211,1.0004452360505234,1.00047369872399
experiment_854,1.0001105662656666,1.0001105662656666,1.000093198654217,1.000093198654217,1.000093198654217,1.000093198654217,1.000093198654217,1.000093198654217,1.000093198654217,1.000093198654217,1.000093198654217,1.000093198654217,1.000093198654217,1.000093198654217,1.000093198654217,1.000093198654217,1.000093198654217,1.000093198654217,1.000093198654217,1.000093198654217,1.000093198654217,1.000093198654217,1.000093198654217,1.000093198654217,1.000093198654217,1.000093198654217,1.000093198654217,1.000093198654217,1.0001308822413588,1.0001412896604076,1.0001532133166076,1.0001671835969963
experiment_855,1.0001105662656666,1.0001105662656666,1.000092864752151,1.000092864752151,1.000092864752151,1.000092864752151,1.000092864752151,1.000092864752151,1.000092864752151,1.000092864752151,1.000092864752151,1.000092864752151,1.000092864752151,1.000092864752151,1.000092864752151,1.000092864752151,1.000092864752151,1.000092864752151,1.000092864752151,1.000092864752151,1.000092864752151,1.000092864752151,1.000092864752151,1.000092864752151,1.000092864752151,1.000092864752151,1.000092864752151,1.000092864752151,1.000092864752151,1.000092864752151,1.0001320945587049,1.0001460262913422
experiment_856,1.0001105662656666,1.0001105662656666,1.0001105662656666,1.0001105662656666,1.0001105662656666,1.0001105662656666,1.0001105662656666,1.0001105662656666,1.0001105662656666,1.0001105662656666,1.0001105662656666,1.0001105662656666,1.0001105662656666,1.0001105662656666,1.0001105662656666,1.0001105662656666,1.000191776711263,1.000209312399084,1.0002297413130221,1.0002535935738273,1.0002815096010464,1.0003143230026779,1.0003530684349284,1.0003987713801332,1.000458689203959,1.0005232073843275,1.0006098487298862,1.0007037243234365,1.0008164061615334,1.0009527705361203,1.001116017692078,1.0013164247786943
experiment_858,1.0001105662656666,1.0001105662656666,1.0001105662656666,1.0001105662656666,1.0001105662656666,1.0001105662656666,1.0001105662656666,1.0001105662656666,1.0001105662656666,1.0001105662656666,1.0001105662656666,1.0001105662656666,1.0001105662656666,1.0001105662656666,1.0001105662656666,1.0001105662656666,1.0001105662656666,1.0001105662656666,1.0001105662656666,1.0001105662656666,1.0001105662656666,1.0001105662656666,1.0001105662656666,1.0001105662656666,1.0001105662656666,1.0001105662656666,1.0001105662656666,1.0001105662656666,1.0001105662656666,1.0001105662656666,1.0001105662656666,1.0001105662656666
experiment_859,1.0001105662656666,1.0001105662656666,1.0001105662656666,1.0001105662656666,1.0001105662656666,1.0001105662656666,1.0001105662656666,1.0001105662656666,1.0001105662656666,1.0001105662656666,1.0001105662656666,1.0001105662656666,1.0001105662656666,1.0001105662656666,1.0001105662656666,1.0001105662656666,1.0001105662656666,1.0001105662656666,1.0001105662656666,1.0001105662656666,1.0001105662656666,1.0001105662656666,1.0001105662656666,1.0002005996715038,1.00021327994888,1.0002275689795157,1.00024367303174,1.0002619065947271,1.0002825494279197,1.000305881646594,1.0003326646461252,1.0003630904645555
experiment_860,1.0001105662656666,1.0001105662656666,1.00009435615508,1.00009435615508,1.00009435615508,1.00009435615508,1.00009435615508,1.00009435615508,1.00009435615508,1.00009435615508,1.00009435615508,1.00009435615508,1.00009435615508,1.00009435615508,1.00009435615508,1.00009435615508,1.0001503310517625,1.0001640751389493,1.000179688127752,1.000179688127752,1.000205543847196,1.000241649192464,1.0002710143936246,1.0003041199594234,1.000342027720101,1.0004060847813474,1.0004604322344057,1.0005250349362793,1.0005992812548197,1.0006891270663303,1.000790106383854,1.0009240799656214
experiment_861,1.0001105662656666,1.0001105662656666,1.0001105662656666,1.0001105662656666,1.0001105662656666,1.0001105662656666,1.0001105662656666,1.0001105662656666,1.0001105662656666,1.0001105662656666,1.0001105662656666,1.0001105662656666,1.0001105662656666,1.0001105662656666,1.0001105662656666,1.0001105662656666,1.0001105662656666,1.0001105662656666,1.0001105662656666,1.0001105662656666,1.0001105662656666,1.0001105662656666,1.0001105662656666,1.0001105662656666,1.0002186485426723,1.0002186485426723,1.0002391909604782,1.0002503368981932,1.000262179819383,1.00027474176454,1.0002881523198424,1.00030242631774
experiment_862,1.0001105662656666,1.0001105662656666,1.0000929210567033,1.0000929210567033,1.0000929210567033,1.0000929210567033,1.0000929210567033,1.0000929210567033,1.0000929210567033,1.0000929210567033,1.0000929210567033,1.0000929210567033,1.0000929210567033,1.0000929210567033,1.0000929210567033,1.0000929210567033,1.0000929210567033,1.0000929210567033,1.0000929210567033,1.0000929210567033,1.0000929210567033,1.0000929210567033,1.0000929210567033,1.0000929210567033,1.0000929210567033,1.0000929210567033,1.0000929210567033,1.0000929210567033,1.0000929210567033,1.0000929210567033,1.0000929210567033,1.0000929210567033
experiment_863,1.0001105662656666,1.0001105662656666,1.0000931338213739,1.0000931338213739,1.0000931338213739,1.0000931338213739,1.0000931338213739,1.0000931338213739,1.0000931338213739,1.0000931338213739,1.0000931338213739,1.0000931338213739,1.0000931338213739,1.0000931338213739,1.0000931338213739,1.0000931338213739,1.0000931338213739,1.0001194216781313,1.0001301569102745,1.0001301569102745,1.0001436447241796,1.0001580300338981,1.0001756408215579,1.0001955903084068,1.0002202643485705,1.0002489961294394,1.0003320594618192,1.0003821167515357,1.0004419713069392,1.0005156215100652,1.000603735088195,1.0006954910765762
experiment_864,1.0001105662656666,1.0001105662656666,1.0001105662656666,1.0001105662656666,1.0001105662656666,1.0001105662656666,1.0001105662656666,1.0001105662656666,1.0001105662656666,1.0001105662656666,1.0001105662656666,1.0001105662656666,1.0001105662656666,1.0001105662656666,1.0001105662656666,1.0001105662656666,1.0001105662656666,1.0001105662656666,1.0001105662656666,1.0001105662656666,1.0001105662656666,1.0001105662656666,1.0001105662656666,1.0001105662656666,1.0001276690008614,1.0001276690008614,1.0001276690008614,1.0001276690008614,1.0001276690008614,1.0001276690008614,1.0001276690008614,1.0001276690008614
experiment_865,1.0001105662656666,1.0001105662656666,1.0000926266970842,1.0000926266970842,1.0000926266970842,1.0000926266970842,1.0000926266970842,1.0000926266970842,1.0000926266970842,1.0000926266970842,1.0000926266970842,1.0000926266970842,1.0000926266970842,1.0000926266970842,1.0000926266970842,1.0000926266970842,1.0000926266970842,1.0000926266970842,1.0000926266970842,1.0000926266970842,1.0000926266970842,1.0000926266970842,1.0000926266970842,1.0000926266970842,1.0001314248874726,1.0001456686294978,1.0001638353114815,1.000196453763035,1.0002590246071403,1.0003079861383093,1.0003705426935265,1.0004466851021703
experiment_866,1.0001105662656666,1.0001105662656666,1.0001105662656666,1.0001105662656666,1.0001105662656666,1.0001105662656666,1.0001105662656666,1.0001105662656666,1.0001105662656666,1.0001105662656666,1.0001105662656666,1.0001105662656666,1.0001105662656666,1.0001105662656666,1.0001105662656666,1.0001105662656666,1.0001105662656666,1.0001105662656666,1.0001240418110693,1.0001240418110693,1.0001240418110693,1.0001240418110693,1.0001240418110693,1.0001240418110693,1.0001727635380726,1.0001847334391853,1.0002092277355812,1.0002321290696954,1.000307875635733,1.0003397401400267,1.0003747615403302,1.000402694558854
experiment_867,1.0001105662656666,1.0001105662656666,1.0001105662656666,1.0001105662656666,1.0001105662656666,1.0001105662656666,1.0001105662656666,1.0001105662656666,1.0001105662656666,1.0001105662656666,1.0001105662656666,1.0001105662656666,1.0001105662656666,1.0001105662656666,1.0001105662656666,1.0001105662656666,1.0001105662656666,1.0001105662656666,1.0001105662656666,1.0001105662656666,1.0001105662656666,1.0001105662656666,1.0001105662656666,1.0001105662656666,1.0001105662656666,1.0001105662656666,1.0001105662656666,1.0001105662656666,1.0001105662656666,1.0001105662656666,1.0001105662656666,1.0001105662656666
experiment_868,1.0001105662656666,1.0001105662656666,1.0001105662656666,1.0001105662656666,1.0001105662656666,1.0001105662656666,1.0001105662656666,1.0001105662656666,1.0001105662656666,1.0001105662656666,1.0001105662656666,1.0001105662656666,1.0001105662656666,1.0001105662656666,1.0001105662656666,1.0001105662656666,1.0001105662656666,1.0001342456538553,1.0001450315789449,1.0001577814913818,1.0001730817658347,1.0001730817658347,1.000199589622734,1.0002230321821757,1.0002875492856762,1.0003278814892722,1.000371482006479,1.000422914657556,1.0004833783026132,1.0005338605118435,1.000618073955618,1.0007115772291888
experiment_869,1.0001105662656666,1.0001105662656666,1.0001105662656666,1.0001105662656666,1.0001105662656666,1.0001105662656666,1.0001105662656666,1.0001105662656666,1.0001105662656666,1.0001105662656666,1.0001105662656666,1.0001105662656666,1.0001105662656666,1.0001105662656666,1.0001105662656666,1.0001105662656666,1.0001105662656666,1.0001105662656666,1.0001105662656666,1.0001105662656666,1.0001105662656666,1.0001105662656666,1.0001105662656666,1.0001105662656666,1.0001105662656666,1.0001105662656666,1.0001105662656666,1.0001105662656666,1.0001105662656666,1.0001105662656666,1.0001105662656666,1.0001105662656666
experiment_870,1.0001105662656666,1.0001105662656666,1.0001105662656666,1.0001105662656666,1.0001105662656666,1.0001105662656666,1.0001105662656666,1.0001105662656666,1.0001105662656666,1.0001105662656666,1.0001105662656666,1.0001105662656666,1.0001105662656666,1.0001105662656666,1.0001105662656666,1.0001970053047808,1.0002115628541735,1.0002115628541735,1.0002383983567138,1.0002591405174617,1.0002932725653888,1.0003215606192353,1.0003554036741817,1.0003966209500197,1.0004431450101947,1.0004968800764915,1.0005591803908382,1.0006301865227705,1.000714053861783,1.000813094986512,1.0009285225090554,1.0009999044062292
experiment_871,1.0001105662656666,1.0001105662656666,1.00009417126028,1.00009417126028,1.00009417126028,1.00009417126028,1.00009417126028,1.00009417126028,1.00009417126028,1.00009417126028,1.00009417126028,1.00009417126028,1.00009417126028,1.00009417126028,1.00009417126028,1.00009417126028,1.00009417126028,1.00009417126028,1.00009417126028,1.00009417126028,1.00009417126028,1.0001229645985068,1.0001229645985068,1.000144599115625,1.000144599115625,1.0001605663324007,1.0001763214185708,1.0001943034448113,1.0002144746175392,1.0002586207933055,1.0002933113994692,1.0003446129836628
experiment_872,1.0001105662656666,1.0001105662656666,1.0001105662656666,1.0001105662656666,1.0001105662656666,1.0001105662656666,1.0001105662656666,1.0001105662656666,1.0001105662656666,1.0001105662656666,1.0001105662656666,1.0001105662656666,1.0001105662656666,1.0001105662656666,1.0001105662656666,1.0001105662656666,1.0001105662656666,1.0001105662656666,1.0001363800415426,1.0001363800415426,1.0001363800415426,1.0001363800415426,1.0001363800415426,1.0001710138072408,1.000182942359187,1.0001962940143005,1.000210904876018,1.0002276824029361,1.0002704312341026,1.0002959029432759,1.0003238633669844,1.0003527528340388
experiment_873,1.0001105662656666,1.0001292826823702,1.0001292826823702,1.0001292826823702,1.0001292826823702,1.0001292826823702,1.0001292826823702,1.0001292826823702,1.0001292826823702,1.0001292826823702,1.0002069503148445,1.0002069503148445,1.0002069503148445,1.000241105512331,1.0002520456968311,1.000263098251693,1.0002743616926724,1.0002858021023626,1.0002974447636857,1.000308939142143,1.0003207936120262,1.0003327248473626,1.000344746473743,1.0003583255094297,1.0003816710418887,1.0004049903863592,1.0004184322458136,1.0004323390961312,1.000445809065869,1.0004594253209547,1.0004731977192094,1.000486726191067
experiment_874,1.0001105662656666,1.000099220421951,1.0000839228224137,1.0000839228224137,1.0000839228224137,1.0000839228224137,1.0000839228224137,1.0000839228224137,1.0000839228224137,1.0000839228224137,1.0000839228224137,1.0000839228224137,1.0000839228224137,1.0000839228224137,1.0000839228224137,1.0000839228224137,1.0000839228224137,1.0000839228224137,1.0000839228224137,1.0000839228224137,1.0000839228224137,1.0000839228224137,1.0000839228224137,1.0000839228224137,1.0000814082490894,1.0000814082490894,1.0001016402580925,1.0001016402580925,1.0001161018184928,1.00013079983689,1.0001484755306782,1.0001714833116166
experiment_875,1.0001105662656666,1.0001105662656666,1.0001105662656666,1.0001105662656666,1.0001105662656666,1.0001105662656666,1.0001105662656666,1.0001105662656666,1.0001105662656666,1.0001105662656666,1.0001105662656666,1.0001105662656666,1.0001105662656666,1.0001105662656666,1.0001105662656666,1.0001105662656666,1.0001105662656666,1.0001105662656666,1.0001105662656666,1.0001105662656666,1.0001105662656666,1.0001105662656666,1.0001105662656666,1.0001105662656666,1.0001105662656666,1.0001105662656666,1.0001105662656666,1.0001105662656666,1.0001105662656666,1.0001105662656666,1.0001105662656666,1.0001105662656666
experiment_876,1.0001105662656666,1.0001105662656666,1.0001105662656666,1.0001105662656666,1.0001105662656666,1.0001105662656666,1.0001105662656666,1.0001105662656666,1.0001105662656666,1.0001105662656666,1.0001105662656666,1.0001105662656666,1.0001105662656666,1.0001105662656666,1.0001105662656666,1.0001105662656666,1.0001105662656666,1.000194472683509,1.0002080618460838,1.0002237263852847,1.0002418855168844,1.0002627757415274,1.0002869424082854,1.0003150684004096,1.000347292165682,1.000383842276698,1.0004307826425805,1.0004809366682463,1.0005486574375375,1.0006157632627493,1.0006933627140218,1.0007829064326235
experiment_877,1.0001105662656666,1.0001105662656666,1.0001105662656666,1.0001105662656666,1.0001105662656666,1.0001105662656666,1.0001105662656666,1.0001105662656666,1.0001105662656666,1.0001105662656666,1.0001105662656666,1.0001105662656666,1.0001105662656666,1.0001105662656666,1.0001105662656666,1.0001105662656666,1.0001105662656666,1.0001105662656666,1.0001105662656666,1.0001105662656666,1.0001105662656666,1.0001105662656666,1.0001105662656666,1.0001105662656666,1.0001105662656666,1.0001105662656666,1.0001105662656666,1.0001105662656666,1.0001105662656666,1.0001105662656666,1.0001105662656666,1.0001105662656666
experiment_878,1.0001105662656666,1.0001105662656666,1.0001105662656666,1.0001105662656666,1.0001105662656666,1.0001105662656666,1.0001105662656666,1.0001105662656666,1.0001105662656666,1.0001105662656666,1.0001105662656666,1.0001105662656666,1.0001105662656666,1.0001105662656666,1.0001105662656666,1.0001105662656666,1.0001105662656666,1.0001105662656666,1.0001105662656666,1.0001105662656666,1.0001105662656666,1.0001105662656666,1.0001105662656666,1.0001105662656666,1.0001361555731552,1.0001484790385942,1.0001621484550127,1.0001621484550127,1.000183810626844,1.0002170778765074,1.0002400780568759,1.0002978365493624
experiment_879,1.0001105662656666,1.0001105662656666,1.0001105662656666,1.0001105662656666,1.0001105662656666,1.0001105662656666,1.0001105662656666,1.0001105662656666,1.0001105662656666,1.0001105662656666,1.0001105662656666,1.0001105662656666,1.0001105662656666,1.0001105662656666,1.0001105662656666,1.0001105662656666,1.0001105662656666,1.0001105662656666,1.0001105662656666,1.0001105662656666,1.0001105662656666,1.0001105662656666,1.0001105662656666,1.0001105662656666,1.0001105662656666,1.0001105662656666,1.0001105662656666,1.0001105662656666,1.0001483125890311,1.0001590376480956,1.000170712238335,1.0001840470228738
experiment_880,1.0001105662656666,1.0001105662656666,1.0001105662656666,1.0001105662656666,1.0001105662656666,1.0001105662656666,1.0001105662656666,1.0001105662656666,1.0001105662656666,1.0001105662656666,1.0001105662656666,1.0001105662656666,1.0001105662656666,1.0001105662656666,1.0001105662656666,1.0001105662656666,1.0001105662656666,1.0001105662656666,1.0001105662656666,1.0001448586410469,1.0001448586410469,1.0001448586410469,1.0001448586410469,1.0001713938683996,1.00019890169841,1.0002098598034794,1.0002264186888523,1.0002813424092198,1.0003125741627876,1.000341037657797,1.0003791306850374,1.0004145913665103
experiment_881,1.0001105662656666,1.0001105662656666,1.0001105662656666,1.0001105662656666,1.0001105662656666,1.0001105662656666,1.0001105662656666,1.0001105662656666,1.0001105662656666,1.0001105662656666,1.0001105662656666,1.0001105662656666,1.0001105662656666,1.0001105662656666,1.0001105662656666,1.0001105662656666,1.0001105662656666,1.0001105662656666,1.0001105662656666,1.0001105662656666,1.0001105662656666,1.0001105662656666,1.0001105662656666,1.0002171217416442,1.0002358089958012,1.0002573182028707,1.000282107297719,1.0003104599125257,1.0003432191098622,1.000381125311193,1.0004246032018052,1.0004851022729875
experiment_882,1.0001105662656666,1.0001105662656666,1.0000934727901665,1.0000934727901665,1.0000934727901665,1.0000934727901665,1.0000934727901665,1.0000934727901665,1.0000934727901665,1.0000934727901665,1.0000934727901665,1.0000934727901665,1.0000934727901665,1.0000934727901665,1.0000934727901665,1.0000934727901665,1.0000934727901665,1.0001189428206743,1.0001189428206743,1.0001399856329358,1.0001507373966185,1.0001507373966185,1.0001738033836474,1.0001939342291921,1.0002173557466605,1.0002458625248263,1.000279546288136,1.0003559603730419,1.0004214378858531,1.0004913333373058,1.0005796811799208,1.0006913075685973
experiment_883,1.0001105662656666,1.0001340059614292,1.0001340059614292,1.0001570318169253,1.0001763031526947,1.0001983920198778,1.0002198139824066,1.0002423773477267,1.0002722090808784,1.0003021135654309,1.0003287774448342,1.0003565837322865,1.0003858755338995,1.0004158363442248,1.000446889732708,1.000479337213963,1.0005124132586223,1.0005464311807981,1.0005824558646432,1.0006195693376212,1.0006571766997465,1.0006965427065295,1.0007372951015703,1.0007693747856619,1.0008141239751458,1.0008600395010825,1.0009073973173968,1.0009572802381808,1.0010102507937342,1.0010656024293052,1.0011263878531185,1.001184871992883
experiment_884,1.0001105662656666,1.0001105662656666,1.0001105662656666,1.0001105662656666,1.0001105662656666,1.0001105662656666,1.0001105662656666,1.0001105662656666,1.0001105662656666,1.0001105662656666,1.0001105662656666,1.0001105662656666,1.0001105662656666,1.0001105662656666,1.0001105662656666,1.0001105662656666,1.0001105662656666,1.0001105662656666,1.0001105662656666,1.0001105662656666,1.0001105662656666,1.0001105662656666,1.0001105662656666,1.0001105662656666,1.0001105662656666,1.0001105662656666,1.0001105662656666,1.0001105662656666,1.0001105662656666,1.0001105662656666,1.0001105662656666,1.0001105662656666
experiment_885,1.0001105662656666,1.0001105662656666,1.0001105662656666,1.0001105662656666,1.0001105662656666,1.0001105662656666,1.0001105662656666,1.0001105662656666,1.0001105662656666,1.0001105662656666,1.0001105662656666,1.0001105662656666,1.0001105662656666,1.0001105662656666,1.0001105662656666,1.0001105662656666,1.0001105662656666,1.000142823990721,1.0001528947808227,1.0001641975114104,1.0001641975114104,1.0001801660380383,1.0001953996890256,1.000213508391452,1.0002340272477155,1.0002791807256726,1.0003109597467745,1.0003466035721915,1.0003888903231641,1.0004357980399785,1.0004877530703973,1.0005589421619057
experiment_886,1.0001105662656666,1.0001105662656666,1.0000926613083954,1.0000926613083954,1.0000926613083954,1.0000926613083954,1.0000926613083954,1.0000926613083954,1.0000926613083954,1.0000926613083954,1.0000926613083954,1.0000926613083954,1.0000926613083954,1.0000926613083954,1.0000926613083954,1.0000926613083954,1.0000926613083954,1.0000926613083954,1.0000926613083954,1.0000926613083954,1.0000926613083954,1.0000926613083954,1.0000926613083954,1.0000926613083954,1.0000926613083954,1.0000926613083954,1.0000926613083954,1.0000926613083954,1.0000926613083954,1.0001239920242837,1.0001239920242837,1.0001548713831132
experiment_887,1.0001105662656666,1.0001105662656666,1.0001105662656666,1.0001105662656666,1.0001105662656666,1.0001105662656666,1.0001105662656666,1.0001105662656666,1.0001105662656666,1.0001105662656666,1.0001105662656666,1.0001105662656666,1.0001105662656666,1.0001105662656666,1.0001105662656666,1.0001105662656666,1.0001105662656666,1.0001105662656666,1.0001105662656666,1.0001105662656666,1.000140346480318,1.000140346480318,1.000140346480318,1.000140346480318,1.000140346480318,1.000140346480318,1.000140346480318,1.000140346480318,1.0001917905840225,1.0002058928069302,1.000220496059791,1.0002360632973506
experiment_888,1.0001105662656666,1.0001105662656666,1.00009435551424,1.00009435551424,1.00009435551424,1.00009435551424,1.00009435551424,1.00009435551424,1.00009435551424,1.00009435551424,1.00009435551424,1.00009435551424,1.00009435551424,1.00009435551424,1.00009435551424,1.00009435551424,1.00009435551424,1.00009435551424,1.00009435551424,1.00009435551424,1.00009435551424,1.00009435551424,1.00009435551424,1.00009435551424,1.00009435551424,1.00009435551424,1.00009435551424,1.000071145977664,1.000071145977664,1.000071145977664,1.000071145977664,1.000071145977664
experiment_889,1.0001105662656666,1.0001105662656666,1.0000953739593887,1.0000953739593887,1.0000953739593887,1.0000808064819544,1.0000808064819544,1.0000808064819544,1.0000808064819544,1.0000808064819544,1.0000808064819544,1.0000808064819544,1.0000808064819544,1.0000808064819544,1.0000808064819544,1.0000808064819544,1.0000808064819544,1.0000808064819544,1.0000808064819544,1.0000808064819544,1.0000808064819544,1.0000808064819544,1.0000808064819544,1.0000808064819544,1.0000808064819544,1.0000808064819544,1.0000808064819544,1.0000808064819544,1.0000808064819544,1.0000808064819544,1.0000808064819544,1.0000808064819544
experiment_890,1.0001105662656666,1.0000943677738807,1.0000810539602307,1.0000810539602307,1.0000810539602307,1.0000810539602307,1.0000810539602307,1.0000810539602307,1.0000810539602307,1.0000810539602307,1.0000810539602307,1.0000810539602307,1.0000810539602307,1.0000810539602307,1.0000810539602307,1.0000810539602307,1.0000810539602307,1.0000810539602307,1.0000810539602307,1.0000810539602307,1.0000933708374666,1.0001077435883285,1.0001255436736733,1.0001383696204758,1.0001754147563935,1.0002107498312174,1.000256277927885,1.0003149022334676,1.0004046046159145,1.0005153706457661,1.0006531074803862,1.0008354434852862
experiment_891,1.0001105662656666,1.0001105662656666,1.0001105662656666,1.0001105662656666,1.0001105662656666,1.0001105662656666,1.0001105662656666,1.0001105662656666,1.0001105662656666,1.0001105662656666,1.0001105662656666,1.0001105662656666,1.0001105662656666,1.0001105662656666,1.0001105662656666,1.0001105662656666,1.0001105662656666,1.0001105662656666,1.0001105662656666,1.0001105662656666,1.0001105662656666,1.0001105662656666,1.0001105662656666,1.0001105662656666,1.0001105662656666,1.0001105662656666,1.0001105662656666,1.0001340166276724,1.0001452313492116,1.0001557885233054,1.000167757557435,1.0001818370408266
experiment_892,1.0001105662656666,1.000097625917887,1.0000859736273742,1.0000859736273742,1.0000859736273742,1.0000859736273742,1.0000859736273742,1.0000859736273742,1.0000859736273742,1.0000859736273742,1.0000859736273742,1.0000859736273742,1.0000859736273742,1.0000859736273742,1.0000859736273742,1.0000859736273742,1.0000859736273742,1.0000859736273742,1.0000859736273742,1.0000859736273742,1.0001001259009827,1.0001104535354965,1.0001104535354965,1.000123841335861,1.000155576937392,1.0001784079670222,1.000225872107234,1.0002620225913232,1.000305710997088,1.0003569555586311,1.0004161535427756,1.0005027846373238
experiment_893,1.0001105662656666,1.0001105662656666,1.0001105662656666,1.0001105662656666,1.0001105662656666,1.0001105662656666,1.0001105662656666,1.0001105662656666,1.0001105662656666,1.0001105662656666,1.0001105662656666,1.0001105662656666,1.0001105662656666,1.0001105662656666,1.0001105662656666,1.0001105662656666,1.0001105662656666,1.0001105662656666,1.0001105662656666,1.0001105662656666,1.0001105662656666,1.0001105662656666,1.0001105662656666,1.0001105662656666,1.0001105662656666,1.0001105662656666,1.0001105662656666,1.0001105662656666,1.0001105662656666,1.0001105662656666,1.0001105662656666,1.0001105662656666
experiment_894,1.0001105662656666,1.0001105662656666,1.0001105662656666,1.0001105662656666,1.0001105662656666,1.0001105662656666,1.0001105662656666,1.0001105662656666,1.0001105662656666,1.0001105662656666,1.0001105662656666,1.0001500799585994,1.0001500799585994,1.0001500799585994,1.00019759806634,1.000225320973457,1.000242785887526,1.0002628949015544,1.0002878342248394,1.0003135390742095,1.0003323147480714,1.000365898572952,1.00040295721635,1.000449157450899,1.0004997093926435,1.0005510627640344,1.0006324630232128,1.0006853723665985,1.0007744926444027,1.0008666543522355,1.0009635239940562,1.001085308128035
experiment_895,1.0001105662656666,1.0001105662656666,1.0001105662656666,1.0001105662656666,1.0001105662656666,1.0001105662656666,1.0001105662656666,1.0001105662656666,1.0001105662656666,1.0001105662656666,1.0001105662656666,1.0001105662656666,1.0001977791238577,1.000207814123539,1.0002183604719188,1.0002296490117817,1.000241744666402,1.0002638384966474,1.0002785103972962,1.0002942572304467,1.000311277234498,1.0003300626885896,1.0003502604470977,1.0003723342165458,1.0003958541785765,1.0004219805032457,1.0004394707796544,1.0004684909090353,1.0005008047264858,1.0005361468296121,1.00057330231593,1.00061430514447
experiment_896,1.0001105662656666,1.0001105662656666,1.0000932097326316,1.0000932097326316,1.0000932097326316,1.0000932097326316,1.0000932097326316,1.0000932097326316,1.0000932097326316,1.0000932097326316,1.0000932097326316,1.0000932097326316,1.0000932097326316,1.0000932097326316,1.0000932097326316,1.0000932097326316,1.0000932097326316,1.0000932097326316,1.0000932097326316,1.0000932097326316,1.0000932097326316,1.0000932097326316,1.0000932097326316,1.0000932097326316,1.0001036004101989,1.0001036004101989,1.0001036004101989,1.0001036004101989,1.0001036004101989,1.0001036004101989,1.0001427740717923,1.0001544687571131
experiment_897,1.0001105662656666,1.0001105662656666,1.0001105662656666,1.0001105662656666,1.0001105662656666,1.0001105662656666,1.0001105662656666,1.0001105662656666,1.0001105662656666,1.0001105662656666,1.0001105662656666,1.0001105662656666,1.0001105662656666,1.0001105662656666,1.0001105662656666,1.0001105662656666,1.0001105662656666,1.0001105662656666,1.0001105662656666,1.0001105662656666,1.0001105662656666,1.0001105662656666,1.0001105662656666,1.0001105662656666,1.0001105662656666,1.0001105662656666,1.0001105662656666,1.0001105662656666,1.0001105662656666,1.0001105662656666,1.0001105662656666,1.0001105662656666
experiment_898,1.0001105662656666,1.0001105662656666,1.0001105662656666,1.0001105662656666,1.0001105662656666,1.0001105662656666,1.0001105662656666,1.0001105662656666,1.0001105662656666,1.0001105662656666,1.0001105662656666,1.0001105662656666,1.0001105662656666,1.0001105662656666,1.0001105662656666,1.0001105662656666,1.0001105662656666,1.0001503280131834,1.0001636992112668,1.0001795266627334,1.0001981027810876,1.0002200419868705,1.0002458229751074,1.0002762908148632,1.0003124126234768,1.0003433512295639,1.0003918185672187,1.0004508570988606,1.000535120132021,1.0006224636182528,1.0007265113606805,1.0008440929376996
experiment_899,1.0001105662656666,1.0001105662656666,1.0000956567581933,1.0000956567581933,1.0000956567581933,1.0000956567581933,1.0000956567581933,1.0000956567581933,1.0000956567581933,1.0000956567581933,1.0000956567581933,1.0000956567581933,1.0000956567581933,1.0000956567581933,1.0000956567581933,1.0000956567581933,1.0000956567581933,1.0000956567581933,1.0000956567581933,1.0000956567581933,1.0000956567581933,1.0000956567581933,1.0000956567581933,1.0000956567581933,1.0000956567581933,1.0001294041486046,1.0001294041486046,1.0001294041486046,1.0001294041486046,1.0001294041486046,1.0001294041486046,1.0001294041486046
experiment_900,1.0001105662656666,1.0001105662656666,1.0001105662656666,1.0001105662656666,1.0001105662656666,1.0001105662656666,1.0001105662656666,1.0001105662656666,1.0001105662656666,1.0001105662656666,1.0001105662656666,1.0001105662656666,1.0001105662656666,1.0001105662656666,1.0001105662656666,1.0001105662656666,1.0001105662656666,1.0001105662656666,1.0001743439501332,1.0001743439501332,1.0001743439501332,1.0001743439501332,1.0001743439501332,1.0002057447620458,1.0002057447620458,1.0002057447620458,1.0002347992241492,1.000246481205643,1.00025875853502,1.0002749672611664,1.000289336322443,1.0003047372516443
experiment_901,1.0001105662656666,1.0001105662656666,1.0001105662656666,1.0001105662656666,1.0001105662656666,1.0001105662656666,1.0001105662656666,1.0001105662656666,1.0001105662656666,1.0001105662656666,1.0001105662656666,1.0001105662656666,1.0001105662656666,1.0001105662656666,1.0001105662656666,1.0001105662656666,1.0001105662656666,1.0001105662656666,1.0001105662656666,1.0001105662656666,1.0001105662656666,1.0001105662656666,1.0001105662656666,1.0001105662656666,1.0001105662656666,1.0001105662656666,1.0001105662656666,1.0001105662656666,1.00016047392211,1.000173653216038,1.000188574835273,1.0002055562030105
experiment_902,1.0001105662656666,1.0001105662656666,1.0001105662656666,1.0001105662656666,1.0001105662656666,1.0001105662656666,1.0001105662656666,1.0001105662656666,1.0001105662656666,1.0001105662656666,1.0001105662656666,1.0001105662656666,1.0001105662656666,1.0001105662656666,1.0001105662656666,1.0001105662656666,1.0001105662656666,1.0001105662656666,1.0001105662656666,1.0001704965522926,1.0001864126637605,1.0002047816255766,1.0002262763931302,1.0002514093435093,1.000280961100717,1.00032233317733,1.0003642368641754,1.0004245957812454,1.0004847794577756,1.000555685822675,1.000640475698797,1.0007383743386289
experiment_903,1.0001105662656666,1.0001105662656666,1.0001105662656666,1.0001105662656666,1.0001105662656666,1.0001105662656666,1.0001105662656666,1.0001105662656666,1.0001105662656666,1.0001105662656666,1.0001105662656666,1.0001105662656666,1.0001105662656666,1.0001105662656666,1.0001105662656666,1.0001105662656666,1.0001105662656666,1.0001105662656666,1.0001105662656666,1.0001105662656666,1.0001105662656666,1.0001105662656666,1.0001105662656666,1.0001105662656666,1.0001105662656666,1.0001105662656666,1.0001105662656666,1.0001105662656666,1.0001105662656666,1.0001105662656666,1.0001105662656666,1.0001105662656666
experiment_904,1.0001105662656666,1.0001105662656666,1.0000937598575865,1.0000937598575865,1.0000937598575865,1.0000937598575865,1.0000937598575865,1.0000937598575865,1.0000937598575865,1.0000937598575865,1.0000937598575865,1.0000937598575865,1.0000937598575865,1.0000937598575865,1.0000937598575865,1.0000937598575865,1.0000937598575865,1.0000937598575865,1.0000937598575865,1.0001220195373453,1.0001355967842693,1.0001355967842693,1.0001581814028973,1.0001787424596156,1.0002032885368897,1.0002344321989485,1.0002716554649929,1.0003338135015667,1.000411070905515,1.0004867034289568,1.0005905297653794,1.000711341759443
experiment_905,1.0001105662656666,1.0001105662656666,1.0001105662656666,1.0001105662656666,1.0001105662656666,1.0001105662656666,1.0001105662656666,1.0001105662656666,1.0001105662656666,1.0001105662656666,1.0001105662656666,1.0001105662656666,1.0001105662656666,1.0001105662656666,1.0001105662656666,1.0001105662656666,1.0001105662656666,1.0001105662656666,1.0001105662656666,1.0001105662656666,1.0001105662656666,1.000238632962498,1.0002525740134094,1.0002679178911178,1.000284727096273,1.0003031432475633,1.0003234379705546,1.0003453646001907,1.0003693855320295,1.0003954605183076,1.0004249967889676,1.0004558667928505
experiment_906,1.0001105662656666,1.0001105662656666,1.000093449370735,1.000093449370735,1.000093449370735,1.000093449370735,1.000093449370735,1.000093449370735,1.000093449370735,1.000093449370735,1.000093449370735,1.000093449370735,1.000093449370735,1.000093449370735,1.000093449370735,1.000093449370735,1.000093449370735,1.000093449370735,1.000093449370735,1.000093449370735,1.0001092999020063,1.0001092999020063,1.0001092999020063,1.0001092999020063,1.0001092999020063,1.0001435092889674,1.0001586684471844,1.0001742781704068,1.0001898683842416,1.0002100595975527,1.0002321485583812,1.0002755763979727
experiment_907,1.0001105662656666,1.0001105662656666,1.0001105662656666,1.0001105662656666,1.0001105662656666,1.0001105662656666,1.0001105662656666,1.0001105662656666,1.0001105662656666,1.0001105662656666,1.0001105662656666,1.0001105662656666,1.0001105662656666,1.0001105662656666,1.0001105662656666,1.0001105662656666,1.0001105662656666,1.0001105662656666,1.0001105662656666,1.0001105662656666,1.0001105662656666,1.0001105662656666,1.0001105662656666,1.0001105662656666,1.0001357555593104,1.0001357555593104,1.0001357555593104,1.0001357555593104,1.0001699069085346,1.000179322948022,1.0001919079735198,1.0002042992233922
experiment_908,1.0001105662656666,1.0001105662656666,1.0001105662656666,1.0001105662656666,1.0001105662656666,1.0001105662656666,1.0001105662656666,1.0001105662656666,1.0001105662656666,1.0001105662656666,1.0001105662656666,1.0001105662656666,1.0001105662656666,1.0001105662656666,1.0001105662656666,1.0001105662656666,1.0001105662656666,1.0001105662656666,1.0001105662656666,1.0001105662656666,1.0001105662656666,1.0001105662656666,1.0001105662656666,1.0001895153360063,1.000200877599949,1.000213300852924,1.0002269546356601,1.0002423417568995,1.000259396912063,1.0002776546658856,1.000306075209653,1.0003440282238267
experiment_909,1.0001105662656666,1.0001105662656666,1.0001105662656666,1.0001105662656666,1.0001105662656666,1.0001105662656666,1.0001105662656666,1.0001105662656666,1.0001105662656666,1.0001105662656666,1.0001105662656666,1.0001105662656666,1.0001105662656666,1.0001105662656666,1.0001105662656666,1.0001105662656666,1.0001105662656666,1.0001105662656666,1.0001461042895738,1.000160486251853,1.000177888575917,1.0001984394340329,1.0002258932295107,1.0002561117498938,1.0003177369067062,1.0003679841117854,1.0004153295489067,1.000484579491517,1.0005668410145567,1.0006720038721435,1.0007961341586298,1.0009406945290549
experiment_910,1.0001105662656666,1.0001105662656666,1.0001105662656666,1.0001105662656666,1.0001105662656666,1.0001105662656666,1.0001105662656666,1.0001105662656666,1.0001105662656666,1.0001105662656666,1.0001105662656666,1.0001105662656666,1.0001105662656666,1.0001105662656666,1.0001105662656666,1.0001105662656666,1.0001105662656666,1.0001105662656666,1.0001105662656666,1.0001367780801265,1.0001492199482436,1.0001644984326914,1.0001810689486965,1.0002003993216726,1.0002242210512422,1.0002537087219296,1.0003154340172342,1.0003619739582348,1.0004225278623735,1.0004825842482339,1.0005679958244258,1.0006743325266219
experiment_911,1.0001105662656666,1.0001105662656666,1.0001105662656666,1.0001105662656666,1.0001105662656666,1.000143601299446,1.000143601299446,1.000143601299446,1.000199088913266,1.0001886769858441,1.0001886769858441,1.0001886769858441,1.0002163635164603,1.000226708649165,1.0002389229143995,1.0002504361977442,1.000263984261658,1.0002912718578238,1.0003057712681886,1.000321635497036,1.0003390213646846,1.0003565287771885,1.000375249067809,1.0003952079703102,1.0004135854765774,1.0004266430442812,1.0004503997326983,1.0004717483197636,1.0004958623735307,1.0005362657083643,1.000558351318293,1.000576271524965
experiment_912,1.0001105662656666,1.0001105662656666,1.0001105662656666,1.0001105662656666,1.0001105662656666,1.0001105662656666,1.0001105662656666,1.0001105662656666,1.0001105662656666,1.0001105662656666,1.0001105662656666,1.0001105662656666,1.0001105662656666,1.0001105662656666,1.0001105662656666,1.0001105662656666,1.0001105662656666,1.0001105662656666,1.0001105662656666,1.0001105662656666,1.0001105662656666,1.0001105662656666,1.0001105662656666,1.0001105662656666,1.0001105662656666,1.0001105662656666,1.0001105662656666,1.0001105662656666,1.0001105662656666,1.0001105662656666,1.000141059637686,1.0001565423587941
experiment_913,1.0001105662656666,1.0001105662656666,1.0000884092460585,1.0000884092460585,1.0000884092460585,1.0000884092460585,1.0000884092460585,1.0000884092460585,1.0000884092460585,1.0000884092460585,1.0000884092460585,1.0000884092460585,1.0000884092460585,1.0000884092460585,1.0000884092460585,1.0000884092460585,1.0000884092460585,1.0000884092460585,1.0000884092460585,1.0000884092460585,1.0000884092460585,1.0000884092460585,1.0000884092460585,1.0000884092460585,1.0000984196601446,1.0001101740811542,1.0001245398241891,1.00014232152158,1.0001639956730553,1.0001903035920923,1.0002117252133809,1.000248276684117
experiment_914,1.0001105662656666,1.0001207309007596,1.0001207309007596,1.0001207309007596,1.0001207309007596,1.0001207309007596,1.0001207309007596,1.0001207309007596,1.0001207309007596,1.0001207309007596,1.0001207309007596,1.0001207309007596,1.0001207309007596,1.0001207309007596,1.0001207309007596,1.0001207309007596,1.0001207309007596,1.0001207309007596,1.0001207309007596,1.0001207309007596,1.0001207309007596,1.0001207309007596,1.0001207309007596,1.0001207309007596,1.0001207309007596,1.0001207309007596,1.0001207309007596,1.0001207309007596,1.0001207309007596,1.0001207309007596,1.0001207309007596,1.0001207309007596
experiment_915,1.0001105662656666,1.0001105662656666,1.0001105662656666,1.0001105662656666,1.0001105662656666,1.0001105662656666,1.0001105662656666,1.0001105662656666,1.0001105662656666,1.0001105662656666,1.0001105662656666,1.0001105662656666,1.0001105662656666,1.0001105662656666,1.0001105662656666,1.0001105662656666,1.0001105662656666,1.0001105662656666,1.0001105662656666,1.0001105662656666,1.0001105662656666,1.0001105662656666,1.0001105662656666,1.0001105662656666,1.0001105662656666,1.0001105662656666,1.0001105662656666,1.0001105662656666,1.0001105662656666,1.0001105662656666,1.0001105662656666,1.0001105662656666
experiment_916,1.0001105662656666,1.0001105662656666,1.0001105662656666,1.0001105662656666,1.0001105662656666,1.0001105662656666,1.0001105662656666,1.0001105662656666,1.0001105662656666,1.0001105662656666,1.0001105662656666,1.0001105662656666,1.0001105662656666,1.0001105662656666,1.0001105662656666,1.0001105662656666,1.0001105662656666,1.0001105662656666,1.0001105662656666,1.0001105662656666,1.0001105662656666,1.0001105662656666,1.0001105662656666,1.0001105662656666,1.0001105662656666,1.0002058986715876,1.0002224595141465,1.0002412702195218,1.0002629818694944,1.000287398581037,1.0003155936156982,1.000354818080423
experiment_917,1.0001105662656666,1.0001105662656666,1.0001105662656666,1.0001105662656666,1.0001105662656666,1.0001105662656666,1.0001105662656666,1.0001105662656666,1.0001105662656666,1.0001105662656666,1.0001105662656666,1.00013488926906,1.000145330178404,1.0001577706591613,1.0001577706591613,1.0001760428198712,1.000193784280119,1.000216961425228,1.0002686046026124,1.0003219117811948,1.00036490834725,1.0004170082216406,1.0004819989462774,1.000554328187981,1.0006314751988639,1.000731560198556,1.0008484684151235,1.0009820348229563,1.0011571471201843,1.0013321490811677,1.0015421731093517,1.0018041751137394
experiment_918,1.0001105662656666,1.0001263120976749,1.0001263120976749,1.0001263120976749,1.0001488145919404,1.0001488145919404,1.0001488145919404,1.000171696714818,1.000171696714818,1.000171696714818,1.0002030967057358,1.0002193438505744,1.0002193438505744,1.0002193438505744,1.0002193438505744,1.0002193438505744,1.0002193438505744,1.0002193438505744,1.0002193438505744,1.0002193438505744,1.0002193438505744,1.0002193438505744,1.0002193438505744,1.0002193438505744,1.0002193438505744,1.0002193438505744,1.0002193438505744,1.0002193438505744,1.0003362849338062,1.000342008491324,1.0003480798383702,1.0003541658488555
experiment_919,1.0001105662656666,1.0001105662656666,1.0001105662656666,1.0001105662656666,1.0001105662656666,1.0001105662656666,1.0001105662656666,1.0001105662656666,1.0001105662656666,1.0001105662656666,1.0001105662656666,1.0001105662656666,1.0001105662656666,1.0001105662656666,1.0001105662656666,1.0001105662656666,1.0001105662656666,1.0001105662656666,1.0001105662656666,1.0001105662656666,1.0001105662656666,1.0001105662656666,1.0001105662656666,1.0001105662656666,1.000100048210754,1.000100048210754,1.000100048210754,1.000100048210754,1.000100048210754,1.000100048210754,1.000100048210754,1.000100048210754
experiment_920,1.0001105662656666,1.0001105662656666,1.0001105662656666,1.0001105662656666,1.0001105662656666,1.0001105662656666,1.0001105662656666,1.0001105662656666,1.0001105662656666,1.0001105662656666,1.0001105662656666,1.0001105662656666,1.0001105662656666,1.0001105662656666,1.0001105662656666,1.0001105662656666,1.0001105662656666,1.0001105662656666,1.0001105662656666,1.0001467379589888,1.0001467379589888,1.0001680334393857,1.0001817060898717,1.0001952945123163,1.0002119485956702,1.0002310976793476,1.0002554241853328,1.0002809867800686,1.0002990039616249,1.0003691432756268,1.0004134197641232,1.000460838005069
experiment_921,1.0001105662656666,1.0001105662656666,1.0001105662656666,1.0001105662656666,1.0001105662656666,1.0001105662656666,1.0001105662656666,1.0001105662656666,1.0001105662656666,1.0001105662656666,1.0001105662656666,1.0001105662656666,1.0001105662656666,1.0001105662656666,1.0001105662656666,1.0001105662656666,1.0001105662656666,1.0001105662656666,1.0001105662656666,1.0001105662656666,1.0001105662656666,1.0001105662656666,1.0001105662656666,1.0001105662656666,1.0001105662656666,1.0001105662656666,1.0001105662656666,1.0001105662656666,1.0001105662656666,1.0001105662656666,1.0001105662656666,1.0001105662656666
experiment_922,1.0001105662656666,1.0001105662656666,1.0001105662656666,1.0001105662656666,1.0001105662656666,1.0001105662656666,1.0001105662656666,1.0001105662656666,1.0001105662656666,1.0001105662656666,1.0001105662656666,1.0001105662656666,1.0001105662656666,1.0001105662656666,1.0001105662656666,1.0001105662656666,1.0001105662656666,1.0001105662656666,1.0001105662656666,1.0001105662656666,1.0001627435451437,1.0001754725185752,1.000186136357196,1.000186136357196,1.0002142328415222,1.0002308467216272,1.000247880216947,1.0002683872212461,1.0002799294622184,1.0003044798608516,1.0003291181123746,1.000361702915849
experiment_923,1.0001105662656666,1.0001105662656666,1.0001105662656666,1.0001105662656666,1.0001105662656666,1.0001105662656666,1.0001105662656666,1.0001105662656666,1.0001105662656666,1.0001105662656666,1.0001105662656666,1.0001105662656666,1.0001105662656666,1.0001105662656666,1.0001105662656666,1.0001105662656666,1.0001105662656666,1.0001105662656666,1.0001105662656666,1.0001105662656666,1.0001105662656666,1.0001105662656666,1.0001105662656666,1.0001105662656666,1.0001105662656666,1.0001482923758749,1.0001482923758749,1.0001482923758749,1.0001756728791158,1.0001756728791158,1.0001756728791158,1.0001756728791158
experiment_924,1.0001105662656666,1.0001105662656666,1.0001105662656666,1.0001105662656666,1.0001105662656666,1.0001105662656666,1.0001105662656666,1.0001105662656666,1.0001105662656666,1.0001105662656666,1.0001105662656666,1.0001105662656666,1.0001105662656666,1.0001105662656666,1.0001105662656666,1.0001105662656666,1.0001105662656666,1.0001105662656666,1.0001105662656666,1.0001105662656666,1.0001105662656666,1.000167550671594,1.0001800285065987,1.0001940597149188,1.0002173185616312,1.0002477418162712,1.0002725001578388,1.0002982372020413,1.00032717475845,1.0003605419448307,1.000397968674134,1.0004438946898935
experiment_925,1.0001105662656666,1.0001237571104207,1.0001237571104207,1.0001237571104207,1.000150340833795,1.000150340833795,1.000150340833795,1.000150340833795,1.0001872070391356,1.0001872070391356,1.000207106742009,1.0002177825918386,1.0002287719858896,1.0002401973004453,1.0002520781835067,1.0002644037120287,1.0002772218174958,1.000290582479225,1.0003045062899585,1.0003190478542283,1.0003342361200476,1.0003503169255479,1.0003669527251822,1.0003843793090963,1.0004026623597004,1.0004217886527333,1.0004417761475282,1.0004627535253614,1.0004848496908811,1.0005077672324292,1.0005388157731567,1.0005640715608282
experiment_926,1.0001105662656666,1.0001105662656666,1.0001105662656666,1.0001105662656666,1.0001105662656666,1.0001105662656666,1.0001105662656666,1.0001105662656666,1.0001105662656666,1.0001105662656666,1.0001105662656666,1.0001105662656666,1.0001105662656666,1.0001105662656666,1.0001105662656666,1.0001105662656666,1.0001105662656666,1.0001105662656666,1.0001105662656666,1.0001105662656666,1.0001105662656666,1.0001105662656666,1.0001105662656666,1.0001105662656666,1.0001105662656666,1.0001105662656666,1.0001105662656666,1.0001105662656666,1.0001105662656666,1.0001105662656666,1.0001105662656666,1.0001105662656666
experiment_927,1.0001105662656666,1.0001105662656666,1.0001105662656666,1.0001105662656666,1.0001105662656666,1.0001105662656666,1.0001105662656666,1.0001105662656666,1.0001105662656666,1.0001105662656666,1.0001105662656666,1.0001105662656666,1.0001105662656666,1.0001105662656666,1.0001105662656666,1.0001105662656666,1.0001105662656666,1.0001105662656666,1.0001105662656666,1.0001105662656666,1.0001105662656666,1.0001105662656666,1.0001105662656666,1.0001105662656666,1.0001105662656666,1.0001105662656666,1.0001105662656666,1.0001105662656666,1.0001105662656666,1.0001105662656666,1.0001105662656666,1.0001105662656666
experiment_928,1.0001105662656666,1.0001105662656666,1.0001105662656666,1.0001105662656666,1.0001105662656666,1.0001105662656666,1.0001105662656666,1.0001105662656666,1.0001105662656666,1.0001105662656666,1.0001105662656666,1.0001105662656666,1.0001105662656666,1.0001105662656666,1.0001105662656666,1.0001105662656666,1.0001105662656666,1.0001673456940843,1.00017859237586,1.0001919484848223,1.0001919484848223,1.0002121201844294,1.0002430061021859,1.0002663088808574,1.0003222552958335,1.0003597826304993,1.0004014565004897,1.0004507401137182,1.0004964961267142,1.0005608324337472,1.0006361457982125,1.000713818639924
experiment_929,1.0001105662656666,1.0001105662656666,1.0001105662656666,1.0001105662656666,1.0001105662656666,1.0001105662656666,1.0001105662656666,1.0001105662656666,1.0001105662656666,1.0001105662656666,1.0001105662656666,1.0001105662656666,1.0001105662656666,1.0001105662656666,1.0001105662656666,1.0001105662656666,1.0001105662656666,1.0001105662656666,1.0001105662656666,1.0001105662656666,1.0001105662656666,1.0001700534389337,1.0001809589692234,1.0001943135021176,1.0001943135021176,1.0002111181135904,1.0002283057853831,1.000248416348558,1.000300842399843,1.00033533100922,1.0003856465219962,1.0004299149736138
experiment_930,1.0001105662656666,1.0001105662656666,1.0001105662656666,1.0001105662656666,1.0001105662656666,1.0001105662656666,1.0001105662656666,1.0001105662656666,1.0001105662656666,1.0001105662656666,1.0001105662656666,1.0001105662656666,1.0001105662656666,1.0001105662656666,1.0001105662656666,1.0001105662656666,1.0001105662656666,1.000147717712297,1.000161472807458,1.0001775965621182,1.0001972051106922,1.00023437111239,1.0002626602557627,1.000296164034754,1.0003371201999676,1.0003845992417648,1.00044318854876,1.0005044067788056,1.000585954119449,1.0006848718495744,1.0008060403288133,1.000957500179691
experiment_931,1.0001105662656666,1.0001105662656666,1.0000897809758869,1.0000897809758869,1.0000897809758869,1.0000897809758869,1.0000897809758869,1.0000897809758869,1.0000897809758869,1.0000897809758869,1.0000897809758869,1.0000897809758869,1.0000897809758869,1.0000897809758869,1.0000897809758869,1.0000897809758869,1.0000897809758869,1.0000897809758869,1.0000897809758869,1.0000897809758869,1.0000897809758869,1.0000897809758869,1.0000897809758869,1.0001075813942883,1.0001075813942883,1.0001075813942883,1.0001075813942883,1.0001075813942883,1.000138111737844,1.0001491128193678,1.0001623357521592,1.0001759362285658
experiment_932,1.0001105662656666,1.0001105662656666,1.0001105662656666,1.0001105662656666,1.0001105662656666,1.0001105662656666,1.0001105662656666,1.0001105662656666,1.0001105662656666,1.0001105662656666,1.0001105662656666,1.0001105662656666,1.0001105662656666,1.0001105662656666,1.0001105662656666,1.0001105662656666,1.0001105662656666,1.0001105662656666,1.0001105662656666,1.0001767774170354,1.0001767774170354,1.0001767774170354,1.0002056365957364,1.0002173944533725,1.0002305397774318,1.0002305397774318,1.0002305397774318,1.0002305397774318,1.0002897429455202,1.000310664859345,1.0003446472661641,1.0003705212069898
experiment_933,1.0001105662656666,1.0001105662656666,1.0001105662656666,1.0001105662656666,1.0001105662656666,1.0001105662656666,1.0001105662656666,1.0001105662656666,1.0001105662656666,1.0001105662656666,1.0001105662656666,1.0001105662656666,1.0001105662656666,1.0001105662656666,1.0001105662656666,1.0001105662656666,1.0001105662656666,1.0001105662656666,1.0001105662656666,1.0001105662656666,1.0001105662656666,1.0001105662656666,1.0001105662656666,1.0001105662656666,1.0001105662656666,1.0001105662656666,1.0001105662656666,1.0001105662656666,1.0001105662656666,1.0001105662656666,1.0001105662656666,1.0001105662656666
experiment_934,1.0001105662656666,1.0001105662656666,1.0001105662656666,1.0001105662656666,1.0001105662656666,1.0001105662656666,1.0001105662656666,1.0001105662656666,1.0001105662656666,1.0001105662656666,1.0001105662656666,1.0001105662656666,1.0001105662656666,1.0001105662656666,1.0001105662656666,1.0001105662656666,1.0001105662656666,1.0001105662656666,1.0001105662656666,1.0001105662656666,1.0001105662656666,1.0001105662656666,1.0001105662656666,1.0001357394208221,1.0001468160717,1.0001598430473326,1.0001753682231431,1.0001934696292023,1.0002146690903757,1.0002395361894532,1.0002687936258359,1.000303259489007
experiment_935,1.0001105662656666,1.0001105662656666,1.0001105662656666,1.0001105662656666,1.0001105662656666,1.0001105662656666,1.0001105662656666,1.0001105662656666,1.0001105662656666,1.0001105662656666,1.0001105662656666,1.0001105662656666,1.0001105662656666,1.0001105662656666,1.0001105662656666,1.000141289716428,1.0001559173158407,1.0001730544861556,1.0001935728977132,1.0002182852839396,1.0002363418068423,1.000269100218489,1.0003194338586092,1.0003681185768907,1.0004441067586485,1.000518816090782,1.000608044836435,1.0007164748558284,1.0008375401940763,1.000990154679492,1.0011789335705248,1.001434637638235
experiment_936,1.0001105662656666,1.0001105662656666,1.0001105662656666,1.0001105662656666,1.0001105662656666,1.0001105662656666,1.0001105662656666,1.0001105662656666,1.0001105662656666,1.0001105662656666,1.0001105662656666,1.0001105662656666,1.0001105662656666,1.0001105662656666,1.0001105662656666,1.0001105662656666,1.0001105662656666,1.0001105662656666,1.0001105662656666,1.0001105662656666,1.0001278528333746,1.0001278528333746,1.0001278528333746,1.0001278528333746,1.0001278528333746,1.000165530665705,1.0001897529700303,1.0002025759860413,1.0002170522792246,1.0002329414534303,1.0002552667175317,1.0002758468284996
experiment_937,1.0001105662656666,1.0001105662656666,1.0001105662656666,1.0001105662656666,1.0001105662656666,1.0001105662656666,1.0001105662656666,1.0001105662656666,1.0001105662656666,1.0001105662656666,1.0001105662656666,1.0001105662656666,1.0001105662656666,1.0001105662656666,1.0001105662656666,1.0001105662656666,1.0001105662656666,1.0001105662656666,1.0001105662656666,1.0001105662656666,1.0001105662656666,1.0001105662656666,1.0001105662656666,1.0001939324077995,1.0001939324077995,1.0001939324077995,1.0001939324077995,1.0001939324077995,1.0002398503091177,1.0002507945993206,1.0002621516892878,1.0002770138842358
experiment_938,1.0001105662656666,1.0001217176039938,1.0001217176039938,1.0001217176039938,1.0001217176039938,1.0001217176039938,1.0001217176039938,1.0001217176039938,1.0001217176039938,1.0001217176039938,1.0001217176039938,1.0001217176039938,1.0001217176039938,1.0001217176039938,1.0001217176039938,1.000186180174677,1.0001999106077866,1.0001999106077866,1.0001999106077866,1.0001999106077866,1.0002332360070543,1.0002332360070543,1.000253665641597,1.0002646168590874,1.0002790577063843,1.0002922467450843,1.0002922467450843,1.000310719546635,1.0003265920954933,1.0003404976842782,1.0003594623140863,1.0003802668749475
experiment_939,1.0001105662656666,1.0001105662656666,1.000093441256897,1.000093441256897,1.000093441256897,1.000093441256897,1.000093441256897,1.000093441256897,1.000093441256897,1.000093441256897,1.000093441256897,1.000093441256897,1.000093441256897,1.000093441256897,1.000093441256897,1.000093441256897,1.000093441256897,1.000093441256897,1.000093441256897,1.0001137278229175,1.0001137278229175,1.0001343228271222,1.0001343228271222,1.0001497655220515,1.0001652739492977,1.0001831011033098,1.0002060060949256,1.0002296123715704,1.0003065584918047,1.0003496783719938,1.0004022864035638,1.0004635767603292
experiment_940,1.0001105662656666,1.0001105662656666,1.0001105662656666,1.0001105662656666,1.0001105662656666,1.0001105662656666,1.0001105662656666,1.0001105662656666,1.0001105662656666,1.0001105662656666,1.0001105662656666,1.0001105662656666,1.0001105662656666,1.0001105662656666,1.0001105662656666,1.0001105662656666,1.0001878401550302,1.0001878401550302,1.0002150276330875,1.0002353634983012,1.0002588492207367,1.0002859021919344,1.0003172640992388,1.0003649416707534,1.0004104444058268,1.0004651888653995,1.0005282586609565,1.000601122721465,1.0006885159301888,1.0007405406904004,1.0008613862849134,1.0009857702867933
experiment_941,1.0001105662656666,1.0001105662656666,1.0001105662656666,1.0001105662656666,1.0001105662656666,1.0001105662656666,1.0001105662656666,1.0001105662656666,1.0001105662656666,1.0001105662656666,1.0001105662656666,1.0001105662656666,1.0001105662656666,1.0001105662656666,1.0001105662656666,1.000210015280197,1.0002223019027037,1.0002359192867423,1.0002509856498094,1.000267744989679,1.000286408850704,1.0003073553580575,1.0003306078046836,1.0003574064691396,1.0003881611234406,1.0004240439579486,1.0004667969772165,1.0005118574861904,1.000547733826161,1.0005951389571357,1.0006705957156534,1.0007389289161155
experiment_942,1.0001105662656666,1.0001105662656666,1.0001105662656666,1.0001105662656666,1.0001105662656666,1.0001105662656666,1.0001105662656666,1.0001105662656666,1.0001105662656666,1.0001105662656666,1.0001105662656666,1.0001105662656666,1.0001105662656666,1.0001105662656666,1.0001105662656666,1.0001105662656666,1.0001105662656666,1.0001105662656666,1.0001105662656666,1.000167420229196,1.0001784577781117,1.000191353504737,1.0002060832419077,1.0002343779153775,1.0002532056999964,1.00027635209886,1.00030307651328,1.000348264762642,1.0003890170533194,1.00043343265502,1.0004863298936946,1.00054681178711
experiment_943,1.0001105662656666,1.0001105662656666,1.0000957228652645,1.0000957228652645,1.0000957228652645,1.0000957228652645,1.0000957228652645,1.0000957228652645,1.0000957228652645,1.0000957228652645,1.0000957228652645,1.0000957228652645,1.0000957228652645,1.0000957228652645,1.0000957228652645,1.0000957228652645,1.0000957228652645,1.0000957228652645,1.0000957228652645,1.0000957228652645,1.0000957228652645,1.0000957228652645,1.0001227399733956,1.0001227399733956,1.0001227399733956,1.0001227399733956,1.0001495556050635,1.0001606872562954,1.0001743279226647,1.000189458457715,1.0002044059463377,1.0002316193309817
experiment_944,1.0001105662656666,1.0000987567440243,1.0000827940915906,1.0000827940915906,1.0000827940915906,1.0000827940915906,1.0000827940915906,1.0000827940915906,1.0000827940915906,1.0000827940915906,1.0000827940915906,1.0000827940915906,1.0000827940915906,1.0000827940915906,1.0000827940915906,1.0000827940915906,1.0000827940915906,1.0000827940915906,1.0000827940915906,1.0000827940915906,1.0000827940915906,1.0000827940915906,1.0000827940915906,1.0000827940915906,1.0000827940915906,1.0000827940915906,1.0000827940915906,1.0000827940915906,1.0000827940915906,1.0001101461796065,1.0001232116415832,1.000144650120402
experiment_945,1.0001105662656666,1.0001210726708285,1.0001210726708285,1.0001210726708285,1.0001210726708285,1.0001210726708285,1.0001210726708285,1.0001210726708285,1.0001210726708285,1.0001210726708285,1.0001210726708285,1.0001210726708285,1.0001210726708285,1.0001210726708285,1.0002095078134312,1.0002095078134312,1.000229610335664,1.0002407196830532,1.0002526212608176,1.0002654330254503,1.0002791614522177,1.0002938727134587,1.0003097856881158,1.0003267085806542,1.0003447798054808,1.000364154040101,1.0003847567170703,1.00040660599947,1.0004299692169139,1.0004634758048743,1.0004897226510379,1.0005173156151401
experiment_946,1.0001105662656666,1.0001105662656666,1.0001105662656666,1.0001105662656666,1.0001105662656666,1.0001105662656666,1.0001105662656666,1.0001105662656666,1.0001105662656666,1.0001105662656666,1.0001105662656666,1.0001105662656666,1.0001105662656666,1.0001105662656666,1.0001105662656666,1.0001105662656666,1.0001105662656666,1.0001105662656666,1.0001105662656666,1.0001105662656666,1.0001105662656666,1.0001105662656666,1.0001105662656666,1.0001105662656666,1.0001105662656666,1.000134613845752,1.000134613845752,1.0001474642471513,1.0001716933951366,1.0001871627520793,1.000206615855433,1.0002270259886545
experiment_947,1.0001105662656666,1.0001105662656666,1.0001105662656666,1.0001105662656666,1.0001105662656666,1.0001105662656666,1.0001105662656666,1.0001105662656666,1.0001105662656666,1.0001105662656666,1.0001105662656666,1.0001105662656666,1.0001105662656666,1.0001105662656666,1.0001105662656666,1.0001105662656666,1.0001915366026226,1.0002054595057326,1.000221088023585,1.0002390596311992,1.000259155978198,1.0002816364782348,1.0003075116034723,1.000339465216282,1.0003719346130966,1.000408896882886,1.000467275035224,1.0005173060810377,1.0005741262160721,1.0006386818390538,1.0007118929312377,1.0007952929893191
experiment_948,1.0001105662656666,1.0001105662656666,1.0001105662656666,1.0001105662656666,1.0001105662656666,1.0001105662656666,1.0001105662656666,1.0001105662656666,1.0001105662656666,1.0001105662656666,1.0001105662656666,1.0001105662656666,1.0001105662656666,1.0001105662656666,1.0001105662656666,1.0001105662656666,1.0001105662656666,1.0001105662656666,1.0001105662656666,1.0001105662656666,1.0001105662656666,1.0001105662656666,1.0001105662656666,1.0001105662656666,1.0001105662656666,1.0001105662656666,1.0001105662656666,1.0001105662656666,1.0001105662656666,1.0001105662656666,1.0001105662656666,1.0001105662656666
experiment_949,1.0001105662656666,1.0001105662656666,1.0001105662656666,1.0001105662656666,1.0001105662656666,1.0001105662656666,1.0001105662656666,1.0001105662656666,1.0001105662656666,1.0001105662656666,1.0001105662656666,1.0001105662656666,1.0001105662656666,1.0001105662656666,1.0001105662656666,1.0001105662656666,1.0001105662656666,1.0001105662656666,1.0001105662656666,1.0001105662656666,1.0001105662656666,1.0001105662656666,1.0001105662656666,1.0001105662656666,1.0001105662656666,1.0001105662656666,1.0001105662656666,1.0001105662656666,1.0001105662656666,1.0001105662656666,1.0001105662656666,1.0001105662656666
experiment_950,1.0001105662656666,1.0001105662656666,1.0001105662656666,1.0001105662656666,1.0001105662656666,1.0001105662656666,1.0001105662656666,1.0001105662656666,1.0001105662656666,1.0001105662656666,1.0001105662656666,1.0001105662656666,1.0001105662656666,1.0001105662656666,1.0001105662656666,1.0001105662656666,1.0001105662656666,1.0001105662656666,1.0001105662656666,1.0001105662656666,1.0001105662656666,1.0001105662656666,1.0001105662656666,1.0001105662656666,1.0001105662656666,1.0001105662656666,1.0001105662656666,1.0001105662656666,1.0001105662656666,1.0001105662656666,1.0001105662656666,1.0001105662656666
experiment_951,1.0001105662656666,1.0001105662656666,1.0001105662656666,1.0001105662656666,1.0001105662656666,1.0001105662656666,1.0001105662656666,1.0001105662656666,1.0001105662656666,1.0001105662656666,1.0001105662656666,1.0001105662656666,1.0001105662656666,1.0001105662656666,1.0001105662656666,1.0001105662656666,1.0001105662656666,1.0001105662656666,1.0001105662656666,1.0001105662656666,1.0001105662656666,1.0001105662656666,1.0001105662656666,1.0001105662656666,1.0001105662656666,1.0001105662656666,1.0001105662656666,1.0001105662656666,1.0001105662656666,1.0001105662656666,1.0001105662656666,1.0001105662656666
experiment_952,1.0001105662656666,1.0001105662656666,1.0001105662656666,1.0001105662656666,1.0001105662656666,1.0001105662656666,1.0001105662656666,1.0001105662656666,1.0001105662656666,1.0001105662656666,1.0001105662656666,1.0001105662656666,1.0001105662656666,1.0001105662656666,1.0001105662656666,1.0001105662656666,1.0001105662656666,1.0001105662656666,1.0001105662656666,1.0001105662656666,1.0001105662656666,1.0001105662656666,1.0001105662656666,1.0001105662656666,1.0001105662656666,1.0001105662656666,1.0000935584241926,1.0000935584241926,1.0000935584241926,1.0000935584241926,1.0000935584241926,1.0000935584241926
experiment_953,1.0001105662656666,1.0001105662656666,1.0001105662656666,1.0001105662656666,1.0001298749913554,1.0001298749913554,1.0001298749913554,1.0001298749913554,1.0001298749913554,1.0001298749913554,1.0001298749913554,1.0001298749913554,1.0001298749913554,1.0001298749913554,1.0001298749913554,1.0001298749913554,1.0001298749913554,1.0001298749913554,1.0001298749913554,1.0001298749913554,1.0001298749913554,1.0001298749913554,1.0001298749913554,1.0001298749913554,1.0001298749913554,1.0001298749913554,1.0001298749913554,1.0001298749913554,1.0001298749913554,1.0001298749913554,1.0001298749913554,1.0001298749913554
experiment_954,1.0001105662656666,1.0001105662656666,1.0001105662656666,1.0001105662656666,1.0001105662656666,1.0001105662656666,1.0001105662656666,1.0001105662656666,1.0001105662656666,1.0001105662656666,1.0001105662656666,1.0001105662656666,1.0001105662656666,1.0001105662656666,1.0001105662656666,1.0001105662656666,1.0001105662656666,1.0001105662656666,1.0001105662656666,1.0001105662656666,1.0001105662656666,1.0001105662656666,1.0001105662656666,1.0001105662656666,1.0001105662656666,1.0001105662656666,1.0001391152167889,1.0001517353192535,1.0001664163943598,1.0001841607282684,1.0002046552736577,1.0002283070105427
experiment_955,1.0001105662656666,1.0001105662656666,1.0001105662656666,1.0001105662656666,1.0001105662656666,1.0001105662656666,1.0001105662656666,1.0001105662656666,1.0001105662656666,1.0001105662656666,1.0001105662656666,1.0001105662656666,1.0001105662656666,1.0001105662656666,1.0001105662656666,1.0001105662656666,1.0001105662656666,1.0001105662656666,1.0001105662656666,1.0001105662656666,1.0001105662656666,1.0001105662656666,1.0001105662656666,1.0001105662656666,1.0001105662656666,1.0001105662656666,1.0001105662656666,1.0001105662656666,1.0001105662656666,1.0001105662656666,1.0001105662656666,1.0001105662656666
experiment_956,1.0001105662656666,1.0001105662656666,1.0001105662656666,1.0001105662656666,1.0001105662656666,1.0001105662656666,1.0001105662656666,1.0001105662656666,1.0001105662656666,1.0001105662656666,1.0001105662656666,1.0001105662656666,1.0001105662656666,1.0001105662656666,1.0001105662656666,1.0001105662656666,1.0001105662656666,1.0001105662656666,1.0001105662656666,1.0001105662656666,1.0001105662656666,1.0001105662656666,1.0001105662656666,1.0001105662656666,1.0001386242646946,1.0001497686473069,1.0001624699633378,1.0001776618924205,1.0001776618924205,1.0002141537787372,1.0002376012173886,1.0002671403216954
experiment_957,1.0001105662656666,1.0001105662656666,1.0001105662656666,1.0001105662656666,1.0001105662656666,1.0001105662656666,1.0001105662656666,1.0001105662656666,1.0001105662656666,1.0001105662656666,1.0001105662656666,1.0001105662656666,1.0001105662656666,1.0001105662656666,1.0001105662656666,1.0001105662656666,1.0001105662656666,1.0001610055985088,1.0001716143647743,1.000183721224334,1.0001976319558312,1.0002135458411703,1.0002318384414095,1.00025274441653,1.000276760259309,1.0003048650140745,1.0003365916222406,1.0003729861971173,1.0004149005228273,1.000468776667513,1.0005253854092524,1.000590491407588
experiment_958,1.0001105662656666,1.0001105662656666,1.0001105662656666,1.0001105662656666,1.0001105662656666,1.0001105662656666,1.0001105662656666,1.0001105662656666,1.0001105662656666,1.0001105662656666,1.0001105662656666,1.0001105662656666,1.0001105662656666,1.0001105662656666,1.0001105662656666,1.0001105662656666,1.0001105662656666,1.0001105662656666,1.0001105662656666,1.0001105662656666,1.0001105662656666,1.0001105662656666,1.0001105662656666,1.0001105662656666,1.0001105662656666,1.0001105662656666,1.0001105662656666,1.0001105662656666,1.0001105662656666,1.0001105662656666,1.0001105662656666,1.0001105662656666
experiment_959,1.0001105662656666,1.0001105662656666,1.0001105662656666,1.0001105662656666,1.0001105662656666,1.0001105662656666,1.0001105662656666,1.0001105662656666,1.0001105662656666,1.0001105662656666,1.0001105662656666,1.0001105662656666,1.0001105662656666,1.0001105662656666,1.0001105662656666,1.0001105662656666,1.0001105662656666,1.0001105662656666,1.0001105662656666,1.0001105662656666,1.0001105662656666,1.0001105662656666,1.0001105662656666,1.0001105662656666,1.0001105662656666,1.0001105662656666,1.0001105662656666,1.0001105662656666,1.0001105662656666,1.0001105662656666,1.0001105662656666,1.0001105662656666
experiment_960,1.0001105662656666,1.0001105662656666,1.0001105662656666,1.0001105662656666,1.0001105662656666,1.0001105662656666,1.0001105662656666,1.0001105662656666,1.0001105662656666,1.0001105662656666,1.0001105662656666,1.0001105662656666,1.0001105662656666,1.0001105662656666,1.0001105662656666,1.0001105662656666,1.0001105662656666,1.0001105662656666,1.0001105662656666,1.0001105662656666,1.0001105662656666,1.0001105662656666,1.0001105662656666,1.0001105662656666,1.0001105662656666,1.0001105662656666,1.0001105662656666,1.0001105662656666,1.0001704584472102,1.000182566717625,1.0001957847509024,1.0002100208687048
experiment_961,1.0001105662656666,1.0000942420844638,1.0000802741623915,1.0000802741623915,1.0000802741623915,1.0000802741623915,1.0000802741623915,1.0000802741623915,1.0000802741623915,1.0000802741623915,1.0000802741623915,1.0000802741623915,1.0000802741623915,1.0000802741623915,1.0000802741623915,1.0000802741623915,1.0000802741623915,1.0000802741623915,1.0000802741623915,1.0000802741623915,1.0000802741623915,1.0000952147259106,1.0001100611599678,1.0001291484461101,1.0001576970343633,1.0001882755319842,1.0002274048949817,1.0002665804980726,1.0003514167322622,1.0004430668756676,1.000563960901954,1.000716957655306
experiment_962,1.0001105662656666,1.0001105662656666,1.0001105662656666,1.0001105662656666,1.0001105662656666,1.0001105662656666,1.0001105662656666,1.0001105662656666,1.0001105662656666,1.0001105662656666,1.0001105662656666,1.0001105662656666,1.0001105662656666,1.0001105662656666,1.0001105662656666,1.0001105662656666,1.0001105662656666,1.0001105662656666,1.0001105662656666,1.0001105662656666,1.0001105662656666,1.0001105662656666,1.0001105662656666,1.0001105662656666,1.0001105662656666,1.0001105662656666,1.0001105662656666,1.0001105662656666,1.0001105662656666,1.000140815291436,1.000140815291436,1.000140815291436
experiment_963,1.0001105662656666,1.0001105662656666,1.0000946087974671,1.0000946087974671,1.0000946087974671,1.0000946087974671,1.0000946087974671,1.0000946087974671,1.0000946087974671,1.0000946087974671,1.0000946087974671,1.0000946087974671,1.0000946087974671,1.0000946087974671,1.0000946087974671,1.0000946087974671,1.0000946087974671,1.0000946087974671,1.0000946087974671,1.0000946087974671,1.0001163707039622,1.0001163707039622,1.0001163707039622,1.000130207958418,1.0001403127642374,1.0001511696842744,1.000162980813119,1.0001766815481696,1.000203638212973,1.0002247722174822,1.0002512453574588,1.000277917755398
experiment_964,1.0001105662656666,1.0001105662656666,1.0001105662656666,1.0001105662656666,1.0001105662656666,1.0001105662656666,1.0001105662656666,1.0001105662656666,1.0001105662656666,1.0001105662656666,1.0001105662656666,1.0001105662656666,1.0001105662656666,1.0001105662656666,1.0001105662656666,1.0001105662656666,1.0001105662656666,1.0001105662656666,1.0001105662656666,1.0001105662656666,1.0001105662656666,1.0001105662656666,1.0001105662656666,1.0001105662656666,1.0001105662656666,1.0001105662656666,1.0001105662656666,1.0001105662656666,1.0001105662656666,1.0001555698049591,1.0001681661067539,1.000182377445805
experiment_965,1.0001105662656666,1.0001105662656666,1.0001105662656666,1.0001105662656666,1.0001105662656666,1.0001105662656666,1.0001105662656666,1.0001105662656666,1.0001105662656666,1.0001105662656666,1.0001105662656666,1.0001105662656666,1.0001105662656666,1.0001105662656666,1.0001105662656666,1.0001105662656666,1.0001105662656666,1.0001105662656666,1.0001105662656666,1.0001105662656666,1.0001105662656666,1.0001105662656666,1.0001105662656666,1.0001105662656666,1.0001105662656666,1.0001105662656666,1.0001105662656666,1.0001105662656666,1.0001105662656666,1.0001105662656666,1.0001105662656666,1.0001105662656666
experiment_966,1.0001105662656666,1.0001105662656666,1.0001105662656666,1.0001105662656666,1.0001105662656666,1.0001105662656666,1.0001105662656666,1.0001105662656666,1.0001105662656666,1.0001105662656666,1.0001105662656666,1.0001105662656666,1.0001105662656666,1.0001105662656666,1.0001105662656666,1.0001105662656666,1.0001105662656666,1.0001105662656666,1.0001105662656666,1.0001105662656666,1.0001105662656666,1.0001105662656666,1.0001105662656666,1.000091806089513,1.000091806089513,1.000091806089513,1.000091806089513,1.0001037238731154,1.0001037238731154,1.0001037238731154,1.0001037238731154,1.0001413144669034
experiment_967,1.0001105662656666,1.0001105662656666,1.0001105662656666,1.0001105662656666,1.0001105662656666,1.0001105662656666,1.0001105662656666,1.0001105662656666,1.0001105662656666,1.0001105662656666,1.0001105662656666,1.0001105662656666,1.0001105662656666,1.0001105662656666,1.0001105662656666,1.0001105662656666,1.0001105662656666,1.0001105662656666,1.0001105662656666,1.0001105662656666,1.0001105662656666,1.0001105662656666,1.0001574201270245,1.0001681549638852,1.0001804524796154,1.0001938310492644,1.0002089822945588,1.0002261553456206,1.0002454248388348,1.0002559813131036,1.0002785231269835,1.0003035941122744
experiment_968,1.0001105662656666,1.0001105662656666,1.0001105662656666,1.0001105662656666,1.0001105662656666,1.0001105662656666,1.0001105662656666,1.0001105662656666,1.0001105662656666,1.0001670840060577,1.0001670840060577,1.0001670840060577,1.0001670840060577,1.0001670840060577,1.0001670840060577,1.0001670840060577,1.0001670840060577,1.0001670840060577,1.0001670840060577,1.0001670840060577,1.0001670840060577,1.0001670840060577,1.0001670840060577,1.0001670840060577,1.0002248733770762,1.0002248733770762,1.0002248733770762,1.0003136863325015,1.0003136863325015,1.0003136863325015,1.0003136863325015,1.0003754616540175
experiment_969,1.0001105662656666,1.0001105662656666,1.0001105662656666,1.0001105662656666,1.0001105662656666,1.0001105662656666,1.0001105662656666,1.0001105662656666,1.0001105662656666,1.0001105662656666,1.0001105662656666,1.0001105662656666,1.0001105662656666,1.0001105662656666,1.0001105662656666,1.0001105662656666,1.0001105662656666,1.0001105662656666,1.0001105662656666,1.0001105662656666,1.0001105662656666,1.0001105662656666,1.0001105662656666,1.0001105662656666,1.0001105662656666,1.0001105662656666,1.0001105662656666,1.0001105662656666,1.0001105662656666,1.0001105662656666,1.0001105662656666,1.0001105662656666
experiment_970,1.0001105662656666,1.0001105662656666,1.0001105662656666,1.0001105662656666,1.0001105662656666,1.0001105662656666,1.0001105662656666,1.0001105662656666,1.0001105662656666,1.0001105662656666,1.0001105662656666,1.0001105662656666,1.0001105662656666,1.0001105662656666,1.0001105662656666,1.0001105662656666,1.0001105662656666,1.0001105662656666,1.0001105662656666,1.0001105662656666,1.0001105662656666,1.0001105662656666,1.0001105662656666,1.0001105662656666,1.0001105662656666,1.0001105662656666,1.0001291326461603,1.0001291326461603,1.000150231969567,1.0001635942239855,1.000179156873995,1.000179156873995
experiment_971,1.0001105662656666,1.0001105662656666,1.0001105662656666,1.0001105662656666,1.0001105662656666,1.0001105662656666,1.0001105662656666,1.0001105662656666,1.0001105662656666,1.0001105662656666,1.0001105662656666,1.0001105662656666,1.0001759430646855,1.0001759430646855,1.0001944288969884,1.0001944288969884,1.0001944288969884,1.0001944288969884,1.0002243514877092,1.0002243514877092,1.0002243514877092,1.0002243514877092,1.0002537095099484,1.0002537095099484,1.0002740638429513,1.0002852279363315,1.000297342427905,1.0003088795759103,1.000331214102819,1.0003500765847932,1.0003500765847932,1.0003500765847932
experiment_972,1.0001105662656666,1.0001105662656666,1.0001105662656666,1.0001105662656666,1.0001105662656666,1.0001105662656666,1.0001105662656666,1.0001105662656666,1.0001105662656666,1.0001105662656666,1.0001105662656666,1.0001105662656666,1.0001105662656666,1.0001105662656666,1.0001105662656666,1.0001105662656666,1.0001105662656666,1.0001105662656666,1.0001105662656666,1.0001105662656666,1.0001105662656666,1.0001105662656666,1.0001105662656666,1.0001105662656666,1.0001105662656666,1.0001105662656666,1.0001105662656666,1.0001105662656666,1.0001105662656666,1.0001105662656666,1.0001105662656666,1.0001105662656666
experiment_973,1.0001105662656666,1.0001258209635093,1.0001258209635093,1.0001258209635093,1.0001604439052811,1.0001604439052811,1.0001604439052811,1.0001979753133485,1.0002112181111376,1.000224462562245,1.0002382666753058,1.0002523081969716,1.0002666204431825,1.0002812609958263,1.00029611115845,1.0003112778606482,1.000326692364285,1.000348614516649,1.0003652392527829,1.0003821535545343,1.0003993804070506,1.000417025164241,1.0004349396013044,1.0004535345001917,1.000472295759384,1.0004913724436533,1.0005109331396755,1.0005309549300465,1.0005514050114828,1.0005723305357586,1.0005938878746181,1.0006156238982205
experiment_974,1.0001105662656666,1.0001105662656666,1.0001105662656666,1.0001105662656666,1.0001105662656666,1.0001105662656666,1.0001105662656666,1.0001105662656666,1.0001105662656666,1.0001105662656666,1.0001105662656666,1.0001105662656666,1.0001105662656666,1.0001105662656666,1.0001105662656666,1.0001105662656666,1.0001105662656666,1.0001402209994625,1.0001555299378913,1.000174513036571,1.0001876637026563,1.0002251840581555,1.0002580291798415,1.0003199889958394,1.0003731704796612,1.0004405065623194,1.0005151213191228,1.0006149487459652,1.0007367914050382,1.000887762630356,1.0010575758990408,1.001262152776815
experiment_975,1.0001105662656666,1.0001105662656666,1.0001105662656666,1.0001105662656666,1.0001105662656666,1.0001105662656666,1.0001105662656666,1.0001105662656666,1.0001105662656666,1.0001105662656666,1.0001105662656666,1.0001105662656666,1.0001105662656666,1.0001105662656666,1.0001105662656666,1.0001105662656666,1.0001105662656666,1.0001105662656666,1.0001105662656666,1.0001105662656666,1.0001105662656666,1.0001105662656666,1.0001105662656666,1.0001105662656666,1.0001105662656666,1.0001105662656666,1.0001105662656666,1.0001105662656666,1.0001105662656666,1.0001105662656666,1.0001105662656666,1.0001105662656666
experiment_976,1.0001105662656666,1.0001105662656666,1.0001105662656666,1.0001105662656666,1.0001105662656666,1.0001105662656666,1.0001105662656666,1.0001105662656666,1.0001105662656666,1.0001105662656666,1.0001105662656666,1.0001105662656666,1.0001105662656666,1.0001105662656666,1.0001105662656666,1.0001105662656666,1.0001105662656666,1.0001105662656666,1.0001105662656666,1.0001105662656666,1.0001105662656666,1.0001105662656666,1.0001105662656666,1.0001105662656666,1.0001105662656666,1.0001105662656666,1.0001105662656666,1.0001105662656666,1.0000790022583603,1.0000790022583603,1.0000790022583603,1.0000790022583603
experiment_977,1.0001105662656666,1.0001105662656666,1.0001105662656666,1.0001105662656666,1.0001105662656666,1.0001105662656666,1.0001105662656666,1.0001105662656666,1.0001105662656666,1.0001105662656666,1.0001665746176578,1.0001665746176578,1.0001665746176578,1.0001665746176578,1.0001665746176578,1.0001665746176578,1.0002133338220844,1.0002426374564855,1.0002570751878221,1.0002730359905734,1.0002908987408559,1.0002908987408559,1.000323786281426,1.0003454684349158,1.0003735394731812,1.0003955212821622,1.0004240034551255,1.0004568417344613,1.0004919061453739,1.0005444276867241,1.0005908043941527,1.0006269772855685
experiment_978,1.0001105662656666,1.0001105662656666,1.0001105662656666,1.000126684669614,1.000126684669614,1.000126684669614,1.000126684669614,1.000126684669614,1.000126684669614,1.000126684669614,1.000126684669614,1.000185323758385,1.0001967102066973,1.0001967102066973,1.0002207990567427,1.0002376898823835,1.0002566294466506,1.0002800360709716,1.0003195943159666,1.000348407678566,1.0003812713619742,1.0004206340875383,1.0004643667838446,1.000515008404596,1.0005743836870775,1.0006421031527482,1.0007255330490112,1.0008184779111133,1.0009272422349726,1.0010447222515846,1.00116823026283,1.0013908258488196
experiment_979,1.0001105662656666,1.0001105662656666,1.0001105662656666,1.0001105662656666,1.0001105662656666,1.0001105662656666,1.0001105662656666,1.0001105662656666,1.0001105662656666,1.0001105662656666,1.0001105662656666,1.0001105662656666,1.0001105662656666,1.0001435094768338,1.0001435094768338,1.0001435094768338,1.0001435094768338,1.0001435094768338,1.0001858454853092,1.0001858454853092,1.0001858454853092,1.0002063200312197,1.000216623343345,1.000216623343345,1.000216623343345,1.0002512164690034,1.0002641454341024,1.0002854643910088,1.0003445310634698,1.0003718988044055,1.000403697233519,1.0004172421208901
experiment_980,1.0001105662656666,1.0001105662656666,1.0001105662656666,1.0001105662656666,1.0001105662656666,1.0001105662656666,1.0001105662656666,1.0001105662656666,1.0001105662656666,1.0001105662656666,1.0001105662656666,1.0001105662656666,1.0001105662656666,1.0001105662656666,1.0001105662656666,1.0001105662656666,1.0001105662656666,1.000163584994383,1.0001769606308872,1.0001927511471487,1.000211199075647,1.0002332391018394,1.0002586446377657,1.0002770962268936,1.0003096240078089,1.000348044585878,1.0004092347725466,1.0004638477917953,1.0005288113956492,1.0006038540708002,1.000691157184719,1.0007929645947393
experiment_981,1.0001105662656666,1.00012099080731,1.00012099080731,1.00012099080731,1.000139221547503,1.000139221547503,1.000139221547503,1.000139221547503,1.000139221547503,1.000139221547503,1.000139221547503,1.000139221547503,1.000139221547503,1.000139221547503,1.000139221547503,1.000139221547503,1.000139221547503,1.000241891770442,1.0002531372317711,1.0002650409013358,1.0002778031620942,1.0002914179355493,1.000306057761367,1.000321428480134,1.0003376808504758,1.0003551268188693,1.0003738097129755,1.0003939747907207,1.000415628911234,1.0004403694301016,1.0004581351861168,1.0004868326626237
experiment_982,1.0001105662656666,1.0001105662656666,1.0001105662656666,1.0001105662656666,1.0001105662656666,1.0001105662656666,1.0001105662656666,1.0001105662656666,1.0001105662656666,1.0001105662656666,1.0001105662656666,1.0001105662656666,1.0001105662656666,1.0001105662656666,1.0001105662656666,1.0001105662656666,1.0001105662656666,1.0001105662656666,1.0001105662656666,1.0001105662656666,1.0001592983936554,1.0001729898741434,1.0001884038485693,1.0002065757892127,1.0002172321746272,1.0002516906870669,1.00029137949401,1.0003365562312063,1.0003804504969813,1.0004323370725448,1.0004974937902813,1.0005730160710962
experiment_983,1.0001105662656666,1.0001105662656666,1.0001105662656666,1.0001105662656666,1.0001105662656666,1.0001105662656666,1.0001105662656666,1.0001105662656666,1.0001105662656666,1.0001105662656666,1.0001105662656666,1.0001105662656666,1.0001105662656666,1.0001105662656666,1.0001105662656666,1.0001105662656666,1.0001105662656666,1.0001989132541118,1.0001989132541118,1.0001989132541118,1.0002395008843397,1.0002595340638565,1.0002828125401122,1.0003089506803489,1.000357815405207,1.000407622824395,1.0004399811861457,1.0004856388776358,1.000536057575994,1.0005963035160026,1.0006587935014142,1.000728796373937
experiment_984,1.0001105662656666,1.000123734050913,1.000123734050913,1.000123734050913,1.0001545119379731,1.0001545119379731,1.0001545119379731,1.0001871403776679,1.0002018849655263,1.000217517109784,1.0002350956876718,1.000254316456665,1.0002754294296423,1.0002986592494636,1.0003242685971034,1.000352564408534,1.0003839803043475,1.0004205360196945,1.0004618990698122,1.0005079445140426,1.0005494705511977,1.0006037712705695,1.0006747421343145,1.0007364205689224,1.0008157942355453,1.0009045959973042,1.0009538785129892,1.0010694944724354,1.001184753897955,1.0013228345916771,1.0014685773696834,1.0016296355262064
experiment_985,1.0001105662656666,1.0001105662656666,1.0001105662656666,1.0001105662656666,1.0001105662656666,1.0001105662656666,1.0001105662656666,1.0001105662656666,1.0001105662656666,1.0001105662656666,1.0001105662656666,1.0001105662656666,1.0001105662656666,1.0001105662656666,1.0001105662656666,1.0001105662656666,1.0001105662656666,1.0001105662656666,1.0001105662656666,1.0001105662656666,1.0001105662656666,1.0001105662656666,1.0001105662656666,1.0001105662656666,1.0001105662656666,1.0001105662656666,1.0001105662656666,1.0001105662656666,1.0001105662656666,1.0001105662656666,1.0001105662656666,1.0001105662656666
experiment_986,1.0001105662656666,1.0001105662656666,1.0001105662656666,1.0001105662656666,1.0001105662656666,1.0001105662656666,1.0001105662656666,1.0001105662656666,1.0001105662656666,1.0001105662656666,1.0001105662656666,1.0001105662656666,1.0001105662656666,1.0001105662656666,1.0001105662656666,1.0001105662656666,1.0001105662656666,1.0001105662656666,1.0001301064580232,1.0001301064580232,1.0001430487794867,1.0001574395177972,1.0001747017750124,1.0001949238993444,1.000240446896493,1.0002741301803657,1.0003156600048086,1.0003699342097592,1.0004421983720653,1.000519493502712,1.0006174914483763,1.0007365182490975
experiment_987,1.0001105662656666,1.0001105662656666,1.0001105662656666,1.0001105662656666,1.0001105662656666,1.0001105662656666,1.0001105662656666,1.0001105662656666,1.0001105662656666,1.0001105662656666,1.0001105662656666,1.0001105662656666,1.0001377598782573,1.0001377598782573,1.0001377598782573,1.0001377598782573,1.000161781420363,1.0001750132763148,1.0002239822730479,1.000244372489376,1.000270747122354,1.0002977656294827,1.0003284014330576,1.000367000999241,1.0004081659303046,1.0004557971289265,1.0005011964105386,1.0005554914237718,1.000626851255381,1.0007096120001244,1.0008028042746284,1.000930812155004
experiment_988,1.0001105662656666,1.0001105662656666,1.0001105662656666,1.0001105662656666,1.0001105662656666,1.0001105662656666,1.0001105662656666,1.0001105662656666,1.0001105662656666,1.0001105662656666,1.0001105662656666,1.0001105662656666,1.0001105662656666,1.0001105662656666,1.0001105662656666,1.0001105662656666,1.0001105662656666,1.0001105662656666,1.0001105662656666,1.0001699625174034,1.0001804486981536,1.000192710469896,1.0002065537284792,1.0002228234655348,1.0002410539586497,1.0002410539586497,1.0002731937982918,1.0002988128232202,1.0003275871037367,1.000360624236425,1.0004163963452832,1.0004675252571917
experiment_989,1.0001105662656666,1.0001105662656666,1.0000917490378944,1.0000917490378944,1.0000917490378944,1.0000917490378944,1.0000917490378944,1.0000917490378944,1.0000917490378944,1.0000917490378944,1.0000917490378944,1.0000917490378944,1.0000917490378944,1.0000917490378944,1.0000917490378944,1.0000917490378944,1.0000917490378944,1.0000917490378944,1.0000917490378944,1.0000917490378944,1.0001246337672847,1.0001381015819109,1.0001550976134854,1.000174824461828,1.0001989363513415,1.000226269220123,1.0002589688123378,1.000299417377042,1.0003476800696751,1.0004303119129776,1.0005051017952342,1.0005947472808383
experiment_990,1.0001105662656666,1.0001105662656666,1.0001105662656666,1.0001105662656666,1.0001105662656666,1.0001105662656666,1.0001105662656666,1.0001105662656666,1.0001105662656666,1.0001105662656666,1.0001105662656666,1.0001105662656666,1.0001105662656666,1.0001105662656666,1.0001105662656666,1.0001105662656666,1.0001105662656666,1.0001105662656666,1.0001105662656666,1.0001105662656666,1.0001105662656666,1.0001105662656666,1.0001105662656666,1.0001105662656666,1.0001105662656666,1.0001105662656666,1.0001105662656666,1.0001105662656666,1.0001429949723335,1.0001559830412043,1.0001710368697394,1.0001884594058377
experiment_991,1.0001105662656666,1.0001105662656666,1.0001105662656666,1.0001105662656666,1.0001105662656666,1.0001105662656666,1.0001105662656666,1.0001105662656666,1.0001105662656666,1.0001105662656666,1.0001105662656666,1.0001105662656666,1.0001105662656666,1.0001105662656666,1.0001105662656666,1.0001105662656666,1.0001105662656666,1.0001105662656666,1.0001105662656666,1.0001105662656666,1.0001720437909023,1.0001720437909023,1.0001720437909023,1.0001720437909023,1.0001720437909023,1.0001720437909023,1.0001720437909023,1.0001720437909023,1.0001720437909023,1.0001720437909023,1.000258821783224,1.0002695575934335
experiment_992,1.0001105662656666,1.0001105662656666,1.0001105662656666,1.0001105662656666,1.0001105662656666,1.0001105662656666,1.0001105662656666,1.0001105662656666,1.0001105662656666,1.0001105662656666,1.0001105662656666,1.0001105662656666,1.0001105662656666,1.0001105662656666,1.0001105662656666,1.0001105662656666,1.0001105662656666,1.0001105662656666,1.0001105662656666,1.0001105662656666,1.0001105662656666,1.0001105662656666,1.0001105662656666,1.0001105662656666,1.0001105662656666,1.0001105662656666,1.0001105662656666,1.0001295471713416,1.0001295471713416,1.000150715542608,1.0001638904030663,1.0001638904030663
experiment_993,1.0001105662656666,1.0001216381022209,1.0001216381022209,1.0001216381022209,1.0001216381022209,1.0001216381022209,1.0001216381022209,1.0001216381022209,1.0001216381022209,1.0001216381022209,1.0001216381022209,1.0001216381022209,1.0001216381022209,1.0001216381022209,1.0001216381022209,1.0001216381022209,1.0001216381022209,1.0001216381022209,1.0001216381022209,1.0001216381022209,1.0001216381022209,1.0001216381022209,1.0001216381022209,1.0001216381022209,1.0001216381022209,1.0001216381022209,1.0001216381022209,1.0001216381022209,1.0001216381022209,1.0001216381022209,1.0001216381022209,1.0001216381022209
experiment_994,1.0001105662656666,1.0001105662656666,1.0001105662656666,1.0001105662656666,1.0001105662656666,1.0001105662656666,1.0001105662656666,1.0001105662656666,1.0001105662656666,1.0001105662656666,1.0001105662656666,1.0001105662656666,1.0001105662656666,1.0001105662656666,1.0001105662656666,1.0001105662656666,1.0001105662656666,1.0001105662656666,1.0001105662656666,1.0001105662656666,1.0001105662656666,1.0001594379298142,1.000169542416549,1.0001808925505218,1.0001935561422457,1.0002079623970725,1.0002242567555097,1.0002424647816053,1.0002668326406314,1.0002843186503703,1.000314261617135,1.0003472401480322
experiment_995,1.0001105662656666,1.0001105662656666,1.0001105662656666,1.0001105662656666,1.0001105662656666,1.0001105662656666,1.0001105662656666,1.0001105662656666,1.0001105662656666,1.0001105662656666,1.0001105662656666,1.0001105662656666,1.0001105662656666,1.0001105662656666,1.0001105662656666,1.0001105662656666,1.0001105662656666,1.0001105662656666,1.0001105662656666,1.0001105662656666,1.0001105662656666,1.0002104862802,1.000224691540424,1.000240551375004,1.000258786121597,1.0002785702838541,1.0003011764031338,1.0003280894740165,1.000355854363347,1.0003874631542211,1.00042294643201,1.0004646668672983
experiment_996,1.0001105662656666,1.000120675797701,1.000120675797701,1.000120675797701,1.000120675797701,1.000120675797701,1.000120675797701,1.000120675797701,1.000120675797701,1.000120675797701,1.000120675797701,1.000163887679253,1.000163887679253,1.000163887679253,1.0001894840072334,1.0001894840072334,1.0001894840072334,1.0002073654947519,1.0002433150655876,1.000257823779352,1.0002743839262769,1.0002892457363866,1.0003048255969729,1.0003212073695238,1.0003390928336808,1.0003585179980612,1.000387995310119,1.0004026808887294,1.0004243079478181,1.0004479438132086,1.0004716059550274,1.0004967846757455
experiment_997,1.0001105662656666,1.0001105662656666,1.0001105662656666,1.0001105662656666,1.0001105662656666,1.0001105662656666,1.0001105662656666,1.0001105662656666,1.0001105662656666,1.0001105662656666,1.0001105662656666,1.0001105662656666,1.0001105662656666,1.0001105662656666,1.0001105662656666,1.0001105662656666,1.0001105662656666,1.0001105662656666,1.0001105662656666,1.0001105662656666,1.0001105662656666,1.0001105662656666,1.0001105662656666,1.0001105662656666,1.0001105662656666,1.0001517988548279,1.00016866125043,1.0001756309657444,1.0001942837896958,1.000216840481988,1.000243139282582,1.000286814848372
experiment_998,1.0001105662656666,1.0001105662656666,1.0001105662656666,1.0001105662656666,1.0001105662656666,1.0001105662656666,1.0001105662656666,1.0001105662656666,1.0001105662656666,1.0001105662656666,1.0001105662656666,1.0001105662656666,1.0001105662656666,1.0001105662656666,1.0001105662656666,1.0001105662656666,1.0001105662656666,1.0001105662656666,1.0001105662656666,1.0001105662656666,1.0001389133986327,1.0001504984283152,1.0001641332237095,1.0001798051375332,1.0001983184677181,1.000227336874151,1.0002542071813199,1.0002831162673587,1.0003184403163252,1.0003581601364144,1.0004084443430394,1.0004751202482431
experiment_999,1.0001105662656666,1.0000962317268955,1.0000838507939451,1.0000838507939451,1.0000838507939451,1.0000838507939451,1.0000838507939451,1.0000838507939451,1.0000838507939451,1.0000838507939451,1.0000838507939451,1.0000838507939451,1.0000838507939451,1.0000838507939451,1.0000838507939451,1.0000838507939451,1.0000838507939451,1.0000838507939451,1.0000838507939451,1.0000838507939451,1.0000838507939451,1.0000838507939451,1.0000838507939451,1.0000838507939451,1.0000937225506024,1.0000937225506024,1.00011436831198,1.0001276599628386,1.0001276599628386,1.0001484843789283,1.0001679492534155,1.0002011375241127
