{"municipalities_area_set":{"area_entities":{"id":[1,2,3,4,5,6,7,8,10,15,17,18,19,20,21,22,24,25,26,27,29,30,31,32,33,34,36,40,41,44,45,51,54,55,56,57,58,59,61,62,63,65,66,69,70,71,75,76,80,82,85,86,88,89,90,91,92,93,100,101,102,103,104,105,108,109,110,111,114,119,121,123,124,126,130,131,135,138,141,143,147,150,152,154,155,156,157,160,162,164],"transport.cargo_vehicle_flow.roads":[417.14499590712353,443.3294577125071,360.99106668046846,294.78123724797655,401.9482275350508,361.54907148657,1960.1328405515535,339.85430149646385,67.89657803178461,67.89657803178461,76.54168129745648,417.14499590712353,null,66.12805300759553,417.14499590712353,160.9212812057856,67.89657803178461,339.85430149646385,292.4419859903718,401.9482275350508,339.85430149646385,335.24613226336976,663.400090051306,null,null,292.4419859903718,97.4959961223071,46.14873911031799,1960.1328405515535,524.3674247442623,33.101092553066565,640.7325150213062,663.400090051306,46.14873911031799,640.7325150213062,66.12805300759553,570.3986713968377,294.78123724797655,401.9482275350508,361.54907148657,46.14873911031799,417.14499590712353,443.3294577125071,361.54907148657,294.65295572358724,325.66469874284996,142.1958558847545,426.44595315814814,33.101092553066565,1913.4275186378547,99.21105143508983,null,33.101092553066565,null,67.89657803178461,417.14499590712353,401.9482275350508,76.54168129745648,76.54168129745648,76.54168129745648,67.89657803178461,66.12805300759553,663.400090051306,null,663.400090051306,640.7325150213062,284.2481512403494,325.66469874284996,87.15544547141604,null,1913.4275186378547,null,46.14873911031799,200.16588342359944,302.7371760999611,null,null,46.14873911031799,401.9482275350508,76.54168129745648,null,76.54168129745648,302.7371760999611,66.12805300759553,663.400090051306,328.829512300438,null,328.829512300438,null,220.80297408989549],"transport.volume_to_capacity_ratio.roads.max":[0.5975610313537837,0.5011238406903332,1.327273427859444,0.4621640013762605,2.1546100954496246,0.7772271569216307,4.597804237523954,0.8198155365827647,0.31378887346403767,0.30990232753737124,0.3443275851157893,0.932163029410012,0.2828716400820439,0.42800011543256,0.5975610313537837,0.8136855752872038,0.31378887346403767,0.5723582427407129,0.6561460983258562,1.7874884138968397,1.9611850635688823,0.5498743124951575,0.7030979841346624,0.1440348537210068,0.6198120476566177,0.7563087039631672,0.7980633095054807,0.9701840123302138,4.597804237523954,2.703374107465929,0.479273269243099,0.5773787649915552,0.8294458402474445,0.6385572405550082,0.5854035718438072,0.5580176424153066,2.1455201215126767,0.967246383382665,1.7273219265882775,0.6216525726021336,0.7468749687178349,1.044172980172177,0.8759746512577005,0.9792229910235073,1.4797053940520375,1.6403817774018248,0.9792229910235073,2.3744394242590836,1.3078112245781763,3.574534573661103,0.5053482754036464,0.1440348537210068,0.9908161883218634,0.5243610119717604,0.31378887346403767,0.5975610313537837,0.9152983588956304,0.5050747789806984,0.3987251587447927,0.6020723740645006,0.3259209894978424,1.5673193005590385,0.5698430353056689,0.09230107957797835,0.7030979841346624,0.6091795999463709,1.23362731424324,1.9611850635688823,0.41574249253714196,0.1440348537210068,2.064052030176529,0.5009927340632914,0.9279010361128277,0.8785651128682876,0.5492012149625667,0.07032298494369574,0.1440348537210068,0.6159673305494482,1.0366736126173706,0.4050218129141343,0.6110345063912459,0.7854281515013173,0.6330690535214067,0.48004805953527946,0.6080812782273197,2.1398851784552178,0.8805826241228222,0.5136060789064992,0.022252029281659053,0.8800010351212396],"transport.delay_factor.roads.max":[1.0815976150268607,1.0403500221581878,2.9861935784367173,1.0291935097953209,14.793166699786136,1.2335456814772474,287.0165694926688,1.289097643747332,1.0061993706587544,1.0059026779751157,1.0089876370810698,1.4832228599575554,1.0040941600240398,1.0214791865818567,1.0815976150268607,1.280547525326194,1.0061993706587544,1.0686921252329218,1.1186266255931254,7.53348203142757,10.467913509480896,1.058515278742112,1.156402389916032,null,1.0944454651938764,1.2093998508275359,1.2596147440597179,1.567017455054252,287.0165694926688,35.18255910812944,1.033765792281476,1.0711134477027433,1.3029229013783676,1.1064000333698665,1.0751653584130283,1.0620506353107801,14.56132663894106,1.5601632524100175,6.69724407656786,1.095588390407625,1.199146001853101,1.7607987274447812,1.3768305718199898,1.5884257927481777,4.068222861273755,5.634039364764298,1.588425792748178,21.343014753800016,2.872234379571921,105.48835548565933,1.041739104358001,null,1.616811338524141,1.0483910892264119,1.0061993706587544,1.0815976150268607,1.449190651006427,1.0416436733955001,1.0161740357205857,1.084095890686011,1.0072135931527106,4.861978936260409,1.0674758387475876,null,1.156402389916032,1.088117452008966,2.4822886809950164,10.467913509480896,1.019117927428804,null,12.616515605295545,1.0403264428014871,1.4744458067935204,1.381307887660434,1.0582189672089162,null,null,1.0921227169302612,1.7391764990800516,1.0172209160890646,1.089212031786543,1.2435599224930316,1.1027979161979795,1.0339926093821628,1.0875097136417906,14.419322488374844,1.3848224678564485,1.0445326330071771,null,1.3838068362429081],"transport.cargo_vehicle_flow.roads.total":[404.64361146712844,3463.324516110749,8125.403032212504,2014.3387201568507,6773.65006151144,4811.514628480394,112520.8315540794,6188.43369841127,193.77495670555606,652.5263739450522,196.47811707723974,4949.127497304205,null,421.3488387435568,1201.4294499613902,1742.4928094219292,156.22206487643126,2564.7559268728446,3153.1686849689486,5047.074015662711,6091.915662619134,6831.345359850612,4540.840156094685,null,null,4189.77715011697,2820.547100885927,160.12315904750926,9450.41855238308,22913.503051714266,219.0512710088402,6786.142026352443,11864.769631645455,60.60003358802151,3522.9158670149795,355.22078573596133,13746.75572530521,5830.096000597344,2724.511121598881,687.3592326400562,83.67440314318051,6891.442779381178,12717.497634561762,4413.436578635943,17242.42020027873,5137.001612124273,284.391711769509,24813.146971090067,371.90035691154725,26156.589781635113,99.21105143508983,null,331.3353308926825,null,248.15215453431043,1226.4322188413803,681.1277803997202,578.385375626676,785.9124683089589,556.2874244165895,690.3789427908102,355.22078573596133,7806.360369218988,null,5204.2402461459915,5660.685080877392,3709.8348957228195,4720.69300023988,891.9321185082155,null,47256.35581162311,null,495.2865808997659,890.8104492832128,1163.833457929261,null,null,341.9232598115738,2842.175774474571,469.49791545193597,null,938.9958309038718,3569.744412493601,236.81385715730755,6150.54767000983,7888.252554450712,null,897.3974252827088,null,2377.3752763225834],