{"municipalities_area_set":{"area_entities":{"id":[1,2,3,4,5,6,7,8,10,15,17,18,19,20,21,22,24,25,26,27,29,30,31,32,33,34,36,40,41,44,45,51,54,55,56,57,58,59,61,62,63,65,66,69,70,71,75,76,80,82,85,86,88,89,90,91,92,93,100,101,102,103,104,105,108,109,110,111,114,119,121,123,124,126,130,131,135,138,141,143,147,150,152,154,155,156,157,160,162,164],"transport.cargo_vehicle_flow.roads":[413.6188916393599,439.7323359721588,357.80234888506766,291.9271770628077,382.04408393021606,355.3303259138332,1945.942659992632,336.63959292524265,67.201514549147,67.201514549147,75.75811710156071,413.6188916393599,null,65.60094909856551,413.6188916393599,159.38770194463515,67.201514549147,336.63959292524265,289.91029927786064,382.04408393021606,336.63959292524265,332.69543497539667,658.3039856728631,null,92.56206146812082,289.91029927786064,96.64397437428869,45.763330689463054,1945.942659992632,519.4467836709243,32.88038721363779,635.5602910798307,658.3039856728631,45.763330689463054,635.5602910798307,65.60094909856551,548.9630407222628,291.9271770628077,382.04408393021606,355.3303259138332,45.763330689463054,413.6188916393599,439.7323359721588,355.3303259138332,291.8477947555464,322.7480696786168,157.08662803328403,422.544206974394,32.88038721363779,1915.713306663688,98.19541882258419,null,32.88038721363779,null,67.201514549147,413.6188916393599,382.04408393021606,75.75811710156071,75.75811710156071,75.75811710156071,67.201514549147,65.60094909856551,658.3039856728631,null,658.3039856728631,635.5602910798307,281.750096674651,322.7480696786168,86.29278979920302,null,1915.713306663688,null,45.763330689463054,198.21002821517118,283.84866510763186,null,null,45.763330689463054,382.04408393021606,75.75811710156071,null,75.75811710156071,283.84866510763186,65.60094909856551,658.3039856728631,325.92647917571594,null,325.92647917571594,null,219.16399943856152],"transport.volume_to_capacity_ratio.roads.max":[0.5991876398204329,0.5030639805785629,1.3444278208783507,0.47274729609238514,1.9646504125398376,0.8020102524294122,4.6491540001730955,0.8236494634792969,0.31625767867533594,0.31218154516218466,0.34701253829790096,0.9374982266024937,0.2854662519510123,0.43299623640916823,0.5991876398204329,0.8180964615459037,0.31625767867533594,0.5742888407847769,0.6603618405769819,1.3777917952544514,1.9714535599191976,0.544364030503022,0.7035110695535831,0.14488236766073972,0.6204155829468904,0.7573710663629828,0.8121593818645639,0.9795461866411628,4.6491540001730955,2.7148255854489296,0.48137506235856986,0.5771825967399532,0.833208355145757,0.6447967495655995,0.5863390797035295,0.5607621913419891,2.1675846139033217,0.9761257238864502,1.3078278176934357,0.6486959470132835,0.7545418296761569,1.0458496192505065,0.8797718125139014,0.9977912539860389,1.4886325891450152,1.6543132444272883,0.9977912539860389,2.3839268808438066,1.3126378744025395,3.801990356801232,0.4935735712880605,0.14488236766073972,0.9963891511291052,0.525350742112746,0.31625767867533594,0.5991876398204329,0.9014093643460428,0.5087661934379615,0.40191513275639557,0.6076964940613879,0.3284186715542474,1.5748934412130255,0.5697994671586838,0.09298132263044787,0.7035110695535831,0.6091701925422198,1.240371207240757,1.9714535599191976,0.4181871697340583,0.14488236766073972,2.156379306450292,0.7243583174024538,0.9336640744580059,0.8840104531271314,0.551878660009586,0.07299937850762359,0.14488236766073972,0.6211606835370657,1.0283071455128734,0.4080724259629974,0.615439651622698,0.7910578467514466,0.631987952521417,0.4852668509857573,0.6096545491506772,2.149671300715143,0.8880141901166962,0.5165254232785608,0.022445804991314346,0.8838846795555648],"transport.delay_factor.roads.max":[1.08249570877787,1.0409875718261232,3.0908839927429286,1.0319638703733522,10.53480322066578,1.2647888261557942,300.00748519642724,1.2945436426346677,1.0064114494490903,null,1.0092781968048365,1.494400757736732,null,1.0225002225504047,1.08249570877787,1.2866804192702785,1.0064114494490903,1.0696147846008055,null,3.306236950415808,10.667657110720564,1.0561967462937438,1.1567702732440417,null,1.0948223607838488,1.2105788809586082,1.2784485983780995,1.5892229403960547,300.00748519642724,35.76543820731979,1.0343705847176414,1.0710231827382943,1.3084568640861205,1.1106295974305624,1.07564730465451,1.0632789181554854,15.12795583104501,1.5810359521555633,2.872282803987006,1.1133354290039021,1.2074499131553948,1.7657246050210706,1.3834070965529164,1.634389166589799,4.142975787479104,5.793550600331501,1.634389166589799,21.670246186566935,2.9000266756568616,134.73143840827103,1.0379828512119311,null,1.6308061732784134,1.048755301873943,1.0064114494490903,1.08249570877787,1.4225403967815415,1.0428798202507423,1.0166957344969976,1.0872787741441712,1.0074438920433375,4.9371745699559035,1.067457490384149,null,1.1567702732440417,1.0881251509593595,2.514909466899443,10.667657110720564,1.0195732431383548,null,14.838461886182836,1.1761950807242922,1.4863428857061713,1.390849513488805,1.0593682679235243,null,null,1.0952786973274828,1.7156277124310682,1.0177441869977086,1.0918167398930536,1.2506183954663461,1.1020975150439436,1.035495807327486,1.088412821256131,14.666843071521754,1.3979784871066605,1.045558052318453,null,1.3906271267559382],"transport.cargo_vehicle_flow.roads.total":[401.3615638620536,3458.9786985132882,8052.999155455293,1995.895559530189,6598.1166369990015,4861.250680547711,112153.52442293512,6153.515324598184,191.7912647411,645.8464017412273,194.4667526126881,4909.241929607262,null,417.8544055502575,1191.8273638088544,1725.8400349776991,154.6228053021561,2552.5837117459228,3125.6552524295225,4887.349014544552,6078.214245497466,6782.685366876866,4517.213689637322,null,46.28103073406041,4152.459508956352,2796.6705415472825,158.76731836236138,9382.256408287343,22716.9583432928,217.61011339052914,6731.336471537822,11798.532818394928,60.08154821877787,3487.8180136645606,352.25345645169205,12112.989904168562,5776.767878220456,2634.6965492373843,694.4643829353873,82.9632135635094,6835.403913432217,12648.453904415617,4431.389809554886,17118.88485851474,5090.182163207185,314.17325606656806,24528.503179929518,369.4594523537826,26651.805011062406,98.19541882258419,null,329.1552023535968,null,245.61179821953561,1216.342019363467,658.6741373093461,572.4643916073996,777.8670104507524,550.5926591460702,683.3114703757614,352.25345645169205,7763.276512965278,null,5175.517675310185,5614.966432491004,3677.973331248645,4678.529177690548,883.0671105410614,null,47389.95766445388,null,491.08828563331866,906.5392210049285,1120.9574369735237,null,null,339.011963018695,2750.848171148591,464.6916223269369,null,929.3832446538739,3444.782321157825,234.83563763446136,6088.111843912445,7854.232622404797,null,895.3686748422095,null,2359.2093856443394],