{"municipalities_area_set":{"area_entities":{"id":[1,2,3,4,5,6,7,8,10,15,17,18,19,20,21,22,24,25,26,27,29,30,31,32,33,34,36,40,41,44,45,51,54,55,56,57,58,59,61,62,63,65,66,69,70,71,75,76,80,82,85,86,88,89,90,91,92,93,100,101,102,103,104,105,108,109,110,111,114,119,121,123,124,126,130,131,135,138,141,143,147,150,152,154,155,156,157,160,162,164],"transport.cargo_vehicle_flow.roads":[410.39209060847446,314.92592786698276,298.9541748634261,289.27805254920264,289.27805254920264,567.8535639010872,1521.0212189539106,330.07044762480245,66.55296999939205,66.55296999939205,75.02699497915701,410.39209060847446,null,77.73752317109637,410.39209060847446,157.96644074778743,66.55296999939205,330.07044762480245,418.1403226956484,268.79072778172537,330.07044762480245,404.8584392378668,543.8133447384797,null,0.003881071148499563,418.1403226956484,109.12970522383984,45.41111914084995,854.4546983829997,514.8935237526077,34.591581997749095,379.9611552916508,543.8133447384797,45.41111914084995,462.7293992659788,77.73752317109637,472.3448205625021,392.53937900194643,254.77980138842045,567.8535639010872,45.41111914084995,410.39209060847446,319.65860129321595,567.8535639010872,289.248344662613,236.04844267481002,256.6882953853523,409.92050017408843,34.591581997749095,1447.0724695549738,0.0013950567914963769,null,34.591581997749095,null,66.55296999939205,410.39209060847446,268.79072778172537,75.02699497915701,75.02699497915701,75.02699497915701,66.55296999939205,77.73752317109637,543.8133447384797,null,543.8133447384797,379.9611552916508,265.3410360307321,212.76451040030074,85.49038435142506,null,1524.3445231611101,22.214531618767772,45.41111914084995,256.6882953853523,268.78848799151194,null,null,45.41111914084995,268.79072778172537,75.02699497915701,null,75.02699497915701,268.78848799151194,77.73752317109637,532.1637914587769,319.65860129321595,null,319.65860129321595,null,108.9749702643588],"transport.volume_to_capacity_ratio.roads.max":[0.6029785482891395,0.46199671490972427,1.121752250754363,0.4933898414944687,1.1538780169066958,0.8712309496642776,1.5968232136594989,0.8651696432463832,0.3192503407072618,null,0.3542562007079785,1.0525692789873295,0.30333069213144104,0.5034628358235066,0.6029785482891395,0.821604883323667,0.3192503407072618,0.5928006232918251,0.7304325059854372,1.1606109529548654,1.4561960799999076,0.6723626660808562,0.6820643870379943,0.14833053783198788,0.6646337699975495,0.7825687014305934,0.7951825054956504,1.0685960606106821,0.9650928419942923,1.6223285224517325,0.5263132837861475,0.5129561687123786,0.7540687893404853,0.6485432234905778,0.5670151005164477,null,1.2365749695746373,1.5035793432239886,0.7758599619649709,0.7127526253737998,0.7584784963497789,1.051777006435822,1.1605803560101007,1.001366882082929,1.0749136539382218,0.8485412159157012,1.001366882082929,1.05283465038117,1.46006914203558,1.0661421755869378,0.4404751818465963,0.14833053783198788,1.5502478224650804,0.6143027195930679,0.3192503407072618,0.6029785482891395,0.867013918417338,0.5238975733698142,0.41074946679162255,0.6382856400322678,0.3317943834691077,0.9893119492030762,0.5361981623326528,0.10871307594643184,0.6820643870379943,0.5329623271010843,0.6568028269364762,0.754291280826561,0.42376962100793625,0.14833053783198788,1.310657385682943,1.1175764280396265,1.0195487087549229,0.8858187543037781,0.5568919793819872,0.06865159544831427,0.14833053783198788,0.6524719707447709,0.9967406091007964,0.4146210434716595,0.6359332453143118,0.8233493342896463,0.6512337056263595,0.5594559262923496,0.5869541521770375,1.0966859200762724,0.8778816278694411,0.6923269546652631,0.025673194466455863,0.8447946946674765],"transport.delay_factor.roads.max":[1.084620019486553,1.0291565090329535,2.013369368084409,1.0379354768384723,2.134539372123043,1.368733973745846,5.161092057725671,1.3585791758083234,1.0066395543083728,null,1.0100820051419273,1.7855661020988314,1.005428882870228,1.0411196722885048,1.084620019486553,1.2916298816018075,1.0066395543083728,1.0790341124236702,1.1821798509249495,2.1612524228686874,3.87779202324405,1.130795961986854,1.1385101087821172,null,1.124884802077591,1.2400324023661928,1.2558864215733503,1.834515195889275,1.5552088140694353,5.433382356925064,1.0491085713294754,1.0443099236481646,1.20693018089327,1.1132232657550374,1.0661543602604162,null,2.4964485145537836,4.271036394722959,1.2319067220006137,1.1651715623185488,1.2118132209433463,1.7832035778606945,2.161129972288193,1.6435063992002086,1.8544256784300348,1.3317964553265318,1.6435063992002086,1.7863586223676304,3.9085307768424506,1.826876158261692,1.0240916057838603,null,4.696447087957916,1.091140147263771,1.0066395543083728,1.084620019486553,1.361646487631796,1.0482131515999227,1.0182225111659018,1.1062283093457805,1.0077579393471907,1.6130741329070593,1.0528949602277342,null,1.1385101087821172,1.0516375966102178,1.1191022668520676,1.2071745118332746,1.0206483243788755,null,2.8885856720480385,1.9983639856993132,1.6915313762927668,1.3940573724865568,1.0615550695114786,null,null,1.1159918333728591,1.631696665461767,1.0189080708509217,1.1046709323096335,1.2941145628294062,1.1151138168703703,1.0626965276354785,1.0759620524905618,1.9257826662042707,1.3801227085506238,1.1470364254008187,null,1.3259752936707112],"transport.cargo_vehicle_flow.roads.total":[398.3723596352112,2829.9424513588137,8369.974240217736,1978.8720111841874,5266.02841505576,7252.8732152203675,93729.60781212203,6047.045664416684,189.94033652507767,639.6135040656578,192.59000395067292,4898.833724543576,null,504.9310359810947,1183.0973479323702,1710.4026172091424,153.1305803378929,2504.2686187861073,4468.791280943642,3895.9082028054536,5996.62679973901,9433.372248955546,3771.7447533302498,null,0.0019405355742497816,5486.5142119962875,3099.6891056034565,157.52632446910505,4776.363728413593,20059.80342029773,262.6034286716498,4794.661075919104,9138.114612975734,59.60643050522009,2859.8808309048263,427.1935128099983,12831.44903808226,7330.974991901882,1912.316103428867,1036.124745031481,82.31199007564507,6784.349844771853,9800.688388775614,6512.56089293153,19348.660926106673,3673.857215150563,513.3765907707046,21858.218636886093,456.0236933478012,18699.295648427244,0.0013950567914963769,null,399.1993993202538,null,243.24146186388248,1207.1368098788969,514.3030417503333,566.9396848564194,770.3600158026918,545.2790308652206,676.7170069492985,487.08041972304784,6455.86281718354,null,4303.908544789027,4537.150291766396,2643.3029348893506,2174.8020902868993,874.8180251680782,null,34673.2590521401,275.7904213835147,487.2451489463086,1036.1852976631963,1028.6035020754825,null,null,336.3456159847654,1811.688561605276,460.2070028805028,null,920.4140057610059,3174.3587222288133,284.7956752066656,5134.191690636205,6177.830471999019,null,878.5844313293757,null,1122.9390680890106],