{"municipalities_area_set":{"area_entities":{"id":[1,2,3,4,5,6,7,8,10,15,17,18,19,20,21,22,24,25,26,27,29,30,31,32,33,34,36,40,41,44,45,51,54,55,56,57,58,59,61,62,63,65,66,69,70,71,75,76,80,82,85,86,88,89,90,91,92,93,100,101,102,103,104,105,108,109,110,111,114,119,121,123,124,126,130,131,135,138,141,143,147,150,152,154,155,156,157,160,162,164],"transport.cargo_vehicle_flow.roads":[407.42325431466435,312.7344998683823,296.9199155195781,286.8050319214451,286.8050319214451,563.5422519044532,1486.921717283652,327.3305586108498,65.94434319471307,65.94434319471307,74.3408732295304,407.42325431466435,null,77.17600437194568,407.42325431466435,156.6417326312304,65.94434319471307,327.3305586108498,415.0811974341814,266.6688671458156,327.3305586108498,401.5154679526008,540.1993062613117,null,0.07671643323720205,415.0811974341814,107.03204156676377,45.0899226050588,889.11763796381,510.65619380115436,34.47592188464951,378.23209783768857,540.1993062613117,45.0899226050588,459.29630587694635,77.17600437194568,473.66674906352796,414.8299934996373,252.7774411395106,563.5422519044532,45.0899226050588,407.42325431466435,317.14354263047426,563.5422519044532,286.82573613591603,216.36688462405237,254.61537639636364,406.6679928579931,34.47592188464951,1423.6279063891973,0.02974587218276117,null,34.47592188464951,null,65.94434319471307,407.42325431466435,266.6688671458156,74.3408732295304,74.3408732295304,74.3408732295304,65.94434319471307,77.17600437194568,540.1993062613117,null,540.1993062613117,378.23209783768857,264.16777560581016,211.96873675437965,84.74480824194976,null,1515.3658104535614,23.29729611818499,45.0899226050588,254.61537639636364,266.63912127363284,null,null,45.0899226050588,266.6688671458156,74.3408732295304,null,74.3408732295304,266.63912127363284,77.17600437194568,528.7969002849916,317.14354263047426,null,317.14354263047426,null,108.28950389429059],"transport.volume_to_capacity_ratio.roads.max":[0.6048869824285585,0.4626828723941109,1.1363319437787793,0.49636862072309107,1.1581900153223355,0.8701550209478377,1.6025182999603098,0.8784489052192632,null,0.3189895716770182,0.35727343669731343,1.0574124572651458,0.30595503921271894,0.5063647592384697,0.6048869824285585,0.8282223623590974,null,0.5997950359068523,0.733722184304976,1.1664774799120807,1.4566413859992227,0.672087737360821,0.6837314861069108,0.1494411215916652,0.6357400533168482,0.7843120052368843,0.8025578582537252,1.0774640534045963,1.0160564187262175,1.6282850918050338,0.5290541070296617,0.5145077904835182,0.7552768617085827,0.6535939931366518,0.5690247500806743,0.6452780296225017,1.24918265542745,1.5204732956492593,0.7786478729678888,0.7127697936253597,0.764772079453272,1.0540372670756952,1.2082674207809443,1.008370109537074,1.0864824153084995,0.8529856511607438,1.008370109537074,1.0484463231206076,1.4674614243740474,1.049438996524656,0.44507023645247695,0.1494411215916652,1.5551365844061225,0.6176811740811711,null,0.6048869824285585,0.871093534465884,0.5283589410168678,0.4143456949148407,0.6458639129885728,0.3343946293521669,0.9792187267262356,0.536458729688234,0.1098752416650967,0.6837314861069108,0.534785781622325,0.5261554353705288,0.8444740448580956,0.4268963066289117,0.1494411215916652,1.3071230218213394,1.1255696910753663,1.025254837846045,0.890887075914875,0.5600690894795453,0.06930637814223763,0.1494411215916652,0.6578393638255596,1.0039603682511395,0.4181038929464182,0.6404690525607881,0.8309304795828013,0.652956928086658,0.5625893494778913,0.5887226600778064,1.097337231293169,0.8813806034824359,0.6963440795784057,0.023033324664341742,0.8478558207446789],"transport.delay_factor.roads.max":[1.0856859351171346,1.0293301082786517,2.067089473448015,1.0388505568865514,2.1515935939819943,1.3669158695593273,5.220772697205046,1.3811061855813735,null,1.0066176831411,null,1.8001246751701505,1.0056128634319792,1.0420759437922469,1.0856859351171346,1.3011395408070943,null,1.0828307211168386,1.185484052185155,2.18491012020439,3.8813137632486514,1.1305821635803124,1.139869265145299,null,1.1045437971189949,1.242178410646758,1.2655127494605192,1.862563614107881,1.6821050565082882,5.49885256017138,1.050139538768518,1.0448484867852452,1.2082594390400225,1.116791754483869,1.06708699878687,1.110960265728112,2.558417283703146,4.420543846229503,1.2352579889766244,1.1651874770092265,1.218931408321024,1.7899577044503854,2.3640561123990143,1.6616980102755823,1.8918068023542194,1.338802710607434,1.6616980102755823,1.7733298569541214,3.967882810995799,1.7762627869255478,1.0251147814189547,null,4.743295626584525,1.0931617062011367,null,1.0856859351171346,1.368501394012059,1.0498765285074594,1.018863891828549,1.111363802582109,1.0080058325483932,1.58843543219845,1.0530007425272516,null,1.139869265145299,1.0523479142721919,1.0490496845496755,1.3254806673576687,null,null,2.868296624179653,2.0272343518051645,1.7071430592142474,1.4031536617002311,1.0629718411868447,null,null,1.1198558960376572,1.6501989304425715,1.0195562933491509,1.1076893044605038,1.3050975589490534,1.1163370671221124,1.0641129851816364,1.076873179903585,1.9279838798280915,1.3862192614893234,1.1504788709489802,null,1.3307257410217292],"transport.cargo_vehicle_flow.roads.total":[395.6369519372066,2810.5322353542265,8162.475433831305,1963.0699446581102,5223.686809467018,7189.354039572109,92594.7101616507,5996.950323225498,188.20333244997838,633.7642395893685,190.82876867118532,4864.139358233217,null,497.3816235968995,1175.1245534341622,1696.0963228215846,151.73020142451696,2483.813808314777,4428.307377339548,3877.2634403299626,6015.647469890695,9365.364471006527,3747.1879259002217,null,0.038358216618601025,5437.576209203381,3058.7600881065437,156.38910450570492,5002.348851802511,20205.479628906494,261.1831192737621,4802.628104320055,9076.70727084926,59.169480398744476,2840.309918154456,420.20561922495375,12768.483454834779,7553.918720073351,1896.9164347355031,1027.05057708173,81.71444170127387,6737.61448530997,9729.80627544674,6454.857549008026,18814.375368133635,3581.1117839578365,509.2307527927273,21826.17474645751,453.4143947782252,19111.973433021907,0.02974587218276117,null,397.03849919244186,null,241.01701908242575,1198.6971581890778,511.41783080836575,561.7550223410874,763.3150746847413,540.2924549961501,670.5284309982145,490.0152598123535,6413.9772392778195,null,4275.984826185213,4503.613246756818,2736.798049316017,2403.1449383652603,867.1207428456487,null,34953.20829669828,283.6183509896156,483.7220795148007,1027.7375198068057,1022.7761698723659,null,null,333.8975457019383,1801.041343059644,455.99841057190105,null,911.9968211438022,3156.196430689808,280.1370794833025,5097.911930068651,6131.081401346642,null,871.711886189565,null,1116.8633884636972],