{"municipalities_area_set":{"area_entities":{"id":[1,2,3,4,5,6,7,8,10,15,17,18,19,20,21,22,24,25,26,27,29,30,31,32,33,34,36,40,41,44,45,51,54,55,56,57,58,59,61,62,63,65,66,69,70,71,75,76,80,82,85,86,88,89,90,91,92,93,100,101,102,103,104,105,108,109,110,111,114,119,121,123,124,126,130,131,135,138,141,143,147,150,152,154,155,156,157,160,162,164],"transport.cargo_vehicle_flow.roads":[404.68322923614664,310.65178534175516,290.8121423509963,284.48787507660825,284.48787507660825,559.6702104991256,1474.8692383696825,324.7696792621483,65.37100988178358,65.37100988178358,73.6945388046214,404.68322923614664,null,76.6904098454111,404.68322923614664,155.402504098949,65.37100988178358,324.7696792621483,412.3700713264907,264.6388061311437,324.7696792621483,399.06650718511315,536.8567665574387,null,0.08697742441412364,412.3700713264907,109.48656017353298,44.792915127787914,846.2210151476197,506.6986340162807,34.34635317582441,376.0883987353969,536.8567665574387,44.792915127787914,456.08372189804646,76.6904098454111,471.81911999880566,416.1246544700663,250.86679232461213,559.6702104991256,44.792915127787914,404.68322923614664,314.8731521903995,559.6702104991256,284.55969030971846,214.99039078991757,252.6924247030211,403.60840660611757,34.34635317582441,1416.7250477109897,0.03364645202544506,null,34.34635317582441,null,65.37100988178358,404.68322923614664,264.6388061311437,73.6945388046214,73.6945388046214,73.6945388046214,65.37100988178358,76.6904098454111,536.8567665574387,null,536.8567665574387,376.0883987353969,255.7873780864854,203.93647158568317,84.04246713965136,null,1507.2299236498711,19.912881780400483,44.792915127787914,252.6924247030211,264.6051596791183,null,null,44.792915127787914,264.6388061311437,73.6945388046214,null,73.6945388046214,264.6051596791183,76.6904098454111,525.6508427637555,314.8731521903995,null,314.8731521903995,null,107.5869028406079],"transport.volume_to_capacity_ratio.roads.max":[0.60678315966608,0.4643718986038419,1.1419483143873286,0.49661293730242395,1.1625168123829501,0.8728428227639404,1.6092478531713532,0.8833807521053795,0.32432752576163,0.32127801439765574,0.36009045229327885,1.0589710512979824,0.30760998366960074,0.5327649500678011,0.60678315966608,0.8324518243398754,0.32432752576163,0.6041766295258494,0.7390063535667378,1.1728857261034236,1.4716887860792929,0.6723407332273116,0.685331615499955,0.1505746531300854,0.6298032370358989,0.7869354176138361,0.8744731147853602,1.1011809937270984,0.9702565139661571,1.6503134613186483,0.5321110569857502,0.5158914331092996,0.7583684316699205,0.6595271391252449,0.5706991384632287,0.6656967048058484,1.25490555437622,1.524308554542232,0.7804953384470035,0.7153640611879256,0.7713562648068684,1.0563430982041448,1.0627961661840537,1.0108808040324397,1.0860681722232541,0.8549965881538419,1.0108808040324397,1.0504941486997015,1.475893951632423,1.0362048419747116,0.44778133311925467,0.1505746531300854,1.5625322643045745,0.6204503193794145,0.32432752576163,0.60678315966608,0.8747601883487032,0.532436953095858,0.41767182943183045,0.6521241577655514,0.33697570743725724,0.9975739312178513,0.5368249302901412,0.11058541444637159,0.685331615499955,0.536430352340944,0.5319840911511459,0.8564011774646075,0.42938294057480386,0.1505746531300854,1.3038826959779013,1.1287631194007568,1.035129429019853,0.8919097840753365,0.5619193978412839,0.0696890626858112,0.1505746531300854,0.6800283236662759,1.0069799861725535,0.42131132115259445,0.6450491398628252,0.8374530341483098,0.6548513462139665,0.5862537092127527,0.5902209265034571,1.1095375536035017,0.8849413655740271,0.6989317020642867,0.023090140988145495,0.853060292907208],"transport.delay_factor.roads.max":[1.0867704027520826,1.0297607379879832,2.088342941975596,1.038927103589965,2.1688988828813933,1.3714703496044294,5.292118736304365,1.3897370583664155,1.0070845047937969,1.0068267195807001,1.0107590788223155,1.8048525539096234,1.0057238706256844,1.0515611453136713,1.0867704027520826,1.3073381067531107,1.0070845047937969,1.0852777360767665,1.1908853782720143,2.211163510202247,4.002229559629315,1.1307788962664809,1.1411832067718617,null,1.100693057422559,1.245434913681734,1.3742534576969092,1.941054555974355,1.5671869664087343,5.747289782369168,1.0513084751214876,1.045340550829353,1.211690300752927,1.1210906634719422,1.067890474133282,1.125685623172247,2.5871725367926643,4.455186719047434,1.2374986953247062,1.1676055695669456,1.2265687551526967,1.7968929238916846,1.8165445612265363,1.6683127899653436,1.8904475034870232,1.3420089732484561,1.6683127899653436,1.7793894536518025,4.036690884805362,1.737840420754479,1.0257409994284088,null,4.815012356483733,1.094843598594516,1.0070845047937969,1.0867704027520826,1.3747451420654417,1.0514342879578162,1.0194814818485693,1.1157447041805706,1.0082483066142836,1.6338118288940453,1.0531509069394926,null,1.1411832067718617,1.0530044661539153,1.0512595222417205,1.3442619282198764,1.0217409570973917,null,2.8498395524343803,2.038941796607346,1.734782150000342,1.4050080788031483,1.0638081380597935,null,null,1.1368636068441003,1.6580567222855491,1.0201647337107558,1.1108029124187642,1.3147906436135965,1.1177008425462773,1.0756001031383533,1.0776673322395771,1.9699469865004802,1.3924984614423759,1.152728094160343,null,1.3389213158645747],"transport.cargo_vehicle_flow.roads.total":[393.1251248009672,2792.429818765702,8015.969501508944,1948.3499948980843,5183.786658552901,7162.398551352899,92359.46160466116,5950.0507500659405,186.5670550246454,628.2541664959549,189.16966517808578,4836.727960248466,null,503.7184243670664,1167.817269967722,1682.671600895793,150.41102869733828,2464.7081420834393,4418.246248001146,3818.647406120057,5889.177762231801,9309.855298337952,3724.3795945210213,null,0.04348871220706182,5419.610825100208,3084.67832047079,155.33727802316426,4620.481112109974,19870.541710985646,260.1021944039985,4766.309896938003,9017.81529133481,58.76527022098826,2821.457222356675,427.0280145216553,12782.495102481484,7553.251621640494,1882.319584768149,1023.199793050414,81.16172778488223,6694.685226051622,9663.026427734196,6433.173276701968,18713.80314646374,3590.077205162372,505.3848494060422,21667.95035819215,451.5116824563481,18392.40863827605,0.03364645202544506,null,395.40008075247414,null,238.9215688993083,1190.933478838081,504.26479177896937,556.8710117889979,756.6786607123431,535.5950442984789,664.6987226694423,492.79044527123335,6375.045655927165,null,4250.030437284777,4493.2122415990125,2671.3461043667444,2360.4340222590827,859.8799211289775,null,34334.65811787511,255.707150888925,480.46349747072435,1019.8321225323741,1008.4622906538879,null,null,331.63308868612904,1777.5677672761537,452.03386916079296,null,904.0677383215859,3112.622653032831,284.68534301443685,5063.948174254468,6087.9997598568525,null,865.4727871057412,null,1110.1174172919505],