{"municipalities_area_set":{"area_entities":{"id":[1,2,3,4,5,6,7,8,10,15,17,18,19,20,21,22,24,25,26,27,29,30,31,32,33,34,36,40,41,44,45,51,54,55,56,57,58,59,61,62,63,65,66,69,70,71,75,76,80,82,85,86,88,89,90,91,92,93,100,101,102,103,104,105,108,109,110,111,114,119,121,123,124,126,130,131,135,138,141,143,147,150,152,154,155,156,157,160,162,164],"transport.cargo_vehicle_flow.roads":[402.15746909023864,304.9713219480974,303.97674438747583,282.31416703912026,341.4097277934062,476.45697332110007,1484.5227735861731,322.3741091590042,64.82988834972298,64.82988834972298,73.08451760692887,402.15746909023864,null,76.27485505834534,402.15746909023864,154.24212196076408,64.82988834972298,322.3741091590042,413.6817502309317,346.1405036545527,322.3741091590042,397.25568505863293,523.0294240867206,null,0.03337542986067872,413.6817502309317,95.2467724760223,44.518518100581865,865.6566737853274,502.9996813436479,34.20475574309049,373.7548888266825,523.0294240867206,44.518518100581865,442.33914564641134,76.27485505834534,469.60896586136363,396.7349419002475,341.4097277934062,476.45697332110007,44.518518100581865,402.15746909023864,312.8320541079925,476.45697332110007,282.43807854303543,214.15974214647426,167.46038417317916,400.7268199104226,34.20475574309049,1409.9503615403569,83.46335255694233,null,34.20475574309049,null,64.82988834972298,402.15746909023864,346.1405036545527,73.08451760692887,73.08451760692887,73.08451760692887,64.82988834972298,76.27485505834534,523.0294240867206,null,523.0294240867206,373.7548888266825,265.6900234094582,214.15974214647426,83.37958590680805,null,1489.1315321492123,11.959740059509041,44.518518100581865,191.6169940694698,262.6771510976105,null,null,44.518518100581865,346.1405036545527,73.08451760692887,null,73.08451760692887,262.6771510976105,76.27485505834534,519.0102219825543,312.8320541079925,null,312.8320541079925,null,96.13204617490972],"transport.volume_to_capacity_ratio.roads.max":[0.6086568549263659,0.46066838861251297,1.1487623024398603,0.5018918955296624,0.9610937608940652,0.898286836465862,1.6189411201175097,0.8879140615882649,0.32670533976208677,0.32347665433050776,0.36275469629328677,1.0646231209612493,0.30921993073697907,0.5306834093825625,0.6086568549263659,0.8366618886936886,0.32670533976208677,0.6069401565717762,0.7441237308625759,1.2536218832794712,1.470402656382394,0.6732475470675893,0.682255706719014,0.15170244438236336,0.6697515846940109,0.7889995805185611,0.8823369540528174,1.1087040604575502,1.0637713238597766,1.652789221268079,0.534163673528057,0.5172591709238618,0.7510454795632502,0.6636845211374918,0.5708706927099987,0.6635308474997897,1.3308021050907801,1.5447805995818438,0.6538853246130473,0.7397192424710444,0.7762075968119567,1.0587055147691125,1.1824252110224456,0.9589134619087339,1.0926200578472205,0.86175350556011,0.9589134619087339,1.0525276602020797,1.4810008699932768,1.0538276096155996,0.4537055488932662,0.15170244438236336,1.5648360035072262,0.6234562680445279,0.32670533976208677,0.6086568549263659,0.9199761800336743,0.5362603671981738,0.4208119260813715,0.6574492951218852,0.3393879223407933,0.9840765681469289,0.5322420074850359,0.11111508901501403,0.682255706719014,0.5380476569147074,0.5358599092875651,0.8635866866260407,0.43181680856527316,0.15170244438236336,1.302195538514019,1.1086077202444309,1.0406946425203067,0.8350105751934,0.5691979605990786,0.07347765716851237,0.15170244438236336,0.6849451921367945,1.0265014604273073,0.4244860627239777,0.6496834011865583,0.8433048977060527,0.6568643920240096,0.5841691358829035,0.590196834917069,1.118001675571507,0.900159009400197,0.7031742915974435,0.02336088981632573,0.854117915218433],"transport.delay_factor.roads.max":[1.0878317603723455,1.0288226309317834,2.1145528728078995,1.0406088513432896,1.5460633207752048,1.4167159429110976,5.396470769737189,1.3977990203304875,1.0073003748371954,1.006995995098894,1.011095458825267,1.822173640601517,1.0058512666264672,1.0507600471006904,1.0878317603723455,1.3136027919354851,1.0073003748371954,1.0868487282786399,1.1962278264702564,2.5806882767768435,3.991748544980042,1.1314858726445973,1.138665583028879,null,1.1287760125685604,1.2480202056297127,1.3878982755845404,1.9670357424259475,1.819545536548627,5.775841022678379,1.05210475687376,1.0458155359704202,1.2036314810625688,1.1241781075582429,1.0679721434477818,1.1240579058842226,3.0073998653274554,4.644577590853547,1.1170001276990258,1.1916230017059684,1.2323226375604326,1.8040455917848623,2.251050087854452,1.5411250468282962,1.9121298097687844,1.3529492058485606,1.5411250468282962,1.7854418637479765,4.078940019560316,1.7893293732802775,1.0271191664792774,null,4.837561009437396,1.0966949863077813,1.0073003748371954,1.0878317603723455,1.4584440125399263,1.0529276703827655,1.0200651596332804,1.1195718724886445,1.008491985577679,1.6001993734806939,1.051359001048254,null,1.138665583028879,1.0536368113828942,1.0527697502701332,1.3559620734676452,1.0222541588933272,null,2.840283728810262,1.9666996661352967,1.7507118120100216,1.3111342898424558,1.0671789660659743,null,null,1.1408650520959012,1.710588640134011,1.0207899803108937,1.1140215809383522,1.323681937038078,1.1191410181459838,1.0745305634543796,1.0776546521423465,1.9998843978702718,1.4202008283556076,1.15647029858804,null,1.34060521984759],"transport.cargo_vehicle_flow.roads.total":[390.82272746674926,2725.1969416537722,8207.788509030874,1934.633572326857,5963.460023096593,6539.873704722933,90982.12680803018,5906.176926809731,185.02270913141942,623.0536677165644,187.6037756618358,4795.172728889128,null,460.18330266369236,1161.1334407767583,1670.0564590674785,149.16597150096482,2446.849448042696,4397.536589029918,4456.197231234428,5935.032530047409,9263.43392871229,3649.1483622945457,null,0.01668771493033936,5391.506458526483,2869.3118698508156,154.36525370004173,4898.929108631248,19753.524195066024,259.3804962316879,4735.362254434298,8802.302818355938,58.391651032779286,2774.6031213507413,383.908447605347,12696.656159294924,7359.915427152893,2323.3062015906326,934.2676721032761,80.65091008307022,6655.321108558227,9419.460819665626,5978.61274249217,18555.991549826154,3599.139196597759,334.92076834635833,21823.40533161069,450.3514809771948,19032.34961213384,83.46335255694233,null,394.31523237626425,null,236.94384810779977,1183.802924023737,597.5170663183138,552.2614012658572,750.4151026473434,531.1615498265567,659.1965468300288,439.8724789784877,6252.237876415649,null,4168.1585842771,4461.1315784586795,2756.7692330908963,2420.0612389692337,853.0566724270412,null,34606.074790757695,128.7933515040981,477.4520805829875,928.9792566948815,1028.1074275227431,null,null,329.5402067983796,2472.5451128372633,448.2920689306005,null,896.584137861201,3170.9707086647236,255.93896507023135,4970.688121499918,5997.833059962136,null,859.8265041862915,null,1037.577815296226],