{"municipalities_area_set":{"area_entities":{"id":[1,2,3,4,5,6,7,8,10,15,17,18,19,20,21,22,24,25,26,27,29,30,31,32,33,34,36,40,41,44,45,51,54,55,56,57,58,59,61,62,63,65,66,69,70,71,75,76,80,82,85,86,88,89,90,91,92,93,100,101,102,103,104,105,108,109,110,111,114,119,121,123,124,126,130,131,135,138,141,143,147,150,152,154,155,156,157,160,162,164],"transport.cargo_vehicle_flow.roads":[399.819309650562,306.6630528005164,279.001164968026,280.27266617657904,340.4916523149687,468.082494049822,1488.4758910663188,320.12939564457224,64.31918011283443,64.31918011283443,72.50878215402273,399.819309650562,null,75.89135589781758,399.819309650562,153.15393634250404,64.31918011283443,320.12939564457224,407.95294121177517,345.9628268187467,320.12939564457224,395.83345980845576,530.9610391744773,null,0.000623801526590835,407.95294121177517,116.29133652095584,44.26402544931855,859.5370049317692,499.536060288866,34.08400919718827,371.393827300835,530.9610391744773,44.26402544931855,450.30996801305764,75.89135589781758,449.5794414397358,383.8792393860659,340.4916523149687,468.082494049822,44.26402544931855,399.819309650562,310.92771135978893,468.082494049822,280.4486642263405,200.54522023819916,164.15501116011035,398.037834380252,34.08400919718827,1403.769708743351,85.08559187352088,null,34.08400919718827,null,64.31918011283443,399.819309650562,345.9628268187467,72.50878215402273,72.50878215402273,72.50878215402273,64.31918011283443,75.89135589781758,530.9610391744773,null,530.9610391744773,371.393827300835,248.8256140658526,197.59192374837548,82.75396137399241,null,1493.2870585778503,5.599635758174232,44.26402544931855,190.2026192426606,260.877234945226,null,null,44.26402544931855,345.9628268187467,72.50878215402273,null,72.50878215402273,260.877234945226,75.89135589781758,519.8504362226175,310.92771135978893,null,310.92771135978893,null,106.22913661830917],"transport.volume_to_capacity_ratio.roads.max":[0.611496370538328,0.46934682016138307,1.156271168914974,null,0.9649406542708244,0.9038537226655431,1.633268592340954,0.8917028329869181,0.3289101499063732,0.32554657614558274,0.36527167249832454,0.8433159411436287,0.29736984010858636,0.5778996096453929,0.611496370538328,0.8409001550365188,0.3289101499063732,0.608386101758257,0.7832392033320129,1.2613337387211183,1.475080722049964,0.6727741254497762,0.6885874178408374,0.15279655296134312,0.6680767292614143,0.7946946763295053,0.9041202503039792,1.124876261356279,1.0075387144226093,1.789388883768396,0.5374559093211209,0.5188901982364691,0.7675534946265258,0.6678642381150877,0.5730748700322343,0.7329445733958461,1.3333150627986863,1.5471982685647119,0.6542766619151333,0.7437422345945189,0.7808036176718293,1.063117729206477,1.3032080715423389,0.9593715912356691,1.0985891065414766,0.8639665276171935,0.9593715912356691,1.0566762512708043,1.4903575161098122,1.0600925174107378,0.4562442697529532,0.15279655296134312,1.568657998744426,0.6569106549326211,0.3289101499063732,0.611496370538328,0.9234268444123251,0.5399250740802997,0.42376852646796526,0.6624727076461511,0.3416295890116455,0.9641664960021048,0.537844020375894,0.1119712283309852,0.6885874178408374,0.5399016844279249,0.5415422661295602,0.8740194865719639,0.4341672144134946,0.15279655296134312,1.299324505317596,1.1124126307225328,1.0764345590615085,0.8343824925457287,0.5654354520877873,0.07380836052733773,0.15279655296134312,0.6876837622374842,1.0216549838207476,0.42755732909031086,0.6577119440627188,0.848953322000992,0.6587956346396852,0.6398565001589792,0.592301242320164,1.132608138978197,0.904827326079598,0.7410124951981459,0.023433316687131143,0.8982228975446384],"transport.delay_factor.roads.max":[1.089478332785593,1.031056713336679,2.143980868046687,null,1.554858688247996,1.4271422964970137,5.554182359530034,1.404632311224332,1.007499079571502,1.0071849945931102,1.0114025214914044,1.3236988923836102,1.0050045801766616,1.0713821424153211,1.089478332785593,1.320005692679665,1.007499079571502,1.0876793075093345,1.240856095631952,2.619944084717938,4.030003448995651,1.131116423832053,1.143885259802105,null,1.1274927097893999,1.255259073584077,1.427646340859438,2.0247052970508657,1.6595184435062862,7.561436257930966,1.053401240193514,1.0463961391219276,1.2221337699872217,1.127330583802582,1.0690280225504911,1.1846989850605596,3.0226051833505374,4.667447088975257,1.1172804681958417,1.1958257286403167,1.2378741456297777,1.817533235200817,2.846014120049702,1.5421598971179442,1.9322258193772162,1.3565887538960302,1.5421598971179442,1.7978987067426975,4.157488827592633,1.8082673770072057,1.0277236019432303,null,4.875190415994997,1.1191804986814962,1.007499079571502,1.089478332785593,1.4653609700490196,1.0543893614598916,1.0206392906542168,1.123268450861554,1.0087167857672217,1.553080208773514,1.0535469767266088,null,1.143885259802105,1.0543799374441802,1.0550439264490985,1.373477493895277,1.0227409223157455,null,2.8241077618817076,1.9800395887407196,1.8592716900214465,1.3101992230108537,1.0654202369619414,null,null,1.1431314441371656,1.6972636189050267,1.0213822367110261,1.1197630613785727,1.3324414916745315,1.1205543331275774,1.107277913670745,1.0787681323567997,2.0531705022013655,1.4289856904418115,1.1929665796553734,null,1.4165973103223461],"transport.cargo_vehicle_flow.roads.total":[388.70373553255354,2759.741025475536,8061.377450815211,1921.8216285172039,5809.959213962887,6538.876165218149,90577.43562338463,5865.047543464469,183.56516194184053,618.1454587372435,186.1258956910261,4791.0882222551045,null,522.5684762971408,1154.9956324796522,1658.192210134622,147.99089173068862,2430.1258066600763,4417.89759111818,4262.335064903083,5775.707313078112,9224.387408254452,3683.395465365762,null,0.0003119007632954175,5404.937897067067,3166.2587273255103,153.46352932713563,4745.412810561893,21049.823295019753,258.6506099795128,4745.673640271011,8907.363860972953,58.04499410210521,2786.316436007523,446.6771203993232,12201.497922679304,7047.900887010406,2251.58759234584,934.1251664597355,80.17700682676448,6619.079078171419,9539.492696655636,5988.846084128501,18134.840165840928,3473.199090047125,328.3100223202207,21018.28164392346,449.13320156464914,19345.270502463376,85.08559187352088,null,393.2133966443283,null,235.0772835032775,1177.226780715669,573.9677083484123,547.9108701493976,744.5035827641044,526.9772363020363,654.0036163042427,568.5346047048225,6304.8688523825695,null,4203.24590158838,4434.875929938315,2690.9691759437314,2440.5944408711975,846.6250600810877,null,34795.47586967577,83.09530759183951,474.65840988268656,920.4106104817309,977.7642329497833,null,null,327.59851163345127,2408.2083193580675,444.76057353607496,null,889.5211470721498,3019.393795448952,297.7847469328821,5001.971027299547,6010.926116447753,null,854.557777351599,null,1095.2171493683113],