{"municipalities_area_set":{"area_entities":{"id":[1,2,3,4,5,6,7,8,10,15,17,18,19,20,21,22,24,25,26,27,29,30,31,32,33,34,36,40,41,44,45,51,54,55,56,57,58,59,61,62,63,65,66,69,70,71,75,76,80,82,85,86,88,89,90,91,92,93,100,101,102,103,104,105,108,109,110,111,114,119,121,123,124,126,130,131,135,138,141,143,147,150,152,154,155,156,157,160,162,164],"transport.cargo_vehicle_flow.roads":[397.6795575650339,305.0118240816597,279.7699539030177,278.3638085595767,338.4107069167406,465.7238141471098,1472.1291344175445,318.0375819702616,63.83823648361798,63.83823648361798,71.96660116262879,397.6795575650339,null,75.51818199665937,397.6795575650339,152.13867132722098,63.83823648361798,318.0375819702616,405.88413102070894,343.6609132131785,318.0375819702616,389.8982398701365,527.5033746363604,null,0.0143202766791949,405.88413102070894,114.70209355084263,44.03046678696125,854.0572224243349,496.3116523190056,34.01183599768627,373.90123457776605,527.5033746363604,44.03046678696125,446.84785124233525,75.51818199665937,470.9364118889019,392.33466042902035,338.4107069167406,465.7238141471098,44.03046678696125,397.6795575650339,309.1136547323119,465.7238141471098,278.5928304375392,206.3247052668616,163.25921491926158,395.5679988760046,34.01183599768627,1403.144551265291,84.43111799095475,null,34.01183599768627,null,63.83823648361798,397.6795575650339,343.6609132131785,71.96660116262879,71.96660116262879,71.96660116262879,63.83823648361798,75.51818199665937,527.5033746363604,null,527.5033746363604,373.90123457776605,248.28892640025876,197.32635427401738,82.16479889019865,null,1486.5392145893702,6.525332187131399,44.03046678696125,188.89058673451575,259.22979522222386,null,null,44.03046678696125,343.6609132131785,71.96660116262879,null,71.96660116262879,259.22979522222386,75.51818199665937,517.4714199664885,309.1136547323119,null,309.1136547323119,null,104.77277686585147],"transport.volume_to_capacity_ratio.roads.max":[0.6129207025942822,0.4705152732141051,1.13147764982896,0.5050493726337016,0.9630806144544756,0.9063930538270533,1.6281460241215824,0.8955443820672281,0.33090579632088807,0.32725918666967835,0.36754201502033196,0.8457840513352394,0.28615344701873624,0.5865037760090677,0.6129207025942822,0.84395093656216,0.33090579632088807,0.6110568367606699,0.7884589432388236,1.2598730130430205,1.483307607767242,0.6723286492651102,0.6894916179601955,0.1538681664261948,0.6601139507823316,0.797014383719017,0.9258467006239054,1.1178534552987467,1.0082545723712726,1.7939942613754978,0.5392488887164776,0.5197163218927914,0.7695892197564469,0.6715596971084132,0.5749707162120412,0.7422526759531997,1.3284990276443163,1.5570920792178788,0.6547331421385054,0.7464638153200448,0.7851399721166717,1.0649060310988698,1.0612994792045032,0.9630370341863665,1.1031987407867703,0.8694403218817929,0.9630370341863665,1.0671035079643105,1.4951221595743527,1.0610334532522345,0.45849096228585584,0.1538681664261948,1.5743139813965772,0.6551476431954163,0.33090579632088807,0.6129207025942822,0.9283625457416093,0.543206357425069,0.4264375163971925,0.6658162348716301,0.3436456171328535,0.9735866641297192,0.5379910364416174,0.11259934091622373,0.6894916179601955,0.540930359166439,0.5382082096508533,0.865561846212048,0.4360202466483661,0.1538681664261948,1.2974227520049746,1.1142543418671036,1.0819511492045042,0.8364033187666189,0.568463688730372,0.07444516125992647,0.1538681664261948,0.6849195504679146,1.0261839446070935,0.43026367411152433,0.6613634046673127,0.8534754173151285,0.660707534717506,0.648722271873872,0.5940550955384163,1.1416451804373087,0.9079375727210713,0.7456464386767714,0.024554037676522932,0.9020042433363451],"transport.delay_factor.roads.max":[1.0903227469121108,1.0313671366420467,2.0489719928865924,1.0416404407629833,1.550592813647385,1.4319627014438856,5.497315814894218,1.4116502933533144,1.0076713259273864,1.007344256718045,1.011671369027175,1.327505004095069,1.004291171790734,1.0757291747310036,1.0903227469121108,1.324674942179444,1.0076713259273864,1.0892290777217377,1.2473411116725588,2.612453009249476,4.0981673352515955,1.1307694945773856,1.1446425060033296,null,1.1215221987311348,1.2582525453864868,1.4702581239588508,1.9993542603159615,1.6613947978989583,7.629246560223022,1.0541174106912194,1.0466923141549827,1.2244997575142058,1.1301722681684632,1.0699459992547724,1.1942616449550782,2.9935399236706144,4.762159084720152,1.117608111046471,1.19870784568656,1.243202663443238,1.8230479180276669,1.8119546595719072,1.550493161122208,1.9479708953382062,1.365711893156361,1.550493161122208,1.8298625464734084,4.198060587761285,1.811140865483049,1.0282815424185796,null,4.931383255901579,1.1179062172259127,1.0076713259273864,1.0903227469121108,1.4753904106286841,1.0557236236359575,1.021164187249152,1.1257759180915439,1.0089228886371218,1.5750140278771056,1.0536142374547335,null,1.1446425060033296,null,1.0537008606691554,1.3592298295928722,1.0231316492817566,null,2.8134517808821293,1.9865459413171513,1.877022194663419,1.3132152964874164,1.0668329897229731,null,null,1.1408439595341047,1.7097098553252392,1.0219366118357849,1.1224448759013135,1.3395815141846563,1.121959886670154,1.1133483512614604,1.0797052403357665,2.087187785129882,1.4349145414434554,1.1978389351234056,null,1.4236569120938158],"transport.cargo_vehicle_flow.roads.total":[386.77867963114727,2742.0577468354636,8179.892544954888,1909.9382027950264,5773.224921094403,6504.264951762461,90085.66562620393,5826.7078183434005,182.19256211971694,613.5233052864811,184.73414810332724,4766.712838465044,null,517.0294982738109,1149.435160959555,1647.0764220540968,146.88429683263374,2414.5556128910175,4394.843996642418,4242.443876224012,5749.976100927764,9131.662633220942,3662.4277584449073,null,0.00716013833959745,5375.426031445589,3135.7403662355096,152.6356887565998,4769.352053440224,21036.97709111374,258.0565100994989,4787.694886529412,8852.482105383877,57.72665905077194,2773.841347724996,441.51131627715154,12508.052705787515,7342.258716349515,2237.2728699505606,929.1807073946372,79.74189244425257,6586.13843166339,9475.512254380023,5957.09035932159,18216.4399562303,3489.5638080341982,326.51842983852316,20814.478540465047,448.08934820362526,18562.01890655013,84.43111799095475,null,392.317934655826,null,233.3195042269237,1171.2369168273285,571.0937559712095,543.8138925151287,738.936592413309,523.0367889254226,649.1133351751263,559.1533122032619,6269.8487676170935,null,4179.899178411396,4442.947488895353,2632.267304584782,2341.5427053561816,840.5793721454858,null,34224.362713015464,88.95410157211656,472.0935735328649,914.6357702891117,973.3252759605097,null,null,325.81566590891566,2394.666653090626,441.43489736928325,null,882.8697947385666,3005.5710422356437,294.340877518101,4971.707644789492,5973.388491907792,null,849.564513587944,null,1085.9352198702063],