{"municipalities_area_set":{"area_entities":{"id":[1,2,3,4,5,6,7,8,10,15,17,18,19,20,21,22,24,25,26,27,29,30,31,32,33,34,36,40,41,44,45,51,54,55,56,57,58,59,61,62,63,65,66,69,70,71,75,76,80,82,85,86,88,89,90,91,92,93,100,101,102,103,104,105,108,109,110,111,114,119,121,123,124,126,130,131,135,138,141,143,147,150,152,154,155,156,157,160,162,164],"transport.cargo_vehicle_flow.roads":[395.6098628501621,303.4209320905048,287.68933806075205,276.5003555208858,337.6278953516734,463.4350799167547,1483.8326474560115,315.9984317052427,63.36732402853862,63.36732402853862,71.43572858995194,395.6098628501621,null,75.16466871501179,395.6098628501621,151.1484696114926,63.36732402853862,315.9984317052427,403.8916640929631,341.4222449031453,315.9984317052427,392.2249339593338,515.1893064358949,null,0.017545839887411225,403.8916640929631,103.72012297271138,43.80427656521637,817.1951483937779,493.16978110190803,33.93992774716575,368.2933574326925,515.1893064358949,43.80427656521637,434.0433372254048,75.16466871501179,448.37153007409097,373.0916563518314,337.6278953516734,463.4350799167547,43.80427656521637,395.6098628501621,307.3664209252164,463.4350799167547,276.7829211185076,206.5318220268345,162.37645929759478,393.1587670238008,33.93992774716575,1394.5908230124992,83.80251882407872,null,33.93992774716575,null,63.36732402853862,395.6098628501621,341.4222449031453,71.43572858995194,71.43572858995194,71.43572858995194,63.36732402853862,75.16466871501179,515.1893064358949,null,515.1893064358949,368.2933574326925,257.23228112008087,206.5318220268345,81.5879247310877,null,1470.650924875011,6.418719086410127,43.80427656521637,187.60642043728816,257.6197260790667,null,null,43.80427656521637,341.4222449031453,71.43572858995194,null,71.43572858995194,257.6197260790667,75.16466871501179,515.1893064358949,307.3664209252164,null,307.3664209252164,null,96.47811873273646],"transport.volume_to_capacity_ratio.roads.max":[0.6140082643433693,0.46637872495175475,1.040547068074039,0.5058596590664517,0.9748145768553619,0.90806964891758,1.6285074820238907,0.8984706245565701,0.33248187476962204,0.3287306436824329,0.3692516519281823,0.8481796219454008,0.29535574830285694,0.5833012874185292,0.6140082643433693,0.8467997070909322,0.33248187476962204,0.6130005445278762,0.7913792355521109,1.2942398540614966,1.4795417341020942,0.6757998483004138,0.6859376293999572,0.1553306238514295,0.6663943768952624,0.8011791060297135,0.9266592296255117,1.1345312333636777,1.0175115363791007,1.8015974530159269,0.5408681766191822,0.5210807808472432,0.761481539472382,0.675095817490612,0.576234753208101,0.7391486580000515,1.3419525336438514,1.556140729378314,0.6685650972160032,0.7481063410838659,0.7892610813380109,1.0662694829098918,1.2212556428348413,0.9644506242333023,1.1074337780125554,0.8783981903703943,0.9644506242333023,1.0647131823138716,1.4996448924262562,1.056774276223991,0.4844643666028212,0.1553306238514295,1.5792177202359936,0.6611706400859575,0.33248187476962204,0.6140082643433693,0.950707972714527,0.5458472392865282,0.4283994856513687,0.6691243351612464,0.34525172882127436,0.9456784285245635,0.5333202411057864,0.11292644521547143,0.6859376293999572,0.5424552046416442,0.5451980324128718,0.879614389942121,0.43770878962506093,0.1553306238514295,1.29535264717181,1.1193564668855036,1.0879903621722933,0.8400649303780138,0.47456053737224224,0.07492333683596501,0.1553306238514295,0.6944165524026497,0.7629946086223116,0.43251162556626066,0.6643796352302649,0.857458883899489,0.6625161316593002,0.6455378253538767,0.5952196286667246,1.1450946512660687,0.906636768450352,0.7488326726404644,0.025026124359784026,0.9003337426739159],"transport.delay_factor.roads.max":[1.0909655271321612,1.030278537693569,1.7502860874492157,1.0419083113654997,1.5779204108705296,1.4351676619016982,5.5013108662773025,1.4170570853262565,1.007829361099473,1.0074767073673725,1.011899013290999,1.3312312550592291,1.0048703669600962,1.0740886555411615,1.0909655271321612,1.329080971301642,1.007829361099473,1.090369819572356,1.2510259259403695,2.7957217809241515,4.066824005470599,1.133491106767755,1.1416832422921372,null,1.126213342753157,1.2636928979930242,1.471911104548469,2.0603415983968674,1.6860208914657975,7.742345613693419,1.0547703720920276,1.047184591017899,1.2151877234092776,1.1329357050912916,1.070563118115701,1.191032449714834,3.075527980220915,4.752973113849563,1.1278659103920279,1.200462580980175,1.2483491778606057,1.8272711759203022,2.4236600805127244,1.553732441262992,1.962611481580093,1.3810181847025396,1.553732441262992,1.8224518816619626,4.236932959906911,1.798194823429335,1.0352555367538832,null,4.980595136856824,1.1223021844982102,1.007829361099473,1.0909655271321612,1.5228396530614496,1.0568151877934402,1.0215513586482303,1.1282942740062458,1.009091022638815,1.5118631966138643,1.05177644653453,null,1.1416832422921372,1.0554160409729283,1.0565453756102539,1.3831327493540673,1.0234920569520016,null,2.8019056284545005,2.004739843190373,1.8967681327636163,1.3187362021303448,1.0324629489537096,null,null,1.148819633701713,1.2169031458378397,1.0224034641528754,1.1246939037330752,1.3459658174797422,1.1233007742288077,1.1111390687607288,1.080332068943684,2.1003871706285855,1.4324274803590904,1.2012422267296532,null,1.4205271904627546],"transport.cargo_vehicle_flow.roads.total":[384.922931025811,2687.1907153501156,8156.7496657805,1898.3770400516307,5829.728849718418,6470.769989143743,89317.73666614134,5789.3037443333915,180.84859099126925,608.9975573671286,183.37142857954058,4733.769240041168,null,483.3684628554249,1144.081861253082,1636.2158048563062,145.80078249006863,2399.383330609736,4372.677089727111,4294.873655779993,5761.773520361557,9143.024975172275,3604.4535058044307,null,0.008772919943705612,5346.950900400831,2969.2849429404732,151.8338435918109,4762.7548900631145,20857.058610982116,257.4704897476649,4690.108931068226,8704.80348994784,57.41828582932423,2734.835995373338,408.20379414041315,11997.80668051847,6947.833757511806,2270.0882125129183,924.3957127348203,79.32042411193243,6554.376759263138,9300.185545404649,5926.373660289149,17883.313259658786,3439.883396869843,324.75291859518956,21283.080460584893,447.06112400099823,18521.741688829952,83.80251882407872,null,391.4332578205191,null,231.59838743852998,1165.4557249017842,577.7351217661117,539.8023666751833,733.4857143181623,519.1785285483065,644.3250519904783,512.8423176240757,6179.464218360489,null,4119.642812240326,4400.25125402503,2731.166974256651,2488.7137112061423,834.6643163694044,null,34002.56880087764,77.91019955158468,469.60924816835603,908.9883115471191,987.8652058840661,null,null,324.08870107978356,2409.837685497796,438.1785857490331,null,876.3571714980661,3048.698430712678,272.1358627602754,4904.652791039469,5904.0454576569655,null,844.7463852870418,null,1034.3236501467968],