{"municipalities_area_set":{"area_entities":{"id":[1,2,3,4,5,6,7,8,10,15,17,18,19,20,21,22,24,25,26,27,29,30,31,32,33,34,36,40,41,44,45,51,54,55,56,57,58,59,61,62,63,65,66,69,70,71,75,76,80,82,85,86,88,89,90,91,92,93,100,101,102,103,104,105,108,109,110,111,114,119,121,123,124,126,130,131,135,138,141,143,147,150,152,154,155,156,157,160,162,164],"transport.cargo_vehicle_flow.roads":[393.4860855833532,301.69430959214253,281.8131369466962,274.5960497900442,336.8269942253295,461.3277856232174,1439.8569049897735,313.91325570975636,62.886727939628656,62.886727939628656,70.89393939031173,393.4860855833532,null,74.7194195017392,393.4860855833532,150.13614420953624,62.886727939628656,313.91325570975636,401.8128236473976,338.9840132384827,313.91325570975636,386.2423977189492,518.3285233666347,null,0.1578913924528955,401.8128236473976,108.94934801827881,43.572303574001154,847.099941605494,489.9563759743417,33.9557979004397,370.80449669737095,518.3285233666347,43.572303574001154,437.6357009894501,74.7194195017392,453.5920153150014,409.2288884556187,336.8269942253295,461.3277856232174,43.572303574001154,393.4860855833532,305.3901752157531,461.3277856232174,274.9325234406928,199.14493603714936,161.74079044614797,390.77495846067114,33.9557979004397,1394.641681969952,82.9297442726482,null,33.9557979004397,null,62.886727939628656,393.4860855833532,338.9840132384827,70.89393939031173,70.89393939031173,70.89393939031173,62.886727939628656,74.7194195017392,518.3285233666347,null,518.3285233666347,370.80449669737095,249.57637395543645,199.14493603714936,80.99918798889385,null,1471.034934592872,7.870694026245015,43.572303574001154,186.33259244370464,256.0542689658345,null,null,43.572303574001154,338.9840132384827,70.89393939031173,null,70.89393939031173,256.0542689658345,74.7194195017392,512.7837658806361,305.3901752157531,null,305.3901752157531,null,99.5928170988485],"transport.volume_to_capacity_ratio.roads.max":[0.6146429518505021,0.4705388987895696,0.9419798136838836,0.5055740608780558,0.9771498076919239,0.908786558242278,1.6330054122076167,0.9014377558007729,0.33374679525117257,0.3299312560896382,0.3707109859809419,0.849662754055691,0.29895602497390483,0.5877532595913344,0.6146429518505021,0.8491812025028076,0.33374679525117257,0.613004809817249,0.794558116877456,1.2997520135748066,1.4828885454775984,0.6742698887412113,0.6899594163276372,0.15620533054299476,0.6735116973442549,0.8029634290389487,0.9319805341506777,1.1425805635319457,1.0385616692423938,1.8067363788539383,0.543439706489146,0.5217539216754007,0.769342878091514,0.6774808736276713,0.5767226243116779,0.7437841787619293,1.343255757667238,1.5643675199155,0.6709797366649277,0.7491487973099334,0.7919051836852675,null,1.1323987114582015,0.9674308512823135,1.11105540227403,0.8759663249974021,0.9674308512823135,1.0658272056564742,1.5069526265322222,1.0685342247837668,0.4874486378895059,0.15620533054299476,1.5853471881172767,0.6642340485886686,0.33374679525117257,0.6146429518505021,0.9535375746581825,0.548170946942882,0.4301014105674369,0.6715133245603911,0.34654549479863717,1.0958332738645455,0.536731560473396,0.11341099632986,0.6899594163276372,0.5432648572128754,0.5483558704785746,0.8862870415498292,0.43911168815219115,0.15620533054299476,1.2928128435538526,1.1183569763304428,1.0923831864596567,0.8421510967778305,0.47685900465252956,0.07502408822111938,0.15620533054299476,0.6993268168225152,0.7644743625740723,0.4344471368039584,0.6670607546024168,0.8607813958117558,0.663809382664035,0.6500137045577864,0.5956284920928547,1.1491235403226008,0.9086144742465745,0.7523666569219879,0.026693792323228122,0.906704988716181],"transport.delay_factor.roads.max":[1.0913400540350706,1.0313734371599146,1.5039023206081406,1.041813749126565,1.5834781234678166,1.4365435272915983,5.551247678348559,1.4225936338736376,1.0079378270940964,1.00757469405039,1.0120687481270612,1.3335541108786435,1.0051122162369777,1.0763765715139029,1.0913400540350706,1.3327985781717602,1.0079378270940964,1.0903723347900502,1.2550836650588342,2.8265096440309696,4.0946676565816915,1.1322863507774465,1.145035447230872,null,1.131692349301969,1.2660498614837299,1.4828445570868847,2.0907552247664323,1.7445761710866305,7.819603592189716,1.0558194357439603,1.0474288792330284,1.2242124504955536,1.1348242861563465,1.070802391785041,1.1958699076132158,3.0836022470290034,4.832967487397669,1.1297231820972045,1.2015822649303343,1.2516939156283313,null,2.052391762544367,1.5606085351562835,1.9752654419937352,1.3768162447173036,1.5606085351562835,1.825899456498107,4.300489634388673,1.834322051032504,1.0361322842871683,null,5.042755909645057,1.1245846421032322,1.0079378270940964,1.0913400540350706,1.5290920296565096,1.0577888471709493,1.0218976481325615,1.1301363172644934,1.0092262139350467,1.9229069294848988,1.0531139384935668,null,1.145035447230872,1.0557476317996608,1.0578668660941122,1.3948913057103114,1.0237946851566817,null,2.7878151201320565,2.001156056334726,1.911339096828966,1.321914136263215,1.0330964061699934,null,null,1.1530737434641507,1.218590697529956,1.0228039666623598,1.1267189412424616,1.351359306961018,1.1242583594050153,1.1142536351570214,1.0805530206806495,2.115955455985133,1.4362129730189148,1.20506811324733,null,1.4325576478021118],"transport.cargo_vehicle_flow.roads.total":[383.0158101221751,2697.6030276375304,7774.343096889614,1886.5444223465659,5743.431526981751,6436.387227867474,89967.20286244957,5751.135647904508,179.47698303957262,604.3787439847843,181.98068669885978,4716.339973310332,null,497.9918278015027,1138.577154905347,1625.12128505027,144.69498724150833,2383.8659011671234,4348.1069555044505,4220.36032182521,5727.890485110917,9063.375083607729,3611.665391108447,null,0.07894569622644775,5315.955068649705,3037.713070113646,151.0115542781475,4548.243755466673,20736.28594390264,253.19429553686766,4695.385248795142,8722.312733703167,57.102065944763865,2736.4587786269076,423.2724082997635,12335.271131690586,7236.687002861788,2231.6102224550123,919.4838896953535,78.88821773176446,6521.7390475381535,9319.593555096064,5894.319133941588,17819.555247194243,3437.8310581179435,323.48158089229594,21303.32807167072,438.4769952728559,18784.49197816719,82.9297442726482,null,384.8094006642399,null,229.84187837163796,1159.5177058277034,567.9302686531512,535.7083496058876,727.9227467954391,515.240928624504,639.4383046846606,549.0690326807467,6186.673735483624,null,4124.449156989083,4424.826518545314,2662.4858474199095,2407.701854555239,828.62557080006,null,34190.64150020491,78.06468530203254,467.0615946154908,903.5326581656045,970.0010487610061,null,null,322.31775211243917,2374.493796288529,434.8553127880313,null,869.7106255760627,2994.5978997194616,282.1816055331757,4902.477596650277,5889.422924288193,null,839.3939515930999,null,1058.330701052712],