{"municipalities_area_set":{"area_entities":{"id":[1,2,3,4,5,6,7,8,10,15,17,18,19,20,21,22,24,25,26,27,29,30,31,32,33,34,36,40,41,44,45,51,54,55,56,57,58,59,61,62,63,65,66,69,70,71,75,76,80,82,85,86,88,89,90,91,92,93,100,101,102,103,104,105,108,109,110,111,114,119,121,123,124,126,130,131,135,138,141,143,147,150,152,154,155,156,157,160,162,164],"transport.cargo_vehicle_flow.roads":[391.3081889751823,300.11580567846687,284.2592972885518,272.6515874728561,332.3252446429753,458.9724221955132,1451.803591947354,311.78269284151844,62.39668367538953,62.39668367538953,70.34149900255787,391.3081889751823,null,74.43033739066286,391.3081889751823,149.102026384842,62.39668367538953,311.78269284151844,399.7375556729403,336.4923294674492,311.78269284151844,388.3306095532095,510.42763486021397,null,0.017018631963277242,399.7375556729403,103.18639277329632,43.33455567311453,856.3751704519252,486.6723637357155,33.7815707529086,365.3311119989492,510.42763486021397,43.33455567311453,429.7285998425691,74.43033739066286,438.9472159689181,389.3364382087175,332.3252446429753,458.9724221955132,43.33455567311453,391.3081889751823,303.74868513218405,458.9724221955132,273.0422382183855,202.69299147700826,160.84315699026422,388.169167903666,33.7815707529086,1401.36284256392,82.20645420933833,null,33.7815707529086,null,62.39668367538953,391.3081889751823,336.4923294674492,70.34149900255787,70.34149900255787,70.34149900255787,62.39668367538953,74.43033739066286,510.42763486021397,null,510.42763486021397,365.3311119989492,252.84848993673882,202.69299147700826,80.39887710348216,null,1459.7907542120076,5.382605414948117,43.33455567311453,184.95385390018697,254.28587525811088,null,null,43.33455567311453,336.4923294674492,70.34149900255787,null,70.34149900255787,254.28587525811088,74.43033739066286,510.4268339923997,303.74868513218405,null,303.74868513218405,null,95.59110506024602],"transport.volume_to_capacity_ratio.roads.max":[0.6151860788580865,0.4685913692095615,1.1430125883282958,0.5050283881932769,0.9776439240575013,0.9097830372750157,1.6412669334166106,0.9031232549773013,0.33495964429853387,0.3310971208277609,0.3720987590541938,0.8510691077075151,0.2967693108298937,0.5909063819589331,0.6151860788580865,0.8513310037039358,0.33495964429853387,0.6149623322080348,0.7976184628527032,1.304494803459463,1.4993763186328373,0.6774271277200924,0.6880465579932596,0.1570493755985644,0.6710947400675165,0.8046517178761524,0.9431924964224397,1.1447830870680133,1.0251243801566814,1.8109699352308046,0.5455212538592009,0.5227838521427884,0.7655445889658717,0.6804019884368961,0.5785368102076865,0.7474605836051691,1.3484741325688563,1.5640589436574326,0.6694389019998025,0.7502092814215751,0.7953559633595589,1.0674000303067868,1.0728779403538775,0.9690342058865904,1.11408019991189,0.8802986882796416,0.9690342058865904,1.066104833507947,1.512984485494562,1.0683263794473579,0.4891407171535152,0.1570493755985644,1.5906828575055083,0.6652946690418843,0.33495964429853387,0.6151860788580865,0.9576450055965511,0.5504652413761482,0.43171829903376,0.6743935783805066,0.3477864032995188,0.9671314353247944,0.534065985891065,0.1140283682891699,0.6880465579932596,0.5444140877723752,0.5513750391222904,0.892510129517989,0.4404598935862348,0.1570493755985644,1.2908749399231927,1.1234349051987826,1.0968621344677116,0.8429464413697361,0.4791214793065522,0.07546275067840677,0.1570493755985644,0.7011692960612269,0.7687962353449813,0.4362576481263675,0.6694606780891917,0.8643447539704765,0.6648781879947023,0.6533423463981515,0.597287578970865,1.153963852095418,0.9118079700452656,0.7562496725733443,0.026769531307660844,0.9061085010017746],"transport.delay_factor.roads.max":[1.091665512461488,1.0308572426007203,2.092405876477395,1.0416335206720888,1.5846592109255795,1.43846134821014,5.644049641946573,1.4257631547107446,1.008054902907668,1.007689908976922,1.0122573723548343,1.335767982148349,1.0049642760864732,1.0780287583252888,1.091665512461488,1.336181470962319,1.008054902907668,1.0915322281403192,1.259036382804774,2.853315626532974,4.234614752830021,1.1347815077302024,null,null,1.1298121412263609,1.2682944848244677,1.5065021838882087,2.0991900596371975,1.706783208610071,7.883747563426706,1.056679586935005,1.0478044837067642,1.219817335144175,1.1371646723954054,1.0716974914762973,1.1997713279316695,3.116169514333151,4.829944124050673,1.1285356975494811,1.2027261185581224,1.256109766714905,1.8307853262034786,1.8479714629850803,1.5643342434916003,1.985929354018231,1.3843263778676165,1.5643342434916003,1.826760317604309,4.3536510560772514,1.8336730896654203,1.0366366063219727,null,5.097456740452917,1.125382275666163,1.008054902907668,1.091665512461488,1.5382675095790495,1.0587624071765298,1.0222321673604657,1.132383445155733,1.009360705591769,1.559914832938847,1.0520666517407131,null,null,1.0562208482069668,1.0591518566007903,1.4060996257751321,1.0240882612179765,null,2.777119585600942,2.0194633730878904,1.9263778249428052,1.323131949078069,1.0337181488767702,null,null,1.154693310975321,1.223575888845281,1.0231820687230828,1.1285524228482757,1.357213592249109,1.1250707702704865,1.116611989706306,1.0814542796818754,2.134876996261921,1.4423779890187645,1.2093344821916145,null,1.4314205157496014],"transport.cargo_vehicle_flow.roads.total":[381.05701604645674,2662.2747243069243,8069.687238228336,1874.4429944743888,5749.823868129606,6403.271136200998,88582.18639368168,5712.015930757572,178.07841025668077,599.6691280352612,180.5626038276268,4687.465415183163,null,480.28104284006065,1132.9198752106447,1613.7973099441347,143.56745284935607,2368.0078275071714,4326.526242525267,4229.573268942976,5736.480604074394,9057.56217073357,3572.9910414180545,null,0.008509315981638621,5287.796422761214,2946.5294018123236,150.16885386746893,4778.776971190858,20574.118663813402,256.09583491764676,4648.857128058865,8620.58991386507,56.778013571864754,2707.0508865771753,405.85070544939776,12053.045008876168,7023.872611505655,2237.7418444686955,914.7530194572855,78.44529140842201,6488.22044571849,9203.41121956382,5864.066345272731,17751.776755952305,3411.32721684247,321.68631398052844,20792.96094706687,444.62852832947624,17986.22165397146,82.20645420933833,null,389.35203346518887,null,228.05083759295252,1153.422221068096,568.9851513565958,531.5338470895315,722.250415310507,511.2259183028336,634.4554874223867,514.0686166476668,6125.126813115683,null,4083.4178754104546,4375.962791554996,2674.984428607173,2386.6360862451256,822.4659018447284,null,33467.51944859589,72.23043709090246,464.450716497301,897.6111013554691,973.5573942945149,null,null,320.5028945830632,2372.27360037459,431.4667066578114,null,862.9334133156228,3004.7572566469003,270.5671369662652,4854.454427384854,5838.123803245338,null,834.770190779219,null,1027.246180992987],