{"municipalities_area_set":{"area_entities":{"id":[1,2,3,4,5,6,7,8,10,15,17,18,19,20,21,22,24,25,26,27,29,30,31,32,33,34,36,40,41,44,45,51,54,55,56,57,58,59,61,62,63,65,66,69,70,71,75,76,80,82,85,86,88,89,90,91,92,93,100,101,102,103,104,105,108,109,110,111,114,119,121,123,124,126,130,131,135,138,141,143,147,150,152,154,155,156,157,160,162,164],"transport.cargo_vehicle_flow.roads":[389.07637845827605,298.3812460271676,276.10100406993513,270.66779347725594,332.01021480213285,456.24059871756185,1456.155591222922,309.6075379494786,61.89745195337883,61.89745195337883,69.77870134076949,389.07637845827605,null,74.028052822604,389.07637845827605,148.0465205738231,61.89745195337883,309.6075379494786,397.5695375682941,334.38085757212974,309.6075379494786,385.5041188302516,512.7216638307989,null,0.05422372018682126,397.5695375682941,107.40818945337624,43.091065739446265,846.5760204149669,483.3189185772416,33.71822317783844,364.5568005678636,512.7216638307989,43.091065739446265,432.02565124079274,74.028052822604,436.4720513009802,376.6963403836528,332.01021480213285,456.24059871756185,43.091065739446265,389.07637845827605,301.83136471259144,456.24059871756185,271.1128005851447,197.1885827745769,159.6458201598129,385.6115190399579,33.71822317783844,1381.3830457760946,81.79640650955209,null,33.71822317783844,null,61.89745195337883,389.07637845827605,334.38085757212974,69.77870134076949,69.77870134076949,69.77870134076949,61.89745195337883,74.028052822604,512.7216638307989,null,512.7216638307989,364.5568005678636,247.06124469757594,197.1885827745769,79.78731145740498,null,1458.618716257487,6.884588799766709,43.091065739446265,183.59632300124957,252.58445106257778,null,null,43.091065739446265,334.38085757212974,69.77870134076949,null,69.77870134076949,252.58445106257778,74.028052822604,507.92524200807026,301.83136471259144,null,301.83136471259144,null,97.99617212304398],"transport.volume_to_capacity_ratio.roads.max":[0.6157660027426218,0.47231546756457327,1.1407727351100978,0.5054375449895598,0.9837557556543907,0.9106435660699403,1.6348596648045732,0.9051489271196029,0.33608430692597047,0.33194679103358005,0.37329921279237455,0.852767170540259,0.30466432225877904,0.5926307754380554,0.6157660027426218,0.8526044399274804,0.33608430692597047,0.6168463934277824,0.8006297942540339,1.3099196870857341,1.482320244734127,0.6754141482277259,0.6910186900656212,0.15786292268048455,0.6796714655045747,0.8062300947547115,0.9436493444112111,1.15724512757298,1.0654542353030638,1.8175024550626087,0.5461247348010109,0.5232008082121742,0.7726162383233754,0.6828522251288526,0.5789871158981503,0.7485068313122244,1.3517488010738754,1.5534812892815795,0.6731087633391282,0.7512188631447158,0.7982030822279849,1.0679790718483728,1.0468203983878395,0.9709878365047949,1.1165284426621715,0.8843232887530003,0.9709878365047949,1.0672633521913173,1.514474636235818,1.0473331152591894,0.4923435535949032,0.15786292268048455,1.591968603062602,0.6692219105132574,0.33608430692597047,0.6157660027426218,0.9599606025948938,0.5523963911319064,0.4331039143905687,0.6759856813652653,0.34891518853155234,0.9594841106441757,0.5365857769096403,0.11401447110936479,0.6910186900656212,0.5449645392477027,0.5538448939219605,0.8975738289732256,0.441305870222044,0.15786292268048455,1.2875804793388839,1.12582428901205,1.0994880637671591,0.8441095076377021,0.4813180935832777,0.07555528611084615,0.15786292268048455,0.7084177979659851,0.7704373069215608,0.43797166431851514,0.6718292031724904,0.8668605362184822,0.6659857446105348,0.6547870278075276,0.5976683606634553,1.1617037750287373,0.913097271977627,0.757450509457092,0.025563829865189035,0.9114877198083985],"transport.delay_factor.roads.max":[1.0920116466611882,1.0318499420860725,2.0838682767792864,1.0417686049631363,1.5994170875284857,1.4401225982459165,5.571954400953651,1.4295959099218314,1.0081717006957984,1.007767569598959,1.0124289325238707,1.338455725207755,1.0055139950312102,1.078943572665636,1.0920116466611882,1.3381974538004684,1.0081717006957984,1.092659103371429,1.2629704592207787,2.8843373270099626,4.089926393487084,1.1331866173946321,1.1459281745380838,null,1.1365765454875678,1.2704057954836283,1.5074842217129634,2.1478401656254107,1.824744018320759,7.983610329488978,1.0569308097862236,1.0479571757103787,1.2280527430846921,1.1391511787855109,1.071920975977149,1.200892187262412,3.1368003502248962,4.727383524490675,1.1313774877987197,1.203819584629506,1.2597966674396193,1.8325895262796792,1.7685439018194917,1.5688989500583015,1.9946244648145832,1.3914030660931145,1.5688989500583015,1.8303598873366007,4.3668827409791415,1.7700506933044773,1.0376056411721652,null,5.1107206735737005,1.1283691246538656,1.0081717006957984,1.0920116466611882,1.543492571758175,1.059591361017762,1.0225344753907417,1.1336379981628768,1.0094832784038201,1.5424142896577475,1.053056256138605,null,1.1459281745380838,1.0564485705693443,1.0602188695655375,1.4153944584670375,1.0242669543132847,null,2.759047266587633,2.0281640872007496,1.9352808663023973,1.3249190254050527,1.034348575080542,null,null,1.1611899010440323,1.22549098926632,1.0235570483670908,1.1303813536148066,1.3613906420711845,1.125914517392264,1.1176468332295932,1.0816621927366141,2.165632308422703,1.4448854015081098,1.2106672480533058,null,1.441756818597617],"transport.cargo_vehicle_flow.roads.total":[379.0464979069023,2667.4099733750895,7605.392209900249,1862.076405289196,5673.271970471005,6365.090484958748,88613.92793374139,5672.18121445944,176.65361672329573,594.8712151688795,179.1179344264684,4667.851968067309,null,492.08931568429193,1127.109613169333,1602.2490297533843,142.41877919414154,2351.814803891927,4302.246736865555,4161.774488897919,5654.099365605701,9006.952272461936,3574.662381347406,null,0.02711186009341063,5256.801463004254,2999.944084803949,149.30586346201892,4863.774585191088,20346.714921261846,254.25747699773376,4626.774032219595,8622.62228111642,56.44617656856633,2702.4452544246415,418.06126286168796,11984.501141084666,6875.605338219103,2204.608347512628,909.2986407083926,77.99170943828946,6453.820344968712,9207.329180657152,5829.382624635228,17527.746185356646,3413.041777512311,319.2916403196258,20806.559944930807,441.0785076397906,18575.9863392403,81.79640650955209,null,386.52264819052607,null,226.226217987369,1147.1693742720806,560.4073184479206,527.2810800807918,716.4717377058736,507.1356336835651,629.3792512048849,524.2274462027675,6123.881435033215,null,4082.5876233554764,4328.097345727695,2648.0087449640696,2396.616784879499,816.1884165889111,null,33800.532195927415,71.67120978811268,461.77699009052446,891.3423409553009,957.2218238767373,null,null,318.6443931677179,2342.7884389541,428.0145701937062,null,856.0291403874126,2955.222118899317,278.70750857445864,4846.447934048122,5819.365483445466,null,829.5077438341243,null,1044.4015602574013],