{"municipalities_area_set":{"area_entities":{"id":[1,2,3,4,5,6,7,8,10,15,17,18,19,20,21,22,24,25,26,27,29,30,31,32,33,34,36,40,41,44,45,51,54,55,56,57,58,59,61,62,63,65,66,69,70,71,75,76,80,82,85,86,88,89,90,91,92,93,100,101,102,103,104,105,108,109,110,111,114,119,121,123,124,126,130,131,135,138,141,143,147,150,152,154,155,156,157,160,162,164],"transport.cargo_vehicle_flow.roads":[386.79107559429895,296.56847823772466,276.7038107250478,268.6456048974412,328.41790793282985,453.8473581294556,1414.9598864382033,307.38872253247916,61.38931511277113,61.38931511277113,69.20586469366944,386.79107559429895,null,73.58489882803389,386.79107559429895,146.97009519214285,61.38931511277113,307.38872253247916,395.33983412589015,331.8583813780515,307.38872253247916,380.8576001990168,510.58771874452526,null,0.1393501435976007,395.33983412589015,107.14558622903004,42.84188892739442,837.0226084656888,479.8974317386834,33.6848104365443,365.46746184178545,510.58771874452526,42.84188892739442,429.90456284910607,73.58489882803389,452.6765424829531,409.34585355944427,328.41790793282985,453.8473581294556,42.84188892739442,386.79107559429895,299.8015455458389,453.8473581294556,269.1450631453408,195.30174613229502,158.83327771230765,383.0306596709397,33.6848104365443,1379.2088216501852,80.98201757693873,null,33.6848104365443,null,61.38931511277113,386.79107559429895,331.8583813780515,69.20586469366944,69.20586469366944,69.20586469366944,61.38931511277113,73.58489882803389,510.58771874452526,null,510.58771874452526,365.46746184178545,244.88472363665562,195.30174613229502,79.1648369199892,null,1452.8940279037251,5.792765030198552,42.84188892739442,182.22730893617535,250.87836095055374,null,null,42.84188892739442,331.8583813780515,69.20586469366944,null,69.20586469366944,250.87836095055374,73.58489882803389,505.337113479162,299.8015455458389,null,299.8015455458389,null,98.06671673387122],"transport.volume_to_capacity_ratio.roads.max":[null,0.4731987016192758,1.1625920242335908,0.5048218701663086,0.9836239420587058,0.9105981047774042,1.6410309178519007,0.9074188553686977,0.33711797901923135,0.33316288338057576,0.374437985148534,0.8536466744615387,0.29459980131157015,0.5995241028265941,null,0.8555988972191402,0.33711797901923135,0.6173196779069424,0.8037088777183665,1.3148622095497757,1.498929371749793,0.674835935050588,0.6917406126312737,0.15863339781598793,0.6759452772199984,0.8077627943857498,0.9616775065796783,1.1505067133989892,1.038795298265938,1.819403107898036,0.5476887195951252,0.5237594615217478,0.7742901026952045,0.6852809791343362,0.5792956534202083,0.7556752257830681,1.3473913298955653,1.5685595588395076,0.6720085664442135,0.7515563708964627,0.8010291429544808,1.0680475078237037,1.147332089384673,0.9717791701653168,1.1211354630962735,0.8834080928555468,0.9717791701653168,1.0725480987491847,1.5190854512575724,1.0789688196392915,0.4952029897630031,0.15863339781598793,1.5956240041708756,0.6673048477167008,0.33711797901923135,null,0.9621491813642125,0.5546908420493819,0.43449422240512403,0.6796103805246645,0.3499983922235367,0.9579801700875376,0.5367675573631158,0.11424147973932491,0.6917406126312737,0.5456397641174693,0.5550481733320108,0.9001221528716113,0.4428786053808148,0.15863339781598793,1.2844047516121828,1.1322223687217423,1.1034213919108293,0.8444171139096838,0.48336727715036604,0.07570080980256723,0.15863339781598793,0.7054512271867251,0.7735115993793323,0.43963078050564725,0.674232966220091,0.8708712131952351,0.666977979526662,0.6617599727109595,0.5979031702425468,1.1651981086247238,0.9129380370751391,0.7618207694197938,0.027065766279237558,0.9143810927848353],"transport.delay_factor.roads.max":[null,1.0320888498630951,2.169201411255835,1.0415654627153381,1.599095888115007,1.440034717346379,5.641378945118681,1.4339215019694875,1.0082727549300763,1.0078781085511923,1.01258956238854,1.3398541559804533,1.0048206963028443,1.0826811608168283,null,1.3429737157160124,1.0082727549300763,1.0929438070729787,1.2670392109999828,2.912938236008713,4.230759670762101,1.1327311254709196,1.146538948452619,null,1.133606050474288,1.2724679075988883,1.5473911938758227,2.1213381625214334,1.7452463799554694,8.012868621315445,1.05758576737086,1.0481623311713513,1.2300354695860172,1.1411323665600364,1.0720744029738172,1.208699165149412,3.1093806987340393,4.8742177693905635,1.1305206449279321,1.2041861199574941,1.2634955234170566,1.8328029557553545,2.109012740987785,1.570755778791917,2.011142429285092,1.3897853102588036,1.570755778791917,1.846929154998934,4.408072237755407,1.8673922789090103,1.0384869066245697,null,5.148606260642201,1.1269045207574895,1.0082727549300763,null,1.5484659019197973,1.0605876289308738,1.0228018007604334,1.1365274532344618,1.0096015109152054,1.5390214544668015,1.0531281886631285,null,1.146538948452619,1.0567288557883558,1.0607439018145983,1.4201320129906019,1.0246217420668595,null,2.741757094631122,2.0517363810208167,1.9487364172101311,1.3253929059896872,1.034937269447503,null,null,1.1585068178115052,1.22911171519756,1.0239173535380441,1.1322573775459142,1.3681253409866438,1.1266560551100664,1.1227388227174144,1.0817906008603326,2.1797203146508046,1.4445751486715137,1.2155714328511618,null,1.447392730573524],"transport.cargo_vehicle_flow.roads.total":[376.98442887170927,2654.673653804999,7645.6741279913695,1849.4491888307905,5629.849934734313,6328.029356254769,88764.92259222368,5631.5891808117185,175.20340822761628,589.987718832519,177.6474955243274,4643.103747030109,null,490.2983446057444,1121.1466398925381,1590.4822044401435,141.24961590519996,2335.293569630301,4276.5809086771615,4130.98323287914,5603.6027959661105,8937.83616164675,3558.362215415587,null,0.06967507179880035,5224.284371551096,2988.143543935323,148.4227825515295,4512.228001618509,20247.162997349544,251.0784468352241,4630.015805326638,8580.543654199686,56.106632773625236,2690.4626670944645,416.7134457777105,12157.601849276623,7163.177695490603,2186.5128404060906,904.0041937506813,77.52757723732245,6418.541937541648,9157.096528594337,5795.076723952581,17258.600790006472,3401.0560057725916,317.6665554246153,20954.515809397544,434.7872727973597,18571.57179458213,80.98201757693873,null,381.60895029773224,null,224.36905146365956,1140.7599333377175,555.8620853406064,522.9524537207553,710.5899820973098,502.97238801630135,624.2124668840672,530.1450330720102,6095.548993342123,null,4063.6993288947488,4356.7974565518625,2686.797071325653,2515.940656505762,809.7965153044039,null,33762.02589211868,70.43434904943223,459.0410343989363,885.3791827553375,949.76285629889,null,null,316.74268087240523,2323.3757902902375,424.50085574232435,null,849.0017114846486,2932.303764162091,277.808963851807,4820.2481907766005,5783.760680848499,null,823.9728397488918,null,1042.4203929549712],