{"municipalities_area_set":{"area_entities":{"id":[1,2,3,4,5,6,7,8,10,15,17,18,19,20,21,22,24,25,26,27,29,30,31,32,33,34,36,40,41,44,45,51,54,55,56,57,58,59,61,62,63,65,66,69,70,71,75,76,80,82,85,86,88,89,90,91,92,93,100,101,102,103,104,105,108,109,110,111,114,119,121,123,124,126,130,131,135,138,141,143,147,150,152,154,155,156,157,160,162,164],"transport.cargo_vehicle_flow.roads":[384.45289517570353,294.84985251731024,277.5598444728782,266.586056587465,324.90137164652594,451.04528900386333,1426.915533379528,305.1272979095645,60.8725739741218,60.8725739741218,68.62332818455016,384.45289517570353,null,73.24932698249978,384.45289517570353,145.87327464087255,60.8725739741218,305.1272979095645,393.09468554523664,329.50214915535537,305.1272979095645,381.1394985395359,504.854123407564,null,0.0297451835221192,393.09468554523664,103.691353635405,42.58710026723686,828.0514207387891,476.40948508919735,33.51603720460384,361.4800326941355,504.854123407564,42.58710026723686,424.19417849351,73.24932698249978,434.74115872761854,388.6852008730816,324.90137164652594,451.04528900386333,42.58710026723686,384.45289517570353,297.9979078151386,451.04528900386333,267.13998132317107,197.04408823728,157.6185243070232,380.2793198329489,33.51603720460384,1371.1100468754535,80.48215557236956,null,33.51603720460384,null,60.8725739741218,384.45289517570353,329.50214915535537,68.62332818455016,68.62332818455016,68.62332818455016,60.8725739741218,73.24932698249978,504.854123407564,null,504.854123407564,361.4800326941355,246.33060768176009,197.04408823728,78.53182200050462,null,1443.4437480737397,7.569040492788743,42.58710026723686,180.77769254889478,249.01999358298582,null,null,42.58710026723686,329.50214915535537,68.62332818455016,null,68.62332818455016,249.01999358298582,73.24932698249978,502.75998961922625,297.9979078151386,null,297.9979078151386,null,94.4298870148224],"transport.volume_to_capacity_ratio.roads.max":[0.61632015161338,0.47183232575828465,1.0532925706518865,0.5069605542218559,0.9849163677803336,0.9108929287455286,1.6404944945366933,0.9086630059273172,0.3380739880749138,0.3340267861284286,0.37558845205304914,0.8547161788154919,0.30966128044498065,0.596409027198434,0.61632015161338,0.8569163100505451,0.3380739880749138,0.617830717791634,0.8052940370774473,1.319356050425273,1.497577952566843,0.6745446547917316,0.6904518991783887,0.15937239408752663,0.6814516731801789,0.80891550298588,0.9545535300364448,1.1705984219866636,1.0564769547332125,1.8231252379139287,0.549027027937832,0.5242315160836072,0.771681178226745,0.6880792330272381,0.5806255199220772,0.7527820984923652,1.3484603457037878,1.5741088510892625,0.6725313514722394,0.7520424960557083,0.8044424481515553,1.0680559880759943,1.172373584656365,0.9743033522910053,1.1224722134551135,0.8834671370074558,0.9743033522910053,1.0739295422208002,1.5230105589566143,1.059343170535671,0.5001130458100742,0.15937239408752663,1.5972956086032266,0.6740664003248318,0.3380739880749138,0.61632015161338,0.9656811751648144,0.5563053680260374,0.43577481457225664,0.6808310935267952,0.3509680228862731,1.1583426174762692,0.5349278084776095,0.1149890954500307,0.6904518991783887,0.5462282072864593,0.5549243274665157,0.8986720794960321,0.4438187982825621,0.15937239408752663,1.2816220065711592,1.1330014378222595,1.1065886866995083,0.846096575822709,0.48532134460463966,0.07608054247387219,0.15937239408752663,0.7164895142342904,0.7789044864828081,0.44116543840829997,0.6765177599282489,0.8728867131047359,0.6677355555419645,0.6587199897951491,0.5990768338091311,1.1651084687012063,0.9132967392426963,0.7647163301671027,0.02741950223302129,0.9145853052152625],"transport.delay_factor.roads.max":[1.092343311742654,1.0317198219052932,1.78772759154981,1.0422743218553896,1.6022508106125823,1.4406048735972776,5.63531318891269,1.4363061779833506,1.0083682401061995,1.0079616423416482,1.0127307111185915,1.3415605254184801,1.0058847442743224,1.0809760908266206,1.092343311742654,1.3450909817706123,1.0083682401061995,1.0932519586358145,1.2691521833869281,2.939224217641857,4.219124140589905,1.1325021102082786,1.1454499874547166,null,1.1380130719851347,1.2740265287207737,1.5313505398545413,2.2017433049777826,1.7972969198961433,8.070432598352898,1.0581506901002178,1.048336197264945,1.226950740796421,1.1434609743939255,1.0727385190975542,1.2055214263102558,3.116082972380527,4.9293346474003865,1.130927270125024,1.2047149231780612,1.2680154870305869,1.8328294057521362,2.20904947346708,1.5767090429432078,2.015973475518215,1.3898895286859911,1.5767090429432078,1.8513009761156132,4.443432951984175,1.8059844414002868,1.040036186929254,null,5.166018216805198,1.1321267318640769,1.0083682401061995,1.092343311742654,1.5565639026667761,1.0612961188329357,1.0230888932646,1.1375011852912342,1.0097214412787485,2.152200646005586,1.0524035460574601,null,1.1454499874547166,1.0569739680347447,1.0606897056997364,1.4174312610405337,1.024831488094763,null,2.7267115660839925,2.054634120655768,1.9596765380570664,1.327989336132401,1.0355056561285665,null,null,1.1686628092421638,1.2355682716185317,1.0242545404194459,1.1340592491618808,1.3715450718321054,1.1272324770842905,1.1204989730567516,1.0824347029458978,2.179357328012131,1.4452742720450882,1.218867577877719,null,1.447792536601447],"transport.cargo_vehicle_flow.roads.total":[374.8711833638257,2627.724476175965,7454.129157296547,1836.566660611519,5588.789416256926,6290.301856345499,87824.11101348817,5590.069684320177,173.72864330319138,585.0215300900874,176.1521576312949,4614.667670687384,null,479.38000881819255,1115.0318382795992,1578.5031229455096,140.06065513535663,2318.4517817307524,4253.009775625229,4124.808064074016,5590.2226282762795,8915.111728188844,3527.696462487934,null,0.0148725917610596,5193.732941296784,2929.860665104169,147.51988054348453,4782.363175975239,20042.412881914162,251.7020776731047,4564.097434760833,8499.42243876181,55.759486761752825,2666.307739025353,406.1306818356927,11933.812287724195,6931.721585894231,2169.7453965467894,898.6145509064997,77.05303689537126,6382.391828996914,9065.362893338875,5760.944940675161,17284.52123949885,3365.344521671348,315.2370486140464,20399.665698188757,436.37208093700167,18411.12290208609,80.48215557236956,null,382.61169614708325,null,222.4804374773653,1134.1952619033548,554.6061671383155,518.5505305864328,704.6086305251795,498.738645971529,618.9581932323044,513.0397175120276,6045.68467816074,null,4030.456452107161,4316.01640449114,2634.8969768926263,2387.2078438185486,803.2938503827262,null,33492.07104310641,92.75776650411562,456.243684922251,878.8387434378647,948.2480231318918,null,null,314.79834082874294,2315.24927285978,420.92764344713987,null,841.8552868942799,2927.213789804034,270.7537878904618,4779.665808184115,5737.9743394833,null,818.9243070016051,null,1021.9577716882292],