{"municipalities_area_set":{"area_entities":{"id":[1,2,3,4,5,6,7,8,10,15,17,18,19,20,21,22,24,25,26,27,29,30,31,32,33,34,36,40,41,44,45,51,54,55,56,57,58,59,61,62,63,65,66,69,70,71,75,76,80,82,85,86,88,89,90,91,92,93,100,101,102,103,104,105,108,109,110,111,114,119,121,123,124,126,130,131,135,138,141,143,147,150,152,154,155,156,157,160,162,164],"transport.cargo_vehicle_flow.roads":[382.06262500716394,292.97612628993693,277.4980753363558,264.4902685573147,322.8726629344038,448.4812977102795,1420.4713573826264,302.82703087320687,60.34754511150082,60.34754511150082,68.0314486960745,382.06262500716394,null,72.80179351898377,382.06262500716394,144.75663231234705,60.34754511150082,302.82703087320687,390.7629205350517,326.917141377145,302.82703087320687,380.33405334910634,507.2209709214544,null,0.08946806498481617,390.7629205350517,108.09219568062764,42.32679254674163,838.821842692363,472.85682798076533,33.457162783327675,358.36551449805535,507.2209709214544,42.32679254674163,426.59291205749275,72.80179351898377,426.57005222305776,386.1027264604953,322.8726629344038,448.4812977102795,42.32679254674163,382.06262500716394,295.9237917295409,448.4812977102795,265.0986005427296,219.63305226848402,156.71201042430692,377.57627708455,33.457162783327675,1367.5078705061042,79.68728197141324,null,33.457162783327675,null,60.34754511150082,382.06262500716394,326.917141377145,68.0314486960745,68.0314486960745,68.0314486960745,60.34754511150082,72.80179351898377,507.2209709214544,null,507.2209709214544,358.36551449805535,239.45577484309376,190.47239041732198,77.88865450649052,null,1441.9651597871514,5.285076604920487,42.32679254674163,179.35150917613262,247.22985940573176,null,null,42.32679254674163,326.917141377145,68.0314486960745,null,68.0314486960745,247.22985940573176,72.80179351898377,500.04772881979886,295.9237917295409,null,295.9237917295409,null,99.09189216857887],"transport.volume_to_capacity_ratio.roads.max":[0.6164902102327072,0.4756213029812554,1.1601314719471632,0.5046442964144957,0.9844211164346611,0.9111937420366677,1.644545191938572,0.9138944534588227,0.33884809012333844,0.3346505330911194,0.3768406164377561,0.8554914289238297,0.30605366624308816,0.6021226101000394,0.6164902102327072,0.8599796764544726,0.33884809012333844,0.6221680249325021,0.8080155021698749,1.3235617888278208,1.4723182726977297,0.6782497045251374,0.6940213596907291,0.1600798729547286,0.6962198843367231,0.8099384046837558,0.9655481559224779,1.1712068452807358,1.0573492951665433,1.8278971280615763,0.5502778608506786,0.5245408894629107,0.7789230442526894,0.6889643866582377,0.5814440564556482,0.7580826168561972,1.3484289253903698,1.5648781791852513,0.6732561596489337,0.7527793406916413,0.8055286507875353,1.0679314411905276,1.2590192301900793,0.9743574290967812,1.1278622432612495,0.9225724530698179,0.9743574290967812,1.1230383050341493,1.526483448138164,1.0895519955246562,0.5017983781174615,0.1600798729547286,1.598827765000644,0.6744429572080752,0.33884809012333844,0.6164902102327072,0.9677938128270962,0.5595012869523248,0.43742541676453,0.6851319782652816,0.351722720916536,1.0821548890041928,0.5377694244997319,0.11569325729471151,0.6940213596907291,0.5466433251348602,0.5444704656851275,0.874638766540709,0.44458358294754396,0.1600798729547286,1.2787473809413212,1.1415577353018114,1.1102673607130693,0.8457995338834765,0.4869854291854799,0.07619538776908606,0.1600798729547286,0.7173008638494439,0.7789925049116454,0.4434539267101425,0.6781751255547006,0.8784464884542387,0.6684403189042452,0.6642680950055765,0.5997636865943639,1.1717069456186915,0.9163773428672318,0.7667030216597243,0.027502036758912673,0.9193196113910403],"transport.delay_factor.roads.max":[1.0924512118270204,1.032751045423141,2.1593346276527687,1.041507010084142,1.601040390554165,1.4411871834047574,5.6812649649933915,1.446441069813209,1.00844713850184,1.0080287257861844,1.0129094690714169,1.3428014300492603,1.0056152658094577,1.0841239615499918,1.0924512118270204,1.3500521306755906,1.00844713850184,1.095898259407875,1.2728090328901642,2.964069521996554,4.007369440359728,1.1354373435308247,1.148481149555823,null,1.1503715460727533,1.2754152242104293,1.556257307011308,2.2042436974124415,1.7999335178772933,8.144748993939526,1.0586824362069776,null,1.2355907225253546,1.1442005999434808,1.073149559635734,1.2113713527293184,3.1158857528875976,4.837974748080082,1.1314926009543196,1.205518414633837,1.2694659787981788,1.8324410060136775,2.608086582050139,1.5768370900421032,2.0356290095039222,1.463641076749185,1.5768370900421032,2.0180245525986766,4.474948496824032,1.9019278881435628,1.0405785932463805,null,5.182025726832146,1.1324222216654987,1.00844713850184,1.0924512118270204,1.561450327127858,1.062713046314,1.0234297743594383,1.1410187718553522,1.0097959838158792,1.8776829816285212,1.0535259518512743,null,1.148481149555823,1.0571473599277155,1.0562441400837501,1.3745371181511992,1.0250030886201213,null,2.7112718362344355,2.086854727670286,1.9725014666997467,1.327528985399744,1.035995137965351,null,null,1.1694280800318115,1.2356747692152839,1.0247544556443278,1.1353777836861112,1.3811019916422904,1.127770479587061,1.12461018723634,1.0828134053177325,2.206301842905332,1.4513124824215087,1.2211508808056968,null,1.4571366835183925],"transport.cargo_vehicle_flow.roads.total":[372.7073168752311,2632.8650086704793,7228.228988779341,1823.434826564855,5527.3642996103445,6251.636132944494,86648.83348509076,5547.846040365623,172.2302254436651,579.9756914061086,174.63283684474982,4593.37523930533,null,491.5959527182506,1108.7666424937604,1566.3185327279198,138.85262528442695,2301.3271375315258,4226.578462811727,4050.4872745433745,5423.847309663668,8881.675399466401,3529.027070145214,null,0.044734032492408086,5160.192353948102,2985.301553036916,146.597489293267,4848.908978402359,20154.47351504447,251.84425198496575,4585.537646636429,8501.109184707118,55.40486698210303,2658.9561730174064,418.7941591992668,11748.636064982797,6891.152623957092,2143.6464127445797,893.0908761349278,76.56826325547385,6345.379695010861,9068.625390349867,5725.242899512045,17708.960339761034,3437.164096164482,313.42402084861385,20114.02904120776,436.7741784032762,18083.85947689275,79.68728197141324,null,382.8667129453336,null,220.5615330608408,1127.4772587576263,545.2411582338067,514.0780074530916,698.5313473789993,494.43700129077575,613.619649205222,553.4766455518766,6043.61219844752,null,4029.074798965013,4256.4178631417135,2403.624910423759,2076.6242655889446,796.6842906029557,null,33115.185400298215,70.59196193855267,453.38597052193853,872.5712235514092,931.1077525247867,null,null,312.81209023957604,2281.3897439642183,417.29712238557414,null,834.5942447711482,2875.2294357059113,279.19610613284453,4770.767603543058,5717.450955724165,null,813.2477899558837,null,1040.2365690839983],