{"municipalities_area_set":{"area_entities":{"id":[1,2,3,4,5,6,7,8,10,15,17,18,19,20,21,22,24,25,26,27,29,30,31,32,33,34,36,40,41,44,45,51,54,55,56,57,58,59,61,62,63,65,66,69,70,71,75,76,80,82,85,86,88,89,90,91,92,93,100,101,102,103,104,105,108,109,110,111,114,119,121,123,124,126,130,131,135,138,141,143,147,150,152,154,155,156,157,160,162,164],"transport.cargo_vehicle_flow.roads":[379.62120795156125,291.1325146079209,267.78210584056984,262.35943489654653,321.35310470311595,445.67463845865905,1433.155172653967,300.48223653831303,59.81455846889961,59.81455846889961,67.43059818318582,379.62120795156125,null,72.40750550497019,379.62120795156125,143.620784434822,59.81455846889961,300.48223653831303,388.39428029145256,324.4019410977614,300.48223653831303,378.7091184590083,502.5754578474314,null,0.044107695250409945,388.39428029145256,105.59484349451357,42.06107443193228,818.3057650760027,469.24135685026204,33.32237284496996,356.042742961185,502.5754578474314,42.06107443193228,421.9936710832807,72.40750550497019,426.4128527402962,364.1960894248508,321.35310470311595,445.67463845865905,42.06107443193228,379.62120795156125,293.9504348848144,445.67463845865905,263.02204494453156,218.30584256090293,155.58181827592753,374.7663404873971,33.32237284496996,null,79.058110942168,null,33.32237284496996,null,59.81455846889961,379.62120795156125,324.4019410977614,67.43059818318582,67.43059818318582,67.43059818318582,59.81455846889961,72.40750550497019,502.5754578474314,null,502.5754578474314,356.042742961185,239.4328173582625,190.75912809787684,77.23573862382165,null,1433.3506384564182,5.4011533342579,42.06107443193228,177.87340027783395,245.34383015559334,null,null,42.06107443193228,324.4019410977614,67.43059818318582,null,67.43059818318582,245.34383015559334,72.40750550497019,497.305824723261,293.9504348848144,null,293.9504348848144,null,96.7075449368119],"transport.volume_to_capacity_ratio.roads.max":[0.6165731772450769,0.4747273286779006,1.17030669666579,0.5068520904275264,0.9937933679323557,0.9111567432376979,1.645298541908148,0.9150003731440468,0.3396479275485912,0.3354879941562552,0.3777520958182738,0.8561703084622672,0.3050846364156212,0.606243819773752,0.6165731772450769,0.8616422546101982,0.3396479275485912,0.6225491875130121,0.8093692078976714,1.3272509597620339,1.4857934802956412,0.6777040481718875,0.6930050363395736,0.16073676533149522,0.6657114742056321,0.8108950846397184,0.9740129937309414,1.1689807814919084,1.0245264395640592,1.8314174382563864,0.5514067728809269,0.5246480382772025,0.7772766595078945,0.6910778116983427,0.5814850739852511,0.7620787639228367,1.3598269516743957,1.5551937542563654,0.6785345230694673,0.7530852937130618,0.8081408927296214,1.0676648425745674,1.148612970874755,0.9756497130490053,1.1366244128629084,0.9228805961613448,0.9756497130490053,1.1242261376547045,1.5299440361102203,1.0790661995381658,0.5046226240463221,0.16073676533149522,1.6031744485684074,0.6733462495343621,0.3396479275485912,0.6165731772450769,0.9709585895163588,0.5612121901306448,0.4385280666633501,0.6871077957829933,0.3525504797559414,1.0959551295975405,0.536350193188478,0.1159796905582503,0.6930050363395736,0.5468522982071102,0.5439571630057287,0.8786640166860705,0.44558485762366506,0.16073676533149522,1.2746981809342297,1.133293033904478,1.1119789913709275,0.8460999951830183,0.48865763192479483,0.07661359704012898,0.16073676533149522,0.7168114539016173,0.7824649448617281,0.44478673856771045,0.6799936502151778,0.8810425871456029,0.6690279642834044,0.6683578246056765,0.5997234981196748,1.1719586845000385,0.9167494085598651,0.7687844150752698,0.026842853513759243,0.9192247082039767],"transport.delay_factor.roads.max":[1.0924950485780736,1.032505504287957,2.2005458049143902,1.042238155238382,1.624258336338313,1.4411155305784946,5.689848626539947,1.4486059801791484,1.0085252519115089,1.0080995649170341,1.013031052829217,1.3438908531833724,1.0055444864339682,1.08645085070195,1.0924950485780736,1.3527669805088467,1.0085252519115089,1.0961334783882748,1.2746418306638472,2.98605909263529,4.1189884553925085,1.1350020282654987,1.1476133162894684,null,1.1256967775792321,1.276718787161368,1.576021874757366,2.195114344146335,1.7051356241216156,8.199947909655943,1.0591654754457922,1.0484900003522926,1.233605186447968,1.1459781217788445,1.0731702029406391,1.2158635987011372,3.1883387587211143,4.7438461002949595,1.1356649846011713,1.2058527347771872,1.2729784140011124,1.8316100742805626,2.1139734475478953,1.5799034047513971,2.068188487489482,1.4642608194604767,1.5799034047513971,2.0223384308907644,4.506567102762659,1.8677054594442217,1.0414998803314495,null,5.227689699070825,1.1315629963373348,1.0085252519115089,1.0924950485780736,1.568830410253164,1.0634875192014466,1.023664472382413,1.1426525298266395,1.0098867187061757,1.923317503841007,1.0529631417722285,null,1.1476133162894684,1.057234796166854,1.0560323418771762,1.3814796184701494,1.0252290948128,null,2.6896993545243824,2.0557202478518395,1.9785123306543477,1.3279946382246137,1.0364920883888893,null,null,1.1689661541254606,1.2399051292674308,1.025049969391445,1.1368356952382064,1.385627129830604,1.1282203794526817,1.1277074170533965,1.0827912111768168,2.207338863149955,1.4520458928965139,1.223562139213125,null,1.4569479482396843],"transport.cargo_vehicle_flow.roads.total":[370.493547999528,2610.01511552784,7540.165737337513,1810.0603026449626,5504.839490243895,6211.271737987143,86149.36767115783,5504.916881711404,170.70909630006759,574.8533737379795,173.0904879517528,4564.647040013348,null,483.34685727420504,1102.3529840465508,1553.9355779307857,137.6262855148477,2283.8446964996483,4200.214927002194,4030.443880915728,5394.274749635511,8834.533063806264,3502.219305559509,null,0.022053847625204973,5126.619499213223,2940.517908946795,145.6559964784728,4489.688886514123,19925.044090555137,252.46747114941388,4499.888072843234,8430.772630324356,55.04292322038291,2638.258798590293,410.93935176923486,11506.062451462296,6758.582957990013,2137.3561677685216,887.3245339981632,76.07346043634905,6307.517975944011,8988.435057725228,5688.406232804245,17595.741024227893,3394.004273144237,311.16363655185506,19637.89387069128,438.2901966088878,18142.246791339327,79.058110942168,null,383.87122983492094,null,218.6135441115659,1120.6083039506173,542.7890316710337,509.53769498932354,692.3619518070113,490.0701572574538,608.2001897050924,516.7698073267456,5999.287695424156,null,3999.52513028277,4238.01158338916,2398.016191474581,2045.007983868859,789.971889857958,null,33013.29187114001,64.55108143658114,450.4690929016325,865.950705870864,927.4618414577313,null,null,310.7847661396216,2269.0014798795346,413.61157408669146,null,827.223148173383,2863.722173501959,273.9595678461566,4733.6513638964125,5673.421538461019,null,807.7816862978856,null,1025.7469452153498],