{"municipalities_area_set":{"area_entities":{"id":[1,2,3,4,5,6,7,8,10,15,17,18,19,20,21,22,24,25,26,27,29,30,31,32,33,34,36,40,41,44,45,51,54,55,56,57,58,59,61,62,63,65,66,69,70,71,75,76,80,82,85,86,88,89,90,91,92,93,100,101,102,103,104,105,108,109,110,111,114,119,121,123,124,126,130,131,135,138,141,143,147,150,152,154,155,156,157,160,162,164],"transport.cargo_vehicle_flow.roads":[425.34963076589025,451.757221405884,368.3577989488267,301.2826337893208,410.5186359568538,369.0794621747563,1994.0669150952958,347.2027013840768,69.46722390849831,69.46722390849831,78.31231362697247,425.34963076589025,null,67.366806053939,425.34963076589025,164.42291407904872,69.46722390849831,347.2027013840768,298.30979807850485,410.5186359568538,347.2027013840768,341.2901855607974,675.4548393791099,null,null,298.30979807850485,99.46776244010921,47.04732168767174,1994.0669150952958,535.6289165746294,33.637392110735824,652.8612869952201,675.4548393791099,47.04732168767174,652.8612869952201,67.366806053939,568.8842946141534,301.2826337893208,410.5186359568538,369.0794621747563,47.04732168767174,425.34963076589025,451.757221405884,369.0794621747563,301.0589844253588,332.38811424914775,145.13137189814267,435.41026704612216,33.637392110735824,1946.6041739720986,101.50609241326703,null,33.637392110735824,null,69.46722390849831,425.34963076589025,410.5186359568538,78.31231362697247,78.31231362697247,78.31231362697247,69.46722390849831,67.366806053939,675.4548393791099,null,675.4548393791099,652.8612869952201,290.0239870486691,332.38811424914775,89.11420180773774,null,1946.6041739720986,0.0,47.04732168767174,204.61521362651118,309.0125435435868,null,null,47.04732168767174,410.5186359568538,78.31231362697247,null,78.31231362697247,309.0125435435868,67.366806053939,675.4548393791099,335.536829283814,null,335.536829283814,null,224.70417364080333],"transport.volume_to_capacity_ratio.roads.max":[0.595393962084855,0.5011905753148466,1.3099127879512948,0.46315851044113904,2.1525952102058294,0.7755699549715859,4.606054787873712,0.8140343106708728,0.3094491034860391,0.3059429725624211,0.3398161867395694,0.9232978134733851,0.2783554666916275,0.4234670334955582,0.595393962084855,0.8066975343855257,0.3094491034860391,0.5661047256370981,0.6485325545898148,1.7896294844593206,1.939988169308273,0.5534641869580443,0.7036659082902542,0.14245731822718322,0.6166777398849068,0.7565549510254236,0.7856260592021604,0.9554856500458532,4.606054787873712,2.6836251704791327,0.47370924498089506,0.5801559927126494,0.829189793467555,0.6314735377094435,0.5847720825439637,0.5528116765619425,2.1372866063108047,0.9671337263776943,1.7303105925763893,0.6270936844948994,0.7383574349079614,1.042769823256,0.8694550409313314,0.9551937970883069,1.4632845602681792,1.6267766700719162,0.9551937970883069,2.6603355346460074,1.2923678396980396,3.5096069527269576,0.4907624222005289,0.14245731822718322,0.9777292094173753,0.5188385448514359,0.3094491034860391,0.595393962084855,0.9085527118299085,0.49962394724948644,0.393399113744635,0.5940932059112437,0.32155119901857143,1.5529717675707968,0.5728500603560666,0.09282698393620557,0.7036659082902542,0.6113301354527673,1.2222373024021027,1.939988169308273,0.4116977613634853,0.14245731822718322,2.03638803860508,0.4937161164148843,0.9189078064004491,0.8584208713491471,0.5446832713559631,0.0694674684928259,0.14245731822718322,0.6070747236818952,1.0207735900081967,0.40074221040596625,0.6029411467230659,0.777921892126783,0.6313905091314712,0.47511680782966065,0.608050586723729,2.127437848152205,0.8750380397007257,0.5100309503149913,0.021917324099200483,0.8733400784876356],"transport.delay_factor.roads.max":[1.0804261633304335,1.0403823470329674,2.8842286912934845,1.0294448986578701,14.741574860060963,1.2315601807407157,289.0639118928806,1.2810287911482239,1.0058678155399436,1.0056080851764002,1.0085304521842808,1.4651009239866202,1.0038435964656045,1.020574187805387,1.0804261633304335,1.2710334493221371,1.0058678155399436,1.0657305240680328,1.113220748613367,7.564965964736387,10.065177242539193,1.060044940398827,1.1568992216010894,null,1.0925578082784937,1.2096726986024402,1.243805498646058,1.5334290336877865,289.0639118928806,34.19502706445066,1.0322226299569464,1.0724997666150493,1.3025490299464373,1.1017655062833305,1.0748326953005198,1.059770763675918,14.355032389139328,1.5599201385219896,6.736886261995951,1.0989762003330674,1.1902157979628034,1.7566980795197482,1.3657366588270228,1.5327775889457893,3.9342823568015355,5.48220500155968,1.5327775889457893,33.05657225527219,2.785290611010755,98.10113821252442,1.037113950659316,null,1.5848632500244226,1.0463731650179477,1.0058678155399436,1.0804261633304335,1.4360943800566313,1.039881099060481,1.0153221578358569,1.0797196073543216,1.0068410963946557,4.722411545972043,1.0689111760229002,null,1.1568992216010894,1.089384860566486,2.42829776106211,10.065177242539193,1.0183918943150838,null,12.006030206998387,1.038028628301028,1.45631814461755,1.3475209953643994,1.056332123485547,null,null,1.0869319531630142,1.6948605806221346,1.0164998065772899,1.0845921387844806,1.234381833855501,1.1017217069321508,1.032603063076567,1.087478977900799,14.11037644343554,1.3752214923411035,1.0433077976677947,null,1.3723175750641001],"transport.cargo_vehicle_flow.roads.total":[412.3336561995825,3528.809964066322,8292.441755101605,2056.7074785844898,6916.832846744193,4910.257047962665,114516.86690827197,6322.153770627444,198.25753661727828,667.6212121297386,201.02322897238372,5042.684876457035,null,429.5056596379218,1223.9849940324395,1780.50021968243,159.83593687355904,2619.626567471787,3216.8565735896664,5153.940722243202,6218.453815046454,6948.067132423032,4624.384289564838,null,null,4275.876563371314,2876.0903919420016,163.27706932442442,9613.533791570546,23386.89321097872,222.56265662319552,6914.649835708028,12089.22233935386,61.80405786194453,3591.0909089278007,362.13885358398284,13687.46129754553,5952.623072378265,2782.229679100028,701.4652925660951,85.3277187057804,7022.68812995921,12964.480633986137,4504.102177679208,17612.802011781714,5244.63441712336,290.26274379628535,25336.409968567274,377.8505290249194,26426.051569209405,101.50609241326703,null,336.64710094402136,null,253.8926376280898,1250.0169431650552,695.557419775007,591.7651162809732,804.0929158895348,569.1559750086175,706.3494212935223,362.1388535839828,7949.758693415922,null,5299.839128943949,5767.884989019378,3783.7777363020778,4817.930637983551,912.0490249114913,null,47938.65213138727,0.0,505.0507963416882,910.2214240950823,1188.1026547234799,null,null,348.689242910258,2903.2152649349423,480.3587715717399,null,960.7175431434798,3644.243325231724,241.4259023893219,6268.915823092286,8045.787026906247,null,915.7012431949586,null,2420.387327157779],