{"municipalities_area_set":{"area_entities":{"id":[1,2,3,4,5,6,7,8,10,15,17,18,19,20,21,22,24,25,26,27,29,30,31,32,33,34,36,40,41,44,45,51,54,55,56,57,58,59,61,62,63,65,66,69,70,71,75,76,80,82,85,86,88,89,90,91,92,93,100,101,102,103,104,105,108,109,110,111,114,119,121,123,124,126,130,131,135,138,141,143,147,150,152,154,155,156,157,160,162,164],"transport.cargo_vehicle_flow.roads":[377.1297259036753,289.1816823546891,270.7419186159744,260.1948139869776,317.55697582095456,442.98907691731466,1438.4413279646049,298.1012160593383,59.27395526593179,59.27395526593179,66.82116131214684,377.1297259036753,null,71.94115174652418,377.1297259036753,142.46638462576973,59.27395526593179,298.1012160593383,385.9635201611717,321.73353432107467,298.1012160593383,375.1869682593551,496.42196943005683,null,0.10331375512817247,385.9635201611717,101.39825940421858,41.79006879125099,822.6715241495897,465.56509714611263,33.2537775899038,355.4485490072885,496.42196943005683,41.79006879125099,415.8954730605442,71.94115174652418,438.95183018391555,349.39863561395697,317.55697582095456,442.98907691731466,41.79006879125099,377.1297259036753,291.7990624514347,442.98907691731466,260.9115074001629,216.44192585318768,154.6319391909174,371.9612975672245,33.2537775899038,1360.6210402088936,78.24513909126051,null,33.2537775899038,null,59.27395526593179,377.1297259036753,321.73353432107467,66.82116131214684,66.82116131214684,66.82116131214684,59.27395526593179,71.94115174652418,496.42196943005683,null,496.42196943005683,355.4485490072885,241.3265517887582,192.96898296307464,76.57349235116321,null,1423.0992182485618,6.956877175126586,41.79006879125099,176.39881917280374,243.48839522981422,null,null,41.79006879125099,321.73353432107467,66.82116131214684,null,66.82116131214684,243.48839522981422,71.94115174652418,494.4620864662496,291.7990624514347,null,291.7990624514347,null,92.95726998265508],"transport.volume_to_capacity_ratio.roads.max":[0.6164035745763923,0.47329565583530053,1.0849624428564975,0.5056886820216918,0.9885485712872618,0.9109198799528229,1.6525312395682676,0.9163859509087877,0.34036198855945526,0.3360267610232117,0.3785745915049772,0.8562558084355061,0.30178282222741176,0.6075823382717622,0.6164035745763923,0.8623061561191037,0.34036198855945526,0.6227042024144633,0.8118792350665759,1.331394857364995,1.4985964070198914,0.677539628864229,0.6912199198569634,0.1613638814459117,0.6790531555513445,0.8117264248934187,0.9838214179253373,1.1729482066067054,1.056689233236552,1.8327304458708495,0.5530104895335765,0.5246746005884241,0.7746217323854181,0.6927723734131868,0.5817166300406643,0.763713733042967,1.3518858978133226,1.5565138398646943,0.6733952924116879,0.7532162052429523,0.8101334519192795,1.0669478951876765,1.3102206545767914,0.9767700058752479,1.1350503633798479,0.9171317975861738,0.9767700058752479,1.125548451070987,1.5346056145727354,1.095163836570825,0.5058576001653025,0.1613638814459117,1.6094717340962035,0.6748496049961681,0.34036198855945526,0.6164035745763923,0.9724186567571316,0.5625513672299854,0.43945969751526576,0.6881784194502057,0.3532663616011239,0.9651901030949078,0.534175577134584,0.11607238139190332,0.6912199198569634,0.5469708514094332,0.5459962700288714,0.8794614401573356,0.44608968746157585,0.1613638814459117,1.2713006695964273,1.144579173043827,1.1144936263189482,0.8470711779735416,0.49029459270008025,0.07664188195381598,0.1613638814459117,0.7191365844346125,0.7852597190565853,0.44601149464920276,0.6817160716320584,0.8827739106826791,0.6695803525651234,0.6698009948260306,0.5998394104466451,1.1750374522734142,0.9193890254524314,0.7725854069397049,0.02743267805146575,0.9187455774208872],"transport.delay_factor.roads.max":[1.0923933189792518,1.032115156829466,1.8868267681689945,null,1.6111840684290537,1.4406570218133496,5.772859901725513,1.4513294403761055,1.0085887223519738,1.008159723398847,1.013145450265787,1.3440282420328369,1.0053083315048694,1.087216878201904,1.0923933189792518,1.3538554756496024,1.0085887223519738,1.0962292631959625,1.2780646041383028,3.010978717661667,4.227889967468964,1.134871063349402,1.1460982302892706,null,1.13608023821233,1.2778553163348874,1.599577139564912,2.211421609183347,1.797937918315998,8.220617708915515,1.0598567938065402,1.0484998210641236,1.2304298210868347,1.1474151829273924,1.0732868224546965,1.21772202976571,3.1376673543033244,4.756573758151436,1.131590118434059,1.2059959085946157,1.2756806191372663,1.8293785860355494,2.886069707298871,1.582571499401957,2.0622836624306977,1.452800583629459,1.582571499401957,2.027156816510014,4.549499384215862,1.9206538042271062,1.0419076290850124,null,5.294507738238633,1.1327418805733078,1.0085887223519738,1.0923933189792518,1.5722596229339505,1.0640956730252469,1.023871490441229,1.1435437117139309,1.009969544766939,1.5554326614824892,1.052109401556935,null,1.1460982302892706,1.057284444492235,1.056877261408864,1.382866338118937,1.0253436234887894,null,2.6717567173112613,2.0984070977269216,1.9873936513910322,1.329503167340325,1.03698353229995,null,null,1.1711691548006535,1.2433510672387464,1.0253212221025705,1.138227389076456,1.3886672365645265,1.1286443689181334,1.1288140179668515,1.0828552360449362,2.2200757937318754,1.4572747652366513,1.2280163433280684,null,1.4559959863997913],"transport.cargo_vehicle_flow.roads.total":[368.23074235701426,2580.9182833270693,7934.766515162594,1796.4502434488645,5468.0104637345585,6169.605121346782,86326.25371735265,5461.369687024593,169.1662297037432,569.6578564085121,171.52609836859423,4533.566550935865,null,469.7279809815699,1095.7932435243818,1541.3617448240852,136.38242093294036,2266.091606162608,4171.58935342352,4030.8123067587676,5409.5942198886605,8768.623372192025,3469.0741371189765,null,0.05165687756408623,5090.616975416772,2870.925258259428,144.69583969109323,4637.501367536634,19768.878401485104,251.7334075645046,4512.348541930008,8346.339142130244,54.6738243361445,2616.054842242744,397.78682923504573,11507.019519173333,6684.584341080799,2122.8764725853857,881.3721601923974,75.56885873176999,6268.821603615904,8888.697247769956,5649.891479595989,17458.93181484205,3337.084027971149,309.2638783818348,19692.237238205587,436.9592599492016,17656.66136601894,78.24513909126051,null,382.7656260649908,null,216.63771773778586,1113.5912106177038,541.8525538215931,504.93249991650055,686.1043934743768,485.64090953793635,602.703284285801,502.6461588381663,5945.3043353778385,null,3963.536223585226,4240.776387375862,2408.5743043278344,2019.3561842061847,783.1608596314472,null,32506.04578074604,84.89092690185348,447.49440831093494,859.4539946762587,927.2148294606654,null,null,308.7173126995267,2260.271752150896,409.87335804933525,null,819.7467160986704,2862.3967161144174,265.1912194900305,4689.95611089271,5622.0608168118215,null,801.8953441997047,null,1006.6254126567308],