{"municipalities_area_set":{"area_entities":{"id":[1,2,3,4,5,6,7,8,10,15,17,18,19,20,21,22,24,25,26,27,29,30,31,32,33,34,36,40,41,44,45,51,54,55,56,57,58,59,61,62,63,65,66,69,70,71,75,76,80,82,85,86,88,89,90,91,92,93,100,101,102,103,104,105,108,109,110,111,114,119,121,123,124,126,130,131,135,138,141,143,147,150,152,154,155,156,157,160,162,164],"transport.cargo_vehicle_flow.roads":[374.5893854166358,287.2882208950923,265.9653879355513,257.99771981057626,316.9476456811494,439.9888994614256,1407.6816930294813,295.68074979573595,58.726086148221235,58.726086148221235,66.20353337542095,374.5893854166358,null,71.55095232268741,374.5893854166358,141.29411904795435,58.726086148221235,295.68074979573595,383.49843560824377,319.1740040824567,295.68074979573595,370.8540628071159,498.90949231776676,null,0.018054371623750516,383.49843560824377,105.92334081150233,41.51225013445996,827.9241226374099,461.83018723450357,33.08172757659542,355.6449216238163,498.90949231776676,41.51225013445996,418.4531009992853,71.55095232268741,425.42906251903287,370.44845408863625,316.9476456811494,439.9888994614256,41.51225013445996,374.5893854166358,289.80292106450634,439.9888994614256,258.76824063122024,215.42472873313434,153.38558271475048,369.02575313602756,33.08172757659542,1368.0908804187784,77.66174376402323,null,33.08172757659542,null,58.726086148221235,374.5893854166358,319.1740040824567,66.20353337542095,66.20353337542095,66.20353337542095,58.726086148221235,71.55095232268741,498.90949231776676,null,498.90949231776676,355.6449216238163,234.41341605861413,186.3782418466359,75.90234523417128,null,1421.3662023981738,7.026531912439763,41.51225013445996,174.86303046357654,241.51226031843356,null,null,41.51225013445996,319.1740040824567,66.20353337542095,null,66.20353337542095,241.51226031843356,71.55095232268741,491.5970101892715,289.80292106450634,null,289.80292106450634,null,97.77938014098102],"transport.volume_to_capacity_ratio.roads.max":[0.6162070130617031,0.47658597796822333,1.1610051728833637,0.5068812248552437,0.9956730342341225,0.9105099876087547,1.6531661739088346,0.9168059243817359,0.34097970799158567,0.33680291048742517,0.37926805697916793,0.8568306198049433,0.3085367352960732,0.609202275441073,0.6162070130617031,0.8640137980016496,0.34097970799158567,0.6242566518518973,0.8140463911792086,1.334964797649452,1.4964060193696171,0.6760638982080279,0.6940153574568643,0.16194501940938635,0.6556674518611327,0.8124183391291743,0.983479192709695,1.1845815515887637,1.0381778284505427,1.835546428548547,0.554001761054984,0.5244719597741762,0.7810134207366659,0.6946055309469037,0.5816942201144512,0.7652160613372364,1.3778418224100921,1.5685757244806555,0.6807092732060535,0.7533850018760457,0.8123054401121195,1.0662116714246728,1.1480799439876688,0.9781725695545543,1.139357517102202,0.9246483095439421,0.9781725695545543,1.1241968707564984,1.5376566869102557,1.0834636890134544,0.5071154021808977,0.16194501940938635,1.609567739145544,0.6786494276936245,0.34097970799158567,0.6162070130617031,0.9752165565945136,0.5640038021664261,0.44030307788148076,0.6902045048159908,0.3539204754158835,1.1413386593215682,0.5365624719068565,0.11651831920528595,0.6940153574568643,0.5468567337404855,0.5459172810864545,0.8834645373086226,0.44708771580754153,0.16194501940938635,1.26690116119759,1.1479235749478973,1.1172401512114774,0.8479788097276063,0.4917254011582192,0.07718702016552793,0.16194501940938635,0.7255914767228167,0.7848523268437567,0.44707391635302385,0.6835482501627799,0.8851701933626847,0.6699725992607021,0.6713901299830729,0.5997350121573927,1.17900984563212,0.9212009175151801,0.7743482929428541,0.027697287533766768,0.9241408009759532],"transport.delay_factor.roads.max":[1.0922755241679025,1.0330175630488878,2.162830978168848,1.042247867662271,1.6289946553822063,1.4398644161550156,5.780199429273489,1.452157374212879,1.0086583561470641,1.0082412314922884,1.013250817932242,1.3449529683129904,1.005799726225797,1.0881507559914467,1.0922755241679025,1.356666800766491,1.0086583561470641,1.0971924856001363,1.281045473718891,3.032634201751596,4.209059429458522,1.1336998607550228,1.1484760130740117,null,1.1182808604341836,1.2788039019452568,1.5987433159752897,2.260201037974165,1.743476033029995,8.265097889013866,1.0602871224324733,1.0484249376908628,1.2381299172081164,1.1489816989641453,1.0732755299641827,1.2194402462287905,3.306627290396886,4.874377483268258,1.1374126268511238,1.2061806263730093,1.2786489565223853,1.8270917770471047,2.1119070783949967,1.5859248179019607,2.0784997829044096,1.467828089213478,1.5859248179019607,2.022231977196359,4.577811856000597,1.8819367058640077,1.04232364912524,null,5.295532500115719,1.1357569032504489,1.0086583561470641,1.0922755241679025,1.5788742580424762,1.0647601880138629,1.0240613136340633,1.1452416359573414,1.01005127740404,2.0860206560342123,1.0530470393781275,null,1.1484760130740117,1.0572366531211954,1.0568443549577535,1.3898849395356474,1.0255711890709707,null,2.648735202680883,2.1113014330304076,1.997162903904621,1.33091768155178,1.0374223215035836,null,null,1.1773979775424122,1.2428464586160115,1.0255704796299812,1.13971938890554,1.3929045873205528,1.1289460784050798,1.1300408452806798,1.0827975693641074,2.236658255919801,1.460905810736233,1.2301046288324027,null,1.466801833677138],"transport.cargo_vehicle_flow.roads.total":[365.91497955510926,2586.4926375258638,7110.490729935345,1782.612278535224,5394.953285222291,6125.629983077399,85643.70063598055,5416.93025355871,167.60262638760884,564.3925093300661,169.94068278841365,4510.6454502346905,null,482.59447421198587,1089.0705328038011,1528.6048134187608,135.1218383331707,2248.0444451350677,4142.934972302915,3950.697600742899,5366.335179910677,8706.157202414428,3470.4288271787423,null,0.009027185811875258,5054.481531268645,2927.571547858313,143.71417902555527,4521.526313384498,19662.70875886616,246.04811137199746,4514.992536182068,8345.874650686412,54.29720254924355,2611.827477821097,411.0435218892985,11418.975072739284,6757.446292716387,2091.973774650909,875.0899975824855,75.05332761647352,6229.229058298384,8893.742756870157,5609.677147306945,17309.969855144023,3297.4866235041245,306.77116542950097,19425.554605446436,425.932767590804,17209.523311962097,77.66174376402323,null,373.95975607250597,null,214.63533549844766,1106.4193445268543,532.2463339764743,500.2654092526245,679.7627311536545,481.15213102739165,597.1324983458135,519.0494720595673,5943.039015042229,null,3962.026010028153,4192.158276076186,2352.380430280921,1986.2113389173514,776.2555446515003,null,32299.370113900197,71.7967641086687,444.45372163980096,852.5169056171437,909.1691804249024,null,null,306.605786673286,2226.559981067973,406.0848989522482,null,812.1697979044964,2807.6702395806196,274.0290145928657,4680.7349645006825,5602.562682068128,null,796.3367318991887,null,1023.6184162219263],