{"municipalities_area_set":{"area_entities":{"id":[1,2,3,4,5,6,7,8,10,15,17,18,19,20,21,22,24,25,26,27,29,30,31,32,33,34,36,40,41,44,45,51,54,55,56,57,58,59,61,62,63,65,66,69,70,71,75,76,80,82,85,86,88,89,90,91,92,93,100,101,102,103,104,105,108,109,110,111,114,119,121,123,124,126,130,131,135,138,141,143,147,150,152,154,155,156,157,160,162,164],"transport.cargo_vehicle_flow.roads":[371.99988832881394,285.2745316798794,265.09372263152557,255.76915878035743,314.3132136866908,437.15635874738194,1413.2151931190958,293.22531981812045,58.171309546136186,58.171309546136186,65.5781184414282,371.99988832881394,null,71.07641380302582,371.99988832881394,140.10445494922402,58.171309546136186,293.22531981812045,380.9637806749781,316.44518826379664,293.22531981812045,370.73193688626736,491.51346380814994,null,0.059321141538171064,380.9637806749781,101.06571357145039,41.23092876512557,791.9674833102969,458.0378923923777,32.991636640617855,351.4688520082683,491.51346380814994,41.23092876512557,411.13582462903,71.07641380302582,405.1310701553246,354.92665859778197,314.3132136866908,437.15635874738194,41.23092876512557,371.99988832881394,287.6007017186817,437.15635874738194,256.59309050850754,213.1257983433077,152.36144243356557,366.1201639170073,32.991636640617855,1353.617805056484,76.8599085741097,null,32.991636640617855,null,58.171309546136186,371.99988832881394,316.44518826379664,65.5781184414282,65.5781184414282,65.5781184414282,58.171309546136186,71.07641380302582,491.51346380814994,null,491.51346380814994,351.4688520082683,236.80069968973035,189.09424161533065,75.22273635491939,null,1409.6220346714586,4.722035732018597,41.23092876512557,173.34182726865447,239.58527968968713,null,null,41.23092876512557,316.44518826379664,65.5781184414282,null,65.5781184414282,239.58527968968713,71.07641380302582,488.63186258806,287.6007017186817,null,287.6007017186817,null,92.87656650188602],"transport.volume_to_capacity_ratio.roads.max":[0.6159797336935411,0.4744885543884549,1.0482484343631846,0.5054252739527736,0.998297511103884,0.9091468863575171,1.650191847828671,0.9174069649482706,0.3415266636443532,0.33735325272027655,0.379906923478553,0.8573334504965264,0.3111200201339991,0.6102740454771329,0.6159797336935411,0.8648862351880864,0.3415266636443532,0.624611321612675,0.8153698470536855,1.3380184791326408,1.495540711221822,0.6761779559180111,0.6916988335942139,0.16248884327409946,0.6558566491827529,0.8129286542816233,0.9872668566376132,1.1881286317077673,1.0372773888814733,1.8414059897117412,0.5546415981150359,0.5245728721498768,0.7771287194432336,0.695597998847526,0.5825315477963919,0.7658866321067502,1.3678139725598875,1.5681736575925525,0.6829282029408811,0.7527018831120208,0.8135464980067523,1.065448818909451,1.2673823788639904,0.9764022163491795,1.1402252806034263,0.9243792036584402,0.9764022163491795,1.1276620858692354,1.5395050022626333,1.0914233551467547,0.5078351317455118,0.16248884327409946,1.6097815849693866,0.679484263908192,0.3415266636443532,0.6159797336935411,0.9771446484986444,0.5652750359894759,0.4410796838208677,0.6915490170404964,0.3544863315882548,1.02364195775821,0.5337400430098551,0.11686825505527319,0.6916988335942139,0.5470298876609995,0.5481696865571645,0.8818530904658621,0.4477129972973884,0.16248884327409946,1.2633014924863561,1.1444138503522432,1.1188117905187869,0.8454729067132898,0.49305428140559,0.0769916801363861,0.16248884327409946,0.7278094286922311,0.7875488218557464,0.4480476089922833,0.6847238046248115,0.8870495518898233,0.6702321932430737,0.6723402284916983,0.60040733256494,1.1809524555626703,0.9219063256238527,0.7756308421927293,0.027607736657084443,0.9225679202778991],"transport.delay_factor.roads.max":[1.0921394613045154,1.032440156249359,1.772746174374667,1.041764548870129,1.635652745917532,1.4372362861434658,5.745890604144244,1.453344243886542,1.0087116769541435,1.0082893329080418,1.013320485529622,1.3457634234089226,1.0059964167270856,1.0887727297192484,1.0921394613045154,1.3581095601425226,1.0087116769541435,1.0974135525203208,1.2828776018831949,3.0512964088990198,4.201643213316424,1.1337901087892523,1.146503549625833,null,1.1184174425381925,1.2795050774915926,1.6080204752825575,2.2753630218204526,1.7409000397111285,8.358311686823145,1.060566116580509,1.0484673843259484,1.233427387716628,1.1498349991290269,1.0736983516701382,1.2202104535482061,3.240206831963962,4.870406594175192,1.1392131199573228,1.2054338400378557,1.2803557668108654,1.8247272476176317,2.6512416418301026,1.5816945572042593,2.081789189309541,1.4672837077811296,1.5816945572042593,2.0348940487255884,4.595045501544796,1.9081402940551107,1.0425667939596457,null,5.297815758516572,1.136426138783292,1.0087116769541435,1.0921394613045154,1.5834658008841185,1.065346028710616,1.0242316176859458,1.1463766647677684,1.0101130864751133,1.7027037788143384,1.0519396620034198,null,1.146503549625833,1.0573150965558402,1.0577883156872083,1.3870480991702268,1.0257145413914854,null,2.6300765916537463,2.097772620768569,2.0027856534350894,1.3270233435411305,1.0378307860487266,null,null,1.1795769884590765,1.2462010600942959,1.0257910274637883,1.1406898039418945,1.39625202745149,1.1291460453057176,1.1307785035567202,1.0831694680864938,2.2448288018084357,1.462303470307459,1.2316329051479926,null,1.463631964953008],"transport.cargo_vehicle_flow.roads.total":[363.55563639787283,2552.304840464306,7204.404499340073,1768.5497253822364,5401.376984812489,6085.503947659827,84993.55091582828,5372.005632011154,166.01930930202664,559.0607772310102,168.3352784317293,4477.750748036928,null,466.9912591760376,1082.2226572626773,1515.671331559921,133.84536242178848,2229.73690968927,4116.102833401951,3948.5460747572333,5339.481864920888,8667.486449387357,3431.94944299678,null,0.029660570769085532,5020.080583154857,2848.0331397552436,142.71762590545958,4214.487716509197,19511.312302705082,249.57218463175374,4436.621896728269,8247.912819086612,53.91415517184748,2583.238632185455,395.91484537301176,11123.71055542078,6525.328716005564,2099.8952169429176,869.3577068085466,74.52961955441027,6188.890070694778,8778.564081326595,5572.917211612275,17210.808380707684,3290.2550788430776,304.72288486713114,19476.501097065957,433.1610959822718,17489.677432354714,76.8599085741097,null,379.480394737896,null,212.60770740461084,1099.1111611245597,531.8278145448538,495.5394763310029,673.3411137269172,476.60675840263264,591.4914764396244,495.9680889590011,5880.87195837726,null,3920.5813055848394,4167.3033676877385,2368.53599279049,1972.4857104957086,769.2601129309651,null,32319.359788675247,52.70010789589013,441.3663123805939,845.7646573448934,909.9358119414886,null,null,304.460091421002,2219.368266194798,402.2486753048869,null,804.4973506097735,2809.3657570980126,263.94323024867447,4631.407237773238,5546.143571215729,null,790.3028551262789,null,999.0979558940281],