{"municipalities_area_set":{"area_entities":{"id":[1,2,3,4,5,6,7,8,10,15,17,18,19,20,21,22,24,25,26,27,29,30,31,32,33,34,36,40,41,44,45,51,54,55,56,57,58,59,61,62,63,65,66,69,70,71,75,76,80,82,85,86,88,89,90,91,92,93,100,101,102,103,104,105,108,109,110,111,114,119,121,123,124,126,130,131,135,138,141,143,147,150,152,154,155,156,157,160,162,164],"transport.cargo_vehicle_flow.roads":[369.36750219215213,283.290814447893,277.2491168287195,253.51159986173303,311.7465132238638,434.11295860410667,1388.1831268480141,290.73490644512447,57.609990212122156,57.609990212122156,64.94532770564047,369.36750219215213,null,70.65273569906125,369.36750219215213,138.8988724430409,57.609990212122156,290.73490644512447,378.4124561599532,313.78552590474294,290.73490644512447,369.54357623465796,491.4710728061521,null,0.00291817601957929,378.4124561599532,103.95698433078667,40.9462896453696,792.706958396062,454.19344993047605,32.831606816820766,348.3574393696581,491.4710728061521,40.9462896453696,411.18820217435734,70.65273569906125,412.8867734552084,369.8301729357794,311.7465132238638,434.11295860410667,40.9462896453696,369.36750219215213,285.4957756556626,434.11295860410667,254.38878276111325,212.51063944619148,151.13354640724532,363.11935509081707,32.831606816820766,1333.7986361320864,76.21025478140307,null,32.831606816820766,null,57.609990212122156,369.36750219215213,313.78552590474294,64.94532770564047,64.94532770564047,64.94532770564047,57.609990212122156,70.65273569906125,491.4710728061521,null,491.4710728061521,348.3574393696581,231.4857042222357,184.11388136368464,74.5351125401119,null,1405.1121063257438,5.282715365053139,40.9462896453696,171.77329453829475,237.5752711233399,null,null,40.9462896453696,313.78552590474294,64.94532770564047,null,64.94532770564047,237.5752711233399,70.65273569906125,485.6370739586704,285.4957756556626,null,285.4957756556626,null,95.2967495829332],"transport.volume_to_capacity_ratio.roads.max":[0.6155341249766872,0.47586143072601844,1.157485833360686,0.505400109352928,0.9976291827227566,0.9092043255017404,1.6573083126700645,0.9179360706363147,0.3419496576833797,0.33766611609198494,0.3803655408114384,0.8570096782139933,0.315436270145211,0.612491283405211,0.6155341249766872,null,0.3419496576833797,0.6241027855611258,0.8162946392005763,1.3410955379467695,1.505910899296477,0.6767007510550913,0.6926149498321617,0.1629912170264531,0.6637343925473012,0.8133127651150377,0.9881613643002954,1.1934568848861835,1.0374074760125573,1.8421150325644615,0.5560437939858918,0.5242113008394523,0.7799260458679949,0.6967827232120033,0.5824444694891233,0.7678880848803825,1.3659049727382806,1.5774265294426593,0.6788862738660782,0.7528744019079578,0.8149416846649048,1.0642954475947568,1.1457755302133332,0.9789053007522871,1.1386928887937342,0.9197297996139367,0.9789053007522871,1.1277754770535346,1.54385318757269,1.075108848270184,0.509158526427798,0.1629912170264531,1.618160832019925,0.681035719567048,0.3419496576833797,0.6155341249766872,0.9781038176282622,0.5661430088443249,0.4416018409946704,0.6919977765383027,0.35491178542385216,1.0415573235355824,0.5344536097955204,0.11679389214054178,0.6926149498321617,0.5467399316343559,0.5476448924737697,0.8881075095597435,0.44798074836431856,0.1629912170264531,1.2591955059710178,1.1398733188314427,1.119696176104921,0.8480100676918984,0.49428540486502914,0.07726913036290631,0.1629912170264531,0.7308976995044945,0.7874418150176405,0.44888923264442393,0.6860356020674664,0.8880364309584292,0.6704973702002083,0.6744950025211692,0.6002059894866982,1.1812410566298197,0.9235481508763574,0.7776727361334758,0.027946603695771413,0.9246307413535778],"transport.delay_factor.roads.max":[1.0918731303636091,1.0328172358349463,2.1487954618861576,1.0417562318371243,1.6339522574506713,1.4373467935153519,5.828288461525649,1.4543909968263575,1.0087568251408257,1.0083201260140124,1.0133923814819066,1.3452414084913282,1.0063361651610259,1.0900698882411526,1.0918731303636091,null,1.0087568251408257,1.0970966973111391,1.2841631455530813,3.070231174722498,4.291372834368458,1.1342043546397136,1.1472812358014788,null,1.1242102001988212,1.2800337194290021,1.6102270462209871,2.298395228359153,1.7412717809416058,8.369651657624669,1.0611809147055844,1.0483287419977116,1.2368065277686722,1.1508583901869356,1.0736542950766927,1.2225213516098008,3.227726743450374,4.962566251094142,1.1359465171377112,1.2056222460245336,1.2822838974054322,1.8211619020902905,2.103006688470656,1.5876824138421493,2.0759854728119023,1.45795310303975,1.5876824138421493,2.0353103633794234,4.635833352511316,1.855046470556695,1.0430166066916062,null,5.388000950945862,1.1376764113045361,1.0087568251408257,1.0918731303636091,1.5857601058080193,1.0657483061527169,1.0243390417131213,1.1467569813258334,1.0101628973295556,1.7532041109690477,1.052217975827149,null,1.1472812358014788,1.0571877685073348,1.0575673370808105,1.3981458041873491,null,null,2.608987366563217,2.0804541121451408,2.0059600971772493,1.330966477040088,1.0382012240319796,null,null,1.1826443969641223,1.2460672787853937,1.0259829051306297,1.1417642062680784,1.3980183590329467,1.129350552850834,1.1324631013497517,1.0830579626175298,2.2460460925939674,1.465605547813779,1.2340817030096782,null,1.4677925355500565],"transport.cargo_vehicle_flow.roads.total":[361.1579632523278,2547.5905372721104,6901.026429514322,1754.285187900323,5322.808184709026,6046.098061545148,84367.45599123382,5326.409919612714,164.41731944039265,553.6661655986247,166.7109408137937,4452.209583342879,null,474.8520422828427,1075.264350817159,1502.573990330208,132.55383245140195,2211.194213752069,4091.1964843393625,3885.098813007269,5257.112079842608,8646.13588676074,3422.7956288239825,null,0.001459088009789645,4987.5015143638775,2880.7072079693335,141.70750604362038,4415.53699274835,19506.150989668982,243.0516076940238,4403.837480988932,8221.767126520423,53.52538105037732,2570.3489632206106,404.19930658378144,11352.03703748413,6620.490128649397,2065.4408398663063,863.7282945064496,73.9985258730621,6147.894914229396,8752.361640501023,5537.283035939898,17041.466747576673,3247.7254678070017,302.26709281449064,19126.84239742889,420.4400017544061,17533.85019410485,76.21025478140307,null,369.376727483506,null,210.5561665736114,1091.6834286968078,523.6819380125088,490.75780834033856,666.8437632551748,472.00778013825345,585.7839274052204,514.720318817994,5862.648880588935,null,3908.4325870592907,4147.259161327815,2320.6892437393844,1934.2662221392836,762.1799780606136,null,32404.003057397134,56.534811686579026,438.23644544092656,838.7055087838932,894.9433664622115,null,null,302.28364919475234,2189.6723590678816,398.36720933322783,null,796.7344186664559,2763.7810039150313,269.4662043891876,4611.394446908734,5516.494863860469,null,784.4756616789001,null,1005.1734273957077],