{"municipalities_area_set":{"area_entities":{"id":[1,2,3,4,5,6,7,8,10,15,17,18,19,20,21,22,24,25,26,27,29,30,31,32,33,34,36,40,41,44,45,51,54,55,56,57,58,59,61,62,63,65,66,69,70,71,75,76,80,82,85,86,88,89,90,91,92,93,100,101,102,103,104,105,108,109,110,111,114,119,121,123,124,126,130,131,135,138,141,143,147,150,152,154,155,156,157,160,162,164],"transport.cargo_vehicle_flow.roads":[366.6888853864724,281.1973422118273,258.3403792766688,251.22541418542795,309.2982390689706,431.2050319355934,1392.9997538292405,288.21222379239725,57.04249791223118,57.04249791223118,64.30557801550613,366.6888853864724,null,70.14976851791731,366.6888853864724,137.67738968716168,57.04249791223118,288.21222379239725,375.7850458149513,310.9684129122952,288.21222379239725,366.3271714047975,485.99187115060556,null,0.06143074693991864,375.7850458149513,100.42657309337669,40.65604538699495,794.2101459402855,450.2963414303883,32.744602624538715,347.08788017637585,485.99187115060556,40.65604538699495,405.81121773432466,70.14976851791731,409.8953356628947,354.57681176468236,309.2982390689706,431.2050319355934,40.65604538699495,366.6888853864724,283.2031056257729,431.2050319355934,252.15532890926215,210.1702187422975,150.10529972680246,360.139900074582,32.744602624538715,1328.2694364074287,75.36406549055705,null,32.744602624538715,null,57.04249791223118,366.6888853864724,310.9684129122952,64.30557801550613,64.30557801550613,64.30557801550613,57.04249791223118,70.14976851791731,485.99187115060556,null,485.99187115060556,347.08788017637585,232.2973997349365,185.27405961166417,73.83992675818914,null,1395.039773534033,4.207158434812477,40.65604538699495,170.2181089743334,235.60434742173814,null,null,40.65604538699495,310.9684129122952,64.30557801550613,null,64.30557801550613,235.60434742173814,70.14976851791731,482.5444894306008,283.2031056257729,null,283.2031056257729,null,92.42444877377568],"transport.volume_to_capacity_ratio.roads.max":[0.6149404586776401,0.47458205042445223,1.0185888921569564,0.505293166821444,0.9970189743714302,0.9089012363803619,1.6593440602471243,0.9183921917688673,0.34228060166122115,0.3382243335760951,0.3807211945365668,0.8567563258739763,0.3097439440561241,0.6153537658557537,0.6149404586776401,0.8664421447410119,0.34228060166122115,0.624176008161179,0.8177770456667625,1.3439158022115094,1.5028930286874602,0.6756316058420575,0.6908685619354991,0.16344710942783114,0.6687230499622564,0.8135628940741385,0.9990025235950266,1.1916952887110521,1.058480551224958,1.843928411152653,0.5566213109288896,0.5239146844907229,0.7776637598566561,0.6986256201095782,0.5821376323819506,0.7708125382947216,1.3588210864013326,1.570028671417995,0.6792845207147917,0.7529489632893611,0.8172482602610063,1.0629016190503189,1.289484574262191,0.9777649903645764,1.1420603899026032,0.9227421981045216,0.9777649903645764,1.1303951693062648,1.5456790986325042,1.0851508260820657,0.5100071440473825,0.16344710942783114,1.6183714724387015,0.6801143528345314,0.34228060166122115,0.6149404586776401,0.9798892455821012,0.5670767857702199,0.4420406001297578,0.6934981696273543,0.35527987175783154,1.2057663508462855,0.5323743123745476,0.11710195217791197,0.6908685619354991,0.5464978643831743,0.5491610166865436,0.8860784217316079,0.44874742630978187,0.16344710942783114,1.2545969785434186,1.147755828957007,1.1210313243209342,0.8471014993850747,0.49530330279954665,0.07756155741540609,0.16344710942783114,0.7301189110495699,0.7891494645288079,0.4495831984925408,0.6871828346331976,0.889685290161902,0.6705882864968357,0.6774064713530554,0.599797027114838,1.182941453486742,0.9262250278988419,0.7800453267941441,0.027703619970572767,0.9244188732647939],"transport.delay_factor.roads.max":[1.0915192060344014,1.032465732610047,1.6889309842158928,1.0417209006220982,1.632402630837618,1.4367639155669112,5.8520554377417024,1.4552948151759084,1.0087886466560436,1.0083793608221672,1.0134452870380082,1.3448333433677384,1.0058910304852902,1.0917654978221238,1.0915192060344014,1.3606934441887564,1.0087886466560436,1.0971422726497222,1.286232957790367,3.08770060069975,4.2650681743579515,1.1333582243078884,1.145801400626615,null,1.1279867897519185,1.2803783684495937,1.6374502785064795,2.2907462250093844,1.8033624053888415,8.398713284020703,1.0614354852957528,1.0482068016623298,1.2340708956574953,1.1524607340479305,1.0734992106382168,1.2259305999968955,3.181871074435601,4.888752539799663,1.1362657925877722,1.205703713830404,1.28549334754178,1.8168686865238344,2.769475601147211,1.5849488692722027,2.0887702627311304,1.4639823940881813,1.5849488692722027,2.044963559103896,4.653064252564121,1.8874428514419932,1.0432966787430478,null,5.390286189424936,1.1369328774691678,1.0087886466560436,1.0915192060344014,1.5900488102342576,1.0661831525409666,1.0244359154286988,1.148033923764937,1.0102021114880118,2.3527969442668346,1.0514100874409542,null,1.145801400626615,1.057086556986209,1.058207477038058,1.3945196289705004,1.0259530173555993,null,2.585611997135106,2.110651997801111,2.0107667941641227,1.3295503489130742,1.038525953052972,null,null,1.1818671928926139,1.2482087221163398,1.0261588960601273,1.1427148562072191,1.4009826802419072,1.1294199029943393,1.1347650692449895,1.082831821052682,2.2532363344189785,1.4710272385592336,1.2369514285973522,null,1.4673639266089467],"transport.cargo_vehicle_flow.roads.total":[358.71083932740834,2520.9114599043223,7048.377064633765,1739.8132103392586,5309.100718123621,5999.950422096291,84106.12050737481,5280.358073842625,162.79771210479717,548.2122281039216,165.0687399581598,4419.5725222338615,null,463.14539578718666,1068.154471923161,1489.316761452883,131.24809921034023,2192.402148947358,4059.2647247825707,3872.1507459009354,5264.189241261314,8564.334417397407,3391.600598808064,null,0.03071537346995932,4947.770970370799,2820.083935338148,140.6787895562962,4238.742297398143,19358.451408553447,247.64322148925285,4375.850628267695,8142.430602399842,53.129814317202516,2548.2006116305147,392.9956272692693,11135.251216005798,6464.132563133656,2063.565245593757,857.1357745851844,73.45783701069999,6106.062314625005,8659.399942595242,5494.561902349423,16925.57393986893,3211.7128466580093,300.2105994536049,18889.515291546275,429.79723772942816,17409.482769905782,75.36406549055705,null,376.5601387523586,null,208.48206444679064,1084.110564041289,521.7686436765764,485.9235551783599,660.2749598326393,467.35822578612084,580.013611059421,501.5812748786698,5811.218163487239,null,3874.145442324825,4120.36701547058,2325.5904514028903,1915.712976968654,755.0188986920311,null,32173.189169157024,45.34848438177289,435.0492606984916,831.8004215560366,892.8091563720385,null,null,300.06823250790376,2177.730605904252,394.44305793182576,null,788.8861158636514,2756.7554825844104,261.9970848461795,4569.067276020247,5465.661505365515,null,778.2079450440779,null,989.7164872957904],