{"municipalities_area_set":{"area_entities":{"id":[1,2,3,4,5,6,7,8,10,15,17,18,19,20,21,22,24,25,26,27,29,30,31,32,33,34,36,40,41,44,45,51,54,55,56,57,58,59,61,62,63,65,66,69,70,71,75,76,80,82,85,86,88,89,90,91,92,93,100,101,102,103,104,105,108,109,110,111,114,119,121,123,124,126,130,131,135,138,141,143,147,150,152,154,155,156,157,160,162,164],"transport.cargo_vehicle_flow.roads":[363.9672417272624,279.2395214323216,252.67675517269828,248.9124235503661,306.84820915660924,428.0130378028023,1393.1026335074923,285.6609217193978,56.46920625173891,56.46920625173891,63.65929054653611,363.9672417272624,null,69.67376073548645,363.9672417272624,136.4410310522994,56.46920625173891,285.6609217193978,372.99204297619747,308.1782386756396,285.6609217193978,364.6901808648622,486.0024101297798,null,0.06318575296408507,372.99204297619747,103.23076866157786,40.36084500643093,790.5898625870198,446.349998312685,32.6128687964772,344.1875574660444,486.0024101297798,40.36084500643093,405.9386402443995,69.67376073548645,415.5029678644866,343.8298335681191,306.84820915660924,428.0130378028023,40.36084500643093,363.9672417272624,280.956316255532,428.0130378028023,249.89460813074993,209.08509454990624,148.94797410779984,357.08594091149126,32.6128687964772,1322.3479044195342,74.6066117597588,null,32.6128687964772,null,56.46920625173891,363.9672417272624,308.1782386756396,63.65929054653611,63.65929054653611,63.65929054653611,56.46920625173891,69.67376073548645,486.0024101297798,null,486.0024101297798,344.1875574660444,226.87063930128602,180.19324509467566,73.1376366806926,null,1390.340770326452,4.75610404494415,40.36084500643093,168.62824342243135,233.5716269158808,null,null,40.36084500643093,308.1782386756396,63.65929054653611,null,63.65929054653611,233.5716269158808,69.67376073548645,479.53936353577063,280.956316255532,null,280.956316255532,null,95.04175882006788],"transport.volume_to_capacity_ratio.roads.max":[0.614234859040979,0.476325157205078,0.9884462277507211,0.5029845018502221,0.9972924891396979,0.9079255735689826,1.6582722246233854,0.9184226833594724,0.3425002682062594,0.3384448302685676,0.38097109663218337,0.8564792971530663,0.3137320335060551,0.6170236559901764,0.614234859040979,0.8666264288022515,0.3425002682062594,0.6246139010881078,0.8192677210800224,1.3462702402145306,1.4999688971289142,0.6748334679756492,0.6920075225847526,0.16385084764276842,0.6782283987421331,0.8134980112731517,0.9993660668807491,1.1988552215755586,1.0248566759513207,1.8470306472222737,0.5572881367540636,0.5234905252054798,0.7812190095140623,0.6999218468996308,0.5822638416257558,0.7720463890370741,1.3655470116816537,1.5598309763662117,0.6831376346585335,0.7526023457619065,0.8188885748910885,1.0613300240172074,1.2320584172797557,0.9796480225447669,1.1418187247646985,0.9255537229215529,0.9796480225447669,1.1322312846663667,1.5478729992534572,1.10634128548007,0.510777251375804,0.16385084764276842,1.616502775078469,0.6819745719597723,0.3425002682062594,0.614234859040979,0.9807990203585061,0.567776182598926,0.4423480789502378,0.6941665578991885,0.35550971698999395,1.1337578788918339,0.5331824822655008,0.11722522515927061,0.6920075225847526,0.5461273993804763,0.5489386523038589,0.8866083967720841,0.44896234823398357,0.16385084764276842,1.2499056226567968,1.1386914549485494,1.121844176761176,0.8482102427429041,0.49616463568894564,0.07764893893131748,0.16385084764276842,0.734014261944448,0.7887321813911461,0.4501337270149558,0.6881309355839481,0.8906768417080841,0.6706177688990582,0.6789439657973122,0.5997985315792103,1.1872041928338162,0.9258477367434543,0.7801608646854667,0.027961360752425578,0.9271900966449865],"transport.delay_factor.roads.max":[1.0911107294265638,1.0329453443968868,1.6109310064033915,1.0409636256312365,1.6330968709836813,1.4348915508659807,5.8395310451300055,1.4553552832618843,1.008811543169683,1.0084016292699691,1.0134854032674907,1.3443875577276845,1.0062003389551846,1.0927656587257282,1.0911107294265638,1.36100040645968,1.008811543169683,1.0974151616965455,1.2883256969178787,3.1023690605132384,4.2397312795519415,1.1327291845201164,1.146765249159182,null,1.1354203264194684,1.2802889368498775,1.6383786737480437,2.3220471086100387,1.7060452113956828,8.448629632932427,1.0617304107163064,1.0480634871173231,1.2383807511694351,1.1535953868174105,1.0735629707966683,1.2273806785727772,3.2253923907284316,4.78869929024771,1.139383966948678,1.2053251952490354,1.2877923341419701,1.8120481377057918,2.4747050737705854,1.5894680065675855,2.0878490003726133,1.4696631668826807,1.5894680065675855,2.051769509969182,4.67384874630662,1.958818602173899,1.043561834519338,null,5.3700438220249405,1.1384371664647843,1.008811543169683,1.0911107294265638,1.5922431789993778,1.0665102616181688,1.0245155803616364,1.1486054452319754,1.0102301513005667,2.0574534210688533,1.0517229709709934,null,1.146765249159182,1.056931920871419,1.0581132576014123,1.395464345425384,null,null,2.562028166723792,2.075980053286795,2.013701585651623,1.3312790898064255,1.0387867329621685,null,null,1.1857795760387995,1.2476841513100514,1.0262859352530211,1.14350409812072,1.4027732467381768,1.1294434858537246,1.1359927341094147,1.0828326521204392,2.271398401023462,1.470260229035006,1.2370918458296907,null,1.47299343296155],"transport.cargo_vehicle_flow.roads.total":[356.22004268186896,2516.4693843285804,7259.813007530101,1725.1475350201245,5231.279401836908,5957.050827080282,83747.73975337436,5233.599799124999,161.16155355436862,542.7025553151275,163.4097569982694,4392.7762494152985,null,470.5641667064623,1060.9129290002134,1475.909694035555,129.92902232053564,2173.376250036861,4030.9569926511763,3808.769283109259,5198.664901298702,8520.11211377918,3382.628290312213,null,0.03159287648204254,4911.579288965865,2851.144426954017,139.63328112297043,4503.464166453162,19052.095509519164,246.2953720948175,4357.801730449111,8118.621129877265,52.72800907554936,2535.553453434347,400.89040597097585,11069.514540718523,6444.764034092854,2029.7148619167049,851.0072610114689,72.90843157876483,6063.487924637166,8634.442407258422,5455.491657256661,16766.090212305055,3223.268043665849,297.8959482155997,18810.061249003702,427.36500659668064,17249.832131417224,74.6066117597588,null,374.5056542531887,null,206.3867664972959,1076.4073270910003,513.5148490431507,481.0398994476951,653.6390279930774,462.66115635346915,574.1843262566413,512.2984511529273,5793.250641993302,null,3862.1670946622016,4103.003983152716,2279.1740582348866,1916.9764668595028,747.7818461974639,null,31854.95901398807,47.359038992765875,431.81023290454226,824.6708427162996,877.8164745667839,null,null,297.8173083496185,2147.149232844127,390.47880454307483,null,780.9576090861495,2711.148130495515,267.2602706473172,4549.176292102194,5434.938159588973,null,772.0261481000678,null,997.9562114871605],