{"municipalities_area_set":{"area_entities":{"id":[1,2,3,4,5,6,7,8,10,15,17,18,19,20,21,22,24,25,26,27,29,30,31,32,33,34,36,40,41,44,45,51,54,55,56,57,58,59,61,62,63,65,66,69,70,71,75,76,80,82,85,86,88,89,90,91,92,93,100,101,102,103,104,105,108,109,110,111,114,119,121,123,124,126,130,131,135,138,141,143,147,150,152,154,155,156,157,160,162,164],"transport.cargo_vehicle_flow.roads":[361.2042295245059,276.9101910471759,253.83619487801298,246.5741182567646,302.9648427183348,425.24552695417253,1404.499468520734,283.0781743940747,55.89049161827786,55.89049161827786,63.00688961086874,361.2042295245059,null,69.11063039799772,361.2042295245059,135.1905886005358,55.89049161827786,283.0781743940747,370.3823693120362,305.2219628622473,283.0781743940747,361.012016362826,481.2924956129682,null,0.20247539912702997,370.3823693120362,100.68414737276711,40.06131797781611,789.3648123844175,442.3569342300215,32.56672782624996,343.1532472398087,481.2924956129682,40.06131797781611,401.3521095466815,69.11063039799772,406.2119855164352,321.5493077194294,302.9648427183348,425.24552695417253,40.06131797781611,361.2042295245059,278.50363970579116,425.24552695417253,247.6080681892544,206.8475008244681,148.02149573658681,354.06964502237315,32.56672782624996,1315.0695701159489,73.62881159886139,null,32.56672782624996,null,55.89049161827786,361.2042295245059,305.2219628622473,63.00688961086874,63.00688961086874,63.00688961086874,55.89049161827786,69.11063039799772,481.2924956129682,null,481.2924956129682,343.1532472398087,226.41653557848124,180.10988554302577,72.42870338758877,null,1380.7992228695894,4.688563877082894,40.06131797781611,167.05887347915638,231.5931512633859,null,null,40.06131797781611,305.2219628622473,63.00688961086874,null,63.00688961086874,231.5931512633859,69.11063039799772,476.1744875170426,278.50363970579116,null,278.50363970579116,null,93.09276039803609],"transport.volume_to_capacity_ratio.roads.max":[0.613440294621383,0.4753373524328193,1.1468854617061137,0.506540363064378,1.001710133527979,0.9067284358443726,1.6563070814937124,0.9188106411178706,0.3426275952379779,0.33863684017093165,0.38115372967215366,0.8561682619634943,0.3110123426322713,0.6189621651624232,0.613440294621383,0.8668164461374243,0.3426275952379779,0.6252677919008953,0.820799333528775,1.348907782102461,1.4999985457799632,0.6727822828569202,0.690248555516085,0.16422729105580178,0.6708608636658394,null,1.006612887971785,1.198586725605134,1.0447522004360879,1.8493746022000523,0.5573173185526458,0.522952051315623,0.7796027029306096,0.7003306593598974,0.5819611776287191,0.773840730007702,1.3678173209959703,1.5584812946018543,0.6837045642866568,0.7519874349242301,0.819431797704408,1.059626551193244,1.2988659105189768,0.9788700818391946,1.1427759661982826,0.9267346396971102,0.9788700818391946,1.1306577571281342,1.5480433007007484,1.059181381291348,0.5112852644992125,0.16422729105580178,1.620377923509614,0.6815443037728367,0.3426275952379779,0.613440294621383,0.9832251290593024,0.5684139185584672,0.44258093475727767,0.6949577226409039,0.3556516924251231,1.0830712902331987,0.5312010641196953,0.11724868350488675,0.690248555516085,0.545633588017772,0.5493862525734204,0.8911595776652143,0.44918285506665345,0.16422729105580178,1.2450820958432127,1.1466370304468432,1.1225634371718003,0.8472893440397072,0.49707420145591824,0.07787138791897986,0.16422729105580178,0.733976218906499,0.7899988719408698,0.45057037754873897,0.6891117402588955,0.8917117503838086,0.6705379858591844,0.6808698267678659,0.5993541287684085,1.1908535367382482,0.9271106735488143,0.782061018189437,0.027460359326609063,0.9273935619054425],"transport.delay_factor.roads.max":[1.0906294142508528,1.032672904662256,2.107286905392093,1.0421343407559884,1.6443891849383037,1.432602392799279,5.816631357294703,1.4561251709626883,null,1.0084170117178368,1.0135034110296597,1.3438875651941546,1.0059881196840506,1.0939369350721901,1.0906294142508528,1.3613171237763724,null,1.0978237275375426,1.2904878381488913,3.1188929442080378,4.239987435557154,1.131122783110539,1.1452787183480473,null,1.1296312777644444,null,1.6570976590447404,2.320863162172074,1.7624882438535692,8.486512091205336,1.0617433415202546,1.0478660353855056,1.2364140694567163,1.1539545511614202,1.0734101362422974,1.2295019140034682,3.2402287683298256,4.7756032424649995,1.1398472371246706,1.2046549765792378,1.2885567409066905,1.8068472102231408,2.8215338596539934,1.5875978441952565,2.091501574451595,1.4720647368365114,1.5875978441952565,2.045934866621587,4.675465842856955,1.8054921750705049,1.0437353976198054,null,5.412098956083118,1.1380881284568258,null,1.0906294142508528,1.5981248586530652,1.06680958733057,1.0245418513032658,1.149284086633883,1.010241759727304,1.8806597533220906,1.0509583924794987,null,1.1452787183480473,1.0567262873749557,1.0583030299289922,1.4036471495830625,1.0260538950252847,null,2.538055213659471,2.106327802424457,2.016303789887888,1.3298427571567701,1.0390719303395257,null,null,1.185741064143933,1.249279094589557,1.0263777401949876,1.1443240042635974,1.4046484974285562,1.1293818975543903,1.1375423144824948,1.082587435297727,2.2871032213828935,1.472831387329725,1.239410134209755,null,1.4734087497991275],"transport.cargo_vehicle_flow.roads.total":[353.6877706482994,2492.40352773755,7060.17600610847,1710.2974143454614,5190.714620893278,5912.083599068108,83676.78815914589,5186.610161246071,159.50991798900498,537.140764540569,161.73508111910738,4360.048518697833,null,461.595196409956,1053.546853068692,1462.3614724000583,128.59746780579752,2154.193194322459,3999.394671877123,3791.699088792454,5143.709381820889,8485.69427070346,3353.6934450030008,null,0.10123769956351499,4872.041487345405,2804.4769168089974,138.57251960580038,4136.591300885615,18792.12597435361,234.29346853181772,4340.373693903059,8045.51109174269,52.32036175938414,2514.6108122787855,392.48456601195824,10782.077806815234,6135.469331232611,2013.8551256577512,844.5833712954441,72.3510207482922,6020.208559897296,8547.667498746721,5413.671560438818,16636.34879255377,3169.3021068120092,296.04299147317363,18770.221724033145,403.4534814111355,17153.35527393288,73.62881159886139,null,355.8793233115619,null,204.2716483673857,1068.5797708211048,510.4094654354332,476.11004745282247,646.9403244764295,457.9196556438233,568.2999001425685,502.76572600928944,5744.801898780065,null,3829.867932520043,4065.191817425063,2274.02183938554,1911.0740135090862,740.473549045525,null,31709.166266732118,53.30835202405086,428.52396703782114,817.7406417058319,873.5613076731433,null,null,295.5336048839528,2130.965605563992,386.4770518490835,null,772.9541036981669,2697.7372545899566,261.6563773413055,4508.548286819486,5384.480877212913,null,765.3702276521647,null,986.0010908109175],