{"municipalities_area_set":{"area_entities":{"id":[1,2,3,4,5,6,7,8,10,15,17,18,19,20,21,22,24,25,26,27,29,30,31,32,33,34,36,40,41,44,45,51,54,55,56,57,58,59,61,62,63,65,66,69,70,71,75,76,80,82,85,86,88,89,90,91,92,93,100,101,102,103,104,105,108,109,110,111,114,119,121,123,124,126,130,131,135,138,141,143,147,150,152,154,155,156,157,160,162,164],"transport.cargo_vehicle_flow.roads":[358.40156996472894,274.781585843188,248.68275014616367,244.2120079008622,296.6928938171921,424.3541493440315,1402.4104318300094,280.46205158932537,55.306732228781215,55.306732228781215,62.34880158286333,358.40156996472894,null,68.64515282945763,358.40156996472894,133.92686662435227,55.306732228781215,280.46205158932537,367.65080001897786,300.08075801098096,280.46205158932537,358.3732648828956,480.50626434093,null,0.14907455316312787,367.65080001897786,102.36694908387696,39.75765175112163,791.6872471595002,438.31970800143245,32.39686417910898,341.1165422607921,480.50626434093,39.75765175112163,400.7096150272769,68.64515282945763,392.8483177649494,312.56652807928407,296.6928938171921,424.3541493440315,39.75765175112163,358.40156996472894,276.25328504656136,424.3541493440315,245.29717944264632,205.08825193729587,149.0832247520378,350.91616102774265,32.39686417910898,1316.4244697933352,70.59500132443561,null,32.39686417910898,null,55.306732228781215,358.40156996472894,300.08075801098096,62.34880158286333,62.34880158286333,62.34880158286333,55.306732228781215,68.64515282945763,480.50626434093,null,480.50626434093,341.1165422607921,218.19979415531682,172.24169966739484,71.71359019976228,null,1375.0759099486359,4.314066993537777,39.75765175112163,165.42384258718997,229.4857566865454,null,null,39.75765175112163,300.08075801098096,62.34880158286333,null,62.34880158286333,229.4857566865454,68.64515282945763,472.93551565495727,276.25328504656136,null,276.25328504656136,null,94.96973292796119],"transport.volume_to_capacity_ratio.roads.max":[0.612405533116901,0.4758398817906749,1.105164340572527,0.506158651465977,1.001764485686416,0.9055874166018086,1.659325711931697,0.9178713066893234,0.3426417633621771,0.3387946514822071,0.38115985743565217,0.854738587470148,0.3128709087370241,0.6205150963624442,0.612405533116901,0.8670858560683493,0.3426417633621771,0.6233812962776931,0.8205353011465418,1.350823998318702,1.5052291206819413,0.6732357502214759,0.6907214961853286,0.16454408042075325,0.6733534293716021,0.8131287263180083,1.0084597586554678,1.2024299300492898,1.0176385775895076,1.8494602683149286,0.5579398354526178,0.5222744256563826,0.780848717069348,0.7005013200320218,0.5817902902918414,0.7754017173023688,1.356959337038068,1.5644299436854638,0.6821140488086165,0.7513987867755857,0.8195645177932449,1.0574987081259792,1.1741778489070542,0.9812945761746734,1.1422693592309436,0.9234468519903382,0.9812945761746734,1.1306586165184247,1.5502617502949367,1.1087341653805727,0.511922847603716,0.16454408042075325,1.6239648309269583,0.6823534241972113,0.3426417633621771,0.612405533116901,0.9848941440550385,0.5688757328774067,0.4426202620340232,0.6957957887954008,0.355687672957637,1.0013672353301892,0.5314152108399411,0.11747064396945661,0.6907214961853286,0.5449848472055238,0.5498681536435597,0.8940555823266597,0.4494136053803404,0.16454408042075325,1.240484516670188,1.1466932610349685,1.1223860735141222,0.8496690730354967,0.4976892661684638,0.07803770818875799,0.16454408042075325,0.7361907004035635,0.7896182800565009,0.450882075312497,0.689404428353074,0.8926112714837885,0.6703158736243119,0.6824662639120472,0.5990330624022575,1.1870610178251557,0.9278111698629674,0.7839848544708842,0.028253609860202106,0.9273976173640446],"transport.delay_factor.roads.max":[1.0900210610120913,1.032811291848624,1.9547450772199975,1.0420074802151995,1.6445290529203522,1.430428967155743,5.851840833503434,1.4542627742142868,null,null,null,1.3415963464924445,1.006132544500898,1.0948832126888701,1.0900210610120913,1.3617665283201033,null,1.0966484836944346,1.2901142452735757,3.1309587565103243,4.285416401822054,1.131476657146707,1.1456772928132188,null,1.131568607809944,1.2797803380448096,1.6619333546358415,2.337885926914012,1.6863635676708375,8.487899338477742,1.0620196704233311,1.047618423657485,1.2379291090542401,1.154104672206588,1.0733239494743314,1.2313593247342607,3.169937917377693,4.833579319590595,1.13855045341046,1.2040149212404758,1.288743731851804,1.8003857649111121,2.2165095041350904,1.5934410270900097,2.0895673555853893,1.4654013026365866,1.5934410270900097,2.045938046601693,4.696579929118363,1.9671407793727602,1.043953961740905,null,5.4512957788894445,1.1387450427524506,null,1.0900210610120913,1.6021964555261472,1.067018922869946,1.0245669847605918,1.1500054912772681,null,1.643507307227014,1.051040615005166,null,1.1456772928132188,1.0564569852032306,1.0585078641892671,1.4089197162093972,1.026107473015402,null,2.5154630980992145,2.1065448337519843,2.0156616430449468,1.3335640336165469,1.0392656753105396,null,null,1.1879928285949903,1.2487990682710188,null,1.1445693568540207,1.4062837388536404,1.1292105543788948,1.1388368417201526,1.0824106132980844,2.270785197156541,1.474262035161916,1.241774595358358,null,1.4734170306510077],"transport.cargo_vehicle_flow.roads.total":[351.1155812152193,2484.417353334733,7131.279691086013,1695.2723060905917,5101.692174376258,5881.727961697424,83132.93193442562,5138.667428037299,157.84388482937763,531.5304906692361,160.04580679926207,4331.172521844807,null,465.71772711304243,1046.0607548961484,1448.6808733604882,127.2543058989415,2134.6523107177063,3968.5859466355305,3721.3543766164657,5095.819644412123,8389.280074586964,3340.83043639222,null,0.07453727658156394,4833.17087025752,2818.9812882644087,137.49716923045276,4332.012713231563,18778.292668265774,244.7303285456913,4305.95065667594,8010.522597969485,51.90712773584687,2500.735707500929,397.0725742835848,10661.688573502744,6011.818218040506,1972.6472600579,840.2468516710605,71.78595361140768,5976.250869408238,8511.143824771458,5382.616538270994,16542.915123137645,3187.4404545377524,298.1664495040756,18571.82519370347,424.66692873316464,16914.838117694926,70.59500132443561,null,372.15883806352247,null,202.13809238514727,1060.6327323951675,500.8637462018016,471.1372210813436,640.1832271970484,453.1368224484583,562.3641784633958,492.066236955348,5720.650679975323,null,3813.7671199835495,4036.1452855590023,2211.779193478784,1858.3563248995008,733.098768463565,null,31396.38223831767,58.227585304824366,425.19252097557444,812.6848119113847,860.5374897547321,null,null,293.21855243799337,2085.052001914128,382.4404151813875,null,764.8808303627751,2658.0229836671024,264.7150495223899,4484.3036455733045,5350.341484381899,null,759.1513969984463,null,990.510512954025],