{"municipalities_area_set":{"area_entities":{"id":[1,2,3,4,5,6,7,8,10,15,17,18,19,20,21,22,24,25,26,27,29,30,31,32,33,34,36,40,41,44,45,51,54,55,56,57,58,59,61,62,63,65,66,69,70,71,75,76,80,82,85,86,88,89,90,91,92,93,100,101,102,103,104,105,108,109,110,111,114,119,121,123,124,126,130,131,135,138,141,143,147,150,152,154,155,156,157,160,162,164],"transport.cargo_vehicle_flow.roads":[355.5610397546245,272.70096227868726,245.1688247927033,241.8276171837229,298.0553404228174,419.21180303856323,1370.095209343381,277.8285047623636,54.718307268924946,54.718307268924946,61.68545392896979,355.5610397546245,null,68.14270957650848,355.5610397546245,132.65067929066186,54.718307268924946,277.8285047623636,364.76068522524645,299.0396642134988,277.8285047623636,355.69980493175666,477.1987037458132,null,0.15297994356435196,364.76068522524645,101.58540269503952,39.45003927563604,788.8136966743674,434.24091572241844,32.25550914612634,339.00235281182256,477.1987037458132,39.45003927563604,397.55557610921227,68.14270957650848,398.37415242605505,333.67221805382474,298.0553404228174,419.21180303856323,39.45003927563604,355.5610397546245,273.9113419214879,419.21180303856323,242.96343052111507,203.35917755814546,146.04320596750034,347.75662533422707,32.25550914612634,1301.109514490917,71.65395697767063,null,32.25550914612634,null,54.718307268924946,355.5610397546245,299.0396642134988,61.68545392896979,61.68545392896979,61.68545392896979,54.718307268924946,68.14270957650848,477.1987037458132,null,477.1987037458132,339.00235281182256,220.19539005039036,174.59884662378386,70.99276162482104,null,1366.7183188517963,5.254002497761723,39.45003927563604,163.78755980701288,227.38570723582816,null,null,39.45003927563604,299.0396642134988,61.68545392896979,null,61.68545392896979,227.38570723582816,68.14270957650848,469.7337338033029,273.9113419214879,null,273.9113419214879,null,94.40764337225993],"transport.volume_to_capacity_ratio.roads.max":[0.6112779225806674,0.4753270697350775,1.1304368495302215,0.504486361349501,1.0041506410832346,0.9041076892223591,1.6636803255112527,0.9172098174061434,0.3425440731050607,0.3387055972532894,0.38109251056991383,0.8538460615111563,0.3170314668561574,0.6198900595865083,0.6112779225806674,0.8665449667630573,0.3425440731050607,0.6231051444105666,0.8213866629325144,1.3526772860914766,1.494146470508399,0.6702025410363583,0.6893510987030934,0.16481825018478238,0.6919625626345505,0.812776486227804,1.0073135123851842,1.2087947525905445,1.008090766950459,1.8503277092760753,0.5581940866899773,0.5213477636732182,0.7801966274070807,0.7008606939567834,0.5806977016386827,0.7744429049457802,1.3723625043093413,1.556350404452374,0.6837006561902664,0.7505446243006563,0.8200298210876925,1.0552381109641067,1.3030086370470098,0.9780595419286411,1.1425386456708766,0.9270823826232671,0.9780595419286411,1.1308776518766093,1.5513413701882808,1.0831767140733304,0.5124233915643102,0.16481825018478238,1.6195038593154027,0.6840447033756919,0.3425440731050607,0.6112779225806674,0.9855403636105268,0.5690456394199542,0.4425608403482894,0.6954083669406901,0.3555938961062935,0.954126932698855,0.530006660568313,0.1173698182407088,0.6893510987030934,0.5440806233098368,0.5489680695866478,0.8923771418615133,0.449249105816464,0.16481825018478238,1.2368106113801356,1.1562952485671345,1.121805885384832,0.8468617213452687,0.4981749241707224,0.07805195922902991,0.16481825018478238,0.739492225931753,0.7897677544827848,0.45099488386831804,0.6899830693942013,0.892601713046986,0.6699912248095494,0.6817610219738176,0.5978559765918232,1.1887857945621374,0.9293205192727466,0.7852177761044794,0.02787117173519505,0.9278076560158072],"transport.delay_factor.roads.max":[1.089358283330592,1.0326700775778723,2.045117688298114,1.0414550738144146,1.6506919792538626,1.4276225759292904,5.902972946226428,1.4529546811246603,1.0088131191208396,null,null,1.3401717874512609,1.0064653115049538,1.0945014914294091,1.089358283330592,1.3608646908522077,1.0088131191208396,1.0964773400959131,1.2913201744013956,3.1426772769964164,4.189720775074254,1.1291148110075488,1.1445246287477082,null,1.1467271113352973,1.2792958596076673,1.6589289868204795,2.366438966401186,1.6609650903353044,8.501957238120838,1.0621327963107257,1.0472813680317912,1.2371353221592676,1.1544211531706519,1.0727746964279907,1.2302171087091631,3.2701541549710202,4.754996231571196,1.1398440396512288,1.203088835244688,1.2894000212235412,1.793563794109119,2.844884371393001,1.5856540509001855,2.0905951673967165,1.4727736758798406,1.5856540509001855,2.0467487740567214,4.706888051930162,1.8810026895273126,1.0441261218937539,null,5.402586759182633,1.1401257376522145,1.0088131191208396,1.089358283330592,1.6037784906996926,1.0671070847647464,1.024551153764717,1.1496716756016632,null,1.5304013177896345,1.0505016169577506,null,1.1445246287477082,1.0560832291598734,1.0581257156168913,1.4058576378526841,1.0260692693609252,null,2.4975894939392322,2.1440761658371468,2.013563191951563,1.3291773811269532,1.0394191656261333,null,null,1.1913878769903747,1.2489875120296512,null,1.1450553365717098,1.4062663365411754,1.1289604180460664,1.138263849903488,1.0817647803579495,2.2781870150969876,1.4773556636358571,1.2432990791172458,null,1.4742548506187998],"transport.cargo_vehicle_flow.roads.total":[348.5050949665996,2466.4741929849783,7232.035391846758,1680.0818418177705,5074.922006807042,5821.424683529503,82440.99682448617,5090.4322462413165,156.16453626092346,525.8753779003124,158.3430313206558,4299.3388056825515,null,462.3113765547263,1038.4593401117738,1434.876743097546,125.90040906174679,2114.9836931318355,3936.6973306782784,3694.531462030599,5030.110213510993,8345.831727825976,3317.9967763474433,null,0.07648997178217598,4793.1391406082585,2797.6093108721757,136.40791346948515,4252.656691863678,18557.161968568333,238.60574760438587,4279.452314433483,7952.172340165983,51.48856970402072,2481.8042274786812,394.16866697821786,10680.038060322468,6186.698292992345,1966.4535985501707,831.632097647072,71.21358934183874,5931.642559220218,8445.152983187729,5329.951159543913,16281.631044126712,3179.702449086579,292.0864119350007,18203.44614027939,412.70047691651916,16661.331799109514,71.65395697767063,null,362.6771868812059,null,199.9874844192828,1052.5712296878237,497.85172592598576,466.12465047321615,633.3721252826231,448.3157634957137,556.3810168155861,493.8352153622024,5681.594625294696,null,3787.729750196464,4006.7616305683214,2220.570081859323,1864.473108063032,725.6622869908241,null,31308.85187963121,48.92228651686354,421.8180121685871,803.4772349195961,852.3955378966302,null,null,290.8736225815473,2079.2106699021388,378.3715165702813,null,756.7430331405626,2632.9437599300704,262.7791113188119,4450.165425456012,5306.699550599371,null,752.7149830210304,null,984.8047390916377],