{"municipalities_area_set":{"area_entities":{"id":[1,2,3,4,5,6,7,8,10,15,17,18,19,20,21,22,24,25,26,27,29,30,31,32,33,34,36,40,41,44,45,51,54,55,56,57,58,59,61,62,63,65,66,69,70,71,75,76,80,82,85,86,88,89,90,91,92,93,100,101,102,103,104,105,108,109,110,111,114,119,121,123,124,126,130,131,135,138,141,143,147,150,152,154,155,156,157,160,162,164],"transport.cargo_vehicle_flow.roads":[352.68446439078355,270.492483215371,265.6720050813564,239.42248210641725,293.6008070683156,415.3563620231422,1354.2067085407011,275.16396237488357,54.12559611573104,54.12559611573104,61.01727433134732,352.68446439078355,null,67.72611336239045,352.68446439078355,131.36284849955004,54.12559611573104,275.16396237488357,362.0671603622339,296.7419584111111,275.16396237488357,355.70824524842794,471.4381352792519,null,0.0015812348625290345,362.0671603622339,99.25932845821309,39.13867830117056,777.8914055846907,430.1231835865173,32.00223520147266,334.2376584636376,471.4381352792519,39.13867830117056,391.9670808828992,67.72611336239045,392.3362367774349,338.18869773967606,293.6008070683156,415.3563620231422,39.13867830117056,352.68446439078355,271.7510514772905,415.3563620231422,240.60832439887815,202.94846964971438,144.08468466871116,344.47547066127373,32.00223520147266,1307.630372830994,71.57009375664212,null,32.00223520147266,null,54.12559611573104,352.68446439078355,296.7419584111111,61.01727433134732,61.01727433134732,61.01727433134732,54.12559611573104,67.72611336239045,471.4381352792519,null,471.4381352792519,334.2376584636376,220.11843542040734,174.8662186849125,70.26668240477409,null,1355.8068613202768,5.107116473559062,39.13867830117056,162.09257544073796,225.17186465446895,null,null,39.13867830117056,296.7419584111111,61.01727433134732,null,61.01727433134732,225.17186465446895,67.72611336239045,466.33551778232646,271.7510514772905,null,271.7510514772905,null,91.3059073885828],"transport.volume_to_capacity_ratio.roads.max":[0.6100663971586668,0.47315215114842524,1.2044391238585521,0.5011646596925531,1.0033918800445367,0.9029650528644637,1.6549455962246398,0.9156537859678412,0.3423398893833824,0.33871800312207223,0.38084266936956157,0.8529614169531449,0.3128350235623417,0.6218813504613881,0.6100663971586668,0.8665842971697039,0.3423398893833824,0.6220163169313095,0.8208511944065464,1.3538194146243931,1.489784150691475,0.6705202418971653,0.6868887379259255,0.1650364860542003,0.6976696012635861,0.8122152329591432,1.014174697018905,1.2070529351515642,1.0914057000040571,1.8513318612746115,0.5580314434382936,0.5205597104276649,0.7763903286890697,0.7005700656553084,0.5812113028551912,0.7761292139338053,1.3626242998755047,1.559185522630703,0.6836315715992051,0.7497469680344161,0.8196931284370249,1.0528567537866027,1.3439280132160893,0.9759835826171727,1.1377237235677617,0.9258573949970614,0.9759835826171727,1.1306117218191947,1.5508954890536044,1.0952834746865758,0.5128693751890788,0.1650364860542003,1.6242072230326698,0.6829230732934415,0.3423398893833824,0.6100663971586668,0.985194707101899,0.5691292275418233,null,0.6955834509768819,0.3554147027955372,1.0218188251310274,0.5273458293888009,0.11746173701878285,0.6868887379259255,0.5433025066137369,0.5508284996140916,0.8963149307737954,0.44934966609763444,0.1650364860542003,1.2324760045385588,1.1525680193570285,1.1215226046660887,0.8445605422783865,0.49844228196806467,0.07786300063682516,0.1650364860542003,0.7385292372706009,0.7905213405929816,0.4509781140867423,0.6904385255199351,0.892820385083799,0.6694859443218578,0.6836937864295326,0.5981664103603803,1.1863201644452186,0.9293937238704448,0.7856204099676573,0.028179242593399663,0.9267403017267599],"transport.delay_factor.roads.max":[1.0886520600196978,1.03207622488623,2.3468504977129374,1.0403739952998268,1.648727491522698,1.4254649055677948,5.800813779976905,1.4498887732553063,null,null,null,1.3387642093017615,1.0061297314611939,1.0957216345302736,1.0886520600196978,1.360930210458856,null,1.095804759180836,1.2905612611232782,3.1499230970277883,4.152632676186871,1.1293682031394572,1.142470699744249,null,1.151627919331916,1.2785252004028937,1.6770660817245862,2.358580071374474,1.9080815342443724,8.51825541002146,1.0620604124255109,1.0469961393143443,1.2325414849166583,1.1541651750553417,1.0730325020946507,1.2322288102961017,3.206401235489216,4.782432168496655,1.1397875260059798,1.2022268637404465,1.2889250196387605,1.7864246602808138,3.08777647827781,1.580697589390261,2.0723269723105524,1.4702798519749072,1.580697589390261,2.0457645339322545,4.702628205471095,1.9210561671715491,1.0442799418395625,null,5.453953965883928,1.139208937343833,null,1.0886520600196978,1.6029318883560493,1.0671465233676571,1.0244863281375118,1.1498224648100246,null,1.697711003082942,1.0494950806935186,null,1.142470699744249,1.055763087120229,1.0589176726923804,1.413068899636305,1.0260926186641368,null,2.476705404905853,2.12939596981442,2.012539791471114,1.3256140406166779,1.0395038548214786,null,null,1.1903928988065005,1.2499391956439592,1.026466100026229,1.1454387186498005,1.406664595865132,1.1285718308249557,1.139838419176219,1.081934736510507,2.2676157408342426,1.477506090782591,1.2437984861516882,null,1.472076273554434],"transport.cargo_vehicle_flow.roads.total":[345.85798821899436,2438.4464034144617,6542.134102916582,1664.735798094571,5028.159493735081,5775.890485242931,81722.99819078675,5041.363305358865,154.4729550151752,520.1790722719292,156.62785251892424,4265.609617452412,null,454.62624686656324,1030.7474884851938,1420.9579761898688,124.53665019625733,2095.0030974342753,3911.134966231923,3675.5120522446323,4970.801961643425,8336.352657763317,3284.7606612654986,null,0.0007906174312645172,4759.35768437011,2753.683732871357,135.30545258116,4136.700058277651,18389.42214603965,231.59652583021912,4257.818631529804,7863.973974521951,51.064956752936126,2454.8917935128975,386.9001335041728,10750.771427825173,6158.847224844515,1947.4219512183108,825.1272121775614,70.6342959035214,5886.412275894693,8348.270783132644,5289.700212486989,16150.472765816023,3136.916376093183,288.1693693374223,18122.48479018279,399.1885812574929,16473.24515227324,71.57009375664212,null,351.8204742434043,null,197.82121103783595,1044.4004408287724,495.10375562093225,461.07556739840015,626.5114100756969,443.45958708165494,550.3542727412266,480.8117719954527,5626.641918369471,null,3751.094612246314,3971.4853862192094,2207.066319189601,1884.655303034911,718.1688981226341,null,30821.339329767296,62.8449911880418,418.4026100195579,795.2450619692777,847.06732372858,null,null,288.5003228399684,2068.333600300476,374.2729793691958,null,748.5459587383916,2616.30686074192,257.9334223361152,4405.275282807729,5255.719359545103,null,746.6711486389501,null,964.1999508070605],