{"municipalities_area_set":{"area_entities":{"id":[1,2,3,4,5,6,7,8,10,15,17,18,19,20,21,22,24,25,26,27,29,30,31,32,33,34,36,40,41,44,45,51,54,55,56,57,58,59,61,62,63,65,66,69,70,71,75,76,80,82,85,86,88,89,90,91,92,93,100,101,102,103,104,105,108,109,110,111,114,119,121,123,124,126,130,131,135,138,141,143,147,150,152,154,155,156,157,160,162,164],"transport.cargo_vehicle_flow.roads":[421.02817916959714,447.30895008074276,364.4861673670717,297.8806968643198,406.02569679515136,365.1264929647974,1976.0464442636367,343.35338194865295,68.64744251452294,68.64744251452294,77.38815149671203,421.02817916959714,null,66.71237313242777,421.02817916959714,162.58929231356822,68.64744251452294,343.35338194865295,295.22286240596253,406.02569679515136,343.35338194865295,338.0892223412019,669.0738627078912,null,null,295.22286240596253,98.43094115222877,46.573740843899564,1976.0464442636367,529.7275824762701,33.351263942215056,646.4578785203462,669.0738627078912,46.573740843899564,646.4578785203462,66.71237313242777,576.1497629726147,297.8806968643198,406.02569679515136,365.1264929647974,46.573740843899564,421.02817916959714,447.30895008074276,365.1264929647974,297.7043216355047,328.8569633492071,143.58962871751118,430.7070541223036,33.351263942215056,1928.9877764524117,100.30822093872604,null,33.351263942215056,null,68.64744251452294,421.02817916959714,406.02569679515136,77.38815149671203,77.38815149671203,77.38815149671203,68.64744251452294,66.71237313242777,669.0738627078912,null,669.0738627078912,646.4578785203462,286.9876994648822,328.8569633492071,88.09029601843977,null,1928.9877764524117,null,46.573740843899564,202.28803085093273,305.71747585642527,null,null,46.573740843899564,406.02569679515136,77.38815149671203,null,77.38815149671203,305.71747585642527,66.71237313242777,669.0738627078912,332.0116624523962,null,332.0116624523962,null,222.63531191010577],"transport.volume_to_capacity_ratio.roads.max":[0.5962417225531886,0.5009358763047035,1.3208152030468736,0.46176484542112944,2.1577123931070683,0.7758860454641662,4.59786325433909,0.8168643090785435,0.3114596299121261,0.3078094730252402,0.34192377706763677,0.9275115426734265,0.2805050622030914,0.4256134614819406,0.5962417225531886,0.8101618065753294,0.3114596299121261,0.5696381105945553,0.6521557254878584,1.7924582410870187,1.9516799632088984,0.550868632299866,0.7030807557531893,0.14317421246839335,0.6180267270995256,0.7561951741435384,0.7914025412373061,0.9626502956273594,4.59786325433909,2.6929437058499,0.47634880377326655,0.578497499667699,0.8289582534921379,0.6354274049367639,0.5848408125290713,0.555269998394841,2.13819038200944,0.9648072690645697,1.732837477914924,0.6279682902745934,0.7431915943093826,1.0430551331101212,0.8724719334770161,0.9568925475648579,1.4740799670329325,1.631378254524604,0.9568925475648579,2.6800464761106055,1.2997621461432216,3.572599407128465,0.49252235810653255,0.14317421246839335,0.9840734494367901,0.5214376952665685,0.3114596299121261,0.5962417225531886,0.911278518147697,0.5018057221836071,0.3957771944125577,0.5971457658068656,0.3235826173391803,1.559745552711685,0.5709152956758881,0.09261904098171833,0.7030807557531893,0.6099738757440223,1.2277165821487719,1.9516799632088984,0.413615647810989,0.14317421246839335,2.0626514416494985,0.49653699999180173,0.9229936245988338,0.8591567397448537,0.5462549933380538,0.06974302135514733,0.14317421246839335,0.611318926587604,1.023216473052441,0.402697808570723,0.6067941640207449,0.7806017505242777,0.6318001635843331,0.4774552532405936,0.6078117845891318,2.1330654368115485,0.877500893235975,0.5116424454842649,0.022073262870631803,0.8764235292861207],"transport.delay_factor.roads.max":[1.0808773809907586,1.0402876513156194,2.9478172634114848,1.0290915312642055,14.872691019913672,1.2319379092979992,287.0190726713982,1.2849572153026858,1.0060147242975508,1.0057444007618086,1.0087462765158988,1.4736496994426027,1.0039633960422174,1.0210058382514007,1.0808773809907586,1.2757192164301423,1.0060147242975508,1.0673870000988261,1.1157623291363683,7.606680970517512,10.28551702704267,1.058937924220266,1.1563870608378104,null,1.0933595069793791,1.2092827268085693,1.2510554975509534,1.5496094205589022,287.0190726713982,34.65805947383003,1.032948675799652,1.0716655457109954,1.3022112406524287,1.1043382958600647,1.0748771676953703,1.060835353463875,14.376873190921565,1.5545303263704389,6.770567226712577,1.099524689436603,1.1952464427565033,1.7575460407004622,1.3708393696409602,1.5365777535852576,4.021873972657671,5.533252796307,1.5365777535852576,34.017886909738536,2.826606477703332,105.25828672720249,1.0376602999331754,null,1.6001917649712194,1.0473209383202577,1.0060147242975508,1.0808773809907586,1.4413513959185245,1.0405715536901872,1.0157000226735526,1.0813769489201401,1.0070159175513054,4.787869410706371,1.0679832257866462,null,1.1563870608378104,1.0885982033181887,2.454026965300386,10.28551702704267,1.0187278731482448,null,12.584977479517931,1.0389003553153546,1.4644882998784368,1.3487141571083905,1.056975645101646,null,null,1.0893822620559637,1.7015151999330194,1.0168280691654756,1.0867571718413225,1.2376282433039858,1.101971937163347,1.0332560158904451,1.0873519827545204,14.24941455121044,1.3794637050951768,1.0438538301882845,null,1.3776035669107793],"transport.cargo_vehicle_flow.roads.total":[408.2746858716671,3494.2343573489243,8204.691092481244,2034.4790608427425,6841.734290689685,4858.379365934379,113464.25380448141,6252.104520124403,195.91790318168398,659.7426268468698,198.65095765367548,4993.286864812335,null,425.2052359770008,1212.070564317071,1760.6003466055492,157.94971600902358,2590.866677705967,3183.3647911795256,5097.895095681621,6152.019072503338,6886.026946309253,4580.197191135594,null,null,4230.644865464342,2846.8374051559495,161.6160216924974,9526.894709836342,23138.27797696914,220.68779569650766,6846.805520861266,11970.717404351019,61.170273617765375,3555.147000019725,358.49286284457304,13882.710449220296,5888.337260439486,2751.960396238386,694.0541951334828,84.45714403971516,6953.4231531162695,12834.292193981837,4456.470753306793,17418.713937108336,5188.153347604164,287.17925743502235,25061.924689362844,374.67306350858513,26366.39461022086,100.30822093872604,null,333.81096553994604,null,250.89645541892315,1237.5775509129312,687.9900990595964,584.7817073488729,794.6038306147019,562.4393761245658,698.0138051476342,358.49286284457304,7873.906580765227,null,5249.271053843485,5711.290105136542,3744.8624845207505,4766.8545041528505,901.5352513749722,null,47638.96424655419,null,499.908621605075,900.0576908542226,1175.3637562417407,null,null,345.1268425457935,2871.2288777288445,474.690066804063,null,949.380133608126,3605.140648666333,238.99524189638203,6206.487363316383,7962.888194863995,null,906.0812720818976,null,2397.6131614949313],