{"municipalities_area_set":{"area_entities":{"id":[1,2,3,4,5,6,7,8,10,15,17,18,19,20,21,22,24,25,26,27,29,30,31,32,33,34,36,40,41,44,45,51,54,55,56,57,58,59,61,62,63,65,66,69,70,71,75,76,80,82,85,86,88,89,90,91,92,93,100,101,102,103,104,105,108,109,110,111,114,119,121,123,124,126,130,131,135,138,141,143,147,150,152,154,155,156,157,160,162,164],"transport.cargo_vehicle_flow.roads":[349.7737120037175,268.23681230337405,244.36357855712882,236.9981465171762,289.53165056613483,414.4689745018039,1358.4252216613568,272.47887142545795,53.52897763563561,53.52897763563561,60.344689896558044,349.7737120037175,null,67.1932161221915,349.7737120037175,130.0642019387928,53.52897763563561,272.47887142545795,359.2008141983669,291.4312451171659,272.47887142545795,352.41527868398816,467.590101413609,null,0.03447023448789761,359.2008141983669,97.88178741038506,38.82377073933687,762.8457487407484,425.9691613562066,31.87094497422254,332.57515130108186,467.590101413609,38.82377073933687,388.2954114146778,67.1932161221915,398.02393738332273,322.32921987796846,289.53165056613483,414.4689745018039,38.82377073933687,349.7737120037175,269.32178016252686,414.4689745018039,238.2333748247945,200.90981899570897,145.2587353845896,341.26943702933437,31.87094497422254,1296.624884126771,68.38316949868623,null,31.87094497422254,null,53.52897763563561,349.7737120037175,291.4312451171659,60.344689896558044,60.344689896558044,60.344689896558044,53.52897763563561,67.1932161221915,467.590101413609,null,467.590101413609,332.57515130108186,218.6629452058632,173.78545639925488,69.53581665615621,null,1346.6963779584134,4.554145981219862,38.82377073933687,160.43728868453152,223.04807561847957,null,null,38.82377073933687,291.4312451171659,60.344689896558044,null,60.344689896558044,223.04807561847957,67.1932161221915,462.91963357410384,269.32178016252686,null,269.32178016252686,null,90.30642336291432],"transport.volume_to_capacity_ratio.roads.max":[0.6086439118337145,0.47219554510851586,1.033039169783922,0.5002245946751013,0.9964800220987419,0.9012806770187516,1.6538664941257732,0.9143124430956879,0.342014263773717,0.33853180401344063,0.3804874378283562,0.8514418974999174,0.3137571221657663,0.6223898790004446,0.6086439118337145,0.8660300367568257,0.342014263773717,0.6223181251485571,0.8210515700905384,1.3548001608700264,1.5047070613091773,0.6698259837339439,0.6851972834205989,0.16520808564178852,0.6520372860851296,0.8115395441890011,1.0157498778797835,1.2089960501529717,1.0513542553192206,1.851477174789349,0.5577493268142378,0.5190069536641931,0.774928793935652,0.7005160143872697,0.5795856439068047,0.7764951728963118,1.3621354688519725,1.5452863532939862,0.6759437559782789,0.7487923984613505,0.8196988556889278,1.0501175343189493,1.2574187761749132,0.9778122357672249,1.1440181409102332,0.924301008487027,0.9778122357672249,1.1317334050542152,1.550463274463385,1.0721570661215196,0.5131167798527534,0.16520808564178852,1.6273047585972615,0.6830001580674316,0.342014263773717,0.6086439118337145,0.9856255976426306,0.5690006927412378,0.44191743934691513,0.6954881523930255,0.35510325629166806,1.0966127908482715,0.525724897321155,0.11764332358600367,0.6851972834205989,0.541748332546976,0.5495655602124112,0.889848976296972,0.4491547879868693,0.16520808564178852,1.2280469001640577,1.1487728187520543,1.1209943601829213,0.8466202710383235,0.49852684844552747,0.07792376376656518,0.16520808564178852,0.7395613305427151,0.7904152811402089,0.4508088482133824,0.6903006362275838,0.8927090069359608,0.6689391946290867,0.6842133931539427,0.5964681130310276,1.185899601970111,0.9296143054300137,0.7867273827311998,0.027144955295534134,0.925716625235394],"transport.delay_factor.roads.max":[1.0878280221581018,1.0318176071819305,1.7288650570341841,1.0400719187355927,1.6310363235593548,1.4222991569923373,5.788304599058025,1.4472583887177743,null,null,null,1.3363566682668266,1.0062023225187118,null,1.0878280221581018,1.3600077036236395,null,1.0959908360672215,1.2908450774042501,3.1561597377778554,4.280860842027527,1.1288332421949394,1.1410725458427342,null,1.115683041518133,1.277599526372243,1.681282273629171,2.3673493924200546,1.7819451338560168,8.520616159654903,1.0619350072958968,1.0464379115792133,1.2307954096989122,1.1541176031746665,1.0722188307147633,1.232667120518968,3.2032368206850115,4.649352803734473,1.1336048477354352,1.2011989368895977,1.288933094678816,1.778272373793546,2.5999254188652854,1.5850619359017242,2.0962550797611916,1.4671256138156321,1.5850619359017242,2.049920738250494,4.698502431475006,1.8456947269478678,1.0443654450430666,null,5.488027936928129,1.1392718006846616,null,1.0878280221581018,1.603987387883857,1.067085885177037,1.02441396005442,1.1497403758255338,null,1.9255357586840702,1.0488893376397088,null,1.1410725458427342,1.0551277550344265,1.058379182528222,1.4012778561729242,1.0260473837508104,null,2.4555924248768974,2.1145936859400587,2.0106334873614387,1.328802132166491,1.0395306707819085,null,null,1.1914594268367864,1.2498050913321692,1.026438477682893,1.1453225696554097,1.4064617103778572,1.128152341557527,1.1402640123864423,1.0810081845782373,2.2658191661616023,1.4779595758427961,1.2451754830912112,null,1.4699939069191439],"transport.cargo_vehicle_flow.roads.total":[343.17598673424783,2417.986210569289,6886.5795692360625,1649.2440702749318,4979.389042875667,5743.870204441974,81183.31117610677,4992.300646427696,152.77022236646786,514.4452149151855,154.90136675217835,4232.296087217032,null,449.33230695718544,1022.9302349332738,1406.933496608381,123.16390102971887,2074.9750456394886,3878.208303579667,3624.590905265398,4967.457442959536,8235.38458256241,3259.1209392565524,null,0.017235117243948803,4718.141237446798,2723.408408423174,134.19050136004168,4227.673662762983,18164.094718754157,240.69409937425027,4199.864960623025,7798.53645134484,50.63656350069091,2434.887419948938,382.1390908349939,10554.469165135124,6121.001013650043,1927.6414594602156,820.5528863488535,70.04844887035935,5840.5894997516825,8273.645659320957,5256.830536989349,15982.76630738467,3096.6559237360357,290.5174707691792,17994.44333457117,417.64630880005535,16390.65474639227,68.38316949868623,null,366.0197919455343,null,195.6406569427333,1036.1256854722133,488.3641053973048,455.99319927736985,619.6054670087135,438.5713973190393,544.2877985907194,480.54585590092165,5583.058409926277,null,3722.0389399508513,3965.5594967297616,2193.1562076983623,1820.9387307320878,710.6233969458094,null,30759.093793812775,49.73032970697705,414.9485289173581,790.1469757833838,839.9618717972369,null,null,286.1001918621144,2030.0562393038247,370.14742340091476,null,740.2948468018294,2594.321808968141,254.75939388999592,4367.904351882089,5208.777514104347,null,740.0155791617444,null,956.1985817780266],