{"municipalities_area_set":{"area_entities":{"id":[1,2,3,4,5,6,7,8,10,15,17,18,19,20,21,22,24,25,26,27,29,30,31,32,33,34,36,40,41,44,45,51,54,55,56,57,58,59,61,62,63,65,66,69,70,71,75,76,80,82,85,86,88,89,90,91,92,93,100,101,102,103,104,105,108,109,110,111,114,119,121,123,124,126,130,131,135,138,141,143,147,150,152,154,155,156,157,160,162,164],"transport.cargo_vehicle_flow.roads":[346.8306877334419,265.99742785683065,240.31638812624996,234.55615898235445,289.0208577182778,408.7950135877956,1351.8240750879793,269.77041091646123,52.92882955174966,52.92882955174966,59.66812644226179,346.8306877334419,null,66.69108301766373,346.8306877334419,128.755571318641,52.92882955174966,269.77041091646123,356.3128539349012,290.8041767103582,269.77041091646123,350.55127574257597,466.80090749784455,null,0.0021277670309932752,356.3128539349012,100.06844911382518,38.50552208039622,744.7926179302574,421.781516432166,31.692674820388277,329.45682604147726,466.80090749784455,38.50552208039622,387.69718286300133,66.69108301766373,415.54225586781064,317.1409828268457,289.0208577182778,408.7950135877956,38.50552208039622,346.8306877334419,266.9518202612949,408.7950135877956,235.84010308346566,199.5961162789488,141.66004611943785,337.9996524501929,31.692674820388277,1290.468023893753,69.9351832915897,null,31.692674820388277,null,52.92882955174966,346.8306877334419,290.8041767103582,59.66812644226179,59.66812644226179,59.66812644226179,52.92882955174966,66.69108301766373,466.80090749784455,null,466.80090749784455,329.45682604147726,213.71861670723345,169.21085606572555,68.80062709491305,null,1340.5472581120068,4.554153433149016,38.50552208039622,158.75237069526605,220.86899341876853,null,null,38.50552208039622,290.8041767103582,59.66812644226179,null,59.66812644226179,220.86899341876853,66.69108301766373,459.4799725374144,266.9518202612949,null,266.9518202612949,null,92.35263798957331],"transport.volume_to_capacity_ratio.roads.max":[0.6070967688835998,0.47281240739564334,1.1491714057433402,0.5009035434134824,0.9990313956524227,0.899080230268549,1.6567818054553018,0.9128937581286695,0.3415825458100921,0.3382989732784218,0.38002297432386617,0.8495910218382969,0.31445544083343335,0.6235046617525121,0.6070967688835998,0.8654334021620086,0.3415825458100921,0.6208195569103891,0.8209564438938882,1.3552953405428922,1.5135493129670494,0.6691262957925942,0.6851713455861921,0.1653259125126383,0.6923204417183311,0.8105895601515953,1.0163199066136133,1.2116949093519815,1.001798529609949,1.8514682996755416,0.558415916148099,0.5181021012950483,0.7765261955636374,0.7000703439804757,0.5789433156485865,0.7772438068649228,1.3688666867925279,1.5558913592413302,0.6795037737539348,0.7472073367447151,0.8191658244675564,1.0471796579067019,1.2416213463746626,0.9732641952880597,1.1430100674626156,0.9181760757668991,0.9732641952880597,1.1299606586100448,1.5530185307298645,1.061276266834759,0.5130881831508696,0.1653259125126383,1.6245122460060233,0.6832048687184747,0.3415825458100921,0.6070967688835998,0.986329004889999,0.5688314783263437,0.4414229357715699,0.6955370299328982,0.3546897950912833,1.1127598664163934,0.5255620190659241,0.11759313424099017,0.6851713455861921,0.5408265541196349,0.548063023634972,0.8922429190548116,0.44893725718964134,0.1653259125126383,1.2263227381911874,1.1523603055686265,1.1188762576358422,0.8425747042057148,0.49843533769382115,0.07808578257095887,0.1653259125126383,0.7407284480966915,0.7887927970170611,0.4505080644848835,0.6899675648621163,0.8926794734047447,0.6682505083741248,0.6852411148334642,0.5956549708321623,1.1865349575250999,0.9301405488832726,0.7871891572546627,0.027778075453978243,0.9261604713052024],"transport.delay_factor.roads.max":[1.0869384033177072,1.0319841955879927,2.1161414029720262,1.0402899185719978,1.6375239732108209,1.4181901184689514,5.82215582454842,1.4444889045396985,1.0087142312496562,1.0083815900528157,null,1.333441484799308,1.006257724336981,1.0967250123034222,1.0869384033177072,1.359016647069267,1.0087142312496562,1.0950695705285205,1.2907103127721427,3.1593137733514003,4.358661802096899,1.1282957776961744,1.1410511861050008,null,1.1470308925992079,1.2763019806068483,1.6828128768228905,2.379599750704784,1.644616671983158,8.520471959455616,1.0622316228883362,1.0461149124771463,1.2327043049729114,1.1537257769536753,1.0718992152217526,1.2335656944027924,3.2471113426495153,4.750568049924105,1.1364418081237107,1.199500727676832,1.2881822813754629,1.7695994749872273,2.5210260638168718,1.5742525876842994,2.0923962394903626,1.4548664066179282,1.5742525876842994,2.0433577981206072,4.722944184168783,1.8118836267529281,1.0443555556814277,null,5.457300684239622,1.1394388474476533,1.0087142312496562,1.0869384033177072,1.6057134149829513,1.0670061184135464,1.0242941768239522,1.1497824740999163,1.0101306133505623,1.981263825459187,1.0488287788934065,null,1.1410511861050008,1.0547535146265632,1.0577433509840937,1.4056135120925677,1.0259969602140528,null,2.4474350923821824,2.128582038826308,2.0030167996864274,1.322562324661553,1.0395016534041535,null,null,1.1926708756545847,1.2477603001526265,1.0263536337987773,1.145042298922441,1.406407925084662,1.1276254144032438,null,1.0805730104815359,2.268534039461053,1.4790427637978156,1.2457516191832572,null,1.4708959325194233],"transport.cargo_vehicle_flow.roads.total":[340.4608599656739,2409.7796826309695,6677.743809725603,1633.616648644479,4922.293864259766,5681.354129229861,80597.28582167054,4942.698910979021,151.05741632611802,508.67743597314734,153.16466706999068,4202.18170090224,null,454.864193566732,1015.0127521292536,1392.812240515062,121.7830306587201,2054.7348369101155,3847.8441852975297,3579.1344784345447,4888.71863196531,8208.256400557704,3245.6435476036213,null,0.0010638835154966376,4679.421958364184,2744.686295628014,133.06378708349166,4176.2704639075255,18127.580105844798,232.03225091867273,4159.815447017453,7762.54970843247,50.20366930859823,2419.485132326414,388.1731105490682,10504.957451162165,6215.006177576359,1905.535940141388,811.6220184614087,69.45643034879633,5794.204447184224,8236.183239775666,5203.0266847665025,15864.473289792255,2994.1200055037007,283.3200922388757,17562.466168725034,400.6791521965689,16341.925618487714,69.9351832915897,null,352.5943244942008,null,193.4472026572136,1027.7524076647896,482.72145746057646,450.8807637910405,612.6586682799627,433.6542889531774,538.1854350890247,492.42224542772834,5557.685280211554,null,3705.1235201410364,3919.974326885753,2150.4306527226963,1775.0392360233925,703.0305716837141,null,30561.977375986808,48.91646040975535,411.4580218779753,780.2079817973442,825.5725483379736,null,null,283.67479500928636,2018.7092822584466,365.99746058224315,null,731.9949211644864,2550.4823793391847,258.7820736993788,4342.683486478249,5173.1602116531685,null,733.4812414757047,null,960.730703620885],