{"municipalities_area_set":{"area_entities":{"id":[1,2,3,4,5,6,7,8,10,15,17,18,19,20,21,22,24,25,26,27,29,30,31,32,33,34,36,40,41,44,45,51,54,55,56,57,58,59,61,62,63,65,66,69,70,71,75,76,80,82,85,86,88,89,90,91,92,93,100,101,102,103,104,105,108,109,110,111,114,119,121,123,124,126,130,131,135,138,141,143,147,150,152,154,155,156,157,160,162,164],"transport.cargo_vehicle_flow.roads":[416.68808885084013,522.7165199712363,285.23950678175726,295.3169655198079,295.3169655198079,471.2655367230757,2070.148685587668,343.7747137571167,68.10929846482541,68.10929846482541,76.78148689684384,416.68808885084013,null,142.72669437396834,416.68808885084013,161.1557806049237,68.10929846482541,343.7747137571167,330.169264318434,251.88809114155737,343.7747137571167,313.40659754645947,741.6899320796374,null,null,388.88165665060785,142.72669437396834,46.08708973715396,2070.148685587668,524.9500616381578,32.92478100614731,639.4527884647663,741.6899320796374,46.08708973715396,639.4527884647663,142.72669437396834,627.0900324529235,295.3169655198079,null,471.2655367230757,46.08708973715396,416.68808885084013,522.7165199712363,471.2655367230757,295.0755059079625,252.43187173690316,254.3305493135671,375.4960951543897,32.92478100614731,2055.2198025567754,null,null,32.92478100614731,null,68.10929846482541,416.68808885084013,251.88809114155737,76.78148689684384,76.78148689684384,76.78148689684384,68.10929846482541,142.72669437396834,741.6899320796374,null,741.6899320796374,639.4527884647663,272.1746770665159,252.43187173690316,87.35844232696152,null,2055.2198025567754,251.88809114155737,46.08708973715396,254.3305493135671,251.88809114155737,null,null,46.08708973715396,251.88809114155737,76.78148689684384,null,76.78148689684384,251.88809114155737,142.72669437396834,741.6899320796374,332.2442063264044,null,332.2442063264044,null,296.7686640051137],"transport.volume_to_capacity_ratio.roads.max":[0.6134538470471216,0.5427861177627761,1.3902961330183992,0.4986666283982795,0.7552025842477355,0.8541607407139722,4.404438811548363,0.845769144213947,0.32936298332839714,0.32407679888130847,0.36331996555553703,0.9625611028969103,0.2944283829885119,0.448531673379526,0.6134538470471216,0.8440259247145062,0.32936298332839714,0.5411743591308587,0.6738351062049409,1.4294090345563606,2.5889693038005093,0.609446221244785,0.7637815397558435,0.1557222925672279,0.6552917575077847,0.7921681607675768,0.8695920562165216,1.014548150546629,3.710040264442297,2.7577339005744297,0.4980608980156916,0.5946915013475536,0.7863486400913207,0.6705765414436053,0.6346535580750582,0.5790388260461083,1.7971768027265855,1.0739297304612039,0.5049612797490082,0.681418682380006,0.78400264069244,1.0702804305328646,0.8914808132356226,1.0280007610545505,1.4912190390780695,1.397201788295918,1.0280007610545505,2.4811103445006735,1.3554620945062394,2.9314343436076484,0.4704536580219033,0.1557222925672279,1.056400304112306,0.5400582717568027,0.32936298332839714,0.6134538470471216,0.8886237786029096,0.5354207399103226,0.42152048389655145,0.6345514524895726,0.34187620244037725,1.6261940392097312,0.620906014877829,0.09726240954176267,0.7637815397558435,0.6283425659710549,1.4171978764417261,2.4760849822482047,0.4326489084331573,0.1557222925672279,1.8570039778762684,1.4141878885212145,0.9773756045673654,0.9121446434666685,0.5717602508380801,0.039049526164144886,0.1557222925672279,0.6448898293729693,1.0312093357565069,0.4287879767496669,0.6370564067931991,0.8313454641940821,0.6733578388609913,0.5019714852703085,0.6572381061634744,2.217810195366266,0.9016775665756863,0.5362725528986461,0.02368993684763856,0.879838617891165],"transport.delay_factor.roads.max":[1.0906325860060047,1.055551386208476,3.391163282302519,1.0395796372032433,1.2081775262934527,1.3406735368055076,241.85628769345448,1.3274819153279533,1.0075310528459707,1.0070580116233772,1.0111569539020184,1.5494057563515184,1.0048056549127296,1.025899504965946,1.0906325860060047,1.3247903518228978,1.0075310528459707,1.0548974042004329,1.131935652010825,3.6717587062733963,29.753292274968832,1.088296266023252,1.2177993623093033,1.000377873602637,1.1180201251270343,1.252028413802162,1.3659672554970008,1.6780899246738525,122.25481395243175,38.014731630055074,1.03938766095658,1.0800525006528605,1.244703698948146,1.1294208087765838,1.1038383372196243,1.071935982726333,7.6762929898310075,1.8513311979125102,1.0416172821588363,1.1379766595197434,1.2417965366131505,1.8397892532210671,1.4042294737963341,1.71474926708418,4.164796091108707,3.439026423276216,1.71474926708418,25.25337287041189,3.160376687327854,48.26191060592347,1.0313583592971278,1.000377873602637,1.7970655597966343,1.0544384191701315,1.0075310528459707,1.0906325860060047,1.3990724021700156,1.052600615999085,1.020215133993053,1.1037641527098225,1.0087421693658267,5.475632932450012,1.0951225407607206,null,1.2177993623093033,1.0997712859696125,3.581634905164226,25.05703823596266,1.022417933087455,1.000377873602637,8.610655313997036,3.559750520550039,1.5840397912331334,1.4430317206196768,1.0683974931004467,null,1.000377873602637,1.110700435203671,1.7236897642912183,1.0216465361841278,1.1054123571571546,1.3057075049064695,1.1315720541788403,1.0406287203531188,1.1194257811148909,16.484035408560153,1.4230435061083913,1.0529253970544779,null,1.3835235657235323],"transport.cargo_vehicle_flow.roads.total":[403.87243699015664,3300.058074966746,7363.9058604960355,2015.488368495932,1727.561458710799,6363.310358395327,119872.39096483137,6248.054916844161,194.38205494080987,654.570743438477,197.09368433201567,5027.821908105078,null,763.6785982076655,1198.8016591097862,1745.1429931949683,156.71150965044455,2593.223332653742,3734.594373734787,4156.7155572560205,5719.907704305469,6500.712269067905,4440.850764537542,null,null,4772.536460804999,3797.205677795049,159.95329076404747,9940.424592489866,24826.666464901595,217.8385460642068,6918.257752729622,12142.446167605505,60.548437438877684,3543.478632371906,620.9519038336971,14723.191281149497,5833.300482620441,null,909.044336913618,83.59198230745466,6878.647080693346,12840.17125288837,5753.5848889636845,17297.01559078313,4703.721102913253,508.6610986271342,22977.016972456684,369.82753011611896,25606.951114773226,null,null,329.50155084682245,null,248.92961689401628,1224.4329628311534,461.85728413955786,580.1974608765418,788.3747373280627,558.0302766375312,692.5419046355728,620.9519038336972,7773.81104492577,null,5182.5406966171795,5784.64369621274,3085.8198914596182,3828.6455379957083,894.0966572532662,null,46755.64583333139,3484.889080118461,494.77172776586326,1037.6063077758054,923.7145682791156,null,null,341.59860308068056,1595.541045416674,470.96885556087517,null,941.9377111217503,2857.8412708712754,413.96793588913147,6189.2220560550795,7920.528767700922,null,906.6671274722315,null,2138.0916437383567],