{"municipalities_area_set":{"area_entities":{"id":[1,2,3,4,5,6,7,8,10,15,17,18,19,20,21,22,24,25,26,27,29,30,31,32,33,34,36,40,41,44,45,51,54,55,56,57,58,59,61,62,63,65,66,69,70,71,75,76,80,82,85,86,88,89,90,91,92,93,100,101,102,103,104,105,108,109,110,111,114,119,121,123,124,126,130,131,135,138,141,143,147,150,152,154,155,156,157,160,162,164],"transport.cargo_vehicle_flow.roads":[412.40208417636245,517.4056417499718,282.2364439802045,292.1398252836879,292.1398252836879,466.39660829882695,2049.7181223793737,340.1045962298336,67.36207530822668,67.36207530822668,75.93912166477452,412.40208417636245,null,141.28111032540804,412.40208417636245,159.43139277445735,67.36207530822668,340.1045962298336,326.77556480623593,249.1988668740082,340.1045962298336,310.29464942058513,734.2658679542876,null,134.67121657050077,384.84479376303534,141.28111032540804,45.61484765816771,2049.7181223793737,519.3624485645649,32.60888296828229,632.9693782963511,734.2658679542876,45.61484765816771,632.9693782963511,141.28111032540804,620.579235895874,292.1398252836879,null,466.39660829882695,45.61484765816771,412.40208417636245,517.4056417499718,466.39660829882695,291.91926632409945,249.75969976109485,251.64433002892613,371.52253788135977,32.60888296828229,2034.95890496654,null,null,32.60888296828229,null,67.36207530822668,412.40208417636245,249.1988668740082,75.93912166477452,75.93912166477452,75.93912166477452,67.36207530822668,141.28111032540804,734.2658679542876,null,734.2658679542876,632.9693782963511,269.33808483208304,249.75969976109485,86.41137667072098,null,2034.95890496654,249.1988668740082,45.61484765816771,251.64433002892613,249.1988668740082,null,null,45.61484765816771,249.1988668740082,75.93912166477452,null,75.93912166477452,249.1988668740082,141.28111032540804,734.2658679542876,328.77684434057625,null,328.77684434057625,null,293.81395775502466],"transport.volume_to_capacity_ratio.roads.max":[0.6178324348926361,0.545964823229483,1.4138111448524355,0.5147789765446391,0.7827427850629969,0.8949402512360229,4.226507316404901,0.857576320404185,0.33498124752342506,0.32928149637935994,0.3697638126581574,0.9748487018386199,0.29950190064312787,0.45347495336582794,0.6178324348926361,0.8549455220548023,0.33498124752342506,0.5448800117962123,0.6832681162768621,1.4474747109147355,2.555104867882717,0.6065660109550978,0.7666623006847078,0.1586630480734087,0.6552382956325414,0.8017003966235255,0.8963753155352197,1.0329810564331707,4.137068187144391,2.7832898816516494,0.5013212292513044,0.5961012345846807,0.7959229668660988,0.6817780810856912,0.6407148871886067,0.5853551800570092,2.028275964074254,1.1113432689401255,0.5381205335376307,0.7121123517406774,0.7972316675588001,1.0763493769248285,0.9029380215836653,1.047057769275502,1.526649823712926,1.4876439927356155,1.047057769275502,2.5182855221443754,1.3650149678050552,3.033495869437934,0.46907931316298745,0.1586630480734087,1.0338893738962533,0.5482652066244329,0.33498124752342506,0.6178324348926361,0.9004931865392872,0.5446575216315442,0.4291854637528564,0.645337493827706,0.34760049670220483,1.6437388808720466,0.6222880877955372,0.09866812464280479,0.7666623006847078,0.6304384695941627,1.4412639456066692,2.438948782899013,0.43861248147016507,0.1586630480734087,1.8821465292223132,1.3875445250295255,0.9946159607909719,0.9179900185988839,0.5789350886144166,0.05439942109496375,0.1586630480734087,0.6564103735618285,1.0378716274158684,0.4362486070937915,0.6466082740848234,0.8447879721791896,0.6807328741607213,0.5073939009897778,0.6627228959291811,2.24112476647364,0.9159172929087238,0.5429780219062753,0.024194643537603117,0.8914153517219238],"transport.delay_factor.roads.max":[1.0932470205977547,1.0568621622811243,3.5572494841350966,1.0449364491114266,1.2402460559786392,1.410540625967144,205.22597496677557,1.3461553886166153,1.0080573965702524,1.007520513490592,1.0119694061682687,1.5780013393277539,1.0051525756101185,1.0270596845515376,1.0932470205977547,1.3419272723401279,1.0080573965702524,1.0564198369191378,1.1394904887152955,3.8095322604667055,28.277581707539156,1.0866377788293848,1.2211039016660958,1.0004072952726706,1.1179666159545965,1.2643798597151152,1.4131802247379437,1.7287010624135453,188.47518715042415,39.407296406588536,1.0404192461382369,1.0808050150217048,1.2568408632328176,1.1382697385553484,1.1078504877827013,1.0751408583685256,11.831669193229098,1.976276572631355,1.0536724299967652,1.1645698866122565,1.2585342821126568,1.8589997332725317,1.4254139607615959,1.769220159167508,4.476346867605843,4.134478953633536,1.769220159167508,26.740001816211535,3.221926191187968,55.19341255558125,1.0310000545724152,1.0004072952726706,1.7312674809436368,1.0578225383371875,1.0080573965702524,1.0932470205977547,1.42082516127531,1.0563252214062369,1.0217251485343486,1.1110011725981632,1.0093413815402814,5.672090925367532,1.095991256109109,null,1.2211039016660958,1.1010958149676868,3.7614543778732883,23.64595789313861,1.0236855720225442,1.0004072952726706,9.031281412005061,3.3723752654687615,1.6263277740709885,1.4544978261813712,1.0718906551198268,null,1.0004072952726706,1.118826480060621,1.7425806647879556,1.0231851136619408,1.1118829048725056,1.3259649179477069,1.1374316848423687,1.0424135860513852,1.1234504834433874,17.14558955059454,1.4504227330377741,1.0556227470943047,null,1.4041107564515127],"transport.cargo_vehicle_flow.roads.total":[399.7715541472187,3266.4985758849107,7286.647096062794,1994.2118617490694,1709.3244529277738,6297.17594557835,119014.07690297705,6181.371828406585,192.24950070882002,647.3894858399734,194.93138097150907,4976.867611339965,null,755.8911752202961,1186.6841324125123,1726.4517466279067,154.9922367823378,2565.6541330027367,3696.0571246943987,4112.2022128027675,5659.654220876983,6437.384650880783,4396.19498032832,null,67.33560828525039,4722.921782597607,3758.2465774391185,158.30713326105217,9842.375315048912,24567.259100291754,215.75598704579483,6848.063733622753,12019.064190653939,59.92324118253373,3507.1979881330635,614.6100648948881,14568.21144578732,5771.74118300652,null,899.59656365405,82.73066501161759,6808.746950531861,12708.39545663257,5693.8834747299925,17112.877741264383,4653.9355853499965,503.28866005785227,22733.621480944734,366.2942081550251,25356.434439988763,null,null,326.3513874827157,null,246.19862452881782,1211.9451924707998,456.9113569780853,573.8321482402557,779.7255238860364,551.9081588917128,684.9440676335379,614.610064894888,7695.69127242391,null,5130.460848282608,5725.946945781919,3053.8122399967824,3788.249094272406,884.3895157856971,null,46296.880029412816,3447.578365720605,489.6780711550341,1026.5868023252194,913.8227139561706,null,null,338.07685680865336,1578.446561038333,465.80188360779266,null,931.6037672155853,2827.261227026208,409.7400432632587,6125.987238200211,7838.455830380203,null,897.2051842537323,null,2116.6653865635103],