{"municipalities_area_set":{"area_entities":{"id":[1,2,3,4,5,6,7,8,10,15,17,18,19,20,21,22,24,25,26,27,29,30,31,32,33,34,36,40,41,44,45,51,54,55,56,57,58,59,61,62,63,65,66,69,70,71,75,76,80,82,85,86,88,89,90,91,92,93,100,101,102,103,104,105,108,109,110,111,114,119,121,123,124,126,130,131,135,138,141,143,147,150,152,154,155,156,157,160,162,164],"transport.cargo_vehicle_flow.roads":[412.40208417636245,517.4056417499719,282.2364439802045,292.1398252836879,292.1398252836879,466.3966082988269,2049.7181223793737,340.1045962298336,67.3620753082267,67.3620753082267,75.93912166477452,412.40208417636245,null,141.28111032540804,412.40208417636245,159.43139277445738,67.3620753082267,340.1045962298336,326.77556480623593,249.19886687400816,340.1045962298336,310.29464942058513,734.2658679542876,null,134.67121657050077,384.84479376303534,141.28111032540804,45.614847658167704,2049.7181223793737,519.362448564565,32.60888296828229,632.9693782963512,734.2658679542876,45.614847658167704,632.9693782963512,141.28111032540804,620.579235895874,292.1398252836879,null,466.3966082988269,45.614847658167704,412.40208417636245,517.4056417499719,466.3966082988269,291.91926632409945,249.75969976109485,251.64433002892613,371.5225378813599,32.60888296828229,2034.95890496654,null,null,32.60888296828229,null,67.3620753082267,412.40208417636245,249.19886687400816,75.93912166477452,75.93912166477452,75.93912166477452,67.3620753082267,141.28111032540804,734.2658679542876,null,734.2658679542876,632.9693782963512,269.338084832083,249.75969976109485,86.41137667072098,null,2034.95890496654,249.19886687400816,45.614847658167704,251.64433002892613,249.19886687400816,null,null,45.614847658167704,249.19886687400816,75.93912166477452,null,75.93912166477452,249.19886687400816,141.28111032540804,734.2658679542876,328.77684434057625,null,328.77684434057625,null,293.81395775502466],"transport.volume_to_capacity_ratio.roads.max":[0.617832434892636,0.5459648232294831,1.4138111448524358,0.5147789765446392,0.7827427850629971,0.8949402512360227,4.226507316404902,0.857576320404185,0.33498124752342506,0.32928149637935994,0.3697638126581574,0.9748487018386199,0.2995019006431278,0.4534749533658279,0.617832434892636,0.8549455220548025,0.33498124752342506,0.5448800117962123,0.683268116276862,1.447474710914736,2.555104867882717,0.6065660109550978,0.7666623006847078,0.1586630480734087,0.6552382956325415,0.8017003966235255,0.8963753155352197,1.0329810564331707,4.137068187144391,2.7832898816516494,0.5013212292513043,0.5961012345846809,0.7959229668660986,0.6817780810856915,0.6407148871886067,0.5853551800570092,2.0282759640742527,1.1113432689401257,0.5381205335376303,0.7121123517406774,0.7972316675588001,1.0763493769248285,0.9029380215836652,1.0470577692755019,1.526649823712926,1.487643992735616,1.0470577692755019,2.5182855221443754,1.3650149678050552,3.0334958694379344,0.46907931316298734,0.1586630480734087,1.0338893738962533,0.5482652066244329,0.33498124752342506,0.617832434892636,0.9004931865392874,0.5446575216315444,0.4291854637528564,0.6453374938277058,0.34760049670220483,1.6437388808720468,0.6222880877955372,0.09866812464280475,0.7666623006847078,0.6304384695941627,1.44126394560667,2.438948782899013,0.438612481470165,0.1586630480734087,1.8821465292223132,1.3875445250295255,0.9946159607909717,0.9179900185988839,0.5789350886144168,0.05439942109496376,0.1586630480734087,0.6564103735618285,1.0378716274158684,0.43624860709379165,0.6466082740848234,0.8447879721791896,0.680732874160721,0.5073939009897778,0.6627228959291812,2.24112476647364,0.9159172929087239,0.5429780219062753,0.024194643537603117,0.8914153517219237],"transport.delay_factor.roads.max":[1.0932470205977547,1.0568621622811243,3.5572494841350943,1.0449364491114266,1.2402460559786395,1.4105406259671438,205.22597496677577,1.3461553886166153,1.0080573965702524,1.007520513490592,1.0119694061682687,1.5780013393277539,1.0051525756101185,1.0270596845515376,1.0932470205977547,1.3419272723401279,1.0080573965702524,1.0564198369191378,1.1394904887152952,3.8095322604667086,28.27758170753918,1.0866377788293848,1.2211039016660958,1.0004072952726706,1.1179666159545965,1.2643798597151152,1.4131802247379437,1.7287010624135453,188.4751871504243,39.407296406588536,1.0404192461382369,1.0808050150217048,1.2568408632328176,1.1382697385553484,1.1078504877827013,1.0751408583685256,11.831669193229088,1.9762765726313556,1.053672429996765,1.1645698866122562,1.2585342821126568,1.8589997332725317,1.4254139607615957,1.769220159167507,4.476346867605843,4.1344789536335345,1.769220159167507,26.740001816211553,3.221926191187968,55.19341255558118,1.0310000545724152,1.0004072952726706,1.7312674809436368,1.0578225383371875,1.0080573965702524,1.0932470205977547,1.4208251612753104,1.0563252214062369,1.0217251485343486,1.111001172598163,1.0093413815402814,5.672090925367534,1.0959912561091092,null,1.2211039016660958,1.1010958149676868,3.7614543778732883,23.64595789313861,1.0236855720225442,1.0004072952726706,9.031281412005065,3.3723752654687615,1.626327774070988,1.4544978261813712,1.0718906551198268,null,1.0004072952726706,1.118826480060621,1.7425806647879554,1.0231851136619408,1.1118829048725059,1.3259649179477069,1.1374316848423685,1.0424135860513852,1.1234504834433874,17.14558955059453,1.4504227330377741,1.0556227470943047,null,1.4041107564515125],"transport.cargo_vehicle_flow.roads.total":[399.7715541472186,3266.4985758849107,7286.647096062794,1994.2118617490694,1709.3244529277738,6297.1759455783495,119014.07690297705,6181.371828406585,192.24950070882005,647.3894858399735,194.93138097150907,4976.867611339964,null,755.8911752202961,1186.684132412512,1726.4517466279067,154.99223678233784,2565.6541330027367,3696.057124694399,4112.2022128027675,5659.654220876983,6437.384650880783,4396.19498032832,null,67.33560828525039,4722.921782597607,3758.2465774391185,158.30713326105214,9842.375315048912,24567.259100291758,215.75598704579483,6848.063733622753,12019.064190653939,59.92324118253373,3507.1979881330635,614.6100648948881,14568.21144578732,5771.74118300652,null,899.5965636540499,82.73066501161759,6808.7469505318595,12708.395456632568,5693.883474729992,17112.877741264383,4653.9355853499965,503.28866005785227,22733.621480944734,366.2942081550251,25356.434439988763,null,null,326.3513874827157,null,246.19862452881785,1211.9451924707996,456.9113569780852,573.8321482402557,779.7255238860364,551.9081588917128,684.944067633538,614.610064894888,7695.69127242391,null,5130.460848282608,5725.946945781919,3053.8122399967824,3788.249094272406,884.3895157856971,null,46296.880029412816,3447.578365720605,489.6780711550341,1026.5868023252194,913.8227139561704,null,null,338.07685680865336,1578.4465610383327,465.80188360779266,null,931.6037672155853,2827.261227026208,409.7400432632587,6125.987238200211,7838.455830380203,null,897.2051842537323,null,2116.6653865635103],