{"municipalities_area_set":{"area_entities":{"id":[1,2,3,4,5,6,7,8,10,15,17,18,19,20,21,22,24,25,26,27,29,30,31,32,33,34,36,40,41,44,45,51,54,55,56,57,58,59,61,62,63,65,66,69,70,71,75,76,80,82,85,86,88,89,90,91,92,93,100,101,102,103,104,105,108,109,110,111,114,119,121,123,124,126,130,131,135,138,141,143,147,150,152,154,155,156,157,160,162,164],"transport.cargo_vehicle_flow.roads":[408.3167370965927,314.0030061680277,302.884512425599,289.0839645627792,289.0839645627792,564.9895581577498,1474.9469051080864,329.57728138244335,66.64065168417812,66.64065168417812,75.1258409558921,408.3167370965927,null,78.19954702885802,408.3167370965927,157.7745964514729,66.64065168417812,329.57728138244335,415.97077903083243,267.72666356983643,329.57728138244335,401.2575908804431,540.1394741466568,null,0.06204861163159934,415.97077903083243,104.3066093013684,45.165069619026994,900.0173977996292,513.9994216535478,34.133598517559086,377.4200637428695,540.1394741466568,45.165069619026994,460.816297423372,78.19954702885802,475.9860110317582,422.4149720827363,253.69028459882895,564.9895581577498,45.165069619026994,408.3167370965927,318.39065004581215,564.9895581577498,288.8869524935143,233.78035947716364,255.61036631332183,407.9415226064266,34.133598517559086,1415.5524920170656,0.47622979957980716,null,34.133598517559086,null,66.64065168417812,408.3167370965927,267.72666356983643,75.1258409558921,75.1258409558921,75.1258409558921,66.64065168417812,78.19954702885802,540.1394741466568,null,540.1394741466568,377.4200637428695,258.21893242250803,212.49467126251008,85.49910283260594,null,1509.9430872041746,19.95259993794111,45.165069619026994,255.61036631332183,267.2504337702566,null,null,45.165069619026994,267.72666356983643,75.1258409558921,null,75.1258409558921,267.2504337702566,78.19954702885802,528.890232253418,318.39065004581215,null,318.39065004581215,null,108.42749914763105],"transport.volume_to_capacity_ratio.roads.max":[0.6241684030466957,0.48924747599277113,1.0618892161226403,0.5060468325936774,1.19600577335989,0.9091485984066765,1.6425250707676278,0.9167722118701289,0.34107266346658943,0.33709576623891513,0.38046138026801485,1.098289724058774,0.31942736520781806,0.524250621545134,0.6241684030466957,0.8662788402141169,0.34107266346658943,0.6285912037019717,0.7727060478246028,1.237150742082821,1.4990606221649498,0.7116069935835296,0.7138435465315175,0.1619652999492823,0.6692711784908981,0.8437437892207679,0.8570768562962545,1.1354652040963162,1.0536515566655231,1.6731206954993123,0.549690059350067,0.5400937344162784,0.8012557593726878,0.6949041551186725,0.6006520825963672,0.6689638997743118,1.2882749807008858,1.5715851646881491,0.8106580823852136,0.7445860460176102,0.8134921035857121,1.086294787657649,1.21484098025288,1.0629710657259186,1.1359395565644579,0.9184815556048267,1.0629710657259186,1.1095319992997985,1.5244620098166093,1.0840403849464049,0.47877147494827244,0.1619652999492823,1.6008099678913508,0.647171169271915,0.34107266346658943,0.6241684030466957,0.914012125643427,0.5642987528732785,0.441874066999671,0.6808817885667441,0.3542711664641277,0.9640266410271907,0.5576123525579081,0.11771500466179591,0.7138435465315175,0.561246044407713,0.7026416114396222,0.8029013056364765,0.4488825339290648,0.1619652999492823,1.3105793001710326,1.1574539805214694,1.093642564896723,0.9329650040249841,0.589151193637853,0.07187863130108992,0.1619652999492823,0.6938179839820912,1.0510025072515157,0.4476823407557721,0.6726063216903003,0.8836201947182805,0.6927011624140708,0.5818982731646655,0.6191807019386975,1.176470144635505,0.9300660531178792,0.7437003768548407,0.03245348302385117,0.8920572061959963],"transport.delay_factor.roads.max":[1.0971302379052872,1.0366686017140276,1.813760893963756,1.04197037190746,2.309522842291006,1.4372395796580424,5.6583058826987775,1.452090871501432,1.008657025535154,1.0082685431561094,1.0134220564812508,1.9312100510104577,1.0066566262472336,1.0483432440434335,1.0971302379052872,1.3604215912003448,1.008657025535154,1.0999201716399605,1.2281587976743529,2.499237559773153,4.231891396523946,1.164112176209462,1.1661851160104448,1.000442810595299,1.1284069308613986,1.3243562943032923,1.3453496704326444,2.063837497146577,1.7888020424556608,6.015319062875882,1.058436548936841,1.0544573533174466,1.2637938284492112,1.1492380645302303,1.0833051638311657,1.1281712742056917,2.7628455518690016,4.904196395497054,1.2763954199040073,1.1967159371072693,1.2802807950161108,1.8911909275878405,2.393983740673569,1.8170821940531543,2.0656163284234657,1.4554720502633247,1.8170821940531543,1.9699275645722432,4.456578292155874,1.8838159217062673,1.033627380923055,1.000442810595299,5.202803580307321,1.1122681641221748,1.008657025535154,1.0971302379052872,1.446671047543953,1.064895761937181,1.0243991125610554,1.137551980335177,1.01007486184094,1.5527593754290334,1.061874188741382,null,1.1661851160104448,1.0635028397421842,1.155996709250478,1.2659675364161922,1.0259842869212277,1.000442810595299,2.8881356444444655,2.1486690123499836,1.9155490008663967,1.4848879458048687,1.077105795410046,null,1.000442810595299,1.1483071826448226,1.7808992078549413,1.0257053174455273,1.1309856601904738,1.3901597871072555,1.147354580256824,1.0733784016401045,1.0940696704848425,2.226037111102415,1.4788893144278086,1.195781648150911,null,1.4052759173486418],"transport.cargo_vehicle_flow.roads.total":[395.8731525923578,2814.6113326556742,8221.403874927237,1973.824107045871,5251.699895016931,7233.087514341829,92673.45305947887,6090.604373648903,190.1905776295018,640.4561770470277,192.8437359181495,4863.8249997173625,null,492.9025598814721,1175.1758732728385,1708.4897446955429,153.3323256135195,2525.812227607144,4458.806392172973,3866.9584031226755,5986.969594093613,9353.954789549323,3747.2286120509716,null,0.03102430581579967,5475.0332545595575,3031.241751892846,156.73786730708656,4973.553315900488,20107.918080821153,258.76008861118794,4819.726545061162,9096.987320114284,59.32684191903071,2846.868431819305,414.70301285261405,12974.899876808915,7644.5669881991,1906.770472502507,1033.298216334547,81.90937672854422,6742.287178574318,9766.131109846552,6496.170311396941,19318.690777750788,3698.878614390788,511.22073262664367,21724.607413537735,449.2529801872578,18836.669616360832,0.47622979957980716,null,393.33048991939296,null,243.5619257167541,1200.0630422813083,510.68159703457536,567.6866121046062,771.3749436725981,545.9974208049217,677.6085627625591,484.00930992794184,6414.178238400448,null,4276.118825600299,4521.625371466524,2590.923321221979,2218.353662742453,875.0363455207552,null,34721.63807272744,257.87545230058123,484.82199967443273,1033.7744076635363,1020.4107344699912,null,null,334.71839306417877,1801.6763738718817,460.8133127921911,null,921.6266255843823,3149.469232361774,276.46867523507603,5111.057259539448,6154.427691061083,null,875.1608648379573,null,1119.9504636390482],