{"municipalities_area_set":{"area_entities":{"id":[1,2,3,4,5,6,7,8,10,15,17,18,19,20,21,22,24,25,26,27,29,30,31,32,33,34,36,40,41,44,45,51,54,55,56,57,58,59,61,62,63,65,66,69,70,71,75,76,80,82,85,86,88,89,90,91,92,93,100,101,102,103,104,105,108,109,110,111,114,119,121,123,124,126,130,131,135,138,141,143,147,150,152,154,155,156,157,160,162,164],"transport.cargo_vehicle_flow.roads":[408.3167370965927,313.2608255338255,299.6844444097979,289.08396456277916,289.08396456277916,565.5250112849753,1489.6217271266403,329.57817317243985,66.64065168417812,66.64065168417812,75.12584095589207,408.3167370965927,null,77.79642575123881,408.3167370965927,157.7745964514728,66.64065168417812,329.57817317243985,416.3147989230627,267.9333910768131,329.57817317243985,401.48775163625163,540.1311088798641,null,0.03726414590408695,416.3147989230627,105.75468279220944,45.165069619026994,864.5638401294693,513.9994216535476,34.12042833961013,377.2030731650099,540.1311088798641,45.165069619026994,460.80889894862264,77.79642575123881,469.70853280562307,407.6908448660419,253.9000418525799,565.5250112849753,45.165069619026994,408.3167370965927,318.4173200084049,565.5250112849753,288.8869524935143,234.21878498077842,255.80179954831704,408.34517731314656,34.12042833961013,1415.2226949164096,0.2798360289373096,null,34.12042833961013,null,66.64065168417812,408.3167370965927,267.9333910768131,75.12584095589207,75.12584095589207,75.12584095589207,66.64065168417812,77.79642575123881,540.1311088798641,null,540.1311088798641,377.2030731650099,255.54233133789944,209.38995054373402,85.49910283260594,null,1509.9356887294248,18.93743441025897,45.165069619026994,255.80179954831704,267.6535550478758,null,null,45.165069619026994,267.9333910768131,75.12584095589207,null,75.12584095589207,267.6535550478758,77.79642575123881,528.142557654468,318.4173200084049,null,318.4173200084049,null,108.40268159713199],"transport.volume_to_capacity_ratio.roads.max":[0.624194221454545,0.4894387728641982,1.041042377295646,0.5076854768676469,1.1974273497215184,0.9100951760133681,1.6450545908227996,0.9168233294201706,0.34106026816221735,0.33694089074915573,0.3804994044337247,1.0974349755005994,0.3194277591027899,0.5260186936503314,0.624194221454545,0.8657079959613958,0.34106026816221735,0.6278190818933725,0.7734103021757689,1.2371677769936413,1.4946235457963064,0.711388386716363,0.7138211179327169,0.16197267351578737,0.6694035209477791,0.8438649646367122,0.8572190499394379,1.135486567634001,1.0346068660591103,1.6765708333886622,0.5501489998951969,0.540223354746667,0.8016211082414494,0.6947005017070863,0.6007587840538028,0.6711967923441758,1.2860858634666674,1.5656272597745378,0.8121345681051088,0.7452026469859951,0.8131777857446616,1.0863443387833431,1.3029248068061041,1.0636533510831288,1.1373991738323748,0.9155322159655181,1.0636533510831288,1.110295952610887,1.5258211895448066,1.078279164284963,0.4788252305861845,0.16197267351578737,1.6058081598507248,0.6469793924251952,0.34106026816221735,0.624194221454545,0.9147450394222549,0.5644849208071553,0.44195675601085216,0.6810555212085012,0.3542415044832995,1.017022045350594,0.5575756435257161,0.11730703969654092,0.7138211179327169,0.5613760879140466,0.7024819264186007,0.7995361937770207,0.4486056767415598,0.16197267351578737,1.3109336206453648,1.1576535004418604,1.092664338062753,0.9335129613205257,0.5887876082079249,0.07199489595818036,0.16197267351578737,0.6938233527717701,1.0505353383689295,0.4477428552248677,0.6726494882351826,0.8839399095996945,0.6926665884734275,0.5838517461772249,0.6192564815163577,1.1787030271911105,0.9303347346134591,0.7432037345843768,0.032076654134984846,0.8928463574776934],"transport.delay_factor.roads.max":[1.0971536114908766,1.03672598538413,1.751715677931254,1.0425166397849506,2.3157599639571576,1.4390633872290235,5.6870677592295,1.4521917109918037,1.0086587245910419,1.0082488774697511,1.0134118221117356,1.9283145609210708,1.0066555192141498,1.048998714637888,1.0971536114908766,1.3594725142653807,1.0086587245910419,1.0994301329040561,1.2289917231121106,2.499320136308933,4.193796589512944,1.1639106069689122,1.1661642311896703,1.0004429355024762,1.1285085263309125,1.3245426659352386,1.345578908916246,2.063917562916278,1.733299516952251,6.05670479317032,1.0586274878286654,1.0545096503259406,1.2642752862766322,1.1490631944698764,1.0833643738229184,1.1298911205172553,2.750893909861494,4.845328719448167,1.278414570377926,1.197368358625546,1.2798478653859862,1.8913535447181276,2.844409647979715,1.819182044966969,2.071103917752568,1.449649896558666,1.819182044966969,1.9726016470262304,4.468922051360502,1.8651767248540412,1.0336457824023126,1.0004429355024762,5.255539399321059,1.112135149135021,1.0086587245910419,1.0971536114908766,1.44810545012069,1.0649814434304778,1.0244133239542808,1.1376924241964157,1.0100781107159544,1.6847017562095508,1.0618578970125956,null,1.1661642311896703,1.0635617158992166,1.1558549479494162,1.2615366083727164,1.025920240911102,1.0004429355024762,2.890178333409146,2.149461239495615,1.912277680969246,1.4860281045718537,1.0769156329992238,null,1.0004429355024762,1.1483117731243537,1.779511699670978,1.0257214016767586,1.1310192890311992,1.3907247701529162,1.1473251635479889,1.0743687201754275,1.0941157305034925,2.2353714762562116,1.4794429287139241,1.1952592007241984,null,1.4067119178758376],"transport.cargo_vehicle_flow.roads.total":[395.8731525923578,2813.0916272356,8169.059806905529,1973.824107045871,5253.129889161257,7244.033920096675,92318.40205346496,6087.154057293158,190.1905776295018,640.4561770470277,192.84373591814946,4864.869951930584,null,495.63429524351847,1175.1758732728385,1708.4897446955424,153.33232561351952,2524.0956977184587,4467.070789877984,3858.746443105789,5985.572927667306,9359.195039116757,3744.9521084828602,null,0.018632072952043475,5483.2976522645695,3047.878525703329,156.73786730708653,4862.708543069361,20269.895351272044,257.95380384111434,4834.974028803378,9086.06241929909,59.3268419190307,2845.1382850249797,417.83786949227965,12808.05382886852,7447.875853797689,1907.5903482015449,1034.8619885852393,81.9093767285442,6742.287178574318,9755.661758889359,6506.390264152508,19309.735246006196,3664.577546214282,511.60359909663407,21519.420757486987,447.66675100300847,18792.684781846314,0.2798360289373096,null,392.07626916594506,null,243.56192571675413,1200.0630422813083,509.8683706848784,567.6866121046061,771.3749436725977,545.9974208049216,677.6085627625592,480.68452303922396,6409.641999205992,null,4273.094666137328,4524.808086569722,2572.091017461658,2209.540092015304,875.036345520755,null,34569.723574157026,249.73291985170437,484.8219996744327,1033.9554013402178,1019.1770693118821,null,null,334.7183930641787,1798.6578472471974,460.8133127921909,null,921.6266255843819,3145.7678684996645,278.55857966151973,5107.287228473185,6152.048555566437,null,875.2204393679627,null,1115.5657109096164],