{"municipalities_area_set":{"area_entities":{"id":[1,2,3,4,5,6,7,8,10,15,17,18,19,20,21,22,24,25,26,27,29,30,31,32,33,34,36,40,41,44,45,51,54,55,56,57,58,59,61,62,63,65,66,69,70,71,75,76,80,82,85,86,88,89,90,91,92,93,100,101,102,103,104,105,108,109,110,111,114,119,121,123,124,126,130,131,135,138,141,143,147,150,152,154,155,156,157,160,162,164],"transport.cargo_vehicle_flow.roads":[404.432552533681,310.532544047056,304.21811208952585,286.1454056549101,286.1454056549101,559.5182908076231,1459.2829679674107,326.26617983198287,65.94366046483658,65.94366046483658,74.3401035693482,404.432552533681,null,76.47815553146604,404.432552533681,156.18351278014202,65.94366046483658,326.26617983198287,411.55580696186684,265.61518911612825,326.26617983198287,397.95296624146874,535.2363200753869,null,0.04577947234935206,411.55580696186684,98.97826483467935,44.73786752428805,853.7421402724428,508.85577479280755,33.850032302371815,373.64133597432203,535.2363200753869,44.73786752428805,456.46705198501047,76.47815553146604,461.79700924344615,420.8605880186361,251.7267868794882,559.5182908076231,44.73786752428805,404.432552533681,315.3124274630679,559.5182908076231,285.97515862529644,219.34293686193743,253.5167284666692,404.89723905450114,33.850032302371815,1403.3954560563936,0.030203403079880526,null,33.850032302371815,null,65.94366046483658,404.432552533681,265.61518911612825,74.3401035693482,74.3401035693482,74.3401035693482,65.94366046483658,76.47815553146604,535.2363200753869,null,535.2363200753869,373.64133597432203,263.86641768894225,219.34293686193743,84.62021959173376,null,1496.672139449426,23.308826214554585,44.73786752428805,253.5167284666692,265.58498571304835,null,null,44.73786752428805,265.61518911612825,74.3401035693482,null,74.3401035693482,265.58498571304835,76.47815553146604,523.561336666378,315.3124274630679,null,315.3124274630679,null,107.49179737020272],"transport.volume_to_capacity_ratio.roads.max":[0.6285804787307736,0.4944221017654817,1.1574741931473418,0.506898399088467,1.2019426777938966,0.913892702121132,1.6567873241021074,0.9380221704540838,0.34646428051814554,0.34235951704713763,0.386992335250936,1.1079835745338698,0.323869853839406,0.5299968446011676,0.6285804787307736,0.8788168623534413,0.34646428051814554,0.6399498013249635,0.7840234821518236,1.2527796357158878,1.5297320614943186,0.7167582176867736,0.7196916904134281,0.16498983138826492,0.6776949466231103,0.8541863034813241,0.8730328501707477,1.1528564111601054,1.0007480174946275,1.6900904120126823,0.5555662131133202,0.5453657695243345,0.8104604684423821,0.7062971777675957,0.6072242989880092,0.6762796943642665,1.284615918152712,1.5649853493561647,0.8166505296754216,0.7491698300630814,0.8272796880646205,1.0924690084349478,1.2636056717498958,1.0732407868616354,1.1523016730325817,0.9250108612631646,1.0732407868616354,1.0955670538259612,1.5407465003938945,1.0701045044930053,0.48595086394505904,0.16498983138826492,1.6125143257358838,0.6547409246689379,0.34646428051814554,0.6285804787307736,0.9233512380086111,0.5743093830195259,0.4496677864910757,0.6942407781203547,0.35980836440367286,1.0688605164070712,0.5605785622551327,0.11966606488918403,0.7196916904134281,0.5669286092371659,0.5810847447442058,0.9527985294868021,0.45519281744061596,0.16498983138826492,1.3056391070181075,1.167520742778646,1.1093063566154373,0.9397701238657938,0.5972794208752213,0.0726360386493102,0.16498983138826492,0.7043656104136718,1.0630928324952271,0.45577471420209575,0.6819540664484306,0.8994718862838557,0.6999393152240949,0.5881914742816613,0.6252858107509154,1.1970836077916718,0.9400804684803987,0.7540855241738609,0.028559737064541863,0.9032134628663304],"transport.delay_factor.roads.max":[1.0999133524956226,1.0382447194778273,2.148749251307453,1.0422535937501491,2.3357186761291517,1.4464376476813787,5.8222200741863945,1.495487139502526,1.0092194747124645,1.0087924436620341,1.0143496479776464,1.9645244977981418,1.0070372152882896,1.050497875808981,1.0999133524956226,1.3817451248371873,1.0092194747124645,1.1073404986027036,1.2418222487390298,2.576444605590746,4.504624159141597,1.1689159645454386,1.1716982731697825,1.000476074889346,1.1349947761158552,1.3407143204608225,1.3717939478556496,2.1305267692176084,1.6419170744537666,6.221793891936861,1.0609709944596248,1.056614995348146,1.276126011031231,1.1592684881519084,1.087011477386211,1.1338706477657425,2.7429028130154385,4.839026225876677,1.284659030779891,1.2016049040033145,1.299770863859154,1.91162552430233,2.6316471260374,1.84911917828473,2.1283523656011347,1.4685622566101186,1.84911917828473,1.9220104179256676,4.606656101279078,1.8392372320111359,1.035688138114554,1.000476074889346,5.327073782172312,1.1176137029737097,1.0092194747124645,1.0999133524956226,1.4652085813732625,1.0696247455812475,1.026166587010866,1.148669010944996,1.0107337948741164,1.8353416047735978,1.0632012860326,null,1.1716982731697825,1.06611400531258,1.0729689118859518,1.5274536315151566,1.0274765104865118,1.000476074889346,2.859827106028009,2.1891548043352786,1.969138798476647,1.4991907291844866,1.0814498295763428,null,1.000476074889346,1.1575333650986277,1.8174566560097938,1.027633256251907,1.1384205171820996,1.4189192802223731,1.153610720840832,1.0766046045164808,1.09783500428836,2.314249769108942,1.4998504561024308,1.2069485508745046,null,1.4259332885213916],"transport.cargo_vehicle_flow.roads.total":[392.17937775916323,2787.6077624835825,8314.714065629672,1954.310600522902,5203.265612036367,7137.836313416104,92245.21217014542,6035.5941219847255,188.20138395778486,633.7576781504328,190.82679299752849,4813.255988050258,null,471.3075689994701,1164.284958502972,1691.236082502274,151.72863054312427,2503.674883783807,4391.779711780488,3863.907491309079,5999.842323911131,9278.296011563225,3711.628869219482,null,0.02288973617467603,5397.797202578787,2929.2328930331378,155.24565886379216,4585.696884296268,19742.710325027678,255.08506488037648,4766.685548800731,9005.264849377072,58.75923838490672,2818.71836246201,394.8294134680041,12803.893218062047,7460.670674540369,1889.934513519541,1019.6909019165862,81.12817214705075,6679.3025966802925,9666.79935323656,6407.708443044113,17852.971646055525,3597.138034748395,507.0334569333384,21466.56099903577,442.4700651560094,18743.266354896954,0.030203403079880526,null,387.69185481903133,null,241.01452380365424,1188.7913080520075,509.6808568310799,561.7492064224134,763.3071719901138,540.2868612820693,670.5214889350939,452.7882672786841,6352.78594045059,null,4235.19062696706,4458.134850026461,3000.6722583061555,2934.23650725291,866.0223668858421,null,34543.428389535715,283.6894253729163,480.20397327573386,1023.8914507981242,1019.3013068560001,null,null,331.52337401851236,1794.7785732216873,455.99368956440514,null,911.9873791288102,3145.2812215693357,263.2196089786694,5060.483709614419,6093.738701723182,null,866.6894274116337,null,1107.4459903327563],