{"municipalities_area_set":{"area_entities":{"id":[1,2,3,4,5,6,7,8,10,15,17,18,19,20,21,22,24,25,26,27,29,30,31,32,33,34,36,40,41,44,45,51,54,55,56,57,58,59,61,62,63,65,66,69,70,71,75,76,80,82,85,86,88,89,90,91,92,93,100,101,102,103,104,105,108,109,110,111,114,119,121,123,124,126,130,131,135,138,141,143,147,150,152,154,155,156,157,160,162,164],"transport.cargo_vehicle_flow.roads":[404.432552533681,310.21307325913796,303.9533841797991,286.14540565491006,286.14540565491006,558.1306982072639,1476.3966508812673,326.2665347610167,65.94366046483657,65.94366046483657,74.3401035693482,404.432552533681,null,76.47115104876207,404.432552533681,156.18351278014202,65.94366046483657,326.2665347610167,411.8653251342909,267.3222525044051,326.2665347610167,397.8919849897243,535.2605279336002,null,0.058038882345271506,411.8653251342909,98.16293621609891,44.73786752428805,869.9233665508816,508.85577479280755,33.85778290898515,373.69456661945327,535.2605279336002,44.73786752428805,456.49074341795733,76.47115104876207,458.18950743469736,403.72073149270966,253.43195656145565,558.1306982072639,44.73786752428805,404.432552533681,315.29671640708796,558.1306982072639,285.97515862529644,220.12915938712928,251.81961769388613,404.90395859871455,33.85778290898515,1404.0480576878288,1.7302623086528839,null,33.85778290898515,null,65.94366046483657,404.432552533681,267.3222525044051,74.3401035693482,74.3401035693482,74.3401035693482,65.94366046483657,76.47115104876207,535.2605279336002,null,535.2605279336002,373.69456661945327,263.2541864193036,220.12915938712928,84.62021959173377,null,1496.695830882372,22.72288572354713,44.73786752428805,251.81961769388613,265.59199019575226,null,null,44.73786752428805,267.3222525044051,74.3401035693482,null,74.3401035693482,265.59199019575226,76.47115104876207,523.2450989497403,315.29671640708796,null,315.29671640708796,null,107.525702182498],"transport.volume_to_capacity_ratio.roads.max":[0.6285070592571537,0.49428643193124683,0.9765097002607729,0.5080800031893629,1.2046607045289608,0.9143070602173078,1.6551309173719133,0.9377985184140815,0.3464772681863054,0.342447103405973,0.3869736165584624,1.1085095104069038,0.3238195228617816,0.527681269445679,0.6285070592571537,0.8793399260256184,0.3464772681863054,0.640305369693536,0.783074160556245,1.2528575617445716,1.514920045311633,0.7166248505553475,0.719567165265521,0.16499074191991975,0.6844250928631338,0.8540547132602059,0.8724171358157073,1.1525689710739695,1.050492267330824,1.6847794590641954,0.5557155890866193,0.5451524790210989,0.8102043509141446,0.7057152324267562,0.6064677731096039,0.6732679252095912,1.2870364374255836,1.5716152555568808,0.817227989714025,0.7495346374425358,0.8265236120569529,1.0923284955499277,1.2463708601295918,1.0727593590836657,1.156366355673752,0.9262823589867424,1.0727593590836657,1.101625782340502,1.5412303742121252,1.0751938056899841,0.4863618408071169,0.16499074191991975,1.6129347676347614,0.6546803279940973,0.3464772681863054,0.6285070592571537,0.9234814554797333,0.574377562279864,0.44963692425707075,0.6948895588248475,0.359834696925365,1.0011777807060849,0.5605645188018826,0.11986467683115651,0.719567165265521,0.566722169215316,0.5779922947634476,0.9456861084602549,0.45536407166954396,0.16499074191991975,1.3051774063491282,1.168126248320452,1.109433101153464,0.939418209979097,0.5970443578338638,0.07274641374624301,0.16499074191991975,0.7042520272106995,1.0628330673081592,0.45581733771527067,0.6821416707428649,0.8998822641287759,0.6999278814862552,0.5855971162982708,0.6245643553581801,1.195345554231536,0.9402616954068057,0.7540191371304695,0.02858207200208531,0.9033370195743826],"transport.delay_factor.roads.max":[1.09986668034541,1.0382027592218652,1.5819507349555457,1.0426489539608228,2.3478418916168033,1.4472478561420963,5.802964525651279,1.4950147537257499,1.0092216144706314,1.0088103630405882,1.0143569024075956,1.966357157959116,1.0070332998208733,1.049621134449207,1.09986668034541,1.382654781240034,1.0092216144706314,1.1075792592495828,1.240653148712989,2.57681019204512,4.37084530804551,1.1687902789223714,1.1715794711624368,1.0004762129877156,1.140437687061357,1.3405044163064022,1.370746212646434,2.12939970015082,1.779383870317048,6.156466607834894,1.061036594384508,1.056528817692436,1.2757771367897286,1.1587442268654753,1.0865786651993348,1.1315017928478073,2.7560761464528905,4.904495415971401,1.2854650237567606,1.2019978760190604,1.2986764865275922,1.9111028026873642,2.54443317174208,1.8475966324105657,2.144357614543246,1.4711438711725946,1.8475966324105657,1.942575919037976,4.611188939714976,1.855316773058897,1.0358111236480698,1.0004762129877156,5.331588457777768,1.117570168136059,1.0092216144706314,1.09986668034541,1.465471064807448,1.0696578135349843,1.026159404141902,1.1492255260873847,1.010725698616918,1.6430204495140668,1.063194953068669,null,1.1715794711624368,1.0660177595183211,1.0714279472853,1.5118798243562401,1.0275178830615121,1.0004762129877156,2.8571978096174275,2.191623626129882,1.9695817927918804,1.4984434251599303,1.0813216848956135,null,1.0004762129877156,1.157431776853446,1.8166579714267845,1.0276316295805765,1.1385728969533737,1.4196843197194684,1.153600683961131,1.0752619890264332,1.0973842566459795,2.3066337043936516,1.500236008458117,1.2068756844007051,null,1.4261664015867679],"transport.cargo_vehicle_flow.roads.total":[392.17937775916323,2787.0668057316716,8057.504664486603,1954.3106005229015,5215.224322328199,7132.035586439844,92028.3436911476,6046.796983481747,188.2013839577848,633.7576781504325,190.82679299752849,4812.433654948973,null,468.8335652129129,1164.284958502972,1691.2360825022738,151.72863054312424,2509.2710446263686,4396.972315216227,3870.890816211624,5981.232184021729,9273.603840287058,3710.7770159329175,null,0.029019441172635753,5402.989806014525,2917.412073833874,155.2456588637922,4694.313257613257,19789.592023162797,256.346838569446,4787.817772344151,9001.299484074245,58.75923838490673,2818.188702687639,392.36241416415083,12573.075473919063,7306.4683941758,1896.7664535064405,1018.8622266342634,81.12817214705075,6679.3025966802925,9662.604552499239,6404.98987709826,18014.447450576572,3683.243740465289,503.63923538777226,21468.612649630522,444.9781113209217,18341.745120927662,1.7302623086528839,null,389.65461389091723,null,241.01452380365419,1188.7913080520075,510.80479504310676,561.7492064224134,763.3071719901138,540.2868612820693,670.5214889350939,447.3613685401838,6351.033761300042,null,4234.022507533362,4469.038815589142,2947.2030103427655,2871.722886130204,866.0223668858421,null,34119.15675472185,279.0151573890238,480.20397327573386,1022.1984330900179,1018.1490654689078,null,null,331.52337401851236,1806.657686868337,455.99368956440514,null,911.9873791288102,3141.8244170954986,261.57494277610056,5058.996377387923,6092.559297291646,null,866.6543224474899,null,1106.0043287712567],