{"municipalities_area_set":{"area_entities":{"id":[1,2,3,4,5,6,7,8,10,15,17,18,19,20,21,22,24,25,26,27,29,30,31,32,33,34,36,40,41,44,45,51,54,55,56,57,58,59,61,62,63,65,66,69,70,71,75,76,80,82,85,86,88,89,90,91,92,93,100,101,102,103,104,105,108,109,110,111,114,119,121,123,124,126,130,131,135,138,141,143,147,150,152,154,155,156,157,160,162,164],"transport.cargo_vehicle_flow.roads":[400.74986162679966,307.4589925928674,289.3566145799298,283.3210156405304,283.3210156405304,552.4632189142017,1466.0756866290376,323.09273172027974,65.27002976489689,65.27002976489689,73.58070113933431,400.74986162679966,null,75.81237579031696,400.74986162679966,154.65665876094002,65.27002976489689,323.09273172027974,408.12790281756423,265.23460787930685,323.09273172027974,394.1522734615434,530.5574242173816,null,0.030859207704214145,408.12790281756423,107.7672931429935,44.33332154202587,854.3978629546809,503.92738725815093,33.58635277132113,370.79503571244726,530.5574242173816,44.33332154202587,452.2726798791724,75.81237579031696,456.43861381167136,398.115000643822,251.49051508903432,552.4632189142017,44.33332154202587,400.74986162679966,312.3903249074142,552.4632189142017,283.18119606277264,207.61571926536283,248.90128820252693,401.0159561959248,33.58635277132113,1392.5725725433151,2.215419478306119,null,33.58635277132113,null,65.27002976489689,400.74986162679966,265.23460787930685,73.58070113933431,73.58070113933431,73.58070113933431,65.27002976489689,75.81237579031696,530.5574242173816,null,530.5574242173816,370.79503571244726,258.94639476158085,207.61571926536283,83.7736257608301,null,1484.2336319333626,20.591890968896976,44.33332154202587,248.90128820252693,263.0191884010007,null,null,44.33332154202587,265.23460787930685,73.58070113933431,null,73.58070113933431,263.0191884010007,75.81237579031696,518.7621224234232,312.3903249074142,null,312.3903249074142,null,106.54226652017527],"transport.volume_to_capacity_ratio.roads.max":[0.6327528683922136,0.49929734706530304,1.1153325084761008,0.5096185624313954,1.2135118047719924,0.9208302263017957,1.663410391719101,0.9496671525912618,0.35182807297814694,0.34734542382652417,0.3931962859575284,1.115315703486159,0.3243558970841303,0.5599874235826666,0.6327528683922136,0.8887955461684133,0.35182807297814694,0.6479076955217157,0.7928889895101309,1.268257926349564,1.538314634110026,0.7216222577459735,0.7250679194417656,0.16792831990084597,0.6999446273108509,0.8641501515717285,0.9552064425582905,1.1846315828617107,1.030688141124249,1.7030585730530694,0.5606413657955859,0.5499667422452785,0.8190869767033864,0.7175946910517023,0.6119142239930788,0.698308823612778,1.2867529043704515,1.5723461649377994,0.8237148065281663,0.7551322286735822,0.8400525710440194,1.0982319559597384,1.2689014511047003,1.0810969740287315,1.1667563686453777,0.9344872992216838,1.0810969740287315,1.1081451818529309,1.5547037192167317,1.1177324014887764,0.4933828836149482,0.16792831990084597,1.6250879905845823,0.6609730010195702,0.35182807297814694,0.6327528683922136,0.9325747454519057,0.5834127177431327,0.456974580031135,0.705476205809876,0.36527981498608614,1.0143733535255788,0.5634718603921233,0.12197885169240034,0.7250679194417656,0.5719252488607041,0.5899615280964783,0.9695372740747317,0.46088413218068797,0.16792831990084597,1.3006541012237882,1.1786426371204317,1.1288501910846052,0.9443340658006785,0.6033989191507034,0.0735913624617673,0.16792831990084597,0.7323474619544913,1.0721485416133771,0.4634824995905195,0.6908182689392744,0.9132710694584522,0.707037422637011,0.6144611628654562,0.6296524140146212,1.216412808070928,0.9503608048518533,0.7653781582799395,0.02915044455597633,0.9126972030795777],"transport.delay_factor.roads.max":[1.10259270111208,1.039775624589303,1.9903698643332337,1.0431679005734766,2.3878930327962635,1.460148743397197,5.899791671575801,1.5205538237346405,1.0098002051429065,1.0093239807540346,1.0152995399356899,1.990310177094365,1.0070838142842287,1.0629351205229924,1.10259270111208,1.3993810482999178,1.0098002051429065,1.1127801134725226,1.2529469937071323,2.6558092903190778,4.583939420438712,1.173548016538727,1.1768865188021718,1.0005107285791774,1.1536153841180468,1.356892002286875,1.5328058025159286,2.2604139518305577,1.7222525613747093,6.383916470862296,1.0632296134205999,1.0585498361418777,1.2880713429188053,1.1697058612429203,1.0897309298208806,1.1521843846973872,2.7545292092808182,4.911763922121399,1.2946371225478364,1.2080999608661107,1.318717445102879,1.9310141464537722,2.659172535372448,1.8742559184854701,2.1860437095588585,1.4880604170821445,1.8742559184854701,1.9650873520794143,4.7391296491656085,1.9989214451176844,1.0379241878985201,1.0005107285791774,5.463622905081829,1.1221560143445601,1.0098002051429065,1.10259270111208,1.4840771416400087,1.0741452855476459,1.0279092485615142,1.1585292686469806,1.0113970441641114,1.6775967323431642,1.0645162184213932,null,1.1768865188021718,1.0684757903016444,1.077530884996405,1.5655070390710215,1.0288818861863513,1.0005107285791774,2.831585652091503,2.2351183219474584,2.039262405521324,1.50895876814138,1.0848394971176625,null,1.0005107285791774,1.1840978417616763,1.8456678314645976,1.02952653640566,1.1457589497812355,1.4452242133418567,1.1599372330428546,1.0912342124893828,1.100596637615302,2.4012122045760647,1.5220763746197736,1.219626242832245,null,1.4441062167388194],"transport.cargo_vehicle_flow.roads.total":[388.69183691875156,2762.2825197735297,7801.214374667088,1935.6597811015788,5168.38254873741,7076.106837071773,90894.08901696783,5919.174755347789,186.27886056264055,627.2836876968353,188.87745040374395,4780.323015662634,null,496.2234419514531,1154.0174860482066,1674.6742666312475,150.17868528874828,2450.6536838292204,4368.534762361027,3818.898411301877,5850.577528114955,9210.232913795002,3678.5157982792407,null,0.015429603852107072,5364.762446353368,3043.3181241197835,153.83061340344943,4921.4302942774,19840.959330785743,248.04614613327598,4743.307912431769,8920.771875997856,58.22042072694041,2793.0517442738055,420.4110661611361,12526.063926541177,7249.736564952945,1880.3680542982595,1010.8724052959676,80.38708149795335,6619.819252326824,9574.797320816635,6356.915203163434,17484.92247221749,3567.5555275831634,497.80257640505386,21376.13415950573,428.9195867239096,18750.271771850636,2.215419478306119,null,376.81455565323785,null,238.5525012040435,1178.133535464303,504.4279973337344,556.010800206479,755.5098016149759,534.767698196973,663.6719471181548,481.4619150370454,6295.917279844829,null,4197.278186563219,4445.184001529438,2988.4175562043947,2951.9646799893017,857.3359689589947,null,34327.20928825452,260.9437772830835,475.82427672647657,1011.8073946291948,1004.4251557108566,null,null,328.4918755842707,1787.3802777937344,451.3356019468223,null,902.6712038936445,3099.833661225623,280.27404410742406,5013.399818385555,6036.653353226732,null,858.6422557795074,null,1096.312589252769],