{"municipalities_area_set":{"area_entities":{"id":[1,2,3,4,5,6,7,8,10,15,17,18,19,20,21,22,24,25,26,27,29,30,31,32,33,34,36,40,41,44,45,51,54,55,56,57,58,59,61,62,63,65,66,69,70,71,75,76,80,82,85,86,88,89,90,91,92,93,100,101,102,103,104,105,108,109,110,111,114,119,121,123,124,126,130,131,135,138,141,143,147,150,152,154,155,156,157,160,162,164],"transport.cargo_vehicle_flow.roads":[400.74986162679966,307.3847293512773,289.0722361851533,283.3210156405304,283.3210156405304,552.1866238434826,1461.7944840729965,323.0932799609292,65.27002976489689,65.27002976489689,73.5807011393343,400.74986162679966,null,75.80522398121792,400.74986162679966,154.65665876094,65.27002976489689,323.0932799609292,408.1919383211108,265.5854661916161,323.0932799609292,394.52735587867545,530.5115044077116,null,0.04244116025851632,408.1919383211108,110.58428715438708,44.33332154202587,839.988948762372,503.92738725815093,33.59437146682669,370.41193459980946,530.5115044077116,44.33332154202587,452.22627282018937,75.80522398121792,468.73144889208584,402.3748835022635,251.8393157836683,552.1866238434826,44.33332154202587,400.74986162679966,312.37406031179125,552.1866238434826,283.1811960627725,204.768645110468,248.56065762826108,401.0228391644135,33.59437146682669,1391.4671706306267,2.559125981516332,null,33.59437146682669,null,65.27002976489689,400.74986162679966,265.5854661916161,73.5807011393343,73.5807011393343,73.5807011393343,65.27002976489689,75.80522398121792,530.5115044077116,null,530.5115044077116,370.41193459980946,256.09772782894504,204.768645110468,83.77362576083007,null,1484.1872248743796,17.77039462920744,44.33332154202587,248.56065762826108,263.02634021009976,null,null,44.33332154202587,265.5854661916161,73.5807011393343,null,73.5807011393343,263.02634021009976,75.80522398121792,518.6912039513879,312.37406031179125,null,312.37406031179125,null,106.50638963673569],"transport.volume_to_capacity_ratio.roads.max":[0.632727917074179,0.4989460098340943,1.0326163410497755,0.5079613953921195,1.208823024370919,0.9221465400485052,1.672721562994477,0.9496463229512911,0.35182183302384334,0.34734577202700134,0.39322106915769606,1.1139837679353397,0.3250268714985772,0.561163575457695,0.632727917074179,0.888773516398323,0.35182183302384334,0.6483344207194572,0.7922629452281973,1.2684005256796245,1.5296228205735345,0.7233409867967339,0.725010528020733,0.16793038567162033,0.7040102885912042,0.8641314885793648,0.9546368111103302,1.183723939600192,1.0052323080600645,1.7030798693282467,0.5612827055306452,0.5502207062255068,0.8184298624150964,0.7173770418208597,0.6117696170985727,0.6995564626176858,1.2996511351429707,1.5682962314434628,0.8222215000069014,0.756075785907576,0.8398151820209961,1.0981836058375087,1.2757927026478704,1.0804815060163484,1.1699518548480403,0.9368233386184922,1.0804815060163484,1.109170372039606,1.5565874053510729,1.1177444004917219,0.4932316221246527,0.16793038567162033,1.6214921466437522,0.6602328627106574,0.35182183302384334,0.632727917074179,0.9319138999748139,0.5834604932294957,0.4570440457289045,0.7049395729851482,0.3652729144360594,1.0564486107097941,0.563364945520263,0.12187010799123418,0.725010528020733,0.5721807192616768,0.5881621934995227,0.9651708184545943,0.4608888865138711,0.16793038567162033,1.3012754925792303,1.177845161305454,1.1276515000236238,0.9436841339461046,0.6023779927140939,0.07351153394523471,0.16793038567162033,0.7320545309154682,1.0708835592304546,0.46354230815575664,0.690772341639503,0.9130731001974411,0.7070040758331458,0.6156728544608516,0.6295199270118117,1.2135929258735378,0.9505938778316777,0.7648876686925439,0.0293203045634324,0.9116484437869224],"transport.delay_factor.roads.max":[1.1025765199340358,1.039663788108442,1.7276724752338748,1.04260914347885,2.366566806193975,1.4627854948715169,6.0104253460574935,1.5205081547148303,1.0098054337816114,1.0093069306905649,1.01530319835404,1.985588040088147,1.0071426117601858,1.063465523784952,1.1025765199340358,1.3993414533869888,1.0098054337816114,1.1130775242468984,1.252149058211896,2.6565541139582645,4.5036231802855005,1.1752073299019017,1.1768305209396264,1.0005110113044733,1.1572157306182411,1.3568611721959274,1.5315359971753166,2.256555563643718,1.6535002036839432,6.384185773443345,1.0635194336304197,1.0586580597936806,1.287148031337858,1.1695000651319885,1.0896461394256916,1.1532749086975316,2.825942662093744,4.871616833267759,1.2925063437198534,1.209142017063319,1.3183573345069162,1.930850204128334,2.6955102861674423,1.8722667639520876,2.199090425236936,1.4929589775933003,1.8722667639520876,1.9686636774363804,4.757283996020599,1.9989643400158035,1.0378777020403653,1.0005110113044733,5.424247074471818,1.1216097856943108,1.0098054337816114,1.1025765199340358,1.4827064833929078,1.0741695754687577,1.0279262226132202,1.1580474664799822,1.011390315058965,1.7972113612172023,1.0644672663387058,null,1.1768305209396264,1.0685982207226195,1.0765893518285532,1.5553882723075716,1.0288831139560297,1.0005110113044733,2.8350883431397724,2.2317789627581246,2.0348551893030704,1.5075590635660572,1.0842667727902746,null,1.0005110113044733,1.1838034698817117,1.8416838194792,1.0295472525242406,1.1457201919907731,1.4448382948286391,1.1599070619765732,1.0919559840739186,1.1005119970052852,2.3882641827137503,1.5225887133701779,1.2190637973212337,null,1.4420684835542967],"transport.cargo_vehicle_flow.roads.total":[388.6918369187516,2761.952095635621,7913.616297130376,1935.6597811015788,5170.847430004286,7094.222217768371,91667.09644660362,5919.260151640325,186.27886056264055,627.2836876968353,188.87745040374395,4783.13285786493,null,504.64581674923755,1154.0174860482068,1674.6742666312475,150.17868528874828,2450.6566657631683,4386.087256810021,3796.278639431507,5857.637692089613,9200.231351924967,3678.1194771180976,null,0.02122058012925816,5382.314940802364,3084.1669680538616,153.83061340344943,4606.140813108338,19835.448961114023,252.6480899560675,4730.344261356902,8919.54719046987,58.22042072694041,2792.4410931838574,428.84059276801963,12643.62221029843,7406.360989271945,1881.7748952790153,1013.460316824053,80.38708149795335,6619.819252326825,9573.19344395741,6375.64827227834,17879.246115654787,3539.6806333543227,497.12131525652217,21307.459149263,438.1074369784817,18591.377420870376,2.559125981516332,null,383.9731349331359,null,238.5525012040435,1178.133535464303,501.96026885690907,556.010800206479,755.509801614976,534.767698196973,663.6719471181548,495.7056668756192,6295.216250154598,null,4196.810833436398,4436.839679109384,2875.389899473058,2712.047194250123,857.3359689589948,null,34287.46078288166,238.38620988929404,475.82427672647657,1011.4735053714483,998.8022857507855,null,null,328.4918755842707,1781.7027766884087,451.33560194682224,null,902.6712038936446,3082.9650336578443,285.89372851201307,5012.859697862936,6036.081565572879,null,858.6059053314241,null,1095.7693222380726],