{"municipalities_area_set":{"area_entities":{"id":[1,2,3,4,5,6,7,8,10,15,17,18,19,20,21,22,24,25,26,27,29,30,31,32,33,34,36,40,41,44,45,51,54,55,56,57,58,59,61,62,63,65,66,69,70,71,75,76,80,82,85,86,88,89,90,91,92,93,100,101,102,103,104,105,108,109,110,111,114,119,121,123,124,126,130,131,135,138,141,143,147,150,152,154,155,156,157,160,162,164],"transport.cargo_vehicle_flow.roads":[397.2687888834248,298.9157203671679,293.5047581295947,280.60834626301664,342.3099544020716,470.58263865315774,1457.3148768611454,320.0532295286827,64.61893181809371,64.61893181809371,72.84670050215482,397.2687888834248,null,75.1880792924334,397.2687888834248,153.19286908223518,64.61893181809371,320.0532295286827,410.8809556510326,346.03405330112946,320.0532295286827,391.42752753202234,524.6269583129746,null,0.01198994653769139,410.8809556510326,102.70908879160599,43.95147823997837,866.8549942087235,499.210997937593,33.34720048870457,367.3096652925661,524.6269583129746,43.95147823997837,446.7546179327681,75.1880792924334,439.9153111034552,392.00012261880045,342.3099544020716,470.58263865315774,43.95147823997837,397.2687888834248,309.6153507481705,470.58263865315774,280.50295124278296,209.88365183408095,163.3281708285904,397.31210207831,33.34720048870457,1391.1468233528026,85.46813172452148,null,33.34720048870457,null,64.61893181809371,397.2687888834248,346.03405330112946,72.84670050215482,72.84670050215482,72.84670050215482,64.61893181809371,75.1880792924334,524.6269583129746,null,524.6269583129746,367.3096652925661,260.1091405700729,209.88365183408095,82.95846573302762,null,1471.1635542782715,11.666288422848076,43.95147823997837,190.53985693865866,260.5680720402203,null,null,43.95147823997837,346.03405330112946,72.84670050215482,null,72.84670050215482,260.5680720402203,75.1880792924334,508.2878256983243,309.6153507481705,null,309.6153507481705,null,104.10630112997694],"transport.volume_to_capacity_ratio.roads.max":[0.6368814135061527,0.5034217050346436,1.1333233771978521,0.5176561574376974,1.0182153395178897,0.9580970834095874,1.6906605034336037,0.9602587515810896,0.35694569897365486,0.35208122684718235,0.39912546492587203,1.1215120503667577,0.32149757756875424,0.5667023347979235,0.6368814135061527,0.8984291919590455,0.35694569897365486,0.6536032748218771,0.8026950499064968,1.323479786274623,1.5518936589179557,0.7282260505163338,0.7302023273329871,0.17063971087946903,0.7044777991234855,0.8735882372459705,0.9787478779807969,1.192781231535398,1.0810428044599798,1.7149135249886776,0.5661600888990803,0.5547673577993756,0.8262399832619595,0.7267086059222057,0.6162542616349743,0.7056287626455664,1.397347531442505,1.6003543700525495,0.698882036976632,0.7886194458261203,0.8509369129180357,1.1039855996863548,1.3242312192260484,1.0397100399372976,1.1828042521057769,0.9483786214228588,1.0397100399372976,1.121762689595974,1.5697854140406893,1.1244078748514938,0.5072951748873077,0.17063971087946903,1.634729154217096,0.6654832770802783,0.35694569897365486,0.6368814135061527,0.9876069832596969,0.5922718480256,0.4640352402661767,0.7153210397225972,0.3704934417696292,1.0127562931193828,0.5659259314039266,0.12360377091186774,0.7302023273329871,0.5771091480218362,0.5960868721123169,0.9800608088774518,0.46628669783152704,0.17063971087946903,1.3048013700475536,1.1645108177232457,1.1433937653369612,0.8949765976146871,0.6105973125218565,0.07819160080753551,0.17063971087946903,0.7384565230513439,1.0962415056628265,0.4708259672019767,0.698635459378139,0.926256931513449,0.7137746978821099,0.6213441404340789,0.6335540164019552,1.2322864823700754,0.969243989555726,0.7749758139683569,0.03398735947650664,0.9221351643658934],"transport.delay_factor.roads.max":[1.1052965818162401,1.0411062367203257,2.0558333176927586,1.04595634816074,1.6879209184131356,1.5392846345540911,6.228842997577369,1.5441680880907525,1.01039589597479,1.0098357086552847,1.0162347582755829,2.0125016772248308,1.0068373969470756,1.0660085179172083,1.1052965818162401,1.4169801609943868,1.01039589597479,1.116798388861816,1.2656943462080144,2.963582823907757,4.71216958714296,1.179988524525936,1.181950320641573,1.0005449856994089,1.157633754371555,1.3727409302143632,1.5873044721554654,2.295457475322514,1.8740807093860221,6.535398299696036,1.0657562407944727,1.060621066419591,1.2982667237304106,1.178492999240778,1.0923038288658304,1.158666438798532,3.440044249080923,5.198021073987799,1.1526846882269521,1.2475425730792988,1.3355594141877707,1.95067835947991,2.9680460818942427,1.747874843507041,2.2526550179275304,1.5177343688335327,1.747874843507041,2.0134070896044047,4.886343034969659,2.0229996572111184,1.0423860455252287,1.0005449856994089,5.570494662185567,1.1255245173780604,1.01039589597479,1.1052965818162401,1.6088587930834957,1.078759437299788,1.0296772489243875,1.1675652545041482,1.0120661766471581,1.6732862976070777,1.0656475240740053,null,1.181950320641573,1.0709923918054831,1.0808012730126846,1.5904621520797233,1.0302546461921411,1.0005449856994089,2.855058416041766,2.176939349146215,2.0938638073847056,1.4106073234883565,1.088960973725606,null,1.0005449856994089,1.1903179269526993,1.924282943697504,1.0314500690226394,1.1524693231048158,1.471092139625305,1.1661210125206982,1.0953913076706627,1.1031132719248902,2.4757973016677797,1.564823087156122,1.230851430306386,null,1.462762659440209],"transport.cargo_vehicle_flow.roads.total":[385.41161960941747,2720.3068383333093,8260.876801023329,1917.862336746429,5869.775021086821,6461.233093756632,88884.18856009707,5868.831249561415,184.42064502203115,621.0262503616038,186.993312758974,4736.0617863018215,null,479.69997166442215,1144.377689554245,1658.791351024359,148.68058525727423,2430.4622653615857,4356.828682139411,4364.675272252252,5884.177741203126,9123.072220082317,3623.3712004335102,null,0.005994973268845695,5343.6796311091475,2957.401551376095,152.49276242002148,4717.821668881028,19577.407253762278,252.0573325938091,4693.000156686375,8741.952782270513,57.710363373369276,2752.9431116224578,404.5118923719888,12105.564348044101,7134.270314954916,2284.101486281691,923.0332991080903,79.68610249335846,6563.854702634104,9385.448145138893,5908.802547229798,17542.094382715462,3510.457009795394,326.6563416571808,21428.016572394936,437.4202642102089,18444.96027239082,85.46813172452148,null,383.1202425740588,null,236.17283255216478,1168.0920281022597,586.4157588923287,550.4643420277586,747.973251035896,529.4331495294316,657.051520504654,458.6078423386516,6197.488704067793,null,4131.659136045196,4398.428215926893,2937.488757472728,2808.7734502882145,848.9681383157524,null,33748.284284437876,119.39899967618926,471.68297620008957,919.0833214164253,1001.8952543356143,null,null,325.6238525401293,2447.153856876201,446.83332602010285,null,893.6666520402057,3091.4642114057565,269.67459491465917,4932.853666084914,5956.180096405025,null,850.9987704298402,null,1051.811099499774],