{"municipalities_area_set":{"area_entities":{"id":[1,2,3,4,5,6,7,8,10,15,17,18,19,20,21,22,24,25,26,27,29,30,31,32,33,34,36,40,41,44,45,51,54,55,56,57,58,59,61,62,63,65,66,69,70,71,75,76,80,82,85,86,88,89,90,91,92,93,100,101,102,103,104,105,108,109,110,111,114,119,121,123,124,126,130,131,135,138,141,143,147,150,152,154,155,156,157,160,162,164],"transport.cargo_vehicle_flow.roads":[397.2687888834247,297.3923132242129,293.0278387490997,280.60834626301676,341.5277357594251,472.30807449079026,1478.0586495315745,320.05326295740394,64.6189318180937,64.6189318180937,72.84670050215483,397.2687888834247,null,75.19482072936152,397.2687888834247,153.1928690822352,64.6189318180937,320.05326295740394,412.6284386086995,346.0465722974287,320.05326295740394,391.5221782983939,523.1035511700195,null,0.00008560289635619586,412.6284386086995,103.67070697521018,43.95147823997837,841.3852833655321,499.210997937593,33.33981619755471,367.22239881734447,523.1035511700195,43.95147823997837,445.2317424034553,75.19482072936152,443.6501108221772,371.2642710411211,341.5277357594251,472.30807449079026,43.95147823997837,397.2687888834247,309.630265919716,472.30807449079026,280.50295124278296,208.51182320512015,163.3061237085562,397.30359743910947,33.33981619755471,1387.5589099842568,85.48739215774884,null,33.33981619755471,null,64.6189318180937,397.2687888834247,346.0465722974287,72.84670050215483,72.84670050215483,72.84670050215483,64.6189318180937,75.19482072936152,523.1035511700195,null,523.1035511700195,367.22239881734447,259.25293195924917,208.51182320512015,82.95846573302762,null,1469.6406787489586,11.084818823470838,43.95147823997837,190.53579514631494,260.5591801396798,null,null,43.95147823997837,346.0465722974287,72.84670050215483,null,72.84670050215483,260.5591801396798,75.19482072936152,506.5467908588838,309.630265919716,null,309.630265919716,null,102.57369399607339],"transport.volume_to_capacity_ratio.roads.max":[0.6368389519344645,0.5023696033437589,1.1363454290925983,0.5173986446322048,1.0174439273966656,0.9593714540724194,1.6793020504178535,0.9601615443783799,0.3569777671591611,0.35212024651132434,0.39915085831033825,1.122802899913868,0.32440076372746074,0.5652581006033692,0.6368389519344645,0.8983943494758289,0.3569777671591611,0.6527856957707405,0.8017695320333521,1.3190514820694632,1.5545097972730066,0.7288174448168135,0.7292217863905215,0.1706290756654971,0.7183181762160425,0.8735727452689019,0.975491250190985,1.1957128206810785,1.0543102068133958,1.7093351360093165,0.565442593226447,0.5545001370089533,0.8242346701579293,0.7278827119850735,0.6151127944558881,0.7041235012148274,1.3936714067287095,1.5893474325039303,0.6988620297644192,0.789344151050846,0.8525054618371548,1.1039026917772918,1.2350275174088372,1.0395928837116957,1.180520065607448,0.9444004059362339,1.0395928837116957,1.12005370918052,1.567581391420286,1.114122399204802,0.512085588510016,0.1706290756654971,1.6307783002071616,0.6659424199520773,0.3569777671591611,0.6368389519344645,0.9867954298940498,0.5923083418973436,0.4640484834529567,0.7156300539249731,0.370530261182402,1.0192067533301752,0.5650506296793895,0.12358841460043549,0.7292217863905215,0.5768418718463013,0.5970807843322771,0.9822936460701593,0.4663379926861218,0.1706290756654971,1.303105162349082,1.1703178024479395,1.1422789505166215,0.8947704916836581,0.6101831981516542,0.07818873380954824,0.1706290756654971,0.7399889517101783,1.100552332420757,0.4708643470323139,0.6985660345388962,0.9264562304693101,0.7137332549754852,0.6198661162669049,0.6324346993223845,1.2304423463310075,0.9640903105633103,0.775988398269943,0.033429122831067144,0.9206318665632919],"transport.delay_factor.roads.max":[1.105289174964495,1.0407636805402614,2.0671401286906557,1.0458649707454748,1.6858385778497924,1.542159587063329,6.089735889112745,1.543947776530223,1.0103889806368818,1.0098388414676522,1.0162259438796597,2.017171250084942,1.0070877345819402,1.0653381981118828,1.105289174964495,1.4169154801970623,1.0103889806368818,1.1162150815521004,1.2644710677249755,2.937434187279657,4.737264435551845,1.1805739137638258,1.1809749707054384,1.0005445497678336,1.1703912926184254,1.3727144905710895,1.5795267500382728,2.308240282270413,1.7907762508813374,6.463725262411791,1.065423541910946,1.060504350765413,1.2953816335753994,1.1796493259709113,1.091621841434183,1.1573168831124783,3.414468443708178,5.083714316963238,1.152667205083169,1.2484537493521504,1.3380404369798204,1.9503928127240062,2.488971929945377,1.7475378134421438,2.2430066931227977,1.5091018020655766,1.7475378134421438,2.007245575576447,4.864562821508409,1.9860787432114826,1.0440098804739584,1.0005445497678336,5.526470243037247,1.1258712930967603,1.0103889806368818,1.105289174964495,1.6068599709293372,1.0787719090194143,1.0296779162402765,1.1678549907385627,1.0120544355533536,1.6906040877346857,1.065242324634422,null,1.1809749707054384,1.0708609685030817,1.081341532903861,1.595861483239141,1.0302679612944983,1.0005445497678336,2.845431099342016,2.2005913765239415,2.0896039510987388,1.4102292158351502,1.088719881563642,null,1.0005445497678336,1.1919026254542548,1.9389074133541209,1.0314572160701476,1.1524087273797914,1.4714977224609103,1.1660824348683216,1.0944868917546036,1.1023865086847846,2.4669828975123353,1.5529054187779268,1.2320603200247315,null,1.4597523815351492],"transport.cargo_vehicle_flow.roads.total":[385.41161960941736,2710.7372262207546,7939.955755363997,1917.8623367464295,5865.3732396440055,6487.105751392641,89275.08194951678,5864.694332339214,184.42064502203112,621.0262503616036,186.99331275897407,4737.030753842855,null,482.6117919629472,1144.3776895542449,1658.7913510243588,148.68058525727417,2428.398741178705,4379.147061999355,4361.926066203167,5801.914825776822,9120.442420747864,3612.0545772567293,null,0.00004280144817809793,5365.997520075674,2971.344474894767,152.49276242002145,4816.3968293431635,19767.297988454215,253.1999289525935,4682.233914765848,8702.134966964551,57.71036337336926,2746.32558822194,407.4169712335857,12018.489438627352,6952.126739671828,2281.5094862389597,926.7293930560915,79.68610249335845,6563.854702634102,9342.847949329633,5932.973307245095,17644.410551194298,3595.9835706852787,326.6122474171124,21447.062124142773,439.7202255100776,18513.274915596812,85.48739215774884,null,384.8976146877235,null,236.17283255216475,1168.0920281022595,585.9810269212144,550.4643420277587,747.9732510358962,529.4331495294318,657.0515205046539,461.6167093190407,6177.902052173419,null,4118.601368115613,4383.156987581238,2887.389786059444,2791.7528992373377,848.9681383157524,null,33693.16007568578,120.3104063537919,471.68297620008957,919.0578859456873,1000.9872695269311,null,null,325.62385254012923,2445.939221692068,446.83332602010296,null,893.6666520402059,3088.7410422861194,271.6113141557238,4918.058837545777,5944.903900475446,null,851.0320855832827,null,1036.9686041114687],