{"municipalities_area_set":{"area_entities":{"id":[1,2,3,4,5,6,7,8,10,15,17,18,19,20,21,22,24,25,26,27,29,30,31,32,33,34,36,40,41,44,45,51,54,55,56,57,58,59,61,62,63,65,66,69,70,71,75,76,80,82,85,86,88,89,90,91,92,93,100,101,102,103,104,105,108,109,110,111,114,119,121,123,124,126,130,131,135,138,141,143,147,150,152,154,155,156,157,160,162,164],"transport.cargo_vehicle_flow.roads":[393.98519656995177,302.1961188594358,275.8385859617212,278.0055219120753,339.10909397451223,460.6868961916818,1432.2012997477639,317.1464157178402,63.98974491538448,63.98974491538448,72.13740078809326,393.98519656995177,null,74.6023960829595,393.98519656995177,151.7912429253757,63.98974491538448,317.1464157178402,401.48901475914573,342.8809908802586,317.1464157178402,388.52273212511676,521.8596453426453,null,0.0006132740018948116,401.48901475914573,114.72791494217498,43.59235302329323,802.2223907690992,494.70405690524706,33.13597263593184,364.4412064476343,521.8596453426453,43.59235302329323,444.3252680879986,74.6023960829595,443.1721580487563,403.34987175418183,339.10909397451223,460.6868961916818,43.59235302329323,393.98519656995177,306.98099446387016,460.6868961916818,277.938789230882,195.21115654113325,161.93173257081938,393.78396265894145,33.13597263593184,1378.848320703988,84.65397158770749,null,33.13597263593184,null,63.98974491538448,393.98519656995177,342.8809908802586,72.13740078809326,72.13740078809326,72.13740078809326,63.98974491538448,74.6023960829595,521.8596453426453,null,521.8596453426453,364.4412064476343,245.6839899199656,195.21115654113325,82.1740902406275,null,1461.8843500644189,5.458042656345539,43.59235302329323,188.75606434561598,258.227019292551,null,null,43.59235302329323,342.8809908802586,72.13740078809326,null,72.13740078809326,258.227019292551,74.6023960829595,510.46026274694435,306.98099446387016,null,306.98099446387016,null,104.60102176850916],"transport.volume_to_capacity_ratio.roads.max":[0.6420973721657115,0.5108864949639098,1.1179557962314601,0.5214807622594748,1.0287403956398418,0.9691300433620736,1.6969205302317056,0.9697191428032181,0.36177879977345934,0.35612815545069426,0.4045978718606027,0.8876671414027671,0.2968174459161968,0.6245535102844217,0.6420973721657115,0.9053994347074684,0.36177879977345934,0.6600020631953034,0.8539634705601179,1.331322793627217,1.5566426387984627,0.7338443786422473,0.7352575492520975,0.17331320221211782,0.7135269676706781,0.8867629310914548,1.02878886135438,1.1950742884598062,1.0313655512579245,1.8643769788403075,null,0.5588929145022841,0.8399566091638595,0.735774453234795,0.623309301317013,0.79009022959935,1.4127213990759286,1.6279352471033972,0.7064754846428002,0.7971651405797721,0.8615508618677323,1.112005275161155,1.2591079885752743,1.0491919398123544,1.1918927614570036,0.9565258109816627,1.0491919398123544,1.125551132759322,1.584576992905511,1.1038266765502118,0.5196195529418236,0.17331320221211782,1.6446512667928666,0.6997381347216431,0.36177879977345934,0.6420973721657115,0.9969287920723315,0.6001673148350188,0.47040820097759367,0.7237715807044091,0.37535958765776417,1.0254618351699503,0.5689388884866929,0.12526201469292714,0.7352575492520975,0.5816051682285126,0.6060764647939766,0.9996328520946134,0.4705501488115449,0.17331320221211782,1.3077599416527144,1.1810574776018166,1.1928375090413537,0.9012347999625464,0.6131744244364599,0.07920249508476426,0.17331320221211782,0.7337749626398501,1.1059136991030367,0.4777374965926495,0.7117644659552977,0.9375723757637768,0.7202158266819372,0.6890198539745702,0.6402820391464645,1.2616486323439917,0.9743311574633134,0.825489702175184,0.033932854696869096,0.9733142307907863],"transport.delay_factor.roads.max":[1.1087886391445307,1.0435991140029217,1.9997202792876843,1.047329633410422,1.7168085032689484,1.5645575272223127,6.3067177594670945,1.565931476547894,1.0109646368437388,1.0102944989866447,1.017154153361155,1.3973567088646155,1.0049674976325333,1.0973774928149735,1.1087886391445307,1.4300716845310708,1.0109646368437388,1.1214398288977365,1.3403589288409776,3.0105433640873245,4.75781731343854,1.1856076453593833,1.187041485594034,1.0005795260417705,1.1658905096797396,1.395740132540969,1.7169435930994186,2.3054480242755897,1.7241532090663116,8.732410477685391,null,1.0624445282662611,1.3185718376204945,1.1875680194157943,1.0966038432889407,1.2493944238939334,3.5492126715196086,5.494987407631292,1.1594293803267042,1.25844799676951,1.3526173350499178,1.9786048501171307,2.608540097799427,1.775532060431526,2.2916019825703735,1.5357556358099531,1.775532060431526,2.0271666056018818,5.034905407390748,1.9501310618860355,1.0466575482315374,1.0005795260417705,5.682472867450451,1.1534341903319592,1.0109646368437388,1.1087886391445307,1.6321738537041046,1.0830365571176237,1.0313385942893374,1.1756248956267685,1.0127078293424374,1.7077143164325657,1.0670567427335007,null,1.187041485594034,1.0732306691035063,1.086355430409827,1.6390606188582502,1.0313764376728718,1.0005795260417705,2.8719407347184944,2.2452716711174747,2.2957019804294143,1.4222131799445572,1.0904723981632491,null,1.0005795260417705,1.1855374271325476,1.9573371780874635,1.0333378272509348,1.1642574907631966,1.4945374509317244,1.1721989967516828,1.1442470429028402,1.107563580819155,2.6215623752695594,1.5767748794436363,1.297184814093607,null,1.5743706860706494],"transport.cargo_vehicle_flow.roads.total":[382.3338458241443,2715.9891968264074,7603.99929274991,1900.9107837053562,5767.183433226301,6441.630016880586,87921.5776050849,5810.260028849332,182.62496299553618,614.9793911521989,185.17258097075197,4711.389579379544,null,514.4986095660452,1135.3669511306211,1643.5773457434652,147.2328999690933,2405.981261828493,4350.172928062225,4220.91709307228,5730.677071484855,9069.327782343411,3618.8206216887793,null,0.0003066370009474058,5328.0540971839255,3119.8834205586068,151.23206584274536,4464.704607996621,21466.9484163514,245.97665219542796,4652.59748460224,8769.534357001188,57.229024205203686,2745.0942225218996,439.8962134830856,12076.70576137366,7211.4069500748055,2238.470213440969,920.2328595543694,79.02520071685029,6511.319783941951,9408.18802041548,5899.839211852673,17221.557594908987,3436.505697130883,323.86346514163876,20839.967461659122,425.68135911899225,18136.985556652628,84.65397158770749,null,373.7213151577992,null,233.87324559155277,1158.6598340325493,568.8474929223341,545.10453578108,740.690323883008,524.2781215187282,650.6538874971866,545.75890078704,6193.919448537538,null,4129.279632358359,4343.891864219669,2890.3159875061924,2841.987900728545,840.9120454852435,null,33547.646512649546,70.06761959098908,467.7799252897402,910.8589219929501,968.3870426692529,null,null,322.9191384583565,2388.0393559980907,442.48256272959725,null,884.9651254591944,2990.200382358253,293.26414232205707,4928.094990357219,5931.824169297658,null,843.7440917752804,null,1076.8285503976842],