{"municipalities_area_set":{"area_entities":{"id":[1,2,3,4,5,6,7,8,10,15,17,18,19,20,21,22,24,25,26,27,29,30,31,32,33,34,36,40,41,44,45,51,54,55,56,57,58,59,61,62,63,65,66,69,70,71,75,76,80,82,85,86,88,89,90,91,92,93,100,101,102,103,104,105,108,109,110,111,114,119,121,123,124,126,130,131,135,138,141,143,147,150,152,154,155,156,157,160,162,164],"transport.cargo_vehicle_flow.roads":[393.9352818390971,302.14985942013163,285.65946878210235,278.0055219120754,337.9068064120448,460.82754348920275,1464.1191821539494,317.1465290151693,63.989744915384485,63.989744915384485,72.13740078809323,393.9352818390971,null,74.55219398096136,393.9352818390971,151.79124292537574,63.989744915384485,317.1465290151693,401.465708751537,342.78660302204185,317.1465290151693,387.8275714862186,521.9409577176883,null,0.07561540257641602,401.465708751537,114.73531606237164,43.59235302329322,806.1107290888727,494.7040569052471,33.19146194247837,365.0808777799861,521.9409577176883,43.59235302329322,444.40280202783833,74.55219398096136,451.91246833159676,371.3951485118173,337.9068064120448,460.82754348920275,43.59235302329322,393.9352818390971,306.86894016547336,460.82754348920275,277.93878923088204,195.0497036375555,162.09738128843853,393.8288235142593,33.19146194247837,1376.0323725837302,84.50938162749262,null,33.19146194247837,null,63.989744915384485,393.9352818390971,342.78660302204185,72.13740078809323,72.13740078809323,72.13740078809323,63.989744915384485,74.55219398096136,521.9409577176883,null,521.9409577176883,365.0808777799861,245.5101649418511,195.0497036375555,82.1740902406275,null,1461.9618840042583,5.882609300548599,43.59235302329322,188.77764168630637,258.27722139454914,null,null,43.59235302329322,342.78660302204185,72.13740078809323,null,72.13740078809323,258.27722139454914,74.55219398096136,510.4389215262482,306.86894016547336,null,306.86894016547336,null,104.75146808303322],"transport.volume_to_capacity_ratio.roads.max":[0.6420977721506992,0.5111031752780635,1.0992058373041422,0.5202441532738948,1.0249068731937654,0.9689667392568222,1.6893219612390242,0.9698016215048293,0.36178990389169036,0.35632857004103163,0.4045320065348567,0.8879634079884758,0.3002529658931064,0.623198270680355,0.6420977721506992,0.9062721355708266,0.36178990389169036,0.6601411305790911,0.8536868355819555,null,1.5703438158578282,0.7322338979021479,0.7355202101529938,0.17331200443328065,0.6941747321146136,0.8866535290810192,1.0251293124303886,1.1987453556660337,1.0802641724902893,1.8647995941526043,0.5709313723953776,0.559301282673204,0.8403521548062238,0.7363250523521881,0.6233269523472648,0.788640897072399,1.3956459375361379,1.6114279751855114,0.7041176195380506,0.7969050547969386,0.8621111128817797,1.1120066805667455,1.2522213075577173,1.0500439723598618,1.193719173340911,0.9538601733678651,1.0500439723598618,1.1285095061309536,1.5829552376561844,1.1049652586477763,0.5185935003790141,0.17331200443328065,1.6421666862998057,0.7007121256876893,0.36178990389169036,0.6420977721506992,0.9965534713653335,0.6000689537304095,0.4703136472099305,0.7240874696756785,0.37539317855432014,1.1054769922600607,0.5690647437722258,0.1253145261047345,0.7355202101529938,0.5820090244654734,0.6052318167355628,0.9984370394118365,0.4709185182899091,0.17331200443328065,1.3088281619809463,1.1710060026292335,1.1928328761553066,0.9017626608730731,0.6130433017840227,0.0792032491476174,0.17331200443328065,0.7357046064892039,1.1049611732669096,0.47772377218930007,0.7120019869197473,0.9376112699358028,0.7202239098973049,0.6876231615147119,0.640291926071261,1.2620947925169468,0.9746849123949369,0.824803247363314,0.03454667006454798,0.9746525587852994],"transport.delay_factor.roads.max":[1.1087889102178292,1.0436731271673756,1.934320930844838,1.04688228886849,1.7061835492821267,1.5641770983537326,6.212303380377113,1.5661240405463326,1.0109636918407936,1.0103176918740444,1.017147307866948,1.3978874594576123,1.0052015071305127,1.0965350291666578,1.1087889102178292,1.4317322419310052,1.0109636918407936,1.121542214382435,1.3399181163393368,null,4.89187576372897,1.183983677185304,1.187308901098548,1.000579100571275,1.14861244501821,1.3955448751471973,1.7067968111483118,2.3215625532097235,1.8715651670413247,8.73942396562001,1.068001047968489,1.0626272346087107,1.319172338827068,1.188130098015476,1.096614786361914,1.247569507811338,3.4281806674842747,5.315424965828932,1.1573116267876273,1.258110873346411,1.3535354329162916,1.9786097973574543,2.573636178121018,1.7780543211540816,2.2995370085616305,1.5298083980451271,1.7780543211540816,2.038008383271034,5.018412450172145,1.9540573201944118,1.0462901141249261,1.000579100571275,5.654241608270852,1.1542902581737928,1.0109636918407936,1.1087889102178292,1.6312223956486578,1.0829821352280533,1.0313134051973,1.1759317012520003,1.0127179561660151,1.9558259277048389,1.067116097060857,null,1.187308901098548,1.0734342813305613,1.0858750447475123,1.6360081916517295,1.0314748050964522,1.000579100571275,2.8780644780091436,2.2034178781579508,2.2956818509327848,1.4232032247818096,1.0903950356661976,null,1.000579100571275,1.1874968065581957,1.9540432105529555,1.0333484498114567,1.1644768562022851,1.4946195174350108,1.172206727462164,1.1430809981446364,1.1075702247516854,2.623857341995313,1.577612985068575,1.296197523180369,null,1.5775362959382182],"transport.cargo_vehicle_flow.roads.total":[382.31236136587154,2716.2135448347594,7539.373691922026,1900.9107837053566,5755.712616333196,6441.746348289864,88372.86526236989,5810.439158849016,182.62496299553624,614.9793911521989,185.17258097075194,4711.091765623235,null,514.3200045186425,1135.314163624389,1643.5773457434657,147.2328999690933,2406.0356676576675,4349.2139130413525,4225.239395435978,5707.1323883437635,9043.297132114229,3619.07995286153,null,0.03780770128820801,5327.094299075776,3119.999020222298,151.23206584274536,4457.764891869284,21136.254405832522,251.66144929237623,4658.646447995935,8771.599246967151,57.229024205203686,2745.864358285228,439.76781053768116,12003.395391373031,7012.895973231757,2232.1336612131813,920.2494783271235,79.02520071685029,6510.933063693042,9408.425542646803,5899.647061602749,17175.462891842624,3465.6121888746634,324.19476257687705,21012.550046066022,436.9399746997957,18126.806848887823,84.50938162749262,null,382.5643328641632,null,233.87324559155277,1158.5600045708402,568.795821213841,545.1045357810799,740.6903238830079,524.2781215187281,650.6538874971866,555.9987386416619,6194.279275463618,null,4129.519516975746,4341.792405980001,2887.950881753382,2872.5775930799978,840.9120454852438,null,33592.46321966878,81.21945067436847,467.7799252897402,911.0518083818954,968.5728791726967,null,null,322.9191384583565,2387.211593173535,442.48256272959713,null,884.9651254591942,2990.7546193953253,293.1785403584541,4928.285365760719,5930.9057155697155,null,843.4937695979215,null,1078.1365355691194],