{"municipalities_area_set":{"area_entities":{"id":[1,2,3,4,5,6,7,8,10,15,17,18,19,20,21,22,24,25,26,27,29,30,31,32,33,34,36,40,41,44,45,51,54,55,56,57,58,59,61,62,63,65,66,69,70,71,75,76,80,82,85,86,88,89,90,91,92,93,100,101,102,103,104,105,108,109,110,111,114,119,121,123,124,126,130,131,135,138,141,143,147,150,152,154,155,156,157,160,162,164],"transport.cargo_vehicle_flow.roads":[390.9108976496443,301.0875618792041,272.4714841927798,275.5111646815585,333.88646075189655,458.35715331410245,1438.6996023595457,314.3704161504144,63.38202533499771,63.38202533499771,71.45230177738298,390.9108976496443,null,74.05208171933927,390.9108976496443,150.45111006630322,63.38202533499771,314.3704161504144,398.44201890915497,338.6855772680516,314.3704161504144,385.7600714738916,523.7897084965191,null,0.00018994361183716042,398.44201890915497,113.80910857305224,43.25593601004906,835.7688508263395,490.40463692239246,32.956692742648,361.86534147040766,523.7897084965191,43.25593601004906,446.51737780096187,74.05208171933927,446.6844708262282,384.19299095380734,333.88646075189655,458.35715331410245,43.25593601004906,390.9108976496443,304.4791388577829,458.35715331410245,275.48749247819234,193.59811646720004,161.8048546586198,390.42987203929346,32.956692742648,1365.4338610640716,82.68069514467349,null,32.956692742648,null,63.38202533499771,390.9108976496443,338.6855772680516,71.45230177738298,71.45230177738298,71.45230177738298,63.38202533499771,74.05208171933927,523.7897084965191,null,523.7897084965191,361.86534147040766,243.6790980972342,193.59811646720004,81.42002880062849,null,1457.9349857789923,5.776853110822286,43.25593601004906,187.0448994778598,256.00488212337814,null,null,43.25593601004906,338.6855772680516,71.45230177738298,null,71.45230177738298,256.00488212337814,74.05208171933927,506.79128452519205,304.4791388577829,null,304.4791388577829,null,109.56470153850124],"transport.volume_to_capacity_ratio.roads.max":[0.6457507641638236,0.5188914633420623,1.0926154274941446,0.5218595809790876,1.027354043505808,0.9709593444211891,1.7098179608301745,0.9785460083634563,0.36630698129052996,0.36045215038615824,0.4097216831449354,0.89329729985033,0.2990717951772415,0.6301435059631418,0.6457507641638236,0.9144685181333794,0.36630698129052996,0.6653493569550337,0.8649452343083085,1.339522008360331,1.5777739852187405,0.7392378962739294,0.7433780196321351,0.17583528371209195,0.7157585622308584,0.8956855376226582,1.0446055762840278,1.2078832031853366,1.0362618005465394,1.8729636047065283,0.5760601970984025,0.5638782558545639,0.854615280166646,0.7442553075022137,0.6281090893007667,0.7966018345000172,1.3980360251125103,1.6175383663095804,0.7019510317299423,0.7993184724405183,0.8715638631532098,1.1170627514498614,1.3067373944563891,1.0593974694300161,1.2028725176722872,0.9613305440392435,1.0593974694300161,1.1330749219518625,1.5974134681426175,1.1516068488293012,0.527217085964309,0.17583528371209195,1.6531209890640655,0.7060927565618785,0.36630698129052996,0.6457507641638236,1.0041318448713035,0.6078757071870042,0.4764270512149325,0.7324948291427247,0.3799824465828107,0.9996211356450597,0.5746315472740655,0.12691445024848286,0.7433780196321351,0.5869304208516793,0.6121235537005905,1.017555807469801,0.47556055383221,0.17583528371209195,1.3158903839295832,1.177929719731784,1.206529612469393,0.9087646760330665,0.6184622646605757,0.07989097800650331,0.17583528371209195,0.7421073085492207,1.115321192157977,0.4841735403024743,0.7190460930917189,0.9490478674659067,0.7262022131087935,0.6948811519054557,0.6448517266056418,1.2850950456157073,0.9811357244087219,0.8355454216815205,0.03633642500434267,0.9861100474306109],"transport.delay_factor.roads.max":[1.111290054833737,1.0463965915970754,1.9121143480126424,null,1.7129523622598608,1.5688321792815438,6.469901090763951,1.5868200889672046,1.011533407563226,1.0108038809468927,1.0180310982523373,1.407534198787528,1.0051201396255354,1.1009108428749892,1.111290054833737,1.4475638586758806,1.011533407563226,1.1254235069631109,1.3582072854161984,3.060532115545029,4.966058702818563,1.1911247206990847,1.1954424222554663,1.0006142301413825,1.167975592557237,1.4119098917230537,1.762060292961728,2.362321912111237,1.7380026659021994,8.875848022127105,1.0704776555319226,1.0647025452220165,1.3413992700481048,1.196366652021733,1.0996139786133028,1.2577182554435296,3.4448567871156945,5.381253032100355,1.155384337616344,1.2612518490546596,1.3692978972059504,1.9965297210271715,2.866092860564717,1.8061497039146084,2.3398567985411542,1.546601650691823,1.8061497039146084,2.054907752825223,5.167247943683007,2.1256332939660734,1.0494467645206522,1.0006142301413825,5.779676835193391,1.1590841820243083,1.011533407563226,1.111290054833737,1.6506432606634784,1.0873854496496524,1.0329633446585638,1.1842460674205941,1.0133483417641032,1.6390306582988354,1.0697811037113336,null,1.1954424222554663,1.0759497682543795,1.0898537770380115,1.686140292078759,1.0327343160043785,1.0006142301413825,2.918928650097678,2.2321327223555194,2.356225531618337,1.4365014835721044,1.0936338324598736,null,1.0006142301413825,1.1941095079959392,1.9903296712256389,1.0351663405690332,1.1710920472714186,1.5191973230066158,1.1779960014732358,1.1492183047717845,1.1106673325197542,2.7455044930884274,1.5930568559369538,1.3119322152324107,null,1.6051757391624601],"transport.cargo_vehicle_flow.roads.total":[379.4716679308454,2718.451315251925,7799.142841477401,1884.7992582571806,5698.316183280608,6359.443956420222,88147.54602715348,5759.429495721415,180.89054811348672,609.1388456392933,183.41397100355354,4676.29244113429,null,510.5597443348589,1126.9828301213922,1629.0248364833528,145.83460847243765,2385.2067233499174,4282.1602289897455,4177.963396422504,5665.113434247716,9045.8906264478,3615.532946666178,null,0.00009497180591858021,5251.48488992857,3095.554069127182,150.04842709394188,4675.315063419774,20795.129918716146,232.04415659719643,4619.065857589575,8760.092975458221,56.776348719245526,2735.285626603338,436.5076626155197,11983.111596752657,7062.530894809554,2208.3302113346035,908.4919937743175,78.40431672427005,6462.450528495516,9402.505512900652,5819.5173889769585,16911.166370209052,3464.4653257744008,323.6097093172396,20923.56881136023,398.1749277090969,18184.48119127471,82.68069514467349,null,352.1022434897556,null,231.6521185834278,1149.86128955899,562.6585224606283,539.9276015677955,733.655884014214,519.2989786820651,644.474536290057,551.652253858572,6183.485958130266,null,4122.323972086844,4337.506083737938,2899.488144757673,2912.0766676495678,833.1627524229008,null,33289.91121461701,79.80864049966387,464.1148103047654,904.2256269565264,959.9556546319095,null,null,320.3774732516785,2357.3839252286302,438.28024378449004,null,876.5604875689801,2964.208027660023,291.00510841034645,4912.8249865469215,5904.149408734677,null,836.8597596369982,null,1106.3268585586668],