{"municipalities_area_set":{"area_entities":{"id":[1,2,3,4,5,6,7,8,10,15,17,18,19,20,21,22,24,25,26,27,29,30,31,32,33,34,36,40,41,44,45,51,54,55,56,57,58,59,61,62,63,65,66,69,70,71,75,76,80,82,85,86,88,89,90,91,92,93,100,101,102,103,104,105,108,109,110,111,114,119,121,123,124,126,130,131,135,138,141,143,147,150,152,154,155,156,157,160,162,164],"transport.cargo_vehicle_flow.roads":[390.89815199535553,299.82305404622497,273.55906318592656,275.5111646815585,336.3478203107312,457.21681594747577,1408.665688406587,314.37088249428115,63.38202533499772,63.38202533499772,71.45230177738298,390.89815199535553,null,74.03987653475996,390.89815199535553,150.45111006630316,63.38202533499772,314.37088249428115,398.4394211003179,339.83265909762093,314.37088249428115,385.60580842183373,518.0403142427133,null,0.018059521514895257,398.4394211003179,113.80986244659155,43.25593601004907,853.4200873844402,490.40463692239246,32.970232985735805,362.00615354298446,518.0403142427133,43.25593601004907,440.76707922629606,74.03987653475996,463.0477103450444,423.5602011917933,336.3478203107312,457.21681594747577,43.25593601004907,390.89815199535553,304.4518262163654,457.21681594747577,275.4874924781922,193.55868114333245,160.67512609314988,390.44157826335015,32.970232985735805,1373.565512832871,83.8155717896635,null,32.970232985735805,null,63.38202533499772,390.89815199535553,339.83265909762093,71.45230177738298,71.45230177738298,71.45230177738298,63.38202533499772,74.03987653475996,518.0403142427133,null,518.0403142427133,362.00615354298446,243.6366986590924,193.55868114333245,81.4200288006285,null,1452.1846872043263,4.884919803235384,43.25593601004907,187.05054651790238,256.01708730795747,null,null,43.25593601004907,339.83265909762093,71.45230177738298,null,71.45230177738298,256.01708730795747,74.03987653475996,506.79423721025074,304.4518262163654,null,304.4518262163654,null,103.83507122004274],"transport.volume_to_capacity_ratio.roads.max":[0.6457483012640165,0.5153842729001468,1.1316780499077044,0.5185875084501884,1.0287463955043041,0.9746490737803788,1.700021572982951,0.9790098151892298,0.36633566933123324,0.36039687352754934,0.4096859537936642,0.8932884290969111,0.3062315985218255,0.6279062274023129,0.6457483012640165,0.9142282949242305,0.36633566933123324,0.6654252081375663,0.8637116088066171,1.336253302474555,1.5720341783083165,0.7393663481288932,0.7401479691065738,0.17583306882133257,0.7113529782651185,0.8956282938430064,1.0371985588746893,1.2145951570330693,1.0698777323561026,1.8732481213809393,0.5754163309214061,0.5633507127955195,0.8479045917853408,0.7434124969981345,0.6278989263917776,0.7944590093234198,1.4189355495350655,1.6294824281473808,0.70730307429751,0.8020344597484026,0.8703911996646208,1.1170560421524018,1.2552094667916234,1.0582911821906513,1.205100905359944,0.9683603634205799,1.0582911821906513,1.1374039828502327,1.5953379415907387,1.1071489541716069,0.5278213089483894,0.17583306882133257,1.6528131799342636,0.7083485523342316,0.36633566933123324,0.6457483012640165,1.0037286130939118,0.6077069411143424,0.4763521530890692,0.7322426048611297,0.38000688299613683,0.9937441426587862,0.5716069427071063,0.12683569117262017,0.7401479691065738,0.5863992653137802,0.6089791238450297,1.0141136489656324,0.47545290132076556,0.17583306882133257,1.3116184670957178,1.1766808463991743,1.206235608049118,0.9076759311524366,0.6186437587279467,0.07970392127131713,0.17583306882133257,0.7456372580223954,1.1160374608842982,0.48419341547620287,0.7190064817039907,0.9487185989740023,0.7262863560107596,0.6926745101487928,0.6446572833049709,1.2798749385594244,0.9810081247952549,0.8355603163460824,0.03597959301113604,0.9824286343551984],"transport.delay_factor.roads.max":[1.1112840860694884,1.0451548725864606,2.0497153391621716,1.046287974782556,1.716825225822114,1.5775280357391557,6.345615334611807,1.587933433563283,1.0115186749303013,1.0107869232069329,1.0180149518437303,1.407518011202325,1.0056283355263185,1.0994853506830005,1.1112840860694884,1.4470937588673223,1.0115186749303013,1.1254807108857474,1.356168085017963,3.040493145405966,4.908660140316492,1.1912575965955103,1.1920676316673917,1.0006143810627335,1.1638779756381716,1.4118046002218017,1.7406748405572974,2.392855791975636,1.838526067328188,8.880634705063839,1.0701630901006647,1.0644607518397569,1.3308018446703553,1.1954786827234374,1.099480723680474,1.2549564195473064,3.594362462930867,5.512099832637559,1.1601777382362073,1.264820796409396,1.367314387086342,1.9965057798328885,2.5887106181024997,1.802787652677484,2.3498130571414615,1.5627661836159374,1.802787652677484,2.0711220327315654,5.145632021339821,1.9616215571276512,1.049673830545191,1.0006143810627335,5.776117949142701,1.1611268870421978,1.0115186749303013,1.1112840860694884,1.6495987681609963,1.087288445880981,1.0329528137845045,1.1839924283065413,1.0133450394523749,1.6241346607119942,1.0683234761585922,null,1.1920676316673917,1.075675211610437,1.0880216679885697,1.6769030729869467,1.0327046858349842,1.0006143810627335,2.8941312312002845,2.226915663234429,2.354904086786831,1.4344134385110725,1.0937437920685318,null,1.0006143810627335,1.1978291918603934,1.9928761153824521,1.0351736536372484,1.1710453200115905,1.5184771638763999,1.1780785112924645,1.1473319031953688,1.110533914000719,2.7173155982976733,1.5927484008982853,1.3119544581881017,null,1.5961890875220104],"transport.cargo_vehicle_flow.roads.total":[379.4688231275285,2695.4417647598248,7733.485078218643,1884.7992582571806,5722.763204725438,6391.635062841906,87508.46756487907,5759.422004938935,180.89054811348672,609.1388456392933,183.41397100355354,4676.259255393477,null,510.515983331127,1126.9771405147583,1629.0248364833528,145.8346084724377,2385.1833575735154,4316.531753029145,4183.038342523008,5681.991944704113,9023.784726733094,3592.544214457088,null,0.009029760757447628,5285.845153804719,3095.564891785969,150.0484270939419,4723.536811763522,20835.52405055966,238.37979910016062,4620.886676478474,8702.974627420868,56.77634871924553,2723.940059420019,436.47610679636705,12285.884830903196,7368.006986360845,2221.784401836435,913.0907232631293,78.40431672427007,6462.399322035812,9333.396277527258,5853.976002194579,17089.341350682917,3360.7836748143545,321.35025218629977,20863.878082118794,410.8191322288495,17853.99414025059,83.8155717896635,null,361.95768738325535,null,231.65211858342784,1149.8357982504126,563.8159316885647,539.9276015677955,733.655884014214,519.2989786820651,644.4745362900571,535.3231096421302,6149.007308717783,null,4099.338205811856,4330.196606589037,2847.205450315272,2803.8129084235597,833.1627524229008,null,33193.494542535474,63.47427252945752,464.1148103047655,903.102748323711,960.0007197978024,null,null,320.3774732516785,2366.542741321969,438.28024378449004,null,876.5604875689801,2964.3424063372436,290.98407119757803,4889.835566685146,5883.749145079308,null,836.7987448922993,null,1069.1633272767701],