{"municipalities_area_set":{"area_entities":{"id":[1,2,3,4,5,6,7,8,10,15,17,18,19,20,21,22,24,25,26,27,29,30,31,32,33,34,36,40,41,44,45,51,54,55,56,57,58,59,61,62,63,65,66,69,70,71,75,76,80,82,85,86,88,89,90,91,92,93,100,101,102,103,104,105,108,109,110,111,114,119,121,123,124,126,130,131,135,138,141,143,147,150,152,154,155,156,157,160,162,164],"transport.cargo_vehicle_flow.roads":[388.0272512977003,297.62145968503205,276.19279452778835,273.1225185926581,333.60453270446146,453.9319737829193,1422.7734998562235,311.72118890444017,62.79522485220852,62.79522485220852,70.79078544120152,388.0272512977003,null,73.54168834734807,388.0272512977003,149.17090985677726,62.79522485220852,311.72118890444017,395.6042488933327,336.96257192928135,311.72118890444017,383.0986104863081,512.4677874531759,null,0.00028242266750538777,395.6042488933327,110.89992359829705,42.9443323199357,809.6166443990135,486.3074767057714,32.80261107150446,359.62224514745446,512.4677874531759,42.9443323199357,435.38391310220203,73.54168834734807,438.5839647676825,388.53235541770346,333.60453270446146,453.9319737829193,42.9443323199357,388.0272512977003,302.11845366837815,453.9319737829193,273.14619676338435,192.58076596830966,159.4170083774924,387.24913171203127,32.80261107150446,1357.9915690277508,83.0737218355331,null,32.80261107150446,null,62.79522485220852,388.0272512977003,336.96257192928135,70.79078544120152,70.79078544120152,70.79078544120152,62.79522485220852,73.54168834734807,512.4677874531759,null,512.4677874531759,359.62224514745446,242.29515524040937,192.58076596830966,80.70119023217768,null,1441.350675458909,6.470753988027636,42.9443323199357,185.40633160157253,253.89279293942747,null,null,42.9443323199357,336.96257192928135,70.79078544120152,null,70.79078544120152,253.89279293942747,73.54168834734807,503.407904995834,302.11845366837815,null,302.11845366837815,null,101.04631407371095],"transport.volume_to_capacity_ratio.roads.max":[0.6491309016855465,0.5180276477976947,1.0494089073982136,0.5246652000407757,1.0420562569015812,0.9820726383466462,1.7060184015343762,0.9871200258394651,0.3704340292928548,0.36394068463233137,0.41420081436125294,0.8985374349280858,0.30375321537247707,0.6345223600729257,0.6491309016855465,0.9206484750888669,0.3704340292928548,0.6711533920341244,0.8716132015372,1.4339168475209525,1.5781732244779172,0.7442393925281524,0.743420617411426,0.1786620446538223,0.6941745827607139,0.9064530986020081,1.0569124973269888,1.2215821938651839,1.0519621080164794,1.8830972645667037,0.5793160991925723,0.567590175586236,0.8523512720088424,0.7515338206908974,0.632857232849242,0.8018704096963608,1.418276125597255,1.6361014884849454,0.7233910734733225,0.8079007517361017,0.8801818909198643,1.1217316019948143,1.2454015550420536,1.066821191232534,1.2132790253695829,0.9733337832209449,1.066821191232534,1.1437457187521396,1.6063135754431848,1.1295881498344076,0.5598504863547052,0.1786620446538223,1.6644615729241043,0.7125148099364288,0.3704340292928548,0.6491309016855465,1.033898753350928,0.6145506198148625,0.48158919697110714,0.7391941306507113,0.384134841640224,1.157221673185734,0.5728698860090204,0.12829618743080726,0.743420617411426,0.5909640442946152,0.6148351332781501,1.0237349412258745,0.4792475870258116,0.1786620446538223,1.3148360774856966,1.184446077907749,1.2183759680513144,0.9170189100382351,0.5124954794441035,0.08097493198745524,0.1786620446538223,0.7510329751664391,0.8387712074401465,0.4899954096843448,0.7256264724285955,0.9585345556029832,0.7318819218728527,0.6995403985568044,0.6493696887165549,1.2921766698582617,0.9843677894956994,0.8446378229956943,0.036526981550160764,0.989278692983679],"transport.delay_factor.roads.max":[1.1136400609754378,1.0460884105464932,1.7761737638771686,1.048496345289803,1.754648366666887,1.595325409109213,6.421442038709755,1.6076588457323515,1.0120570522555614,1.011228000023931,1.0188401441437054,1.417181148800931,1.0054483313156286,1.1037451248289076,1.1136400609754378,1.4597855588173867,1.0120570522555614,1.1298575281746281,1.369381526688357,3.7056763386225087,4.970074505972363,1.1963498563340085,1.195487223842714,1.0006539243622468,1.1486123171204918,1.4320771757573831,1.7986125058757112,2.425183378817398,1.7837550654638568,9.047685277509428,1.0720845787439601,1.0664231477350985,1.3377959423217978,1.2041616149067542,1.102660403252071,1.2646041945536846,3.5895430967565627,5.585861486854376,1.1752558628319931,1.2726540938488096,1.384122449932719,2.0132947553786353,2.5396343385132036,1.8289846892757216,2.386828420281721,1.574416840460568,1.8289846892757216,2.0952112588362253,5.2608995205670475,2.0419826430346806,1.0628735834246996,1.0006539243622468,5.912188980859088,1.1649512295353612,1.0120570522555614,1.1136400609754378,1.7312940175681626,1.091287353793048,1.0344260281052031,1.191079463551127,1.013933038689894,2.1477471133630877,1.0689293125737238,null,1.195487223842714,1.0780592198618062,1.0914565214567786,1.7029591366059789,1.0337613429577623,1.0006539243622468,2.9127861667379755,2.259624649498885,2.410279751801418,1.452577688246417,1.0441564126200658,null,1.0006539243622468,1.203617920098172,1.3167772832967162,1.0368948780376646,1.1774322040556875,1.5402702702275284,1.1836301772076494,1.1532608304477425,1.1138015101057428,2.7842986893793693,1.6009101656356546,1.3257332370008061,null,1.6129917018807112],"transport.cargo_vehicle_flow.roads.total":[376.8145653719469,2668.1947852751446,7624.595840726316,1869.5064946016728,5678.800437528489,6344.604378505151,87551.18095484433,5710.990711572782,179.21583575767335,603.4993450582126,181.71589641274775,4641.748614684785,null,500.75333800780766,1119.221744168431,1615.2135991338694,144.48444936649716,2365.408650567886,4285.36715184029,4164.86218166296,5608.637150838234,8971.16537946813,3560.094864829344,null,0.00014121133375269388,5246.520006998379,3043.1581900047227,148.94525772810925,4444.3289785762745,20655.21993689445,235.36568663607716,4580.3176253527035,8619.80792334809,56.352506165470466,2699.9112599716086,427.2116496604596,11918.36559874958,7027.957681563455,2204.985416001473,906.3720540721645,77.82467232543831,6417.06029724885,9238.961929725416,5810.938252757559,16843.395073578766,3514.2020548380406,318.8340167549848,20493.859248220182,405.12615112914534,17772.075136369305,83.0737218355331,null,357.31671336728357,null,229.50744784585777,1141.656382041594,561.0794234524476,534.9288692679577,726.8635856509908,514.4912293273863,638.5078924814767,532.2281391967924,6095.254154694059,null,4063.5027697960395,4302.10368008873,2855.8753197560645,2898.719328916707,825.7380089147786,null,33069.093255585234,75.28862022113914,460.6972488270844,895.6506158072158,956.0107364467235,null,null,318.0027762245207,2352.4962538273685,434.222578266697,null,868.445156533394,2951.7429429949652,284.8077664403064,4845.880571954728,5831.926202969472,null,830.3659840077104,null,1052.5010212238135],