{"municipalities_area_set":{"area_entities":{"id":[1,2,3,4,5,6,7,8,10,15,17,18,19,20,21,22,24,25,26,27,29,30,31,32,33,34,36,40,41,44,45,51,54,55,56,57,58,59,61,62,63,65,66,69,70,71,75,76,80,82,85,86,88,89,90,91,92,93,100,101,102,103,104,105,108,109,110,111,114,119,121,123,124,126,130,131,135,138,141,143,147,150,152,154,155,156,157,160,162,164],"transport.cargo_vehicle_flow.roads":[388.02804818154567,297.62209516777466,274.5845739148654,273.1225185926582,334.2258306232111,453.930132239125,1434.236588519555,311.7212126269354,62.79522485220852,62.79522485220852,70.79078544120154,388.02804818154567,null,73.54104962143069,388.02804818154567,149.1709098567773,62.79522485220852,311.7212126269354,395.6085231993044,336.96377799033365,311.7212126269354,383.21454274676927,512.8873859684828,null,0.0013110339428281414,395.6085231993044,111.36054071896886,42.94433231993569,798.628431599484,486.3074767057715,32.803331059081245,359.5055928994164,512.8873859684828,42.94433231993569,435.80346849261815,73.54104962143069,438.13290745292807,377.0826304234323,334.2258306232111,453.930132239125,42.94433231993569,388.02804818154567,302.1170009837986,453.930132239125,273.14619676338435,193.6492360358115,159.41904803830798,387.24843568162396,32.803331059081245,1355.377555667747,83.0718513119765,null,32.803331059081245,null,62.79522485220852,388.02804818154567,336.96377799033365,70.79078544120154,70.79078544120154,70.79078544120154,62.79522485220852,73.54104962143069,512.8873859684828,null,512.8873859684828,359.5055928994164,243.3634837952514,193.6492360358115,80.70119023217771,null,1441.7702308493247,5.815340032982119,42.94433231993569,185.4059971492976,253.89192667835715,null,null,42.94433231993569,336.96377799033365,70.79078544120154,null,70.79078544120154,253.89192667835715,73.54104962143069,503.41317106841666,302.1170009837986,null,302.1170009837986,null,101.46680927367562],"transport.volume_to_capacity_ratio.roads.max":[0.6491426231707355,0.5181843973945142,1.0939407774660619,0.5217181412475163,1.0425802699183162,0.9815568654295247,1.7089041498637558,0.9869706980718043,0.3704526253295314,0.3640090955147192,0.414184163906157,0.8986423150820416,0.3002653799287427,0.6353187170131829,0.6491426231707355,0.9211499524947467,0.3704526253295314,0.6708572758251679,0.8714593137618585,1.4338650142482148,1.5822222953222782,0.7439948749706646,0.743792193506776,0.17866352748505585,0.7048430808332133,0.9065301248646415,1.0602474709933676,1.2188625903222043,1.0671383501904252,1.8821022772174965,0.5798015244131065,0.5675787071659356,0.8526431019012277,0.7518399006534247,0.632976680165076,0.8025464127714943,1.4227303496226276,1.6164914224807305,0.7239875662010461,0.8077631035864096,0.8805535489967597,1.1217518889882125,1.2143188256717206,1.0663350103455835,1.2127214726462248,0.9723088487616128,1.0663350103455835,1.144523282610177,1.6077178510430097,1.1379016489028926,0.5597463798988702,0.17866352748505585,1.6683725558945062,0.71166385336568,0.3704526253295314,0.6491426231707355,1.0340223884033197,0.6145117856609,0.48157121017314247,0.739389674025098,0.3841656848082744,1.1064566457006655,0.5731677338355001,0.128216652864041,0.743792193506776,0.5909494463240104,0.6144933574793736,1.0269659672194977,0.4793883754410868,0.17866352748505585,1.3149385175396218,1.1882432528240625,1.2188625903222043,0.9168992946248189,0.5124552433152382,0.08078128151980848,0.17866352748505585,0.7495268215865009,0.8384925788477758,0.48998794884403396,0.7257340551517752,0.9585839929048403,0.7318634447131963,0.7002811857844412,0.6494654110723241,1.2912675036461263,0.9844935299739762,0.8445618934026605,0.03686382801635254,0.989694603075213],"transport.delay_factor.roads.max":[1.1136424213637304,1.0461442193009083,1.916548010679181,1.0474158704105578,1.756167455287447,1.594075762576302,6.458216923180068,1.6072912318724208,1.01205485715806,1.0112377937535273,1.0188248376023994,1.4173598340802729,1.0052023674144324,1.1042669271820271,1.1136424213637304,1.4607881587583535,1.01205485715806,1.1296285046550574,1.3691207309633637,3.705285140330348,5.010975171897053,1.196091942914456,1.195878350238116,1.0006548367505854,1.1579609500759218,1.4322240582930532,1.808740057973218,2.412534178388409,1.8299709358636855,9.030689870912662,1.0723264893548563,1.0664177794569207,1.338258801219571,1.2044944167780787,1.102737930890873,1.2654976036044685,3.6222274407492345,5.369921061141996,1.1758346270624722,1.2724683247872302,1.3847716460149828,2.0133680608347646,2.3915886754190843,1.82747455398545,2.384280953088582,1.5720011826474793,1.8274745539854502,2.0981925701380435,5.275818969003406,2.0729979221844075,1.0628268300820425,1.0006548367505854,5.95852061314774,1.1641646349466264,1.01205485715806,1.1136424213637304,1.7316438769440334,1.0912642817724423,1.0344208853044374,1.1912817332957055,1.0139349118776118,1.9592185757744405,1.0690727759558145,null,1.195878350238116,1.0780515072844565,1.0912533348116906,1.7118757200828334,1.033801032680013,1.0006548367505854,2.913382343925673,2.275855240203624,2.4125341783884093,1.4523415985625427,1.044137094267918,null,1.0006548367505854,1.2019894507293132,1.316356576254282,1.0368960381573897,1.1775374531666984,1.5403817385964025,1.1836116341311549,1.153911052422988,1.1138686260042228,2.7792823078158397,1.6012172590256242,1.3256161242853692,null,1.6140232019404126],"transport.cargo_vehicle_flow.roads.total":[376.81496381386967,2669.8745273913923,7503.900896355477,1869.5064946016732,5684.717946885572,6344.896419702243,87171.92307945313,5710.9551096509385,179.21583575767335,603.4993450582126,181.71589641274775,4642.217258645991,null,502.1326344661536,1119.231807073933,1615.2135991338694,144.48444936649716,2365.3981975514243,4285.595125037558,4159.304995313094,5585.735691219077,8943.873442182308,3561.7890570791815,null,0.0006555169714140707,5246.734402624537,3049.837361025411,148.94525772810925,4198.491738277789,20667.91168499298,244.28918619360044,4585.485484345876,8624.02754327815,56.352506165470466,2700.630908263313,428.59158484472295,11823.81645414934,6901.424773003937,2208.254819639388,906.4137742431776,77.82467232543831,6417.067469203459,9243.996755962058,5811.2285283568735,16816.244397204566,3459.4696733547657,318.83809607661595,20353.602967273517,422.9717102690385,18213.46680358102,83.0718513119765,null,371.1977126789867,null,229.50744784585777,1141.657975809285,560.6169923099517,534.9288692679577,726.8635856509909,514.4912293273863,638.5078924814767,538.4469142912088,6097.8033422213975,null,4065.2022281475975,4293.640853127854,2893.0465955759114,2919.084706456012,825.7380089147787,null,33286.11920084515,65.68835183371526,460.6972488270844,895.6447205097271,955.0902819959504,null,null,318.0027762245207,2351.1021601680945,434.22257826669704,null,868.4451565333941,2948.952680340555,285.7277232298153,4847.568040404422,5833.3783816177365,null,830.3695882454758,null,1054.3288101819296],