{"municipalities_area_set":{"area_entities":{"id":[1,2,3,4,5,6,7,8,10,15,17,18,19,20,21,22,24,25,26,27,29,30,31,32,33,34,36,40,41,44,45,51,54,55,56,57,58,59,61,62,63,65,66,69,70,71,75,76,80,82,85,86,88,89,90,91,92,93,100,101,102,103,104,105,108,109,110,111,114,119,121,123,124,126,130,131,135,138,141,143,147,150,152,154,155,156,157,160,162,164],"transport.cargo_vehicle_flow.roads":[385.28448734661123,295.51946249541993,273.9553296198452,270.83041749746076,333.20422312581377,450.9684093044003,1430.5700130964274,309.18886587061525,62.22794411856812,62.22794411856812,70.15127425552492,385.28448734661123,null,73.03047629501901,385.28448734661123,147.94517662531587,62.22794411856812,309.18886587061525,392.92924361137517,334.13418448592626,309.18886587061525,380.36989054614344,509.25339001867746,null,0.025343816231734335,392.92924361137517,109.93500776853627,42.65072555864235,799.3424324989087,482.39331984126534,32.710412109529855,357.77863698738986,509.25339001867746,42.65072555864235,432.293661352029,73.03047629501901,437.2317316055661,370.0654669224313,333.20422312581377,450.9684093044003,42.65072555864235,385.28448734661123,299.80238775292935,450.9684093044003,270.9048398275436,192.50605039624548,158.38315474243785,384.25212181235105,32.710412109529855,1365.1582000668516,82.21688865038895,null,32.710412109529855,null,62.22794411856812,385.28448734661123,334.13418448592626,70.15127425552492,70.15127425552492,70.15127425552492,62.22794411856812,73.03047629501901,509.25339001867746,null,509.25339001867746,357.77863698738986,241.86810070564945,192.50605039624548,80.00626362178792,null,1433.4034344373918,5.479841842341761,42.65072555864235,183.84780028112928,251.9172958355373,null,null,42.65072555864235,334.13418448592626,70.15127425552492,null,70.15127425552492,251.9172958355373,73.03047629501901,500.2761851348715,299.80238775292935,null,299.80238775292935,null,100.48419023057079],"transport.volume_to_capacity_ratio.roads.max":[0.6523396367850047,0.5215334891272723,1.0494027193268445,0.5243520747480656,1.0500554004797356,0.9863897840412214,1.7109264937290714,0.994616722755771,0.374394920313568,0.3674058454476853,0.418524528634886,0.9033678359048127,0.30345680843059397,0.6406749571449754,0.6523396367850047,0.927473022995382,0.374394920313568,0.6771776839125849,0.8795001827249548,1.4464073317962638,1.5807351165484211,0.7474038344481105,0.7471783304415468,0.18087223691346882,0.7117486273994542,0.9147040285856064,1.073262092167155,1.2298109454957484,1.059325083787268,1.891625960910011,0.583136449507631,0.5711883362395049,0.858490248283174,0.7591985431254986,0.6371128845876909,0.8086968678293407,1.433823086299902,1.6219772764244762,0.7288786442752213,0.8117947353327469,0.8895331931032532,1.1261479987804182,1.235044411862544,1.0745321169404214,1.2233473046197076,0.9858810233435378,1.0745321169404214,1.1531654397375017,1.6169100290328253,1.1492122575525152,0.5654444304061363,0.18087223691346882,1.6705505579690074,0.7167552066620054,0.374394920313568,0.6523396367850047,1.0400761630893653,0.6208458034576514,0.4865573699301689,0.7452540147580576,0.3881453097547204,1.1386128796834039,0.574984115763664,0.12968146704339448,0.7471783304415468,0.5948654621107151,0.620081433632436,1.03392417584659,0.48305242759581907,0.18087223691346882,1.3172163962752164,1.1943541127779522,1.2293830830392334,0.9228106127654049,0.5168162064644571,0.0812636429670995,0.18087223691346882,0.7567462279324242,0.8453436618748387,0.4955525091199887,0.7318167406655923,0.9674105606103879,0.7373099849815569,0.7058788503980783,0.6534353687799421,1.3056742363461755,0.9911565739771648,0.8532283245526199,0.03732501912409408,0.996257631893186],"transport.delay_factor.roads.max":[1.1159011735939999,1.0473487782918143,1.776155456519078,1.0483806765280819,1.7780881934239838,1.6058627288531842,6.484100180545872,1.6263296933656055,1.012562699317377,1.0116617632577476,1.019631782529922,1.426240915778266,1.0054270961697278,1.1078278555215675,1.1159011735939999,1.4735710214033337,1.012562699317377,1.1345830990986485,1.3829338076156468,3.801189128926113,4.995916270641164,1.1997106661994352,1.1994697513126948,1.0006878461116238,1.164242870676201,1.4480250957364504,1.8491866050259933,2.4639740884831705,1.8059293987478964,9.194473153833465,1.0740049427594127,1.0681235538383833,1.3476333545343673,1.212618690030922,1.1054497431664763,1.2737303912501035,3.70496873096297,5.429544164422841,1.1806345732215726,1.277948859253844,1.400708548931799,2.02934711491286,2.4890534046758024,1.8532132220366768,2.43343845692748,1.6046137266597038,1.8532132220366768,2.131739428745187,5.374449358044867,2.1163001219474227,1.0654243921856839,1.0006878461116238,5.984464061903355,1.168913126171574,1.012562699317377,1.1159011735939999,1.7489288256743925,1.0950856486703324,1.0358687461067018,1.197422783666702,1.0145238752014833,2.0756830925361225,1.0699525197801856,null,1.1994697513126948,1.0801410433278575,1.094618244451257,1.7313659472601255,1.03484633039253,1.0006878461116238,2.926675106306263,2.302304111165247,2.461937831632051,1.4641200131487593,1.0456587975260245,null,1.0006878461116238,1.209884822030508,1.326823425184292,1.0385956795325724,1.183564769729139,1.5605615043385805,1.189138715550064,1.1588914955730052,1.1166784163936376,2.8600272750121425,1.6176593745186496,1.3391884310286783,null,1.6304731840197995],"transport.cargo_vehicle_flow.roads.total":[374.315169352594,2650.5712001341935,7791.64154940342,1854.9498450124247,5658.393799593097,6299.380007775271,86716.85187547543,5664.724684663497,177.59683222630827,598.0474408406249,180.07430778441238,4611.090257344964,null,496.7710596006313,1111.9761900637648,1601.933077538846,143.1792029145709,2346.540953739679,4254.393461671916,4127.612305447762,5562.946537951123,8923.889438685279,3537.839946358079,null,0.012671908115867167,5207.714859637901,3019.78440807249,147.90546246234678,4342.95619561264,20509.90932199249,230.94381919339688,4562.905034327859,8563.141913949376,55.95291608292217,2681.6716317801142,423.7405833056123,11929.017950917229,6861.033850506205,2200.820506354131,899.9114296821815,77.27827886224334,6374.327196988114,9173.332157447381,5769.159688105497,16921.955553322936,3322.6264381770475,316.7663094848757,20315.324890280455,396.466814167734,17478.997828748474,82.21688865038895,null,350.4806931571379,null,227.434118963027,1133.914826051799,556.6149297909868,530.096418359183,720.2972311376493,509.84340837107476,632.7397273616837,540.4720733985766,6057.174182875259,null,4038.116121916839,4267.998836261829,2789.332302154779,2718.5635046895404,818.5741090966018,null,32688.175163898093,50.34846425952153,457.475936908954,888.6551486074644,948.7960822811959,null,null,315.7642107111133,2332.846528460442,430.2998898243497,null,860.5997796486993,2929.4317204185263,282.4937222037415,4812.508161007019,5788.822643198525,null,824.0447140487508,null,1046.7128254341003],