{"municipalities_area_set":{"area_entities":{"id":[1,2,3,4,5,6,7,8,10,15,17,18,19,20,21,22,24,25,26,27,29,30,31,32,33,34,36,40,41,44,45,51,54,55,56,57,58,59,61,62,63,65,66,69,70,71,75,76,80,82,85,86,88,89,90,91,92,93,100,101,102,103,104,105,108,109,110,111,114,119,121,123,124,126,130,131,135,138,141,143,147,150,152,154,155,156,157,160,162,164],"transport.cargo_vehicle_flow.roads":[385.3121504248547,295.53881337838845,274.02037343540326,270.83041749746076,333.6464963371508,450.8999805786805,1428.7446054570341,309.1883719336874,62.22794411856812,62.22794411856812,70.15127425552494,385.3121504248547,null,73.05870627195637,385.3121504248547,147.94517662531587,62.22794411856812,309.1883719336874,392.95030501625087,334.1832623286777,309.1883719336874,380.2093678257273,509.8986947809384,null,0.005966082130842325,392.95030501625087,108.23335479580858,42.65072555864236,821.6155415729638,482.39331984126545,32.678632706488756,357.97093911084716,509.8986947809384,42.65072555864236,432.94090479102005,73.05870627195637,436.9383553551007,371.9593052762267,333.6464963371508,450.8999805786805,42.65072555864236,385.3121504248547,299.8663747582244,450.8999805786805,270.9048398275435,194.48769407248076,158.29366461184227,384.22496150348945,32.678632706488756,1363.7728714810946,82.29905155399989,null,32.678632706488756,null,62.22794411856812,385.3121504248547,334.1832623286777,70.15127425552494,70.15127425552494,70.15127425552494,62.22794411856812,73.05870627195637,509.8986947809384,null,509.8986947809384,357.97093911084716,243.85611397944,194.48769407248076,80.00626362178792,null,1434.0506778763831,6.220051678393718,42.65072555864236,183.8345483021469,251.88421077467788,null,null,42.65072555864236,334.1832623286777,70.15127425552494,null,70.15127425552494,251.88421077467788,73.05870627195637,500.28173936451844,299.8663747582244,null,299.8663747582244,null,101.09000743862097],"transport.volume_to_capacity_ratio.roads.max":[0.6524185949525203,0.5219966561448036,1.1382080365447398,0.5261466418926196,1.0511975892566447,0.9853001535390062,1.7120317596777042,0.9944300538659561,0.3743670918918336,0.36740121607267445,0.4185321415524076,0.903445879809442,0.30555589227042645,0.6395913997783147,0.6524185949525203,0.9275960842855816,0.3743670918918336,0.6757856652354023,0.8795136566811568,1.4462534831721536,1.5838650113403965,0.7484931559694565,0.7479234432976481,0.18087256970502,0.7038325429806916,0.9147508751218155,1.0718311420692088,1.2311469945068527,1.0740094463620358,1.8919246348197476,0.5833850889576537,0.5713542225404122,0.8593531167964997,0.7579013950862536,0.6370998669208281,0.807746212314855,1.4403329584795113,1.6229154731627402,0.7308778741535403,0.8113041822228282,0.8880569573623638,1.1262852001117216,1.2943402620532105,1.0749041166128437,1.2220444976496432,0.9826495975843572,1.0749041166128437,1.1517169802140648,1.6176506109116267,1.1484152452885494,0.5655144709931181,0.18087256970502,1.6716643681067667,0.7171710157892375,0.3743670918918336,0.6524185949525203,1.041508100185254,0.6207552001805664,0.4865290093545445,0.7451347352530682,0.3881182368734926,1.0527343762553214,0.5755450749193559,0.1298320043319948,0.7479234432976481,0.5950323281131319,0.6203958973821931,1.0387391153946628,0.48306063864800347,0.18087256970502,1.3182437780676175,1.1953646147052743,1.2286085785161807,0.922879334982431,0.5167407675969674,0.08177894057014816,0.18087256970502,0.7577741501863435,0.8459197648079503,0.4955433588023993,0.7317426493516288,0.9672387315274713,0.7372888683038226,0.7048622512280344,0.6534215454481763,1.3056233427817905,0.9912233946963711,0.8532201056067243,0.037363942151388364,0.9967002925931427],"transport.delay_factor.roads.max":[1.115953882952832,1.047517201791528,2.0741540365314846,1.0490464056212376,1.7814791562460037,1.603190059565413,6.4982849284383635,1.6258596294471874,1.0125626504992498,1.0116637517554063,1.0196379086990506,1.4263718662600986,1.0055788235544223,1.107100237917334,1.115953882952832,1.4738224135599065,1.0125626504992498,1.1334799007667553,1.382957274361979,3.7999975134533734,5.02765844453249,1.2008775063317025,1.2002666156906288,1.0006878236921475,1.15705701802371,1.4481168851487682,1.8446668678671325,2.4703462249783072,1.8515543635597576,9.199649769304784,1.0741312412965622,1.0682093505261498,1.349033088157524,1.2111693095399045,1.1054390103762155,1.2724455349762807,3.754428911536081,5.439801745881011,1.1826245811023535,1.2772776297839346,1.398055160085665,2.02984883797581,2.796279098952865,1.8543953547766943,2.427342027778493,1.5967256366906382,1.8543953547766943,2.126063945581965,5.382469258443796,2.1132065950380445,1.0654624199342817,1.0006878236921475,5.99777057654682,1.1693054317227003,1.0125626504992498,1.115953882952832,1.7530617372337198,1.0950301554342012,1.0358603839326888,1.1973065076056564,1.0145275236443265,1.7860590875482099,1.0702259045068176,null,1.2002666156906288,1.0802369338255233,1.0948103266381581,1.7450851675016463,1.0348573843243944,1.0006878236921475,2.9326930938209994,2.3067170464967433,2.4582572606687183,1.4642582816901162,1.0456321443844592,null,1.0006878236921475,1.2110275314580465,1.3277152589010743,1.0385863932400778,1.1834904424341801,1.5601633482142572,1.1891170486267586,1.1579781357298906,1.1166629274798836,2.8597372857312227,1.6178259541230933,1.3391753619309836,null,1.6315944673249145],"transport.cargo_vehicle_flow.roads.total":[374.32900089171574,2653.191127373087,7816.519600306528,1854.9498450124247,5669.135124127923,6282.51266895851,86331.73206612124,5664.620734074604,177.59683222630824,598.0474408406249,180.0743077844124,4609.541857575316,null,491.73914409497024,1112.0038531420082,1601.933077538846,143.1792029145709,2346.531037059699,4240.560389406881,4140.339890033514,5583.6403887355855,8945.356103873546,3540.4398974263977,null,0.0029830410654211625,5193.881787372866,2994.9751675683588,147.9054624623468,4589.740467711066,20459.398916556005,223.48851998183181,4554.929799820679,8568.782740150999,55.95291608292218,2683.1602168478153,418.6804378230139,11691.335214782239,6909.72973296337,2206.4123052272116,897.5018098512157,77.27827886224335,6374.5761646923065,9181.398464235823,5752.448902467836,16626.329557042503,3348.2058991692675,316.58732922368455,20395.593430905825,381.6197745506861,17492.801441324875,82.29905155399989,null,338.88356105025895,null,227.43411896302698,1133.9701522082862,558.3598939767236,530.0964183591832,720.2972311376498,509.8434083710749,632.7397273616834,519.1826315759787,6061.08260487274,null,4040.721736581828,4268.54371029722,2912.9550324279408,2920.4017188237003,818.5741090966018,null,32696.94343874319,53.51777536783838,457.4759369089541,888.5415880706744,952.1216848454475,null,null,315.7642107111134,2338.4591504748482,430.2998898243498,null,860.5997796486996,2939.4100478028754,279.12029188200927,4815.132985938429,5791.743549738633,null,824.1876761624676,null,1053.7626600369392],