{"municipalities_area_set":{"area_entities":{"id":[1,2,3,4,5,6,7,8,10,15,17,18,19,20,21,22,24,25,26,27,29,30,31,32,33,34,36,40,41,44,45,51,54,55,56,57,58,59,61,62,63,65,66,69,70,71,75,76,80,82,85,86,88,89,90,91,92,93,100,101,102,103,104,105,108,109,110,111,114,119,121,123,124,126,130,131,135,138,141,143,147,150,152,154,155,156,157,160,162,164],"transport.cargo_vehicle_flow.roads":[382.6823680858343,290.3695509343054,270.53894030978336,268.6243803978349,328.42486877798837,451.22529942677784,1428.1503593568834,306.75737124623816,61.67877460980942,61.67877460980942,69.53218035217665,382.6823680858343,null,72.6168904964041,382.6823680858343,146.76753638917015,61.67877460980942,306.75737124623816,393.65944811367115,331.5303729558069,306.75737124623816,378.5615799827069,507.1548726749791,null,0.0038299913572909,393.65944811367115,110.47307781515259,42.372247487252814,807.9436054519914,478.6393534921242,32.55832605575836,355.39784178252825,507.1548726749791,42.372247487252814,430.2749312860983,72.6168904964041,439.88794491365155,362.69451401214826,328.42486877798837,451.22529942677784,42.372247487252814,382.6823680858343,297.74791414443956,451.22529942677784,268.75167381463496,190.17424550199487,157.1921990150797,381.3224481101299,32.55832605575836,1342.4849930173773,81.58156559089628,null,32.55832605575836,null,61.67877460980942,382.6823680858343,331.5303729558069,69.53218035217665,69.53218035217665,69.53218035217665,61.67877460980942,72.6168904964041,507.1548726749791,null,507.1548726749791,355.39784178252825,239.21797606538394,190.17424550199487,79.33352350808435,null,1427.0199598374497,6.796929038261224,42.372247487252814,182.31568083435943,249.94880736491064,null,null,42.372247487252814,331.5303729558069,69.53218035217665,null,69.53218035217665,249.94880736491064,72.6168904964041,494.1565891349769,297.74791414443956,null,297.74791414443956,null,100.77306392411145],"transport.volume_to_capacity_ratio.roads.max":[0.6555363708253988,0.5254064217440875,1.1864051793706063,0.5301647673174796,1.0538142790232292,0.9911110994646102,1.7286295833695748,1.0022226452652268,0.37820540775831973,0.37075561349962494,0.422558021109445,0.9082140883458688,0.3113347320639378,0.6451238281249285,0.6555363708253988,0.9339912439730482,0.37820540775831973,0.682107297790653,0.887334147792641,1.4585350077278743,1.6140661495521635,0.7527795790508451,0.7517552173933265,0.1830568211572357,0.7260652497905496,0.9229865632656287,1.0819074132563222,1.2455230421674075,1.0632442548341083,1.9012567973598056,0.587429245924067,0.5754328471802794,0.8653188409739726,0.765131813143128,0.6403556452504144,0.8141927507665676,1.4344688489876034,1.6450644180460863,0.7295879516185991,0.8161462192170869,0.8967147298072428,1.1305467104739644,1.3451889702288533,1.0817781623596627,1.2273100465273914,0.9874122088113756,1.0817781623596627,1.1539396968899518,1.629036721919237,1.1584093563113216,0.5709320030344821,0.1830568211572357,1.681793673081428,0.7237152465420549,0.37820540775831973,0.6555363708253988,1.048111430982599,0.6270479814405617,0.4912035279358144,0.7521359236194507,0.3919896837835902,1.236015213185841,0.5776784881117601,0.1309745907080793,0.7517552173933265,0.599402055058056,0.6302820719726284,1.0589760048717887,0.48670077092965097,0.1830568211572357,1.321571611518903,1.2001684832596138,1.240328048140182,0.9281041885057906,0.5209784718099643,0.08237310244889855,0.1830568211572357,0.7669073262651945,0.851191186926333,0.5009215851115694,0.7378841044041644,0.9766189662851036,0.7426355060957068,0.7106802961954178,0.6565086544682385,1.3182483167128252,0.9980507490383739,0.861873104664979,0.03787200661046561,1.0035146692260244],"transport.delay_factor.roads.max":[1.1181970693568644,1.0487709797861893,2.2679791430443546,1.050561904653359,1.78928943495119,1.6175460288504984,6.714625023361629,1.6457089701875098,1.0130927818551791,1.0120958721823825,1.0204147391388607,1.4354287520229725,1.0060129869963796,1.1108542394503769,1.1181970693568644,1.4870249306733292,1.0130927818551791,1.1385449684466749,1.3967607971652305,3.896325740769988,5.3437547020371445,1.2055186749344393,1.204402299675468,1.0007216034491322,1.1778617577237886,1.4644740858300238,1.8768803950209603,2.540235182859252,1.8179224954691553,9.362634060979943,1.0762082927574763,1.0701711460531382,1.358826586424418,1.2193436231049857,1.107613050902547,1.2812476479175396,3.7098450600114283,5.687179758610982,1.1813387375116415,1.2839565339394832,1.4138063862829142,2.0455240245014337,3.09562304083933,1.8764614413559495,2.4521020252134837,1.608378622084777,1.8764614413559495,2.134781976556577,5.507165146648786,2.152466208797245,1.068001348419248,1.0007216034491322,6.120010260436454,1.1755702235362495,1.0130927818551791,1.1181970693568644,1.7723422697986742,1.0989425434971027,1.0372549428295268,1.2048166705182333,1.0151074936314797,2.493740783776213,1.071272953402985,null,1.204402299675468,1.0826138542973494,1.100999631701667,1.8048676135262143,1.0359110505808722,1.0007216034491322,2.952283025464638,2.327849473007173,2.514698630926295,1.4748614393027193,1.0471402039927364,null,1.0007216034491322,1.2213866967867126,1.33596067678639,1.040300916649073,1.1897285087682132,1.5822112469261604,1.194662730845661,1.1632589776988502,1.1188890334442876,2.93271971060826,1.6350244889718184,1.3531451839204596,null,1.6490450995972663],"transport.cargo_vehicle_flow.roads.total":[371.9608211022966,2631.3010829350414,7674.621755737344,1841.029421227618,5578.25064800917,6281.749040475586,86320.95608516785,5620.087928922801,176.02951763007175,592.7695962331436,178.48512915177753,4583.729693988846,null,497.54569468148935,1105.1609163233522,1589.1303135933886,141.9156282674761,2328.383310711849,4247.8140805361945,4089.572959942082,5544.48659963737,8883.135503213625,3511.089286985185,null,0.00191499567864545,5193.630791105963,3018.4246808508233,146.91898144393684,4514.282414227991,20397.618668392814,228.315133925836,4555.639155556935,8472.060006848653,55.57374014203843,2659.1862904241884,424.92880418508526,11555.753531278478,6795.635658873804,2164.325149296029,897.3927200679409,76.75986388566483,6334.05550572258,9077.860985174806,5751.999357393308,16439.814785936756,3315.1873425722188,314.3843980301594,20274.064402689826,391.5136157401554,17648.018668911147,81.58156559089628,null,346.42998250052676,null,225.42698398283372,1126.6040102904276,550.983720540087,525.4182501537484,713.9405166071099,505.34397555058007,627.1557189203113,542.9881925057833,6007.868770859735,null,4005.2458472398243,4239.073021861633,2874.5256428772304,2888.409743369657,811.6493797783811,null,32716.943855233676,76.11396155081968,454.4197319070789,881.8030860990527,938.8043098983812,null,null,313.6402018700522,2310.8077969396527,426.5024386557317,null,853.0048773114634,2898.8707342954663,283.2858694567235,4768.68205441417,5741.360052100385,null,818.3520422676107,null,1029.521946008375],