{"municipalities_area_set":{"area_entities":{"id":[1,2,3,4,5,6,7,8,10,15,17,18,19,20,21,22,24,25,26,27,29,30,31,32,33,34,36,40,41,44,45,51,54,55,56,57,58,59,61,62,63,65,66,69,70,71,75,76,80,82,85,86,88,89,90,91,92,93,100,101,102,103,104,105,108,109,110,111,114,119,121,123,124,126,130,131,135,138,141,143,147,150,152,154,155,156,157,160,162,164],"transport.cargo_vehicle_flow.roads":[382.74055689097474,289.7986325436948,268.1853957054756,268.624380397835,328.936922299033,452.9739232938213,1419.9127387285534,306.762755031271,61.67877460980942,61.67877460980942,69.53218035217665,382.74055689097474,null,72.60536687804296,382.74055689097474,146.76753638917012,61.67877460980942,306.762755031271,395.3716506437402,331.51045511868875,306.762755031271,378.452042593518,508.99136660899165,null,0.011763666901831319,395.3716506437402,111.048099713147,42.37224748725282,819.5758603837163,478.6393534921242,32.57131612740117,355.4943891000744,508.99136660899165,42.37224748725282,432.11063399361086,72.60536687804296,446.5837127208596,370.91185450911246,328.936922299033,452.9739232938213,42.37224748725282,382.74055689097474,297.7218069908865,452.9739232938213,268.75167381463496,189.431486542359,157.2286203520544,381.33353516796785,32.57131612740117,1344.4411675620056,81.54812952021474,null,32.57131612740117,null,61.67877460980942,382.74055689097474,331.51045511868875,69.53218035217665,69.53218035217665,69.53218035217665,61.67877460980942,72.60536687804296,508.99136660899165,null,508.99136660899165,355.4943891000744,238.4726140813304,189.431486542359,79.33352350808434,null,1428.8556625449626,4.8228455727500865,42.37224748725282,182.32109727637814,249.96232559847402,null,null,42.37224748725282,331.51045511868875,69.53218035217665,null,69.53218035217665,249.96232559847402,72.60536687804296,492.43329954706974,297.7218069908865,null,297.7218069908865,null,102.62566690929303],"transport.volume_to_capacity_ratio.roads.max":[0.655559243963789,0.5267784405831577,1.059999833543213,0.5271348832475538,1.0555594945714748,0.9907242334163412,1.716491625369915,1.0020960168152533,0.3782316452717281,0.3706947527033851,0.4227654414935567,0.9082507740274425,0.31167764393992686,0.6445582029341411,0.655559243963789,0.9336750975957934,0.3782316452717281,0.6815386865396742,0.8876989797109098,1.4581178120468978,1.5962716292680652,0.750437500039488,0.7526572973310858,0.18304070624581928,0.7296803540040344,0.922993497296382,1.0811545520924883,1.2454695685462003,1.1052744518563349,1.899990398605758,0.5865023325302596,0.5754175390713748,0.8679179492330976,0.7642951097753733,0.6399736852730865,0.813287650374767,1.4346856098823653,1.624008043315551,0.7324426243261392,0.8156619446167003,0.8956316627401718,1.1305909861002537,1.2938685751130867,1.081319045787923,1.229170267902303,0.9908664435214869,1.081319045787923,1.1592066190098318,1.6262490758893715,1.1381086646203378,0.570936697526947,0.18304070624581928,1.6792660560515604,0.7237102521836813,0.3782316452717281,0.655559243963789,1.047099286915191,0.6271450482810221,0.49141937543244696,0.7518250560055949,0.3920101039506083,1.029909254403578,0.5786979151573166,0.1310633446764503,0.7526572973310858,0.5993896728306523,0.6251982316945629,1.0471473269486105,0.4865777125913648,0.18304070624581928,1.3232428475912053,1.2008454984171637,1.2402031384717747,0.9279342102549734,0.5208029116116241,0.08234208710113448,0.18304070624581928,0.7668376329138276,0.8505727138132668,0.5009501072601925,0.7383786943287837,0.97658700488669,0.7426800514598111,0.7099830768215359,0.6561434435993762,1.3197618472864892,0.997681124246627,0.8614126832952255,0.037855069154987514,1.0050925886509916],"transport.delay_factor.roads.max":[1.1182164398924939,1.0492824106573506,1.8079847468732164,1.049415933138633,1.7945309878739366,1.6165823921922584,6.555801612663242,1.645382696853032,1.0130989308076979,1.012081907365344,1.020444565758071,1.4355149629092536,1.0060395222142506,1.1104659757836552,1.1182164398924939,1.4863658537938567,1.0130989308076979,1.1380835760682535,1.3974137205322195,3.8930133314312174,5.15534563706983,1.2029729136410263,1.20538516943082,1.000721645855519,1.1814306212407963,1.4644880436232013,1.8744421810901586,2.539970694299587,1.9551256320923067,9.340375410012376,1.0757284292077196,1.070163679363065,1.3631571958917346,1.2183857503556925,1.1073565239748269,1.2799991317590373,3.711483357261487,5.451769579299091,1.1841935482570174,1.2832831713060546,1.4118107962528457,2.045687817646765,2.7936621105880413,1.8749744752233373,2.4609258062443873,1.6169364892262221,1.8749744752233373,2.155642175220488,5.476393177085752,2.073778967045048,1.068003585013122,1.000721645855519,6.0892995270471815,1.1755653771464933,1.0130989308076979,1.1182164398924939,1.7693632352860778,1.0990038228291645,1.0373240769797218,1.2044782667562823,1.0151155158578569,1.7200718219271152,1.0717773871460248,null,1.20538516943082,1.0826070280822904,1.0977802037652733,1.769504435952075,1.0358747450828245,1.000721645855519,2.9621770636969824,2.3308481692268765,2.5140885603075844,1.4745136596187975,1.047084025707793,null,1.000721645855519,1.2213062329432396,1.3349853081637826,1.0403049020172486,1.1902377063348752,1.5821350355364259,1.194709440718154,1.1626192530555548,1.1186247057808532,2.9416111221677808,1.6340842945586473,1.3523911734077994,null,1.653136953808449],"transport.cargo_vehicle_flow.roads.total":[371.9899155048669,2635.19990665688,7930.002550942614,1841.0294212276185,5592.550339055294,6285.57663241642,86276.70786415046,5620.123767691515,176.02951763007178,592.7695962331436,178.48512915177753,4584.589571937044,null,499.24097283061576,1105.2191051284929,1589.1303135933883,141.9156282674761,2328.3994255369234,4250.885457678773,4081.7814456875913,5503.613438283333,8886.561471093637,3513.26649913023,null,0.005881833450915659,5196.702168248541,3026.8177889526996,146.9189814439369,4659.263100983241,20421.709529503525,226.89667428083433,4565.734635613067,8466.665433024986,55.57374014203843,2659.511916202796,426.63560595257275,11705.405441435187,6953.41398451018,2171.7310215796133,897.9395189166314,76.75986388566484,6334.579204968843,9075.675919861638,5754.034969009391,16700.383451569243,3403.0853844999624,314.4572407041088,19989.26635264195,388.6507163068663,17700.49502522003,81.54812952021474,null,344.223489719413,null,225.42698398283372,1126.7203879007084,550.329133787309,525.4182501537484,713.94051660711,505.3439755505801,627.1557189203113,542.912191151965,6008.547996936368,null,4005.698664624245,4246.432059239204,2806.4344744046907,2776.3625788761383,811.6493797783813,null,32646.069327055833,56.59749431959116,454.4197319070789,881.8355999522846,937.5620085341886,null,null,313.6402018700522,2308.690374561475,426.5024386557317,null,853.0048773114634,2895.140708104069,284.42373730171516,4767.400756367816,5741.494705145508,null,818.2937170117195,null,1032.7494387119586],