{"municipalities_area_set":{"area_entities":{"id":[1,2,3,4,5,6,7,8,10,15,17,18,19,20,21,22,24,25,26,27,29,30,31,32,33,34,36,40,41,44,45,51,54,55,56,57,58,59,61,62,63,65,66,69,70,71,75,76,80,82,85,86,88,89,90,91,92,93,100,101,102,103,104,105,108,109,110,111,114,119,121,123,124,126,130,131,135,138,141,143,147,150,152,154,155,156,157,160,162,164],"transport.cargo_vehicle_flow.roads":[380.31870970698435,291.04115639466175,268.3605687324783,266.49952730286066,328.4320313162342,446.0015222851346,1449.8131627599464,304.42358346233635,61.146513563371826,61.146513563371826,68.93214782381557,380.31870970698435,null,72.18938656070459,380.31870970698435,145.63537625761774,61.146513563371826,304.42358346233635,388.75929784283863,328.9584372716388,304.42358346233635,376.3234987498762,505.0867315848124,null,0.01019922268809338,388.75929784283863,110.40059608758645,42.10826656207084,792.5333794639982,475.03722348544295,32.467499730313214,353.6864032616221,505.0867315848124,42.10826656207084,428.2443600876278,72.18938656070459,445.47029308205344,331.8643490326077,328.4320313162342,446.0015222851346,42.10826656207084,380.31870970698435,295.70475604695287,446.0015222851346,266.6819204423973,188.10351978938024,156.18512346976013,378.55567984421,32.467499730313214,1337.7951030663357,80.85036744619376,null,32.467499730313214,null,61.146513563371826,380.31870970698435,328.9584372716388,68.93214782381557,68.93214782381557,68.93214782381557,61.146513563371826,72.18938656070459,505.0867315848124,null,505.0867315848124,353.6864032616221,236.82601238857865,188.10351978938024,78.68149649057969,null,1421.0273090259188,5.71311813659565,42.10826656207084,180.8569491394334,248.10806982544506,null,null,42.10826656207084,328.9584372716388,68.93214782381557,null,68.93214782381557,248.10806982544506,72.18938656070459,493.96004755652547,295.70475604695287,null,295.70475604695287,null,100.99954641165277],"transport.volume_to_capacity_ratio.roads.max":[0.6587640270707261,0.5293812056804217,1.1278798220858928,0.5302640862696836,1.0611085051134972,0.9959770702304789,1.731000298516879,1.0090593101214103,0.3820230280247659,0.37403176609644423,0.42676612152864907,0.9129654900893541,0.30476941735359725,0.6528608281658527,0.6587640270707261,0.9402020939833817,0.3820230280247659,0.6865174493158887,0.8942457228901985,1.4700352847692166,1.5993648135353615,0.7562391778216385,0.7562134963579895,0.18519247464467406,0.7108864238424402,0.9308681922787583,1.1036025892020476,1.2521308197443923,1.0506041658108267,1.9085712415851204,0.591042147900698,0.5792431244039076,0.8722974778919426,0.7713278310842876,0.6463674848008538,0.8221946957058693,1.4474401752344528,1.62955085670734,0.7381098692526806,0.8203574154254278,0.9039646543126173,1.1350107965715075,1.3362473326451518,1.089386242618116,1.2399642894108203,1.0038291514547655,1.089386242618116,1.1665222352608822,1.639148472822415,1.1365828168898304,0.5763556480407518,0.18519247464467406,1.6876572892281412,0.7259768489458828,0.3820230280247659,0.6587640270707261,1.0540226006047542,0.6330000120762252,0.49596220964899407,0.7575314208805989,0.39583534685073396,1.0401841501182438,0.5804353585431496,0.13224619821741573,0.7562134963579895,0.6035133501762098,0.6313938056463309,1.0595608835403068,0.49021926989164144,0.18519247464467406,1.3258762277005776,1.2077158324410637,1.2521308197443923,0.9335280751527041,0.5249618865236578,0.08296478445000002,0.18519247464467406,0.7690309250953451,0.857083921988145,0.5062852430418638,0.7436893326899285,0.984826466159228,0.7478446223171686,0.7184585105010824,0.6623248768828858,1.3297128257350896,1.0040051241609613,0.8695792964178889,0.03835919711325739,1.0106872650316232],"transport.delay_factor.roads.max":[1.1205250136730787,1.0502636530436051,2.035693576135118,1.0505998035633657,1.8113703929915674,1.6297632797053556,6.746038678779939,1.6635088946244767,1.0136302596891067,1.012526043789715,1.0212283845183396,1.444628626467001,1.005521607261525,1.1162685939070978,1.1205250136730787,1.5001091844321537,1.0136302596891067,1.1421629068173975,1.4092676902455312,3.988759780906394,5.18764755231828,1.209322862390572,1.2092944298850332,1.0007561138490715,1.163448468432157,1.4805435328850687,1.9493597541127972,2.5731813720510814,1.779716003389694,9.492068257745986,1.0781004942192802,1.0720440250979777,1.3705428530649195,1.22653534990418,1.1117115247059781,1.292468202928332,3.8091987404785956,5.512857805692199,1.1899608145745242,1.289862748953936,1.4273520309760626,2.0621355492624027,3.04045668131844,1.9013791743285342,2.5129225120634553,1.649859075211164,1.9013791743285342,2.1850919809561296,5.620118849613438,2.0680321301209377,1.0706276142040567,1.0007561138490715,6.19178873859607,1.1777751525139135,1.0136302596891067,1.1205250136730787,1.7899137376941345,1.1027530796626361,1.038714907144638,1.2107572770023085,1.01571042190542,1.7492399074886171,1.072643275172712,1.0001998906933476,1.2092944298850332,1.0848998805838177,1.1017141189382311,1.8066472196229895,1.0369608107632708,1.0007561138490715,2.977843434369313,2.361566986654428,2.5731813720510814,1.4860595810522332,1.0486061327812204,null,1.0007561138490715,1.223849017139449,1.3453610587440776,1.0420401606983187,1.1957700187543863,1.6020309506803823,1.2001822075015163,1.1705244856752612,1.123158458282385,3.0008355954859613,1.650314880002258,1.3659457761576959,null,1.6678011274699487],"transport.cargo_vehicle_flow.roads.total":[369.79552147430786,2623.7913339302213,7533.483609987956,1827.7140907618514,5556.3533973530675,6224.043760934488,85696.11323224418,5577.348429075097,174.51045931786612,587.6542519743866,176.9448799782674,4557.918812727215,null,null,1098.8626430264321,1576.77706524314,140.69095800958996,2311.005319179042,4205.841220221735,4046.4980519768433,5450.256569760321,8833.321823137863,3502.227414478413,null,0.00509961134404669,5144.449760155861,3008.9128916555424,145.98357850227544,4419.71436364716,20234.88604151894,227.7106696433847,4517.285848483978,8464.065748001267,55.21411910611279,2649.360708068028,424.25679450261873,11526.40368982648,6587.235176881595,2159.0866754367144,889.1491087049268,76.26825238714821,6297.04705329591,9063.669574618472,5700.052019065895,16335.564917878732,3437.981446880757,312.37024693952026,20008.745730534494,390.4863398261429,17410.95789608285,80.85036744619376,null,345.52406936903856,null,223.48164698239833,1119.9097526556,546.0111929511788,520.8841187704091,707.7795199130696,500.9830764416229,621.7436373518365,530.5593141894922,5994.280674848028,null,3996.187116565351,4221.0219824777605,2832.1056937666913,2889.4351405264315,804.9486154790833,null,32389.332176182324,49.389786780597454,451.5217062058591,875.3227247461405,930.3216510099701,null,null,311.6259358206138,2290.39348590995,422.8219077803504,null,845.6438155607007,2872.8490573680288,282.8378630017458,4754.5759809995525,5714.494708590598,null,812.7325231996502,null,1039.0186257630085],