{"municipalities_area_set":{"area_entities":{"id":[1,2,3,4,5,6,7,8,10,15,17,18,19,20,21,22,24,25,26,27,29,30,31,32,33,34,36,40,41,44,45,51,54,55,56,57,58,59,61,62,63,65,66,69,70,71,75,76,80,82,85,86,88,89,90,91,92,93,100,101,102,103,104,105,108,109,110,111,114,119,121,123,124,126,130,131,135,138,141,143,147,150,152,154,155,156,157,160,162,164],"transport.cargo_vehicle_flow.roads":[380.314352861045,291.70429022453186,267.75741655889334,266.49952730286066,327.32578334861375,445.3463073317193,1434.3867372654909,304.4228751756454,61.14651356337185,61.14651356337185,68.93214782381557,380.314352861045,null,72.18483271654783,380.314352861045,145.63537625761776,61.14651356337185,304.4228751756454,388.0897835385891,328.9505183951839,304.4228751756454,375.71675459051335,505.4146869472951,null,0.013254186578448986,388.0897835385891,110.00994670551357,42.108266562070845,804.6218966539788,475.03722348544284,32.47266331938762,354.28798383191065,505.4146869472951,42.108266562070845,428.5720117954362,72.18483271654783,443.9527199146763,347.29304471785804,327.32578334861375,445.3463073317193,42.108266562070845,380.314352861045,295.69455141570836,445.3463073317193,266.6819204423973,188.4808169681524,156.19942282059446,378.5599074369136,32.47266331938762,1340.9025435336684,80.8371239038363,null,32.47266331938762,null,61.14651356337185,380.314352861045,328.9505183951839,68.93214782381557,68.93214782381557,68.93214782381557,61.14651356337185,72.18483271654783,505.4146869472951,null,505.4146869472951,354.28798383191065,237.19879670934023,188.4808169681524,78.6814964905797,null,1421.35480202424,6.691371243433927,42.108266562070845,180.85910202110935,248.11339449134772,null,null,42.108266562070845,328.9505183951839,68.93214782381557,null,68.93214782381557,248.11339449134772,72.18483271654783,494.6277018367123,295.69455141570836,null,295.69455141570836,null,101.33389654367859],"transport.volume_to_capacity_ratio.roads.max":[0.6587655875374486,0.529391154007517,1.1687356627474819,0.5295165641236198,1.060810165936723,0.9957534932828732,1.7275126617154908,1.0094870754288008,0.38200660081739707,0.3739495116528661,0.4268181765988097,0.9130219696206746,0.30420119169183374,0.6525727378847522,0.6587655875374486,0.9398923290197259,0.38200660081739707,0.685805052036856,0.8939444493369165,1.470052924433767,1.60124065061936,0.7571086056113249,0.7563488895396653,0.18519013416406885,0.7149647461991141,0.930869160346026,1.1038735947202234,1.251596900089103,1.0998335205633345,1.9082854087560168,0.5904343392949551,0.5793683788384781,0.872324974935137,0.7718080980763591,0.6460414330415439,0.8218296076219629,1.4504878438145703,1.637399856879685,0.7383145919082146,0.8202347817922836,0.9045804669829811,1.135013174374734,1.231015479654958,1.0898120712767434,1.2403809689166194,1.0003329813024662,1.0898120712767434,1.1659408788754047,1.6373321012729478,1.1257172030352696,0.5763657200033514,0.18519013416406885,1.681951776770174,0.725949615294101,0.38200660081739707,0.6587655875374486,1.0538057113069226,0.6332821979073152,0.49607047013654265,0.7580521071329654,0.3958146082268618,1.1390651472371773,0.5805684385955173,0.13221901684515847,0.7563488895396653,0.6036369276212724,0.6322991601193557,1.06050990289292,0.4900773266680351,0.18519013416406885,1.3263779681109296,1.2067977704250972,1.251596900089103,0.9336948982075481,0.5250124226924683,0.08299284440774236,0.18519013416406885,0.7691034773073266,0.8574905515220762,0.5062774829498128,0.7438357231778989,0.9854359866318301,0.7479117616414511,0.7181317719310493,0.6620242127333406,1.3287205720163682,1.0048597819344325,0.8696824327103276,0.038352242191988226,1.0108877814871748],"transport.delay_factor.roads.max":[1.1205402266692803,1.0502674314426241,2.194112265051847,1.0503150807833004,1.81045828454688,1.629197993002569,6.6998697397999845,1.6646347218808994,1.0136373016433695,1.0125150288649594,1.0212398574909776,1.44473866237582,1.0054805433611653,1.1160635046401415,1.1205402266692803,1.4994504334611505,1.0136373016433695,1.1415737364436278,1.4087164357916573,3.9889032377864915,5.207328303550713,1.2102871350966393,1.2094443592372572,1.0007559867082079,1.1672316542281007,1.4805455318756646,1.9502926135279066,2.5704998140202084,1.9364568733905383,9.486982219320275,1.077779725369175,1.0721106029916605,1.370589577100568,1.22710008569062,1.111486289439299,1.2919490774335396,3.8329332891738273,5.600435714644272,1.1901716529147575,1.2896894637424747,1.4285177307016128,2.062144449820107,2.4697180582877394,1.9027893562541376,2.5149571565899604,1.6408528579947796,1.9027893562541374,2.1827313026676802,5.5996742977801475,2.027772956013944,1.0706366236198126,1.0007559867082079,6.121935839484677,1.1777484784171561,1.0136373016433695,1.1205402266692803,1.7892637669539808,1.1029364278918572,1.038757296486894,1.2113373274554164,1.0157215241378694,2.077393196146364,1.0727099196041932,null,1.2094443592372572,1.0849734348411164,1.1022987657113104,1.8095410709762023,1.036918021270733,1.0007559867082079,2.980838970139331,2.3574316484877422,2.5704998140202084,1.4864071128906,1.0486248520255363,null,1.0007559867082079,1.2239335028954481,1.346016929070474,1.0420424163377398,1.1959242085774657,1.6035227505348666,1.2002541042981067,1.170214494608947,1.1229349780678075,2.9948700504732453,1.6525320270601191,1.3661194187726897,null,1.6683312418758052],"transport.cargo_vehicle_flow.roads.total":[369.79334305133824,2626.427121364156,7621.346325475857,1827.7140907618516,5543.935539503788,6214.403653791777,86212.4252131069,5577.282451240837,174.51045931786615,587.6542519743867,176.9448799782674,4557.50391571616,null,495.2622888750908,1098.8590193443079,1576.7770652431398,140.69095800959,2310.983853618061,4197.492809134592,4052.9530008514685,5473.252595161527,8834.107531552414,3505.541843003083,null,0.006627093289224493,5136.101349068718,3003.269988178818,145.98357850227546,4350.135364987545,20219.04007119562,225.14064045383424,4513.9907338657395,8476.806047498554,55.214119106112804,2651.948425551729,423.07745615854304,11574.430462788669,6711.644526895805,2152.324622528264,887.7719505416825,76.26825238714822,6297.007841682458,9076.88061288605,5691.05061897787,16456.80740504005,3289.579923796304,312.3988456411889,19916.318591444222,385.33595426889326,17408.27780577262,80.8371239038363,null,341.52624618529353,null,223.4816469823984,1119.9010389637215,546.3972619220701,520.8841187704091,707.7795199130696,500.983076441623,621.7436373518366,522.7700343924475,6000.254332704044,null,4000.16955513603,4209.410457841728,2813.078901201631,2795.060429919398,804.9486154790833,null,32440.27602299465,64.90411527346272,451.52170620585923,875.3363666281826,931.1202760364679,null,null,311.6259358206139,2291.4907997767395,422.8219077803504,null,845.6438155607007,2875.243830573823,282.0516374390287,4759.228579878228,5717.868166246977,null,812.7095290293196,null,1045.1158384886423],