{"municipalities_area_set":{"area_entities":{"id":[1,2,3,4,5,6,7,8,10,15,17,18,19,20,21,22,24,25,26,27,29,30,31,32,33,34,36,40,41,44,45,51,54,55,56,57,58,59,61,62,63,65,66,69,70,71,75,76,80,82,85,86,88,89,90,91,92,93,100,101,102,103,104,105,108,109,110,111,114,119,121,123,124,126,130,131,135,138,141,143,147,150,152,154,155,156,157,160,162,164],"transport.cargo_vehicle_flow.roads":[378.0126761278082,285.5381063104689,268.20757408791025,264.4457426645854,326.0005547040083,447.12880948895963,1418.153048854087,302.1693543092801,60.63011576536982,60.63011576536982,68.34999837205858,378.0126761278082,null,71.8037981940385,378.0126761278082,144.54234064419393,60.63011576536982,302.1693543092801,390.2577543229147,326.5104880471806,302.1693543092801,374.6716785561606,499.2457226281049,null,0.0027654962229135415,390.2577543229147,105.79731331205556,41.855610182875864,795.5677292737416,471.56360980114823,32.36399626991047,351.62808739636523,499.2457226281049,41.855610182875864,422.412997395959,71.8037981940385,440.99462114911125,354.9388218837789,326.0005547040083,447.12880948895963,41.855610182875864,378.0126761278082,293.78930963921937,447.12880948895963,264.6838442051703,190.77119938151472,155.1579351721522,375.8736850422884,32.36399626991047,1348.7056583156739,80.19948161764671,null,32.36399626991047,null,60.63011576536982,378.0126761278082,326.5104880471806,68.34999837205858,68.34999837205858,68.34999837205858,60.63011576536982,71.8037981940385,499.2457226281049,null,499.2457226281049,351.62808739636523,239.21105479553847,190.77119938151472,78.04890216805552,null,1411.565035420755,5.375983064095774,41.855610182875864,179.4365853225342,246.3110064295341,null,null,41.855610182875864,326.5104880471806,68.34999837205858,null,68.34999837205858,246.3110064295341,71.8037981940385,487.64510312473624,293.78930963921937,null,293.78930963921937,null,97.30249496883671],"transport.volume_to_capacity_ratio.roads.max":[0.6619490592867843,0.5311915850124961,1.128317756428138,0.5298001068732353,1.0662854548421312,1.0004898997108398,1.7393517070616502,1.0167436004716086,0.38575356135379035,0.37712918722047184,0.43065976683689317,0.9177801514581501,0.3097997914648193,0.655776744992741,0.6619490592867843,0.945828009233464,0.38575356135379035,0.6912967677809218,0.9016624034771694,1.4818108857699657,1.6112133843953136,0.7634789412090855,0.7583044486027298,0.1873223051338691,0.7166234460170676,0.9387605578523671,1.114232812859904,1.2617648263130152,1.1330159113262852,1.9167594027705424,0.5951656530668542,0.5828093055515666,0.8751630106405272,0.777805270801993,0.648512974842878,0.825860428467527,1.460387780785054,1.6417676045138894,0.745187448125223,0.824433051011702,0.9120230005062583,1.1393878632634935,1.2662425897528526,1.0974481460422392,1.2482732446891285,1.006642683085666,1.0974481460422392,1.1709212534455413,1.6506133829540348,1.1478911370680263,0.5818299369254042,0.1873223051338691,1.6919755410358932,0.7312859025250573,0.38575356135379035,0.6619490592867843,1.0604229703050747,0.6386280398456169,0.5004111463328712,0.7618693688724579,0.3995859131265759,1.1110705024908045,0.5810239609356974,0.13357995480281146,0.7583044486027298,0.607369473582728,0.6398675709959633,1.0728773616725487,0.4934622890703631,0.1873223051338691,1.3273280186061152,1.2139708187784652,1.2617648263130152,0.9390093887857691,0.5290708876065989,0.08366102028842047,0.1873223051338691,0.7771036690294375,0.8650208176953467,0.5114270090179769,0.7507568634968427,0.9921448747450262,0.7530018671340653,0.7216139282646266,0.6643719992196674,1.342352533525631,1.0110692577050997,0.8777581254604445,0.03885756435453516,1.0162755159670707],"transport.delay_factor.roads.max":[1.1228842750495849,1.0509547552342577,2.037303073923871,1.0504229371973794,1.8273207446879147,1.6412550651674138,6.857733441137263,1.6839522211661817,1.01417936676776,1.0129489496847273,1.022023631647316,1.4540823469156003,1.005895280289463,1.1183597450470482,1.1228842750495849,1.5121871250239673,1.01417936676776,1.1461632123179761,1.4230150503109253,4.085681506011025,5.313126717310037,1.2174544122881275,1.211618869083864,1.0007912092725806,1.168788955654216,1.4970491225493194,1.9864696975429224,2.6221598214806217,2.0546880112976447,9.638739608001314,1.080302934273749,1.0738390131272302,1.3754358913812659,1.2342413170542184,1.113202143887113,1.2977190350043801,3.911070585426031,5.6497189344455085,1.1973522573277655,1.2956661118759545,1.4427954383109003,2.07861468849093,2.6453096361143453,1.928359125295094,2.553884097079111,1.6571754612230811,1.928359125295094,2.2030695362663337,5.750741740154352,2.111175826290622,1.0733439384289314,1.0007912092725806,6.245130482701337,1.1830327392176898,1.01417936676776,1.1228842750495849,1.8092756633745557,1.1064564318591736,1.0401317291951528,1.215626446610977,1.0163163257044856,1.975318461923373,1.0729383853059586,null,1.211618869083864,1.0870947177092765,1.1072853383799892,1.847969633495117,1.0379486079955458,1.0007912092725806,2.986520367108408,2.389994121177699,2.6221598214806217,1.4975763299603158,1.0501459003894376,null,1.0007912092725806,1.2333972914415672,1.3583325098484214,1.0437839171586263,1.2033186507487241,1.6201265804832286,1.2057615326991997,1.1735400038150472,1.1246881711819583,3.0780037226780403,1.6688112907693742,1.3799088475336598,null,1.682693589503672],"transport.cargo_vehicle_flow.roads.total":[367.7119021119653,2588.82931718021,7757.589191345167,1814.8986154866243,5549.057323336939,6206.969422610413,85559.48448297348,5535.988515091514,173.03667427815708,582.6913629391585,175.45053563934104,4528.626333387982,null,481.858966422295,1092.8349323200528,1564.8242800981964,139.50278722631793,2294.21066787219,4198.632660782667,null,5444.081667320974,8840.351677359502,3459.918139088931,null,0.0013827481114567707,5130.286061035484,2934.0093521018625,145.0881384340184,4380.140030547121,20063.609842287933,212.06480043800715,4484.445281145951,8330.901131954322,54.869815439803055,2619.454931520888,410.05516822825655,11677.3830421293,6760.947466064377,2159.715246669063,886.7099175157733,75.797620531241,6261.403109919252,8917.367283734875,5682.458523161273,16177.57730014006,3283.3641091479017,310.3158703443044,20042.24062095584,359.4016083361934,17038.40113455243,80.19948161764671,null,321.21775114933143,null,221.5942878564203,1113.4364803517387,545.8147280745338,516.4851204257449,701.8021425573643,496.75214744118836,616.4928548208344,503.92348907360355,5921.344954517047,null,3947.563303011364,4195.884386536506,2846.293104107191,2899.6828652694894,798.4538366868985,null,31985.481401522018,46.5773979149724,448.7474529609981,869.0592995311434,931.2304929137747,null,null,309.6975847534276,2284.7525987413696,419.2510696507407,null,838.5021393014814,2875.0367340094613,273.37011215217103,4694.828054645244,5654.008896906267,null,807.4393835286073,null,1004.1485909635303],