{"municipalities_area_set":{"area_entities":{"id":[1,2,3,4,5,6,7,8,10,15,17,18,19,20,21,22,24,25,26,27,29,30,31,32,33,34,36,40,41,44,45,51,54,55,56,57,58,59,61,62,63,65,66,69,70,71,75,76,80,82,85,86,88,89,90,91,92,93,100,101,102,103,104,105,108,109,110,111,114,119,121,123,124,126,130,131,135,138,141,143,147,150,152,154,155,156,157,160,162,164],"transport.cargo_vehicle_flow.roads":[377.9951220604157,287.5543124050368,266.87312320395097,264.4457426645854,324.48196669088355,445.1417714210048,1443.137123216456,302.16991309462406,60.63011576536982,60.63011576536982,68.3499983720586,377.9951220604157,null,71.78650423553418,377.9951220604157,144.54234064419398,60.63011576536982,302.16991309462406,388.2174493183984,326.48132002056764,302.16991309462406,373.52809544393233,503.04925850212396,null,0.015080583886824848,388.2174493183984,109.05693983912435,41.85561018287587,804.900092257825,471.5636098011481,32.383462798150575,352.7522039803534,503.04925850212396,41.85561018287587,426.2153133701077,71.78650423553418,436.7722968322664,329.93701744888756,324.48196669088355,445.1417714210048,41.85561018287587,377.9951220604157,293.7509972676163,445.1417714210048,264.68384420517043,187.46287639104776,155.2112021087136,375.8896683208029,32.383462798150575,1334.3814034775726,80.1499009243184,null,32.383462798150575,null,60.63011576536982,377.9951220604157,326.48132002056764,68.3499983720586,68.3499983720586,68.3499983720586,60.63011576536982,71.78650423553418,503.04925850212396,null,503.04925850212396,352.7522039803534,235.88457898807437,187.46287639104776,78.0489021680555,null,1415.3667137966743,5.324675358828352,41.85561018287587,179.44470095396807,246.33141909624936,null,null,41.85561018287587,326.48132002056764,68.3499983720586,null,68.3499983720586,246.33141909624936,71.78650423553418,489.66942485073804,293.7509972676163,null,293.7509972676163,null,101.13005342581882],"transport.volume_to_capacity_ratio.roads.max":[0.6619302618391275,0.5331545826552975,1.1536747325215102,0.5312829427165321,1.063717549742196,1.0003411387974395,1.7406305524600203,1.0166342043301038,0.385761375320434,0.37711116286685964,0.43068502003896114,0.9175999220517616,0.30827760347702127,0.6572049084544529,0.6619302618391275,0.9459195815020512,0.385761375320434,0.6920844474960602,0.9020018376239279,1.4815500996154585,1.6170311431471553,0.7622395747708419,0.760299304544787,0.1873112842286526,0.7165925792181491,0.9388797821945234,1.1151776282604977,1.2617138558722163,1.0793428950549062,1.9173520905023813,0.59564426791009,0.5828898601215957,0.8789302801925499,0.7781944116686094,0.6497197077403137,0.8272378184073448,1.4504502373560182,1.636629108358895,0.7413393414196477,0.8241826944465594,0.9126583839608184,1.1393616524069003,1.2444788902784092,1.0974399020596473,1.249953705290551,1.005354592315776,1.0974399020596473,1.1760617155576438,1.6520903657517778,1.173322016657804,0.5817950651873086,0.1873112842286526,1.694184855577111,0.73128003262627,0.385761375320434,0.6619302618391275,1.0599205975395891,0.6386838664202041,0.5004062575056437,0.7627625433614682,0.39959226316551666,1.194444064426889,0.582969628057243,0.1336129352962303,0.760299304544787,0.6074520321051309,0.6369685711714921,1.0667471304507021,0.49344192178568386,0.1873112842286526,1.3294244711887593,1.2146095490797684,1.2617138558722163,0.9390771744744727,0.5289946591033022,0.08359925041918194,0.1873112842286526,0.7768449813435058,0.8637203893443464,0.5115077817596467,0.749578668948976,0.9926617622373405,0.7530176306501767,0.7230090739434318,0.6655554979285666,1.3436863078908565,1.0111048096233055,0.8777353960042568,0.03883615614328782,1.0172769532994574],"transport.delay_factor.roads.max":[1.122865207854021,1.0517121458781538,2.133740073775804,1.05098981836884,1.8193798355356137,1.6408737623056942,6.874979869627459,1.6836579103520233,1.0141782215397361,1.012935396403949,1.0220132608016252,1.453725769632381,1.0057802666135773,1.119394182849364,1.122865207854021,1.5123855075981796,1.0141782215397361,1.1468305188914165,1.4236523924138955,4.083509864230629,5.375760172080852,1.2160458591136627,1.2138544771766417,1.0007912567134156,1.1687598768503775,1.4973016753195814,1.989819869602464,2.6218977213190255,1.8685957943383058,9.649429421778137,1.0805615551294676,1.0738798450302471,1.3819422311575946,1.2347104385780208,1.1140470707549408,1.2997101813563028,3.8326395054082556,5.591779854034154,1.1933072602177583,1.295307134314676,1.444030666109021,2.0785154406744555,2.5350768093482543,1.928331230436432,2.562268539311638,1.6538182490486748,1.928331230436432,2.224335449549651,5.767768592130848,2.212966632545991,1.0733263566544446,1.0007912567134156,6.2725797206719855,1.1830268626065612,1.0141782215397361,1.122865207854021,1.8077431834232511,1.1064936608995197,1.040130160931003,1.2166393813248977,1.0163170209015755,2.3026964826924416,1.0739202948851156,null,1.2138544771766417,1.087142081811137,1.105354233291807,1.8287545143907469,1.0379423431824588,1.0007912567134156,2.999100597116846,2.392921810358094,2.6218977213190255,1.4977200226944192,1.0501170065608525,null,1.0007912567134156,1.2330866669200609,1.3561825685329048,1.0438160824987,1.2020453457641944,1.6214198845448533,1.2057787630792554,1.1748859680462873,1.125579015895323,3.086274937812956,1.6689053645562109,1.3798694982603132,null,1.6853884730843478],"transport.cargo_vehicle_flow.roads.total":[367.70312507826907,2608.078420520686,7293.944657381826,1814.8986154866245,5513.025716575881,6189.020863289005,85646.99547340214,5536.066542716353,173.0366742781571,582.6913629391585,175.45053563934107,4531.7893117893145,null,491.5939186786678,1092.8173782526605,1564.8242800981966,139.50278722631793,2294.2326780063513,4183.051282115043,4024.1581429903586,5430.228378468938,8807.037599304522,3481.2052928108656,null,0.007540291943412424,5114.704682367861,2981.3584937342625,145.0881384340184,4343.734186554011,20148.998437268863,218.0723430519676,4509.841597772068,8397.82512205977,54.86981543980306,2632.234857783453,419.80741444313367,11362.530807289277,6488.041397945735,2140.9401492819716,884.145837612715,75.797620531241,6261.245123312721,8991.205432069772,5666.415168944808,16464.935165536164,3351.661782217556,310.4224042174272,19767.794202542987,371.37776050763404,17814.978956729992,80.1499009243184,null,330.56281743771433,null,221.5942878564203,1113.4013722169539,542.5590660090054,516.485120425745,701.8021425573644,496.7521474411885,616.4928548208344,528.3453911334158,5956.312100117172,null,3970.8747334114473,4177.518834228783,2759.1072964212785,2726.984139143157,798.4538366868986,null,32431.109835591607,56.59287617841594,448.7474529609981,869.072735525247,924.8183301693743,null,null,309.6975847534276,2274.758121744858,419.25106965074076,null,838.5021393014815,2855.789247304709,279.8716096287558,4720.15973616772,5674.019891020454,null,807.3530259910782,null,1030.89672880754],