{"municipalities_area_set":{"area_entities":{"id":[1,2,3,4,5,6,7,8,10,15,17,18,19,20,21,22,24,25,26,27,29,30,31,32,33,34,36,40,41,44,45,51,54,55,56,57,58,59,61,62,63,65,66,69,70,71,75,76,80,82,85,86,88,89,90,91,92,93,100,101,102,103,104,105,108,109,110,111,114,119,121,123,124,126,130,131,135,138,141,143,147,150,152,154,155,156,157,160,162,164],"transport.cargo_vehicle_flow.roads":[375.79665405122483,288.06589240945243,263.96801705095396,262.45803444384075,321.0831986468582,440.4281677977347,1422.6966370836951,299.9926082591571,60.12865731857959,60.12865731857959,67.78469046213468,375.79665405122483,null,71.4291201570387,375.79665405122483,143.48555781969065,60.12865731857959,299.9926082591571,383.8889985320636,324.1307590968291,299.9926082591571,372.8580803933175,500.36518937694257,null,0.00044874766738802266,383.8889985320636,108.25300155026764,41.61323786557122,817.2069275374525,468.20869582099664,32.27814587210925,349.9122552387309,500.36518937694257,41.61323786557122,423.5023927707208,71.4291201570387,421.8545994778449,342.256270686484,321.0831986468582,440.4281677977347,41.61323786557122,375.79665405122483,291.9313659793737,440.4281677977347,262.75216959199986,186.4280801846809,154.19508436521656,373.29397754162596,32.27814587210925,1346.815802626306,79.54561524825371,null,32.27814587210925,null,60.12865731857959,375.79665405122483,324.1307590968291,67.78469046213468,67.78469046213468,67.78469046213468,60.12865731857959,71.4291201570387,500.36518937694257,null,500.36518937694257,349.9122552387309,234.59379358404195,186.4280801846809,77.434608753853,null,1409.289095307171,4.562136620024771,41.61323786557122,178.06463743044037,244.5851438485753,null,null,41.61323786557122,324.1307590968291,67.78469046213468,null,67.78469046213468,244.5851438485753,71.4291201570387,489.4186971876333,291.9313659793737,null,291.9313659793737,null,100.45468771506148],"transport.volume_to_capacity_ratio.roads.max":[0.6650997649067832,0.5365241031457181,1.0813897416191647,0.5329950000460913,1.0675633281733907,1.0056293299591448,1.7470908158867142,1.0234765595922397,0.38942902128116436,0.3802312871621559,0.43473367031233895,0.9223769766374866,0.3159824527315952,0.660052311256791,0.6650997649067832,0.9516945237753897,0.38942902128116436,0.6959461628985135,0.9089106758074815,1.4926329053981138,1.6142727039123774,0.7669941735580413,0.7640301629784487,0.1893849329799838,0.739429383497842,0.9466266176773837,1.1224952386332194,1.274039932579981,1.1083194764371538,1.9249989379620511,0.5986686839561846,0.5864683315783301,0.8847609049811234,0.7843975930924552,0.65436149660939,0.8307756866189943,1.4495780650148131,1.652166320256026,0.7458721998260748,0.8287685996087676,0.920157953696152,1.1437218072856572,1.2634936338120821,1.1044875306632298,1.2564233766654216,1.012546773824922,1.1044875306632298,1.1794620106313092,1.6605145821054383,1.1848032576069452,0.5871644258964839,0.1893849329799838,1.698687235165089,0.7380714857372691,0.38942902128116436,0.6650997649067832,1.0661017050447232,0.6447258109903081,0.5050934009830954,0.7679847873276575,0.4032808268364945,1.1185323004461984,0.5851839024357025,0.13449403956291775,0.7640301629784487,0.6113173274078044,0.6436174377822077,1.0801276560020638,0.496757007563473,0.1893849329799838,1.332497228353654,1.2146257733871981,1.2722948582467821,0.9441731193325595,0.5327661957955899,0.08444301389113448,0.1893849329799838,0.7868407898198841,0.8695228797363702,0.5166427036976896,0.7555932790985385,1.000973392144615,0.7581758206069319,0.7260703847500906,0.6701077105368658,1.3551903708774207,1.0169857276809826,0.8854973512991107,0.039354809161631484,1.0243406904854824],"transport.delay_factor.roads.max":[1.1252354126989,1.0530318677551915,1.8752033183741093,1.051650260225785,1.831293838862986,1.654533229142328,6.962685412729398,1.7022497225926745,1.0147271020518753,1.0133850467897452,1.0228553480068818,1.4632482529541275,1.0063801639293621,1.121476815526873,1.1252354126989,1.5250132393440794,1.0147271020518753,1.1501352089621213,1.4367820599602124,4.176815697206516,5.345978634969327,1.2214869962667059,1.218083089643866,1.000826981485941,1.191322828317518,1.5139191748478042,2.016056840397064,2.686211844782764,1.965694670293402,9.788240855801215,1.0822102820271235,1.0757108700974303,1.3921784002734503,1.2422841385905932,1.117341307217034,1.3048702775510237,3.825832453903994,5.768645441198125,1.198078644625619,1.3019347689788558,1.4588064469173643,2.0951196745421115,2.6310685212656777,1.9524084561056623,2.5948652911098335,1.6727293118791744,1.9524084561056623,2.2385564430763747,5.865760731124165,2.2611447386444006,1.0760709632706928,1.000826981485941,6.328852104319038,1.1899213039519236,1.0147271020518753,1.1252354126989,1.826750613200831,1.1105809209381765,1.041647532560916,1.2226334639076413,1.0169258505065257,2.0017840063870915,1.0750497858239654,null,1.218083089643866,1.0893813267814887,1.109822463740505,1.8711246804774304,1.03897229515466,1.000826981485941,3.017647210832206,2.3929962363973276,2.676992275657167,1.5086118816746696,1.0515616275629396,null,1.000826981485941,1.2453168822646379,1.3658508178838662,1.0455894197858402,1.2086086531284892,1.6424955246221353,1.2114753215365057,1.177866789352111,1.129050126481784,3.1586448826498823,1.6846039591545983,1.3934857778573266,null,1.7046243921155404],"transport.cargo_vehicle_flow.roads.total":[365.7197980114509,2597.8463305424175,7527.427810802048,1802.542532258447,5472.900791517957,6137.164119734308,85078.14219272585,5496.21628569409,171.6055257338089,577.8720499273162,173.99942257482553,4507.497941102365,null,488.4713512905443,1087.0825379945788,1553.2450762518367,138.34899013847908,2278.080434872364,4145.97807851021,3996.3728299157074,5367.272124687277,8786.169916158948,3469.7168490706704,null,0.00022437383369401133,5070.9104236543935,2961.8534576738484,144.22900214117124,4563.243934524469,19964.745456850043,215.23195140972953,4471.480007016768,8379.89672050576,54.53943022854292,2619.983531222828,417.04223113350565,11282.491009404932,6500.264791836524,2124.4737669716446,876.7377313906154,75.34604916132852,6227.31342223444,8966.705476922696,5619.8831341504265,16250.600488952055,3295.7909196471674,308.3901687304331,19636.30912668532,365.90761107524065,17416.737167325395,79.54561524825371,null,326.1738027490033,null,219.76152989441857,1107.2362500741267,538.7281388129068,512.2133847872839,695.9976902993021,492.6436189128982,611.393977051376,514.5268721422058,5938.703319387456,null,3959.1355462583033,4157.992139707002,2780.5203422133222,2794.157413541745,792.1523546170635,null,32163.671636638897,57.830016109994084,446.08564224926147,862.9820707623476,918.365047129306,null,null,307.84729282679996,2258.4976365285643,415.78353561178574,null,831.5670712235715,2835.91008384709,278.02815408900375,4703.271898205014,5646.641820452051,null,802.3456662607548,null,1035.2687703760453],