{"municipalities_area_set":{"area_entities":{"id":[1,2,3,4,5,6,7,8,10,15,17,18,19,20,21,22,24,25,26,27,29,30,31,32,33,34,36,40,41,44,45,51,54,55,56,57,58,59,61,62,63,65,66,69,70,71,75,76,80,82,85,86,88,89,90,91,92,93,100,101,102,103,104,105,108,109,110,111,114,119,121,123,124,126,130,131,135,138,141,143,147,150,152,154,155,156,157,160,162,164],"transport.cargo_vehicle_flow.roads":[375.77884284641686,288.00660548189217,263.6260362860117,262.4580344438408,321.8992702102321,440.51737437634927,1437.8277721625466,299.9926756823119,60.128657318579606,60.128657318579606,67.78469046213469,375.77884284641686,null,71.41137508675068,375.77884284641686,143.4855578196907,60.128657318579606,299.9926756823119,383.923508913186,324.1008394457749,299.9926756823119,372.5064477716209,500.9181918633088,null,0.012950829205909929,383.923508913186,109.00974072659392,41.61323786557123,781.7667110361971,468.2086958209969,32.29819400194433,350.2438397305925,500.9181918633088,41.61323786557123,424.0714570860264,71.41137508675068,414.93327908511884,327.1180941707344,321.8992702102321,440.51737437634927,41.61323786557123,375.77884284641686,291.8919663178759,440.51737437634927,262.752169592,185.6258376848093,154.24978056270874,373.31039666126554,32.29819400194433,1340.5472327346156,79.49477272967437,null,32.29819400194433,null,60.128657318579606,375.77884284641686,324.1008394457749,67.78469046213469,67.78469046213469,67.78469046213469,60.128657318579606,71.41137508675068,500.9181918633088,null,500.9181918633088,350.2438397305925,233.7691330133016,191.4132521871428,77.43460875385301,null,1409.8570829235568,4.254449075573963,41.61323786557123,178.07299485723888,244.60606671610046,null,null,41.61323786557123,324.1008394457749,67.78469046213469,null,67.78469046213469,244.60606671610046,71.41137508675068,489.3677676868715,291.8919663178759,null,291.8919663178759,null,101.04925078686675],"transport.volume_to_capacity_ratio.roads.max":[0.6650860118662172,0.5367719735012918,1.1685930224726289,0.5338913859659776,1.0729347502680495,1.0059662001296408,1.7513953335560275,1.023685015524617,0.3894547573506617,0.38031387431369873,0.43470124636424545,0.922339559722206,0.3101034364577248,0.6619775652642621,0.6650860118662172,0.9517848429009724,0.3894547573506617,0.6963354676996363,0.9085127019045895,1.4926257196018866,1.6183315744909406,0.7668762078694131,0.7644300329068322,0.18938566908385604,0.7225142374085051,0.9464980469324398,1.1283421969108143,1.272994995736954,1.115611224749119,1.924666004061067,0.5992989112290609,0.5866675715969105,0.8852346696737593,0.7839085100889932,0.6540152811304532,0.8324887601778187,1.4583453235421686,1.6518428417820419,0.7470195397979121,0.8288317129586599,0.9195822057209032,1.1436978152685737,1.2347519382014065,1.1042100178912115,1.2548084177293515,1.0205510053702573,1.1042100178912115,1.181591560261856,1.662415280580695,1.1788389699238164,0.5871077664510166,0.18938566908385604,1.7009864638477634,0.7361418975851627,0.3894547573506617,0.6650860118662172,1.0661688574278196,0.6445541262140076,0.5049954798756078,0.7682923650058363,0.40331451259769513,1.1943110546960607,0.5855020834347715,0.134803871296297,0.7644300329068322,0.6115199929007826,0.6415587202163263,1.0780014528290525,0.49687554521370414,0.18938566908385604,1.3334083456129913,1.2204332504646118,1.272994995736954,0.9440520688495422,0.5328097162309969,0.08440039705041694,0.18938566908385604,0.783428582066882,0.8693537557415572,0.5166687903484086,0.7563726091926218,1.0009125961687533,0.7579455298180952,0.7279135703557699,0.669795733964601,1.3535286157165922,1.0188364116010107,0.885485729951822,0.03932511621801302,1.0246154093655873],"transport.delay_factor.roads.max":[1.125225054467671,1.0531299370871114,2.193529422146912,1.0519985974053785,1.8481510808542898,1.6554107036992538,7.021666884761142,1.7028007951690205,1.0147273683091316,1.0133890157104501,1.0228427983827633,1.4631730894737138,1.0059184269264143,1.1229003328122436,1.125225054467671,1.525212570058901,1.0147273683091316,1.1504714270327214,1.4360175679978842,4.176754522659653,5.38985326797362,1.221350766606793,1.218540000159094,1.0008271476745039,1.1744076826885328,1.5136400298937491,2.0373929529013353,2.6806866855927254,1.991360190290132,9.782162630455499,1.0825570049088684,1.0758138071060606,1.3930190774225872,1.24168043315136,1.1170931682492147,1.3073926566776235,3.8948193524463997,5.764911915912362,1.1993002397875225,1.3020267526356393,1.4576592131906778,2.094986481198244,2.487643401212402,1.9514516108493127,2.5866811700347796,1.69425470793363,1.9514516108493127,2.247525682576822,5.888077271596441,2.2359414886379976,1.076041605124499,1.0008271476745039,6.357761835397236,1.187942984620478,1.0147273683091316,1.125225054467671,1.8269589367384373,1.1104631810967331,1.0416139544122638,1.2229903367707842,1.0169338369029475,2.3021163220190126,1.0752131457432168,null,1.218540000159094,1.0894999134459753,1.1084240494827236,1.8642857619589344,1.039009507216323,1.0008271476745039,3.023171273422627,2.419829186972738,2.6806866855927254,1.5083510995215128,1.0515784774267136,null,1.0008271476745039,1.2410891256858583,1.3655662659594352,1.0456067251396683,1.2094706337848165,1.6423394462121386,1.2112185017700696,1.1796797926268665,1.1288099710053214,3.1480764877276606,1.6896008756003649,1.39346512169229,null,1.7053805917341007],"transport.cargo_vehicle_flow.roads.total":[365.710892409047,2599.8711250355086,7399.769514398633,1802.5425322584474,5475.260158879744,6139.005353075307,85219.30013967404,5496.1464885538135,171.60552573380892,577.8720499273163,173.9994225748256,4508.156412048131,null,490.696187129671,1087.0647267897712,1553.2450762518376,138.3489901384791,2278.0168178440363,4147.228344462598,3989.0571043310742,5419.106919174518,8761.621946989282,3471.7758616905617,null,0.006475414602954964,5072.160689606784,2972.912349425283,144.22900214117124,4149.510603315774,19991.23662082438,221.5940539604162,4473.411972794192,8385.27762777558,54.53943022854294,2621.392382622451,419.2848120429203,11107.754592655068,6380.251316496989,2126.061486434225,877.0007647250438,75.34604916132855,6227.153121391169,8972.471009649775,5621.572066766725,16014.258122985568,3293.130879524547,308.4995611254175,19648.52861341305,378.5917199169437,17766.72673938129,79.49477272967437,null,336.07040671673815,null,219.76152989441863,1107.2006276645109,537.9713899196729,512.213384787284,695.9976902993022,492.64361891289826,611.3939770513762,537.5391356767508,5941.715757301081,null,3961.1438382007213,4166.774025045985,2870.9333239405687,2904.901904306428,792.1523546170637,null,32501.325465490732,49.446577253391155,446.08564224926147,863.0343324511102,916.9532343799971,null,null,307.84729282680007,2255.994100123491,415.78353561178585,null,831.5670712235717,2831.6703450336704,279.52320802861357,4705.3596658874685,5647.917266584892,null,802.2231454283788,null,1037.4197587347744],