{"municipalities_area_set":{"area_entities":{"id":[1,2,3,4,5,6,7,8,10,15,17,18,19,20,21,22,24,25,26,27,29,30,31,32,33,34,36,40,41,44,45,51,54,55,56,57,58,59,61,62,63,65,66,69,70,71,75,76,80,82,85,86,88,89,90,91,92,93,100,101,102,103,104,105,108,109,110,111,114,119,121,123,124,126,130,131,135,138,141,143,147,150,152,154,155,156,157,160,162,164],"transport.cargo_vehicle_flow.roads":[373.6612744555546,286.06469290769223,261.09665908073976,260.5310805514843,319.04435615972056,438.4258022591413,1387.6023870989782,297.8846715173173,59.64130809322911,59.64130809322911,67.2352882659021,373.6612744555546,null,71.06660043170329,373.6612744555546,142.46186572271912,59.64130809322911,297.8846715173173,382.1944724273299,321.8195346890927,297.8846715173173,371.0882467836192,500.83654684957685,null,0.0007677010619767205,382.1944724273299,108.4424315146882,41.37984104186371,824.4805877851328,464.96137390866306,32.20326554452883,348.3072117902651,500.83654684957685,41.37984104186371,421.44593626816163,71.06660043170329,418.5503689530815,369.6003334187357,319.04435615972056,438.4258022591413,41.37984104186371,373.6612744555546,290.1313672119848,438.4258022591413,260.88107650617326,186.27349966187788,153.2784364923189,370.80306743287264,32.20326554452883,1339.3455514569855,78.89980497120789,null,32.20326554452883,null,59.64130809322911,373.6612744555546,321.8195346890927,67.2352882659021,67.2352882659021,67.2352882659021,59.64130809322911,71.06660043170329,500.83654684957685,null,500.83654684957685,348.3072117902651,231.58131029895264,183.6900111053802,76.83759932771662,null,1404.078410109124,5.190110831230889,41.37984104186371,176.7357368017931,242.9197297178847,null,null,41.37984104186371,321.8195346890927,67.2352882659021,null,67.2352882659021,242.9197297178847,71.06660043170329,486.70846029138767,290.1313672119848,null,290.1313672119848,null,100.39322416929919],"transport.volume_to_capacity_ratio.roads.max":[0.6682453754941723,0.5408765936611473,1.1249068692518605,0.5346903611675025,1.0772506409509959,1.009608250848997,1.7689165595213758,1.034292861963311,0.3929196218916007,0.3830983945465177,0.4390526031376531,0.9270316641440484,0.3136305965012374,0.6671711696526402,0.6682453754941723,0.9589300795377321,0.3929196218916007,0.705200106795141,0.9154194205806263,1.5035011794831332,1.6193858568075437,0.7721914833759382,0.7693579996799265,0.19143149022309158,0.7346913549057476,0.9543188824718635,1.1403141501555636,1.282825482349291,1.13045418465728,1.933102329231389,0.6040459600781893,0.5909893522083693,0.8925334257195391,0.7899203083840122,0.6580597066634478,0.8385302850471771,1.457484493292185,1.6596887550106265,0.7513984190604027,0.8323517821514264,0.9269966096739043,1.1480298060146603,1.2608038084076012,1.1119076744407979,1.2401980071879286,1.060896776881485,1.1119076744407979,1.2401980071879286,1.6760516765382174,1.183635478940828,0.59241793065655,0.19143149022309158,1.709600041183356,0.7410127768210818,0.3929196218916007,0.6682453754941723,1.0721775526197004,0.6528972335930991,0.5102251040581629,0.7792471774385971,0.40674054624655764,1.1203531270444018,0.5886961173435734,0.13652609243128525,0.7693579996799265,0.6161196975481399,0.636982381122554,1.0471302802553184,0.4998464447964918,0.19143149022309158,1.337350452932969,1.2248822714121423,1.282825482349291,0.94931183291603,0.5365846651317079,0.085075466437316,0.19143149022309158,0.7903374761371975,0.875295555735262,0.5230788206785089,0.7610581895340786,1.0150416755418388,0.7608968471255736,0.733383117129623,0.6745395022947576,1.3649048394244239,1.0229200392414943,0.8931288020680492,0.03980603859836394,1.0309820109931869],"transport.delay_factor.roads.max":[1.1276214932486757,1.0547737815385558,2.024816830573119,1.0523105630542995,1.861880427944953,1.6649539013770096,7.266273757834366,1.7324096939487836,1.0152577013199826,1.013786837025787,1.0237764355147632,1.4726702270615806,1.0061923239770196,1.126802862549488,1.1276214932486757,1.5411625578212171,1.0152577013199826,1.1582812427815772,1.4494283464695827,4.2703562669841055,5.401303750197229,1.2275516576811705,1.2242300787778246,1.0008653498924023,1.186466016124812,1.5308282678579095,2.0821264888328477,2.733206412110444,2.045181796840466,9.93715624186561,1.0852039855897446,1.0780725922009748,1.4061420273068725,1.2491799484677202,1.1200165593326563,1.3164134850885298,3.8879904005409833,5.856088354961231,1.2040145218822105,1.3071903925732826,1.4725987375312295,2.111712858068918,2.6172234197584183,1.978261326695147,2.5140635025740155,1.8107229997884868,1.978261326695147,2.5140635025740155,6.0504443864702715,2.2561799920414165,1.0788218927169355,1.0008653498924023,6.467113025422256,1.1929668730045195,1.0152577013199826,1.1276214932486757,1.8457593660594702,1.1162945299824,1.0433703894497552,1.2359831127646836,1.017529906280434,2.008323053451908,1.0768678369002915,null,1.2242300787778246,1.0922232341273175,1.1053633702206203,1.7694543295899263,1.0399557734096636,1.0008653498924023,3.04720291130486,2.44064630383655,2.733206412110444,1.5197751962561263,1.0530565419174671,null,1.0008653498924023,1.2497067469973309,1.3756633849621973,1.0479154859564852,1.2147095830380574,1.679384242056221,1.2145275693768627,1.1851414267428781,1.1324980617949099,3.2212092246265445,1.7007235611522633,1.4072268019901668,null,1.7230766285146835],"transport.cargo_vehicle_flow.roads.total":[363.80708670273816,2605.146869366207,7379.2276085918065,1790.5983495165133,5424.462560535246,6090.184801677308,84702.80193118728,5477.556710838295,170.21464451740107,573.1883348995278,172.58913856741813,4485.058291141964,null,488.3114790759232,1081.567072355398,1542.0118093499125,137.2276567148043,2272.3966484488924,4127.469677972416,3961.3878834424104,5339.168727974564,8726.591824537789,3463.4715682724704,null,0.00038385053098836025,5045.893899615685,2957.161165256798,143.4015756052875,4493.219512769179,19851.58233820129,220.59270561588045,4453.173262078449,8359.00448284113,54.22120936166128,2600.5071111380757,417.2448786442199,11424.131554405389,6713.243978022172,2104.354165697549,870.0264002396154,74.91112988259314,6194.574661699366,8945.872227678889,5572.921134704428,16874.17046325531,3309.403114993131,306.5568729846378,19257.70521829243,376.7788801427031,17189.689878981535,78.89980497120789,null,334.54027685536073,null,217.98033909236173,1101.275447861031,534.0538307849902,508.0618402921583,690.3565542696725,488.6506894719662,606.4385632040112,521.3375231734242,5925.270042845787,null,3950.1800285638583,4145.1523763431105,2530.458181498386,2355.6230273834876,786.0320895329518,null,31997.739466626826,60.94713635545289,443.5220511494052,852.5601951806714,910.3080516275646,null,null,306.0652036902713,2239.5802469288947,412.4135654007383,null,824.8271308014768,2810.3983753933976,278.16325242947994,4666.916144692328,5634.130638953367,null,802.3783531015376,null,1030.0204168437967],