{"municipalities_area_set":{"area_entities":{"id":[1,2,3,4,5,6,7,8,10,15,17,18,19,20,21,22,24,25,26,27,29,30,31,32,33,34,36,40,41,44,45,51,54,55,56,57,58,59,61,62,63,65,66,69,70,71,75,76,80,82,85,86,88,89,90,91,92,93,100,101,102,103,104,105,108,109,110,111,114,119,121,123,124,126,130,131,135,138,141,143,147,150,152,154,155,156,157,160,162,164],"transport.cargo_vehicle_flow.roads":[373.2744094307979,285.039380876327,268.17203934282645,260.5310805514843,319.93136456288784,439.450252060716,1412.9169672506641,297.88525150392763,59.64130809322912,59.64130809322912,67.23528826590208,373.2744094307979,null,71.06693574549934,373.2744094307979,142.4618657227191,59.64130809322912,297.88525150392763,383.2205296426887,321.81716882145787,297.88525150392763,371.1118979422033,493.5902077416323,null,0.0003475940058152755,383.2205296426887,102.59536605327904,41.37984104186373,806.5277627162491,464.96137390866306,32.20288717984284,348.28416096638824,493.5902077416323,41.37984104186373,414.13180563569694,71.06693574549934,425.4725150075197,344.28508760125953,319.93136456288784,439.450252060716,41.37984104186373,373.2744094307979,290.12797650582235,439.450252060716,260.8810765061734,190.64893426150266,153.27741154719521,370.80570351350235,32.20288717984284,1344.2207001033732,78.9007591716593,null,32.20288717984284,null,59.64130809322912,373.2744094307979,321.81716882145787,67.23528826590208,67.23528826590208,67.23528826590208,59.64130809322912,71.06693574549934,493.5902077416323,null,493.5902077416323,348.28416096638824,238.54086443308503,190.64893426150266,76.83759932771662,null,1396.7643155299095,5.208308814840591,41.37984104186373,176.73706280959198,242.921725537908,null,null,41.37984104186373,321.81716882145787,67.23528826590208,null,67.23528826590208,242.921725537908,71.06693574549934,485.6828980198841,290.12797650582235,null,290.12797650582235,null,93.07833072260829],"transport.volume_to_capacity_ratio.roads.max":[0.6679828751744067,0.5374649751139009,1.0383760856254167,0.5333667273378137,1.0745511801254282,1.0090987624564258,1.7461359725701946,1.0345024174990538,0.392943480302907,0.3829955318925906,0.439064759293409,0.9266287583920588,0.31306758596514883,0.6651671940273333,0.6679828751744067,0.9583592435860079,0.392943480302907,0.705066599639047,0.9150016393354098,1.503425918093936,1.6212657695721941,0.7731173907427135,0.7660830627007948,0.19143541392996216,0.7271331162536653,0.9539278348491432,1.1400305200775671,1.2836968261989667,1.095035593868268,1.933449798093603,0.6014106141155734,0.590983067412853,0.8859524740415613,0.7892664543428756,0.656825240372619,0.8364906253637985,1.4681446404615737,1.6618303532168754,0.7481707858077407,0.8317051939960459,0.9260591948672299,1.1475355887186742,1.2458086242570694,1.1111418251489211,1.2353541244472057,1.06347368945349,1.1111418251489211,1.2353541244472057,1.6679816441541593,1.1477598176704078,0.5924073686010709,0.19143541392996216,1.7058006037215498,0.7413610157715189,0.392943480302907,0.6679828751744067,1.07182106571168,0.6526597303630198,0.5102578463898843,0.7776664160988546,0.40675330720791225,1.1941298558607842,0.5852594014337807,0.13628526947438271,0.7660830627007948,0.6161138199656875,0.640168072730996,1.0544964648882362,0.4996441494562001,0.19143541392996216,1.3342086229506278,1.2301797059478057,1.2836968261989667,0.9491374415604109,0.5364511082938226,0.08492774572824044,0.19143541392996216,0.7906310938598734,0.877143221618112,0.523050106420194,0.7611727697319837,1.0139541553794371,0.760872508610219,0.7313561168513422,0.673364907743229,1.3648327332645196,1.0237662730208608,0.8926961334854018,0.03979414911503842,1.0272166910698086],"transport.delay_factor.roads.max":[1.127421082144831,1.0534048433677938,1.7440441117608854,1.0517945010273526,1.8532737707874622,1.6636126685461095,6.949660870468428,1.733003441279768,1.015258032620245,1.013779013422135,1.0237810657381043,1.471849036406387,1.0061479792325592,1.12528620687117,1.127421082144831,1.5398751258326315,1.015258032620245,1.1581614147882109,1.4486084633352794,4.269701493768807,5.421776909251582,1.2286450186581994,1.2204364541721755,1.000859773867527,1.1789104350134552,1.529958740564628,2.081050262153342,2.737920250936051,1.9202226490288878,9.94358367374658,1.0837267682392673,1.0780692712446924,1.3942953678146779,1.2483559406162938,1.1191185251724707,1.3133460948382567,3.973413782419622,5.881201344685705,1.2005316643410338,1.30623697672889,1.4706899948132617,2.109799761264444,2.5416482916424448,1.9755689194899722,2.4905476087000147,1.8186287132030463,1.9755689194899724,2.4905476087000147,5.953874977447196,2.1106674369580776,1.0788301103810354,1.000859773867527,6.4186740682785635,1.1933298679121909,1.015258032620245,1.127421082144831,1.8446351052321466,1.1161254053015022,1.043384913994849,1.2340740937089314,1.017520065092729,2.301326282371033,1.0750885242804553,1.0002274579157842,1.2204364541721755,1.092219715058485,1.1074870185392034,1.7913352040110508,1.0398807130291485,1.000859773867527,3.028032668869509,2.4657307767347696,2.737920250936051,1.5193933646026072,1.0530030134063324,null,1.000859773867527,1.2500780273497656,1.3788454017334093,1.0479076136576462,1.2148389136105622,1.6764773367509138,1.214500122649756,1.1831030448065276,1.1315775792173794,3.2207398873612445,1.7030451978775423,1.4064382651050635,null,1.7125711651146103],"transport.cargo_vehicle_flow.roads.total":[363.61365419035985,2574.382146172678,7999.761861251958,1790.5983495165135,5480.400035802323,6104.440573769381,84513.95044795328,5478.127075843937,170.2146445174011,573.1883348995278,172.58913856741813,4477.276542267489,null,470.77076488294983,1081.1802073306415,1542.011809349913,137.22765671480434,2272.6812535162217,4140.106235129414,4009.4860795307313,5387.007114003918,8763.584330320406,3431.4095250261817,null,0.00017379700290763776,5058.52702884332,2872.372233872427,143.40157560528752,4484.155435912306,20056.969617333027,209.20172838338618,4440.887268647441,8272.163585250377,54.22120936166128,2583.6734576091167,399.70382913745044,11286.912574568316,6504.445041380523,2132.766407532671,872.0629391099117,74.91112988259314,6191.092876476557,8844.581670061712,5586.087824245083,16849.064244560897,3349.0346996311055,306.55482309439043,19635.545235344165,353.9976824070867,16904.44030075186,78.9007591716593,null,316.8206459831154,null,217.98033909236176,1100.5017178115174,540.286199985497,508.0618402921584,690.3565542696726,488.6506894719663,606.4385632040115,502.18352941935774,5875.638634569099,null,3917.092423046065,4135.358066197266,2554.7482983560785,2367.0209242281967,786.0320895329518,null,31633.557084703054,54.88969701069197,443.52205114940534,852.4337890013878,922.7805433460571,null,null,306.06520369027135,2258.290640098104,412.41356540073843,null,824.8271308014768,2847.793107920129,266.469219424967,4632.255820949649,5605.502512418825,null,802.5120710728677,null,989.6942891527968],