{"municipalities_area_set":{"area_entities":{"id":[1,2,3,4,5,6,7,8,10,15,17,18,19,20,21,22,24,25,26,27,29,30,31,32,33,34,36,40,41,44,45,51,54,55,56,57,58,59,61,62,63,65,66,69,70,71,75,76,80,82,85,86,88,89,90,91,92,93,100,101,102,103,104,105,108,109,110,111,114,119,121,123,124,126,130,131,135,138,141,143,147,150,152,154,155,156,157,160,162,164],"transport.cargo_vehicle_flow.roads":[371.57656674318144,284.1728324505596,259.691591304402,258.660149763527,316.4270006193238,436.45388938894877,1428.866454913601,295.84013123037585,59.16731056086803,59.16731056086803,66.7009378006875,371.57656674318144,null,70.71783143672738,371.57656674318144,141.4684660389625,59.16731056086803,295.84013123037585,380.5205555722151,319.577284361169,295.84013123037585,369.39895054939865,497.46165988889504,null,0.000857232025240403,380.5205555722151,107.8924002083717,41.15428159693047,775.1176858416122,461.8118507077822,32.13307798290924,346.75415524177305,497.46165988889504,41.15428159693047,417.95546306908307,70.71783143672738,423.2048949853633,320.90388854642305,316.4270006193238,436.45388938894877,41.15428159693047,371.57656674318144,288.3905455578767,436.45388938894877,259.06541573820266,183.21174465094106,152.39125867191322,368.3887215388789,32.13307798290924,1342.4510502762405,78.2726135708589,null,32.13307798290924,null,59.16731056086803,371.57656674318144,319.577284361169,66.7009378006875,66.7009378006875,66.7009378006875,59.16731056086803,70.71783143672738,497.46165988889504,null,497.46165988889504,346.75415524177305,230.84191661848752,183.21174465094106,76.2569459069967,null,1397.5981521000333,5.914345251000077,41.15428159693047,175.44493316898368,241.30467079031015,null,null,41.15428159693047,319.577284361169,66.7009378006875,null,66.7009378006875,241.30467079031015,70.71783143672738,484.1417219450856,288.3905455578767,null,288.3905455578767,null,98.83255990313228],"transport.volume_to_capacity_ratio.roads.max":[0.6712519297178854,0.5438545223310239,1.1567903622307445,0.5351843538240746,1.0767233073572238,1.0150953939314482,1.758426223122657,1.0411287641480118,0.39647701956213915,0.38599657589097836,0.44279929019030384,0.9311812753414034,0.31596612573890454,0.6710087725068241,0.6712519297178854,0.9641237272760539,0.39647701956213915,0.7095437698987743,0.9215573272235045,1.513812907594013,1.6304834426362462,0.776320724699033,0.7726229788510921,0.19343012696757705,0.7320288051988126,0.9615793991886943,1.1519417860170815,1.2923694949925044,1.1002820538968756,1.9389678381507427,0.606057375458763,0.5941544847138999,0.8976179346754349,0.7942133771341697,0.6606995571332326,0.8426696625612433,1.4663766361293533,1.6546962432084682,0.7524159774617799,0.8366281608036233,0.9321247007895053,1.15209266785269,1.3126273914724562,1.1191200892902384,1.2479356338759797,1.066121733418167,1.1191200892902384,1.2479356338759797,1.681179539707646,1.1698436767142084,0.597450348641613,0.19343012696757705,1.715159629962092,0.7454901313329397,0.39647701956213915,0.6712519297178854,1.0769461546509904,0.6581191699120614,0.5144644491139602,0.7830012351085279,0.41030565640062455,1.1871026126104351,0.5906732343507014,0.13773606994817722,0.7726229788510921,0.6195726284143142,0.6418918063021963,1.0536982481312998,0.502836451458138,0.19343012696757705,1.3397321523971508,1.2317981165620908,1.2923694949925044,0.954279436558967,0.54021357126858,0.0855446277766291,0.19343012696757705,0.7969817251249417,0.8809347741433673,0.5280299213805751,0.7660412076577992,1.0216954412621186,0.7656124313665389,0.7372996558396696,0.6771946845592249,1.3755457397892494,1.0293571450677856,0.9002516508414135,0.040278502623345855,1.0356472151322722],"transport.delay_factor.roads.max":[1.129933806882149,1.0559900622995988,2.146036951084967,1.0525041469988419,1.8601940427443482,1.6795280719127739,7.118945439265607,1.751965221796667,1.0158190658768147,1.014217853172439,1.0246014812606061,1.4811903525382992,1.0063788453647962,1.1297456380141326,1.129933806882149,1.552982080650757,1.0158190658768147,1.1622171393289062,1.4616038262211164,4.361002146086884,5.523197444797337,1.2324581060381476,1.228060701581425,1.0008999498365179,1.18377763450174,1.5471678553693962,2.1269433971886045,2.7853639760790188,1.937985428870817,10.04612106810358,1.0863445513213006,1.0797585944873287,1.4154761124287054,1.2546412543102905,1.12195399645337,1.322707760626583,3.959116771499794,5.797921051965883,1.2051218905619647,1.3135522266064614,1.483143388351272,2.127533943344044,2.899965980750562,2.003891417238655,2.552203710884428,1.8268127421199325,2.003891417238655,2.552203710884428,6.112535747192868,2.198646997162127,1.0815593449334464,1.0008999498365179,6.538576494538025,1.1976730980479684,1.0158190658768147,1.129933806882149,1.8609063944974347,1.1200599447081687,1.0448303494876852,1.2405635158883328,1.0181375936733472,2.270963320487736,1.077905683300883,null,1.228060701581425,1.094308072064755,1.108649392391568,1.788941871497074,1.0409154173569317,1.0008999498365179,3.061825443882138,2.4734592070170383,2.7853639760790188,1.5307405080627516,1.0545057017407637,null,1.0008999498365179,1.2582102191909474,1.3854384080210589,1.0497593136111298,1.2203882838281617,1.6973740717608867,1.2199066515839168,1.189128117025069,1.1345966145226098,3.2912903111293694,1.7185290110210891,1.420373837878865,null,1.7362534464180235],"transport.cargo_vehicle_flow.roads.total":[361.9523642288443,2587.601776363284,7300.6020751767755,1779.0243981669996,5378.152804919802,6066.1120316963115,84967.9961898399,5440.6712740164685,168.86186866367822,568.6329375582113,171.21749149245116,4462.595248116995,null,485.9636786353402,1076.2249808533484,1531.0997759534878,136.137043971153,2257.500840094448,4113.850741629631,3934.894508812109,5332.423151240104,8693.801000481186,3442.2718053908375,null,0.0004286160126202015,5025.961087345195,2942.0080310974968,142.60186238104924,4281.109112560558,19723.1326051516,218.21670767251905,4429.58897656559,8301.054459313169,53.91362665710237,2583.441320855158,415.2458471986128,11045.992510276072,6270.953521221468,2084.8508749837065,866.5874330994731,74.4907674555676,6162.814394404691,8879.057150212819,5551.2420464244115,16582.66215581479,3371.7742930150225,304.78251734382644,19102.407033163025,372.1672593792196,16833.95521997526,78.2726135708589,null,330.87036455955723,null,216.24794679352914,1095.4812952008701,530.2773477387718,504.0240338408163,684.8699659698046,484.76715256774213,601.618910656519,521.5747878226672,5889.620291003884,null,3926.4135273359225,4134.674682619626,2556.1478783394555,2417.6181214501203,780.0821198986042,null,31660.728679241718,69.36674820091751,441.0443066060554,846.7553544430806,904.009468335826,null,null,304.3427423523563,2223.4997818609204,409.1359207855898,null,818.2718415711796,2790.9854289447294,276.8305647990752,4635.354512749014,5597.062001581757,null,797.7288164403305,null,1016.7919871522984],