{"municipalities_area_set":{"area_entities":{"id":[1,2,3,4,5,6,7,8,10,15,17,18,19,20,21,22,24,25,26,27,29,30,31,32,33,34,36,40,41,44,45,51,54,55,56,57,58,59,61,62,63,65,66,69,70,71,75,76,80,82,85,86,88,89,90,91,92,93,100,101,102,103,104,105,108,109,110,111,114,119,121,123,124,126,130,131,135,138,141,143,147,150,152,154,155,156,157,160,162,164],"transport.cargo_vehicle_flow.roads":[371.5721564224354,284.8872159456357,261.32946798715767,258.66014976352704,315.8129495175287,435.77390353106813,1427.7093217915678,295.84079409689986,59.307501443046746,59.307501443046746,66.56074691850878,371.5721564224354,null,70.69519318633711,371.5721564224354,141.60865692114115,59.307501443046746,295.84079409689986,379.7751877915712,319.54288672397337,295.84079409689986,368.6865923764348,498.6901569130387,null,0.0200053093699792,379.7751877915712,107.70284114300142,41.15428159693047,815.7993163495548,461.81185070778224,32.15794023616134,347.44165116148463,498.6901569130387,41.15428159693047,419.1850653722441,70.69519318633711,408.94269693659123,322.0618718187594,315.8129495175287,435.77390353106813,41.15428159693047,371.5721564224354,288.34225874028175,435.77390353106813,259.06541573820266,182.88742294708257,152.4566405946764,368.4093432185831,32.15794023616134,1338.2522893188375,78.21067450540271,null,32.15794023616134,null,59.307501443046746,371.5721564224354,319.54288672397337,66.56074691850878,66.56074691850878,66.56074691850878,59.307501443046746,70.69519318633711,498.6901569130387,null,498.6901569130387,347.44165116148463,230.62909090728695,182.88742294708257,76.2569459069967,null,1398.8261169067443,4.68310136122715,41.15428159693047,175.45529577484686,241.33221221857067,null,null,41.15428159693047,319.54288672397337,66.56074691850878,null,66.56074691850878,241.33221221857067,70.69519318633711,484.866468046025,288.34225874028175,null,288.34225874028175,null,100.09372004281647],"transport.volume_to_capacity_ratio.roads.max":[0.6714860435516476,0.5446396845793154,1.1557936810760139,0.5357862847121015,1.0783442458721644,1.014420256063986,1.7521396198619044,1.0414375627463732,0.3964690581421585,0.3860554865112083,0.4427745489554374,0.9315439503484689,0.3123836603614407,0.6721134950547976,0.6714860435516476,0.964365530477642,0.3964690581421585,0.710756774736079,0.9229059303386338,1.514069331125941,1.640422661557401,0.7747025696422182,0.7727282001054342,0.19344249359319843,0.7321301435404614,0.9618003614704863,1.155109799841475,1.2929706659538223,1.1103039308273543,1.940870666703053,0.6054337934900041,0.5937549827604487,0.8991296711676043,0.794878773942504,0.661464543287353,0.8438897481518757,1.4624444903254883,1.653150230647721,0.7515707024091054,0.8365084461442811,0.933006813522797,1.1524890951883424,1.3339126064186395,1.119417219655004,1.2451826320271329,1.0572831351965106,1.119417219655004,1.2451826320271329,1.6793078914008088,1.1639767652782251,0.597460957944705,0.19344249359319843,1.7163947677889788,0.7450636552048983,0.3964690581421585,0.6714860435516476,1.078549892462224,0.6580308334257611,0.5144434476956121,0.7828272551069845,0.4103041305862907,1.122407738023959,0.5909924512246879,0.13745576517970812,0.7727282001054342,0.619168082677863,0.6443219841426816,1.0590909886390762,0.5029518282014357,0.19344249359319843,1.3395131146115786,1.2326103718575738,1.2929706659538223,0.9545459194981775,0.5402215057548682,0.08576283412065795,0.19344249359319843,0.7956351457099995,0.8810140168820692,0.5279215167126828,0.7666287286014032,1.021504053239116,0.7656222884413667,0.7384410936936996,0.6779077181618317,1.380072432417001,1.0295500394390755,0.900467821795747,0.04023953905109452,1.0374343889060869],"transport.delay_factor.roads.max":[1.1301151707970407,1.0563140943584775,2.1420923882385683,1.0527407550065169,1.8653856213042896,1.6777220637547332,7.031909465365175,1.7528577497652904,1.0158199418482212,1.0142237021599765,1.0246037714086202,1.481940443635541,1.0060944316650697,1.1306021829235302,1.1301151707970407,1.5535370432354152,1.0158199418482212,1.1633292642906206,1.4643117996209611,4.3632799944024665,5.634501369090471,1.2305260240715103,1.2281849626312564,1.0008998655819255,1.1838794205964773,1.5476709657235492,2.139391689611564,2.788688282696432,1.9726296024919623,10.081683437492158,1.0859897343369689,1.0795442960690733,1.418282112043054,1.2554956873146017,1.1225197923341517,1.324580793658336,3.9275042658508874,5.78001502950438,1.204201694994986,1.3133727980683987,1.4849748698983387,2.1290866519042626,3.0262334556840274,2.0049579888822615,2.5385520449356287,1.7997333243905975,2.0049579888822615,2.5385520449356287,6.089806702378708,2.174781824885698,1.0815460723774664,1.0008998655819255,6.554547715584503,1.1972211508513158,1.0158199418482212,1.1301151707970407,1.8660459466774548,1.1199954971794759,1.0448398077861782,1.2403497778169177,1.018147301153264,2.0157400632936175,1.0780742297948804,null,1.2281849626312564,1.094062001942106,1.110304129743093,1.8052172410310456,1.0409529827529627,1.0008998655819255,3.0604773925250064,2.477349485265421,2.788688282696432,1.5313335944863535,1.0545089040614328,null,1.0008998655819255,1.2564695501873127,1.3855771121220886,1.049711563930607,1.2210651757183624,1.6968516791132946,1.2199065907791318,1.190302021391637,1.1351643897521637,3.3216005442420755,1.7190677517931805,1.4207777487175597,null,1.7413487055649983],"transport.cargo_vehicle_flow.roads.total":[361.9501590684712,2593.944301127149,7446.563909280712,1779.0243981669998,5385.140027210549,6051.496476247652,84101.81803891837,5440.678286014674,169.0721549869463,569.4740828512836,171.00720516918307,4462.374033920481,null,485.34355260660453,1076.2284798514495,1531.520348600024,136.41742573551042,2257.501592435825,4100.888179831269,3936.889582278617,5307.8462339425405,8699.68095035298,3449.361073430511,null,0.0100026546849896,5012.998525546833,2939.3821675380386,142.60186238104927,4617.321328855479,19714.37087421151,213.76725664289233,4440.757624132116,8324.183668759892,53.91362665710238,2588.0420697213763,414.6483594202674,10692.908538794778,6312.948090305043,2088.0374605781817,864.4994966068075,74.4907674555676,6162.774701517973,8903.760008467041,5537.237840855971,16634.250184069373,3376.5135024476563,304.9132811893528,19446.412583779897,363.21863281346197,17263.129869704244,78.21067450540271,null,323.9489962912489,null,216.5283285578866,1095.4724745593778,530.4224037122174,503.4632703121015,684.0288206767324,484.346579921206,602.1796741852339,507.5738549053218,5901.339749754383,null,3934.2264998362552,4132.931848041045,2552.2831459406543,2417.4456826975006,780.7830743094979,null,31854.238733411406,63.574371334930085,441.04430660605544,846.8297293531259,904.4234584136292,null,null,304.34274235235637,2223.652795882236,408.57515725687495,null,817.1503145137499,2792.2240079103212,276.43223961351157,4643.900402228659,5603.398684309889,null,797.6152033916545,null,1028.7454150541555],