{"municipalities_area_set":{"area_entities":{"id":[1,2,3,4,5,6,7,8,10,15,17,18,19,20,21,22,24,25,26,27,29,30,31,32,33,34,36,40,41,44,45,51,54,55,56,57,58,59,61,62,63,65,66,69,70,71,75,76,80,82,85,86,88,89,90,91,92,93,100,101,102,103,104,105,108,109,110,111,114,119,121,123,124,126,130,131,135,138,141,143,147,150,152,154,155,156,157,160,162,164],"transport.cargo_vehicle_flow.roads":[425.8597736493834,517.4764384369482,303.6073344414236,302.05665243758074,302.05665243758074,484.73123059839224,2101.1641527606607,348.00861202326075,69.68852383554439,69.68852383554439,78.56179112610621,425.8597736493834,null,132.75992273248875,425.8597736493834,164.81753933111725,69.68852383554439,348.00861202326075,337.4325016110709,257.6011400782497,348.00861202326075,320.11323304741705,741.0308430917136,null,null,397.5045773168084,132.75992273248875,47.09841199767661,2101.1641527606607,536.82740910951,33.61041988837531,653.366528477509,741.0308430917136,47.09841199767661,653.366528477509,132.75992273248875,640.9968977989103,302.05665243758074,null,484.73123059839224,47.09841199767661,425.8597736493834,517.4764384369482,484.73123059839224,301.77827016132386,267.62472136863465,263.6121136311142,387.0077659710797,33.61041988837531,2085.879024797063,null,null,33.61041988837531,null,69.68852383554439,425.8597736493834,257.6011400782497,78.56179112610621,78.56179112610621,78.56179112610621,69.68852383554439,132.75992273248875,741.0308430917136,null,741.0308430917136,653.366528477509,278.2290514888223,267.62472136863465,89.36453062592776,null,2085.879024797063,257.6011400782497,47.09841199767661,263.6121136311142,257.6011400782497,null,null,47.09841199767661,257.6011400782497,78.56179112610621,null,78.56179112610621,257.6011400782497,132.75992273248875,741.0308430917136,336.0798795304588,null,336.0798795304588,null,290.06320347885156],"transport.volume_to_capacity_ratio.roads.max":[0.6049413274654828,0.5286658625034233,1.342753615992369,0.49336761122251244,0.7432701889878439,0.8474183205330531,4.381853654639472,0.8221516694912917,0.31822838361316047,0.3136770008462288,0.3505651834888814,0.9375157144441717,0.284621648201334,0.4371487282935409,0.6049413274654828,0.8218913931357454,0.31822838361316047,0.5307793877957838,0.6546190209033447,1.3886557555366537,2.568490728599611,0.5992681497688306,0.748515488494372,0.14959412263711427,0.6368665881954462,0.7735113994147268,0.8158853859265871,0.9770019435981365,3.6862278528264496,2.705885366940625,0.4849076382486899,0.5916894332113881,0.765588057970381,0.6487867330871345,0.6202777416636696,0.5663351137292104,1.7668566006308035,1.0533301165957283,0.49404830943011524,0.6747370687380249,0.7581062941739082,1.0585483559612618,0.8678580937163627,1.0009846486796017,1.3751849551842208,1.33397206046038,1.0009846486796017,2.4101164423292367,1.3194337635823075,2.911836455651196,0.44937821685513724,0.14959412263711427,1.0295043975533575,0.524629494992059,0.31822838361316047,0.6049413274654828,0.8632014841014404,0.5175098332216391,0.4063570906148838,0.6142968227841882,0.33052183474517377,1.5909337593597481,0.6105342848215087,0.0937406449818179,0.748515488494372,0.6237969811114406,1.3781237585141324,2.3883394769414554,0.420695678485228,0.14959412263711427,1.8394006408468873,1.38543378295848,0.9402997867151711,0.8924935234594777,0.5576511564852248,0.03892489124530904,0.14959412263711427,0.6220810439076039,1.0037413884054323,0.4132276388245631,0.617591313869081,0.8058362010785767,0.6609355095670113,0.4896199503060101,0.6429177293816318,2.1685906164922266,0.8785327541030425,0.5221178530077855,0.0226911153963959,0.8561766168402731],"transport.delay_factor.roads.max":[1.0857039422454893,1.0499925217910793,3.0804215134178357,1.0379146145233533,1.1953290473817366,1.3300436409621614,236.9387370173483,1.2924069871993886,1.0065519068476179,1.0061959079402585,1.0096726069818214,1.4944179141141194,1.0041980266869903,1.0233678814258533,1.0857039422454893,1.2920368827784177,1.0065519068476179,1.0507967785343446,1.1175319740457792,3.379948656514061,28.854655530385845,1.0825353923448258,1.2009014814484216,1.0003216801814359,1.1052917948855612,1.22911147828209,1.2835937076861819,1.583125031721898,119.17390549144714,35.310408678842464,1.0353806795564067,1.078449265494815,1.2198672658980299,1.1133934100588814,1.0947338849412207,1.0658453622893713,7.237238221337139,1.7878130876820437,1.038133600814154,1.1326472414111333,1.2113977611499123,1.8035682741137389,1.3630570264546533,1.6425079733602184,3.288806045405022,3.026594726196633,1.6425079733602184,22.59351593236991,2.939681157379342,47.00859578124128,1.0261062690555862,1.0003216801814359,1.7189402497795787,1.048479922349947,1.0065519068476179,1.0857039422454893,1.3553273912662962,1.04590873458934,1.0174632569549666,1.0911409424829603,1.0076347372518013,5.100104246645196,1.0889242481299881,null,1.2009014814484216,1.0969124233653194,3.3084696978378396,21.824002279786637,1.0200470433987092,1.0003216801814359,8.326493898147808,3.3579479313515312,1.5003170744084717,1.4060534652150685,1.0619011174071393,null,1.0003216801814359,1.0958342263678436,1.6496318407862418,1.0186636339744082,1.0931165128965092,1.2698777422494525,1.1221297835954416,1.0367846055769592,1.1093371721144352,15.154361100737624,1.381265816637354,1.0475554118798374,null,1.3439009886316584],"transport.cargo_vehicle_flow.roads.total":[412.6705597120632,3314.3240993812933,7626.614309107797,2060.7871913002714,1766.3890211145185,6550.874667424865,122629.14826202617,6336.777215285034,198.88912049124346,669.748035647738,201.66362344049645,5124.112579762605,null,728.09279600995,1224.8224651988694,1784.826758040064,160.34512205729476,2625.3645803921836,3817.008414545777,4368.853077057865,5850.025160464475,6637.726936591163,4474.722276087265,null,null,4878.485241748507,3743.3844553894696,163.47554761027357,10086.671154738964,25242.579291047423,222.3620300505673,7068.8764039071975,12143.698591742334,61.885286409172444,3594.032896339866,595.3328732774613,15262.451193871946,5964.371764574925,null,935.8392382035521,85.43449240801075,7028.588729042394,12849.449230832475,5923.381199470173,17652.25695058054,4838.199142566925,527.2242272622284,23891.438016303535,377.50322032438396,26083.14105119149,null,null,336.3439133998822,null,254.7014567952216,1251.2008930735099,485.42811967309603,593.6502870088818,806.6544937619857,570.9691203836671,708.5996202594,595.3328732774613,7823.62967876847,null,5215.7531191789785,5910.590132293461,3245.6883769569754,4025.7687856444068,914.6527945600026,null,47671.04714249704,3655.597977789923,505.6698153695148,1073.1745661156242,970.8562393461921,null,null,349.1314068377909,1684.1113386141346,481.8890380070991,null,963.7780760141982,3003.40266000521,396.8885821849742,6253.779156391591,7981.168535505219,null,917.1827385134245,null,2125.3680070880823],