{"municipalities_area_set":{"area_entities":{"id":[1,2,3,4,5,6,7,8,10,15,17,18,19,20,21,22,24,25,26,27,29,30,31,32,33,34,36,40,41,44,45,51,54,55,56,57,58,59,61,62,63,65,66,69,70,71,75,76,80,82,85,86,88,89,90,91,92,93,100,101,102,103,104,105,108,109,110,111,114,119,121,123,124,126,130,131,135,138,141,143,147,150,152,154,155,156,157,160,162,164],"transport.cargo_vehicle_flow.roads":[369.59896155737573,282.1403851757057,258.8943062914945,256.8409911409579,313.07888796259545,434.7457309187332,1423.3562292639667,293.85269370127423,58.737339013883656,58.737339013883656,66.14947279808902,369.59896155737573,null,70.37867274155231,369.59896155737573,140.53423358866215,58.737339013883656,293.85269370127423,379.0961505933722,317.3951877555169,293.85269370127423,367.6636292945749,495.2760433094088,null,0.002331339571000476,379.0961505933722,107.3139696692094,40.935563603256924,772.161041309475,458.75141288179856,32.06834433542167,345.354389668576,495.2760433094088,40.935563603256924,415.7471343582863,70.37867274155231,420.39555833666793,319.2398332210747,313.07888796259545,434.7457309187332,40.935563603256924,369.59896155737573,286.69776187142617,434.7457309187332,257.30058697989296,181.81354835854063,151.53572580918035,366.0452621501844,32.06834433542167,1329.7921671537254,77.65751964329678,null,32.06834433542167,null,58.737339013883656,369.59896155737573,317.3951877555169,66.14947279808902,66.14947279808902,66.14947279808902,58.737339013883656,70.37867274155231,495.2760433094088,null,495.2760433094088,345.354389668576,229.21996698704726,181.81354835854063,75.69178934288888,null,1392.5241254099471,6.1211122125064374,40.935563603256924,174.19040693787605,239.73766811222004,null,null,40.935563603256924,317.3951877555169,66.14947279808902,null,66.14947279808902,239.73766811222004,70.37867274155231,481.461662375043,286.69776187142617,null,286.69776187142617,null,98.49917295832947],"transport.volume_to_capacity_ratio.roads.max":[0.6743008849654644,0.5468218163352712,1.1623686564188431,0.5380588937367146,1.083387115940029,1.0184141154139532,1.758255128588897,1.0477771549976358,0.39994547495271987,0.3889990452409725,0.44640559027607724,0.9357863434000323,0.3191455598014844,0.674761352718454,0.6743008849654644,0.9697382550303455,0.39994547495271987,0.714878682793597,0.9276957183587752,1.5244663375165333,1.641531794403513,0.7800124512245449,0.7762625530059343,0.19542319947812214,0.75137772106489,0.9689818370767392,1.1613534072494267,1.3026115995047225,1.1290602230369824,1.9474745456377653,0.6081762333433224,0.5979023571405893,0.9027068140367149,0.8015935210085309,0.664167636609951,0.8470766861118169,1.469099313180987,1.663325676917124,0.7582575647079987,0.8399335950586169,0.9412554525524045,1.1562247288307574,1.301403235959658,1.1258883287475856,1.2463270356925442,1.064647948559009,1.1258883287475856,1.2442226146604163,1.6868045880504705,1.1943899465329486,0.6024358303392787,0.19542319947812214,1.7210904200781982,0.7515595906563515,0.39994547495271987,0.6743008849654644,1.0843098792694854,0.6632155387464015,0.5185128483971773,0.7876704807749817,0.41379323323536865,1.1609603560597521,0.5927798591180561,0.13913667574578287,0.7762625530059343,0.6236043986058752,0.650922125446681,1.0799078497965842,0.5060477819069402,0.19542319947812214,1.3439180360103742,1.2421482933764745,1.3026115995047225,0.9590315422689227,0.5438965939965572,0.08645447033401842,0.19542319947812214,0.8050268943689382,0.8869256885697958,0.5328574021155539,0.7720899081221724,1.028703000950551,0.7701082485333894,0.741242690786609,0.6805588420241392,1.3848307667299713,1.0364441736993588,0.907669895398625,0.040735463093707486,1.0423230035280784],"transport.delay_factor.roads.max":[1.1323106772984037,1.057222036027686,2.168303119496761,1.0536412922215401,1.8816874111403394,1.6884582591466684,7.1165642979568995,1.7713574432580086,1.0163773605338722,1.0146546049526952,1.0254247611346567,1.4907799202512382,1.0066394973249162,1.1326724578429468,1.1323106772984037,1.5659760937167657,1.0163773605338722,1.1671511471696918,1.4740260214211625,4.456617542979352,5.647048119095292,1.2369114851711869,1.232388439152607,1.0009370138817675,1.2039920437024465,1.5642122617622114,2.16422673398884,2.8426367926405947,2.040036075012932,10.205918670711691,1.0875583869427905,1.0817901559457355,1.4249783997661543,1.264238908753844,1.1245348242908102,1.3295117378914563,3.981155273041701,5.898793593951841,1.211566538668517,1.3185369246528367,1.5023541496509751,2.1437970932757446,2.8358090357547967,2.0283980454661465,2.5442159640176625,1.8222503374535621,2.0283980454661465,2.5338127260197094,6.181303931437436,2.302460408351037,1.0842991411175584,1.0009370138817675,6.615581349052451,1.2041896190137413,1.0163773605338722,1.1323106772984037,1.8846951221891235,1.1238222654737908,1.0462613245731662,1.2463532258789811,1.018756233102728,2.1626514393534357,1.079023039615998,null,1.232388439152607,1.0967869163368291,1.1148936719308422,1.8704158006761418,1.0419706868438672,1.0009370138817675,3.087714481077825,2.5236098161291736,2.842636792640595,1.5413916320675047,1.056007389495964,null,1.0009370138817675,1.2687952142827759,1.3960307509179755,1.0515969447741178,1.2274319513250649,1.7167042850623833,1.2251060017916087,1.193206471741258,1.1372911988438412,3.353784988117439,1.7385223315217695,1.4344018837862014,null,1.7554213660564741],"transport.cargo_vehicle_flow.roads.total":[360.1782837298867,2574.1519560888537,7503.608129648165,1767.7838212919573,5333.368466536033,6034.987603843477,84237.19730591882,5404.058469603475,167.5922600187142,564.3873714110051,169.8353883819831,4441.022118348991,null,483.5508804775398,1071.114173362171,1520.5807715333135,135.13828947174258,2242.6386511623227,4094.7716142433683,3912.1671008073777,5302.062435152497,8685.393559769194,3425.489160362765,null,0.001165669785500238,5000.745671836301,2926.677289179974,141.82636439766173,4358.973148813043,19618.45315305403,208.31915919441292,4394.285554379611,8253.004132387317,53.615345995184235,2569.151686094019,413.1722077359875,10830.209869284088,6242.767251314221,2065.602039552762,862.1410862633538,74.0831277968127,6132.451501235562,8824.41018787883,5522.0926743411665,16531.55927955344,3312.694189810158,303.0714516183607,19189.288138989494,352.50162971798255,16922.432872547735,77.65751964329678,null,315.4991766482719,null,214.62454096963128,1089.955529017149,526.8379218936184,499.96848847518805,679.3415535279325,480.89313513366545,597.0533906570276,525.602019752192,5860.426234106711,null,3906.950822737807,4132.635897450894,2538.1266216224344,2340.911497016197,774.4493173707331,null,31602.25266142334,79.18299625050153,438.641578322825,840.8696208064637,898.3608045006431,null,null,302.67240238321443,2208.5390320095594,405.8202495620553,null,811.6404991241105,2773.4913276956236,275.4481384906584,4608.865284445681,5563.666141413452,null,793.0171230830665,null,1010.7399225971815],