{"municipalities_area_set":{"area_entities":{"id":[1,2,3,4,5,6,7,8,10,15,17,18,19,20,21,22,24,25,26,27,29,30,31,32,33,34,36,40,41,44,45,51,54,55,56,57,58,59,61,62,63,65,66,69,70,71,75,76,80,82,85,86,88,89,90,91,92,93,100,101,102,103,104,105,108,109,110,111,114,119,121,123,124,126,130,131,135,138,141,143,147,150,152,154,155,156,157,160,162,164],"transport.cargo_vehicle_flow.roads":[369.5999745053613,283.4750376384961,260.75194988501215,256.84099114095795,315.1253815150576,433.409720744926,1423.4973854329444,293.85266853378994,58.717581901752176,58.717581901752176,66.16922991022052,369.5999745053613,null,70.37955020764116,369.5999745053613,140.51447647653072,58.717581901752176,293.85266853378994,377.76270648492607,317.39654546653395,293.85266853378994,367.74896286593497,493.80580925504387,null,0.0016191997576191011,377.76270648492607,106.02541464804517,40.93556360325693,745.5758184091065,458.7514128817986,32.06737107167238,345.2700293609654,493.80580925504387,40.93556360325693,414.2768552754109,70.37955020764116,409.3991880490934,319.0982602475861,315.1253815150576,433.409720744926,40.93556360325693,369.5999745053613,286.69965243221066,433.409720744926,257.30058697989284,183.3390114789006,151.5331597438191,366.0458526448898,32.06737107167238,1324.7738158800294,77.65993783982657,null,32.06737107167238,null,58.717581901752176,369.5999745053613,317.39654546653395,66.16922991022052,66.16922991022052,66.16922991022052,58.717581901752176,70.37955020764116,493.80580925504387,null,493.80580925504387,345.2700293609654,230.72673781546945,183.3390114789006,75.69178934288888,null,1391.053907014602,4.107576435994665,40.93556360325693,174.19000131315727,239.73660762670733,null,null,40.93556360325693,317.39654546653395,66.16922991022052,null,66.16922991022052,239.73660762670733,70.37955020764116,482.79590921311444,286.69965243221066,null,286.69965243221066,null,97.02766187907584],"transport.volume_to_capacity_ratio.roads.max":[0.6742786203433624,0.5463748812767665,1.1640111521795287,0.5376392391690741,1.091175970999051,1.0181688267502935,1.7601429461390814,1.0474942147572193,0.399936340326987,0.3888804785009378,0.4463811508444238,0.9356153347986148,0.31006533592045327,0.6770711066498998,0.6742786203433624,0.9692376580683292,0.399936340326987,0.7148555374221849,0.9283337653902395,1.524344043451949,1.633995941209978,0.7810971772188576,0.7755734925702334,0.19541515236834803,0.7508096276471785,0.968935784658121,1.1704165071558175,1.3031317403245055,1.1031196155282936,1.9472485042884462,0.6088609659737109,0.5977569470441053,0.9018547451461856,0.8007103100716557,0.6654124653129116,0.8490811984607974,1.4735278112414216,1.6628086609855848,0.7636958410873376,0.8397764366525244,0.9400025518904324,1.1561867056910797,1.247224266507882,1.1255804976062846,1.251789817155006,1.0718427172042602,1.1255804976062846,1.251789817155006,1.6888390374298148,1.2199107684582633,0.6024330092137099,0.19541515236834803,1.7264039160954077,0.748598093963492,0.399936340326987,0.6742786203433624,1.0840702066616104,0.6634027887569295,0.5185250259341233,0.7882064976857371,0.41376948539443836,1.124868746719713,0.5920945946664473,0.13874691959512653,0.7755734925702334,0.6234486880190188,0.6467611643394385,1.0633542477117166,0.50583060696144,0.19541515236834803,1.3422962658543964,1.232483088946954,1.3031317403245055,0.9590684892977115,0.543786373847901,0.08638974995036663,0.19541515236834803,0.8002212818420938,0.8869807514852736,0.5328851652997455,0.7712310323610841,1.0292095504921528,0.770249657494931,0.7434360029570138,0.6817664526274784,1.3881015869864022,1.0347293338355574,0.9073877802234216,0.040712250018057436,1.041391402725473],"transport.delay_factor.roads.max":[1.1322932031921324,1.0570351876174433,2.1749206554811504,1.0534741395803364,1.9073172105450238,1.6877952282485764,7.142875763912065,1.770524595654009,1.0163770798681477,1.0146367462508579,1.0254099238857808,1.4904212717825358,1.0059155188168645,1.1344983939299145,1.1322932031921324,1.5648083287041528,1.0163770798681477,1.1671295010493448,1.4753314626803915,4.455508504532429,5.562300296278669,1.2382320825857311,1.231564405621175,1.0009370143717409,1.2033758147515505,1.5641050090316324,2.2009964597027336,2.8455816607069835,1.9476989574908008,10.201645329084286,1.0879533738486613,1.0817106193698147,1.423376114313251,1.263076258309728,1.1254710993907397,1.3326418374228988,4.017264078576007,5.892705613181518,1.2177016276918047,1.3182985881593552,1.4996847604940649,2.1436466428995367,2.5486674923201296,2.027273802048859,2.571468324801749,1.844703356045418,2.027273802048859,2.571468324801749,6.206345803768188,2.417399364759279,1.084297562082714,1.0009370143717409,6.685250746335888,1.2009901813285717,1.0163770798681477,1.1322932031921324,1.883913180054596,1.1239621629295802,1.0462656706088491,1.2470244931197771,1.0187566691525605,2.0246779155121204,1.0786582643901848,null,1.231564405621175,1.0966902838955443,1.1119839315798408,1.8182610051199468,1.0418986848237577,1.0009370143717409,3.0776553281218897,2.4767393582626123,2.845581660706984,1.5414750661039764,1.0559620039087398,null,1.0009370143717409,1.2624341588962518,1.396129107020885,1.0516115238159613,1.2264216539932644,1.7181169939561156,1.2252713851629877,1.1955034072570223,1.1382682553888714,3.3761014368903868,1.733646785121909,1.433862065333421,null,1.7527242818732474],"transport.cargo_vehicle_flow.roads.total":[360.17556693262515,2570.940386822489,7577.475656653023,1767.7838212919576,5372.24319793815,6028.541304474944,84035.05364709829,5404.057467945331,167.56262435051696,564.2688287382164,169.86502405018038,4439.7390213853505,null,479.6872728329203,1071.108739767648,1520.5215001969193,135.0987752474796,2242.638268803362,4087.865599763901,3914.479758885943,5312.957661158913,8686.869881346167,3423.610930708509,null,0.0008095998788095506,4993.839657356835,2907.9886080114557,141.8263643976618,4056.9525795287786,19581.908217110195,208.18664575780318,4381.938152692546,8256.95396069792,53.615345995184256,2568.795277117803,409.30772262527915,10853.609319627272,6235.384165425344,2086.0626520300502,861.2201863535633,74.08312779681272,6132.402598884853,8825.454097498354,5517.218025405334,16330.358982228452,3257.7556008808165,303.0663194876382,19232.000600956402,352.2385493722615,17433.015458592334,77.65993783982657,null,315.2930446357678,null,214.58502674536834,1089.9575549131202,527.8944033949837,500.0475169237141,679.4600962007216,480.95240647006,596.9743622085018,510.4489711237223,5859.610310808949,null,3906.4068738726332,4117.755344661361,2608.7881306538948,2478.9336540877357,774.3505318100755,null,32005.932598195,48.75875914829204,438.6415783228251,841.2935084547855,900.4689311103141,null,null,302.6724023832145,2211.7195070107914,405.8992780105813,null,811.7985560211627,2779.8932323195127,272.87181508351944,4609.655546846656,5563.209739956808,null,793.0215676936286,null,1009.8025927581298],