{"municipalities_area_set":{"area_entities":{"id":[1,2,3,4,5,6,7,8,10,15,17,18,19,20,21,22,24,25,26,27,29,30,31,32,33,34,36,40,41,44,45,51,54,55,56,57,58,59,61,62,63,65,66,69,70,71,75,76,80,82,85,86,88,89,90,91,92,93,100,101,102,103,104,105,108,109,110,111,114,119,121,123,124,126,130,131,135,138,141,143,147,150,152,154,155,156,157,160,162,164],"transport.cargo_vehicle_flow.roads":[425.8597736493834,517.4764384369482,303.6073344414236,302.05665243758074,302.05665243758074,484.7312305983922,2101.164152760661,348.00861202326075,69.68852383554437,69.68852383554437,78.56179112610623,425.8597736493834,null,132.75992273248875,425.8597736493834,164.81753933111725,69.68852383554437,348.00861202326075,337.43250161107085,257.6011400782497,348.00861202326075,320.11323304741705,741.0308430917135,null,null,397.5045773168084,132.75992273248875,47.09841199767661,2101.164152760661,536.8274091095101,33.61041988837531,653.366528477509,741.0308430917135,47.09841199767661,653.366528477509,132.75992273248875,640.9968977989103,302.05665243758074,null,484.7312305983922,47.09841199767661,425.8597736493834,517.4764384369482,484.7312305983922,301.7782701613238,267.62472136863465,263.6121136311142,387.00776597107966,33.61041988837531,2085.8790247970633,null,null,33.61041988837531,null,69.68852383554437,425.8597736493834,257.6011400782497,78.56179112610623,78.56179112610623,78.56179112610623,69.68852383554437,132.75992273248875,741.0308430917135,null,741.0308430917135,653.366528477509,278.2290514888223,267.62472136863465,89.36453062592776,null,2085.8790247970633,257.6011400782497,47.09841199767661,263.6121136311142,257.6011400782497,null,null,47.09841199767661,257.6011400782497,78.56179112610623,null,78.56179112610623,257.6011400782497,132.75992273248875,741.0308430917135,336.0798795304588,null,336.0798795304588,null,290.06320347885156],"transport.volume_to_capacity_ratio.roads.max":[0.6049413274654828,0.5286658625034233,1.342753615992369,0.49336761122251244,0.7432701889878438,0.8474183205330531,4.381853654639472,0.8221516694912917,0.31822838361316047,0.31367700084622874,0.3505651834888813,0.9375157144441719,0.28462164820133395,0.437148728293541,0.6049413274654828,0.8218913931357454,0.31822838361316047,0.5307793877957838,0.6546190209033447,1.3886557555366537,2.5684907285996115,0.5992681497688308,0.748515488494372,0.1495941226371143,0.6368665881954462,0.7735113994147268,0.815885385926587,0.9770019435981365,3.68622785282645,2.705885366940625,0.48490763824868993,0.5916894332113881,0.765588057970381,0.6487867330871342,0.6202777416636696,0.5663351137292104,1.7668566006308035,1.0533301165957283,0.4940483094301152,0.6747370687380246,0.758106294173908,1.0585483559612618,0.8678580937163625,1.0009846486796015,1.3751849551842208,1.33397206046038,1.0009846486796015,2.410116442329237,1.319433763582308,2.9118364556511964,0.44937821685513724,0.1495941226371143,1.0295043975533575,0.524629494992059,0.31822838361316047,0.6049413274654828,0.8632014841014404,0.5175098332216391,0.40635709061488373,0.6142968227841882,0.33052183474517377,1.5909337593597481,0.6105342848215086,0.09374064498181789,0.748515488494372,0.6237969811114406,1.3781237585141322,2.3883394769414545,0.420695678485228,0.1495941226371143,1.839400640846887,1.3854337829584802,0.9402997867151712,0.8924935234594779,0.5576511564852247,0.03892489124530905,0.1495941226371143,0.6220810439076039,1.003741388405432,0.41322763882456315,0.617591313869081,0.8058362010785766,0.6609355095670112,0.4896199503060102,0.6429177293816318,2.1685906164922266,0.8785327541030425,0.5221178530077857,0.0226911153963959,0.8561766168402731],"transport.delay_factor.roads.max":[1.0857039422454893,1.0499925217910793,3.0804215134178343,1.0379146145233533,1.1953290473817364,1.3300436409621614,236.9387370173485,1.2924069871993886,1.0065519068476179,1.0061959079402585,1.0096726069818214,1.4944179141141196,1.0041980266869903,1.0233678814258533,1.0857039422454893,1.2920368827784177,1.0065519068476179,1.0507967785343446,1.1175319740457792,3.379948656514061,28.85465553038588,1.0825353923448258,1.2009014814484216,1.0003216801814359,1.1052917948855612,1.22911147828209,1.2835937076861819,1.583125031721898,119.17390549144714,35.310408678842464,1.0353806795564067,1.078449265494815,1.2198672658980299,1.1133934100588814,1.0947338849412207,1.0658453622893713,7.237238221337139,1.7878130876820428,1.038133600814154,1.1326472414111333,1.2113977611499118,1.8035682741137389,1.363057026454653,1.6425079733602184,3.2888060454050234,3.026594726196633,1.6425079733602184,22.59351593236993,2.9396811573793453,47.00859578124128,1.0261062690555862,1.0003216801814359,1.7189402497795787,1.048479922349947,1.0065519068476179,1.0857039422454893,1.3553273912662962,1.04590873458934,1.0174632569549666,1.0911409424829603,1.0076347372518013,5.100104246645196,1.0889242481299881,null,1.2009014814484216,1.0969124233653194,3.3084696978378396,21.824002279786605,1.0200470433987092,1.0003216801814359,8.326493898147808,3.3579479313515312,1.500317074408472,1.4060534652150682,1.0619011174071393,null,1.0003216801814359,1.0958342263678436,1.6496318407862411,1.0186636339744082,1.0931165128965092,1.2698777422494523,1.1221297835954414,1.0367846055769592,1.1093371721144352,15.154361100737624,1.381265816637354,1.0475554118798374,null,1.3439009886316584],"transport.cargo_vehicle_flow.roads.total":[412.67055971206315,3314.3240993812933,7626.614309107796,2060.7871913002714,1766.3890211145185,6550.874667424865,122629.14826202617,6336.777215285034,198.88912049124343,669.748035647738,201.66362344049648,5124.112579762604,null,728.09279600995,1224.8224651988692,1784.826758040064,160.3451220572947,2625.3645803921836,3817.0084145457768,4368.853077057865,5850.025160464475,6637.726936591163,4474.722276087265,null,null,4878.485241748507,3743.3844553894696,163.47554761027357,10086.671154738964,25242.579291047423,222.3620300505673,7068.8764039071975,12143.698591742334,61.885286409172444,3594.0328963398665,595.3328732774613,15262.45119387195,5964.371764574925,null,935.8392382035521,85.43449240801075,7028.588729042393,12849.449230832475,5923.381199470174,17652.25695058054,4838.199142566924,527.2242272622284,23891.438016303535,377.50322032438396,26083.141051191487,null,null,336.3439133998822,null,254.7014567952216,1251.2008930735096,485.42811967309603,593.6502870088821,806.6544937619857,570.9691203836671,708.5996202593999,595.3328732774613,7823.629678768468,null,5215.7531191789785,5910.590132293461,3245.6883769569754,4025.7687856444068,914.6527945600025,null,47671.04714249704,3655.597977789923,505.6698153695148,1073.1745661156242,970.8562393461921,null,null,349.1314068377909,1684.1113386141346,481.88903800709915,null,963.7780760141982,3003.40266000521,396.8885821849742,6253.779156391591,7981.168535505219,null,917.1827385134246,null,2125.3680070880823],