{"municipalities_area_set":{"area_entities":{"id":[1,2,3,4,5,6,7,8,10,15,17,18,19,20,21,22,24,25,26,27,29,30,31,32,33,34,36,40,41,44,45,51,54,55,56,57,58,59,61,62,63,65,66,69,70,71,75,76,80,82,85,86,88,89,90,91,92,93,100,101,102,103,104,105,108,109,110,111,114,119,121,123,124,126,130,131,135,138,141,143,147,150,152,154,155,156,157,160,162,164],"transport.cargo_vehicle_flow.roads":[367.64667258435776,280.2810718002248,256.41662492348655,255.06974369857187,312.38830658119196,433.7855613152234,1412.1713921231426,291.91789622196495,58.25660858890819,58.25660858890819,65.67427840023754,367.64667258435776,null,70.04310047905469,367.64667258435776,139.56278368316364,58.25660858890819,291.91789622196495,378.3945754179821,315.26164157106496,291.91789622196495,366.0642401346381,493.7774192077721,null,0.008466847238794721,378.3945754179821,106.73269441320296,40.72280948121826,827.1549979181951,455.77223333703313,32.01246650913163,343.9012534875763,493.7774192077721,40.72280948121826,414.22467053486247,70.04310047905469,409.28293564254494,323.45561483203727,312.38830658119196,433.7855613152234,40.72280948121826,367.64667258435776,285.0379635281793,433.7855613152234,255.58243843990098,180.77456527267375,150.7207837122409,363.7697966854397,32.01246650913163,1333.7377726213356,77.04213837953135,null,32.01246650913163,null,58.25660858890819,367.64667258435776,315.26164157106496,65.67427840023754,65.67427840023754,65.67427840023754,58.25660858890819,70.04310047905469,493.7774192077721,null,493.7774192077721,343.9012534875763,227.89448266341535,180.77456527267375,75.14132361115735,null,1388.225109568598,4.515429853872215,40.72280948121826,172.97159401896448,238.21950319153362,null,null,40.72280948121826,315.26164157106496,65.67427840023754,null,65.67427840023754,238.21950319153362,70.04310047905469,478.16837447540365,285.0379635281793,null,285.0379635281793,null,98.80928692930271],"transport.volume_to_capacity_ratio.roads.max":[0.6772361363641969,0.5505687001948686,1.1211178665706976,0.5380266968441261,1.0873116611209346,1.0223273464677325,1.7742336720761733,1.0539022001859424,0.4033654634663627,0.39177493877560987,0.45005092611199343,0.9397182803483698,0.314768691931937,0.6809547618847793,0.6772361363641969,0.9747914562493325,0.4033654634663627,0.7196064338371712,0.9341348153049271,1.534273411158492,1.637884813820119,0.784486343888047,0.7804357133110731,0.197348229887967,0.7527249685166125,0.9761669665855559,1.1796758069213071,1.3120165227674716,1.124741173301194,1.9540726014329846,0.6127182419593796,0.6016744646119822,0.9092960622983931,0.8049366427737686,0.6683717797749106,0.8533884481996329,1.489109757394958,1.6593572855244905,0.7615828860987507,0.8432624453235045,0.9449301073031615,1.160142860033762,1.3213634943779455,1.132456665493432,1.2539904207362025,1.0771918807733145,1.132456665493432,1.2539904207362025,1.6997884387628253,1.1673112833219328,0.6072654038389361,0.197348229887967,1.7261005499004318,0.7535054758222961,0.4033654634663627,0.6772361363641969,1.0889812379970212,0.6688327151558248,0.5227211775507622,0.7930152523849135,0.41721577694479084,1.1462009947647553,0.5955228614319124,0.13970444210803407,0.7804357133110731,0.6276456853434386,0.6557405893274957,1.0807272718515661,0.5089082339409894,0.197348229887967,1.3478727932319783,1.243020614966115,1.3120165227674716,0.9638632963027153,0.5472869016691799,0.0868033224954298,0.197348229887967,0.8075927251629501,0.8920812387212395,0.5375605915586759,0.7760802418586943,1.0367130677509286,0.7747926716273701,0.7474462212575138,0.6846171378216793,1.3975608111103877,1.040495809504361,0.9138918551678917,0.04115191966231279,1.0471709670766323],"transport.delay_factor.roads.max":[1.1346295727547577,1.0588065967306068,2.011078950159443,1.0536284540141994,1.8945325681124174,1.699100939803514,7.341956265101561,1.7895528738941335,1.016936792070051,1.015071180828483,1.0262602834775543,1.499080584538882,1.0062826966517917,1.137610958198064,1.1346295727547577,1.577865584465236,1.016936792070051,1.1716169283041207,1.4873244578590907,4.546426873670855,5.605888273030103,1.2423938103180405,1.2374261297696436,1.0009746704645468,1.2054590438621327,1.581134156758261,2.2394547196712766,2.8964316348465835,2.024213152210442,10.331312966928456,1.0902034639978295,1.0838737951852584,1.4375233297033194,1.2686746959856192,1.1277180834022884,1.3394431219615108,4.146928034723535,5.852210126688182,1.2153023048028058,1.32361676472904,1.5102449565436593,2.1593801493814917,2.9510535571772403,2.0526072168040104,2.582547847921346,1.8616923933256455,2.0526072168040104,2.582547847921346,6.342683631749822,2.188301671063008,1.087045913706543,1.0009746704645468,6.681255717547989,1.206312539550901,1.016936792070051,1.1346295727547577,1.900039487131009,1.1280707656164397,1.0477815634290808,1.253108153439137,1.0193849022634534,2.104645933481107,1.0804958937586777,null,1.2374261297696436,1.0993203324776089,1.1183336445702818,1.8730606563845926,1.042927726125296,1.0009746704645468,3.1123972951065637,2.52789425931065,2.896431634846584,1.5523848323264495,1.0574152451220709,null,1.0009746704645468,1.272238514646984,1.405319592562506,1.053445605698654,1.2321702033003064,1.739289035840489,1.2306332883410878,1.1997559740648258,1.1405953767997137,3.441534303557894,1.7501382584804277,1.446435992733108,null,1.769573926840089],"transport.cargo_vehicle_flow.roads.total":[358.43910757569444,2562.195253440643,7290.934318298654,1756.8437324927963,5318.981607571015,6008.065965536814,83662.36676888909,5368.404019533307,166.26275041201066,559.8805516098447,168.5821155448528,4419.8847850377915,null,481.1349729194068,1066.1180606489343,1510.1519951036928,134.04162551751602,2228.1704604312795,4076.2891607840897,3880.0143276563385,5258.840869381711,8648.490475107845,3409.6152370678114,null,0.004233423619397361,4976.289515732393,2911.527966432307,141.07199831976033,4591.6943073642815,19494.570114478127,207.99700706553529,4391.410966013726,8203.079238784307,53.325189398621944,2555.0359860018702,411.09187244035206,10702.504824439713,6272.756795397392,2062.751928864905,858.2951379338306,73.68659413923108,6102.672393795468,8769.06902967806,5496.82030443876,16336.015085974306,3269.344971371644,301.4415674244818,19028.523441185604,351.9690811128073,17151.616124976263,77.04213837953135,null,315.022267810863,null,212.91946304616437,1084.5248877357467,523.0767470599715,496.2661067492719,674.3284621794112,477.3056269786987,592.3588053194752,510.6867025054142,5831.6747620990545,null,3887.783174732703,4097.893999404139,2541.447678870505,2425.223378853799,768.6537628440477,null,31564.947890785486,56.236783760089125,436.30431983151914,835.9725530742633,892.0692173608802,null,null,301.04756651562616,2192.6604362691046,402.83850948994314,null,805.6770189798864,2754.231525530974,274.06124829356804,4582.16527061689,5530.822691092776,null,788.4025033028586,null,1006.0468341630665],