{"municipalities_area_set":{"area_entities":{"id":[1,2,3,4,5,6,7,8,10,15,17,18,19,20,21,22,24,25,26,27,29,30,31,32,33,34,36,40,41,44,45,51,54,55,56,57,58,59,61,62,63,65,66,69,70,71,75,76,80,82,85,86,88,89,90,91,92,93,100,101,102,103,104,105,108,109,110,111,114,119,121,123,124,126,130,131,135,138,141,143,147,150,152,154,155,156,157,160,162,164],"transport.cargo_vehicle_flow.roads":[367.65769096442,280.25757787988084,257.1785549200849,255.0697436985719,312.4186131321339,432.9940655757066,1417.7071498803807,291.91798649886425,58.264115658110114,58.264115658110114,65.66677133103563,367.65769096442,null,70.04721168179908,367.65769096442,139.57029075236565,58.264115658110114,291.91798649886425,377.61488845548786,315.2700252878889,291.91798649886425,366.11906958619056,492.8417649221957,null,0.0049840291613958455,377.61488845548786,106.74295919421115,40.72280948121827,819.9311512988129,455.77223333703313,32.007934943460704,343.8509556016947,492.8417649221957,40.72280948121827,413.2888167716351,70.04721168179908,418.65714273553306,317.921808116267,312.4186131321339,432.9940655757066,40.72280948121827,367.65769096442,285.04673199610744,432.9940655757066,255.58243843990093,187.8362220292933,150.7089749352183,363.76113914705917,32.007934943460704,1308.9972221057749,77.05332122446788,null,32.007934943460704,null,58.264115658110114,367.65769096442,315.2700252878889,65.66677133103563,65.66677133103563,65.66677133103563,58.264115658110114,70.04721168179908,492.8417649221957,null,492.8417649221957,343.8509556016947,228.08624440892672,180.9536237552559,75.14132361115736,null,1387.2895515799032,3.58914993225792,40.72280948121827,172.9672160535831,238.21243602113464,null,null,40.72280948121827,315.2700252878889,65.66677133103563,null,65.66677133103563,238.21243602113464,70.04721168179908,478.9518083954241,285.04673199610744,null,285.04673199610744,null,97.86770569683108],"transport.volume_to_capacity_ratio.roads.max":[0.6772710886507874,0.5500696600904256,1.1563227871311885,0.5391809605173312,1.0956989247932014,1.02337446204379,1.7654725477498707,1.0536398181539006,0.40339090423100293,0.3918507435826927,0.45007046113320137,0.9399786343326726,0.318303430274782,0.6800057292157958,0.6772710886507874,0.9748853265719665,0.40339090423100293,0.7196509603995377,0.9342707304461789,1.5343501709277072,1.6457852718106232,0.7834870673721741,0.7797724299513259,0.19735886716692239,0.755115682824053,0.9763616718325894,1.1760995710166653,1.3129017812567079,1.1557137691072952,1.9553790428710551,0.6117724495031983,0.601488887534114,0.9083249777768995,0.8055975666110967,0.6685413626447089,0.8526364362341613,1.4816594783166084,1.6657998937538123,0.7668161946701676,0.8440983287240789,0.9456793911006387,1.1602109058098389,1.255415442431119,1.1332572576734914,1.2550026377574974,1.0818314418517416,1.1332572576734914,1.2550026377574974,1.6969074384790905,1.2151872072722418,0.6072715263150811,0.19735886716692239,1.7297693501765716,0.7552490601768959,0.40339090423100293,0.6772710886507874,1.0899131072584582,0.668639761858375,0.5226619083011763,0.7931157259574493,0.4172487382474615,1.1997685731080765,0.5949583690489995,0.13966966622042185,0.7797724299513259,0.6274596953146744,0.6533960980380435,1.0835673403795045,0.5090085838577612,0.19735886716692239,1.347337770791458,1.230430731275572,1.3129017812567079,0.9641682027790607,0.5472987424404099,0.08708527253538559,0.19735886716692239,0.8099692023351939,0.8922429075902019,0.5375610172314889,0.7764618865927264,1.0365262109049935,0.7737265296546841,0.7465785826647967,0.6847828122949234,1.3966548577521627,1.0407463779588886,0.9146337516122971,0.0411623174927162,1.0475062440178076],"transport.delay_factor.roads.max":[1.1346573679384853,1.0585936752628868,2.144185159938334,1.0540901475570426,1.9224544194482827,1.7019695510667008,7.217615327153076,1.7887668915287689,1.0169400123115946,1.0150890770048704,1.0262604410341625,1.4996339062363995,1.0065696956340062,1.1368454181671626,1.1346573679384853,1.5780882054758774,1.0169400123115946,1.1716594083085985,1.4876081395222702,4.547136638530365,5.695400695397693,1.2411611258678794,1.2366200151831408,1.000974884994518,1.2080817225902496,1.581597945151272,2.224493094399951,2.9015551438268234,2.141776562368254,10.356292683768183,1.0896477996317318,1.0837703648087358,1.435657305992215,1.2695582057009585,1.1278477540092078,1.3382482237852078,4.0844205527195125,5.928006751824168,1.2212814860200938,1.324901813564493,1.5118652806542916,2.1596521774766426,2.5897536830264576,2.0555869446306603,2.587663748128924,1.8766341232312416,2.0555869446306603,2.587663748128924,6.306553995918054,2.3955735494055177,1.0870385500770856,1.000974884994518,6.729711620601401,1.2082287768444422,1.0169400123115946,1.1346573679384853,1.9031241915774784,1.1279230396794437,1.0477598960782504,1.2532364511674658,1.0193984150774438,2.326080537605224,1.08019112122905,null,1.2366200151831408,1.0992026585569077,1.1166503699477501,1.8822742420971026,1.0429615952418338,1.000974884994518,3.1090047312148146,2.4669275065500105,2.9015551438268234,1.5530841250558804,1.0574219286159445,null,1.000974884994518,1.2754571169066409,1.405613491245328,1.0534363477000936,1.2326272277767865,1.7387561830060494,1.2293664680525007,1.1988300776355296,1.14073152017273,3.4352096661240945,1.7508611019149674,1.4478874240162134,null,1.770559990602007],"transport.cargo_vehicle_flow.roads.total":[358.4446167657256,2560.0229162561845,7631.917467456942,1756.8437324927966,5334.466659444667,6002.195242045605,84043.0446562836,5368.4073871805,166.27401101581356,559.9255940250563,168.57085494104993,4419.942787678088,null,481.1751177743805,1066.1207760984823,1510.1519951036928,134.05663965591987,2228.171679096188,4077.3082514975704,3886.7899504301536,5221.51206854535,8649.772268266826,3408.2226828195608,null,0.0024920145806979228,4977.310271074579,2911.654521702189,141.07199831976033,4425.877659477983,19564.128554180734,207.78663234893793,4376.646685201546,8204.568834027119,53.325189398621944,2554.680373566447,411.12790609258144,10901.808699295958,6203.771834692106,2070.509608077202,857.4564631493721,73.68659413923108,6102.771559216029,8768.849858632297,5490.758059465748,16663.132770637007,3263.5376998902,301.4179498704366,18954.647869735534,351.5573948109545,17418.86064729375,77.05332122446788,null,314.69501825171164,null,212.93447718456827,1084.5469244958713,524.06685892798,496.2360784724642,674.2834197641997,477.28310577109283,592.3888335962831,510.8894352701174,5830.761439905719,null,3887.1742932704788,4088.3922966479427,2450.1267776791956,2269.0420682724202,768.6912981900574,null,31866.157583101573,48.657612037679556,436.3043198315192,834.1434209415081,894.0207496811184,null,null,301.04756651562616,2195.6765324019852,402.80848121313556,null,805.616962426271,2759.7554503311335,274.0852707283876,4582.337391007384,5530.399984879724,null,788.4310193938913,null,1003.3663857065937],