{"municipalities_area_set":{"area_entities":{"id":[1,2,3,4,5,6,7,8,10,15,17,18,19,20,21,22,24,25,26,27,29,30,31,32,33,34,36,40,41,44,45,51,54,55,56,57,58,59,61,62,63,65,66,69,70,71,75,76,80,82,85,86,88,89,90,91,92,93,100,101,102,103,104,105,108,109,110,111,114,119,121,123,124,126,130,131,135,138,141,143,147,150,152,154,155,156,157,160,162,164],"transport.cargo_vehicle_flow.roads":[365.7425471514808,279.5794419386669,257.99376359987815,253.34286234416473,311.78793875132277,430.63690418504126,1404.2240944211896,290.0316470864544,57.8324179217825,57.8324179217825,65.16672705368859,365.7425471514808,null,69.71638067687628,365.7425471514808,138.65997990846748,57.8324179217825,290.0316470864544,375.50102766595927,313.18292375193676,290.0316470864544,364.42674903396846,492.3857524216536,null,0.013898850222420106,375.50102766595927,104.23317703032986,40.515239899746305,801.3573889890924,452.8672105645296,31.956650092130843,342.55894393305226,492.3857524216536,40.515239899746305,412.81115116798696,69.71638067687628,419.637343622754,324.6238061266255,311.78793875132277,430.63690418504126,40.515239899746305,365.7425471514808,283.4207962570925,430.63690418504126,253.90718399631817,181.1084583979015,149.92299732048102,361.5499339711403,31.956650092130843,1329.174061058216,76.44485189186294,null,31.956650092130843,null,57.8324179217825,365.7425471514808,313.18292375193676,65.16672705368859,65.16672705368859,65.16672705368859,57.8324179217825,69.71638067687628,492.3857524216536,null,492.3857524216536,342.55894393305226,227.99409088798103,181.1084583979015,74.60478345957337,null,1384.0946431806778,5.487724132283073,40.515239899746305,171.7829697170501,236.73807186007377,null,null,40.515239899746305,313.18292375193676,65.16672705368859,null,65.16672705368859,236.73807186007377,69.71638067687628,477.1629928242152,283.4207962570925,null,283.4207962570925,null,99.1821374310743],"transport.volume_to_capacity_ratio.roads.max":[0.6801798533843717,0.5540789533484481,1.1314855300526554,0.5402337979149625,1.0957459479709437,1.0253236094037224,1.7768740897668094,1.060103417345312,0.40672564342933276,0.3945269135464997,0.45357565337293776,0.9440404255954221,0.31901697047291244,0.6842921063112237,0.6801798533843717,0.9795784675388576,0.40672564342933276,0.7235801913329825,0.9407812070193529,1.5440764813105459,1.6533742018788142,0.7902889371670428,0.7840968968903758,0.19925049944921466,0.7476836697959373,0.9836102300274733,1.1890151717387192,1.3225615902433365,1.1273066427807392,1.9619602143304415,0.6154803782891155,0.6046980785076573,0.9154504528075904,0.8114359560803092,0.6722756642203362,0.8573689443321917,1.495845161443439,1.6708267593775354,0.7688399953080691,0.8462998752492646,0.9528695972523377,1.1640724424897912,1.327985266280893,1.1393255003324185,1.2665556691797781,1.082978565189413,1.1393255003324185,1.2665556691797781,1.7071933618587285,1.189115920766921,0.6120914840381135,0.19925049944921466,1.7372461892248539,0.7584998822304293,0.40672564342933276,0.6801798533843717,1.094872739269068,0.6740569450408572,0.5266792948715666,0.7981519113875087,0.4205784243601928,1.0964591514841704,0.5979428706056784,0.14061275185763855,0.7840968968903758,0.6309339935579508,0.6618740742478493,1.0795410503175986,0.5117255058624693,0.19925049944921466,1.350514594302098,1.2498738707372836,1.3225615902433365,0.9685954887612735,0.5507171511742551,0.08769429755158542,0.19925049944921466,0.8145813650100767,0.8981956961907378,0.5421940947422456,0.7806463340311682,1.0441851637577269,0.7791543585422871,0.7510027136503749,0.6884346569066652,1.4096601815186685,1.0454472859145998,0.9212228017821407,0.04159316051874281,1.0538275186477937],"transport.delay_factor.roads.max":[1.1369823191718529,1.0603207300799968,2.049001215630181,1.0545138653970132,1.922612782405723,1.7073328119321485,7.379793065769713,1.8083006201336782,1.0175167880604756,1.0154974959378618,1.0270829531931176,1.5083260214490983,1.006628803111971,1.1403285684370814,1.1369823191718529,1.5893006154908083,1.0175167880604756,1.1754392049523548,1.5013424828676132,4.6379372701031345,5.78260596992208,1.2496454091907812,1.2419128368977606,1.0010126469935765,1.2000099287691939,1.5990624824630963,2.2791738095116076,2.958139360159724,2.033589856419823,10.48289101008059,1.0918410461653218,1.0855725213321576,1.4494892910872557,1.277457817913109,1.1307282765897082,1.3458206857600827,4.204251069228012,5.987761316107083,1.2236267970446535,1.3283046858570149,1.5276110169181785,2.175192939330187,2.9904579197065324,2.0783785615202897,2.646937455859517,1.8803582081555648,2.0783785615202897,2.6469374558595167,6.436392787100659,2.2796074184419086,1.0898349484610694,1.0010126469935765,6.829421317145833,1.2118371108960395,1.0175167880604756,1.1369823191718529,1.9196753460432112,1.1321193185321927,1.0492453190831368,1.2597300541387866,1.0200322083510291,1.9250171842316415,1.0818123263847341,1.0002556672893324,1.2419128368977606,1.101418149505681,1.1228234957793262,1.8692338278398841,1.0438862254632493,1.0010126469935765,3.129007056785789,2.5618694491315432,2.958139360159724,1.5633129585403984,1.0588700469652528,null,1.0010126469935765,1.2817849905446579,1.4165468484775028,1.0553094203142634,1.2376825358191073,1.7608342365751346,1.2358706977083078,1.2035851044176005,1.1437576203308748,3.52718889090601,1.7645194380727491,1.460933942064233,null,1.7893291007364525],"transport.cargo_vehicle_flow.roads.total":[356.7420146336115,2555.2184545639047,7605.557506790041,1746.1745137343341,5302.492896072172,5950.647963365791,83560.74233009074,5333.68394886344,165.03344198601113,555.754014472928,167.29398027900987,4397.325063308648,null,472.98223890002174,1061.2255113829654,1500.1183323691787,133.06146142208442,2214.0929881197135,4032.9807634971203,3868.36885383281,5244.195378367588,8610.226454020081,3401.031079108792,null,0.006949425111210053,4927.1563529886425,2868.722117105067,140.33602504741864,4263.740195132842,19343.46424200222,208.0723568797562,4361.835362562403,8185.98037650754,53.04211013186612,2545.906081310196,403.2658582231454,11054.355477998426,6307.352645359951,2058.779911525604,850.092566195113,73.29973008173927,6073.614781289266,8746.875490461724,5442.991209560623,16267.403324500474,3219.6203357594704,299.84599464096203,18730.027401100793,352.2314135752508,17163.397541635546,76.44485189186294,null,315.163176471494,null,211.34627652542176,1079.2265764187039,521.5776870142979,492.4798738763443,669.1759211160394,473.67573995497366,587.960496046778,487.72677570334207,5817.2924714752135,null,3878.194980983475,4076.969689074991,2535.634825560804,2392.1683002424197,763.2263557749405,null,31449.287953296585,53.66668806256305,434.02405024160686,830.7865570372466,890.26567024487,null,null,299.462355443017,2183.695392362282,399.75468761170833,null,799.5093752234168,2748.3671956667304,268.84390548209694,4567.445622368431,5506.786677920443,null,783.9057948045917,null,1015.6996324153433],