{"municipalities_area_set":{"area_entities":{"id":[1,2,3,4,5,6,7,8,10,15,17,18,19,20,21,22,24,25,26,27,29,30,31,32,33,34,36,40,41,44,45,51,54,55,56,57,58,59,61,62,63,65,66,69,70,71,75,76,80,82,85,86,88,89,90,91,92,93,100,101,102,103,104,105,108,109,110,111,114,119,121,123,124,126,130,131,135,138,141,143,147,150,152,154,155,156,157,160,162,164],"transport.cargo_vehicle_flow.roads":[365.75339070218166,278.3324706308799,256.60880154506594,253.3428623441648,310.58581279595603,432.29839638811256,1407.8621453277935,290.0320312770333,57.818621488878506,57.818621488878506,65.1805234865926,365.75339070218166,null,69.72763529675687,365.75339070218166,138.64618347556348,57.818621488878506,290.0320312770333,377.19514422515056,313.19704647099485,290.0320312770333,364.38774854432245,491.1387811138667,null,0.004661123415076585,377.19514422515056,105.84138529328362,40.5152398997463,758.5606708644605,452.86721056452956,31.944144889518974,342.6104496253102,491.1387811138667,40.5152398997463,411.5636125662059,69.72763529675687,427.84500880769053,325.4435874270306,310.58581279595603,432.29839638811256,40.5152398997463,365.75339070218166,283.4449877723532,432.29839638811256,253.90718399631817,180.23005293552825,149.890372964361,361.54144092506823,31.944144889518974,1338.5338502448985,76.47561903219844,null,31.944144889518974,null,57.818621488878506,365.75339070218166,313.19704647099485,65.1805234865926,65.1805234865926,65.1805234865926,57.818621488878506,69.72763529675687,491.1387811138667,null,491.1387811138667,342.6104496253102,227.11564143045487,180.23005293552825,74.60478345957337,null,1382.8478864136753,3.7912599722009555,40.5152398997463,171.77866990371336,236.72442632845392,null,null,40.5152398997463,313.19704647099485,65.1805234865926,null,65.1805234865926,236.72442632845392,69.72763529675687,475.4791680583322,283.4449877723532,null,283.4449877723532,null,97.91883332322189],"transport.volume_to_capacity_ratio.roads.max":[0.6801785425988124,0.5535022569828547,1.1070282716896127,0.5402187295480173,1.0941454365842456,1.0269293917910267,1.777034263291024,1.0596091247337576,0.40674826760866123,0.3945787445499209,0.4535699114153064,0.9439800413579135,0.3233362611583078,0.6841340521932915,0.6801785425988124,0.9796815551563789,0.40674826760866123,0.7227701330516365,0.9408275125906609,1.5438917879001652,1.64589225154289,0.7893073973833168,0.7834446050528201,0.1992433622289784,0.7463171841478983,0.9833971329689996,1.1852972044846337,1.3214353423569405,1.1005673663316258,1.9623733492558193,0.6156115278677078,0.604892173040982,0.9143508824629674,0.8116548978683467,0.6716048525175207,0.8575382729092164,1.491902569192215,1.6710563185562533,0.7659329233323795,0.8472136571401041,0.9532130725864802,1.1640708301079628,1.2825875486608311,1.1383551881069505,1.262376846669364,1.0888838900792868,1.1383551881069505,1.262376846669364,1.7076504086315578,1.2058322957924785,0.6119958746827989,0.1992433622289784,1.7388661521894495,0.7595540990099383,0.40674826760866123,0.6801785425988124,1.0945330008197645,0.6737469501695585,0.5266410278866577,0.7975624341316889,0.42060733733901867,1.016761163875027,0.5973374802830793,0.14086448509964214,0.7834446050528201,0.6311250080835313,0.6578701101526013,1.0866254482690876,0.5118065754375032,0.1992433622289784,1.3502183494667217,1.2407455044192426,1.3214353423569405,0.9682233483409259,0.5506698644221667,0.08754938953993323,0.1992433622289784,0.8166132589252958,0.8972208641347175,0.5422356384738494,0.7809791973737253,1.0435225621893638,0.779137259148052,0.75097355867735,0.6877714401438599,1.4092290351456473,1.0461005532167393,0.9213398243775859,0.041619395681871736,1.0531118451556156],"transport.delay_factor.roads.max":[1.1369904522310497,1.0600699898331822,1.9612023474003015,1.0545077835815944,1.917234090064632,1.7117743115868453,7.382093762540806,1.80679413437919,1.0175074524986858,1.0155136761277264,1.027090526295624,1.5081959764490271,1.0069951595156321,1.140198963990512,1.1369904522310497,1.5895487188894546,1.0175074524986858,1.1746548965407817,1.5014411951460678,4.63619698714375,5.696621660725756,1.248407478286601,1.2411088496850644,1.0010123779185236,1.1985517594588828,1.5985435087088462,2.2632491493699263,2.9514779390802994,1.9389587175554235,10.4908808787011,1.0919193509520102,1.0856824416884274,1.447333607703706,1.2777573939963234,1.1302072826276408,1.3460939621586316,4.170602672632378,5.9905030064121565,1.2202636976477512,1.3297249158033773,1.5283721677833855,2.175185538150876,2.7319208951573843,2.0747096260005398,2.625309433449991,1.8997176993205156,2.0747096260005398,2.625309433449991,6.442216811036786,2.3530929135163734,1.089787708266597,1.0010123779185236,6.851195234454678,1.2130172732516609,1.0175074524986858,1.1369904522310497,1.9185343780909503,1.131876442515543,1.0492310085565577,1.2589636064149432,1.020030295303407,1.6839994812228447,1.0814815039872014,null,1.2411088496850644,1.1015410221935775,1.1198783050763583,1.8922765125185632,1.043914042589163,1.0010123779185236,3.127139620912238,2.5167388645769915,2.9514779390802994,1.5624477439407158,1.0588549659646882,null,1.0010123779185236,1.2846070686298967,1.4147414395392597,1.0553195401443176,1.2380881813264049,1.7589048840988806,1.2358499926285742,1.2035534924274387,1.1432044536586257,3.5240985332085404,1.766432127024148,1.4611681957752924,null,1.7871870928206866],"transport.cargo_vehicle_flow.roads.total":[356.747436408962,2546.8840820532478,7254.095217997454,1746.1745137343341,5294.482047530977,5982.528928059299,83333.47835343653,5333.669762490308,165.0127473366551,555.671235875504,167.31467492836592,4398.995903651251,null,477.8330890855444,1061.2450172245883,1500.076943070467,133.03386855627642,2214.0718120527135,4060.3355720313275,3855.6256596596936,5184.575532728223,8590.818566956017,3390.9925312528053,null,0.0023305617075382924,4954.507972530193,2891.9813628913016,140.33602504741862,4199.977105015303,19373.093804805198,213.87498730089942,4361.884754751324,8149.585420440967,53.04211013186611,2540.089704831893,408.1054537887875,10939.380462870678,6489.617828464117,2054.1734242773227,854.6469897227569,73.29973008173926,6073.712373245574,8708.431503560927,5473.275481466943,16327.160559788299,3261.5620416439597,299.780745928722,18947.031196901833,363.8616848227608,16735.030678975127,76.47561903219844,null,324.18949045993884,null,211.31868365961378,1079.2482635201056,519.9473491613992,492.5350596079604,669.2586997134637,473.7171292536858,587.9053103151621,494.74252327049396,5799.707695033193,null,3866.471796688795,4082.973996827518,2469.609528381461,2352.625862010761,763.1573736104204,null,31351.564826286805,48.62970773048205,434.0240502416068,830.8076739513026,886.946459148059,null,null,299.4623554430169,2178.944568973644,399.80987334332445,null,799.619746686649,2738.4216648318356,272.0703025258583,4554.03370180869,5496.779154047923,null,783.9626519199835,null,996.5224015729616],