{"municipalities_area_set":{"area_entities":{"id":[1,2,3,4,5,6,7,8,10,15,17,18,19,20,21,22,24,25,26,27,29,30,31,32,33,34,36,40,41,44,45,51,54,55,56,57,58,59,61,62,63,65,66,69,70,71,75,76,80,82,85,86,88,89,90,91,92,93,100,101,102,103,104,105,108,109,110,111,114,119,121,123,124,126,130,131,135,138,141,143,147,150,152,154,155,156,157,160,162,164],"transport.cargo_vehicle_flow.roads":[363.90404270349404,276.40047963582145,252.4865110684766,251.65705702453798,309.45354415942836,432.3513255743819,1408.2868260127786,288.18939698834635,57.39555367184926,57.39555367184926,64.69475704351933,363.90404270349404,null,69.41751743012259,363.90404270349404,137.7553094661575,57.39555367184926,288.18939698834635,377.52534975261284,311.1856448268954,288.18939698834635,363.10672493547133,488.5270187096778,null,0.0021282499679177547,377.52534975261284,105.56746690914781,40.312156847209714,761.7450122090702,450.0298352975233,31.877864291628978,340.9785185022584,488.5270187096778,40.312156847209714,408.93454988003674,69.41751743012259,420.89397165328364,313.8539956078069,309.45354415942836,432.3513255743819,40.312156847209714,363.90404270349404,281.8852790030709,432.3513255743819,252.27133471621693,178.92076310552773,149.0825021668374,359.36135118022656,31.877864291628978,1306.5278320918253,75.91887706262615,null,31.877864291628978,null,57.39555367184926,363.90404270349404,311.1856448268954,64.69475704351933,64.69475704351933,64.69475704351933,57.39555367184926,69.41751743012259,488.5270187096778,null,488.5270187096778,340.9785185022584,225.57965665914116,178.92076310552773,74.08143465215298,null,1377.5359961200056,5.062455228514984,40.312156847209714,170.61284800687045,235.26485259948507,null,null,40.312156847209714,311.1856448268954,64.69475704351933,null,64.69475704351933,235.26485259948507,69.41751743012259,471.3361343961823,281.8852790030709,null,281.8852790030709,null,97.0232405264899],"transport.volume_to_capacity_ratio.roads.max":[0.6830537301819286,0.5562362799769128,1.1177317567924754,0.5402081464291468,1.1022754263750763,1.0304513092283096,1.767217506406301,1.0653899125148176,0.4099950992534661,0.39705864754924325,0.45696256601868374,0.9480603062300295,0.3214395372094102,0.6891415358415938,0.6830537301819286,0.9836679430806369,0.4099950992534661,0.7269556501302079,0.9466203544053126,1.5529805916401935,1.654554840690003,0.7934393868870218,0.786515145548848,0.20109872393712688,0.7495240207465126,0.9931557329083224,1.1994400506753915,1.3307768696999973,1.151217495299085,1.9695579451046776,0.6165138170438489,0.6080316277363791,0.9190226872571156,0.8159848036376854,0.6740984653681951,0.8627419391776089,1.4818489433549016,1.6693531827440677,0.7726281499060832,0.8503034489753878,0.958252811088998,1.1678667939004534,1.2639741182480566,1.144989615551388,1.2681240045488014,1.0931221628474763,1.144989615551388,1.2681240045488014,1.7096394513834072,1.1815850775513561,0.6179223013132419,0.20109872393712688,1.737680671097034,0.7628078678143345,0.4099950992534661,0.6830537301819286,1.0994321708723211,0.6786085503392882,0.5304665281573189,0.8015083973729431,0.42382983053353274,1.176468772965465,0.599134584649529,0.14186628123844497,0.786515145548848,0.6345411303186977,0.6647476377276951,1.094472601563078,0.5141856034660449,0.20109872393712688,1.3528972558693393,1.2578094630607712,1.3307768696999973,0.9728699543282527,0.5538868678811627,0.08814640120775726,0.20109872393712688,0.8206404850613409,0.9033875102053393,0.5468241114333345,0.785056920764947,1.0499933972236852,0.7834482564997984,0.756017691186363,0.690193678118025,1.420254818499423,1.0498716276368891,0.9277406111410267,0.04203847644788315,1.0581124144479706],"transport.delay_factor.roads.max":[1.1393072389278087,1.0612656748308678,1.998919140450118,1.0545035123827617,1.944801287045198,1.7215889523200332,7.242233274177198,1.8245448730951552,1.0180824601899077,1.0159073783192916,1.0278982353246802,1.5170396262134227,1.0068324608287094,1.1443489668144189,1.1393072389278087,1.5992030941276258,1.0180824601899077,1.1787358374392727,1.5139055737780303,4.722580402450117,5.796281231572957,1.2536500751981592,1.2449110240061299,1.0010507860099853,1.2019864315607207,1.6226577378103109,2.3246286966011667,3.007247608041446,2.1241117778976033,10.630637223253386,1.0924594341072897,1.087475141870331,1.456546381010684,1.2837319594137628,1.1321518745010488,1.3545713288525973,4.085998518421459,5.9701888635128775,1.2280668071532292,1.334561325872258,1.5396353381464842,2.190577140520836,2.6335510037209504,2.0999834867895544,2.6551100198115725,1.9138076143336824,2.0999834867895544,2.6551100198115725,6.4676171608065065,2.2474983049903265,1.0933072633765093,1.0010507860099853,6.835255212712135,1.2166908780154064,1.0180824601899077,1.139307238927809,1.9350906993663832,1.135724197812594,1.0506739777384568,1.2641266853221647,1.0206511113891743,2.2260313932677898,1.0824718021477522,null,1.2449110240061299,1.1037574011994349,1.1249769811644377,1.9183316461437072,1.0447362549899333,1.0010507860099853,3.1440713692332767,2.6019147680642636,3.0072476080414465,1.5733227009331854,1.0602371267473316,null,1.0010507860099853,1.2902630321454236,1.426261689233054,1.0572229967136497,1.2430997767934762,1.7779044327249056,1.2411133447180505,1.2090777449513925,1.1452325230042129,3.6040244612347236,1.7775436356962446,1.4741177838009103,null,1.8022453589134209],"transport.cargo_vehicle_flow.roads.total":[355.0919883406827,2528.775806530872,7013.6824133941045,1735.7492293574026,5254.603152908037,5972.240713687264,83235.8838953253,5299.712168144468,163.79970319977667,551.5903158764363,166.07216909385036,4379.167069269861,null,476.3911516473014,1056.4553073187585,1490.2711686717373,132.05919016414356,2200.2873473757113,4057.485817640693,3828.0615453538003,5206.25429775329,8572.950339389463,3368.1164056098514,null,0.0010641249839588773,4945.973678478215,2881.532252293599,139.61599034846603,4060.77201256226,19325.683690816033,209.0385706549926,4345.897171896728,8075.907585965561,52.765170051767626,2522.0253784392057,406.9742066809086,10938.034007753577,6232.098661041589,2038.1358216662752,853.1772448124664,72.92124847537248,6045.375856154417,8627.70426670489,5463.393240874816,15821.777303735289,3240.8607562991206,298.1650043336748,18785.378077957357,354.3214127267272,16781.780462433155,75.91887706262615,null,316.6895834601935,null,209.76556285614635,1074.0880193848593,516.32889911662,488.87913993598187,664.2886763754015,470.2044052448435,583.5779125065208,509.80069301308725,5759.17891863516,null,3839.45261242344,4084.1105658058423,2604.402585101588,2529.2375050595056,757.8157527882574,null,31342.247996924096,52.6169502512101,431.79317045554535,825.687226711568,880.812498528166,null,null,297.91150050376893,2163.840972873195,396.8390952312201,null,793.6781904624402,2719.577434997755,271.3161377872724,4518.859211271403,5458.122616691022,null,779.6176889360706,null,979.0783947714219],