{"municipalities_area_set":{"area_entities":{"id":[1,2,3,4,5,6,7,8,10,15,17,18,19,20,21,22,24,25,26,27,29,30,31,32,33,34,36,40,41,44,45,51,54,55,56,57,58,59,61,62,63,65,66,69,70,71,75,76,80,82,85,86,88,89,90,91,92,93,100,101,102,103,104,105,108,109,110,111,114,119,121,123,124,126,130,131,135,138,141,143,147,150,152,154,155,156,157,160,162,164],"transport.cargo_vehicle_flow.roads":[363.8977355004325,277.4429558398689,254.42527750751697,251.65705702453795,309.2308025169848,429.1739063330856,1403.0600296036478,288.18974832181345,57.39769914295038,57.39769914295038,64.69261157241822,363.8977355004325,null,69.41225240779693,363.8977355004325,137.75745493725861,57.39769914295038,288.18974832181345,374.33435947763786,311.17833742967827,288.18974832181345,363.0542163115926,489.56949491372535,null,0.005979669394238169,374.33435947763786,105.55226129501071,40.31215684720971,784.076411565512,450.0298352975231,31.883088085516675,341.02580333224944,489.56949491372535,40.31215684720971,409.977262143623,69.41225240779693,399.9139042974076,319.07866200104866,309.2308025169848,429.1739063330856,40.31215684720971,363.8977355004325,281.8751539332266,429.1739063330856,252.2713347162169,178.65378810381355,149.09607320051595,359.3657838086121,31.883088085516675,1320.4682495734437,75.9060823341394,null,31.883088085516675,null,57.39769914295038,363.8977355004325,311.17833742967827,64.69261157241822,64.69261157241822,64.69261157241822,57.39769914295038,69.41225240779693,489.56949491372535,null,489.56949491372535,341.02580333224944,225.30878064976204,178.65378810381355,74.08143465215295,null,1378.5783835051545,4.862452251400119,40.31215684720971,170.61509405348676,235.27074322138233,null,null,40.31215684720971,311.17833742967827,64.69261157241822,null,64.69261157241822,235.27074322138233,69.41225240779693,474.5228321991286,281.8751539332266,null,281.8751539332266,null,98.07252512392066],"transport.volume_to_capacity_ratio.roads.max":[0.6831731333281779,0.5562402670704452,1.1282802275965618,0.5395071675068517,1.100377660828693,1.030820460743713,1.775870343487544,1.0656958941302215,0.40995642913740593,0.3971154496579772,0.4569699468544366,0.948040939392683,0.3260250195225347,0.6877762876883825,0.6831731333281779,0.984021026815156,0.40995642913740593,0.7275793210999416,0.945827062502468,1.5531783211021446,1.6680283512242908,0.794363521336301,0.7871427330475083,0.20110206171138975,0.7498644155899055,0.9915273408729842,1.1950184904266075,1.331311498728411,1.1380917360414835,1.9686483405964927,0.6179776279445971,0.6085711970541502,0.9190568428028333,0.8168129602820885,0.6760173198918248,0.8613965424081043,1.4911664527129846,1.667250021556618,0.771433510330533,0.8503139387840349,0.9593010586489602,1.1680648130970572,1.2362740107245886,1.1449037814992722,1.268560108336625,1.0869065128874462,1.1449037814992722,1.268560108336625,1.7139383608026466,1.1917846763545679,0.6170842817485305,0.20110206171138975,1.7427543220859911,0.7640379990908757,0.40995642913740593,0.6831731333281779,1.09926019441726,0.6786882431154158,0.5304910354545371,0.8018933464708788,0.4237960206879436,1.0713446786711882,0.5995778719605991,0.14181539895734574,0.7871427330475083,0.6350799358761526,0.6674415635915447,1.0914165177714281,0.5143139553912583,0.20110206171138975,1.3541687552489168,1.2507989401011663,1.331311498728411,0.9727657230392077,0.5539446547076453,0.08792133889374527,0.20110206171138975,0.8228091470279837,0.902683948846732,0.5467294095758424,0.7855566037723176,1.0502863838803447,0.7834486250535538,0.7546565697438986,0.6920737253772035,1.4152549909131327,1.0496604722592786,0.9278189355122312,0.04202320812092574,1.0578772068699245],"transport.delay_factor.roads.max":[1.139412941087021,1.061267431455605,2.0371650743932648,1.0542211655605203,1.9383114892583047,1.7226235235906782,7.365389637826183,1.8254925234515256,1.0180725862383821,1.015922624442154,1.0278972178870338,1.5169973794683502,1.0072307557621039,1.1432084910307154,1.139412941087021,1.6000638838186085,1.0180725862383821,1.1793499925774533,1.5121850743225957,4.724476638403701,5.954429877330499,1.2548338662817828,1.2456936518458523,1.001050948532268,1.2023536085398783,1.6185840969533611,2.3052042358128677,3.0104751354204358,2.0737150815939764,10.612858605659008,1.0933406855069363,1.087786058370985,1.456614255113607,1.2848855714311047,1.1336630188478756,1.3523647621584765,4.164349701100838,5.945189071416004,1.2266595254079755,1.3345778355041371,1.5420004772500486,2.1913729618248237,2.494992217783074,2.0996536831918835,2.657387942691737,1.8932000494261993,2.0996536831918835,2.657387942691737,6.522818494003966,2.291133537929333,1.0928021229182303,1.001050948532268,6.903704994822841,1.218092036672309,1.0180725862383821,1.139412941087021,1.934505757941447,1.135787964433699,1.0506864845882355,1.2646344709029953,1.0206476261467001,1.8431344628240032,1.082710826296549,null,1.2456936518458523,1.1041102628673445,1.12700855234224,1.9081175375778479,1.0447809402923645,1.001050948532268,3.1521430274666837,2.5664985319697005,3.0104751354204358,1.573056007904285,1.060262268756464,null,1.001050948532268,1.2933434653286116,1.4249353432941967,1.0571833662996941,1.2437192928994625,1.7787730516420006,1.241113798421486,1.2075761261556395,1.1468214200151399,3.5675490817254287,1.776918290690158,1.4742779133879291,null,1.8015322729409604],"transport.cargo_vehicle_flow.roads.total":[355.0888347391518,2539.313775250243,7419.16228947038,1735.749229357402,5254.731979912947,5942.624450220399,82825.19994291203,5299.71320352156,163.80292140642837,551.6031887030431,166.0689508871987,4379.088994617212,null,476.33459021764804,1056.4576034561749,1490.2848561252483,132.06348110634582,2200.3120757499782,4031.974100429825,3828.5099566668205,5218.249469647473,8578.27474090157,3381.8465022831606,null,0.0029898346971190845,4920.454506844157,2881.33667796287,139.61599034846597,4442.021438696633,19268.092904855952,207.21136665562483,4356.9524054956655,8131.091984708412,52.76517005176762,2530.5345151020365,406.9223378098511,10632.611002347778,6190.892134906942,2038.0888643475078,848.9463500314855,72.92124847537247,6045.319091326862,8684.770637092099,5436.946963450803,15983.502959784038,3253.918143305543,298.1921464010319,18681.592879948137,350.6565571402162,16781.433612904613,75.9060823341394,null,313.84726612784357,null,209.7698537983486,1074.0754049787363,516.3317776689623,488.87055805157735,664.2758035487948,470.19796883154004,583.5864943909253,504.7461454374209,5784.553962677124,null,3856.3693084514157,4045.775595514082,2558.9344353350975,2486.481900184606,757.8264801437631,null,31283.42413356809,52.52640425194138,431.79317045554524,825.7151945374285,880.8492180853492,null,null,297.9115005037688,2163.7954968337563,396.8305133468156,null,793.6610266936311,2719.6891536165463,271.28155853990074,4538.965095482788,5472.782088092311,null,779.5932339787921,null,1000.384806976648],