{"municipalities_area_set":{"area_entities":{"id":[1,2,3,4,5,6,7,8,10,15,17,18,19,20,21,22,24,25,26,27,29,30,31,32,33,34,36,40,41,44,45,51,54,55,56,57,58,59,61,62,63,65,66,69,70,71,75,76,80,82,85,86,88,89,90,91,92,93,100,101,102,103,104,105,108,109,110,111,114,119,121,123,124,126,130,131,135,138,141,143,147,150,152,154,155,156,157,160,162,164],"transport.cargo_vehicle_flow.roads":[362.0833591866957,277.6209805519668,252.42645919449203,250.00924269257368,307.9834236957808,425.176296795158,1380.1457183460032,286.38770027968303,56.97592115901293,56.97592115901293,64.22722845078756,362.0833591866957,null,69.1099804277896,362.0833591866957,136.8774894106937,56.97592115901293,286.38770027968303,370.6188633661473,309.21170603483677,286.38770027968303,361.658078586995,486.6530286789786,null,0.0007099475838660564,370.6188633661473,105.0400142878905,40.112929395884585,810.5904172843416,447.25407985954433,31.81199424467234,339.55562725098554,486.6530286789786,40.112929395884585,407.05092514309365,69.1099804277896,395.1318867395618,335.398865547397,307.9834236957808,425.176296795158,40.112929395884585,362.0833591866957,280.35130300984315,425.176296795158,250.67164224121538,177.8892101985048,148.2940019436851,357.2315613029104,31.81199424467234,1316.965384414069,75.37185648324088,null,31.81199424467234,null,56.97592115901293,362.0833591866957,309.21170603483677,64.22722845078756,64.22722845078756,64.22722845078756,56.97592115901293,69.1099804277896,486.6530286789786,null,486.6530286789786,339.55562725098554,224.3166161366471,177.8892101985048,73.57056624966066,null,1372.980058111238,4.045915138993314,40.112929395884585,169.47569667274183,233.83984955159596,null,null,40.112929395884585,309.21170603483677,64.22722845078756,null,64.22722845078756,233.83984955159596,69.1099804277896,474.49002621879254,280.35130300984315,null,280.35130300984315,null,96.84044304495491],"transport.volume_to_capacity_ratio.roads.max":[0.6858675563353398,0.5588001379252404,1.1590890124254758,0.5434378481188106,1.1048483499518782,1.035498347040204,1.7995675060015095,1.0712111021075208,0.41319469136683507,0.39979264897876743,0.46026217369187816,0.9519650158608478,0.32122104439163507,0.6934835582964093,0.6858675563353398,0.9894480935793419,0.41319469136683507,0.732555734703006,0.9516204351595448,1.5624646624854441,1.6754485302855582,0.7980585446445164,0.7900417612215512,0.20294998050460067,0.7596192244211007,1.0007465303045324,1.2117703390790682,1.339367923194661,1.1240186512838348,1.9743051789964903,0.6232801929685955,0.6118223788766946,0.9234075212326925,0.8215648028215805,0.6800320378800345,0.8674590657457684,1.507902533490759,1.6870783934757883,0.77374472025878,0.8545235263175863,0.9650524004764377,1.1715384020139241,1.284649424001488,1.1510429101939232,1.2720158826232746,1.0965693674811405,1.1510429101939232,1.2720158826232746,1.7293761252122701,1.2128785986227468,0.62274308163345,0.20294998050460067,1.7497933109953512,0.7662197515741193,0.41319469136683507,0.6858675563353398,1.1055832044919658,0.6834828596932143,0.5341560549091949,0.8063564092806164,0.42704177739976523,1.1538956627414874,0.601157414760157,0.1428412340020726,0.7900417612215512,0.6385893800380478,0.6691217231896284,1.1126624594516539,0.5171253937489714,0.20294998050460067,1.3573064531691497,1.2575856710061484,1.339367923194661,0.9770239519250963,0.5572903133001926,0.0887634298790638,0.20294998050460067,0.8256424137597262,0.908732936730192,0.5510940068379957,0.7897807245392225,1.0569517690775057,0.78759710162978,0.7604651807671928,0.6959755191572286,1.4272277370722166,1.0560239437493506,0.934087159987372,0.04245657718045871,1.0631743446118094],"transport.delay_factor.roads.max":[1.141615855602199,1.06240307526489,2.155173266762004,1.0558186722174812,1.95365361556763,1.7358302095706022,7.712009226043752,1.8427140493183016,1.0186405637977332,1.0163500540153412,1.0287211027539622,1.5256103741523601,1.006813902785471,1.1480214484368725,1.141615855602199,1.6134116758892803,1.0186405637977332,1.1843073539126234,1.5248497710829492,4.814352184416176,6.043178470384535,1.2596085439647307,1.2493332327516549,1.001089492947282,1.213090340446453,1.641913258705665,2.3799433109504298,3.059584187397419,2.021583911608503,10.723824525409611,1.096585799076532,1.0896770693804423,1.465322019605136,1.2915729792292576,1.1368665969834144,1.3623897743927267,4.3088193552553395,6.184668908260026,1.2293880387837328,1.3412526793960422,1.5551157574229282,2.205607913087793,2.7430846563882807,2.1234300351867015,2.675521905450026,1.9253891709648712,2.1234300351867015,2.675521905450026,6.724503301963108,2.3849985086917815,1.0962546178308443,1.001089492947282,6.999664729207915,1.2205938223598234,1.0186405637977332,1.141615855602199,1.9561933167598367,1.1396659325152159,1.0521017843182638,1.270575296512917,1.0212884513680405,2.13460877409889,1.0835858583238478,null,1.2493332327516549,1.106430656533202,1.128292270796841,1.9809202854587977,1.0457681578203002,1.001089492947282,3.17215908789893,2.6007750083703463,3.059584187397419,1.5831775763052096,1.0617313750998254,null,1.001089492947282,1.2974047861121751,1.43644050617116,1.0590313514990162,1.249003868542655,1.7987312088307543,1.246261437936523,1.2140411667251094,1.150160542455704,3.655541440838533,1.7959302946558,1.487225021142559,null,1.8177073971836042],"transport.cargo_vehicle_flow.roads.total":[353.4617981063053,2528.2206699378567,7108.247005346046,1725.5431373730387,5232.886617718413,5905.158558996008,82853.63046774533,5266.51091657118,162.60560625243832,547.566792324528,164.86927406692718,4359.325455329785,null,474.1937730752023,1051.7638332385256,1480.6406419689704,131.0944477655634,2186.811815458652,4005.57014225707,3801.3481277459505,5134.77859912473,8545.335990572516,3370.082058860783,null,0.0003549737919330282,4888.492811522192,2867.5279099873524,138.909674946148,4586.27504256984,19157.291630167034,206.64645532035397,4335.3106660069825,8111.727599133856,52.493520568214066,2520.323653884782,405.0837926474127,10839.114859525836,6338.412965466699,2030.9165332615091,843.5940798565725,72.54998526615637,6017.472128887581,8657.97330772064,5403.970119482432,15968.691302052588,3226.3294737483493,296.5880038873702,18590.159922937928,349.6689221513633,17102.337511241676,75.37185648324088,null,312.9918331145622,null,208.23617227948233,1069.0069553993064,513.0033307934265,485.3370184389698,659.4770962677087,466.7954109153461,579.3270963105713,494.4150389168122,5766.858329386627,null,3844.5722195910844,4037.965025446472,2505.483457782161,2405.9434675383045,752.566452858194,null,31465.31854689993,40.96529748533737,429.60480865725617,820.7596876160633,875.2629486203715,null,null,296.39023665079014,2149.70912434808,393.9657765846419,null,787.9315531692839,2702.5082198170567,270.05586176494177,4523.246845511843,5447.8377170895055,null,775.3463898271066,null,999.5834903285804],