{"municipalities_area_set":{"area_entities":{"id":[1,2,3,4,5,6,7,8,10,15,17,18,19,20,21,22,24,25,26,27,29,30,31,32,33,34,36,40,41,44,45,51,54,55,56,57,58,59,61,62,63,65,66,69,70,71,75,76,80,82,85,86,88,89,90,91,92,93,100,101,102,103,104,105,108,109,110,111,114,119,121,123,124,126,130,131,135,138,141,143,147,150,152,154,155,156,157,160,162,164],"transport.cargo_vehicle_flow.roads":[362.0842285141776,274.8712540740277,251.39085656260505,250.0092426925737,306.5281248845938,431.1409643275461,1403.117227593028,286.3871870972207,56.97463997666244,56.97463997666244,64.22850963313802,362.0842285141776,null,69.11071636270398,362.0842285141776,136.8762082283432,56.97463997666244,286.3871870972207,376.58564384521094,309.21280539794304,286.3871870972207,361.6755298116575,486.32350703089816,null,0.00033232725238788874,376.58564384521094,105.04026479420018,40.11292939588459,774.4096039681101,447.2540798595443,31.811717198049323,339.5384530729459,486.32350703089816,40.11292939588459,406.72136717459506,69.11071636270398,411.27403536394513,312.4259725943521,306.5281248845938,431.1409643275461,40.11292939588459,362.0842285141776,280.3528801607291,431.1409643275461,250.67164224121535,177.89366895870793,148.2918889970096,357.2308887771434,31.811717198049323,1296.7863204344055,75.37385134509317,null,31.811717198049323,null,56.97463997666244,362.0842285141776,309.21280539794304,64.22850963313802,64.22850963313802,64.22850963313802,56.97463997666244,69.11071636270398,486.32350703089816,null,486.32350703089816,339.5384530729459,224.3207016019673,177.89366895870793,73.57056624966067,null,1372.6505516322575,4.234745471537256,40.11292939588459,169.4753556149396,233.83895405284989,null,null,40.11292939588459,309.21280539794304,64.22850963313802,null,64.22850963313802,233.83895405284989,69.11071636270398,468.5239182654956,280.3528801607291,null,280.3528801607291,null,96.50985700707187],"transport.volume_to_capacity_ratio.roads.max":[0.6858797799855156,0.5588169560290356,1.090657040648833,0.5417876407166273,1.1069159705003275,1.0350646252761049,1.781869300086487,1.0708255057519354,0.41317500438151644,0.3997065266083494,0.4602306702529562,0.9519533598886737,0.3237793778333264,0.6930767137884704,0.6858797799855156,0.9887852763823871,0.41317500438151644,0.732871100530801,0.9522200756246656,1.5623638643412887,1.6655798197951857,0.797270435284543,0.7896643393436461,0.20293633930703625,0.7534749478012663,1.0008225529182697,1.2101519929794395,1.3384178820016466,1.1423282426993966,1.9743222260984228,0.6210994398893293,0.6113345429425003,0.9234406595349511,0.8211280872921936,0.6771607281380461,0.8670644782961316,1.4958301983602618,1.674272981511985,0.7733989530617428,0.8540225822198543,0.9644999146461245,1.1715597373988236,1.3080202542311927,1.151053031970489,1.274189283748858,1.098061260077885,1.151053031970489,1.274189283748858,1.7229167387609696,1.2208674963522208,0.622776736425454,0.20293633930703625,1.7443909977559209,0.766388098293191,0.41317500438151644,0.6858797799855156,1.1051567067210457,0.6833396765394366,0.5340968144784032,0.8067248220782492,0.4270104424532278,1.1981513999842996,0.6009818740094964,0.1428720997083483,0.7896643393436461,0.6380971522152081,0.6668694477775279,1.103475481009692,0.5169488346920659,0.20293633930703625,1.35589106833741,1.253399481160767,1.3384178820016466,0.977049020603425,0.5571728698132717,0.0888411628642103,0.20293633930703625,0.8263573707039279,0.908514340540439,0.5511196052295191,0.7892333447480993,1.056976510124497,0.7875628475016367,0.7600784529313328,0.6931843939708607,1.4295454030038575,1.0544345648624547,0.9340150824230429,0.042458972439261417,1.062952353713036],"transport.delay_factor.roads.max":[1.141635452199028,1.0624105881390404,1.9055924706869654,1.055143756612098,1.9608123745505637,1.7345981646493749,7.451836537496659,1.8415013208315065,1.0186613835245237,1.016322559321838,1.0287248398781,1.5255846320829605,1.0070335845232483,1.1476743962932807,1.141635452199028,1.611769663742879,1.0186613835245237,1.1846249367697455,1.5261739072406777,4.813367989568908,5.925403051207048,1.2585845737287913,1.2488571242239956,1.001089299979756,1.2062791068500252,1.6420898008425442,2.372586286269595,3.053746780398146,2.089792039774272,10.724160370498913,1.095241126681443,1.089391395609997,1.4653888191988724,1.2909535127983092,1.1345696203616253,1.3617308526075855,4.204122861423875,6.029039532341645,1.2289782824017086,1.340453177698056,1.553845648895885,2.20569573884402,2.8734316359684255,2.123469551551183,2.687002658288905,1.9304354591090578,2.123469551551183,2.687002658288905,6.639454997748389,2.4218510398866964,1.0962741070499338,1.001089299979756,6.925913679541273,1.220787753601127,1.0186613835245237,1.141635452199028,1.9547186981328741,1.1395489345524372,1.0520786748266377,1.271070123552268,1.0212877132758689,2.318945262107224,1.0834882712463174,null,1.2488571242239956,1.1061028866606484,1.1265736365068844,1.948922457000945,1.0457056844213144,1.001089299979756,3.163112832004871,2.5795668704375125,3.053746780398146,1.5832374317620364,1.0616793544110774,null,1.001089299979756,1.2984362639645282,1.4360207136928178,1.0590423203204447,1.2483142692790903,1.7988059980153577,1.2462185991777832,1.213606103774527,1.1477661916852488,3.672832769385217,1.7911494116134765,1.4870746543255455,null,1.817024661541415],"transport.cargo_vehicle_flow.roads.total":[353.4622327700463,2514.972401179887,7413.44354248662,1725.5431373730387,5221.1835787204345,5949.222524836189,82950.00453111727,5266.504116255295,162.60368447891258,547.5591052304251,164.87119584045286,4359.331304798005,null,474.1962254998416,1051.7647025660074,1480.636798421919,131.09188540086242,2186.808277340262,4043.352554454488,3804.425965350528,5158.913314578345,8546.5449101291,3350.8657829200793,null,0.00016616362619394437,4926.276011594568,2867.5443267726005,138.90967494614802,4429.972319416505,19175.47926262508,206.33687008330085,4324.5831385397505,8024.884013819955,52.493520568214066,2507.7147732454923,405.0855091371376,10729.1589942459,6091.272253598826,2024.3373643569257,849.8889321194556,72.54998526615637,6017.479952834919,8570.499632177089,5442.0716369922,16145.348612416488,3174.5864241253403,296.5837779940192,18489.014554970767,349.0503057705031,16712.961461138522,75.37385134509317,null,312.51025607914625,null,208.2336099147813,1069.00869405427,513.003767074118,485.3421431683714,659.4847833618113,466.79925446239736,579.3219715811692,501.9317818960574,5729.084551778363,null,3819.389701185575,4041.5540256216286,2470.6593575287684,2329.9510936130423,752.5600469464414,null,31213.592107053682,52.670727365743176,429.60480865725617,820.7572731659789,875.2598314580496,null,null,296.39023665079014,2149.71951200067,393.9709013140437,null,787.9418026280875,2702.4989780728506,270.0570060914251,4492.098466549066,5425.819333099125,null,775.3500957575977,null,970.5809033544834],