{"municipalities_area_set":{"area_entities":{"id":[1,2,3,4,5,6,7,8,10,15,17,18,19,20,21,22,24,25,26,27,29,30,31,32,33,34,36,40,41,44,45,51,54,55,56,57,58,59,61,62,63,65,66,69,70,71,75,76,80,82,85,86,88,89,90,91,92,93,100,101,102,103,104,105,108,109,110,111,114,119,121,123,124,126,130,131,135,138,141,143,147,150,152,154,155,156,157,160,162,164],"transport.cargo_vehicle_flow.roads":[359.75395918281,274.1606667512827,251.46602199676082,248.39649822251013,305.30144429227414,426.9717327783442,1394.6724388691277,284.6355273803417,56.637425384123084,56.637425384123084,63.69903154109504,359.75395918281,null,68.77572922453813,359.75395918281,136.08932731070755,56.637425384123084,284.6355273803417,372.6002121614858,307.2331860801676,284.6355273803417,359.3801153257475,484.9398874947507,null,0.19884935118024524,372.6002121614858,104.53917586881026,39.916981760175005,789.1831859456713,444.5343064897079,31.780737565253624,338.95624538825973,484.9398874947507,39.916981760175005,405.3286400472179,68.77572922453813,408.49796595557467,314.3297148729956,305.30144429227414,426.9717327783442,39.916981760175005,359.75395918281,278.78953560640747,426.9717327783442,249.105052050528,177.1529717670043,147.59743842298494,355.16006548268075,31.780737565253624,1299.5075933315736,74.7530352680749,null,31.780737565253624,null,56.637425384123084,359.75395918281,307.2331860801676,63.69903154109504,63.69903154109504,63.69903154109504,56.637425384123084,68.77572922453813,484.9398874947507,null,484.9398874947507,338.95624538825973,223.38602586861114,177.1529717670043,73.12819920734663,null,1368.5737721642856,4.428168871711092,39.916981760175005,168.37726645503386,232.48015081209275,null,null,39.916981760175005,307.2331860801676,63.69903154109504,null,63.69903154109504,232.48015081209275,68.77572922453813,468.7856550052773,278.78953560640747,null,278.78953560640747,null,96.84337350485431],"transport.volume_to_capacity_ratio.roads.max":[0.6883368142552242,0.5611852721834849,1.139994906692939,0.543696508946605,1.1115633140017858,1.0388590431463964,1.7924390870696867,1.0771358722205686,0.41633417437319215,0.40231723805482383,0.46340253115159014,0.955413592430518,0.33983095436709876,0.692419264266285,0.6883368142552242,0.9930707854084249,0.41633417437319215,0.7348228388365821,0.957502036227263,1.5710701282332362,1.6773195810469386,0.8006671255568266,0.7926809078780723,0.20470706776770856,0.7580499211408422,1.0079423678062243,1.207654406218126,1.3484551067322987,1.1472135977361408,1.9813021138223903,0.6247511709670397,0.6145874450273154,0.9275009158202466,0.8263174668501968,0.6821665428857431,0.8667401654953858,1.503810209497316,1.6822972749179381,0.7816455022781457,0.8577283891141745,0.9706572031452986,1.174544440314909,1.2982579242862582,1.1571127791152656,1.2793629550444559,1.1029079054148887,1.1571127791152656,1.2793629550444559,1.7331548811306337,1.2566627959094425,0.6272245720499772,0.20470706776770856,1.7564220671361435,0.7750127218850383,0.41633417437319215,0.6883368142552242,1.1104505761045529,0.6878728908870826,0.5375618709370258,0.8120904360113305,0.4301665088120175,1.124503216410792,0.602884790928906,0.1434268191919423,0.7926809078780723,0.6416159834388087,0.6697760951381974,1.1107239996061837,0.5196066382405898,0.20470706776770856,1.3590041242997188,1.2563472162739526,1.3482815265724857,0.9814807809920513,0.5602641119761024,0.0894874370436169,0.20470706776770856,0.8387917263299645,0.9138500630014184,0.5552537364948528,0.7938349152882477,1.0638422274392,0.7918123572376016,0.7595099121582289,0.6980306325591722,1.4355657037025515,1.0597475829733174,0.9404308950626854,0.04301539152799426,1.066903594284247],"transport.delay_factor.roads.max":[1.143675912483661,1.063475339631801,2.080915184875659,1.0559250204629596,1.9770500101668658,1.74542932269455,7.606289439141253,1.8615131926436816,1.0192255284522513,1.0167669681200509,1.029508116830732,1.5332681384354299,1.0085355540069234,1.147114859952411,1.143675912483661,1.6224447342275408,1.0192255284522513,1.1865995354155296,1.5379461440031967,4.899081011952485,6.065744036594592,1.263019509188915,1.252681569879801,1.0011278195241524,1.2113348897352099,1.6605759785593102,2.3612900025014802,3.116050087368255,2.108554675207099,10.862403924095322,1.0975008247035833,1.0913092363085632,1.4736279926752827,1.2983786235542902,1.138593108551925,1.3611899556112497,4.273045855500095,6.126145626481438,1.2389017367063702,1.346400980315619,1.5681244772511405,2.218029447053807,2.8181256859512214,2.14731516426364,2.714569361728431,1.9469716394412087,2.14731516426364,2.714569361728431,6.7747006009526745,2.5960812844020458,1.0990540482421751,1.0011278195241524,7.091096965840083,1.2308954102803735,1.0192255284522513,1.143675912483661,1.973143551127647,1.1432889666943784,1.053443365735074,1.2783540581578225,1.0219065859772796,2.0233466728828002,1.0845507152702158,1.0002772259094284,1.252681569879801,1.1084627648275391,1.128794864516725,1.9741023641127473,1.0466529098700426,1.0011278195241524,3.1830469343072134,2.594478623611191,3.114960741806489,1.5938915871438522,1.0630657076896122,null,1.0011278195241524,1.3168082817698665,1.4463543364738833,1.060833938302301,1.254156230318341,1.819764059160316,1.2515759229956116,1.2129677086908275,1.1519420217725826,3.71814281341394,1.8072159095031721,1.5005961746117427,null,1.8292408476042483],"transport.cargo_vehicle_flow.roads.total":[351.5851878150636,2510.5736722170354,7428.46955716469,1715.5332826505485,5196.668706598862,5895.996217023447,82381.90618726972,5234.146951011761,161.63131391775642,544.2916878822634,163.5018773937656,4337.234342418413,null,472.4246233439655,1046.5867920774444,1471.6757711827047,130.3137787330399,2173.721809036761,4004.1126935245334,3784.615873984244,5141.831713438644,8501.502018356585,3346.1166362323843,null,0.09942467559012262,4881.554164704293,2855.483585914596,138.21505265637416,4409.219231687706,19083.063869400637,206.3051825179718,4319.894486898871,8026.10456685433,52.226386677407746,2502.1063474725706,403.6488941194274,10569.44030094879,6141.199672261502,2015.75652573819,842.2851738604924,72.18487755749526,5985.116964223827,8566.040369172555,5393.169174955242,15990.11289222736,3115.0081188016347,295.1948768459699,18442.011311467482,349.04888990543634,17430.544774271268,74.7530352680749,null,312.48436889762064,null,206.98895457461168,1062.924334812937,510.299042094152,481.3072264381237,654.0075095750624,462.91041495177734,575.8477248147639,490.6020305305105,5722.353255000168,null,3814.902170000112,4028.2124402283575,2483.229983337837,2299.1270954061574,748.0767209035586,null,31625.264582280834,48.94754348894385,427.45269072110136,815.5815976898064,871.0920136521543,null,null,294.8942126885974,2137.1424534349235,390.70278632862625,null,781.4055726572523,2689.4960424572964,269.0992627462849,4484.053276505516,5406.858145394352,null,771.008920773128,null,980.9079520995014],