{"municipalities_area_set":{"area_entities":{"id":[1,2,3,4,5,6,7,8,10,15,17,18,19,20,21,22,24,25,26,27,29,30,31,32,33,34,36,40,41,44,45,51,54,55,56,57,58,59,61,62,63,65,66,69,70,71,75,76,80,82,85,86,88,89,90,91,92,93,100,101,102,103,104,105,108,109,110,111,114,119,121,123,124,126,130,131,135,138,141,143,147,150,152,154,155,156,157,160,162,164],"transport.cargo_vehicle_flow.roads":[360.29107088038035,275.1475236032098,252.61807312567993,248.3964982225101,304.91391319250386,424.2835394866621,1391.4896134469086,284.62208361336945,56.56701064975077,56.56701064975077,63.76944627546735,360.29107088038035,null,68.80602865921142,360.29107088038035,136.01891257633528,56.56701064975077,284.62208361336945,369.9879718214556,307.2783393041288,284.62208361336945,360.2014236464859,484.0570993347138,null,0.0006600515731215789,369.9879718214556,104.49284349964114,39.91698176017502,800.6762633860324,444.53430648970794,31.746947302173318,338.1687273306017,484.0570993347138,39.91698176017502,404.4551796086199,68.80602865921142,398.151176187549,317.51315041843077,304.91391319250386,424.2835394866621,39.91698176017502,360.29107088038035,278.8436934668287,424.2835394866621,249.10505205052812,176.9099116016479,147.52135208835196,355.14320981497985,31.746947302173318,1303.396473669664,74.83504928116186,null,31.746947302173318,null,56.56701064975077,360.29107088038035,307.2783393041288,63.76944627546735,63.76944627546735,63.76944627546735,56.56701064975077,68.80602865921142,484.0570993347138,null,484.0570993347138,338.1687273306017,223.10969101081395,176.9099116016479,73.07153002041362,null,1367.6937868554385,4.038760810556352,39.91698176017502,168.363189012063,232.44329002296692,null,null,39.91698176017502,307.2783393041288,63.76944627546735,null,63.76944627546735,232.44329002296692,68.80602865921142,471.4147268388971,278.8436934668287,null,278.8436934668287,null,95.91681202943656],"transport.volume_to_capacity_ratio.roads.max":[0.6886200537712964,0.561210170399432,1.1064670438978017,0.5419428042798543,1.110499138348187,1.0391185438338693,1.7852514045073973,1.0763863328770877,0.41629192300165047,0.40220087824537126,0.4634884536411267,0.9557029104695826,0.32104544557991527,0.6978391202139423,0.6886200537712964,0.9929437661081516,0.41629192300165047,0.7353255820882226,0.9572836644092318,1.5708203983803812,1.6600880633863033,0.8001044917370471,0.7927005146963352,0.20469453248910377,0.7751894412130547,1.0076384981305597,1.2242425951200768,1.3480454262687014,1.111065243070905,1.9795723518469348,0.623600889320223,0.6147172275680497,0.9275033177146029,0.8257672517693971,0.6824264509009409,0.8719986707896245,1.5059911211858101,1.679834221798475,null,0.8575160623238006,0.97007452715854,1.175087583348563,1.2357091321461409,1.1568155499878439,1.2786542087013868,1.1014583998769365,1.1568155499878439,1.2786542087013868,1.7297579584855582,1.2016823561509544,0.6271450217877782,0.20469453248910377,1.7497657916624159,0.7691488643156776,0.41629192300165047,0.6886200537712964,1.1091519817029964,0.688143201087589,0.5377645173575948,0.8105834412225443,0.4301177168980232,1.1668797118554686,0.6027100259808901,0.14384369961524562,0.7927005146963352,0.6417413619212012,0.6735185948276851,1.1123232944184163,0.5194288727242423,0.20469453248910377,1.3594116437723158,1.2623059422579934,1.3480454262687014,0.9812804845808004,0.5602368742611363,0.08925866779635837,0.20469453248910377,0.8297629967212807,0.9135351138944416,0.5555027750436375,0.7940353520929978,1.0634179152548393,0.7916198323570373,0.764862121786501,0.6983382115299469,1.436725536622902,1.0599931463368042,0.9399418101590518,0.04287753008118756,1.0672791268806279],"transport.delay_factor.roads.max":[1.1439125397846517,1.0634866052723895,1.959254634248088,1.0552069546439968,1.9733137924165864,1.746174416709144,7.500960206532844,1.8591177127642622,1.0192243710441027,1.0167475788940405,1.0295349100216393,1.533914368247812,1.0067990154363242,1.1517753425558732,1.1439125397846517,1.6221263386881564,1.0192243710441027,1.187110722443119,1.5374555670965138,4.89660248532695,5.860763392133186,1.2622809862452815,1.2527065709382985,1.0011279418507042,1.2311060785126353,1.6597797494860385,2.437639237239698,3.1134797106785093,1.9752999947859842,10.828007789323312,1.0967847377115945,1.0913863878935108,1.473632898800127,1.297584698589311,1.1388108478353136,1.370035393348177,4.2920742337588305,6.096190712618579,null,1.3460581076615732,1.5667615469179528,2.2203195921567946,2.492261721302355,2.146136768801626,2.71077314319371,1.9420031847110517,2.146136768801626,2.71077314319371,6.729560686120818,2.334561870440387,1.0990038060998144,1.0011279418507042,6.999287306628486,1.223986367415152,1.0192243710441027,1.1439125397846517,1.9685994362395327,1.1435143298775436,1.0535239981823101,1.2762936377751342,1.0219107622004475,2.186545317749119,1.0844527192505549,1.0002750656447377,1.2527065709382985,1.1085475687212754,1.1316977440694513,1.9797248042228508,1.0465890998793055,1.0011279418507042,3.185666600741747,2.624944306665194,3.1134797106785093,1.5934069400787714,1.0630473351975847,null,1.0011279418507042,1.3033864835560047,1.4457393286146052,1.0609431510115148,1.254413017006525,1.81845699379259,1.2513313349336859,1.2190345322560125,1.1522100046768284,3.726937713334184,1.807964357777005,1.499555617118314,null,1.8304089809726638],"transport.cargo_vehicle_flow.roads.total":[351.85374366384883,2512.337168088937,7365.327784054098,1715.5332826505482,5192.679332153925,5887.201312183239,82307.2422156608,5233.9908369425975,161.44068803579842,543.6425227282973,163.6925032757236,4339.748555379529,null,471.9408861984299,1047.123903775015,1471.2378502318556,130.1540595353176,2173.6062963362724,3995.764230479575,3779.8554668609313,5106.410164722152,8512.507995828548,3350.472336325105,null,0.00033002578656078944,4873.237968789669,2853.335854773057,138.21505265637418,4356.208385940653,19042.28704638157,205.88164750941633,4298.118768575221,8053.143072022237,52.22638667740776,2504.8385189174073,403.1348575392185,10578.49175219108,6115.137061022073,2013.5680729658366,841.0287588833198,72.18487755749527,5989.9509695019615,8592.50060049965,5387.35736745273,15642.836889829114,3272.849470824745,295.0427041767039,18517.785939556226,348.2694004144861,16653.610115739986,74.83504928116186,null,311.82553666209,null,206.74423159648987,1063.9985582080778,509.79526342564407,481.87223131027804,654.7700131028945,463.4616742764923,575.1788264332323,497.06658611286167,5732.830957041666,null,3821.887304694443,4018.026389550571,2582.545517945808,2556.801794189547,747.4413012970319,null,31183.330296569195,48.86048703168209,427.4526907211014,815.8965109133753,869.9204282889644,null,null,294.89421268859746,2136.0043267057085,391.15445282691456,null,782.308905653829,2686.0611335614662,268.7565716928124,4493.730583999661,5413.5782242131545,null,771.1507874221354,null,987.1917689668489],