{"municipalities_area_set":{"area_entities":{"id":[1,2,3,4,5,6,7,8,10,15,17,18,19,20,21,22,24,25,26,27,29,30,31,32,33,34,36,40,41,44,45,51,54,55,56,57,58,59,61,62,63,65,66,69,70,71,75,76,80,82,85,86,88,89,90,91,92,93,100,101,102,103,104,105,108,109,110,111,114,119,121,123,124,126,130,131,135,138,141,143,147,150,152,154,155,156,157,160,162,164],"transport.cargo_vehicle_flow.roads":[358.42400111220627,276.9809248534126,249.46454265911717,246.81603279558016,303.75765649090994,423.60813675498395,1393.6842995790048,282.8945524224008,56.17893637792958,56.17893637792958,63.310113102448035,358.42400111220627,null,68.50245461862826,358.42400111220627,135.1886696678173,56.17893637792958,282.8945524224008,369.56514113086416,305.37860520800234,282.8945524224008,358.6064207696433,487.0845902472839,null,0.03280993696751143,369.56514113086416,101.9109453108641,39.723783313162116,751.8910969151073,441.86519165082797,31.682682536854507,336.9364416753608,487.0845902472839,39.723783313162116,407.49290808612363,68.50245461862826,415.85885153763195,308.7953129552478,303.75765649090994,423.60813675498395,39.723783313162116,358.42400111220627,277.35436459853855,423.60813675498395,247.5686650128289,176.21734993016636,146.7667603923032,353.0937076285586,31.682682536854507,1291.0220591638524,74.30238468883624,null,31.682682536854507,null,56.17893637792958,358.42400111220627,305.37860520800234,63.310113102448035,63.310113102448035,63.310113102448035,56.17893637792958,68.50245461862826,487.0845902472839,null,487.0845902472839,336.9364416753608,222.20064294605845,176.21734993016636,72.59331416348117,null,1368.030642667452,4.101317607714691,39.723783313162116,167.2745338487061,231.07512637145203,null,null,39.723783313162116,305.37860520800234,63.310113102448035,null,63.310113102448035,231.07512637145203,68.50245461862826,468.16495603324313,277.35436459853855,null,277.35436459853855,null,100.6063667163998],"transport.volume_to_capacity_ratio.roads.max":[0.691284070236455,0.5663699711057333,1.1617188577893716,0.5443280059235857,1.1152495976576486,1.0392921999469513,1.7937651810421504,1.0822048605837513,0.4193706874760119,0.4047220627075708,0.4666208137792805,0.9595486983937924,0.3258035214842122,0.7009735375245156,0.691284070236455,0.9973373235585107,0.4193706874760119,0.7397399749333793,0.9629142335348342,1.5795624515465496,1.6749232381504713,0.8065815611457676,0.7985013963888483,0.20644025161248925,0.762639806010913,1.0145090570449165,1.2311636685929213,1.356100793224593,1.1539363403793346,1.9870140968727292,0.6264106260322567,0.6179514545464454,0.9368920693038492,0.829805473596689,0.6851939779936387,0.8757197660241934,1.509247904306503,1.6880548274993956,0.7819144593432223,0.8581996767809258,0.9749415615223647,1.1784563052192758,1.2744722122615963,1.1612394139407054,1.2852996011047166,1.1082158768399013,1.1612394139407054,1.2852996011047166,1.7376237908083247,1.2251011083221235,0.6314820713856516,0.20644025161248925,1.7621214672968746,0.7739888069691994,0.4193706874760119,0.691284070236455,1.1142012617288946,0.6925715984686841,0.5412397073750121,0.8150034407977299,0.4331942257570848,1.2095333253830642,0.6072205383291903,0.1444066121625761,0.7985013963888483,0.6452305516574309,0.6758888496432811,1.1164525486333343,0.5220007807907234,0.20644025161248925,1.3652452178304584,1.2669784395018941,1.356100793224593,0.9849171574617892,0.5633382744428916,0.08991786431962635,0.20644025161248925,0.836490865311483,0.9183320184149726,0.5595413131131223,0.7982953022447965,1.0697203454812902,0.7956002714492633,0.7681996847956291,0.7010236546001235,1.4455782046934644,1.0655125632922013,0.9461060086050447,0.04365674943727364,1.075128474333475],"transport.delay_factor.roads.max":[1.1461524738748554,1.0658538014767776,2.1656928446656414,1.056185298452169,1.9900754114419845,1.746673340477053,7.625861177801465,1.877845110889196,1.0197949018630619,1.0171610909515592,1.030349194658306,1.5425603550506184,1.0072111257742657,1.154520628817597,1.1461524738748554,1.633210725022361,1.0197949018630619,1.1916444854444594,1.5502124326041553,4.984072010625898,6.03685682851423,1.2708776246258233,1.2601852626948014,1.0011669176154196,1.2164999758089254,1.6779594024182236,2.47042588135625,3.1644514760059836,2.134768773471029,10.976627723392212,1.0985408805625294,1.0933248733634993,1.4931036586052582,1.3034486116552286,1.141069823697545,1.3763921726725252,4.320643860066426,6.196682301066934,1.2392307220653205,1.3471629423256926,1.578221601983627,2.23433746651667,2.688501525550995,2.163769699917995,2.7466161238160463,1.9653336496514373,2.163769699917995,2.7466161238160463,6.834491218014656,2.4416761206312194,1.1017640882416093,1.0011669176154196,7.170542420480744,1.2296776282062438,1.0197949018630619,1.1461524738748554,1.9863579689621897,1.1472443654280393,1.0549264546433756,1.28236947282202,1.0225377933637076,2.369781601574255,1.0870093218898613,null,1.2601852626948014,1.1109276126019925,1.1335614425929497,1.9943540610927095,1.0475187036705393,1.0011669176154196,3.223425744036447,2.649137516998157,3.1644514760059836,1.6022527420938102,1.0644550590520139,null,1.0011669176154196,1.313346454372243,1.4551755026475555,1.0627243678131137,1.259916750190163,1.838032762814019,1.256424586874832,1.2228827576619397,1.1545648242239999,3.794771723522689,1.8249246346587975,1.5127895621945744,null,1.8551089076045917],"transport.cargo_vehicle_flow.roads.total":[350.2135322389877,2518.6224486066826,7418.719851555705,1705.698159422338,5172.626584793298,5825.650222900845,81938.83894405843,5202.134654553298,160.33387113996727,539.9148624624386,162.50973733089197,4319.101944541167,null,467.38394087788197,1042.4301278437442,1462.1033128208135,129.26130977209758,2160.696625448896,3948.4667907925686,3762.177620357029,5072.41728353595,8474.143839877881,3352.832955654444,null,0.016404968483755715,4820.592601334869,2821.7734302182216,137.5302553960487,4043.0546745439788,18952.154134338758,206.33989573425458,4286.418091657114,8048.490087778178,51.96305361753701,2500.4769945311327,398.88148625925373,10695.056643168451,6144.396002997074,2007.1786237468168,832.2357461286921,71.82494527411806,5961.840516936009,8592.235519478827,5326.921755001253,15705.753235744482,3152.2246367319676,293.5335207846064,18416.288358181715,349.3144263948001,16718.148984448664,74.30238468883624,null,312.56201522634876,null,205.32677634517046,1058.8510655901814,507.5166153198952,478.3890113338585,650.0389493235677,460.10861001622374,571.236204344606,495.5181147544898,5731.497277683163,null,3820.9981851221078,3991.778866673052,2507.2299312114437,2447.646842461987,742.5345331401396,null,31089.293760280787,44.15288469874074,425.3310318925272,811.1292606190232,866.4268868499217,null,null,293.41941624865973,2125.136175378596,388.3295877642319,null,776.659175528464,2675.1665482920826,265.9209908395025,4485.9584877208645,5398.649305375844,null,767.0095318683157,null,1012.1145573010338],