{"municipalities_area_set":{"area_entities":{"id":[1,2,3,4,5,6,7,8,10,15,17,18,19,20,21,22,24,25,26,27,29,30,31,32,33,34,36,40,41,44,45,51,54,55,56,57,58,59,61,62,63,65,66,69,70,71,75,76,80,82,85,86,88,89,90,91,92,93,100,101,102,103,104,105,108,109,110,111,114,119,121,123,124,126,130,131,135,138,141,143,147,150,152,154,155,156,157,160,162,164],"transport.cargo_vehicle_flow.roads":[358.4963692750637,274.3655507314902,247.96375832256723,246.81603279558016,303.81611764082584,421.772917568713,1393.6656068453615,282.89443860570645,56.18822028870754,56.18822028870754,63.30082919167005,358.4963692750637,null,68.48272590005253,358.4963692750637,135.19795357859525,56.18822028870754,282.89443860570645,367.6761073052795,305.34919085903755,282.89443860570645,358.41641873879985,482.4945617722879,null,0.06755606386641426,367.6761073052795,102.47139797751629,39.72378331316213,763.2718473206601,441.865191650828,31.704308677643127,337.10481756541566,482.4945617722879,39.72378331316213,402.90215483202843,68.48272590005253,402.76214284193384,308.82263573967435,303.81611764082584,421.772917568713,39.72378331316213,358.4963692750637,277.315221235781,421.772917568713,247.56866501282894,175.45878785961793,146.8201499565751,353.1084857497397,31.704308677643127,1306.658319565497,74.25008950282044,null,31.704308677643127,null,56.18822028870754,358.4963692750637,305.34919085903755,63.30082919167005,63.30082919167005,63.30082919167005,56.18822028870754,68.48272590005253,482.4945617722879,null,482.4945617722879,337.10481756541566,221.4279059424573,175.45878785961793,72.60213805945989,null,1363.4385620206604,4.8263233620679244,39.72378331316213,167.28373094283222,231.09910135621712,null,null,39.72378331316213,305.34919085903755,63.30082919167005,null,63.30082919167005,231.09910135621712,68.48272590005253,470.0379847964663,277.315221235781,null,277.315221235781,null,96.04435719887404],"transport.volume_to_capacity_ratio.roads.max":[0.6913265587183406,0.5637128363159407,1.1128279026558412,0.5446782824987271,1.1123084712692202,1.042562430839212,1.798657040122608,1.08241473257278,0.41933578254844933,0.4046546675985001,0.46653002155333495,0.9594712552348038,0.3322416730248725,0.6994350233058567,0.6913265587183406,0.9972406560432353,0.41933578254844933,0.7397318717608653,0.9624862936644211,1.5803109797667547,1.6657562224229077,0.8057646403803077,0.7962217570845794,0.20645522179636622,0.7663683293204216,1.0144731391315347,1.2255065267589644,1.3561852675597652,1.1272131363372166,1.9881864011418517,0.627905769329845,0.6180988765496238,0.9318089205787592,0.8297775761711534,0.6861012087232482,0.8743025240467718,1.5094651214195898,1.6857733589448871,0.781722755401475,0.860565746586262,0.9747700949577439,1.1785372524239557,1.2662608667102149,1.1638857864961036,1.2851311959172678,1.1070915503496999,1.1638857864961036,1.2851311959172678,1.7420340142146307,1.2185005772410327,0.6317091706223283,0.20645522179636622,1.753046123169476,0.7760124667767921,0.41933578254844933,0.6913265587183406,1.114537781633086,0.6920997780974141,0.5410824836057941,0.8138418583759416,0.4331515003183499,1.0871748146159328,0.6048310315743276,0.14448013389230283,0.7962217570845794,0.6453757707362666,0.6769365002783578,1.1124853049087862,0.5219035466156953,0.20645522179636622,1.362685792368186,1.262535014233953,1.3561852675597652,0.9862679320326326,0.5634168322407807,0.08988026006386637,0.20645522179636622,0.8402149748091333,0.918917158924667,0.5595280970131369,0.7984800662344215,1.068551114823988,0.7954362940227643,0.7667177771910616,0.701910760886243,1.4430720612306949,1.0639459435138652,0.9462000992275832,0.04366916818075325,1.0717187231298682],"transport.delay_factor.roads.max":[1.1461884091410646,1.0646266539727587,1.9815038327626187,1.056330059687552,1.9796725808567819,1.756115702975496,7.6984361442470455,1.8785262710140198,1.0197891739441265,1.0171685026677495,1.0303362087746801,1.5423852206298045,1.0077982363568248,1.1531685055455108,1.1461884091410646,1.6329652634028773,1.0197891739441265,1.1916360884246235,1.5492349793207956,4.991629320723506,5.927489993115385,1.269781891170647,1.2572267536514583,1.0011670751905335,1.2207649736116233,1.6778633969907029,2.4435854235294765,3.164990839113364,2.033246967329458,11.000192725181183,1.0994850603756376,1.09341396168129,1.4824890140617977,1.3034078068718222,1.1418184425770805,1.37396150821008,4.3225559552353054,6.168645171361976,1.2389961971315182,1.351007338883058,1.5778149334283484,2.2346373389164196,2.645404631829668,2.1744145746361543,2.7457009086816058,1.961422138758704,2.1744145746361543,2.7457009086816058,6.893950666466623,2.410856784780772,1.10191748559088,1.0011670751905335,7.0444020560340235,1.2320891122349102,1.0197891739441265,1.1461884091410646,1.987550139564347,1.1468435292976173,1.0548572298657877,1.2807631244152764,1.0225288625848947,1.8940823180072202,1.085647804401635,null,1.2572267536514583,1.111027510195475,1.134391469015101,1.980295718732505,1.0474912180349234,1.0011670751905335,3.206799544242016,2.626124149130254,3.164990839113364,1.6055634073765033,1.0644910197312754,null,1.0011670751905335,1.3189639816977776,1.4563367222882317,1.0627288857106947,1.2601574627711605,1.8343748039225563,1.2562132503646946,1.2211679058746663,1.1553486831639574,3.7754413108249163,1.8200837875656373,1.5129935811383448,null,1.84431255229845],"transport.cargo_vehicle_flow.roads.total":[350.2497163204164,2503.989684021392,7318.74181375686,1705.6981594223382,5161.240721793957,5850.179552309105,81938.63738365675,5202.1534265285845,160.36103285010233,540.0058615110213,162.48257562075685,4320.2224443911155,null,469.64018926629257,1042.5024960066019,1462.1664601370624,129.28281889231306,2160.711346358812,3969.7665177983667,3757.273099363569,5052.816756826873,8473.449999291595,3340.092744080088,null,0.03377803193320713,4841.871305358284,2831.9676365520977,137.53025539604872,4182.2317555136615,18927.498823859478,205.93759497304407,4292.328021219791,8029.414582867616,51.96305361753702,2495.215399916391,401.15746336624,10431.425465607153,6160.377899172017,2001.5149228221037,835.7399360441578,71.82494527411808,5962.491830401726,8563.218345818592,5353.126052329843,15782.210757491015,3204.7268798927785,293.6402999131502,18468.728598357808,348.4665725908018,16520.573839380984,74.25008950282044,null,311.9362140422436,null,205.3615213093541,1058.9958019158967,506.73812728580555,478.30775621085286,649.9303024830274,460.02781490801726,571.3336366102392,492.29743227764595,5715.195279412525,null,3810.130186275017,4009.001648603964,2492.5153087633876,2405.8561146371135,742.6250721739231,null,31016.81109051756,49.34209942402533,425.3310318925273,811.0007239900208,864.9760755659703,null,null,293.4194162486598,2122.563930727736,388.26598043318376,null,776.5319608663675,2670.776829849699,267.43830891082666,4476.955393194111,5388.72168350858,null,766.9131798442529,null,989.4787281523509],