{"municipalities_area_set":{"area_entities":{"id":[1,2,3,4,5,6,7,8,10,15,17,18,19,20,21,22,24,25,26,27,29,30,31,32,33,34,36,40,41,44,45,51,54,55,56,57,58,59,61,62,63,65,66,69,70,71,75,76,80,82,85,86,88,89,90,91,92,93,100,101,102,103,104,105,108,109,110,111,114,119,121,123,124,126,130,131,135,138,141,143,147,150,152,154,155,156,157,160,162,164],"transport.cargo_vehicle_flow.roads":[356.6478654617853,274.1014750994136,250.21736420900214,245.26515858675805,301.32165388039084,421.88407661336146,1388.627288590307,281.233104052298,55.86943931534812,55.86943931534812,62.79031989672755,356.6478654617853,null,68.09781538273593,356.6478654617853,134.4435380258803,55.86943931534812,281.233104052298,367.82862470635297,303.359010887,281.233104052298,355.7699229819492,483.52365989701514,null,0.31497849674155926,367.82862470635297,101.61335073595752,39.532840280629074,796.9225950242045,439.241663901411,31.73070778296273,336.839692249335,483.52365989701514,39.532840280629074,403.94799829444815,68.09781538273593,440.1145025245878,338.72304127664654,301.32165388039084,421.88407661336146,39.532840280629074,356.6478654617853,275.69753880684755,421.88407661336146,246.05970595478115,175.8735565427395,146.28312875031412,351.1365657240739,31.73070778296273,1300.1793020573184,73.5044331067038,null,31.73070778296273,null,55.86943931534812,356.6478654617853,303.359010887,62.79031989672755,62.79031989672755,62.79031989672755,55.86943931534812,68.09781538273593,483.52365989701514,null,483.52365989701514,336.839692249335,219.4640670981002,173.74719071805418,72.19212033151867,null,1361.725884935343,5.110324634739544,39.532840280629074,166.25496232598107,229.8545777802962,null,null,39.532840280629074,303.359010887,62.79031989672755,null,62.79031989672755,229.8545777802962,68.09781538273593,466.1891492350684,275.69753880684755,null,275.69753880684755,null,98.84729168486672],"transport.volume_to_capacity_ratio.roads.max":[0.6939202272548319,0.5680234907707572,1.1458155809931392,0.5453916234251011,1.115271415358137,1.044542007008947,1.7984874038257852,1.0888815343316245,0.4223504771130726,0.40706578348711087,0.46956245943958186,0.963214650039895,0.32962509873893814,0.7040638826366612,0.6939202272548319,1.0012413181300592,0.4223504771130726,0.7432067917733852,0.9685284792830489,1.5879566121721544,1.667203549489276,0.8077579925234634,0.8004017879108242,0.20813855392223085,0.7705110239528133,1.0212006793322241,1.2385831835062495,1.3638204896874138,1.1770355689619687,1.9945710601519444,0.6302660081386695,0.6208469822374489,0.9395855163403641,0.8343069679847074,0.6882089054927869,0.8791158793693807,1.520226623469551,1.6920400859724682,0.7837631306795207,0.8625098487728526,0.9803803488625484,1.181765480399708,1.2778753755252537,1.1681898441762486,1.2877633832360433,1.1145476063703927,1.1681898441762486,1.2877633832360433,1.7486789089619756,1.2128613072666088,0.6354938058200851,0.20813855392223085,1.766255687741472,0.7783632286867477,0.4223504771130726,0.6939202272548319,1.11883863773031,0.6966917549802334,0.5445182802991086,0.8184398026623861,0.4361546751886556,1.1628033923018284,0.6080457496899677,0.1439827542359602,0.8004017879108242,0.6483756209342827,0.681228228508853,1.1228245959462204,0.5243143150548191,0.20813855392223085,1.3668538249626752,1.2711750065062444,1.3638204896874138,0.9895826661195177,0.5663283209955752,0.09059646489311753,0.20813855392223085,0.8433244891540496,0.923112580648618,0.5635371317468649,0.8026586460057771,1.0751738420243608,0.7984560163273825,0.7713995344737095,0.7039235629236484,1.4559039886275071,1.0693724187452205,0.9521251908276909,0.04394194825764128,1.0784261699380473],"transport.delay_factor.roads.max":[1.1483946220839751,1.0666262177406474,2.1031609197076744,1.0566257317943366,1.9901528893544405,1.7618748097530246,7.69590950990664,1.8997099133627728,1.0203580285190765,1.0175726948913955,1.0311142990953468,1.5508993900097927,1.0075554626943901,1.1572636094026594,1.1483946220839751,1.6431836962544988,1.0203580285190765,1.1952624135603982,1.5631570900033667,5.069316642988324,5.944637735867737,1.2724614287577616,1.2626710283223614,1.0012056762264339,1.2255773034259392,1.6960242229452387,2.5061932286453357,3.2141590659451986,2.228395797832353,11.12926720445816,1.100989335490744,1.095086370816542,1.4987986025893618,1.3100869268891195,1.1435691491317892,1.3822649444471065,4.418324674862122,6.245930886675899,1.2415012000628551,1.3541899429546929,1.5912325881992635,2.248260345060321,2.7066087960081964,2.191883147781099,2.760046987124523,1.9875849613502048,2.191883147781099,2.760046987124523,6.9843951451416295,2.3849195296732213,1.1043819152633108,1.0012056762264339,7.228654873680162,1.2349141717894314,1.0203580285190765,1.1483946220839751,2.002881909008481,1.1507796245498754,1.0562533593897383,1.2871619818280469,1.0231521970525825,2.1700519219848475,1.0874832688352762,null,1.2626710283223614,1.1131062702905892,1.1378321457510243,2.017249871969548,1.0483667420571767,1.0012056762264339,3.233923329915709,2.671095828902691,3.2141590659451986,1.6137454587740163,1.0658344324022455,null,1.0012056762264339,1.3237120168767713,1.4647278004533928,1.0645571179227373,1.2656461503078011,1.855253250436622,1.260126120823435,1.2266195974414504,1.1571382765231595,3.8754837479902027,1.836943013388526,1.5259642143607637,null,1.8656486318911223],"transport.cargo_vehicle_flow.roads.total":[348.6215497538153,2501.0044577244034,7420.8359608939445,1696.0174328166727,5131.44292532099,5807.440355667776,82358.76988262954,5171.26370107202,159.45633500595554,536.9557719799109,161.14664083913044,4300.421458263728,null,467.1442932843861,1037.838333553476,1453.6245848092453,128.55047330468142,2148.3045154136553,3942.7745529470044,3746.1338600091594,5056.23079983849,8409.068615395023,3332.662087293266,null,0.15748924837077963,4809.538569872371,2816.6615887925423,136.8535440762662,4320.589964171888,18841.051817349897,210.88673629624904,4292.318522994888,7999.093721560397,51.702855770215045,2486.7149256841003,399.04647790165023,10667.588447737928,6489.981919686882,1989.5176755364027,829.634336523968,71.46927591052957,5934.59266152283,8530.170723169922,5309.5559226738105,15946.346508613737,3108.2506448096246,292.56625750062824,18124.336669955912,358.3120570265727,16738.78036366674,73.5044331067038,null,319.6589102231893,null,204.2026493376148,1053.890964969416,504.52710052544944,474.36514956704065,644.5865633565218,456.2156036663392,568.1154480780889,487.2956462171753,5698.276854792502,null,3798.8512365283336,3982.031923745303,2408.2390215793303,2235.173326038855,738.4146553222425,null,31055.792030638975,55.14409612418082,423.23444668702973,804.8241756843229,862.0453348374913,null,null,291.96211138691126,2110.9580448901634,385.08360157498845,null,770.1672031499768,2661.2445609525084,266.0309852677668,4458.281373044234,5363.328387254526,null,762.4388381316411,null,998.4659008988199],