{"municipalities_area_set":{"area_entities":{"id":[1,2,3,4,5,6,7,8,10,15,17,18,19,20,21,22,24,25,26,27,29,30,31,32,33,34,36,40,41,44,45,51,54,55,56,57,58,59,61,62,63,65,66,69,70,71,75,76,80,82,85,86,88,89,90,91,92,93,100,101,102,103,104,105,108,109,110,111,114,119,121,123,124,126,130,131,135,138,141,143,147,150,152,154,155,156,157,160,162,164],"transport.cargo_vehicle_flow.roads":[356.7689230554169,272.7233793386827,248.2254985094599,245.26515858675808,302.60299160991195,420.091755692643,1367.1945602739602,281.18979351998735,55.784355194543615,55.784355194543615,62.87540401753208,356.7689230554169,null,68.20297113977972,356.7689230554169,134.35845390507583,55.784355194543615,281.18979351998735,366.304369599767,303.516033623797,281.18979351998735,357.24049228357615,479.87514937984247,null,0.008592244951160337,366.304369599767,102.26652423824197,39.53284028062907,797.24225557459,439.24166390141096,31.610437257475034,335.4893934731958,479.87514937984247,39.53284028062907,400.3102015881545,68.20297113977972,391.76678478875505,328.78737349536175,302.60299160991195,420.091755692643,39.53284028062907,356.7689230554169,275.8897316052992,420.091755692643,246.0597059547812,174.9737320914723,146.01506293618172,351.0747204993411,31.610437257475034,1314.046303119023,73.7890664148715,null,31.610437257475034,null,55.784355194543615,356.7689230554169,303.516033623797,62.87540401753208,62.87540401753208,62.87540401753208,55.784355194543615,68.20297113977972,479.87514937984247,null,479.87514937984247,335.4893934731958,220.7313905028236,174.9737320914723,72.10841459719282,null,1358.0952024746414,4.197646317820638,39.53284028062907,166.20576447337842,229.7269672089255,null,null,39.53284028062907,303.516033623797,62.87540401753208,null,62.87540401753208,229.7269672089255,68.20297113977972,467.7752495663876,275.8897316052992,null,275.8897316052992,null,95.04600193025622],"transport.volume_to_capacity_ratio.roads.max":[0.6940608013097261,0.5661818553596685,1.110805545591973,0.5438429452843394,1.1140190103920424,1.0475169530329427,1.8023694127320946,1.0874278302928786,0.42232026062155636,0.40701736298790125,0.4695754969074183,0.963359028178206,0.32696825187970435,0.7056410836596079,0.6940608013097261,1.0012640977304195,0.42232026062155636,0.7445560938666748,0.9692507554772309,1.5878026162972625,1.6825135966174272,0.8095777922644458,0.7986416135403434,0.2081340631330139,0.7661749919817595,1.0213458314823574,1.242267000963485,1.3645656466547904,1.1413606757360137,1.9932030840306976,0.6288185306242612,0.6213049525501972,0.9360858794082684,0.8343242255729192,0.6892821479476414,0.8809112797394033,1.516828535847465,1.683221938053811,0.7827235947585792,0.8644466660743177,0.98036002022487,1.1820154503767129,1.3290650906810941,1.1678855211196197,1.2887372602679485,1.1106375109707392,1.1678855211196197,1.2887372602679485,1.7442670682684271,1.2060382327687365,0.6356310258302692,0.2081340631330139,1.747432904393574,0.777161568695176,0.42232026062155636,0.6940608013097261,1.1181722276231738,0.6965907742342564,0.5445044057359432,0.8180018383282884,0.4361226899189531,1.232866881550495,0.606078389324371,0.14545200486344717,0.7986416135403434,0.6488333505497319,0.6809600166924616,1.122275649113913,0.5242374515932314,0.2081340631330139,1.3654970462322946,1.275249084260309,1.3645656466547904,0.9892571252963258,0.5663564589804849,0.09021307022815453,0.2081340631330139,0.841252789855741,0.9231579423474479,0.5635916680047915,0.803550364496534,1.074830795148315,0.7993942683596258,0.7730565006215855,0.704990720289072,1.4563340977277501,1.069069971837768,0.9520065002553637,0.04412199986625966,1.077004114188876],"transport.delay_factor.roads.max":[1.1485149054977373,1.0657663535748956,1.9743884581765023,1.0559852950036295,1.9857127679097866,1.7705915018801248,7.753909052447949,1.894914919434441,1.0203620901629349,1.0175743121581164,1.0311158480440388,1.5512297658537744,1.0073147976294967,1.158677521014718,1.1485149054977373,1.6432422314639927,1.0203620901629349,1.1966842861787876,1.5648388585768513,5.067860272355421,6.128782759533429,1.274925054391848,1.260368065365809,1.0012060259920201,1.2205422819269114,1.6964200352743046,2.524192322981895,3.219002074983623,2.0861044557811743,11.101507156916618,1.1000647926262948,1.0953672448068696,1.4914085973300257,1.31011258420107,1.144466814450463,1.3853972913179189,4.387863746563716,6.137425124631366,1.240222496640924,1.3573820936602963,1.5911835518053352,2.2493168207491934,2.9969398229326063,2.190641651588491,2.765377204610126,1.9737989982198396,2.190641651588491,2.765377204610126,6.9242298433194875,2.354017497328783,1.1044720997918145,1.0012060259920201,6.967356870682048,1.2334668581470762,1.0203620901629349,1.1485149054977373,2.00049467016395,1.1506922256171161,1.0562581655091308,1.2865478093934244,1.0231498937270243,2.4785796315634165,1.086356527264444,null,1.260368065365809,1.1134260043309085,1.137615205925115,2.015262004167267,1.0483383864109834,1.0012060259920201,3.225066699625372,2.6926222883960427,3.2190020749836235,1.6129382472531029,1.0658475172949449,null,1.0012060259920201,1.3205428130588255,1.4648191539757343,1.0645622488670539,1.2668286037724394,1.8541622582306903,1.2613509566892795,1.2285729955559934,1.1580933403785767,3.8788832026340634,1.8359965761932184,1.5257019995927603,null,1.861091739938681],"transport.cargo_vehicle_flow.roads.total":[348.6820785506311,2489.7205806243433,7065.71016745871,1696.0174328166727,5138.699593752537,5828.3210397771045,81921.67791389208,5170.791595217939,159.20315022326,536.1104443177804,161.39982562182607,4301.110161083921,null,467.4996935975374,1037.9593911471077,1453.0345095095288,128.35240315163045,2147.9126983450797,3956.1797427150227,3731.0150691175018,5057.353102680753,8440.160177139154,3322.8263842874567,null,0.0042961224755801684,4823.052794013178,2819.7145715518604,136.85354407626616,4285.319821514677,18820.53147161429,206.2824073382774,4273.183008269621,7981.52510012751,51.702855770215045,2481.236806081892,399.2967224577576,10607.36444456092,6177.182538420626,1993.7866786169361,832.6172913967291,71.46927591052957,5935.6821798655155,8509.455257556698,5333.544924907092,15612.76768130971,3143.0900744388337,292.03012587236344,18357.64321413225,349.34394016160473,16604.47308342583,73.78919172448305,null,312.4966207330112,null,203.87902058307503,1054.1330801566792,503.5573579859397,475.12401472188816,645.5993024873043,456.973090434708,567.2031224103107,490.0083172774294,5685.90239367738,null,3790.60159578492,3977.0870778442318,2497.4687452155617,2421.766000265923,737.5707060465908,null,30858.150827748566,39.972464639760545,423.2344466870296,806.4339767864279,859.5363325229132,null,null,291.96211138691126,2109.34499978916,385.6750552611842,null,771.3501105223683,2654.088786254021,266.1978149718384,4451.682899089171,5358.248394918648,null,762.9365894049683,null,979.9224118286015],