{"municipalities_area_set":{"area_entities":{"id":[1,2,3,4,5,6,7,8,10,15,17,18,19,20,21,22,24,25,26,27,29,30,31,32,33,34,36,40,41,44,45,51,54,55,56,57,58,59,61,62,63,65,66,69,70,71,75,76,80,82,85,86,88,89,90,91,92,93,100,101,102,103,104,105,108,109,110,111,114,119,121,123,124,126,130,131,135,138,141,143,147,150,152,154,155,156,157,160,162,164],"transport.cargo_vehicle_flow.roads":[354.98848775475875,270.0319304006689,246.51302225288575,243.74126882669168,301.1645609783428,424.09480419047594,1383.7811957504712,279.5312213436715,55.47102620053586,55.47102620053586,62.37640212336216,354.98848775475875,null,67.86566755256806,354.98848775475875,133.61510916170192,55.47102620053586,279.5312213436715,370.46204044509875,301.6260775270816,279.5312213436715,355.2696674970394,478.76361577060953,null,0.1204372487387885,370.46204044509875,98.54572327015528,39.34368887804656,797.0609401937082,436.6588533769716,31.555043100216253,334.6268578453318,478.76361577060953,39.34368887804656,399.2350027071706,67.86566755256806,412.39913851226135,305.70628909064766,301.1645609783428,424.09480419047594,39.34368887804656,354.98848775475875,274.36991071776475,424.09480419047594,244.57549822693684,173.47823536213923,145.37059822832288,349.1078856685828,31.555043100216253,1298.7479992608146,73.18011060152993,null,31.555043100216253,null,55.47102620053586,354.98848775475875,301.6260775270816,62.37640212336216,62.37640212336216,62.37640212336216,55.47102620053586,67.86566755256806,478.76361577060953,null,478.76361577060953,334.6268578453318,219.03877829144915,173.47823536213923,71.63818670576644,null,1354.2067069136237,4.084509172976466,39.34368887804656,165.1743740790219,228.4459669255515,null,null,39.34368887804656,301.6260775270816,62.37640212336216,null,62.37640212336216,228.4459669255515,67.86566755256806,459.9563060680499,274.36991071776475,null,274.36991071776475,null,95.63700854421485],"transport.volume_to_capacity_ratio.roads.max":[0.6965338300133127,0.5686317432313581,1.1094754060779652,0.5452049606056133,1.116520039663838,1.0510684349775483,1.8104725919654348,1.0929277023997022,0.425232949019567,0.4092495217405021,0.472514088056822,0.9667383806380695,0.32962605134378525,0.7093939732629605,0.6965338300133127,1.0048828640895304,0.425232949019567,0.7472937221836417,0.9724435818061381,1.5958300525945368,1.6853900390020773,0.8102164901038711,0.8018258040070378,0.2097914713722342,0.7704329842263893,1.0273027342113503,1.2512660808075609,1.3711724431727392,1.16127656130343,1.999807400593459,0.6331301503218937,0.6241486352891416,0.9403085091862088,0.8383308108053315,0.6910665232105242,0.8851013334164199,1.5221966003462177,1.6846899948819698,0.7854029295958843,0.8676299000105656,0.9851944185100182,1.1850203937406796,1.2668088088772163,1.1732060035053498,1.292588857185638,1.1186416970553745,1.1732060035053498,1.292588857185638,1.7566185059035102,1.2175320146467261,0.6396620494290499,0.2097914713722342,1.7586733823400642,0.7804201164625845,0.425232949019567,0.6965338300133127,1.123284801570005,0.7008212526438374,0.5477401548865141,0.8224419943379729,0.4390091596559277,1.2380075172016294,0.6081894490099213,0.14583487426864844,0.8018258040070378,0.6519250237966701,0.6835344480649985,1.1324591034737175,0.5263658918474181,0.2097914713722342,1.368691389580143,1.2769836237520589,1.3711724431727392,0.9933117614173802,0.5692937069984714,0.09078673519331613,0.2097914713722342,0.8466216563708359,0.9271840988262766,0.5673713251608989,0.8066110798562711,1.0809678890014345,0.8031603598589306,0.7769715664387333,0.7066185852834904,1.4612258943627063,1.0740239970080605,0.9575376415345246,0.04445327773558451,1.0808331851776998],"transport.delay_factor.roads.max":[1.1506429570964773,1.0669120559255778,1.9697296896978316,1.0565482499033005,1.9945945229589173,1.7810951645840418,7.87618879535766,1.9131575423403102,1.0209292590335781,1.0179443637979253,1.0319103341692517,1.55900516124675,1.0075555500348459,1.162080195626318,1.1506429570964773,1.652591985134674,1.0209292590335781,1.199593001646659,1.5723182978574044,5.150749571021057,6.1639456805205715,1.275793664897583,1.2645453228579453,1.0012443969488452,1.225485928656724,1.7128099445897291,2.568840028297445,3.262290022458505,2.163918620283928,11.236056133889464,1.1028376055999753,1.0971252333015156,1.5003356389640559,1.316112511716209,1.1459685840287042,1.3927823408551325,4.436077610210489,6.155371432268701,1.243528638921512,1.362675329682226,1.6029311818919565,2.262069501060851,2.6482545089129497,2.212486971509973,2.7865764500157653,2.0021759766579663,2.212486971509973,2.7865764500157653,7.0938223434067655,2.4063762791955825,1.107147567185447,1.0012443969488452,7.122386408546228,1.2374071506875588,1.0209292590335781,1.1506429570964773,2.0189186348573456,1.1543863955706093,1.057607402711472,1.2928202345094775,1.0237724695879373,2.503394997893251,1.0875659977641539,null,1.2645453228579453,1.1156033927637385,1.139708104480422,2.0526162811470723,1.049128209018202,1.0012443969488452,3.245960502475353,2.7018500248248314,3.262290022458505,1.6230491175392472,1.0672241789282602,null,1.0012443969488452,1.328804284259548,1.4729811942573408,1.0663304721316136,1.2709172803656759,1.8738384420108662,1.2663109577840492,1.2332386277933407,1.159558592902066,3.917758970305868,1.851600511823953,1.5380261639108925,null,1.8734029531119982],"transport.cargo_vehicle_flow.roads.total":[347.0884268711468,2470.337570384494,7516.040055050205,1686.4717110061968,5111.999394325232,5834.775003308578,82215.91706945116,5140.1689109130475,158.21246018407476,532.8419462252709,160.19570503734252,4281.697619743574,null,465.1755247236797,1033.3652197298284,1444.3699963539061,127.61003481957637,2135.517820910388,3966.463210856805,3708.8900400158545,4993.424716177828,8398.62967996631,3294.923381286588,null,0.06021862436939425,4828.109204734565,2790.0899292260838,136.18328455728337,4467.862765286122,18769.449876782797,206.32346690374965,4263.961539381934,7872.91808614423,51.44516749347569,2459.9942336195054,397.3098571711116,10660.316113647234,6072.702757546428,1983.8083872205605,833.5392861869396,71.11701193249897,5908.403317693106,8395.839818315044,5336.322432546392,15561.73402280473,3119.1270706921255,290.74119645664575,18231.939371638873,349.5368476070668,16483.43069126253,73.18394594262239,null,312.5850340767942,null,202.61595570284732,1049.1653414970524,500.49812252685535,471.6092813344462,640.7828201493699,453.6536137792836,563.5777443814887,496.07194165311716,5632.319531031957,null,3754.879687354638,3972.843908997494,2495.2274901900582,2419.514975037606,733.0942434459528,null,30757.852836677146,35.90668922498291,421.1578744592391,801.9218919932746,854.6283531684654,null,null,290.51878703771047,2095.860064219229,382.7678121980472,null,765.5356243960944,2638.9532382241337,264.8732381140744,4404.758730227928,5312.666526167576,null,758.7270812013518,null,956.3077536927572],