{"municipalities_area_set":{"area_entities":{"id":[1,2,3,4,5,6,7,8,10,15,17,18,19,20,21,22,24,25,26,27,29,30,31,32,33,34,36,40,41,44,45,51,54,55,56,57,58,59,61,62,63,65,66,69,70,71,75,76,80,82,85,86,88,89,90,91,92,93,100,101,102,103,104,105,108,109,110,111,114,119,121,123,124,126,130,131,135,138,141,143,147,150,152,154,155,156,157,160,162,164],"transport.cargo_vehicle_flow.roads":[355.03000516247465,269.76315670870366,248.53568572394906,243.74126882669168,300.11827554165745,423.2222300961165,1383.8318749578093,279.5178950424743,55.40116865903775,55.40116865903775,62.44625966486024,355.03000516247465,null,67.90305111649108,355.03000516247465,133.54525162020377,55.40116865903775,279.5178950424743,369.6846627379584,301.68191374662797,279.5178950424743,355.7813242928047,478.4948420786442,null,0.006863350213265953,369.6846627379584,99.98667111821743,39.34368887804656,783.1091810748151,436.6588533769717,31.539977055255438,334.1302670945273,478.4948420786442,39.34368887804656,398.9702877357624,67.90305111649108,374.0275943388464,305.6133314454779,300.11827554165745,423.2222300961165,39.34368887804656,355.03000516247465,274.4381965162581,423.2222300961165,244.57549822693684,174.02801308477197,145.27540184110384,349.08638152162433,31.539977055255438,1312.9124268428263,73.28126913456707,null,31.539977055255438,null,55.40116865903775,355.03000516247465,301.68191374662797,62.44625966486024,62.44625966486024,62.44625966486024,55.40116865903775,67.90305111649108,478.4948420786442,null,478.4948420786442,334.1302670945273,219.56299387609653,174.02801308477197,71.63818670576646,null,1353.944492997221,3.685846405999952,39.34368887804656,165.15729110194852,228.40064461206074,null,null,39.34368887804656,301.68191374662797,62.44625966486024,null,62.44625966486024,228.40064461206074,67.90305111649108,460.75550049856093,274.4381965162581,null,274.4381965162581,null,95.31383765889093],"transport.volume_to_capacity_ratio.roads.max":[0.696544701756135,0.568424078620626,1.1395062672319622,0.5444413024115194,1.118706720675338,1.0499752208077564,1.805026878114527,1.0925121119613015,0.42522585678108354,0.4094556837371729,0.47246553505298033,0.9666724287369851,0.3303518675247331,0.7084263145692581,0.696544701756135,1.0056170811546128,0.42522585678108354,0.7473646802197742,0.972525281676338,1.5955214643891924,1.7041918618620282,0.8129305049434068,0.801746852270036,0.20977455950599122,0.782308487954648,1.0273879137277064,1.2502242931490362,1.371746433128184,1.1530081045610343,1.9983228589975588,0.6320171217923739,0.6238137877870521,0.9399179522237952,0.8395482402415011,0.6896400066183752,0.8838922290929069,1.5321516259474703,1.682572531940231,0.7872144636859095,0.866718482252191,0.9867491160234849,1.185040142352649,1.2405089551128394,1.1722670318227193,1.2920254175626675,1.1118295380263032,1.1722670318227193,1.2893747583340986,1.7532426127110965,1.212913946004746,0.6396867434237621,0.20977455950599122,1.7530014630600197,0.7809311441791217,0.42522585678108354,0.696544701756135,1.1221600774491858,0.7006777781874769,0.5476789550317535,0.822169368276359,0.4390272435722238,1.2421355177134836,0.6081246141357362,0.14621707237644063,0.801746852270036,0.6515849820788197,0.6853598465890448,1.139453407281214,0.5267520730251095,0.20977455950599122,null,1.2788624399054933,1.371746433128184,0.9928084377527256,0.5692172858024015,0.09075163496204484,0.20977455950599122,0.847652621242747,0.9274253082698899,0.567393736688053,0.8071806510691143,1.0806581544094025,0.8030164228779401,0.775902139004767,0.7052813468133868,1.4607856011105,1.0748618124621856,0.9573144756295846,0.04452455701604428,1.079896344081283],"transport.delay_factor.roads.max":[1.150666019755835,1.0668143641858692,2.0790631123249756,1.0562320907141776,2.0024090121045877,1.7778505689676274,7.7938298669031285,1.9117694060970956,1.0209260746918907,1.0179890235386926,1.0318941103854276,1.558852633194462,1.0076223175733847,1.161197652487875,1.150666019755835,1.6545013402430373,1.0209260746918907,1.199668820534613,1.5725106554376542,5.147539953855957,6.398261544881055,1.2795076227143687,1.264441144479056,1.0012449101839451,1.2397133069581157,1.7130463865120296,2.56362176762579,3.2660804934695413,2.131121907691259,11.205695332759475,1.1021163655062405,1.0969169753467063,1.49950489946037,1.3179527580472723,1.144767062918262,1.3906404728040456,4.526849760067023,6.129501404185695,1.2457832222423164,1.3611538134035959,1.6067460504360764,2.2621536337695947,2.5155825245071086,2.208609988691439,2.7834634107435985,1.9779863766163346,2.208609988691439,2.7688729051929135,7.047112450168086,2.385159969901734,1.1071641137645687,1.0012449101839451,7.043786137631157,1.2380295890265627,1.0209260746918907,1.150666019755835,2.014843863057213,1.1542600084045154,1.0575816607693014,1.2924321670572056,1.0237583478967376,2.523547134965116,1.0875286645109037,null,1.264441144479056,1.115362388172022,1.1412064714331425,2.0788629019152873,1.0492725441999433,1.0012449101839451,null,2.711887825737926,3.2660804934695413,1.6217872494987904,1.067188089874463,null,1.0012449101839451,1.3304088043498616,1.473473575689856,1.0663312411567059,1.271683301092793,1.8728373329528374,1.2661201032846885,1.231957153455411,1.1583541922500775,3.914243869547769,1.8542608596694805,1.537524764815128,null,1.8703787064135224],"transport.cargo_vehicle_flow.roads.total":[347.1067422820355,2470.9092373384065,7404.912837799963,1686.471711006197,5107.570033308232,5830.80623245083,82004.87983715443,5140.006767847181,158.10767387182756,532.4228009762824,160.30049134958963,4281.899947074084,null,465.3024699377576,1033.4018505516058,1444.160423729412,127.47031973658015,2135.3975961634715,3963.64638034666,3709.3539992288534,5047.45385883708,8410.668305473284,3296.2457869880004,null,0.0034316751066329767,4825.347404696487,2797.2201643271555,136.18328455728337,4164.014674718523,18775.908017977454,204.46258669591134,4265.584402603614,7880.247181103,51.445167493475694,2460.559974488148,397.3994188212665,10112.90673750225,5952.242755707632,1981.0705639937173,832.9723189215472,71.11701193249897,5908.7329950891035,8404.110205754769,5333.324735021759,15456.641819243903,3155.53315048264,290.5508036822077,18299.73159447332,345.84521928131176,16455.24922494383,73.28148460442036,null,309.690331531268,null,202.47624061985113,1049.238603140607,500.51534663938094,471.8887115004385,641.2019653983584,453.8631864037778,563.2983142154964,502.91438532620526,5635.50205546323,null,3757.0013703088207,3953.5165232853337,2521.681836035172,2446.524668985007,732.7449557384623,null,30787.133252138603,40.43223868279353,421.1578744592392,801.8125141011461,854.4712820099585,null,null,290.51878703771047,2096.3594444623614,383.0472423640395,null,766.0944847280789,2638.491415787939,264.9329458808444,4407.703260384112,5315.283645009599,null,758.9041613865624,null,957.5345627594705],