{"municipalities_area_set":{"area_entities":{"id":[1,2,3,4,5,6,7,8,10,15,17,18,19,20,21,22,24,25,26,27,29,30,31,32,33,34,36,40,41,44,45,51,54,55,56,57,58,59,61,62,63,65,66,69,70,71,75,76,80,82,85,86,88,89,90,91,92,93,100,101,102,103,104,105,108,109,110,111,114,119,121,123,124,126,130,131,135,138,141,143,147,150,152,154,155,156,157,160,162,164],"transport.cargo_vehicle_flow.roads":[353.3009335509447,270.2878353185344,245.43132033182184,242.24182050586185,299.3887166613699,416.0059867031662,1378.8282218616516,277.86586445026165,55.03221795490113,55.03221795490113,62.01868784470108,353.3009335509447,null,67.60134817695827,353.3009335509447,132.75102784892195,55.03221795490113,277.86586445026165,362.7114226535,299.8721373636978,277.86586445026165,354.2679071154508,476.3959596458025,null,0.05432889867752107,362.7114226535,98.02804478233142,39.15382240265624,806.5086496842056,434.11205130253444,31.465537113931575,332.8120007450687,476.3959596458025,39.15382240265624,396.9283327676235,67.60134817695827,393.21849925343764,304.0467496493546,299.3887166613699,416.0059867031662,39.15382240265624,353.3009335509447,272.9958219273276,416.0059867031662,243.11344345070123,173.03773185388985,144.5473325339003,347.12398878091017,31.465537113931575,1300.2608791735483,72.77789364355705,null,31.465537113931575,null,55.03221795490113,353.3009335509447,299.8721373636978,62.01868784470108,62.01868784470108,62.01868784470108,55.03221795490113,67.60134817695827,476.3959596458025,null,476.3959596458025,332.8120007450687,218.35595041733322,173.03773185388985,71.1836777284947,null,1349.0204397917614,5.521851070814734,39.15382240265624,164.12628655349306,227.0942437201407,null,null,39.15382240265624,299.8721373636978,62.01868784470108,null,62.01868784470108,227.0942437201407,67.60134817695827,464.08872255250174,272.9958219273276,null,272.9958219273276,null,94.86715689879583],"transport.volume_to_capacity_ratio.roads.max":[0.6990848113889231,0.5703854526245881,1.1244818906607432,0.545571536094879,1.1233745174015364,1.052298749560952,1.8066479342974338,1.0973792048134121,0.4280356902119745,0.4116095034238509,0.4753728833528134,0.9701207566251715,0.33361954530743076,0.7122997228803196,0.6990848113889231,1.009282397789568,0.4280356902119745,0.7509250913721934,0.9766675732632335,1.6035415274328682,1.6851385174620652,0.8173582420317812,0.8045510628866197,0.21139761487797748,0.7734625176607635,1.0335130238388042,1.2579589024988085,1.3795333919490385,1.1694902795543647,2.0049919040806947,0.6342293592758028,0.6269211553168083,0.9432532586036352,0.8445492832088951,0.6951317971523091,0.8885623984076673,1.5261189641978186,1.6873684373921927,0.786867284861034,0.8689698796687978,0.9926921991808249,1.1881415745865456,1.3261450387403304,1.1781344593531031,1.2997367578028578,1.124922810721955,1.1781344593531031,1.2997367578028578,1.7593498870451698,1.2194865854844095,0.643698948453592,0.21139761487797748,1.7580457621197023,0.7850227979899789,0.4280356902119745,0.6990848113889231,1.126913457920872,0.705020105700337,0.5509275107081596,0.826626548872884,0.44181255789461665,1.129976085446063,0.6096558431364983,0.14663921707511035,0.8045510628866197,0.654942058410891,0.6898964056357301,1.1388218669628665,0.5288151905900843,0.21139761487797748,1.370567679589668,1.279745868619609,1.3795333919490385,0.9969091453567333,0.5720644127020853,0.09139902984336527,0.21139761487797748,0.8538560927902324,0.9322119873717922,0.571214693983573,0.810929118835157,1.0869732866143325,0.8064450380025457,0.7800555728707446,0.7106145946093769,1.4677599395276806,1.0770451526498899,0.9629603271188465,0.0448855752245369,1.0837450045499566],"transport.delay_factor.roads.max":[1.152861965783281,1.0677481842584626,2.023269045663122,null,2.019244194625204,1.7847587943671956,7.818268339222977,1.9281258707637141,1.0214802366206417,1.0183705241382681,1.0326891222870327,1.5668695920476374,1.0079284066746133,1.16475214419946,1.152861965783281,1.6640958561460706,1.0214802366206417,1.2035009487176194,1.5823271637499094,5.231563085708384,6.160863775876842,1.2856470604553716,1.2681602647080519,1.0012831732906537,1.2290535693263596,1.7302032962055174,2.6026761931151308,3.3179755065698306,2.1971992600165557,11.342617590339792,1.103553633666818,1.0988625196834265,1.506632715679774,1.3255966775616121,1.149433714842779,1.3989621525695595,4.471630781557096,6.188235238130094,1.2453499258448608,1.3649210086274117,1.621496103827429,2.27541859539482,2.979447891399429,2.232989588979022,2.826423891291334,2.024874924036979,2.232989588979022,2.826423891291334,7.13181218073181,2.4154289807733935,1.1098781079968458,1.0012831732906537,7.113651467540494,1.243057513880093,1.0214802366206417,1.152861965783281,2.0321486183279207,1.1581197006023853,1.0589629150273372,1.298825305267043,1.0243775438569351,2.0434147772345663,null,1.0003007975656812,1.2681602647080519,1.1177582913817583,1.144982472914766,2.076473057193395,1.0500490297046283,1.0012831732906537,3.258301477482509,2.7166229672062223,3.3179755065698306,1.6321240215681851,1.068542462180192,null,1.0012831732906537,1.3401877735565901,1.4833243849887063,1.0681361290775748,1.2767652469039361,1.8934195634021629,1.2706942746541339,1.2369638784909163,1.1631986136422823,3.9702984884408195,1.8612229925464328,1.5503177922849363,null,1.8828530232063958],"transport.cargo_vehicle_flow.roads.total":[345.53870185441605,2469.9598082047587,7208.865704337841,1677.0423611035455,5072.058543698546,5764.335887938443,81338.3010211116,5109.625557112439,157.05353634934585,528.8738661747245,159.20253035684968,4262.775732322634,null,463.10866856505476,1028.8538738667194,1435.4838869209873,126.62114911357874,2123.0062078002993,3913.3431577784036,3688.840820715882,5008.703288761737,8365.924125520958,3297.849413599758,null,0.027164449338760534,4769.944353998159,2776.3771107726657,135.51379339509447,4430.91750986358,18639.20858933404,207.11642651503416,4250.758821459484,7916.985497951634,51.18870652740674,2459.2676579673607,395.50732038809645,10144.091035975891,6091.331311706189,1966.9911897070092,823.4765554197777,70.76561772873485,5881.920163221602,8435.40001772394,5274.251897089335,15589.322074082,3098.9871040916883,289.0946650678006,17926.36972753764,351.30177880220515,16395.097535287492,72.77836653188855,null,313.84369680380814,null,201.12635853057293,1044.3783372597768,497.7530691998948,468.65641334479784,636.8101214273987,450.7540578932955,559.5414924970223,478.3402211864585,5642.908093189826,null,3761.938728793217,3939.9716051206224,2438.0115398088237,2294.9227745659887,728.0756214019707,null,30761.456916417428,47.558753482812314,419.084459314768,796.8273315595623,849.9494053360124,null,null,289.0799129773147,2084.2452839792677,380.42374855840046,null,760.8474971168008,2624.4489605843255,263.67154692539765,4412.75250668508,5306.21476308185,null,754.8929998454305,null,976.9317602459662],