{"municipalities_area_set":{"area_entities":{"id":[1,2,3,4,5,6,7,8,10,15,17,18,19,20,21,22,24,25,26,27,29,30,31,32,33,34,36,40,41,44,45,51,54,55,56,57,58,59,61,62,63,65,66,69,70,71,75,76,80,82,85,86,88,89,90,91,92,93,100,101,102,103,104,105,108,109,110,111,114,119,121,123,124,126,130,131,135,138,141,143,147,150,152,154,155,156,157,160,162,164],"transport.cargo_vehicle_flow.roads":[353.3008438085226,270.90496179806235,244.7026608052555,242.24182050586188,297.8632845477492,415.3865555058058,1378.6834545989052,277.86501645433634,55.0333180174365,55.0333180174365,62.017587782165734,353.3008438085226,null,67.60281625930214,353.3008438085226,132.75129113514552,55.0333180174365,277.86501645433634,362.0961273068198,299.87217860444287,277.86501645433634,353.83751311017716,476.5367480784336,null,0.016493386711331205,362.0961273068198,96.3487308171147,39.15382240265624,782.0321555705918,434.1120513025344,31.46345990301501,333.2444719612589,476.5367480784336,39.15382240265624,397.06903791046386,67.60281625930214,384.9992290262572,304.19229949640413,297.8632845477492,415.3865555058058,39.15382240265624,353.3008438085226,272.99883528900017,415.3865555058058,243.1134434507012,175.17682258730323,144.54319668321986,347.12134450138115,31.46345990301501,1298.9129178680312,72.78194820893837,null,31.46345990301501,null,55.0333180174365,353.3008438085226,299.87217860444287,62.017587782165734,62.017587782165734,62.017587782165734,55.0333180174365,67.60281625930214,476.5367480784336,null,476.5367480784336,333.2444719612589,218.4304774977973,173.11208043613732,71.18371205302014,null,1349.1612332264594,3.9707972554856346,39.15382240265624,164.12628485858215,227.09426708474996,null,null,39.15382240265624,299.87217860444287,62.017587782165734,null,62.017587782165734,227.09426708474996,67.60281625930214,464.7051465721034,272.99883528900017,null,272.99883528900017,null,95.00576614113426],"transport.volume_to_capacity_ratio.roads.max":[0.699087296388414,0.570598163632757,1.125168935987509,0.5446352067587543,1.123234708524239,1.0537043219304627,1.8013699265095162,1.0971528106802266,0.42807548305741533,0.41157840247757665,0.4753969894704179,0.9703344568333981,0.3295118168503064,0.7130181884014393,0.699087296388414,1.0088274597002371,0.42807548305741533,0.7510652358999854,0.9768819725461246,1.6036911820072017,1.6824575180307972,0.8165245734095397,0.8045625311010765,0.211403452157993,0.7757769320749598,1.0334660417068626,1.2621260834766397,1.3787486224178243,1.1769059187298438,2.0037537465368787,0.6333562116634562,0.6268611618181638,0.9436706341127928,0.8429503346455257,0.6960584044593335,0.888867822885828,1.518264695960837,1.6840627064891027,0.7889673788699649,0.8697568208070487,0.9907868841100399,1.1881463199190794,1.3363953235564445,1.1784680641842655,1.2993774793602466,1.126134622706148,1.1784680641842655,1.2993774793602466,1.7566537286760326,1.2474021117422365,0.6437243032882635,0.211403452157993,1.7577237991963652,0.7830616950739722,0.42807548305741533,0.699087296388414,1.1260552591090307,0.704725830482073,0.550858373129299,0.8261514469797611,0.4418432249757908,1.3488768096551706,0.6096988733220281,0.14643141722587014,0.8045625311010765,0.6548804827105723,0.6870724781270185,1.1356037006373936,0.5286991727926456,0.211403452157993,1.3704545384702909,1.2702840936876212,1.3787486224178243,0.9971635538542488,0.5721128219987267,0.09100728847608959,0.211403452157993,0.8512968822865202,0.9315213435169631,0.5710606334527664,0.8120479109666184,1.0863757227289599,0.8066032294058334,0.780638465973858,0.7114992823249308,1.4685798255654887,1.076505480656536,0.9627640070201269,0.04489088538936056,1.0850846848482925],"transport.delay_factor.roads.max":[1.1528641392759755,1.0678424389462151,2.025772160389684,1.0563122424089633,2.01873689172832,1.7889600623441022,7.738940254175916,1.9273602020274763,1.0214960967149926,1.0183628750300577,1.032689304652394,1.5673692419413783,1.0075450817377207,1.165417863653349,1.1528641392759755,1.6628992900013568,1.0214960967149926,1.203652908105062,1.582838664886085,5.233142992233325,6.128099019420367,1.2844834536239012,1.2681755546520774,1.0012834374009323,1.2318074664656065,1.7300705289637173,2.624018388359289,3.31270553649193,2.227854657046201,11.317093431829056,1.1029845583931521,1.0988246823440766,1.5075300207307345,1.3231379188547865,1.1502320870724976,1.399510974569446,4.400712738162447,6.147697382042304,1.2479797180513947,1.366244698622944,1.6167383709304912,2.2754389711538807,3.041360763085848,2.2343867335051417,2.824405258839972,2.0292982105835327,2.2343867335051417,2.824405258839972,7.094311118341944,2.5495509967744656,1.1099021163755833,1.0012834374009323,7.1091741587335,1.2406378255873873,1.0214960967149926,1.1528641392759755,2.029008084796404,1.1578558693483458,1.0589304550460974,1.2981389004194928,1.0243873071313148,3.1186983422030132,1.0884385358345594,null,1.2681755546520774,1.1177140124923628,1.1426232024659457,2.064356631584947,1.0500051227390326,1.0012834374009323,3.2575558736739176,2.6664159500111655,3.31270553649193,1.632769533926702,1.0685656659559226,null,1.0012834374009323,1.3361275774772734,1.481893662161408,1.0680737676056735,1.2782957587935653,1.8914565522174556,1.2709067335646902,1.2376729536487476,1.1640128364547921,3.976940848637899,1.859498167112016,1.5498691532046782,null,1.8872265084324618],"transport.cargo_vehicle_flow.roads.total":[345.54077145155037,2471.763268990286,7206.455654408277,1677.0423611035458,5072.105406600262,5760.487450500879,81245.53944550689,5109.569222498899,157.0559953564393,528.8826236520445,159.20007134975629,4262.735487211294,null,463.04475629366794,1028.8580130609882,1435.4848140777597,126.62352899715846,2122.9884000248235,3908.678464513605,3688.6181373306035,5006.232818464116,8368.271023916739,3300.262526587505,null,0.008246693355665602,4765.283329023788,2767.759153550337,135.51379339509447,4298.789805826087,18640.204912584966,204.70762026537201,4241.176276934628,7926.9750277143585,51.18870652740673,2461.2127798995602,395.4419400343658,10202.979318275273,5991.620403253388,1966.2519051010568,822.9267786429826,70.76561772873485,5881.9574159700205,8445.725330116691,5271.259182738392,15780.365385144058,3155.1544681635164,289.0863933664397,17985.39797832613,346.48832072471396,16719.825830457095,72.78229330913452,null,310.0966648598892,null,201.12954732744302,1044.386615648314,497.54379932598744,468.64931671702186,636.8002853990251,450.7475220525279,559.5495777965979,494.4984150774989,5647.4513679032225,null,3764.9675786021476,3956.1138175291603,2390.3589831979675,2213.6961374154153,728.0771094557155,null,30947.280460449427,45.84448078035478,419.084459314768,797.2472169025227,849.5288219351091,null,null,289.0799129773147,2083.6397914266217,380.4177304816783,null,760.8354609633566,2623.2645845116467,263.62796002291054,4416.397425235485,5308.875253273693,null,754.893040842373,null,980.6286003296111],