{"municipalities_area_set":{"area_entities":{"id":[1,2,3,4,5,6,7,8,10,15,17,18,19,20,21,22,24,25,26,27,29,30,31,32,33,34,36,40,41,44,45,51,54,55,56,57,58,59,61,62,63,65,66,69,70,71,75,76,80,82,85,86,88,89,90,91,92,93,100,101,102,103,104,105,108,109,110,111,114,119,121,123,124,126,130,131,135,138,141,143,147,150,152,154,155,156,157,160,162,164],"transport.cargo_vehicle_flow.roads":[351.5389581561571,270.9837816801483,244.13834602011616,240.76542944054486,297.6014486289672,414.7309342171269,1373.6942049058803,276.25521614924224,54.738954920769444,54.738954920769444,61.530090200304805,351.5389581561571,null,67.2635128868281,351.5389581561571,132.037160570698,54.738954920769444,276.25521614924224,361.58651365270146,298.0336094273979,276.25521614924224,352.21649318364547,478.2988754130728,null,0.4722991612733577,361.58651365270146,98.48605274385534,38.96745086042065,755.5838030078909,431.59970807026826,31.401324727736455,332.01522148633194,478.2988754130728,38.96745086042065,398.89977969127574,67.2635128868281,408.0313554855079,302.7429906195266,297.6014486289672,414.7309342171269,38.96745086042065,351.5389581561571,271.50169289619924,414.7309342171269,241.67243637781854,171.95992369734094,143.91690733733137,345.2056774164819,31.401324727736455,1289.8557380682114,72.18564138526598,null,31.401324727736455,null,54.738954920769444,351.5389581561571,298.0336094273979,61.530090200304805,61.530090200304805,61.530090200304805,54.738954920769444,67.2635128868281,478.2988754130728,null,478.2988754130728,332.01522148633194,217.09080125657823,171.95992369734094,70.76543378890989,null,1348.0234960645305,3.7472115106698665,38.96745086042065,163.1292374844987,225.8479680421319,null,null,38.96745086042065,298.0336094273979,61.530090200304805,null,61.530090200304805,225.8479680421319,67.2635128868281,461.55301287651525,271.50169289619924,null,271.50169289619924,null,98.47884367940648],"transport.volume_to_capacity_ratio.roads.max":[0.701525969031378,0.5743777811078191,1.1168121729897038,0.5457554231716186,1.1245059664136055,1.0553796714713122,1.8056509796299411,1.1018993589594084,0.43090437403934223,0.41387606494670665,0.47813203347987243,0.973620237680484,0.3311118475166664,0.7165050482503825,0.701525969031378,1.0129854538650225,0.43090437403934223,0.7533035194838734,0.9810861410203134,1.6111862514141977,1.6829510635149552,0.8207354125261401,0.8089187826685613,0.21296969796319445,0.7768746743787736,1.039597780883773,1.270836693120274,1.3866707429712273,1.1431487301197276,2.0102022525335337,0.6363491967506936,0.6294027692816413,0.9505057743209889,0.8472327046985053,0.6985299408071164,0.8928111070487258,1.5303428488936115,1.6912160033607568,0.7920012374225263,0.8717037970730865,0.9961759252979014,1.1910389535970358,1.3205882628843573,1.1838566691373011,1.3022322542746767,1.1298279892790186,1.1838566691373011,1.3021638339511203,1.7656067273697946,1.2289003725252057,0.6474860030959451,0.21296969796319445,1.7557509237894464,0.7866494669566552,0.43090437403934223,0.701525969031378,1.1310933561808405,0.7087131163375603,0.5539856137777687,0.8288468319553245,0.44467636248533754,1.2226613132796138,0.6130963682475471,0.14743816269805482,0.8089187826685613,0.6576682177528594,0.6906086803843611,1.1427559317904152,0.5310715940003362,0.21296969796319445,1.3743914905083654,1.2777120077516182,1.3866707429712273,1.0008353250133377,0.5749073427565254,0.09200720055283676,0.21296969796319445,0.8559779392745006,0.9359655728038309,0.5747588462003741,0.8148960573036951,1.0914023652438296,0.8096539977272591,0.7842979883130747,0.7138717703171561,1.4751070173601022,1.0803110394023054,0.9677373850403465,0.0452223206555166,1.090307132566442],"transport.delay_factor.roads.max":[1.1550083107170555,1.0696579196887521,1.9956358594297066,1.0567769702601695,2.0233566834066012,1.7939897070823911,7.803230810704539,1.9435125812351512,1.0220649823422308,1.01877851385748,1.0334414223471837,1.5750933480320963,1.0076927010617203,1.1686774366495312,1.1550083107170555,1.6738958940796098,1.0220649823422308,1.206091442939364,1.592936980414443,5.312836190851419,6.134118937255112,1.2903973599812182,1.2740309728216612,1.0013224663823426,1.2331223056773855,1.7475518991375412,2.6693175421101185,3.3663195091508658,2.0929264260061755,11.450546336101686,1.104945053907405,1.1004371941594353,1.522395000783388,1.3297545690854822,1.1523772310107807,1.406647692175953,4.510224780842011,6.235718544189743,1.2518160541911008,1.369535124798549,1.6302663801620914,2.287905020669914,2.94647892613901,2.257119242678783,2.8404912868078354,2.0428678794540946,2.257119242678783,2.8401045137577237,7.21950574992413,2.4596430961631155,1.1124867870637203,1.0013224663823426,7.081792467135139,1.2450783709256208,1.0220649823422308,1.1550083107170555,2.0475476326222948,1.1614588503194792,1.0602800940770598,1.3020487907229379,1.025023966595482,2.4302259609376367,1.0904263389541522,null,1.2740309728216612,1.119731215981394,1.1455821420204784,2.0914250344705962,1.0509087300978552,1.0013224663823426,3.283609306800528,2.705736249516191,3.3663195091508658,1.6421411129552366,1.069915166471554,null,1.0013224663823426,1.34358188796461,1.4911560209165282,1.0698429590819414,1.282220684108351,1.9080704358222011,1.2750285836612425,1.2421610986315987,1.1662113999282084,4.03021951042121,1.8717164271769657,1.5613193958149538,null,1.9044308895306614],"transport.cargo_vehicle_flow.roads.total":[343.95139402043856,2473.304049359905,7233.313129405407,1667.7261128388177,5059.784892752622,5710.242456352356,80718.18149223275,5079.852652772882,156.16399520613174,525.9152303912235,157.97958735297973,4243.300106918734,null,460.4390337215518,1024.2666179255973,1427.2663898299022,125.93470158042278,2110.9401842307007,3873.19798705918,3669.6266610231933,4975.4502283476495,8333.02999889637,3297.8550264390597,null,0.23614958063667885,4724.72418945211,2766.6358502902876,134.85359064422858,4076.084603136799,18571.88125857248,204.0688578398335,4224.084837893082,7912.952899136769,50.9349429023984,2454.841297647291,393.17552083472367,10375.897548813144,6079.43013014186,1963.9534080455874,815.7489223360508,70.41866833260872,5854.761262483174,8432.72495824026,5221.483771441216,15257.823665372602,3072.2780253801093,287.83381467466273,18107.212553420322,345.3350662241941,16774.12974824564,72.18968948385412,null,309.1287037276301,null,199.99026440540035,1039.4417461970343,495.16772432049737,465.06853430962764,631.9183494119188,447.3280788110045,556.3200503301978,482.7896876429616,5639.111329737528,null,3759.4075531583526,3920.8133365007807,2499.3438557234017,2440.4455273297704,723.9725262392195,null,30717.691911485592,33.00281767437353,417.03909309707797,791.9529956671906,845.9560696732864,null,null,287.65841935142373,2072.2995884228944,377.4892649062642,null,754.9785298125287,2611.9773998162796,262.1170138898158,4404.564263902691,5290.184319590934,null,750.7587686539072,null,996.9442896812535],