{"municipalities_area_set":{"area_entities":{"id":[1,2,3,4,5,6,7,8,10,15,17,18,19,20,21,22,24,25,26,27,29,30,31,32,33,34,36,40,41,44,45,51,54,55,56,57,58,59,61,62,63,65,66,69,70,71,75,76,80,82,85,86,88,89,90,91,92,93,100,101,102,103,104,105,108,109,110,111,114,119,121,123,124,126,130,131,135,138,141,143,147,150,152,154,155,156,157,160,162,164],"transport.cargo_vehicle_flow.roads":[351.5880081338439,269.64026820955934,243.12472500429908,240.7654294405449,298.0010319137567,413.40806362715364,1373.6638150182962,276.2394507884212,54.66236541296329,54.66236541296329,61.60667970811096,351.5880081338439,null,67.30462807973464,351.5880081338439,131.9605710628919,54.66236541296329,276.2394507884212,360.3698176412671,298.09611530290994,276.2394507884212,352.8188121601807,474.4195810455052,null,0.04305742491684824,360.3698176412671,95.0446868043018,38.96745086042065,795.5182074717295,431.5997080702682,31.385469308275095,331.4287579292582,474.4195810455052,38.96745086042065,395.025206721131,67.30462807973464,383.6175922017724,302.57767552480664,298.0010319137567,413.40806362715364,38.96745086042065,351.5880081338439,271.5777486908673,413.40806362715364,241.67243637781866,172.17080984465687,143.81073275879248,345.1852342955774,31.385469308275095,1289.6837591058754,72.29762894973898,null,31.385469308275095,null,54.66236541296329,351.5880081338439,298.09611530290994,61.60667970811096,61.60667970811096,61.60667970811096,54.66236541296329,67.30462807973464,474.4195810455052,null,474.4195810455052,331.4287579292582,217.27138047188578,172.17080984465687,70.73260276275806,null,1344.151531259312,3.8554696646044824,38.96745086042065,163.10972210894485,225.79848635317097,null,null,38.96745086042065,298.09611530290994,61.60667970811096,null,61.60667970811096,225.79848635317097,67.30462807973464,462.7938622154225,271.5777486908673,null,271.5777486908673,null,94.53916853962515],"transport.volume_to_capacity_ratio.roads.max":[0.7015407090862054,0.5722837561572495,1.1457562758722233,0.5439732432535954,1.1251467986659582,1.058125384244699,1.8083948794377855,1.1013578582013785,0.4307818782879099,0.4136096531532236,0.4781097467727703,0.9734978122268857,0.33819955984465755,0.7137198741253965,0.7015407090862054,1.0121482550254612,0.4307818782879099,0.7539788027569869,0.9822631934024447,1.6105776351783865,1.6905728275628902,0.8194890442776355,0.8065191382827763,0.21294532820734777,0.7863387470107254,1.0398693657712432,1.2639553635708412,1.3867675034204645,1.1465934297985256,2.0094534262372195,0.6363915127663382,0.6295900647877375,0.9465543475275122,0.847042650675182,0.6983175621550639,0.8897756539438804,1.528598467688239,1.6798414550151741,0.7920847980184484,0.8734386993185211,0.9956604454681222,1.1910670704154043,1.2386031282609937,1.1820173205272326,1.304878205723582,1.1266197773767674,1.1820173205272326,1.3018469295519626,1.7655712673578414,1.2562932272818397,0.647546527635164,0.21294532820734777,1.7516809354038012,0.7891141505775849,0.4307818782879099,0.7015407090862054,1.130159151860568,0.7084954443821774,0.553864446454662,0.8290448785499047,0.44452371113579003,1.1408795343323317,0.6107527246550102,0.14734852967713316,0.8065191382827763,0.6578591362840823,0.6929986198318994,1.1420038830054435,0.530626301727079,0.21294532820734777,1.3723775830866727,1.2842399158842757,1.3867675034204645,1.000160270455023,0.5748052760040658,0.09178954874243703,0.21294532820734777,0.8596790457704703,0.9352579518849842,0.5748038018886634,0.8153260045257898,1.0912388325649465,0.8100442877321722,0.7814122911542777,0.7137096341472058,1.4778912611201125,1.0821577817697172,0.9680576723856105,0.04526300313072624,1.0871873127941716],"transport.delay_factor.roads.max":[1.1550311036351728,1.0686476460661742,2.1029325478344307,1.056038967795253,2.025691435878792,1.8022846936774735,7.84467841711081,1.9416592857075932,1.0220298129848766,1.0187365925871823,1.0334375691310922,1.574804147858024,1.0083728271596097,1.1660699805702854,1.1550311036351728,1.6716708440611114,1.0220298129848766,1.2068314227569152,1.59578759605467,5.306323287179985,6.227758432813824,1.288637385156873,1.2707937794459125,1.0013228621720638,1.2446913846762977,1.748333368174927,2.633454052242344,3.366980055590026,2.106159540430661,11.43498318119389,1.1049729712807472,1.1005567985492373,1.5137622523103718,1.3294587821194614,1.1521920024997054,1.401145613506749,4.494247423272654,6.096278488160648,1.2519223430646498,1.372485777529671,1.628962845275517,2.2880266391064183,2.5062902471760635,2.2493247272991317,2.855495409016688,2.0310731018608026,2.2493247272991317,2.8383138807831028,7.219006120871101,2.59420456324339,1.1125288523166577,1.0013228621720638,7.025595683418738,1.248164296350325,1.0220298129848766,1.1550311036351728,2.044091112348714,1.161260581797851,1.0602273737065457,1.3023375831787132,1.0249791289354933,2.0842742210733007,1.0890515793915536,null,1.2707937794459125,1.1198703065622324,1.1476078493807298,2.0885547978961574,1.0507446318329137,1.0013228621720638,3.2702539295220663,2.740863144233791,3.366980055590026,1.6404103910120147,1.0698655298547661,null,1.0013228621720638,1.3495629040364543,1.4896723837315398,1.0698648131636586,1.2828167653489946,1.907526307192867,1.2755592723124702,1.2386167501599674,1.1660604501287575,4.053162351706096,1.8776923663895269,1.5620628734348707,null,1.8941234322520077],"transport.cargo_vehicle_flow.roads.total":[343.97299572294276,2460.3062920839125,7132.856252328239,1667.726112838818,5056.9600959176705,5732.298760567894,80706.5055344002,5079.666204884582,155.99986440519478,525.3243692397793,158.1437181539167,4243.641367312717,null,460.9385427172278,1024.3098213306055,1426.9052972018767,125.77057888942653,2110.8168071832006,3890.171389861785,3663.150770351813,4989.895298726594,8339.467315477834,3286.058307425634,null,0.02152871245842412,4741.75667183094,2750.482776109453,134.85359064422858,4091.921552795957,18513.351324975993,204.29254380065146,4212.718019705031,7890.230119269229,50.9349429023984,2448.9827384825176,393.63391463749315,10170.74663730929,5921.219779977086,1962.7408012705064,818.8998229382705,70.41866833260872,5855.15009312825,8403.886750115345,5245.406335169197,15288.205404062795,3131.192297225447,287.62146551758497,18048.98496156559,345.8141489847527,16820.55648469219,72.29790215286026,null,309.4766596666803,null,199.77689517517638,1039.528153007051,494.6357533713842,465.5390474716114,632.5748726156669,447.75483349133395,555.7893469536024,482.31797211851733,5623.280659565566,null,3748.853773043711,3933.5314623611534,2477.5953587252898,2384.8598046912916,723.4254235694297,null,30833.241807005852,31.509341040908275,417.03909309707797,792.6229071450548,844.6757024370481,null,null,287.65841935142373,2071.195257231625,377.8941160159444,null,755.7882320318888,2608.2904790093708,262.4226097583288,4395.281109106765,5281.795819809691,null,750.9555859930024,null,976.3250331921422],