{"municipalities_area_set":{"area_entities":{"id":[1,2,3,4,5,6,7,8,10,15,17,18,19,20,21,22,24,25,26,27,29,30,31,32,33,34,36,40,41,44,45,51,54,55,56,57,58,59,61,62,63,65,66,69,70,71,75,76,80,82,85,86,88,89,90,91,92,93,100,101,102,103,104,105,108,109,110,111,114,119,121,123,124,126,130,131,135,138,141,143,147,150,152,154,155,156,157,160,162,164],"transport.cargo_vehicle_flow.roads":[421.1741588464603,511.836459334344,300.2172194951514,298.6204319958054,298.6204319958054,476.3583469765756,2078.7415084204663,344.07313041290524,68.88405214807044,68.88405214807044,77.65488804939108,421.1741588464603,null,131.31600021304396,421.1741588464603,162.95014605447105,68.88405214807044,344.07313041290524,333.72175274964985,254.68735729943864,344.07313041290524,316.68140297992113,733.0436145541064,null,null,393.1011478036447,131.31600021304396,46.58165966719521,2078.7415084204663,530.7688808855038,33.259009908725716,646.2536296987234,733.0436145541064,46.58165966719521,646.2536296987234,131.31600021304396,633.895196650681,298.6204319958054,null,476.3583469765756,46.58165966719521,421.1741588464603,511.836459334344,476.3583469765756,298.35999684953737,264.62225662180504,260.6529980313861,379.6376111252982,33.259009908725716,2063.6375771881358,null,null,33.259009908725716,null,68.88405214807044,421.1741588464603,254.68735729943864,77.65488804939108,77.65488804939108,77.65488804939108,68.88405214807044,131.31600021304396,733.0436145541064,null,733.0436145541064,646.2536296987234,275.13784466866804,264.62225662180504,88.34207583077531,null,2063.6375771881358,254.68735729943864,46.58165966719521,260.6529980313861,254.68735729943864,null,null,46.58165966719521,254.68735729943864,77.65488804939108,null,77.65488804939108,254.68735729943864,131.31600021304396,733.0436145541064,332.3436575758413,null,332.3436575758413,null,286.94940151320566],"transport.volume_to_capacity_ratio.roads.max":[0.6091367829308927,0.531694375551595,1.3659182066907773,0.4959030574990601,0.7490749600111432,0.8529565416004692,4.392852332973778,0.8335918250171278,0.32374869539565176,0.31880289074768814,0.35680095383440846,0.9501839172752746,0.28954417872290833,0.44349519932781833,0.6091367829308927,0.8327964721817465,0.32374869539565176,0.5350670538851016,0.6642993180770371,1.4082048825373248,2.5627658320199314,0.6044305714459918,0.7524504807653914,0.15264272416138833,0.6461022745492702,0.7828421888910994,0.8526623057931603,0.9959159012278989,3.691867284014415,2.7319228110351186,0.4915126811673642,0.5931516170364516,0.777391806532168,0.6595592959871032,0.6246482866869697,0.5726230819668922,1.782331547844875,1.0634517182121561,0.4986800210630177,0.6791540704365155,0.7708891043930006,1.064315548556257,0.8797851899842607,1.0118687526956571,1.464426596833331,1.3463676972500407,1.0118687526956571,2.442957314933267,1.3375388338447924,2.920595076577269,0.45775295962797363,0.15264272416138833,1.0430745755740842,0.5318612122588338,0.32374869539565176,0.6091367829308927,0.8757037920782634,0.5259803896541185,0.4137410841349568,0.6233933858232742,0.3361393190294376,1.6083944033601694,0.6117384059583152,0.09556472935728472,0.7524504807653914,0.6260187147741803,1.4039364236875431,2.4313549275935586,0.4265504150989946,0.15264272416138833,1.847855462131312,1.4007836978278536,0.9599344218707923,0.9000324865455963,0.5648266116489655,0.038935037074506566,0.15264272416138833,0.6336350641424016,1.0150628309747056,0.42090704301076703,0.6273247899808815,0.8174889358986988,0.6658758783011628,0.4964623417952314,0.6477749886426466,2.1944386563467417,0.8900744921192689,0.5295841134123317,0.02318730596460485,0.8681751162470984],"transport.delay_factor.roads.max":[1.0881090388531363,1.0511505213700054,3.2277501948492286,1.0386983210420182,1.2015109647736684,1.338756464140955,239.32614878287862,1.3090251041693515,1.007031210824112,1.0066113125297456,1.010375366688458,1.5216877935901605,1.0044948542767462,1.0247662695793547,1.0881090388531363,1.3078473937107826,1.007031210824112,1.0524581313878514,1.1246257863611413,3.516815105976176,28.60741704911444,1.085424211227414,1.2051595179910057,1.0003488403056882,1.1115360755719672,1.2403681186929203,1.338289276361683,1.6296271010342296,119.89339845887558,36.6486562836818,1.0373463845443855,1.0792256667147802,1.233743643815058,1.1211142814873383,1.0974313638485762,1.0688022817192406,7.458737929571371,1.8185801619361057,1.0395853109947957,1.1361535185847387,1.226020381630103,1.8212239397939785,1.3834304168456681,1.6709069311216695,3.9434075913733517,3.1030162371349674,1.6709069311216695,23.79493966986279,3.048317186861163,47.56468303915859,1.0281108833340136,1.0003488403056882,1.7576025246693072,1.0512085133906885,1.007031210824112,1.0881090388531363,1.3763647104457242,1.0489875087074005,1.0187600118583053,1.0966631913879992,1.0081706618582682,5.28291866881828,1.0896278466302227,null,1.2051595179910057,1.0983022491974448,3.4863928028731364,23.36488244710251,1.0211866089004331,1.0003488403056882,8.461748960792395,3.464184258262707,1.5434543802647318,1.419979318113014,1.0651461813142515,null,1.0003488403056882,1.1031710430544568,1.6794205052795954,1.0200812116280018,1.0991090053716681,1.285829801740541,1.1258312283501923,1.0388753006444311,1.11268241410195,15.841542449969706,1.401684796744528,1.0503352408138638,null,1.3635878060365418],"transport.cargo_vehicle_flow.roads.total":[408.1731390438788,3302.3462598852116,7541.487163834538,2037.6721290429896,1746.5761106082764,6457.077685134394,121271.30835553203,6289.294928490812,196.5931805347683,662.0165857221896,199.33565512487922,5068.34729468816,null,720.1309975133793,1211.5183973290548,1764.590028117976,158.49412703228813,2607.8507765261515,3774.911017901112,4319.37554203047,5826.8354689671405,6567.553177194495,4438.404451057075,null,null,4824.384412063053,3702.262228264045,161.6761475907899,9979.07519964003,24970.634451896163,220.04321794056818,6991.88054604838,12041.537151225195,61.20243872666471,3548.580748857911,588.8149973003353,15091.684772113063,5897.487800220543,null,922.4396693049134,84.49326856026232,6951.94438354852,12746.095223081715,5833.600563947602,17492.29055595184,4783.866696452789,521.3059960627722,23550.81424458089,373.5684160636849,25806.552703405458,null,null,332.8364110699127,null,251.76122934495075,1237.5204369342177,479.9306157811633,586.7972957002064,797.3426204995169,564.3779563513438,700.4196746833005,588.8149973003353,7757.1720984167705,null,5171.448065611181,5846.206877346201,3209.7706090122224,3980.690753181825,904.1764999324287,null,47131.17448939073,3614.201667767582,500.1024422466369,1055.542378780202,959.8612315623267,null,null,345.283463770784,1665.0351058252145,476.3261982991496,null,952.6523965982991,2968.3999240746803,392.54333153355685,6173.229839575935,7927.6341740295,null,913.0274130377393,null,2102.4343425240695],