{"municipalities_area_set":{"area_entities":{"id":[1,2,3,4,5,6,7,8,10,15,17,18,19,20,21,22,24,25,26,27,29,30,31,32,33,34,36,40,41,44,45,51,54,55,56,57,58,59,61,62,63,65,66,69,70,71,75,76,80,82,85,86,88,89,90,91,92,93,100,101,102,103,104,105,108,109,110,111,114,119,121,123,124,126,130,131,135,138,141,143,147,150,152,154,155,156,157,160,162,164],"transport.cargo_vehicle_flow.roads":[421.1741588464603,511.83645933434394,300.2172194951515,298.62043199580535,298.62043199580535,476.35834697657566,2078.7415084204667,344.07313041290524,68.88405214807045,68.88405214807045,77.65488804939108,421.1741588464603,null,131.31600021304396,421.1741588464603,162.9501460544711,68.88405214807045,344.07313041290524,333.7217527496498,254.68735729943864,344.07313041290524,316.68140297992113,733.0436145541064,null,null,393.1011478036447,131.31600021304396,46.58165966719521,2078.7415084204667,530.7688808855037,33.259009908725716,646.2536296987236,733.0436145541064,46.58165966719521,646.2536296987236,131.31600021304396,633.8951966506811,298.62043199580535,null,476.35834697657566,46.58165966719521,421.1741588464603,511.83645933434394,476.35834697657566,298.3599968495373,264.62225662180504,260.6529980313861,379.6376111252982,33.259009908725716,2063.637577188136,null,null,33.259009908725716,null,68.88405214807045,421.1741588464603,254.68735729943864,77.65488804939108,77.65488804939108,77.65488804939108,68.88405214807045,131.31600021304396,733.0436145541064,null,733.0436145541064,646.2536296987236,275.137844668668,264.62225662180504,88.34207583077531,null,2063.637577188136,254.68735729943864,46.58165966719521,260.6529980313861,254.68735729943864,null,null,46.58165966719521,254.68735729943864,77.65488804939108,null,77.65488804939108,254.68735729943864,131.31600021304396,733.0436145541064,332.3436575758413,null,332.3436575758413,null,286.9494015132056],"transport.volume_to_capacity_ratio.roads.max":[0.6091367829308927,0.531694375551595,1.3659182066907776,0.4959030574990601,0.7490749600111433,0.8529565416004692,4.392852332973779,0.833591825017128,0.32374869539565176,0.31880289074768814,0.3568009538344084,0.9501839172752744,0.28954417872290844,0.44349519932781833,0.6091367829308927,0.8327964721817466,0.32374869539565176,0.5350670538851016,0.6642993180770369,1.4082048825373248,2.5627658320199322,0.6044305714459918,0.7524504807653914,0.15264272416138833,0.6461022745492702,0.7828421888910994,0.8526623057931602,0.9959159012278991,3.691867284014414,2.731922811035118,0.4915126811673642,0.5931516170364517,0.777391806532168,0.659559295987103,0.6246482866869697,0.5726230819668922,1.7823315478448754,1.0634517182121563,0.49868002106301784,0.6791540704365154,0.7708891043930006,1.064315548556257,0.8797851899842607,1.0118687526956571,1.4644265968333308,1.3463676972500407,1.0118687526956571,2.4429573149332664,1.3375388338447924,2.920595076577269,0.4577529596279737,0.15264272416138833,1.0430745755740842,0.5318612122588335,0.32374869539565176,0.6091367829308927,0.8757037920782634,0.5259803896541185,0.4137410841349568,0.6233933858232742,0.3361393190294376,1.6083944033601691,0.6117384059583152,0.09556472935728472,0.7524504807653914,0.6260187147741804,1.403936423687543,2.431354927593558,0.42655041509899466,0.15264272416138833,1.847855462131312,1.4007836978278536,0.9599344218707923,0.9000324865455963,0.5648266116489653,0.03893503707450656,0.15264272416138833,0.6336350641424017,1.0150628309747056,0.42090704301076703,0.6273247899808815,0.8174889358986988,0.6658758783011629,0.49646234179523135,0.6477749886426464,2.1944386563467413,0.8900744921192687,0.5295841134123317,0.02318730596460485,0.8681751162470981],"transport.delay_factor.roads.max":[1.0881090388531365,1.0511505213700054,3.2277501948492273,1.0386983210420182,1.2015109647736684,1.338756464140955,239.32614878287862,1.309025104169352,1.007031210824112,1.0066113125297456,1.010375366688458,1.5216877935901598,1.0044948542767462,1.0247662695793547,1.0881090388531365,1.3078473937107828,1.007031210824112,1.0524581313878514,1.1246257863611413,3.516815105976176,28.6074170491145,1.085424211227414,1.2051595179910057,1.0003488403056882,1.1115360755719672,1.2403681186929203,1.3382892763616823,1.6296271010342305,119.89339845887558,36.6486562836818,1.0373463845443855,1.0792256667147802,1.233743643815058,1.1211142814873383,1.0974313638485762,1.0688022817192406,7.458737929571377,1.8185801619361064,1.0395853109947957,1.1361535185847387,1.226020381630103,1.8212239397939785,1.3834304168456681,1.6709069311216689,3.94340759137335,3.103016237134965,1.6709069311216689,23.794939669862778,3.0483171868611616,47.56468303915857,1.0281108833340136,1.0003488403056882,1.7576025246693072,1.0512085133906888,1.007031210824112,1.0881090388531365,1.3763647104457242,1.0489875087074005,1.0187600118583053,1.0966631913879992,1.0081706618582682,5.282918668818276,1.0896278466302227,null,1.2051595179910057,1.0983022491974446,3.486392802873135,23.364882447102477,1.0211866089004331,1.0003488403056882,8.461748960792395,3.4641842582627094,1.5434543802647314,1.4199793181130143,1.0651461813142513,null,1.0003488403056882,1.1031710430544568,1.679420505279595,1.020081211628002,1.0991090053716681,1.285829801740541,1.1258312283501923,1.0388753006444311,1.11268241410195,15.841542449969696,1.4016847967445278,1.0503352408138638,null,1.3635878060365414],"transport.cargo_vehicle_flow.roads.total":[408.17313904387885,3302.3462598852116,7541.487163834538,2037.6721290429891,1746.5761106082764,6457.077685134394,121271.30835553203,6289.294928490812,196.5931805347683,662.0165857221897,199.33565512487922,5068.347294688162,null,720.1309975133793,1211.518397329055,1764.590028117976,158.49412703228816,2607.8507765261515,3774.911017901112,4319.37554203047,5826.8354689671405,6567.553177194495,4438.404451057075,null,null,4824.384412063053,3702.262228264045,161.6761475907899,9979.075199640032,24970.634451896167,220.04321794056818,6991.88054604838,12041.537151225193,61.20243872666471,3548.580748857911,588.8149973003353,15091.684772113063,5897.487800220542,null,922.4396693049134,84.49326856026232,6951.944383548521,12746.095223081715,5833.600563947602,17492.29055595184,4783.866696452789,521.3059960627722,23550.81424458089,373.5684160636849,25806.552703405454,null,null,332.8364110699127,null,251.76122934495078,1237.5204369342177,479.9306157811633,586.7972957002064,797.3426204995169,564.3779563513438,700.4196746833005,588.8149973003353,7757.1720984167705,null,5171.448065611181,5846.206877346201,3209.770609012222,3980.690753181825,904.1764999324287,null,47131.17448939073,3614.201667767582,500.1024422466369,1055.542378780202,959.8612315623267,null,null,345.283463770784,1665.0351058252145,476.3261982991496,null,952.6523965982991,2968.3999240746803,392.54333153355685,6173.229839575935,7927.634174029501,null,913.0274130377393,null,2102.4343425240695],