{"municipalities_area_set":{"area_entities":{"id":[1,2,3,4,5,6,7,8,10,15,17,18,19,20,21,22,24,25,26,27,29,30,31,32,33,34,36,40,41,44,45,51,54,55,56,57,58,59,61,62,63,65,66,69,70,71,75,76,80,82,85,86,88,89,90,91,92,93,100,101,102,103,104,105,108,109,110,111,114,119,121,123,124,126,130,131,135,138,141,143,147,150,152,154,155,156,157,160,162,164],"transport.cargo_vehicle_flow.roads":[349.8636439826109,268.31785586122606,242.85013836277346,239.30631914520404,295.4123981910229,411.46535030435604,1368.587028943128,274.62855891456786,54.297108402629405,54.297108402629405,61.20359467143382,349.8636439826109,null,67.00459197334142,349.8636439826109,131.17624808000673,54.297108402629405,274.62855891456786,358.6863252535579,296.33674463573726,274.62855891456786,351.35903275644074,471.6662789533548,null,0.018593120444506856,358.6863252535579,95.59016108411471,38.782685993477386,754.8172423880775,429.10826020382797,31.30117196565462,330.01501138943985,471.6662789533548,38.782685993477386,392.364337116875,67.00459197334142,391.09862130428405,300.92073708416086,295.4123981910229,411.46535030435604,38.782685993477386,349.8636439826109,270.15903500027775,411.46535030435604,240.24570024532522,171.26034659223566,143.07569756631585,343.25162645882125,31.30117196565462,1294.8240929755705,71.82319841958464,null,31.30117196565462,null,54.297108402629405,349.8636439826109,296.33674463573726,61.20359467143382,61.20359467143382,61.20359467143382,54.297108402629405,67.00459197334142,471.6662789533548,null,471.6662789533548,330.01501138943985,216.13928247281976,171.26034659223566,70.2882541323144,null,1338.4312437159983,3.7763286893375656,38.782685993477386,162.10744207225991,224.51354621615258,null,null,38.782685993477386,296.33674463573726,61.20359467143382,null,61.20359467143382,224.51354621615258,67.00459197334142,460.80686205845234,270.15903500027775,null,270.15903500027775,null,93.44941946764328],"transport.volume_to_capacity_ratio.roads.max":[0.7039469104349788,0.5738425606823326,1.1919278514519358,0.5447538808262751,1.1295251848659493,1.0597821729830084,1.8074077862119322,1.105771608454214,0.43346873699205635,0.41576336575783973,0.4807846842697756,0.976849086378398,0.33317092431937806,0.7193023388318052,0.7039469104349788,1.0156249033857188,0.43346873699205635,0.7584297099946519,0.984942709479585,1.6181715664929797,1.6964854035828034,0.8220026177081519,0.8091354215070068,0.21447977716763833,0.7805216828937711,1.045452111858994,1.2785191706028847,1.391999656281387,1.1614006487439557,2.0134373135406824,0.637890954147508,0.6324719225366076,0.9491073675346618,0.8529779999110108,0.7010343413127403,0.8957419702989888,1.5327790334945646,1.6830397060370386,0.7928282960995784,0.8749931697894633,1.0032219692745292,1.193881623273831,1.316846071084322,1.1872199412711462,1.307272534301771,1.1370889615520225,1.1872199412711462,1.305087021383027,1.7693954940512835,1.222573733337499,0.6513663475027276,0.21447977716763833,1.752160664068299,0.7896511242989367,0.43346873699205635,0.7039469104349788,1.1342543646899048,0.712413462958279,0.5568106668396295,0.8335835990039165,0.4471910940519006,1.2119921579427526,0.6120693315287218,0.14786246811744447,0.8091354215070068,0.6609792018179056,0.6921218829637336,1.146356426387279,0.5327294768258671,0.21447977716763833,1.3751325157291032,1.281953072772111,1.391999656281387,1.0040731928303692,0.577590935937883,0.09225737495047262,0.21447977716763833,0.8612104529971565,0.9397141942050747,0.5782430769819594,0.8180581733479195,1.0971359311560336,0.8134471906733935,0.78713711793361,0.7162795032439168,1.4824807629690717,1.0845962612101017,0.972544023228595,0.04561916867073751,1.0915838545461551],"transport.delay_factor.roads.max":[1.1571571965532592,1.0693986459912366,2.291754091249943,1.0563613393996136,2.041750335644426,1.807321304310942,7.82974626711076,1.9568452682859603,1.022597052597469,1.0191286820987757,1.034196564046984,1.5827601851402582,null,1.1713270210610374,1.1571571965532592,1.6809470446636405,1.022597052597469,1.2117587297581436,1.6023152422605742,5.388117387694904,6.301276829796132,1.2921949974479727,1.2743246468247718,1.001360390756203,1.2375307625938732,1.7645335547246102,2.7100505617282193,3.4029043638701495,2.1644161790502743,11.517982047660464,1.1059658065457751,1.1024106154672453,1.519327538489986,1.3387905545798762,1.1545742494559026,1.412013711081776,4.532630210689046,6.135200697071622,1.2528695530904657,1.375144536326085,1.6482881904077316,2.3002445545322203,2.9245093406993634,2.2714658635090808,2.869151575360015,2.069935871609304,2.2714658635090808,2.856683411117933,7.273062894195112,2.429816213290997,1.115207630062629,1.001360390756203,7.032199257418722,1.248840466131151,1.022597052597469,1.1571571965532592,2.0593069228739735,1.1648573999503737,1.0615191264326396,1.3090129063195861,1.0255988099270619,2.3809540025176577,1.089825931784556,null,1.2743246468247718,1.1221605983470433,1.1468622902462504,2.1052452414152967,1.0515474142428518,1.001360390756203,3.2885382696740106,2.7284964211415366,3.4029043638701495,1.6504912558767821,1.0712297550934158,null,1.001360390756203,1.352060372240131,1.4990719040586755,1.0715519940644818,1.286626754664127,1.9273031341784783,1.2802189029128699,1.2456866412592371,1.1684651484390451,4.091265024874771,1.885630135704406,1.5725547881660558,null,1.9086745986417815],"transport.cargo_vehicle_flow.roads.total":[342.397949450208,2446.2449937946694,6797.827352656208,1658.4611979935473,5022.00581261575,5709.196874212386,80497.35421754043,5050.07874888744,154.96010243520556,521.8211566324736,157.10752153125128,4224.4260173194425,null,458.74003911804965,1019.7281538182212,1418.4309398300677,124.93075898998357,2098.7399034755135,3875.4313465400896,3642.8408602768277,4944.746968834413,8274.533669990633,3269.0855564781127,null,0.009296560222253428,4722.039242194697,2742.175515148813,134.19606279995224,4036.692743914294,18418.589326638936,213.23100578454088,4202.926853027573,7846.36527200621,50.68135587315744,2435.7972266235197,391.73544714470825,10317.232611135081,5838.546953866538,1947.9400205490097,815.5995534589124,70.07269886989614,5828.230835185938,8353.857410405943,5224.721008463692,15035.297013001888,3098.902183110455,286.1513951326317,18021.891100648198,363.8596676377724,16408.981300336633,71.82367320048455,null,323.40790648587546,null,198.44519882124501,1034.659542883027,491.68568027130436,462.4881437660704,628.4300861250052,444.81930211070363,552.0875483973753,484.5854335267709,5594.838846070843,null,3729.892564047228,3903.9812030578573,2521.360454318314,2495.735356695312,718.834578188649,null,30355.058648556038,36.68105462770111,415.00130433860977,788.220001548543,839.7240141416395,null,null,286.24013041942464,2058.6889530324884,375.4186377339364,null,750.8372754678727,2593.0562184586875,261.15696476313883,4371.376065664305,5252.392101757045,null,747.0288674953979,null,967.7602322997848],