{"municipalities_area_set":{"area_entities":{"id":[1,2,3,4,5,6,7,8,10,15,17,18,19,20,21,22,24,25,26,27,29,30,31,32,33,34,36,40,41,44,45,51,54,55,56,57,58,59,61,62,63,65,66,69,70,71,75,76,80,82,85,86,88,89,90,91,92,93,100,101,102,103,104,105,108,109,110,111,114,119,121,123,124,126,130,131,135,138,141,143,147,150,152,154,155,156,157,160,162,164],"transport.cargo_vehicle_flow.roads":[349.84960539178024,268.2958809853311,242.25817116971967,239.30631914520404,294.6194696721437,411.51158361700936,1364.0028357836034,274.6345825013555,54.36222176558182,54.36222176558182,61.138481308481445,349.84960539178024,null,66.99091385757576,349.84960539178024,131.24136144295912,54.36222176558182,274.6345825013555,358.6970386325739,296.3161715969703,274.6345825013555,350.9377935174727,472.38195199616763,null,0.3712855959519176,358.6970386325739,94.49129793244606,38.78268599347738,732.6241382171603,429.10826020382785,31.289876804627653,330.4475457894349,472.38195199616763,38.78268599347738,393.07520767189766,66.99091385757576,429.21781840336155,320.9159741890503,294.6194696721437,411.51158361700936,38.78268599347738,349.84960539178024,270.13706298376894,411.51158361700936,240.2457002453252,171.08126927317153,143.10753210196194,343.2564680083634,31.289876804627653,1273.7617887994734,71.78612093143516,null,31.289876804627653,null,54.36222176558182,349.84960539178024,296.3161715969703,61.138481308481445,61.138481308481445,61.138481308481445,54.36222176558182,66.99091385757576,472.38195199616763,null,472.38195199616763,330.4475457894349,216.00974414168064,171.08126927317153,70.31567764301593,null,1339.1412374236706,3.447959850972778,38.78268599347738,162.11294505716108,224.5300506655352,null,null,38.78268599347738,296.3161715969703,61.138481308481445,null,61.138481308481445,224.5300506655352,66.99091385757576,460.79137299431187,270.13706298376894,null,270.13706298376894,null,94.18512529809689],"transport.volume_to_capacity_ratio.roads.max":[0.7039352668358747,0.5740287092923483,1.1934034898914594,0.5436482855549727,1.1305766000923918,1.0575533816150537,1.8070310735249169,1.1054381991362534,0.4334738382027816,0.4158195848030058,0.4807227726516626,0.976645235785847,0.34530065119778536,0.7146037264587146,0.7039352668358747,1.0158565249287583,0.4334738382027816,0.7561878676497886,0.9844433312115218,1.620997805425481,1.7095452527620039,0.8230092937751555,0.8094971732129799,0.21448275317376844,0.7803233985181898,1.0453290793719254,1.2670616948494229,1.3926415495780227,1.1534745719656967,2.011982986566607,0.6369882350262615,0.6324655741657939,0.9494837035743793,0.850706012759085,0.7014072283317935,0.8906626234148907,1.5355697995397786,1.682032364725214,0.7951126755031604,0.8735352471663298,1.000082091522995,1.19387342301274,1.296609600341398,1.1902304573757274,1.305227983671095,1.1260403577910107,1.1902304573757274,1.305227983671095,1.7666543771017487,1.2522991404866939,0.6527815615396768,0.21448275317376844,1.7540541319285858,0.7933340804249267,0.4334738382027816,0.7039352668358747,1.1336993524432049,0.7119247978228912,0.5566475148199849,0.8327246259370927,0.44720552703705946,1.0779151332774901,0.6124102690264512,0.14792400154235388,0.8094971732129799,0.6609678670531133,0.694742679488062,1.1432049279770948,0.5328375684317764,0.21448275317376844,1.3753677756719294,1.2742646389641343,1.3926415495780227,1.00689975229574,0.5776061614776343,0.09198752122918216,0.21448275317376844,0.8671383080891963,0.9414318770485498,0.5781423603904311,0.8188743324098421,1.096106859976802,0.813474192459592,0.7822907869123447,0.7166456547826118,1.4801699901350236,1.083787476279175,0.9723433921119498,0.04559855130865413,1.0906006897545546],"transport.delay_factor.roads.max":[1.1571487275355206,1.069488738637944,2.298162884301085,1.0559051819292378,2.045634595973393,1.800551299963903,7.824054031365575,1.9556917683434722,1.0225922463911423,1.01913373416211,1.0341723216436685,1.5822738916890238,1.009098495057608,1.1668941370814043,1.1571487275355206,1.6815684393048138,1.0225922463911423,1.2092660586738837,1.6010946455062465,5.418854294157376,6.466412229713065,1.293628990429315,1.2748155608418936,1.0013615355544268,1.2372894845074467,1.7641737262426826,2.6495710304556734,3.4073396391277053,2.1329534708077413,11.487625960476352,1.105367243455073,1.1024065037857584,1.5201517147639392,1.3351953486960708,1.1549033901665304,1.4027475287191704,4.558428325061387,6.12291754658789,1.2557965494084762,1.3726504996262534,1.6402101801781135,2.3002088316103846,2.808909774495852,2.284411577984703,2.8574857016733066,2.028953617585397,2.284411577984703,2.857485701673306,7.234280648900107,2.574027457623985,1.1162121375204583,1.0013615355544268,7.058316275943626,1.2535154427347002,1.0225922463911423,1.1571487275355206,2.0572350880281745,1.1644055431677154,1.0614470548308574,1.3077411741582554,1.025598152586929,1.8640089690145123,1.0900222434265356,null,1.2748155608418936,1.1221522191058897,1.149099398430285,2.0931413574533444,1.0515892631666353,1.0013615355544268,3.290104779251743,2.6874017692458474,3.4073396391277053,1.6578470174939446,1.0712372659754827,null,1.0013615355544268,1.3618540726259825,1.5027308911551724,1.0715021562667606,1.2877723130054468,1.923828927739116,1.2802561114138888,1.2396916120311594,1.1688098802757876,4.072036371481316,1.8829914266081142,1.572082473238459,null,1.9054053284822519],"transport.cargo_vehicle_flow.roads.total":[342.3909301547926,2449.0497816908714,7157.55294959958,1658.461197993547,5018.904956788119,5704.6659396408695,80904.02003643353,5050.146212055707,155.09890774568646,522.3215308529942,156.96871622077043,4224.347552464591,null,458.7121371007403,1019.7141152273903,1418.735973961731,125.07012688612225,2098.789536282891,3871.1454246313083,3644.263717899129,4920.129444123256,8285.722904950018,3271.9006751390775,null,0.1856427979759588,4717.73623315684,2736.7682066799707,134.19606279995222,3897.3156602504355,18405.583315922253,208.0882708406753,4217.655067140545,7853.739460675231,50.68135587315743,null,391.7212232431645,10675.359934447682,6288.4562150087695,1945.9931283757537,814.9522770915528,70.07269886989612,5828.1044878684625,8362.116836255094,5220.127354375531,15462.145448319912,3139.0303966094802,286.2150642039239,17717.424795744406,353.5967880720953,16434.127978324195,71.78754959371246,null,315.4080965731956,null,198.625701983436,1034.6314657013654,491.6429438697379,462.0905727607534,627.8748648830818,444.4594209576374,552.5353958389787,470.22357868658423,5599.039949942878,null,3732.6932999619185,3900.9629454348938,2397.542914446634,2286.4518015746385,719.2972625569184,null,30497.72874701805,39.46059228156922,415.0013043386096,788.3082366652918,839.710788552051,null,null,286.24013041942453,2058.396630243311,375.0759137500223,null,750.1518275000448,2593.0220478433775,261.14748216210967,4374.126996332204,5254.584223191511,null,746.9668299036074,null,972.5464304102995],