{"municipalities_area_set":{"area_entities":{"id":[1,2,3,4,5,6,7,8,10,15,17,18,19,20,21,22,24,25,26,27,29,30,31,32,33,34,36,40,41,44,45,51,54,55,56,57,58,59,61,62,63,65,66,69,70,71,75,76,80,82,85,86,88,89,90,91,92,93,100,101,102,103,104,105,108,109,110,111,114,119,121,123,124,126,130,131,135,138,141,143,147,150,152,154,155,156,157,160,162,164],"transport.cargo_vehicle_flow.roads":[395.6118412013014,493.201660236159,270.578047462194,279.90745510238344,279.90745510238344,450.18432285751464,1968.3595359655972,322.6345702050985,64.50639519861895,64.50639519861895,72.71983487340253,395.6118412013014,null,135.58362129662436,395.6118412013014,152.77852673795638,64.50639519861895,322.6345702050985,313.4772367080019,238.8147032574327,322.6345702050985,297.93244720752284,701.5702333873891,null,null,369.08708344586364,135.58362129662436,43.7620929110007,1968.3595359655972,497.76150080270776,31.336467523886657,607.4268890221122,701.5702333873891,43.7620929110007,607.4268890221122,135.58362129662436,595.1664073625666,279.90745510238344,null,450.18432285751464,43.7620929110007,395.6118412013014,493.201660236159,450.18432285751464,279.7405374883375,236.10954157787057,244.52689126617273,358.9553580404421,31.336467523886657,1954.2402791254117,null,null,31.336467523886657,null,64.50639519861895,395.6118412013014,238.8147032574327,72.71983487340253,72.71983487340253,72.71983487340253,64.50639519861895,135.58362129662436,701.5702333873891,null,701.5702333873891,607.4268890221122,258.28263513921286,236.10954157787057,82.77565534704678,null,1954.2402791254117,238.8147032574327,43.7620929110007,244.52689126617273,238.8147032574327,null,null,43.7620929110007,238.8147032574327,72.71983487340253,null,72.71983487340253,238.8147032574327,135.58362129662436,701.5702333873891,311.97208369343844,null,311.97208369343844,null,282.08904549792953],"transport.volume_to_capacity_ratio.roads.max":[0.5954104398107903,0.5163883086731009,1.3408549830109633,0.497298776816706,0.7552336124406148,0.8327984160645611,4.145441749304964,0.818568277513241,0.3178041130551331,0.31375891950707147,0.35001123805575973,0.9417866668677651,0.2869834577884553,0.4383374495252933,0.5954104398107903,0.8194828356200546,0.3178041130551331,0.5272262111531687,0.6601554782967531,1.3814326694970014,2.577107097250802,0.5873939512303387,0.7312063705631868,0.1489553136176048,0.6344628701084656,0.7601342253975548,0.8196360901065048,0.9814715026738101,3.6288796458306187,2.7184705290587137,0.4875738214493038,0.5689657603509325,0.7475144075411709,0.6482681631398318,0.6123654356254978,0.5676791859239672,1.7718439126875345,1.0707912664174597,0.5124565920944831,0.6660611884018816,0.7577865168725828,1.038581269056686,0.8698161081233025,0.9860313365223067,1.365937235700064,1.3260788654595994,0.9860313365223067,2.397903690362995,1.3291517608571948,2.848180886893265,0.448327953293734,0.1489553136176048,1.027392863897371,0.5263841633529258,0.3178041130551331,0.5954104398107903,0.8587242489933901,0.5166793996497963,0.4059740933690438,0.6173084604419553,0.3300877954627327,1.5944111907848453,0.5908468838434817,0.09390770493054516,0.7312063705631868,0.601183163283154,1.3636649487016659,2.3887906916344366,0.41889877070386683,0.1489553136176048,1.8086894939172167,1.329529011752785,0.9400809648917,0.8751641175172074,0.5519033867685228,0.04419234945166711,0.1489553136176048,0.6238517667126696,0.9968249795032568,0.41132457249861115,0.6234353054660059,0.8051171718030289,0.6495009522088123,0.49114625329583117,0.6323801232976374,2.157566458366044,0.8829200212421192,0.5189319240071227,0.022761338893475185,0.8547984426638187],"transport.delay_factor.roads.max":[1.0804244790944033,1.045500575519687,3.0687951882347133,1.0391361901697487,1.2082117410626736,1.3078502679849822,190.0058836198346,1.2873300318926666,1.0065203308848667,1.0062020073055298,1.009594409937187,1.5034891601683977,1.004335001752634,1.0236324367988887,1.0804244790944033,1.2886286380950958,1.0065203308848667,1.0494409853899374,1.1215475141162654,3.3308241803830745,29.23043175898908,1.0761818090319974,1.1829638476422715,null,1.1037130426272361,1.213677425225548,1.2888446086646834,1.5938691303128403,111.98321111587484,35.95251982292411,1.036164027534086,1.0670627791897556,1.1998288755315036,1.1130313067740465,1.0899916216820853,1.0664584581605898,7.308056132247738,1.8414127971951404,1.0441437967241105,1.1259555821002447,1.211041307463228,1.7446323794687926,1.3663445696905145,1.604963576516838,3.228004508239722,2.979052831271413,1.604963576516838,22.159573918912557,2.997420957688112,43.11548968861148,1.025858631020972,null,1.7130601290373413,1.0491421372745158,1.0065203308848667,1.0804244790944033,1.3480125304994006,1.045603772304366,1.017382718998421,1.092937051639634,1.0075975935607728,5.136007423953445,1.0779932594828237,null,1.1829638476422715,1.0835959983569483,3.2131491571635165,21.840222639955076,1.0197050309749978,null,7.848973592609209,2.999685727784174,1.4998515118912499,1.3754377907395177,1.0593855646767352,null,null,1.096940579433852,1.6318942036068982,1.0183170750209323,1.0966749111828742,1.2689158076423357,1.113887848058932,1.0372376601771125,1.1023469094992304,14.8687302694089,1.3889246183791157,1.046406269152137,null,1.3416920410759468],"transport.cargo_vehicle_flow.roads.total":[383.62479885228583,3105.216962310016,6986.311086126201,1911.6982689140516,1638.5985162120442,6082.029065161005,114010.85537184862,5874.835595341119,184.0994686211188,619.9447067202213,186.66765594772372,4776.089128304949,null,725.2805016232733,1138.887354207842,1654.3655029439235,148.4216516912802,2434.5197383185914,3545.2786479997667,3940.5181189205987,5372.998213779134,6183.877169968417,4198.482266101479,null,null,4529.363164361181,3605.474909347583,151.859755384953,9451.837128889441,23538.860749738793,207.35525451449433,6571.600031694883,11458.941502281263,57.47774401230129,3363.8746601389967,589.696880326649,13966.510008708252,5532.974873061313,null,868.8612950230006,79.35879046780164,6533.6086228378745,12108.536038597067,5499.922441140997,16367.593468128567,4414.881758568403,489.05378253234545,21940.2636089366,352.03757398121525,24355.30902392148,null,null,313.6442540653987,null,235.76152751447057,1162.8614389058732,437.83534654673315,549.5056849523432,746.670623790895,528.5111191706873,655.9072373223429,589.6968803266489,7350.078749233299,null,4900.0524994888665,5494.773140408851,2928.833378875446,3595.2757089345296,847.1449758972036,null,44516.61585120087,3303.6621290845646,469.7307738573427,995.1821269487358,875.6706930934664,null,null,324.2929874218569,1512.5266829294999,446.0551467688499,null,892.1102935376998,2711.3235934846334,393.13125355109935,5872.436788013379,7454.00400288749,null,851.3919558233275,null,2031.8613124788455],