{"municipalities_area_set":{"area_entities":{"id":[1,2,3,4,5,6,7,8,10,15,17,18,19,20,21,22,24,25,26,27,29,30,31,32,33,34,36,40,41,44,45,51,54,55,56,57,58,59,61,62,63,65,66,69,70,71,75,76,80,82,85,86,88,89,90,91,92,93,100,101,102,103,104,105,108,109,110,111,114,119,121,123,124,126,130,131,135,138,141,143,147,150,152,154,155,156,157,160,162,164],"transport.cargo_vehicle_flow.roads":[386.95624137950097,411.1850491597804,334.92159049789166,273.5942027931534,357.95558174745514,332.7071129683924,1736.4293292458306,315.3971160922704,63.03181278040425,63.03181278040425,71.05749752484006,386.95624137950097,null,61.32950266653086,386.95624137950097,149.34539184612328,63.03181278040425,315.3971160922704,271.30207775930234,357.95558174745514,315.3971160922704,310.8700918990712,615.1833365887097,null,86.51935000039718,271.30207775930234,90.45147867559328,42.807066872425935,1736.4293292458306,486.6160824143987,30.68171044517081,594.2642989267712,615.1833365887097,42.807066872425935,594.2642989267712,61.32950266653086,514.2587124998413,273.5942027931534,357.95558174745514,332.7071129683924,42.807066872425935,386.95624137950097,411.1850491597804,332.7071129683924,273.45590124265186,302.1624972618818,146.9758708408748,395.70400208708446,30.68171044517081,1789.0679611362943,92.10261549376158,null,30.68171044517081,null,63.03181278040425,386.95624137950097,357.95558174745514,71.05749752484006,71.05749752484006,71.05749752484006,63.03181278040425,61.32950266653086,615.1833365887097,null,615.1833365887097,594.2642989267712,263.7156147187499,302.1624972618818,80.89885436305144,null,1789.0679611362943,null,42.807066872425935,185.78641898549998,265.85296625369364,null,null,42.807066872425935,357.95558174745514,71.05749752484006,null,71.05749752484006,265.85296625369364,61.32950266653086,615.1833365887097,305.08198426539195,null,305.08198426539195,null,204.73164784729573],"transport.volume_to_capacity_ratio.roads.max":[0.5957431925480469,0.49655565694568543,1.3498488098921362,0.47163864127396193,1.9903785583478804,0.8048185748629212,4.244560646371719,0.8240471348566182,0.32057760155635806,0.3162469845124952,0.3531462123917044,0.9480164039179556,0.290175589970505,0.44010072940227396,0.5957431925480469,0.8239051260306108,0.32057760155635806,0.5259421860570593,0.6745644657690412,1.385879203358046,2.5399248633944738,0.5426674454743554,0.6906929815293231,0.14780946844895576,0.6307650575451442,0.7644146648196203,0.8496313091099635,0.9919994880619232,4.244560646371719,2.742909250496991,0.4927125339877742,0.5613198987385801,0.8238026160577052,0.6528166246572686,0.5850700436362669,0.5686923454201613,2.2018043625160106,0.9855040007471151,1.3168641465624278,0.6450754229178537,0.7632109062457252,1.0376724389427971,0.8882508390686054,1.0275762728716424,1.4403066089980232,1.324527217764553,1.0275762728716424,2.4169165678862963,1.3450376974740643,3.7498784439794073,0.5144735315676705,0.14780946844895576,1.0441910806895869,0.5302609402971428,0.32057760155635806,0.5957431925480469,0.916041014180199,0.5209377616993316,0.40969698629286355,0.6224798427124452,0.3328662623903044,1.5968787452753959,0.5544051549522419,0.09467304291915997,0.6906929815293231,0.5939585200263945,1.441934496182611,2.4012541197710404,0.42113311995975616,0.14780946844895576,2.1367073648940895,0.7311857243762558,0.9505287955146818,0.9086814685306677,0.553086945427161,0.07486814889074499,0.14780946844895576,0.630392753490603,1.0451399591777033,0.4146179918492476,0.6296860413956017,0.811025471787158,0.6351216393331509,0.49328941977929947,0.6053908755272193,2.1677223612774674,0.9034475761120219,0.5217313454396537,0.023026124553622036,0.8925208276872096],"transport.delay_factor.roads.max":[1.0806073173142043,1.038904489325599,3.1248118799948372,1.031660044592422,11.04458733206682,1.2685170941093091,208.73182187365828,1.2951128966103087,1.0067560536574114,1.0063937750036167,1.0099475948771737,1.5169438615950477,1.0045324499571957,1.0240046261132918,1.0806073173142043,1.2949095208458559,1.0067560536574114,1.0489677328027558,1.132523290243034,3.360959452523443,27.635659331249343,1.0555063101388273,1.1456436982448508,null,1.101301476886293,1.218522426592602,1.3335047359537155,1.6197631725434722,208.73182187365828,37.22644608249612,1.0377117744697824,1.0635374560092754,1.2947627780985247,1.1162371081286933,1.0749943741075407,1.0669466473223306,16.0419693293843,1.6037092457191224,2.9246520877881235,1.110826430889346,1.2171492057078463,1.7420523562907062,1.3984028895427418,1.7135429824802018,3.7542273587448256,2.9698063005098487,1.7135429824802018,22.838691288328196,3.0946373816096697,127.54396151786422,1.0448353109467667,null,1.760851481955573,1.050591757946787,1.0067560536574114,1.0806073173142043,1.4506327247353303,1.047129675484456,1.0180304106371971,1.096081955278406,1.0078520532660373,5.161670917596744,1.0604629055005859,null,1.1456436982448508,1.0796541324095466,3.766750334308619,22.278081396692937,1.0201306392040448,null,14.339850849785998,1.1829399350992509,1.5224456121262688,1.4363416392857795,1.0598822488185844,null,null,1.101070595087704,1.763598539139071,1.0189028408291314,null,1.2768968090891493,1.1041376117745032,1.0378988370369988,1.0859683934016342,15.131706351623995,1.4263595324073586,1.0474279641226114,null,1.4061190971536095],"transport.cargo_vehicle_flow.roads.total":[375.3037134158535,3234.247257003127,7538.870123076176,1869.1328574342851,6180.218125165498,4550.105750914443,104378.65501356166,5765.183446736701,179.89105116428374,605.7730953322318,182.40053107332432,4590.17257754464,null,390.8287201116086,1114.2586122839132,1617.1653088251949,145.02881044829235,2391.120247024979,2925.32122941598,4578.104247364683,5691.134956229578,6333.29358309879,4222.0760830567115,null,43.25967500019859,3887.331010873567,2616.4382812812955,148.53599703549918,8357.317628012577,21268.26870835038,203.03283085351714,6293.996951138433,11031.902994216438,56.216931151240196,3262.2030537936957,329.49921744507776,11340.499320013445,5409.80605743901,2468.0299145560693,650.0151072734918,77.62046458745317,6391.815656033157,11831.025990410608,4147.9375897116,16037.01443431439,4766.608451384617,293.9517416817496,22971.408187684967,344.70224081669267,24889.431809079197,92.10261549376158,null,307.1060554840399,null,230.37214244196971,1137.5636682112079,617.0074786390173,536.9442727195744,729.6021242932974,516.4296317187772,640.9135413150361,329.49921744507776,7255.889129468132,null,4837.259419645421,5250.161441416059,3441.5572810786643,4379.969201574655,827.9182034573882,null,44257.42561449357,null,459.447434391309,849.2452456413274,1049.8097262905117,null,null,317.1867904892198,2577.3884796395537,435.85855967148876,null,871.7171193429775,3226.135059910172,219.66614496338514,5693.836138107938,7349.660148652942,null,838.1163587932454,null,2204.545641106202],