{"municipalities_area_set":{"area_entities":{"id":[1,2,3,4,5,6,7,8,10,15,17,18,19,20,21,22,24,25,26,27,29,30,31,32,33,34,36,40,41,44,45,51,54,55,56,57,58,59,61,62,63,65,66,69,70,71,75,76,80,82,85,86,88,89,90,91,92,93,100,101,102,103,104,105,108,109,110,111,114,119,121,123,124,126,130,131,135,138,141,143,147,150,152,154,155,156,157,160,162,164],"transport.cargo_vehicle_flow.roads":[378.194544116893,292.3686310071647,273.8180587753361,267.2238445138486,267.2238445138486,521.2331052883283,1401.9227210757988,304.76825258797516,61.545936277789124,61.545936277789124,69.38242804405851,378.194544116893,null,71.57405163225735,378.194544116893,145.87987661265765,61.545936277789124,304.76825258797516,383.0046857051087,248.11414051836698,304.76825258797516,372.5690651378852,500.6820176505266,null,0.003290709080745502,383.0046857051087,103.73745174511126,41.84007222853508,789.4387287052123,475.36137449858245,31.718706737731807,349.59464982466795,500.6820176505266,41.84007222853508,426.6434615754448,71.57405163225735,427.32104372066664,358.1448118671524,235.15750514247645,521.2331052883283,41.84007222853508,378.194544116893,294.7882705195504,521.2331052883283,267.1118332814936,217.52459741986107,236.8888726177688,378.3029469041194,31.718706737731807,1326.9389674421545,0.005956717621151755,null,31.718706737731807,null,61.545936277789124,378.194544116893,248.11414051836698,69.38242804405851,69.38242804405851,69.38242804405851,61.545936277789124,71.57405163225735,500.6820176505266,null,500.6820176505266,349.59464982466795,239.85295584667136,191.40659122120996,79.00609761078968,null,1401.3696102417198,17.38632307828093,41.84007222853508,236.8888726177688,248.1049845493132,null,null,41.84007222853508,248.11414051836698,69.38242804405851,null,69.38242804405851,248.1049845493132,71.57405163225735,491.9235219755082,294.7882705195504,null,294.7882705195504,null,100.4073194817948],"transport.volume_to_capacity_ratio.roads.max":[0.5978939455675494,0.45606266379535604,1.1471208860355846,0.49371490525646017,1.1642205987261336,0.8677968014486578,1.6247613215900898,0.8769043399298814,0.3234876093657866,0.32104635122083897,0.3593440192560718,1.0682256482143873,0.30904193196263874,0.5116958552114627,0.5978939455675494,0.8306982238566963,0.3234876093657866,0.598963640028129,0.7458874066165379,1.183434824930226,1.4366088833044093,0.6673956041038857,0.67086839088375,0.1515525997630966,0.634949023247821,0.7910817850035695,0.8128569736282871,1.0867464137113059,0.9713483194896767,1.642460455363687,0.5365040933155202,0.5073218421438034,0.7466477259250414,0.660320124258971,0.5683681564613031,0.6525906527519181,1.2381767400977155,1.5174737874842568,0.7778071231085052,0.7135051635873516,0.7729909352446427,1.0404487316134001,1.2819107763610846,1.0074695077254536,1.08759583870083,0.8725593366942064,1.0074695077254536,1.0662028475227898,1.4889627548187978,1.0609605502196353,0.45316439729099317,0.1515525997630966,1.5830329298404464,0.6244363201867112,0.3234876093657866,0.5978939455675494,0.8800910093890847,0.5325581383062394,0.4169798682773027,0.6475916354440159,0.3362444655742828,0.9901068716105613,0.5201664824398856,0.11125238852492846,0.67086839088375,0.5274768330977725,0.6643417134039428,0.7670745519269554,0.4275216717796099,0.1515525997630966,1.2275405309168643,1.134018808424112,1.0399406286996906,0.8874703088155247,0.558160354933105,0.07257346336697659,0.1515525997630966,0.6631168203700912,1.0049861296088174,0.41981297075797924,0.6525685654778491,0.8361906769585333,0.6524478550718265,0.5686433419316705,0.5848036938350911,1.1137602708320056,0.8926307338392926,0.7044041860646187,0.028064422396792472,0.8549550640436249],"transport.delay_factor.roads.max":[1.081785553392531,1.0276871371667542,2.1081963686763574,1.038026375206221,2.1757665219484346,1.3629544740611037,5.460034945259842,1.378432870398919,1.0070042837427056,1.0067970159877055,1.010672739202565,1.8333587099273492,1.0058302199105813,1.0438760548381956,1.081785553392531,1.3047565872183495,1.0070042837427056,1.0823724174366287,1.1980947987740802,2.2553284005822016,3.7260521785952454,1.1269735731295705,1.1296370958370205,null,1.104024446051442,1.250648732760582,1.279406508168454,1.8926738993005239,1.5697442443715144,5.657572912321341,1.0530239568389828,1.0423949587476216,1.1989037452712317,1.1216740900499047,1.0667880749957468,1.1160762501795811,2.5042171609878494,4.393632150462593,1.234243548400717,1.1658702333629871,1.228495461413883,1.7500025057743862,2.7282683142677326,1.6593372558655868,1.8954681077005302,1.3709879929886069,1.6593372558655868,1.8270643975453187,4.1456855795489,1.810917956264138,1.0269852106931767,null,5.019201410512076,1.0973044264325957,1.0070042837427056,1.081785553392531,1.3839638271289763,1.0514811307121399,1.0193608271460033,1.1125602104362626,1.008174150913463,1.6150469547761745,1.0468533610709005,null,1.1296370958370205,1.0495442814672147,1.1246654367815236,1.2215798551843255,1.021380236893447,null,2.453193130565242,2.058427230730754,1.748538524365599,1.3970043842836928,1.062117778893251,null,null,1.123748559094004,1.6528602776541659,1.01989049472591,1.1160517483114276,1.3128968985527145,1.1159815411699316,1.0669086271100598,1.0748549289488465,1.984797329139943,1.4063191741990357,1.1575678781484027,null,1.3419425375038072],"transport.cargo_vehicle_flow.roads.total":[366.87288469184426,2611.0268010574728,7599.772516671608,1826.1249597780852,4860.906850357451,6691.903520498294,86409.276596146,5583.466172652785,175.65040070279417,591.4929410963628,178.10072354390124,4514.14847880353,null,474.5255956867479,1089.296994650484,1579.6168023828911,141.6099828413806,2311.782747881718,4122.814815363152,3568.7981929707,5508.968875575982,8679.71063893834,3478.498636528631,null,0.001645354540372751,5062.539788181268,2901.720889610362,145.17162749587777,4315.931466358728,18782.29399549094,240.87510327591843,4439.128488450998,8448.580192469633,54.94101276871676,2639.6077710998725,402.95154405449057,11697.468326015127,6645.144899049997,1765.4071949879276,955.986217214042,75.8610488829843,6248.160699186401,9064.758931319746,6011.337300383313,17843.155038603913,3404.073061005175,473.7777452355376,20136.934824555152,418.3127930763732,17189.668795544498,0.005956717621151755,null,366.16065963605445,null,224.94147912749108,1111.9403135005814,471.6933961861995,524.2866504356123,712.4028941756048,504.2556100434294,625.8050059701042,461.50809463885287,5955.6332377562085,null,3970.422158504139,4183.0733756945,2403.847851697883,2050.199914338356,808.5299556221908,null,31895.005658270475,229.78703225748137,449.0386981291466,956.5415721619033,943.3722921473475,null,null,309.994665802028,1663.2158753884528,425.58387513186096,null,851.1677502637218,2911.7870906612916,268.6343627029937,4741.851617329209,5703.772948276389,null,810.2512971649976,null,1045.8676392665063],