{"municipalities_area_set":{"area_entities":{"id":[1,2,3,4,5,6,7,8,10,15,17,18,19,20,21,22,24,25,26,27,29,30,31,32,33,34,36,40,41,44,45,51,54,55,56,57,58,59,61,62,63,65,66,69,70,71,75,76,80,82,85,86,88,89,90,91,92,93,100,101,102,103,104,105,108,109,110,111,114,119,121,123,124,126,130,131,135,138,141,143,147,150,152,154,155,156,157,160,162,164],"transport.cargo_vehicle_flow.roads":[370.0081876733726,288.7777395485889,270.37158990452826,261.1371197016635,261.1371197016635,506.94837841472923,1366.4888200604792,297.8912926055707,60.112598516919476,60.112598516919476,67.76658693299785,370.0081876733726,null,69.9293128993844,370.0081876733726,142.57749532572785,60.112598516919476,297.8912926055707,371.8789021200335,242.77373073948118,297.8912926055707,363.19371588392426,490.78632755377583,null,0.2663946317724986,371.8789021200335,97.30151680991735,40.938317118732485,808.8500365808713,464.66423015332697,31.24220281988614,343.7134963314159,490.78632755377583,40.938317118732485,418.0278671370967,69.9293128993844,434.580492191892,356.96954629088657,230.09047743548888,506.94837841472923,40.938317118732485,370.0081876733726,288.7777395485889,506.94837841472923,261.06744728086085,193.2804393786561,231.55835898996347,369.98436172581467,31.24220281988614,1289.7750506863779,0.10374278392628589,null,31.24220281988614,null,60.112598516919476,370.0081876733726,242.77373073948118,67.76658693299785,67.76658693299785,67.76658693299785,60.112598516919476,69.9293128993844,490.78632755377583,null,490.78632755377583,343.7134963314159,240.64423946304805,193.2804393786561,77.19081394515987,null,1373.3531590005973,21.075430220763586,40.938317118732485,231.55835898996347,242.6699879555549,null,null,40.938317118732485,242.77373073948118,67.76658693299785,null,67.76658693299785,242.6699879555549,69.9293128993844,484.3710084413051,288.03259597422385,null,288.03259597422385,null,99.13633388068703],"transport.volume_to_capacity_ratio.roads.max":[0.5978938745867273,0.45566089605999244,1.157024474859685,0.4935231581996703,1.1664257266767524,0.8657414316617836,1.64127642214189,0.8902828353649844,0.3257008618680123,0.32335786156585855,0.3620291511784815,1.0747852476511308,0.31168146828868126,0.513777290770464,0.5978938745867273,0.8364498380579511,0.3257008618680123,0.6060192421040415,0.7519830165398556,1.189433920734639,1.4843870273084132,0.6643039550341249,0.6695889795606558,0.15261648604592687,0.6635346578478883,0.7920494062188175,0.8204304960813543,null,0.9870200530398182,1.6498002455947025,0.5408225546291284,0.5067606147935606,0.7466364326433598,0.6659295931794954,0.5694820406341147,0.6555537513896429,1.2449796139797706,1.5210355571305596,0.7788847405718977,0.7131430731167251,0.7798972376533201,1.0391427200602072,1.3010979848382516,1.0082644346056344,1.0959191416935616,0.8648092113050553,1.0082644346056344,1.055302623640994,1.501233769147219,1.0369101934635836,0.45588976343599935,0.15261648604592687,1.5863880225996956,0.6282740364423334,0.3257008618680123,0.5978938745867273,0.8835673045192163,0.5365514298932031,0.42017461733008626,0.6542626110718924,0.3385394439816147,0.9687627182227053,0.5172392219383071,0.11251763140423784,0.6695889795606558,0.5271290085368333,0.5363056425296088,0.8698448807792631,0.4299672351445482,0.15261648604592687,1.2108016418926386,1.1376110339084058,1.046712083476258,0.8865427248296626,0.5612700505933297,0.07367249810977322,0.15261648604592687,0.6682818211505871,1.0094843713694566,0.42285694182200156,0.658538308957512,0.842856360746118,0.6528737837089758,0.5711411487037493,0.5852131316690288,1.1211467741870287,0.8959825247167574,0.7089276973885257,0.02465208323796324,0.8601702969881379],"transport.delay_factor.roads.max":[1.0817793478500857,1.027597755949508,2.1469649781227895,1.0379673354744745,2.184699850045253,1.3595280522143178,5.644157038232901,1.4020610245929417,1.0071975685473415,1.007002296701389,1.0109936500897974,1.8540174820284558,1.0060451755375286,1.0445943246490574,1.0817793478500857,1.3132849842513372,1.0071975685473415,1.0863228220475252,1.2046501667308853,2.2809767664389966,4.107195468214176,1.124637097375565,1.1286509989564277,null,1.1240607555354747,1.251877320675357,1.2899660511987243,1.9229178731099192,1.607412715064227,5.74138727341573,1.0547518950039234,1.0422076712668966,1.1988917116174378,1.1258615957069729,1.0673131794410269,1.118198836586578,2.537548891047549,4.42560623600382,1.2355443850788668,1.165533785469499,1.2367715419114473,1.746243861379426,2.834087246163321,1.661420675991204,1.9231962338213395,1.3579820090113053,1.661420675991204,1.7937578720865965,4.250672924334784,1.7398514844230308,1.027641994145719,null,5.053383198066838,1.099718657974618,1.0071975685473415,1.0817793478500857,1.3900663814732652,1.0530426728554374,1.0199479939045442,1.1172703939475186,1.008401031063966,1.5637020866042213,1.0458084685609315,null,1.1286509989564277,1.0494137302909867,1.0529455469327136,1.36639304535885,1.021869214904824,null,2.375501964375328,2.071902186551471,1.768225865045507,1.3953471887351305,1.0635060110382277,null,null,1.127649337090429,1.6646276006227763,1.020462271007385,1.1203660892869904,1.3229938465344016,1.1162860878010175,1.068101045085305,1.075064781534219,2.0111832354044044,1.4124564798878803,1.161654482357984,null,1.3503625999337348],"transport.cargo_vehicle_flow.roads.total":[359.04711317095456,2563.4349171747904,7401.489732940439,1785.4147829279755,4753.666386793208,6491.739509258224,84565.6677714173,5457.962618696247,171.55969435781554,577.7177153213471,173.95295185120202,4413.773584708978,null,451.32043988646103,1066.1802650104455,1543.8188588444634,138.3120407188248,2260.007733400631,3987.1635592857806,3532.0705402327067,5453.893494831938,8478.681766773167,3416.258335539019,null,0.1331973158862493,4905.675534785948,2778.4794080352667,142.02731530787923,4423.830102594406,18292.121301870768,236.96961038446247,4381.956984732378,8317.14297719384,53.746559753187015,2591.0655867452992,381.39112698707663,11546.006148041382,6728.500740401495,1726.700668002359,927.3913584654606,74.21571831255326,6114.761998408646,8913.957665388503,5829.143797218073,16737.304985414972,3288.4920562176603,463.11671797992693,19929.897067857375,411.45481512915273,17414.463149465904,0.10374278392628589,null,360.2552483038869,null,219.70283730126113,1088.1024140152817,465.4338505253457,512.0765859043422,695.8118074048081,492.51204660581453,611.230689609888,442.53292961121224,5850.944015970485,null,3900.6293439803235,4096.863475077306,2594.709150828108,2375.589488167564,789.9220800411007,null,31741.95279060863,257.38621489405483,439.3091200939871,935.1243965588956,930.6602154828389,null,null,303.2669945674403,1639.4902534512235,415.6724906354019,null,831.3449812708037,2871.8504485890307,254.26075132471772,4656.203867234692,5588.381104858392,null,791.8075309826395,null,1046.1517282622933],