{"municipalities_area_set":{"area_entities":{"id":[1,2,3,4,5,6,7,8,10,15,17,18,19,20,21,22,24,25,26,27,29,30,31,32,33,34,36,40,41,44,45,51,54,55,56,57,58,59,61,62,63,65,66,69,70,71,75,76,80,82,85,86,88,89,90,91,92,93,100,101,102,103,104,105,108,109,110,111,114,119,121,123,124,126,130,131,135,138,141,143,147,150,152,154,155,156,157,160,162,164],"transport.cargo_vehicle_flow.roads":[362.43990102112593,279.35692718332325,261.82526607904157,255.51429437959115,255.51429437959115,500.16362384681895,1356.048834709938,291.53757185255483,58.78893284659131,58.78893284659131,66.27438218837563,362.43990102112593,null,68.59168192355119,362.43990102112593,139.52652571353494,58.78893284659131,291.53757185255483,367.95320118178364,237.5213035012227,291.53757185255483,356.64673331315896,480.6889089995108,null,0.1611897006049896,367.95320118178364,98.69641313013733,40.10458823719031,781.6786405930144,454.7805842391334,30.616931585625473,336.332160807813,480.6889089995108,40.10458823719031,409.118538228014,68.59168192355119,434.82608071946237,333.6640763911993,225.1288512317329,500.16362384681895,40.10458823719031,362.43990102112593,282.165673528468,500.16362384681895,255.48318983512434,186.05403540431854,226.69081015859268,362.1127856888303,30.616931585625473,1264.4164054916941,0.05795409358215236,null,30.616931585625473,null,58.78893284659131,362.43990102112593,237.5213035012227,66.27438218837563,66.27438218837563,66.27438218837563,58.78893284659131,68.59168192355119,480.6889089995108,null,480.6889089995108,336.332160807813,232.4869891103168,186.05403540431854,75.51409691439383,null,1346.4824652897962,17.27820749048747,40.10458823719031,226.69081015859268,237.46334940764052,null,null,40.10458823719031,237.5213035012227,66.27438218837563,null,66.27438218837563,237.46334940764052,68.59168192355119,471.20673140543846,282.165673528468,null,282.165673528468,null,96.7808694616737],"transport.volume_to_capacity_ratio.roads.max":[0.5976737818744529,0.4548026139935749,1.136060276474755,0.4949864439260099,1.173762651505321,0.8657848689316517,1.6327226162840858,0.8937827230440645,0.32761733563068335,0.32514319580063517,0.3642184075618618,1.0733034302212348,0.3101839510942489,0.5385759248414445,0.5976737818744529,0.8392842966045335,0.32761733563068335,0.6078984623802349,0.7562281680006309,1.195268671938676,1.4776231501385158,0.6623517785824808,0.6678763412225598,0.15353599779009883,0.6657466120399097,0.7922638844008321,0.8892067711072785,1.1155055107606278,0.987821953615384,1.6664145873212046,0.5429933906123882,0.5061130864717095,0.7457275531662686,0.6707665559057714,0.5686266305636172,0.6725185684385356,1.2554204160505986,1.5304598827114502,0.7808113797610537,0.7138178738855601,0.7852243009376533,1.0375862949211319,1.2958829087564283,1.0085600381914115,1.098890764384272,0.8740024803489789,1.0085600381914115,1.0547261656649607,1.5075515218254603,1.0579700279651698,0.45822341242116715,0.15353599779009883,1.5954899092352173,0.6294616454246036,0.32761733563068335,0.5976737818744529,0.8875431342908014,0.5398667313418118,0.42284814598221004,0.6588701319123798,0.34048656218005074,1.072193227846631,0.5139823886947347,0.11291396898840061,0.6678763412225598,0.5266632516970521,0.541718079236286,0.8853914392750084,0.4315439950622959,0.15353599779009883,1.2031171260418152,1.1424687703208287,1.056102850683142,0.885341910281848,0.5617427691699427,0.07398759650608766,0.15353599779009883,0.6884296241735253,1.010449539504418,0.42519783417516666,0.66312259312869,0.8478741945704289,0.6529897348508161,0.5924614383259826,0.5836606248626045,1.1286721303344993,0.9002069651441038,0.7096226718810831,0.024839885429897415,0.8626748320658606],"transport.delay_factor.roads.max":[1.0816651556774688,1.027382417165811,2.066069386387465,1.0384296707905987,2.21478975190809,1.3596002127547757,5.548095845573212,1.4084207473577255,1.0073680431971026,1.007166860982542,1.0112561461412448,1.8493174425919796,1.0059245759148214,1.0538477693787824,1.0816651556774688,1.3175531048255267,1.0073680431971026,1.0873985351171334,1.2093106728241605,2.3062975763062203,4.050947402207868,1.1231784688471422,1.127329278572278,null,1.1257233179794512,1.2521502538347276,1.4001206985598649,1.9909844832617765,1.6093890822955044,5.935284675615231,1.055630738873428,1.0419923560074449,1.1979250361072997,1.129558400311251,1.0669096494859085,1.1309173160909922,2.5897788758880576,4.511298689570978,1.2378836047451507,1.1661612105957788,1.2433071660747144,1.7417830079777117,2.8048579308887573,1.6621966800508403,1.933250148037589,1.3734484270093943,1.6621966800508403,1.7920249349610622,4.30573950443266,1.8018136246725813,1.0282073009744255,null,5.147211854529787,1.1004747801674462,1.0073680431971026,1.0816651556774688,1.3971347124384286,1.054365856643039,1.0204704754586578,1.1206088719984355,1.008596059486222,1.8458088271238184,1.044665574832636,null,1.127329278572278,1.0492393191119371,1.0551154418823492,1.393297556407363,1.0221962846207668,null,2.340946989451043,2.090328397502237,1.7961682114529647,1.393209559182019,1.0637279483822386,null,null,1.143753416673786,1.6671730504044555,1.0209201732809783,1.1237528683189557,1.330754410493695,1.1163604495549249,1.0788533826275444,1.0742713908782717,2.0386068426647626,1.4202903798836082,1.162289306202854,null,1.3544610224879725],"transport.cargo_vehicle_flow.roads.total":[351.8105250167829,2503.4433081722054,7321.923525006457,1747.7952336896878,4652.083358015463,6409.184664073042,82875.77519706122,5341.232281964361,167.78198912736352,564.996503366152,170.12254763813385,4328.481476488936,null,452.6334668122373,1044.8021990460056,1510.7467656544525,135.2664412170663,2211.8871790560297,3949.694794810709,3423.813423886154,5301.219024997964,8322.859552825661,3336.3758302143583,null,0.0805948503024948,4848.609896534537,2771.191570149869,139.12042661057038,4125.669158798217,17920.03760338253,231.202295519351,4278.118031726199,8094.464835359018,52.64236283652327,2529.941331123887,384.0417848886861,11316.787303146159,6553.562480573481,1689.5510044708742,915.5978091532918,72.69465695511842,5991.408301289652,8678.104050807324,5756.715324252044,16255.130683572852,3239.4009577161555,453.38162031718537,19479.828501485223,401.170727867451,16742.75364772656,0.05795409358215236,null,351.4410643390716,null,214.86503107454286,1066.0609510546917,452.0584108776959,500.80077660540394,680.4901905525355,481.6670439874086,597.7715296259806,448.7694401878657,5711.373842429695,null,3807.5825616197967,4015.3374182610182,2547.292240794603,2390.474649229538,772.7350214393396,null,30857.265043505675,224.97282581032837,430.31426517090927,915.2454796610275,904.0009135682275,null,null,297.04751512014013,1593.928352508639,406.5194774646434,null,813.0389549292868,2790.208530782574,256.0278565924574,4542.349628105916,5460.584274454042,null,775.6140195204698,null,1002.89745081694],