{"municipalities_area_set":{"area_entities":{"id":[1,2,3,4,5,6,7,8,10,15,17,18,19,20,21,22,24,25,26,27,29,30,31,32,33,34,36,40,41,44,45,51,54,55,56,57,58,59,61,62,63,65,66,69,70,71,75,76,80,82,85,86,88,89,90,91,92,93,100,101,102,103,104,105,108,109,110,111,114,119,121,123,124,126,130,131,135,138,141,143,147,150,152,154,155,156,157,160,162,164],"transport.cargo_vehicle_flow.roads":[354.6995415806464,272.30894377096007,260.9564122253474,249.79461802899215,290.48698154695387,430.3932411143671,1347.9131964003832,285.06808228679,57.445534159552736,57.445534159552736,64.75993187085604,354.6995415806464,null,67.16435219020039,354.6995415806464,136.4210146932963,57.445534159552736,285.06808228679,361.2719140231378,292.4176049343835,285.06808228679,347.3328605752355,468.41573454836873,null,0.052905188819485964,361.2719140231378,91.72814473869862,39.251502976015715,786.4743702304529,444.7139825273852,30.004378161390367,331.31411615520426,468.41573454836873,39.251502976015715,398.0935159127397,67.16435219020039,403.13970409465185,307.1021315281459,290.48698154695387,430.3932411143671,39.251502976015715,354.6995415806464,276.10398542734123,430.3932411143671,249.79886823864808,186.25927230316492,161.55139449547914,354.1447672238757,30.004378161390367,1264.9569817989066,60.20344159453495,null,30.004378161390367,null,57.445534159552736,354.6995415806464,292.4176049343835,64.75993187085604,64.75993187085604,64.75993187085604,57.445534159552736,67.16435219020039,468.41573454836873,null,468.41573454836873,331.31411615520426,231.70256808926806,186.25927230316492,73.81003029503326,null,1316.9138113324327,8.241934304266202,39.251502976015715,169.5980598222796,232.2141633398484,null,null,39.251502976015715,292.4176049343835,64.75993187085604,null,64.75993187085604,232.2141633398484,67.16435219020039,460.3137091345867,276.10398542734123,null,276.10398542734123,null,92.49170245932908],"transport.volume_to_capacity_ratio.roads.max":[0.5968156744720363,0.4526088239505628,1.1569869107999529,0.49928759118901045,0.9721651832427266,0.8871514563513829,1.6474530101617049,0.8963550768348568,0.3290135286726634,0.326732506442476,0.36586351076378526,1.078166954833988,0.31426016021872305,0.5385634786897368,0.5968156744720363,0.8425922476742673,0.3290135286726634,0.6093882792916708,0.7611522032276149,1.2739131220438402,1.48649862185825,0.6577699573504153,0.6641073220048416,0.15423903721066534,0.6498712369920077,0.7917551756267684,0.8945931798702331,1.1241786682077193,1.0284513973192297,1.6717517655089245,0.5443812971116536,0.5043446315021728,0.742389077320757,0.6732057890762543,0.5671564875576093,0.672594805369852,1.3402501292644835,1.5402802319952766,0.6511282347640376,0.7360413840067067,0.7881192749874661,1.0349957326472958,1.2137355589633998,0.9726886889551789,1.1015274657296692,0.8757275991351697,0.9726886889551789,1.059330543719439,1.5106625222678938,1.0475790474889322,0.46179439221759955,0.15423903721066534,1.602514861592303,0.6327246794608528,0.3290135286726634,0.5968156744720363,0.9329457005636831,0.5424949072239847,0.4248884911675765,0.663099376451137,0.3419357350121533,1.0102359591838408,0.5091928073912264,0.11355223911133541,0.6641073220048416,0.5250413071479401,0.5440648358116089,0.8856881675375793,0.4331308920912528,0.15423903721066534,1.192374908952822,1.1197610625763634,1.0600239312387973,0.8446767995975689,0.5642682336988376,0.07550225538439635,0.15423903721066534,0.6934476823672996,1.0231489250137678,0.42700462751527807,0.6672622422756466,0.8521220284512663,0.6526519753917879,0.592538529638879,0.5815259210590988,1.1368975144424118,0.9159849625283619,0.7115860432379876,0.024874369077120977,0.8647872277758649],"transport.delay_factor.roads.max":[1.081197163264154,1.0268578992516015,2.1468160355075048,1.0397725159431048,1.5716631886642278,1.3964341449362063,5.714461773949541,1.4131429102451625,1.0074909636252407,1.0072939061306663,1.0114606697378616,1.8648166479623354,1.0062421943223412,1.0538427919986622,1.081197163264154,1.3225891901191087,1.0074909636252407,1.088258463342787,1.2148156951952094,2.6855406020697985,4.1249136248971885,1.119805321631265,1.1244895932664494,null,1.1141535013505584,1.2515032595259492,1.4099041408872164,2.0221657725092754,1.7160033665098453,5.99881582565025,1.0562073044559777,1.0414085080695725,1.194404479651907,1.1314532541811657,1.066220368155228,1.1309766895100222,3.0650159246243516,4.602292225598485,1.115039261734451,1.1878403579215475,1.2469151686383306,1.7344026083719393,2.388916946311549,1.5728955338207546,1.9422394764232023,1.3764056398172984,1.5728955338207546,1.8059460144362776,4.333111131827339,1.7707742338721637,1.0291080318791654,null,5.220736472912071,1.102574420449882,1.0074909636252407,1.081197163264154,1.4848478168604111,1.0554322664711369,1.020849035024628,1.1237355383133976,1.0087494766897522,1.6666091435266515,1.0430238247199517,null,1.1244895932664494,1.0486355536259049,1.0560767200117367,1.3938250572422206,1.0225178726677504,null,2.2936931795428763,2.0061932992783547,1.8080582232411075,1.325793366221538,1.0648817239517963,null,null,1.147990820486968,1.701350939584589,1.0212783854791316,1.12687211394789,1.3374326821920701,1.116119886142988,1.0788944323701135,1.0731907648003165,2.0692154903140425,1.4505399952368117,1.164092850626676,null,1.3579456106576622],"transport.cargo_vehicle_flow.roads.total":[344.3975685213522,2439.5095639671176,7212.563598700376,1709.441492958472,5149.597173621533,5839.913132376898,80488.34353779937,5222.652847156016,163.94796641273803,552.0856454197403,166.23504031206775,4232.629613062774,null,428.5525629656099,1022.8907325047624,1477.0872838486687,132.1754383576408,2163.014934467533,3856.6662237724586,3777.79664342412,5234.349670173605,8124.886363501886,3254.604065597235,null,0.026452594409742982,4735.628011539536,2641.72145232072,136.1476459576752,4081.2606726831464,17454.987458465726,227.16253420436115,4200.317799751815,7884.758563614739,51.51359432910107,2471.3442362964506,361.38821077540956,10620.37850631942,6055.166053301222,1987.424294887756,834.2733046252711,71.13934581710893,5865.060637922281,8450.10362572378,5320.790017092569,16071.689777129235,3172.9681830425275,323.1027889909583,18966.152009154655,394.31631208594166,16257.042687541381,60.20344159453495,null,345.31928924072895,null,209.95510353104976,1043.4946786233509,507.0286314136349,489.3568691693698,664.9401612482711,470.66036563570293,584.1117224281851,408.68698422399075,5572.376662097733,null,3714.9177747318213,3972.6385835421547,2462.5303586981818,2217.70656518771,755.2705829908842,null,30019.652032781356,79.44983814613646,421.1159007122376,834.8454432197741,893.6503796381996,null,null,290.6884289449784,2054.3172655534277,397.23001249499157,null,794.4600249899831,2757.458423171015,240.92547385027302,4431.205653085061,5331.687386128344,null,758.9205786030841,null,966.0696068273124],