{"municipalities_area_set":{"area_entities":{"id":[1,2,3,4,5,6,7,8,10,15,17,18,19,20,21,22,24,25,26,27,29,30,31,32,33,34,36,40,41,44,45,51,54,55,56,57,58,59,61,62,63,65,66,69,70,71,75,76,80,82,85,86,88,89,90,91,92,93,100,101,102,103,104,105,108,109,110,111,114,119,121,123,124,126,130,131,135,138,141,143,147,150,152,154,155,156,157,160,162,164],"transport.cargo_vehicle_flow.roads":[347.52498615983785,266.7490894469845,243.9906360311872,244.49506173949683,293.9802924306184,410.99949312359695,1322.0250108617834,279.0733723476046,56.201011761378325,56.201011761378325,63.35694751538503,347.52498615983785,null,65.83997068954729,347.52498615983785,133.54347816379035,56.201011761378325,279.0733723476046,354.09912377522255,297.053153587847,279.0733723476046,341.6064610176204,461.2740678723084,null,0.04025637689461765,354.09912377522255,101.12002559714246,38.46075028912773,727.4211242035368,435.3859552681904,29.448575052663045,323.74033984649105,461.2740678723084,38.46075028912773,392.11092235253767,65.83997068954729,401.017289214357,300.8101703537956,293.9802924306184,410.99949312359695,38.46075028912773,347.52498615983785,270.46035971869003,410.99949312359695,244.5318152540099,171.86271000618754,147.43024154176504,346.762098373938,29.448575052663045,1216.8323508007306,69.70200485769337,null,29.448575052663045,null,56.201011761378325,347.52498615983785,297.053153587847,63.35694751538503,63.35694751538503,63.35694751538503,56.201011761378325,65.83997068954729,461.2740678723084,null,461.2740678723084,323.74033984649105,216.38867457313518,171.86271000618754,72.23123083439239,null,1293.731730616525,5.2082912503124845,38.46075028912773,165.98351702867603,227.35114873015365,null,null,38.46075028912773,297.053153587847,63.35694751538503,null,63.35694751538503,227.35114873015365,65.83997068954729,451.1930657753784,270.46035971869003,null,270.46035971869003,null,92.76778939282693],"transport.volume_to_capacity_ratio.roads.max":[0.5967980128992174,0.45456677541532275,1.087863201671729,0.4990747168862243,0.9762181367282055,0.8886897957677161,1.6575442351370366,0.8973702877632579,0.32995652654662594,0.32777121448011276,0.36685246590602083,0.8299162265560023,0.29664637285770296,0.5841148278091611,0.5967980128992174,0.844155171662333,0.32995652654662594,0.6118666831615261,0.8011899886844599,1.2730931374688315,1.4635415705142447,0.6566567198977963,0.6625396182909825,0.15475227521057597,0.6560632872627878,0.794160261381533,0.9229058290249341,1.1323316369072634,0.9777969075991807,1.8062324754372543,0.5467625826815791,0.5028278434292867,0.7470448591590984,0.6754842389038824,0.566761815101009,0.7418795039238436,1.3403331504731886,1.5351060503151046,0.6568144232254711,0.7372527014822242,0.7903724167018693,1.0343174127743386,1.3232300930143757,0.9613259587189424,1.1090242720823793,0.8874567005959858,0.9613259587189424,1.0596655978315281,1.517680540559615,1.0645274979467079,0.46274784644495237,0.15475227521057597,1.6073672084705155,0.6640384694804944,0.32995652654662594,0.5967980128992174,0.9344999971554105,0.5443204109124283,0.4261485585472384,0.6669195714538623,0.3429141921186013,1.0129805068362314,0.5066736204101164,0.11416312439799299,0.6625396182909825,0.5236310979881212,0.5476753353258126,0.8939256618688464,0.4340067183506146,0.15475227521057597,1.1848243954081612,1.1233455622513948,1.093283723269006,0.831822309126824,0.5610905715176484,0.0758690083305094,0.15475227521057597,0.6912294283312521,1.0189203111554506,0.42820736885964844,0.674905855460196,0.8554900405446461,0.6518841811147289,0.6471969737655958,0.5804928095401486,1.1510092388005855,0.9175490463836188,0.7501360856678538,0.024560445728864504,0.9061523644910633],"transport.delay_factor.roads.max":[1.0811875522166121,1.0273256645545041,1.8963489617914346,1.0397047302929574,1.581256017288164,1.3991910060840984,5.8310383300225075,1.4150177935845794,1.0075872530817729,1.007390549049947,1.0115896814915328,1.3036106475144418,1.0049560553050105,1.074502851980527,1.0811875522166121,1.3249893400467394,1.0075872530817729,1.089703047573724,1.2637072255620605,2.6812050366572495,3.93629864470067,1.1189963241057677,1.1233182595320574,null,1.1185667502853158,1.2545731411030228,1.46431159573826,2.052142442467532,1.5850252510803555,7.811998754610018,1.0571972460908896,1.0409126157139863,1.1993272613634947,1.1332419114290588,1.0660362349360946,1.1938712745947393,3.065527638205709,4.55413162433868,1.1191106783925038,1.1890799437166217,1.2497509077444047,1.7324792366978004,2.9621014120467493,1.5465912221218414,1.9681534086228816,1.396980034630501,1.5465912221218414,1.806966144247848,4.395482033601617,1.8218782942806047,1.0293465869297538,null,5.272089972044632,1.1244379745622253,1.0075872530817729,1.0811875522166121,1.4880869449339529,1.0561767483665103,1.0211140525369442,1.1266116952383582,1.0088521375298105,1.6738827299894201,1.0421786959689905,null,1.1233182595320574,1.0481151338214238,1.0575801385153505,1.408682077930038,1.0227073149399757,null,2.261234740220685,2.019139113987465,1.9143479670287766,1.3064095020897866,1.0634325043272284,null,null,1.1461062694090414,1.6898280537915278,1.0215144652850348,1.1327861436265245,1.3427992047214785,1.1155744255742928,1.1122860709545073,1.0726720401208634,2.1232985864128877,1.453625152004069,1.2026470125278286,null,1.4315040597547373],"transport.cargo_vehicle_flow.roads.total":[337.5257105778841,2399.1346962555367,6853.215554670919,1673.899240175686,5041.609182384753,5710.4958337784965,78676.4706700735,5112.826168391941,160.3961338931014,540.1250472376937,162.63365973381116,4159.622850887781,null,453.77859604078463,1002.5778561516987,1445.898984458283,129.31193824520864,2117.727733647175,3834.2156309073234,3682.84650937426,4986.730734235854,7978.473075457496,3198.6754688153687,null,0.020128188447308824,4694.688469569479,2751.657407887913,133.39218233267138,3976.958848400412,18542.446799010322,223.24945157488605,4130.483554159809,7746.778634625793,50.46737126598652,2424.538508641344,387.9386253512373,10500.582153897309,5936.715066408884,1950.4093487609628,815.7851191112138,69.6977464105504,5747.936355405984,8303.208948132638,5223.438146961454,15682.768757283753,3047.4610095131598,294.8604830835301,18680.086120364078,387.601753044446,16038.923587897476,69.70200485769337,null,339.3828061005884,null,205.40655449624256,1022.5764073156062,495.8834895977818,478.75525159731876,650.5346389352446,460.46379638908945,571.457298855779,498.5645189219721,5474.8028018861205,null,3649.868534590747,3879.1442311176315,2360.426829740879,2214.8443013266733,739.0901627804899,null,29562.37738867867,63.17635810310028,412.58998253463153,806.593720996183,852.3629694801768,null,null,284.794296130631,2063.511641811966,388.62426698300726,null,777.2485339660147,2632.0220621495205,258.6257502341582,4350.019207845159,5230.213918970893,null,743.3916665005004,null,955.4423088413297],