{"municipalities_area_set":{"area_entities":{"id":[1,2,3,4,5,6,7,8,10,15,17,18,19,20,21,22,24,25,26,27,29,30,31,32,33,34,36,40,41,44,45,51,54,55,56,57,58,59,61,62,63,65,66,69,70,71,75,76,80,82,85,86,88,89,90,91,92,93,100,101,102,103,104,105,108,109,110,111,114,119,121,123,124,126,130,131,135,138,141,143,147,150,152,154,155,156,157,160,162,164],"transport.cargo_vehicle_flow.roads":[340.7525220822373,262.382773442421,239.03466830460394,239.38595737236056,283.19139634590687,407.3927146294132,1297.9672398944958,273.315982461196,54.990608546035,54.990608546035,61.99242665386451,340.7525220822373,null,64.50683531953652,340.7525220822373,130.776233533817,54.990608546035,273.315982461196,346.33951600054354,285.76506893513545,273.315982461196,334.525946127577,452.5809673590183,null,0.13156655541308176,346.33951600054354,98.96610474468065,37.715692381983466,712.0087373641941,426.4371218120175,29.05368377206789,318.34258806284623,452.5809673590183,37.715692381983466,384.39829449616707,64.50683531953652,397.9687572883388,294.9787898093855,283.19139634590687,407.3927146294132,37.715692381983466,340.7525220822373,264.88718448083085,407.3927146294132,239.4674558844716,171.0638827336166,149.77616551828802,339.79625350933463,29.05368377206789,1204.5423238423705,62.97830138756103,null,29.05368377206789,null,54.990608546035,340.7525220822373,285.76506893513545,61.99242665386451,61.99242665386451,61.99242665386451,54.990608546035,64.50683531953652,452.5809673590183,null,452.5809673590183,318.34258806284623,211.890177197797,168.22933175123927,70.7038736133402,null,1270.3814819317731,5.317634884844145,37.715692381983466,162.53703531944225,222.7867675475743,null,null,37.715692381983466,285.76506893513545,61.99242665386451,null,61.99242665386451,222.7867675475743,64.50683531953652,443.6148714501668,264.88718448083085,null,264.88718448083085,null,91.13315926891545],"transport.volume_to_capacity_ratio.roads.max":[0.5950139350916805,0.45264649877736696,1.0627339437129362,0.4981037613851858,0.9715681611933882,0.8853273852965828,1.6601135787034393,0.8984971500361052,0.3303282209839105,0.32833477234092096,0.36729289740209176,0.8285604361065229,0.2933039281113599,0.5869452508924218,0.5950139350916805,0.8450934937410608,0.3303282209839105,0.6106352969963078,0.8032217451679888,1.271520752393032,1.49027084976165,0.6534990916481577,0.6595061655766123,0.15504846344494475,0.6770493295553448,0.7922618795259241,0.9309463001680818,1.132439536349081,0.997898915471034,1.8092188416436272,0.5475832552849803,0.5011417217552369,0.7442941358036955,0.6769623176349826,0.5656460484159167,0.7447167599760417,1.3533250743479952,1.5371084297850766,0.6514214374964101,0.7354592397076856,0.7921877500561518,1.0304511430205463,1.2264007363063305,0.9645993488710147,1.1052113774205223,0.8749816882730107,0.9645993488710147,1.0660826464399427,1.5200996915441374,1.0556490714838023,0.46312683204814664,0.15504846344494475,1.611787265077613,0.6640676537469897,0.3303282209839105,0.5950139350916805,0.9356191831771203,0.5450483638744696,0.4267419843374471,0.667594141378716,0.3433227441678143,0.9883665281416385,0.5028782986689828,0.1145084270392777,0.6595061655766123,0.5220024166600877,0.5445418615952324,0.8872611991144816,0.4344285593734833,0.15504846344494475,1.1766513606314115,1.1233188665043818,1.0952830031596739,0.8344373824980427,0.5608841534532598,0.0760102230260737,0.15504846344494475,0.6912391870487801,1.0186526476809232,0.42865880402285556,0.6770851428069434,0.8562778786978542,0.6507487935438205,0.6500668633591467,0.5788600132856397,1.152344483785495,0.9185002062122344,0.7511853024417473,0.0253064556255887,0.9070944216216296],"transport.delay_factor.roads.max":[1.080221083174444,1.0268668428956194,1.816353356326442,1.0393966468161018,1.5702602120075446,1.3931837557158695,5.861062235987517,1.4171063384850855,1.0076188615289405,1.0074312941745074,1.011636857476185,1.3016315329584152,1.0047364340158478,1.075957444672621,1.080221083174444,1.3264367208264043,1.0076188615289405,1.0889831123829175,1.2663923833898083,2.672914650927062,4.156754442307218,1.1167239368620965,1.1210752610442083,null,1.1344810909145826,1.252147701514431,1.4807048402144132,2.052543532771107,1.6346381517692088,7.857161557912434,1.0575414247432358,1.0403764344608462,1.1964076335514802,1.1344119721552124,1.0655177544455572,1.1968541094024152,3.146784682560608,4.572711856745661,1.1152466102332284,1.1872468014471003,1.2520533440667454,1.7215884867622502,2.447803373836592,1.554074077032909,1.9549076270399928,1.3751248463740384,1.554074077032909,1.826691495799189,4.417183160336059,1.7948007242295807,1.029442843278572,null,5.319274985129183,1.1244598520322764,1.0076188615289405,1.080221083174444,1.4904293406469733,1.0564833095064354,1.0212191397046564,1.1271247292836668,1.008889500752626,1.6107339898239552,1.0409290393594193,null,1.1210752610442083,1.0475297596518285,1.0562736468558138,1.3966303407558036,1.0227957269498575,null,2.2267926895643706,2.0190422401097985,1.9210545810890758,1.310280857038182,1.063345467170676,null,null,1.1461145204466754,1.689103486705342,1.0216055432975837,1.1345095472594007,1.3440637131481137,1.1147713421781962,1.1142910148697898,1.0718578427295222,2.12852005886245,1.4555090464951566,1.2037831645101473,null,1.4333012666899265],"transport.cargo_vehicle_flow.roads.total":[331.0796808339954,2354.8679476539173,6603.068924904575,1639.9324274670555,4904.418706933797,5628.243054167372,77554.65709340131,5007.462768689967,156.9416765780417,528.4923546335145,159.1310127440974,4080.177376517306,null,444.2075023370728,983.5662012537441,1415.8928421589685,126.52694237184537,2074.3159491874612,3752.9602617042547,3574.574072511403,4924.0794189384405,7826.3129566131565,3141.1684837865737,null,0.06578327770654088,4595.673929277619,2695.782033717438,130.79046135152453,3658.5352981539777,18028.715888030347,218.50120544343116,4034.926829003272,7612.558647483545,49.47794851903289,2379.8805286065017,379.7006670175363,10277.671818783818,5873.101043461453,1890.9768684396859,804.0347220239103,68.33579471002463,5638.027415426162,8151.89524571997,5141.088123972921,15506.169967321643,2985.838068997255,299.55233103657605,17981.33276614153,378.89504334272647,15486.780468646362,62.97830138756103,null,332.13348453536526,null,200.98270613083457,1002.9118837502281,480.63552458399414,468.4442824931268,636.5240509763896,450.54677101479604,559.1498024195353,475.52963146714313,5377.175032855111,null,3584.7833552367406,3796.153072201468,2284.2164789923745,2089.4117882044443,723.4266873636521,null,28976.593404485375,60.55678720335286,404.53846085342883,795.469999986447,835.3144463928661,null,null,279.2243069086232,1979.5848482373617,380.25445214205934,null,760.5089042841186,2579.3791010942277,253.13377801169088,4269.938948925023,5127.935910446581,null,728.1622363656447,null,944.0695206299745],