{"municipalities_area_set":{"area_entities":{"id":[1,2,3,4,5,6,7,8,10,15,17,18,19,20,21,22,24,25,26,27,29,30,31,32,33,34,36,40,41,44,45,51,54,55,56,57,58,59,61,62,63,65,66,69,70,71,75,76,80,82,85,86,88,89,90,91,92,93,100,101,102,103,104,105,108,109,110,111,114,119,121,123,124,126,130,131,135,138,141,143,147,150,152,154,155,156,157,160,162,164],"transport.cargo_vehicle_flow.roads":[334.11958269489935,256.9393069739802,241.05944585995806,234.40288960648016,277.710779957146,398.3933424043694,1274.712176550568,267.6964426580043,53.81208990173117,53.81208990173117,60.66385014691325,334.11958269489935,null,63.38471678211397,334.11958269489935,128.07594023299185,53.81208990173117,267.6964426580043,340.17233482471994,281.35950108152497,267.6964426580043,328.4502491528259,444.1659358462495,null,0.019176831312763435,340.17233482471994,97.07152621699252,36.98571529516077,733.2947784144952,417.700651513169,28.456364559227445,312.36742946655653,444.1659358462495,36.98571529516077,376.96569779339416,63.38471678211397,401.50719180207585,293.5996813288725,277.710779957146,398.3933424043694,36.98571529516077,334.11958269489935,259.85378967589025,398.3933424043694,234.52546875077985,164.95471643660701,145.17686971203028,332.80125649668304,28.456364559227445,1181.4701504080158,63.2155385003868,null,28.456364559227445,null,53.81208990173117,334.11958269489935,281.35950108152497,60.66385014691325,60.66385014691325,60.66385014691325,53.81208990173117,63.38471678211397,444.1659358462495,null,444.1659358462495,312.36742946655653,191.0040012440904,148.19060816882086,69.21520597629464,null,1247.5168209833223,3.954650193023047,36.98571529516077,159.08887575517963,218.14464833748445,null,null,36.98571529516077,281.35950108152497,60.66385014691325,null,60.66385014691325,218.14464833748445,63.38471678211397,434.91932199478157,259.85378967589025,null,259.85378967589025,null,89.38512300844494],"transport.volume_to_capacity_ratio.roads.max":[0.5925482906623142,0.45045051546991155,1.132476851315089,0.49628359847211345,0.9751398108816571,0.8830161921273019,1.6630127658107947,0.8963253080104244,0.3300281099753348,0.3280866539686265,0.36700469414168524,0.826648896813366,0.3040453203992826,0.585369028295056,0.5925482906623142,0.843652644162681,0.3300281099753348,0.6101225748324487,0.8042655766259585,1.2989156940578515,1.4777569207591257,0.6504833786840073,0.655612810215617,0.1556079880206077,0.6769640553566905,0.7915068394614566,0.9238947024920348,1.1424932378063188,1.0400166011401668,1.8136901234009308,0.5482087595538301,0.4985877027678726,0.7411287594420655,0.677325906621713,0.5636384005508265,0.742867984118576,1.3428433388292278,1.5337353900205892,0.6560461858553566,0.7342760224034283,0.792643439305687,1.0255680355881007,1.2238353911217505,0.960197940074943,1.1120192564753768,0.8782426753982959,0.960197940074943,1.0679287093836145,1.5222592461583886,1.0541776090635238,0.4932752089309138,0.1556079880206077,1.6142775101839093,0.6666107827910354,0.3300281099753348,0.5925482906623142,0.9539672396039565,0.5450694619107903,0.42652481759394345,0.6682398352951809,0.3430229994443979,0.8458799581876101,0.49868534528234326,0.11461180961181963,0.655612810215617,0.5194526432925044,0.5429707070825791,0.8866301130305219,0.4337841918448707,0.1556079880206077,1.1666010559550888,1.1185213929057578,1.094479575886166,0.8329687244758457,0.47189914180672105,0.07602351200768305,0.1556079880206077,0.696557215700375,0.754228895811291,0.42819032138711066,0.6781895678166286,0.8565718059986526,0.6490897089231739,0.6484382102313653,0.5763117994806063,1.1548812613949133,0.9077834730766253,0.7495674659891192,0.025243029018702456,0.9072970682426056],"transport.delay_factor.roads.max":[1.0788995882920802,1.0263477172891062,2.0526822688931987,1.038823945105978,1.578692059029053,1.3890940984475575,5.895108315861173,1.4130880294667287,1.0075932363539721,1.0074253832737674,1.0116025223208263,1.2988576216786878,1.0054664293545612,1.075144800402591,1.0788995882920802,1.3242161632178344,1.0075932363539721,1.0886846285955638,1.2677798521438082,2.8218131421101376,4.052052372857387,1.1145842138197724,1.1182414364673463,null,1.134413352270442,1.2511878692223768,1.466304795376841,2.0904218038235465,1.7487572850484923,7.925200091020313,1.0578047938263762,1.0395425180637365,1.1930877133434508,1.1347009696220784,1.0645925260878155,1.1949065977818096,3.0810445177490347,4.541455010892602,1.1185543881912092,1.186044724927277,1.2526337980899513,1.7080075354690796,2.435727457873811,1.5440302563338242,1.9786540672935473,1.380748428689701,1.5440302563338242,1.8324324883906107,4.436643290520463,1.7903785107419519,1.0378910928031875,null,5.3461964805388025,1.1263773694615018,1.0075932363539721,1.0788995882920802,1.530046311919393,1.056492055564136,1.0211827047560318,1.1276172610327782,1.0088640036317449,1.3276535777977179,1.0395861719729529,null,1.1182414364673463,1.0465892336640044,1.055626991860678,1.3955030922790874,1.0226607802263632,null,2.185412315151714,2.001744930752978,1.9183550539578929,1.3081021684405472,1.0317377930638902,null,null,1.150663189087075,1.2071059813752163,1.0215295353071219,1.1353893159514121,1.3445363718672674,1.1136053720757015,1.113149950323308,1.0706008646463394,2.1384902427072516,1.4346193532382217,1.2020332672179515,null,1.4336885977736034],"transport.cargo_vehicle_flow.roads.total":[324.75851335113566,2309.5966709104337,6322.620161208619,1606.746612762384,4815.922922527659,5510.110890116421,75249.62697492921,4904.395961469667,153.57821694728153,517.1660916628798,155.72063285625035,4002.6917963691353,null,436.2113590677154,964.9144707096434,1386.615210723795,123.81530915783674,2031.9277524018141,3683.079830360594,3507.837151737798,4737.348167776055,7690.641815826401,3081.421709369343,null,0.009588415656381718,4508.45730714431,2644.127318658615,128.24247394618055,4050.1615998470684,17473.35692441998,211.80617829171428,3959.921787323953,7458.820555647173,48.50926733562627,2333.1037626131388,372.8266422856015,10144.70386192658,5864.056280989533,1858.211160058523,787.1586985880601,67.00212498320666,5530.25579631307,7989.149086469876,5035.222353720781,15409.815641636222,3049.404662645895,290.35373942406056,17717.64896939681,366.69962746497373,15165.153370966407,63.2155385003868,null,321.854043320731,null,196.67539125252154,983.6366093971708,472.15616133203275,458.40492604058795,622.8825314250015,440.8909809842618,547.1665113715998,466.63644579323477,5274.511547046187,null,3516.341031364124,3744.896911262728,2139.1437718771676,2047.459910420373,708.1619375415237,null,28463.386076733597,57.17824941483719,396.6534837413013,777.5441390245161,817.8908346236032,null,null,273.7702759530594,1950.69225556779,372.105115859414,null,744.210231718828,2525.643162611149,248.55109485706765,4185.691746455337,5028.060761191878,null,714.2026254464624,null,922.9442478774391],