{"municipalities_area_set":{"area_entities":{"id":[1,2,3,4,5,6,7,8,10,15,17,18,19,20,21,22,24,25,26,27,29,30,31,32,33,34,36,40,41,44,45,51,54,55,56,57,58,59,61,62,63,65,66,69,70,71,75,76,80,82,85,86,88,89,90,91,92,93,100,101,102,103,104,105,108,109,110,111,114,119,121,123,124,126,130,131,135,138,141,143,147,150,152,154,155,156,157,160,162,164],"transport.cargo_vehicle_flow.roads":[327.8341988065529,252.553403221133,233.20751920598602,229.58973839164102,276.1804232874041,385.96919734816777,1252.9248460000595,262.2869377291636,52.664833543550316,52.664833543550316,59.37051647561609,327.8341988065529,null,62.225463109484274,327.8341988065529,125.47351336787459,52.664833543550316,262.2869377291636,333.42802066649455,280.2387403822723,262.2869377291636,324.26519664561044,435.61941191710395,null,0.02736859927908832,333.42802066649455,95.30063183358672,36.29516690956436,676.8578391690274,409.29908083191197,28.029144659323464,305.170796035136,435.61941191710395,36.29516690956436,369.2528796844391,62.225463109484274,381.44546265344206,283.46236055479153,276.1804232874041,385.96919734816777,36.29516690956436,327.8341988065529,254.8207970824493,385.96919734816777,229.76328058854887,161.89337908250442,137.8112272664932,326.20947369326103,28.029144659323464,1166.3803421848963,66.44705736316752,null,28.029144659323464,null,52.664833543550316,327.8341988065529,280.2387403822723,59.37051647561609,59.37051647561609,59.37051647561609,52.664833543550316,62.225463109484274,435.61941191710395,null,435.61941191710395,305.170796035136,203.90441051863786,161.89337908250442,67.77284428171578,null,1225.692251692398,4.058317094868157,36.29516690956436,155.80764250533414,213.79168301910477,null,null,36.29516690956436,280.2387403822723,59.37051647561609,null,59.37051647561609,213.79168301910477,62.225463109484274,427.5911205978064,254.8207970824493,null,254.8207970824493,null,87.23971158838383],"transport.volume_to_capacity_ratio.roads.max":[0.5896116254948536,0.44723323924453745,1.0768897010716512,0.4952936242869225,0.9770110523637514,0.8790492204794944,1.6669872783326927,0.8940604523126652,0.3293039222602077,0.32768831105459056,0.3660095683111567,0.8233764606049897,0.2956320903179862,0.5881168112518564,0.5896116254948536,0.8427105916499081,0.3293039222602077,0.6073837187115103,0.8037417179942731,1.2975103712071676,1.4851136167263055,0.6468903284256011,0.6509956129721063,0.15547066837009427,0.6275543151220649,0.7881510984027503,0.9330386383960488,1.135892247448996,0.9947726870472199,1.8138727093889757,0.5485075506178217,0.4958277331974846,0.736034608420537,0.6773826059082001,0.5611656440787084,0.7451221253914044,1.3342784872381774,1.533392307628496,0.656841153644022,0.731643181216046,0.7927982311684663,1.0199729309456558,1.189264009473594,0.9515692331537836,1.1024741365712132,0.8766330990121091,0.9515692331537836,1.0617336426403075,1.5236044812307248,1.0640229771764314,0.49097164168578855,0.15547066837009427,1.6166460283377388,0.6639905601163851,0.3293039222602077,0.5896116254948536,0.9529415498274706,0.5441304894805253,0.42546267756857203,0.6676362782600066,0.3423271125546684,1.050548282516601,0.49400518779178615,0.11446800342561185,0.6509956129721063,0.5166624849611404,0.5453876309512137,0.8916536538545271,0.4331806842143741,0.15547066837009427,1.1566395243695842,1.1192831740201732,1.0936681043600454,0.8247776829088547,0.4712566416574159,0.0762900543025134,0.15547066837009427,0.6926259173328555,0.7509490112599747,0.42728474655421234,0.6783283369462941,0.8553016992713419,0.6469287174841084,0.6510215072264678,0.5734480615493285,1.151227378803664,0.9089014568535823,0.7491647055573488,0.025323410024501964,0.9045243295184786],"transport.delay_factor.roads.max":[1.0773536073642684,1.025604498190579,1.8607258936400841,1.0385150906242737,1.5831467783460644,1.3821490168002466,5.942072543492905,1.4089286259443439,1.007524909488365,1.007375739621681,1.0114877219488922,1.2941533246931025,1.0048886198916647,1.0765657162075852,1.0773536073642684,1.3227704618128666,1.007524909488365,1.0871028888088956,1.2670828595355568,2.8139417038300705,4.113283674290513,1.1120734152194969,1.114945565582931,null,1.0992625104322609,1.2469550517379635,1.4850410432777972,2.0654388182159034,1.626722640895119,7.927989179270512,1.0579309186355503,1.038681493348559,1.1878334414030747,1.134746078824886,1.0634664596036532,1.197283067252164,3.028457484552474,4.538287311313337,1.1191300693957567,1.1833906929876141,1.2528311988929723,1.6926830470309413,2.280244970445061,1.5247368218809227,1.9454827589086383,1.3779648655830359,1.5247368218809227,1.813284114294503,4.44880738127126,1.8203213218860244,1.03718823842697,null,5.37159310793217,1.1244020664072543,1.007524909488365,1.0773536073642684,1.527770397683903,1.056103792585668,1.0209565499594266,1.1271568275089978,1.0087877378024648,1.7795501193249312,1.0381158854189623,null,1.114945565582931,1.0456044988561748,1.0566240737250638,1.4045430535968495,1.022534934792268,null,2.145439325239333,2.0044767168965683,1.9156345258814635,1.2961608027815053,1.0315652991766393,null,null,1.1472905647680223,1.2035268791466398,1.0213379278044283,1.1355001618015537,1.342497427177392,1.1121000211259502,1.1149638551519896,1.0692080049444515,2.1241503815742355,1.4367643393523708,1.2015993879515752,null,1.4284113668764589],"transport.cargo_vehicle_flow.roads.total":[318.8033959903995,2265.8568156085544,6251.466351112377,1574.94325949674,4746.269146705719,5375.4993475743395,74429.13691432223,4805.305917873461,150.30397901687215,506.14027779875977,152.4007193113476,3929.6138563899895,null,428.3295935219908,947.3793851550452,1358.3875173874058,121.17560679855545,1991.193541711552,3615.207471156651,3469.4237809384204,4716.689525619945,7588.625763207811,3025.251009461835,null,0.01368429963954416,4423.900074874218,2595.6505560202822,125.82741102748196,3688.3087304675005,17503.261834100515,204.4269612837392,3875.7246032833286,7321.903963811684,47.58977377542362,2287.6059752416245,366.1041304125065,9890.797821641108,5623.04034325831,1836.249102355102,767.9284782249056,65.73735723020579,5428.688534652945,7837.502358983856,4919.1424583606695,14718.929872997036,2870.455322012306,275.6224545329864,17284.982640127637,352.79563324883145,15050.786107976657,66.44705736316752,null,310.4987304077665,null,192.48233550010212,965.4409907873519,467.0779029328314,448.6318812288759,609.6028772453903,431.4913278185421,535.501098259025,470.2370976690972,5179.263195089462,null,3452.8421300596415,3646.4198315544713,2242.05543487225,2098.488851339409,693.3633950941677,null,27865.059484336853,60.066701657578655,389.17873100030295,757.4632849289544,801.2616911393277,null,null,268.5967323537528,1947.2606786334366,364.1719550983113,null,728.3439101966226,2474.3575625605995,244.06942027500432,4107.448725943701,4931.293897089607,null,700.3673379880629,null,905.5572026071326],