{"municipalities_area_set":{"area_entities":{"id":[1,2,3,4,5,6,7,8,10,15,17,18,19,20,21,22,24,25,26,27,29,30,31,32,33,34,36,40,41,44,45,51,54,55,56,57,58,59,61,62,63,65,66,69,70,71,75,76,80,82,85,86,88,89,90,91,92,93,100,101,102,103,104,105,108,109,110,111,114,119,121,123,124,126,130,131,135,138,141,143,147,150,152,154,155,156,157,160,162,164],"transport.cargo_vehicle_flow.roads":[321.8060435388821,256.4196788569571,225.9044275333605,225.08429985880264,265.8289101304978,382.1253019109254,1231.3496589048823,257.2013321903661,51.601554492326585,51.601554492326585,58.17185273396289,321.8060435388821,null,61.069473999012146,321.8060435388821,123.0305663633066,51.601554492326585,257.2013321903661,325.0785557912297,269.37401436976756,257.2013321903661,317.40593956379956,441.46543479948355,null,0.06995363367236841,325.0785557912297,93.48623236753659,35.63144733974626,721.5605570085671,401.3905605347676,27.62950901248254,300.8896973449407,441.46543479948355,35.63144733974626,376.0165863266403,61.069473999012146,359.7020371546032,278.23289753721957,265.8289101304978,382.1253019109254,35.63144733974626,321.8060435388821,256.4196788569571,382.1253019109254,225.2921047051481,158.71382225563679,140.7138962357111,320.007437691444,27.62950901248254,1141.3153292054044,59.65472014726288,null,27.62950901248254,null,51.601554492326585,321.8060435388821,269.37401436976756,58.17185273396289,58.17185273396289,58.17185273396289,51.601554492326585,61.069473999012146,441.46543479948355,null,441.46543479948355,300.8896973449407,199.95449608250473,158.71382225563679,66.42800357359988,null,1218.3003463701657,3.5448071156901615,35.63144733974626,152.75347151002842,209.72081572396806,null,null,35.63144733974626,269.37401436976756,58.17185273396289,null,58.17185273396289,209.72081572396806,61.069473999012146,422.26943024903755,249.95216285180385,null,249.95216285180385,null,99.34990680715862],"transport.volume_to_capacity_ratio.roads.max":[0.5864658257143123,0.4510348048814175,1.1088719165480998,0.49315083304451196,0.9750154153129207,0.8698211482102578,1.664045283957889,0.8920380828833866,0.32836569373009644,0.32715254970321617,0.3649637561877325,0.8195982628431614,0.29358917172271687,0.5884071621579688,0.5864658257143123,0.8415545186291251,0.32836569373009644,0.604735625973285,0.8040532858065649,1.295289089492862,1.4784524727272736,0.6414947140993452,0.652600547900988,0.15521220203809757,0.6674298368426246,0.7846286595674173,0.9354420821877697,1.135047147021566,0.9960915257438268,1.811565033068878,0.5477006721059603,0.49243169116803176,0.744460114758471,0.676465296458461,0.5593997062381452,0.7452612077013107,1.3314918831195792,1.5300985639861444,0.655490596967302,0.7257276628313278,0.7916744884226707,1.0140507689780385,1.2972844907037386,0.952734263677355,1.1037567910641686,0.874220075727965,0.952734263677355,1.0571396105751,1.521662082584882,1.0903723986664322,0.48896473449671013,0.15521220203809757,1.6163192582691301,0.663090428057116,0.32836569373009644,0.5864658257143123,0.9521465099178531,0.5429669130046559,0.4243129123687964,0.6668246787453267,0.3414139915702463,1.0322929122717337,0.4961806686295749,0.11456719925912581,0.652600547900988,0.5132226194952297,0.5495686833254,0.9044135597677859,0.4324654391003021,0.15521220203809757,1.1524055666978983,1.120428368619576,1.0924546383869187,0.8258348181648167,0.4703969230950543,0.07634745706128451,0.15521220203809757,0.6917037223737424,0.7481937251272472,0.4261184265796349,0.6782810092484393,0.8537604264191659,0.6444036285646172,0.6512664925175415,0.5712248884493093,1.1492524421781944,0.907672459788786,0.748561533274762,0.027717877312505693,0.9088274483828327],"transport.delay_factor.roads.max":[1.0757078671150355,1.026492572710409,1.9675958522918233,1.0378581567211633,1.57837931323215,1.3663530607934866,5.907436740235748,1.405241166353775,1.0074438875584604,1.0073298822985772,1.011352375355192,1.2887912901500642,1.0047532930668746,1.0767302922821564,1.0757078671150355,1.3210029317630008,1.0074438875584604,1.0855937771005466,1.2674972355450644,2.801552005798785,4.0578026021693425,1.1083781638891703,1.1160832905373819,null,1.126992031181867,1.2425697513185494,1.4900399675268012,2.062296035433677,1.6300778424534181,7.892800221599487,1.0575868006750602,1.0376367106631552,1.1965917387151497,1.1340176692022936,1.0626797472704819,1.1974394586087846,3.0115958761463566,4.508046076001583,1.1181610535695183,1.1775398950657534,1.2514007531270737,1.6767352034456677,2.812747370713695,1.5273289639189764,1.9498309713642268,1.373820467159708,1.5273289639189764,1.7992761639768415,4.431340182739701,1.9046569358049332,1.0365999108158437,null,5.367943794699559,1.1237288593028123,1.0074438875584604,1.0757078671150355,1.52603063708427,1.055625437073822,1.0207475537451696,1.1265396507927077,1.0086994179715238,1.7267359345898463,1.03879825613704,null,1.1160832905373819,1.0444065601680177,1.0583805095861794,1.4282015491752897,1.0223884127693283,null,2.12875935804438,2.0086169957660305,1.911557470518709,1.2976821071183269,1.031341234772582,null,null,1.1465076914928576,1.2005452947987276,1.0211009123235504,1.1354623497907885,1.3400353400914766,1.1103600485476521,1.1151428786375943,1.0681497970110234,2.1164562652713146,1.4344067929746331,1.20095091966757,null,1.4366221003330042],"transport.cargo_vehicle_flow.roads.total":[313.0496939385386,2283.7974284060874,6462.973272793448,1544.8742786254124,4623.194916126305,5203.237889690872,73308.47083720402,4712.261983470536,147.26940999897042,495.92153564857426,149.32381805994268,3858.8021728687727,null,420.23859063969843,930.3927322152723,1331.9029856529087,118.72912637587106,1952.8150206498462,3453.2200766175456,3364.7547009546024,4645.898155865841,7442.417111559435,3032.6700299450467,null,0.034976816836184206,4246.226520587288,2547.3562720132154,123.51189590897248,3867.1040986188546,17217.15660850684,200.95880488689093,3800.6568537212447,7357.878234414668,46.709816599568725,2278.551703577595,359.16911664068624,9457.222370459871,5433.202183321555,1782.4229365746528,743.3196985272675,64.52554026944186,5330.601146555501,7887.2020120646075,4746.609563637031,14253.698216525247,2706.191362390545,281.4277924714222,16965.14369195784,346.6585917488169,15186.108972144542,59.65472014726288,null,305.22770143874055,null,188.5962046363516,947.9054314159594,452.6258238728524,439.57420746584603,597.2952722397707,422.77971403788206,524.6895744892732,460.9077629371288,5182.409190291127,null,3454.9394601940844,3594.766465266334,2254.20910938922,2144.340748120577,679.5756404940688,null,27888.868791415025,52.61462037653548,382.0134469134531,748.419944208506,785.9452504541056,null,null,263.6413457076787,1865.8616844459114,356.81948885384827,null,713.6389777076965,2427.0777048042246,239.4460777604575,4097.936619984791,4894.033792404739,null,687.0258206828141,null,991.2422147121509],