{"municipalities_area_set":{"area_entities":{"id":[1,2,3,4,5,6,7,8,10,15,17,18,19,20,21,22,24,25,26,27,29,30,31,32,33,34,36,40,41,44,45,51,54,55,56,57,58,59,61,62,63,65,66,69,70,71,75,76,80,82,85,86,88,89,90,91,92,93,100,101,102,103,104,105,108,109,110,111,114,119,121,123,124,126,130,131,135,138,141,143,147,150,152,154,155,156,157,160,162,164],"transport.cargo_vehicle_flow.roads":[315.9585406474927,246.05090477187642,221.99253642064178,220.54781734043544,262.66694163364474,373.4495479128214,1211.417837610584,252.1143947686473,50.514614012036844,50.514614012036844,56.94651481203266,315.9585406474927,null,59.99320250567489,315.9585406474927,120.58138479236072,50.514614012036844,252.1143947686473,318.83322966285687,265.4222650914346,252.1143947686473,310.17625947612805,420.62148063396324,null,0.09201370478116122,318.83322966285687,91.71018201463502,34.98976537822408,678.9940791143048,393.49527067618715,27.248423627074178,297.6277729314743,420.62148063396324,34.98976537822408,355.8857104894335,59.99320250567489,366.99545120654903,273.0629853530426,262.66694163364474,373.4495479128214,34.98976537822408,315.9585406474927,246.05090477187642,373.4495479128214,220.81077500910854,155.71321998201296,136.7076369386339,313.82853429873813,27.248423627074178,1120.84098104097,59.78405137667004,null,27.248423627074178,null,50.514614012036844,315.9585406474927,265.4222650914346,56.94651481203266,56.94651481203266,56.94651481203266,50.514614012036844,59.99320250567489,420.62148063396324,null,420.62148063396324,297.6277729314743,196.20787085508206,155.71321998201296,65.06574003204256,null,1185.3766959344737,6.372578573525175,34.98976537822408,149.65899055823482,205.63969228485257,null,null,34.98976537822408,265.4222650914346,56.94651481203266,null,56.94651481203266,205.63969228485257,59.99320250567489,415.49389553269117,245.24482924010974,null,245.24482924010974,null,84.42207800904256],"transport.volume_to_capacity_ratio.roads.max":[0.5832448887564688,0.4416559854890775,1.0950082703505044,0.4910031516962408,0.9666556731539084,0.8695945384123837,1.6648500419645218,0.88921223498517,0.32727797732778857,0.32615127402342703,0.3636282281797813,0.8162914399244138,0.299501137705422,0.5856418566200157,0.5832448887564688,0.8386849801434179,0.32727797732778857,0.603234354385819,0.802490481902177,1.2928082241011045,1.4842373474471238,0.6357934870796246,0.642137420374359,0.15484785107771223,0.6376081679935258,0.7799709405507801,0.9295097492861798,1.1416646674822795,1.0036528227056538,1.8123664845231369,0.5470962938738181,0.49004105263941533,0.7275286386936192,0.6747427616917966,0.5562772742931614,0.7419838695767025,1.3375103438701834,1.526513718042906,0.6494700597226111,0.7253127168495148,0.7895413782281012,1.008064994842781,1.2264443596757517,0.9480586773528742,1.1002048731374992,0.8728824879084196,0.9480586773528742,1.0592374813586884,1.5202782821804948,1.034672698786129,0.4860763534223747,0.15484785107771223,1.6169344341365486,0.6642864852311057,0.32727797732778857,0.5832448887564688,0.9499159262281225,0.5414219117491532,0.42287814231926796,0.6647780449445573,0.3403179243957483,1.0262738208751943,0.4852146763882394,0.11416278941156967,0.642137420374359,0.5107702794099542,0.5436137835331756,0.8908570938836596,0.4310029820813952,0.15484785107771223,1.1376215847750566,1.1229398116251623,1.089677854134199,0.8216402067568683,0.4691716725112185,0.07619596258289779,0.15484785107771223,0.6949540018632077,0.7444432561159718,0.4246290957549586,0.6778267275276074,0.8512385017446681,0.6416879930970512,0.6483556293184982,0.5677660910564539,1.1481635897653486,0.9074882331820358,0.7460981500578682,0.024704841551687028,0.9016168654099345],"transport.delay_factor.roads.max":[1.0740674898468423,1.0243524953989704,1.920130806246907,1.0371977861441435,1.5588138872532846,1.3659714340369962,5.916776413862583,1.400130533081419,1.007341670392803,1.007240618792302,1.0111944796587564,1.284158690734982,1.0051493461260697,1.0752849920872238,1.0740674898468423,1.316647042120951,1.007341670392803,1.084746981994537,1.2654235993635958,2.787789567529462,4.105942387348195,1.1045789490509141,1.108824661739457,null,1.1057780268491229,1.236861057410256,1.477744582680554,2.0872620170193548,1.649402588571573,7.905006047390514,1.0573370131018631,1.0369023402748114,1.1793000244753362,1.1326578368795133,1.0612765972681648,1.1939803908166091,3.0481821247888052,4.475224135551445,1.1138718861692456,1.1771266677908954,1.2487021591247816,1.6608975019362697,2.448009379685928,1.5170360728872914,1.9377222715813638,1.371537878048779,1.5170360728872914,1.8056628417997698,4.418789329919768,1.7334861761224838,1.0357199764471154,null,5.374713469975642,1.1246239871140107,1.007341670392803,1.0740674898468423,1.5210994926543804,1.0549950100861014,1.0204609770901698,1.124993274542585,1.0085848950574763,1.7099585220634745,1.0354780342637413,null,1.108824661739457,1.0435540804687542,1.0558909914443462,1.4030993932937161,1.0220797580249474,null,2.071941952882961,2.0176674658699483,1.9023447018829032,1.2916800372579085,1.0310185389484081,null,null,1.1492808896138567,1.1965650829756243,1.0208029622035262,1.135109451437747,1.3360353826531006,1.1085034423656264,1.1130923211385977,1.0664982606916404,2.112231155119858,1.4340542211762002,1.1983187729314266,null,1.4229296000206555],"transport.cargo_vehicle_flow.roads.total":[307.53185027583675,2191.43732168041,6271.819148241671,1515.0573251958508,4523.5524497857405,5187.7873208924375,72129.5280754787,4619.053090419384,144.16731191663317,485.4753931350955,146.178445713749,3791.038163499782,null,412.5330071811198,914.1688604558542,1305.3304329593818,116.22820377931322,1914.5539041342772,3467.129974829376,3309.942943643528,4542.969679617328,7297.8809739076305,2928.9676091339265,null,0.04600685239058061,4244.440477462167,2500.442377765019,121.26470519919056,3474.871418950759,16846.287836032083,196.8757134688428,3745.305173077543,7101.188096762092,45.85337142123629,2213.704437008446,352.5398046754449,9456.823381692402,5417.843408288869,1743.7994134828996,741.1124744132053,63.34825411034832,5236.4681450608805,7590.351687037082,4742.667762988654,14180.009927471807,2792.5895399006267,273.4152738772678,16891.999612822565,339.25457968353726,14970.339363755307,59.78405137667004,null,298.9881990709457,null,184.62359467789113,931.0222411991662,445.0777554020398,430.314970900464,584.713782854996,413.874238418898,513.6374590305578,448.5016844934297,5016.692256999927,null,3344.461504666617,3554.0411172310355,2151.9512536586917,2006.548168095807,665.593483005633,null,27157.703180515102,70.26789279273015,375.0575461821151,732.459559781521,770.5958970454349,null,null,258.8248194628994,1839.7954332294544,349.30340623953066,null,698.6068124790613,2379.7216752362838,235.02653645029662,3973.3470922403444,4758.300758083547,null,674.0801563182542,null,890.9917289041641],