{"municipalities_area_set":{"area_entities":{"id":[1,2,3,4,5,6,7,8,10,15,17,18,19,20,21,22,24,25,26,27,29,30,31,32,33,34,36,40,41,44,45,51,54,55,56,57,58,59,61,62,63,65,66,69,70,71,75,76,80,82,85,86,88,89,90,91,92,93,100,101,102,103,104,105,108,109,110,111,114,119,121,123,124,126,130,131,135,138,141,143,147,150,152,154,155,156,157,160,162,164],"transport.cargo_vehicle_flow.roads":[310.3619587040896,242.9359081581675,217.1841706339555,216.3083387357044,259.84176700289794,363.20441381384325,1191.9330624403246,247.34048581916807,49.508533929915124,49.508533929915124,55.81233304267411,310.3619587040896,null,59.01899741256513,310.3619587040896,118.28625911776315,49.508533929915124,247.34048581916807,312.11592111788997,262.8520732135561,247.34048581916807,307.26971193128804,413.2013079649391,null,0.023166106048707707,312.11592111788997,90.14663231667603,34.37429524467157,666.8598139864406,386.0766784067785,26.7882104482967,290.3902872538353,413.2013079649391,34.37429524467157,349.2571613650253,59.01899741256513,353.5950942744877,268.05915424611317,259.84176700289794,363.20441381384325,34.37429524467157,310.3619587040896,242.9359081581675,363.20441381384325,216.61057581495828,155.64355021661268,131.68447076222566,307.9301192760126,26.7882104482967,1129.5535409045583,61.12252053034603,null,26.7882104482967,null,49.508533929915124,310.3619587040896,262.8520732135561,55.81233304267411,55.81233304267411,55.81233304267411,49.508533929915124,59.01899741256513,413.2013079649391,null,413.2013079649391,290.3902872538353,192.36946845196638,152.58959751358694,63.79750656335092,null,1165.9279364098181,4.2327938125847675,34.37429524467157,146.73990526532214,201.72955268321004,null,null,34.37429524467157,262.8520732135561,55.81233304267411,null,55.81233304267411,201.72955268321004,59.01899741256513,409.6844676773569,240.91541974513163,null,240.91541974513163,null,82.64787362520275],"transport.volume_to_capacity_ratio.roads.max":[0.5797713060482723,0.43825566815057765,1.085896640446395,0.4900698533396772,0.9670140679466586,0.8649641342761328,1.6712156133743634,0.8852315977535153,0.32593601419372065,0.32529187932482206,0.3621380328774515,0.8120340788469983,0.29718154387208473,0.5855809818832927,0.5797713060482723,0.8367303380658682,0.32593601419372065,0.6009065744864956,0.8010479317966082,1.2896895137823838,1.4832746765340183,0.633364474017457,0.637232340860172,0.1543628988322153,0.653391017149018,0.7754996958749457,0.9305239156976122,1.1392397734858861,1.0097413751176856,1.8091061264100865,0.5470089285960412,0.4866802153876951,0.722131766001214,0.6732233742153354,0.5536534295071238,0.7417378001716443,1.33558459396146,1.5249888231941937,0.6485727233979718,0.7222334982777157,0.787739688380427,1.0016728794927274,1.1686139892917944,0.9407143922433683,1.0979286724980826,0.8697856450051691,0.9407143922433683,1.0565413427751524,1.520700432400888,1.0559636612822993,0.48363227892722577,0.1543628988322153,1.6175486657260065,0.6628069456793175,0.32593601419372065,0.5797713060482723,0.9482170988814104,0.5397031932945917,0.42123507295049883,0.663535296297716,0.338995017584527,1.024781046586707,0.4805447820008414,0.11414457232491149,0.637232340860172,0.5073315942151093,0.5402848767059073,0.8862914423497944,0.42994539772666374,0.1543628988322153,1.1271269010847869,1.116876088220176,1.0869156497933457,0.8145397266739831,0.4678016879672751,0.07627508990965931,0.1543628988322153,0.69302118034995,0.7410495429114083,0.4229368429215058,0.6767607532725024,0.8490012779331205,0.6386581295773764,0.6482529473365037,0.5647874611921552,1.1436926570208492,0.9048904644327943,0.7453890461822321,0.023976618842705803,0.8984190146486996],"transport.delay_factor.roads.max":[1.0723114123514876,1.0236096821785328,1.8898850936312486,1.0369157694286713,1.5596430859064454,1.3582385952739995,5.9924061737383205,1.3930136220692573,1.0072265369485156,1.0071644261485053,1.0110021568780128,1.2782767977356269,1.004991916499079,1.0752536948737124,1.0723114123514876,1.3137054310011562,1.0072265369485156,1.0834464367361267,1.2635202463626536,2.770600769910949,4.097892212079756,1.102989932377099,1.1055288511345147,null,1.1166467416391448,1.2314762837387874,1.479833021437717,2.0780540342100435,1.665304686987619,7.855452899295925,1.0573003975051314,1.0358944087369335,1.1740386767937867,1.1314669897394223,1.060135641980646,1.1937231943912252,3.036411670093453,4.46135877421324,1.1132438676432856,1.1741367702078085,1.2464398192677337,1.6442933298303426,2.1936150813578505,1.5012000756123132,1.9299861514130687,1.3662932512035963,1.5012000756123132,1.797491305890456,4.4225882236771135,1.7957485694826707,1.0350139486559415,null,5.3813646208734465,1.1235174102246077,1.0072265369485156,1.0723114123514876,1.5173817484451098,1.0543000118969195,1.0201501401569966,1.1240612330187914,1.0084566765123772,1.7058368238561008,1.0341283614167114,null,1.1055288511345147,1.0423860876982969,1.0545344853380791,1.3948991489958684,1.021867370240396,null,2.032930817398978,1.9958638002062603,1.893230083978802,1.2817273798059285,1.0306497623977073,null,null,1.1476270717692065,1.1930051728327202,1.020473859346958,1.1342519599064789,1.3325166142618388,1.1064764965708564,1.1130206951063386,1.0651208648453179,2.09500803267996,1.4291054405174428,1.1975659054761734,null,1.4169612672877436],"transport.cargo_vehicle_flow.roads.total":[302.21169110248184,2154.8788649818753,6250.474740846994,1486.91985087161,4468.6627096261955,5072.296333021444,70443.1148367353,4531.497650984218,141.2959871752862,475.8063669939267,143.2670659963256,3725.813477348369,null,405.78386580942515,898.4848057058377,1280.4415019775831,113.91333147769993,1878.5710406540838,3401.3031553187984,3260.0353237087047,4488.746699968827,7202.898493286417,2881.858634891827,null,0.011583053024353853,4163.89011706172,2457.4226146471156,119.11460088477487,3571.6385920486423,16388.54983308468,194.1526602330892,3674.6454818548373,6990.059496640117,45.035438678511674,2174.348008214043,346.76486839686,9223.800417540115,5244.998429694697,1727.0008736552857,724.6137618602064,62.22258630084746,5145.749016343799,7469.381720859647,4641.3374632685645,14013.257961273344,2697.449138514126,263.3689415244513,16244.712108388081,334.7288995695851,14285.002235530823,61.12252053034603,null,294.8645573325029,null,180.94651775811343,914.7853409090533,438.9933184370643,421.74455361174466,573.0682639853026,405.63126485728014,503.40753988598874,454.666851205257,4937.314653853776,null,3291.543102569184,3469.0238242798623,2075.8498223519487,1878.9655882500347,652.5857538079554,null,26501.198312180608,54.93449397528495,368.40342357868985,716.1767047468315,755.7415958134366,null,null,254.22091692030992,1824.322110646133,342.3464650353254,null,684.6929300706507,2333.9235632495424,231.17657893124,3908.3601753402163,4677.190889372142,null,662.1175743828285,null,879.8341254427316],