{"municipalities_area_set":{"area_entities":{"id":[1,2,3,4,5,6,7,8,10,15,17,18,19,20,21,22,24,25,26,27,29,30,31,32,33,34,36,40,41,44,45,51,54,55,56,57,58,59,61,62,63,65,66,69,70,71,75,76,80,82,85,86,88,89,90,91,92,93,100,101,102,103,104,105,108,109,110,111,114,119,121,123,124,126,130,131,135,138,141,143,147,150,152,154,155,156,157,160,162,164],"transport.cargo_vehicle_flow.roads":[304.7420749061801,238.75987557156168,214.95707036725716,211.9984841864992,252.59638433550657,357.6439364246265,1172.4564791462026,242.49788910864373,48.480635688827,48.480635688827,54.65355506215862,304.7420749061801,null,57.9795435062402,304.7420749061801,115.95635398608962,48.480635688827,242.49788910864373,306.3367460384394,256.55144266181765,242.49788910864373,301.8163021382893,406.0275703679439,null,0.03819425203800251,306.3367460384394,88.47476053395275,33.75694427312557,639.9495978128779,378.5561511369927,26.41177857275773,285.6737962865786,406.0275703679439,33.75694427312557,342.82211339917393,57.9795435062402,346.1370293431405,263.11184277340175,252.59638433550657,357.6439364246265,33.75694427312557,304.7420749061801,238.75987557156168,357.6439364246265,212.34712277084066,155.5614056962169,130.39506809999426,302.03280034482384,26.41177857275773,1107.370249147551,58.71378039764597,null,26.41177857275773,null,48.480635688827,304.7420749061801,256.55144266181765,54.65355506215862,54.65355506215862,54.65355506215862,48.480635688827,57.9795435062402,406.0275703679439,null,406.0275703679439,285.6737962865786,188.7313978728711,149.66888652361465,62.505665176500045,null,1146.899644705408,4.151630131049046,33.75694427312557,143.80239931055883,197.8376622641716,null,null,33.75694427312557,256.55144266181765,54.65355506215862,null,54.65355506215862,197.8376622641716,57.9795435062402,402.8856347438267,236.40363262969342,null,236.40363262969342,null,81.197974882605],"transport.volume_to_capacity_ratio.roads.max":[0.5760953182881549,0.4347392127169155,1.1420655973843665,0.4866946055509039,0.9662671384377639,0.8592915003402621,1.6573976271422377,0.8812001409283028,0.3243795996382329,0.3240508955240364,0.3603397664988519,0.8078310351877469,0.2949318135962135,0.5853235575602945,0.5760953182881549,0.8337839001478898,0.3243795996382329,0.5990377858507812,0.7983567894081741,1.2852169031291523,1.4721896291256606,0.6281281906156906,0.6321639513911325,0.1537580610439647,0.6650407956905073,0.7703153875045838,0.9310296721686926,1.1357513136691446,0.9552353577424181,1.8080752712042294,0.5450741433052616,0.4831593896297348,0.7165467453814118,0.6715147233298975,0.5504988268494113,0.7408958941719556,1.3245574897449826,1.5208906475128086,0.6485128026277456,0.7180009903437994,0.7858036938696028,0.9949685608511678,1.2374083198924168,0.9366014916630028,1.0946876035264295,0.869288503911765,0.9366014916630028,1.056280972796308,1.5158135209891939,1.0189513904063,0.48078802597349124,0.1537580610439647,1.620450692177545,0.6602885278340648,0.3243795996382329,0.5760953182881549,0.9449221125959888,0.5376057443751283,0.4192507063345457,0.6617994939396823,0.3374384687518615,0.9678705347654937,0.47583716466746473,0.11382237056335126,0.6321639513911325,0.5037161881154621,0.5373202619309341,0.8791081638489149,0.42833531493570054,0.1537580610439647,1.1167988747683484,1.1123777007607178,1.082426306418926,0.8111569997952995,0.4659484955072385,0.0759770846236146,0.1537580610439647,0.6907495370783903,0.7368735887262416,0.420939753675792,0.675537463425457,0.8461657798680382,0.6352213648812703,0.6478236193072474,0.5612707407169995,1.1373782879079501,0.9028520229243414,0.7424447259878832,0.023921009073079258,0.8953407030648224],"transport.delay_factor.roads.max":[1.0704884916375659,1.022861000451308,2.0887901208406197,1.035909230973966,1.5579159967876155,1.348932994872606,5.829329356314366,1.3859030452666765,1.007087846753493,1.007063035636502,1.0107797953699824,1.2725599929734008,1.0048424646557383,1.075121454506148,1.0704884916375659,1.309310023256951,1.007087846753493,1.0824132125996473,1.2599968377976183,2.746166648292557,4.006318504424845,1.0996260965387215,1.1022112928760877,null,1.125191004010614,1.225348290024425,1.480877063717765,2.064910147025696,1.5328703199930118,7.839840899097126,1.0564939963443272,1.034877204660599,1.168716704923665,1.1301374015692978,1.058776749545372,1.192845152331536,2.969986385845258,4.4243009874746395,1.1132020236420896,1.1700905349549675,1.2440260768652955,1.627216401173642,2.5004865294668868,1.4924921975568055,1.919053459714449,1.3654565238338128,1.4924921975568055,1.796705473693973,4.378804629178054,1.6899122225722678,1.0341975147925486,null,5.412891571651222,1.1216508032217172,1.007087846753493,1.0704884916375659,1.5102276887808352,1.0534608151219635,1.0197685520470328,1.1227681458789653,1.0083004917088794,1.5616283843931091,1.0328145845913668,null,1.1022112928760877,1.0412025036615238,1.0533473492837497,1.3822515249002905,1.021548976095731,null,1.9955884389237777,1.9799165008428352,1.8785638465963679,1.2770764756842239,1.0301669656743102,null,null,1.1457009502217055,1.1886913261040832,1.0200858487645221,1.1332839113740527,1.3280966570907204,1.1042127599871252,1.112721584891671,1.0635140176510716,2.071025245709172,1.4252519128556247,1.1944627755884436,null,1.4112759247649302],"transport.cargo_vehicle_flow.roads.total":[296.8895200400137,2117.126056719166,6194.145654339136,1458.4591423907127,4366.566324609385,4986.903711409891,69375.28160826652,4442.837338081046,138.36239401141088,465.92765540808296,140.2925492119678,3660.455453612325,null,398.4598215254511,882.8160052538746,1255.1690035257102,111.54825815058075,1842.1104725322766,3338.8070881999975,3190.4837179831643,4354.7445156669055,7072.464435914038,2832.7671857032556,null,0.019097126019001254,4086.4558269688823,2412.802780486896,116.95520559693509,3614.1331728432983,16101.123241109302,193.1415181064813,3637.2875805264252,6868.869243260681,44.21319279149782,2135.802759979786,340.4802780192109,9037.83187626814,5146.739461938125,1684.5274363049975,712.4148159156987,61.091664928060595,5054.9743955464,7335.741347555915,4561.67081055148,13808.67242144534,2684.8574295931962,260.7901361999885,15950.41319763044,333.4594790674471,13880.89027852499,58.71378039764597,null,293.40175367661146,null,177.18969862875113,898.5211149862074,429.23854753360956,412.9882756444007,561.1701968478711,397.2095316613953,492.9557716003063,445.92769462417056,4853.479230670623,null,3235.652820447083,3411.2736931145632,2020.3684758101288,1840.9933041512488,639.330956466541,null,26040.809927003036,60.898449332569655,361.71989842884557,703.507635312571,741.049534271927,null,null,249.5947839714285,1779.12220685323,335.2386534860942,null,670.4773069721884,2288.5964180595715,226.98685201280728,3838.9932580573923,4591.27162903725,null,649.7198143909413,null,865.988098430066],