{"municipalities_area_set":{"area_entities":{"id":[1,2,3,4,5,6,7,8,10,15,17,18,19,20,21,22,24,25,26,27,29,30,31,32,33,34,36,40,41,44,45,51,54,55,56,57,58,59,61,62,63,65,66,69,70,71,75,76,80,82,85,86,88,89,90,91,92,93,100,101,102,103,104,105,108,109,110,111,114,119,121,123,124,126,130,131,135,138,141,143,147,150,152,154,155,156,157,160,162,164],"transport.cargo_vehicle_flow.roads":[299.5442968160646,233.17937126961203,212.2286901019447,208.01402447166424,248.39344204486213,355.78729487946873,1154.3290485496796,238.02057610862988,47.530505450214974,47.530505450214974,53.58244709143186,299.5442968160646,null,56.94948140259603,299.5442968160646,113.80225235817578,47.530505450214974,238.02057610862988,302.60956392869986,249.15728053943036,238.02057610862988,293.6869310959373,399.6879238347196,null,0.14362112297720975,302.60956392869986,86.81859087629992,33.18594033844592,640.3169167901717,371.60275558352635,26.13812457431071,284.3193556841253,399.6879238347196,33.18594033844592,337.1674705570268,56.94948140259603,349.5660148304568,258.6267838328502,248.39344204486213,355.78729487946873,33.18594033844592,299.5442968160646,233.17937126961203,355.78729487946873,208.40535704968266,171.33887711417282,130.8709894724885,296.64352588983365,26.13812457431071,1087.4115268772666,54.84961120141681,null,26.13812457431071,null,47.530505450214974,299.5442968160646,249.15728053943036,53.58244709143186,53.58244709143186,53.58244709143186,47.530505450214974,56.94948140259603,399.6879238347196,null,399.6879238347196,284.3193556841253,184.17064455374376,145.7716250601354,61.31143869441745,null,1129.5984710997343,4.494889785964207,33.18594033844592,141.1156947054227,194.30766933801357,null,null,33.18594033844592,249.15728053943036,53.58244709143186,null,53.58244709143186,194.30766933801357,56.94948140259603,394.90887035047,232.08019126320318,null,232.08019126320318,null,80.24705076108594],"transport.volume_to_capacity_ratio.roads.max":[0.5722661125961954,0.4317266323731038,1.1277258908278667,0.48509639825486356,0.960260907367308,0.853707000926656,1.6646610529961787,0.8811417095324783,0.32253798642223414,0.3226605509689354,0.3586402933628138,0.8032675228258835,0.2979892203145466,0.5828187591743811,0.5722661125961954,0.8327987620579821,0.32253798642223414,0.5973682887201567,0.7966550678614307,1.2799603788550362,1.4785011718728598,0.6221091022473381,0.6273902206279085,0.15303331158630312,0.6457314181413591,0.7648585680284186,0.9249454687044957,1.137945350167882,0.9829812800078241,1.8060491848193965,0.5442235397926738,0.4798967046370057,0.7119153715028969,0.668511196255355,0.5463971666787986,0.738048795545773,1.3366068525694712,1.516908172619207,0.64422670442962,0.7141420550959728,0.782429803817769,0.9880569794320223,1.3154719747467827,0.9338444479206117,1.1112194404926372,0.8849302701444753,0.9338444479206117,1.0983802921653976,1.513772435226727,1.0263048823729708,0.4768634062699707,0.15303331158630312,1.619269888909521,0.660160931996482,0.32253798642223414,0.5722661125961954,0.9422209378799394,0.5365371132481519,0.41752948679469265,0.661827906812867,0.3355743314279619,0.8721454658837329,0.47137725822905197,0.11392640957829703,0.6273902206279085,0.5003428037954065,0.5210352824431321,0.8512685256398379,0.4267733810611736,0.15303331158630312,1.1077054768940282,1.1203715122390256,1.079207215267243,0.8088381325738835,0.4638735603813344,0.07588149322159259,0.15303331158630312,0.6911478578361833,0.7321325274596975,0.41943014572161547,0.6739203787528756,0.8456052555914165,0.6315647959697464,0.6452222149300568,0.5568693858064685,1.1353875152500692,0.901514390724968,0.7401444449553921,0.024379898598209077,0.8929150411170695],"transport.delay_factor.roads.max":[1.0686353302073204,1.0222338839757652,2.035128292573101,1.035439874421832,1.5441729747487012,1.3399502349504082,5.914544240951811,1.3858007002494395,1.0069273210110172,1.006942491738427,1.0105807643872329,1.266453118109835,1.0050464060167186,1.0738438041500016,1.0686353302073204,1.3078507795816985,1.0069273210110172,1.0814983153348052,1.2577871510131484,2.7177742138740326,4.05820550922142,1.0958619362278985,1.0991587294944278,null,1.1112724484132086,1.2190304615076135,1.4684297728214333,2.073162766195131,1.5975317170619994,7.809234137234734,1.0561421790740262,1.033944627318311,1.1643968360206431,1.1278246802291163,1.057044493534657,1.189897950376436,3.0426535229523055,4.3885752832305265,1.1102388989106073,1.1664632655072635,1.2398620349469227,1.6099692406454058,2.9164891930805963,1.4867188186642413,1.9758415293381275,1.3924787771681646,1.4867188186642413,1.931517249965468,4.360642729787575,1.7100444771986107,1.0330945104057263,null,5.4000431361995975,1.1215567980300505,1.0069273210110172,1.0686353302073204,1.504418466287408,1.0530396101760542,1.019447014126772,1.1227892303339104,1.008117907702033,1.3702846281243364,1.0315976277193488,null,1.0991587294944278,1.0401098100799675,1.04716811340054,1.3360827941593707,1.0212309422093624,null,1.963556501440113,2.008389242125683,1.8681591261635808,1.2739217044035653,1.0296256865470375,null,null,1.1460311990603946,1.183881815557716,1.0198109726482916,1.1320122797284229,1.3272281583192105,1.1018243461610095,1.1109218797343254,1.0615450807558164,2.0635463747921237,1.4227373578787637,1.1920639736391865,null,1.406837080186163],"transport.cargo_vehicle_flow.roads.total":[291.9664502391578,2079.9554484607756,5693.8079075518735,1432.1426829513512,4287.29462992807,4927.979433812156,68496.2491537474,4360.932359377303,135.65074857671027,456.79634043832397,137.54307632729248,3599.819027867368,null,391.0814358564618,868.3215041405665,1231.803649584767,109.36211987851613,1808.3989092330883,3288.0859147994165,3111.0999003597335,4278.310290052024,6926.443256896356,2783.4783063902883,null,0.07181056148860487,4021.922133202276,2369.9308948450034,114.95801186830286,3436.322754122738,15816.673887567551,188.52725798895096,3574.5553029413645,6738.226218231068,43.452734240422664,2100.4057589526315,334.1319544538658,8965.74253375673,5172.478234278568,1654.0686004358872,703.9970619731653,60.04570440964562,4971.007500642589,7191.528002402562,4503.07561619774,13928.490520317471,2675.998508934727,261.741978944977,15606.988162676142,324.7782668292805,13686.150312380398,54.84961120141681,null,286.32591460323596,null,173.71711027990395,883.4771972943802,418.7758783895042,404.8944739995431,550.1723053091699,389.4249640348744,483.2947558516266,418.1181532854808,4767.580765111137,null,3178.3871767407586,3368.7535999520983,1865.3689367730776,1601.764162447546,627.0778815209885,null,25680.024268556128,41.30598774969128,355.5384226123046,693.497414109811,727.8525343761748,null,null,245.31621458957085,1724.8833605136103,328.6685997460168,null,657.3371994920336,2247.843882916085,222.75463630257718,3767.587158295885,4505.432290553998,null,637.9164689056785,null,847.2001496191322],