{"municipalities_area_set":{"area_entities":{"id":[1,2,3,4,5,6,7,8,10,15,17,18,19,20,21,22,24,25,26,27,29,30,31,32,33,34,36,40,41,44,45,51,54,55,56,57,58,59,61,62,63,65,66,69,70,71,75,76,80,82,85,86,88,89,90,91,92,93,100,101,102,103,104,105,108,109,110,111,114,119,121,123,124,126,130,131,135,138,141,143,147,150,152,154,155,156,157,160,162,164],"transport.cargo_vehicle_flow.roads":[294.4553690036295,229.6333610667255,203.79703103956984,204.133988172843,245.88938597156178,345.41969396160727,1136.813086092032,233.65645037046085,46.60728823238021,46.60728823238021,52.54167890981959,294.4553690036295,null,56.093968189379396,294.4553690036295,111.70329913332989,46.60728823238021,233.65645037046085,297.26258216020324,248.56628993749078,233.65645037046085,291.9663627233459,392.8775594614551,null,0.034063273831458143,297.26258216020324,85.43240343159815,32.62662289610243,617.8492760679661,364.8232495725202,25.6956444431135,276.88865874943417,392.8775594614551,32.62662289610243,331.05014181533386,56.093968189379396,336.26458239016046,254.0378210848551,245.88938597156178,345.41969396160727,32.62662289610243,294.4553690036295,229.6333610667255,345.41969396160727,204.5643514566575,169.09508740824344,124.48755696985732,291.2323325640049,25.6956444431135,1073.2023722262074,57.85646546367502,null,25.6956444431135,null,46.60728823238021,294.4553690036295,248.56628993749078,52.54167890981959,52.54167890981959,52.54167890981959,46.60728823238021,56.093968189379396,392.8775594614551,null,392.8775594614551,276.88865874943417,182.28451862434076,144.53525409069556,60.14951489961919,null,1111.9607700493407,3.07586677040515,32.62662289610243,138.43111755038697,190.70982447381562,null,null,32.62662289610243,248.56628993749078,52.54167890981959,null,52.54167890981959,190.70982447381562,56.093968189379396,388.9252796905114,228.19575226579417,null,228.19575226579417,null,78.51553215963483],"transport.volume_to_capacity_ratio.roads.max":[0.5681319527355668,0.4276405402996639,1.1537376676362985,0.48216351377480243,0.9641246326450119,0.8479344299611973,1.6596312073227637,0.8753647810679789,0.3205735180406206,0.32114548210133703,0.3563917868437777,0.7980122165602163,0.3009940888980259,0.5803256765208207,0.5681319527355668,0.8295361382806452,0.3205735180406206,0.5941662142032872,0.7931465922674069,1.2742771285414363,1.4777531475074883,0.6179298359362012,0.6217867648462617,0.1521863806067393,0.6229546600509956,0.7589429364426721,0.9181073559086392,1.1388101929694572,0.9725772611949334,1.8007199845054587,0.5419681950378318,0.475978421027095,0.7052702461408394,0.6664576797260822,0.5424569925854715,0.7354592985337515,1.3267951416758887,1.509334888140006,0.6470808835774874,0.70976551029485,0.7802137292098356,0.9806325560239845,1.1706961241864224,0.9240353872130583,1.107344205165792,0.8789215913875752,0.9240353872130583,1.094657364738173,1.5078185976051088,1.003107396663917,0.47350692332110983,0.1521863806067393,1.611013596886666,0.6593211552478799,0.3205735180406206,0.5681319527355668,0.9378093896009406,0.5338016742371368,0.41504274404842795,0.6591332077651378,0.33361051866926095,1.0055744374424906,0.4663808252435351,0.11364862050378415,0.6217867648462617,0.49629941261461347,0.5177778234228986,0.8461585060785718,0.4249520718226253,0.1521863806067393,1.0969869063824256,1.1073668870780007,1.0739856062535116,0.8002911244908448,0.46152733509901755,0.07549239303139302,0.1521863806067393,0.6906506080373679,0.7272127897742147,0.4169127541343322,0.6718655381235419,0.8417310885418147,0.6275194834910988,0.6427270386526507,0.5526419150582291,1.1261637926158592,0.8976526107439206,0.7383408603570392,0.02380588463736386,0.889219897967729],"transport.delay_factor.roads.max":[1.0666688925736185,1.021404025135471,2.1339874845874185,1.0345905404504698,1.5529841577846404,1.3308484114409358,5.8554148741735865,1.375782240852093,1.006758630724403,1.006789676480281,1.0103110056664732,1.2595482670873122,1.0052530537060398,1.0725883825609372,1.0666688925736185,1.3030548343290458,1.006758630724403,1.0797648928849009,1.2532758750792616,2.687467925816594,4.052021200971554,1.0933118144205884,1.0956634123353408,null,1.0963841739759224,1.2123324970789042,1.4547302460415628,2.076428918433824,1.5726330634191443,7.72921976223557,1.0552173014549637,1.0328463793771763,1.1583442229149055,1.1262613071458718,1.0554167715863128,1.1872468613552143,2.9833322069530577,4.321409452792299,1.1122055279065233,1.1624200131154256,1.2371561147374837,1.5918412117517846,2.202144561848092,1.4665888837932295,1.962300082769944,1.3819271283790324,1.4665888837932295,1.9189519150860868,4.308082688293124,1.6479920910413353,1.0321725368845573,null,5.310987835924246,1.1209394579178993,1.006758630724403,1.0666688925736185,1.4950377074470644,1.0519636561529933,1.0189911505655838,1.120801615841763,1.0079267506808192,1.6543903294339342,1.0302790831231954,null,1.0956634123353408,1.0388246931498333,1.0459995683239127,1.3280853757305284,1.0208708327477383,null,1.9267994117777871,1.9623789289914755,1.8514787572508027,1.2625257910333025,1.0290367389875135,null,null,1.145617499082122,1.1789888622884854,1.0193261909616858,1.1304095618821262,1.32127242018753,1.099246285097673,1.1092159973035651,1.0596973780931855,2.0294048610740067,1.4155403175317363,1.1901987187806968,null,1.4001443261122],"transport.cargo_vehicle_flow.roads.total":[287.1384633835603,2045.0066064741688,5619.885384232463,1406.4593462367795,4233.046001006165,4816.454651483389,66946.13882521424,4280.8756627200155,133.01591215929892,447.9236755562242,134.87148394558875,3540.721099779609,null,385.17401944045145,854.0984845306116,1209.039009879999,107.237905311589,1775.523808006968,3233.5906215250147,3080.2995126725136,4227.94042801967,6867.065474367512,2738.286076917355,null,0.017031636915729072,3953.964494427184,2331.3648960267165,113.00277759813515,3305.5334776231994,15513.663101691054,181.2090902093818,3495.020080197186,6625.458627785833,42.708562169321,2062.117922625377,329.08005125107206,8762.548788673557,4979.562704788565,1636.6994022445292,688.0649502119127,59.021873617372215,4888.670783140593,7070.493589451933,4407.302788445094,13681.46047904747,2560.9774474416217,248.97511393971465,15249.078196370989,311.0268915325365,13216.809079275918,57.85646546367502,null,275.042898487711,null,170.3428851223176,868.7322957707502,414.9276212974665,397.0299342421429,539.485935782355,381.8608990528962,473.90739428950667,418.1351007208485,4690.817034911799,null,3127.211356607866,3324.629470231309,1838.2725560667564,1526.7392637708858,615.1581763165569,null,25185.322379768022,43.345261924743994,349.4870729136985,676.8112863926133,714.1423116675827,null,null,241.1284641060982,1724.77501568459,322.2846468009971,null,644.5692936019941,2205.5894755604604,219.38670083404804,3704.5493937540828,4429.323076544603,null,627.1445884077621,null,832.0140334220947],