{"municipalities_area_set":{"area_entities":{"id":[1,2,3,4,5,6,7,8,10,15,17,18,19,20,21,22,24,25,26,27,29,30,31,32,33,34,36,40,41,44,45,51,54,55,56,57,58,59,61,62,63,65,66,69,70,71,75,76,80,82,85,86,88,89,90,91,92,93,100,101,102,103,104,105,108,109,110,111,114,119,121,123,124,126,130,131,135,138,141,143,147,150,152,154,155,156,157,160,162,164],"transport.cargo_vehicle_flow.roads":[414.84132950980415,516.9581631278544,283.94977926175955,293.9565470361372,293.9565470361372,472.14141891547865,2061.292665072384,338.73557547087347,67.79019342282734,67.79019342282734,76.42175099949726,414.84132950980415,null,142.1024411807971,414.84132950980415,160.41686534332698,67.79019342282734,338.73557547087347,328.706836578877,250.73538090750293,338.73557547087347,312.0588708531846,735.0125152789785,null,null,387.1445075172504,142.1024411807971,45.88349887248762,2061.292665072384,522.5539873487769,32.787271468003034,636.653451966335,735.0125152789785,45.88349887248762,636.653451966335,142.1024411807971,624.288367041433,293.9565470361372,null,472.14141891547865,45.88349887248762,414.84132950980415,516.9581631278544,472.14141891547865,293.7229644515386,247.81915031143203,256.64338096861115,376.76327336989766,32.787271468003034,2046.4359005660374,null,null,32.787271468003034,null,67.79019342282734,414.84132950980415,250.73538090750293,76.42175099949726,76.42175099949726,76.42175099949726,67.79019342282734,142.1024411807971,735.0125152789785,null,735.0125152789785,636.653451966335,270.954712160445,247.81915031143203,86.95334214295721,null,2046.4359005660374,250.73538090750293,45.88349887248762,256.64338096861115,250.73538090750293,null,null,45.88349887248762,250.73538090750293,76.42175099949726,null,76.42175099949726,250.73538090750293,142.1024411807971,735.0125152789785,327.2872742958427,null,327.2872742958427,null,295.4895413785926],"transport.volume_to_capacity_ratio.roads.max":[0.5947494681714969,0.5225542054866933,1.32702367567727,0.4871336994191848,0.7349871752000576,0.8338697669056783,4.330227634776098,0.8211339514231211,0.31173990631558257,0.3082936958730949,0.3422099400522897,0.9312465966240111,0.28093496542405944,0.4287591245372831,0.5947494681714969,0.8115415576921257,0.31173990631558257,0.5715268168531443,0.6462349293310018,1.383597365158726,1.9634996748308524,0.5875780118790153,0.7388773165162175,0.1462099789529967,0.6257235323068873,0.7572181011936958,0.7928936227852703,0.9638439887498091,3.63221821782782,2.6911806020860927,0.4795501815607707,0.5784568413801512,0.7476197735872817,0.6376890668293411,null,0.5590131232445108,1.7527384963127581,1.0417381258851335,0.48587948610599674,0.6664669666386905,0.7459662948705982,1.0405872518667172,0.8559055005430686,0.9832154401490834,1.4762909182083086,1.6370183805442626,0.9832154401490834,2.48702418629907,1.3059768045312394,2.87293632686788,0.44144380446054376,0.1462099789529967,1.0299700012683992,0.5225485761183584,0.31173990631558257,0.5947494681714969,0.8553107842807609,0.5028684283130319,0.3961836505935534,0.5970305541535769,0.3239210627370351,1.5704249840258513,0.6024514485292269,0.09226971577244115,0.7388773165162175,0.6098345024504582,1.1576046066894186,1.9634996748308524,0.41393181171433435,0.1462099789529967,1.8152277910614503,1.374952060366597,0.9274894673795937,0.8776983546035392,0.5467466297680881,0.0387056925537152,0.1462099789529967,0.6120187739315041,0.9873098929224827,0.40277351269476885,0.6094010559866933,0.7820295200934494,0.6474690993461315,0.48073476002240806,0.6346192266777771,2.137845743734655,0.8651145473546911,0.5132015265899688,0.022195052047551605,0.8428363934321511],"transport.delay_factor.roads.max":[1.0800785541949451,null,2.984595989795135,1.0360446521932822,1.1867665164941585,1.309437459404087,226.01842214345064,1.2909618243287349,1.0060365944982625,1.0057808288505308,1.0087666569725013,1.4813437005149244,1.003981002894541,1.021633040426455,1.0800785541949451,1.2776022813807844,1.0060365944982625,1.0682881004160611,1.1116199147816466,3.345355543037824,10.512487284776157,1.0762905423817375,1.1907419750120551,null,1.0981144948107386,1.2104088112084865,1.252952906178138,1.5523405734405213,112.39715771876322,34.570000598947175,1.0338513821189268,1.071659201855189,1.1999415670353724,1.1058317209415478,null,1.0624934494642995,7.040033622418689,1.7537272373805395,1.0356641727873859,1.1262582151944593,1.1981786174956393,1.7504019921997684,1.3434655976922905,1.5981174173592683,4.040040035867236,5.596283591709168,1.5981174173592683,25.484569923590424,2.861751995360838,44.60095912605129,null,null,1.7202417241806853,1.0477243661683662,1.0060365944982625,1.0800785541949451,1.3425119794315585,1.0409194790812377,1.0157653351873603,1.081314164518979,1.0070453628620437,4.892680481563936,1.0843027752557886,null,1.1907419750120551,1.088517297461813,2.1492670607958866,10.512487284776157,1.0187860251425873,null,7.948853061239083,3.2872690638610735,1.4736046085406465,1.3798053786740074,1.0571801602832918,null,null,1.0897922702336604,1.6081264999231406,1.0168408313560824,1.0882623139180783,1.2393715668466074,1.1124692590043619,1.0341891875219695,1.1038124671832292,14.36858482123639,1.3584878441140733,1.0443910551544218,null,1.3229632406533995],"transport.cargo_vehicle_flow.roads.total":[402.10217664369736,3254.862471409329,7330.709316937722,2006.3541455210882,1719.7321247323612,6379.925320953586,119431.93039401564,6167.962799483202,193.47133797258866,651.5039547725577,196.1702628633773,5005.819998629202,null,760.3189950919361,1193.5673770649855,1737.134690407919,155.9772863652875,2555.6453146666067,3717.9969709231523,4137.643317671246,5638.553805782093,6473.208761353488,4399.2588907217805,null,null,4751.190592789846,3780.412892154924,159.244047207962,9897.919795387295,24695.8250731115,216.93152109152632,6887.953238269323,12010.941894285546,60.279199266153725,3526.848778563804,618.216553911139,14656.630239450278,5806.871251586943,null,911.4179029933696,83.22094870239754,6848.476155808963,12695.96061325029,5769.002367305312,17182.878964535274,4633.831879324079,513.2867619372223,23029.49086419507,368.2884992470466,25498.219222688975,null,null,328.1295542596231,null,247.76333420363517,1219.0456827971989,459.7381464079163,577.4791252117603,784.6810514535092,555.4157984550175,689.2972138437821,618.2165539111389,7701.407109001139,null,5134.271406000759,5759.303126426608,3072.0447719234558,3773.17601613943,889.9453211403721,null,46610.10756565517,3468.9024057629167,492.57724163280034,1044.683311346656,919.4762928158326,null,null,340.0816450064232,1588.2172047241625,468.76227672625186,null,937.5245534525037,2846.883654404143,412.1443692740927,6156.509312432502,7818.091663996195,null,893.1875370290879,null,2128.824788948204],