{"municipalities_area_set":{"area_entities":{"id":[1,2,3,4,5,6,7,8,10,15,17,18,19,20,21,22,24,25,26,27,29,30,31,32,33,34,36,40,41,44,45,51,54,55,56,57,58,59,61,62,63,65,66,69,70,71,75,76,80,82,85,86,88,89,90,91,92,93,100,101,102,103,104,105,108,109,110,111,114,119,121,123,124,126,130,131,135,138,141,143,147,150,152,154,155,156,157,160,162,164],"transport.cargo_vehicle_flow.roads":[289.622350778765,227.3391405005981,220.1134271635616,200.3896660356633,218.11077886746378,362.65569132271526,1120.3385617716276,229.45679149667157,45.71063492119946,45.71063492119946,51.530856951361315,289.622350778765,null,55.22741858727705,289.622350778765,109.68147844124455,45.71063492119946,229.45679149667157,291.0406675763774,219.80369223268323,229.45679149667157,288.023509090392,386.6796893361356,null,0.016575014645254967,291.0406675763774,84.02155564071013,32.096200225242974,624.977220555236,358.304621374573,25.354919286108583,272.17593219328,386.6796893361356,32.096200225242974,325.4471035738207,55.22741858727705,328.68741313134524,249.73866896016656,218.11077886746378,362.65569132271526,32.096200225242974,289.622350778765,227.3391405005981,362.65569132271526,200.86493727738502,166.43447231092105,146.64382667556396,286.1027654322383,25.354919286108583,1055.947339580781,32.48844141834646,null,25.354919286108583,null,45.71063492119946,289.622350778765,219.80369223268323,51.530856951361315,51.530856951361315,51.530856951361315,45.71063492119946,55.22741858727705,386.6796893361356,null,386.6796893361356,272.17593219328,179.3478654342586,142.2152346852837,59.02537226316794,null,1095.7500281994908,3.827269304952733,32.096200225242974,146.64382667556396,187.31525081433676,null,null,32.096200225242974,219.80369223268323,51.530856951361315,null,51.530856951361315,187.31525081433676,55.22741858727705,384.40229091441824,224.35665810761893,null,224.35665810761893,null,77.18052152951398],"transport.volume_to_capacity_ratio.roads.max":[0.563929337274662,0.4239257830857286,1.1088467797309018,0.48096045925788516,0.9567341016767672,0.8419434465310383,1.6671624771848699,0.8696395838902046,0.31838088728967345,0.3192613325882615,0.35388934657545734,0.7932606468064393,0.2977503467008795,0.5785771010588153,0.563929337274662,0.82515843489385,0.31838088728967345,0.5900238051054923,0.7891701019619034,1.2670762832803315,1.4536830332994244,0.6130761403143722,0.6162460492165451,0.15121628881250548,0.6245224482790751,0.7525218222346601,0.9167541894461173,1.1339503649540057,0.9616615973563041,1.7989240888510487,0.5413205857603793,0.47197275609016404,0.6993328833612237,0.6629253302165499,0.5387107796215606,0.7324659272488948,1.330251330729296,1.5073631146912785,0.6409458855032054,0.7055827144255766,0.7760059670285915,0.9731870253007121,1.2229016660282241,0.9411363522163245,1.10820302457574,0.8846923277711466,0.9411363522163245,1.0899483879439704,1.506890781414263,0.9986426571308592,0.4707241624236829,0.15121628881250548,1.6142149101171093,0.6558815158205374,0.31838088728967345,0.563929337274662,0.9351301550587613,0.5304952400901375,0.41219682908765487,0.6555707957460071,0.33139581812253127,1.0786623948946565,0.46154023529599164,0.11304098573885449,0.6162460492165451,0.4921499268552012,0.5160919228556212,0.844923862888841,0.42259462432484685,0.15121628881250548,1.0866037824065535,1.1072437242893942,1.0678186017677134,0.8168588167887244,0.4588417169983755,0.07545658641797891,0.15121628881250548,0.6874252620139254,0.7203374747068452,0.41405516432504186,0.669677663454091,0.836823371706199,0.6231135656333331,0.6405500279937748,0.5486636900207801,1.1210880561087166,0.8969891598253819,0.7324857107939139,0.02344329260800435,0.8858362402830132],"transport.delay_factor.roads.max":[1.0647259938795748,1.0206681046580526,1.9675337699693713,1.0342466005645266,1.5362224475492483,1.3215967545920422,5.944150500432763,1.366047270019662,1.0065747422601885,1.006654702812417,1.0100428313684695,1.2534215908651964,1.0050302442972527,1.0717174663832636,1.0647259938795748,1.2967080626051937,1.0065747422601885,1.0775636271735358,1.248234687244962,2.6496470017164686,3.857977861530348,1.0904144057735625,1.0922989086725936,null,1.097358122083671,1.205237335540543,1.4520553227227262,2.058171729238609,1.5473549723665627,7.702415129087889,1.0549538528329683,1.0317576015478362,1.153079055085849,1.1236056800873893,1.053901721711917,1.1842169901088593,3.0040787458524507,4.304087267277954,1.1080103640434582,1.1586250255665351,1.2320813365771641,1.5740704797024556,2.431350917179807,1.5020999394129435,1.9652888695413366,1.392056824495621,1.5020999394129435,1.9032411344328732,4.299947861271243,1.6365322705931866,1.0314173855813424,null,5.345356293748639,1.118435402628264,1.0065747422601885,1.0647259938795748,1.4894047965866328,1.0506672057306439,1.0184636358285832,1.1182111297153097,1.00771815806125,1.866407348674457,1.029041446402228,null,1.0922989086725936,1.0375465185263029,1.0454033839749963,1.3261747045193197,1.0204115435051102,null,1.8922053514312855,1.961950852259294,1.832089233334168,1.284949551597413,1.028372594445349,null,null,1.1429163531002657,1.1723153672890405,1.0188031306639183,1.128719169363566,1.3138449742914668,1.0964825557398585,1.107743776050788,1.0579969097932247,2.010971416315365,1.4143131830695048,1.1842368933569805,null,1.3940884880303543],"transport.cargo_vehicle_flow.roads.total":[282.57595416412744,2014.9799351475326,5377.038390335192,1381.8353747541962,3987.2043474226407,4897.755602259223,66426.28384868169,4203.931934150733,130.45688839712048,439.3063055680535,132.27676180555116,3484.733176874227,null,379.06817122501957,840.6814658777446,1187.1037465444517,105.17481117913698,1743.9324930937019,3172.92279127021,2852.875285291548,4159.55426472975,6771.0608482550215,2699.9256300877973,null,0.008287507322627483,3880.3404848598193,2293.4236538642176,111.14548547359546,3649.4202902639854,15151.58110065436,178.26961319900244,3440.498755285826,6538.103714929881,42.00079009048733,2030.7443619527091,323.8407526377425,8657.302862421171,4874.028542678343,1510.4424025361109,699.6793717513176,58.04889020310881,4810.837617404804,6972.9240018989,4448.257132678396,13479.120102851351,2526.720479194867,293.2876533511279,15141.407399862474,305.8293878257877,13607.044202067107,32.48844141834646,null,270.56317853252773,null,167.06574719445825,854.7742591070198,383.1307833041999,389.3916824004759,529.1070472222046,374.5144763681207,464.79013708792814,428.5011778579146,4626.491881503323,null,3084.3279210022156,3229.7594286242143,1807.4856100786155,1513.8981964194977,603.620537912325,null,24873.044443869876,42.46854799615791,343.7381180576157,689.0954178017647,701.2846837717069,null,null,237.1478557450574,1499.149807818669,316.08438056246365,null,632.1687611249273,2165.93924349006,215.89383509182835,3651.1178297883894,4360.091378498107,null,616.5673286383669,null,826.3802078730607],