{"municipalities_area_set":{"area_entities":{"id":[1,2,3,4,5,6,7,8,10,15,17,18,19,20,21,22,24,25,26,27,29,30,31,32,33,34,36,40,41,44,45,51,54,55,56,57,58,59,61,62,63,65,66,69,70,71,75,76,80,82,85,86,88,89,90,91,92,93,100,101,102,103,104,105,108,109,110,111,114,119,121,123,124,126,130,131,135,138,141,143,147,150,152,154,155,156,157,160,162,164],"transport.cargo_vehicle_flow.roads":[284.7522321252948,226.31023109791613,214.6154748200847,196.71554152107976,218.32351197400882,348.2969292815193,1103.1724023333027,225.31649127366984,44.84018086266268,44.84018086266268,50.54957013155412,284.7522321252948,null,54.327420311014066,284.7522321252948,107.69147076948637,44.84018086266268,225.31649127366984,283.4354980987698,221.34043107685116,225.31649127366984,283.3350188120415,381.03678609693355,null,0.018585370048340384,283.4354980987698,82.5832606620815,31.5604264918344,583.4664103552243,351.8692773297821,25.00611018645039,267.95633450390443,381.03678609693355,31.5604264918344,319.8872887025175,54.327420311014066,323.8016682898644,245.45734277337334,218.32351197400882,348.2969292815193,31.5604264918344,284.7522321252948,226.31023109791613,348.2969292815193,197.22300731190757,163.61645776470965,138.59086085619182,281.03371163923777,25.00611018645039,1039.638160835678,37.366194195012184,null,25.00611018645039,null,44.84018086266268,284.7522321252948,221.34043107685116,50.54957013155412,50.54957013155412,50.54957013155412,44.84018086266268,54.327420311014066,381.03678609693355,null,381.03678609693355,267.95633450390443,176.23439879569722,139.72387924758812,57.926992897341144,null,1078.9378730405983,5.3384366699907275,31.5604264918344,138.59086085619182,183.97313337022206,null,null,31.5604264918344,221.34043107685116,50.54957013155412,null,50.54957013155412,183.97313337022206,54.327420311014066,381.03678609693355,220.48164991227634,null,220.48164991227634,null,77.81700271710605],"transport.volume_to_capacity_ratio.roads.max":[0.5592563708435354,0.41988610351187255,1.0593796565889528,0.47773626418810894,0.9505577443311263,0.8348732000779258,1.6561153430173794,0.8636803750650528,0.3159341900541123,0.31719936493579004,0.35110423150490905,0.7869144364908678,0.29546722149012095,0.57821490146551,0.5592563708435354,0.8204673192363203,0.3159341900541123,0.5859104870644211,0.7856256270950089,1.2594117274204688,1.470239794827696,0.6072257315404506,0.6103809991495588,0.15012672336119223,0.6461736284567438,0.7457196863057213,0.9135272263738632,1.126787907931742,0.9390160269521395,1.792882703027001,0.5382885259246953,0.46777156885908056,0.6928474354146448,0.6600865771992525,0.53565704899896,0.7322032244740053,1.315775015694538,1.5018441862072565,0.6368072393754136,0.7000605453546688,0.772785209577106,0.9649089777699166,1.301082312357548,0.9283695961033583,1.1009186018911237,0.864300504049813,0.9283695961033583,1.0856853804676323,1.4987942186112113,1.0097979569225295,0.467765467176382,0.15012672336119223,1.6108799719564522,0.6522053867865667,0.3159341900541123,0.5592563708435354,0.929602727317078,0.5268999616002606,0.4090416107465771,0.652018054203151,0.3289242957916531,1.2703921804571432,0.4564714681136547,0.1124050147686171,0.6103809991495588,0.4877886852913368,0.5114531152177053,0.8367583150852111,0.4200672948959909,0.15012672336119223,1.0758990803602904,1.1022082285638712,1.0617326799792455,0.8055746687607129,0.45576484451073634,0.0749312933135755,0.15012672336119223,0.6825745072348648,0.7152065379432258,0.41093509828240576,0.6662186802969321,0.8316986666544536,0.6183782090369039,0.6402641732969722,0.5452923480316778,1.1131297910036309,0.8915328706006717,0.7307026706497084,0.023263219733282568,0.8797436767339953],"transport.delay_factor.roads.max":[1.0625995955342522,1.0198858280781953,1.8060954864757497,1.0333374832500473,1.5225092603739998,1.3109295903400202,5.8144014007505875,1.3561165684775163,1.0063782102104755,1.006484144760758,1.0097227471668107,1.2454087397719031,1.0048777238206872,1.071538049291966,1.0625995955342522,1.2900181125677797,1.0063782102104755,1.0754232182726782,1.243804962258491,2.610092793631414,3.9904233028823217,1.08701229849265,1.088826911249082,null,1.11157756841798,1.1979166844029117,1.4457239346465323,2.0316887264254615,1.4975904002327742,7.612831906529172,1.053732922748467,1.0306280691853809,1.1474790831498471,1.121502042871135,1.0526898875351127,1.1839528506664978,2.918255784631442,4.255963177759744,1.1052475370934118,1.1537171705628817,1.2282523091773998,1.5547858335445597,2.8339988771766844,1.4754048520236478,1.9401579302920822,1.357140448012356,1.4754048520236478,1.8891927910891606,4.229594603841995,1.665453823410643,1.0306402709423796,null,5.3095577206657705,1.1158023839072873,1.0063782102104755,1.0625995955342522,1.4779357648212494,1.0493258584417062,1.0179206083239494,1.1156693938067535,1.0074949056620692,2.6669831947963365,1.0277929647686357,null,1.088826911249082,1.0362179692000426,1.0437928577831104,1.3137473894802598,1.0199373498166384,null,1.857594891636219,1.9445709171337713,1.8132811647190055,1.2695275599266038,1.0276296574311217,null,null,1.1389249441661642,1.167457991261856,1.0182411314959878,1.1260802894895003,1.3062273632752854,1.0935829394870153,1.107551575895093,1.0565845136542154,1.9825693170623389,1.4043239007957116,1.182449531538852,null,1.3833580522891478],"transport.cargo_vehicle_flow.roads.total":[277.940628909494,1987.3152914759746,5301.171271593308,1357.4091026629214,3932.0010749902003,4757.120547602101,65445.45081851937,4128.099271272043,127.97263657771093,430.9407259325545,129.7578546767782,3427.7892529186215,null,372.75202566345155,827.0102835126812,1165.525423042714,103.17199845504022,1712.7139685411776,3103.247887755459,2844.1883797175983,4095.0550985381115,6670.998005669171,2664.770188532184,null,0.009292685024170192,3797.896187119124,2254.8398910984815,109.27457176709345,3115.8731100159894,14949.274085444049,173.16034523444924,3396.351825473505,6468.79365779725,41.28928801956123,2002.4083326500115,318.4246053524375,8500.837237022342,4795.642562769272,1493.4155351979953,679.588649657443,57.069501265478436,4731.802294677199,6893.614972614598,4329.057202810549,13207.371657197511,2475.8688853774847,277.18172171238365,14857.755026709483,296.30847009599773,13051.943552813409,37.366194195012184,null,262.7138233633389,null,163.88436373875712,840.6334899442828,381.7092395723319,381.9766121243732,519.0314187071128,367.38270831245046,455.93927640980553,418.3934839382052,4568.710461943676,null,3045.8069746291176,3217.5339228418084,1776.248029724153,1482.0834623719438,592.3563374297918,null,24692.514263022233,63.82592707982217,337.94821714711617,671.3017201478914,688.6791843839826,null,null,233.14243582577714,1515.9301677948533,310.0652794851105,null,620.1305589702209,2127.0459472771195,212.2830702349583,3603.89682824522,4295.133268062787,null,605.9183606522387,null,828.3707825986423],