{"municipalities_area_set":{"area_entities":{"id":[1,2,3,4,5,6,7,8,10,15,17,18,19,20,21,22,24,25,26,27,29,30,31,32,33,34,36,40,41,44,45,51,54,55,56,57,58,59,61,62,63,65,66,69,70,71,75,76,80,82,85,86,88,89,90,91,92,93,100,101,102,103,104,105,108,109,110,111,114,119,121,123,124,126,130,131,135,138,141,143,147,150,152,154,155,156,157,160,162,164],"transport.cargo_vehicle_flow.roads":[280.12918738754433,221.29003801604597,195.32441027568186,193.1729719271895,226.95141489097188,330.69521570727136,1087.102107767349,221.33546686490803,43.99554959421049,43.99554959421049,49.59739405379262,280.12918738754433,null,53.44549481468117,280.12918738754433,105.77618438937662,43.99554959421049,221.33546686490803,280.2266917421416,230.77198169623324,221.33546686490803,278.8525958717508,374.46239343628366,null,0.0647971548526314,280.2266917421416,80.95768754481544,31.052543085904894,614.6283007026791,345.6865133558156,24.725191328652514,264.0385725789683,374.46239343628366,31.052543085904894,314.54538987398445,53.44549481468117,317.2374455409475,241.42479935064745,226.95141489097188,330.69521570727136,31.052543085904894,280.12918738754433,221.29003801604597,330.69521570727136,193.71823711101524,160.9647959613598,122.95770471514479,276.2104341950123,24.725191328652514,1016.9314298514633,49.97095283210004,null,24.725191328652514,null,43.99554959421049,280.12918738754433,230.77198169623324,49.59739405379262,49.59739405379262,49.59739405379262,43.99554959421049,53.44549481468117,374.46239343628366,null,374.46239343628366,264.0385725789683,173.5816228406318,137.66124083591083,56.86527325316457,null,1063.2378518553592,3.820566805261378,31.052543085904894,130.95661576745437,180.80102886413323,null,null,31.052543085904894,230.77198169623324,49.59739405379262,null,49.59739405379262,180.80102886413323,53.44549481468117,373.86847432940766,216.71231696352697,null,216.71231696352697,null,75.3527957654268],"transport.volume_to_capacity_ratio.roads.max":[0.5544803097825876,0.4158987541096304,1.1580969329423003,0.4745684625649066,0.9522257978499417,0.8286618634812029,1.6504744822437671,0.8571780152403432,0.31325201765220095,0.31487335479032685,0.3480672145752135,0.780979277392032,0.289462214781262,0.5760172475865301,0.5544803097825876,0.8153101295329197,0.31325201765220095,0.5814408206732582,0.781148604296675,1.2511010787070183,1.456340161313152,0.6004147112912642,0.6041376248990225,0.14891171121363347,0.6434850057602972,0.738406379633475,0.9129633787942074,1.1192663465221169,0.9362309794054395,1.7888671747644975,0.5353865793426997,0.46307322441034526,0.6864671696381779,0.6556764921051106,0.5296811683646622,0.7287185891026577,1.3052739057428822,1.4938719488694334,0.6380951942142723,0.6953526886462397,0.7675021321530854,0.9565243951579427,1.2860492832387385,0.905175577961548,1.0980534109589184,0.8673556886481039,0.905175577961548,1.079755277166335,1.4911582687475404,1.0046820120723325,0.4651627605567053,0.14891171121363347,1.606216052150376,0.6479114425708169,0.31325201765220095,0.5544803097825876,0.9246652063247673,0.5229100071740128,0.4056051656174305,0.6475948356061937,0.3262070193476546,0.7311294691211755,0.4512939981288909,0.11164747542677074,0.6041376248990225,0.4829154036347253,0.5081392630855446,0.8322492278829852,0.41722636359844845,0.14891171121363347,1.0646532464052456,1.0939437447672615,1.0546508258214422,0.7834893922187062,0.45243036748647925,0.07475912838782035,0.14891171121363347,0.6777212678861712,0.706087263427739,0.40749137009752306,0.6625052578080305,0.8257652613906132,0.613396850552044,0.6376210141997162,0.5391747467416997,1.1073454657787565,0.890640142513908,0.7248791349873718,0.023070291291561303,0.8747615715437027],"transport.delay_factor.roads.max":[1.0604956974285615,1.0191483100713765,2.1512234296760955,1.0324620146365657,1.5261865552108227,1.3017792557377188,5.749142823972024,1.3455127428256226,1.0061636553711113,1.0062910264151408,1.009391309890536,1.238088278903478,1.0044931146122975,1.0704566393783357,1.0604956974285615,1.2827947393962678,1.0061636553711113,1.0731479313168724,1.2382948291438687,2.5680126720536887,3.8789311489486087,1.0831735566178837,1.0852557166604548,1.0003136815686136,1.1097321024682396,1.1902662395800878,1.444624513544815,2.0044163123475958,1.4917133555500388,7.553787470959523,1.052583549154854,1.0294279956436263,1.1421212640598697,1.1182873839237861,1.0503776732600325,1.1804759625867134,2.8577471244885544,4.187377213459749,1.1061015843599287,1.1496237471427098,1.22207431774176,1.5357524637727977,2.7506947151806824,1.4296465075550657,1.9304088557834707,1.3622170579692405,1.429646507555066,1.8699240050590438,4.164280234099711,1.652070391509843,1.0299639960305105,1.0003136815686136,5.259864855562572,1.1127827224632276,1.0061636553711113,1.0604956974285615,1.4678622860222907,1.047850643965362,1.0173243355750354,1.1125624353791341,1.0072500458214795,1.182876175289706,1.026547168419021,null,1.0852557166604548,1.034805339743461,1.0426688548801468,1.3070390245350527,1.0193939800642693,1.0003136815686136,1.8222667041346876,1.916557955221457,1.7917986595792903,1.2411639882768508,1.026822934960119,null,1.0003136815686136,1.135015749800521,1.1590792316234115,1.0176386289140593,1.123292679505023,1.2975818294799937,1.0906037433430338,1.1057865517550327,1.0540876541586823,1.962304464749913,1.4027068678256565,1.1767023684104998,null,1.3747475123005894],"transport.cargo_vehicle_flow.roads.total":[273.56141416198477,1952.8870015296109,5490.76150356417,1334.007677488305,3970.605711015498,4594.2880822257775,65074.37961064521,4055.220948129234,125.56208228733325,422.8233186213097,127.31367315746282,3373.7635046956084,null,365.8687702636237,814.1164692603948,1144.7506358578828,101.22860094309154,1682.7381798352649,3059.82731145619,2890.036200780305,3986.01877080667,6569.100270434759,2619.4549967333573,null,0.0323985774263157,3742.1929695274725,2214.5007190791075,107.49822198658345,3275.229454037299,15035.50193816684,170.81700640240257,3321.6896799154297,6347.399808127677,40.61293823848406,1967.430439233969,312.4232754489425,8403.886589458634,4703.806426392954,1527.0609868868182,656.3268688893968,56.139209781436506,4657.111813979301,6760.860650924341,4198.537768731992,12971.290106710996,2466.3354619458864,245.91540943028957,14452.046756275742,292.1836301475001,12763.139936025098,49.97095283210004,null,259.1593262465416,null,160.79735883910905,827.2520157115139,388.55009297446975,374.7815164710834,509.2546926298513,360.4625104684734,447.3509843475884,394.79003979334175,4489.985206594148,null,2993.323471062765,3160.5699297435954,1748.3356758896743,1482.1587454996345,581.4629386678183,null,24268.910467673686,50.45820321686031,332.45028738369075,646.3411912468669,677.1582802847395,null,null,229.3370367020356,1596.3060719480427,304.22474036871824,null,608.4494807374365,2091.4551561550797,208.28218363262832,3538.7726657249586,4218.186208545366,null,595.5854431248588,null,808.5397564561977],