{"municipalities_area_set":{"area_entities":{"id":[1,2,3,4,5,6,7,8,10,15,17,18,19,20,21,22,24,25,26,27,29,30,31,32,33,34,36,40,41,44,45,51,54,55,56,57,58,59,61,62,63,65,66,69,70,71,75,76,80,82,85,86,88,89,90,91,92,93,100,101,102,103,104,105,108,109,110,111,114,119,121,123,124,126,130,131,135,138,141,143,147,150,152,154,155,156,157,160,162,164],"transport.cargo_vehicle_flow.roads":[275.61144438100973,219.0328016233749,193.64657115390958,189.72963424124526,214.4616798510327,333.80016236811565,1070.8109847343583,217.46228516213188,43.17635637100969,43.17635637100969,48.67389498463599,275.61144438100973,null,52.35508450183486,275.61144438100973,103.91339352319991,43.17635637100969,217.46228516213188,274.1058092797222,217.04859836222386,217.46228516213188,268.04555967468707,369.598201603247,null,0.41466935422140083,274.1058092797222,79.5756516115837,30.55598829914097,622.5750249719379,339.6695616975419,24.697271096800737,266.3542680295027,369.598201603247,30.55598829914097,309.7764139034333,52.35508450183486,319.342985060773,237.78818582721675,214.4616798510327,333.80016236811565,30.55598829914097,275.61144438100973,219.0328016233749,333.80016236811565,190.30939083830935,157.11517682832766,130.97383239154436,271.73841785239216,24.697271096800737,1024.9370809711652,39.11002826640242,null,24.697271096800737,null,43.17635637100969,275.61144438100973,217.04859836222386,48.67389498463599,48.67389498463599,48.67389498463599,43.17635637100969,52.35508450183486,369.598201603247,null,369.598201603247,266.3542680295027,169.70006923815293,134.35652227026193,55.834181946310395,null,1048.2348209178058,5.0085669652446905,30.55598829914097,130.97383239154436,177.9385700958215,null,null,30.55598829914097,217.04859836222386,48.67389498463599,null,48.67389498463599,177.9385700958215,52.35508450183486,369.598201603247,212.5334527094886,null,212.5334527094886,null,76.09108400424492],"transport.volume_to_capacity_ratio.roads.max":[0.5492845505831355,0.4117331781682296,1.149627205402348,0.47172726130673537,0.9336160121256927,0.8206091049472943,1.6437031443054324,0.8525788627183235,0.31034297426698204,0.3123667861516618,0.344812870272296,0.7742217298844577,0.2932285674480182,0.5717567067310011,0.5492845505831355,0.8097134280704201,0.31034297426698204,0.5756091629735404,0.7766292385009678,1.2419991362699925,1.431635553971606,0.590746738011397,0.5981642463941268,0.14758073386712725,0.6307600439579826,0.7305630829150919,0.9012206979080235,1.1184812129732018,0.9472826284330382,1.7808628715510988,0.5324139272336623,0.458579044013403,0.6797857679897842,0.6512995300174236,0.5253170533658266,0.7242335566452006,1.3012192189256893,1.4887874833073225,0.6243063253823585,0.6892723254309394,0.7624412776285879,0.9474240793286552,1.2974249255325787,0.9079044587694491,1.0873033122115534,0.8644130835900482,0.9079044587694491,1.0735369191614188,1.4833526716280354,1.0502737806038631,0.46197543827480725,0.14758073386712725,1.6041162331786876,0.6460797783860374,0.31034297426698204,0.5492845505831355,0.9194668422859368,0.5185756369611236,0.4019150937741806,0.642746904121334,0.3232606227510457,1.021316339138037,0.44628199661985607,0.11051155470607393,0.5981642463941268,0.4782282686790721,0.5044530750452353,0.8270476643875317,0.41419046347491145,0.14758073386712725,1.0542614165735134,1.1017868076211768,1.0479408728068331,0.7876177860321683,0.448766801657177,0.07436445319316502,0.14758073386712725,0.6759433987989665,0.6987689484143698,0.4037582198848885,0.6586837710402352,0.8193110478766694,0.6081776679501247,0.6332985245987147,0.5345686317160392,1.098399045033453,0.88617302716217,0.7215900508034745,0.023165829102069758,0.8697116385719508],"transport.delay_factor.roads.max":[1.0582598698546208,1.0183926129776983,2.1179132522239668,1.0316915787134215,1.4862427513251082,1.2902186377252693,5.6716846344520215,1.3381568733982452,1.0059375041159906,1.0061029984837189,1.0090393949504435,1.2299542282610545,1.0047315680289768,1.0683951087443222,1.0582598698546208,1.2751093433086078,1.0059375041159906,1.070248971651552,1.2328278465018578,2.5228781279643586,3.6884989757568913,1.0779444690223436,1.0819335508669163,1.0003025772765899,1.1013063511096015,1.1823101565453797,1.4221867542737499,2.0016009983248706,1.5153452370965255,7.4372724767624,1.051425391189881,1.0283062618365117,1.136668442692854,1.1151603651109783,1.0487378056850485,1.1760737233650187,2.8347709301776707,4.144204678243902,1.0972234246067782,1.144458579811746,1.2162746290103896,1.515653117225808,2.813463932965645,1.4348510967677202,1.8945050937990318,1.3573265618170933,1.4348510967677202,1.8500567338058238,4.098543849855361,1.7787356716832812,1.0291597592125545,1.0003025772765899,5.237632679225656,1.111512760563775,1.0059375041159906,1.0582598698546208,1.4574295993329085,1.0462837364365962,1.0167000295286188,1.109229500563483,1.0069913711581555,1.696339599562019,1.0253873542773904,null,1.0819335508669163,1.0334783215537287,1.0414441339774358,1.29943470338846,1.0188356388604818,1.0003025772765899,1.790629882252404,1.9431271473622789,1.7718396624081767,1.2462873088866928,1.0259569183526855,null,1.0003025772765899,1.133604565340047,1.1525858864241587,1.016998956226769,1.1204724734034577,1.288386693925451,1.087559213100046,1.1029470435465563,1.052262942506876,1.9315808675215285,1.3946881453292221,1.1735170359155886,null,1.3661686016529024],"transport.cargo_vehicle_flow.roads.total":[269.27486531427263,1926.285472323793,5291.591433067648,1311.211749242801,3825.493914603335,4575.645508830475,63769.686915893646,3984.651647919828,123.22412747486968,414.95038600833857,124.94310387867557,3320.7889779568036,null,358.84634145885354,801.4880168760808,1124.5474899369663,99.34373339054274,1653.5604694757835,2997.4140429511144,2781.6609232158817,3909.8197166859677,6371.550195041024,2585.102157525578,null,0.20733467711070042,3667.8318311455923,2178.036716051766,105.76245228990045,3366.8059060712812,14712.442524497146,175.31045672132052,3338.878836481756,6278.687508044839,39.952313227459335,1945.8888716397323,306.49125695701866,8359.975290971344,4713.1342793265985,1458.0299046945543,653.6636441186392,55.23030737702982,4584.009289409372,6673.231625104979,4167.871515432114,12752.981378049832,2477.926836007475,261.9476647830887,14133.039320574298,301.22637124903963,12558.508216776623,39.11002826640242,null,266.2386836256136,null,157.80332630889788,814.161175009555,372.10296165007446,367.8031179442825,499.7724155147022,353.75073056079424,439.0213487787677,399.50389039554005,4432.050538693237,null,2954.7003591288253,3133.140595079644,1718.6399156208574,1494.1246444919143,570.8855023844751,null,23920.65421287144,58.17696530029523,327.07818405038404,645.4892360422831,665.9858667673441,null,null,225.6193919722785,1489.797596378057,298.5601027419871,null,597.1202054839744,2056.9352517631132,204.32750463801244,3490.669659311691,4149.257619164548,null,584.3876825342518,null,811.7135363752122],