{"municipalities_area_set":{"area_entities":{"id":[1,2,3,4,5,6,7,8,10,15,17,18,19,20,21,22,24,25,26,27,29,30,31,32,33,34,36,40,41,44,45,51,54,55,56,57,58,59,61,62,63,65,66,69,70,71,75,76,80,82,85,86,88,89,90,91,92,93,100,101,102,103,104,105,108,109,110,111,114,119,121,123,124,126,130,131,135,138,141,143,147,150,152,154,155,156,157,160,162,164],"transport.cargo_vehicle_flow.roads":[271.5918576369013,213.85172126281122,188.7580930559764,186.59763931015257,204.22602008795116,338.84016003171575,1057.5654602118987,213.95291619206176,42.42464145504424,42.42464145504424,47.82646606859494,271.5918576369013,null,51.799006276477776,271.5918576369013,102.22331115367561,42.42464145504424,213.95291619206176,272.4477898721051,205.68128025134445,213.95291619206176,266.24106421423653,364.96554583884046,null,0.19310994782255358,272.4477898721051,78.34703832385192,30.115070596269703,591.4746607946902,334.22398650563804,24.23622005005135,261.17224279746915,364.96554583884046,30.115070596269703,306.1407320241631,51.799006276477776,315.3696868766295,233.9818039130123,204.22602008795116,338.84016003171575,30.115070596269703,271.5918576369013,213.85172126281122,338.84016003171575,187.21710386903413,156.1643491571675,136.58706854396166,267.2941684284307,24.23622005005135,987.2235880977253,30.740117389530408,null,24.23622005005135,null,42.42464145504424,271.5918576369013,205.68128025134445,47.82646606859494,47.82646606859494,47.82646606859494,42.42464145504424,51.799006276477776,364.96554583884046,null,364.96554583884046,261.17224279746915,160.9903059939533,126.15947459879091,54.893029134352176,null,1035.8770581825922,3.32940343935608,30.115070596269703,136.58706854396166,174.94116286181404,null,null,30.115070596269703,205.68128025134445,47.82646606859494,null,47.82646606859494,174.94116286181404,51.799006276477776,362.50542518191475,209.69879148432415,null,209.69879148432415,null,73.97530139880955],"transport.volume_to_capacity_ratio.roads.max":[0.5441164771037741,0.4081133082264814,1.1415461905963453,0.4688726214413978,0.9329898385623606,0.8122398141463313,1.6357243446408944,0.8429710089202965,0.3072266693854211,0.3097911831323577,0.3412564325587284,0.7676078039334229,0.29678713464624784,0.5664865734608935,0.5441164771037741,0.8041913208153026,0.3072266693854211,0.5708131294596319,0.7710944763791496,1.2315441514641854,1.4552778997057192,0.5854036637718987,0.5923564600139076,0.14612309893152087,0.6239603314055236,0.7224922440933865,0.8895824376239083,1.1169517150711123,0.9288583487586425,1.7752975370427535,0.5295124652611932,0.45377717474217694,0.6741095507288184,0.6465983272750752,0.5194037714653609,0.7175877354686075,1.3030390521080626,1.4846548245883229,0.6237495175455862,0.6828951926847482,0.7569057270913121,0.9384708917318467,1.2207181135104042,0.9083979523716013,1.0876804339104924,0.8583988140413582,0.9083979523716013,1.0653347858191513,1.4762162154071041,1.0309603166716692,0.4583993630508424,0.14612309893152087,1.6004479358155073,0.6433454231723106,0.3072266693854211,0.5441164771037741,0.913506843972889,0.513676654064908,0.39781926025830217,0.637359389213368,0.32011532575187657,0.9686441560703525,0.4416919371574671,0.10975714172330142,0.5923564600139076,0.4732166891714095,0.5003571561808478,0.8209316881993609,0.411179914411464,0.14612309893152087,1.0439489467321106,1.0916255065201108,1.0386996000514288,0.7891859604792845,0.4446759297777322,0.07396833213628817,0.14612309893152087,0.6742048253077979,0.692238368115887,0.3997538209185084,0.6540253881338415,0.8120202717259029,0.6022011447981632,0.627558884831191,0.5285109049732646,1.0919826306387082,0.8799093554835177,0.7149388620465179,0.022670968366522666,0.8636952408144785],"transport.delay_factor.roads.max":[1.0560922154539907,1.0177542774286061,2.08681076238675,1.0309313923657837,1.4849395766745659,1.2785589194991274,5.581634532687773,1.3231696212582507,1.0057025040566763,1.0058867441520567,1.0086869470686535,1.2221966461861131,1.0049654688016723,1.0659080492679105,1.0560922154539907,1.2676809720874824,1.0057025040566763,1.0679447319460122,1.2262613335755594,2.472244425163458,3.870540708959536,1.0751625868372852,1.0787975093193938,1.0002907158026566,1.0970080766973171,1.1743864477963366,1.400797289134999,1.9961335586652418,1.4764067759947475,7.357180992390739,1.050313522892851,1.0271456718545207,1.1321605675178565,1.1118711959973067,1.046580094909797,1.169699281561816,2.845056631910393,4.109438343377631,1.0968770408984896,1.1391862056928592,1.210061827407265,1.4964359239476925,2.4211552684961957,1.4357973252476497,1.8957467448497767,1.347485278236014,1.4357973252476497,1.8243742279409911,4.03934401861895,1.7230157694053159,1.0282589483730227,1.0002907158026566,5.199002920260277,1.109636922578954,1.0057025040566763,1.0560922154539907,1.4456841564345602,1.0445593950592527,1.016042209572411,1.105613035668412,1.0067220047277103,1.56342618224401,1.0243589105201367,null,1.0787975093193938,1.0320886747988043,1.0401144124943134,1.2906752492301685,1.0182939522505317,1.0002907158026566,1.760146002226129,1.9088132971279852,1.7449717969134448,1.248254641131989,1.0250240472922922,null,1.0002907158026566,1.1322352984697315,1.1469611837845197,1.0163380878677795,1.1171004065417507,1.2782578719119384,1.0841701969287267,1.099265401692784,1.0499339342184661,1.9100031500556567,1.3836469192796454,1.1672074381272766,null,1.3561410871606188],"transport.cargo_vehicle_flow.roads.total":[265.4870843381588,1898.9212955845742,5348.360298197576,1290.6623246430133,3729.842185068025,4570.556778642445,63702.18042458057,3920.0618268731546,121.07875388582167,407.7259599389463,122.76780233109791,3274.456510282042,null,354.2621407413416,790.3564797157339,1106.20921306078,97.61412551081187,1627.1750737908646,2962.0105349763835,2671.5699325129644,3839.9085357332733,6327.87572355175,2547.378458901106,null,0.09655497391127679,3621.601376859544,2145.6949607883353,104.21764086060207,3080.754691365997,14351.297310126396,166.44687784534742,3266.1819116863594,6164.452306933215,39.36335664413167,1913.8135928023,302.46313446486386,8185.171709783153,4665.797082266949,1413.8931063024113,652.9366826632065,54.42089194226652,4519.385207047442,6558.841128586933,4151.332976780352,12712.81136185469,2451.887206226018,273.1741370879233,13945.625120935783,284.4213155905922,12884.397990781032,30.740117389530408,null,252.5271933825857,null,155.0559172140672,802.5660263132189,358.2579401783522,361.3995417017313,491.0712093243915,347.59181111860676,431.3778391350067,388.3281514194897,4364.825826124532,null,2909.883884083021,3100.19792568434,1642.3239310447898,1393.3902988625864,561.2243517000195,null,23690.51650983109,36.82204865860132,322.2962440384488,642.6953786773079,655.0356455776437,null,null,222.30771079299709,1403.4155703445226,293.3620707307907,null,586.7241414615816,2023.1851205247206,201.64208964324254,3433.616266925415,4087.1311376370463,null,576.3893331527968,null,792.0340001971756],