{"municipalities_area_set":{"area_entities":{"id":[1,2,3,4,5,6,7,8,10,15,17,18,19,20,21,22,24,25,26,27,29,30,31,32,33,34,36,40,41,44,45,51,54,55,56,57,58,59,61,62,63,65,66,69,70,71,75,76,80,82,85,86,88,89,90,91,92,93,100,101,102,103,104,105,108,109,110,111,114,119,121,123,124,126,130,131,135,138,141,143,147,150,152,154,155,156,157,160,162,164],"transport.cargo_vehicle_flow.roads":[267.2800333417773,216.93306322896274,185.17370958312583,183.34561879329942,201.45342945338092,326.63856261390305,1042.5269275612955,210.28809294042784,41.65427914852266,41.65427914852266,46.95801543590262,267.2800333417773,null,51.05865435111146,267.2800333417773,100.46186888843566,41.65427914852266,210.28809294042784,261.80496122233524,202.53913066644606,210.28809294042784,266.9063407240675,363.49061832719906,null,0.12474952880509818,261.80496122233524,77.35462799273402,29.640704374590808,552.3590889955723,328.5276013598191,23.863555049958187,252.68214415465957,363.49061832719906,29.640704374590808,299.9232931850115,51.05865435111146,293.7781881721835,230.11276540063653,201.45342945338092,326.63856261390305,29.640704374590808,267.2800333417773,216.93306322896274,326.63856261390305,183.99346653333959,153.72115405231597,133.8779957125621,262.7489010662827,23.863555049958187,989.0819124747543,30.61196421446612,null,23.863555049958187,null,41.65427914852266,267.2800333417773,202.53913066644606,46.95801543590262,46.95801543590262,46.95801543590262,41.65427914852266,51.05865435111146,363.49061832719906,null,363.49061832719906,252.68214415465957,159.35312614116947,125.07309604344135,53.9208822377076,null,1019.6991683189747,3.3794601472747985,29.640704374590808,133.8779957125621,171.92716645198,null,null,29.640704374590808,202.53913066644606,46.95801543590262,null,46.95801543590262,171.92716645198,51.05865435111146,363.49061832719906,206.39534007201738,null,206.39534007201738,null,77.94285569868032],"transport.volume_to_capacity_ratio.roads.max":[0.5383767731806449,0.4022795438122632,1.1315750605025434,0.46575348532191474,0.9252589464018,0.8054647062332781,1.6344105511536609,0.8339937505760452,0.30384770499439445,0.3067922488859273,0.33745809846496805,0.760076192066953,0.2874563554811652,0.565225072371776,0.5383767731806449,0.7973813467613999,0.30384770499439445,0.564943382712322,0.7639989440965484,1.2240489805623602,1.4216135169183137,0.5813208345404531,0.5847293783334191,0.14454043766646502,0.6208675570570756,0.713816948411224,0.8895173610700605,1.1038923302299533,0.9203796635853491,1.7674808374934872,0.5263145217603934,0.4484041596006822,0.6643117316493632,0.6412423239801106,0.5162431775367807,0.7157126684763288,1.2938052879256052,1.475870234187202,0.6180137252645338,0.67751573372394,0.7506385638259331,0.9285082358871711,1.0122870368462187,0.8973404492078116,1.073559122824627,0.8466203359107419,0.8973404492078116,1.0594614846702761,1.4680018115712468,0.9864762725450776,0.4548456483501742,0.14454043766646502,1.595503767957741,0.6372120004391213,0.30384770499439445,0.5383767731806449,0.9073008812845549,0.5087643084036799,0.39355554847136703,0.6320480638758234,0.31668086709226795,0.9933784986770928,0.43543244290062055,0.10891386704862384,0.5847293783334191,0.467618980172537,0.4953214340791647,0.8128530192431173,0.4075367837924918,0.14454043766646502,1.03102373626201,1.0886241227925062,1.0300104485222237,0.7787898884111507,0.44027314808912915,0.07353121067958242,0.14454043766646502,0.6660439055678177,0.6852415591429901,0.3953631653884146,0.6489810271116703,0.8048578250389558,0.5958881478586328,0.6261072505088984,0.525157368191966,1.076872325204421,0.8730397514246364,0.7100387276259061,0.022472462435273993,0.8557787197190379],"transport.delay_factor.roads.max":[1.053772718787461,1.0167641928401578,2.0493332700697913,1.0301164950881267,1.469065126834856,1.269380425887016,5.5669326092362175,1.3096215349075397,1.0054547217239422,1.0056779337496287,1.0082888677837176,1.213603562288054,1.004369861115233,1.065322928513767,1.053772718787461,1.2587284946917856,1.0054547217239422,1.065192806596485,1.2180474476324805,2.436729999603738,3.61400341491651,1.0730875707731211,1.0748168866357168,1.000278357985944,1.0950989760622034,1.1661603488766057,1.4006800222315903,1.9503571305880871,1.4592488000872454,7.2459546984172345,1.0491176604395842,1.025870633481684,1.1246429336904824,1.1082103225625226,1.045456634132193,1.1679325149631614,2.793311201680906,4.036495692424335,1.0933624962888329,1.134852038085886,1.2031905302017711,1.4756888974807478,1.672039307380743,1.4149625971334447,1.850127061928338,1.3288022329445737,1.4149625971334447,1.806344571454583,3.972256873463132,1.6060752495180488,1.027392782558893,1.000278357985944,5.14735595022571,1.1055153778792806,1.0054547217239422,1.053772718787461,1.433695888365842,1.0428769821838613,1.0153294964393222,1.1021363644906885,1.0064374047098552,1.6232165766716684,1.0230071651569173,null,1.0748168866357168,1.0305983461456076,1.0385237415483264,1.2794010711829786,1.01765416693979,1.000278357985944,1.7231936912684431,1.898859449486295,1.7203548673435531,1.2354296681670118,1.0240539711288965,null,1.000278357985944,1.1259480387471203,1.1411090123872683,1.015631935330286,1.1135293040880019,1.2685694791538684,1.0806935763297456,1.0983501227465469,1.0486785716892792,1.8606703429300566,1.371805703999086,1.1626702455742788,null,1.3432621398230684],"transport.cargo_vehicle_flow.roads.total":[261.38278820318817,1877.2297638504153,5165.3770078102025,1269.0397742422028,3668.3044195028447,4460.656091912865,62140.29256427822,3852.944825215457,118.88016115963259,400.32232138939895,120.53853923949141,3224.35905072798,null,349.7389020518121,778.2511194709755,1087.1094128332807,95.84161217190056,1599.5410250009256,2886.482171951372,2623.5629711070037,3783.0336161629943,6270.296832927421,2522.963951705288,null,0.06237476440254909,3534.770115228626,2115.6028441480285,102.5612084145995,3040.333233830193,13956.742249129333,170.62849904129212,3179.91878385641,6143.879171697645,38.73343456847553,1889.2897797505207,298.68024770070065,7946.934031535181,4488.72568790622,1391.004735517169,637.2365845589808,53.553786755770936,4449.404644592788,6529.079499762143,4055.4782247642947,12469.040940914825,2360.3326698263318,267.7559914251242,13973.28369574081,293.5298879826679,12446.918446364994,30.61196421446612,null,259.1190979141808,null,152.2403546087492,790.0456097481538,352.2163452396322,354.8371153624021,482.1541569579656,341.2801106502578,423.5447210286232,384.03313164345695,4329.6818550487305,null,2886.454570032487,3013.105804969436,1622.4393894212237,1367.32564592232,551.2547879211095,null,23300.64638162324,34.635589669654564,317.170107736506,631.3110776369197,643.2087620503323,null,null,218.76151212002605,1381.6360232432073,288.03509391488546,null,576.0701878297709,1986.7512110117138,199.12016513380044,3406.4559412554886,4040.245711484072,null,567.2463803087751,null,806.0386838954352],