{"municipalities_area_set":{"area_entities":{"id":[1,2,3,4,5,6,7,8,10,15,17,18,19,20,21,22,24,25,26,27,29,30,31,32,33,34,36,40,41,44,45,51,54,55,56,57,58,59,61,62,63,65,66,69,70,71,75,76,80,82,85,86,88,89,90,91,92,93,100,101,102,103,104,105,108,109,110,111,114,119,121,123,124,126,130,131,135,138,141,143,147,150,152,154,155,156,157,160,162,164],"transport.cargo_vehicle_flow.roads":[263.45020121250127,212.2273487497367,182.45421951149564,180.39426329430074,198.32336811175446,322.25641527517917,1029.3941790138017,206.97474484957445,40.94901325116969,40.94901325116969,46.16294977707244,263.45020121250127,null,50.39951063285511,263.45020121250127,98.86725585975515,40.94901325116969,206.97474484957445,259.7992790292461,200.6870528304737,206.97474484957445,263.9857757500759,356.99068968814856,null,0.05491878647370248,259.7992790292461,76.2757186435638,29.220177372463855,574.6844409698521,323.38327747244506,23.559982339057044,248.7468236907937,356.99068968814856,29.220177372463855,295.40630911967753,50.39951063285511,295.86003941027303,226.68611038604445,198.32336811175446,322.25641527517917,29.220177372463855,263.45020121250127,212.2273487497367,322.25641527517917,181.07561743084213,151.57166725941426,130.47202233282388,258.670859077714,23.559982339057044,962.0814022194952,31.468973664850072,null,23.559982339057044,null,40.94901325116969,263.45020121250127,200.6870528304737,46.16294977707244,46.16294977707244,46.16294977707244,40.94901325116969,50.39951063285511,356.99068968814856,null,356.99068968814856,248.7468236907937,157.84033684039292,124.04906478885621,53.035555533728996,null,1006.6878755019459,3.898948873323782,29.220177372463855,130.47202233282388,169.21807916562366,null,null,29.220177372463855,200.6870528304737,46.16294977707244,null,46.16294977707244,169.21807916562366,50.39951063285511,356.99068968814856,203.4169986666817,null,203.4169986666817,null,75.20819574044694],"transport.volume_to_capacity_ratio.roads.max":[0.5324938273240933,0.3972261651422279,1.123709386171055,0.46271246232787827,0.9196694878788105,0.7971618080638069,1.6260598395909458,0.8245421179529273,0.30021624167825733,0.30372188085421015,0.3334175741280295,0.7521656834397455,0.2888852114636836,0.5599729383864622,0.5324938273240933,0.7908325757352045,0.30021624167825733,0.5610311314958786,0.7566719478971601,1.2141717567156922,1.4052236564203038,0.574506854059941,0.5779319233752546,0.1428399942744841,0.6159532905436023,0.7047412438956359,0.8774951035725181,1.1003665057457441,0.9215947473943312,1.759037359860826,0.5221845673551279,0.4433754531766634,0.655971566074902,0.63450472808726,0.5100013477433312,0.7097958098807362,1.2764192823159324,1.469159975800403,0.6135902289647875,0.6710203826137419,0.7425222193543117,0.9183662103088953,1.3461399385806891,0.8861708190448535,1.0696096260237864,0.8461363229548488,0.8861708190448535,1.0513640740326133,1.4569712055667574,0.9698123232850095,0.45092337598472826,0.1428399942744841,1.5896383447327291,0.6344086746261683,0.30021624167825733,0.5324938273240933,0.9008934649013426,0.5033680499988342,0.3889569595527067,0.6263252145975821,0.3130012308765546,0.9530568002423229,0.42997885367319316,0.10806648791237147,0.5779319233752546,0.46234793541025043,0.4904387668961526,0.8053708355647655,0.4039420428019489,0.1428399942744841,1.0201146232778426,1.0776623708553512,1.0212673874499298,0.769124015879709,0.4354767984441648,0.073126538286762,0.1428399942744841,0.6627375709237622,0.6780639138362067,0.3907763202478835,0.6432247861361521,0.7970336035791132,0.5892490576078221,0.620633220816284,0.5187741262047915,1.0636261945346355,0.8647688124323213,0.7048018798921566,0.02216989996998151,0.8478530810739011],"transport.delay_factor.roads.max":[1.0514614263773825,1.0159361495635975,2.0204600516284863,1.0293376119860205,1.457832992852633,1.2584436750718804,5.474309982715704,1.2958226014690957,1.00519796350961,1.0054443242039843,1.0078996368790973,1.2048490884304024,1.0044573959535548,1.0629286090039152,1.0514614263773825,1.2503330411177505,1.00519796350961,1.0634056293053895,1.20980242739878,2.3909146438148126,3.495524186924837,1.0697205543151225,1.0713981093182279,1.0002654187950213,1.0921236406495738,1.1578609298599594,1.3794536905394283,1.9382734412909373,1.4616788051535485,7.127456373069703,1.0475856607552037,1.024732416726078,1.118500459102678,1.103733593911009,1.0432977440773359,1.1624477494548464,2.698843602529009,3.9816476996263375,1.0907180516911823,1.1297546179254976,1.194543977240842,1.4552432959136345,3.1015552495953447,1.3946842114948843,1.8376858604532167,1.3280509723782825,1.3946842114948843,1.7819743449527499,3.883924251949287,1.566149029720148,1.0264600690569503,1.0002654187950213,5.086705050455529,1.1036707940108987,1.00519796350961,1.0514614263773825,1.4215739045498321,1.041088714996478,1.0146482640728232,1.0984871471397908,1.0061415340152815,1.5280257618990134,1.0218803687633893,null,1.0713981093182279,1.0292452719762717,1.0370270524486207,1.269254871034926,1.0170394747681566,1.0002654187950213,1.6930680310909583,1.8631988414290204,1.6962061069428098,1.2239574240391144,1.0230126567315647,null,1.0002654187950213,1.123465705003709,1.135289004888833,1.0149128293950924,1.1095547113549886,1.2582774571443662,1.077153366811949,1.094955483153046,1.046354639109479,1.8190983887458598,1.3579151223218968,1.1579240194775988,null,1.33072146635505],"transport.cargo_vehicle_flow.roads.total":[257.76129575754004,1847.301746219647,5198.698192531514,1249.5885845043313,3606.1505174880085,4399.62595240478,61015.71038620591,3792.1534416274817,116.86735178562408,393.54429793067027,118.49765117756536,3180.0001810505096,null,345.12683924271016,767.5949818176589,1069.8109159307205,94.21887803764372,1574.6051083557757,2856.7478140448043,2592.782038657394,3713.676551477601,6209.399975346012,2483.4435443458124,null,0.02745939323685124,3494.812651467159,2086.113946801602,101.08953435462858,3140.775447848534,13874.142091931117,164.11470127484228,3131.785232249794,6032.34172516358,38.17284553062186,1858.2673696415009,294.727328609855,7958.730559595392,4405.08039259672,1366.698978012311,628.5179932006829,52.78293421685379,4387.630933333142,6410.461037332721,4001.4741156343966,12266.180998182961,2393.248731913947,260.94404466564777,13545.018323744931,281.1094378715705,12222.373661351006,31.468973664850072,null,249.06083883968154,null,149.66270994651327,778.9727927275813,347.9373780951208,348.82922081481206,473.9906047102613,335.5017553790441,416.3735094784179,379.08063088643854,4260.651351050941,null,2840.434234033961,2980.3865234577515,1604.120263951063,1383.4708877994697,542.1696732001363,null,22943.426339823694,47.73738401762506,312.6149667050421,620.081796022433,632.9368088605415,null,null,215.60807094649422,1370.3750817752364,283.1582521322032,null,566.3165042644063,1955.0818781937012,196.4848857399034,3349.2785432782775,3975.5979020354707,null,559.0058021520624,null,784.5330346712119],