{"municipalities_area_set":{"area_entities":{"id":[1,2,3,4,5,6,7,8,10,15,17,18,19,20,21,22,24,25,26,27,29,30,31,32,33,34,36,40,41,44,45,51,54,55,56,57,58,59,61,62,63,65,66,69,70,71,75,76,80,82,85,86,88,89,90,91,92,93,100,101,102,103,104,105,108,109,110,111,114,119,121,123,124,126,130,131,135,138,141,143,147,150,152,154,155,156,157,160,162,164],"transport.cargo_vehicle_flow.roads":[259.35089182177296,209.87368201292384,179.25835494036028,177.33068338236927,182.93098513413514,328.6320869729425,1014.6886026203088,203.51661774132677,40.2260350916286,40.2260350916286,45.34791659754001,259.35089182177296,null,49.587049577404095,259.35089182177296,97.20610067348679,40.2260350916286,203.51661774132677,254.80204044763724,185.0286401152211,203.51661774132677,259.3634975698041,352.66453074900784,null,0.14020460479184807,254.80204044763724,75.00550371433519,28.768826916604173,551.3642988739251,318.0055931397028,23.31496623938809,245.7661442251682,352.66453074900784,28.768826916604173,290.8460522357743,49.587049577404095,292.43205413693073,223.14830717539377,182.93098513413514,328.6320869729425,28.768826916604173,259.35089182177296,209.87368201292384,328.6320869729425,178.03530528136807,149.15746635429525,140.7548126836134,254.4817072735426,23.31496623938809,969.8969957033042,18.5523757708743,null,23.31496623938809,null,40.2260350916286,259.35089182177296,185.0286401152211,45.34791659754001,45.34791659754001,45.34791659754001,40.2260350916286,49.587049577404095,352.66453074900784,null,352.66453074900784,245.7661442251682,159.96691925024686,126.69951311644986,52.12111098436711,null,992.5000670282807,4.008145112543263,28.768826916604173,140.7548126836134,166.47626434434682,null,null,28.768826916604173,185.0286401152211,45.34791659754001,null,45.34791659754001,166.47626434434682,49.587049577404095,352.66453074900784,200.05425541261684,null,200.05425541261684,null,75.15131035305853],"transport.volume_to_capacity_ratio.roads.max":[0.5261826482181761,0.39213415736026697,1.1118735392373476,0.45914043695910917,0.9043492791164427,0.7878022365713465,1.630219031454926,0.815283541726634,0.2963412225866188,0.300229408017137,0.32903120861488083,0.7439037588523618,0.2879454032406037,0.5543814701582894,0.5261826482181761,0.7828637647060602,0.2963412225866188,0.5530041364618266,0.7486397818603809,1.2067885313141071,1.4246782091973407,0.5668413302896523,0.5706369745973213,0.14100941524863292,0.6496117800032345,0.6950361953026054,0.8667376540358618,1.093233058698954,0.892234574713229,1.750079381478422,0.5188603899166631,0.43782137531667303,0.6476685666976446,0.6280419900708304,0.5042626997455466,0.7025605384853936,1.288190860084871,1.4583160322360798,0.6025326126809858,0.663458770804392,0.7349747634550916,0.9074891492278853,1.3018799083919277,0.887339681150129,1.0622606068927563,0.8350286444419922,0.887339681150129,1.0424758251783952,1.4487963976462879,1.0007744927573012,0.4459860138388339,0.14100941524863292,1.5823014290724078,0.6296102403486689,0.2963412225866188,0.5261826482181761,0.892292235627083,0.49727611244792547,0.3839080565435394,0.6192391636503293,0.30905016476365654,1.1498792572021048,0.4242039193641978,0.10669630571615359,0.5706369745973213,0.4565357611984416,0.48476112828431883,0.7964108742119371,0.39969886212072137,0.14100941524863292,1.008065747663662,1.0809088783724725,1.0112369239761159,0.7715121803676782,0.43037179141086196,0.07210569951694028,0.14100941524863292,0.6575595800012749,0.6702833657679407,0.3857779460114878,0.6371872642596556,0.7877920388373292,0.582193703852233,0.6144435275994797,0.5128663246150341,1.0516399747979384,0.857345937594749,0.6967916404116197,0.021715157231645747,0.8406487977501013],"transport.delay_factor.roads.max":[1.049068033099387,1.0151327782780146,1.9781412030105097,1.0284421319434258,1.4280798254800322,1.2465180999540562,5.520264098636129,1.2827578527015426,1.0049354045764227,1.0051957823910287,1.0074930681067649,1.1959959000233606,1.0043996747632973,1.0604525739971347,1.049068033099387,1.2403946188102144,1.0049354045764227,1.059854043276776,1.2010349559971192,2.3573900795755494,3.636617321149959,1.0660733015744557,1.067860898866448,1.0002520916386233,1.1139713102357633,1.1493515250036428,1.3611857693046843,1.9141784892415477,1.4055983389591349,7.003589187990879,1.046385478895233,1.0235162364080332,1.1126137067496658,1.0995714194439385,1.0413816070581294,1.1559247241864743,2.762385162178621,3.8945867861707737,1.0843533253751128,1.1240040110150729,1.1867539010922517,1.434055973768268,2.8385001630920916,1.396770693954931,1.8148999275625293,1.3111612219340167,1.396770693954931,1.7558644921549105,3.81974219892185,1.6419850060301027,1.0253200717276005,1.0002520916386233,5.01177765665747,1.1005696887611531,1.0049354045764227,1.049068033099387,1.4057031967566087,1.0391354529305565,1.0139035208816265,1.0941052029415468,1.0058377644548175,2.118893969192877,1.0207242432499015,null,1.067860898866448,1.0278022012558974,1.0353420001581317,1.2574712248355169,1.0163318006412267,1.0002520916386233,1.660899476166105,1.8736476443590648,1.6692550387758212,1.2267519976216386,1.0219502535048701,null,1.0002520916386233,1.1196521237756019,1.1291854912540868,1.0141693739473192,1.1054989946639922,1.2465053359527112,1.0735346688444858,1.0912237391157267,1.0442788883312608,1.7827954963144883,1.345783568084985,1.1508661128824522,null,1.319623246777492],"transport.cargo_vehicle_flow.roads.total":[253.84853006394417,1821.4254382619683,5187.238641067408,1229.1418013115936,3460.741428985466,4409.312881153311,59764.95634402643,3728.89263008901,114.80399210498516,386.59604912988425,116.4055076323029,3131.785344632656,null,339.41017172035237,756.0432284340038,1051.8019927674902,92.55539006493326,1548.5081681503377,2805.351717806825,2465.4258491580176,3687.808101201688,6085.8828427477265,2449.7268135166237,null,0.07010230239592403,3432.7502385886546,2052.7152250574886,99.51492269934315,2842.6111769960376,13315.395485080182,169.5634209511461,3070.857488412972,5956.0215616123305,37.57445488295792,1832.3064164885614,289.82312214294825,7702.911556634639,4346.040965597708,1295.0611493548322,629.9018401647587,51.95886834126001,4320.92737284488,6324.231869875465,3993.677786863324,11920.940371509441,2281.0609325579394,281.5096253672268,13497.206312378778,292.49690942351606,12112.738489588795,18.5523757708743,null,257.62087931638547,null,147.02032953247553,767.0479519496614,329.8710874323373,342.670442176803,465.62203052921166,329.57828073659164,409.02219794087364,371.89700563929455,4203.587016398447,null,2802.3913442656317,2958.7600760702817,1611.1237276566671,1322.867446035927,532.7945061582683,null,22734.001712470304,46.74874576794782,307.742386567307,622.2713897021013,622.637423322926,null,null,212.23828734821691,1248.85140549573,278.1589318621458,null,556.3178637242916,1923.2804798166492,193.21541476196546,3302.635449321562,3915.196701972789,null,549.8171761152821,null,779.8345693473703],