{"municipalities_area_set":{"area_entities":{"id":[1,2,3,4,5,6,7,8,10,15,17,18,19,20,21,22,24,25,26,27,29,30,31,32,33,34,36,40,41,44,45,51,54,55,56,57,58,59,61,62,63,65,66,69,70,71,75,76,80,82,85,86,88,89,90,91,92,93,100,101,102,103,104,105,108,109,110,111,114,119,121,123,124,126,130,131,135,138,141,143,147,150,152,154,155,156,157,160,162,164],"transport.cargo_vehicle_flow.roads":[255.4639964744311,206.68740609619428,178.72054005523322,174.38426083193949,185.60344295663685,317.6391265820613,1001.0449061977113,200.1991790320787,39.526613835659816,39.526613835659816,44.55943976381845,255.4639964744311,null,48.86168515532367,255.4639964744311,95.61112571931571,39.526613835659816,200.1991790320787,251.08878551419244,188.1424943868429,200.1991790320787,251.5638181304246,347.6314617414802,null,0.15274002339945764,251.08878551419244,73.63317574226727,28.341401835591903,539.9502065581944,312.8505236607753,23.04978747588825,246.4701950041893,347.6314617414802,28.341401835591903,287.24612146556365,48.86168515532367,295.26866769986793,219.73987379046685,185.60344295663685,317.6391265820613,28.341401835591903,255.4639964744311,206.68740609619428,317.6391265820613,175.11643362185825,146.91756074937064,132.43632035809938,250.43343993675506,23.04978747588825,957.7452391574205,24.33317213981659,null,23.04978747588825,null,39.526613835659816,255.4639964744311,188.1424943868429,44.55943976381845,44.55943976381845,44.55943976381845,39.526613835659816,48.86168515532367,347.6314617414802,null,347.6314617414802,246.4701950041893,157.674935715767,124.90393765383106,51.2395937814514,null,980.0048256945802,3.725296398282619,28.341401835591903,132.43632035809938,163.80932224702633,null,null,28.341401835591903,188.1424943868429,44.55943976381845,null,44.55943976381845,163.80932224702633,48.86168515532367,347.6314617414802,196.93816313408212,null,196.93816313408212,null,74.06508348684376],"transport.volume_to_capacity_ratio.roads.max":[0.5195589005000215,0.38772066890769075,1.1006650841503705,0.4549241469443849,0.9067232099295488,0.7781881298802323,1.6062558999879006,0.8049481354557337,0.29221555375947855,0.29649100811872664,0.32436524023725144,0.7393066580755308,0.2955574375280784,0.546793384438217,0.5195589005000215,0.7743771042534603,0.29221555375947855,0.5448419688305443,0.7420588968719355,1.1958140812843754,1.432593157878831,0.5566277538580091,0.5633575398542311,0.139068184785334,0.5836397384563369,0.6850155360694707,0.8469440962990477,1.093015508168058,0.8655465071750668,1.7402240007386085,0.5134704378691852,0.4316901713988688,0.6406718051346872,0.621200145332916,0.49750423269332666,0.6943951249849611,1.2530111909143224,1.4512714872990604,0.6047506071738596,0.6557394583626535,0.7269481744881916,0.8961088019134528,1.3079442725333696,0.8694094244690576,1.057320910120088,0.83253642872716,0.8694094244690576,1.0324864462823193,1.434246839770396,0.9653628869334262,0.44095002723154936,0.139068184785334,1.5768525633358859,0.6271081801800087,0.29221555375947855,0.5195589005000215,0.8842731449495902,0.49079646074619176,0.37854027087017966,0.6117178043601049,0.304839438696272,1.0519634880398874,0.4187457912088185,0.10511627932480994,0.5633575398542311,0.4501323273467324,0.4787669533478998,0.7868321234716821,0.3951691124110013,0.139068184785334,0.9955514360465556,1.0605709138510775,0.9995989018463612,0.7557264227384921,0.4248578330539231,0.07174633260730223,0.139068184785334,0.6559216406199794,0.6617665193644995,0.3805124432491254,0.6306337803918484,0.7779728683735372,0.5747730492845716,0.6066887618276311,0.506011994921567,1.0440009320370043,0.8484046366680263,0.6904650650256755,0.02139195743603492,0.8339911439637318],"transport.delay_factor.roads.max":[1.0466265950277438,1.0144629134502086,1.939292237233472,1.0274116975613827,1.4325924196976385,1.2347028600941334,5.26028759500476,1.2686900405918884,1.004664919372666,1.0049486506704899,1.0070800156275777,1.191195842128135,1.0048836838794533,1.0572101359600192,1.0466265950277438,1.2301388769143404,1.004664919372666,1.056397803295917,1.1940588616958758,2.3086834991596668,3.695699415461692,1.0614383298246417,1.064463876609654,1.0002384052335478,1.0742607601856293,1.1409229284249411,1.3293054772612736,1.9134510298693526,1.3592043659327429,6.869493015442826,1.0444878844152325,1.0222271773483633,1.1078257335594213,1.0953029115246102,1.0392073142883795,1.1488012662083185,2.5776104456190714,3.8390603572550446,1.0856022591223637,1.118332828205716,1.1787284854390487,1.4126890507626815,2.8729963701892967,1.365659910524755,1.7998476229479634,1.3074630682979138,1.365659910524755,1.7273064031129572,3.7081678651928023,1.5558304921695383,1.024195659771389,1.0002384052335478,4.956802083593491,1.0989805442520877,1.004664919372666,1.0466265950277438,1.3913142986959626,1.0371449330645905,1.0131383317516687,1.089615773602976,1.0055253289485837,1.7837591781688928,1.0196780379580763,null,1.064463876609654,1.0262756970594744,1.033626110609913,1.2453060746581932,1.0156067308240686,1.0002384052335478,1.6286874436876675,1.8097273781049152,1.638973806339667,1.2087557283256425,1.0208429385896236,null,1.0002384052335478,1.1184643873321622,1.1227436797078953,1.0134090181438313,1.1012252587131228,1.234443274885849,1.0698498630014242,1.0867049266053508,1.0419588156721087,1.7602974248549752,1.3315828861114527,1.1454610817950988,null,1.3096176640894615],"transport.cargo_vehicle_flow.roads.total":[250.15439764034676,1798.0107091665445,4950.168667448415,1209.5919560333343,3447.77369772117,4292.865245278074,59394.369980419004,3668.0915094766306,112.80786317591232,379.87419614041903,114.38153270749572,3086.169213705154,null,333.6686042228075,745.1535940869559,1034.505426116254,90.94610376519131,1523.5048619559268,2757.4678736198002,2471.0099831844896,3638.6880507210094,5938.054012284801,2418.0374688330894,null,0.07637001169972882,3374.63318215634,2018.683726063823,98.0216354838283,2742.1493276588344,13356.692202301445,170.82663846863025,3085.815191157341,5876.399196863772,37.00635515362697,1810.7810189410343,284.8069190674839,7694.496887699855,4351.496649578223,1298.2920177531887,613.2664636111534,51.177056071422925,4257.93435871998,6237.847661490669,3895.7635043363416,11754.344151604744,2237.8631182310555,264.87264071619876,13097.486802822317,295.55370198548394,11694.234733380557,24.33317213981659,null,259.6637204428174,null,144.46404618761392,755.7727917551247,330.8373522667859,336.712335927834,457.5261308299829,323.8478115385276,401.91041526700883,372.5648032284082,4148.503395861854,null,2765.6689305745695,2945.912499002199,1587.4290510120009,1313.8606807012932,523.7529686188559,null,22190.514572969965,47.57573119770344,303.12095008310115,606.1583348403186,613.0083602539387,null,null,209.04070094470924,1277.9872397464671,273.3225051788099,null,546.6450103576199,1893.532370844842,189.87127937832258,3256.517669654114,3857.767877501123,null,541.2588867402239,null,774.0989963930922],