{"municipalities_area_set":{"area_entities":{"id":[1,2,3,4,5,6,7,8,10,15,17,18,19,20,21,22,24,25,26,27,29,30,31,32,33,34,36,40,41,44,45,51,54,55,56,57,58,59,61,62,63,65,66,69,70,71,75,76,80,82,85,86,88,89,90,91,92,93,100,101,102,103,104,105,108,109,110,111,114,119,121,123,124,126,130,131,135,138,141,143,147,150,152,154,155,156,157,160,162,164],"transport.cargo_vehicle_flow.roads":[251.8350816710294,203.84775442926758,187.91636945893072,171.67907777269826,172.07929648397266,322.9226489607106,988.2409444622272,197.14421438971942,38.888888263083885,38.888888263083885,43.84051417218565,251.8350816710294,null,48.273904150529106,251.8350816710294,94.14386559385066,38.888888263083885,197.14421438971942,247.61283862014017,175.399215648848,197.14421438971942,252.68975825110036,342.9804865787846,null,0.022250156546898596,247.61283862014017,72.85079048062518,27.9417551211394,557.8507732286828,308.0991601509972,22.68771682409771,238.74582626212793,342.9804865787846,27.9417551211394,282.2179010401381,48.273904150529106,280.7523743616621,216.45918119964875,172.07929648397266,322.9226489607106,27.9417551211394,251.8350816710294,203.84775442926758,322.9226489607106,172.43094404220204,144.9168834842898,140.23656167669608,246.5986800955376,22.68771682409771,938.8972580267388,14.14554794836738,null,22.68771682409771,null,38.888888263083885,251.8350816710294,175.399215648848,43.84051417218565,43.84051417218565,43.84051417218565,38.888888263083885,48.273904150529106,342.9804865787846,null,342.9804865787846,238.74582626212793,155.07205149080517,122.76485739568962,50.43246327687267,null,966.4182441283797,3.4698885505057073,27.9417551211394,140.23656167669608,161.2543375518116,null,null,27.9417551211394,175.399215648848,43.84051417218565,null,43.84051417218565,161.2543375518116,48.273904150529106,342.9804865787846,194.24651171087214,null,194.24651171087214,null,72.97431605896254],"transport.volume_to_capacity_ratio.roads.max":[0.5127064015710016,0.3812570530499395,1.0861369244465366,0.45118323749384953,0.8976263983672937,0.7688054580700352,1.6077820893633405,0.7931113528980381,0.287842596657583,0.29257593630066914,0.31948128755359106,0.7331186555454938,null,0.540274414117277,0.5127064015710016,0.7657046106000518,0.287842596657583,0.5376415266966693,0.7314141310221639,1.1862618161158656,1.411529939293475,0.55177903466884,0.5552111016694566,0.13699956150129056,0.589361946105493,0.6744740693941922,0.8324197272044468,1.0862601825005225,0.8952078786254761,1.7292257400729067,0.5093947122255658,0.4256350622369172,0.6297683903607054,0.6142658079266823,0.49089742893061716,0.6863666585155737,1.2420505184967294,1.439849759612957,0.5984984068089201,0.6482534620949039,0.7189342315166913,0.8843840309161634,1.321838735331313,0.8674710790060599,1.0471434234464745,0.8251888187472463,0.8674710790060599,1.0243393673111383,1.4239554985534966,0.9355865236291574,0.4355503024051396,0.13699956150129056,1.5692466055575056,0.621923519941653,0.287842596657583,0.5127064015710016,0.8754740565514638,0.48411614317834156,0.3729497658556589,0.6042353300990827,0.30037503127838194,0.9406425179061254,0.4123590877714692,0.10402971077776274,0.5552111016694566,0.4437884711183248,0.4721792943436886,0.7761036100121963,0.39048958056886474,0.13699956150129056,0.9825541269721225,1.0552305352293478,0.9868367829223956,0.7552008998654013,0.41903600787325035,0.0708853312415101,0.13699956150129056,0.6507891593661161,0.6531401144662737,0.37491202093257453,0.6227933257345425,0.7680471808559751,0.5679821319133869,0.5996333056612617,0.49927843945990413,1.0233848402471577,0.840008027397648,0.6823527279479363,0.021098104622845042,0.8219659559418895],"transport.delay_factor.roads.max":[1.0442318543761995,1.0135172021775734,1.8906428476915975,1.0265266295487228,1.4154917828443248,1.223586617389263,5.276580190153778,1.253230866061279,1.0043932091204641,1.0046906276388055,1.0066622721987146,1.1848836739360797,null,1.054521566416543,1.0442318543761995,1.2200011862762237,1.0043932091204641,1.0534802782193398,1.1831611496617709,2.2673663720503754,3.5406879542205387,1.0593208159265302,1.0608188616894076,1.0002245337442395,1.0772210826883653,1.1324466580087178,1.3072907089240586,1.8910579554071965,1.4110319267467615,6.722512369097441,1.0430934017546687,1.0210148777930323,1.100660553962426,1.0911182438509852,1.0371589926436215,1.1420380459168054,2.5231740698102048,3.7507345787180593,1.0821130216823978,1.1130210540922667,1.170969255871268,1.391510615532827,2.953861931714674,1.362409849452382,1.769492961939446,1.2967517663684345,1.362409849452382,1.7046207513771807,3.6311960100732508,1.490360866796864,1.0230409535927554,1.0002245337442395,4.881010034117362,1.0957516971115546,1.0043932091204641,1.0442318543761995,1.375955748175824,1.0351498019716243,1.012375997579671,1.0853073919307175,1.0052101213783697,1.5010433242784782,1.0185054944404202,null,1.0608188616894076,1.0248355320044684,1.0318084796863236,1.2321981675942195,1.0148873456571375,1.0002245337442395,1.596493767832845,1.7935410058340695,1.6069617025521472,1.2081756690467649,1.0197271640103067,null,1.0002245337442395,1.1147998218049155,1.116467675039564,1.0126371170395092,1.0962843655239076,1.2227058225296636,1.0665902841064911,1.0827414185067805,1.039767608254559,1.7019980266398183,1.3186498507235798,1.1387351547706297,null,1.2921428727085975],"transport.cargo_vehicle_flow.roads.total":[246.68800348290782,1769.6160411760638,4668.135694471679,1191.518217151042,3319.8826258868553,4308.2425878177855,58420.624754993114,3612.0409342335593,110.98781202166893,373.74527525061825,112.53609184222763,3043.9462166700782,null,330.1563864059847,734.9169322606019,1018.599402013606,89.47877199884402,1500.4451494755476,2725.999845409074,2360.2479011638225,3588.623200381555,5910.10952503149,2381.7432845072017,null,0.011125078273449298,3333.735428238536,1994.1058501117518,96.62775410146779,2931.9482548298247,13041.164310771632,169.8872796710996,2977.09587292309,5783.514291419975,36.47674761317246,1779.0182526128701,281.8855961750848,7540.439021083658,4182.251424469941,1235.3445155927047,615.4632268311123,50.44762517374216,4198.8431373975545,6139.299742060277,3897.3292127672194,11585.532791360183,2177.7896087303425,280.47312335339217,13231.145577380335,294.3991256940037,11711.791392457535,14.14554794836738,null,258.27714116361557,null,142.1332516258871,745.211088636845,315.62666297902337,331.27979196857314,450.14436736891054,318.62282485235363,395.4259602421987,359.06156961430406,4087.08565662898,null,2724.7237710859863,2871.4952547323023,1561.9471406690736,1287.6380036379255,515.4786692844259,null,22047.16588567016,51.012316819674794,298.80771773727645,606.6859918670481,602.9638520961607,null,null,206.0579969409852,1178.8618434827758,268.91269785664093,null,537.8253957132818,1862.599989666809,187.92373078338989,3207.1889635736857,3800.849980689959,null,533.7641605480628,null,756.4016531280049],