{"municipalities_area_set":{"area_entities":{"id":[1,2,3,4,5,6,7,8,10,15,17,18,19,20,21,22,24,25,26,27,29,30,31,32,33,34,36,40,41,44,45,51,54,55,56,57,58,59,61,62,63,65,66,69,70,71,75,76,80,82,85,86,88,89,90,91,92,93,100,101,102,103,104,105,108,109,110,111,114,119,121,123,124,126,130,131,135,138,141,143,147,150,152,154,155,156,157,160,162,164],"transport.cargo_vehicle_flow.roads":[248.15787304472644,200.84396561504016,174.49654677337134,168.9141692159054,168.9141692159054,319.9723042470562,975.1393910886054,194.02663023899157,38.23474305947366,38.23474305947366,43.10307827853052,248.15787304472644,null,47.54948112293444,248.15787304472644,92.6457291135028,38.23474305947366,194.02663023899157,244.02902331982804,170.9057768536943,194.02663023899157,246.51935695753542,338.2218261189381,null,0.09366665924090842,244.02902331982804,71.60277333204478,27.537096643375477,575.1694422776595,303.2525957472827,22.47014324274766,238.12622391418512,338.2218261189381,27.537096643375477,278.5462254990504,47.54948112293444,282.61288541790543,213.27934372551704,167.3269594896081,319.9723042470562,27.537096643375477,248.15787304472644,200.84396561504016,319.9723042470562,169.68912222690983,142.75664922558803,139.88512908479154,242.82391529595537,22.47014324274766,936.0106344247024,12.124271998201825,null,22.47014324274766,null,38.23474305947366,248.15787304472644,170.9057768536943,43.10307827853052,43.10307827853052,43.10307827853052,38.23474305947366,47.54948112293444,338.2218261189381,null,338.2218261189381,238.12622391418512,153.07025198669683,121.23285582266283,49.6063444894436,null,954.2016422596205,3.993049622592379,27.537096643375477,139.88512908479154,158.78150485549247,null,null,27.537096643375477,170.9057768536943,43.10307827853052,null,43.10307827853052,158.78150485549247,47.54948112293444,338.2218261189381,191.22979843156546,null,191.22979843156546,null,72.02889415590116],"transport.volume_to_capacity_ratio.roads.max":[0.5053974598186521,0.3761015865514382,1.0716848353960284,0.4475257518862728,0.8883808393399596,0.758863404481699,1.59817711130638,0.781639186633353,0.2832210154340107,0.28841961548516243,0.31436883014613354,0.7271166269280858,0.290773629089639,0.5352079548777203,0.5053974598186521,0.7563424464646836,0.2832210154340107,0.530187211564674,0.723260816183189,1.1743146510783338,1.3932527451993857,0.5419227129617299,0.5471953542471218,0.13481422682337918,0.5693815447608118,0.663519277247834,0.8234203250571767,1.0741135259425136,0.9324392436686801,1.7148436678474663,0.5043046347729628,0.41916230882374605,0.6214278934663497,0.606713455882789,0.48397164418415656,0.6803783979312205,1.231694721786869,1.4316382961943306,0.5915053437451158,0.6400477919015806,0.7100843168995434,0.8718756166279286,1.2211768344476759,0.856469755776755,1.0343260303616872,0.815160519307902,0.856469755776755,1.009067478177298,1.410558049807694,0.9539104213091207,0.429672315934739,0.13481422682337918,1.5605430546147097,0.6154480495882262,0.2832210154340107,0.5053974598186521,0.8656859272631022,0.4772128809640209,0.3671328213307657,0.5965312225891743,0.2956602035128204,0.877878341690338,0.40641747570615244,0.10281975657222325,0.5471953542471218,0.4370112518772507,0.4653219016606495,0.7650858429726559,0.3854991811415725,0.13481422682337918,0.9694659303895113,1.0467746784783976,0.9748346461692856,0.7456700340491853,0.4128971458624982,0.07012031309513395,0.13481422682337918,0.6423297758041281,0.6439675226803481,0.3690642935666732,0.6150675821373787,0.7578631983719328,0.5598540999163395,0.5942236383473773,0.49226760523125046,1.012236991614177,0.8301754458758517,0.6759983837371303,0.02067741823210258,0.8138165362053509],"transport.delay_factor.roads.max":[1.0417549482036594,1.0128056207548657,1.8442057687501106,1.0256715503668852,1.3986361743435713,1.212243507170703,5.175222267512396,1.2388940155580064,1.0041171705187069,1.0044273292463306,1.006240197515858,1.1788942068318595,1.004575094208654,1.0525134091168502,1.0417549482036594,1.2094372225917944,1.0041171705187069,1.0505704672438738,1.1751296672541152,2.217076539966259,3.4115685071870416,1.0551987684014588,1.0573785514475205,1.0002105565235195,1.0672656772840292,1.1240492531218675,1.2942160124486057,1.8518844995947084,1.4837958600732826,6.534364314316766,1.041409580322267,1.0197607465951635,1.0954427505104893,1.0867256893578423,1.0351123294383153,1.1371456506067705,2.4729645519243366,3.688519574530507,1.0783456095489001,1.1074062585949385,1.1627120277042822,1.3698265638670475,2.4232926373953347,1.3443722117577936,1.7325036480926492,1.2825872240527154,1.3443722117577936,1.6635303785689157,3.533633711065504,1.5299200449538586,1.0218137064674937,1.0002105565235195,4.795622343708997,1.0918217515272384,1.0041171705187069,1.0417549482036594,1.3594358608572668,1.0331916318374161,1.0116273816618166,1.0810424744392273,1.0048893571299728,1.3801170169209191,1.0174610143918157,null,1.0573785514475205,1.0233475369242824,1.0300050221096755,1.2192909139906356,1.0141281172143213,1.0002105565235195,1.5653406054361518,1.7684096459117902,1.577968004842183,1.1978639781180007,1.0185866251044795,null,1.0002105565235195,1.1089462264916392,1.1100616031062331,1.0118654730361758,1.091594906672181,1.2111267427147254,1.062880152260467,1.079795733378084,1.0375824425248539,1.6719064206880452,1.3039901490772696,1.1336480431531315,null,1.2807281829835824],"transport.cargo_vehicle_flow.roads.total":[243.1845404254266,1746.3377590557698,4672.21022347188,1173.1112202105842,3250.1652178171844,4252.5307132332,57992.329144343545,3555.0015301583567,109.1208996943734,367.45855197060973,110.64313609060963,3000.6594229158977,null,324.72429027106887,724.58028865698,1002.3557332131602,87.9736605867613,1476.9310157490036,2682.129855306557,2314.9675937421757,3526.056025087395,5799.070860008684,2350.600577022499,null,0.04683332962045421,3280.2562304752196,1962.6100572434589,95.21517039515253,3020.0593809746656,12946.817957270687,167.00047927825983,2952.60890928675,5706.762722109363,35.93968362005954,1756.8575788474964,277.17480914813444,7481.802183511889,4181.658383902108,1205.9841371345742,607.504387604743,49.708231941747286,4139.110519851552,6054.445800302717,3844.177913100264,11391.171649865979,2155.9346377414345,279.7702581695831,12772.082860140787,289.0606720710244,11444.357170294928,12.124271998201825,null,253.86159212771088,null,139.74244569192422,734.5269538955797,309.0679012703221,325.7073753568349,442.5725443624385,313.26330952684697,388.77454882808127,361.5466794247596,4033.2336047121553,null,2688.822403141437,2857.350047526305,1540.8249921194943,1267.9097621306787,507.0074505245685,null,21768.300478674108,56.99611852934217,294.4363207810289,599.041427814053,593.8872585442406,null,null,203.0342212553312,1146.606568657468,264.3893504597498,null,528.7787009194997,1834.5581646309263,184.7832060987563,3162.5700051770264,3744.9891442650382,null,525.518042686535,null,750.0240681356777],