{"municipalities_area_set":{"area_entities":{"id":[1,2,3,4,5,6,7,8,10,15,17,18,19,20,21,22,24,25,26,27,29,30,31,32,33,34,36,40,41,44,45,51,54,55,56,57,58,59,61,62,63,65,66,69,70,71,75,76,80,82,85,86,88,89,90,91,92,93,100,101,102,103,104,105,108,109,110,111,114,119,121,123,124,126,130,131,135,138,141,143,147,150,152,154,155,156,157,160,162,164],"transport.cargo_vehicle_flow.roads":[405.03144593178274,504.84252412273094,277.1244713397119,286.7818681533656,286.7818681533656,460.9387731137725,2013.92978544342,330.514542155585,66.11244150523109,66.11244150523109,74.53037508195497,405.03144593178274,null,138.7780975478281,405.03144593178274,156.51656422385952,66.11244150523109,330.514542155585,320.93761694192295,244.64874196291765,330.514542155585,304.8583604575151,717.9632385229165,null,null,377.9305515026796,138.7780975478281,44.80136582028773,2013.92978544342,509.8959594652048,32.04838063977587,621.7486725898389,717.9632385229165,44.80136582028773,621.7486725898389,138.7780975478281,609.4285737902486,286.7818681533656,null,460.9387731137725,44.80136582028773,405.03144593178274,504.84252412273094,460.9387731137725,286.58329282753675,241.84154450477416,250.45824422450949,367.6724613700901,32.04838063977587,1999.4501320968013,null,null,32.04838063977587,null,66.11244150523109,405.03144593178274,244.64874196291765,74.53037508195497,74.53037508195497,74.53037508195497,66.11244150523109,138.7780975478281,717.9632385229165,null,717.9632385229165,621.7486725898389,264.4880709057934,241.84154450477416,84.81947465311231,null,1999.4501320968013,244.64874196291765,44.80136582028773,250.45824422450949,244.64874196291765,null,null,44.80136582028773,244.64874196291765,74.53037508195497,null,74.53037508195497,244.64874196291765,138.7780975478281,717.9632385229165,319.471684124988,null,319.471684124988,null,288.6586084296111],"transport.volume_to_capacity_ratio.roads.max":[0.5950486786737055,0.5193910992217473,1.3482379451252822,0.4873179172954117,0.7378720253894607,0.833270209349437,4.319522006477604,0.8263118960668573,0.3147482927039173,0.3111180485990699,0.3454981510629675,0.939332521499262,0.28441998917720385,0.43452499703147124,0.5950486786737055,0.8167521523704914,0.3147482927039173,0.5744315355142627,0.6530588490488335,1.3945541129887797,1.9802705732167594,0.5868013754623863,0.7350747673143687,0.1476445613734142,0.6295463011142286,0.7586951126224976,0.8099744206786389,0.9759737885821942,3.6080010709938284,null,0.48460299697480813,0.5737258562450036,0.7475397892476789,0.6454661854813836,0.6123586217124362,0.5629166825430767,1.7617846513560846,1.0476854168532106,0.490866192365179,0.6671419803880564,0.7555779433613176,1.0395056664026612,0.8629754958393574,0.9837308081484774,1.4864079822837353,1.6536665034590567,0.9837308081484774,2.373362137150245,1.3201408165564894,2.860300813706926,0.44497269177314536,0.1476445613734142,1.0447152915067135,0.5250959607487035,0.3147482927039173,0.5950486786737055,0.8617556241557475,0.5074875555930037,0.4001337061904524,0.6030978571463734,0.3269833732460257,1.5811898473262673,0.596525532766031,0.09313216121275658,0.7350747673143687,0.605525094623481,1.1681122983958083,1.9802705732167594,0.41661172335978697,0.1476445613734142,1.8114993031426916,1.383960429544622,0.9365725555924366,0.8765586032615604,0.5497828201307373,0.03878466531434187,0.1476445613734142,0.6187831112504387,0.9916252484520937,0.406189575208686,0.6164474021512563,0.7886830311546281,0.6485907473324214,0.4868818483629639,0.633294778644915,2.1477967058519187,0.8708158100455479,0.5160741764370195,0.02248262924369373,0.8489105875083832],"transport.delay_factor.roads.max":[1.0802290137081938,1.0465680099860666,3.1146873016409886,1.0361000199576316,1.1897078446222338,1.3085484689206255,223.7973966309556,1.2983576017171656,1.0062735325291854,1.0059962647338754,1.0091084888222508,1.4982780325402434,1.0041824205280079,1.0228201995154869,1.0802290137081938,1.2848007473006204,1.0062735325291854,1.0696839997073575,1.1164097209943888,3.420514864989978,10.84156938763071,1.0758802464513082,1.1868440966210394,null,1.1005222933477359,1.2120638694618608,1.2754642156641127,1.5806742804453369,109.45744830216967,35.49513474481483,1.0353017594115943,1.0693434615760031,1.1998560175164783,1.1110897414364196,1.0899961856524316,1.0642579686130056,7.165602548272481,1.7710668365475781,1.0371499242631905,1.1267867880591766,1.2085917177206216,1.747286984360111,1.3549554350425386,1.599374382138038,4.124220990690272,5.786084652542338,1.599374382138038,21.30611958427685,2.943889847190802,43.838643015671806,1.0250907365019681,null,1.762380501047443,1.0486632435561958,1.0062735325291854,1.0802290137081938,1.3529665459639415,1.0424420537877945,1.0164033516173863,1.0846642735683245,1.0073158314640076,5.0005162831787215,1.0810393824921043,null,1.1868440966210394,1.0860417640518703,2.191566705015261,10.84156938763071,1.0192790686279332,null,7.891984076521261,3.3478216915633494,1.4924313386804944,1.3778364050562364,1.0584603934374384,null,null,1.0938282855966697,1.6188284595242295,1.017419512352687,1.0924137862282464,1.2476102571590908,1.113256456425138,1.035971410775372,1.1029489720485788,14.619233372046136,1.3680316722242412,1.045393543570768,null,1.3323745591568865],"transport.cargo_vehicle_flow.roads.total":[392.67886980176775,3178.5431127780107,7154.933183274018,1958.0360822994242,1678.316641970935,6227.915507719942,116668.43713925619,6018.295512948161,188.68308038112826,635.3797640268042,191.31520908529555,4888.664535871628,null,742.4478490791637,1165.6840332752884,1694.8700013222494,152.116975926747,2493.8057689933075,3629.8783744484126,4036.9850248437424,5503.006316616627,6325.798618055515,4296.88935470477,null,null,4637.997337382116,3691.1739826477615,155.476917442063,9670.579126243203,24105.383689602982,212.05477823240687,6726.61868624331,11729.42501104728,58.84991247442095,3443.7169675068267,603.6697515313357,14304.375019523552,5667.059097916557,null,889.7022153885632,81.2505953845648,6687.893362760065,12396.306527786259,5631.7020428317355,16766.626776966008,4522.060660203995,500.91648844901897,22473.43549456695,360.01279518526195,24915.86373573556,null,null,320.7528657352583,null,241.6313940500286,1190.3891855353181,448.5538916493047,563.1869885356969,765.2608363411822,541.6697110953173,672.2376708047628,603.6697515313357,7522.278889841529,null,5014.852593227686,5624.397250350377,2998.971289834778,3682.366925301908,868.0831393283318,null,45543.31610935972,3384.5259835080506,480.92191995663694,1019.4111462568995,897.1077832986094,null,null,332.0266548653259,1549.5668246343012,457.160793252546,null,914.321586505092,2777.6636799355647,402.4465010208904,6011.6136397419305,7632.322901165961,null,871.8585835293177,null,2079.3897462478717],