{"municipalities_area_set":{"area_entities":{"id":[1,2,3,4,5,6,7,8,10,15,17,18,19,20,21,22,24,25,26,27,29,30,31,32,33,34,36,40,41,44,45,51,54,55,56,57,58,59,61,62,63,65,66,69,70,71,75,76,80,82,85,86,88,89,90,91,92,93,100,101,102,103,104,105,108,109,110,111,114,119,121,123,124,126,130,131,135,138,141,143,147,150,152,154,155,156,157,160,162,164],"transport.cargo_vehicle_flow.roads":[244.82839029085767,198.09376794152263,183.13152292932963,166.40411358846987,176.69818091014713,306.15365979042014,963.2311695440443,191.19773902195809,37.64024741242894,37.64024741242894,42.43288697187113,244.82839029085767,null,46.84004697350352,244.82839029085767,91.28610091647472,37.64024741242894,191.19773902195809,240.74047355358712,178.0067210326163,191.19773902195809,243.9559213258536,333.913975086505,null,0.0,240.74047355358712,70.60707548711221,27.170789048744226,557.416672475367,298.8554359074388,22.331031229867744,234.49679975600188,333.913975086505,27.170789048744226,274.4797462712214,46.84004697350352,270.0520800891129,210.44768193629795,176.69818091014713,306.15365979042014,27.170789048744226,244.82839029085767,198.09376794152263,306.15365979042014,167.2008417427611,140.72580258395405,128.4669313917836,239.45466371958,22.331031229867744,916.4640496195611,21.41422286392018,null,22.331031229867744,null,37.64024741242894,244.82839029085767,178.0067210326163,42.43288697187113,42.43288697187113,42.43288697187113,37.64024741242894,46.84004697350352,333.913975086505,null,333.913975086505,234.49679975600188,140.99242018054503,109.5803470549219,48.85605004735004,null,942.4379300414186,2.485569558312738,27.170789048744226,128.4669313917836,156.5924981686961,null,null,27.170789048744226,178.0067210326163,42.43288697187113,null,42.43288697187113,156.5924981686961,46.84004697350352,333.913975086505,188.3849960940998,null,188.3849960940998,null,71.2549318844626],"transport.volume_to_capacity_ratio.roads.max":[0.49789870335270836,0.36975691912200986,1.0559922149105991,0.4422936902495559,0.8847795555403666,0.7486742073091821,1.582947881560981,0.7701221629865731,0.2783790365275517,0.2839605596598974,0.3088164605941784,0.7167524070361052,0.2827781473475209,0.5312176907646883,0.49789870335270836,0.7462188406168364,0.2783790365275517,0.5214626369790009,0.7118565288290933,1.1621614611812658,1.3743548021145258,0.5327420234752801,0.5387471803727175,0.1325086847827645,0.5992459886249969,0.6520835066132277,0.8157784939163416,1.056246200880931,0.885928641458218,1.702310114433389,0.49876477176068984,0.41260924295663814,0.6107974262659706,0.5975546917487744,0.47643783162708725,0.6748961634755647,1.2391535966240372,1.417784311098732,0.5898360343657411,0.6317944609301992,0.6990996339522403,0.859100545403947,1.3086273845005278,0.831123266652711,1.0260428229083107,0.8101760516171386,0.831123266652711,1.006807467327717,1.3960510199021268,0.9396272535308848,0.42401030056867495,0.1325086847827645,1.5517972071430068,0.6063033470483906,0.2783790365275517,0.49789870335270836,0.856207121912792,0.46925335365817683,0.3606556340319788,0.5872297222747219,0.29070285676009955,0.8399357848779796,0.4001315147427739,0.10101955782728429,0.5387471803727175,0.430138780099779,0.45825742651412366,0.7538346004604775,0.380104447447986,0.1325086847827645,0.956523450778361,1.0299232659428839,0.9609148584773529,0.7227811882953361,0.40635673966044916,0.06949138390003892,0.1325086847827645,0.6313676337050536,0.6337184453456558,0.3628712969573175,0.6061562469385108,0.7456991809600731,0.5513120200533241,0.5896979347325276,0.4846923495023228,0.9920394089684283,0.8200480870128899,0.6664075977659466,0.020193128170777837,0.8017748312728166],"transport.delay_factor.roads.max":[1.0393430182451808,1.0119610371498724,1.7958346422570255,1.0244919265930839,1.3922114694460481,1.2010719361102828,5.018337755404289,1.2251222712540937,1.0038426457698648,1.0041583793978108,1.0058200636492443,1.1689104871071465,1.0040922612687568,1.050964772789619,1.0393430182451808,1.1984471260812322,1.0038426457698648,1.0473207464280818,1.1643424905154733,2.1674703299159535,3.283365479321928,1.0515522705176485,1.0539104920544595,1.0001965561997592,1.0825278471520636,1.115721790375321,1.2834451184590452,1.7966005712745754,1.3942529425229473,6.374458233502037,1.039606189309749,1.0185496527447313,1.0890776533553728,1.0816000860188504,1.0329765282630419,1.1327785162898758,2.508969775513219,3.585953069356755,1.0774649380793915,1.1019725383571208,1.1528749306092532,1.348622933521965,2.8769123441909024,1.3053808044873623,1.7093195362108191,1.2757386087802831,1.3053808044873623,1.6576058771218836,3.431000985912413,1.4988872367334471,1.0206864325982892,1.0001965561997592,4.711246812658791,1.0864848102500546,1.0038426457698648,1.0393430182451808,1.3439500032161358,1.0310319819841205,1.010826309240366,1.0761048071944856,1.004569212445517,1.3185402465395064,1.016405309624891,null,1.0539104920544595,1.0219085870906375,1.0282239647752083,1.2066732378811813,1.0133639584416057,1.0001965561997592,1.5357503479754762,1.7201110079835056,1.5456568473265064,1.1746655826311843,1.017454448226562,null,1.0001965561997592,1.1016972553554012,1.1032203592930745,1.011096712654045,1.0864009097006069,1.1978862834040593,1.0591248183373,1.0773924153956542,1.0353219468798782,1.6198629427611317,1.289425807289501,1.1262233590438058,null,1.2644780598061558],"transport.cargo_vehicle_flow.roads.total":[240.01489579805775,1722.2634692023062,4513.0506904058275,1156.4190229158185,3297.446736501624,4130.146159960093,56607.305748143845,3503.3142058893577,107.42422555250721,361.74509629821046,108.92279334686661,2961.6025206942786,null,319.9923272830598,715.2311929013733,987.6130438014521,86.60579581016094,1455.5993692265656,2647.232488492305,2345.934728744949,3437.592055150036,5722.979068689705,2319.4758356627785,null,0.0,3236.632935738139,1935.9909781343367,93.93612163363389,3065.439084986602,12612.778765796422,168.82074816516584,2931.1125702873655,5631.3944067686125,35.45329204034503,1732.2821052278443,273.1522803095564,7559.334339570917,4044.1324807700535,1241.4643060276778,590.0208799942991,49.038686564717146,4085.066723059782,5968.207910722938,3746.362372721603,11442.865625550701,2167.3440182262766,256.9338627835672,12520.497762602105,292.97943387059627,11169.896011575345,21.41422286392018,null,256.7604775859888,null,137.56965024402473,724.8581818869732,314.16018618770136,320.6430908510175,435.6911733874664,308.392512471853,382.7296598484286,349.73693277176784,3980.084716123926,null,2653.3898107492837,2796.996386831269,1450.0939661005855,1212.7892744870062,499.3131296009763,null,21360.84311111026,29.04433732378643,290.4780812381594,581.0508157333286,585.4919266475623,null,null,200.29599775466897,1206.1441710514011,260.27847366560434,null,520.5569473312087,1808.6362019039027,182.10152020637094,3119.195818859887,3690.657601327509,null,517.7968819080301,null,740.4067045521311],