{"municipalities_area_set":{"area_entities":{"id":[1,2,3,4,5,6,7,8,10,15,17,18,19,20,21,22,24,25,26,27,29,30,31,32,33,34,36,40,41,44,45,51,54,55,56,57,58,59,61,62,63,65,66,69,70,71,75,76,80,82,85,86,88,89,90,91,92,93,100,101,102,103,104,105,108,109,110,111,114,119,121,123,124,126,130,131,135,138,141,143,147,150,152,154,155,156,157,160,162,164],"transport.cargo_vehicle_flow.roads":[425.9385589983111,452.6744824273009,368.6088928221253,300.99442099203185,410.42051079602857,369.1734298102854,2001.451619325117,347.01769229792416,69.32755804411087,69.32755804411087,78.15486445368612,425.9385589983111,null,67.52187818312707,425.9385589983111,164.31312381746196,69.32755804411087,347.01769229792416,298.60661616116136,410.42051079602857,347.01769229792416,342.3139483578658,677.3834913459245,null,null,298.60661616116136,99.55117604603653,47.12579258774494,2001.451619325117,535.4200503394385,33.79892463602986,654.2422871104986,677.3834913459245,47.12579258774494,654.2422871104986,67.52187818312707,582.4216794738097,300.99442099203185,410.42051079602857,369.1734298102854,47.12579258774494,425.9385589983111,452.6744824273009,369.1734298102854,300.8635551273534,332.5377661376059,145.19321536578553,435.4347706157374,33.79892463602986,1953.7583052324565,101.30201147639002,null,33.79892463602986,null,69.32755804411087,425.9385589983111,410.42051079602857,78.15486445368612,78.15486445368612,78.15486445368612,69.32755804411087,67.52187818312707,677.3834913459245,null,677.3834913459245,654.2422871104986,290.23996316571873,332.5377661376059,89.00132878740999,null,1953.7583052324565,null,47.12579258774494,204.38478903337707,309.1184993196386,null,null,47.12579258774494,410.42051079602857,78.15486445368612,null,78.15486445368612,309.1184993196386,67.52187818312707,677.3834913459245,335.76104444396447,null,335.76104444396447,null,225.4572557467065],"transport.volume_to_capacity_ratio.roads.max":[0.5965033587122832,0.5008711560430011,1.3068931833644135,0.4618188667707547,2.1354409059487653,0.7739735508703297,4.603715921985794,0.8137402864309513,0.31020320522331657,0.30654535223003504,0.3410284711574666,0.9232679854196585,0.2790090317713294,0.4239677812490944,0.5965033587122832,0.8068692457526095,0.31020320522331657,0.5654733583786982,0.648111952550418,1.7756387836521186,1.9308835875619492,0.5490226937592357,0.7049692844698573,0.14171447771586834,0.6132361308531188,0.7480241015602493,0.7858857903261603,0.9572137411908591,4.603715921985794,2.68212721649749,0.4728220051160505,0.5802461410552652,0.8285120423863092,0.630361257192742,0.5838118496842405,0.5527824723866276,2.1293087112000126,0.961303214621674,1.7161191191118061,0.61819614216853,0.7371124196058806,1.0432734440556541,0.8688899190657667,0.9724355880282936,1.3794772620921474,1.6258242174121442,0.9724355880282936,2.6532752657126877,1.2897551592979979,3.57938175977767,0.4899470902517334,0.14171447771586834,0.9743557885256525,0.5185022976352371,0.31020320522331657,0.5965033587122832,0.9032866007605309,0.5013036502971784,0.3950304747168668,0.6002899610019669,0.32225251889073586,1.5528339766830412,0.5730975688021521,0.09269113033616373,0.7049692844698573,0.6113420045184541,1.217673772669279,1.9308835875619492,0.41235538578326086,0.14171447771586834,2.063725388315873,0.4946642339535999,0.9154646081566838,0.8718884937601175,0.5387914308255928,0.06936781816040698,0.14171447771586834,0.6079378093576561,1.2275497330789567,0.4021761338867752,0.6028713100173184,0.7816646614701724,0.6250306977155666,0.47559489984568226,0.6074282601841695,2.125310460879454,0.8725058775676025,0.5093143946033353,0.021817208874207728,0.8728289303713133],"transport.delay_factor.roads.max":[1.0810172747956184,1.0402699360222216,2.8669274488906424,1.0291058656082006,14.308829242690724,1.229659520032207,288.4907309203088,1.2806109160767263,1.0059248829034464,1.005647900982246,1.0086554105502397,1.4650408247081996,1.0038799232038493,1.0206749428339148,1.0810172747956184,1.2712642886820762,1.0059248829034464,1.0654392004200015,1.1129135885757675,7.361923929172035,9.896086827664966,1.058151647429251,1.1580741134264627,null,1.0904983647261162,1.2003744479006913,1.2441280708676454,1.5372985540519641,288.4907309203088,34.11947778736852,1.0319839375177764,1.0725453870685855,1.3015610695736295,1.1010503974506989,1.0743509623877006,1.0597485915620972,14.156061498877323,1.5465214685238033,6.550851634239216,1.0934828314068543,1.1889360748927609,1.7581804559505994,1.3647867104091655,1.5722994795773366,3.3175551292326673,5.471636692611197,1.5722994795773366,32.71741118628616,2.7709612935064434,106.05661077553121,1.036882352134733,null,1.5768332050616738,1.0462533967011447,1.0059248829034464,1.0810172747956184,1.426071265418638,1.0404122192165555,1.0155776876326803,1.0830971986931526,1.006899320262656,4.72104838303113,1.0690243922517297,null,1.1580741134264627,1.0893856567388662,2.4070313747131333,9.896086827664966,1.0185013916306145,null,12.609215498352462,1.0383169833516808,1.4495170930306052,1.3698484129059016,1.0539367887206252,null,null,1.08742688268098,2.453236706052232,1.0167395699483495,1.0845431530792022,1.2389251607907013,1.0976754374858,1.032738587107679,1.0871343855495699,14.05799077004225,1.3708825919062133,1.0430588103364815,null,1.3714467004955344],"transport.cargo_vehicle_flow.roads.total":[413.17577519046364,3536.3410321607016,8296.770059996583,2056.7981378888758,6916.454197926591,4912.960971987817,114892.56691485045,6318.966464739655,197.85893410137163,666.2789403585462,200.61906595194458,5053.486495108866,null,430.2301595001157,1226.7645417635435,1779.3721853033185,159.51458209604516,2618.863122225447,3219.636432996079,5153.484365450411,6220.434723176641,6975.410864440346,4636.554760570792,null,null,4278.094356847951,2880.055062307678,163.50702586074095,9649.639307963835,23396.55761035593,223.66953354325236,6929.2187555078945,12114.874558803715,61.8788913194157,3597.181042670869,362.70828131698863,14036.547681170325,5952.986327341277,2781.95243812322,701.851567426831,85.44178761328817,7036.7509620457295,12985.653680123596,4506.494934338884,17605.856129319935,5245.333005978766,290.38643073157107,25336.725370154767,379.741217814445,26707.964827709773,101.30201147639002,null,338.3208609106889,null,253.38217913125047,1252.2901093792384,695.488109530805,590.5753553861291,802.4762638077782,568.01167044672,704.9292853368232,362.7082813169886,7970.907377875075,null,5313.9382519167175,5780.032271575403,3788.158731552783,4820.297246740076,910.7712299866573,null,48252.41416673556,null,505.75192571268246,909.5926895255426,1188.37219610883,null,null,349.1436998189881,4612.498477702662,479.39299635757527,null,958.7859927151505,3645.010948176201,241.80552087799242,6280.192346773768,8054.620061878584,null,916.329091336662,null,2427.4913675224398],