{"municipalities_area_set":{"area_entities":{"id":[1,2,3,4,5,6,7,8,10,15,17,18,19,20,21,22,24,25,26,27,29,30,31,32,33,34,36,40,41,44,45,51,54,55,56,57,58,59,61,62,63,65,66,69,70,71,75,76,80,82,85,86,88,89,90,91,92,93,100,101,102,103,104,105,108,109,110,111,114,119,121,123,124,126,130,131,135,138,141,143,147,150,152,154,155,156,157,160,162,164],"transport.cargo_vehicle_flow.roads":[423.63462060400104,450.3803986770069,366.46926532407946,298.99615660405965,391.295232933647,366.9528958258322,1993.063726906917,344.79127794171484,68.82879069475524,68.82879069475524,77.59259029197382,423.63462060400104,null,67.18946775493127,423.63462060400104,163.24725491777735,68.82879069475524,344.79127794171484,296.93044037953155,391.295232933647,344.79127794171484,340.7516127077048,674.244733134155,null,94.80344003861774,296.93044037953155,98.98419594773313,46.872872920310044,1993.063726906917,532.0251216094604,33.67658161684552,650.9505611715974,674.244733134155,46.872872920310044,650.9505611715974,67.18946775493127,562.2561110791008,298.99615660405965,391.295232933647,366.9528958258322,46.872872920310044,423.63462060400104,450.3803986770069,366.9528958258322,298.9148520643031,330.5708899076084,160.89046079371462,432.77606131707427,33.67658161684552,1962.1020612426971,100.57320842643517,null,33.67658161684552,null,68.82879069475524,423.63462060400104,391.295232933647,77.59259029197382,77.59259029197382,77.59259029197382,68.82879069475524,67.18946775493127,674.244733134155,null,674.244733134155,650.9505611715974,288.57263950597616,330.5708899076084,88.39033200414796,null,1962.1020612426971,null,46.872872920310044,203.00965889163456,290.7220245072118,null,null,46.872872920310044,391.295232933647,77.59259029197382,null,77.59259029197382,290.7220245072118,67.18946775493127,674.244733134155,333.81874750244896,null,333.81874750244896,null,224.47102786872648],"transport.volume_to_capacity_ratio.roads.max":[0.5964777355791819,0.500029860698785,1.307248743420845,0.4738208351407873,1.949718273187895,0.7931526001337638,4.649931274861741,0.8140098988600252,0.3108273150841746,0.3071078734165193,0.34186808108251077,0.9245454239275048,0.2798126739327997,0.4246154846749171,0.5964777355791819,0.8074646376932332,0.3108273150841746,0.5652852699727483,0.648927417909188,1.2630733934242677,1.9300458005706476,0.5480659848906191,0.704678174588322,0.14156043986209219,0.6112418104196589,0.7458188987856941,0.7872602667664136,0.9597344229080348,4.649931274861741,2.6842762773849334,0.4723100419725249,0.5796847136119826,0.8271763675920915,0.6306767171978249,0.5845314342043433,0.553326122739613,2.149819533451141,0.9666290009477071,1.2890499142385272,0.6451231981351826,0.7375288288121739,1.0423080139982728,0.8691812086741115,0.9846672314516888,1.3801806016814548,1.626653226043133,0.9846672314516888,2.653123390883803,1.28744104142995,3.548732291954438,0.47345195250033273,0.14156043986209219,0.9773015412456861,0.5191542314074427,0.3108273150841746,0.5964777355791819,0.8748509662849435,0.502292570497037,0.39607542059928164,0.6030573739476425,0.32285360184098405,1.55430534385341,0.5716610514939283,0.09274385113824689,0.704678174588322,0.6106578324865165,1.2174191750479655,1.9300458005706476,0.4128455326179439,0.14156043986209219,2.0450434930633987,0.7928449032138648,0.9153878926932014,0.8706062430862881,0.5392313297381492,0.07084073432452265,0.14156043986209219,0.609303906580609,1.2288790472117421,0.4030730505422534,0.6038898324058017,0.783397856210193,0.6235177572168121,0.4762855216094444,0.6079094406782366,2.1252612215024635,0.8763079950750614,0.509216251456772,0.021821026224936143,0.8731618069437845],"transport.delay_factor.roads.max":[1.0809997072027626,1.0400055707865064,2.8689574470425763,1.0322551621537204,10.248417397931801,1.2532953954646338,300.20723232974933,1.280982360703053,1.0059728229642686,1.005689691227152,1.0087412980475103,1.4676199030400205,1.003924555248181,1.0208115735442977,1.0809997072027626,1.2720658432178058,1.0059728229642686,1.065351333917072,1.113483955484659,2.6289357156517474,9.880659841456712,1.0577418956227946,1.1578131747333593,null,1.0893285610221795,1.1980309818558628,1.2458516323439062,1.5429999453845262,300.20723232974933,34.22587605352982,1.0318440584064998,1.0722771906152322,1.2996211361870156,1.1012528292830817,1.0747197566032836,1.0599850802751511,14.670270176640274,1.55875221407319,2.767051532165486,1.1108603281997806,1.1893633715239589,1.7553779124752513,1.365276125794682,1.6016416801723024,3.322284385454956,5.4807353761075825,1.6016416801723024,32.710158582678645,2.7582854096442992,102.50501603553136,1.0321537869209487,null,1.5838406219590184,1.046486956213391,1.0059728229642686,1.0809997072027626,1.3749007224717453,1.040732348363067,1.0157436910767363,1.0846403563941198,1.0069511034315521,4.735186376351926,1.0683530334410476,null,1.1578131747333593,1.08900470096637,2.405854985716698,9.880659841456712,1.0185895695469243,null,12.193903760548114,1.2528907408585435,1.4493828200009629,1.3676775241238737,1.0541049189215947,null,null,1.0882145431080585,2.4595684132655853,1.0168894836266726,1.0851159290894428,1.2410513061101325,1.0967331386186159,1.0329297619114925,1.0874088287377046,14.05676625050075,1.377404496470524,1.0430265712312978,null,1.3720136691267915],"transport.cargo_vehicle_flow.roads.total":[411.0813661160672,3518.5941898141973,8248.036109841047,2044.2259171856492,6757.8916929815705,5000.093286967477,114908.54869134014,6278.407523363141,196.43546587470655,661.4854903887281,199.17574034553297,5028.130960814187,null,427.9726969466808,1220.6908438602677,1767.7665776691797,158.3669769078602,2602.337005443783,3201.3425976597227,5005.698049679586,6183.183211695864,6946.931136943044,4614.525314368223,null,47.40172001930887,4253.010788936612,2864.408926089028,162.61462679874194,9609.44874308822,23258.01606962464,222.87951466725968,6894.336738015524,12054.053104531184,61.53687827885124,3578.311408220902,360.7832291917495,12406.306916369314,5916.651579205635,2698.4966413066168,714.2990409953538,84.97331473900627,7000.936478461075,12917.026093882338,4562.841680709825,17493.905994073877,5213.452207370386,321.78092158742925,25194.702661928026,378.4058661008284,27297.178522957183,100.57320842643517,null,337.12565380229336,null,251.55925674043388,1245.7973528361356,674.6241603266542,586.3265441931361,796.7029613821319,563.9251905062105,699.8577709051899,360.7832291917495,7933.155071253568,null,5288.770047502378,5750.93355269996,3767.1159809252545,4791.905609806095,904.4863481791313,null,48570.699127579326,null,502.9880285622147,934.0244869926235,1148.1019038004379,null,null,347.2252616352957,4517.434111977393,475.94407098303975,null,951.8881419660795,3529.205259196609,240.52215279449968,6247.606830951198,8009.7371200928765,null,911.0177835059429,null,2416.337341487453],