{"municipalities_area_set":{"area_entities":{"id":[1,2,3,4,5,6,7,8,10,15,17,18,19,20,21,22,24,25,26,27,29,30,31,32,33,34,36,40,41,44,45,51,54,55,56,57,58,59,61,62,63,65,66,69,70,71,75,76,80,82,85,86,88,89,90,91,92,93,100,101,102,103,104,105,108,109,110,111,114,119,121,123,124,126,130,131,135,138,141,143,147,150,152,154,155,156,157,160,162,164],"transport.cargo_vehicle_flow.roads":[421.37577368648385,323.1887867905673,307.16361713102543,297.02025451492096,297.02025451492096,581.6731409904985,1518.897972028064,338.90441219939316,68.33418544457709,68.33418544457709,77.03500817922782,421.37577368648385,null,79.80798965112373,421.37577368648385,162.19423500074768,68.33418544457709,338.90441219939316,429.481564799788,277.5268255231749,338.90441219939316,396.5612867095003,558.380322665918,null,0.031741002713748336,429.481564799788,110.89287176650848,46.629322772095165,925.1994417766073,528.6740702427533,35.53050023070973,409.2544635268043,558.380322665918,46.629322772095165,475.1262565206138,79.80798965112373,489.16114440962497,445.8529283717753,263.13850271926674,581.6731409904985,46.629322772095165,421.37577368648385,328.18984340656823,581.6731409904985,296.98975153013464,242.30354712453453,262.0299805277477,420.900604281721,35.53050023070973,1487.98791017639,1.5354731161424513,null,35.53050023070973,null,68.33418544457709,421.37577368648385,277.5268255231749,77.03500817922782,77.03500817922782,77.03500817922782,68.33418544457709,79.80798965112373,558.380322665918,null,558.380322665918,409.2544635268043,270.01859511132153,216.03491786154171,87.78443384895841,null,1565.1543160900096,23.96190743665466,46.629322772095165,262.0299805277477,275.99135240703254,null,null,46.629322772095165,277.5268255231749,77.03500817922782,null,77.03500817922782,275.99135240703254,79.80798965112373,546.2462467191683,328.18984340656823,null,328.18984340656823,null,111.9189946918365],"transport.volume_to_capacity_ratio.roads.max":[0.5982034289820504,0.4572372720490243,1.094682604318114,0.48960433374493617,1.1355945423213243,0.8634770484963127,1.5746602469072752,0.847939099043363,0.31167524746301206,0.3091122490787637,0.3463173834965742,1.0342406367321622,0.2958432811442118,0.49348925038828023,0.5982034289820504,0.8066295968520674,0.31167524746301206,0.5821307900864087,0.7119341653433171,1.1378567122585017,1.430116585705781,0.6552761185806032,0.6787069613451215,0.14339609608353945,0.636995771056196,0.7675999322491821,0.7716420316806676,1.0437328373508916,1.0235835104201378,1.6030747070952946,0.5155549369208414,0.5070405884680089,0.7450905510460505,0.6333222464680272,0.559575348640759,0.6297651776299417,1.2254296206776722,1.5107211780795302,0.76316887418411,0.704779241896839,0.7404511816531082,1.0448743724227247,1.2317874439586172,0.9896732826649229,1.0648317387321702,0.8281742747670592,0.9896732826649229,1.0373264448479598,1.4305008318293198,1.0609877889809658,0.4293855030985962,0.14339609608353945,1.5269164531159585,0.6022660306516698,0.31167524746301206,0.5982034289820504,0.8508482404808223,0.512024952826248,0.4014562508566825,0.6245840369118885,0.32396135038369556,0.9233511344824653,0.5365467467143004,0.10560012485121274,0.6787069613451215,0.5264906566387132,0.6439793119866772,0.7316882352977184,0.41571605889026714,0.14339609608353945,1.3342573250737702,1.103309119633344,0.9958301478179215,0.8787846080260551,0.546286311640667,0.06730476262208643,0.14339609608353945,0.6367741276303105,0.9813284120810679,0.4055674379156076,0.6200920709147754,0.80544086551387,0.6394057625830065,0.5486870495226832,0.5808483849883154,1.0662620274118568,0.861987665980968,0.6763501782220827,0.02449760755897064,0.8289843477473803],"transport.delay_factor.roads.max":[1.0819525797980571,1.0279747446965177,1.9190366713331428,1.036775703328097,2.0643222970842094,1.3557813407856356,4.934843179739439,1.3308556986609,1.0060391638313315,1.00583851724128,1.0091997950710678,1.732261776971021,1.004897970248039,1.0379569022734492,1.0819525797980571,1.2709421585108656,1.0060391638313315,1.0734957551361026,1.1644141963439227,2.0728284380466677,3.6771071102241986,1.117998730742487,1.135802945188046,null,1.105372229825298,1.222187531974794,1.2269046924445046,1.7595167619567793,1.7025433022040946,5.226637694658931,1.0452147125245805,1.0422803052942848,1.1972596507919961,1.102962469027175,1.0627500779793337,1.1006687198494627,2.4432230915617903,4.333628832432915,1.2171013737140646,1.1579037305931705,1.192382558490548,1.7628449640207509,2.4734081420210305,1.6139702934834665,1.8228182647905766,1.301069608794105,1.6139702934834665,1.7410402072162743,3.679985428510498,1.8110012364626904,null,null,4.478893014782939,1.0842041406773857,1.0060391638313315,1.0819525797980571,1.3354195672965676,1.0439890394636482,1.016622841042389,1.09739653249273,1.0070485203672725,1.465208372736543,1.0530408209914006,null,1.135802945188046,1.0491748051255247,1.1100696630505054,1.1834358694490468,1.0191091779353094,null,3.0283287991844476,1.948350343337815,1.6293917616392517,1.3816890846999759,1.0569982140464145,null,null,1.1052256487880738,1.5935228808130368,1.017309498673128,1.0946247371912434,1.269348534046347,1.1069759514830366,1.0580067873591865,1.0728502621070402,1.8272480386026269,1.3533329834647478,1.1339264660611115,null,1.302249294919127],"transport.cargo_vehicle_flow.roads.total":[409.03576115413387,2905.4097305284863,8370.560736369067,2031.8342965697652,5417.780249559623,7429.192566363976,96072.73668863656,6208.9507258885515,195.02387616403297,656.7320406599088,197.74445896039407,5028.790406144187,null,514.9318817289653,1214.7672709300516,1756.281543476278,157.22894822185802,2571.3240718281763,4582.251930947066,4021.8977028246773,6184.112785520689,9446.470604344902,3872.260030821177,null,0.015870501356874168,5627.21511745484,3165.9197715449004,161.7479916317178,5007.0185453192325,20729.442875088214,269.74163936468295,5099.765952282548,9380.943711568962,61.202671649050046,2955.263249469136,435.12389207784156,13444.837514878722,7860.35601609634,1969.6732490381173,1061.3132237662821,84.51733303509764,6965.9479521526255,10060.859825157968,6671.97873615221,19859.999723651585,3734.860751286314,524.0599610554954,22526.308728261436,468.4222782679464,19590.756606421863,1.5354731161424513,null,410.0545171275514,null,249.75154621902533,1239.4472959947516,530.768542500092,582.113188355419,790.9778358415763,559.8728113038927,694.8285770987372,513.3026708559134,6627.759416310518,null,4418.506277540346,4783.657930783784,2697.4693451712565,2248.182054557178,898.2585259122512,null,36142.108687184125,292.4135191205943,500.3022031289801,1062.4072805511762,1058.4661387678993,null,null,345.356006578868,1875.9743454880213,472.52392610001596,null,945.0478522000318,3266.3180106944574,290.08259471856104,5270.85070812089,6342.464358784335,null,902.0549430035319,null,1152.4217103143933],