{"municipalities_area_set":{"area_entities":{"id":[1,2,3,4,5,6,7,8,10,15,17,18,19,20,21,22,24,25,26,27,29,30,31,32,33,34,36,40,41,44,45,51,54,55,56,57,58,59,61,62,63,65,66,69,70,71,75,76,80,82,85,86,88,89,90,91,92,93,100,101,102,103,104,105,108,109,110,111,114,119,121,123,124,126,130,131,135,138,141,143,147,150,152,154,155,156,157,160,162,164],"transport.cargo_vehicle_flow.roads":[419.1517454925997,321.48554833384253,304.8758195850178,295.06128693648213,295.06128693648213,580.071334248806,1530.4079374316334,336.75342175938005,67.84268267142,67.84268267142,76.48092357422469,419.1517454925997,null,79.4285533859072,419.1517454925997,161.15097740262232,67.84268267142,336.75342175938005,427.3296310720818,274.2907061337161,336.75342175938005,413.5206369058732,555.7091657023313,null,0.017355992808620088,427.3296310720818,109.94091195854327,46.38697365497515,872.360279213087,525.356451090173,35.43479574474825,388.70560133212683,555.7091657023313,46.38697365497515,472.47721105178715,79.4285533859072,548.0190338327352,426.0191790658779,260.0067985481228,580.071334248806,46.38697365497515,419.1517454925997,326.3420328732521,580.071334248806,295.08258716307114,218.15408726694955,261.95485484412006,418.34385856487023,35.43479574474825,1463.8960102768865,0.006729576987682231,null,35.43479574474825,null,67.84268267142,419.1517454925997,274.2907061337161,76.48092357422469,76.48092357422469,76.48092357422469,67.84268267142,79.4285533859072,555.7091657023313,null,555.7091657023313,388.70560133212683,271.8557795879164,218.15408726694955,87.18233627029511,null,1558.9477831584047,24.15232913607313,46.38697365497515,261.95485484412006,274.28397655672853,null,null,46.38697365497515,274.2907061337161,76.48092357422469,null,76.48092357422469,274.28397655672853,79.4285533859072,543.758057406704,326.3420328732521,null,326.3420328732521,null,111.32324368105216],"transport.volume_to_capacity_ratio.roads.max":[0.5978425181117349,0.4563103598032673,1.0988602852248572,0.4900566483222829,1.1372558948881324,0.8631781142487939,1.5761381143910012,0.8550514752574099,0.31191666676987706,0.30951264270763856,0.3468213628664329,1.0356508017369939,0.2964064061422982,0.4943826284058822,0.5978425181117349,0.8083119463824687,0.31191666676987706,0.5849674032793302,0.7125169511214555,1.137352651507847,1.4544591123888535,0.6637449813997967,0.6778876129442827,0.1431867130240942,0.6137049255379852,0.7648929195843074,0.7729331584904424,1.045734542735141,0.9608113090841597,1.6037248651200096,0.5153730791090972,0.5056460791566739,0.7436246116580576,0.6336638357563433,0.5590719973251496,0.6308327367165771,1.2141392631364012,1.4984059140795039,0.7615062728725839,0.7046102949931321,0.7410556569207049,1.043442914259596,1.2551863704333515,0.9847495172130688,1.0643426023234062,0.8248102591127169,0.9847495172130688,1.0231349718920153,1.4301139958101823,1.020839062291051,0.426487546518351,0.1431867130240942,1.528872882446432,0.6026625373513382,0.31191666676987706,0.5978425181117349,0.8505336595156654,0.5127758437717167,0.4021132439285793,0.6278517787240602,0.32420913058217526,1.0037036719855106,0.5354153232386597,0.10592294617596973,0.6778876129442827,0.5252018329424465,0.5079762033882325,0.817115831499176,0.4162579254075392,0.1431867130240942,1.3315692819823346,1.1033373701694495,0.9952830303164539,0.8736846425810093,0.5458573116337827,0.06709120953923314,0.1431867130240942,0.6376747735712643,0.9783408823432848,0.406221177401594,0.6205363598669189,0.8073693717710875,0.637451488332051,0.5497245916288241,0.5802655750824864,1.0652284436704373,0.8609225972567771,0.6772594236696319,0.021798852304371025,0.8287330440437162],"transport.delay_factor.roads.max":[1.0817541610587809,1.0277473357575881,1.9331466127361574,1.0369117907821834,2.070564308981856,1.3552889130583268,4.949635878061412,1.342096803725838,1.0060576294265184,1.0058711534192628,1.009256611482159,1.7362636455042226,1.0049400599589355,1.0382325075093126,1.0817541610587809,1.2732096052820412,1.0060576294265184,1.0749387834501805,1.164953212330329,2.07092868573893,3.864085915734256,1.1242181267126643,1.1351483557788213,null,1.090785901321149,1.219079291517481,1.2284271540356257,1.7653600503431315,1.5454216826709495,5.233498646555778,1.0451509497834706,1.0418375794451933,1.1957018785611229,1.1031847845491298,1.0625246016977505,1.1013530599101695,2.390765755551655,4.226249037285901,1.2152156825028078,1.157752376785723,1.1930115424474708,1.7586732138499066,2.5885936896762933,1.6018428151270194,1.8213074415276338,1.296207595348715,1.6018428151270194,1.7013126818700797,3.6770877176539516,1.6950388708368913,1.0211741210205842,null,4.496757255171499,1.0844333071046224,1.0060576294265184,1.0817541610587809,1.3349237886031666,1.0442476495396522,1.0167341063717399,1.099450847815696,1.0070703348359877,1.6495342044563799,1.052594842510718,null,1.1351483557788213,1.0486950601218017,1.042614112231417,1.2853083445568638,1.0192091481495094,null,3.0120327494607215,1.9484474781630714,1.628009728494245,1.3729054936160978,1.0568193814806073,null,null,1.1058222327484994,1.5863281990632618,1.0174330569201675,1.0948962190014409,1.271937470948783,1.105674093691176,1.0584467861442337,1.072558316763802,1.824045119748744,1.3515899097643795,1.1346480910914156,null,1.3018829582780618],"transport.cargo_vehicle_flow.roads.total":[407.02567472478256,2890.76931327988,8335.631500721449,2019.580829306365,5373.6327294383955,7397.528354558553,96885.57275857855,6169.537380311299,193.62114083700973,652.0084075748659,196.32215547754495,5004.0152705657,null,511.30649959773655,1208.9509534065307,1744.887493354382,156.09805797170213,2555.3047230524116,4556.877602519177,3988.8373501987235,6180.182814851136,9638.959092907739,3854.110835029437,null,0.008677996404310044,5595.200251182427,3144.3039355701126,160.88917222071132,4753.841587104517,20678.716860777848,268.9985818298209,4936.770731158639,9332.856287256089,60.872474492165736,2921.0463509061838,431.8779462118293,13795.325958989004,8373.73957319978,1951.28512286196,1056.789764936936,84.06596131965331,6931.562541089122,10005.923771090607,6641.580535137751,19185.632890098113,3685.9846903305443,523.9097096882401,22406.319040920614,467.1275721701454,19286.224107203954,0.006729576987682231,null,408.9297106730111,null,247.95517480158188,1233.2030949421649,526.2575174371564,577.9262613509251,785.2886219101798,555.8458511875058,689.8309295773541,499.8954417107409,6596.803338654212,null,4397.868892436141,4638.846298630239,2856.138010871053,2537.685336930358,892.0734517835481,null,35783.05129179301,293.2059861877387,497.64142935655843,1057.3020980061374,1052.5015757203378,null,null,343.5065956972086,1853.0901767531366,469.1252345293146,null,938.250469058629,3247.9016012544903,287.9186308078862,5243.191164017586,6307.179571162593,null,896.9567954381362,null,1146.6711726283418],