{"municipalities_area_set":{"area_entities":{"id":[1,2,3,4,5,6,7,8,10,15,17,18,19,20,21,22,24,25,26,27,29,30,31,32,33,34,36,40,41,44,45,51,54,55,56,57,58,59,61,62,63,65,66,69,70,71,75,76,80,82,85,86,88,89,90,91,92,93,100,101,102,103,104,105,108,109,110,111,114,119,121,123,124,126,130,131,135,138,141,143,147,150,152,154,155,156,157,160,162,164],"transport.cargo_vehicle_flow.roads":[416.95591070581577,319.82241646160634,295.9630261689767,293.1154356488328,293.1154356488328,574.0028648936753,1508.5257256677303,334.6188514952412,67.35349278117147,67.35349278117147,75.92944634578745,416.95591070581577,null,79.04056876828056,416.95591070581577,160.1153394590782,67.35349278117147,334.6188514952412,425.16170215331897,275.5550650823094,334.6188514952412,411.8364730631355,553.094542736283,null,0.040143178777475474,425.16170215331897,115.6373257574362,46.14750584213962,885.9400712724141,522.0650996544442,35.36147895675084,386.84672436684144,553.094542736283,46.14750584213962,469.87192325682395,79.04056876828056,481.6895056851194,439.745139431142,261.37114780843507,574.0028648936753,46.14750584213962,416.95591070581577,324.4764227119136,574.0028648936753,293.18942879646204,228.45050164735693,257.42964187658174,415.82409563225946,35.36147895675084,1458.7921095215397,2.9497174147493412,null,35.36147895675084,null,67.35349278117147,416.95591070581577,275.5550650823094,75.92944634578745,75.92944634578745,75.92944634578745,67.35349278117147,79.04056876828056,553.094542736283,null,553.094542736283,386.84672436684144,265.192413725886,211.7690435956937,86.58307200463639,null,1552.8952444975175,17.695900439490995,46.14750584213962,257.42964187658174,272.60534766756007,null,null,46.14750584213962,275.5550650823094,75.92944634578745,null,75.92944634578745,272.60534766756007,79.04056876828056,541.3306285621705,324.4764227119136,null,324.4764227119136,null,110.7727287203504],"transport.volume_to_capacity_ratio.roads.max":[0.5971486392474673,0.4554124775913926,1.0995058167388567,0.4906281704238558,1.1404738920656623,0.8620852728270773,1.5784097738587948,0.8543278476119666,0.31196744190124115,0.3095277337421158,0.346972826401155,1.033458509363641,0.29604408420745765,0.5161970704936517,0.5971486392474673,0.8077880352254736,0.31196744190124115,0.5845241394958482,0.7120220344045352,1.1379980262066989,1.4449722447755249,0.6613552567150595,0.6768812830100581,0.1429159778805126,0.6398313455680342,0.761705763509519,0.8369764725496484,1.061713382115856,0.9662644117643097,1.6115001553574535,0.5150665222727628,0.5044036626707288,0.7422405607588007,0.6358577409494085,0.5578011208394704,0.646540640735847,1.2246708572781784,1.5144924974196936,0.7619254228214987,0.7037925899324327,0.7433646514158779,1.0415626601704027,1.1130075734292137,0.9830516577106846,1.075850680903242,0.8258784588844614,0.9830516577106846,1.0235600070583886,1.4293775881443422,1.022963382305646,0.42739753523887497,0.1429159778805126,1.52559922346465,0.6017093897705947,0.31196744190124115,0.5971486392474673,0.849497427609468,0.5130068444563295,0.40237497026302377,0.629596390886398,0.3242300687635532,0.9511683821732025,0.534134370236721,0.10582203554263216,0.6768812830100581,0.5240381240269816,0.5055319065488381,0.8109728050526609,0.4161215674599417,0.1429159778805126,1.3283362596080246,1.1039114188652197,0.9968923329506616,0.8718531115624616,0.5431620708322318,0.06719705487864157,0.1429159778805126,0.6543681822395709,0.9759113031408497,0.40635225462768754,0.620562338003378,0.8080683626714597,0.635415201714728,0.568798195747175,0.5789673676017647,1.0660609369763774,0.8604620555901459,0.6778936510885216,0.02176617109642606,0.8278850791197725],"transport.delay_factor.roads.max":[1.0813874176606857,1.0275330519681702,1.9353412741138045,1.0370842837969736,2.0827329788206494,1.3534930487545491,4.972455308832329,1.3409402107635697,1.0060516411252503,1.0058723003538288,1.0092757201619047,1.7300492449293772,1.0049202564650561,1.0454403968989148,1.0813874176606857,1.2725019653256968,1.0060516411252503,1.074711899619373,1.1644953813558576,2.0733614888801544,3.790088600609938,1.1224388419625824,1.1343476254824092,null,1.1072610450578058,1.2154412900330316,1.3140747150943992,1.8132220381187902,1.557909699364311,5.316198215518122,1.0450436179260438,1.0414278981584704,1.1942489621582468,1.1046212308358858,1.0619580162717193,1.111831278798062,2.4396519416742097,4.367041575136248,1.2156899118102114,1.157021359698952,1.1954283640184917,1.7532195478771746,1.9821378580776363,1.597702859389714,1.8574088664621713,1.2977450353983517,1.597702859389714,1.702478777676321,3.671577931086715,1.700842332651503,1.0213554155748445,null,4.466903951116926,1.0838932712364244,1.0060516411252503,1.0813874176606857,1.3332945762695216,1.0443274360303114,1.0167800561683282,1.1005608401747455,1.0070730624989632,1.5238531934936368,1.0520933243087154,null,1.1343476254824092,1.0482649107064153,1.041799805293246,1.2768248911000075,1.019200066244915,null,2.9925631071495147,1.9504228670397037,1.6320813807440004,1.369788381132601,1.0557054536891572,null,null,1.1173461028085352,1.5805255870900816,1.0174525251482118,1.0949121109420061,1.2728804287357,1.1043302809289948,1.0669904375604005,1.0719111640552903,1.826624159628691,1.3508381956276612,1.135153171067689,null,1.3006492990700533],"transport.cargo_vehicle_flow.roads.total":[405.0453739451421,2876.428834813378,8510.82856961421,2007.4368983112786,5361.192066330088,7381.201784758116,95402.90392442196,6130.431602222961,192.22500641386793,647.3070026659908,194.9065449811771,4986.237662966933,null,527.5833162080064,1203.2255850747526,1733.563322789219,154.9724893939231,2539.41176211791,4571.260204682567,3928.2653385448384,6088.087169308826,9598.80934453651,3836.3700566316434,null,0.020071589388737737,5602.992802005603,3219.220890654835,160.04047975299147,4839.03224480153,20869.33076819757,268.3542935913373,4926.403610783919,9286.446696654657,60.54614732652136,2905.767373519,448.5427474397259,13148.592456014672,7723.099732496019,1950.951507792999,1054.457397822588,83.61990024759118,6897.68189382809,9952.024213783834,6635.421881410831,19368.17279907388,3730.9435837670385,514.8592837531635,22081.112472587716,465.98562926917305,19429.56805424236,2.9497174147493412,null,407.9575733546417,null,246.16725663603384,1227.0466585960999,519.6176946616151,573.7590369248028,779.6261799247084,551.8378408873459,684.8567996720792,528.9440353661597,6566.551027790721,null,4377.700685193814,4630.296077530835,2722.254543805786,2339.6271499395907,885.920645073418,null,35869.209054527215,240.8546244330481,495.0120109748551,1047.8009577510118,1033.3359544937316,null,null,341.6789217325555,1846.2070187261522,465.74253630814155,null,931.4850726162832,3189.887201201985,299.02849829315056,5216.040373476211,6272.046868970871,null,891.8274815222633,null,1141.5788777465598],