{"municipalities_area_set":{"area_entities":{"id":[1,2,3,4,5,6,7,8,10,15,17,18,19,20,21,22,24,25,26,27,29,30,31,32,33,34,36,40,41,44,45,51,54,55,56,57,58,59,61,62,63,65,66,69,70,71,75,76,80,82,85,86,88,89,90,91,92,93,100,101,102,103,104,105,108,109,110,111,114,119,121,123,124,126,130,131,135,138,141,143,147,150,152,154,155,156,157,160,162,164],"transport.cargo_vehicle_flow.roads":[414.78317975480843,311.9220185128766,312.6196576074201,291.1799083397928,350.80822564073577,493.30731881365546,1510.6915087063273,332.49734417441533,66.86605630136239,66.86605630136239,75.37994578520197,414.78317975480843,null,78.67012876002875,414.78317975480843,159.08574255543212,66.86605630136239,332.49734417441533,429.29522007299505,357.7440184180193,332.49734417441533,409.84886713828917,538.599136786199,null,0.035677147415137944,429.29522007299505,96.80318774955555,45.91039227451541,863.0247990166189,518.7947019576316,35.277912294434806,385.3587698329184,538.599136786199,45.91039227451541,455.3749298423535,78.67012876002875,483.1280382386368,429.54779958351634,350.80822564073577,493.30731881365546,45.91039227451541,414.78317975480843,322.65492951872994,493.30731881365546,291.3073795317878,228.9677974958252,171.9841547784956,413.3097710910019,35.277912294434806,1454.060539133583,86.818518597702,null,35.277912294434806,null,66.86605630136239,414.78317975480843,357.7440184180193,75.37994578520197,75.37994578520197,75.37994578520197,66.86605630136239,78.67012876002875,538.599136786199,null,538.599136786199,385.3587698329184,278.1247409418595,224.97668828295238,85.98595569060205,null,1535.054240925467,14.780425772144177,45.91039227451541,197.63447493015286,270.92549982031727,null,null,45.91039227451541,357.7440184180193,75.37994578520197,null,75.37994578520197,270.92549982031727,78.67012876002875,532.6827322817566,322.65492951872994,null,322.65492951872994,null,98.29537055946163],"transport.volume_to_capacity_ratio.roads.max":[0.5961803825093319,0.44835201457371776,1.0988744574423555,0.4942447565937217,0.9286606037741144,0.8812584004333457,1.5807807301687709,0.8528568599341472,0.311719382415014,0.3093294542770544,0.3468028454516942,1.0331857111243372,0.2964043771454361,0.5111498514527844,0.5961803825093319,0.8069744059687771,0.311719382415014,0.583366723108458,0.7116823650535372,1.2233670602270301,1.431377764392441,0.6590304681008405,0.6700854873441975,0.1426232152940169,0.6508054102443328,0.7584756019187749,0.8369249408928358,1.0629906019352586,0.9862340567880172,1.6179757772089567,0.5143280417468312,0.5030089968666505,0.7290465044673099,0.6347987161160032,0.5544533281899235,0.64152794806564,1.297955285215634,1.5273773631919267,0.6313302283377029,0.7231105100159886,0.742025543711263,1.0393128164454175,1.246321621874018,0.9222530284536751,1.0641467292900748,0.8310676162390264,0.9222530284536751,1.024969680992534,1.4270728847936187,1.0569232215477844,0.42859089829488667,0.1426232152940169,1.5253675399629414,0.6017871323305247,0.311719382415014,0.5961803825093319,0.8877894833618881,0.5126522338911088,0.4022219617765635,0.6300136188860209,0.32395916008922065,0.9827336132384497,0.5269081653825998,0.10576949092412567,0.6700854873441975,0.5226913360856229,0.5069049388794029,0.8082876769566211,0.415781038300775,0.1426232152940169,1.3264573976574068,1.0868359378141728,0.9957292391041455,0.8069921956371712,0.5482119709276667,0.0703832160276238,0.1426232152940169,0.6548155221142369,0.990798366822755,0.4061694254568892,0.6203344560274945,0.8075909712478491,0.6332412804303539,0.5638390811900431,0.575537577012007,1.0633124981132434,0.8709202100322659,0.6754750907043128,0.02173722767850004,0.8234082681531121],"transport.delay_factor.roads.max":[1.0808519873471814,1.025859351225474,1.9331947535699898,1.0381898767194375,1.4760012158949338,1.3860051094814834,4.996377514514971,1.3385981353719192,1.006033140856325,1.0058634180981902,1.0092578928506764,1.7292787164372492,1.0049321298629967,1.0436890830359848,1.0808519873471814,1.2714057331039723,1.006033140856325,1.0741219066808299,1.164181716511416,2.433531052490949,3.6865630645038268,1.1207263156395213,1.1290330082596383,null,1.1148112889154327,1.2118099877587678,1.3139973733945731,1.8171422639059487,1.6054802147630367,5.385994027071368,1.0447858464486672,1.0409716058213156,1.1808010307271242,1.1039259810442656,1.0604839231520071,1.1084032488854012,2.8164309734048723,4.48309542679582,1.1016731572866916,1.1749841326751127,1.1940239747613808,1.7467325894460595,2.5441891330165434,1.4629992996160766,1.8207030211968385,1.305299021859087,1.4629992996160766,1.7063566690559753,3.6543891377757154,1.7986449196364278,1.0215949274772802,null,4.464798440095638,1.083936636634359,1.006033140856325,1.0808519873471814,1.39757581554115,1.0442049995641387,1.0167612685898764,1.100827668408362,1.0070502007021804,1.5969297408792544,1.0493319124391924,null,1.1290330082596383,1.0477706532167266,1.042255774345058,1.2731767944759351,1.0191266403550354,null,2.9813134993564487,1.8929680827622501,1.6291366921962196,1.2714296663420783,1.0578144187389857,null,null,1.1176673130719463,1.6167669621553469,1.017410432763405,1.0947727737811883,1.2722361496841923,1.1029007534633624,1.0646845666151354,1.0702174083975955,1.8181325058672446,1.3682081936487318,1.1332346935029272,null,1.2941987806353188],"transport.cargo_vehicle_flow.roads.total":[403.0896377548585,2802.084954561537,8621.13254220468,1995.3810704443815,6133.375355600279,6754.315024670281,93453.15639349906,6091.657410802535,190.83387617564742,642.6224490711179,193.49600847810302,4944.229472466788,null,470.3315303075601,1197.5753712646253,1722.2937155398508,153.85095520797006,2523.6195947090455,4547.8741915634055,4619.286475657916,6150.074760315668,9555.602013284864,3752.444743990065,null,0.017838573707568972,5573.055800807502,2938.533998726645,159.20005853964153,4829.934986501516,20186.623145298603,267.5653258929402,4888.247422668682,9033.384605747893,60.22298008524562,2854.6287761609237,391.6614015475314,12977.863950356434,7673.10237703517,2386.9284747157726,964.9021463814686,83.17817622250332,6864.217383832545,9668.10869553466,6174.265637486315,19283.106273749818,3749.096653955886,343.9683095569912,22201.730543912992,464.57482719701085,19398.376247834927,86.818518597702,null,406.7595616243445,null,244.3857469315739,1220.9624552645255,618.448337228371,569.606749141808,773.9840339124119,547.8441965568061,679.9004986129783,450.4470121545378,6427.691214407733,null,4285.127476271822,4595.912516357124,2797.592810891777,2356.3211368678235,879.7926091102564,null,35508.19811846966,166.79395561813746,492.4082015700423,957.399061883516,1063.259637261338,null,null,339.8689987953784,2575.5096305385964,462.37196274140797,null,924.743925482816,3279.144908975583,261.1076010316876,5110.232172839845,6173.892680621578,null,886.8040451143243,null,1054.4608029908152],