{"municipalities_area_set":{"area_entities":{"id":[1,2,3,4,5,6,7,8,10,15,17,18,19,20,21,22,24,25,26,27,29,30,31,32,33,34,36,40,41,44,45,51,54,55,56,57,58,59,61,62,63,65,66,69,70,71,75,76,80,82,85,86,88,89,90,91,92,93,100,101,102,103,104,105,108,109,110,111,114,119,121,123,124,126,130,131,135,138,141,143,147,150,152,154,155,156,157,160,162,164],"transport.cargo_vehicle_flow.roads":[412.6298169182422,316.4102347881384,293.942794188489,289.25281030749966,352.97139588398477,483.2231694285764,1524.5172445343233,330.3865789534204,66.38001435569993,66.38001435569993,74.83201732134512,412.6298169182422,null,78.28680374091883,412.6298169182422,158.06110207270422,66.38001435569993,330.3865789534204,421.050871152592,356.98329708763623,330.3865789534204,408.1371137554298,543.4355970136677,null,0.05586822849727134,421.050871152592,115.43813162023987,45.67524861587346,875.4789244015518,515.5415662170111,35.21702752860281,383.62068351994833,543.4355970136677,45.67524861587346,460.20040570516846,78.28680374091883,546.0182743992723,412.3162902657687,352.97139588398477,483.2231694285764,45.67524861587346,412.6298169182422,320.8065248758427,483.2231694285764,289.43444746533106,232.70540758952467,169.5323325853386,410.82742935494093,35.21702752860281,1449.2519360753624,87.7111945195279,null,35.21702752860281,null,66.38001435569993,412.6298169182422,356.98329708763623,74.83201732134512,74.83201732134512,74.83201732134512,66.38001435569993,78.28680374091883,543.4355970136677,null,543.4355970136677,383.62068351994833,261.225660203365,208.35040444289876,85.39054769985478,null,1536.5969022390364,6.388560674898554,45.67524861587346,196.31392251878103,269.2721025681082,null,null,45.67524861587346,356.98329708763623,74.83201732134512,null,74.83201732134512,269.2721025681082,78.28680374091883,536.4471473340132,320.8065248758427,null,320.8065248758427,null,105.1506949636622],"transport.volume_to_capacity_ratio.roads.max":[0.5958154498736603,0.45277027991950686,1.098511877413084,0.49414873196868864,0.9322539267669697,0.8804295095437862,1.5770528868633185,0.8511217585550928,0.31111747962482145,0.30885558383157397,0.34618928315719116,0.8173191834674164,0.29130486971707964,0.5484314395349659,0.5958154498736603,0.8056692429201644,0.31111747962482145,0.5818194455452621,0.7426086504640103,1.2214359225665794,1.4334107605808222,0.6558872012956877,0.67179027808659,0.14218526830852526,0.6197105062239464,0.7587742579931258,0.837132520562403,1.0761706944779508,0.9872958540699537,1.7354940012448055,0.5131205931720386,0.5012714442938356,0.7379722073175189,0.6333717606424318,0.5548063090250066,0.6990600245622678,1.2936238289148356,1.51771601405389,0.6341152974771503,0.7223025973564052,0.7403699611042551,1.0384844729246991,1.0745989284832103,0.9232486109350414,1.0652868063185803,0.8251553146907441,0.9232486109350414,1.025308909822051,1.4238993904753556,1.0713704590137578,0.4304195493188838,0.14218526830852526,1.5227011755241373,0.6307603993307628,0.31111747962482145,0.5958154498736603,0.8867372688059761,0.5119568986029185,0.4015924171774213,0.6303759885226553,0.32333780580739635,0.9597546534518938,0.5288490966765411,0.1056112442503716,0.67179027808659,0.5209677709098273,0.5018514089463553,0.7998119190707678,0.41516041997992226,0.14218526830852526,1.323376764061292,1.081345044449157,1.0212608824911789,0.8077213056214133,0.5407773608156624,0.07032977023536024,0.14218526830852526,0.6556819621626601,0.9833653396803976,0.40549393627171076,0.6236444964300242,0.8069086852553541,0.6307405998330685,0.6089142247142242,0.5758598494225197,1.071459491373941,0.86904116544023,0.7073188765700984,0.021659045309381078,0.8585320844905063],"transport.delay_factor.roads.max":[1.0806542052700083,1.0268962430822384,1.9319637108392125,1.038160206399503,1.4834113682097467,1.3845548879045735,4.958813157114712,1.3358510781472892,1.0059973412163548,1.005824191684929,1.0091903871382193,1.285592464251052,1.0046086205600806,1.0578987712764247,1.0806542052700083,1.2696541519489393,1.0059973412163548,1.073338648509812,1.1946345743301547,2.4245009000264233,3.701858592268287,1.11843950928642,1.1303511396002157,null,1.0943920482181444,1.212143792626567,1.3143090081479647,1.85842947249526,1.6080919121357775,6.805938636857418,1.0443667638967837,1.0404084167143544,1.1898191388726553,1.1029946719038313,1.060638093474248,1.1528402873747203,2.792305350100663,4.395799501823205,1.1034791601181384,1.1742034213246695,1.192298162129935,1.7443548182980628,1.8534254439241187,1.4650017910025142,1.8242257285497425,1.2967035748165303,1.4650017910025142,1.7072922500149206,3.630856683504598,1.8432156209435415,1.021965845655191,null,4.440635816994465,1.1013065794154393,1.0059973412163548,1.0806542052700083,1.395694324783042,1.0439656574537175,1.0166408570447996,1.1010598438366175,1.0069967112149985,1.5430263200658103,1.0500618669299748,null,1.1303511396002157,1.047143671502588,1.0405957495998475,1.2618975654870255,1.0189999944210433,null,2.962971499030331,1.8750586279458437,1.6961883691836508,1.2724119333154231,1.0547335959388402,null,null,1.118291331278326,1.5984661086715684,1.0172919609137723,1.0968118123708763,1.2713173298068963,1.1013054350359925,1.0879841519791953,1.0703796611204555,1.8434959454002282,1.365040768252852,1.1601920532148977,null,1.347701123384526],"transport.cargo_vehicle_flow.roads.total":[401.1545770379697,2829.8407002538434,8090.156291075893,1983.3982191046427,6038.8636434129085,6748.99233681643,93164.41598579548,6052.894267621779,189.44672589932958,637.9512977762786,192.08950745739452,4939.95200717187,null,525.4294911712574,1191.9884912336365,1711.0684148760076,152.73262968157312,2507.910448124478,4559.236660939909,4433.883610771367,6027.568545343487,9515.150491906688,3783.08383005671,null,0.02793411424863567,5577.902470479161,3201.2334320401947,158.3665565583157,4857.552610565231,21854.79031524854,267.1735342062414,4863.375186281309,9147.70423595518,59.90245575633699,2866.7437784821127,447.1426874303386,13209.306757829481,8199.732928903228,2345.8897114607425,964.1417624023472,82.74008006427373,6831.103049525756,9789.456717249308,6181.0724969008,19204.059749154912,3647.6032742749885,339.0646651706772,21832.82171407071,463.9130133552772,19278.62437033514,87.7111945195279,null,406.1786828277735,null,242.60933404735277,1214.9389709941815,596.8728897437356,565.4663408699698,768.3580298295781,543.8619778655426,674.9583773113515,571.0970296359552,6479.296466086085,null,4319.530977390723,4578.531261493758,2644.7926513792863,2245.0741114492635,873.684451107643,null,35509.62174151147,79.19179382474799,489.8258146811577,950.0327497685165,1018.3233904484155,null,null,338.07392382732667,2498.4467443969547,459.01103223613416,null,918.0220644722683,3143.8263176665027,298.09512495355904,5143.788166134102,6186.492890540632,null,881.726141362104,null,1110.346515240163],