{"municipalities_area_set":{"area_entities":{"id":[1,2,3,4,5,6,7,8,10,15,17,18,19,20,21,22,24,25,26,27,29,30,31,32,33,34,36,40,41,44,45,51,54,55,56,57,58,59,61,62,63,65,66,69,70,71,75,76,80,82,85,86,88,89,90,91,92,93,100,101,102,103,104,105,108,109,110,111,114,119,121,123,124,126,130,131,135,138,141,143,147,150,152,154,155,156,157,160,162,164],"transport.cargo_vehicle_flow.roads":[410.493309179045,314.77741797032263,292.1495639324597,287.3330518444273,344.30659522878943,486.61380779183554,1509.346240630248,328.2851657390633,65.89518733818593,65.89518733818593,74.28545847943148,410.493309179045,null,77.92680616763285,410.493309179045,157.0407768244438,65.89518733818593,328.2851657390633,418.99035421169293,348.91262928151605,328.2851657390633,406.2713945763255,541.8604399190277,null,0.050441843991951146,418.99035421169293,115.9164812124736,45.44181933514605,873.5677675649368,512.3034580705878,35.13594082494772,382.09887979908433,541.8604399190277,45.44181933514605,458.60609085390894,77.92680616763285,466.1316240066956,415.1821857143842,344.30659522878943,486.61380779183554,45.44181933514605,410.493309179045,319.01625932044044,486.61380779183554,287.5694531046149,228.91989443209746,174.3775498399338,408.3356942826824,35.13594082494772,1447.225979911639,81.30544383304834,null,35.13594082494772,null,65.89518733818593,410.493309179045,348.91262928151605,74.28545847943148,74.28545847943148,74.28545847943148,65.89518733818593,77.92680616763285,541.8604399190277,null,541.8604399190277,382.09887979908433,258.66625171181107,206.0615993518377,84.79662801260528,null,1531.7976596596643,5.94704739678133,45.44181933514605,194.98735703402974,267.6071854484676,null,null,45.44181933514605,348.91262928151605,74.28545847943148,null,74.28545847943148,267.6071854484676,77.92680616763285,534.0990857834289,319.01625932044044,null,319.01625932044044,null,105.54453175323478],"transport.volume_to_capacity_ratio.roads.max":[0.594004840001987,0.4515767008395985,1.0957154130942546,0.493749000845633,0.927625010657262,0.8771869707115441,1.5746396886950949,0.8483349601681553,0.31013189427020027,0.30795864142953655,0.34518177443525555,0.8151731922734281,0.2838085437706683,0.5506646957505843,0.594004840001987,0.8033892851874748,0.31013189427020027,0.5796001123239688,0.7405685995591141,1.2190307874874307,1.4439224685150749,0.6530909401205042,0.6701004199521181,0.1416572415406772,0.6277799935065941,0.754026674402153,0.8429968375565621,1.0691833442060172,1.00332549761508,1.734052625598044,0.5122547521458651,0.4992379191895627,0.7361525075842711,0.6318210163763663,0.5529109928915854,0.7008960718011421,1.295988534743512,1.5220654806205036,0.6300227892932878,0.7198113219532607,0.7384813065936874,1.0350673785587459,1.187920341454148,0.9239380340467983,1.0715072907770085,0.8199440097985478,0.9239380340467983,1.0202387992051853,1.4218267649025373,1.0412895654483407,0.4277583370353753,0.1416572415406772,1.5227413025726866,0.6277076502323308,0.31013189427020027,0.594004840001987,0.8847001111003522,0.5106072340774765,0.4004800194169361,0.6290447777181029,0.32232449076902975,1.0385446917540597,0.5274371735106927,0.1051943549624801,0.6701004199521181,0.5189010919988346,0.5003878861987426,0.8028521429888943,0.4140152441406256,0.1416572415406772,1.3196581481405012,1.0714836576498847,1.0187995354486736,0.8081604868221793,0.5386058725268696,0.07032067821927682,0.1416572415406772,0.6515336808802243,0.9789278099623858,0.40433539336342894,0.6224631835516171,0.8048566958907006,0.6279674271195621,0.6110184381175828,0.5739739456302067,1.067043291436996,0.8659408869603367,0.7061740547814066,0.021549885671698247,0.8572119064531384],"transport.delay_factor.roads.max":[1.079669344556206,1.026613750393614,1.9225099458311354,1.0380368805887032,1.4738815194772583,1.3789209897674142,4.9346376960308485,1.3314739725673241,1.0059209978939678,1.0057527060539526,1.0090795990451509,1.2826047975321868,1.0041522341430862,1.058847620846334,1.079669344556206,1.2666147147769835,1.0059209978939678,1.0722260422894982,1.1925046166704831,2.4133140314390262,3.781989404302079,1.1164326040045272,1.1290445104560924,null,1.0994053729013744,1.206883956347883,1.3232092307544194,1.8363512545281335,1.648555834428664,6.786674683493666,1.044068062632645,1.039756691110834,1.1879538201293227,1.101989683787501,1.0598137281286049,1.1544523348375926,2.8054464507580956,4.434893848943165,1.1008335390812731,1.1718124645726014,1.1903434774879562,1.7346059808355163,2.2744689238818174,1.4663922821143163,1.84364647391239,1.2892789042081907,1.4663922821143163,1.693405554263389,3.615572213722548,1.7524298905514968,1.0214276184669884,null,4.440998509347327,1.0993595602455333,1.0059209978939678,1.079669344556206,1.3920706215977614,1.0435038635087508,1.0164633071639795,1.1002088824628673,1.0069084723138941,1.7445274855875619,1.0495293827340086,null,1.1290445104560924,1.0464000354717369,1.0401242680957876,1.2659024003041486,1.0188037861289543,null,2.9410009524275678,1.8435720466269434,1.6895010423158106,1.2730048893788086,1.05385974726709,null,null,1.115326061184469,1.5877364690124818,1.0170988334593545,1.0960803667819667,1.2685679720349157,1.0995241422429907,1.089206651313217,1.069462224889037,1.8296752461387764,1.3598594886346695,1.1591574613178437,null,1.3455673897725982],"transport.cargo_vehicle_flow.roads.total":[399.2375076804494,2819.7035052872366,8030.414063662636,1971.478891178849,5950.348732251371,6756.054115773177,92692.44945269337,6014.276969934769,188.0630429943608,633.2918226613341,190.68652217786055,4917.745612277062,null,526.1457930561911,1186.4567215427526,1699.8816974173212,151.61709956239008,2492.2735765272087,4537.499586265927,4356.82739865614,5952.213750320009,9473.610998658336,3769.7390170263975,null,0.025220921995975573,5549.662060151676,3200.715546849342,157.53907629617265,4844.849593932106,21838.683138892597,266.50783912525276,4846.443696847291,9111.400096551684,59.58423152896904,2854.00237263967,448.2189868885582,12725.885779485288,7500.242169364962,2302.408138949145,965.1505879675967,82.30514119654207,6798.293432066236,9748.10096439793,6179.488898613615,19082.18076216324,3612.9165160543826,348.7550996798676,21840.708310840946,462.74379660061015,19228.582562165935,81.30544383304834,null,405.1711262241429,null,240.83736154947198,1208.968324539944,586.1551161867941,561.3362821134372,762.7460887114423,539.8897132731479,670.0286095161168,589.71772643594,6455.75715421474,null,4303.8381028098265,4593.69919984699,2637.6918428171602,2234.733086433923,867.5936076193261,null,35484.41770999459,79.81861754333744,487.2620715412871,949.9660159299244,1009.6993447074913,null,null,336.2917708830797,2432.599753174092,455.65850283515266,null,911.3170056703054,3117.4473669398876,298.8126579257055,5121.097661413689,6155.75690850466,null,876.783566058717,null,1108.9146050118375],