{"municipalities_area_set":{"area_entities":{"id":[1,2,3,4,5,6,7,8,10,15,17,18,19,20,21,22,24,25,26,27,29,30,31,32,33,34,36,40,41,44,45,51,54,55,56,57,58,59,61,62,63,65,66,69,70,71,75,76,80,82,85,86,88,89,90,91,92,93,100,101,102,103,104,105,108,109,110,111,114,119,121,123,124,126,130,131,135,138,141,143,147,150,152,154,155,156,157,160,162,164],"transport.cargo_vehicle_flow.roads":[408.33905573013084,313.18069192174005,296.61628963992047,285.3970658593194,346.3581378652946,478.3436142728954,1491.8171121240903,326.16603712833376,65.40623904454836,65.40623904454836,73.73425360950385,408.33905573013084,null,77.58674300206154,408.33905573013084,156.0118418472993,65.40623904454836,326.16603712833376,416.89054616259057,352.4140517942684,326.16603712833376,404.8877584516301,531.765999946621,null,0.011036486524010658,416.89054616259057,106.95076635041764,45.20644660810606,855.9345150199557,509.0380742253177,35.02811567783721,380.09345453531495,531.765999946621,45.20644660810606,447.88964820262083,77.58674300206154,477.47632437966496,424.8599010637409,346.3581378652946,478.3436142728954,45.20644660810606,408.33905573013084,317.2641450356128,478.3436142728954,285.68872332327487,229.37503856342087,167.5897643990421,405.80273627139275,35.02811567783721,1439.6079149081222,86.50868731213117,null,35.02811567783721,null,65.40623904454836,408.33905573013084,352.4140517942684,73.73425360950385,73.73425360950385,73.73425360950385,65.40623904454836,77.58674300206154,531.765999946621,null,531.765999946621,380.09345453531495,265.62996697177186,213.29816350745412,84.1976597060793,null,1517.8512524304954,7.083480145248373,45.20644660810606,193.63994700565513,265.9053644821373,null,null,45.20644660810606,352.4140517942684,73.73425360950385,null,73.73425360950385,265.9053644821373,77.58674300206154,531.765999946621,317.2641450356128,null,317.2641450356128,null,99.57098190034202],"transport.volume_to_capacity_ratio.roads.max":[0.591626468926801,0.4455598024775178,1.0894854959786984,0.4910363807496295,0.9230542833499312,0.8747808675090611,1.5777435974927463,0.8443080221173191,0.3086731474961757,0.3066260209418586,0.3435802181581851,0.8121662198896176,0.2841950789290784,0.5467140465955466,0.591626468926801,0.8002896275610647,0.3086731474961757,0.5770347666954759,0.7380296466944911,1.210277546500898,1.4387254727795293,0.6500645670666891,0.6635386709208592,0.14146227630650934,0.6496170079081091,0.7525186849995041,0.8405635543076477,1.0692826217444473,0.9810345068259527,1.7317749357866616,0.5113061166115628,0.49708680535006855,0.7251545482769944,0.6306933094805114,0.5504767646546515,0.6964908668286163,1.2920144653775332,1.5291760164993422,0.6317299328885023,0.7179502099556596,0.7372522781234585,1.0308390343668807,1.274122078881253,0.9156569235351065,1.0698981643009622,0.8188880386304752,0.9156569235351065,1.0169861784170253,1.4197572238473868,1.0760792563835344,0.4390914032109297,0.14146227630650934,1.5171600949085848,0.6264651106937116,0.3086731474961757,0.591626468926801,0.8979816024380118,0.508532164936642,0.39866976901004775,0.626569226140849,0.32082923221894644,1.0521025702033298,0.5211334307165463,0.10474252060762039,0.6635386709208592,0.5166739469752659,0.49790917169798105,0.7994965250919914,0.41237410532491275,0.14146227630650934,1.3157672511900058,1.0827394962922594,1.0152394533907407,0.8038503957609601,0.44326613120551883,0.07009379207298039,0.14146227630650934,0.6510135980295675,0.7087589195654135,0.40251183999105283,0.6204549043862109,0.8016587961618266,0.6253952520903088,0.6069044799610862,0.5715612110560921,1.062949963927049,0.8692647491800691,0.7038218196396471,0.021451391820874615,0.8505510737153517],"transport.delay_factor.roads.max":[1.078411147684075,1.0252234207838644,1.901707715799315,1.0372078567328875,1.464610415815284,1.3747805789304737,4.965753168503696,1.3252247861525752,1.0057998457900688,1.0056646269314322,1.0089080810643187,1.2784579761558177,1.0041749010624095,1.0571769392088062,1.078411147684075,1.2625238268402232,1.0057998457900688,1.0709557991609624,1.1898782433537198,2.373155999376659,3.742153143619267,1.1142893999946464,1.124063756851988,null,1.1139749791246558,1.2052459597748924,1.3194936247901312,1.8366619307449163,1.5928121660677865,6.756331188755715,1.0437425328242036,1.039075893347088,1.1769710693337834,1.101263485023623,1.0587673277912772,1.150605793058653,2.7834029395707303,4.49953132881084,1.10193088506257,1.1700424216668703,1.1890795094091857,1.722675606762443,2.686646774520518,1.4498949396189031,1.8385901240279252,1.2877915802834026,1.4498949396189034,1.6846051728427596,3.600377037327179,1.8581377598432363,1.023782442345098,null,4.390826890388609,1.0985751690424277,1.0057998457900688,1.078411147684075,1.4161498383470734,1.042800977134039,1.016167139735955,1.0986407162306104,1.0067808637207252,1.7841737497516226,1.0472036639845543,null,1.124063756851988,1.0456085458835485,1.0393351199566134,1.261484708076851,1.0185074045942433,null,2.9182105058452734,1.8795811047413398,1.6799139008234303,1.2672273430465444,1.024714157772371,null,null,1.1149582685150699,1.1615005938870655,1.016799810607274,1.0948464021283422,1.264324989001593,1.0979035169915776,1.0868283098235563,1.0683016137900063,1.8170173140530885,1.3654165786796293,1.1570474467840983,null,1.3349512189525488],"transport.cargo_vehicle_flow.roads.total":[397.30461889415096,2773.1467565074113,8354.255270152084,1959.4594593008037,5999.545500671242,6678.950436839358,91662.8115044467,5975.417036515197,186.6675980812678,628.5927396391442,189.27161081020571,4885.9303291800015,null,498.61564803225644,1180.879419846473,1688.600268499784,150.49208687008456,2476.504979573779,4513.478973825151,4438.547201586517,5981.111547293412,9437.794587120205,3719.9524599342785,null,0.005518243262005329,5519.16611677016,3063.1878052186016,156.7047047298335,4915.93609313646,21356.544537047077,265.7197763618609,4823.342647718368,8983.510213200288,59.26335654511626,2822.5266101631773,421.0289050301949,12588.645814843867,7533.9993172860295,2333.183479567924,954.135776691337,81.86657984916928,6765.212958036547,9597.825207918728,6117.064097435596,19018.49400667074,3647.9574895327946,335.1795287980842,22013.604203955798,461.3833213680474,19043.95088787523,86.50868731213117,null,403.9734382791135,null,239.05032638452982,1202.9482935184328,596.4352639662033,557.1711157578486,757.0864432408229,535.8836824123114,665.0569361884441,545.4481811183416,6377.577689821349,null,4251.7184598809,4546.298383911769,2671.823830210812,2238.361388178722,861.4510630117576,null,34928.696523266364,99.05923866480362,484.67697692602314,938.2037293136792,1019.8531533081442,null,null,334.49477436518225,2487.8705786912105,452.2774752299153,null,904.5549504598307,3147.39773494317,280.6859366867966,5061.970606129715,6093.546452812883,null,871.9186238057162,null,1066.9404169076452],