{"municipalities_area_set":{"area_entities":{"id":[1,2,3,4,5,6,7,8,10,15,17,18,19,20,21,22,24,25,26,27,29,30,31,32,33,34,36,40,41,44,45,51,54,55,56,57,58,59,61,62,63,65,66,69,70,71,75,76,80,82,85,86,88,89,90,91,92,93,100,101,102,103,104,105,108,109,110,111,114,119,121,123,124,126,130,131,135,138,141,143,147,150,152,154,155,156,157,160,162,164],"transport.cargo_vehicle_flow.roads":[406.1327655958373,311.45680107557325,296.31443098455827,283.4215928057227,343.6363157792096,476.9392818324452,1507.3365766840561,324.0024574429074,64.90791332438138,64.90791332438138,73.17247730853192,406.1327655958373,null,77.19772987353099,406.1327655958373,154.9615340865665,64.90791332438138,324.0024574429074,414.772280760479,349.0263081683646,324.0024574429074,402.4158057311369,529.2953961697748,null,0.03214013041851858,414.772280760479,106.25310542454886,44.96550693673824,873.1629323309284,505.7036202456038,34.96125563402436,379.037159973074,529.2953961697748,44.96550693673824,445.4586921736539,77.19772987353099,460.6017743595306,401.2473158298063,343.6363157792096,476.9392818324452,44.96550693673824,406.1327655958373,315.37728711108593,476.9392818324452,283.768880751332,227.99140290812062,167.67921563082885,403.25863609249245,34.96125563402436,1435.3895078484595,84.81925193742119,null,34.96125563402436,null,64.90791332438138,406.1327655958373,349.0263081683646,73.17247730853192,73.17247730853192,73.17247730853192,64.90791332438138,77.19772987353099,529.2953961697748,null,529.2953961697748,379.037159973074,261.191173420498,209.1388643169529,83.58720392457691,null,1512.0714748995406,9.569962301615275,44.96550693673824,192.28604330356424,264.20801089338175,null,null,44.96550693673824,349.0263081683646,73.17247730853192,null,73.17247730853192,264.20801089338175,77.19772987353099,529.2953961697748,315.37728711108593,null,315.37728711108593,null,99.11889978840034],"transport.volume_to_capacity_ratio.roads.max":[0.58885114708737,0.44347176257040116,1.0863462234335788,0.49024253014352287,0.9208639129255454,0.8701952633379404,1.5726276503526608,0.8398862371949738,0.30690955825897676,0.30516437304826227,0.341549332490207,0.808770243398331,0.2885956168494878,0.5438843744234008,0.58885114708737,0.7971166444651172,0.30690955825897676,0.5748689430242565,0.7350554536509982,1.2070346821458326,1.4392313840053972,0.6460990587536916,0.6606340235940336,0.14072123056972674,0.6480834468326121,0.7478293866220467,0.8333268658697048,1.0712417075872367,1.003218033290481,1.7277509650646017,0.5094035962638195,0.49438336371496333,0.7217501419162148,0.6276897669664924,0.5478681563054119,0.6933708819572812,1.2884672608754886,1.5030196338547055,0.6293410272117528,0.7145226856269753,0.7335615540005519,1.0260163289212125,1.3168571968524776,0.9117651653953229,1.057320613675898,0.812786568914007,0.9117651653953229,1.0163662312835753,1.4148810255176787,1.0289138811677023,0.43714229270319016,0.14072123056972674,1.5178496291701309,0.6258207062463239,0.30690955825897676,0.58885114708737,0.8952520845466007,0.5059475803715774,0.396347945309739,0.6240322998112983,0.31904486534378246,0.9672971882098241,0.5187838830382725,0.10419453553472666,0.6606340235940336,0.5138684206478811,0.49475964934307043,0.7937764210444747,0.4106658400405213,0.14072123056972674,1.3114638984378182,1.0780664807830334,1.010455262931464,0.8003546596348713,0.44118232423112935,0.06998741204399583,0.14072123056972674,0.651622456619467,0.705356751901243,0.40042578997865436,0.6183906119865975,0.7980035248837496,0.6219764480285015,0.6039792617415947,0.5689659926825326,1.0576513033931803,0.8653465894401593,0.7019059529112414,0.02130938568423204,0.848598055281334],"transport.delay_factor.roads.max":[1.0769510927744759,1.0247539130923404,1.8913597302119152,1.0369678262276685,1.4602160813614158,1.3669837498589854,4.914565850180512,1.3184650906290183,1.0056684765344608,1.0055469631874134,1.0087057107498052,1.2738297503931912,1.0044395494443445,1.056002356455954,1.0769510927744759,1.258385111029304,1.0056684765344608,1.0699008870253073,1.186835926714826,2.358497895666623,3.7460121646512636,1.1115260722527438,1.121905618106989,null,1.1129025341163583,1.2001658949050782,1.3086323939925852,1.8428103618865723,1.6482780166394617,6.703015486078987,1.0431011256320428,1.0382262145995749,1.1736710723026753,1.0993482377931394,1.057661270695469,1.1479252705228797,2.763898234409278,4.266168523436502,1.1003977898977988,1.166818442323171,1.1853216769552526,1.7092462762089966,2.9245743806962583,1.4422949254693447,1.799846725925768,1.2793097187926172,1.4422949254693447,1.6829373779516366,3.5648363719798692,1.717292152447965,1.0233706761185593,null,4.3969954833165055,1.0981702026268272,1.0056684765344608,1.0769510927744759,1.4111131208080907,1.0419374545801576,1.0157937921572078,1.0970528405981907,1.006629392405887,1.560298778107576,1.0463552791989852,null,1.121905618106989,1.0446187246229182,1.0383492668958383,1.2540813279269443,1.018203840608465,null,2.893238527779083,1.8644943250188923,1.6671881666416368,1.2626091686934136,1.0242505772042076,null,null,1.1153889297627186,1.15842192480492,1.0164517486300568,1.093590447768484,1.2595369596277892,1.0957801986456335,1.0851663591620127,1.0670695219546649,1.8008478421395446,1.3588726150828743,1.1553444267544393,null,1.331885365539403],"transport.cargo_vehicle_flow.roads.total":[395.32236719297293,2759.4428685502758,8247.055456968024,1947.1781385385445,5937.782166890971,6649.091254913023,92029.6995376176,5935.758228168634,185.24539025209833,623.8035339876916,187.82956318383293,4861.749507118776,null,495.71096206296045,1175.1567031760544,1677.0926411973765,149.34549781887972,2460.403115296655,4488.597541238292,4404.224445980964,5931.286561407501,9388.488874960372,3702.8661464900556,null,0.01607006520925929,5487.552384293673,3045.3520506533296,155.8506507258815,4720.111667505418,21351.201271104957,264.95371184413904,4822.4639641497815,8938.25741761856,58.934926880516095,2808.277351191157,418.51323218942946,12695.922690926123,7300.671148938309,2306.204324818572,949.8701792732891,81.41768034888521,6731.290640683405,9545.148737932532,6088.08593137602,18928.42691510111,3584.085739109024,335.3584312616577,21478.688041623216,459.9849124202295,18621.93595578306,84.81925193742119,null,402.81100984365906,null,237.22901808440596,1196.7774999817832,591.5125943539567,552.9260666375778,751.3182527353317,531.8008208097359,659.9899122849229,546.2246463259255,6348.2423139897455,null,4232.161542659831,4516.63067816881,2636.699261835847,2216.6337223456003,855.1887997016404,null,34864.23947650658,114.2896451370068,482.03091330565644,933.252717524795,1013.3885941579479,null,null,332.65543136742974,2463.180063355877,448.8316036761978,null,897.6632073523956,3127.481550822783,279.00882145961964,5035.226601516301,6058.580611330339,null,866.731261458802,null,1062.6503697037815],