{"municipalities_area_set":{"area_entities":{"id":[1,2,3,4,5,6,7,8,10,15,17,18,19,20,21,22,24,25,26,27,29,30,31,32,33,34,36,40,41,44,45,51,54,55,56,57,58,59,61,62,63,65,66,69,70,71,75,76,80,82,85,86,88,89,90,91,92,93,100,101,102,103,104,105,108,109,110,111,114,119,121,123,124,126,130,131,135,138,141,143,147,150,152,154,155,156,157,160,162,164],"transport.cargo_vehicle_flow.roads":[403.873544497526,309.72687145310744,293.80741879995423,281.4067431962776,342.1763849475299,474.4717112196056,1479.650175485505,321.79439331609206,64.40031287581553,64.40031287581553,72.60024535094513,403.873544497526,null,76.81291212945354,403.873544497526,153.8898637555193,64.40031287581553,321.79439331609206,412.5877231338784,346.56232507849427,321.79439331609206,400.58572714448644,526.7898721593225,null,0.030485763119269323,412.5877231338784,105.63381160199368,44.718917506195616,820.3042341732312,502.299972473611,34.87467803432248,377.2573088152072,526.7898721593225,44.718917506195616,442.828757562105,76.81291212945354,472.4678100733147,420.60482817802506,342.1763849475299,474.4717112196056,44.718917506195616,403.873544497526,313.48550548079317,474.4717112196056,281.809938186065,228.97303246987042,166.7541213633795,400.6411947608881,34.87467803432248,1430.244460006207,84.10356930865238,null,34.87467803432248,null,64.40031287581553,403.873544497526,346.56232507849427,72.60024535094513,72.60024535094513,72.60024535094513,64.40031287581553,76.81291212945354,526.7898721593225,null,526.7898721593225,377.2573088152072,259.4982241237709,207.73217498479858,82.96538647470418,null,1505.9673911477353,7.635388886980283,44.718917506195616,190.89641185946124,262.4587557698418,null,null,44.718917506195616,346.56232507849427,72.60024535094513,null,72.60024535094513,262.4587557698418,76.81291212945354,526.7898721593225,313.48550548079317,null,313.48550548079317,null,98.65154662755089],"transport.volume_to_capacity_ratio.roads.max":[0.5860089822132954,0.4415079377674332,1.0832502932105952,0.4881573449372031,0.9191237734745178,0.865622460814437,1.562853068481883,0.8352393408932638,0.305066658208304,0.30344727728677545,0.3395022878504597,0.8048754466728658,0.2887699072028823,0.5419389240617222,0.5860089822132954,0.7931278896573749,0.305066658208304,0.5708559603229648,0.7323566899297422,1.2056401428002586,1.4305317323248719,0.6417757521299348,0.6574209440402443,0.13993392216970932,0.6132313229105795,0.7429867127362917,0.8297377991652258,1.070492018743297,0.9705730286219332,1.7251459051499198,0.5068879983090692,0.49180470888381694,0.718614902226089,0.6250731700241782,0.5443031142235105,0.6904898516656667,1.2821994364600842,1.5147262193124829,0.6264272458858458,0.7108541173506759,0.73037180735011,1.0210918413375696,1.1874576544935658,0.9059989489058373,1.0591647850533354,0.8086901089705141,0.9059989489058373,1.0125493489028488,1.4080613237952841,1.040943223968335,0.4349600720519913,0.13993392216970932,1.5116776557324991,0.6242251676304242,0.305066658208304,0.5860089822132954,0.8915203602083134,0.5032531610729286,0.3940228523755654,0.6205503965361971,0.31716497138997446,0.9751101458378453,0.5162062890677939,0.10360794489761692,0.6574209440402443,0.5111771980760254,0.4919679640230896,0.7883520471244929,0.40854493930418967,0.13993392216970932,1.306564356402534,1.0714368544412363,1.0060806705922047,0.7959269717935303,0.43897268078854296,0.06973254114529702,0.13993392216970932,0.6506026714305734,0.7016020592349539,0.39816126591630285,0.6154696708634053,0.7937763181814405,0.6184643444794309,0.6016836561405593,0.5654805325835845,1.0551876477074644,0.8621897272201319,0.6989348277997677,0.021169698987031353,0.8442993941410265],"transport.delay_factor.roads.max":[1.0754782880665434,1.0243153585190738,1.881242096532162,1.0363428755378712,1.4567472820865366,1.3593304664717873,4.818146368857134,1.3114753926319764,1.0055440599976762,1.0054298087099303,1.0084992016306085,1.2685930002693806,1.0044502837982814,1.055205373571425,1.0754782880665434,1.2532519866711205,1.0055440599976762,1.0679651271257036,1.1841071208677056,2.352230641999116,3.6802169993262357,1.1085653636240989,1.1195512487071835,null,1.090505983764725,1.1950312311744207,1.3033496332758852,1.8404535359618328,1.567927433900639,6.6686977394582945,1.0422501259405648,1.0374412814784828,1.170673011036447,1.0977019892965167,1.0561750219155686,1.145481970241463,2.729825522910549,4.3691205118568615,1.0985513388792874,1.1634187585574127,1.1821193021955885,1.6957275456223504,2.2724844954417374,1.4312119118089457,1.8054416914577922,1.2737212403212412,1.4312119118089457,1.6727361553635636,3.5157428804814166,1.7514293323822299,1.0229074919028076,null,4.342079288894221,1.0971728795727553,1.0055440599976762,1.0754782880665434,1.404301206650214,1.0410512154180436,1.0154294584448058,1.0949048055863686,1.006477547717674,1.5786216439285794,1.045443642999393,null,1.1195512487071835,1.0436984332863861,1.037491020944197,1.247207004868088,1.0178295061816987,null,2.8651046254523136,1.8434246648487715,1.655709075446653,1.2568460327621584,1.0237774727677635,null,null,1.114668291763414,1.1550755728485327,1.016092071280578,1.0918346553489622,1.2540811962245129,1.0936350919863067,1.0838789205219417,1.0654411025049064,1.7934120067902468,1.353664403558436,1.1527308262775093,null,1.3252114924793694],"transport.cargo_vehicle_flow.roads.total":[393.28961436012924,2744.893169705669,8156.174335057134,1934.6335125763003,5918.989080167474,6612.98042871241,91205.36167004539,5895.268814742269,183.79671260447782,618.9251926969052,186.36067648507924,4837.061707639198,null,493.0754989067722,1169.284912942991,1665.3599496301133,148.17756870513205,2443.9674209186846,4464.517358614967,4369.6996053682515,5892.452025746549,9346.03156013975,3684.8461417154253,null,0.015242881559634661,5456.655028742514,3028.500173720933,154.97662722090269,4583.424647482161,21223.416994509796,264.27079753141663,4807.895507750838,8890.320224120695,58.598833974406176,2792.7255805874033,416.2625867773187,12643.987635422465,7447.067591916001,2301.454084310516,944.7114898160586,80.95829272750399,6696.507374259594,9490.050790106063,6054.938089205298,18863.490534549754,3545.6070499763423,333.508242726759,21429.81192483645,458.7922389941883,19239.6624755328,84.10356930865238,null,401.7790230046137,null,235.37381199588657,1190.4527732177844,587.3848500955735,548.602009599319,745.4427059403168,527.6419698874815,654.8285820500327,547.0358847816465,6317.454020812122,null,4211.636013874748,4529.564906149988,2606.3910272684357,2175.6024755098692,848.8078676416924,null,35135.061814229244,91.78469201259276,479.32299281451265,927.1686264489994,1006.5625615738421,null,null,330.77312914412124,2445.4504231118244,445.3215983211036,null,890.6431966422072,3106.469397921516,277.5083911848791,5007.408915045527,6022.82705886399,null,861.5121634124973,null,1057.2577635831917],