{"municipalities_area_set":{"area_entities":{"id":[1,2,3,4,5,6,7,8,10,15,17,18,19,20,21,22,24,25,26,27,29,30,31,32,33,34,36,40,41,44,45,51,54,55,56,57,58,59,61,62,63,65,66,69,70,71,75,76,80,82,85,86,88,89,90,91,92,93,100,101,102,103,104,105,108,109,110,111,114,119,121,123,124,126,130,131,135,138,141,143,147,150,152,154,155,156,157,160,162,164],"transport.cargo_vehicle_flow.roads":[401.5608533709389,307.6832873431469,291.5424038774334,279.3528369916489,340.14658355306784,472.79769538151413,1477.0495870823288,319.5420591754082,63.883584314155364,63.883584314155364,72.01772302021189,401.5608533709389,null,76.28982891012018,401.5608533709389,152.79695821111878,63.883584314155364,319.5420591754082,410.4354946488088,343.46501104221954,319.5420591754082,397.2830230260164,524.003919537447,null,0.25428938891618375,410.4354946488088,104.73084692246951,44.46663252374479,861.3261394395334,498.82739775478154,34.92707926218253,376.7074153056453,524.003919537447,44.46663252374479,439.9497989613169,76.28982891012018,465.58188670976284,414.5521577035086,340.14658355306784,472.79769538151413,44.46663252374479,401.5608533709389,311.2597421968854,472.79769538151413,279.8121232498075,227.5941583621625,166.5820219585959,398.09841190665463,34.92707926218253,1429.550872007255,82.66035836682278,null,34.92707926218253,null,63.883584314155364,401.5608533709389,343.46501104221954,72.01772302021189,72.01772302021189,72.01772302021189,63.883584314155364,76.28982891012018,524.003919537447,null,524.003919537447,376.7074153056453,255.8925839695598,204.41963472232743,82.33238696220232,null,1499.4836336451392,6.287056482696838,44.46663252374479,189.54036415030492,260.8028424606181,null,null,44.46663252374479,343.46501104221954,72.01772302021189,null,72.01772302021189,260.8028424606181,76.28982891012018,524.003919537447,311.2597421968854,null,311.2597421968854,null,98.1914766908308],"transport.volume_to_capacity_ratio.roads.max":[0.5830239075769741,0.438842142403892,1.0761439760171012,0.4862343855004258,0.9165791226434377,0.8614061830838056,1.5651944327215315,0.8311931994180036,0.30313378895067905,0.3018081233905995,0.33731486086790613,0.8011282622649633,0.2928314007507947,0.5388086478999211,0.5830239075769741,0.789478081494707,0.30313378895067905,0.5694469317146871,0.7280750209710279,1.2004547540987485,1.40387950284548,0.6372713364890034,0.6540296135586825,0.13909615714160767,0.6435284280544892,0.737816862213259,0.825787276310137,1.0716150510658464,0.9695044812642614,1.7220430597884486,0.505765288588576,0.48922261524690636,0.7141624284776873,0.6218191615475188,0.5417025739471093,0.6865284210256425,1.2828518426081748,1.5008589284377116,0.6272748662181074,0.707673790421809,0.7264566345688437,1.0159244425646665,1.2901379064711584,0.9025321422020571,1.0506215522952584,0.8145263186947477,0.9025321422020571,1.0105994991046967,1.4055950920219666,1.0139436513774627,0.4329783120562685,0.13909615714160767,1.5092281213287806,0.6229520695813099,0.30313378895067905,0.5830239075769741,0.8880605766289997,0.5003543820535004,0.39153236266474634,0.6170648211109234,0.3152069241447757,0.9340083256797561,0.5134171447035932,0.10326548756609984,0.6540296135586825,0.5084751309471366,0.48784330145325194,0.7761280939180716,0.40660216825304457,0.13909615714160767,1.3024178820326968,1.0673122942888773,1.000925879457483,0.792385542867784,0.43670389947542243,0.06949635593407621,0.13909615714160767,0.6507399241368041,0.6981118820070114,0.39576331880104976,0.61277278060141,0.7893397987322415,0.614806232153739,0.5982645199997693,0.5628632652127612,1.0471991659964714,0.8577450632086593,0.6951568464975286,0.020933161400329477,0.8404189009752909],"transport.delay_factor.roads.max":[1.0739478292081701,1.0237363141021745,1.8583210806751913,1.0357686765636782,1.451710116932517,1.3523805369672326,4.841142861314402,1.3054835994424254,1.005393479790472,1.0053067168986298,1.0082838793372446,1.263625967323586,1.0047082510025827,1.0539334985226043,1.0739478292081701,1.2486224159130312,1.005393479790472,1.0672898266553301,1.1798465215273894,2.329126906602294,3.4859895966800436,1.1055546849875975,1.1170950198136156,null,1.1097638048929745,1.1896593596064666,1.2976135649008111,1.843985903438341,1.5654476779266289,6.628024783675439,1.0418714651895065,1.0366589633490457,1.1664822620906812,1.0956833511400064,1.055118161205643,1.1421719950498668,2.7334180354492146,4.247316863591854,1.099092948904239,1.1605138157853583,1.1782455727685002,1.681750729454972,2.7730644282376065,1.4246495655848963,1.779767618858659,1.2817088304266049,1.4246495655848963,1.667589193661458,3.498117371943254,1.6764726112757495,1.0224903114453021,null,4.320517579721864,1.0963738880925975,1.005393479790472,1.0739478292081701,1.3980616492035325,1.0401104921658282,1.0150371944836563,1.0927809149472556,1.006316064566599,1.487079971198897,1.0444668863849735,null,1.1170950198136156,1.0427795769207209,1.0362352701221655,1.232227469800969,1.017490171567032,null,2.8415409285362307,1.8305352355670226,1.6423735452941675,1.2523051682793618,1.0232902115071913,null,null,1.1147650851835063,1.1520127771830293,1.0156981359976425,1.090231420940995,1.248448269659012,1.0914467041972298,1.081988504593974,1.0642482906652675,1.769656824593163,1.346427917006419,1.1494552556156978,null,1.319273753782674],"transport.cargo_vehicle_flow.roads.total":[391.2055812195066,2728.6796090282915,8108.933807894738,1921.8257179033699,5893.189192846705,6581.321015697474,91207.4177708072,5854.201881474686,182.3219835744323,613.9591248267967,184.86537498715262,4811.342864097192,null,489.05343128352285,1163.2614715070877,1653.4044895627478,146.9886368734661,2427.1992152829866,4439.562895201058,4338.112177235762,5871.327737306839,9283.998504399373,3664.9523269323704,null,0.12714469445809187,5424.74686328568,3007.3337818876616,154.0824776096727,4814.728659181183,20873.02220241825,264.554002291815,4789.448689761742,8840.390574830466,58.25501921603703,2777.3479995343687,412.76360237340265,12488.889960604238,7412.469238099456,2293.033150154297,940.1887165282105,80.48833547790943,6660.850152883045,9427.364404996917,6024.7225010848515,18770.17636987354,3554.675077863309,333.1640439171918,21709.71502932848,459.253846059265,19062.786751615997,82.66035836682278,null,402.25103164158094,null,233.48524397666534,1183.9720158099522,582.8617327146762,544.2001936036302,739.4614999486103,523.4083308879747,649.5744362823069,527.0919427385816,6283.434369704726,null,4188.956246469817,4482.737749893936,2575.977462061795,2169.9449837004604,842.3098973518918,null,34718.693838136176,73.53039041831254,476.5527315957885,921.8349389106517,1000.3991282661494,null,null,328.8475352577839,2425.356933151325,441.7484729945171,null,883.4969459890341,3087.4334655161556,275.17573491560177,4977.107542406135,5981.8627209398055,null,855.524363574765,null,1051.8906609962896],