{"municipalities_area_set":{"area_entities":{"id":[1,2,3,4,5,6,7,8,10,15,17,18,19,20,21,22,24,25,26,27,29,30,31,32,33,34,36,40,41,44,45,51,54,55,56,57,58,59,61,62,63,65,66,69,70,71,75,76,80,82,85,86,88,89,90,91,92,93,100,101,102,103,104,105,108,109,110,111,114,119,121,123,124,126,130,131,135,138,141,143,147,150,152,154,155,156,157,160,162,164],"transport.cargo_vehicle_flow.roads":[399.194467911538,305.87273435664315,290.34366966873034,277.2603766491556,337.7176605435457,468.70924190570406,1473.2041556444183,317.2458861539696,63.3579121344588,63.3579121344588,71.42511830268938,399.194467911538,null,75.8868106061285,399.194467911538,151.6830471307811,63.3579121344588,317.2458861539696,408.1386815225583,342.3979846205763,317.2458861539696,395.35759618398964,521.3628869166032,null,0.24809353197820322,408.1386815225583,104.27737487923669,44.208638951923085,848.2738286052972,495.2865047899287,34.830241227395184,374.8237817548129,521.3628869166032,44.208638951923085,437.3382021130714,75.8868106061285,460.1205804658915,409.5798239058001,337.7176605435457,468.70924190570406,44.208638951923085,399.194467911538,309.2854152106003,468.70924190570406,277.7758512350362,226.3241167579173,164.1159095606223,395.3712313098062,34.830241227395184,1421.214927169424,83.41683544985428,null,34.830241227395184,null,63.3579121344588,399.194467911538,342.3979846205763,71.42511830268938,71.42511830268938,71.42511830268938,63.3579121344588,75.8868106061285,521.3628869166032,null,521.3628869166032,374.8237817548129,257.47253943877143,206.29956371302353,81.68843139602528,null,1493.132301173217,6.157815269204682,44.208638951923085,188.09771436624942,258.98114917072206,null,null,44.208638951923085,342.3979846205763,71.42511830268938,null,71.42511830268938,258.98114917072206,75.8868106061285,521.3628869166032,309.2854152106003,null,309.2854152106003,null,97.69775121166671],"transport.volume_to_capacity_ratio.roads.max":[0.5798546747861526,0.4364469902207979,1.070333126102189,0.4845927806601236,0.9113392826089213,0.8565051435220127,1.5615823370821942,0.8260650696770815,0.30109491659966486,0.2999994730565864,0.3350628468305124,0.7968225885123885,0.2865204833408944,0.5389927453011458,0.5798546747861526,0.7853892601980361,0.30109491659966486,0.5659190561149626,0.7246165679881869,1.1958617854561076,1.4003447479350064,0.6330071041064583,0.6505754779980623,0.13821446967362508,0.6419320769046272,0.7325521199347493,0.8239849461794005,1.0640748355182974,0.9693286873810407,1.7170696303166249,0.5036306080631959,0.4863231203388409,0.7102572144701209,0.6191346105463074,0.538816928001388,0.6862010814422492,1.2733092332356368,1.4952550216881708,0.6210388219586106,0.703819462317995,0.7233228473025444,1.0104366142415842,1.2779695284145933,0.8956867842562607,1.0475287472347108,0.8058795159913644,0.8956867842562607,1.0113556121483696,1.4001552145141367,0.9907846127486467,0.4305059494174876,0.13821446967362508,1.50609036871808,0.6189976378182118,0.30109491659966486,0.5798546747861526,0.8840111290340257,0.4974795902200289,0.38898413263548165,0.6138787917117722,0.3131292715338812,0.9871461052475649,0.510670036510377,0.10260568022560523,0.6505754779980623,0.5054519443281644,0.48476488292086534,0.7742784943281059,0.4044177660051147,0.13821446967362508,1.2976934195435716,1.0656060526112845,0.995641056437663,0.7862462897296619,0.43425910827412784,0.06924145080927066,0.13821446967362508,0.6459768387615562,0.6941085595900133,0.3932534058878991,0.6098528370521478,0.7851280925075835,0.6109299269711158,0.5982801080120335,0.5599884953318436,1.0413910878295318,0.8535296625804438,0.6926470886635598,0.0207802724099847,0.8365887768252317],"transport.delay_factor.roads.max":[1.0723454678841482,1.0232260080976607,1.8399223577571404,1.035292931511361,1.4414691257311827,1.3444291305752114,4.80574360533922,1.2980142337102878,1.0052603810111689,1.0051849071085912,1.008062679405903,1.2580040493738545,1.0043079533643187,1.0540172518581374,1.0723454678841482,1.2435116855701922,1.0052603810111689,1.0656465810050517,1.176446485707328,2.308892338975785,3.4610466248022322,1.1027502971406826,1.11464912166716,null,1.108676660465153,1.184303716109193,1.2950238211074385,1.8204812568294304,1.5650205423221575,6.563443877771861,1.0411772301465145,1.0357945448533987,1.162870559812201,1.0940310962166884,1.0539457515642305,1.1419068758250372,2.682346803247201,4.199197505511794,1.0952039508315994,1.15704534278859,1.1751897556023536,1.667138914225513,2.7071118181697478,1.411912184946569,1.7706262074383416,1.2699357722729143,1.411912184946569,1.6695692940842173,3.4597145074205953,1.6167327155027467,1.0219967416165823,null,4.293061436274643,1.0939516567430998,1.0052603810111689,1.0723454678841482,1.3908507088510673,1.0391904417128501,1.0146433040691352,1.090888825744328,1.0061533193327215,1.607723064918039,1.0435295051696372,null,1.11464912166716,1.0417672265672981,1.0353430951131466,1.2300216748797883,1.0171237700340856,null,2.8149655392909496,1.8252141921760148,1.628894667165968,1.2445763222534558,1.0227555087454354,null,null,1.1114447965785839,1.1485557869224665,1.0153023250941373,1.0885279011655857,1.2431879446053113,1.089154973216467,1.0819970498960798,1.0629370985597435,1.7527233714385617,1.3396678550221752,1.1473085743755602,null,1.3134931893292547],"transport.cargo_vehicle_flow.roads.total":[389.06980788321505,2713.958849120161,8153.001134891618,1908.7562548602273,5850.633693025035,6533.480604551027,90696.32934415549,5812.095994897107,180.82172970575678,608.907103484269,183.34419257913328,4785.593178485576,null,486.8776014967519,1157.0847636213223,1641.2295663952125,145.77912682537726,2410.1014642848945,4414.573774998598,4317.7498781226495,5851.834151986012,9238.70775821891,3646.523295742254,null,0.12404676598910161,5392.66885521865,2992.47932091143,153.16816068658227,4712.909629166035,20806.86538659672,263.78427516160616,4748.743171921333,8791.477272509566,57.90346817246509,2761.405324771572,410.9907908906233,12452.503314745129,7339.5429566580915,2276.1372818441932,933.3543720787179,80.00778764842663,6624.3113940429785,9371.404546391152,5982.953804410114,18559.420086757007,3520.9067587492536,328.2318191212446,21320.307050027768,457.9080678684219,19179.104782991555,83.41683544985428,null,401.0863274904939,null,231.56398832944586,1177.3340836779682,579.8724598072836,539.7221902944216,733.376770316533,519.101415408465,644.2293509452587,538.8205687230987,6251.829273988286,null,4167.886182658857,4478.781555496694,2581.5334921545027,2171.7346436008943,835.6970216015443,null,34857.713810751906,82.02479069285178,473.720003162005,914.0204942688722,992.9112487148586,null,null,326.87856520397753,2418.2716077662308,438.11350346095594,null,876.2270069219118,3064.4126505069685,273.9938605937489,4948.516530911419,5944.962786526938,null,850.0791020368958,null,1046.6972792360968],