{"municipalities_area_set":{"area_entities":{"id":[1,2,3,4,5,6,7,8,10,15,17,18,19,20,21,22,24,25,26,27,29,30,31,32,33,34,36,40,41,44,45,51,54,55,56,57,58,59,61,62,63,65,66,69,70,71,75,76,80,82,85,86,88,89,90,91,92,93,100,101,102,103,104,105,108,109,110,111,114,119,121,123,124,126,130,131,135,138,141,143,147,150,152,154,155,156,157,160,162,164],"transport.cargo_vehicle_flow.roads":[396.7744439669354,304.1395390650275,288.3274463903309,275.130024247803,334.5733610360036,467.1742332286313,1469.8061475082393,314.9064956628059,62.823513607252174,62.823513607252174,70.8226761334223,396.7744439669354,null,75.52969729469514,396.7744439669354,150.54844991820488,62.823513607252174,314.9064956628059,405.7542476542426,338.549535815184,314.9064956628059,394.17781989523826,518.7446316128407,null,0.15470107821294476,405.7542476542426,103.59008204144153,43.944952861350366,844.6762379367761,491.6782027625275,34.66586254158334,372.15558901036087,518.7446316128407,43.944952861350366,434.41778822347703,75.52969729469514,454.4837485506218,403.9455185160352,334.5733610360036,467.1742332286313,43.944952861350366,396.7744439669354,307.396239325785,467.1742332286313,275.70170203139435,224.90781183954687,164.28190875745534,392.53434623666067,34.66586254158334,1414.4715044245133,81.48132038890975,null,34.66586254158334,null,62.823513607252174,396.7744439669354,338.549535815184,70.8226761334223,70.8226761334223,70.8226761334223,62.823513607252174,75.52969729469514,518.7446316128407,null,518.7446316128407,372.15558901036087,256.40729768966327,205.54116664203048,81.03378593552145,null,1486.3338650913815,6.297664051152173,43.944952861350366,186.60306489740722,257.06821542627415,null,null,43.944952861350366,338.549535815184,70.8226761334223,null,70.8226761334223,257.06821542627415,75.52969729469514,518.7446316128407,307.396239325785,null,307.396239325785,null,97.18330953753852],"transport.volume_to_capacity_ratio.roads.max":[0.5765422959201181,0.4341822055631231,1.0651716618286613,0.48298399303842565,0.9085704813527964,0.851439388037933,1.558057872395997,0.8201239068255616,0.2989552049060466,0.2981005085330557,0.33269152259236523,0.7923861278021769,0.2938738751436374,0.5342382465183544,0.5765422959201181,0.7811408393649035,0.2989552049060466,0.5615507609142235,0.721763370082913,1.1916438708058177,1.4077521884854842,0.6302349016470298,0.6468470317771606,0.13727885810816057,0.6141802715422663,0.7271212947627458,0.8183290087300257,1.0681483860635264,0.9921962865484601,1.7112866960637907,0.5015900620328589,0.4828266203703485,0.7066324054090444,0.6156102364254011,0.5355497339978992,0.6808028881393867,1.2691193074655376,1.4907902736042395,0.6176869101480497,0.6999213350075755,0.7191212391952766,1.0047069373101725,1.2976675558490716,0.8912995892559422,1.0473746156377135,0.8003828323641091,0.8912995892559422,1.0125786868344508,1.395058270864121,1.018177110874852,0.4282143275246773,0.13727885810816057,1.5031151237364486,0.6187568468016518,0.2989552049060466,0.5765422959201181,0.880323617850022,0.49443622577809276,0.38629532697174424,0.6105412182043484,0.31094843787073445,0.8027942829554997,0.5077519536293701,0.10194557420758968,0.6468470317771606,0.5018242829631777,0.4809319701183547,0.7785423052844702,0.4021296531179849,0.13727885810816057,1.2924645850297167,1.0643941528230294,0.9895150608005128,0.7826609067204542,0.43164696833204175,0.06908060317321744,0.13727885810816057,0.6475121660684838,0.6899613110459875,0.3906002114294474,0.6068439961415213,0.7806815285447063,0.6068465223427557,0.593318740651453,0.5567601713799468,1.0396001556588197,0.8494565373849988,0.6896512810754881,0.020654806911087537,0.8330683938803201],"transport.delay_factor.roads.max":[1.0707138799501827,1.022744063319626,1.8238694313928723,1.0348265877199274,1.436128497687049,1.3363527028968205,4.771501755039738,1.289532860787437,1.0051116947032743,1.0050555800194823,1.0078349458781324,1.2523059132810097,1.0047733567432235,1.052133859723573,1.0707138799501827,1.2382853542988006,1.0051116947032743,1.06364086211704,1.1736838047590799,2.290523472859535,3.5135343150868024,1.1009693998361352,1.1120434137437805,null,1.0910675016658904,1.1788988006292742,1.2870065184929982,1.8331176368867563,1.6202551274520287,6.488719922194133,1.040511252165775,1.0347812191365728,1.1595710759277087,1.0919185796333477,1.0526476760765489,1.1374882334474727,2.660312275229356,4.1611578055701255,1.0931651668163767,1.153594937486261,1.1711545453501924,1.652135102987683,2.814820850845468,1.4039008801208235,1.7701727530170868,1.2626461463385856,1.4039008801208235,1.672814127050123,3.4240934995635177,1.6878176129483649,1.0215191320529096,null,4.26699862774763,1.0938123563234792,1.0051116947032743,1.0707138799501827,1.3843699153560536,1.0382521007780818,1.0142476148160742,1.0889274358662735,1.0059829959861943,1.2658257562604818,1.0425296198204315,null,1.1120434137437805,1.0405869732144748,1.0342384870534986,1.2351304314941576,1.0167325602811186,null,2.7858894885289995,1.821466570307884,1.6135777589660791,1.2401455485682629,1.0222248420498816,null,null,1.11250496918403,1.1450370403822878,1.0148958765881453,1.0867937019208245,1.2377254012580354,1.0867951471669004,1.0793107832663809,1.0614968135409575,1.747558729754965,1.3332304088894977,1.1447765299448374,null,1.3082496595567221],"transport.cargo_vehicle_flow.roads.total":[386.8821196782427,2698.112928975187,8109.071519804726,1895.4278267024451,5802.201698305308,6503.19104393789,90003.55788910217,5769.148770798965,179.2965710825269,603.7712167679094,181.79775799526874,4759.024678862606,null,484.20137119793407,1150.7540347460356,1628.8393662754538,144.5495384748707,2392.678581391669,4389.176602004527,4273.359954121496,5817.8747852923325,9202.984110593912,3626.885292597548,null,0.07735053910647238,5360.049537726758,2974.028869419105,152.23373777528627,4668.954933187458,20738.234477939543,262.6165857817722,4703.0172633623315,8738.412770472174,57.54420565550715,2743.9231177052784,408.6716739032389,12374.638781810467,7223.149550520098,2256.0613182267502,929.0272919911272,79.51668208618233,6586.888358818817,9312.953390967308,5953.574761980867,18399.854753144165,3470.649285772388,328.5638175149107,20974.704218541294,455.9014464803777,18325.249770383096,81.48132038890975,null,399.3037816815,null,229.61083914651934,1170.5386833234209,574.2891683870203,535.1698505174735,727.191031981075,514.723003580808,638.7955352665191,529.787344031102,6218.444886315584,null,4145.629924210389,4436.265622953519,2569.4324639994147,2159.987530413985,828.9718091237326,null,34168.42468334825,78.21453586348004,470.8249985331623,908.6658588927978,985.6156959962208,null,null,324.86635474180775,2388.8609824237137,434.4181921239598,null,868.8363842479196,3041.957360700175,272.4477826021593,4918.722517743453,5907.987887889762,null,844.8040830139064,null,1039.8723679443312],