{"municipalities_area_set":{"area_entities":{"id":[1,2,3,4,5,6,7,8,10,15,17,18,19,20,21,22,24,25,26,27,29,30,31,32,33,34,36,40,41,44,45,51,54,55,56,57,58,59,61,62,63,65,66,69,70,71,75,76,80,82,85,86,88,89,90,91,92,93,100,101,102,103,104,105,108,109,110,111,114,119,121,123,124,126,130,131,135,138,141,143,147,150,152,154,155,156,157,160,162,164],"transport.cargo_vehicle_flow.roads":[394.3010877076835,302.5276763127644,288.2136378252322,272.96258192826633,321.3655158608828,474.9165176407507,1493.3562768742704,312.5246767570517,62.28063443135035,62.28063443135035,70.21067349544762,394.3010877076835,null,75.14496065536181,394.3010877076835,149.3935649230002,62.28063443135035,312.5246767570517,403.12749119137317,325.153196198474,312.5246767570517,391.9289890062028,516.2270892743375,null,0.07779479691522798,403.12749119137317,102.65091654633514,43.675616289668284,842.7392221038078,488.00366588939346,34.51632395182927,370.4345564442764,516.2270892743375,43.675616289668284,431.53790963895887,75.14496065536181,467.62010397977815,371.09958748476765,321.3655158608828,474.9165176407507,43.675616289668284,394.3010877076835,305.4260555862573,474.9165176407507,273.5904003743443,226.72681097887883,173.95368405103528,389.6620885159345,34.51632395182927,1408.5825173519502,70.01505510647955,null,34.51632395182927,null,62.28063443135035,394.3010877076835,325.153196198474,70.21067349544762,70.21067349544762,70.21067349544762,62.28063443135035,75.14496065536181,516.2270892743375,null,516.2270892743375,370.4345564442764,244.096270703441,193.54382067427824,80.36875156507898,null,1479.4351796231472,5.346766089498889,43.675616289668284,185.09137269453788,255.13814109199444,null,null,43.675616289668284,325.153196198474,70.21067349544762,null,70.21067349544762,255.13814109199444,75.14496065536181,516.2270892743375,305.4260555862573,null,305.4260555862573,null,96.85769378743157],"transport.volume_to_capacity_ratio.roads.max":[0.5730842635778519,0.4310681043514992,1.0680053468410815,0.4792099792724261,0.9052588515536135,0.8462761473306719,1.5536214808498245,0.8171002695061786,0.2966410198828343,0.2961903266740226,0.3303541591193186,0.7879041840123753,0.2916049336630406,0.5325770208819789,0.5730842635778519,0.7792511391595188,0.2966410198828343,0.5590933444872312,0.716881299561848,1.1854307230889605,1.410985174610456,0.6262238335016469,0.6430706648171173,0.13629088338276413,0.6396641964168696,0.7214478532266977,0.8142596818457544,1.064091698844185,1.018945271676745,1.7074481438197113,0.4991326377539753,0.4798238208652839,0.7014175786568899,0.6118783032454187,0.5325484772771785,0.678444399213436,1.2790991944782006,1.4678765607488613,0.6138615565687393,0.6959434881091079,0.7149099973641362,0.9987361219213837,1.1253286045199513,0.8952250031176434,1.0378797691389616,0.8153900062365974,0.8952250031176434,1.0378797691389616,1.3886700193780845,0.9931313143465745,0.4258577194768004,0.13629088338276413,1.5008220418305376,0.6159398965374686,0.2966410198828343,0.5730842635778519,0.8765207200809816,0.4921721402359875,0.3837477896625735,0.608930953305725,0.30859543502038694,0.842912332895548,0.5046850162144191,0.10156633210777863,0.6430706648171173,0.4986806243044067,0.4775078941966123,0.7634438347092107,0.40004884428856535,0.13629088338276413,1.2877524940554261,1.0499877744515178,0.9834864993160386,0.7874418798103708,0.4289237537053238,0.0687489417003251,0.13629088338276413,0.6444783362558765,0.6856511630974663,0.38843945762772214,0.6035968768741259,0.7781157036880108,0.6025629280477006,0.5914293789961387,0.553754536323305,1.0291371981577964,0.8449755402569956,0.6862340538257485,0.02051441326877459,0.8283456157258245],"transport.delay_factor.roads.max":[1.0690374055292735,1.0220985374998095,1.8326714645559636,1.0337532287863278,1.429804634426437,1.328267868367239,4.728729194977744,1.2852866103573704,1.0049454227218955,1.0049272921414787,1.0076177001497755,1.2466457297935787,1.0046276386977804,1.0514884324355134,1.0690374055292735,1.235987911788109,1.0049454227218955,1.0625341518040758,1.1690320195774881,2.2638184437690008,3.536703898592074,1.0984233955254554,1.1094497486769141,null,1.1071490057305666,1.1733803022695837,1.2813401396764361,1.820533269606232,1.6898956512291292,6.439638828104835,1.039723165470969,1.0339240108073409,1.1549125337046693,1.089709862042697,1.0514773951788299,1.1355929221465688,2.713155858390655,3.971242624098906,1.0908786190653301,1.1501329008654746,1.1671804366726397,1.6367706009211256,2.0263545383647434,1.4110633782795137,1.7426225971917422,1.2829055783546222,1.4110633782795137,1.7426225971917422,3.379995915241116,1.6225965033223793,1.0210493199879866,null,4.247108282053189,1.0921156279357511,1.0049454227218955,1.0690374055292735,1.3777710918332615,1.037553297692863,1.0138788536821268,1.087993821069075,1.0058039420442666,1.3230796521905401,1.0415204085252816,null,1.1094497486769141,1.0395794679617028,1.0332737843093087,1.2174144188509572,1.0163877161378334,null,2.7599874568515026,1.7778877699753284,1.5987611092565142,1.2460673597735887,1.021653378176453,null,null,1.1104112349652162,1.1414467073407017,1.014568828380386,1.0849508854528427,1.2346154968417111,1.084370303012085,1.0783053708039367,1.060179581302134,1.7179150838115524,1.3262545100379084,1.1419283118369816,null,1.3013188392665214],"transport.cargo_vehicle_flow.roads.total":[384.6425977202025,2682.6256317759003,8017.099547475905,1881.8442014973639,5693.481535732166,6535.052341382382,90313.22325667633,5725.418754093594,177.74720892236795,598.5538259890152,180.2267822351692,4731.571317158354,null,480.6763341280207,1144.2693031731264,1616.2388460042032,143.30043714611014,2374.9362567295407,4359.992643360029,4164.414857054126,5682.27428427404,9153.217712664395,3607.667274563016,null,0.03889739845761399,5323.5126232773855,2951.7344837456203,151.27936164555257,4617.090498602516,20507.83309089402,261.53823220774586,4679.818065605883,8688.097386957734,57.177291474033424,2727.6218705819274,405.53137347265886,12297.278892479462,7124.964809736952,2200.9188680119396,933.5789059117689,79.01509961886757,6548.582651230923,9256.680939403412,5967.552920158938,18565.507510552045,3503.9510226156435,347.90736810207056,20990.875622549924,454.04381651183326,18674.39935391385,70.01505510647955,null,397.6614354131662,null,227.62669442145256,1163.5862831480886,559.364163430075,530.5452672884496,720.9071289406767,510.2751084543339,633.2754875352946,517.8919449939275,6185.8415457560295,null,4123.894363837354,4420.088048374363,2458.837705299399,2029.2823355087194,822.1372080984228,null,34404.500261534624,69.2878910791294,467.8681919104516,912.7336961509915,978.698216647191,null,null,322.81123606765277,2284.0683086241775,430.664237965786,null,861.328475931572,3020.624973216988,270.35424898177257,4889.514920220838,5870.77493154115,null,839.3274895464274,null,1034.528212749765],