{"municipalities_area_set":{"area_entities":{"id":[1,2,3,4,5,6,7,8,10,15,17,18,19,20,21,22,24,25,26,27,29,30,31,32,33,34,36,40,41,44,45,51,54,55,56,57,58,59,61,62,63,65,66,69,70,71,75,76,80,82,85,86,88,89,90,91,92,93,100,101,102,103,104,105,108,109,110,111,114,119,121,123,124,126,130,131,135,138,141,143,147,150,152,154,155,156,157,160,162,164],"transport.cargo_vehicle_flow.roads":[391.774929731218,300.48800464559946,282.41104747564765,270.75897504659906,321.6008765447151,467.85952047059345,1438.2064885820307,310.10136661116314,61.729545004890944,61.729545004890944,69.5894152160288,391.774929731218,null,74.71583549749406,391.774929731218,148.21886014617579,61.729545004890944,310.10136661116314,400.7838491974285,326.83659417941135,310.10136661116314,390.41285869884257,513.4038503907407,null,0.06899910743101033,400.7838491974285,103.81365968085318,43.400694516839586,855.4986315063547,484.264302826964,34.39998736678278,367.8405806630732,513.4038503907407,43.400694516839586,430.24328443652627,74.71583549749406,473.2624161062203,424.8122508045143,321.6008765447151,467.85952047059345,43.400694516839586,391.774929731218,303.3386557696042,467.85952047059345,271.44279881500574,225.220637488238,168.52943033952548,386.7722672951202,34.39998736678278,1402.0341178840222,73.6281604503503,null,34.39998736678278,null,61.729545004890944,391.774929731218,326.83659417941135,69.5894152160288,69.5894152160288,69.5894152160288,61.729545004890944,74.71583549749406,513.4038503907407,null,513.4038503907407,367.8405806630732,237.34698735937732,187.11499085780173,79.69365952609249,null,1473.9792415602544,6.856728537270781,43.400694516839586,183.57098034512353,253.2084337290611,null,null,43.400694516839586,326.83659417941135,69.5894152160288,null,69.5894152160288,253.2084337290611,74.71583549749406,513.268536642032,303.3386557696042,null,303.3386557696042,null,96.20817630308827],"transport.volume_to_capacity_ratio.roads.max":[0.5694414518621826,0.4288778075436994,1.061260557706212,0.47632613826695874,0.898269552804401,0.8401174450964888,1.5464118125807116,0.8109187851011561,0.2942770036319081,0.2940893155123945,0.3277111222755827,0.7827357299087504,0.2922836048911445,0.5303592174992079,0.5694414518621826,0.7744951180403572,0.2942770036319081,0.5551045682045794,0.7119840869030069,1.180919613363276,1.4050790509972793,0.6225727133287364,0.6398740620293564,0.13525079542661006,0.6249973990304768,0.7155118776367854,0.8094825320007798,1.0611437479532726,0.9803776027037979,1.700837221501666,0.49682309718157813,0.4763003792760154,0.6979988153752066,0.6080441552656404,0.5283965335231657,0.6753848965473735,1.2595847894333345,1.487513205690955,0.6107969127161629,0.6911620250853806,0.7104045676157804,0.9924520658818371,1.3063958123506139,0.8855533953885257,1.0345613843504287,0.8136830408570598,0.8855533953885257,1.0212734343495482,1.3827578940481589,1.0078111079668701,0.4230367497678166,0.13525079542661006,1.4956476134049952,0.6130855294668303,0.2942770036319081,0.5694414518621826,0.87166211926592,0.48867644771517277,0.3807339667227332,0.6049326078893589,0.3061867032819491,0.8165516975198562,0.502375800381121,0.10093205580647213,0.6398740620293564,0.4950077923424701,0.4735416309900966,0.7567590291926788,0.3975022383634704,0.13525079542661006,1.282005058274774,1.0590319088799183,0.9764159875713764,0.778613821743196,0.4260014537923259,0.06842500801526567,0.13525079542661006,0.642185308072546,0.6804744850712213,0.3854787440284294,0.5997521744099488,0.7728896952191838,0.5981413711411772,0.5889448762103934,0.5496721417359213,1.0198336111540973,0.8404140474357624,0.6827320969005942,0.020339170380724577,0.823134581000622],"transport.delay_factor.roads.max":[1.067297213121045,1.0216528102614195,1.811835557455685,1.0329456158208994,1.4166838722222046,1.318815909833504,4.6599959759616105,1.2767511398077274,1.0047992744189955,1.0047882943726618,1.0073764973673383,1.2402373943845708,1.0046708701529383,1.050636124462156,1.067297213121045,1.2302792001210388,1.0047992744189955,1.0607685927649604,1.16446031676835,2.2446903332015635,3.494497131537244,1.096148010552121,1.107289691801493,null,1.0976546244041956,1.1677441425894894,1.274795679246678,1.8114509877142568,1.591225963783645,6.355881750552725,1.0389930391249926,1.0329384898043856,1.151914320772037,1.0874823512404834,1.0498907247947358,1.133163546043332,2.610977979418185,4.133453785551554,1.0890773537748435,1.1460492892167289,1.1630057613050127,1.6208949597228992,2.86414243336941,1.3935854038845248,1.733170580959522,1.2805440299967714,1.3935854038845248,1.6962225959676593,3.339723623245355,1.6602319503138534,1.0204970972191043,null,4.202558733291633,1.0904199446232163,1.0047992744189955,1.067297213121045,1.3694644571740486,1.0364977092334209,1.0134341835134908,1.0857053542278698,1.0056248895986233,1.2845212565037338,1.0407656919575439,null,1.107289691801493,1.0384262599458065,1.0321819708039714,1.2098990241939667,1.0159867279784929,null,2.7287768127506844,1.8050375848514397,1.5817273748867235,1.2352168391965905,1.0210732528270325,null,null,1.1088482462597697,1.1372231411634024,1.014129780195173,1.0828070472419324,1.228375779068133,1.0819210182342736,1.0769978440726353,1.0584244834201442,1.6923046656678835,1.3192663784399308,1.1390532860150162,null,1.2938078285690067],"transport.cargo_vehicle_flow.roads.total":[382.35155331764315,2672.5762680520656,7893.2541062861355,1868.0100927566755,5641.788504380336,6466.201110899725,88949.78064753507,5681.0374033130565,176.17441493408964,593.2575298340209,178.6320477729813,4705.565463585221,null,483.2965652994543,1137.6312835393546,1603.4336383131113,142.03244499350484,2356.881309587678,4334.988814955201,4150.9099096591235,5633.289926463344,9112.004521656174,3593.4210114890593,null,0.034499553715505164,5291.027929052501,2959.7245026373157,150.3052669002199,4788.874395487648,20275.288498388334,260.6046430672161,4644.138439517557,8648.907808659995,56.80281674997368,2712.706677158111,408.5807298019603,12351.38853538016,7336.748998174298,2181.118936423951,923.7430158428178,78.50316400839347,6509.399782813509,9213.406297908748,5910.703350757054,18495.93707966675,3549.6064436244906,337.05886067905095,20676.83799455721,452.40931140086667,19100.866858915313,73.6281604503503,null,396.2455261872525,null,225.61254242025805,1156.4780363665043,557.3721802779546,525.8507440272422,714.5281910919251,505.75994544383883,627.6719571858841,522.4381023277805,6160.034322196636,null,4106.68954813109,4402.421786546543,2406.696802105221,2006.232517965398,815.1964976177713,null,34508.18080066501,91.50385174103987,464.85031090336656,901.639746399185,967.4880396552088,null,null,320.7137171501409,2294.140823028026,426.8535107619914,null,853.7070215239827,2986.4033561106735,272.3871532013069,4864.366553162908,5836.449953792558,null,833.5686391043203,null,1035.1695790650151],