{"municipalities_area_set":{"area_entities":{"id":[1,2,3,4,5,6,7,8,10,15,17,18,19,20,21,22,24,25,26,27,29,30,31,32,33,34,36,40,41,44,45,51,54,55,56,57,58,59,61,62,63,65,66,69,70,71,75,76,80,82,85,86,88,89,90,91,92,93,100,101,102,103,104,105,108,109,110,111,114,119,121,123,124,126,130,131,135,138,141,143,147,150,152,154,155,156,157,160,162,164],"transport.cargo_vehicle_flow.roads":[389.196702425308,298.69301519174263,281.3870810190829,268.52023756346176,317.43547090427643,467.23325664493416,1440.8273398866145,307.6376335582537,61.17053720421421,61.17053720421421,68.95923033539813,389.196702425308,null,74.26582205370431,389.196702425308,147.02486517057872,61.17053720421421,307.6376335582537,398.0857823994786,321.6996763842941,307.6376335582537,387.5831255593665,510.53096085865434,null,0.07293873831309619,398.0857823994786,101.36605714522992,43.12027368527763,817.5787905931948,480.46173008347137,34.291891698937775,366.44540488314163,510.53096085865434,43.12027368527763,425.57334740883346,74.26582205370431,453.9599549649551,404.2494996971217,317.43547090427643,467.23325664493416,43.12027368527763,389.196702425308,301.18507201345165,467.23325664493416,269.2598629334673,223.59275166497298,169.87695688767099,383.84264085759185,34.291891698937775,1396.6760448192604,70.44318847812136,null,34.291891698937775,null,61.17053720421421,389.196702425308,321.6996763842941,68.95923033539813,68.95923033539813,68.95923033539813,61.17053720421421,74.26582205370431,510.53096085865434,null,510.53096085865434,366.44540488314163,231.94837238652443,182.04351198560244,79.00886737104639,null,1465.0044751415749,6.274060386089792,43.12027368527763,182.03223997228383,251.25648790617262,null,null,43.12027368527763,321.6996763842941,68.95923033539813,null,68.95923033539813,251.25648790617262,74.26582205370431,510.53096085865434,301.18507201345165,null,301.18507201345165,null,95.85646872643304],"transport.volume_to_capacity_ratio.roads.max":[0.5656346547364749,0.42501088504079687,1.0537164659571514,0.47756523407405654,0.8909227951801609,0.834859065387247,1.5428717456299301,0.8047021425356145,0.29179364838904,0.29189611813674393,0.3248956410190547,0.7776089738172354,0.29072800969562257,0.5276704097407419,0.5656346547364749,0.7695858410003026,0.29179364838904,0.5509252668563999,0.7072311219024884,1.17483198686744,1.3776404227109478,0.6162233396752049,0.6348401091764609,0.13415158752272968,0.631772166630408,0.7093346669372562,0.804661330821349,1.0565051876864533,0.9401836178276597,1.6951956299443165,0.4938374547645653,0.47291784774263124,0.6914051266937888,0.6042532229692198,0.5246114809787901,0.6719487373372443,1.251526579427239,1.4888156402495838,0.6033268686212223,0.6870020112220067,0.705963356706227,0.9858965086791575,1.2983971137944534,0.8815341323318887,1.0302205358521273,0.8123577287794428,0.8815341323318887,1.0302205358521273,1.375068417470404,0.9861599157293816,0.42020350512051036,0.13415158752272968,1.4884802349295236,0.6095575131532142,0.29179364838904,0.5656346547364749,0.8676009491233435,0.4849105762651359,0.37750695314933946,0.6008040267320985,0.303656829322515,0.8852089396848847,0.4981774155174101,0.10011143105324712,0.6348401091764609,0.4914688924030044,0.46944052286007637,0.7655028449258598,0.3948536671222784,0.13415158752272968,1.275896746689946,1.0547059248729769,0.9690572401797788,0.7753762894759406,0.42291174701878514,0.06820252148421464,0.13415158752272968,0.6388642687408145,0.6762273326896221,0.3823925071697418,0.5960081618396457,0.7673265383682537,0.5935047890491999,0.5860258612262846,0.5459188798966704,1.012317792910172,0.8359842625498926,0.6787275455457165,0.020147101163921287,0.8174686162835928],"transport.delay_factor.roads.max":[1.0655124757682657,1.0208823892103993,1.7889964342844675,1.0332897694557164,1.403218321830828,1.3109085342947546,4.626596831421498,1.268361743388513,1.004638944878368,1.0046413196572592,1.0071284221300763,1.2340049418975563,1.0045722237432164,1.049620926257259,1.0655124757682657,1.224495815021664,1.004638944878368,1.0589590852428241,1.160112570057035,2.219222654543016,3.3052789434716723,1.0922853040416305,1.1039530903315755,null,1.1019581457902305,1.1620260019010327,1.2683073060058059,1.797382150147123,1.5000698744886298,6.285173764803274,1.0380641447684391,1.0320127358962077,1.1462548766322436,1.0853209880484913,1.048476486697314,1.1304741699796557,2.570146891192506,4.144442546179114,1.0847989823887165,1.142564701099964,1.1589675978396168,1.6046517144770907,2.818939311387523,1.3864884359805159,1.7209427593936213,1.278720710760472,1.3864884359805159,1.720942759393621,3.2881116022503654,1.6052981651492648,1.019948527548294,null,4.141609941827703,1.088356545594758,1.004638944878368,1.0655124757682657,1.3626269254165446,1.0353758981557177,1.0129950235669496,1.083389489085318,1.0054402060554157,1.3929733858745303,1.0394199541647742,null,1.1039530903315755,1.0373391228218196,1.0310815220224732,1.2197693937792597,1.0155469754975701,null,2.6960634460157173,1.7919641390843304,1.5643879031202785,1.2313289782687011,1.0204684942276865,null,null,1.1066140324691929,1.1338291922714907,1.0136791203940707,1.0807542548376206,1.2218711574473426,1.079418490065496,1.0754826434675713,1.0568450208735456,1.672120984712046,1.3125880574275062,1.1358194207652679,null,1.2858013843038718],"transport.cargo_vehicle_flow.roads.total":[380.0095055557798,2649.4665542447265,8169.9593102872095,1853.9310555435218,5604.353813994519,6439.997537506053,89233.6011339014,5635.912175823074,174.57902212469807,587.8851334076235,177.01439923615757,4675.324075989869,null,475.01903123240623,1130.8413197978114,1590.4299697978083,140.74623359028993,2338.521560240607,4305.899996612632,4111.714268090301,5615.530691848825,9053.80805298849,3566.288574250143,null,0.036469369156548095,5254.333639864884,2915.1827077571675,149.31176157960564,4415.073790036587,20657.571208400357,259.6909043075175,4634.290924016372,8579.806121167594,56.42090070112612,2692.6332165224308,400.7532091787019,12189.196126306962,7155.092684306064,2166.352761502175,919.9996482151503,77.98103754376494,6469.348791317785,9133.058427124024,5883.288534244201,18429.545375697096,3487.9328234307886,339.75391377534197,20553.629758803683,450.7980252171594,18481.68655457826,70.44318847812136,null,394.8617522170654,null,223.56944990866668,1149.2157135368675,552.1264562416511,521.0887671184605,708.0575969446303,501.17990593843587,621.9879120450177,521.0274864446625,6115.229302663196,null,4076.819535108798,4386.295671166543,2364.4132331997857,2000.3346958375366,808.1532457136653,null,34136.765302796295,80.04192144884179,461.77231052762085,897.2335485168078,963.3665355270595,null,null,318.57446368298406,2260.5641531882147,422.98802880771325,null,845.9760576154265,2973.436840908707,267.1688061191346,4826.747849321491,5790.503617956377,null,827.6422479384944,null,1022.2086446033878],