{"municipalities_area_set":{"area_entities":{"id":[1,2,3,4,5,6,7,8,10,15,17,18,19,20,21,22,24,25,26,27,29,30,31,32,33,34,36,40,41,44,45,51,54,55,56,57,58,59,61,62,63,65,66,69,70,71,75,76,80,82,85,86,88,89,90,91,92,93,100,101,102,103,104,105,108,109,110,111,114,119,121,123,124,126,130,131,135,138,141,143,147,150,152,154,155,156,157,160,162,164],"transport.cargo_vehicle_flow.roads":[430.7151347129828,457.4558396231286,373.01151722259965,305.08311472044625,415.69705672476505,373.73796437873,2019.2235580333322,351.58243356196317,70.34350694042071,70.34350694042071,79.30017160892221,430.7151347129828,null,68.21659370541666,430.7151347129828,166.49700026761565,70.34350694042071,351.58243356196317,302.0727786555999,415.69705672476505,351.58243356196317,345.59533526654207,683.9752549258347,null,null,302.0727786555999,100.72248240076813,47.64435677237567,2019.2235580333322,542.3855206908319,34.06170553923245,661.099509013328,683.9752549258347,47.64435677237567,661.099509013328,68.21659370541666,576.0632024786926,305.08311472044625,415.69705672476505,373.73796437873,47.64435677237567,430.7151347129828,457.4558396231286,373.73796437873,304.85664416784726,336.5880987677407,146.96210805598133,440.90267925824503,34.06170553923245,1971.1592966838966,102.78652455685831,null,34.06170553923245,null,70.34350694042071,430.7151347129828,415.69705672476505,79.30017160892221,79.30017160892221,79.30017160892221,70.34350694042071,68.21659370541666,683.9752549258347,null,683.9752549258347,661.099509013328,293.68244760606785,336.5880987677407,90.245879996317,null,1971.1592966838966,0.0,47.64435677237567,207.19629906056073,312.91053216790687,null,null,47.64435677237567,415.69705672476505,79.30017160892221,null,79.30017160892221,312.91053216790687,68.21659370541666,683.9752549258347,339.7694042097061,null,339.7694042097061,null,227.5386680035396],"transport.volume_to_capacity_ratio.roads.max":[0.5963964269989311,0.5025092149960297,1.305680846576736,0.46509349044063686,2.1486605597078343,0.775506546867397,4.623081239127586,0.8128812589300535,0.30876807012985485,0.30525344518842185,0.33912334239345115,0.9206023978429615,0.27727322148826145,0.42249857096301596,0.5963964269989311,0.8053557255543962,0.30876807012985485,0.5657111827963195,0.6462311452967122,1.7890364906817686,1.9318809872811218,0.5550951443357526,0.7062835000939719,0.14192004184656465,0.6150010300450753,0.753383148599863,0.7822157739627206,0.9518439285841922,4.623081239127586,2.6772756614017315,0.47174021691030554,0.5831636993094279,0.8311006866201753,0.6294573454927309,0.5852866526107116,0.5514894228064566,2.1371990281679034,0.969583841876633,1.7299568526202216,0.6263323273595964,0.7359636122001787,1.0450163798705927,0.8680600848863169,0.954254716532587,1.3774521978438712,1.623548518292014,0.954254716532587,2.652870140213204,1.2865327893649936,3.4622100682151253,0.4800272834586926,0.14192004184656465,0.9707042709178751,0.5171198521022058,0.30876807012985485,0.5963964269989311,0.9046379265947982,0.4990513546303645,0.39267421445145967,0.5942685587681763,0.3208646116705458,1.5493246001266272,0.5761725548299135,0.0925472770290945,0.7062835000939719,0.61411279551136,1.2176188760684252,1.9318809872811218,0.41119782351715156,0.14192004184656465,2.0167420481747627,0.49221867476327946,0.9153100130035379,0.8559299260243841,0.539512947550833,0.06934162235383143,0.14192004184656465,0.6050113993881937,1.2297820132904578,0.4001435909987588,0.6005498261806178,0.77774557638205,0.6285998323605182,0.4740279216558574,0.6090835636354509,2.1248785551449174,0.872976166270907,0.509316671354337,0.021799012185557826,0.8719228054719956],"transport.delay_factor.roads.max":[1.0809781798813909,1.0408072077247204,2.8600649423020834,1.0299468501779823,14.640687303315861,1.2314844635655275,293.3580319091519,1.2794399003920875,1.0058164838054138,1.005557402417798,1.008460318192168,1.4596935190762148,1.0037817270207554,1.0203863742461492,1.0809781798813909,1.269234665041763,1.0058164838054138,1.0655479372463328,1.1116224576656322,7.556302806727326,9.914591510539108,1.0607669655771783,1.1592561513668265,null,1.0915552697701456,1.2061785976188752,1.2395996902590178,1.5253430005173572,293.3580319091519,33.88196285941103,1.031689283891845,1.074017027092625,1.3053476193858202,1.1004720347720063,1.0751079215250754,1.0592009564876095,14.352637028101105,1.5656341705465455,6.73221370698393,1.0985014733714593,1.187760979945935,1.763259757437933,1.3633951458800517,1.5307008876370762,3.304019334950271,5.446733073662783,1.5307008876370762,32.69830646244823,2.753328981574337,92.95736057091268,1.0339719451149691,null,1.5682346801060776,1.0457611151371664,1.0058164838054138,1.0809781798813909,1.4286419783880682,1.0396982319263088,1.0152080151066363,1.0798142266936082,1.0067827700618845,4.687566192082331,1.0705184151084783,null,1.1592561513668265,1.0910274882609063,2.406814391563833,9.914591510539108,1.0183013988820093,null,11.58701580821602,1.0375617687626721,1.44921352886368,1.3435048060939496,1.0542262735684886,null,null,1.0857612177419445,2.4637789872562346,1.0164007449835037,1.0832583244573488,1.234169415819132,1.0999361609660094,1.0323048008723783,1.088087517821794,14.047407373285125,1.3716973985517382,1.0430657031296702,null,1.3699066354028886],"transport.cargo_vehicle_flow.roads.total":[417.5367543830271,3573.334801861073,8397.122048896948,2082.6514815791306,7004.106586524069,4972.216353519551,115956.4370618845,6401.983056012067,200.75842416558865,676.0428116557446,203.5590038984521,5106.319957080382,null,434.92358913732284,1239.4318828191256,1803.0885971712896,161.85216138194312,2652.7111729255466,3257.435089225726,5218.976745170527,6296.987197177355,7035.747513319771,4682.717835344238,null,null,4329.813914948976,2912.4149212593566,165.3438299880754,9734.82181897599,23681.958146301833,225.370137166759,7001.893229074764,12241.726897229017,62.5848632196746,3636.392952079494,366.7069954319062,13703.625940876442,6027.711470910291,2817.3369009476455,710.3166219313645,86.40704160586245,7111.303204841416,13128.082601632046,4560.940917657084,17834.975846853376,5310.834778851296,293.92421611196266,25656.48208306337,382.61686325505303,26678.647114000483,102.78652455685831,null,340.8936812117411,null,257.09532513690067,1265.788643479037,704.3342252369114,599.2298413859182,814.2360155938085,576.3355007670418,715.2595515342674,366.7069954319062,8050.039635405109,null,5366.6930902700715,5840.658489413238,3831.6099846409297,4878.7876210929935,923.58794637662,null,48442.40240799804,0.0,511.442469316605,921.7084148104996,1203.0954013601065,null,null,353.0984196470992,4671.668841735812,486.4181794058264,null,972.8363588116529,3690.230833183704,244.47133028793746,6347.994045241502,8147.352597393555,null,927.2649549435378,null,2450.9189106317644],