{"municipalities_area_set":{"area_entities":{"id":[1,2,3,4,5,6,7,8,10,15,17,18,19,20,21,22,24,25,26,27,29,30,31,32,33,34,36,40,41,44,45,51,54,55,56,57,58,59,61,62,63,65,66,69,70,71,75,76,80,82,85,86,88,89,90,91,92,93,100,101,102,103,104,105,108,109,110,111,114,119,121,123,124,126,130,131,135,138,141,143,147,150,152,154,155,156,157,160,162,164],"transport.cargo_vehicle_flow.roads":[386.5673200504233,296.5739233978036,282.914123089995,266.2474992860948,315.70881423513015,463.62567836786866,1439.6897736514347,305.1346622571622,60.603921582343865,60.603921582343865,68.32046894852736,386.5673200504233,null,73.80077406158956,386.5673200504233,145.81216410738017,60.603921582343865,305.1346622571622,395.60331752165416,319.71459613053986,305.1346622571622,385.4172848898427,507.43799169864553,null,0.08517125596594922,395.60331752165416,100.69712885642198,42.832948873755754,841.4902658667181,476.5977487564404,34.182066686131236,364.2588682206821,507.43799169864553,42.832948873755754,422.6367924073427,73.80077406158956,444.52659751705767,395.2913784462694,315.70881423513015,463.62567836786866,42.832948873755754,386.5673200504233,298.98453146077804,463.62567836786866,267.04265841306284,222.1058879795916,168.01140398500903,380.8638850958737,34.182066686131236,1390.1487352032577,70.44203588501281,null,34.182066686131236,null,60.603921582343865,386.5673200504233,319.71459613053986,68.32046894852736,68.32046894852736,68.32046894852736,60.603921582343865,73.80077406158956,507.43799169864553,null,507.43799169864553,364.2588682206821,244.55259722979616,194.98144202307157,78.31475553161653,null,1457.61921568134,7.159838177716969,42.832948873755754,180.47214649075696,249.272560245527,null,null,42.832948873755754,319.71459613053986,68.32046894852736,null,68.32046894852736,249.272560245527,73.80077406158956,507.43799169864553,298.98453146077804,null,298.98453146077804,null,95.21485418284772],"transport.volume_to_capacity_ratio.roads.max":[0.5615950698790005,0.42190176046800926,1.0469076420210186,0.4743207158258174,0.8880528818733106,0.8291154655555294,1.538208263696703,0.7980030479062764,0.2891909156046409,0.28954722285612927,0.32197766168151715,0.7721463758551897,0.28931911222751067,0.5252157962162117,0.5615950698790005,0.7642635857779794,0.2891909156046409,0.5467876280039206,0.7026603220211469,1.1680484841519243,1.3886155962126383,0.6107828523314887,0.6304370082517372,0.132999213122616,0.6051958176732898,0.7029176758376294,0.799319928108974,1.0517999889561227,0.9630941467656341,1.687984760531698,0.49129903587928525,0.46937992136468254,0.6863004025984912,0.5997230960624956,0.5210778221791768,0.6690006218980387,1.253174899499867,1.4744366652776024,0.6016072188167003,0.68236133523675,0.7005908283202689,0.9789380225217879,1.2898415206263911,0.8748505382958314,1.0162131885802725,0.7973796483297992,0.8748505382958314,1.0162131885802725,1.3685181237771493,0.9858110179089465,0.416951988203939,0.132999213122616,1.48972026304174,0.6063888425386108,0.2891909156046409,0.5615950698790005,0.8618362373525024,0.4809908621326846,0.37417046663185227,0.5962758479916891,0.3010031524744542,1.0124496344008975,0.49474314797477764,0.09934771513253457,0.6304370082517372,0.4877632862355994,0.46679025644648336,0.7460814795900227,0.39199970403082385,0.132999213122616,1.2703695697273645,1.052640143017178,0.9618924467655164,0.7697423921893523,0.41963680138187737,0.06776270645276843,0.132999213122616,0.6353733036938827,0.6712064436845029,0.37910290111759326,0.5921586884528927,0.7614354183529495,0.5887044999221048,0.5834409550258605,0.5423851945645619,1.004346685565432,0.8306701051343612,0.67557460287613,0.019943432475018567,0.8127496941412986],"transport.delay_factor.roads.max":[1.0636609507336492,1.020271783311784,1.768800140406237,null,1.3980330957391964,1.302440563516429,4.582948243289968,1.2595363391133763,1.0044652108953718,1.0044899649841668,1.0068748567701835,1.2274984926722614,1.0044821630498604,1.0487002388514195,1.0636609507336492,1.2183497225657987,1.0044652108953718,1.0572077268512214,1.1560133260046628,2.1913063440975202,3.379622840873721,1.0890691519088065,1.1011093078798793,null,1.085854615251287,1.1562420151002604,1.261253752161507,1.7832720356497758,1.550623759967778,6.195819549229006,1.0372875304910139,1.0310654754997168,1.1419832093463005,1.0827957705638802,1.0471835193809567,1.128199419873712,2.5784350798947933,4.024715015682471,1.0838363050479243,1.1387514771693876,1.1541834517264917,1.5877609953870297,2.7714356717040554,1.3748999888459472,1.6825261286428137,1.2587262903199417,1.3748999888459472,1.6825261286428135,3.244823433112874,1.6044420153166388,1.0193347165378286,null,4.152091923121906,1.086533601835315,1.0044652108953718,1.0636609507336492,1.3530847635248426,1.034253073343161,1.0125428899561737,1.080903786623654,1.0052513148736921,1.6724711938888535,1.0383441510079958,null,1.1011093078798793,1.036225668289933,1.0303855500736894,1.1983010489581134,1.0151120342935953,null,2.6668645205762447,1.7857776758274804,1.5478807376793227,1.2246785409000243,1.019844120536792,null,null,1.1043027663215585,1.12989859165218,1.013214167517994,1.0786923287083747,1.2151355945182103,1.0768677932021333,1.0741596411715983,1.0553874382034802,1.651200277229179,1.3047153258769077,1.13331322432708,null,1.2792590349752153],"transport.cargo_vehicle_flow.roads.total":[377.6119213628704,2632.586047144248,7636.195771394744,1839.613395440694,5557.468051456979,6392.489857972217,87873.05420549776,5590.033234938362,172.96191680393767,582.4396213085216,175.37473529846216,4646.176626986799,null,472.0338780839679,1123.8803654010585,1577.2345893306326,139.44251748255925,2319.8485247774483,4277.860843399787,4083.0390659550103,5572.625648716373,9003.127154174777,3544.9742795991124,null,0.04258562798297461,5218.553767083582,2896.2076989206503,148.29620011333964,4709.536123586479,19975.64748642033,258.821696297809,4620.619549086146,8523.579355962916,56.03118453513734,2674.4548190331243,398.23310402237837,12011.868422283636,7039.787723974394,2148.1826919429,913.2128368531738,77.44765897201522,6428.35806185635,9068.957011068444,5840.750360679413,17980.283993313264,3420.7131452201306,336.02280797001805,20117.873639055742,449.27925922335555,19059.356760634757,70.44203588501281,null,393.54891524552437,null,221.49855191298116,1141.7911627761641,548.2112930588517,516.2619820463466,701.4989411938486,496.5375343482666,616.2265098457419,511.22505995232575,6078.618406946637,null,4052.4122712977573,4351.587156857568,2446.968819131872,2003.1621130670692,801.0112728118345,null,34371.006919815154,85.31917868960372,458.6265429830023,889.5191510543293,955.5385143476775,null,null,316.38975371875165,2246.9470037718474,419.06993954545175,null,838.1398790909034,2949.3389755388234,265.4887360149189,4794.245308287428,5748.967864143642,null,821.584664701654,null,1016.0459507139169],