{"municipalities_area_set":{"area_entities":{"id":[1,2,3,4,5,6,7,8,10,15,17,18,19,20,21,22,24,25,26,27,29,30,31,32,33,34,36,40,41,44,45,51,54,55,56,57,58,59,61,62,63,65,66,69,70,71,75,76,80,82,85,86,88,89,90,91,92,93,100,101,102,103,104,105,108,109,110,111,114,119,121,123,124,126,130,131,135,138,141,143,147,150,152,154,155,156,157,160,162,164],"transport.cargo_vehicle_flow.roads":[383.888577399327,294.5902637791154,276.14788009557685,263.9421321511815,306.63457130905016,466.80885336601943,1433.745375503349,302.59399511607177,60.03002491614383,60.03002491614383,67.67349943996996,383.888577399327,null,73.34901349986379,383.888577399327,144.58149890341667,60.03002491614383,302.59399511607177,392.9392905177155,310.6778718920566,302.59399511607177,383.2959951923087,504.44571594583465,null,0.06015490141441846,392.9392905177155,99.96850324469915,42.54193192137342,792.1083183233451,472.67475460174154,34.04392255386892,361.97700153860745,504.44571594583465,42.54193192137342,419.4908775025429,73.34901349986379,439.8275942918193,390.9289164715972,306.63457130905016,466.80885336601943,42.54193192137342,383.888577399327,296.79497989362494,466.80885336601943,264.7925429625957,220.60558533394533,173.10865179216538,377.8196535401796,34.04392255386892,1383.3536287299817,63.438207913810075,null,34.04392255386892,null,60.03002491614383,383.888577399327,310.6778718920566,67.67349943996996,67.67349943996996,67.67349943996996,60.03002491614383,73.34901349986379,504.44571594583465,null,504.44571594583465,361.97700153860745,217.94725835222462,168.71614830020445,77.6117243139035,null,1449.8808774431275,6.737537613812416,42.54193192137342,178.87984191078243,247.23966397824654,null,null,42.54193192137342,310.6778718920566,67.67349943996996,null,67.67349943996996,247.23966397824654,73.34901349986379,504.44571594583465,296.79497989362494,null,296.79497989362494,null,94.68539202729913],"transport.volume_to_capacity_ratio.roads.max":[0.5573672034217628,0.4185543322895262,1.0397824534128017,0.47326584287719276,0.8795222585714366,0.8244034947486802,1.5342381901666142,0.7908039160018341,0.2864523077605972,0.28709737940737046,0.31896351878612506,0.7670012527954004,0.2879699775518299,0.5221797414965511,0.5573672034217628,0.7586908360532229,0.2864523077605972,0.54209451989321,0.6976688107335606,1.1590178332104926,1.3736846080325869,0.6076557708930234,0.6258597604202509,0.1317815128703163,0.6252935643601789,0.6962174366919053,0.7936650538871984,1.046746573303305,0.9145411692270942,1.678758356768002,0.48790545725783174,0.46523255509005457,0.6807728257505756,0.5955303066823506,0.5173739192993076,0.665247873965908,1.2424855255209184,1.4697808165026975,0.5942315652823019,0.6784562273691744,0.6955896094929416,0.971670390316593,1.2805832018860874,0.870185600942521,1.0215674446373892,0.8084307511140063,0.870185600942521,1.0135929542765014,1.3596510089438043,0.9838278112491511,0.41402782507408575,0.1317815128703163,1.4808260215527056,0.6027047000306609,0.2864523077605972,0.5573672034217628,0.8574242101130538,0.4769706385623994,0.37075256026742925,0.5914971446483244,0.29821106992347485,0.841917378947653,0.49120755680923206,0.09853989685915983,0.6258597604202509,0.4834422109584858,0.46126136586100724,0.7365772558089836,0.3890277483454734,0.1317815128703163,1.2643299843525755,1.0374604794309665,0.9537873896143071,0.7654188504048511,0.4161803147597243,0.06755434885066695,0.1317815128703163,0.631713377035784,0.664867396733319,0.3756357513488126,0.5879153572538665,0.7553603487115529,0.5836000495335524,0.58018848741829,0.5386850224391404,0.995944894841509,0.824163623799766,0.6721163642864635,0.01974534092010097,0.8071628602047056],"transport.delay_factor.roads.max":[1.061764062728406,1.0196420738685585,1.748083216505787,1.0321070658414966,1.382972256300044,1.2956237151504173,4.54610123582785,1.2502967548622892,1.0042979946564807,1.00434082606798,1.0066154015831847,1.2214951735425224,1.004401176892762,1.0475839016952846,1.061764062728406,1.2120505130869388,1.0042979946564807,1.0552688008368851,1.1516272320941807,2.154889537896733,3.278914870106148,1.0872590501003383,1.0981947100618161,null,1.097839857035646,1.1503694314868136,1.2539387670746027,1.7683271241682565,1.4477061047054036,6.083045275384098,1.0362679223310034,1.0299819836600292,1.1374639506423136,1.0804999192855962,1.0458562042332666,1.125347003150779,2.5252650757741373,3.986690858964812,1.0797999913591003,1.1356023782266509,1.1498277708379827,1.5705002627031466,2.7211201002126515,1.3669674506066507,1.6970246730993659,1.2733702647934786,1.3669674506066507,1.6755139250400792,3.1872064158804925,1.5995927250282924,1.0188060718415586,null,4.0774862661085445,1.0844497341665305,1.0042979946564807,1.061764062728406,1.3459098604304711,1.0331242883033687,1.0120925844892092,1.0783412657174423,1.0050591179628705,1.3215569283499065,1.0372597667398866,null,1.0981947100618161,1.0349589390276273,1.0289713209051183,1.1883879810988327,1.014658930713601,null,2.635391455907971,1.741423285342662,1.5296467096485926,1.219672953186638,1.01919069869324,null,null,1.1019202002031396,1.1250604887030757,1.0127379246708506,1.0764608625738266,1.2083515368673816,1.0742405625962055,1.0725197672658473,1.0538914137176232,1.6296819047532163,1.2952798029832686,1.1306044130844848,null,1.271659349473202],"transport.cargo_vehicle_flow.roads.total":[375.1709033979093,2615.097811095537,7935.728119977044,1825.066184288623,5469.5668868408,6392.926656873575,88157.10247265789,5543.496527255105,171.32403158394453,576.9241340561398,173.7140015819692,4616.478717845491,null,468.9386887201092,1116.7950361923101,1563.8553622809522,138.12204854556074,2300.9081493434123,4249.2033586740135,4003.5984802789612,5478.14227678156,8952.62379149338,3523.0763829219313,null,0.03007745070720923,5182.053685474933,2876.2147950803233,147.26530134946853,4231.80837193966,20491.816486057556,257.7580429423938,4575.836545125822,8466.329209752663,55.63493564493892,2655.9196492608576,395.58967522024545,11971.075357131313,6967.257826334041,2105.929507236943,913.275236696225,76.90590160562563,6386.623031765876,9004.340721105478,5832.396639950969,18336.477604267995,3490.515552722354,346.21730358433075,20113.76977384102,447.4282407770497,18309.67407499137,63.438207913810075,null,391.9344256784332,null,219.40104275528952,1134.2303841951457,537.2632150060547,511.37317249992736,694.8560063278767,491.8355080079669,610.3910732866731,509.4406910977392,6041.283148301648,null,4027.5220988677656,4345.891294426223,2255.039469640182,1918.9546819905117,793.7747474645935,null,33514.60067215898,82.20340499154479,455.4327278970839,888.6649657035107,947.6500141844891,null,null,314.1701082842853,2176.805795674101,415.10150260390833,null,830.2030052078168,2925.0505446318402,263.7264501468303,4761.298570257533,5707.253896417679,null,815.5407036425723,null,1009.320328522742],