{"municipalities_area_set":{"area_entities":{"id":[1,2,3,4,5,6,7,8,10,15,17,18,19,20,21,22,24,25,26,27,29,30,31,32,33,34,36,40,41,44,45,51,54,55,56,57,58,59,61,62,63,65,66,69,70,71,75,76,80,82,85,86,88,89,90,91,92,93,100,101,102,103,104,105,108,109,110,111,114,119,121,123,124,126,130,131,135,138,141,143,147,150,152,154,155,156,157,160,162,164],"transport.cargo_vehicle_flow.roads":[381.1595526162588,292.51873664588675,273.86539257848403,261.6049528257149,300.20916582634015,467.1275114690802,1422.7095406936987,300.01624832638834,59.449188044854665,59.449188044854665,67.01870604718341,381.1595526162588,null,72.81599163239892,381.1595526162588,143.33321628211476,59.449188044854665,300.01624832638834,390.17736953515197,304.4692074701831,300.01624832638834,379.79450190760684,501.37478979086814,null,0.1619419590362712,390.17736953515197,98.9717669475492,42.24739566411806,836.8405896838109,468.69356710941736,33.98543669761058,360.91638549960743,501.37478979086814,42.24739566411806,416.27031912677927,72.81599163239892,439.7616493386241,391.3898237562445,300.20916582634015,467.1275114690802,42.24739566411806,381.1595526162588,294.40058148812693,467.1275114690802,262.5101397723363,218.79280630965843,175.42970342287137,374.8053803471653,33.98543669761058,1378.0880734037778,59.21597401087733,null,33.98543669761058,null,59.449188044854665,381.1595526162588,304.4692074701831,67.01870604718341,67.01870604718341,67.01870604718341,59.449188044854665,72.81599163239892,501.37478979086814,null,501.37478979086814,360.91638549960743,221.5076332488145,172.62303743883365,76.90019125061026,null,1441.9252248576743,6.422669997503895,42.24739566411806,177.30101297697516,245.2532334593057,null,null,42.24739566411806,304.4692074701831,67.01870604718341,null,67.01870604718341,245.2532334593057,72.81599163239892,501.37478979086814,294.40058148812693,null,294.40058148812693,null,94.26057114414334],"transport.volume_to_capacity_ratio.roads.max":[0.552942349039181,0.41505537229560835,1.0295665361340018,0.4687150751906636,0.8717380133042671,0.8175727377202016,1.5253155846150084,0.7838725516525736,0.2835693693663387,0.2844171431547793,0.3156933162898947,0.7609149484935994,0.28609272185870904,0.5187579685356276,0.552942349039181,0.7524314365814042,0.2835693693663387,0.537458046519111,0.692000380423342,1.1527187588795336,1.371570195471153,0.6015689218184359,0.6210232082684736,0.13050342670885554,0.6131053517989425,0.689222599411992,0.7876776694563378,1.0407158721766328,0.9733933563085523,1.6703330301883441,0.4849601173338487,0.4613627137279023,0.6749919398726477,0.59008228285334,0.5127650824060287,0.6606850163503956,1.2335452245847967,1.4567696448912066,0.5874336710606237,0.67295039783638,0.6892283171057517,0.9640726010617197,1.2708610276171766,0.8663308169184081,1.009514819675078,0.7963940005668472,0.8663308169184081,0.996899113310809,1.3520591270545956,0.9701931368963533,0.4103722760942065,0.13050342670885554,1.4753731800842538,0.598604580555564,0.2835693693663387,0.552942349039181,0.8507185666611264,0.472393563239783,0.36696784314638137,0.585927779550101,0.29525412134000756,0.7933456676392187,0.48741287050746473,0.09750594757514199,0.6210232082684736,0.4793867003393409,0.45836266553931004,0.7331000127939565,0.3857129758035387,0.13050342670885554,1.2578237007962814,1.0348616996762403,0.9453608246115545,0.7627250627800594,0.4125448848482,0.06686226760111187,0.13050342670885554,0.6274970309799942,0.6594522455834345,0.37199499939156766,0.5832458281961239,0.7482753863714938,0.5784317245264773,0.57639021361975,0.534134047620899,0.9869505717809486,0.8188138450138912,0.6673063633308981,0.01948502812615938,0.8008292485480587],"transport.delay_factor.roads.max":[1.0598309702745505,1.0190020185382573,1.71911383999089,1.0308898401907072,1.3695931483784995,1.285947022857122,4.464326407993804,1.2416360919945024,1.0041277682495522,1.0041834764165214,1.0063528909122732,1.2145479841338567,1.0043019944079379,1.046348864357854,1.0598309702745505,1.205138748798191,1.0041277682495522,1.053402089600522,1.1467591902373526,2.1299869215244303,3.2649161623677845,1.0838149597437834,1.0951943770086539,null,1.0904316390509101,1.1444168977507723,1.2463622193813617,1.750773070484104,1.5745574825593884,5.981868396322285,1.035400065890257,1.0289967914919582,1.132853904214196,1.0775943813265014,1.0442362316490297,1.1219432608745767,2.481836470721972,3.8823287087983944,1.0762105891083316,1.1312538921980158,1.1444216900595043,1.552864794328153,2.6694454048624703,1.3605081001241701,1.6647077908683339,1.2574494052439416,1.3605081001241701,1.6320985773177388,3.1387632387314066,1.5670387865179527,1.018142223135512,null,4.032407147759153,1.0821750764958389,1.0041277682495522,1.0598309702745505,1.3352151350977501,1.0318710124077648,1.0116044315491488,1.0754321227909776,1.0048624042166845,1.2535302541600084,1.0361216803803832,null,1.0951943770086539,1.0338005602457616,1.0282499002927388,1.1848557152377879,1.014167650670293,null,2.60198730059548,1.7340222588067573,1.5111759106629952,1.2165968036101151,1.0185208899983067,null,null,1.0992262720439856,1.1210356703503714,1.0122504747078307,1.0740604827025193,1.2006438319093078,1.071645413011962,1.0706392968700909,1.0520850637182952,1.6072416978948325,1.287687295470524,1.1269056736875143,null,1.2632326038014485],"transport.cargo_vehicle_flow.roads.total":[372.6859806289604,2597.0898866207663,7399.251973528394,1810.2907088820311,5400.972375759234,6371.314902004355,87560.18660333494,5496.42535746825,169.6663392104886,571.3419473176789,172.03318440225053,4585.922704057948,null,464.73023308745667,1109.5843698995827,1550.2979295808848,136.78561101042192,2281.7072630161565,4218.093266237919,3949.1019937845576,5419.176840322536,8883.990665681107,3500.588734110871,null,0.0809709795181356,5143.001049762604,2852.207863227348,146.2193084706294,4613.118729375757,19934.09815871319,257.1311965083891,4531.097999576966,8409.913057769887,55.232143316301524,2638.3001041044254,391.9142414550578,11943.393692402007,6990.534316232517,2074.7518955576306,910.1878431434793,76.35584114836055,6344.135242679627,8937.532451929175,5807.628909857968,18085.33975697135,3439.033926745003,350.85940684574274,19624.80947118819,446.2915196215571,18058.478574901208,59.21597401087733,null,391.00025825052114,null,217.27816815362849,1126.5315138741796,529.3706855307546,506.42524196031826,688.1327376090019,487.0766194674518,604.4850680540263,498.8725722369596,6002.945285852607,null,4001.96352390174,4331.850016745859,2275.6097288482106,1902.920385190282,786.4475192679215,null,33315.033401542554,81.20165148693174,452.1915318486663,885.0245115988705,940.3094230397544,null,null,311.91573841953397,2131.0183731193315,411.0850748516844,null,822.1701497033688,2902.396881877131,261.2761609700385,4727.626913546916,5663.048076155321,null,809.0283305865801,null,1003.6236517349779],