{"municipalities_area_set":{"area_entities":{"id":[1,2,3,4,5,6,7,8,10,15,17,18,19,20,21,22,24,25,26,27,29,30,31,32,33,34,36,40,41,44,45,51,54,55,56,57,58,59,61,62,63,65,66,69,70,71,75,76,80,82,85,86,88,89,90,91,92,93,100,101,102,103,104,105,108,109,110,111,114,119,121,123,124,126,130,131,135,138,141,143,147,150,152,154,155,156,157,160,162,164],"transport.cargo_vehicle_flow.roads":[378.3837560766077,290.3418604419571,271.35077827504546,259.23778884433716,289.64248668361887,470.70616015991175,1447.0812132673184,297.40364636097286,58.86176395358595,58.86176395358595,66.35648669999793,378.3837560766077,null,72.31066704805798,378.3837560766077,142.0683579807595,58.86176395358595,297.40364636097286,387.4791309413086,294.9613041929388,297.40364636097286,377.0989323528695,498.1473753833193,null,0.19499455304358262,387.4791309413086,98.16041839196583,41.94594208771031,757.3708267915657,464.6577188681556,33.877214430957366,358.9702581628061,498.1473753833193,41.94594208771031,413.1021313900486,72.31066704805798,430.15662416522866,356.1419895386389,289.64248668361887,470.70616015991175,41.94594208771031,378.3837560766077,292.05852373158115,470.70616015991175,260.1973614958629,217.12645613907995,180.93215755874917,371.70378094342436,33.877214430957366,1371.5218525011073,51.76638752744854,null,33.877214430957366,null,58.86176395358595,378.3837560766077,294.9613041929388,66.35648669999793,66.35648669999793,66.35648669999793,58.86176395358595,72.31066704805798,498.1473753833193,null,498.1473753833193,358.9702581628061,199.59955095485756,151.06748388656348,76.18058875329464,null,1433.8803209641044,6.583603556025476,41.94594208771031,180.93215755874917,243.1949166654903,null,null,41.94594208771031,294.9613041929388,66.35648669999793,null,66.35648669999793,243.1949166654903,72.31066704805798,498.1473753833193,292.05852373158115,null,292.05852373158115,null,93.66653356585783],"transport.volume_to_capacity_ratio.roads.max":[0.5483401975393137,0.41145152055070083,1.019675121329757,0.46622172936319867,0.8714285093427452,0.8109349502151952,1.5205007332056721,0.7761748707900096,0.2805360790689849,0.2816881328145262,0.31229085634147186,0.7538701082077481,0.28422767221333006,0.515517379019005,0.5483401975393137,0.7462450192473596,0.2805360790689849,0.5324330827985265,0.6858174475385824,1.1442648642222466,1.3656657553036382,0.5964661771047102,0.6160001668953358,0.12914742971704601,0.6253627604313604,0.682027279960935,0.781184623293993,1.034631740978945,0.8920491521245683,1.664099265345406,0.48171786023449104,0.4571523926039987,0.6690496547782472,0.5851525857659249,0.5086599970866026,0.6560967445338702,1.219067513001749,1.4216942767072522,0.5842607817769301,0.6676067633359647,0.6835006774825557,0.9561894776466077,1.2607975492694523,0.8644429342255923,1.0163299817293554,0.8063402675214922,0.8644429342255923,0.9945562367142415,1.3437150276688454,0.9630935115904161,0.4067879514540683,0.12914742971704601,1.4709386249795755,0.5942679693818254,0.2805360790689849,0.5483401975393137,0.8447397292743998,0.46776788139387876,0.36306710504651585,0.5807607010341512,0.29215982045534883,0.8614553899362631,0.48353993408974266,0.09658043219947109,0.6160001668953358,0.47498178304170763,0.45433544595868985,0.7271281902491937,0.3823933296197105,0.12914742971704601,1.2515558011113705,1.0230681601827114,0.9363737331396459,0.7618800866102989,0.40855974193586225,0.06652748200293551,0.12914742971704601,0.6231438787835619,0.6547813896890035,0.36816583447397344,0.5779585850355146,0.7414001268605092,0.5729410124583747,0.5727046046005541,0.5300382977276197,0.9775237647595246,0.8125038248222559,0.6613342717977885,0.018949594617388692,0.7929781370177096],"transport.delay_factor.roads.max":[1.0578635150428999,1.0183423366673796,1.6918744085413335,1.0302377880036886,1.3690685428846143,1.276773207850003,4.420790753308822,1.232283459820093,1.0039545086819945,1.004027970790053,1.0060843509038881,1.2067121802147194,1.0041768166078588,1.0452015384936026,1.0578635150428999,1.1984749750021855,1.0039545086819945,1.0514327924656963,1.1415920787274358,2.097201075924807,3.2261665438559564,1.0810071328867252,1.0921423624211213,null,1.0978831727386873,1.1384799691884857,1.2383387835691326,1.7333700419995843,1.405261281170791,5.907913382518604,1.0344628324232013,1.0279527127956627,1.1282370083464346,1.0750337216725905,1.042844029705232,1.1185909383381738,2.413484353733957,3.6145974564086836,1.074577344615713,1.1271343435585965,1.1396804969505405,1.5350025041698778,2.6171913058026797,1.3573759223725737,1.682839953026031,1.2705536315019264,1.3573759223725737,1.6261773502677443,3.086453310618311,1.550622307390283,1.0175247688643503,null,3.9961129554835786,1.0798195481377275,1.0039545086819945,1.0578635150428999,1.3258904654316772,1.0306409035059705,1.011113828201038,1.0728062826251927,1.0046625501209017,1.3524610612227614,1.0349872140346998,null,1.0921423624211213,1.0325752522828369,1.0272700827760606,1.1789055869072285,1.013683200533762,null,2.5702935407138896,1.7011295142102285,1.4920133241487383,1.2156385803262173,1.017827971036571,null,null,1.0965013317947854,1.1176427812359258,1.0117540083281809,1.0714112854297257,1.1933706682234317,1.0689635514856979,1.0688497985016063,1.050513676208193,1.5843718290355753,1.2789212676211454,1.1224233026792332,null,1.2530607720424412],"transport.cargo_vehicle_flow.roads.total":[370.14788812587886,2579.023147141139,7661.2950343996845,1795.3013675504099,5297.611383634187,6372.758667848459,87227.30558835587,5448.619097996325,167.98984709331424,565.6964534893433,170.33330522241536,4554.933946412165,null,461.20374145728545,1102.2077964269079,1536.572229128036,135.43401705449085,2262.2200590847924,4187.812123844575,3870.37303068766,5287.558925993608,8825.032087977454,3477.791409822359,null,0.09749727652179131,5104.655649518562,2830.664505469226,145.15197513084263,4334.524136436925,20006.98814684256,256.22573373238623,4536.916192720116,8350.996962886838,54.822041332851455,2619.4999294066947,388.89307440922744,11833.429845552624,6654.919454754567,2024.2120633515847,910.3940954069226,75.79501237670661,6300.749966090671,8869.926764618456,5799.461370198059,18334.700619999538,3511.936329327646,361.86431511749834,19491.131276728192,444.6970386028578,18090.77920562232,51.76638752744854,null,389.6344339826685,null,215.13121821742618,1118.6795323283654,517.9554369032415,501.42119737472,681.3332208896616,482.2637607896677,598.5120833343824,500.04858119040904,5963.9081778085165,null,3975.9387852056784,4344.857198887496,2116.889229528639,1802.5893912346803,779.0343714335505,null,33226.25398082943,89.90055101344339,448.88496536305024,884.4386695369437,932.3780987515862,null,null,309.618099129397,2057.7840572061023,407.02309714482874,null,814.0461942896574,2877.9598983148053,259.2620496061516,4693.261761428789,5619.056253587424,null,802.6070047512958,null,997.2343469415318],