{"municipalities_area_set":{"area_entities":{"id":[1,2,3,4,5,6,7,8,10,15,17,18,19,20,21,22,24,25,26,27,29,30,31,32,33,34,36,40,41,44,45,51,54,55,56,57,58,59,61,62,63,65,66,69,70,71,75,76,80,82,85,86,88,89,90,91,92,93,100,101,102,103,104,105,108,109,110,111,114,119,121,123,124,126,130,131,135,138,141,143,147,150,152,154,155,156,157,160,162,164],"transport.cargo_vehicle_flow.roads":[375.56195477444203,286.93844623345257,267.642398889772,256.84189575024936,290.0360679419636,466.8236777114621,1408.3471367511438,294.7574679394762,58.26811606401686,58.26811606401686,65.6872510936757,375.56195477444203,null,70.6845704991664,375.56195477444203,140.78756123838184,58.26811606401686,294.7574679394762,384.87754606119887,294.0167189854237,294.7574679394762,377.1721584715964,493.60223921610043,null,0.0036185920790640725,384.87754606119887,97.93305222524148,41.639914319602454,809.1969118399433,460.5691355198811,33.61122947421277,354.31795819536785,493.60223921610043,41.639914319602454,409.95780406190966,70.6845704991664,431.6177051128365,383.9654324840444,290.0360679419636,466.8236777114621,41.639914319602454,375.56195477444203,289.98549479481113,466.8236777114621,257.8553692683819,217.3314725489152,178.86529332398774,369.6717059710469,33.61122947421277,1359.893243230579,51.795572964030086,null,33.61122947421277,null,58.26811606401686,375.56195477444203,294.0167189854237,65.6872510936757,65.6872510936757,65.6872510936757,58.26811606401686,70.6845704991664,493.60223921610043,null,493.60223921610043,354.31795819536785,206.46629154976824,158.2926748357532,75.45336201845404,null,1425.7195152072675,6.317627219765046,41.639914319602454,178.86529332398774,242.22114602139362,null,null,41.639914319602454,294.0167189854237,65.6872510936757,null,65.6872510936757,242.22114602139362,70.6845704991664,493.60223921610043,289.98549479481113,null,289.98549479481113,null,91.5656888571537],"transport.volume_to_capacity_ratio.roads.max":[0.543463611050985,0.4077087699765423,1.0116490738917574,0.46520485863594613,0.8586621620996127,0.8051828302267473,1.5124459548404472,0.7671339788566521,0.2773741162771045,0.27881865872460376,0.30872273737973427,0.7485746793739261,0.28239482952408296,0.5121963708918296,0.543463611050985,0.7396271548387697,0.2773741162771045,0.5275741251534666,0.6800080616515486,1.1360068568947022,1.353508037219496,0.591392647580865,0.6108053870455792,0.12774006277777247,0.6143139003045366,0.6745843362046983,0.7737936924362049,1.027923303825368,0.9281634090874025,1.652175262665543,0.47797708108526804,0.45286869266799995,0.662878952976379,0.5795922120005073,0.5036390772373153,0.6523184658836765,1.2173628223392021,1.4574989988127054,0.5766195697795555,0.662751886780224,0.6768538167906762,0.9478334300134706,1.249526365317582,0.8532954545274767,1.000496478850108,0.7962026236083667,0.8532954545274767,0.9859788370909589,1.334104191257189,0.9718552484322877,0.4030931903142837,0.12774006277777247,1.4626321638402264,0.5900153080109796,0.2773741162771045,0.543463611050985,0.8387665493245203,0.4628841593978477,0.35896496495143176,0.5751647516189645,0.28892830660570606,0.9406613435309963,0.479550832156427,0.09573969498289359,0.6108053870455792,0.47049241375662765,0.4496341404310725,0.7500511816995549,0.3788857691818338,0.12774006277777247,1.2445743708734605,1.0273774189148646,0.9268178902158042,0.7519380327933731,0.40446686042440033,0.06622117655235332,0.12774006277777247,0.6183932574672203,0.6475522480195024,0.36416051164369023,0.5729932215628059,0.7340669896480276,0.5681222795812165,0.569279734528062,0.5250431899335929,0.9676003505029062,0.8059889325780236,0.6586919389209216,0.01653868150017405,0.7870819868269164],"transport.delay_factor.roads.max":[1.0558239228339688,1.0176799785352064,1.6703467793134588,1.0299748446885606,1.347911894357687,1.269003540204291,4.348878819798632,1.2216485282525715,1.003778670754662,1.0038661635633956,1.0058137882118183,1.2009650362909368,1.0040701174072486,1.044047976462934,1.0558239228339688,1.1915275989497254,1.003778670754662,1.0495808449595674,1.136847295708921,2.0658688865954407,3.147945856791105,1.078285919628493,1.0890822973921652,null,1.0911467826861947,1.1325332917461757,1.2294461183957337,1.7145338733099105,1.4749826509626174,5.768748683894862,1.0334047530155015,1.0269196350444956,1.1235710946611017,1.0722221044198,1.0411772796815932,1.1158827158716553,2.4055947031858316,3.8881053724109482,1.0707517986467434,1.1234763733264939,1.134325820791659,1.5165448817635823,2.560133172226816,1.3392951897826126,1.641271932695997,1.2572020295615762,1.3392951897826126,1.6048537082996073,3.027397787584688,1.5709345322010588,1.0168966971375615,null,3.929007285722589,1.0775591592098488,1.003778670754662,1.0558239228339688,1.3167702464651783,1.029381181042968,1.0106271839681693,1.0700404657853753,1.0044586737762426,1.5010870305906545,1.033846874398109,null,1.0890822973921652,1.0313610413374799,1.026158756307624,1.20255528189404,1.0131928675916084,null,2.5355479685369953,1.7130172517573317,1.472234385961019,1.20460120229952,1.0171386374326468,null,null,1.093592049301884,1.1125328286598961,1.011251590174105,1.0689886920663754,1.1858329634808982,1.0666725794997134,1.0672175794998124,1.0486362512534164,1.56100152525087,1.2700824019660513,1.1204784490970157,null,1.2456178168922774],"transport.cargo_vehicle_flow.roads.total":[367.5646148301925,2558.5498613880004,7691.854033964192,1780.1046529675586,5269.242905199303,6325.268621203424,86627.86199488823,5400.010071269914,166.29559242784725,559.9911452689597,168.61541570676388,4522.872783003137,null,454.9608252871433,1094.696504546328,1522.6858808565532,134.0681028684386,2242.4814805179,4161.4017675380055,3836.206344642843,5336.958942006015,8800.583551390651,3451.084225041268,null,0.0018092960395320362,5070.077585318695,2804.3156873247294,144.06813533182827,4377.676154523727,19692.541642543893,254.46243432617035,4487.545480230155,8269.96905877933,54.40550923494974,2595.2303074884067,384.2762547879769,11648.402595458276,6768.772368297073,2016.7374924416795,903.6098030290607,75.22546639475097,6256.595792057522,8785.712137150796,5757.381731299142,18045.402841141593,3481.090186921486,357.7305866479755,19667.34968710464,441.70240970391524,17968.780331054888,51.795572964030086,null,386.93535517727963,null,212.9615212002606,1110.691184434827,514.482651373645,496.36413459553717,674.4616628270555,477.3999095460284,592.4758144343675,513.9896785634052,5917.029696386052,null,3944.686464257368,4233.479506341441,2156.2298301887045,1849.1166124423378,771.5397207478225,null,33227.83496554272,78.40557506234099,445.5271891730922,876.0780820375421,925.3741568192299,null,null,307.2846630366775,2044.6819909796704,402.91808250720345,null,805.8361650144069,2856.2958868129817,256.1841698586513,4652.384499908859,5573.315449775992,null,796.7722494293301,null,982.9372575749201],