{"municipalities_area_set":{"area_entities":{"id":[1,2,3,4,5,6,7,8,10,15,17,18,19,20,21,22,24,25,26,27,29,30,31,32,33,34,36,40,41,44,45,51,54,55,56,57,58,59,61,62,63,65,66,69,70,71,75,76,80,82,85,86,88,89,90,91,92,93,100,101,102,103,104,105,108,109,110,111,114,119,121,123,124,126,130,131,135,138,141,143,147,150,152,154,155,156,157,160,162,164],"transport.cargo_vehicle_flow.roads":[372.6957423404405,284.0748085146417,266.01649060211065,254.41873747330993,285.98485449034416,466.84883516897094,1399.727672999191,292.079310115709,57.66861670160212,57.66861670160212,65.0114189609503,372.6957423404405,null,69.37268231212066,372.6957423404405,139.4916024162985,57.66861670160212,292.079310115709,381.9179295918126,288.50320101555,292.079310115709,374.2533318784111,489.63016106243407,null,0.029636555126468844,381.9179295918126,97.0617126521452,41.32924024096809,782.352097806966,456.43027546861555,33.486527204181805,352.4204395790985,489.63016106243407,41.32924024096809,406.84027761719835,69.37268231212066,428.52449368068284,381.3050338371762,285.98485449034416,466.84883516897094,41.32924024096809,372.6957423404405,287.5892738745327,466.84883516897094,255.4855819511264,216.47911511182363,181.05302468140692,367.2756794056629,33.486527204181805,1352.3082145694875,47.60537714229481,null,33.486527204181805,null,57.66861670160212,372.6957423404405,288.50320101555,65.0114189609503,65.0114189609503,65.0114189609503,57.66861670160212,69.37268231212066,489.63016106243407,null,489.63016106243407,352.4204395790985,186.41993753509297,138.61049118404557,74.7189671498319,null,1417.447959215005,6.3613651780624885,41.32924024096809,181.05302468140692,240.8978238732552,null,null,41.32924024096809,288.50320101555,65.0114189609503,null,65.0114189609503,240.8978238732552,69.37268231212066,489.63016106243407,287.5892738745327,null,287.5892738745327,null,90.31702160564271],"transport.volume_to_capacity_ratio.roads.max":[0.5384263578458853,0.40383851856315994,0.9995373596517784,0.46256374243010345,0.8554283015553599,0.7987511435333261,1.508699976181227,0.7584142710837068,0.2740574815325392,0.27576663781158833,0.305006974839989,0.7402715185602406,0.2802158180469067,0.5080950042560144,0.5384263578458853,0.732557453098048,0.2740574815325392,0.5211202217820862,0.6723916431055993,1.1271660836687074,1.3587481169981475,0.5859487446835733,0.6053368482395634,0.1262728555711453,0.6099985522691368,0.6667695019915869,0.7662658199235006,1.0205244818743595,0.9577261494181871,1.64676060036596,0.47415025861728977,0.4481056746884887,0.6565043885057387,0.5732574800551621,0.49834234816174877,0.6460907348837382,1.2137404388811133,1.4512135847442393,0.5749530318282776,0.65760111835667,0.6692095743676992,0.9392289382795646,1.2379814820906057,0.8449959658089277,0.997277623272405,0.7968536918089063,0.8449959658089277,0.9805285787475717,1.3240908051840692,0.9737511256818027,0.3990538429173724,0.1262728555711453,1.4566085218220677,0.5850590128462213,0.2740574815325392,0.5384263578458853,0.8320766561752541,0.45766479694885775,0.35468520955454946,0.5686512555151876,0.2855333052651276,0.7395300877038198,0.4754532767424004,0.09453071455180015,0.6053368482395634,0.46551292640754705,0.4440086733454458,0.743457840471533,0.3751327245608384,0.1262728555711453,1.2374296367913327,1.0187849470095334,0.917315136209861,0.7452684303929823,0.40013248555488673,0.0656732909268576,0.1262728555711453,0.6133420544817536,0.6399972618246198,0.3599288935146755,0.5670769066098854,0.7259395312647369,0.5624768377640039,0.564438911133895,0.5197950250542637,0.9570302090238608,0.7990414360844943,0.6498355632216569,0.018488724353666046,0.778566909992866],"transport.delay_factor.roads.max":[1.053780816938046,1.0170444404977133,1.6388164623536787,1.029299912689295,1.3427002589267554,1.260510927841871,4.315824284522243,1.211741487689162,1.0035995414813093,1.0036996042073374,1.0055335264676437,1.1921959076029172,1.0039213807926914,1.0426539910268895,1.053780816938046,1.184309083277053,1.0035995414813093,1.0471988783664248,1.1308185112629414,2.0330744569799357,3.181402441713592,1.07544291954415,1.0859452231124889,null,1.0886125411680532,1.1264879352856607,1.2206468792527283,1.6941825377276993,1.5384499681484025,5.706540984436883,1.0323477398016245,1.025804874361608,1.1188859433329146,1.069116047593538,1.0394721834835372,1.111520325080885,2.388939283438397,3.838607295201407,1.0699373943307828,1.1196823605697273,1.1283596597131873,1.4980418458608953,2.5032685372039243,1.3262860573182946,1.633059123487389,1.2580443356129192,1.3262860573182949,1.5915902380300269,2.9672114924306046,1.575402659594123,1.01622953077576,null,3.8810537437206984,1.0749857380141714,1.0035995414813093,1.053780816938046,1.306784438438493,1.0280782480964807,1.0101166894309588,1.0669212405991082,1.0042524738877503,1.191427075999917,1.032707974735748,null,1.0859452231124889,1.0300543233111175,1.0248740091139992,1.1955263789537907,1.0126779439194642,null,2.5005899279836026,1.6894615506293909,1.4531627594134937,1.197438059303172,1.016411531081542,null,null,1.0905713723658503,1.1073723448534007,1.0107384375846722,1.066183208953451,1.1777386023404088,1.0640694889364704,1.0649602601580332,1.0467206039539865,1.5368865950243096,1.2608898474543204,1.1141284382287657,null,1.2351601567379795],"transport.cargo_vehicle_flow.roads.total":[364.9368482745218,2539.2135617349772,7487.222206065595,1764.709580786268,5211.983076057774,6299.829344359426,86337.82039962953,5351.0130653349315,164.58463782064243,554.2296009249175,166.880593285211,4489.95249654293,null,448.05699845363824,1087.0516507576467,1508.647432447965,132.68872512947962,2222.5005902893954,4128.017542694679,3779.9495984497426,5222.047625027836,8737.86072505296,3426.151087430405,null,0.014818277563234422,5028.42713402231,2773.2242039906323,142.9679148575762,4100.905053818871,19196.167190380365,253.43144622539805,4419.479296777616,8201.633242803135,53.982702997416055,2574.9913344266715,378.68431614151757,11591.590920532351,6734.040781423202,1992.6798592228013,899.9756206227751,74.6473231179001,6211.685314732789,8709.166111763658,5729.181631825248,18218.958882248226,3521.1158186608536,362.10604936281385,19373.37824686956,439.88983804243253,17593.69817946489,47.60537714229481,null,385.37663249161983,null,210.7704378977189,1102.5694388894842,507.04967650896856,491.25722532308646,667.5223731408441,472.48811625799317,586.380047195054,499.43446179181115,5873.671872739259,null,3915.7812484928395,4185.560208888139,2009.9962735342285,1759.904840680641,763.9682363027009,null,32640.185959875453,68.51934710094076,442.11868265778065,872.0185312690089,918.8885987333475,null,null,304.9160238498244,2000.3600765673891,398.7726055313724,null,797.5452110627447,2836.1780479658446,252.4562107610117,4614.425223035432,5526.505572897447,null,790.1984554339924,null,974.5083101442203],