{"municipalities_area_set":{"area_entities":{"id":[1,2,3,4,5,6,7,8,10,15,17,18,19,20,21,22,24,25,26,27,29,30,31,32,33,34,36,40,41,44,45,51,54,55,56,57,58,59,61,62,63,65,66,69,70,71,75,76,80,82,85,86,88,89,90,91,92,93,100,101,102,103,104,105,108,109,110,111,114,119,121,123,124,126,130,131,135,138,141,143,147,150,152,154,155,156,157,160,162,164],"transport.cargo_vehicle_flow.roads":[369.7868123415973,277.378762199098,265.98653967386184,251.9698224148071,286.30430163594497,464.0884247844285,1384.2810974907532,289.3708262761314,57.063645714286324,57.063645714286324,64.32941851486513,369.7868123415973,null,64.66368230482442,369.7868123415973,138.18128391790054,57.063645714286324,289.3708262761314,379.32586785236975,289.4911369302746,289.3708262761314,371.6878381121186,485.9103124906222,null,0.0,379.32586785236975,96.45186067285071,41.014104668992346,809.8790834094148,452.2436875047745,33.354132350809664,350.0840667765743,485.9103124906222,41.014104668992346,403.5852219361499,64.66368230482442,431.9200372970027,385.25924087062265,286.30430163594497,464.0884247844285,41.014104668992346,369.7868123415973,285.1672709566942,464.0884247844285,253.08946629728135,218.98740882652478,180.0770380098628,368.229269796026,33.354132350809664,1340.6648880610544,46.55326854637478,null,33.354132350809664,null,57.063645714286324,369.7868123415973,289.4911369302746,64.32941851486513,64.32941851486513,64.32941851486513,57.063645714286324,64.66368230482442,485.9103124906222,null,485.9103124906222,350.0840667765743,195.16452185974092,147.7247512780514,73.97786946632408,null,1408.9039382786052,6.205468119744671,41.014104668992346,180.0770380098628,242.93786838389985,null,null,41.014104668992346,289.4911369302746,64.32941851486513,null,64.32941851486513,242.93786838389985,64.66368230482442,481.79746479693506,285.1672709566942,null,285.1672709566942,null,88.04165475942771],"transport.volume_to_capacity_ratio.roads.max":[0.5330717116116095,0.3997557303970954,0.9902720151890982,0.45716720606690336,0.8486380003471713,0.7933120923480688,1.4994285677577541,0.7493598809816939,0.27056825029808435,0.27254132070283527,0.3010981616683723,0.7327472740512525,0.27789302857907566,0.5041414952173446,0.5330717116116095,0.7250596455250684,0.27056825029808435,0.5225746920838803,0.6654563770003589,1.1191704110001717,1.3436222177678572,0.5798150436937869,0.5995774580210633,0.12473621541621453,0.5553012420450564,0.6586772704161609,0.7582791354668129,1.0126910604478132,0.9767248575847979,1.635445302112828,0.47058023196724696,0.4432735415583077,0.6497621303393943,0.5673228091397187,0.4917075207569323,0.6411580118511153,1.2031903460951519,1.4307688719675211,0.5683009903089499,0.6526645347366428,0.6622231874723747,0.9300731004547516,1.225508995934095,0.8313168185351176,0.9793246307098299,0.7827693307507851,0.8313168185351176,0.9779767646245684,1.3149113960813315,0.9852656567475544,0.3944345138498269,0.12473621541621453,1.44914690040903,0.5799706317500927,0.27056825029808435,0.5330717116116095,0.8235576411698777,0.4522126546476793,0.35017975387254435,0.5621876177965741,0.281958822155138,0.8017256949725493,0.47112150036604844,0.09343555751947522,0.5995774580210633,0.46045411005884196,0.43941685315400225,0.7030110225879581,0.3711560702923155,0.12473621541621453,1.230176874223695,1.0074352996511395,0.9068223969661952,0.7330599863367923,0.39568031224098227,0.06486776631670069,0.12473621541621453,0.6078647976083974,0.6313995541188457,0.35550932102784216,0.561115300979316,0.7176255084032841,0.5562896631700474,0.5601797552262441,0.5132055692770865,0.9459338320966306,0.7921922194406201,0.6446265627226877,0.0014760063473258538,0.7707634268007313],"transport.delay_factor.roads.max":[1.0516705112911093,1.016344015513135,1.615457401255986,1.027956336065344,1.331947859761649,1.2534873381294176,4.235065645971286,1.201809556021832,1.0034209895102837,1.0035306557148989,1.0052588816043386,1.1845001908898294,1.003818081318059,1.0413418354857753,1.0516705112911093,1.1768784449694665,1.0034209895102837,1.047728025418469,1.1255042228646612,2.0040719910326628,3.0858769280973695,1.0723332353620247,1.0827105978875489,null,1.0608547599225597,1.1204677176484081,1.2115906141053272,1.6731128461223297,1.5824637963252621,5.578508960148629,1.0313844622609785,1.0247096851860082,1.1140768598900108,1.0662980801969872,1.0374116943724347,1.1081534227408367,2.34127345200855,3.6819946425518166,1.0667565102230927,1.116128824639136,1.1230828396397246,1.4789038292363892,2.4435970578241015,1.3056653720474054,1.5886900342194639,1.2402786481473567,1.3056653720474054,1.5854558105793624,2.9132244898108177,1.6031055897564617,1.01549100565336,null,3.822471874795769,1.0724109064632932,1.0034209895102837,1.0516705112911093,1.2944123190250187,1.0267674930761899,1.0096225983494893,1.0639300550025834,1.0040448389884409,1.2644132322347592,1.031529107086507,null,1.0827105978875489,1.0287690412869523,1.0238608995464706,1.1563250267551377,1.0121452440335779,null,2.465717281045224,1.659247710687482,1.432781737014136,1.184815346866298,1.0156857195742377,null,null,1.0873791765727279,1.1017178231798437,1.0102173790490443,1.0634436879433635,1.1697350154279504,1.061284434416209,1.0630216271273016,1.0443961608960575,1.5124163853314991,1.2520590322780796,1.1105128459165168,null,1.225873025796356],"transport.cargo_vehicle_flow.roads.total":[362.2661129867141,2511.6129910749833,7651.499160184505,1749.1255470279389,5184.392913363827,6257.101594571697,85790.67353023353,5301.463517702705,162.8580673472327,548.4154710211933,165.12993715614184,4453.384993821162,null,428.36279237590315,1079.277639605259,1494.4656664202569,131.2967578231956,2202.2896960434114,4098.8214335875355,3770.799485008878,5191.384838840325,8678.978041818042,3389.033644353294,null,0.0,4990.871384530111,2710.156605254554,141.85196876895805,4258.544914917493,19343.13917036094,252.37495532302137,4417.285762414145,8078.12322242823,53.55387451031301,2546.27182567904,363.69911007107874,11796.707207286401,6738.704188827345,1985.7233730593402,893.8716563673854,74.06092684480919,6166.044620129022,8577.345227558897,5689.633670397717,17945.100229704592,3500.745739814061,360.1540760197256,19447.215539704,438.0416459444233,17429.90224034128,46.55326854637478,null,383.7794211518899,null,208.5593565989988,1094.3190383150254,505.8231466789093,486.1037053389409,660.5197486245672,467.53149307997194,580.2286439469157,468.546290285201,5806.246663725343,null,3870.831109150229,4151.596183153141,2065.2932097134712,1756.773893208365,756.3246936072981,null,32343.739012762908,71.95159201826539,438.66147533903313,864.7214184532211,918.5397562650693,null,null,302.513592299897,2116.823230055784,394.5892928271487,null,789.1785856542974,2834.4617771838757,242.4660733807192,4556.56179936061,5465.518305215639,null,783.5519548077939,null,947.6422211069665],