{"municipalities_area_set":{"area_entities":{"id":[1,2,3,4,5,6,7,8,10,15,17,18,19,20,21,22,24,25,26,27,29,30,31,32,33,34,36,40,41,44,45,51,54,55,56,57,58,59,61,62,63,65,66,69,70,71,75,76,80,82,85,86,88,89,90,91,92,93,100,101,102,103,104,105,108,109,110,111,114,119,121,123,124,126,130,131,135,138,141,143,147,150,152,154,155,156,157,160,162,164],"transport.cargo_vehicle_flow.roads":[366.83694879597726,273.9261197809894,266.3717391182046,249.49669762327972,284.8991274010063,458.08660400166866,1379.8359024295285,286.6337193088913,56.45358922244549,56.45358922244549,63.64168503954821,366.83694879597726,null,62.94845539150134,366.83694879597726,136.85743094991955,56.45358922244549,286.6337193088913,376.40233574959314,290.36578512790004,286.6337193088913,368.46868203718793,482.4744962020872,null,null,376.40233574959314,95.74045324651088,40.69470160883344,763.9599071724253,448.0120000659076,33.25469886033414,348.27818311124963,482.4744962020872,40.69470160883344,400.3122283778135,62.94845539150134,423.99562334317335,377.96399901287515,284.8991274010063,458.08660400166866,40.69470160883344,366.83694879597726,282.6410051024312,458.08660400166866,250.66853101475118,218.42089240575325,176.1810167583801,366.1439292445323,33.25469886033414,1334.2449772432751,48.41372953890013,null,33.25469886033414,null,56.45358922244549,366.83694879597726,290.36578512790004,63.64168503954821,63.64168503954821,63.64168503954821,56.45358922244549,62.94845539150134,482.4744962020872,null,482.4744962020872,348.27818311124963,185.59991727758526,138.5351014926127,73.23054197064013,null,1400.210034053544,5.466657726893681,40.69470160883344,176.1810167583801,241.95205558899985,null,null,40.69470160883344,290.36578512790004,63.64168503954821,null,63.64168503954821,241.95205558899985,62.94845539150134,477.1975126823988,282.6410051024312,null,282.6410051024312,null,87.5180154859373],"transport.volume_to_capacity_ratio.roads.max":[0.5274896931307341,0.3955177897984803,0.9769254936853905,0.45302384230615067,0.8423599990156073,0.78514678097575,1.490438703641661,0.740277504640639,0.2669320367644424,0.2691894790939615,0.29700454329515347,0.7250294611136198,0.27536231506648795,0.49984982358787833,0.5274896931307341,0.7172290424631514,0.2669320367644424,0.516042950649065,0.6579340793666237,1.107413302750587,1.3331377320443345,0.5735045311043234,0.5937750093308195,0.12312558555830852,0.5592310206006874,0.6502443774833175,0.7499222312412028,1.00424242486964,0.9530874274014053,1.625224524411182,0.46616269124761545,0.43853084688720295,0.642761399553372,0.5605244533431812,0.4862919151646101,0.6355191583187906,1.1888711594179937,1.4120756923949842,0.5638437928440441,0.6460392612373334,0.6543402482046816,0.9205449335093895,1.212434359370811,0.8190864998160438,0.9743613911990109,0.7774692131541538,0.8190864998160438,0.9706975654449733,1.3033349966637293,0.9377911623918206,0.39016902321392477,0.12312558555830852,1.442679163696532,0.5744798265245973,0.2669320367644424,0.5274896931307341,0.8160427228421219,0.4465248899737273,0.34547195892469534,0.5554398851336733,0.2782325792714643,0.9738052625714565,0.466687673422761,0.09228683319071547,0.5937750093308195,0.45547436921133255,0.4336328277300886,0.6934854361902189,0.36703381269478275,0.12312558555830852,1.222782994237544,0.9954415254622795,0.8956859121694749,0.7224017003036775,0.3908896958524723,0.0644684601201287,0.12312558555830852,0.602036622028762,0.624092375435417,0.35084922476666813,0.5547744542898698,0.7089608471823167,0.5498398802670741,0.5554438718380312,0.507818373738497,0.9342019127661995,0.7838447052892927,0.6382139585664328,0.0013312862184178753,0.7625094151669594],"transport.delay_factor.roads.max":[1.0495580480249922,1.0156618861531699,1.5829425361768976,1.0269565439188817,1.322233668518874,1.2432110999221464,4.1581769032247315,1.1922021243170897,1.0032403541236778,1.0033599054944784,1.0049671933321496,1.1768489928359351,1.0036804002984416,1.0399519651946227,1.0495580480249922,1.1693602327297226,1.0032403541236778,1.0453861530334843,1.1199249382302432,1.9625402929418567,3.021529372944899,1.0692352696459342,1.0795550283076938,null,1.0625957704206463,1.1144159040604618,1.2024160228032326,1.6509299163127402,1.5280936391066113,5.465123161873604,1.0302224747494981,1.0236706790762393,1.1092393544101786,1.0631768879699244,1.0357905334155657,1.1043985731801118,2.27855419311723,3.5445552338320594,1.064686728757686,1.1114847903083793,1.117326066747318,1.4595787528816309,2.3829704977985937,1.2880706720378798,1.576846472641929,1.2338367552077507,1.28807067203788,1.568218979164473,2.846733390605734,1.4949992224719335,1.014831706388205,null,3.7724199266124323,1.069707435294788,1.0032403541236778,1.0495580480249922,1.283812526007984,1.0254491910388948,1.0091089776469502,1.0609155575690703,1.0038342845050738,1.57553063113568,1.0303588484517259,null,1.0795550283076938,1.0275463657010904,1.0226291678797976,1.1480230517607721,1.0116079971513339,null,2.4307953982611803,1.628409856977169,1.4119105807132362,1.1742990467643186,1.0149526050414035,null,null,1.0840759174626957,1.097090219124799,1.0096953770371644,1.0606241682969466,1.1616847206384628,1.0584958315790554,1.060917306488728,1.0425611756061366,1.4874644879984953,1.2416017582097667,1.106180598303385,null,1.2163519511429692],"transport.cargo_vehicle_flow.roads.total":[359.5540303150706,2490.3787274953525,7418.96886888458,1733.3622857140958,5150.18087586151,6190.541889063111,85863.73838257728,5251.445663436213,161.11698298449707,542.5524664035498,163.36456466901114,4419.217048006312,null,420.35201895333796,1071.379172464305,1480.1495676366771,129.89308936729736,2181.8614884384883,4066.6402605361773,3765.2626640476537,5091.380308149122,8611.308057444918,3361.4905228555454,null,null,4950.2424138903025,2677.3338971728012,140.72098439376694,4057.73215786972,19053.55433287319,251.49352515570482,4386.629388020997,8001.053892764018,53.119287987011184,2524.5034921455167,357.40356356183656,11654.834735002278,6666.551232467192,1974.6704506109313,884.3631270090159,73.4666387914279,6119.701433837106,8490.680664060306,5632.4068624921365,17888.416376602334,3492.2237106750276,352.3620335167602,18794.287361055023,436.4776525907413,17334.001529742924,48.41372953890013,null,382.45568276449615,null,206.32968851812623,1085.9450094261185,504.5531306395053,480.9068638571556,653.4582586760445,462.53320355739993,574.0255307991133,480.03813709433206,5758.032053306916,null,3838.6880355379435,4182.414296344781,1992.3059012270608,1691.9839851786755,748.6139581741944,null,32120.618992322332,81.61748616728549,435.1576966385286,854.468194969401,912.2788022012103,null,null,300.0788483548005,1999.07909021449,390.37081437757047,null,780.7416287551409,2815.001009133237,238.26904237455773,4514.743032598621,5414.8096063851235,null,776.6579305730702,null,936.4761950783303],