{"municipalities_area_set":{"area_entities":{"id":[1,2,3,4,5,6,7,8,10,15,17,18,19,20,21,22,24,25,26,27,29,30,31,32,33,34,36,40,41,44,45,51,54,55,56,57,58,59,61,62,63,65,66,69,70,71,75,76,80,82,85,86,88,89,90,91,92,93,100,101,102,103,104,105,108,109,110,111,114,119,121,123,124,126,130,131,135,138,141,143,147,150,152,154,155,156,157,160,162,164],"transport.cargo_vehicle_flow.roads":[363.84801750186443,271.8089507784666,259.329069993762,247.00094349285425,262.03749603286843,476.18211809620954,1384.5521635476086,283.8697353801493,55.83883848366636,55.83883848366636,62.948659610446605,363.84801750186443,null,62.5632612196493,363.84801750186443,135.52088857251078,55.83883848366636,283.8697353801493,373.29975932867194,265.70176996651827,283.8697353801493,362.0700257420667,474.70282251025844,null,null,373.29975932867194,95.45850689220867,40.37123334682666,785.8525156086469,443.7379114497632,33.41578505675703,349.3042789259691,474.70282251025844,40.37123334682666,392.71633147874013,62.5632612196493,424.4457606254899,361.0836032581546,262.03749603286843,476.18211809620954,40.37123334682666,363.84801750186443,279.56534151632087,476.18211809620954,248.22432135818516,216.1292460289,196.55179937524414,362.6858140745715,33.41578505675703,1329.9055715174024,26.095927095276267,null,33.41578505675703,null,55.83883848366636,363.84801750186443,265.70176996651827,62.948659610446605,62.948659610446605,62.948659610446605,55.83883848366636,62.5632612196493,474.70282251025844,null,474.70282251025844,349.3042789259691,183.53515843439104,136.85033943467013,72.47746395864264,null,1387.0646192813952,6.479466389064617,40.37123334682666,196.55179937524414,239.60584287124206,null,null,40.37123334682666,265.70176996651827,62.948659610446605,null,62.948659610446605,239.60584287124206,62.5632612196493,474.017793066027,279.56534151632087,null,279.56534151632087,null,87.37557225074076],"transport.volume_to_capacity_ratio.roads.max":[0.5216323980920956,0.3888523346508565,0.9647196062554005,0.45266345293815125,0.8271277823661989,0.7793851593457614,1.4857400794364726,0.732013641899289,0.26313711709425064,0.26567557580414597,0.29271510867914097,0.7168430975578823,0.2726659228992122,0.4954498113680609,0.5216323980920956,0.7090278183464277,0.26313711709425064,0.5092314281025927,0.6498957458475771,1.0975500604695216,1.323740893758851,0.5638524629385655,0.5854048843939107,0.12144945732099471,0.556312961887645,0.6413495572945296,0.7419298706882098,0.995406997817321,0.9003247819562055,1.613072183162792,0.461983787630402,0.43374138222213177,0.6311549240972181,0.5536558556220351,0.480636408432227,0.6298743267684467,1.1848716891782105,1.4119886744706889,0.5512198023598511,0.6410602273373831,0.6462464092754098,0.9105529083265312,1.1983127238253768,0.8324471667352766,0.9637549976729506,0.7709647503412982,0.8324471667352766,0.9611263660950143,1.292536197742407,0.9404110626091897,0.38567539325814254,0.12144945732099471,1.4330808482752964,0.5686770379693096,0.26313711709425064,0.5216323980920956,0.8089608911475354,0.44051922152362066,0.3405331357863411,0.5483149595763297,0.27434419930007103,0.7741684498989654,0.4597991128227342,0.09106434140791354,0.5854048843939107,0.4504356812232323,0.4281409054518025,0.6850839675935753,0.3626967562812092,0.12144945732099471,1.2145057439740548,0.999125420973941,0.8844121690101396,0.7368969095155413,0.385764647903545,0.06407435632738309,0.12144945732099471,0.5959287048612097,0.6165152889483325,0.3460047679542946,0.5480843452216868,0.6997984754745915,0.5432549721637622,0.5506270535693237,0.5022253906907621,0.9217600656766881,0.7757865174940001,0.6316934983627723,0.002331695463907275,0.7541725539142743],"transport.delay_factor.roads.max":[1.0473847073446794,1.0146325095797093,1.5543504361694906,1.0268708683801238,1.2995507479184183,1.236150300021465,4.118540081681447,1.1837624078400895,1.003059982461383,1.0031847056788255,1.0046859063505602,1.168995992158481,1.0035364282874228,1.0385636953736912,1.0473847073446794,1.1617458227340822,1.003059982461383,1.0430368791051978,1.1141653231721511,1.92870402129439,2.965132852621847,1.0646907075404322,1.0751632137236584,null,1.0612994657988384,1.1082827236635213,1.193923928230239,1.6283226740216294,1.4205104492522045,5.333064781799975,1.0291532458191286,1.022651836093559,1.1015602761832832,1.060136696047533,1.034154398153021,1.1007385284788098,2.2614361274221286,3.543928067882416,1.0590852691433095,1.1080874589034821,1.1116278464145766,1.4399629516892918,2.3196557576038117,1.307331228529896,1.5521366127333243,1.2261091105681252,1.307331228529896,1.5461374255549012,2.786285330773594,1.5005539482818537,1.014156892248624,null,3.699372023221293,1.0669333781695118,1.003059982461383,1.0473847073446794,1.2740880362932308,1.024101242155776,1.0086004019417267,1.0578495990534247,1.0036242866857235,1.2298909353163718,1.028605694082229,null,1.0751632137236584,1.0263457834136258,1.0215043770774745,1.1409792484084662,1.011073079230024,null,2.3924456940264713,1.6377640131528732,1.391560444059229,1.1887152142695958,1.014174502556442,null,null,1.0807155470551308,1.0924603170846974,1.009165795055916,1.0577435243324684,1.153487121745856,1.055743574456134,1.0588315317401762,1.0407168934127264,1.462010163319597,1.231818923433675,1.1019073719631425,null,1.2070441039451776],"transport.cargo_vehicle_flow.roads.total":[356.8023097335248,2454.4757801746687,7478.534226837052,1717.4298302233979,4947.175735238647,6325.400238321241,85476.56545718409,5201.288805590322,159.3625013707717,536.6443472893906,161.58560803925843,4386.335928419947,null,418.9621426826338,1063.3612214322347,1465.708293747106,128.47861999961543,2161.2289939799202,4060.8552196029927,3579.803858187678,5076.081762983956,8502.240243560818,3320.864669239115,null,null,4935.926807822025,2667.1014509149536,139.575678129948,4260.242780101987,18767.004371461393,252.13876222966468,4366.465567998018,7908.271463296972,52.67921873980533,2499.944985577757,356.3988814629845,11581.988513447282,6615.223844980577,1868.5652598257302,903.628605474463,72.86483541321866,6072.68497323826,8368.264575764952,5728.225991409242,17778.347410556747,3448.334291093819,393.1035987504883,18945.767981200377,437.4459543458152,17574.640039722133,26.095927095276267,null,383.507887170391,null,204.0828636448876,1077.452636968914,477.28505527914695,475.6700338537482,646.3424321570338,457.4964533256939,567.774686096461,468.028212295504,5692.323693457713,null,3794.8824623051423,4175.781538994942,1971.5232841394613,1704.5326114493816,740.8409706034496,null,32279.43567225697,77.485648648066,431.60956597747105,868.6391729492157,902.3782563677414,null,null,297.613334349364,1808.278952047061,386.1198756889635,null,772.239751377927,2784.613734055809,237.59925430865633,4462.690176328085,5326.7436591932465,null,759.8209039682379,null,935.5849526539319],