{"municipalities_area_set":{"area_entities":{"id":[1,2,3,4,5,6,7,8,10,15,17,18,19,20,21,22,24,25,26,27,29,30,31,32,33,34,36,40,41,44,45,51,54,55,56,57,58,59,61,62,63,65,66,69,70,71,75,76,80,82,85,86,88,89,90,91,92,93,100,101,102,103,104,105,108,109,110,111,114,119,121,123,124,126,130,131,135,138,141,143,147,150,152,154,155,156,157,160,162,164],"transport.cargo_vehicle_flow.roads":[360.82195809570965,267.7385181431223,260.7580535756049,244.48416892597248,257.0610375662436,477.09975019731263,1383.5784910250215,281.08065825090046,55.21978885922168,55.21978885922168,62.25078792920557,360.82195809570965,null,60.167126789974034,360.82195809570965,134.1725190062661,55.21978885922168,281.08065825090046,370.3605624302967,260.0686736313137,281.08065825090046,363.67333834834676,468.578748560189,null,null,370.3605624302967,94.04298013410485,40.04390962021202,757.2703877296983,439.424180875263,32.89685074310778,342.9248274339786,468.578748560189,40.04390962021202,385.38791966218264,60.167126789974034,409.8410920821377,350.24410065533203,257.0610375662436,477.09975019731263,40.04390962021202,360.82195809570965,277.79032200427105,477.09975019731263,245.75841419185295,216.76132331603063,199.5722806970969,361.19838334392415,32.89685074310778,1314.270660888338,20.826703590751713,null,32.89685074310778,null,55.21978885922168,360.82195809570965,260.0686736313137,62.25078792920557,62.25078792920557,62.25078792920557,55.21978885922168,60.167126789974034,468.578748560189,null,468.578748560189,342.9248274339786,178.75133510541795,132.4513082040661,71.71911975326532,null,1374.0617436843152,6.603449354813366,40.04390962021202,199.5722806970969,239.24197004056197,null,null,40.04390962021202,260.0686736313137,62.25078792920557,null,62.25078792920557,239.24197004056197,60.167126789974034,468.578748560189,277.79032200427105,null,277.79032200427105,null,85.95963121587035],"transport.volume_to_capacity_ratio.roads.max":[0.5155446585812792,0.3822736756562059,0.952206349219022,0.44696218922719416,0.8158726121297819,0.7715821391233603,1.474854455903843,0.7195905222836346,0.25917538749511193,0.261977975908009,0.2882226287996869,0.7084575524737325,0.2696999323114746,0.48982825839459787,0.5155446585812792,0.7002727727892827,0.25917538749511193,0.5023467799041509,0.6408750024910832,1.0860591066017926,1.3180425361438488,0.5607198107325342,0.5771370953376307,0.11970354702714947,0.5653005808553482,0.6314635037156591,0.7312682027200407,0.9850551768656558,0.8805457374449699,1.6006334637960065,0.4569855747379723,0.42817077906853496,0.6197373992134148,0.545901497833748,0.4741072860059413,0.6223354399936533,1.1743428476716502,1.3849398870314444,0.5442436547227866,0.6344276713000209,0.6371016943551178,0.9001846265280521,1.183324158463,0.8253655224799811,0.9567768347476487,0.7674515598188294,0.8253655224799811,0.9482832271178506,1.2793748211148583,0.9615928696031024,0.38069515806762694,0.11970354702714947,1.4238806221718323,0.5623114697801339,0.25917538749511193,0.5155446585812792,0.79975551414957,0.43410367740632994,0.3353149278711197,0.5405144791145093,0.27027968146144477,0.7529938727702861,0.4531400566037194,0.08968278089771854,0.5771370953376307,0.4446042147421588,0.42222735949222334,0.6752904105841695,0.3581119885799793,0.11970354702714947,1.2064516098557512,0.9900260247363676,0.8715644322864778,0.7310480319415101,0.38049065616817423,0.06315275613347833,0.11970354702714947,0.5890773103942035,0.6085862208512673,0.34087824927774724,0.5411641325346216,0.6898789504615467,0.5360586741714417,0.5443459754407479,0.49575465920394374,0.9088598822862151,0.7674290735846889,0.6237706917020245,0.0011561753415435124,0.7450701763323835],"transport.delay_factor.roads.max":[1.0452060288858207,1.0136671368688162,1.526143568370467,1.025542483184113,1.2835759479204785,1.2268342539789578,4.028144758923331,1.1716017499997253,1.0028797255786963,1.0030124954696198,1.0044052600281614,1.161226086270379,1.0033865611170725,1.0368430282037064,1.0452060288858207,1.1539036563676244,1.0028797255786963,1.0407508376879693,1.107962591960579,1.8904177729079255,2.931513191198454,1.0632650091973057,1.0710061444269732,null,1.0653578414996954,1.1017590382997409,1.1830150196025866,1.6025903950132085,1.3847579926777245,5.2009502950822295,1.0279071175891517,1.0215142936421797,1.0944084342537412,1.0568377814350418,1.0323360145912095,1.0960015195794455,2.2171934375906535,3.3545269591747657,1.0561504797706107,1.1036832118027713,1.1054423348965052,1.420248663450277,2.2548589086558986,1.2970060305521045,1.5363182566861613,1.2220157917459533,1.2970060305521045,1.5175260914309239,2.714578265890833,1.547198516311791,1.0134435847841112,null,3.6307179778043066,1.063986409719452,1.0028797255786963,1.0452060288858207,1.2618236943751362,1.0227293687323988,1.0080846920908066,1.0546272455365207,1.0034138767105598,1.2057527948385351,1.0269842152349753,null,1.0710061444269732,1.0250121110100139,1.020340679609306,1.1330890436617589,1.0105159787239166,null,2.355874843573753,1.6148460934947932,1.3692988618165034,1.1827947099270006,1.0134188033753002,null,null,1.0770671244896188,1.0877947273896744,1.0086374164503975,1.0548903490157797,1.1449678005769774,1.0528578514233842,1.0561927180423414,1.0386586952176944,1.4366844317123577,1.2219897727504563,1.0968901961411972,null,1.1972280556098203],"transport.cargo_vehicle_flow.roads.total":[354.01274087073415,2415.6890960175206,7048.668719448891,1701.3384779700477,4885.567673213858,6329.703989927399,84615.32542064926,5149.795977018422,157.59575085619937,530.694913334975,159.79421135750928,4349.858580737394,null,406.1395010055782,1055.229005387227,1451.1511482333708,127.05425940008044,2140.4055319395184,4048.9695346071508,3515.196355094037,5018.04810553847,8495.760261178486,3274.4794669186003,null,null,4915.43329522216,2612.980304863998,138.4167925187403,4023.199102484309,18352.040227699366,248.77537132032583,4309.596900812275,7768.162853487702,52.233952058948184,2463.39999761603,345.9723742156042,11198.399973388146,6337.459671337491,1842.169293402888,904.2434271324855,72.2559068690542,6025.025812027455,8223.184498952995,5728.011099082352,17725.49937794763,3479.523589773549,399.1445613941938,18538.886465247873,431.75704115443625,16876.45698386681,20.826703590751713,null,378.3255431286371,null,201.82032696744727,1068.847439837178,470.1534087706053,470.39658326249196,639.1768454300371,452.4244816424204,561.4801299104467,460.33508956497815,5614.587323218183,null,3743.0582154787894,4096.396763962902,1932.1795240707227,1661.160638168442,733.0107329942726,null,31554.576908799565,73.88104729399755,428.0193837122911,864.8382067688576,898.6534103597071,null,null,295.11864869558485,1861.511783907334,381.8392106442241,null,763.6784212884482,2772.7462703579945,230.64824947706944,4400.375178857086,5248.592351846698,null,747.3803383379694,null,913.5338078830596],