{"municipalities_area_set":{"area_entities":{"id":[1,2,3,4,5,6,7,8,10,15,17,18,19,20,21,22,24,25,26,27,29,30,31,32,33,34,36,40,41,44,45,51,54,55,56,57,58,59,61,62,63,65,66,69,70,71,75,76,80,82,85,86,88,89,90,91,92,93,100,101,102,103,104,105,108,109,110,111,114,119,121,123,124,126,130,131,135,138,141,143,147,150,152,154,155,156,157,160,162,164],"transport.cargo_vehicle_flow.roads":[428.2925082954221,455.02672194276533,370.78335304574836,303.02026596993267,413.03117633545145,371.4296246676354,2010.144040329105,349.27752692597846,69.83187063773119,69.83187063773119,78.72338992189322,428.2925082954221,null,67.86341398711504,428.2925082954221,165.39457279154053,69.83187063773119,349.27752692597846,300.31657381077844,413.03117633545145,349.27752692597846,343.9225406474129,680.6179183998009,null,null,300.31657381077844,100.12924731811243,47.381524190117204,2010.144040329105,538.8673875926994,33.926699435669086,657.615041091452,680.6179183998009,47.381524190117204,657.615041091452,67.86341398711504,572.6497873206547,303.02026596993267,413.03117633545145,371.4296246676354,47.381524190117204,428.2925082954221,455.02672194276533,371.4296246676354,302.8408476010734,334.53941044913256,146.0670931098383,438.1383804628111,33.926699435669086,1962.2701142652422,102.03891728394942,null,33.926699435669086,null,69.83187063773119,428.2925082954221,413.03117633545145,78.72338992189322,78.72338992189322,78.72338992189322,69.83187063773119,67.86341398711504,680.6179183998009,null,680.6179183998009,657.615041091452,291.9393231497579,334.53941044913256,89.61911857027894,null,1962.2701142652422,null,47.381524190117204,205.77826477592677,310.99225905150195,null,null,47.381524190117204,413.03117633545145,78.72338992189322,null,78.72338992189322,310.99225905150195,67.86341398711504,680.6179183998009,337.7401198549943,null,337.7401198549943,null,226.4766134209346],"transport.volume_to_capacity_ratio.roads.max":[0.5964535220629481,0.5016828008413632,1.3063236779259808,0.463546841889818,2.1477906775364857,0.7743005909425317,4.613447395379909,0.813331634001799,0.3094984484950462,0.3059099384439452,0.3400936885213573,0.9219614512106976,0.27815108430711105,0.4232435260492141,0.5964535220629481,0.8061322664837092,0.3094984484950462,0.5655899021023693,0.6471901425415741,1.7875773153421697,1.9314134570922405,0.552137756124966,0.705600034268694,0.141810119991598,0.6141159213895231,0.7508183961363678,0.7840824485368335,0.9545611529194745,4.613447395379909,2.6797716431740963,0.4723109785899892,0.5816688917195396,0.8297968743881199,0.6299258507326315,0.5845202833988548,0.5521495366440353,2.1331227678979507,0.9657938681116666,1.7284056551722533,0.6258009524068795,0.7365558642534565,1.0441430653771149,0.868496022167889,0.9533937349707409,1.3785010411253993,1.6247323789194863,0.9533937349707409,2.6531106237511377,1.2882344809186894,3.5151981137337085,0.4796343057757491,0.141810119991598,0.972639443289269,0.5178252119760439,0.3094984484950462,0.5964535220629481,0.9040677471773261,0.5001954247844712,0.39387373657740143,0.597316481184067,0.3215700093944931,1.551116542054264,0.5746591573114113,0.09262150921487029,0.705600034268694,0.6126963326958088,1.217666013883434,1.9314134570922405,0.41178624001867464,0.141810119991598,2.0380665161255953,0.4930009274461848,0.915411676563422,0.8546978523236036,0.5394261048868836,0.06935200281633816,0.141810119991598,0.6064954215603225,1.229463946817255,0.4011761174487821,0.60173171121527,0.7797407405167772,0.6268943118482219,0.4748232774090895,0.6082192757097753,2.1251283170559714,0.8726925634364897,0.509330384399088,0.02180873939971391,0.8723954248324545],"transport.delay_factor.roads.max":[1.0809899978794757,1.0405312793628132,2.8636851655823374,1.0295439446298758,14.619380586607642,1.2300479337407975,290.92927927472675,1.2800597075046927,1.0058712301556112,1.005601377363367,1.0085615784115025,1.4624140543669584,1.0038324380717072,1.0205339978600192,1.0809899978794757,1.2702745747950603,1.0058712301556112,1.065491552683875,1.1122725022976503,7.5347564718045215,9.905858083126686,1.0594827290198494,1.1586406011279053,null,1.0910185509540742,1.203385315588021,1.2418950067260046,1.531367513115463,290.92927927472675,34.00327407941447,1.0318458516793994,1.0732589924531788,1.3034360333947899,1.10077149432624,1.0747027415953767,1.0594753171209665,14.250575206921505,1.5568054719078375,6.711533260486944,1.0981682965111979,1.1883660975211041,1.760711545874613,1.364125679952355,1.5287728509872203,3.311004860205279,5.459597018937259,1.5287728509872203,32.70934448343784,2.762623886478141,98.71772949398162,1.0338731502387208,null,1.5727795235086663,1.0460122233708815,1.0058712301556112,1.0809899978794757,1.4275470141856492,1.0400562698483171,1.0153970850407523,1.081463087526419,1.0068411114607225,4.704612780451145,1.0697789356192304,null,1.1586406011279053,1.090179619426456,2.4069955137099033,9.905858083126686,1.0183995534528227,null,12.042417569291702,1.037804169181602,1.4494131388539018,1.341531231928864,1.054191863436022,null,null,1.086600176231479,2.462322510686988,1.0165638210246957,1.0839057205898763,1.236581553205691,1.0988455884155777,1.0325265860982709,1.0875891965474895,14.053514380660486,1.3711998607057843,1.0430641445514066,null,1.3707093084453712],"transport.cargo_vehicle_flow.roads.total":[415.32107403129396,3554.5363937837615,8346.343574814648,2069.581522456381,6959.806639549375,4942.2280197871805,115410.8041881822,6360.070886018311,199.29822830187015,671.1256834137828,202.07843830450224,5079.469426897364,null,432.54163513739235,1232.9917878297538,1791.1292020128524,160.6749462410787,2635.6158843872477,3238.2898786553833,5185.879620301048,6258.272999861638,7004.878442868709,4659.222922675015,null,null,4303.639496792413,2896.0087481192086,164.41292976293698,9691.292917531253,23537.56550566024,224.4954951838773,6964.96204945128,12177.265868363833,62.22709565184077,3616.490055480359,364.6782211502773,13774.643910456394,5989.933357755483,2799.4553983182504,706.0325742553116,85.91785774689937,7073.429692796127,13055.807453158173,4533.388281076944,17719.25265933191,5277.719144312476,292.1341862196766,25494.89297096261,381.1375914964164,26641.93318321198,102.03891728394942,null,339.5704677287884,null,255.22536858635206,1258.93465635801,699.8638495795626,594.8714044264475,808.3137532180087,572.1435834523293,710.0571843460591,364.67822115027735,8009.761261612224,null,5339.840841074816,5809.8497191133065,3809.596483120245,4849.197612815099,917.1303379613231,null,48326.369724248754,null,508.55849571802554,915.5931748765382,1195.649864591226,null,null,351.0942167184593,4641.774433674604,482.8802665308977,null,965.7605330617953,3667.3639806755364,243.11881410018486,6313.57275368462,8100.364720390463,null,921.7296588945802,null,2438.9810603274054],