{"municipalities_area_set":{"area_entities":{"id":[1,2,3,4,5,6,7,8,10,15,17,18,19,20,21,22,24,25,26,27,29,30,31,32,33,34,36,40,41,44,45,51,54,55,56,57,58,59,61,62,63,65,66,69,70,71,75,76,80,82,85,86,88,89,90,91,92,93,100,101,102,103,104,105,108,109,110,111,114,119,121,123,124,126,130,131,135,138,141,143,147,150,152,154,155,156,157,160,162,164],"transport.cargo_vehicle_flow.roads":[357.7607767708191,263.70074362391637,252.92105420291887,241.94800691454407,252.03735134307476,476.57293467712384,1361.7921942250318,278.26830408140694,54.59683887187475,54.59683887187475,61.548519261505675,357.7607767708191,null,58.096409317688675,357.7607767708191,132.81319917091665,54.59683887187475,278.26830408140694,367.45523963319744,255.75293749802765,278.26830408140694,359.66236859239575,463.3502496396163,null,null,367.45523963319744,93.37721947104232,39.71294685619689,719.4429489215678,435.0736203087025,32.85844588232239,341.5991076218153,463.3502496396163,39.71294685619689,378.65348121427996,58.096409317688675,410.2847650444053,359.6337997418163,252.03735134307476,476.57293467712384,39.71294685619689,357.7607767708191,275.03769202862134,476.57293467712384,243.27241347714002,216.35587307905018,201.10595058598128,359.34782786644325,32.85844588232239,1306.4602844000729,17.227046792365307,null,32.85844588232239,null,54.59683887187475,357.7607767708191,255.75293749802765,61.548519261505675,61.548519261505675,61.548519261505675,54.59683887187475,58.096409317688675,463.3502496396163,null,463.3502496396163,341.5991076218153,160.58257687033114,123.95883108298995,70.95599755031077,null,1361.5318571012835,5.989818787095924,39.71294685619689,201.10595058598128,238.52589070566233,null,null,39.71294685619689,255.75293749802765,61.548519261505675,null,61.548519261505675,238.52589070566233,58.096409317688675,463.3502496396163,275.03769202862134,null,275.03769202862134,null,85.45468963159368],"transport.volume_to_capacity_ratio.roads.max":[0.5091353244913048,0.3757056972098895,0.9385647883669503,0.44319030942279536,0.8114749404181582,0.7636875495560466,1.463768411895872,0.7092471756860126,0.2550372447926487,0.25808770155698924,0.2835509240888096,0.6994207596732472,0.2665961282079327,0.4846911766209682,0.5091353244913048,0.6910440675556795,0.2550372447926487,0.4949939432015435,0.6322407059171059,1.0735519820475439,1.3051078555263786,0.5525716812515118,0.5687259782173014,0.11788207633822888,0.5347424523670847,0.6220401586812944,0.7262815825532899,0.9747566561483133,0.891082238893117,1.5864564065790188,0.4520218885307655,0.4228566342632702,0.608399743253052,0.5381885546335182,0.4677342686928983,0.6159298310655298,1.1559600756561406,1.3834617056158962,0.5417797920034978,0.6277666417284946,0.6280805896911442,0.8892663234757401,1.1674113432806905,0.8182726015358083,0.9464586240428122,0.7597629748724212,0.8182726015358083,0.9422524239860008,1.2663447482300758,0.9483663199787394,0.3754821076788082,0.11788207633822888,1.4148505699476996,0.5560058108601922,0.2550372447926487,0.5091353244913048,0.7905007250235323,0.42751594861031805,0.32992953844769796,0.5325129110770224,0.2660250966218195,0.7587170419296148,0.44641210952539995,0.08839918866971376,0.5687259782173014,0.4390180270974001,0.4157043754096804,0.6646427062841811,0.3532760971411394,0.11788207633822888,1.1982681447321624,0.9746654183233322,0.8591486380562631,0.7256584198227237,0.3749261335871926,0.06245430784322038,0.11788207633822888,0.5820661883483305,0.6003954039159085,0.3355580430296084,0.5336110406019849,0.6797309299833679,0.528847957278124,0.5387851161709254,0.48942222858072054,0.895220005937418,0.7579603807165958,0.6171326788306796,0.0014640115326331104,0.735238725792034],"transport.delay_factor.roads.max":[1.042995749931593,1.0127517883854975,1.4966346329728588,1.0246911317602607,1.277511142091083,1.2176921734019457,3.9381195124584742,1.161946077793083,1.00270002514959,1.0028369536614303,1.0041256489669639,1.1531560116189088,1.0032342040083453,1.0353216049862826,1.042995749931593,1.1459351238700335,1.00270002514959,1.038421959824761,1.1022609420737188,1.8501044436779024,2.8568019728199467,1.059667036747044,1.066956422244064,null,1.0523309510650765,1.0958194487276118,1.1780738297130156,1.5777830695694335,1.4035070466783628,5.054082155427256,1.0267188545437036,1.0204622114757314,1.0876871717063803,1.0536930166154153,1.0306320973218628,1.0921096067993,2.142750218537759,3.344490856142791,1.0551405612780655,1.0993969164602444,1.0995959004397076,1.400227897604651,2.188709160331089,1.2869273935520247,1.5135544601064668,1.2132516872259014,1.2869273935520247,1.5044858940797976,2.6458406644350485,1.5177075071715436,1.0127213644239248,null,3.5646155448428125,1.0611641994446748,1.00270002514959,1.042995749931593,1.2499131245588382,1.021372804453221,1.007576806648336,1.051463644904318,1.003203797070174,1.2120798122807162,1.0254169738211756,null,1.066956422244064,1.0237743903439402,1.019112537758529,1.1248915187323603,1.009956599435482,null,2.319459395591984,1.577566776531048,1.3487010040553267,1.1774634535821784,1.0126457984187478,null,null,1.0734631359150684,1.0831628587746112,1.0081109730355298,1.0518894659367695,1.1366243481062535,1.050061435500836,1.053931479404428,1.0367210199066101,1.411054200070332,1.211235056398868,1.0928312397212532,null,1.187022332399421],"transport.cargo_vehicle_flow.roads.total":[351.18718619644267,2379.2974659666893,7037.318191027567,1685.0987580832748,4823.207181599427,6324.5139228339995,84831.32466224773,5098.517290795641,155.8178688137293,524.707994580361,157.99152786306402,4314.026548763983,null,396.87889598395606,1046.9879680149515,1436.4875557987834,125.62092452284222,2119.4046749640643,4036.668946512502,3471.7679679251205,4912.385252553105,8416.446153310446,3231.051132318838,null,null,4894.45322154852,2577.5918608707807,137.2450935623566,3743.1423650273728,18093.995818701456,248.2517406000553,4268.379782869196,7650.6184086934445,51.783782185374164,2433.8895400755714,338.7824866662674,11463.104323156056,6426.271819152665,1815.4370844355612,903.5019889762856,71.64025561347262,5976.755755913902,8085.0905981161195,5721.226426851302,17936.998585757916,3549.0185983575548,402.21190117196255,18415.953233215045,430.7865894354657,17687.7321976618,17.227046792365307,null,377.5616642707875,null,199.54353502875938,1060.1351491637045,463.5631902288685,465.08990694870766,631.966111452256,447.32055366773903,555.1459144588995,451.4038878111995,5541.602072937683,null,3694.4013819584547,4101.0866957678245,1798.768405996276,1581.9962526798786,725.1282965501241,null,32099.5738194179,73.92765338143768,424.38952282769117,859.8992450649812,892.6722868730062,null,null,292.59644011847905,1718.1059608800865,377.5315749876337,null,755.0631499752674,2754.1031411402687,225.85499111084494,4341.443672592217,5165.005234486607,null,733.3411939183977,null,900.5085829008731],